kind,t,a,b
meta,0,1.3398561541818312,60
err,10.2937,125.05,10.21
dbg,10.2937,125.1,0.0,10.2,0.0
det,10.2937,1388.56,798.16,38.5,102.59,0.773,Body
det,10.2937,1398.17,799.2,13.76,20.03,0.502,Head
cmd,10.2937,45,4
err,10.3311,55.87,1.91
dbg,10.3311,55.9,0.0,1.9,0.0
det,10.3311,1316.72,788.36,41.74,107.06,0.806,Body
det,10.3311,1326.7,789.8,18.35,22.01,0.544,Head
cmd,10.3311,45,2
err,10.3635,52.49,-0.02
dbg,10.3635,55.9,33.6,1.9,1.5
det,10.3635,1312.12,788.12,42.78,105.84,0.809,Body
det,10.3635,1324.76,789.13,15.47,19.73,0.51,Head
cmd,10.3635,21,2
err,10.3934,52.56,0.0
dbg,10.3934,54.1,49.3,0.9,3.0
det,10.3934,1312.1,788.21,42.74,105.88,0.81,Body
det,10.3934,1324.87,789.16,15.39,19.71,0.51,Head
cmd,10.3934,4,0
err,10.4283,-13.27,-6.45
dbg,10.4283,-13.3,0.0,-6.4,0.0
det,10.4283,1245.41,783.12,42.63,104.35,0.807,Body
det,10.4283,1257.37,784.08,17.05,21.63,0.431,Head
cmd,10.4283,-12,-6
err,10.4614,-27.84,-4.42
dbg,10.4614,-13.3,-9.0,-5.3,-4.5
det,10.4614,1231.17,783.11,42.25,103.13,0.811,Body
det,10.4614,1243.16,782.61,18.0,23.59,0.663,Head
cmd,10.4614,-4,-2
err,10.4947,-29.77,-4.31
dbg,10.4947,-15.3,-11.9,-5.2,-6.0
det,10.4947,1229.85,782.43,39.57,104.07,0.806,Body
det,10.4947,1241.31,783.19,17.84,22.73,0.501,Head
cmd,10.4947,-4,0
err,10.5285,-21.89,-2.22
dbg,10.5285,-17.0,-3.0,-5.1,0.0
det,10.5285,1238.24,784.67,43.45,106.94,0.802,Body
det,10.5285,1249.64,785.88,16.95,21.62,0.621,Head
cmd,10.5285,-13,-5
err,10.5644,-16.4,-2.89
dbg,10.5644,-19.7,-9.7,-3.9,-3.7
det,10.5644,1243.72,786.53,39.77,105.8,0.782,Body
cmd,10.5644,-9,-2
err,10.5967,-14.99,-1.81
dbg,10.5967,-17.9,-6.7,-3.0,-1.5
det,10.5967,1244.52,787.53,40.98,106.6,0.796,Body
det,10.5967,1253.88,790.24,18.56,22.34,0.378,Head
cmd,10.5967,-11,-2
err,10.6292,-3.75,2.62
dbg,10.6292,-16.3,-14.9,-2.3,-3.0
det,10.6292,1254.0,788.51,43.32,110.83,0.81,Body
det,10.6292,1266.34,789.88,19.81,23.17,0.583,Head
cmd,10.6292,-2,0
err,10.6604,0.9,4.18
dbg,10.6604,-14.6,-9.7,-1.6,-1.5
det,10.6604,1259.87,789.07,44.44,111.72,0.822,Body
det,10.6604,1270.15,790.84,21.5,24.24,0.515,Head
cmd,10.6604,-5,-2
err,10.6938,4.92,5.48
dbg,10.6938,-12.4,-5.2,-0.8,-1.5
det,10.6938,1268.49,788.37,43.2,114.03,0.754,Body
det,10.6938,1274.49,790.78,20.86,26.73,0.423,Head
cmd,10.6938,-6,0
err,10.7282,6.74,5.66
dbg,10.7282,-10.1,-4.5,0.0,0.0
det,10.7282,1270.07,789.83,42.87,112.42,0.749,Body
det,10.7282,1275.94,791.25,21.59,26.21,0.434,Head
cmd,10.7282,-6,2
err,10.7619,9.12,7.55
dbg,10.7619,-7.7,-4.5,0.8,1.5
det,10.7619,1272.94,795.4,41.08,105.93,0.767,Body
det,10.7619,1278.21,793.91,21.81,24.8,0.451,Head
cmd,10.7619,-3,0
err,10.7958,18.94,8.91
dbg,10.7958,-5.4,-2.2,1.7,0.0
det,10.7958,1278.91,795.58,42.84,104.91,0.772,Body
det,10.7958,1289.0,795.92,19.89,23.6,0.429,Head
cmd,10.7958,-3,2
err,10.8286,22.85,7.37
dbg,10.8286,-2.1,-4.5,2.5,1.5
det,10.8286,1284.25,793.75,40.46,106.25,0.768,Body
det,10.8286,1293.06,794.44,19.57,23.52,0.493,Head
err,10.8604,25.27,6.59
dbg,10.8604,1.4,-2.2,3.2,1.5
det,10.8604,1286.94,791.6,39.83,109.94,0.802,Body
det,10.8604,1296.44,793.72,17.67,23.4,0.569,Head
err,10.8953,27.76,7.28
dbg,10.8953,4.6,0.0,3.8,0.0
det,10.8953,1288.95,792.51,39.96,106.81,0.797,Body
det,10.8953,1298.69,793.98,18.14,24.19,0.583,Head
cmd,10.8953,4,4
err,10.9295,26.38,6.76
dbg,10.9295,7.6,3.0,4.2,3.0
det,10.9295,1287.09,791.53,40.94,109.57,0.768,Body
det,10.9295,1298.13,794.0,16.48,23.18,0.578,Head
cmd,10.9295,5,2
err,10.9623,22.95,6.06
dbg,10.9623,10.2,3.7,4.5,1.5
det,10.9623,1280.03,791.25,45.3,110.8,0.704,Body
det,10.9623,1293.04,792.96,19.82,23.83,0.399,Head
cmd,10.9623,6,3
err,10.997,20.71,6.61
dbg,10.997,12.0,4.5,4.8,2.2
det,10.997,1280.45,792.73,44.27,107.83,0.717,Body
det,10.997,1290.51,793.48,20.39,23.88,0.38,Head
cmd,10.997,7,2
err,11.0277,15.93,-0.66
dbg,11.0277,16.8,9.7,5.5,3.7
det,11.0277,1275.4,788.87,41.06,104.69,0.793,Body
det,11.0277,1287.08,790.69,19.76,23.19,0.352,Head
cmd,11.0277,6,2
err,11.0609,3.17,-1.29
dbg,11.0609,16.3,9.7,2.1,3.0
det,11.0609,1266.41,784.43,43.37,110.81,0.795,Body
det,11.0609,1273.34,785.4,19.66,24.2,0.492,Head
cmd,11.0609,7,0
err,11.0946,3.19,-1.18
dbg,11.0946,14.5,5.2,1.7,0.0
det,11.0946,1266.45,784.45,43.34,110.93,0.794,Body
det,11.0946,1273.33,785.48,19.72,24.26,0.487,Head
cmd,11.0946,8,2
err,11.1283,2.58,-2.27
dbg,11.1283,8.3,6.0,0.0,1.5
det,11.1283,1261.92,785.21,43.45,105.12,0.812,Body
det,11.1283,1273.82,785.52,17.52,22.2,0.592,Head
cmd,11.1283,2,0
err,11.1608,-11.21,-4.23
dbg,11.1608,5.1,7.5,-1.2,1.5
det,11.1608,1248.43,784.46,41.77,100.3,0.795,Body
det,11.1608,1261.01,784.14,15.56,21.15,0.644,Head
cmd,11.1608,0,-3
err,11.1949,-11.28,-4.13
dbg,11.1949,2.9,1.5,-1.6,-2.2
det,11.1949,1248.41,784.54,41.81,100.34,0.796,Body
det,11.1949,1260.91,784.14,15.61,21.32,0.644,Head
err,11.2303,-18.48,-5.62
dbg,11.2303,0.9,0.0,-2.0,0.0
det,11.2303,1242.8,781.45,40.34,104.75,0.807,Body
det,11.2303,1253.33,783.02,16.37,20.65,0.55,Head
err,11.2609,-19.35,-4.88
dbg,11.2609,-1.7,0.0,-2.4,0.0
det,11.2609,1242.83,783.23,40.12,104.85,0.79,Body
det,11.2609,1253.09,784.37,15.13,19.55,0.581,Head
err,11.2948,-19.35,-4.88
dbg,11.2948,-4.2,0.0,-2.7,0.0
det,11.2948,1242.86,783.28,39.92,104.94,0.789,Body
det,11.2948,1253.15,784.4,15.0,19.49,0.577,Head
cmd,11.2948,-4,-3
err,11.3277,-19.39,-4.9
dbg,11.3277,-6.2,-3.0,-3.0,-2.2
det,11.3277,1242.73,783.25,40.09,104.92,0.791,Body
det,11.3277,1253.09,784.38,15.03,19.5,0.581,Head
cmd,11.3277,-3,-2
err,11.3619,-19.35,-4.87
dbg,11.3619,-8.0,-2.2,-3.3,-1.5
det,11.3619,1242.67,783.31,40.16,104.95,0.792,Body
det,11.3619,1253.14,784.43,15.03,19.44,0.578,Head
cmd,11.3619,-5,-2
err,11.3959,-14.95,-5.7
dbg,11.3959,-14.3,-3.7,-4.2,-1.5
det,11.3959,1243.89,783.55,42.32,107.44,0.803,Body
cmd,11.3959,-10,-3
err,11.4277,-12.19,-1.65
dbg,11.4277,-14.6,-11.2,-4.6,-3.7
det,11.4277,1246.08,787.94,43.46,104.15,0.816,Body
det,11.4277,1258.25,788.26,17.97,21.02,0.371,Head
cmd,11.4277,-3,-2
err,11.4609,-7.97,0.03
dbg,11.4609,-13.3,-9.7,-3.0,-3.7
det,11.4609,1247.74,787.5,45.69,102.99,0.815,Body
det,11.4609,1262.55,788.33,18.97,21.28,0.52,Head
cmd,11.4609,-4,0
err,11.4946,-0.92,3.57
dbg,11.4946,-10.4,-3.0,-1.3,0.0
det,11.4946,1258.58,789.19,40.76,106.03,0.79,Body
det,11.4946,1268.79,790.61,20.58,23.57,0.474,Head
cmd,11.4946,-7,-2
err,11.5276,0.13,0.53
dbg,11.5276,-10.4,-3.0,-1.3,0.0
det,11.5276,1258.63,789.7,42.99,108.25,0.821,Body
det,11.5276,1271.03,790.89,19.8,23.01,0.419,Head
err,11.5619,1.27,3.07
dbg,11.5619,-5.2,0.0,1.1,0.0
det,11.5619,1261.01,789.08,45.26,107.1,0.815,Body
det,11.5619,1271.25,790.03,20.03,23.71,0.54,Head
cmd,11.5619,-5,2
err,11.5949,8.17,0.36
dbg,11.5949,-1.6,-3.7,2.2,1.5
det,11.5949,1265.09,789.11,46.16,112.5,0.739,Body
det,11.5949,1272.41,789.86,21.27,28.05,0.367,Head
err,11.6291,8.23,0.29
dbg,11.6291,3.8,0.0,1.2,0.0
det,11.6291,1265.07,789.05,46.32,112.42,0.747,Body
det,11.6291,1272.46,789.88,21.2,27.89,0.391,Head
err,11.6613,2.98,5.16
dbg,11.6613,6.2,0.0,0.7,0.0
det,11.6613,1264.98,788.9,46.4,112.73,0.75,Body
det,11.6613,1272.38,789.77,21.21,27.97,0.402,Head
cmd,11.6613,6,2
err,11.6941,13.16,1.82
dbg,11.6941,7.3,4.5,1.3,1.5
det,11.6941,1272.27,791.31,41.78,105.06,0.771,Body
cmd,11.6941,2,0
err,11.7285,13.11,1.58
dbg,11.7285,10.5,1.5,1.6,0.0
det,11.7285,1272.14,791.09,41.93,104.93,0.776,Body
det,11.7285,1280.4,793.07,21.79,24.95,0.374,Head
cmd,11.7285,9,2
err,11.7624,13.13,1.42
dbg,11.7624,11.9,6.7,1.6,1.5
det,11.7624,1272.2,790.9,41.87,105.28,0.777,Body
det,11.7624,1280.4,793.08,21.8,24.85,0.374,Head
cmd,11.7624,5,2
err,11.7944,3.33,1.93
dbg,11.7944,12.6,10.4,1.6,3.0
det,11.7944,1263.89,787.59,45.71,109.74,0.814,Body
det,11.7944,1272.89,789.02,20.87,23.46,0.482,Head
cmd,11.7944,2,0
err,11.8289,2.44,2.04
dbg,11.8289,7.5,5.2,1.8,1.5
det,11.8289,1263.43,788.51,44.71,104.74,0.809,Body
det,11.8289,1272.29,789.5,20.29,22.8,0.517,Head
cmd,11.8289,2,2
err,11.8624,-0.53,2.96
dbg,11.8624,4.7,1.5,1.9,1.5
det,11.8624,1259.34,789.17,41.98,103.68,0.814,Body
det,11.8624,1269.27,790.03,20.42,23.51,0.478,Head
err,11.8974,-2.54,-2.29
dbg,11.8974,1.8,0.0,2.0,0.0
det,11.8974,1256.01,787.34,42.89,103.7,0.793,Body
det,11.8974,1268.46,789.45,18.77,22.6,0.39,Head
err,11.9293,-3.77,-3.12
dbg,11.9293,-0.6,0.0,-0.4,0.0
det,11.9293,1255.62,785.99,41.23,108.82,0.804,Body
det,11.9293,1268.4,787.12,16.89,21.52,0.451,Head
err,11.9629,-9.3,-1.33
dbg,11.9629,-2.3,0.0,-1.4,0.0
det,11.9629,1247.86,786.12,45.08,104.78,0.806,Body
det,11.9629,1261.89,786.61,17.61,21.93,0.619,Head
err,11.9948,-9.5,-1.29
dbg,11.9948,-6.2,0.0,-1.4,0.0
det,11.9948,1247.9,786.22,44.96,104.8,0.807,Body
det,11.9948,1261.79,786.68,17.41,21.86,0.616,Head
cmd,11.9948,-6,-2
err,12.0282,-9.52,-1.27
dbg,12.0282,-8.0,-4.5,-1.3,-1.5
det,12.0282,1247.94,786.24,44.86,104.82,0.804,Body
det,12.0282,1261.79,786.7,17.38,21.87,0.616,Head
cmd,12.0282,-3,0
err,12.0624,-9.49,-1.34
dbg,12.0624,-8.8,-2.2,-1.3,0.0
det,12.0624,1248.04,786.2,44.89,104.89,0.807,Body
det,12.0624,1261.85,786.66,17.32,21.82,0.617,Head
cmd,12.0624,-6,-2
err,12.0953,-2.88,-3.04
dbg,12.0953,-9.2,-4.5,-1.3,-1.5
det,12.0953,1255.61,786.24,43.03,107.13,0.796,Body
det,12.0953,1269.37,787.29,16.66,21.91,0.352,Head
cmd,12.0953,-5,0
err,12.128,-0.55,-4.52
dbg,12.128,-5.7,-8.2,-2.3,-1.5
det,12.128,1259.97,784.69,38.96,107.94,0.798,Body
cmd,12.128,0,-2
err,12.1624,2.24,-1.77
dbg,12.1624,-2.9,0.0,-2.7,-1.5
det,12.1624,1260.61,787.76,43.26,104.66,0.811,Body
err,12.1959,2.72,0.28
dbg,12.1959,-0.1,0.0,-2.2,0.0
det,12.1959,1264.42,787.28,43.51,104.55,0.81,Body
det,12.1959,1273.63,787.64,18.18,22.99,0.519,Head
err,12.2279,2.29,2.26
dbg,12.2279,1.2,0.0,-0.8,0.0
det,12.2279,1263.77,788.6,44.13,106.58,0.809,Body
det,12.2279,1272.47,789.78,19.64,22.67,0.543,Head
err,12.2616,2.25,2.16
dbg,12.2616,1.8,0.0,0.8,0.0
det,12.2616,1263.77,788.45,44.19,106.65,0.808,Body
det,12.2616,1272.37,789.67,19.77,22.72,0.537,Head
err,12.2945,2.28,2.22
dbg,12.2945,2.1,0.0,1.6,0.0
det,12.2945,1263.98,788.48,43.89,106.72,0.806,Body
det,12.2945,1272.4,789.68,19.76,22.79,0.54,Head
err,12.3283,2.3,2.22
dbg,12.3283,2.2,0.0,1.9,0.0
det,12.3283,1264.08,788.49,43.68,106.82,0.806,Body
det,12.3283,1272.43,789.69,19.74,22.78,0.539,Head
err,12.362,2.33,2.25
dbg,12.362,2.2,0.0,2.1,0.0
det,12.362,1264.07,788.55,43.7,106.75,0.807,Body
det,12.362,1272.48,789.74,19.7,22.74,0.54,Head
err,12.3945,2.23,2.15
dbg,12.3945,2.3,0.0,2.2,0.0
det,12.3945,1264.04,788.46,43.79,106.74,0.807,Body
det,12.3945,1272.38,789.67,19.7,22.68,0.527,Head
err,12.4284,2.15,2.23
dbg,12.4284,2.3,0.0,2.2,0.0
det,12.4284,1263.87,788.6,43.92,106.69,0.807,Body
det,12.4284,1272.24,789.75,19.82,22.69,0.535,Head
err,12.4632,2.22,2.22
dbg,12.4632,2.2,0.0,2.2,0.0
det,12.4632,1263.95,788.63,43.84,106.64,0.809,Body
det,12.4632,1272.3,789.74,19.84,22.69,0.534,Head
err,12.4961,2.1,2.35
dbg,12.4961,2.2,0.0,2.2,0.0
det,12.4961,1263.74,788.74,43.96,106.49,0.809,Body
det,12.4961,1272.07,789.77,20.06,22.87,0.542,Head
err,12.5296,2.06,2.24
dbg,12.5296,2.1,0.0,2.2,0.0
det,12.5296,1263.73,788.58,43.96,106.49,0.807,Body
det,12.5296,1272.05,789.68,20.03,22.82,0.537,Head
err,12.5622,2.12,2.28
dbg,12.5622,2.1,0.0,2.3,0.0
det,12.5622,1263.55,788.68,44.22,106.51,0.809,Body
det,12.5622,1272.12,789.78,19.99,22.74,0.545,Head
err,12.5963,2.23,2.27
dbg,12.5963,2.1,0.0,2.3,0.0
det,12.5963,1263.7,788.61,43.77,106.76,0.808,Body
det,12.5963,1272.28,789.78,19.9,22.71,0.546,Head
err,12.6279,2.24,2.27
dbg,12.6279,2.2,0.0,2.3,0.0
det,12.6279,1263.66,788.58,43.81,106.76,0.81,Body
det,12.6279,1272.31,789.76,19.85,22.75,0.546,Head
err,12.6617,2.26,2.22
dbg,12.6617,2.2,0.0,2.3,0.0
det,12.6617,1263.75,788.53,43.73,106.57,0.807,Body
det,12.6617,1272.36,789.77,19.8,22.64,0.545,Head
err,12.6952,2.3,2.27
dbg,12.6952,2.2,0.0,2.3,0.0
det,12.6952,1263.69,788.57,43.89,106.59,0.809,Body
det,12.6952,1272.41,789.82,19.77,22.63,0.549,Head
err,12.729,2.29,2.27
dbg,12.729,2.3,0.0,2.3,0.0
det,12.729,1263.77,788.64,43.82,106.62,0.81,Body
det,12.729,1272.39,789.83,19.81,22.62,0.55,Head
err,12.7626,2.45,2.21
dbg,12.7626,2.3,0.0,2.3,0.0
det,12.7626,1263.77,788.52,43.99,106.75,0.812,Body
det,12.7626,1272.48,789.7,19.94,22.74,0.542,Head
err,12.7959,1.68,1.94
dbg,12.7959,2.3,0.0,2.2,0.0
det,12.7959,1262.28,788.42,44.78,105.91,0.809,Body
det,12.7959,1271.28,789.15,20.8,23.25,0.545,Head
err,12.8296,1.75,1.74
dbg,12.8296,2.0,0.0,2.1,0.0
det,12.8296,1261.65,788.5,44.81,102.74,0.811,Body
det,12.8296,1271.75,789.21,19.99,22.78,0.483,Head
err,12.8631,1.73,1.63
dbg,12.8631,1.8,0.0,1.9,0.0
det,12.8631,1261.68,788.3,44.84,103.09,0.809,Body
det,12.8631,1271.73,789.0,20.0,22.96,0.472,Head
err,12.895,1.76,1.64
dbg,12.895,1.8,0.0,1.8,0.0
det,12.895,1261.69,788.31,44.85,103.33,0.809,Body
det,12.895,1271.77,789.01,19.97,22.97,0.47,Head
err,12.9306,1.76,1.58
dbg,12.9306,1.8,0.0,1.7,0.0
det,12.9306,1261.69,788.22,44.86,103.39,0.809,Body
det,12.9306,1271.82,788.94,19.89,22.99,0.468,Head
err,12.9651,1.19,22.12
dbg,12.9651,1.8,0.0,1.7,0.0
det,12.9651,1261.03,808.57,44.55,106.52,0.786,Body
det,12.9651,1271.31,809.05,19.76,23.78,0.563,Head
err,12.9965,2.54,14.12
dbg,12.9965,1.8,0.0,3.4,0.0
det,12.9965,1262.32,803.15,40.45,109.69,0.671,Body
err,13.1309,-72.85,0.93
dbg,13.1309,-72.9,0.0,0.9,0.0
det,13.1309,1170.65,780.11,73.0,208.16,0.769,Body
cmd,13.1309,-45,2
err,13.1633,-78.68,2.25
dbg,13.1633,-72.9,-33.6,1.7,1.5
det,13.1633,1161.66,777.62,85.61,211.98,0.809,Body
det,13.1633,1184.53,781.16,33.59,38.34,0.708,Head
cmd,13.1633,-37,2
err,13.1964,-78.08,0.81
dbg,13.1964,-75.7,-61.2,1.3,3.0
det,13.1964,1169.13,776.57,84.44,209.85,0.793,Body
det,13.1964,1185.97,781.15,31.92,35.76,0.599,Head
cmd,13.1964,-13,0
err,13.2301,-77.21,-0.19
dbg,13.2301,-77.0,-9.7,1.0,0.0
det,13.2301,1169.82,778.62,81.68,207.37,0.805,Body
det,13.2301,1187.81,780.22,29.96,35.62,0.494,Head
cmd,13.2301,-45,2
err,13.2628,-77.4,0.11
dbg,13.2628,-77.2,-43.3,0.5,1.5
det,13.2628,1169.0,777.54,83.52,208.72,0.808,Body
det,13.2628,1187.16,779.54,30.87,37.41,0.523,Head
cmd,13.2628,-32,0
err,13.2974,-77.18,0.1
dbg,13.2974,-77.2,-23.9,0.3,0.0
det,13.2974,1169.34,777.6,82.98,208.65,0.808,Body
det,13.2974,1187.49,779.61,30.66,37.26,0.494,Head
cmd,13.2974,-45,2
err,13.3311,-77.11,0.2
dbg,13.3311,-77.2,-33.6,0.2,1.5
det,13.3311,1169.0,777.62,83.31,208.9,0.807,Body
det,13.3311,1187.28,779.57,31.22,37.51,0.496,Head
cmd,13.3311,-41,0
err,13.3631,-73.8,0.55
dbg,13.3631,-77.1,-64.2,0.2,1.5
det,13.3631,1172.55,779.06,80.47,212.07,0.828,Body
det,13.3631,1191.19,780.83,30.03,35.85,0.573,Head
cmd,13.3631,-12,0
err,13.398,-73.28,-0.02
dbg,13.398,-75.3,-9.0,0.2,0.0
det,13.398,1174.93,779.05,78.5,212.35,0.831,Body
det,13.398,1191.79,780.73,29.87,34.98,0.625,Head
cmd,13.398,-45,2
err,13.43,-73.28,0.08
dbg,13.43,-74.2,-33.6,0.1,1.5
det,13.43,1174.61,778.86,79.07,212.76,0.832,Body
det,13.43,1191.61,780.68,30.21,35.27,0.63,Head
cmd,13.43,-38,0
err,13.463,-73.24,0.22
dbg,13.463,-73.7,-61.9,0.1,1.5
det,13.463,1175.14,779.21,77.93,212.07,0.832,Body
det,13.463,1192.07,780.88,29.38,35.16,0.612,Head
cmd,13.463,-11,0
err,13.497,-73.18,0.11
dbg,13.497,-73.4,-8.2,0.1,0.0
det,13.497,1175.32,779.37,77.48,211.67,0.831,Body
det,13.497,1192.25,780.86,29.13,35.0,0.595,Head
cmd,13.497,-45,2
err,13.5297,-73.15,0.42
dbg,13.5297,-73.3,-41.8,0.2,1.5
det,13.5297,1175.15,779.42,77.69,211.73,0.831,Body
det,13.5297,1192.05,780.8,29.6,35.67,0.618,Head
cmd,13.5297,-30,0
err,13.5634,-72.42,0.44
dbg,13.5634,-73.2,-56.0,0.3,1.5
det,13.5634,1175.26,780.59,76.74,210.5,0.827,Body
det,13.5634,1192.66,780.25,29.84,36.7,0.492,Head
cmd,13.5634,-16,0
err,13.5973,-73.25,0.63
dbg,13.5973,-73.2,-11.9,0.4,0.0
det,13.5973,1175.0,779.61,77.21,211.57,0.828,Body
det,13.5973,1191.86,780.87,29.79,35.92,0.597,Head
cmd,13.5973,-45,2
err,13.6296,-73.17,0.74
dbg,13.6296,-73.2,-45.5,0.5,1.5
det,13.6296,1174.79,779.42,78.04,211.98,0.828,Body
det,13.6296,1191.59,780.8,30.48,36.26,0.623,Head
cmd,13.6296,-26,0
err,13.6631,-73.2,0.77
dbg,13.6631,-73.2,-53.0,0.6,1.5
det,13.6631,1174.63,779.16,78.24,212.36,0.829,Body
det,13.6631,1191.47,780.78,30.66,36.36,0.649,Head
cmd,13.6631,-19,0
err,13.6978,-73.06,1.23
dbg,13.6978,-73.2,-14.2,0.7,0.0
det,13.6978,1174.78,779.54,78.2,212.08,0.829,Body
det,13.6978,1191.7,780.94,30.48,36.89,0.639,Head
cmd,13.6978,-45,2
err,13.7314,-39.61,-0.59
dbg,13.7314,-39.6,0.0,-0.6,0.0
det,13.7314,1208.31,776.94,77.46,212.13,0.833,Body
det,13.7314,1226.03,779.93,28.73,35.41,0.757,Head
cmd,13.7314,-37,-2
err,13.7638,-8.22,-1.11
dbg,13.7638,-8.2,0.0,-1.1,0.0
det,13.7638,1237.91,776.27,79.55,212.6,0.831,Body
det,13.7638,1256.58,778.83,30.39,36.47,0.668,Head
cmd,13.7638,-8,-2
err,13.7973,4.14,-0.75
dbg,13.7973,-6.5,-6.0,-1.1,-1.5
det,13.7973,1252.91,777.79,79.69,210.62,0.831,Body
det,13.7973,1268.46,779.6,31.37,35.74,0.653,Head
err,13.8314,38.1,-2.98
dbg,13.8314,38.1,0.0,-3.0,0.0
det,13.8314,1286.75,775.91,77.63,212.72,0.837,Body
det,13.8314,1302.93,778.55,30.32,33.58,0.662,Head
cmd,13.8314,36,-3
err,13.864,72.36,0.87
dbg,13.864,72.4,0.0,0.9,0.0
det,13.864,1321.82,779.99,76.61,209.74,0.819,Body
det,13.864,1338.56,782.38,27.6,33.62,0.684,Head
cmd,13.864,45,2
err,13.9009,72.59,0.97
dbg,13.9009,72.5,33.6,0.9,1.5
det,13.9009,1322.02,780.1,76.42,209.63,0.818,Body
det,13.9009,1338.77,782.36,27.65,33.85,0.686,Head
cmd,13.9009,36,0
err,13.9426,45.2,3.7
dbg,13.9426,72.4,26.9,1.0,0.0
det,13.9426,1292.32,782.88,79.57,206.97,0.819,Body
det,13.9426,1310.56,782.76,29.27,38.08,0.688,Head
cmd,13.9426,43,2
err,13.9788,12.04,1.78
dbg,13.9788,12.0,0.0,1.8,0.0
det,13.9788,1260.82,781.33,78.77,210.67,0.821,Body
det,13.9788,1277.68,782.18,28.72,35.64,0.64,Head
cmd,13.9788,11,2
err,14.0153,-14.56,3.01
dbg,14.0153,12.0,8.2,2.5,1.5
det,14.0153,1230.53,781.0,81.63,209.11,0.809,Body
det,14.0153,1248.3,782.29,34.28,37.68,0.662,Head
cmd,14.0153,4,2
err,14.0492,-47.88,1.36
dbg,14.0492,-47.9,0.0,1.4,0.0
det,14.0492,1200.98,779.76,77.74,207.52,0.798,Body
det,14.0492,1217.0,781.68,30.26,35.78,0.614,Head
cmd,14.0492,-45,2
err,14.0825,-54.43,0.06
dbg,14.0825,-47.9,-33.6,1.4,1.5
det,14.0825,1194.11,777.21,77.38,208.98,0.828,Body
det,14.0825,1210.47,779.72,30.21,36.98,0.779,Head
cmd,14.0825,-13,0
err,14.1166,-54.37,0.02
dbg,14.1166,-51.4,-9.7,0.6,0.0
det,14.1166,1194.39,777.33,76.98,208.76,0.828,Body
det,14.1166,1210.74,779.75,29.79,36.85,0.777,Head
cmd,14.1166,-39,2
err,14.149,-23.53,-3.71
dbg,14.149,-23.5,0.0,-3.7,0.0
det,14.149,1225.32,775.73,76.13,210.64,0.834,Body
det,14.149,1241.6,777.57,29.75,34.04,0.736,Head
cmd,14.149,-22,-3
err,14.1816,-23.49,-3.73
dbg,14.1816,-23.5,-16.4,-3.7,-2.2
det,14.1816,1225.96,776.01,76.29,209.75,0.833,Body
det,14.1816,1241.6,777.53,29.81,34.07,0.739,Head
cmd,14.1816,-7,-2
err,14.2155,-15.13,-3.29
dbg,14.2155,-23.5,-21.6,-3.7,-3.7
det,14.2155,1232.73,777.02,78.09,208.01,0.816,Body
det,14.2155,1250.27,778.6,29.19,32.92,0.655,Head
cmd,14.2155,-2,0
err,14.2474,13.73,-4.45
dbg,14.2474,-18.9,-6.7,-3.7,-1.5
det,14.2474,1262.17,776.22,77.97,203.88,0.823,Body
det,14.2474,1279.44,776.92,28.57,33.89,0.672,Head
cmd,14.2474,-11,-2
err,14.2822,30.01,-3.82
dbg,14.2822,-14.4,-8.2,-3.7,-1.5
det,14.2822,1280.27,777.1,77.26,208.88,0.833,Body
det,14.2822,1294.81,778.12,30.4,32.84,0.565,Head
cmd,14.2822,-6,-2
err,14.3157,37.74,-3.17
dbg,14.3157,-8.3,-4.5,-3.7,-1.5
det,14.3157,1284.89,776.35,80.55,213.2,0.831,Body
det,14.3157,1303.13,778.39,29.22,33.52,0.567,Head
cmd,14.3157,-4,-2
err,14.3484,37.7,-3.21
dbg,14.3484,-2.0,-7.5,-3.7,-3.0
det,14.3484,1284.68,776.14,80.92,213.4,0.831,Body
det,14.3484,1303.05,778.37,29.31,33.5,0.594,Head
err,14.3819,37.76,-3.16
dbg,14.3819,3.5,-3.0,-3.6,-1.5
det,14.3819,1284.62,776.08,80.99,213.66,0.83,Body
det,14.3819,1303.0,778.35,29.51,33.63,0.599,Head
err,14.4144,37.71,-3.17
dbg,14.4144,8.2,0.0,-3.5,0.0
det,14.4144,1284.69,776.06,80.76,213.56,0.831,Body
det,14.4144,1302.94,778.33,29.53,33.65,0.611,Head
cmd,14.4144,8,-3
err,14.4479,53.75,4.71
dbg,14.4479,12.3,6.0,-3.5,-2.2
det,14.4479,1299.52,782.83,80.84,210.69,0.817,Body
det,14.4479,1319.04,782.74,29.42,39.94,0.544,Head
cmd,14.4479,6,-2
err,14.4814,53.82,4.7
dbg,14.4814,18.0,4.5,-2.4,-1.5
det,14.4814,1299.9,783.04,80.39,210.5,0.816,Body
det,14.4814,1319.26,782.76,29.12,39.91,0.519,Head
cmd,14.4814,12,-2
err,14.515,48.15,6.78
dbg,14.515,22.9,9.0,-1.4,-1.5
det,14.515,1296.55,784.62,75.75,205.61,0.824,Body
det,14.515,1314.42,785.83,27.46,38.09,0.691,Head
cmd,14.515,13,0
err,14.5496,48.3,6.76
dbg,14.5496,26.4,9.7,-0.3,0.0
det,14.5496,1296.74,784.62,75.55,205.67,0.823,Body
det,14.5496,1314.69,785.78,27.22,38.15,0.678,Head
cmd,14.5496,16,-2
err,14.5835,33.02,9.64
dbg,14.5835,29.4,11.9,0.7,-1.5
det,14.5835,1284.19,786.93,74.97,211.17,0.849,Body
det,14.5835,1297.12,789.21,31.78,37.16,0.635,Head
cmd,14.5835,16,2
err,14.6159,21.77,9.21
dbg,14.6159,31.4,23.9,5.4,0.0
det,14.6159,1273.11,786.97,76.1,210.75,0.831,Body
det,14.6159,1285.5,788.37,32.55,37.89,0.679,Head
cmd,14.6159,7,5
err,14.6499,19.27,12.62
dbg,14.6499,26.1,17.2,7.7,5.2
det,14.6499,1261.07,791.94,76.4,206.78,0.829,Body
det,14.6499,1275.54,791.2,29.42,33.6,0.447,Head
cmd,14.6499,9,2
err,14.6829,-0.1,7.43
dbg,14.6829,22.3,6.7,8.5,1.5
det,14.6829,1251.31,786.91,72.69,209.51,0.845,Body
det,14.6829,1265.64,787.92,28.51,35.47,0.564,Head
cmd,14.6829,14,7
err,14.7172,-4.02,4.79
dbg,14.7172,19.3,10.4,8.4,5.2
det,14.7172,1245.63,784.64,73.35,206.35,0.842,Body
det,14.7172,1264.0,785.68,23.96,34.75,0.676,Head
cmd,14.7172,9,3
err,14.7491,-3.98,4.74
dbg,14.7491,16.1,17.2,7.9,7.5
det,14.7491,1245.81,784.67,73.12,206.21,0.842,Body
det,14.7491,1264.15,785.67,23.74,34.67,0.67,Head
cmd,14.7491,0,2
err,14.7838,-4.62,4.24
dbg,14.7838,13.3,6.7,7.5,3.7
det,14.7838,1236.22,783.34,78.33,209.05,0.798,Body
det,14.7838,1252.68,782.39,34.9,39.17,0.437,Head
cmd,14.7838,6,3
err,14.8187,-22.17,-2.18
dbg,14.8187,10.8,4.5,7.0,2.2
det,14.8187,1228.01,777.7,76.14,205.38,0.83,Body
det,14.8187,1242.8,779.06,30.07,34.11,0.601,Head
cmd,14.8187,6,5
err,14.8514,-29.93,-4.91
dbg,14.8514,6.3,4.5,5.8,3.7
det,14.8514,1220.94,775.24,75.92,205.74,0.841,Body
det,14.8514,1234.35,775.06,31.44,36.43,0.67,Head
cmd,14.8514,2,2
err,14.8865,-32.94,-7.97
dbg,14.8865,1.3,1.5,4.3,1.5
det,14.8865,1217.51,771.87,76.94,207.66,0.846,Body
det,14.8865,1232.44,771.45,29.24,37.42,0.687,Head
err,14.9192,-36.88,-11.57
dbg,14.9192,-3.4,0.0,2.6,0.0
det,14.9192,1212.44,768.82,76.1,208.02,0.852,Body
det,14.9192,1230.59,769.63,25.07,34.19,0.74,Head
err,14.9542,-38.51,-13.08
dbg,14.9542,-8.0,0.0,0.7,0.0
det,14.9542,1211.29,764.87,76.1,210.61,0.847,Body
det,14.9542,1227.66,767.99,27.65,34.41,0.765,Head
cmd,14.9542,-8,2
err,14.9857,-38.49,-13.04
dbg,14.9857,-12.2,-6.0,-1.2,1.5
det,14.9857,1211.24,764.89,76.04,210.57,0.847,Body
det,14.9857,1227.76,768.05,27.51,34.38,0.765,Head
cmd,14.9857,-5,-3
err,15.0214,-38.4,-12.99
dbg,15.0214,-15.8,-3.7,-2.9,-2.2
det,15.0214,1211.15,764.95,76.0,210.43,0.847,Body
det,15.0214,1227.99,768.12,27.23,34.34,0.766,Head
cmd,15.0214,-12,-2
err,15.0555,-38.42,-12.95
dbg,15.0555,-18.9,-9.0,-4.2,-1.5
det,15.0555,1211.08,765.01,76.09,210.35,0.847,Body
det,15.0555,1227.93,768.14,27.29,34.37,0.763,Head
cmd,15.0555,-9,-3
err,15.0857,-29.65,-11.92
dbg,15.0857,-21.6,-15.7,-5.4,-3.7
det,15.0857,1218.93,766.03,78.78,211.92,0.846,Body
det,15.0857,1235.0,768.12,30.71,36.28,0.661,Head
cmd,15.0857,-6,-2
err,15.1216,-19.3,-10.73
dbg,15.1216,-26.0,-11.2,-9.0,-3.7
det,15.1216,1230.39,769.66,74.46,205.99,0.834,Body
det,15.1216,1248.75,770.57,23.9,34.0,0.52,Head
cmd,15.1216,-13,-5
err,15.153,-13.39,-7.75
dbg,15.153,-22.3,-9.7,-10.0,-3.7
det,15.153,1237.2,771.64,73.23,206.67,0.824,Body
det,15.153,1253.25,772.58,26.71,35.76,0.662,Head
cmd,15.153,-12,-6
err,15.186,-13.39,-7.86
dbg,15.186,-17.4,-18.7,-8.8,-8.2
det,15.186,1237.21,771.7,73.3,206.57,0.824,Body
det,15.186,1253.34,772.62,26.55,35.49,0.66,Head
cmd,15.186,0,-2
err,15.223,-8.14,-6.85
dbg,15.223,-15.2,0.0,-8.2,-1.5
det,15.223,1240.77,770.63,75.91,210.91,0.839,Body
det,15.223,1258.21,773.59,27.3,35.56,0.716,Head
cmd,15.223,-15,-6
err,15.2622,0.35,-3.85
dbg,15.2622,-11.3,-11.2,-7.5,-4.5
det,15.2622,1250.4,777.01,76.2,208.53,0.847,Body
det,15.2622,1266.45,777.99,27.8,33.03,0.671,Head
cmd,15.2622,-2,-3
err,15.3013,9.25,4.1
dbg,15.3013,-4.9,-1.5,-5.5,-2.2
det,15.3013,1257.06,781.15,80.32,209.53,0.824,Body
det,15.3013,1272.54,782.93,33.43,38.49,0.69,Head
err,15.3394,29.11,9.33
dbg,15.3394,-3.0,0.0,-4.2,0.0
det,15.3394,1271.24,788.73,75.74,205.97,0.817,Body
err,15.3701,22.48,9.6
dbg,15.3701,0.5,0.0,-2.3,0.0
det,15.3701,1272.91,788.02,75.1,210.53,0.841,Body
det,15.3701,1290.04,790.8,24.87,34.19,0.688,Head
err,15.4028,22.39,9.53
dbg,15.4028,3.6,0.0,-0.7,0.0
det,15.4028,1272.86,787.85,75.17,210.81,0.839,Body
det,15.4028,1289.81,790.65,25.16,34.33,0.689,Head
err,15.4356,22.6,9.59
dbg,15.4356,6.2,0.0,0.7,0.0
det,15.4356,1272.97,788.04,75.01,210.36,0.842,Body
det,15.4356,1290.08,790.56,25.04,34.59,0.695,Head
err,15.4711,22.53,9.37
dbg,15.4711,8.4,0.0,1.9,0.0
det,15.4711,1273.02,787.68,75.07,210.98,0.841,Body
det,15.4711,1289.79,790.38,25.47,34.52,0.667,Head
cmd,15.4711,8,2
err,15.5132,22.54,9.48
dbg,15.5132,10.4,6.0,3.0,1.5
det,15.5132,1273.25,787.84,74.78,210.79,0.84,Body
det,15.5132,1289.7,790.31,25.68,34.85,0.637,Head
cmd,15.5132,4,2
err,15.5525,22.61,9.47
dbg,15.5525,12.0,3.0,3.9,1.5
det,15.5525,1273.26,787.91,74.74,210.83,0.84,Body
det,15.5525,1289.82,790.32,25.58,34.82,0.626,Head
cmd,15.5525,8,2
err,15.5883,22.61,9.53
dbg,15.5883,17.8,6.0,7.0,1.5
det,15.5883,1273.35,787.51,74.63,211.08,0.84,Body
det,15.5883,1289.81,789.96,25.6,35.58,0.606,Head
cmd,15.5883,12,5
err,15.6189,22.55,9.6
dbg,15.6189,20.5,14.9,8.4,5.2
det,15.6189,1273.2,787.48,75.29,211.27,0.841,Body
det,15.6189,1289.59,789.91,25.91,35.79,0.614,Head
cmd,15.6189,5,3
err,15.6526,22.75,9.91
dbg,15.6526,21.6,12.7,9.0,6.0
det,15.6526,1273.47,787.88,74.86,210.79,0.843,Body
det,15.6526,1290.13,790.08,25.23,36.05,0.617,Head
cmd,15.6526,8,3
err,15.6897,14.14,5.4
dbg,15.6897,22.1,6.0,9.3,2.2
det,15.6897,1264.28,788.79,73.73,201.32,0.814,Body
det,15.6897,1282.36,786.73,23.57,33.93,0.492,Head
cmd,15.6897,15,7
err,15.72,14.11,5.33
dbg,15.72,17.7,11.2,7.2,5.2
det,15.72,1264.43,788.75,73.51,201.3,0.816,Body
det,15.72,1282.5,786.84,23.21,33.61,0.507,Head
cmd,15.72,7,2
err,15.7512,9.34,4.44
dbg,15.7512,15.7,16.4,6.2,6.7
det,15.7512,1257.18,781.56,79.62,209.38,0.829,Body
det,15.7512,1273.12,783.7,32.44,37.72,0.724,Head
err,15.785,1.92,1.53
dbg,15.785,12.2,5.2,5.2,1.5
det,15.785,1250.07,780.39,81.49,207.52,0.834,Body
det,15.785,1265.97,781.95,31.92,35.61,0.698,Head
cmd,15.785,6,3
err,15.8222,-7.03,-4.22
dbg,15.8222,6.6,4.5,3.2,2.2
det,15.8222,1242.94,774.98,75.74,210.68,0.844,Body
det,15.8222,1258.68,776.64,28.57,34.82,0.659,Head
cmd,15.8222,2,2
err,15.854,-12.8,-5.86
dbg,15.854,4.7,1.5,2.2,1.5
det,15.854,1235.99,774.2,76.34,204.21,0.817,Body
det,15.854,1252.06,774.56,30.27,35.59,0.667,Head
err,15.8901,-15.76,-7.43
dbg,15.8901,2.3,0.0,1.1,0.0
det,15.8901,1232.77,769.46,75.64,208.83,0.819,Body
det,15.8901,1249.92,771.25,28.63,38.76,0.664,Head
err,15.9221,-17.82,-10.69
dbg,15.9221,-0.2,0.0,-0.1,0.0
det,15.9221,1231.57,770.45,74.69,207.24,0.822,Body
det,15.9221,1249.57,771.04,25.21,33.22,0.605,Head
err,15.9523,-17.8,-10.83
dbg,15.9523,-2.6,0.0,-1.6,0.0
det,15.9523,1231.63,770.59,74.77,206.97,0.823,Body
det,15.9523,1249.73,771.05,24.94,32.96,0.605,Head
err,15.987,-17.74,-10.71
dbg,15.987,-4.7,0.0,-2.8,0.0
det,15.987,1231.74,770.85,74.57,206.84,0.822,Body
det,15.987,1249.86,771.04,24.79,33.18,0.59,Head
err,16.0189,-17.73,-10.54
dbg,16.0189,-6.5,0.0,-3.9,0.0
det,16.0189,1231.4,770.97,75.18,206.83,0.822,Body
det,16.0189,1249.75,771.04,25.03,33.49,0.581,Head
cmd,16.0189,-6,-4
err,16.0522,-17.93,-10.96
dbg,16.0522,-12.7,-4.5,-7.6,-3.0
det,16.0522,1231.52,771.19,75.11,206.58,0.823,Body
det,16.0522,1249.92,771.07,24.31,32.67,0.58,Head
cmd,16.0522,-8,-4
err,16.0867,-17.9,-11.12
dbg,16.0867,-15.5,-6.0,-9.5,-3.0
det,16.0867,1231.49,770.94,75.21,206.54,0.823,Body
det,16.0867,1249.77,770.77,24.67,32.94,0.578,Head
cmd,16.0867,-9,-6
err,16.1189,-17.72,-11.16
dbg,16.1189,-16.8,-6.7,-10.4,-4.5
det,16.1189,1231.9,771.19,74.7,206.49,0.823,Body
det,16.1189,1250.05,770.87,24.46,32.68,0.566,Head
cmd,16.1189,-9,-6
err,16.1522,-14.07,-6.21
dbg,16.1522,-17.3,-13.4,-10.8,-9.0
det,16.1522,1235.53,773.57,74.13,206.31,0.813,Body
det,16.1522,1251.45,774.49,28.96,35.08,0.63,Head
cmd,16.1522,-4,-2
err,16.1861,-7.26,-3.48
dbg,16.1861,-15.5,-3.0,-8.3,-1.5
det,16.1861,1242.8,776.34,74.72,210.16,0.843,Body
det,16.1861,1259.5,777.92,26.47,33.82,0.704,Head
cmd,16.1861,-12,-6
err,16.2198,-2.12,-0.06
dbg,16.2198,-11.0,-9.0,-5.6,-4.5
det,16.2198,1246.25,779.51,79.39,208.65,0.836,Body
det,16.2198,1263.18,780.27,29.39,35.76,0.58,Head
cmd,16.2198,-2,-2
err,16.2546,-2.19,-0.09
dbg,16.2546,-6.1,-1.5,-2.6,-1.5
det,16.2546,1245.61,779.38,80.04,208.98,0.836,Body
det,16.2546,1262.98,780.2,29.67,35.83,0.59,Head
err,16.2882,-2.15,-0.4
dbg,16.2882,-4.0,0.0,-1.2,0.0
det,16.2882,1245.26,779.34,80.48,209.19,0.836,Body
det,16.2882,1263.24,780.96,29.23,33.89,0.599,Head
err,16.3208,19.47,13.01
dbg,16.3208,-3.0,0.0,-0.6,0.0
det,16.3208,1269.75,794.78,73.2,206.07,0.834,Body
det,16.3208,1288.26,795.64,22.42,31.58,0.564,Head
err,16.3547,19.43,13.05
dbg,16.3547,0.1,0.0,1.3,0.0
det,16.3547,1269.66,794.5,73.24,206.23,0.835,Body
det,16.3547,1288.17,795.64,22.53,31.65,0.579,Head
err,16.3892,19.46,13.04
dbg,16.3892,2.8,0.0,2.9,0.0
det,16.3892,1269.7,794.43,73.2,206.33,0.834,Body
det,16.3892,1288.16,795.65,22.58,31.62,0.587,Head
err,16.4196,19.32,12.89
dbg,16.4196,5.1,0.0,4.3,0.0
det,16.4196,1269.67,794.46,73.08,206.42,0.834,Body
det,16.4196,1287.94,795.54,22.77,31.55,0.594,Head
cmd,16.4196,5,4
err,16.4535,19.37,12.99
dbg,16.4535,7.0,3.7,5.5,3.0
det,16.4535,1269.64,794.61,73.19,206.22,0.834,Body
det,16.4535,1288.0,795.59,22.74,31.64,0.593,Head
cmd,16.4535,3,2
err,16.4863,19.41,12.95
dbg,16.4863,8.7,2.2,6.5,1.5
det,16.4863,1269.74,794.81,72.99,205.88,0.835,Body
det,16.4863,1288.11,795.59,22.6,31.56,0.585,Head
cmd,16.4863,6,5
err,16.5195,22.2,13.82
dbg,16.5195,14.6,6.7,10.1,5.2
det,16.5195,1264.82,793.81,74.77,200.1,0.805,Body
det,16.5195,1281.6,791.73,27.19,34.98,0.404,Head
cmd,16.5195,7,5
err,16.554,22.19,13.59
dbg,16.554,18.8,5.2,12.0,3.7
det,16.554,1264.82,793.57,74.73,200.29,0.806,Body
det,16.554,1281.5,791.6,27.44,35.0,0.41,Head
cmd,16.554,13,7
err,16.5872,11.58,6.28
dbg,16.5872,20.7,9.7,12.9,5.2
det,16.5872,1261.48,786.43,78.6,208.59,0.826,Body
det,16.5872,1277.25,787.43,28.66,34.27,0.596,Head
cmd,16.5872,10,8
err,16.6199,7.92,5.37
dbg,16.6199,15.7,17.2,9.3,11.2
det,16.6199,1258.36,782.9,77.97,210.54,0.834,Body
det,16.6199,1271.92,785.06,32.0,36.93,0.711,Head
err,16.6556,1.18,0.25
dbg,16.6556,15.7,17.2,9.3,11.2
det,16.6556,1250.31,780.13,80.6,207.91,0.837,Body
det,16.6556,1265.25,781.3,31.87,34.45,0.627,Head
err,16.6896,-6.85,-4.96
dbg,16.6896,11.4,0.0,7.1,0.0
det,16.6896,1242.68,773.09,76.57,211.92,0.843,Body
det,16.6896,1259.24,776.01,27.82,34.61,0.717,Head
cmd,16.6896,11,6
err,16.7204,-14.35,-10.26
dbg,16.7204,8.9,8.2,5.5,4.5
det,16.7204,1235.49,770.06,74.77,208.71,0.835,Body
det,16.7204,1253.67,771.53,23.97,33.11,0.68,Head
cmd,16.7204,2,2
err,16.7587,-14.31,-10.29
dbg,16.7587,5.7,1.5,3.3,1.5
det,16.7587,1235.65,770.0,74.69,208.72,0.835,Body
det,16.7587,1253.66,771.45,24.07,33.2,0.679,Head
cmd,16.7587,4,2
err,16.8012,-21.54,-15.8
dbg,16.8012,2.9,3.0,1.4,1.5
det,16.8012,1226.37,760.5,78.07,212.67,0.843,Body
det,16.8012,1243.38,764.73,30.15,35.38,0.653,Head
err,16.8291,-22.9,-17.32
dbg,16.8291,-0.4,0.0,-0.9,0.0
det,16.8291,1225.63,761.32,75.93,213.48,0.844,Body
det,16.8291,1242.42,763.42,29.34,35.0,0.693,Head
err,16.8588,-22.95,-17.38
dbg,16.8588,-3.5,0.0,-3.2,0.0
det,16.8588,1226.75,758.29,75.46,215.26,0.843,Body
det,16.8588,1242.35,763.4,29.41,34.94,0.684,Head
err,16.8918,-27.36,-18.67
dbg,16.8918,-6.2,0.0,-5.1,0.0
det,16.8918,1221.92,761.0,77.79,211.92,0.851,Body
det,16.8918,1237.57,762.64,30.14,33.98,0.617,Head
cmd,16.8918,-6,-5
err,16.922,-27.37,-18.65
dbg,16.922,-9.1,-4.5,-7.0,-3.7
det,16.922,1221.82,760.99,77.92,211.92,0.85,Body
det,16.922,1237.55,762.67,30.16,33.96,0.629,Head
cmd,16.922,-4,-3
err,16.9552,-27.28,-18.83
dbg,16.9552,-11.6,-7.5,-8.6,-6.0
det,16.9552,1221.96,761.15,77.85,211.72,0.851,Body
det,16.9552,1237.73,762.62,29.98,33.72,0.616,Head
cmd,16.9552,-4,-2
err,16.99,-27.29,-18.85
dbg,16.99,-13.8,-3.0,-10.0,-1.5
det,16.99,1221.95,761.14,77.84,211.82,0.85,Body
det,16.99,1237.73,762.6,29.96,33.72,0.61,Head
cmd,16.99,-10,-8
err,17.0233,-27.27,-18.8
dbg,17.0233,-15.6,-7.5,-11.2,-6.0
det,17.0233,1222.0,761.28,77.73,211.71,0.85,Body
det,17.0233,1237.81,762.61,29.84,33.81,0.59,Head
cmd,17.0233,-8,-5
err,17.0553,-21.92,-15.9
dbg,17.0553,-22.0,-13.4,-15.4,-9.7
det,17.0553,1225.24,761.48,78.56,212.94,0.842,Body
det,17.0553,1242.69,765.79,30.77,33.3,0.669,Head
cmd,17.0553,-8,-6
err,17.089,-8.71,-5.13
dbg,17.089,-22.0,-11.9,-15.7,-8.2
det,17.089,1240.34,774.07,76.68,211.7,0.837,Body
det,17.089,1257.43,776.04,27.71,34.23,0.595,Head
cmd,17.089,-9,-7
err,17.1222,-3.77,-2.82
dbg,17.1222,-20.1,-6.7,-14.2,-5.2
det,17.1222,1245.01,775.59,80.61,212.79,0.835,Body
det,17.1222,1261.31,778.39,29.84,34.16,0.655,Head
cmd,17.1222,-13,-8
err,17.1569,2.15,3.97
dbg,17.1569,-17.9,-9.7,-12.7,-6.0
det,17.1569,1250.76,783.37,78.47,208.65,0.837,Body
det,17.1569,1267.21,784.13,29.88,36.07,0.671,Head
cmd,17.1569,-8,-6
err,17.1894,7.62,10.62
dbg,17.1894,-15.1,-6.0,-10.4,-4.5
det,17.1894,1259.89,783.41,75.67,214.44,0.844,Body
det,17.1894,1271.49,789.58,32.24,38.25,0.702,Head
cmd,17.1894,-8,-6
err,17.2227,28.17,25.86
dbg,17.2227,-12.0,-11.9,-7.5,-9.0
det,17.2227,1270.24,806.18,75.86,196.84,0.829,Body
det,17.2227,1309.17,816.93,28.4,32.67,0.452,Head
cmd,17.2227,-2,0
err,17.2567,25.49,19.59
dbg,17.2567,-6.9,-1.5,-3.8,0.0
det,17.2567,1274.89,795.17,75.33,214.5,0.858,Body
det,17.2567,1292.36,799.64,26.25,36.27,0.762,Head
cmd,17.2567,-5,-3
err,17.2894,31.16,24.12
dbg,17.2894,-2.0,-3.7,0.1,-2.2
det,17.2894,1280.98,801.98,75.55,209.31,0.855,Body
det,17.2894,1297.16,802.79,28.0,38.78,0.699,Head
err,17.3231,33.34,24.55
dbg,17.3231,2.5,-3.7,3.4,-2.2
det,17.3231,1282.47,804.29,75.6,206.59,0.862,Body
det,17.3231,1299.73,804.17,27.22,37.06,0.726,Head
err,17.3564,36.24,24.65
dbg,17.3564,6.8,0.0,6.3,0.0
det,17.3564,1287.02,806.88,75.23,209.52,0.855,Body
det,17.3564,1303.2,806.76,26.08,32.53,0.636,Head
cmd,17.3564,6,6
err,17.3888,36.2,24.65
dbg,17.3888,10.8,4.5,8.8,4.5
det,17.3888,1287.16,806.7,75.09,209.76,0.856,Body
det,17.3888,1302.96,806.77,26.46,32.52,0.638,Head
cmd,17.3888,6,4
err,17.424,36.23,24.62
dbg,17.424,14.3,4.5,11.0,3.0
det,17.424,1287.03,806.84,75.41,209.65,0.856,Body
det,17.424,1303.06,806.75,26.33,32.49,0.63,Head
cmd,17.424,9,7
err,17.4562,36.1,24.76
dbg,17.4562,17.3,6.7,12.9,5.2
det,17.4562,1287.19,807.07,75.12,209.24,0.858,Body
det,17.4562,1303.03,806.95,26.13,32.39,0.651,Head
cmd,17.4562,10,8
err,17.4891,27.65,17.39
dbg,17.4891,19.9,14.2,14.5,11.2
det,17.4891,1277.83,795.02,74.6,213.28,0.855,Body
det,17.4891,1295.45,798.62,24.39,34.13,0.697,Head
cmd,17.4891,6,3
err,17.5235,27.65,17.24
dbg,17.5235,24.2,4.5,16.1,2.2
det,17.5235,1277.9,795.06,74.46,213.3,0.855,Body
det,17.5235,1295.57,798.69,24.16,33.73,0.698,Head
cmd,17.5235,18,13
err,17.5561,21.26,12.64
dbg,17.5561,26.1,13.4,16.7,9.7
det,17.5561,1272.99,796.11,71.52,203.15,0.836,Body
det,17.5561,1290.29,795.45,21.93,31.26,0.554,Head
cmd,17.5561,12,6
err,17.5896,12.83,5.54
dbg,17.5896,23.4,22.4,14.5,14.2
det,17.5896,1262.67,786.68,77.23,208.62,0.826,Body
det,17.5896,1279.42,787.23,26.81,33.28,0.667,Head
cmd,17.5896,2,2
err,17.6245,12.83,5.55
dbg,17.6245,17.6,1.5,9.6,1.5
det,17.6245,1262.95,787.13,76.75,208.11,0.823,Body
det,17.6245,1279.43,787.22,26.8,33.33,0.649,Head
cmd,17.6245,15,8
err,17.6566,12.82,5.59
dbg,17.6566,15.0,11.2,7.4,6.0
det,17.6566,1262.99,786.91,76.55,208.35,0.823,Body
det,17.6566,1279.35,787.2,26.94,33.44,0.65,Head
cmd,17.6566,4,2
err,17.6904,-14.59,-11.25
dbg,17.6904,-14.6,0.0,-11.3,0.0
det,17.6904,1235.45,768.83,74.09,210.05,0.832,Body
det,17.6904,1252.63,770.71,25.55,32.79,0.699,Head
cmd,17.6904,-14,-11
err,17.7242,-25.64,-18.63
dbg,17.7242,-14.6,-10.4,-11.3,-8.2
det,17.7242,1221.68,761.3,79.07,213.66,0.854,Body
det,17.7242,1240.01,763.13,28.7,33.17,0.639,Head
cmd,17.7242,-4,-2
err,17.757,-25.59,-18.67
dbg,17.757,-20.6,-13.4,-15.3,-9.7
det,17.757,1221.72,761.4,79.0,213.54,0.854,Body
det,17.757,1240.06,763.1,28.69,33.16,0.634,Head
cmd,17.757,-6,-6
err,17.7901,-21.06,-16.05
dbg,17.7901,-23.4,-7.5,-17.1,-6.0
det,17.7901,1220.15,763.07,77.58,208.73,0.846,Body
det,17.7901,1236.23,763.55,28.6,36.4,0.401,Head
cmd,17.7901,-15,-10
err,17.8243,-18.27,-10.4
dbg,17.8243,-22.1,-11.2,-16.5,-7.5
det,17.8243,1232.03,770.73,73.74,206.81,0.82,Body
det,17.8243,1249.2,771.17,25.06,33.49,0.596,Head
cmd,17.8243,-10,-9
err,17.8582,-15.0,-7.46
dbg,17.8582,-20.0,-7.5,-13.2,-6.7
det,17.8582,1231.76,769.11,78.03,210.09,0.82,Body
det,17.8582,1249.44,771.63,31.12,38.03,0.698,Head
cmd,17.8582,-12,-6
err,17.8904,-0.15,3.85
dbg,17.8904,-17.2,-16.4,-10.0,-11.2
det,17.8904,1246.94,782.64,77.82,209.59,0.834,Body
det,17.8904,1266.3,783.41,27.09,37.16,0.624,Head
cmd,17.8904,-2,0
err,17.9251,6.57,10.16
dbg,17.9251,-14.9,-1.5,-8.1,0.0
det,17.9251,1257.47,790.85,74.99,209.54,0.856,Body
det,17.9251,1272.49,790.75,28.16,35.3,0.727,Head
cmd,17.9251,-13,-7
err,17.9571,16.08,14.87
dbg,17.9571,-11.9,-9.7,-5.6,-5.2
det,17.9571,1265.69,793.7,77.05,211.1,0.828,Body
det,17.9571,1281.68,795.69,28.79,34.86,0.503,Head
cmd,17.9571,-2,-2
err,17.9908,16.92,15.46
dbg,17.9908,-8.1,-11.2,-2.8,-6.7
det,17.9908,1267.82,795.12,73.58,204.95,0.832,Body
det,17.9908,1284.66,796.53,24.53,34.41,0.58,Head
err,18.0246,27.51,19.85
dbg,18.0246,-4.7,0.0,-0.3,0.0
det,18.0246,1277.16,799.02,73.61,207.27,0.863,Body
det,18.0246,1294.97,801.0,25.08,34.28,0.739,Head
err,18.057,29.54,20.12
dbg,18.057,-0.2,0.0,2.5,0.0
det,18.057,1281.72,803.02,72.42,207.23,0.857,Body
det,18.057,1298.0,802.11,23.09,32.75,0.545,Head
err,18.092,29.52,20.31
dbg,18.092,3.9,0.0,4.9,0.0
det,18.092,1281.26,802.87,73.09,207.39,0.857,Body
det,18.092,1297.65,801.99,23.74,33.3,0.562,Head
cmd,18.092,4,5
err,18.1245,29.53,20.29
dbg,18.1245,7.4,3.0,7.0,3.7
det,18.1245,1281.27,802.89,72.98,207.41,0.857,Body
det,18.1245,1297.71,802.03,23.64,33.2,0.571,Head
cmd,18.1245,4,3
err,18.1573,29.51,20.25
dbg,18.1573,10.4,6.0,8.8,6.0
det,18.1573,1281.48,802.63,72.73,207.61,0.857,Body
det,18.1573,1297.71,802.05,23.59,33.1,0.579,Head
cmd,18.1573,4,2
err,18.1917,25.28,17.95
dbg,18.1917,13.1,3.0,10.4,1.5
det,18.1917,1275.06,793.04,76.04,213.9,0.851,Body
det,18.1917,1290.34,798.08,29.87,36.12,0.723,Head
cmd,18.1917,9,9
err,18.2255,25.25,18.01
dbg,18.2255,14.7,6.7,11.5,6.7
det,18.2255,1274.97,792.88,76.1,214.17,0.851,Body
det,18.2255,1290.15,798.0,30.2,36.39,0.726,Head
cmd,18.2255,8,4
err,18.2569,22.08,14.18
dbg,18.2569,20.5,12.7,15.0,9.7
det,18.2569,1272.99,792.82,74.29,211.5,0.867,Body
det,18.2569,1289.15,795.33,25.87,34.27,0.756,Head
cmd,18.2569,7,5
err,18.2906,29.44,22.52
dbg,18.2906,23.1,11.2,16.7,6.7
det,18.2906,1271.46,802.64,75.95,198.82,0.827,Body
cmd,18.2906,11,10
err,18.324,29.23,23.35
dbg,18.324,26.5,8.2,19.9,7.5
det,18.324,1271.38,803.56,75.7,197.89,0.826,Body
cmd,18.324,18,11
err,18.3583,11.99,5.83
dbg,18.3583,28.0,13.4,21.3,8.2
det,18.3583,1262.79,786.11,77.27,208.99,0.825,Body
det,18.3583,1277.63,786.97,28.74,34.3,0.662,Head
cmd,18.3583,13,13
err,18.3916,0.35,0.8
dbg,18.3916,28.0,13.4,21.3,8.2
det,18.3916,1248.28,779.66,80.27,209.32,0.838,Body
det,18.3916,1264.62,780.09,31.46,37.66,0.611,Head
err,18.425,-6.15,-6.6
dbg,18.425,25.8,0.0,19.2,0.0
det,18.425,1242.98,771.72,76.09,209.53,0.845,Body
det,18.425,1260.57,773.57,26.56,36.06,0.659,Head
cmd,18.425,24,18
err,18.4584,-19.92,-16.22
dbg,18.4584,21.4,17.9,15.7,13.4
det,18.4584,1227.87,761.29,80.14,210.72,0.831,Body
det,18.4584,1245.36,765.39,29.44,33.45,0.588,Head
cmd,18.4584,4,2
err,18.4943,-29.89,-23.65
dbg,18.4943,15.7,3.0,11.3,1.5
det,18.4943,1221.43,756.57,73.4,206.43,0.848,Body
det,18.4943,1235.88,756.21,28.46,36.62,0.618,Head
cmd,18.4943,12,9
err,18.5284,-47.15,-36.75
dbg,18.5284,9.4,9.0,6.5,6.7
det,18.5284,1202.57,743.82,73.47,203.59,0.815,Body
det,18.5284,1220.92,745.04,23.86,33.11,0.63,Head
cmd,18.5284,2,0
err,18.5608,-49.81,-40.73
dbg,18.5608,1.7,10.4,0.5,6.7
det,18.5608,1199.3,740.22,75.08,206.63,0.834,Body
det,18.5608,1219.19,741.62,22.01,32.1,0.661,Head
err,18.5961,-60.37,-47.17
dbg,18.5961,-5.4,0.0,-5.1,0.0
det,18.5961,1189.66,732.0,78.1,210.67,0.856,Body
det,18.5961,1206.0,735.34,27.26,31.81,0.648,Head
cmd,18.5961,-5,-5
err,18.6282,-62.13,-46.09
dbg,18.6282,-13.0,-3.7,-10.8,-3.7
det,18.6282,1187.36,732.44,76.94,209.08,0.864,Body
det,18.6282,1204.05,736.29,27.63,32.03,0.71,Head
cmd,18.6282,-9,-6
err,18.6612,-62.17,-46.07
dbg,18.6612,-19.7,-10.4,-15.6,-8.2
det,18.6612,1187.3,732.55,76.97,208.83,0.864,Body
det,18.6612,1204.0,736.24,27.67,32.17,0.704,Head
cmd,18.6612,-8,-7
err,18.6935,-55.7,-42.22
dbg,18.6935,-25.6,-12.7,-19.8,-9.7
det,18.6935,1194.6,739.58,75.3,205.12,0.857,Body
det,18.6935,1214.03,740.36,20.54,31.68,0.754,Head
cmd,18.6935,-13,-10
err,18.7274,-51.22,-37.06
dbg,18.7274,-29.7,-15.7,-22.9,-12.7
det,18.7274,1197.2,745.81,78.75,200.31,0.83,Body
det,18.7274,1216.91,745.8,23.73,31.16,0.648,Head
cmd,18.7274,-13,-9
err,18.7599,-35.97,-32.27
dbg,18.7599,-32.7,-19.4,-24.8,-14.2
det,18.7599,1203.21,747.18,81.64,205.52,0.82,Body
det,18.7599,1220.86,747.76,28.51,35.35,0.409,Head
cmd,18.7599,-12,-10
err,18.7923,-35.11,-26.77
dbg,18.7923,-34.5,-18.7,-28.9,-14.2
det,18.7923,1217.14,754.94,73.28,207.41,0.836,Body
det,18.7923,1231.96,755.22,25.87,32.74,0.705,Head
cmd,18.7923,-15,-14
err,18.8257,-35.17,-26.67
dbg,18.8257,-34.9,-20.2,-27.7,-17.9
det,18.8257,1216.87,754.9,73.52,207.51,0.836,Body
det,18.8257,1231.73,755.2,26.21,32.95,0.704,Head
cmd,18.8257,-14,-9
err,18.8588,-24.39,-18.54
dbg,18.8588,-35.0,-21.6,-27.2,-17.2
det,18.8588,1225.46,760.85,73.81,211.23,0.857,Body
det,18.8588,1242.18,762.85,26.86,33.84,0.727,Head
cmd,18.8588,-12,-10
err,18.8918,-14.36,-10.5
dbg,18.8918,-29.2,-19.4,-22.4,-14.2
det,18.8918,1234.07,768.46,74.8,209.01,0.821,Body
det,18.8918,1252.33,769.89,26.61,35.66,0.645,Head
cmd,18.8918,-9,-8
err,18.9253,3.81,-1.6
dbg,18.9253,-27.1,-15.7,-20.8,-13.4
det,18.9253,1244.85,777.39,77.91,210.11,0.826,Body
cmd,18.9253,-11,-6
err,18.958,5.72,4.68
dbg,18.958,-22.9,-14.9,-18.1,-10.4
det,18.958,1256.58,788.18,73.94,206.56,0.838,Body
det,18.958,1272.23,786.08,26.99,33.83,0.486,Head
cmd,18.958,-8,-8
err,18.9915,5.65,4.59
dbg,18.9915,-19.0,-14.2,-15.0,-10.4
det,18.9915,1256.59,787.77,74.0,206.95,0.838,Body
det,18.9915,1271.99,786.11,27.33,33.6,0.523,Head
cmd,18.9915,-4,-4
err,19.024,29.06,22.7
dbg,19.024,-15.6,-9.0,-12.3,-9.0
det,19.024,1277.48,802.46,77.64,209.56,0.859,Body
det,19.024,1294.55,802.85,29.04,36.09,0.667,Head
cmd,19.024,-6,-3
err,19.058,29.12,22.61
dbg,19.058,-9.4,-7.5,-7.5,-5.2
det,19.058,1277.52,802.42,77.5,209.53,0.86,Body
det,19.058,1294.68,802.77,28.87,36.07,0.672,Head
cmd,19.058,-2,-2
err,19.0937,33.77,29.43
dbg,19.0937,-4.1,-1.5,-3.4,-1.5
det,19.0937,1283.71,809.36,79.12,210.33,0.838,Body
det,19.0937,1298.26,810.89,31.03,33.7,0.62,Head
err,19.1316,44.12,35.3
dbg,19.1316,1.1,0.0,1.2,0.0
det,19.1316,1292.26,813.9,76.27,208.6,0.833,Body
det,19.1316,1310.23,815.63,27.8,35.77,0.715,Head
err,19.1639,44.1,35.26
dbg,19.1639,7.0,0.0,5.8,0.0
det,19.1639,1292.2,813.86,76.32,208.57,0.834,Body
det,19.1639,1310.2,815.61,27.8,35.74,0.716,Head
cmd,19.1639,7,5
err,19.1993,46.01,36.24
dbg,19.1993,12.1,5.2,9.9,3.7
det,19.1993,1293.93,818.51,76.88,204.49,0.822,Body
det,19.1993,1314.28,817.77,23.46,33.59,0.538,Head
cmd,19.1993,6,6
err,19.2302,46.04,36.1
dbg,19.2302,16.8,9.7,13.5,8.2
det,19.2302,1293.97,818.6,76.58,204.9,0.823,Body
det,19.2302,1314.58,817.88,22.92,33.13,0.533,Head
cmd,19.2302,7,5
err,19.2638,38.78,32.14
dbg,19.2638,20.8,9.7,16.6,8.2
det,19.2638,1286.44,810.89,79.46,212.19,0.826,Body
det,19.2638,1303.21,813.03,31.14,34.75,0.716,Head
cmd,19.2638,10,8
err,19.2951,33.92,28.51
dbg,19.2951,23.3,12.7,18.7,9.7
det,19.2951,1284.86,808.83,76.1,210.28,0.846,Body
det,19.2951,1299.65,810.25,28.54,33.2,0.59,Head
cmd,19.2951,10,9
err,19.3316,28.48,23.45
dbg,19.3316,29.1,7.5,24.1,6.7
det,19.3316,1277.45,802.63,78.75,211.15,0.852,Body
det,19.3316,1293.84,803.54,29.27,36.21,0.609,Head
cmd,19.3316,20,16
err,19.3612,29.84,20.81
dbg,19.3612,29.5,22.4,23.8,18.7
det,19.3612,1271.4,799.9,76.88,209.1,0.846,Body
det,19.3612,1287.5,799.02,28.97,37.42,0.434,Head
cmd,19.3612,7,5
err,19.3961,21.67,17.28
dbg,19.3961,28.9,20.2,22.1,15.7
det,19.3961,1265.08,797.12,73.18,201.6,0.83,Body
det,19.3961,1286.26,797.15,20.74,30.52,0.424,Head
cmd,19.3961,8,6
err,19.43,-1.18,0.54
dbg,19.43,28.9,20.2,22.1,15.7
det,19.43,1246.22,778.95,79.31,209.91,0.838,Body
det,19.43,1263.49,780.12,30.67,37.13,0.649,Head
err,19.4602,-5.7,-4.49
dbg,19.4602,24.9,6.0,19.5,4.5
det,19.4602,1245.19,776.3,74.54,208.43,0.845,Body
det,19.4602,1261.65,777.97,25.29,31.89,0.646,Head
cmd,19.4602,18,14
err,19.4937,-5.68,-4.39
dbg,19.4937,20.7,13.4,16.2,10.4
det,19.4937,1245.11,776.28,74.78,208.3,0.845,Body
det,19.4937,1261.6,777.99,25.43,32.02,0.642,Head
cmd,19.4937,7,5
err,19.5303,-2.5,-7.5
dbg,19.5303,17.1,5.2,13.3,3.7
det,19.5303,1239.01,771.64,76.98,208.51,0.824,Body
det,19.5303,1254.4,770.86,29.56,33.76,0.458,Head
cmd,19.5303,11,9
err,19.5628,-2.56,-7.81
dbg,19.5628,14.4,8.2,10.5,6.7
det,19.5628,1238.67,771.3,77.54,208.95,0.825,Body
det,19.5628,1254.22,770.63,29.83,33.45,0.472,Head
cmd,19.5628,6,4
err,19.5973,-2.64,-7.35
dbg,19.5973,12.1,4.5,8.0,3.0
det,19.5973,1238.6,771.81,77.5,208.35,0.824,Body
det,19.5973,1254.16,770.59,29.94,33.63,0.46,Head
cmd,19.5973,7,4
err,19.6292,-37.7,-28.57
dbg,19.6292,-37.7,0.0,-28.6,0.0
det,19.6292,1208.17,750.66,79.81,209.7,0.834,Body
det,19.6292,1227.86,751.29,28.88,36.63,0.727,Head
cmd,19.6292,-35,-27
err,19.6643,-35.41,-31.21
dbg,19.6643,-36.4,-26.1,-28.6,-20.2
det,19.6643,1204.53,747.97,80.11,208.22,0.818,Body
det,19.6643,1223.2,747.61,29.48,36.09,0.371,Head
cmd,19.6643,-10,-8
err,19.6988,-47.91,-33.51
dbg,19.6988,-37.1,-7.5,-30.0,-6.0
det,19.6988,1202.11,746.97,78.63,204.53,0.815,Body
det,19.6988,1219.17,748.04,25.82,33.53,0.617,Head
cmd,19.6988,-28,-22
err,19.7314,-47.91,-33.51
dbg,19.7314,-43.1,-20.9,-31.9,-16.4
det,19.7314,1202.16,747.01,78.71,204.36,0.816,Body
det,19.7314,1219.23,748.0,25.71,33.63,0.619,Head
cmd,19.7314,-21,-15
err,19.7607,-21.93,-14.98
dbg,19.7607,-21.9,0.0,-15.0,0.0
det,19.7607,1226.72,763.0,78.7,210.55,0.841,Body
det,19.7607,1242.02,765.74,32.1,35.05,0.606,Head
cmd,19.7607,-21,-14
err,19.7962,6.49,7.16
dbg,19.7962,6.5,0.0,7.2,0.0
det,19.7962,1257.11,785.9,74.93,211.22,0.849,Body
det,19.7962,1272.81,787.21,27.36,36.26,0.656,Head
cmd,19.7962,6,7
err,19.8285,6.6,7.24
dbg,19.8285,6.6,4.5,7.2,5.2
det,19.8285,1257.23,785.99,74.86,211.02,0.85,Body
det,19.8285,1273.11,787.3,26.98,36.25,0.667,Head
cmd,19.8285,2,2
err,19.8633,30.63,19.82
dbg,19.8633,6.6,1.5,7.2,1.5
det,19.8633,1272.08,798.83,77.11,209.92,0.849,Body
det,19.8633,1287.46,798.98,29.34,37.88,0.479,Head
cmd,19.8633,5,5
err,19.8979,38.55,28.77
dbg,19.8979,9.9,3.7,9.0,3.7
det,19.8979,1287.27,808.59,75.88,212.66,0.843,Body
det,19.8979,1304.88,810.77,27.33,32.73,0.635,Head
cmd,19.8979,6,5
err,19.9305,33.24,24.48
dbg,19.9305,13.1,4.5,11.1,3.7
det,19.9305,1282.48,804.2,76.25,208.14,0.858,Body
det,19.9305,1298.74,804.34,29.01,36.61,0.702,Head
cmd,19.9305,8,7
err,19.9644,28.63,18.91
dbg,19.9644,15.9,10.4,12.9,9.0
det,19.9644,1279.84,797.89,72.22,210.69,0.861,Body
det,19.9644,1296.87,800.3,23.53,33.84,0.684,Head
cmd,19.9644,5,4
err,19.9976,24.1,15.36
dbg,19.9976,17.6,3.7,13.8,3.0
det,19.9976,1273.06,791.63,76.61,214.02,0.852,Body
det,19.9976,1289.33,795.13,29.54,36.77,0.781,Head
cmd,19.9976,13,10
err,20.0283,18.03,12.39
dbg,20.0283,21.2,13.4,14.6,10.4
det,20.0283,1268.14,791.71,72.66,203.59,0.812,Body
det,20.0283,1284.28,793.78,27.51,33.85,0.538,Head
cmd,20.0283,7,4
err,20.0621,12.71,6.07
dbg,20.0621,19.5,14.9,13.4,10.4
det,20.0621,1263.12,788.05,78.11,205.3,0.817,Body
det,20.0621,1277.89,786.1,29.65,36.3,0.609,Head
cmd,20.0621,4,3
err,20.0969,3.18,-0.64
dbg,20.0969,15.7,3.0,9.4,2.2
det,20.0969,1252.97,779.36,78.96,208.45,0.833,Body
det,20.0969,1267.55,779.8,31.26,35.56,0.544,Head
cmd,20.0969,12,6
err,20.1312,-1.68,-3.28
dbg,20.1312,14.0,9.0,8.0,4.5
det,20.1312,1248.49,777.0,76.27,207.72,0.848,Body
det,20.1312,1263.36,777.91,29.9,34.19,0.649,Head
cmd,20.1312,5,4
err,20.1655,-4.96,-6.06
dbg,20.1655,11.9,3.7,6.4,3.0
det,20.1655,1244.83,774.1,76.86,206.76,0.847,Body
det,20.1655,1261.28,775.9,27.52,32.79,0.652,Head
cmd,20.1655,8,3
err,20.1982,-13.4,-10.39
dbg,20.1982,9.5,6.0,4.7,2.2
det,20.1982,1238.27,770.55,72.56,208.15,0.832,Body
det,20.1982,1254.47,771.44,24.26,33.05,0.643,Head
cmd,20.1982,3,2
err,20.2299,-13.21,-10.41
dbg,20.2299,6.4,8.2,2.6,3.7
det,20.2299,1238.16,770.48,72.63,207.98,0.833,Body
det,20.2299,1254.6,771.36,24.37,33.15,0.637,Head
err,20.2634,-21.51,-16.2
dbg,20.2634,3.7,2.2,0.8,1.5
det,20.2634,1227.0,760.01,77.19,213.12,0.841,Body
det,20.2634,1243.89,764.55,29.21,34.99,0.637,Head
err,20.2962,-24.47,-17.51
dbg,20.2962,0.2,0.0,-1.5,0.0
det,20.2962,1224.66,761.4,75.68,213.17,0.851,Body
det,20.2962,1241.52,763.85,28.01,33.9,0.656,Head
err,20.3315,-24.5,-17.46
dbg,20.3315,-3.2,0.0,-3.7,0.0
det,20.3315,1224.64,761.37,75.63,213.18,0.851,Body
det,20.3315,1241.51,763.87,27.99,33.96,0.663,Head
err,20.365,-24.19,-17.62
dbg,20.365,-6.1,0.0,-5.6,0.0
det,20.365,1224.88,761.68,75.28,212.78,0.853,Body
det,20.365,1242.36,763.96,26.91,33.49,0.662,Head
cmd,20.365,-6,-5
err,20.3968,-24.09,-17.6
dbg,20.3968,-8.6,-4.5,-7.2,-3.7
det,20.3968,1224.98,761.74,75.03,212.67,0.853,Body
det,20.3968,1242.49,763.99,26.83,33.48,0.67,Head
cmd,20.3968,-4,-4
err,20.4312,-24.06,-17.68
dbg,20.4312,-10.7,-7.5,-8.7,-6.7
det,20.4312,1224.93,761.74,75.19,212.75,0.854,Body
det,20.4312,1242.54,763.98,26.79,33.34,0.667,Head
cmd,20.4312,-3,-2
err,20.4649,-19.07,-13.66
dbg,20.4649,-12.6,-2.2,-9.9,-1.5
det,20.4649,1229.07,764.92,76.66,210.76,0.836,Body
det,20.4649,1247.87,767.73,26.12,33.83,0.595,Head
cmd,20.4649,-9,-8
err,20.4967,-15.22,-8.92
dbg,20.4967,-16.1,-9.0,-12.0,-7.5
det,20.4967,1234.42,767.4,73.3,208.6,0.816,Body
det,20.4967,1251.42,770.8,26.72,36.86,0.65,Head
cmd,20.4967,-7,-4
err,20.5317,-14.09,-7.52
dbg,20.5317,-15.6,-5.2,-10.3,-3.0
det,20.5317,1234.99,770.94,74.29,207.67,0.833,Body
det,20.5317,1252.52,772.64,26.78,36.08,0.706,Head
cmd,20.5317,-10,-7
err,20.5639,-14.07,-7.53
dbg,20.5639,-14.8,-7.5,-8.8,-5.2
det,20.5639,1234.94,770.94,74.3,207.78,0.835,Body
det,20.5639,1252.64,772.63,26.58,36.08,0.705,Head
cmd,20.5639,-7,-3
err,20.5971,-7.18,-2.95
dbg,20.5971,-14.4,-12.7,-8.1,-7.5
det,20.5971,1242.58,776.43,74.62,210.34,0.845,Body
det,20.5971,1259.7,778.24,26.26,34.19,0.629,Head
cmd,20.5971,-2,-2
err,20.6317,13.02,7.65
dbg,20.6317,-10.4,-1.5,-5.3,-1.5
det,20.6317,1255.7,787.13,74.65,205.24,0.849,Body
det,20.6317,1271.31,786.4,26.99,34.69,0.494,Head
cmd,20.6317,-8,-4
err,20.6639,12.96,7.69
dbg,20.6639,-7.2,-6.0,-3.5,-3.0
det,20.6639,1255.56,787.17,74.79,205.25,0.849,Body
det,20.6639,1271.27,786.34,27.21,34.99,0.483,Head
err,20.6979,9.33,9.4
dbg,20.6979,-4.4,-6.0,-1.9,-3.0
det,20.6979,1259.55,788.98,75.04,206.01,0.845,Body
det,20.6979,1276.23,789.55,26.19,36.09,0.745,Head
err,20.7311,9.92,9.94
dbg,20.7311,-2.5,0.0,-0.4,0.0
det,20.7311,1261.61,785.36,74.06,212.25,0.831,Body
det,20.7311,1276.28,790.46,27.29,35.43,0.643,Head
err,20.764,17.99,13.94
dbg,20.764,-0.8,0.0,1.0,0.0
det,20.764,1267.56,793.29,72.7,206.03,0.844,Body
det,20.764,1285.89,795.38,24.19,33.74,0.678,Head
err,20.7975,18.04,13.95
dbg,20.7975,1.8,0.0,2.8,0.0
det,20.7975,1267.62,793.3,72.57,205.92,0.845,Body
det,20.7975,1285.96,795.35,24.16,33.82,0.679,Head
err,20.8316,18.2,13.8
dbg,20.8316,4.0,0.0,4.3,0.0
det,20.8316,1267.73,793.19,72.45,205.95,0.844,Body
det,20.8316,1286.16,795.25,24.07,33.73,0.678,Head
err,20.8643,18.25,13.84
dbg,20.8643,6.0,0.0,5.6,0.0
det,20.8643,1267.86,793.24,72.41,206.09,0.845,Body
det,20.8643,1286.31,795.29,23.87,33.72,0.68,Head
cmd,20.8643,6,5
err,20.8996,18.27,13.75
dbg,20.8996,7.7,4.5,6.8,3.7
det,20.8996,1268.06,793.34,72.12,205.83,0.846,Body
det,20.8996,1286.49,795.32,23.57,33.51,0.681,Head
cmd,20.8996,3,3
err,20.9308,18.25,13.76
dbg,20.9308,13.5,6.7,10.6,6.0
det,20.9308,1268.11,793.3,72.11,205.82,0.844,Body
det,20.9308,1286.39,795.31,23.74,33.54,0.68,Head
cmd,20.9308,6,4
err,20.9641,18.28,13.74
dbg,20.9641,16.1,6.7,12.3,5.2
det,20.9641,1268.09,793.21,72.12,205.83,0.844,Body
det,20.9641,1286.32,795.3,23.91,33.54,0.681,Head
cmd,20.9641,9,7
err,20.9977,11.75,5.92
dbg,20.9977,17.3,6.7,13.1,5.2
det,20.9977,1261.27,786.48,79.07,208.53,0.828,Body
det,20.9977,1277.85,787.57,27.8,33.38,0.537,Head
cmd,20.9977,10,8
err,21.0307,10.06,6.89
dbg,21.0307,14.2,14.2,9.7,11.2
det,21.0307,1260.12,787.2,74.64,205.19,0.845,Body
det,21.0307,1277.57,787.34,24.97,35.56,0.722,Head
cmd,21.0307,2,0
err,21.0654,5.72,3.39
dbg,21.0654,11.9,1.5,7.6,0.0
det,21.0654,1252.85,782.88,80.04,210.55,0.838,Body
det,21.0654,1270.65,783.74,30.14,35.72,0.656,Head
cmd,21.0654,10,7
err,21.0984,-1.45,-1.79
dbg,21.0984,8.5,7.5,5.3,5.2
det,21.0984,1248.78,777.36,76.33,208.28,0.842,Body
det,21.0984,1264.15,778.53,28.79,35.77,0.642,Head
cmd,21.0984,2,2
err,21.1313,-6.47,-7.96
dbg,21.1313,3.0,9.0,1.4,6.7
det,21.1313,1242.49,769.93,75.63,211.19,0.845,Body
det,21.1313,1260.63,771.99,25.81,36.46,0.687,Head
err,21.1649,-8.36,-9.02
dbg,21.1649,-2.2,1.5,-3.7,1.5
det,21.1649,1240.31,769.74,76.58,210.54,0.841,Body
det,21.1649,1258.42,771.59,26.44,35.26,0.689,Head
err,21.1986,-16.26,-14.14
dbg,21.1986,-5.6,0.0,-6.6,0.0
det,21.1986,1229.62,762.2,80.82,213.92,0.82,Body
det,21.1986,1249.31,766.23,28.87,35.69,0.521,Head
cmd,21.1986,-5,-6
err,21.2329,-11.08,-18.8
dbg,21.2329,-8.6,-3.7,-10.8,-4.5
det,21.2329,1229.31,759.91,79.22,212.86,0.838,Body
det,21.2329,1247.7,764.86,27.41,31.95,0.461,Head
cmd,21.2329,-5,-6
err,21.2659,-11.0,-18.66
dbg,21.2659,-10.0,-3.7,-15.1,-4.5
det,21.2659,1229.41,760.07,79.18,212.68,0.836,Body
det,21.2659,1246.89,764.57,29.2,33.77,0.446,Head
cmd,21.2659,-6,-10
err,21.299,-14.66,-10.81
dbg,21.299,-10.6,-8.2,-17.1,-11.9
det,21.299,1234.72,769.35,74.93,209.27,0.84,Body
det,21.299,1252.77,771.02,25.13,33.04,0.721,Head
cmd,21.299,-2,-5
err,21.3336,-11.1,-5.97
dbg,21.3336,-10.9,-1.5,-13.6,-3.7
det,21.3336,1238.31,773.67,76.59,204.17,0.825,Body
det,21.3336,1254.36,774.03,29.09,36.38,0.635,Head
cmd,21.3336,-9,-9
err,21.3667,-7.01,1.1
dbg,21.3667,-11.0,-6.7,-9.4,-6.7
det,21.3667,1242.58,779.57,77.06,211.73,0.829,Body
det,21.3667,1257.37,780.77,31.23,36.96,0.63,Head
cmd,21.3667,-4,-3
err,21.4002,-4.6,4.81
dbg,21.4002,-8.8,-9.7,-3.6,-9.0
det,21.4002,1244.72,784.95,73.18,206.48,0.846,Body
det,21.4002,1263.94,786.18,22.94,33.86,0.691,Head
err,21.4334,1.15,12.05
dbg,21.4334,-6.5,0.0,1.0,0.0
det,21.4334,1252.96,792.68,73.13,211.31,0.873,Body
det,21.4334,1268.93,793.48,24.45,33.76,0.65,Head
cmd,21.4334,-6,2
err,21.4681,12.24,17.38
dbg,21.4681,-2.3,-4.5,7.1,1.5
det,21.4681,1254.81,796.61,74.86,207.74,0.855,Body
err,21.5039,12.3,17.31
dbg,21.5039,-0.3,0.0,8.5,0.0
det,21.5039,1254.78,796.52,75.03,207.8,0.854,Body
cmd,21.5039,-2,8
err,21.5471,8.34,12.98
dbg,21.5471,1.4,-1.5,9.7,6.0
det,21.5471,1260.18,793.36,73.4,209.88,0.852,Body
det,21.5471,1275.15,793.28,26.37,35.82,0.671,Head
cmd,21.5471,3,3
err,21.5828,8.35,12.93
dbg,21.5828,5.2,2.2,11.5,2.2
det,21.5828,1260.15,793.18,73.41,210.1,0.852,Body
det,21.5828,1275.12,793.27,26.45,35.74,0.68,Head
cmd,21.5828,3,9
err,21.6161,8.39,12.89
dbg,21.6161,6.9,2.2,12.3,6.7
det,21.6161,1260.19,793.45,73.42,209.84,0.851,Body
det,21.6161,1275.19,793.24,26.39,35.73,0.664,Head
cmd,21.6161,4,5
err,21.6501,8.34,12.75
dbg,21.6501,7.7,3.0,12.6,3.7
det,21.6501,1260.2,793.18,73.35,210.04,0.852,Body
det,21.6501,1275.08,793.14,26.53,35.64,0.673,Head
cmd,21.6501,4,9
err,21.6829,5.86,-2.4
dbg,21.6829,8.1,3.0,12.7,6.7
det,21.6829,1255.35,777.36,76.59,210.24,0.837,Body
det,21.6829,1270.97,778.52,29.77,34.68,0.518,Head
cmd,21.6829,5,5
err,21.7169,1.65,-5.92
dbg,21.7169,7.8,3.7,10.6,3.7
det,21.7169,1252.01,773.92,77.07,206.09,0.84,Body
det,21.7169,1265.94,774.02,31.43,36.47,0.653,Head
cmd,21.7169,4,7
err,21.7504,-0.95,-12.39
dbg,21.7504,6.9,3.0,8.3,5.2
det,21.7504,1247.76,766.38,78.16,209.36,0.852,Body
det,21.7504,1264.97,768.17,28.15,35.35,0.674,Head
cmd,21.7504,4,3
err,21.7842,-4.49,-19.34
dbg,21.7842,5.8,3.0,5.5,2.2
det,21.7842,1247.84,759.14,75.38,211.89,0.84,Body
det,21.7842,1262.52,763.42,25.98,31.35,0.71,Head
cmd,21.7842,2,3
err,21.8184,-6.92,-20.9
dbg,21.8184,4.4,1.5,2.1,2.2
det,21.8184,1243.33,756.13,74.87,211.1,0.842,Body
det,21.8184,1259.52,760.02,27.12,34.71,0.751,Head
err,21.8525,-7.89,-24.14
dbg,21.8525,2.9,0.0,-1.1,0.0
det,21.8525,1241.57,757.14,73.82,206.8,0.835,Body
det,21.8525,1260.25,757.06,23.7,34.17,0.686,Head
err,21.8888,-9.89,-25.69
dbg,21.8888,1.4,0.0,-4.3,0.0
det,21.8888,1241.16,755.06,72.23,205.36,0.82,Body
det,21.8888,1257.53,754.85,25.17,35.39,0.552,Head
err,21.9215,-10.1,-25.89
dbg,21.9215,-0.2,0.0,-7.2,0.0
det,21.9215,1241.03,754.63,72.33,205.78,0.819,Body
det,21.9215,1257.1,754.57,25.61,35.54,0.527,Head
cmd,21.9215,-2,-7
err,21.9539,-10.02,-25.77
dbg,21.9539,-1.5,-1.5,-9.8,-5.2
det,21.9539,1241.06,754.79,72.3,205.55,0.819,Body
det,21.9539,1257.21,754.59,25.53,35.7,0.517,Head
cmd,21.9539,-2,-4
err,21.9886,-10.11,-25.78
dbg,21.9886,-2.7,-1.5,-12.0,-3.0
det,21.9886,1240.97,754.77,72.43,205.54,0.82,Body
det,21.9886,1257.2,754.68,25.37,35.54,0.548,Head
cmd,21.9886,-2,-8
err,22.0205,-9.48,-19.99
dbg,22.0205,-3.7,-3.0,-13.9,-9.0
det,22.0205,1241.57,758.85,73.68,209.64,0.836,Body
det,22.0205,1258.05,761.39,24.94,33.85,0.727,Head
cmd,22.0205,-2,-5
err,22.0527,-7.44,-18.8
dbg,22.0527,-6.9,-3.0,-17.2,-9.7
det,22.0527,1243.39,761.77,72.06,209.99,0.859,Body
det,22.0527,1261.47,763.25,22.18,32.63,0.755,Head
cmd,22.0527,-4,-7
err,22.0937,-6.08,-11.83
dbg,22.0937,-7.2,-3.0,-18.1,-5.2
det,22.0937,1242.42,766.04,77.23,210.94,0.851,Body
det,22.0937,1260.48,768.54,26.89,35.68,0.764,Head
cmd,22.0937,-4,-12
err,22.1349,-6.08,-11.78
dbg,22.1349,-6.6,-3.0,-14.7,-9.0
det,22.1349,1242.69,766.0,76.89,211.12,0.85,Body
det,22.1349,1260.71,768.56,26.43,35.74,0.759,Head
cmd,22.1349,-3,-5
err,22.1713,0.77,5.69
dbg,22.1713,-6.3,-2.2,-13.1,-3.7
det,22.1713,1251.96,786.64,71.18,207.59,0.862,Body
det,22.1713,1269.53,786.65,22.46,34.62,0.589,Head
cmd,22.1713,-4,-9
err,22.205,0.78,5.75
dbg,22.205,-5.3,-3.0,-10.5,-6.7
det,22.205,1251.6,786.12,72.61,208.15,0.863,Body
det,22.205,1269.61,786.68,22.35,34.68,0.593,Head
cmd,22.205,-2,-4
err,22.2379,0.87,5.77
dbg,22.2379,-4.5,-4.5,-8.3,-9.7
det,22.2379,1251.73,786.21,72.23,208.02,0.864,Body
det,22.2379,1269.77,786.76,22.2,34.55,0.6,Head
cmd,22.2379,-2,0
err,22.2705,2.03,9.09
dbg,22.2705,-3.8,-3.0,-6.3,-3.0
det,22.2705,1254.11,791.04,72.68,206.96,0.849,Body
det,22.2705,1268.15,789.74,27.76,35.19,0.508,Head
cmd,22.2705,-2,-3
err,22.303,7.88,18.89
dbg,22.303,-3.0,-3.0,-4.2,-2.2
det,22.303,1256.2,798.01,76.14,211.16,0.85,Body
det,22.303,1273.6,798.34,28.57,37.36,0.588,Head
err,22.3366,8.93,19.85
dbg,22.3366,-1.5,-1.5,-1.0,-2.2
det,22.3366,1257.34,797.99,76.55,211.48,0.849,Body
det,22.3366,1273.73,799.29,30.4,37.36,0.684,Head
err,22.3716,10.88,22.1
dbg,22.3716,-0.0,0.0,1.8,0.0
det,22.3716,1259.96,803.09,74.14,206.68,0.848,Body
det,22.3716,1280.38,803.78,21.0,33.3,0.705,Head
err,22.402,10.98,22.12
dbg,22.402,1.5,0.0,4.6,0.0
det,22.402,1260.16,803.04,73.92,206.7,0.848,Body
det,22.402,1280.43,803.78,21.09,33.35,0.698,Head
err,22.4355,10.99,22.63
dbg,22.4355,2.8,0.0,7.0,0.0
det,22.4355,1260.16,803.41,73.88,206.29,0.847,Body
det,22.4355,1280.41,804.14,21.16,33.62,0.714,Head
cmd,22.4355,3,7
err,22.4696,10.99,22.49
dbg,22.4696,3.9,2.2,9.2,5.2
det,22.4696,1260.18,803.45,73.81,206.24,0.848,Body
det,22.4696,1280.54,804.2,20.9,33.24,0.713,Head
cmd,22.4696,2,3
err,22.5026,10.91,22.44
dbg,22.5026,4.9,1.5,11.0,2.2
det,22.5026,1260.11,803.5,73.79,206.27,0.851,Body
det,22.5026,1280.47,804.2,20.88,33.17,0.722,Head
cmd,22.5026,3,8
err,22.5386,8.22,16.14
dbg,22.5386,8.2,2.2,17.3,6.0
det,22.5386,1257.8,795.92,74.14,209.66,0.845,Body
det,22.5386,1274.88,795.06,26.68,38.33,0.583,Head
cmd,22.5386,6,11
err,22.5724,6.06,12.57
dbg,22.5724,8.2,4.5,16.7,8.2
det,22.5724,1257.4,793.87,72.32,210.33,0.866,Body
det,22.5724,1274.46,793.67,23.19,34.37,0.678,Head
cmd,22.5724,3,8
err,22.6041,3.65,7.28
dbg,22.6041,7.0,6.7,14.4,14.2
det,22.6041,1254.1,787.47,77.7,208.81,0.841,Body
det,22.6041,1268.69,787.66,29.92,35.69,0.63,Head
cmd,22.6041,2,2
err,22.6362,-1.14,0.72
dbg,22.6362,7.0,6.7,14.4,14.2
det,22.6362,1246.46,778.59,79.58,209.94,0.838,Body
det,22.6362,1263.59,779.28,30.55,38.99,0.631,Head
err,22.671,-3.87,-5.77
dbg,22.671,5.2,0.0,10.5,0.0
det,22.671,1244.9,774.04,78.56,207.43,0.848,Body
det,22.671,1261.45,775.66,29.36,33.76,0.674,Head
cmd,22.671,5,10
err,22.7034,-3.95,-5.8
dbg,22.7034,3.9,3.7,8.3,7.5
det,22.7034,1244.74,774.11,78.71,207.45,0.848,Body
det,22.7034,1261.41,775.73,29.28,33.58,0.668,Head
cmd,22.7034,2,2
err,22.7375,-5.24,-8.13
dbg,22.7375,2.8,5.2,6.3,9.0
det,22.7375,1244.74,771.16,76.8,208.81,0.841,Body
det,22.7375,1260.72,772.49,28.08,35.24,0.734,Head
err,22.7711,-7.75,-16.86
dbg,22.7711,1.7,0.0,4.3,0.0
det,22.7711,1242.04,760.66,75.14,212.43,0.84,Body
det,22.7711,1258.23,764.94,28.04,33.1,0.76,Head
err,22.8031,-8.95,-18.73
dbg,22.8031,0.4,0.0,1.4,0.0
det,22.8031,1240.95,760.4,74.82,212.03,0.85,Body
det,22.8031,1258.3,763.71,25.5,31.93,0.728,Head
err,22.8375,-8.92,-18.67
dbg,22.8375,-0.9,0.0,-1.3,0.0
det,22.8375,1240.97,760.52,74.76,211.96,0.851,Body
det,22.8375,1258.27,763.79,25.63,31.9,0.728,Head
err,22.8699,-8.87,-18.67
dbg,22.8699,-2.0,0.0,-3.7,0.0
det,22.8699,1240.99,760.48,74.81,212.03,0.85,Body
det,22.8699,1258.3,763.77,25.67,31.92,0.727,Head
err,22.9032,-8.8,-18.61
dbg,22.9032,-2.9,0.0,-5.8,0.0
det,22.9032,1240.8,760.59,75.15,212.0,0.851,Body
det,22.9032,1258.37,763.76,25.66,32.06,0.723,Head
cmd,22.9032,-3,-5
err,22.937,-8.87,-18.5
dbg,22.937,-3.7,-2.2,-7.5,-3.7
det,22.937,1240.62,760.2,75.13,212.39,0.849,Body
det,22.937,1257.91,763.61,26.44,32.53,0.733,Head
cmd,22.937,-2,-4
err,22.9712,-8.92,-18.48
dbg,22.9712,-6.6,-1.5,-13.6,-3.0
det,22.9712,1240.6,760.17,75.35,212.51,0.848,Body
det,22.9712,1257.81,763.65,26.54,32.5,0.726,Head
cmd,22.9712,-5,-10
err,23.0037,-6.5,-11.73
dbg,23.0037,-7.8,-3.7,-16.3,-7.5
det,23.0037,1242.46,765.46,76.96,209.52,0.849,Body
det,23.0037,1259.34,768.08,28.32,36.71,0.752,Head
cmd,23.0037,-4,-8
err,23.0379,-6.03,-8.74
dbg,23.0379,-7.1,-3.0,-13.8,-6.0
det,23.0379,1245.1,771.83,74.02,206.06,0.852,Body
det,23.0379,1262.07,772.38,23.79,34.32,0.779,Head
cmd,23.0379,-3,-7
err,23.0707,-5.98,-8.76
dbg,23.0707,-6.5,-2.2,-11.0,-5.2
det,23.0707,1244.97,771.88,74.2,205.95,0.851,Body
det,23.0707,1261.96,772.46,24.13,34.15,0.781,Head
cmd,23.0707,-4,-6
err,23.1016,-2.86,-3.07
dbg,23.1016,-6.2,-5.2,-9.8,-9.7
det,23.1016,1246.42,777.61,79.09,208.3,0.834,Body
det,23.1016,1263.24,778.94,27.81,32.7,0.611,Head
cmd,23.1016,-2,-2
err,23.1375,1.54,9.16
dbg,23.1375,-4.4,-1.5,-6.1,-1.5
det,23.1375,1252.92,788.93,75.06,208.51,0.849,Body
det,23.1375,1266.61,789.01,29.85,36.63,0.654,Head
cmd,23.1375,-3,-4
err,23.1692,6.25,12.61
dbg,23.1692,-3.6,-2.2,-4.0,-3.0
det,23.1692,1257.9,795.72,71.78,208.49,0.869,Body
det,23.1692,1274.96,794.28,22.59,33.33,0.663,Head
err,23.2014,6.66,14.28
dbg,23.2014,-2.2,-2.2,-1.7,-3.0
det,23.2014,1258.79,791.53,72.23,214.47,0.861,Body
det,23.2014,1272.85,793.03,27.62,38.63,0.689,Head
err,23.2356,10.7,19.04
dbg,23.2356,-1.0,0.0,0.5,0.0
det,23.2356,1259.26,795.13,75.53,210.9,0.839,Body
det,23.2356,1277.42,799.28,26.57,35.94,0.642,Head
err,23.2686,10.75,19.26
dbg,23.2686,0.6,0.0,3.0,0.0
det,23.2686,1259.26,795.42,75.54,210.54,0.839,Body
det,23.2686,1277.5,799.53,26.5,35.86,0.645,Head
err,23.3054,10.69,19.18
dbg,23.3054,2.0,0.0,5.3,0.0
det,23.3054,1259.47,795.25,75.5,210.73,0.838,Body
det,23.3054,1277.37,799.54,26.64,35.71,0.653,Head
err,23.3362,10.67,19.09
dbg,23.3362,3.2,0.0,7.2,0.0
det,23.3362,1259.34,795.14,75.6,210.83,0.839,Body
det,23.3362,1277.31,799.53,26.72,35.57,0.663,Head
cmd,23.3362,3,7
err,23.3689,10.48,19.15
dbg,23.3689,7.3,2.2,13.8,5.2
det,23.3689,1259.36,795.03,75.75,211.01,0.839,Body
det,23.3689,1276.82,799.42,27.33,35.88,0.66,Head
cmd,23.3689,5,8
err,23.4017,10.15,19.23
dbg,23.4017,9.1,6.0,16.7,11.2
det,23.4017,1259.27,795.21,75.86,210.79,0.838,Body
det,23.4017,1276.24,799.52,27.82,35.83,0.662,Head
cmd,23.4017,3,5
err,23.4356,7.93,12.88
dbg,23.4356,9.7,2.2,18.1,3.7
det,23.4356,1260.46,794.37,71.19,209.08,0.859,Body
det,23.4356,1275.83,793.9,24.2,34.51,0.641,Head
cmd,23.4356,7,13
err,23.4695,3.29,6.28
dbg,23.4695,8.7,5.2,15.2,9.7
det,23.4695,1254.37,787.49,75.37,206.68,0.845,Body
det,23.4695,1269.24,787.62,28.1,33.92,0.674,Head
cmd,23.4695,3,6
err,23.5035,0.56,4.43
dbg,23.5035,5.7,2.2,10.3,4.5
det,23.5035,1249.51,782.6,78.64,209.14,0.834,Body
det,23.5035,1265.16,783.42,30.79,38.2,0.669,Head
cmd,23.5035,3,5
err,23.5393,-4.58,-6.93
dbg,23.5393,2.9,2.2,7.1,3.7
det,23.5393,1244.69,773.75,77.26,205.88,0.848,Body
det,23.5393,1262.51,774.98,25.83,32.89,0.6,Head
cmd,23.5393,2,3
err,23.5719,-4.56,-7.02
dbg,23.5719,1.9,1.5,5.1,2.2
det,23.5719,1244.91,773.77,76.81,205.81,0.849,Body
det,23.5719,1262.66,774.94,25.56,32.81,0.62,Head
err,23.6067,-4.57,-7.05
dbg,23.6067,1.0,0.0,3.5,0.0
det,23.6067,1244.98,773.75,76.67,205.77,0.849,Body
det,23.6067,1262.58,774.83,25.71,32.95,0.613,Head
err,23.6405,-8.79,-18.55
dbg,23.6405,-2.1,0.0,-2.3,0.0
det,23.6405,1240.86,759.58,74.84,212.73,0.849,Body
det,23.6405,1258.33,763.73,25.76,32.22,0.685,Head
err,23.6715,-8.81,-18.55
dbg,23.6715,-3.0,0.0,-4.5,0.0
det,23.6715,1240.95,759.74,74.73,212.55,0.85,Body
det,23.6715,1258.36,763.76,25.65,32.16,0.679,Head
err,23.7039,-8.79,-18.61
dbg,23.7039,-3.8,0.0,-6.5,0.0
det,23.7039,1241.13,759.97,74.48,212.24,0.851,Body
det,23.7039,1258.56,763.81,25.29,31.98,0.68,Head
cmd,23.7039,-4,-6
err,23.739,-8.8,-18.64
dbg,23.739,-4.5,-3.0,-8.1,-4.5
det,23.739,1241.29,759.86,74.42,212.36,0.85,Body
det,23.739,1258.45,763.72,25.5,32.09,0.687,Head
cmd,23.739,-2,-4
err,23.7722,-8.75,-18.65
dbg,23.7722,-6.9,-1.5,-13.9,-3.0
det,23.7722,1241.4,759.95,74.3,212.33,0.85,Body
det,23.7722,1258.58,763.73,25.34,32.02,0.691,Head
cmd,23.7722,-5,-10
err,23.8043,-5.34,-12.07
dbg,23.8043,-7.9,-5.2,-16.5,-10.4
det,23.8043,1242.93,765.6,76.41,209.62,0.856,Body
det,23.8043,1261.6,768.13,26.12,36.01,0.748,Head
cmd,23.8043,-3,-5
err,23.8371,-5.26,-9.23
dbg,23.8371,-6.5,-6.0,-14.1,-11.2
det,23.8371,1245.91,772.13,73.46,203.59,0.849,Body
det,23.8371,1263.03,772.76,23.42,32.75,0.769,Head
cmd,23.8371,-2,-3
err,23.8713,-5.29,-9.12
dbg,23.8713,-5.8,-1.5,-11.4,-2.2
det,23.8713,1245.72,772.15,73.62,203.58,0.849,Body
det,23.8713,1262.89,772.75,23.64,32.97,0.771,Head
cmd,23.8713,-4,-9
err,23.9039,-0.61,2.78
dbg,23.9039,-5.5,-3.0,-10.1,-6.7
det,23.9039,1246.34,780.34,81.06,208.36,0.837,Body
det,23.9039,1263.8,780.75,31.18,40.05,0.636,Head
cmd,23.9039,-2,-3
err,23.9385,1.51,5.05
dbg,23.9385,-4.8,-1.5,-8.4,-2.2
det,23.9385,1250.11,784.24,78.46,207.76,0.839,Body
det,23.9385,1266.42,784.69,30.18,37.01,0.651,Head
cmd,23.9385,-4,-6
err,23.9717,5.26,11.07
dbg,23.9717,-4.0,-3.0,-6.5,-4.5
det,23.9717,1255.86,793.19,74.87,207.27,0.857,Body
det,23.9717,1272.95,792.24,24.64,34.23,0.626,Head
cmd,23.9717,-2,-2
err,24.0039,7.47,12.9
dbg,24.0039,-2.7,-4.5,-4.1,-6.0
det,24.0039,1258.94,793.82,70.91,210.44,0.872,Body
det,24.0039,1276.06,794.28,22.81,33.86,0.696,Head
err,24.0406,10.12,18.2
dbg,24.0406,-1.3,0.0,-1.8,0.0
det,24.0406,1258.83,795.68,76.87,209.41,0.84,Body
det,24.0406,1274.96,797.98,30.33,36.76,0.49,Head
err,24.0702,12.72,19.57
dbg,24.0702,0.3,0.0,1.0,0.0
det,24.0702,1259.66,796.33,77.1,211.12,0.844,Body
det,24.0702,1280.81,800.8,23.81,34.12,0.633,Head
err,24.1032,12.83,19.49
dbg,24.1032,2.0,0.0,3.5,0.0
det,24.1032,1259.59,796.34,77.14,211.2,0.844,Body
det,24.1032,1280.91,800.65,23.83,34.26,0.618,Head
err,24.1367,12.81,19.4
dbg,24.1367,3.5,0.0,5.7,0.0
det,24.1367,1259.94,796.27,76.64,211.09,0.843,Body
det,24.1367,1280.91,800.61,23.79,34.16,0.617,Head
cmd,24.1367,3,5
err,24.1705,12.89,19.36
dbg,24.1705,4.8,2.2,7.6,3.7
det,24.1705,1260.24,796.37,76.27,211.02,0.842,Body
det,24.1705,1281.13,800.69,23.51,33.95,0.614,Head
cmd,24.1705,3,4
err,24.2065,13.21,19.51
dbg,24.2065,9.2,2.2,14.1,3.0
det,24.2065,1260.35,796.75,76.55,210.73,0.844,Body
det,24.2065,1281.73,800.94,22.97,33.78,0.616,Head
cmd,24.2065,6,10
err,24.2372,13.18,19.47
dbg,24.2372,11.4,4.5,17.0,7.5
det,24.2372,1260.22,796.66,76.65,210.91,0.844,Body
det,24.2372,1281.73,800.89,22.91,33.78,0.624,Head
cmd,24.2372,7,9
err,24.2725,13.2,19.45
dbg,24.2725,12.4,9.7,18.4,14.2
det,24.2725,1260.39,796.71,76.49,210.7,0.844,Body
det,24.2725,1281.76,800.89,22.88,33.73,0.627,Head
cmd,24.2725,2,4
err,24.3047,9.51,14.71
dbg,24.3047,12.8,1.5,19.0,3.0
det,24.3047,1259.73,793.6,73.79,210.82,0.854,Body
det,24.3047,1276.12,794.79,26.79,36.22,0.667,Head
cmd,24.3047,11,15
err,24.3394,1.59,6.14
dbg,24.3394,11.0,8.2,16.6,11.2
det,24.3394,1251.84,785.73,76.15,207.21,0.852,Body
det,24.3394,1267.34,786.08,28.51,36.46,0.654,Head
cmd,24.3394,2,5
err,24.3711,-3.06,-3.29
dbg,24.3711,5.8,9.7,10.9,14.9
det,24.3711,1245.33,778.03,80.13,206.91,0.84,Body
det,24.3711,1263.63,779.07,26.62,32.09,0.595,Head
err,24.4046,-4.95,-5.29
dbg,24.4046,4.6,1.5,8.9,3.7
det,24.4046,1245.2,774.39,75.86,208.87,0.846,Body
det,24.4046,1261.25,776.42,27.58,33.26,0.614,Head
cmd,24.4046,3,5
err,24.4385,-4.98,-5.29
dbg,24.4385,3.3,2.2,7.0,3.7
det,24.4385,1245.32,774.39,75.8,208.89,0.846,Body
det,24.4385,1261.23,776.44,27.58,33.22,0.606,Head
cmd,24.4385,2,3
err,24.4718,-13.86,-19.16
dbg,24.4718,2.2,1.5,5.3,2.2
det,24.4718,1236.56,761.27,73.56,205.23,0.82,Body
det,24.4718,1252.88,763.5,26.53,31.53,0.57,Head
err,24.505,-13.83,-19.19
dbg,24.505,-0.0,1.5,1.9,2.2
det,24.505,1236.62,761.11,73.44,205.2,0.822,Body
det,24.505,1253.02,763.43,26.31,31.61,0.586,Head
err,24.5376,-14.66,-23.55
dbg,24.5376,-1.9,0.0,-1.0,0.0
det,24.5376,1234.71,756.5,73.24,203.07,0.814,Body
det,24.5376,1251.22,756.31,28.25,36.63,0.645,Head
err,24.5714,-16.25,-26.66
dbg,24.5714,-3.7,0.0,-4.1,0.0
det,24.5714,1233.33,753.62,74.72,204.47,0.815,Body
det,24.5714,1251.15,754.49,25.21,34.27,0.601,Head
err,24.6054,-16.22,-26.57
dbg,24.6054,-5.4,0.0,-7.2,0.0
det,24.6054,1233.39,753.66,74.58,204.48,0.814,Body
det,24.6054,1251.11,754.47,25.34,34.48,0.596,Head
cmd,24.6054,-5,-7
err,24.6389,-16.09,-25.96
dbg,24.6389,-6.9,-3.7,-9.8,-5.2
det,24.6389,1233.48,753.86,74.51,204.27,0.816,Body
det,24.6389,1251.17,754.71,25.48,35.15,0.617,Head
cmd,24.6389,-3,-4
err,24.6717,-15.74,-25.6
dbg,24.6717,-8.2,-6.0,-12.1,-8.2
det,24.6717,1233.5,753.87,74.46,204.25,0.815,Body
det,24.6717,1251.71,754.83,25.11,35.57,0.629,Head
cmd,24.6717,-2,-4
err,24.7052,-13.05,-19.32
dbg,24.7052,-9.2,-3.7,-13.9,-6.0
det,24.7052,1237.36,759.62,73.25,204.09,0.825,Body
det,24.7052,1253.49,762.33,26.92,33.38,0.681,Head
cmd,24.7052,-5,-7
err,24.7379,-11.7,-19.04
dbg,24.7379,-11.3,-5.2,-16.9,-8.2
det,24.7379,1238.43,761.91,76.14,208.41,0.83,Body
det,24.7379,1254.66,763.67,27.28,31.44,0.595,Head
cmd,24.7379,-6,-8
err,24.7714,-11.67,-18.96
dbg,24.7714,-11.5,-8.2,-18.1,-11.2
det,24.7714,1238.57,762.13,76.31,208.15,0.829,Body
det,24.7714,1254.71,763.7,27.23,31.53,0.576,Head
cmd,24.7714,-3,-7
err,24.8066,-6.11,-8.3
dbg,24.8066,-11.6,-2.2,-18.6,-5.2
det,24.8066,1244.51,771.01,75.04,206.79,0.852,Body
det,24.8066,1261.94,772.4,23.89,35.1,0.756,Head
cmd,24.8066,-9,-12
err,24.8388,-1.58,-3.71
dbg,24.8388,-8.6,-6.7,-12.9,-9.0
det,24.8388,1247.33,777.31,77.78,206.39,0.852,Body
det,24.8388,1264.48,778.5,27.87,32.33,0.636,Head
cmd,24.8388,-2,-4
err,24.8716,-1.6,-3.65
dbg,24.8716,-4.7,-8.2,-7.9,-11.9
det,24.8716,1247.18,777.44,77.78,206.1,0.853,Body
det,24.8716,1264.45,778.56,27.89,32.35,0.641,Head
err,24.9066,-1.64,-3.63
dbg,24.9066,-3.0,0.0,-5.5,0.0
det,24.9066,1247.31,777.42,77.53,206.17,0.852,Body
det,24.9066,1264.44,778.56,27.84,32.38,0.643,Head
err,24.939,9.04,13.63
dbg,24.939,-2.2,0.0,-4.5,0.0
det,24.939,1259.32,792.54,73.6,209.13,0.866,Body
det,24.939,1275.97,794.12,26.13,35.48,0.767,Head
err,24.9717,8.99,13.64
dbg,24.9717,-0.7,0.0,-2.0,0.0
det,24.9717,1259.37,792.53,73.53,209.26,0.867,Body
det,24.9717,1275.82,794.13,26.32,35.47,0.769,Head
err,25.006,8.87,13.45
dbg,25.006,0.6,0.0,0.2,0.0
det,25.006,1259.23,792.59,73.83,209.36,0.864,Body
det,25.006,1275.59,794.06,26.56,35.26,0.764,Head
err,25.039,8.78,13.35
dbg,25.039,1.8,0.0,2.0,0.0
det,25.039,1259.14,792.49,73.99,209.67,0.864,Body
det,25.039,1275.25,793.91,27.05,35.34,0.763,Head
err,25.0724,8.93,13.34
dbg,25.0724,5.7,0.0,8.2,0.0
det,25.0724,1259.35,792.95,73.75,208.91,0.862,Body
det,25.0724,1275.54,794.14,26.79,34.9,0.744,Head
cmd,25.0724,5,8
err,25.1068,8.78,13.26
dbg,25.1068,7.4,3.7,11.0,6.0
det,25.1068,1259.27,792.86,73.87,209.15,0.861,Body
det,25.1068,1275.16,794.09,27.24,34.86,0.742,Head
cmd,25.1068,4,4
err,25.1394,8.84,13.32
dbg,25.1394,8.2,3.0,12.3,3.0
det,25.1394,1259.35,792.87,73.73,209.04,0.862,Body
det,25.1394,1275.52,794.15,26.63,34.85,0.745,Head
cmd,25.1394,5,9
err,25.1721,8.88,13.24
dbg,25.1721,8.5,6.7,12.8,9.7
det,25.1721,1259.36,792.81,73.62,209.13,0.862,Body
det,25.1721,1275.68,794.11,26.39,34.78,0.748,Head
cmd,25.1721,2,3
err,25.2064,8.93,13.38
dbg,25.2064,8.7,1.5,13.1,2.2
det,25.2064,1259.44,792.88,73.59,208.79,0.862,Body
det,25.2064,1275.98,794.2,25.9,34.87,0.752,Head
cmd,25.2064,7,10
err,25.2392,8.87,13.42
dbg,25.2392,8.8,5.2,13.3,7.5
det,25.2392,1259.27,792.85,73.72,208.82,0.864,Body
det,25.2392,1275.86,794.19,26.02,34.97,0.759,Head
cmd,25.2392,3,6
err,25.2734,8.86,13.29
dbg,25.2734,8.8,2.2,13.3,4.5
det,25.2734,1259.35,792.85,73.63,208.88,0.863,Body
det,25.2734,1275.9,794.21,25.91,34.7,0.759,Head
cmd,25.2734,6,8
err,25.3073,8.85,13.3
dbg,25.3073,8.8,4.5,13.3,6.0
det,25.3073,1259.19,792.82,73.79,208.95,0.866,Body
det,25.3073,1275.85,794.22,25.99,34.68,0.763,Head
cmd,25.3073,4,7
err,25.3395,8.82,13.3
dbg,25.3395,8.8,7.5,13.3,11.2
det,25.3395,1259.23,792.7,73.8,208.97,0.865,Body
det,25.3395,1275.77,794.15,26.12,34.82,0.76,Head
cmd,25.3395,2,2
err,25.373,8.74,13.24
dbg,25.373,8.8,4.5,13.3,6.7
det,25.373,1259.22,792.74,73.9,209.01,0.864,Body
det,25.373,1275.65,794.14,26.18,34.73,0.761,Head
cmd,25.373,4,6
err,25.4073,8.76,13.32
dbg,25.4073,8.8,3.0,13.3,4.5
det,25.4073,1259.08,792.77,74.15,209.08,0.864,Body
det,25.4073,1275.67,794.2,26.2,34.76,0.761,Head
cmd,25.4073,6,8
err,25.4405,8.72,13.2
dbg,25.4405,8.8,4.5,13.3,6.0
det,25.4405,1258.97,792.74,74.27,209.16,0.866,Body
det,25.4405,1275.61,794.17,26.21,34.6,0.761,Head
cmd,25.4405,4,7
err,25.4732,8.65,13.19
dbg,25.4732,8.7,7.5,13.2,11.2
det,25.4732,1258.86,792.79,74.64,208.98,0.865,Body
det,25.4732,1275.38,794.07,26.54,34.76,0.759,Head
cmd,25.4732,2,2
err,25.5075,8.61,13.22
dbg,25.5075,8.7,1.5,13.2,1.5
det,25.5075,1258.91,792.88,74.51,208.87,0.866,Body
det,25.5075,1275.51,794.23,26.2,34.52,0.765,Head
cmd,25.5075,7,11
err,25.5397,8.58,13.16
dbg,25.5397,8.6,6.7,13.2,9.7
det,25.5397,1258.88,792.88,74.59,209.04,0.866,Body
det,25.5397,1275.44,794.2,26.28,34.48,0.763,Head
cmd,25.5397,2,3
err,25.5729,8.6,12.99
dbg,25.5729,8.6,6.7,13.2,10.4
det,25.5729,1258.84,792.91,74.67,209.05,0.866,Body
det,25.5729,1275.6,794.22,26.01,34.14,0.762,Head
cmd,25.5729,2,3
err,25.6068,8.72,12.85
dbg,25.6068,8.6,1.5,13.1,2.2
det,25.6068,1259.12,792.97,74.38,208.76,0.864,Body
det,25.6068,1275.83,794.24,25.77,33.83,0.757,Head
cmd,25.6068,7,10
err,25.6404,8.64,12.74
dbg,25.6404,8.6,5.2,13.0,7.5
det,25.6404,1259.08,793.03,74.5,208.87,0.863,Body
det,25.6404,1275.67,794.21,25.93,33.68,0.754,Head
cmd,25.6404,3,5
err,25.6737,8.63,12.87
dbg,25.6737,8.6,2.2,12.9,3.7
det,25.6737,1259.2,793.15,74.33,208.82,0.862,Body
det,25.6737,1275.72,794.27,25.82,33.82,0.752,Head
cmd,25.6737,6,9
err,25.7065,8.61,12.78
dbg,25.7065,8.6,6.7,12.8,10.4
det,25.7065,1259.12,793.12,74.32,208.83,0.864,Body
det,25.7065,1275.8,794.23,25.62,33.72,0.758,Head
cmd,25.7065,2,2
err,25.7411,-3.01,-4.56
dbg,25.7411,8.6,1.5,12.8,1.5
det,25.7411,1246.02,776.12,78.77,207.78,0.85,Body
det,25.7411,1263.28,777.81,27.41,32.05,0.659,Head
cmd,25.7411,7,11
err,25.7762,-3.03,-4.56
dbg,25.7762,7.0,5.2,10.4,8.2
det,25.7762,1245.86,776.01,78.96,207.97,0.85,Body
det,25.7762,1263.16,777.79,27.63,32.09,0.661,Head
cmd,25.7762,2,2
err,25.8095,-6.65,-11.43
dbg,25.8095,5.6,1.5,8.4,1.5
det,25.8095,1243.08,767.63,75.05,209.14,0.856,Body
det,25.8095,1261.23,769.38,24.24,34.9,0.711,Head
cmd,25.8095,4,6
err,25.8451,-13.43,-19.28
dbg,25.8451,3.9,3.0,5.6,4.5
det,25.8451,1237.28,759.8,72.56,205.69,0.829,Body
det,25.8451,1253.23,762.54,26.68,33.06,0.686,Head
cmd,25.8451,2,2
err,25.8784,-14.35,-20.05
dbg,25.8784,1.6,1.5,2.2,1.5
det,25.8784,1236.06,760.19,71.59,200.72,0.821,Body
det,25.8784,1253.09,761.81,25.11,32.98,0.582,Head
err,25.9107,-17.84,-7.08
dbg,25.9107,-0.6,1.5,-0.7,1.5
det,25.9107,1229.98,773.71,78.87,206.9,0.82,Body
det,25.9107,1247.68,773.58,28.96,35.18,0.569,Head
err,25.9474,-7.87,-7.44
dbg,25.9474,-2.5,0.0,-1.7,0.0
det,25.9474,1230.0,772.0,84.26,205.59,0.831,Body
err,25.9799,-19.09,-16.26
dbg,25.9799,-4.6,0.0,-2.5,0.0
det,25.9799,1232.42,764.4,67.79,207.54,0.813,Body
det,25.9799,1248.03,766.49,25.76,31.38,0.646,Head
err,26.0117,-21.98,-18.12
dbg,26.0117,-6.6,0.0,-4.4,0.0
det,26.0117,1231.45,762.85,69.09,202.56,0.821,Body
det,26.0117,1244.86,764.99,26.32,30.71,0.632,Head
cmd,26.0117,-6,-4
err,26.0472,-13.5,-21.03
dbg,26.0472,-8.3,-4.5,-6.3,-3.0
det,26.0472,1232.04,758.5,68.93,204.74,0.817,Body
det,26.0472,1244.58,763.19,25.26,31.77,0.462,Head
cmd,26.0472,-4,-3
err,26.0779,-24.06,-20.57
dbg,26.0779,-10.2,-7.5,-8.2,-5.2
det,26.0779,1230.81,762.67,70.83,197.43,0.815,Body
det,26.0779,1244.96,761.5,21.97,32.58,0.556,Head
cmd,26.0779,-2,-3
err,26.1105,-21.0,-17.56
dbg,26.1105,-11.7,-4.5,-9.9,-4.5
det,26.1105,1235.01,764.43,71.65,195.15,0.793,Body
det,26.1105,1247.51,764.48,22.98,32.66,0.588,Head
cmd,26.1105,-7,-5
err,26.1462,-3.33,-5.93
dbg,26.1462,-16.8,-5.2,-14.1,-3.7
det,26.1462,1239.28,775.11,74.77,189.58,0.821,Body
det,26.1462,1275.31,784.12,25.83,31.84,0.409,Head
cmd,26.1462,-11,-10
err,26.1781,-2.05,-10.77
dbg,26.1781,-15.0,-8.2,-13.7,-7.5
det,26.1781,1238.9,769.27,78.12,199.63,0.829,Body
cmd,26.1781,-6,-6
err,26.2119,-3.15,-14.33
dbg,26.2119,-8.5,-12.7,-12.1,-11.9
det,26.2119,1238.28,765.42,77.13,202.48,0.826,Body
det,26.2119,1250.04,765.36,29.13,38.85,0.374,Head
cmd,26.2119,0,-2
err,26.2457,-1.76,-12.89
dbg,26.2457,-4.9,0.0,-12.5,-1.5
det,26.2457,1240.18,767.02,76.12,200.9,0.823,Body
det,26.2457,1251.65,765.74,26.97,35.15,0.391,Head
cmd,26.2457,-5,-10
err,26.2794,-3.49,-14.75
dbg,26.2794,-4.0,-3.7,-13.5,-7.5
det,26.2794,1238.09,764.93,76.83,203.29,0.83,Body
det,26.2794,1251.01,764.97,28.22,32.8,0.43,Head
cmd,26.2794,-2,-6
err,26.3111,4.27,-0.2
dbg,26.3111,-2.8,-5.2,-13.2,-11.9
det,26.3111,1255.83,780.49,76.52,204.58,0.852,Body
det,26.3111,1270.04,780.97,28.45,34.25,0.549,Head
cmd,26.3111,0,-2
err,26.3443,9.81,7.43
dbg,26.3443,-1.8,-1.5,-11.4,-6.0
det,26.3443,1262.28,788.95,71.73,200.47,0.836,Body
det,26.3443,1278.58,789.68,22.46,32.28,0.765,Head
cmd,26.3443,-2,-5
err,26.3778,8.48,11.94
dbg,26.3778,-0.4,-1.5,-8.8,-3.7
det,26.3778,1259.85,790.06,77.15,204.82,0.824,Body
det,26.3778,1272.42,791.92,32.13,36.4,0.635,Head
cmd,26.3778,0,-5
err,26.4124,10.4,12.82
dbg,26.4124,1.0,0.0,-5.9,-3.7
det,26.4124,1261.05,792.29,73.61,206.34,0.836,Body
det,26.4124,1276.55,794.16,27.7,33.93,0.643,Head
err,26.4445,21.51,19.47
dbg,26.4445,2.3,0.0,-3.4,-3.7
det,26.4445,1263.61,799.23,75.8,202.4,0.81,Body
err,26.4791,20.51,17.57
dbg,26.4791,4.8,0.0,-0.5,0.0
det,26.4791,1261.18,796.47,78.66,211.01,0.832,Body
det,26.4791,1281.81,799.08,25.72,35.69,0.456,Head
err,26.5164,20.18,16.8
dbg,26.5164,7.0,0.0,2.0,0.0
det,26.5164,1260.87,795.59,78.62,212.1,0.829,Body
det,26.5164,1283.34,798.67,25.54,37.27,0.384,Head
err,26.5499,20.89,20.31
dbg,26.5499,8.8,0.0,4.1,0.0
det,26.5499,1261.39,799.47,79.02,208.39,0.829,Body
cmd,26.5499,8,4
err,26.5797,21.13,17.88
dbg,26.5797,10.5,6.0,6.0,3.0
det,26.5797,1261.2,796.76,79.86,211.21,0.834,Body
det,26.5797,1281.22,798.85,26.15,33.07,0.386,Head
cmd,26.5797,5,3
err,26.6115,21.12,17.85
dbg,26.6115,16.3,9.7,12.5,5.2
det,26.6115,1260.84,796.74,80.56,211.1,0.833,Body
cmd,26.6115,6,7
err,26.6497,7.92,13.99
dbg,26.6497,19.0,4.5,15.5,5.2
det,26.6497,1257.54,791.66,74.98,214.26,0.86,Body
det,26.6497,1272.39,791.91,31.05,40.15,0.574,Head
cmd,26.6497,13,9
err,26.6794,7.92,13.95
dbg,26.6794,12.9,9.7,14.7,6.7
det,26.6794,1257.52,791.69,75.03,214.34,0.861,Body
det,26.6794,1272.47,791.92,30.9,40.06,0.582,Head
cmd,26.6794,3,8
err,26.714,-0.25,7.29
dbg,26.714,10.2,11.9,14.3,12.7
det,26.714,1249.69,786.61,73.7,209.05,0.844,Body
det,26.714,1266.27,787.22,26.96,36.49,0.629,Head
cmd,26.714,0,2
err,26.7472,-0.35,7.4
dbg,26.7472,4.4,0.0,10.5,1.5
det,26.7472,1249.87,786.69,73.29,208.94,0.844,Body
det,26.7472,1266.16,787.27,26.99,36.6,0.623,Head
cmd,26.7472,4,8
err,26.7787,-2.14,0.02
dbg,26.7787,1.8,3.0,8.7,7.5
det,26.7787,1238.7,779.02,78.31,209.97,0.815,Body
det,26.7787,1255.79,779.0,32.42,37.76,0.44,Head
cmd,26.7787,0,2
err,26.8126,-12.09,-7.61
dbg,26.8126,-0.4,3.0,3.9,7.5
det,26.8126,1237.71,773.27,77.54,203.07,0.814,Body
det,26.8126,1252.25,773.0,31.3,35.25,0.602,Head
err,26.8484,-15.23,-12.49
dbg,26.8484,-6.8,0.0,-2.4,0.0
det,26.8484,1233.11,763.14,77.74,212.68,0.818,Body
det,26.8484,1250.02,768.01,29.5,35.44,0.691,Head
err,26.8781,-15.23,-12.62
dbg,26.8781,-11.4,0.0,-8.0,0.0
det,26.8781,1233.0,763.15,77.96,212.59,0.818,Body
det,26.8781,1250.03,768.0,29.47,35.24,0.691,Head
cmd,26.8781,-11,-7
err,26.9118,-15.22,-12.59
dbg,26.9118,-13.5,-8.2,-10.5,-5.2
det,26.9118,1233.18,763.37,77.65,212.37,0.819,Body
det,26.9118,1250.1,768.04,29.37,35.22,0.689,Head
cmd,26.9118,-5,-5
err,26.9465,-15.28,-14.16
dbg,26.9465,-14.5,-3.7,-11.7,-3.7
det,26.9465,1232.5,763.17,79.03,211.02,0.826,Body
det,26.9465,1249.71,766.35,30.04,35.43,0.61,Head
cmd,26.9465,-10,-8
err,26.978,-6.09,-9.13
dbg,26.978,-14.9,-11.2,-12.2,-9.7
det,26.978,1244.52,771.21,73.41,207.33,0.85,Body
det,26.978,1262.15,772.28,23.5,33.8,0.782,Head
cmd,26.978,-3,-2
err,27.0156,-4.17,-5.71
dbg,27.0156,-10.0,-2.2,-10.5,-1.5
det,27.0156,1245.26,774.35,77.09,208.58,0.849,Body
det,27.0156,1261.99,776.21,27.68,32.87,0.698,Head
cmd,27.0156,-8,-9
err,27.0614,-4.2,-5.86
dbg,27.0614,-6.8,-6.0,-7.9,-6.7
det,27.0614,1245.07,774.39,77.28,208.55,0.85,Body
det,27.0614,1262.05,776.13,27.5,32.74,0.705,Head
cmd,27.0614,-2,-2
err,27.0966,6.57,2.09
dbg,27.0966,-5.4,-1.5,-6.7,-1.5
det,27.0966,1255.07,782.87,77.47,208.12,0.836,Body
det,27.0966,1271.53,782.41,30.08,35.78,0.609,Head
cmd,27.0966,-4,-5
err,27.1298,11.36,7.6
dbg,27.1298,1.2,-3.0,-1.9,-3.7
det,27.1298,1261.81,791.74,76.12,202.81,0.823,Body
det,27.1298,1278.81,789.75,25.11,32.47,0.496,Head
err,27.1626,21.31,14.65
dbg,27.1626,6.8,-3.0,3.3,-3.7
det,27.1626,1263.74,794.43,75.15,202.23,0.823,Body
det,27.1626,1281.76,793.96,24.93,32.82,0.442,Head
err,27.1955,17.15,14.54
dbg,27.1955,12.5,0.0,9.5,0.0
det,27.1955,1268.84,796.38,72.43,204.94,0.838,Body
det,27.1955,1286.27,796.62,21.77,32.6,0.536,Head
cmd,27.1955,12,9
err,27.2297,17.15,14.46
dbg,27.2297,15.1,9.0,12.3,6.7
det,27.2297,1268.83,796.15,72.41,205.12,0.837,Body
det,27.2297,1286.2,796.55,21.9,32.56,0.542,Head
cmd,27.2297,5,5
err,27.263,17.18,14.37
dbg,27.263,16.2,3.7,13.5,3.7
det,27.263,1268.89,796.18,72.31,205.07,0.837,Body
det,27.263,1286.34,796.55,21.68,32.4,0.537,Head
cmd,27.263,12,9
err,27.2971,17.15,14.31
dbg,27.2971,16.7,9.0,14.0,6.7
det,27.2971,1268.93,796.06,72.3,205.08,0.836,Body
det,27.2971,1286.19,796.42,21.91,32.53,0.543,Head
cmd,27.2971,7,7
err,27.3284,7.06,7.5
dbg,27.3284,17.0,14.2,14.2,11.9
det,27.3284,1258.12,785.15,76.08,210.86,0.832,Body
det,27.3284,1271.62,787.25,30.89,36.81,0.727,Head
cmd,27.3284,3,2
err,27.3634,2.75,4.55
dbg,27.3634,11.5,7.5,10.5,6.7
det,27.3634,1253.35,783.6,76.92,207.89,0.838,Body
det,27.3634,1267.09,784.04,31.32,37.29,0.616,Head
cmd,27.3634,4,4
err,27.397,-5.84,-4.78
dbg,27.397,6.7,3.0,7.2,3.0
det,27.397,1244.2,775.01,77.54,208.85,0.839,Body
det,27.397,1260.16,777.3,27.99,32.59,0.511,Head
cmd,27.397,3,4
err,27.4291,-8.2,-9.21
dbg,27.4291,5.0,5.2,5.6,6.0
det,27.4291,1240.55,770.8,75.29,209.16,0.836,Body
det,27.4291,1259.13,772.03,25.34,34.12,0.687,Head
err,27.4628,-12.02,-10.62
dbg,27.4628,3.2,2.2,3.5,3.0
det,27.4628,1239.66,771.77,73.3,204.09,0.827,Body
det,27.4628,1255.14,771.19,25.69,33.08,0.56,Head
err,27.4978,-15.23,-12.43
dbg,27.4978,1.1,0.0,1.6,0.0
det,27.4978,1233.57,763.41,77.27,212.47,0.819,Body
det,27.4978,1249.7,767.77,30.13,36.0,0.666,Head
err,27.5312,-15.23,-12.42
dbg,27.5312,-1.2,0.0,-0.3,0.0
det,27.5312,1233.46,763.38,77.4,212.8,0.819,Body
det,27.5312,1249.67,767.85,30.21,35.88,0.671,Head
err,27.5638,-18.24,-16.17
dbg,27.5638,-3.1,0.0,-2.0,0.0
det,27.5638,1230.39,760.38,78.73,211.79,0.828,Body
det,27.5638,1247.7,765.53,28.11,33.27,0.572,Head
err,27.597,-18.21,-16.08
dbg,27.597,-5.2,0.0,-3.9,0.0
det,27.597,1230.59,760.48,78.53,211.86,0.827,Body
det,27.597,1247.73,765.57,28.12,33.36,0.557,Head
err,27.6299,-18.15,-15.97
dbg,27.6299,-7.0,0.0,-5.6,0.0
det,27.6299,1230.46,760.24,78.75,212.07,0.827,Body
det,27.6299,1247.65,765.51,28.4,33.67,0.559,Head
cmd,27.6299,-7,-5
err,27.6636,-18.25,-16.1
dbg,27.6636,-13.2,-5.2,-11.4,-3.7
det,27.6636,1230.63,760.46,78.56,211.77,0.827,Body
det,27.6636,1247.78,765.54,27.93,33.39,0.554,Head
cmd,27.6636,-7,-7
err,27.6968,-18.22,-16.26
dbg,27.6968,-15.9,-5.2,-14.0,-5.2
det,27.6968,1230.77,760.75,78.45,211.52,0.827,Body
det,27.6968,1247.9,765.54,27.76,33.1,0.553,Head
cmd,27.6968,-10,-9
err,27.7312,-18.18,-16.19
dbg,27.7312,-17.2,-7.5,-15.2,-6.7
det,27.7312,1230.75,760.56,78.45,211.84,0.828,Body
det,27.7312,1247.94,765.52,27.75,33.26,0.565,Head
cmd,27.7312,-9,-8
err,27.7637,-7.84,-6.36
dbg,27.7637,-17.7,-6.7,-15.7,-6.0
det,27.7637,1243.19,771.71,75.27,209.36,0.842,Body
det,27.7637,1257.4,773.92,29.52,35.86,0.625,Head
cmd,27.7637,-10,-9
err,27.7962,-7.67,-6.41
dbg,27.7962,-12.3,-14.2,-10.6,-12.7
det,27.7962,1243.01,771.85,75.55,209.18,0.842,Body
det,27.7962,1257.69,774.02,29.29,35.59,0.64,Head
err,27.8304,-0.93,0.53
dbg,27.8304,-12.3,-14.2,-10.6,-12.7
det,27.8304,1247.14,778.47,79.7,209.8,0.839,Body
det,27.8304,1262.96,779.57,32.22,38.11,0.658,Head
err,27.864,7.36,6.16
dbg,27.864,-9.8,0.0,-8.3,0.0
det,27.864,1257.62,786.38,74.54,207.57,0.843,Body
det,27.864,1273.85,786.83,27.02,35.14,0.673,Head
cmd,27.864,-10,-7
err,27.8985,23.31,20.79
dbg,27.8985,-7.4,-7.5,-6.3,-5.2
det,27.8985,1266.72,800.74,73.19,200.49,0.827,Body
det,27.8985,1286.92,797.22,20.09,31.16,0.393,Head
cmd,27.8985,0,-2
err,27.9321,23.27,20.85
dbg,27.9321,-3.2,0.0,-2.6,-1.5
det,27.9321,1266.67,800.81,73.19,200.41,0.828,Body
det,27.9321,1287.1,797.25,19.97,31.12,0.395,Head
err,27.9656,29.29,20.83
dbg,27.9656,0.5,0.0,0.7,0.0
det,27.9656,1271.19,800.24,76.2,205.92,0.85,Body
det,27.9656,1287.07,798.31,29.4,38.24,0.477,Head
err,27.9975,22.12,19.44
dbg,27.9975,3.6,0.0,3.4,0.0
det,27.9975,1273.18,800.47,73.8,207.61,0.851,Body
det,27.9975,1289.71,800.38,24.83,34.65,0.567,Head
err,28.0308,21.98,19.53
dbg,28.0308,6.1,0.0,5.6,0.0
det,28.0308,1273.15,799.93,73.98,208.29,0.851,Body
det,28.0308,1289.25,800.28,25.48,34.99,0.575,Head
cmd,28.0308,6,5
err,28.0647,22.14,19.65
dbg,28.0647,8.3,4.5,7.6,3.7
det,28.0647,1273.11,799.72,73.77,208.24,0.852,Body
det,28.0647,1289.81,800.7,24.66,34.46,0.63,Head
cmd,28.0647,3,4
err,28.0983,22.13,19.69
dbg,28.0983,10.2,2.2,9.2,3.0
det,28.0983,1273.11,799.85,73.89,208.19,0.852,Body
det,28.0983,1289.71,800.63,24.84,34.66,0.624,Head
cmd,28.0983,8,6
err,28.1314,22.28,19.66
dbg,28.1314,16.8,6.0,15.0,4.5
det,28.1314,1273.09,800.15,73.9,207.91,0.852,Body
det,28.1314,1289.99,800.6,24.57,34.65,0.619,Head
cmd,28.1314,10,10
err,28.1639,17.34,14.12
dbg,28.1639,19.7,13.4,17.5,11.9
det,28.1639,1266.73,796.02,71.99,203.68,0.829,Body
det,28.1639,1287.25,796.61,20.18,31.84,0.523,Head
cmd,28.1639,6,5
err,28.1978,17.35,14.22
dbg,28.1978,18.4,11.9,15.7,11.2
det,28.1978,1267.86,797.36,72.09,203.97,0.83,Body
det,28.1978,1287.26,796.73,20.18,31.8,0.516,Head
cmd,28.1978,6,4
err,28.2311,0.39,1.57
dbg,28.2311,18.4,11.9,15.7,11.2
det,28.2311,1248.57,779.86,80.29,209.49,0.836,Body
det,28.2311,1264.32,780.21,32.13,38.83,0.599,Head
err,28.2653,0.34,1.86
dbg,28.2653,18.4,11.9,15.7,11.2
det,28.2653,1248.59,779.92,80.43,209.27,0.836,Body
det,28.2653,1264.18,780.3,32.32,39.2,0.608,Head
err,28.2987,-7.7,13.18
dbg,28.2987,17.8,0.0,14.8,0.0
det,28.2987,1243.85,791.21,71.51,211.05,0.852,Body
det,28.2987,1258.43,793.84,27.74,35.16,0.763,Head
cmd,28.2987,17,14
err,28.9203,-95.97,-4.65
dbg,28.9203,-96.0,0.0,-4.7,0.0
det,28.9203,1163.78,783.58,40.51,117.62,0.793,Body
det,28.9203,1173.75,784.5,17.47,23.95,0.402,Head
cmd,28.9203,-45,-2
err,28.9548,-51.68,-1.81
dbg,28.9548,-51.7,0.0,-1.8,0.0
det,28.9548,1208.93,785.56,39.15,114.44,0.762,Body
det,28.9548,1220.77,786.35,15.11,21.51,0.479,Head
cmd,28.9548,-45,-2
err,28.9959,-36.46,2.39
dbg,28.9959,-49.6,-33.6,-1.2,-1.5
det,28.9959,1226.09,785.07,36.98,114.93,0.79,Body
det,28.9959,1234.69,789.32,17.7,23.75,0.511,Head
cmd,28.9959,-15,0
err,29.0338,-1.59,-5.62
dbg,29.0338,-1.6,0.0,-5.6,0.0
det,29.0338,1259.43,782.22,37.96,121.54,0.804,Body
det,29.0338,1267.79,783.3,17.97,23.68,0.45,Head
cmd,29.0338,-2,-5
err,29.0682,27.43,4.69
dbg,29.0682,27.4,0.0,4.7,0.0
det,29.0682,1289.28,788.03,38.81,113.23,0.802,Body
det,29.0682,1299.07,792.48,16.73,22.2,0.551,Head
cmd,29.0682,26,4
err,29.1035,39.83,-2.34
dbg,29.1035,29.1,19.4,4.7,3.0
det,29.1035,1296.32,784.24,41.71,117.52,0.795,Body
det,29.1035,1312.0,784.45,15.65,24.01,0.461,Head
cmd,29.1035,9,2
err,29.1355,39.89,6.57
dbg,29.1355,35.0,6.7,4.7,1.5
det,29.1355,1300.32,791.19,40.37,116.12,0.798,Body
det,29.1355,1311.61,793.93,16.56,22.98,0.584,Head
cmd,29.1355,26,3
err,29.1724,20.45,5.33
dbg,29.1724,37.7,19.4,5.0,2.2
det,29.1724,1280.37,788.43,39.15,116.21,0.775,Body
det,29.1724,1291.66,793.45,17.57,21.6,0.512,Head
cmd,29.1724,18,3
err,29.2044,14.64,-3.14
dbg,29.2044,35.3,13.4,5.1,2.2
det,29.2044,1275.11,785.01,39.06,118.53,0.766,Body
cmd,29.2044,20,2
err,29.2381,-5.27,-2.43
dbg,29.2381,32.5,28.4,4.0,3.7
det,29.2381,1256.39,783.72,37.93,115.17,0.787,Body
det,29.2381,1266.91,785.27,15.64,22.37,0.518,Head
cmd,29.2381,4,2
err,29.2708,-5.3,-2.35
dbg,29.2708,27.3,17.9,3.2,3.0
det,29.2708,1256.49,783.83,37.69,115.0,0.787,Body
det,29.2708,1266.92,785.39,15.57,22.3,0.513,Head
cmd,29.2708,9,2
err,29.3029,-18.38,-1.99
dbg,29.3029,22.8,9.7,2.4,3.0
det,29.3029,1243.4,786.62,36.43,113.86,0.755,Body
cmd,29.3029,12,0
err,29.3371,-36.85,-3.75
dbg,29.3371,17.1,15.7,1.7,1.5
det,29.3371,1225.12,782.4,37.85,109.09,0.776,Body
det,29.3371,1235.16,784.65,15.99,21.08,0.555,Head
cmd,29.3371,2,2
err,29.3701,-43.36,-6.61
dbg,29.3701,9.7,1.5,1.0,1.5
det,29.3701,1216.27,781.06,40.09,108.49,0.779,Body
det,29.3701,1228.66,780.51,15.97,23.42,0.611,Head
cmd,29.3701,8,0
err,29.4035,-52.41,-6.15
dbg,29.4035,2.4,7.5,0.0,1.5
det,29.4035,1209.24,782.87,38.93,106.76,0.775,Body
det,29.4035,1219.78,782.04,15.63,21.46,0.567,Head
err,29.4396,-54.23,-7.42
dbg,29.4396,-5.1,0.0,-0.9,0.0
det,29.4396,1208.56,779.8,36.05,110.0,0.781,Body
det,29.4396,1218.04,780.53,15.47,21.91,0.629,Head
cmd,29.4396,-5,-2
err,29.4707,-54.26,-7.44
dbg,29.4707,-11.9,-3.7,-1.8,-1.5
det,29.4707,1208.5,779.87,36.12,109.8,0.78,Body
det,29.4707,1218.04,780.56,15.4,21.82,0.63,Head
cmd,29.4707,-7,-2
err,29.5035,-60.43,-6.82
dbg,29.5035,-17.7,-9.0,-2.6,-3.0
det,29.5035,1199.28,777.39,40.15,113.55,0.786,Body
det,29.5035,1211.42,779.33,16.31,25.17,0.633,Head
cmd,29.5035,-9,0
err,29.5391,-56.63,-6.04
dbg,29.5391,-23.1,-6.7,-3.2,0.0
det,29.5391,1203.97,782.74,39.27,109.79,0.773,Body
det,29.5391,1215.13,781.4,16.5,22.85,0.562,Head
cmd,29.5391,-15,-3
err,29.5702,-50.48,-5.18
dbg,29.5702,-27.7,-17.9,-3.6,-2.2
det,29.5702,1211.34,782.47,37.27,109.0,0.76,Body
det,29.5702,1221.83,783.22,15.39,21.09,0.437,Head
cmd,29.5702,-9,-2
err,29.6047,-44.06,-2.43
dbg,29.6047,-30.8,-17.9,-3.8,-3.7
det,29.6047,1215.92,785.56,39.43,108.29,0.769,Body
det,29.6047,1228.1,785.82,15.69,21.36,0.532,Head
cmd,29.6047,-12,-2
err,29.6364,-32.45,-5.42
dbg,29.6364,-32.6,-15.7,-4.0,-3.0
det,29.6364,1227.54,782.8,40.02,117.78,0.796,Body
det,29.6364,1237.37,784.41,17.41,23.8,0.424,Head
cmd,29.6364,-16,-2
err,29.6712,-25.45,-0.8
dbg,29.6712,-32.5,-20.9,-3.1,-3.0
det,29.6712,1234.93,786.77,37.74,112.57,0.785,Body
det,29.6712,1246.39,787.12,16.33,21.96,0.486,Head
cmd,29.6712,-11,-2
err,29.7055,-25.32,-0.88
dbg,29.7055,-28.6,-8.2,-1.9,-1.5
det,29.7055,1234.86,786.68,37.93,112.74,0.784,Body
det,29.7055,1246.47,787.06,16.41,21.93,0.489,Head
cmd,29.7055,-19,-2
err,29.7378,-16.89,-5.26
dbg,29.7378,-26.8,-22.4,-1.3,-3.0
det,29.7378,1243.39,783.13,39.45,116.08,0.789,Body
cmd,29.7378,-4,0
err,29.7716,-4.69,-4.32
dbg,29.7716,-21.4,-17.2,-3.0,-1.5
det,29.7716,1256.6,784.12,37.42,115.61,0.794,Body
det,29.7716,1268.21,784.92,14.94,21.91,0.435,Head
cmd,29.7716,-4,-2
err,29.8044,1.76,0.78
dbg,29.8044,-21.4,-17.2,-3.0,-1.5
det,29.8044,1262.34,789.5,38.84,112.8,0.79,Body
det,29.8044,1274.01,792.85,17.12,22.12,0.426,Head
err,29.839,16.67,-0.9
dbg,29.839,-19.1,0.0,-3.2,0.0
det,29.839,1275.94,787.29,41.46,118.07,0.775,Body
det,29.839,1288.24,790.51,18.51,23.72,0.397,Head
cmd,29.839,-18,-3
err,29.8704,19.32,7.14
dbg,29.8704,-14.1,-13.4,-2.8,-2.2
det,29.8704,1279.99,791.93,39.12,113.65,0.777,Body
det,29.8704,1290.56,794.54,17.51,22.9,0.539,Head
cmd,29.8704,-2,-2
err,29.9045,21.27,5.91
dbg,29.9045,-9.5,-14.9,-1.6,-3.7
det,29.9045,1281.73,787.82,40.92,121.55,0.78,Body
det,29.9045,1291.51,792.64,19.53,24.12,0.539,Head
err,29.938,36.04,7.94
dbg,29.938,-5.3,0.0,-0.4,0.0
det,29.938,1296.52,792.75,39.04,112.84,0.788,Body
det,29.938,1308.1,794.5,15.88,24.43,0.623,Head
cmd,29.938,-5,-2
err,29.9704,37.56,9.2
dbg,29.9704,0.4,-3.7,0.7,-1.5
det,29.9704,1299.72,795.62,36.57,115.99,0.772,Body
det,29.9704,1309.95,796.66,15.21,22.81,0.508,Head
err,30.0048,37.47,9.33
dbg,30.0048,5.5,0.0,1.9,0.0
det,30.0048,1299.3,796.04,37.1,115.84,0.772,Body
det,30.0048,1309.76,796.7,15.42,22.97,0.503,Head
cmd,30.0048,5,2
err,30.0378,42.12,11.42
dbg,30.0378,9.9,3.7,2.9,1.5
det,30.0378,1303.17,799.17,38.17,115.49,0.768,Body
det,30.0378,1314.43,799.57,15.37,21.56,0.556,Head
cmd,30.0378,6,2
err,30.071,42.19,11.41
dbg,30.071,14.3,8.2,4.1,3.0
det,30.071,1303.21,799.15,38.22,115.38,0.769,Body
det,30.071,1314.48,799.56,15.41,21.54,0.556,Head
cmd,30.071,6,2
err,30.1046,37.46,9.27
dbg,30.1046,18.1,4.5,5.1,1.5
det,30.1046,1299.24,795.94,37.21,115.81,0.773,Body
det,30.1046,1309.75,796.66,15.42,22.93,0.505,Head
cmd,30.1046,12,3
err,30.1376,37.42,9.34
dbg,30.1376,20.8,13.4,5.7,3.7
det,30.1376,1299.23,796.1,37.18,115.76,0.773,Body
det,30.1376,1309.65,796.69,15.55,22.99,0.503,Head
cmd,30.1376,7,2
err,30.1711,33.95,7.73
dbg,30.1711,23.1,14.2,6.2,3.7
det,30.1711,1294.17,790.8,40.26,116.45,0.807,Body
det,30.1711,1305.17,794.6,17.58,23.86,0.484,Head
cmd,30.1711,9,2
err,30.2049,28.02,5.71
dbg,30.2049,29.1,6.7,7.0,1.5
det,30.2049,1290.58,787.76,39.0,119.63,0.793,Body
det,30.2049,1298.82,792.77,18.4,23.52,0.586,Head
cmd,30.2049,21,6
err,30.238,19.23,6.9
dbg,30.238,28.5,15.7,7.0,4.5
det,30.238,1279.23,791.26,39.67,114.36,0.772,Body
det,30.238,1290.24,794.31,17.97,22.9,0.524,Head
cmd,30.238,12,2
err,30.2713,14.42,-3.9
dbg,30.2713,23.4,24.6,6.3,6.0
det,30.2713,1273.87,784.24,41.12,118.53,0.775,Body
det,30.2713,1283.16,791.48,19.93,23.27,0.352,Head
cmd,30.2713,0,2
err,30.3062,7.24,4.19
dbg,30.3062,18.5,0.0,5.1,1.5
det,30.3062,1267.85,788.18,40.21,111.14,0.788,Body
det,30.3062,1278.12,792.09,18.23,22.0,0.524,Head
cmd,30.3062,17,3
err,30.338,-15.54,-6.1
dbg,30.338,12.3,12.7,0.2,2.2
det,30.338,1243.84,782.72,41.25,111.74,0.781,Body
err,30.3712,-16.02,-6.22
dbg,30.3712,8.5,12.7,-0.7,2.2
det,30.3712,1243.94,782.51,40.08,112.67,0.784,Body
cmd,30.3712,0,-2
err,30.4056,-29.39,-6.19
dbg,30.4056,5.1,0.0,-1.5,-1.5
det,30.4056,1230.27,780.38,40.26,110.16,0.789,Body
det,30.4056,1242.51,780.24,16.2,24.67,0.517,Head
cmd,30.4056,5,0
err,30.4395,-29.4,-6.2
dbg,30.4395,0.4,3.7,-2.1,0.0
det,30.4395,1230.42,780.38,40.09,110.01,0.789,Body
det,30.4395,1242.48,780.23,16.24,24.68,0.517,Head
err,30.472,-29.3,-5.41
dbg,30.472,-3.7,3.7,-2.7,0.0
det,30.472,1230.94,781.88,38.16,108.21,0.793,Body
det,30.472,1242.94,781.78,15.52,23.28,0.523,Head
cmd,30.472,-7,-3
err,30.5069,-34.26,-6.47
dbg,30.5069,-7.3,-5.2,-3.2,-2.2
det,30.5069,1226.6,778.98,41.28,112.76,0.788,Body
det,30.5069,1237.26,780.94,16.96,22.9,0.506,Head
cmd,30.5069,-2,-2
err,30.5383,-34.23,-6.5
dbg,30.5383,-11.0,-6.7,-3.6,-3.7
det,30.5383,1226.6,778.91,41.13,112.77,0.788,Body
det,30.5383,1237.27,780.82,16.99,23.04,0.504,Head
cmd,30.5383,-4,0
err,30.5721,-27.7,-0.75
dbg,30.5721,-14.2,-4.5,-4.0,-1.5
det,30.5721,1232.13,786.87,39.65,109.85,0.798,Body
det,30.5721,1244.13,787.43,16.35,21.49,0.519,Head
cmd,30.5721,-9,-2
err,30.6077,-25.31,-1.56
dbg,30.6077,-16.0,-6.7,-3.7,-1.5
det,30.6077,1234.53,784.96,38.93,113.48,0.783,Body
det,30.6077,1246.38,786.33,16.61,22.02,0.567,Head
cmd,30.6077,-9,-2
err,30.6409,-21.73,-2.41
dbg,30.6409,-21.1,-6.7,-2.5,-1.5
det,30.6409,1237.69,786.93,40.0,112.21,0.759,Body
det,30.6409,1250.72,786.05,15.11,20.97,0.459,Head
cmd,30.6409,-13,-2
err,30.674,-15.86,-4.33
dbg,30.674,-21.5,-16.4,-2.5,-3.0
det,30.674,1244.14,784.03,40.0,116.49,0.782,Body
cmd,30.674,-5,0
err,30.7067,-8.65,-1.0
dbg,30.7067,-18.4,-13.4,-2.4,-1.5
det,30.7067,1250.01,785.37,39.44,115.93,0.755,Body
det,30.7067,1263.31,786.73,16.07,22.31,0.452,Head
cmd,30.7067,-5,-2
err,30.7402,-0.34,-4.98
dbg,30.7402,-13.0,-7.5,-3.5,-1.5
det,30.7402,1259.4,783.25,40.53,117.73,0.807,Body
det,30.7402,1267.69,782.5,18.92,25.73,0.353,Head
cmd,30.7402,-5,-2
err,30.7733,2.47,2.13
dbg,30.7733,-11.3,-7.5,-3.1,-3.0
det,30.7733,1262.45,784.79,41.37,115.02,0.805,Body
det,30.7733,1272.39,788.04,20.15,25.62,0.493,Head
cmd,30.7733,-4,-2
err,30.8064,2.51,2.15
dbg,30.8064,-9.4,-6.7,-2.4,-3.0
det,30.8064,1262.52,784.82,41.4,115.0,0.806,Body
det,30.8064,1272.37,788.08,20.27,25.58,0.494,Head
cmd,30.8064,-2,0
err,30.8397,8.07,-3.23
dbg,30.8397,-2.8,-4.5,0.1,-1.5
det,30.8397,1267.03,784.26,40.42,117.35,0.773,Body
det,30.8397,1280.1,784.02,15.95,23.19,0.456,Head
err,30.8734,8.06,-3.18
dbg,30.8734,3.2,0.0,-1.7,0.0
det,30.8734,1267.19,784.33,40.14,117.21,0.772,Body
det,30.8734,1280.14,784.11,15.83,23.13,0.455,Head
err,30.9067,16.34,-0.73
dbg,30.9067,5.9,0.0,-2.5,0.0
det,30.9067,1275.25,787.2,42.19,120.7,0.79,Body
cmd,30.9067,5,-2
err,30.9394,16.38,-0.84
dbg,30.9394,11.6,3.7,-1.6,-1.5
det,30.9394,1275.24,787.06,42.29,121.0,0.791,Body
cmd,30.9394,8,-2
err,30.974,16.28,-0.79
dbg,30.974,14.2,6.0,-1.2,-1.5
det,30.974,1275.26,787.12,42.05,120.93,0.789,Body
cmd,30.974,8,0
err,31.0064,16.16,2.13
dbg,31.0064,15.4,6.0,-1.0,0.0
det,31.0064,1275.54,790.32,41.24,118.07,0.786,Body
cmd,31.0064,8,-2
err,31.0413,10.41,5.62
dbg,31.0413,15.8,6.0,0.7,-1.5
det,31.0413,1273.17,790.16,38.92,116.62,0.785,Body
det,31.0413,1281.14,794.11,18.53,20.92,0.558,Head
cmd,31.0413,10,2
err,31.0738,1.14,1.92
dbg,31.0738,12.8,7.5,1.5,1.5
det,31.0738,1260.36,790.18,41.56,117.31,0.806,Body
cmd,31.0738,5,2
err,31.1078,-5.36,6.47
dbg,31.1078,6.4,11.2,3.8,3.0
det,31.1078,1254.64,790.74,39.7,119.49,0.778,Body
det,31.1078,1266.63,794.11,16.03,22.48,0.543,Head
cmd,31.1078,0,2
err,31.14,-12.64,5.33
dbg,31.14,-0.1,3.7,4.6,3.0
det,31.14,1246.73,790.22,40.28,118.27,0.781,Body
det,31.14,1258.78,792.69,17.18,22.98,0.551,Head
cmd,31.14,-4,2
err,31.1746,-16.38,0.3
dbg,31.1746,-1.8,-3.0,4.7,1.5
det,31.1746,1242.82,788.12,41.6,121.82,0.798,Body
det,31.1746,1252.39,793.52,19.17,22.96,0.415,Head
cmd,31.1746,0,3
err,31.2063,-18.47,6.0
dbg,31.2063,-3.8,-3.0,4.8,3.7
det,31.2063,1243.38,789.09,41.3,117.03,0.794,Body
det,31.2063,1252.73,793.41,17.61,22.89,0.48,Head
cmd,31.2063,-2,2
err,31.2401,-14.16,-0.62
dbg,31.2401,-5.5,-1.5,4.2,3.7
det,31.2401,1245.87,787.35,39.93,120.27,0.774,Body
det,31.2401,1257.72,792.39,18.08,21.89,0.391,Head
cmd,31.2401,-4,2
err,31.2733,-13.7,-0.35
dbg,31.2733,-10.3,-3.0,1.7,1.5
det,31.2733,1246.5,788.17,39.6,114.87,0.784,Body
det,31.2733,1257.4,791.38,18.9,21.98,0.426,Head
cmd,31.2733,-7,2
err,31.307,-13.02,2.5
dbg,31.307,-12.2,-5.2,0.6,1.5
det,31.307,1247.54,787.41,39.98,111.54,0.785,Body
det,31.307,1257.21,790.05,19.55,22.64,0.465,Head
cmd,31.307,-6,0
err,31.3421,-8.52,-1.38
dbg,31.3421,-12.6,-4.5,0.1,0.0
det,31.3421,1249.97,785.24,39.24,115.2,0.79,Body
det,31.3421,1263.46,786.49,16.05,22.06,0.517,Head
cmd,31.3421,-8,2
err,31.3752,-3.56,-2.85
dbg,31.3752,-10.4,-6.0,-0.7,1.5
det,31.3752,1256.94,785.67,39.0,114.79,0.795,Body
det,31.3752,1267.6,786.08,16.84,21.87,0.434,Head
cmd,31.3752,-4,-2
err,31.4064,0.14,-6.71
dbg,31.4064,-6.6,-9.0,-1.9,0.0
det,31.4064,1260.0,781.22,40.27,120.65,0.783,Body
cmd,31.4064,0,-2
err,31.4407,0.13,-6.62
dbg,31.4407,-2.9,-3.0,-4.5,-3.0
det,31.4407,1260.01,781.35,40.23,120.38,0.783,Body
cmd,31.4407,0,-2
err,31.4741,0.11,-6.72
dbg,31.4741,-1.2,0.0,-5.7,-1.5
det,31.4741,1259.99,781.22,40.23,120.64,0.783,Body
cmd,31.4741,-2,-4
err,31.5068,8.7,-3.1
dbg,31.5068,-0.5,-1.5,-6.2,-4.5
det,31.5068,1269.67,785.37,39.08,113.95,0.772,Body
det,31.5068,1280.55,784.42,16.29,22.69,0.443,Head
cmd,31.5068,0,-2
err,31.5415,8.46,-2.3
dbg,31.5415,4.4,0.0,-4.5,-1.5
det,31.5415,1269.33,786.24,39.63,112.51,0.775,Body
det,31.5415,1280.22,784.99,16.47,23.12,0.47,Head
cmd,31.5415,4,-3
err,31.5743,8.92,5.57
dbg,31.5743,6.8,3.0,-3.3,-2.2
det,31.5743,1270.79,789.48,39.55,117.27,0.775,Body
det,31.5743,1279.89,794.29,18.07,20.5,0.528,Head
cmd,31.5743,4,-2
err,31.6068,9.22,6.16
dbg,31.6068,8.0,6.0,1.6,-3.7
det,31.6068,1272.1,791.13,38.97,115.52,0.774,Body
det,31.6068,1280.73,794.72,16.98,20.8,0.567,Head
cmd,31.6068,2,5
err,31.6414,9.21,6.15
dbg,31.6414,8.6,1.5,4.1,3.7
det,31.6414,1272.07,791.1,38.95,115.59,0.774,Body
det,31.6414,1280.72,794.72,16.98,20.77,0.565,Head
cmd,31.6414,7,2
err,31.674,5.79,7.98
dbg,31.674,9.0,5.2,5.2,1.5
det,31.674,1267.24,791.24,40.88,118.03,0.774,Body
det,31.674,1276.17,794.69,19.25,24.16,0.627,Head
cmd,31.674,3,4
err,31.7092,3.56,7.54
dbg,31.7092,7.2,2.2,6.5,3.0
det,31.7092,1265.12,789.65,39.08,118.19,0.782,Body
det,31.7092,1275.92,794.72,15.27,23.3,0.518,Head
cmd,31.7092,5,3
err,31.7439,-1.29,-2.89
dbg,31.7439,5.2,3.7,7.1,2.2
det,31.7439,1257.95,785.07,41.52,120.48,0.796,Body
det,31.7439,1266.65,791.06,20.41,23.62,0.413,Head
cmd,31.7439,2,4
err,31.7762,-5.26,2.2
dbg,31.7762,1.6,1.5,4.4,3.0
det,31.7762,1257.28,785.56,37.93,112.32,0.791,Body
det,31.7762,1266.17,789.79,17.14,22.57,0.474,Head
cmd,31.7762,2,2
err,31.8107,-6.29,-2.35
dbg,31.8107,-2.2,1.5,0.7,1.5
det,31.8107,1251.94,785.01,40.37,114.48,0.8,Body
det,31.8107,1265.09,785.15,17.23,22.72,0.555,Head
err,31.8439,-8.27,-4.68
dbg,31.8439,-4.4,0.0,-1.0,0.0
det,31.8439,1251.49,783.97,37.56,112.19,0.788,Body
det,31.8439,1263.99,783.61,15.47,21.29,0.522,Head
cmd,31.8439,-4,-2
err,31.876,-10.78,-6.7
dbg,31.876,-6.5,-3.0,-3.0,-1.5
det,31.876,1249.29,780.69,38.28,110.47,0.785,Body
det,31.876,1261.56,781.29,15.32,21.84,0.591,Head
cmd,31.876,-3,-2
err,31.9106,-10.76,-6.66
dbg,31.9106,-8.9,-2.2,-5.0,-1.5
det,31.9106,1249.33,780.78,38.24,110.37,0.785,Body
det,31.9106,1261.6,781.37,15.28,21.77,0.592,Head
cmd,31.9106,-7,-3
err,31.9434,-6.13,-8.35
dbg,31.9434,-9.9,-5.2,-5.9,-2.2
det,31.9434,1252.03,779.51,41.02,117.86,0.807,Body
det,31.9434,1265.23,778.76,17.28,23.44,0.525,Head
cmd,31.9434,-4,-4
err,31.9775,-4.79,-4.27
dbg,31.9775,-7.8,-3.0,-6.3,-3.0
det,31.9775,1255.79,783.97,38.75,116.14,0.78,Body
det,31.9775,1267.71,783.83,15.0,21.65,0.51,Head
cmd,31.9775,-5,-3
err,32.0115,-0.48,-5.33
dbg,32.0115,-6.2,-3.7,-5.8,-2.2
det,32.0115,1259.91,783.08,39.22,115.87,0.796,Body
cmd,32.0115,-2,-3
err,32.0434,1.77,-0.33
dbg,32.0434,-6.2,-3.7,-5.8,-2.2
det,32.0434,1262.41,788.24,38.71,114.25,0.806,Body
det,32.0434,1273.66,790.93,17.38,22.33,0.411,Head
err,32.078,5.72,5.2
dbg,32.078,-3.0,-1.5,-4.9,-2.2
det,32.078,1266.42,788.0,38.02,117.42,0.77,Body
det,32.078,1277.91,793.17,15.63,21.87,0.435,Head
cmd,32.078,-2,-3
err,32.1119,6.07,7.14
dbg,32.1119,1.8,-1.5,0.6,-2.2
det,32.1119,1267.13,790.43,41.0,117.46,0.781,Body
det,32.1119,1276.79,794.29,18.55,23.37,0.573,Head
err,32.1438,6.13,7.09
dbg,32.1438,4.1,-1.5,4.2,-2.2
det,32.1438,1267.27,790.39,40.86,117.42,0.781,Body
det,32.1438,1276.84,794.28,18.57,23.3,0.572,Head
cmd,32.1438,5,6
err,32.1752,6.08,7.13
dbg,32.1752,5.2,3.7,5.8,4.5
det,32.1752,1267.14,790.33,41.01,117.49,0.781,Body
det,32.1752,1276.79,794.28,18.58,23.35,0.57,Head
cmd,32.1752,2,2
err,32.2074,6.04,7.2
dbg,32.2074,5.7,5.2,6.5,6.0
det,32.2074,1267.17,790.45,40.98,117.21,0.782,Body
det,32.2074,1276.76,794.32,18.56,23.41,0.571,Head
cmd,32.2074,2,2
err,32.2423,9.22,7.22
dbg,32.2423,5.9,1.5,6.9,1.5
det,32.2423,1270.75,792.76,38.07,114.61,0.767,Body
det,32.2423,1281.04,795.74,16.36,20.87,0.535,Head
cmd,32.2423,4,5
err,32.2794,4.47,6.28
dbg,32.2794,6.0,3.0,7.1,3.7
det,32.2794,1266.55,791.09,37.04,110.43,0.772,Body
det,32.2794,1277.19,794.27,14.55,21.84,0.46,Head
cmd,32.2794,3,3
err,32.3118,2.53,4.37
dbg,32.3118,5.1,2.2,6.6,2.2
det,32.3118,1262.55,788.96,40.19,113.11,0.789,Body
det,32.3118,1273.61,791.69,17.84,23.05,0.492,Head
cmd,32.3118,3,4
err,32.3457,-1.05,13.78
dbg,32.3457,3.7,4.5,6.4,5.2
det,32.3457,1259.97,802.69,37.95,110.82,0.794,Body
det,32.3457,1267.9,805.6,17.96,23.42,0.422,Head
cmd,32.3457,0,2
err,32.3786,-0.95,11.65
dbg,32.3786,1.1,0.0,9.3,1.5
det,32.3786,1259.49,800.36,39.12,112.87,0.799,Body
det,32.3786,1268.53,802.2,17.31,23.29,0.435,Head
cmd,32.3786,2,7
err,32.5222,-3.52,0.05
dbg,32.5222,-0.1,0.0,10.6,0.0
det,32.5222,1256.06,789.99,40.84,100.6,0.605,Body
cmd,32.5222,-2,10
err,33.4974,-59.06,-0.78
dbg,33.4974,-59.1,0.0,-0.8,0.0
det,33.4974,1189.9,785.52,64.5,147.63,0.873,Body
det,33.4974,1211.43,786.21,19.02,23.66,0.635,Head
cmd,33.4974,-45,-2
err,33.5304,-0.87,-13.36
dbg,33.5304,-0.9,0.0,-13.4,0.0
det,33.5304,1247.31,772.14,63.65,144.99,0.855,Body
det,33.5304,1269.26,774.51,16.39,22.21,0.41,Head
cmd,33.5304,-2,-13
err,33.5637,30.31,-12.09
dbg,33.5637,30.3,0.0,-12.1,0.0
det,33.5637,1277.89,770.42,65.92,148.92,0.841,Body
det,33.5637,1300.67,774.48,19.28,24.42,0.496,Head
cmd,33.5637,28,-11
err,33.5962,30.18,-3.4
dbg,33.5962,30.3,20.9,-7.3,-8.2
det,33.5962,1279.01,781.55,65.26,147.86,0.844,Body
det,33.5962,1300.43,782.65,19.48,25.37,0.496,Head
cmd,33.5962,9,0
err,33.6292,30.12,-3.42
dbg,33.6292,30.2,27.6,-5.2,-8.2
det,33.6292,1278.94,781.5,65.53,147.87,0.844,Body
det,33.6292,1300.33,782.63,19.57,25.37,0.503,Head
cmd,33.6292,3,0
err,33.6627,30.12,-3.41
dbg,33.6627,30.2,9.0,-4.2,0.0
det,33.6627,1278.8,781.57,65.61,147.96,0.845,Body
det,33.6627,1300.35,782.65,19.54,25.35,0.501,Head
cmd,33.6627,20,-4
err,33.6999,30.18,-3.39
dbg,33.6999,30.1,14.9,-3.8,-3.0
det,33.6999,1278.76,781.61,65.68,147.94,0.843,Body
det,33.6999,1300.36,782.6,19.65,25.47,0.505,Head
cmd,33.6999,14,-2
err,33.7305,30.13,-3.38
dbg,33.7305,30.1,10.4,-3.6,-1.5
det,33.7305,1278.81,781.67,65.53,147.84,0.843,Body
det,33.7305,1300.34,782.63,19.57,25.45,0.508,Head
cmd,33.7305,18,-2
err,33.7665,30.22,-3.4
dbg,33.7665,30.2,23.9,-3.5,-3.0
det,33.7665,1278.71,781.75,65.48,147.68,0.844,Body
det,33.7665,1300.46,782.63,19.52,25.39,0.5,Head
cmd,33.7665,6,-2
err,33.8007,31.43,-3.44
dbg,33.8007,30.2,4.5,-3.4,-1.5
det,33.8007,1278.58,781.77,65.71,147.85,0.843,Body
det,33.8007,1300.5,782.58,19.59,25.44,0.481,Head
cmd,33.8007,24,-2
err,33.8429,30.28,-3.53
dbg,33.8429,30.2,17.9,-3.4,-1.5
det,33.8429,1278.62,781.64,65.64,147.9,0.843,Body
det,33.8429,1300.42,782.49,19.71,25.43,0.495,Head
cmd,33.8429,12,-2
err,33.8814,30.28,-3.59
dbg,33.8814,30.3,9.0,-3.5,-1.5
det,33.8814,1278.6,781.63,65.61,147.85,0.843,Body
det,33.8814,1300.44,782.42,19.68,25.43,0.495,Head
cmd,33.8814,20,-2
err,33.9145,30.2,-3.56
dbg,33.9145,30.3,14.9,-3.5,-1.5
det,33.9145,1278.51,781.68,65.52,147.87,0.843,Body
det,33.9145,1300.34,782.48,19.71,25.38,0.5,Head
cmd,33.9145,14,-2
err,33.9493,30.21,-3.66
dbg,33.9493,30.2,10.4,-3.6,-1.5
det,33.9493,1278.52,781.67,65.49,147.82,0.844,Body
det,33.9493,1300.46,782.47,19.49,25.23,0.501,Head
cmd,33.9493,19,-2
err,33.9828,28.9,-1.39
dbg,33.9828,30.2,14.2,-3.6,-1.5
det,33.9828,1275.17,783.68,67.46,149.27,0.843,Body
det,33.9828,1297.77,784.41,22.92,25.92,0.47,Head
cmd,33.9828,15,-2
err,34.014,28.98,-1.42
dbg,34.014,29.5,25.4,-2.4,-3.0
det,34.014,1275.14,783.65,67.69,149.3,0.842,Body
det,34.014,1297.71,784.38,22.97,25.92,0.473,Head
cmd,34.014,4,0
err,34.0472,28.34,-1.07
dbg,34.0472,29.2,14.2,-1.8,-1.5
det,34.0472,1275.34,783.57,66.64,148.06,0.856,Body
det,34.0472,1297.46,784.7,21.76,25.87,0.54,Head
cmd,34.0472,14,-2
err,34.0808,28.29,-1.06
dbg,34.0808,28.7,10.4,-1.4,-1.5
det,34.0808,1275.42,783.64,66.51,147.94,0.856,Body
det,34.0808,1297.39,784.76,21.8,25.79,0.538,Head
cmd,34.0808,17,0
err,34.114,28.37,-1.02
dbg,34.114,28.5,12.7,-1.2,0.0
det,34.114,1275.46,783.65,66.42,147.99,0.856,Body
det,34.114,1297.48,784.76,21.79,25.86,0.535,Head
cmd,34.114,15,-2
err,34.1474,28.33,-1.04
dbg,34.1474,28.4,11.2,-1.1,-1.5
det,34.1474,1275.21,783.6,66.8,148.3,0.857,Body
det,34.1474,1297.37,784.7,21.92,25.92,0.537,Head
cmd,34.1474,16,0
err,34.181,28.39,-1.02
dbg,34.181,28.4,11.9,-1.1,0.0
det,34.181,1275.43,783.63,66.47,148.0,0.857,Body
det,34.181,1297.55,784.74,21.7,25.9,0.536,Head
cmd,34.181,15,-2
err,34.2133,28.36,-0.99
dbg,34.2133,28.4,23.1,-1.0,-1.5
det,34.2133,1275.5,783.7,66.43,147.86,0.856,Body
det,34.2133,1297.47,784.78,21.79,25.86,0.531,Head
cmd,34.2133,5,0
err,34.2469,29.91,8.1
dbg,34.2469,28.4,14.9,-1.0,-1.5
det,34.2469,1278.39,794.11,63.02,145.75,0.881,Body
det,34.2469,1301.99,795.1,15.83,23.63,0.549,Head
cmd,34.2469,13,0
err,34.281,18.14,9.7
dbg,34.281,28.4,9.7,4.0,0.0
det,34.281,1266.4,795.19,63.48,145.07,0.869,Body
det,34.281,1290.06,795.53,17.85,24.78,0.486,Head
cmd,34.281,17,4
err,34.3134,18.13,9.81
dbg,34.3134,22.7,22.4,7.1,3.0
det,34.3134,1266.31,795.3,63.64,145.02,0.87,Body
det,34.3134,1290.01,795.6,17.93,24.81,0.48,Head
cmd,34.3134,2,4
err,34.3479,18.14,9.66
dbg,34.3479,20.2,1.5,8.5,3.0
det,34.3479,1266.3,795.14,63.67,145.22,0.869,Body
det,34.3479,1289.89,795.49,18.06,24.89,0.481,Head
cmd,34.3479,18,5
err,34.3811,18.09,9.66
dbg,34.3811,19.1,13.4,9.2,3.7
det,34.3811,1266.27,795.14,63.64,145.17,0.869,Body
det,34.3811,1289.84,795.51,18.06,24.88,0.469,Head
cmd,34.3811,5,5
err,34.4134,18.16,9.62
dbg,34.4134,18.6,17.2,9.4,7.5
det,34.4134,1266.34,795.1,63.65,145.2,0.868,Body
det,34.4134,1289.92,795.45,18.05,24.84,0.484,Head
cmd,34.4134,2,2
err,34.447,15.95,4.88
dbg,34.447,18.3,5.2,9.5,5.2
det,34.447,1264.66,790.17,62.59,147.09,0.879,Body
det,34.447,1286.36,791.43,20.52,27.36,0.459,Head
cmd,34.447,12,4
err,34.4802,3.04,1.3
dbg,34.4802,17.0,9.0,7.0,3.0
det,34.4802,1251.05,786.63,63.98,146.75,0.864,Body
det,34.4802,1270.67,789.96,21.13,24.57,0.409,Head
cmd,34.4802,8,4
err,34.5144,3.05,1.37
dbg,34.5144,15.1,6.0,6.2,3.0
det,34.5144,1250.95,786.7,64.19,146.71,0.864,Body
det,34.5144,1268.44,790.89,20.76,24.16,0.402,Head
cmd,34.5144,8,3
err,34.5478,3.08,1.11
dbg,34.5478,13.4,6.0,5.5,2.2
det,34.5478,1250.94,786.42,64.29,146.95,0.863,Body
det,34.5478,1270.65,789.83,21.31,24.74,0.432,Head
cmd,34.5478,7,3
err,34.5804,3.04,0.97
dbg,34.5804,7.7,11.2,3.1,4.5
det,34.5804,1250.9,786.24,64.27,147.23,0.864,Body
det,34.5804,1270.51,789.81,21.54,24.93,0.45,Head
err,34.6139,3.0,1.03
dbg,34.6139,5.1,5.2,2.0,2.2
det,34.6139,1251.02,786.32,63.98,147.07,0.864,Body
det,34.6139,1270.61,789.88,21.35,24.8,0.443,Head
err,34.6477,-3.02,0.52
dbg,34.6477,4.0,0.0,1.4,0.0
det,34.6477,1243.84,785.86,66.28,146.61,0.853,Body
det,34.6477,1266.05,785.87,22.41,23.91,0.392,Head
err,34.6803,-13.67,-4.99
dbg,34.6803,0.1,0.0,0.9,0.0
det,34.6803,1232.83,779.74,65.77,145.94,0.867,Body
det,34.6803,1254.32,780.64,24.03,26.13,0.527,Head
err,34.7142,-13.65,-4.99
dbg,34.7142,-1.8,0.0,0.1,0.0
det,34.7142,1232.8,779.73,65.82,145.96,0.866,Body
det,34.7142,1254.32,780.62,24.05,26.17,0.534,Head
err,34.7476,-13.66,-5.03
dbg,34.7476,-8.3,0.0,-2.7,0.0
det,34.7476,1232.82,779.6,65.81,146.14,0.866,Body
det,34.7476,1254.29,780.51,24.09,26.29,0.534,Head
cmd,34.7476,-8,-3
err,34.7804,-13.63,-5.14
dbg,34.7804,-11.2,-6.0,-4.0,-2.2
det,34.7804,1232.8,779.52,65.92,146.19,0.865,Body
det,34.7804,1254.26,780.45,24.22,26.21,0.536,Head
cmd,34.7804,-5,-2
err,34.8138,-13.47,-5.21
dbg,34.8138,-12.6,-9.7,-4.6,-3.7
det,34.8138,1232.7,779.43,66.17,146.44,0.864,Body
det,34.8138,1254.23,780.4,24.6,26.16,0.545,Head
cmd,34.8138,-2,-2
err,34.8471,-13.53,-5.37
dbg,34.8471,-13.1,-1.5,-4.9,-1.5
det,34.8471,1232.78,779.39,65.93,146.37,0.865,Body
det,34.8471,1254.38,780.27,24.18,26.12,0.545,Head
cmd,34.8471,-11,-3
err,34.8804,-7.37,-3.44
dbg,34.8804,-13.3,-9.7,-5.1,-3.7
det,34.8804,1240.6,781.54,63.31,148.04,0.861,Body
det,34.8804,1262.73,782.6,19.8,25.38,0.651,Head
cmd,34.8804,-4,-2
err,34.9147,-7.36,-3.47
dbg,34.9147,-10.0,-3.0,-4.2,-1.5
det,34.9147,1240.71,781.56,63.32,148.02,0.861,Body
det,34.9147,1262.78,782.6,19.71,25.32,0.652,Head
cmd,34.9147,-6,-3
err,34.9484,-7.34,-3.59
dbg,34.9484,-8.6,-4.5,-3.8,-2.2
det,34.9484,1240.72,781.37,63.68,148.21,0.861,Body
det,34.9484,1262.71,782.53,19.9,25.23,0.659,Head
cmd,34.9484,-4,-2
err,34.9815,-7.23,-3.62
dbg,34.9815,-7.9,-3.0,-3.7,-1.5
det,34.9815,1240.73,781.32,63.68,148.24,0.862,Body
det,34.9815,1262.84,782.55,19.86,25.15,0.66,Head
cmd,34.9815,-5,-2
err,35.0133,-7.2,-3.58
dbg,35.0133,-7.5,-6.7,-3.6,-3.0
det,35.0133,1240.77,781.35,63.52,148.15,0.862,Body
det,35.0133,1262.86,782.56,19.88,25.19,0.659,Head
cmd,35.0133,-2,-2
err,35.0459,3.13,0.71
dbg,35.0459,-7.3,-5.2,-3.6,-3.0
det,35.0459,1250.98,785.96,64.29,147.48,0.863,Body
det,35.0459,1270.65,789.8,21.37,24.86,0.405,Head
cmd,35.0459,-2,-2
err,35.0804,3.15,0.63
dbg,35.0804,-1.6,-1.5,-1.3,-1.5
det,35.0804,1251.06,785.88,64.19,147.48,0.863,Body
det,35.0804,1270.82,789.79,21.2,24.7,0.409,Head
err,35.1139,3.19,0.86
dbg,35.1139,1.0,0.0,-0.2,0.0
det,35.1139,1251.09,786.13,64.18,147.29,0.861,Body
det,35.1139,1270.85,789.9,21.13,24.61,0.41,Head
err,35.1467,3.19,0.91
dbg,35.1467,2.2,0.0,0.4,0.0
det,35.1467,1251.23,786.19,63.94,147.19,0.862,Body
det,35.1467,1271.13,789.98,21.06,24.4,0.422,Head
err,35.1816,3.19,0.89
dbg,35.1816,2.7,0.0,0.7,0.0
det,35.1816,1251.07,786.16,64.24,147.23,0.859,Body
det,35.1816,1271.17,789.96,21.13,24.47,0.433,Head
err,35.214,3.12,1.01
dbg,35.214,3.0,0.0,0.8,0.0
det,35.214,1251.12,786.31,63.99,147.02,0.86,Body
det,35.214,1271.12,789.94,21.17,24.61,0.448,Head
err,35.2471,3.14,1.32
dbg,35.2471,3.1,0.0,0.9,0.0
det,35.2471,1251.03,786.65,64.22,146.77,0.86,Body
det,35.2471,1271.12,789.93,21.11,24.59,0.434,Head
err,35.2803,2.98,3.33
dbg,35.2803,3.1,0.0,1.1,0.0
det,35.2803,1253.46,788.54,61.11,147.7,0.859,Body
det,35.2803,1272.77,790.11,20.42,24.04,0.555,Head
err,35.3133,3.08,3.33
dbg,35.3133,3.1,0.0,2.3,0.0
det,35.3133,1253.44,788.61,61.08,147.61,0.86,Body
det,35.3133,1273.01,790.19,20.14,23.88,0.559,Head
err,35.3474,3.03,4.24
dbg,35.3474,3.1,0.0,2.9,0.0
det,35.3474,1252.71,788.88,63.72,148.49,0.858,Body
det,35.3474,1272.07,790.37,21.93,25.22,0.614,Head
err,35.3818,1.37,22.88
dbg,35.3818,3.0,0.0,3.6,0.0
det,35.3818,1252.09,808.27,61.62,145.67,0.846,Body
det,35.3818,1271.98,809.69,18.76,23.98,0.526,Head
cmd,35.3818,3,3
err,35.4146,5.3,14.86
dbg,35.4146,3.0,2.2,9.8,2.2
det,35.4146,1254.18,799.61,62.24,152.46,0.858,Body
det,35.4146,1276.92,807.13,15.51,23.19,0.425,Head
cmd,35.4146,2,8
err,35.4477,4.77,13.03
dbg,35.4477,4.0,3.7,12.6,8.2
det,35.4477,1253.15,795.76,62.33,150.28,0.866,Body
det,35.4477,1274.99,798.48,19.56,26.45,0.561,Head
cmd,35.4477,2,4
err,35.4809,5.82,-0.29
dbg,35.4809,4.7,3.0,12.8,9.0
det,35.4809,1257.31,783.89,57.03,158.26,0.643,Body
cmd,35.4809,2,3
err,35.5141,4.7,-4.81
dbg,35.5141,4.7,3.0,11.0,5.2
det,35.5141,1253.67,779.41,62.07,157.76,0.635,Body
cmd,35.5141,2,6
err,35.7146,-4.23,-56.47
dbg,35.7146,-4.2,0.0,-56.5,0.0
det,35.7146,1251.87,734.32,47.8,92.12,0.471,Body
cmd,35.7146,-3,-45
err,35.7481,-6.92,-57.58
dbg,35.7481,-4.2,-2.2,-56.5,-33.6
det,35.7481,1246.88,733.31,52.39,91.19,0.402,Body
cmd,35.7481,-2,-21
err,35.8895,4.77,-18.39
dbg,35.8895,4.8,0.0,-18.4,0.0
det,35.8895,1256.71,771.5,56.13,101.04,0.406,Body
cmd,35.8895,4,-17
err,37.1364,109.88,1.42
dbg,37.1364,109.9,0.0,1.4,0.0
det,37.1364,1366.72,784.0,56.79,164.33,0.841,Body
det,37.1364,1380.97,786.62,17.83,26.91,0.609,Head
cmd,37.1364,45,2
err,37.1679,101.65,2.93
dbg,37.1679,109.9,33.6,2.2,1.5
det,37.1679,1358.65,787.81,58.51,160.84,0.821,Body
det,37.1679,1372.96,788.48,17.39,26.26,0.678,Head
cmd,37.1679,45,2
err,37.2017,100.36,2.93
dbg,37.2017,105.4,67.2,2.6,3.0
det,37.2017,1357.85,787.8,57.19,161.6,0.822,Body
det,37.2017,1371.58,788.6,17.56,26.06,0.683,Head
cmd,37.2017,36,0
err,37.2368,111.33,6.11
dbg,37.2368,103.3,26.9,2.8,0.0
det,37.2368,1365.98,790.04,60.09,160.49,0.833,Body
det,37.2368,1381.98,791.36,18.71,26.82,0.518,Head
cmd,37.2368,45,2
err,37.2681,52.33,4.21
dbg,37.2681,52.3,0.0,4.2,0.0
det,37.2681,1304.29,788.57,56.09,156.41,0.837,Body
det,37.2681,1320.03,790.53,17.71,26.33,0.438,Head
cmd,37.2681,45,4
err,37.3037,19.89,5.07
dbg,37.3037,19.9,0.0,5.1,0.0
det,37.3037,1277.37,789.84,54.29,156.58,0.794,Body
det,37.3037,1291.93,790.78,15.92,25.98,0.614,Head
cmd,37.3037,19,5
err,37.3373,-13.16,3.49
dbg,37.3373,-13.2,0.0,3.5,0.0
det,37.3373,1242.31,788.71,57.98,157.08,0.822,Body
det,37.3373,1257.87,789.14,17.93,26.09,0.566,Head
cmd,37.3373,-12,3
err,37.3695,-46.85,1.13
dbg,37.3695,-46.8,0.0,1.1,0.0
det,37.3695,1207.94,780.78,56.27,163.57,0.827,Body
det,37.3695,1223.69,785.52,18.93,28.37,0.573,Head
cmd,37.3695,-44,2
err,37.4034,-46.82,1.1
dbg,37.4034,-46.8,-32.8,1.1,1.5
det,37.4034,1208.12,780.85,55.98,163.58,0.827,Body
det,37.4034,1223.8,785.6,18.76,28.18,0.571,Head
cmd,37.4034,-13,0
err,37.4339,-46.82,1.15
dbg,37.4339,-46.8,-42.5,1.1,1.5
det,37.4339,1208.13,780.97,55.88,163.7,0.827,Body
det,37.4339,1223.85,785.66,18.66,28.16,0.564,Head
cmd,37.4339,-4,0
err,37.4688,-46.81,1.14
dbg,37.4688,-46.8,-12.7,1.1,0.0
det,37.4688,1208.14,780.83,55.77,163.74,0.826,Body
det,37.4688,1223.83,785.63,18.71,28.19,0.562,Head
cmd,37.4688,-32,2
err,37.5045,-46.83,1.14
dbg,37.5045,-46.8,-23.9,1.1,1.5
det,37.5045,1207.91,780.73,55.92,163.86,0.825,Body
det,37.5045,1223.77,785.59,18.79,28.28,0.568,Head
cmd,37.5045,-22,0
err,37.5335,-7.33,-5.6
dbg,37.5335,-7.3,0.0,-5.6,0.0
det,37.5335,1249.03,777.53,55.7,162.99,0.813,Body
det,37.5335,1264.02,778.83,17.31,28.31,0.697,Head
cmd,37.5335,-7,-5
err,37.5647,-7.37,-5.58
dbg,37.5647,-7.3,-5.2,-5.6,-3.7
det,37.5647,1248.94,777.57,55.87,162.64,0.813,Body
det,37.5647,1263.98,778.87,17.29,28.28,0.696,Head
cmd,37.5647,-2,-2
err,37.6004,17.59,-9.26
dbg,37.6004,-7.3,-1.5,-5.6,-1.5
det,37.6004,1271.22,774.81,59.25,162.09,0.802,Body
det,37.6004,1288.52,776.79,18.14,25.37,0.548,Head
cmd,37.6004,-5,-4
err,37.6343,33.41,-8.31
dbg,37.6343,-3.9,-3.7,-6.0,-3.0
det,37.6343,1288.23,775.01,59.79,163.61,0.806,Body
det,37.6343,1303.78,776.62,19.26,27.41,0.628,Head
cmd,37.6343,-2,-3
err,37.668,37.81,-2.87
dbg,37.668,1.2,-1.5,-6.3,-2.2
det,37.668,1294.83,781.66,54.94,156.81,0.828,Body
det,37.668,1308.84,781.68,17.94,28.11,0.594,Head
cmd,37.668,3,-3
err,37.702,39.37,-2.51
dbg,37.702,6.3,2.2,-5.8,-2.2
det,37.702,1294.5,780.3,60.69,155.93,0.843,Body
det,37.702,1309.64,782.36,19.46,27.5,0.706,Head
cmd,37.702,3,-4
err,37.7344,45.43,2.24
dbg,37.7344,10.8,4.5,-5.4,-5.2
det,37.7344,1304.26,786.04,54.42,159.82,0.85,Body
det,37.7344,1317.05,788.05,16.75,25.8,0.594,Head
cmd,37.7344,6,-2
err,37.7694,45.46,2.23
dbg,37.7694,15.6,4.5,-4.3,-1.5
det,37.7694,1304.23,785.99,54.38,159.78,0.851,Body
det,37.7694,1317.08,788.04,16.76,25.8,0.593,Head
cmd,37.7694,11,-3
err,37.8015,41.83,4.78
dbg,37.8015,19.7,8.2,-3.4,-2.2
det,37.8015,1301.22,789.62,54.87,156.09,0.835,Body
det,37.8015,1312.52,790.46,18.6,26.03,0.651,Head
cmd,37.8015,10,-2
err,37.8351,40.24,8.11
dbg,37.8351,22.7,15.7,-2.3,-3.7
det,37.8351,1296.31,792.88,58.98,158.58,0.835,Body
det,37.8351,1311.49,793.84,17.49,25.96,0.737,Head
cmd,37.8351,7,0
err,37.8698,36.06,10.24
dbg,37.8698,25.1,5.2,-0.9,0.0
det,37.8698,1294.59,792.92,53.7,164.37,0.803,Body
det,37.8698,1306.7,794.92,18.71,27.85,0.725,Head
cmd,37.8698,19,-2
err,37.9024,27.59,10.86
dbg,37.9024,31.1,14.2,5.2,-1.5
det,37.9024,1286.41,796.22,53.31,158.17,0.827,Body
det,37.9024,1299.38,796.82,16.43,25.54,0.57,Head
cmd,37.9024,16,6
err,37.9364,21.55,13.98
dbg,37.9364,29.2,26.1,8.3,3.0
det,37.9364,1276.87,796.4,58.16,160.63,0.804,Body
det,37.9364,1292.53,798.74,18.04,27.7,0.628,Head
cmd,37.9364,2,5
err,37.9705,20.53,12.61
dbg,37.9705,25.0,1.5,10.7,3.7
det,37.9705,1270.98,796.77,59.08,158.34,0.814,Body
det,37.9705,1286.85,799.1,19.23,28.27,0.411,Head
cmd,37.9705,23,7
err,38.0037,-8.92,10.18
dbg,38.0037,22.5,17.2,11.7,5.2
det,38.0037,1246.98,793.88,56.02,169.0,0.815,Body
det,38.0037,1262.29,795.0,17.57,27.6,0.593,Head
cmd,38.0037,5,6
err,38.0364,-10.81,5.55
dbg,38.0364,18.2,20.9,11.5,9.7
det,38.0364,1245.67,791.15,56.66,155.35,0.826,Body
det,38.0364,1260.12,791.8,18.13,25.0,0.635,Head
cmd,38.0364,0,2
err,38.0688,-29.56,1.67
dbg,38.0688,14.2,3.7,10.7,6.0
det,38.0688,1226.96,784.98,54.65,170.8,0.818,Body
det,38.0688,1241.39,786.19,18.09,28.16,0.707,Head
cmd,38.0688,9,4
err,38.1021,-29.63,1.65
dbg,38.1021,8.2,6.7,9.5,4.5
det,38.1021,1226.66,784.98,54.72,171.07,0.819,Body
det,38.1021,1241.27,786.19,18.19,28.11,0.704,Head
cmd,38.1021,2,5
err,38.1379,-28.12,-3.18
dbg,38.1379,3.0,1.5,8.4,3.7
det,38.1379,1224.77,780.96,54.22,158.57,0.819,Body
det,38.1379,1237.26,781.56,19.92,30.35,0.449,Head
cmd,38.1379,2,4
err,38.1699,-29.42,-5.26
dbg,38.1699,-1.5,1.5,6.8,3.0
det,38.1699,1222.33,779.04,56.5,157.06,0.796,Body
cmd,38.1699,-3,4
err,38.2042,-29.27,-5.42
dbg,38.2042,-5.3,-0.7,5.1,6.0
det,38.2042,1222.81,778.86,55.83,157.17,0.798,Body
cmd,38.2042,-4,0
err,38.237,-39.94,-6.56
dbg,38.237,-8.6,-3.0,3.7,0.0
det,38.237,1214.94,774.62,59.47,162.21,0.796,Body
det,38.237,1229.56,776.76,20.99,30.34,0.724,Head
cmd,38.237,-5,4
err,38.269,-41.24,-11.85
dbg,38.269,-12.9,-6.7,2.3,3.0
det,38.269,1214.22,770.62,57.63,159.16,0.778,Body
det,38.269,1228.13,772.74,21.26,28.02,0.651,Head
cmd,38.269,-6,0
err,38.3028,-43.5,-15.08
dbg,38.3028,-16.8,-8.2,0.3,3.0
det,38.3028,1214.33,767.33,55.87,165.51,0.806,Body
det,38.3028,1227.29,770.1,18.42,26.95,0.74,Head
cmd,38.3028,-8,0
err,38.3375,-37.44,-17.11
dbg,38.3375,-20.2,-6.0,-1.8,0.0
det,38.3375,1219.09,765.51,56.6,159.28,0.827,Body
det,38.3375,1232.75,767.61,19.62,27.79,0.717,Head
cmd,38.3375,-13,-2
err,38.3696,-33.63,-20.4
dbg,38.3696,-22.5,-9.7,-3.9,-1.5
det,38.3696,1220.81,763.82,58.47,163.49,0.813,Body
det,38.3696,1237.34,764.24,18.06,27.94,0.515,Head
cmd,38.3696,-12,-2
err,38.4026,-29.43,-19.98
dbg,38.4026,-24.1,-18.7,-6.1,-3.0
det,38.4026,1228.06,763.02,49.12,160.16,0.777,Body
det,38.4026,1242.11,765.6,16.92,26.22,0.628,Head
cmd,38.4026,-6,-3
err,38.4369,-23.05,-19.08
dbg,38.4369,-24.8,-4.5,-8.0,-2.2
det,38.4369,1234.24,766.25,54.59,156.0,0.835,Body
det,38.4369,1247.79,765.11,18.31,28.74,0.717,Head
cmd,38.4369,-19,-6
err,38.4706,-14.46,-18.59
dbg,38.4706,-23.8,-14.2,-14.1,-4.5
det,38.4706,1239.89,764.92,60.55,162.3,0.832,Body
det,38.4706,1256.15,766.65,18.77,26.84,0.631,Head
cmd,38.4706,-9,-9
err,38.5035,-1.0,-15.36
dbg,38.5035,-18.7,-20.9,-16.6,-11.2
det,38.5035,1255.71,768.8,56.77,170.59,0.817,Body
det,38.5035,1270.15,769.76,17.71,27.05,0.508,Head
cmd,38.5035,0,-5
err,38.5369,14.12,-12.47
dbg,38.5369,-16.3,-6.7,-16.4,-10.4
det,38.5369,1268.67,771.68,60.62,164.01,0.803,Body
det,38.5369,1284.64,773.98,18.95,24.64,0.454,Head
cmd,38.5369,-9,-5
err,38.5703,18.9,-11.94
dbg,38.5703,-12.1,-6.7,-15.9,-3.7
det,38.5703,1268.49,771.62,60.81,164.41,0.806,Body
det,38.5703,1284.62,773.94,19.02,24.67,0.452,Head
cmd,38.5703,-5,-12
err,38.6038,21.05,-0.17
dbg,38.6038,-7.8,-3.7,-15.3,-9.0
det,38.6038,1280.23,785.01,54.93,160.71,0.811,Body
det,38.6038,1292.37,785.3,17.35,26.43,0.619,Head
cmd,38.6038,-3,-6
err,38.6362,21.03,-0.23
dbg,38.6362,-3.9,-6.0,-13.2,-13.4
det,38.6362,1279.96,784.93,55.23,160.66,0.812,Body
det,38.6362,1292.31,785.26,17.44,26.39,0.614,Head
err,38.6695,21.06,-0.21
dbg,38.6695,-0.4,-2.2,-11.5,-4.5
det,38.6695,1280.41,784.99,54.87,160.53,0.812,Body
det,38.6695,1292.39,785.31,17.34,26.34,0.607,Head
cmd,38.6695,0,-6
err,38.7033,20.92,-0.22
dbg,38.7033,2.5,0.0,-9.9,-4.5
det,38.7033,1280.38,785.03,54.91,160.78,0.812,Body
det,38.7033,1292.2,785.28,17.44,26.38,0.593,Head
cmd,38.7033,2,-5
err,38.7367,21.06,-0.18
dbg,38.7367,5.1,1.5,-8.6,-3.7
det,38.7367,1280.41,784.94,55.01,160.92,0.814,Body
det,38.7367,1292.38,785.27,17.36,26.44,0.599,Head
cmd,38.7367,3,-5
err,38.7697,33.38,21.22
dbg,38.7697,7.3,3.7,-7.4,-7.5
det,38.7697,1289.33,804.96,58.87,161.27,0.815,Body
det,38.7697,1304.73,806.6,17.3,26.58,0.583,Head
cmd,38.7697,4,0
err,38.8034,32.91,23.77
dbg,38.8034,10.8,3.0,-3.5,0.0
det,38.8034,1290.13,807.14,54.2,171.88,0.827,Body
det,38.8034,1304.05,809.38,17.71,26.17,0.483,Head
cmd,38.8034,7,-3
err,38.8367,34.34,29.35
dbg,38.8367,13.9,5.2,0.3,-2.2
det,38.8367,1285.78,813.26,57.12,160.91,0.834,Body
det,38.8367,1301.31,814.38,16.85,26.84,0.432,Head
cmd,38.8367,8,2
err,38.8697,26.34,28.46
dbg,38.8697,16.5,11.2,4.1,-0.7
det,38.8697,1284.24,812.6,55.19,160.84,0.856,Body
det,38.8697,1297.96,814.37,16.76,25.63,0.568,Head
cmd,38.8697,5,5
err,38.9033,21.71,31.83
dbg,38.9033,17.9,9.7,7.6,5.2
det,38.9033,1277.8,816.6,58.75,162.67,0.834,Body
det,38.9033,1293.43,816.99,16.56,26.97,0.646,Head
cmd,38.9033,8,2
err,38.9374,19.74,29.1
dbg,38.9374,18.4,6.0,10.6,1.5
det,38.9374,1270.27,812.73,58.95,163.74,0.833,Body
det,38.9374,1287.88,815.0,18.32,27.36,0.456,Head
cmd,38.9374,11,9
err,38.9706,10.93,24.76
dbg,38.9706,18.6,8.2,13.1,6.7
det,38.9706,1270.82,807.0,53.52,162.45,0.834,Body
det,38.9706,1282.33,810.31,17.21,26.28,0.526,Head
cmd,38.9706,10,6
err,39.0049,10.96,24.69
dbg,39.0049,14.4,7.5,19.5,4.5
det,39.0049,1270.89,807.14,53.39,162.2,0.831,Body
det,39.0049,1282.38,810.28,17.17,26.19,0.511,Head
cmd,39.0049,7,14
err,39.0369,5.7,25.8
dbg,39.0369,12.5,12.7,22.4,14.9
det,39.0369,1264.17,808.12,55.43,165.8,0.809,Body
det,39.0369,1277.2,810.53,17.01,27.77,0.567,Head
cmd,39.0369,0,7
err,39.0709,2.8,11.99
dbg,39.0709,8.8,5.2,23.7,15.7
det,39.0709,1255.87,794.73,53.86,172.6,0.816,Body
det,39.0709,1269.75,797.57,16.52,30.48,0.45,Head
cmd,39.0709,3,7
err,39.1051,-6.25,10.37
dbg,39.1051,5.5,2.2,17.2,5.2
det,39.1051,1248.5,793.75,55.27,162.04,0.831,Body
det,39.1051,1265.49,794.7,16.52,28.49,0.67,Head
cmd,39.1051,3,11
err,39.1374,-13.87,1.67
dbg,39.1374,-1.0,4.5,13.5,13.4
det,39.1374,1242.27,781.21,51.44,165.29,0.821,Body
det,39.1374,1256.85,786.65,18.56,27.3,0.583,Head
cmd,39.1374,-5,2
err,39.1704,-13.47,-8.58
dbg,39.1704,-2.7,-1.5,11.8,9.7
det,39.1704,1236.25,775.02,60.57,163.98,0.819,Body
det,39.1704,1255.39,776.26,18.88,24.76,0.457,Head
cmd,39.1704,-2,2
err,39.2045,-13.56,-8.61
dbg,39.2045,-4.2,-1.5,9.0,1.5
det,39.2045,1236.04,774.98,60.8,164.12,0.819,Body
det,39.2045,1255.42,776.21,18.85,24.69,0.457,Head
cmd,39.2045,-3,7
err,39.2363,-19.16,-17.2
dbg,39.2363,-5.5,-3.7,6.6,6.7
det,39.2363,1236.37,766.19,59.07,163.21,0.812,Body
det,39.2363,1251.67,768.55,18.35,25.9,0.664,Head
cmd,39.2363,-2,0
err,39.27,-13.51,-18.85
dbg,39.27,-6.6,-3.7,3.3,5.2
det,39.27,1240.89,764.9,59.43,160.45,0.838,Body
det,39.27,1257.71,766.45,17.56,26.72,0.661,Head
cmd,39.27,-3,0
err,39.3025,-12.03,-25.2
dbg,39.3025,-7.5,-3.7,0.3,0.0
det,39.3025,1245.46,760.34,56.75,155.09,0.836,Body
det,39.3025,1259.6,761.21,16.74,24.71,0.71,Head
cmd,39.3025,-3,2
err,39.3368,-11.96,-25.09
dbg,39.3368,-8.2,-2.2,-3.2,1.5
det,39.3368,1245.22,760.38,56.88,154.92,0.837,Body
det,39.3368,1259.64,761.25,16.81,24.84,0.715,Head
cmd,39.3368,-6,-4
err,39.3713,-7.58,-24.94
dbg,39.3713,-8.7,-4.5,-6.2,-3.0
det,39.3713,1249.25,760.47,57.27,157.36,0.832,Body
det,39.3713,1263.83,761.34,17.2,24.93,0.728,Head
cmd,39.3713,-4,-3
err,39.4035,-7.61,-24.9
dbg,39.4035,-8.5,-3.0,-8.8,-2.2
det,39.4035,1249.14,760.5,57.39,157.18,0.834,Body
det,39.4035,1263.81,761.36,17.16,24.99,0.726,Head
cmd,39.4035,-5,-7
err,39.4358,-7.61,-24.92
dbg,39.4358,-8.4,-6.7,-11.0,-7.5
det,39.4358,1249.19,760.46,57.3,157.29,0.834,Body
det,39.4358,1263.79,761.34,17.19,24.99,0.727,Head
cmd,39.4358,-2,-3
err,39.4709,-5.69,-27.5
dbg,39.4709,-8.3,-1.5,-12.9,-2.2
det,39.4709,1248.6,757.0,59.17,159.36,0.852,Body
det,39.4709,1265.38,759.27,17.86,24.06,0.702,Head
cmd,39.4709,-6,-10
err,39.5043,5.98,-21.0
dbg,39.5043,-6.9,-4.5,-19.5,-7.5
det,39.5043,1257.41,762.59,57.14,164.1,0.823,Body
det,39.5043,1271.75,764.6,18.26,27.82,0.449,Head
cmd,39.5043,-3,-11
err,39.5372,4.12,-16.38
dbg,39.5372,-0.8,-6.7,-20.3,-15.7
det,39.5372,1263.28,768.33,56.76,170.62,0.823,Body
det,39.5372,1275.58,769.54,17.09,25.59,0.663,Head
cmd,39.5372,0,-5
err,39.5711,6.5,-14.45
dbg,39.5711,2.9,0.0,-18.2,-3.7
det,39.5711,1260.25,769.53,60.66,161.05,0.822,Body
det,39.5711,1277.71,771.19,17.57,26.1,0.669,Head
cmd,39.5711,3,-13
err,39.6038,9.43,-5.81
dbg,39.6038,4.9,2.2,-16.1,-13.4
det,39.6038,1268.03,778.72,55.71,157.53,0.831,Body
det,39.6038,1280.04,779.86,18.79,26.05,0.536,Head
cmd,39.6038,3,-3
err,39.6371,12.05,1.28
dbg,39.6371,7.4,4.5,-10.5,-11.9
det,39.6371,1272.21,785.93,53.52,159.64,0.825,Body
det,39.6371,1283.07,786.41,17.95,27.05,0.552,Head
cmd,39.6371,2,0
err,39.6716,19.24,6.36
dbg,39.6716,10.0,1.5,-4.0,0.0
det,39.6716,1272.17,790.57,54.13,157.92,0.813,Body
det,39.6716,1283.18,791.13,18.9,27.54,0.4,Head
cmd,39.6716,8,-3
err,39.7038,8.83,18.9
dbg,39.7038,11.1,7.5,1.7,-2.2
det,39.7038,1265.64,800.56,55.38,167.89,0.821,Body
det,39.7038,1280.08,803.05,17.5,28.81,0.662,Head
cmd,39.7038,4,3
err,39.738,8.84,19.3
dbg,39.738,10.8,9.0,4.1,0.0
det,39.738,1265.45,801.06,55.46,168.13,0.823,Body
det,39.738,1280.12,803.47,17.44,28.78,0.672,Head
cmd,39.738,2,4
err,39.7721,7.2,17.6
dbg,39.7721,10.5,1.5,6.1,3.0
det,39.7721,1265.76,800.6,55.42,166.02,0.8,Body
det,39.7721,1278.5,802.0,17.4,28.36,0.631,Head
cmd,39.7721,8,3
err,39.8037,1.86,12.02
dbg,39.8037,8.7,7.5,12.4,5.2
det,39.8037,1253.4,793.99,56.93,180.28,0.816,Body
det,39.8037,1270.01,795.43,17.43,33.03,0.419,Head
cmd,39.8037,2,7
err,39.8375,1.87,11.65
dbg,39.8375,4.9,7.5,12.2,7.5
det,39.8375,1253.43,793.59,56.89,180.64,0.815,Body
det,39.8375,1269.95,795.11,17.55,33.31,0.433,Head
cmd,39.8375,0,4
err,39.8718,-2.31,11.61
dbg,39.8718,3.2,0.0,11.9,3.0
det,39.8718,1257.23,793.74,52.16,166.69,0.835,Body
det,39.8718,1268.98,795.26,17.41,29.73,0.554,Head
cmd,39.8718,3,9
err,39.9036,-5.83,9.95
dbg,39.9036,0.2,2.2,11.7,9.7
det,39.9036,1249.27,792.65,56.2,161.54,0.824,Body
det,39.9036,1265.86,794.06,16.61,28.89,0.681,Head
cmd,39.9036,0,2
err,39.9386,-9.37,5.4
dbg,39.9386,-3.1,0.0,10.8,1.5
det,39.9386,1246.88,791.46,57.84,159.42,0.83,Body
det,39.9386,1261.86,791.89,17.54,24.57,0.582,Head
cmd,39.9386,-3,9
err,39.9708,-10.6,3.74
dbg,39.9708,-6.6,-2.2,7.8,6.7
det,39.9708,1245.56,789.34,58.65,156.19,0.841,Body
det,39.9708,1260.22,789.44,18.35,25.99,0.637,Head
cmd,39.9708,-4,2
err,40.0042,-12.09,-2.4
dbg,40.0042,-8.8,-5.2,5.6,8.2
det,40.0042,1243.94,780.69,56.26,163.42,0.819,Body
det,40.0042,1258.19,782.77,19.43,26.96,0.666,Head
cmd,40.0042,-3,0
err,40.0373,-11.77,-2.99
dbg,40.0373,-10.4,-5.2,1.2,1.5
det,40.0373,1243.25,780.54,57.12,161.27,0.817,Body
det,40.0373,1258.62,782.18,19.21,26.95,0.64,Head
cmd,40.0373,-5,0
err,40.0714,-12.21,-11.42
dbg,40.0714,-11.3,-3.7,-1.1,0.0
det,40.0714,1246.29,773.29,57.08,158.03,0.807,Body
det,40.0714,1258.82,774.62,17.93,25.37,0.664,Head
cmd,40.0714,-7,-2
err,40.1039,-12.22,-11.48
dbg,40.1039,-11.8,-9.0,-6.8,-1.5
det,40.1039,1246.58,773.32,56.71,158.05,0.806,Body
det,40.1039,1258.9,774.63,17.75,25.24,0.658,Head
cmd,40.1039,-3,-5
err,40.1374,-8.18,-12.81
dbg,40.1374,-12.0,-7.5,-9.4,-5.2
det,40.1374,1249.36,773.71,57.65,156.57,0.8,Body
det,40.1374,1262.58,772.91,18.49,25.96,0.622,Head
cmd,40.1374,-4,-4
err,40.1711,-2.14,-12.44
dbg,40.1711,-9.9,-3.0,-11.1,-3.0
det,40.1711,1253.04,772.35,59.4,159.88,0.795,Body
det,40.1711,1268.85,773.36,18.02,25.82,0.581,Head
cmd,40.1711,-7,-7
err,40.2045,2.19,-11.09
dbg,40.2045,-5.6,-5.2,-11.8,-5.2
det,40.2045,1258.91,773.25,58.73,156.62,0.817,Body
det,40.2045,1272.76,774.65,18.86,25.94,0.686,Head
cmd,40.2045,-2,-7
err,40.2393,5.04,-5.59
dbg,40.2393,-1.3,-1.5,-11.4,-5.2
det,40.2393,1262.4,778.5,58.29,159.74,0.816,Body
det,40.2393,1276.88,779.47,16.32,27.15,0.522,Head
cmd,40.2393,0,-5
err,40.2714,6.71,-2.08
dbg,40.2714,2.2,0.0,-8.2,-3.7
det,40.2714,1264.39,781.3,59.76,156.45,0.85,Body
det,40.2714,1277.06,782.43,19.29,28.16,0.653,Head
cmd,40.2714,2,-5
err,40.305,12.75,1.15
dbg,40.305,4.7,1.5,-4.8,-7.5
det,40.305,1271.36,784.38,54.97,163.29,0.832,Body
det,40.305,1283.95,785.92,17.6,27.69,0.512,Head
cmd,40.305,3,0
err,40.339,21.24,6.85
dbg,40.339,9.1,2.2,-1.5,0.0
det,40.339,1270.97,790.94,60.55,159.09,0.823,Body
det,40.339,1288.26,791.79,17.67,25.29,0.468,Head
cmd,40.339,6,-2
err,40.3718,19.01,12.79
dbg,40.3718,14.6,4.5,3.1,-1.5
det,40.3718,1272.84,796.85,52.33,159.38,0.803,Body
cmd,40.3718,10,4
err,40.4046,18.71,17.45
dbg,40.4046,17.0,11.9,8.4,1.5
det,40.4046,1271.21,801.15,54.99,162.97,0.82,Body
det,40.4046,1283.56,801.48,18.74,28.46,0.442,Head
cmd,40.4046,5,7
err,40.4385,17.79,18.13
dbg,40.4385,17.9,11.2,13.4,8.2
det,40.4385,1270.93,802.54,53.74,155.91,0.811,Body
det,40.4385,1282.73,801.06,17.86,27.32,0.454,Head
cmd,40.4385,6,5
err,40.4732,6.09,16.55
dbg,40.4732,17.9,4.5,15.6,3.7
det,40.4732,1263.19,799.01,58.73,163.84,0.838,Body
det,40.4732,1276.53,800.73,19.13,28.76,0.623,Head
cmd,40.4732,13,11
err,40.506,5.5,8.34
dbg,40.506,11.4,9.7,16.1,8.2
det,40.506,1257.08,791.73,56.85,166.16,0.836,Body
det,40.506,1273.04,793.72,16.64,27.55,0.452,Head
cmd,40.506,2,7
err,40.5396,-2.73,6.41
dbg,40.5396,8.2,11.2,11.8,13.4
det,40.5396,1254.86,791.83,54.51,157.8,0.827,Body
det,40.5396,1268.45,792.48,17.64,25.33,0.634,Head
err,40.5733,-8.91,3.78
dbg,40.5733,2.2,0.0,8.9,0.0
det,40.5733,1247.45,789.55,58.13,154.84,0.828,Body
det,40.5733,1261.72,789.27,18.73,26.38,0.623,Head
cmd,40.5733,2,9
err,40.6047,-13.28,-5.97
dbg,40.6047,-3.9,1.5,6.1,6.7
det,40.6047,1238.51,778.12,56.43,159.02,0.829,Body
cmd,40.6047,-5,0
err,40.6393,-19.61,-10.9
dbg,40.6393,-5.2,-2.2,4.4,6.7
det,40.6393,1240.04,775.14,51.75,158.82,0.806,Body
det,40.6393,1251.25,775.55,18.28,24.64,0.582,Head
cmd,40.6393,-3,0
err,40.6721,-19.63,-10.8
dbg,40.6721,-7.2,-2.2,2.3,0.0
det,40.6721,1240.03,775.12,51.7,158.94,0.808,Body
det,40.6721,1251.33,775.67,18.07,24.59,0.579,Head
cmd,40.6721,-4,2
err,40.7046,-19.58,-10.78
dbg,40.7046,-8.9,-5.2,0.5,1.5
det,40.7046,1240.02,775.41,51.87,158.57,0.812,Body
det,40.7046,1251.35,775.65,18.14,24.68,0.589,Head
cmd,40.7046,-4,0
err,40.7398,-14.85,-16.37
dbg,40.7398,-14.8,-3.0,-5.7,0.0
det,40.7398,1240.49,767.08,58.3,161.09,0.829,Body
det,40.7398,1256.27,768.94,17.76,26.71,0.524,Head
cmd,40.7398,-11,-5
err,40.7722,-14.97,-16.18
dbg,40.7722,-14.9,-8.2,-11.5,-3.7
det,40.7722,1240.3,767.08,58.44,160.95,0.83,Body
det,40.7722,1256.06,769.01,17.93,26.94,0.512,Head
cmd,40.7722,-6,-8
err,40.806,-9.41,-16.93
dbg,40.806,-14.9,-12.7,-14.2,-9.7
det,40.806,1245.32,765.86,59.45,158.86,0.822,Body
det,40.806,1261.15,767.4,18.87,28.49,0.744,Head
cmd,40.806,-2,-4
err,40.8404,-1.87,-14.48
dbg,40.8404,-11.9,-1.5,-15.3,-3.0
det,40.8404,1252.93,769.99,55.78,165.26,0.799,Body
det,40.8404,1269.52,771.14,17.23,26.14,0.598,Head
cmd,40.8404,-10,-11
err,40.8724,-2.06,-14.58
dbg,40.8724,-6.5,-9.0,-14.9,-11.2
det,40.8724,1252.89,770.07,55.67,164.53,0.795,Body
det,40.8724,1269.41,771.14,17.07,25.97,0.598,Head
cmd,40.8724,0,-4
err,40.9054,3.56,-3.2
dbg,40.9054,-3.9,-7.5,-14.7,-11.2
det,40.9054,1260.1,779.88,57.51,162.28,0.791,Body
det,40.9054,1274.93,781.14,17.26,28.47,0.511,Head
cmd,40.9054,0,-3
err,40.9402,20.3,5.26
dbg,40.9402,0.2,0.0,-8.4,-2.2
det,40.9402,1273.37,789.59,53.85,156.68,0.827,Body
cmd,40.9402,2,-6
err,40.9725,18.88,7.16
dbg,40.9725,2.8,1.5,-6.5,-4.5
det,40.9725,1271.65,791.42,54.46,157.47,0.823,Body
det,40.9725,1283.88,791.8,17.36,24.91,0.361,Head
cmd,40.9725,2,-2
err,41.0052,18.23,8.78
dbg,41.0052,5.0,3.0,-4.6,-6.0
det,41.0052,1270.35,792.29,55.78,164.91,0.814,Body
cmd,41.0052,2,0
err,41.0378,14.58,17.41
dbg,41.0378,6.8,3.0,-2.8,-1.5
det,41.0378,1268.34,802.23,52.48,151.81,0.811,Body
cmd,41.0378,4,-2
err,41.0712,8.77,16.28
dbg,41.0712,7.9,4.5,-0.2,-1.5
det,41.0712,1267.52,798.94,55.6,158.51,0.827,Body
det,41.0712,1279.27,800.49,19.0,28.71,0.625,Head
cmd,41.0712,3,0
err,41.1045,6.51,13.92
dbg,41.1045,8.0,2.2,2.1,0.0
det,41.1045,1262.21,794.38,60.7,164.15,0.84,Body
det,41.1045,1276.01,796.58,21.01,31.52,0.7,Head
cmd,41.1045,5,2
err,41.1387,4.14,15.72
dbg,41.1387,7.8,3.7,4.0,1.5
det,41.1387,1264.1,798.75,55.08,169.11,0.808,Body
det,41.1387,1275.99,800.44,16.28,27.78,0.487,Head
cmd,41.1387,4,2
err,41.1724,2.0,15.27
dbg,41.1724,5.8,3.0,10.2,1.5
det,41.1724,1258.68,795.72,56.55,177.68,0.827,Body
det,41.1724,1273.29,799.42,17.42,28.83,0.506,Head
cmd,41.1724,3,8
err,41.2054,3.35,9.61
dbg,41.2054,4.4,2.2,13.0,6.0
det,41.2054,1253.71,792.22,59.28,173.89,0.824,Body
det,41.2054,1269.95,793.38,18.38,32.17,0.406,Head
cmd,41.2054,2,7
err,41.2399,3.34,9.58
dbg,41.2399,3.8,1.5,11.1,5.2
det,41.2399,1253.76,792.2,59.16,173.75,0.825,Body
det,41.2399,1270.01,793.34,18.29,32.22,0.402,Head
cmd,41.2399,2,6
err,41.2733,-5.34,5.55
dbg,41.2733,3.6,1.5,10.3,4.5
det,41.2733,1251.76,791.48,57.76,157.63,0.845,Body
det,41.2733,1265.56,791.7,18.18,25.2,0.689,Head
cmd,41.2733,2,5
err,41.3066,-7.74,1.27
dbg,41.3066,-1.3,1.5,7.7,3.7
det,41.3066,1249.19,785.74,56.81,158.43,0.85,Body
det,41.3066,1263.53,786.51,17.46,26.84,0.697,Head
cmd,41.3066,-3,4
err,41.3396,-7.72,1.33
dbg,41.3396,-4.8,-0.7,4.2,6.7
det,41.3396,1249.22,785.68,56.7,158.46,0.847,Body
det,41.3396,1263.51,786.49,17.54,26.99,0.7,Head
cmd,41.3396,-3,0
err,41.3723,-9.27,-2.06
dbg,41.3723,-6.4,-4.5,2.6,3.0
det,41.3723,1244.71,780.35,60.45,159.46,0.823,Body
det,41.3723,1261.35,782.15,18.75,28.71,0.703,Head
cmd,41.3723,-2,0
err,41.4065,-10.44,-6.17
dbg,41.4065,-8.0,-1.5,0.0,0.0
det,41.4065,1245.63,776.56,57.64,163.42,0.814,Body
det,41.4065,1260.75,778.44,17.62,27.96,0.698,Head
cmd,41.4065,-6,2
err,41.4389,-10.46,-6.18
dbg,41.4389,-9.3,-6.0,-3.4,1.5
det,41.4389,1245.48,776.55,57.74,163.44,0.815,Body
det,41.4389,1260.7,778.44,17.68,27.96,0.698,Head
cmd,41.4389,-3,-5
err,41.4733,-10.43,-6.23
dbg,41.4733,-9.9,-2.2,-4.9,-3.7
det,41.4733,1245.65,776.54,57.57,163.89,0.814,Body
det,41.4733,1260.76,778.41,17.62,27.94,0.695,Head
cmd,41.4733,-8,-2
err,41.5081,0.79,-11.12
dbg,41.5081,-10.2,-6.0,-5.6,-1.5
det,41.5081,1254.36,773.17,60.55,162.45,0.82,Body
det,41.5081,1271.68,774.46,18.22,26.23,0.552,Head
cmd,41.5081,-4,-4
err,41.5407,0.83,-11.12
dbg,41.5407,-4.2,-3.0,-8.7,-3.0
det,41.5407,1254.22,773.18,60.76,161.66,0.821,Body
det,41.5407,1271.72,774.47,18.23,26.19,0.566,Head
cmd,41.5407,-2,-5
err,41.5731,1.74,-7.76
dbg,41.5731,-1.4,-4.5,-10.0,-6.7
det,41.5731,1258.14,776.13,56.26,172.47,0.819,Body
det,41.5731,1273.0,777.47,17.49,26.85,0.613,Head
cmd,41.5731,0,-3
err,41.6062,7.16,-3.46
dbg,41.6062,0.3,-1.5,-8.8,-6.0
det,41.6062,1264.91,778.31,56.51,161.42,0.811,Body
det,41.6062,1277.88,779.66,18.56,30.68,0.684,Head
cmd,41.6062,2,-3
err,41.6407,9.48,-2.53
dbg,41.6407,4.1,1.5,-5.9,-2.2
det,41.6407,1265.76,781.27,58.72,156.57,0.847,Body
det,41.6407,1279.76,782.84,19.44,26.6,0.595,Head
cmd,41.6407,2,-3
err,41.6719,19.75,5.75
dbg,41.6719,7.0,3.0,-4.0,-4.5
det,41.6719,1272.92,790.12,53.67,156.24,0.832,Body
cmd,41.6719,4,0
err,41.707,11.23,4.93
dbg,41.707,9.4,4.5,0.9,-2.2
det,41.707,1267.87,789.49,55.79,158.27,0.834,Body
det,41.707,1282.6,791.08,17.27,25.2,0.545,Head
cmd,41.707,5,3
err,41.741,11.19,5.08
dbg,41.741,10.4,3.7,3.2,2.2
det,41.741,1267.5,789.6,55.91,158.2,0.83,Body
det,41.741,1282.51,791.11,17.36,25.4,0.553,Head
cmd,41.741,6,2
err,41.7732,8.19,6.58
dbg,41.7732,10.8,8.2,4.2,3.7
det,41.7732,1264.12,791.27,60.1,159.55,0.823,Body
det,41.7732,1278.68,792.55,19.0,25.52,0.535,Head
cmd,41.7732,3,2
err,41.8075,1.57,4.57
dbg,41.8075,9.4,6.7,4.7,3.0
det,41.8075,1257.87,789.07,58.97,155.98,0.843,Body
det,41.8075,1272.43,790.21,18.28,26.11,0.646,Head
cmd,41.8075,2,2
err,41.8409,-2.28,4.02
dbg,41.8409,5.1,1.5,4.6,1.5
det,41.8409,1254.45,788.05,56.03,158.38,0.836,Body
det,41.8409,1269.06,789.55,17.32,26.3,0.578,Head
cmd,41.8409,3,3
err,41.8736,-4.2,2.6
dbg,41.8736,1.0,3.7,4.3,3.7
det,41.8736,1255.24,787.2,54.47,159.55,0.84,Body
det,41.8736,1267.43,787.91,16.75,26.71,0.625,Head
cmd,41.8736,0,2
err,41.9067,-5.84,0.9
dbg,41.9067,-1.8,2.2,3.4,3.7
det,41.9067,1250.88,783.76,57.59,163.66,0.842,Body
det,41.9067,1265.84,786.42,16.64,26.32,0.686,Head
err,41.9407,-8.28,-0.28
dbg,41.9407,-4.0,0.0,2.0,0.0
det,41.9407,1247.1,783.89,60.3,157.93,0.862,Body
det,41.9407,1262.59,784.72,18.25,27.26,0.72,Head
err,41.9725,-8.14,-2.22
dbg,41.9725,-6.3,0.0,0.7,0.0
det,41.9725,1247.05,780.36,59.62,157.19,0.846,Body
det,41.9725,1262.57,782.49,18.58,27.82,0.729,Head
cmd,41.9725,-6,2
err,42.0068,-8.09,-2.24
dbg,42.0068,-7.3,-4.5,-0.9,1.5
det,42.0068,1247.09,780.55,59.66,157.22,0.847,Body
det,42.0068,1262.72,782.58,18.39,27.6,0.723,Head
cmd,42.0068,-3,-2
err,42.0408,-8.09,-2.21
dbg,42.0408,-7.7,-2.2,-1.6,-1.5
det,42.0408,1246.94,780.54,59.72,157.19,0.848,Body
det,42.0408,1262.71,782.58,18.41,27.66,0.727,Head
cmd,42.0408,-5,-2
err,42.073,-8.01,-2.3
dbg,42.073,-7.9,-6.0,-2.0,-3.0
det,42.073,1247.2,780.48,59.42,157.27,0.849,Body
det,42.073,1262.81,782.55,18.36,27.55,0.724,Head
cmd,42.073,-2,0
err,42.1048,-4.54,-3.9
dbg,42.1048,-8.0,-5.2,-2.1,-1.5
det,42.1048,1252.11,779.65,57.54,157.14,0.836,Body
det,42.1048,1266.61,781.89,17.69,25.83,0.591,Head
cmd,42.1048,-3,-2
err,42.1382,4.38,-3.1
dbg,42.1382,-6.1,-3.7,-2.7,-1.5
det,42.1382,1254.74,781.09,59.28,158.04,0.841,Body
det,42.1382,1269.67,782.44,17.88,27.52,0.453,Head
err,42.1711,1.3,0.05
dbg,42.1711,-6.1,-3.7,-2.7,-1.5
det,42.1711,1257.06,783.27,59.69,161.08,0.833,Body
det,42.1711,1271.31,784.27,19.98,28.69,0.625,Head
err,42.2086,3.06,-0.78
dbg,42.2086,-1.1,0.0,-2.9,0.0
det,42.2086,1261.81,784.13,57.84,157.92,0.839,Body
det,42.2086,1273.84,784.62,18.44,26.54,0.598,Head
err,42.2411,4.84,0.67
dbg,42.2411,1.9,0.0,-1.7,0.0
det,42.2411,1260.89,784.62,61.17,162.18,0.833,Body
det,42.2411,1274.25,785.36,21.18,27.83,0.714,Head
err,42.2747,4.95,0.63
dbg,42.2747,3.5,0.0,-0.4,0.0
det,42.2747,1260.92,784.66,61.22,162.53,0.834,Body
det,42.2747,1274.43,785.41,21.02,27.68,0.716,Head
err,42.3085,4.92,0.68
dbg,42.3085,4.3,0.0,0.2,0.0
det,42.3085,1260.82,784.67,61.39,162.93,0.833,Body
det,42.3085,1274.31,785.38,21.22,27.8,0.715,Head
err,42.3396,4.83,0.72
dbg,42.3396,4.6,0.0,0.4,0.0
det,42.3396,1261.09,784.71,61.14,162.21,0.833,Body
det,42.3396,1274.2,785.42,21.27,27.82,0.715,Head
err,42.3731,4.8,0.81
dbg,42.3731,4.7,0.0,0.6,0.0
det,42.3731,1260.93,784.76,61.33,161.64,0.832,Body
det,42.3731,1274.05,785.46,21.51,27.91,0.713,Head
err,42.4062,4.82,0.79
dbg,42.4062,4.8,0.0,0.7,0.0
det,42.4062,1260.67,784.75,61.6,162.15,0.833,Body
det,42.4062,1274.1,785.44,21.44,27.92,0.715,Head
err,42.437,4.85,0.8
dbg,42.437,4.8,0.0,0.8,0.0
det,42.437,1260.65,784.72,61.6,162.96,0.832,Body
det,42.437,1274.09,785.4,21.51,28.01,0.715,Head
err,42.4716,3.02,21.18
dbg,42.4716,4.8,0.0,0.8,0.0
det,42.4716,1260.7,803.24,54.19,159.33,0.778,Body
det,42.4716,1272.53,804.32,20.98,30.65,0.69,Head
err,42.5064,5.08,17.56
dbg,42.5064,4.8,0.0,3.1,0.0
det,42.5064,1260.06,800.44,60.74,163.1,0.846,Body
det,42.5064,1275.53,801.71,19.1,28.82,0.722,Head
cmd,42.5064,5,3
err,42.6409,20.7,8.31
dbg,42.6409,4.9,0.0,5.1,0.0
det,42.6409,1289.2,792.27,23.01,29.16,0.355,Head
cmd,42.6409,4,5
err,43.1103,-2.09,-21.04
dbg,43.1103,-2.1,0.0,-21.0,0.0
det,43.1103,1269.13,774.18,17.57,47.83,0.427,Body
cmd,43.1103,-2,-20
err,43.1428,-2.03,-21.72
dbg,43.1428,-2.1,-1.5,-21.0,-14.9
det,43.1428,1269.21,773.41,17.53,48.7,0.454,Body
cmd,43.1428,-2,-5
err,43.1756,-2.02,-21.28
dbg,43.1756,-2.0,-3.0,-21.2,-18.7
det,43.1756,1269.2,773.9,17.56,48.19,0.438,Body
cmd,43.1756,0,-3
err,43.211,-2.09,-21.39
dbg,43.211,-2.0,0.0,-21.3,-2.2
det,43.211,1269.11,773.78,17.61,48.3,0.452,Body
cmd,43.211,-2,-18
err,43.2758,1.17,-23.84
dbg,43.2758,-2.0,-1.5,-21.3,-13.4
det,43.2758,1272.4,768.6,17.54,75.61,0.352,Body
cmd,43.2758,-2,-7
err,43.3109,0.89,-11.33
dbg,43.3109,-0.4,-1.5,-21.4,-5.2
det,43.3109,1271.64,780.8,18.5,78.66,0.421,Body
cmd,43.3109,0,-15
err,43.478,-82.63,94.97
dbg,43.478,-82.6,0.0,95.0,0.0
det,43.478,1164.89,880.71,63.79,148.49,0.893,Body
det,43.478,1188.21,881.48,18.32,24.51,0.565,Head
cmd,43.478,-30,34
err,43.5088,-55.24,98.75
dbg,43.5088,-78.9,-22.4,95.5,25.4
det,43.5088,1194.12,885.33,63.02,149.17,0.891,Body
det,43.5088,1216.34,886.49,16.85,22.29,0.578,Head
cmd,43.5088,-28,35
err,43.5442,-10.89,108.47
dbg,43.5442,-10.9,0.0,108.5,0.0
det,43.5442,1235.58,895.26,66.49,149.16,0.88,Body
det,43.5442,1261.45,896.15,15.32,22.4,0.659,Head
cmd,43.5442,-4,45
err,43.5757,-10.88,108.47
dbg,43.5757,-10.9,-3.0,108.5,33.6
det,43.5757,1235.59,895.29,66.4,149.12,0.88,Body
det,43.5757,1261.39,896.16,15.46,22.38,0.663,Head
cmd,43.5757,-5,45
err,43.6097,11.8,82.33
dbg,43.6097,11.8,0.0,82.3,0.0
det,43.6097,1260.88,867.39,61.83,149.38,0.89,Body
det,43.6097,1282.59,869.81,16.96,22.34,0.493,Head
cmd,43.6097,6,45
err,43.6437,33.93,57.32
dbg,43.6437,33.9,0.0,57.3,0.0
det,43.6437,1281.93,842.43,64.0,148.91,0.846,Body
cmd,43.6437,23,39
err,43.6762,35.57,21.63
dbg,43.6762,35.6,0.0,21.6,0.0
det,43.6762,1285.1,807.52,60.63,148.39,0.863,Body
det,43.6762,1307.6,808.77,15.93,23.38,0.644,Head
cmd,43.6762,33,20
err,43.7093,38.07,-9.92
dbg,43.7093,38.1,0.0,-9.9,0.0
det,43.7093,1287.49,776.0,63.54,145.84,0.864,Body
det,43.7093,1308.76,777.12,18.61,23.58,0.695,Head
cmd,43.7093,36,-9
err,43.7428,18.74,-75.35
dbg,43.7428,18.7,0.0,-75.4,0.0
det,43.7428,1266.17,711.07,62.08,146.92,0.895,Body
det,43.7428,1290.17,712.52,17.13,22.05,0.585,Head
cmd,43.7428,11,-44
err,43.7764,18.63,-75.35
dbg,43.7764,18.7,8.2,-75.4,-32.8
det,43.7764,1266.22,710.93,61.99,147.09,0.895,Body
det,43.7764,1290.01,712.45,17.24,22.18,0.585,Head
cmd,43.7764,10,-40
err,43.8096,-6.38,-88.37
dbg,43.8096,18.7,7.5,-75.4,-29.9
det,43.8096,1241.13,698.76,63.29,145.06,0.874,Body
det,43.8096,1265.78,699.21,15.68,22.58,0.681,Head
cmd,43.8096,10,-42
err,43.8438,-33.09,-80.5
dbg,43.8438,15.2,7.5,-76.1,-31.3
det,43.8438,1215.84,704.97,62.14,145.25,0.845,Body
det,43.8438,1237.57,705.84,14.55,22.14,0.472,Head
cmd,43.8438,8,-42
err,43.8771,-42.28,-49.0
dbg,43.8771,-42.3,0.0,-49.0,0.0
det,43.8771,1203.21,737.25,67.61,147.07,0.846,Body
det,43.8771,1229.08,738.36,17.28,22.97,0.61,Head
cmd,43.8771,-29,-34
err,43.9095,-57.16,13.48
dbg,43.9095,-57.2,0.0,13.5,0.0
det,43.9095,1190.95,801.09,65.32,143.99,0.864,Body
det,43.9095,1214.47,800.92,16.74,22.82,0.631,Head
cmd,43.9095,-44,10
err,43.9441,-61.78,45.42
dbg,43.9441,-61.8,0.0,45.4,0.0
det,43.9441,1185.48,830.64,65.47,147.84,0.841,Body
det,43.9441,1206.93,831.08,19.05,24.39,0.396,Head
cmd,43.9441,-36,27
err,43.9771,-41.82,69.37
dbg,43.9771,-41.8,0.0,69.4,0.0
det,43.9771,1205.47,856.91,64.06,147.38,0.881,Body
det,43.9771,1229.71,857.25,16.94,22.03,0.672,Head
cmd,43.9771,-23,39
err,44.0103,-41.79,69.24
dbg,44.0103,-41.8,-17.2,69.4,29.1
det,44.0103,1205.64,856.87,63.91,147.42,0.882,Body
det,44.0103,1229.77,857.15,16.89,21.98,0.67,Head
cmd,44.0103,-23,37
err,44.0438,-8.01,63.54
dbg,44.0438,-8.0,0.0,63.5,0.0
det,44.0438,1238.38,849.72,66.09,146.69,0.892,Body
det,44.0438,1264.26,850.35,15.46,23.98,0.649,Head
cmd,44.0438,-6,45
err,44.0768,17.67,42.63
dbg,44.0768,17.7,0.0,42.6,0.0
det,44.0768,1265.55,827.84,64.24,147.89,0.888,Body
det,44.0768,1289.41,828.77,16.93,23.09,0.5,Head
cmd,44.0768,17,40
err,44.1118,34.78,11.75
dbg,44.1118,34.8,0.0,11.8,0.0
det,44.1118,1283.5,798.71,66.09,145.68,0.849,Body
det,44.1118,1306.42,799.29,16.73,22.66,0.598,Head
cmd,44.1118,33,11
err,44.1437,53.11,-16.32
dbg,44.1437,53.1,0.0,-16.3,0.0
det,44.1437,1298.73,769.97,66.47,147.35,0.861,Body
det,44.1437,1325.1,771.36,16.03,22.4,0.554,Head
cmd,44.1437,43,-13
err,44.1761,58.27,-48.75
dbg,44.1761,58.3,0.0,-48.7,0.0
det,44.1761,1303.47,736.55,67.29,148.5,0.865,Body
det,44.1761,1329.65,738.21,17.25,23.72,0.689,Head
cmd,44.1761,35,-29
err,44.2103,44.23,-78.47
dbg,44.2103,44.2,0.0,-78.5,0.0
det,44.2103,1292.77,706.79,62.92,147.42,0.892,Body
det,44.2103,1314.42,708.46,18.56,22.62,0.465,Head
cmd,44.2103,22,-39
err,44.2426,19.76,-88.35
dbg,44.2426,44.2,16.4,-78.5,-29.1
det,44.2426,1267.89,698.91,63.39,145.9,0.878,Body
det,44.2426,1292.6,699.22,14.33,22.6,0.54,Head
cmd,44.2426,22,-39
err,44.2778,-11.46,-78.21
dbg,44.2778,-11.5,0.0,-78.2,0.0
det,44.2778,1235.63,705.94,64.48,149.25,0.859,Body
det,44.2778,1258.47,708.8,20.14,23.61,0.584,Head
cmd,44.2778,-7,-45
err,44.3105,-38.3,-54.91
dbg,44.3105,-38.3,0.0,-54.9,0.0
det,44.3105,1207.57,730.47,67.08,146.95,0.887,Body
det,44.3105,1233.38,732.2,16.63,23.44,0.686,Head
cmd,44.3105,-26,-37
err,44.3428,-55.76,-27.36
dbg,44.3428,-55.8,0.0,-27.4,0.0
det,44.3428,1194.75,760.25,62.14,145.72,0.888,Body
det,44.3428,1216.06,760.75,16.36,21.61,0.681,Head
cmd,44.3428,-40,-20
err,44.3765,-71.75,2.97
dbg,44.3765,-71.7,0.0,3.0,0.0
det,44.3765,1176.51,789.24,65.67,148.76,0.89,Body
det,44.3765,1198.45,789.98,19.62,23.62,0.553,Head
cmd,44.3765,-45,2
err,44.4106,-66.87,43.73
dbg,44.4106,-66.9,0.0,43.7,0.0
det,44.4106,1182.29,829.85,61.68,138.86,0.858,Body
cmd,44.4106,-38,25
err,44.4435,-45.79,63.43
dbg,44.4435,-64.0,-28.4,46.4,18.7
det,44.4435,1201.56,848.73,64.06,150.32,0.883,Body
det,44.4435,1225.43,850.11,17.56,24.22,0.609,Head
cmd,44.4435,-33,26
err,44.4771,-16.72,78.16
dbg,44.4771,-16.7,0.0,78.2,0.0
det,44.4771,1231.43,863.05,63.7,151.04,0.897,Body
det,44.4771,1253.92,865.7,16.43,23.39,0.524,Head
cmd,44.4771,-9,44
err,44.5102,17.05,77.1
dbg,44.5102,17.1,0.0,77.1,0.0
det,44.5102,1264.34,862.86,65.45,150.75,0.881,Body
det,44.5102,1287.68,864.23,18.75,23.4,0.554,Head
cmd,44.5102,10,44
err,44.5434,44.62,60.04
dbg,44.5434,44.6,0.0,60.0,0.0
det,44.5434,1293.97,845.39,63.35,149.18,0.896,Body
det,44.5434,1315.98,846.13,17.27,25.29,0.586,Head
cmd,44.5434,27,36
err,44.5769,69.17,37.64
dbg,44.5769,69.2,0.0,37.6,0.0
det,44.5769,1317.9,826.59,64.29,145.99,0.882,Body
det,44.5769,1341.92,825.64,14.5,21.81,0.597,Head
cmd,44.5769,40,22
err,44.6097,76.91,10.95
dbg,44.6097,73.4,29.9,37.6,16.4
det,44.6097,1325.84,796.74,62.15,142.01,0.886,Body
cmd,44.6097,40,19
err,44.6439,69.68,-27.93
dbg,44.6439,69.7,0.0,-27.9,0.0
det,44.6439,1318.48,762.54,60.81,144.07,0.88,Body
det,44.6439,1342.52,760.44,14.31,21.15,0.608,Head
cmd,44.6439,42,-17
err,44.6793,49.06,-51.77
dbg,44.6793,49.1,0.0,-51.8,0.0
det,44.6793,1295.75,733.33,66.63,149.02,0.86,Body
det,44.6793,1318.71,734.35,19.75,24.78,0.382,Head
cmd,44.6793,31,-33
err,44.7117,49.02,-51.89
dbg,44.7117,49.1,23.1,-51.8,-24.6
det,44.7117,1295.76,733.21,66.53,149.06,0.861,Body
det,44.7117,1318.75,734.27,19.67,24.57,0.398,Head
cmd,44.7117,24,-25
err,44.7458,18.28,-69.78
dbg,44.7458,18.3,0.0,-69.8,0.0
det,44.7458,1267.12,715.97,63.93,146.98,0.873,Body
det,44.7458,1289.13,716.7,18.29,24.59,0.593,Head
cmd,44.7458,11,-44
err,44.7777,-10.78,-83.03
dbg,44.7777,-10.8,0.0,-83.0,0.0
det,44.7777,1236.52,703.06,64.52,145.93,0.865,Body
det,44.7777,1261.13,704.42,16.2,22.83,0.687,Head
cmd,44.7777,-6,-45
err,44.811,-42.67,-69.42
dbg,44.811,-42.7,0.0,-69.4,0.0
det,44.811,1205.97,716.22,62.71,143.63,0.867,Body
det,44.811,1230.07,715.69,15.19,24.0,0.391,Head
cmd,44.811,-24,-38
err,44.8451,-82.46,-25.57
dbg,44.8451,-82.5,0.0,-25.6,0.0
det,44.8451,1166.2,759.94,62.68,144.93,0.892,Body
det,44.8451,1187.12,760.43,18.0,21.24,0.495,Head
cmd,44.8451,-43,-13
err,44.8781,-90.72,4.64
dbg,44.8781,-90.7,0.0,4.6,0.0
det,44.8781,1157.71,791.97,61.29,146.19,0.878,Body
det,44.8781,1180.61,792.18,17.35,22.66,0.69,Head
cmd,44.8781,-45,2
err,44.9117,-87.16,37.86
dbg,44.9117,-87.2,0.0,37.9,0.0
det,44.9117,1159.82,826.22,64.71,146.31,0.885,Body
det,44.9117,1184.37,825.92,16.96,21.69,0.667,Head
cmd,44.9117,-41,18
err,44.9442,-70.46,66.76
dbg,44.9442,-70.5,0.0,66.8,0.0
det,44.9442,1178.89,853.34,63.62,148.6,0.906,Body
det,44.9442,1201.26,854.33,16.56,22.6,0.567,Head
cmd,44.9442,-33,31
err,44.9773,-37.05,78.29
dbg,44.9773,-37.1,0.0,78.3,0.0
det,44.9773,1208.23,862.75,67.26,149.62,0.875,Body
det,44.9773,1235.19,865.01,15.52,24.15,0.685,Head
cmd,44.9773,-19,41
err,45.0115,-4.06,75.78
dbg,45.0115,-4.1,0.0,75.8,0.0
det,45.0115,1244.77,860.92,63.85,150.31,0.85,Body
det,45.0115,1268.28,863.17,15.32,22.93,0.618,Head
cmd,45.0115,-2,45
err,45.0452,26.75,62.96
dbg,45.0452,26.7,0.0,63.0,0.0
det,45.0452,1275.67,847.93,62.81,148.09,0.89,Body
det,45.0452,1299.3,849.61,14.89,24.27,0.684,Head
cmd,45.0452,18,41
err,45.0783,52.24,36.43
dbg,45.0783,52.2,0.0,36.4,0.0
det,45.0783,1299.71,824.51,63.44,148.28,0.9,Body
det,45.0783,1325.27,824.61,13.93,21.49,0.61,Head
cmd,45.0783,37,26
err,45.1127,65.47,6.86
dbg,45.1127,65.5,0.0,6.9,0.0
det,45.1127,1313.92,793.09,63.37,147.39,0.86,Body
det,45.1127,1336.97,794.03,17.0,23.32,0.545,Head
cmd,45.1127,45,5
err,45.1453,68.4,-28.01
dbg,45.1453,68.4,0.0,-28.0,0.0
det,45.1453,1316.54,761.22,62.47,146.12,0.875,Body
det,45.1453,1341.49,760.48,13.82,20.92,0.59,Head
cmd,45.1453,42,-17
err,45.1785,54.1,-58.0
dbg,45.1785,54.1,0.0,-58.0,0.0
det,45.1785,1301.78,729.58,63.32,147.53,0.885,Body
det,45.1785,1326.34,729.42,15.53,22.88,0.624,Head
cmd,45.1785,31,-33
err,45.2124,26.78,-76.61
dbg,45.2124,26.8,0.0,-76.6,0.0
det,45.2124,1273.13,710.45,64.67,146.26,0.867,Body
det,45.2124,1298.38,711.45,16.8,21.7,0.535,Head
cmd,45.2124,15,-42
err,45.2457,-37.65,-65.83
dbg,45.2457,-37.6,0.0,-65.8,0.0
det,45.2457,1209.11,719.3,65.46,146.87,0.891,Body
det,45.2457,1234.77,720.81,15.15,24.29,0.67,Head
cmd,45.2457,-22,-39
err,45.2793,-37.67,-65.85
dbg,45.2793,-37.6,-16.4,-65.8,-29.1
det,45.2793,1209.15,719.29,65.39,146.85,0.891,Body
det,45.2793,1234.74,720.8,15.18,24.27,0.67,Head
cmd,45.2793,-20,-35
err,45.3131,-37.72,-65.95
dbg,45.3131,-37.7,-14.9,-65.8,-26.1
det,45.3131,1209.2,719.25,65.38,146.95,0.892,Body
det,45.3131,1234.78,720.81,15.01,24.06,0.672,Head
cmd,45.3131,-22,-37
err,45.3453,-61.29,-43.53
dbg,45.3453,-61.3,0.0,-43.5,0.0
det,45.3453,1185.88,741.19,65.35,149.34,0.858,Body
det,45.3453,1209.28,743.94,18.85,22.77,0.659,Head
cmd,45.3453,-37,-26
err,45.3796,-41.48,45.16
dbg,45.3796,-41.5,0.0,45.2,0.0
det,45.3796,1205.93,832.96,64.08,145.21,0.864,Body
det,45.3796,1231.37,832.66,14.29,22.73,0.602,Head
cmd,45.3796,-30,33
err,45.4119,-41.45,45.21
dbg,45.4119,-41.5,-22.4,45.2,24.6
det,45.4119,1205.93,833.15,64.28,145.04,0.862,Body
det,45.4119,1231.34,832.69,14.42,22.76,0.595,Head
cmd,45.4119,-18,19
err,45.4459,-25.27,70.58
dbg,45.4459,-25.3,0.0,70.6,0.0
det,45.4459,1223.69,856.7,63.87,149.81,0.883,Body
det,45.4459,1246.86,857.52,15.75,23.74,0.656,Head
cmd,45.4459,-15,42
err,45.4791,2.91,91.49
dbg,45.4791,2.9,0.0,91.5,0.0
det,45.4791,1251.3,878.32,66.53,149.58,0.846,Body
det,45.4791,1274.5,878.07,16.83,24.4,0.581,Head
cmd,45.4791,2,45
err,45.5128,39.71,55.23
dbg,45.5128,39.7,0.0,55.2,0.0
det,45.5128,1289.23,840.64,60.96,145.85,0.865,Body
det,45.5128,1309.85,840.92,16.82,20.24,0.467,Head
cmd,45.5128,26,37
err,45.5452,49.99,20.69
dbg,45.5452,50.0,0.0,20.7,0.0
det,45.5452,1299.23,805.95,61.53,147.38,0.903,Body
det,45.5452,1323.19,808.15,15.58,21.11,0.528,Head
cmd,45.5452,42,17
err,45.5787,47.71,-13.99
dbg,45.5787,47.7,0.0,-14.0,0.0
det,45.5787,1295.84,771.02,63.75,149.83,0.891,Body
det,45.5787,1319.48,773.63,19.57,23.42,0.44,Head
cmd,45.5787,43,-13
err,45.6122,28.83,-39.28
dbg,45.6122,28.8,0.0,-39.3,0.0
det,45.6122,1275.63,747.37,65.05,145.23,0.859,Body
det,45.6122,1300.14,747.66,17.39,23.73,0.547,Head
cmd,45.6122,27,-36
err,45.6482,-3.38,-52.37
dbg,45.6482,-3.4,0.0,-52.4,0.0
det,45.6482,1245.65,733.94,63.93,148.17,0.835,Body
det,45.6482,1268.46,734.6,16.33,23.68,0.544,Head
cmd,45.6482,-3,-45
err,45.6797,-34.49,-42.95
dbg,45.6797,-34.5,0.0,-43.0,0.0
det,45.6797,1213.36,743.0,64.91,146.29,0.825,Body
det,45.6797,1235.54,744.6,19.94,22.62,0.576,Head
cmd,45.6797,-28,-35
err,45.7118,-54.38,-16.42
dbg,45.7118,-54.4,0.0,-16.4,0.0
det,45.7118,1192.78,768.7,65.52,149.39,0.895,Body
det,45.7118,1217.41,770.78,16.43,23.27,0.672,Head
cmd,45.7118,-43,-13
err,45.7455,-53.01,19.65
dbg,45.7455,-53.0,0.0,19.7,0.0
det,45.7455,1195.31,804.99,63.36,146.66,0.892,Body
det,45.7455,1217.54,806.37,16.9,21.28,0.377,Head
cmd,45.7455,-42,16
err,45.7791,-30.78,44.29
dbg,45.7791,-30.8,0.0,44.3,0.0
det,45.7791,1218.13,829.59,62.18,146.99,0.844,Body
cmd,45.7791,-26,37
err,45.8116,0.61,53.33
dbg,45.8116,0.6,0.0,53.3,0.0
det,45.8116,1250.04,838.53,61.15,147.95,0.857,Body
cmd,45.8116,2,45
err,45.8461,32.19,42.97
dbg,45.8461,32.2,0.0,43.0,0.0
det,45.8461,1281.33,828.38,61.72,145.93,0.857,Body
cmd,45.8461,27,36
err,45.8781,50.62,13.55
dbg,45.8781,50.6,0.0,13.5,0.0
det,45.8781,1298.9,799.08,64.97,149.64,0.872,Body
det,45.8781,1322.12,800.58,16.99,23.57,0.684,Head
cmd,45.8781,43,12
err,45.9116,50.61,13.57
dbg,45.9116,50.6,32.1,13.6,9.0
det,45.9116,1298.96,799.1,64.96,149.53,0.872,Body
det,45.9116,1322.1,800.6,17.01,23.59,0.684,Head
cmd,45.9116,18,4
err,45.9449,49.4,-20.31
dbg,45.9449,49.4,0.0,-20.3,0.0
det,45.9449,1296.05,765.2,68.05,149.07,0.855,Body
det,45.9449,1319.36,766.43,20.08,24.1,0.61,Head
cmd,45.9449,42,-17
err,45.9782,28.53,-47.31
dbg,45.9782,28.5,0.0,-47.3,0.0
det,45.9782,1275.06,737.84,66.94,148.48,0.839,Body
det,45.9782,1297.52,740.57,22.06,25.68,0.46,Head
cmd,45.9782,23,-39
err,46.012,28.58,-47.13
dbg,46.012,28.6,17.2,-47.2,-29.1
det,46.012,1275.16,738.05,66.84,148.2,0.839,Body
det,46.012,1297.39,740.75,21.83,25.38,0.456,Head
cmd,46.012,11,-17
err,46.0449,-2.91,-56.07
dbg,46.0449,-2.9,0.0,-56.1,0.0
det,46.0449,1247.05,730.35,61.56,145.73,0.88,Body
det,46.0449,1269.24,731.23,15.69,23.09,0.552,Head
cmd,46.0449,-2,-45
err,46.0781,-15.44,-58.7
dbg,46.0781,-2.9,-1.5,-56.1,-33.6
det,46.0781,1232.9,726.18,63.7,147.34,0.877,Body
det,46.0781,1254.69,727.36,19.73,25.36,0.558,Head
cmd,46.0781,-2,-21
err,46.1136,-73.13,-3.65
dbg,46.1136,-73.1,0.0,-3.6,0.0
det,46.1136,1173.78,782.97,65.9,147.35,0.876,Body
det,46.1136,1199.08,782.77,15.57,24.69,0.599,Head
cmd,46.1136,-45,-2
err,46.1448,-73.09,-3.67
dbg,46.1448,-73.1,-33.6,-3.6,-1.5
det,46.1448,1173.72,782.98,65.97,147.29,0.876,Body
det,46.1448,1199.2,782.82,15.43,24.57,0.598,Head
cmd,46.1448,-37,-2
err,46.179,-71.2,30.42
dbg,46.179,-71.2,0.0,30.4,0.0
det,46.179,1174.87,815.41,67.02,149.49,0.883,Body
det,46.179,1200.9,817.22,15.8,24.0,0.663,Head
cmd,46.179,-41,18
err,46.2144,-69.39,46.53
dbg,46.2144,-70.9,-30.6,32.6,13.4
det,46.2144,1176.01,831.66,66.09,147.77,0.875,Body
det,46.2144,1202.91,833.57,15.39,23.57,0.684,Head
cmd,46.2144,-38,18
err,46.245,-36.43,46.33
dbg,46.245,-36.4,0.0,46.3,0.0
det,46.245,1213.11,832.9,62.81,147.17,0.867,Body
det,46.245,1236.73,834.23,13.69,22.0,0.596,Head
cmd,46.245,-28,35
err,46.2783,-7.41,47.54
dbg,46.2783,-32.4,-20.9,46.5,26.1
det,46.2783,1239.56,833.96,64.35,147.49,0.871,Body
det,46.2783,1265.48,835.31,14.23,22.24,0.623,Head
cmd,46.2783,-11,19
err,46.312,21.49,37.99
dbg,46.312,21.5,0.0,38.0,0.0
det,46.312,1269.99,823.46,62.99,145.35,0.872,Body
det,46.312,1294.14,822.07,17.18,22.67,0.406,Head
cmd,46.312,20,36
err,46.345,51.74,19.46
dbg,46.345,51.7,0.0,19.5,0.0
det,46.345,1300.43,805.96,61.06,147.6,0.903,Body
det,46.345,1324.33,807.89,14.82,21.04,0.559,Head
cmd,46.345,42,16
err,46.379,72.15,0.85
dbg,46.379,54.5,31.3,19.5,11.9
det,46.379,1319.26,786.58,65.79,142.69,0.875,Body
det,46.379,1342.68,782.66,15.47,25.06,0.424,Head
cmd,46.379,22,7
err,46.4116,72.16,0.93
dbg,46.4116,57.0,47.8,16.9,17.2
det,46.4116,1319.18,786.67,65.95,142.64,0.875,Body
det,46.4116,1342.66,782.66,15.54,25.04,0.418,Head
cmd,46.4116,9,0
err,46.4456,65.63,-49.39
dbg,46.4456,65.6,0.0,-49.4,0.0
det,46.4456,1312.85,735.36,65.56,152.47,0.836,Body
det,46.4456,1336.45,741.7,19.25,22.91,0.383,Head
cmd,46.4456,36,-27
err,46.4792,34.18,-60.09
dbg,46.4792,34.2,0.0,-60.1,0.0
det,46.4792,1282.1,727.13,61.92,147.76,0.855,Body
det,46.4792,1305.82,727.76,16.73,22.08,0.542,Head
cmd,46.4792,22,-39
err,46.512,17.69,-63.16
dbg,46.512,34.2,16.4,-60.1,-29.1
det,46.512,1265.37,721.94,64.63,149.03,0.873,Body
det,46.512,1288.27,723.1,19.14,23.9,0.474,Head
cmd,46.512,17,-29
err,46.5468,10.38,-63.12
dbg,46.5468,31.9,12.7,-60.5,-21.6
det,46.5468,1259.42,722.05,63.24,148.55,0.882,Body
det,46.5468,1281.37,723.47,18.02,24.39,0.62,Head
cmd,46.5468,18,-37
err,46.5797,-16.55,-43.46
dbg,46.5797,-16.6,0.0,-43.5,0.0
det,46.5797,1232.04,741.8,62.81,147.46,0.875,Body
cmd,46.5797,-16,-41
err,46.612,-32.08,-14.37
dbg,46.612,-32.1,0.0,-14.4,0.0
det,46.612,1216.55,770.88,62.74,147.55,0.846,Body
cmd,46.612,-30,-13
err,46.6466,-32.09,-14.33
dbg,46.6466,-32.1,-22.4,-14.3,-9.7
det,46.6466,1216.57,770.93,62.69,147.48,0.846,Body
cmd,46.6466,-9,-5
err,46.6797,-47.44,66.56
dbg,46.6797,-47.4,0.0,66.6,0.0
det,46.6797,1199.8,851.52,65.53,150.4,0.887,Body
det,46.6797,1225.29,852.8,18.41,22.79,0.465,Head
cmd,46.6797,-26,37
err,46.7118,-47.41,66.46
dbg,46.7118,-47.4,-19.4,66.6,27.6
det,46.7118,1199.79,851.41,65.58,150.48,0.886,Body
det,46.7118,1225.15,852.77,18.57,22.87,0.471,Head
cmd,46.7118,-26,36
err,46.7464,-25.76,75.39
dbg,46.7464,-47.4,-38.8,66.6,54.5
det,46.7464,1224.35,861.43,62.92,148.94,0.875,Body
det,46.7464,1246.78,862.48,14.92,23.47,0.647,Head
cmd,46.7464,-8,12
err,46.781,-19.34,78.32
dbg,46.781,-44.4,-6.0,67.8,9.0
det,46.781,1230.83,863.67,62.33,151.51,0.884,Body
det,46.781,1253.04,866.13,15.24,22.16,0.561,Head
cmd,46.781,-25,37
err,46.8127,0.75,45.97
dbg,46.8127,0.7,0.0,46.0,0.0
det,46.8127,1248.07,830.52,65.36,154.47,0.84,Body
cmd,46.8127,2,43
err,46.8461,20.64,28.01
dbg,46.8461,3.5,1.5,46.0,32.1
det,46.8461,1269.48,813.57,62.32,144.42,0.863,Body
cmd,46.8461,2,13
err,46.8794,26.52,14.76
dbg,46.8794,5.8,1.5,43.5,9.7
det,46.8794,1274.05,801.17,64.96,148.48,0.866,Body
det,46.8794,1298.61,802.11,15.81,23.0,0.608,Head
cmd,46.8794,4,32
err,46.9117,44.77,-11.71
dbg,46.9117,44.8,0.0,-11.7,0.0
det,46.9117,1293.54,773.47,62.45,148.12,0.889,Body
det,46.9117,1315.59,775.78,19.31,21.89,0.508,Head
cmd,46.9117,42,-11
err,46.9482,42.33,-53.64
dbg,46.9482,42.3,0.0,-53.6,0.0
det,46.9482,1291.39,731.89,61.87,147.14,0.88,Body
det,46.9482,1314.32,733.59,16.02,23.23,0.669,Head
cmd,46.9482,28,-35
err,46.9809,39.14,-74.99
dbg,46.9809,42.3,20.9,-53.6,-26.1
det,46.9809,1288.07,710.54,62.14,144.71,0.869,Body
det,46.9809,1311.12,710.79,17.78,21.85,0.389,Head
cmd,46.9809,20,-26
err,47.0123,8.76,-68.02
dbg,47.0123,8.8,0.0,-68.0,0.0
det,47.0123,1255.67,717.51,65.13,145.54,0.882,Body
det,47.0123,1279.94,718.19,17.64,25.07,0.67,Head
cmd,47.0123,6,-45
err,47.0459,8.78,-67.68
dbg,47.0459,8.8,4.5,-67.8,-33.6
det,47.0459,1255.71,717.89,65.09,145.08,0.881,Body
det,47.0459,1279.86,718.37,17.85,25.37,0.663,Head
cmd,47.0459,4,-32
err,47.0798,-12.61,-44.95
dbg,47.0798,-12.6,0.0,-45.0,0.0
det,47.0798,1236.1,740.61,62.45,148.07,0.871,Body
det,47.0798,1258.14,743.01,18.52,21.89,0.545,Head
cmd,47.0798,-12,-42
err,47.1127,-27.61,-25.25
dbg,47.1127,-12.6,-9.0,-42.2,-31.3
det,47.1127,1220.45,762.08,63.76,145.91,0.868,Body
det,47.1127,1244.82,762.19,15.15,22.85,0.627,Head
cmd,47.1127,-3,-10
err,47.1457,-27.61,-25.14
dbg,47.1457,-14.7,-11.2,-39.9,-38.8
det,47.1457,1220.47,762.08,63.76,145.88,0.868,Body
det,47.1457,1244.83,762.26,15.12,22.92,0.635,Head
cmd,47.1457,-4,-2
err,47.1798,-30.95,12.16
dbg,47.1798,-30.9,0.0,12.2,0.0
det,47.1798,1217.46,797.68,63.18,144.78,0.846,Body
cmd,47.1798,-29,11
err,47.2122,-26.22,68.97
dbg,47.2122,-26.2,0.0,69.0,0.0
det,47.2122,1221.81,854.26,63.94,147.08,0.876,Body
det,47.2122,1245.97,853.74,16.91,22.86,0.391,Head
cmd,47.2122,-16,42
err,47.2459,-24.02,71.08
dbg,47.2459,-25.0,-11.9,70.1,31.3
det,47.2459,1224.69,857.12,64.31,150.8,0.889,Body
det,47.2459,1248.27,858.64,15.43,22.62,0.639,Head
cmd,47.2459,-12,36
err,47.2793,-21.66,74.15
dbg,47.2793,-24.5,-9.0,70.7,26.9
det,47.2793,1227.33,859.6,62.57,149.19,0.875,Body
det,47.2793,1250.28,861.28,16.11,23.4,0.644,Head
cmd,47.2793,-15,42
err,47.3121,0.71,67.06
dbg,47.3121,-22.9,-20.2,70.9,58.2
det,47.3121,1249.32,852.13,62.78,149.35,0.855,Body
det,47.3121,1273.74,852.81,16.85,22.66,0.358,Head
cmd,47.3121,-2,11
err,47.3454,13.16,34.45
dbg,47.3454,13.2,0.0,34.5,0.0
det,47.3454,1262.19,819.55,61.92,149.01,0.897,Body
det,47.3454,1281.72,821.45,16.58,22.97,0.418,Head
cmd,47.3454,12,32
err,47.3802,21.02,8.46
dbg,47.3802,17.5,9.0,34.5,23.9
det,47.3802,1269.24,793.76,63.56,147.02,0.865,Body
cmd,47.3802,8,10
err,47.4121,32.45,-23.1
dbg,47.4121,32.5,0.0,-23.1,0.0
det,47.4121,1281.36,762.2,62.18,147.02,0.863,Body
cmd,47.4121,30,-22
err,47.4469,34.41,-32.31
dbg,47.4469,33.5,22.4,-23.1,-16.4
det,47.4469,1281.56,753.39,64.89,146.1,0.869,Body
det,47.4469,1305.38,754.24,18.06,24.45,0.672,Head
cmd,47.4469,11,-6
err,47.4796,25.82,-55.62
dbg,47.4796,32.9,8.2,-28.2,-4.5
det,47.4796,1272.24,729.49,64.4,147.4,0.879,Body
det,47.4796,1298.01,731.25,15.62,23.86,0.698,Head
cmd,47.4796,23,-22
err,47.5124,-2.77,-46.34
dbg,47.5124,-2.8,0.0,-46.3,0.0
det,47.5124,1245.05,738.96,64.37,147.03,0.847,Body
det,47.5124,1268.14,740.28,16.19,22.44,0.482,Head
cmd,47.5124,-3,-43
err,47.5466,-2.81,-46.27
dbg,47.5466,-2.8,-2.2,-46.3,-32.1
det,47.5466,1245.09,739.04,64.2,146.89,0.849,Body
det,47.5466,1268.26,740.35,15.95,22.33,0.481,Head
cmd,47.5466,-2,-14
err,47.5799,-10.99,-43.73
dbg,47.5799,-2.8,-1.5,-46.3,-10.4
det,47.5799,1237.54,742.93,62.05,146.76,0.865,Body
det,47.5799,1260.13,744.36,17.75,21.65,0.559,Head
cmd,47.5799,-2,-33
err,47.6138,-28.18,-27.45
dbg,47.6138,-7.3,-1.5,-44.9,-24.6
det,47.6138,1220.21,760.23,60.36,146.88,0.872,Body
det,47.6138,1244.5,760.87,14.65,21.24,0.634,Head
cmd,47.6138,-5,-19
err,47.646,-25.7,10.84
dbg,47.646,-25.7,0.0,10.8,0.0
det,47.646,1223.18,796.51,62.25,143.29,0.885,Body
det,47.646,1246.39,793.8,16.66,22.19,0.521,Head
cmd,47.646,-24,10
err,47.6808,-24.18,16.36
dbg,47.6808,-24.9,-17.9,13.9,7.5
det,47.6808,1224.24,801.59,63.16,147.68,0.878,Body
det,47.6808,1247.69,803.89,16.03,22.6,0.457,Head
cmd,47.6808,-7,6
err,47.7124,-23.39,41.17
dbg,47.7124,-24.5,-23.1,15.2,11.9
det,47.7124,1226.01,828.11,63.38,147.49,0.877,Body
det,47.7124,1248.57,828.58,16.08,22.9,0.604,Head
cmd,47.7124,-2,3
err,47.7476,-20.53,55.42
dbg,47.7476,-24.3,-1.5,18.8,2.2
det,47.7476,1229.19,842.62,62.01,145.76,0.901,Body
det,47.7476,1251.13,843.02,16.69,22.55,0.594,Head
cmd,47.7476,-21,16
err,47.7811,-1.22,46.77
dbg,47.7811,-23.8,-15.7,22.7,11.9
det,47.7811,1247.37,831.88,62.81,148.95,0.861,Body
det,47.7811,1269.8,834.25,16.02,23.23,0.504,Head
cmd,47.7811,-8,10
err,47.8136,3.05,42.99
dbg,47.8136,-20.7,-21.6,26.0,19.4
det,47.8136,1252.32,828.33,63.23,147.75,0.845,Body
det,47.8136,1275.46,830.27,15.2,23.14,0.519,Head
cmd,47.8136,0,6
err,47.8459,5.15,42.38
dbg,47.8459,-17.4,-6.0,28.3,11.9
det,47.8459,1253.36,827.61,63.58,147.68,0.876,Body
det,47.8459,1276.94,828.09,14.08,22.17,0.497,Head
cmd,47.8459,-11,15
err,47.8789,20.39,32.61
dbg,47.8789,-14.3,-8.2,30.2,15.7
det,47.8789,1268.0,818.0,64.79,146.06,0.863,Body
det,47.8789,1291.68,816.99,17.01,23.57,0.506,Head
cmd,47.8789,-6,14
err,47.9133,26.62,22.92
dbg,47.9133,-9.6,-4.5,30.6,10.4
det,47.9133,1273.12,807.98,65.53,147.33,0.881,Body
det,47.9133,1298.01,809.46,17.21,24.46,0.642,Head
cmd,47.9133,-4,19
err,47.9461,26.64,22.91
dbg,47.9461,-4.6,-3.0,29.5,14.2
det,47.9461,1273.16,807.98,65.52,147.31,0.88,Body
det,47.9461,1298.02,809.45,17.23,24.47,0.643,Head
cmd,47.9461,-2,14
err,47.9791,26.66,22.92
dbg,47.9791,-0.3,-4.5,28.6,24.6
det,47.9791,1273.11,807.98,65.44,147.32,0.88,Body
det,47.9791,1298.12,809.52,17.08,24.38,0.647,Head
cmd,47.9791,0,4
err,48.0125,42.21,-17.9
dbg,48.0125,42.2,0.0,-17.9,0.0
det,48.0125,1290.78,767.18,63.14,148.4,0.881,Body
det,48.0125,1313.85,768.93,16.72,23.96,0.691,Head
cmd,48.0125,40,-17
err,48.0455,42.91,-29.12
dbg,48.0455,42.6,29.9,-17.9,-12.7
det,48.0455,1293.69,757.34,62.1,146.98,0.901,Body
det,48.0455,1314.22,758.9,17.38,21.77,0.589,Head
cmd,48.0455,12,-5
err,48.0787,42.88,-29.14
dbg,48.0787,42.8,38.8,-24.1,-16.4
det,48.0787,1293.95,757.48,61.63,146.71,0.902,Body
det,48.0787,1314.41,758.95,16.95,21.65,0.577,Head
cmd,48.0787,3,-7
err,48.1134,43.14,-32.09
dbg,48.1134,42.8,2.2,-26.9,-5.2
det,48.1134,1293.94,755.21,61.57,146.37,0.898,Body
det,48.1134,1315.18,755.7,15.93,22.2,0.549,Head
cmd,48.1134,38,-20
err,48.1471,13.22,-15.57
dbg,48.1471,13.2,0.0,-15.6,0.0
det,48.1471,1262.64,770.09,61.16,143.32,0.869,Body
det,48.1471,1285.12,770.14,14.11,20.4,0.436,Head
cmd,48.1471,12,-15
err,48.1791,3.26,-11.56
dbg,48.1791,13.2,9.0,-13.4,-11.2
det,48.1791,1250.93,775.06,64.68,147.04,0.866,Body
det,48.1791,1274.67,776.19,17.19,22.27,0.63,Head
cmd,48.1791,4,-2
err,48.2128,3.33,-11.61
dbg,48.2128,7.8,11.9,-12.4,-12.7
det,48.2128,1250.77,775.12,64.86,147.0,0.866,Body
det,48.2128,1274.82,776.26,17.03,22.06,0.624,Head
err,48.2462,-25.12,8.77
dbg,48.2462,-25.1,0.0,8.8,0.0
det,48.2462,1223.14,794.39,63.47,143.86,0.87,Body
det,48.2462,1245.83,793.01,17.77,21.0,0.398,Head
cmd,48.2462,-24,8
err,48.2791,-36.96,18.98
dbg,48.2791,-25.1,-17.9,14.4,6.0
det,48.2791,1209.09,803.64,65.64,147.86,0.858,Body
det,48.2791,1233.41,805.94,19.27,23.7,0.568,Head
cmd,48.2791,-6,8
err,48.3127,-36.98,18.91
dbg,48.3127,-31.6,-22.4,16.9,11.9
det,48.3127,1209.12,803.45,65.66,148.04,0.858,Body
det,48.3127,1233.35,805.83,19.35,23.77,0.569,Head
cmd,48.3127,-9,5
err,48.3461,-36.87,18.8
dbg,48.3461,-34.6,-6.7,18.0,3.7
det,48.3461,1209.19,803.32,65.65,148.17,0.858,Body
det,48.3461,1233.37,805.73,19.53,23.77,0.56,Head
cmd,48.3461,-26,13
err,48.3803,-13.51,4.88
dbg,48.3803,-35.8,-19.4,18.4,9.7
det,48.3803,1233.48,790.97,63.7,147.94,0.878,Body
det,48.3803,1256.17,791.87,20.65,23.65,0.543,Head
cmd,48.3803,-15,8
err,48.4132,-7.26,3.8
dbg,48.4132,-32.8,-11.2,16.6,6.0
det,48.4132,1240.52,789.0,64.45,148.06,0.898,Body
det,48.4132,1264.84,790.02,19.05,23.63,0.46,Head
cmd,48.4132,-21,10
err,48.4461,10.13,-7.16
dbg,48.4461,-29.3,-26.9,14.8,13.4
det,48.4461,1260.31,779.65,61.57,144.38,0.891,Body
det,48.4461,1282.03,780.17,16.21,23.04,0.631,Head
cmd,48.4461,-2,2
err,48.4786,22.93,-13.46
dbg,48.4786,-23.8,-17.2,11.8,9.0
det,48.4786,1269.52,772.75,63.87,146.71,0.856,Body
det,48.4786,1294.51,774.53,16.85,21.83,0.52,Head
cmd,48.4786,-6,3
err,48.5146,22.96,-13.47
dbg,48.5146,-17.4,-4.5,8.3,2.2
det,48.5146,1269.52,772.86,63.71,146.63,0.856,Body
det,48.5146,1294.6,774.57,16.73,21.76,0.509,Head
cmd,48.5146,-12,5
err,48.5455,36.39,-22.54
dbg,48.5455,-11.9,-9.0,5.3,3.7
det,48.5455,1285.69,764.75,64.68,146.98,0.874,Body
det,48.5455,1309.31,764.65,14.16,23.28,0.573,Head
cmd,48.5455,-3,2
err,48.5809,43.27,-24.87
dbg,48.5809,-5.2,-11.2,1.5,5.2
det,48.5809,1293.16,764.8,61.38,142.16,0.881,Body
det,48.5809,1315.6,763.96,15.34,20.32,0.545,Head
err,48.6123,43.25,-24.88
dbg,48.6123,1.4,0.0,-2.1,0.0
det,48.6123,1293.13,764.81,61.31,142.12,0.88,Body
det,48.6123,1315.59,763.96,15.33,20.29,0.548,Head
err,48.6473,42.92,-24.89
dbg,48.6473,7.2,0.0,-5.3,0.0
det,48.6473,1293.09,764.78,61.35,142.15,0.878,Body
det,48.6473,1315.17,763.86,15.5,20.44,0.557,Head
cmd,48.6473,7,-5
err,48.6802,55.12,-25.27
dbg,48.6802,12.2,5.2,-8.0,-3.7
det,48.6802,1304.05,760.41,62.13,143.19,0.867,Body
cmd,48.6802,6,-4
err,48.7131,55.12,-25.62
dbg,48.7131,18.1,9.7,-10.3,-6.7
det,48.7131,1304.0,760.02,62.24,143.56,0.868,Body
cmd,48.7131,8,-3
err,48.7467,50.98,-28.59
dbg,48.7467,23.2,10.4,-12.4,-5.2
det,48.7467,1298.6,759.49,62.43,146.55,0.89,Body
det,48.7467,1322.5,759.77,16.96,21.17,0.548,Head
cmd,48.7467,12,-7
err,48.7793,44.27,-23.37
dbg,48.7793,27.0,14.9,-14.3,-7.5
det,48.7793,1294.63,763.38,60.54,145.41,0.882,Body
det,48.7793,1316.28,763.97,15.98,23.03,0.616,Head
cmd,48.7793,11,-6
err,48.8131,37.58,-21.14
dbg,48.8131,29.4,17.2,-15.5,-9.7
det,48.8131,1286.64,765.55,64.44,145.53,0.871,Body
det,48.8131,1310.09,765.75,14.97,23.84,0.644,Head
cmd,48.8131,12,-6
err,48.8463,30.92,-17.35
dbg,48.8463,33.9,9.0,-18.6,-4.5
det,48.8463,1279.77,767.78,62.32,148.68,0.851,Body
det,48.8463,1301.91,769.25,16.11,24.08,0.457,Head
cmd,48.8463,23,-13
err,48.8799,21.28,-9.15
dbg,48.8799,32.3,17.2,-17.9,-9.7
det,48.8799,1269.65,776.31,63.25,145.38,0.848,Body
cmd,48.8799,14,-8
err,48.9135,12.46,-6.06
dbg,48.9135,26.2,10.4,-13.1,-6.0
det,48.9135,1262.32,779.86,61.99,144.85,0.892,Body
det,48.9135,1283.57,780.34,17.79,24.73,0.557,Head
cmd,48.9135,15,-7
err,48.9454,-3.73,3.49
dbg,48.9454,24.3,21.6,-12.1,-11.2
det,48.9454,1243.87,788.94,64.4,147.81,0.884,Body
det,48.9454,1266.36,790.51,19.82,23.6,0.593,Head
cmd,48.9454,3,-2
err,48.9813,-14.17,7.98
dbg,48.9813,20.5,2.2,-10.0,-1.5
det,48.9813,1232.8,793.13,66.05,148.54,0.866,Body
det,48.9813,1257.52,793.51,22.32,26.18,0.449,Head
cmd,48.9813,17,-8
err,49.0127,-24.83,15.13
dbg,49.0127,15.7,12.7,-7.5,-6.0
det,49.0127,1222.26,800.33,64.5,145.82,0.875,Body
det,49.0127,1246.54,801.85,17.25,24.14,0.657,Head
cmd,49.0127,2,-2
err,49.0459,-27.28,15.18
dbg,49.0459,10.1,14.2,-4.4,-7.5
det,49.0459,1220.3,801.12,64.78,146.92,0.861,Body
det,49.0459,1243.7,802.03,18.03,23.91,0.57,Head
err,49.0819,-40.96,21.22
dbg,49.0819,5.0,0.0,-1.7,0.0
det,49.0819,1206.69,807.3,63.42,147.68,0.88,Body
det,49.0819,1230.89,808.75,16.31,22.66,0.685,Head
cmd,49.0819,5,-2
err,49.1129,-42.16,21.36
dbg,49.1129,-1.3,3.7,1.4,-1.5
det,49.1129,1205.17,808.44,62.78,146.69,0.891,Body
det,49.1129,1230.53,809.34,14.61,21.84,0.6,Head
err,49.1469,-42.12,21.31
dbg,49.1469,-6.9,3.7,4.2,-1.5
det,49.1469,1205.17,808.35,62.8,146.75,0.891,Body
det,49.1469,1230.56,809.29,14.64,21.85,0.606,Head
cmd,49.1469,-10,5
err,49.1809,-45.86,23.56
dbg,49.1809,-11.8,-7.5,6.5,3.7
det,49.1809,1201.41,809.86,63.67,146.11,0.896,Body
det,49.1809,1225.72,810.72,16.85,23.34,0.572,Head
cmd,49.1809,-4,3
err,49.214,-45.84,23.5
dbg,49.214,-16.5,-3.0,8.9,2.2
det,49.214,1201.21,809.86,63.93,146.15,0.898,Body
det,49.214,1225.77,810.7,16.77,23.27,0.566,Head
cmd,49.214,-13,6
err,49.2476,-45.87,23.54
dbg,49.2476,-20.5,-9.7,10.9,4.5
det,49.2476,1201.22,809.9,63.88,146.16,0.897,Body
det,49.2476,1225.72,810.74,16.83,23.28,0.567,Head
cmd,49.2476,-10,6
err,49.2806,-38.13,20.15
dbg,49.2806,-24.0,-7.5,12.6,4.5
det,49.2806,1208.19,806.35,65.8,146.98,0.875,Body
det,49.2806,1233.4,807.89,16.95,22.29,0.636,Head
cmd,49.2806,-15,8
err,49.3132,-38.17,20.17
dbg,49.3132,-25.9,-18.7,13.7,10.4
det,49.3132,1208.26,806.31,65.75,146.98,0.874,Body
det,49.3132,1233.38,807.9,16.89,22.32,0.636,Head
cmd,49.3132,-7,3
err,49.3474,-17.51,10.66
dbg,49.3474,-27.6,-5.2,14.6,2.2
det,49.3474,1231.21,795.86,62.56,147.96,0.868,Body
cmd,49.3474,-21,11
err,49.3813,-17.5,10.75
dbg,49.3813,-22.1,-15.7,12.5,8.2
det,49.3813,1231.21,795.96,62.58,147.93,0.868,Body
cmd,49.3813,-6,4
err,49.4143,-6.81,3.88
dbg,49.4143,-19.5,-4.5,11.5,3.0
det,49.4143,1241.28,789.42,64.53,149.2,0.899,Body
det,49.4143,1262.95,790.45,20.5,24.41,0.611,Head
cmd,49.4143,-14,8
err,49.4475,-1.38,1.81
dbg,49.4475,-17.8,-14.9,10.4,9.0
det,49.4475,1246.92,787.06,63.39,147.41,0.86,Body
det,49.4475,1268.67,788.04,19.74,24.84,0.415,Head
cmd,49.4475,-3,2
err,49.4816,14.02,-5.29
dbg,49.4816,-15.5,-2.2,9.2,1.5
det,49.4816,1262.57,780.27,62.9,144.37,0.883,Body
det,49.4816,1283.94,780.78,16.48,23.74,0.508,Head
cmd,49.4816,-12,7
err,49.5146,19.13,-11.54
dbg,49.5146,-11.5,-9.0,7.2,5.2
det,49.5146,1267.15,774.61,61.94,146.93,0.894,Body
det,49.5146,1290.61,776.33,17.04,22.05,0.667,Head
cmd,49.5146,-3,2
err,49.5475,28.39,-17.45
dbg,49.5475,-7.3,-11.2,4.7,6.7
det,49.5475,1277.4,770.31,63.9,146.29,0.844,Body
det,49.5475,1301.02,770.6,14.74,21.71,0.575,Head
err,49.5812,29.74,-17.84
dbg,49.5812,-2.4,-2.2,1.6,1.5
det,49.5812,1279.32,768.06,63.43,147.23,0.846,Body
det,49.5812,1301.82,769.39,15.84,23.22,0.517,Head
err,49.614,39.61,-22.05
dbg,49.614,2.1,0.0,-1.1,0.0
det,49.614,1289.32,764.78,63.1,143.59,0.879,Body
det,49.614,1311.38,765.5,16.46,22.63,0.654,Head
err,49.6474,42.65,-24.0
dbg,49.6474,7.2,0.0,-3.9,0.0
det,49.6474,1290.91,762.36,62.09,145.63,0.879,Body
det,49.6474,1314.59,763.09,16.11,23.48,0.711,Head
cmd,49.6474,7,-4
err,49.6807,42.67,-24.01
dbg,49.6807,12.1,5.2,-6.7,-3.0
det,49.6807,1290.94,762.4,62.1,145.54,0.878,Body
det,49.6807,1314.61,763.09,16.11,23.47,0.709,Head
cmd,49.6807,6,-3
err,49.714,42.64,-24.01
dbg,49.714,16.3,9.7,-9.1,-5.2
det,49.714,1290.87,762.44,62.24,145.51,0.878,Body
det,49.714,1314.57,763.08,16.14,23.47,0.707,Head
cmd,49.714,6,-4
err,49.7478,42.59,-24.05
dbg,49.7478,19.9,4.5,-11.1,-3.0
det,49.7478,1290.89,762.35,62.17,145.68,0.878,Body
det,49.7478,1314.48,763.03,16.21,23.49,0.708,Head
cmd,49.7478,15,-7
err,49.782,35.79,-21.42
dbg,49.782,23.0,11.2,-12.9,-5.2
det,49.782,1285.14,765.09,64.01,146.44,0.871,Body
det,49.782,1308.3,765.8,15.0,23.23,0.595,Head
cmd,49.782,11,-8
err,49.8159,33.44,-18.08
dbg,49.8159,24.8,8.2,-14.1,-6.0
det,49.8159,1280.7,767.34,65.49,145.76,0.847,Body
det,49.8159,1302.69,768.08,19.33,24.26,0.433,Head
cmd,49.8159,16,-7
err,49.8487,28.01,-16.36
dbg,49.8487,29.5,11.9,-16.3,-5.2
det,49.8487,1276.24,770.25,64.34,146.33,0.853,Body
det,49.8487,1300.46,771.13,15.09,22.75,0.616,Head
cmd,49.8487,16,-11
err,49.8837,16.49,-11.91
dbg,49.8837,28.7,11.9,-16.3,-8.2
det,49.8837,1264.77,773.32,63.45,147.73,0.892,Body
det,49.8837,1287.2,775.69,19.5,22.52,0.435,Head
cmd,49.8837,16,-7
err,49.919,-2.47,2.07
dbg,49.919,27.0,11.9,-15.7,-5.2
det,49.919,1245.84,787.42,63.39,146.53,0.869,Body
det,49.919,1268.91,788.27,16.82,22.02,0.455,Head
cmd,49.919,14,-10
err,49.9523,-2.45,1.81
dbg,49.9523,23.0,10.4,-13.3,-7.5
det,49.9523,1245.67,787.12,63.76,146.87,0.866,Body
det,49.9523,1268.72,788.17,17.45,22.14,0.471,Head
cmd,49.9523,12,-6
err,49.9874,-14.72,9.22
dbg,49.9874,19.5,9.0,-11.2,-4.5
det,49.9874,1232.07,794.44,66.43,147.75,0.868,Body
det,49.9874,1255.13,794.61,22.35,25.62,0.418,Head
cmd,49.9874,9,-6
err,50.0211,-14.78,9.22
dbg,50.0211,14.8,6.7,-8.4,-4.5
det,50.0211,1232.05,794.44,66.34,147.74,0.868,Body
det,50.0211,1255.21,794.61,22.33,25.5,0.423,Head
cmd,50.0211,8,-4
err,50.053,-46.61,25.82
dbg,50.053,-46.6,0.0,25.8,0.0
det,50.053,1200.38,811.34,64.96,149.2,0.879,Body
det,50.053,1223.4,812.34,19.98,24.5,0.594,Head
cmd,50.053,-39,22
err,50.0877,-46.61,25.9
dbg,50.0877,-46.6,-29.1,25.9,16.4
det,50.0877,1200.35,811.44,65.03,149.08,0.879,Body
det,50.0877,1223.43,812.44,19.92,24.47,0.591,Head
cmd,50.0877,-17,9
err,50.1193,-52.91,31.38
dbg,50.1193,-46.6,-41.8,25.9,23.1
det,50.1193,1193.87,817.1,64.72,148.3,0.889,Body
det,50.1193,1218.65,818.26,16.89,23.86,0.654,Head
cmd,50.1193,-4,2
err,50.1524,-29.31,14.25
dbg,50.1524,-46.6,-15.7,25.9,8.2
det,50.1524,1217.76,799.3,65.86,149.47,0.867,Body
det,50.1524,1242.09,803.23,17.42,23.51,0.515,Head
cmd,50.1524,-29,17
err,50.1874,-17.05,10.42
dbg,50.1874,-44.2,-21.6,24.3,12.7
det,50.1874,1231.23,795.55,63.45,148.67,0.871,Body
cmd,50.1874,-21,11
err,50.2207,-14.37,7.91
dbg,50.2207,-40.5,-15.7,22.4,8.2
det,50.2207,1232.84,793.05,65.57,148.55,0.869,Body
det,50.2207,1257.51,793.38,21.97,25.08,0.443,Head
cmd,50.2207,-24,13
err,50.2521,7.73,0.72
dbg,50.2521,-36.9,-33.6,20.4,17.9
det,50.2521,1254.96,786.47,65.53,142.48,0.867,Body
det,50.2521,1276.05,783.93,17.45,25.21,0.443,Head
cmd,50.2521,-3,2
err,50.2861,22.95,-12.84
dbg,50.2861,-30.8,-20.2,17.7,11.2
det,50.2861,1271.38,773.8,61.75,147.15,0.863,Body
det,50.2861,1294.46,775.03,16.97,22.06,0.586,Head
cmd,50.2861,-10,6
err,50.3189,40.62,-21.55
dbg,50.3189,-23.4,-7.5,13.5,4.5
det,50.3189,1289.03,766.03,64.33,144.65,0.874,Body
det,50.3189,1312.23,765.61,16.78,23.35,0.657,Head
cmd,50.3189,-15,9
err,50.353,42.54,-23.45
dbg,50.353,-14.6,-11.2,8.7,6.7
det,50.353,1292.79,763.38,60.81,145.44,0.884,Body
det,50.353,1315.25,764.33,14.58,22.22,0.671,Head
cmd,50.353,-3,2
err,50.3859,42.55,-23.43
dbg,50.3859,-6.7,-2.2,4.3,1.5
det,50.3859,1292.72,763.42,61.0,145.4,0.884,Body
det,50.3859,1315.19,764.33,14.73,22.26,0.674,Head
cmd,50.3859,-4,3
err,50.4205,61.98,-30.7
dbg,50.4205,0.0,-3.0,0.4,2.2
det,50.4205,1310.43,754.87,63.12,144.34,0.866,Body
det,50.4205,1332.82,754.2,15.59,21.46,0.425,Head
err,50.4527,65.56,-34.97
dbg,50.4527,8.6,0.0,-3.8,0.0
det,50.4527,1313.7,750.2,63.72,148.32,0.845,Body
det,50.4527,1335.05,750.82,19.22,23.88,0.488,Head
cmd,50.4527,8,-4
err,50.4866,66.96,-35.74
dbg,50.4866,16.4,6.0,-8.1,-3.0
det,50.4866,1314.93,749.86,64.07,144.06,0.836,Body
det,50.4866,1337.09,748.83,18.06,25.01,0.42,Head
cmd,50.4866,10,-4
err,50.5196,67.43,-36.28
dbg,50.5196,23.4,7.5,-11.9,-3.0
det,50.5196,1315.32,749.25,64.23,144.75,0.834,Body
det,50.5196,1337.0,748.79,18.22,24.95,0.425,Head
cmd,50.5196,15,-9
err,50.5517,66.94,-35.74
dbg,50.5517,29.4,18.7,-15.2,-9.7
det,50.5517,1314.98,749.85,63.91,144.04,0.837,Body
det,50.5517,1337.11,748.8,18.06,24.9,0.415,Head
cmd,50.5517,10,-5
err,50.5885,53.49,-27.7
dbg,50.5885,34.5,7.5,-18.0,-3.7
det,50.5885,1300.42,757.91,66.14,143.93,0.869,Body
det,50.5885,1326.47,755.82,15.28,22.11,0.353,Head
cmd,50.5885,25,-13
err,50.6184,42.63,-25.92
dbg,50.6184,37.1,18.7,-19.3,-9.7
det,50.6184,1292.28,761.19,61.37,145.06,0.888,Body
det,50.6184,1314.32,761.78,16.61,22.36,0.705,Head
cmd,50.6184,17,-9
err,50.6529,42.53,-26.05
dbg,50.6529,40.2,31.3,-23.0,-16.4
det,50.6529,1292.3,761.24,61.35,145.05,0.888,Body
det,50.6529,1314.33,761.77,16.4,22.13,0.692,Head
cmd,50.6529,9,-7
err,50.6967,42.52,-26.07
dbg,50.6967,41.5,6.7,-24.7,-5.2
det,50.6967,1292.44,761.3,61.13,144.94,0.888,Body
det,50.6967,1314.36,761.79,16.31,22.06,0.689,Head
cmd,50.6967,32,-18
err,50.7336,3.38,-5.93
dbg,50.7336,3.4,0.0,-5.9,0.0
det,50.7336,1252.23,781.43,62.95,145.05,0.852,Body
det,50.7336,1275.21,780.2,16.35,25.2,0.519,Head
cmd,50.7336,3,-6
err,50.7665,-2.65,1.68
dbg,50.7665,3.4,2.2,-1.7,-4.5
det,50.7665,1245.68,787.02,63.35,146.59,0.871,Body
det,50.7665,1268.45,787.69,16.86,21.09,0.471,Head
err,50.8014,-26.22,12.67
dbg,50.8014,0.1,0.0,0.1,0.0
det,50.8014,1220.88,799.14,65.48,146.44,0.86,Body
det,50.8014,1245.93,800.14,15.7,22.78,0.569,Head
err,50.8369,-26.27,12.6
dbg,50.8369,-3.5,0.0,1.9,0.0
det,50.8369,1220.82,798.86,65.9,146.87,0.861,Body
det,50.8369,1245.82,799.75,15.83,23.37,0.568,Head
cmd,50.8369,-3,2
err,50.8692,-28.99,13.37
dbg,50.8692,-6.7,-2.2,3.3,1.5
det,50.8692,1219.0,798.1,64.02,152.69,0.869,Body
det,50.8692,1242.33,805.03,20.18,23.38,0.489,Head
cmd,50.8692,-4,2
err,50.9038,-29.1,13.7
dbg,50.9038,-9.7,-3.0,4.7,1.5
det,50.9038,1218.82,798.46,64.17,152.42,0.867,Body
det,50.9038,1242.27,805.12,20.42,23.35,0.49,Head
cmd,50.9038,-7,3
err,50.9359,-26.43,15.12
dbg,50.9359,-12.4,-5.2,6.0,2.2
det,50.9359,1220.89,801.05,65.57,146.94,0.868,Body
det,50.9359,1245.19,802.2,16.76,23.49,0.609,Head
cmd,50.9359,-7,4
err,50.9697,-23.07,15.11
dbg,50.9697,-14.3,-10.4,7.2,5.2
det,50.9697,1224.3,800.84,64.6,147.66,0.886,Body
det,50.9697,1249.17,802.15,15.51,23.55,0.587,Head
cmd,50.9697,-3,2
err,51.0021,-18.66,12.96
dbg,51.0021,-19.1,-7.5,11.6,4.5
det,51.0021,1229.24,797.25,63.39,149.51,0.875,Body
det,51.0021,1251.02,799.4,20.63,24.65,0.556,Head
cmd,51.0021,-11,7
err,51.0355,-11.12,7.42
dbg,51.0355,-18.9,-10.4,12.3,6.7
det,51.0355,1232.67,792.95,65.71,150.11,0.88,Body
det,51.0355,1258.86,793.56,20.05,25.2,0.533,Head
cmd,51.0355,-8,5
err,51.0692,-9.9,5.86
dbg,51.0692,-14.6,-6.0,9.6,3.7
det,51.0692,1237.47,790.75,65.27,151.06,0.869,Body
det,51.0692,1262.33,791.39,20.15,23.94,0.489,Head
cmd,51.0692,-8,5
err,51.1026,-3.22,4.31
dbg,51.1026,-12.0,-6.0,7.6,3.7
det,51.1026,1245.37,789.28,63.6,147.74,0.878,Body
det,51.1026,1266.04,790.6,21.48,24.94,0.576,Head
cmd,51.1026,-6,4
err,51.1367,2.57,-0.36
dbg,51.1367,-7.2,-4.5,5.8,3.0
det,51.1367,1250.81,787.3,65.22,143.05,0.859,Body
det,51.1367,1273.03,786.42,19.06,24.03,0.62,Head
cmd,51.1367,-2,3
err,51.1705,2.55,-0.36
dbg,51.1705,-1.8,-1.5,2.4,2.2
det,51.1705,1250.71,787.22,65.34,143.06,0.859,Body
det,51.1705,1272.99,786.41,19.13,24.06,0.62,Head
err,51.2024,12.57,-8.24
dbg,51.2024,0.6,-1.5,0.9,2.2
det,51.2024,1263.54,778.7,59.76,145.33,0.889,Body
det,51.2024,1284.27,779.16,16.61,22.92,0.58,Head
err,51.2381,12.57,-8.22
dbg,51.2381,7.2,0.0,-4.1,0.0
det,51.2381,1263.53,778.83,59.76,145.1,0.888,Body
det,51.2381,1284.32,779.22,16.49,22.84,0.569,Head
cmd,51.2381,7,-4
err,51.2695,12.52,-8.22
dbg,51.2695,10.1,5.2,-6.4,-3.0
det,51.2695,1263.56,778.83,59.77,145.15,0.888,Body
det,51.2695,1284.27,779.22,16.49,22.84,0.57,Head
cmd,51.2695,4,-3
err,51.3055,15.08,-8.06
dbg,51.3055,11.5,3.0,-7.4,-2.2
det,51.3055,1263.8,777.45,62.56,144.84,0.878,Body
det,51.3055,1284.69,778.59,17.44,22.73,0.493,Head
cmd,51.3055,8,-5
err,51.3388,8.66,-6.2
dbg,51.3388,12.1,6.0,-7.8,-3.7
det,51.3388,1258.25,779.56,63.2,145.09,0.885,Body
det,51.3388,1279.63,780.35,18.07,24.45,0.627,Head
cmd,51.3388,6,-4
err,51.3724,4.84,-4.47
dbg,51.3724,10.2,4.5,-6.9,-3.0
det,51.3724,1253.63,783.39,66.31,145.22,0.868,Body
det,51.3724,1276.46,781.35,16.76,25.79,0.522,Head
cmd,51.3724,5,-3
err,51.4048,1.91,1.99
dbg,51.4048,7.2,8.2,-5.6,-5.2
det,51.4048,1250.16,787.41,63.51,145.72,0.845,Body
det,51.4048,1271.24,788.47,21.92,24.11,0.41,Head
cmd,51.4048,0,-2
err,51.439,-3.4,2.96
dbg,51.439,4.3,3.7,-1.4,-3.7
det,51.439,1244.63,788.22,63.92,147.4,0.878,Body
det,51.439,1266.92,789.74,20.65,24.19,0.497,Head
err,51.4696,-3.4,2.94
dbg,51.4696,0.1,0.0,1.0,-1.5
det,51.4696,1244.63,788.2,63.93,147.46,0.877,Body
det,51.4696,1266.93,789.74,20.73,24.2,0.499,Head
err,51.5032,-3.34,2.98
dbg,51.5032,-1.8,0.0,2.1,0.0
det,51.5032,1244.72,788.24,63.88,147.36,0.878,Body
det,51.5032,1266.87,789.77,20.65,24.19,0.508,Head
err,51.5367,-7.12,4.12
dbg,51.5367,-2.7,0.0,2.6,0.0
det,51.5367,1240.65,790.22,63.79,148.47,0.895,Body
det,51.5367,1263.77,791.03,18.21,23.79,0.661,Head
err,51.5699,-6.96,5.19
dbg,51.5699,-5.0,0.0,3.4,0.0
det,51.5699,1241.59,791.64,62.98,148.17,0.9,Body
det,51.5699,1264.34,792.07,17.4,23.85,0.694,Head
cmd,51.5699,-5,3
err,51.6059,-6.96,5.16
dbg,51.6059,-6.1,-3.7,4.4,2.2
det,51.6059,1241.6,791.57,62.98,148.25,0.901,Body
det,51.6059,1264.32,792.04,17.45,23.84,0.695,Head
cmd,51.6059,-2,2
err,51.637,-6.95,5.2
dbg,51.637,-6.6,-1.5,4.8,1.5
det,51.637,1241.53,791.5,63.04,148.33,0.901,Body
det,51.637,1264.27,792.01,17.56,23.99,0.695,Head
cmd,51.637,-5,3
err,51.671,-6.9,5.18
dbg,51.671,-6.8,-5.2,5.0,3.7
det,51.671,1241.55,791.51,63.09,148.28,0.902,Body
det,51.671,1264.28,792.0,17.64,23.98,0.694,Head
cmd,51.671,-2,2
err,51.7046,-3.1,3.94
dbg,51.7046,-6.8,-1.5,5.1,1.5
det,51.7046,1243.83,789.23,64.28,147.96,0.886,Body
det,51.7046,1266.75,790.65,20.29,24.16,0.617,Head
cmd,51.7046,-5,3
err,51.7365,-1.74,2.49
dbg,51.7365,-4.8,-5.2,4.5,3.7
det,51.7365,1246.9,787.64,62.73,148.55,0.866,Body
det,51.7365,1267.23,789.47,21.47,25.17,0.476,Head
err,51.7703,1.81,0.15
dbg,51.7703,-4.8,-5.2,4.5,3.7
det,51.7703,1249.53,786.09,64.86,148.05,0.841,Body
det,51.7703,1271.92,786.7,19.77,24.45,0.546,Head
err,51.803,2.67,-0.93
dbg,51.803,-3.1,0.0,3.4,0.0
det,51.803,1251.16,785.4,64.83,146.78,0.857,Body
det,51.803,1273.67,785.76,18.0,24.2,0.645,Head
cmd,51.803,-3,3
err,51.8373,6.76,0.1
dbg,51.8373,0.1,-2.2,1.6,2.2
det,51.8373,1254.39,785.81,64.75,142.95,0.865,Body
det,51.8373,1275.53,783.62,16.5,25.3,0.475,Head
err,51.8717,6.76,0.07
dbg,51.8717,3.7,0.0,0.7,0.0
det,51.8717,1254.32,785.79,64.88,142.84,0.864,Body
det,51.8717,1275.5,783.61,16.48,25.29,0.477,Head
err,51.9054,6.79,0.17
dbg,51.9054,5.4,0.0,0.4,0.0
det,51.9054,1254.33,785.88,64.93,142.84,0.864,Body
det,51.9054,1275.35,783.63,16.62,25.34,0.469,Head
err,51.937,6.83,-0.07
dbg,51.937,6.2,0.0,0.2,0.0
det,51.937,1254.32,785.62,65.01,143.11,0.863,Body
det,51.937,1275.27,783.49,16.77,25.42,0.482,Head
err,51.9714,6.9,0.59
dbg,51.9714,6.5,0.0,0.2,0.0
det,51.9714,1254.29,786.34,65.22,142.42,0.864,Body
det,51.9714,1275.17,783.68,16.89,25.42,0.44,Head
err,52.0034,9.39,-1.98
dbg,52.0034,6.7,0.0,0.0,0.0
det,52.0034,1256.73,783.71,65.32,143.18,0.883,Body
det,52.0034,1278.63,782.74,18.65,25.54,0.449,Head
err,52.0367,9.34,-2.49
dbg,52.0367,8.2,0.0,-1.1,0.0
det,52.0367,1256.7,783.13,65.29,143.74,0.882,Body
det,52.0367,1278.39,782.48,18.74,25.6,0.482,Head
cmd,52.0367,8,-2
err,52.0728,9.41,-2.52
dbg,52.0728,8.8,6.0,-1.9,-1.5
det,52.0728,1256.79,783.1,65.23,143.78,0.882,Body
det,52.0728,1278.41,782.4,18.83,25.63,0.483,Head
cmd,52.0728,2,-2
err,52.1039,9.43,-2.51
dbg,52.1039,9.2,1.5,-2.2,-1.5
det,52.1039,1256.83,783.1,65.19,143.84,0.88,Body
det,52.1039,1278.5,782.34,18.85,25.68,0.477,Head
cmd,52.1039,8,-2
err,52.1401,9.3,-2.69
dbg,52.1401,9.3,6.0,-2.4,-1.5
det,52.1401,1256.68,782.91,65.25,143.98,0.879,Body
det,52.1401,1278.33,782.12,18.61,25.33,0.478,Head
cmd,52.1401,3,-2
err,52.1713,9.31,-2.89
dbg,52.1713,9.3,2.2,-2.6,-1.5
det,52.1713,1256.7,782.7,65.22,144.16,0.879,Body
det,52.1713,1278.4,782.05,18.58,25.22,0.49,Head
cmd,52.1713,6,-2
err,52.2194,9.37,-3.05
dbg,52.2194,9.3,4.5,-2.7,-1.5
det,52.2194,1256.74,782.51,65.26,144.37,0.879,Body
det,52.2194,1278.56,782.02,18.79,25.32,0.523,Head
cmd,52.2194,5,-2
err,52.2584,7.87,-3.81
dbg,52.2584,9.3,3.7,-2.9,-1.5
det,52.2584,1256.77,782.39,65.26,144.48,0.88,Body
det,52.2584,1278.44,782.21,18.88,25.43,0.544,Head
cmd,52.2584,5,-2
err,52.2969,7.84,-4.14
dbg,52.2969,8.5,3.7,-3.4,-1.5
det,52.2969,1256.69,782.27,65.42,144.64,0.88,Body
det,52.2969,1278.44,782.05,18.81,25.12,0.538,Head
cmd,52.2969,5,-2
err,52.3273,8.12,-4.12
dbg,52.3273,8.2,3.7,-3.8,-1.5
det,52.3273,1256.7,782.16,65.49,144.8,0.88,Body
det,52.3273,1278.58,782.04,19.08,25.16,0.548,Head
cmd,52.3273,4,-2
err,52.3616,8.24,-4.1
dbg,52.3616,8.1,6.7,-4.0,-3.0
det,52.3616,1256.72,782.22,65.51,144.82,0.878,Body
det,52.3616,1278.69,782.0,19.12,25.28,0.539,Head
cmd,52.3616,2,-2
err,52.4026,8.09,-4.32
dbg,52.4026,8.1,1.5,-4.1,-1.5
det,52.4026,1256.7,782.1,65.29,144.86,0.879,Body
det,52.4026,1278.61,781.89,18.97,25.07,0.549,Head
cmd,52.4026,6,-2
err,52.4407,9.34,-3.18
dbg,52.4407,8.2,4.5,-4.1,-1.5
det,52.4407,1256.69,782.36,65.29,144.59,0.879,Body
det,52.4407,1278.94,781.93,18.67,24.9,0.519,Head
cmd,52.4407,4,-3
err,52.4733,1.21,-2.55
dbg,52.4733,8.1,3.0,-3.6,-2.2
det,52.4733,1250.12,783.93,65.75,146.85,0.84,Body
det,52.4733,1271.16,783.8,20.09,24.82,0.496,Head
cmd,52.4733,5,-2
err,52.5075,-3.46,1.41
dbg,52.5075,4.3,3.7,-3.0,-1.5
det,52.5075,1244.28,786.78,64.54,146.34,0.875,Body
det,52.5075,1268.22,787.1,17.34,21.53,0.479,Head
err,52.54,-5.09,0.26
dbg,52.54,0.0,0.0,-1.2,0.0
det,52.54,1241.11,786.03,65.64,149.16,0.882,Body
det,52.54,1266.56,787.52,16.69,23.16,0.604,Head
err,52.5731,-4.84,0.27
dbg,52.5731,-2.6,0.0,-0.4,0.0
det,52.5731,1241.29,786.08,65.53,149.09,0.881,Body
det,52.5731,1266.82,787.56,16.67,23.11,0.598,Head
err,52.6073,-4.83,0.18
dbg,52.6073,-3.9,0.0,-0.0,0.0
det,52.6073,1241.27,786.08,65.61,149.11,0.881,Body
det,52.6073,1266.94,787.54,16.47,22.99,0.594,Head
err,52.6395,-8.84,2.55
dbg,52.6395,-4.4,0.0,0.1,0.0
det,52.6395,1238.55,787.64,65.21,149.18,0.888,Body
det,52.6395,1263.72,789.11,20.72,24.37,0.524,Head
err,52.6742,-8.82,2.57
dbg,52.6742,-6.8,0.0,1.5,0.0
det,52.6742,1238.53,787.64,65.31,149.32,0.886,Body
det,52.6742,1263.67,789.09,20.96,24.48,0.526,Head
err,52.7078,-6.43,2.55
dbg,52.7078,-7.9,0.0,2.1,0.0
det,52.7078,1238.63,787.49,65.14,149.42,0.887,Body
det,52.7078,1263.09,789.02,20.96,24.6,0.537,Head
cmd,52.7078,-7,2
err,52.7401,-8.93,2.38
dbg,52.7401,-8.4,-5.2,2.3,1.5
det,52.7401,1238.52,787.44,65.11,149.38,0.888,Body
det,52.7401,1262.98,788.95,20.53,24.55,0.537,Head
cmd,52.7401,-3,2
err,52.7742,-6.7,2.52
dbg,52.7742,-7.5,-7.5,2.4,3.0
det,52.7742,1238.51,787.43,65.26,149.4,0.888,Body
det,52.7742,1262.95,788.96,20.7,24.65,0.546,Head
cmd,52.7742,-2,0
err,52.8084,-6.75,2.67
dbg,52.8084,-7.1,-1.5,2.5,0.0
det,52.8084,1238.52,787.53,65.32,149.45,0.887,Body
det,52.8084,1262.86,789.05,20.79,24.76,0.556,Head
cmd,52.8084,-5,2
err,52.842,-6.85,2.65
dbg,52.842,-6.9,-3.7,2.6,1.5
det,52.842,1238.62,787.59,65.13,149.35,0.89,Body
det,52.842,1262.87,789.1,20.54,24.63,0.557,Head
cmd,52.842,-3,2
err,52.88,-6.98,2.74
dbg,52.88,-6.9,-2.2,2.6,1.5
det,52.88,1238.47,787.64,65.37,149.3,0.889,Body
det,52.88,1262.64,789.14,20.76,24.72,0.562,Head
cmd,52.88,-5,2
err,52.9223,-7.19,2.79
dbg,52.9223,-6.9,-3.7,2.7,1.5
det,52.9223,1238.49,787.74,65.24,149.2,0.891,Body
det,52.9223,1262.65,789.19,20.32,24.74,0.562,Head
cmd,52.9223,-3,2
err,52.9584,-8.84,2.78
dbg,52.9584,-7.1,-2.2,2.7,1.5
det,52.9584,1238.61,787.87,65.11,149.09,0.89,Body
det,52.9584,1262.84,789.29,20.57,24.57,0.535,Head
cmd,52.9584,-4,2
err,52.994,-8.88,2.74
dbg,52.994,-8.0,-3.0,2.8,1.5
det,52.994,1238.62,787.83,64.99,149.02,0.891,Body
det,52.994,1262.86,789.29,19.96,24.43,0.538,Head
cmd,52.994,-5,2
err,53.0293,-8.81,2.75
dbg,53.0293,-8.5,-3.7,2.8,1.5
det,53.0293,1238.58,787.85,65.2,149.02,0.89,Body
det,53.0293,1262.66,789.27,20.76,24.56,0.537,Head
cmd,53.0293,-4,2
err,53.0709,-4.66,-0.29
dbg,53.0709,-8.7,-3.0,2.7,1.5
det,53.0709,1244.1,785.51,62.63,147.18,0.891,Body
det,53.0709,1267.43,786.8,15.83,23.47,0.648,Head
cmd,53.0709,-6,2
err,53.1079,-0.47,2.44
dbg,53.1079,-6.5,-4.5,2.6,1.5
det,53.1079,1248.02,788.04,63.02,143.99,0.851,Body
err,53.1432,1.86,-4.1
dbg,53.1432,-3.2,0.0,1.0,0.0
det,53.1432,1251.52,783.13,64.42,145.47,0.847,Body
det,53.1432,1272.66,782.69,18.4,24.02,0.513,Head
err,53.1777,1.83,-4.17
dbg,53.1777,-0.4,0.0,-1.8,0.0
det,53.1777,1251.52,783.03,64.37,145.58,0.846,Body
det,53.1777,1272.59,782.62,18.48,24.01,0.514,Head
err,53.2113,5.14,-5.36
dbg,53.2113,0.8,0.0,-3.1,0.0
det,53.2113,1253.84,781.95,65.79,144.83,0.866,Body
det,53.2113,1276.81,780.99,16.65,24.83,0.586,Head
err,53.2467,5.13,-5.31
dbg,53.2467,3.2,0.0,-4.3,0.0
det,53.2467,1253.81,782.09,65.8,144.66,0.866,Body
det,53.2467,1276.85,781.0,16.56,24.88,0.588,Head
cmd,53.2467,3,-4
err,53.2776,5.19,-5.47
dbg,53.2776,4.3,2.2,-4.9,-3.0
det,53.2776,1253.87,781.56,65.77,145.23,0.868,Body
det,53.2776,1276.87,780.88,16.63,24.81,0.613,Head
cmd,53.2776,2,-2
err,53.3115,5.28,-5.41
dbg,53.3115,4.8,3.7,-5.2,-4.5
det,53.3115,1253.97,781.5,65.83,145.25,0.868,Body
det,53.3115,1276.87,780.94,16.83,24.82,0.613,Head
cmd,53.3115,2,-2
err,53.3463,3.81,-1.22
dbg,53.3463,5.0,1.5,-5.3,-1.5
det,53.3463,1252.88,785.26,64.18,145.23,0.865,Body
det,53.3463,1275.41,785.59,16.8,23.98,0.653,Head
cmd,53.3463,3,-4
err,53.3786,3.81,-1.24
dbg,53.3786,4.3,2.2,-3.1,-3.0
det,53.3786,1252.9,785.29,64.15,145.2,0.865,Body
det,53.3786,1275.44,785.6,16.73,23.93,0.651,Head
cmd,53.3786,2,-2
err,53.4109,1.85,1.11
dbg,53.4109,4.0,3.7,-2.1,-4.5
det,53.4109,1249.96,786.58,64.6,147.9,0.842,Body
det,53.4109,1272.39,787.76,18.93,24.26,0.511,Head
err,53.4449,1.85,1.09
dbg,53.4449,2.8,1.5,-0.3,-1.5
det,53.4449,1249.96,786.57,64.63,147.91,0.842,Body
det,53.4449,1272.4,787.76,18.89,24.24,0.501,Head
err,53.4777,-1.48,2.6
dbg,53.4777,2.3,0.0,0.5,0.0
det,53.4777,1246.7,787.62,63.64,149.78,0.859,Body
det,53.4777,1267.78,789.04,21.22,25.99,0.493,Head
err,53.5139,-2.02,4.03
dbg,53.5139,0.2,0.0,1.6,0.0
det,53.5139,1245.98,789.63,63.13,148.4,0.869,Body
det,53.5139,1267.3,790.79,21.36,24.07,0.529,Head
err,53.5474,-2.24,4.07
dbg,53.5474,-1.0,0.0,3.0,0.0
det,53.5474,1245.92,789.86,63.18,148.14,0.87,Body
det,53.5474,1267.12,790.97,21.3,23.81,0.527,Head
err,53.5804,-2.21,4.01
dbg,53.5804,-1.7,0.0,3.5,0.0
det,53.5804,1245.89,789.79,63.13,148.23,0.87,Body
det,53.5804,1267.21,790.93,21.17,23.79,0.527,Head
err,53.6122,-2.22,4.01
dbg,53.6122,-2.0,0.0,3.8,0.0
det,53.6122,1245.92,789.76,63.12,148.24,0.87,Body
det,53.6122,1267.15,790.9,21.25,23.84,0.527,Head
err,53.6453,-2.17,4.05
dbg,53.6453,-2.1,0.0,3.9,0.0
det,53.6453,1245.88,789.73,63.23,148.33,0.869,Body
det,53.6453,1267.13,790.87,21.4,23.95,0.532,Head
err,53.6773,-2.29,4.0
dbg,53.6773,-2.2,0.0,4.0,0.0
det,53.6773,1246.02,789.84,62.99,148.14,0.871,Body
det,53.6773,1267.17,790.94,21.09,23.75,0.527,Head
err,53.7126,-2.19,4.02
dbg,53.7126,-2.2,0.0,4.0,0.0
det,53.7126,1245.92,789.79,63.08,148.21,0.87,Body
det,53.7126,1267.21,790.92,21.19,23.82,0.527,Head
err,53.7459,-2.16,4.09
dbg,53.7459,-2.2,0.0,4.0,0.0
det,53.7459,1245.87,789.65,63.23,148.35,0.868,Body
det,53.7459,1267.09,790.85,21.5,24.07,0.543,Head
err,53.78,-2.04,4.14
dbg,53.78,-2.2,0.0,4.1,0.0
det,53.78,1245.86,789.54,63.32,148.51,0.868,Body
det,53.78,1267.1,790.77,21.73,24.31,0.557,Head
err,53.8164,1.53,22.6
dbg,53.8164,-2.1,0.0,4.1,0.0
det,53.8164,1245.2,807.25,64.15,147.39,0.854,Body
det,53.8164,1272.49,808.72,18.09,25.24,0.573,Head
cmd,53.8164,-2,4
err,53.8442,3.18,8.31
dbg,53.8442,-0.1,-1.5,6.4,3.0
det,53.8442,1247.99,786.45,57.56,164.08,0.75,Body
det,53.8442,1268.82,789.34,28.72,34.49,0.594,Head
err,54.0798,-28.25,22.41
dbg,54.0798,-28.2,0.0,22.4,0.0
det,54.0798,1230.14,815.04,43.23,73.67,0.648,Body
cmd,54.0798,-26,21
