kind,t,a,b
meta,0,1.3398561541818312,60
err,0.2513,124.28,0.24
dbg,0.2513,124.3,0.0,0.2,0.0
det,0.2513,1326.2,767.72,153.27,310.5,0.866,Body
det,0.2513,1386.34,772.11,35.9,51.14,0.563,Head
cmd,0.2513,45,0
err,0.3831,135.92,-6.34
dbg,0.3831,135.9,0.0,-6.3,0.0
det,0.3831,1352.23,760.07,118.75,314.08,0.819,Body
det,0.3831,1397.66,765.24,36.52,51.66,0.704,Head
err,0.4185,136.1,-6.86
dbg,0.4185,136.1,0.0,-6.9,0.0
det,0.4185,1350.6,760.81,116.93,311.48,0.836,Body
det,0.4185,1398.59,764.94,35.03,51.27,0.715,Head
cmd,0.4185,45,-2
err,0.4521,136.17,-7.4
dbg,0.4521,136.2,0.0,-7.4,0.0
det,0.4521,1349.81,761.36,125.32,309.76,0.815,Body
det,0.4521,1398.76,764.61,34.82,50.89,0.723,Head
err,0.4863,136.22,-7.08
dbg,0.4863,136.2,0.0,-7.1,0.0
det,0.4863,1349.22,760.99,128.98,310.25,0.811,Body
det,0.4863,1398.25,764.45,35.93,51.77,0.712,Head
err,0.521,102.41,-5.5
dbg,0.521,102.4,0.0,-5.5,0.0
det,0.521,1316.35,759.07,134.69,331.46,0.871,Body
det,0.521,1361.12,765.64,42.58,52.48,0.712,Head
err,0.5556,102.32,-5.59
dbg,0.5556,102.3,0.0,-5.6,0.0
det,0.5556,1316.17,758.57,135.03,330.67,0.869,Body
det,0.5556,1360.71,765.33,43.23,52.87,0.709,Head
err,0.5892,103.36,-5.37
dbg,0.5892,103.4,0.0,-5.4,0.0
det,0.5892,1317.03,759.73,134.59,328.41,0.869,Body
det,0.5892,1363.01,766.4,40.7,51.34,0.709,Head
cmd,0.5892,45,-2
err,0.6318,107.37,-5.88
dbg,0.6318,107.4,0.0,-5.9,0.0
det,0.6318,1322.45,762.06,133.15,324.48,0.865,Body
det,0.6318,1369.73,766.23,35.29,50.71,0.719,Head
err,0.6723,125.97,-2.49
dbg,0.6723,126.0,0.0,-2.5,0.0
det,0.6723,1325.88,765.88,150.15,312.72,0.758,Body
det,0.6723,1383.98,766.77,43.98,55.88,0.694,Head
err,0.7039,110.27,1.37
dbg,0.7039,110.3,0.0,1.4,0.0
det,0.7039,1307.79,769.36,156.57,311.3,0.857,Body
det,0.7039,1370.13,773.61,40.28,50.48,0.693,Head
err,0.7377,125.96,3.65
dbg,0.7377,126.0,0.0,3.6,0.0
det,0.7377,1333.8,772.3,144.32,313.46,0.766,Body
err,0.7689,157.22,5.13
dbg,0.7689,157.2,0.0,5.1,0.0
det,0.7689,1367.71,772.06,140.24,316.53,0.718,Body
det,0.7689,1420.28,774.9,33.88,54.98,0.69,Head
cmd,0.7689,45,1
err,2.1893,158.85,2.65
dbg,2.1893,158.8,0.0,2.7,0.0
det,2.1893,1430.08,774.42,36.69,50.88,0.658,Head
det,2.1893,1358.07,771.59,161.56,310.65,0.542,Body
cmd,2.1893,45,1
err,2.2218,133.26,3.17
dbg,2.2218,133.3,0.0,3.2,0.0
det,2.2218,1356.11,773.79,118.69,307.71,0.774,Body
det,2.2218,1393.14,774.96,40.25,51.28,0.694,Head
err,2.2636,106.12,-0.06
dbg,2.2636,106.1,0.0,-0.1,0.0
det,2.2636,1321.03,768.97,140.76,304.4,0.691,Body
det,2.2636,1368.91,770.85,34.42,52.9,0.657,Head
err,2.3075,73.62,-5.12
dbg,2.3075,73.6,0.0,-5.1,0.0
det,2.3075,1293.38,764.71,137.35,304.15,0.843,Body
det,2.3075,1334.53,767.15,38.17,50.42,0.693,Head
err,2.3415,51.16,-2.94
dbg,2.3415,51.2,0.0,-2.9,0.0
det,2.3415,1268.19,764.79,159.67,305.37,0.887,Body
det,2.3415,1311.25,768.23,39.83,52.41,0.772,Head
cmd,2.3415,45,-3
err,2.3815,61.85,-2.15
dbg,2.3815,61.9,0.0,-2.1,0.0
det,2.3815,1260.08,764.42,178.99,307.69,0.871,Body
det,2.3815,1320.16,767.36,43.39,55.43,0.726,Head
err,2.4199,59.75,3.24
dbg,2.4199,59.7,0.0,3.2,0.0
det,2.4199,1277.2,770.28,144.44,310.74,0.896,Body
det,2.4199,1320.69,773.5,38.12,54.06,0.738,Head
err,2.4548,-6.14,2.07
dbg,2.4548,-6.1,0.0,2.1,0.0
det,2.4548,1214.28,769.94,128.17,318.73,0.85,Body
det,2.4548,1254.05,774.14,39.62,50.79,0.717,Head
err,2.4903,2.03,1.55
dbg,2.4903,2.0,0.0,1.6,0.0
det,2.4903,1220.04,770.45,124.12,320.99,0.852,Body
det,2.4903,1261.97,772.37,40.12,53.07,0.725,Head
err,2.5216,4.94,-0.76
dbg,2.5216,4.9,0.0,-0.8,0.0
det,2.5216,1222.77,766.59,113.76,328.12,0.88,Body
det,2.5216,1265.64,768.65,38.59,55.63,0.654,Head
err,2.5551,6.23,-3.02
dbg,2.5551,6.2,0.0,-3.0,0.0
det,2.5551,1219.68,765.42,124.79,328.18,0.879,Body
det,2.5551,1266.81,768.14,38.85,52.44,0.692,Head
err,2.5891,6.31,-3.99
dbg,2.5891,6.3,0.0,-4.0,0.0
det,2.5891,1220.22,766.19,124.66,327.02,0.877,Body
det,2.5891,1268.52,768.69,35.58,49.66,0.725,Head
err,2.6253,6.23,-3.48
dbg,2.6253,6.2,0.0,-3.5,0.0
det,2.6253,1218.93,767.59,127.59,326.24,0.894,Body
det,2.6253,1268.64,768.81,35.18,50.38,0.742,Head
err,2.6653,9.57,-3.62
dbg,2.6653,9.6,0.0,-3.6,0.0
det,2.6653,1221.31,765.11,135.72,326.28,0.875,Body
det,2.6653,1270.53,767.23,38.08,52.99,0.681,Head
cmd,2.6653,12,-5
err,2.7062,17.22,-0.76
dbg,2.7062,17.2,0.0,-0.8,0.0
det,2.7062,1227.61,766.02,136.75,320.6,0.869,Body
det,2.7062,1274.24,769.73,45.95,53.66,0.741,Head
err,2.7415,17.72,3.44
dbg,2.7415,17.7,0.0,3.4,0.0
det,2.7415,1236.42,769.13,133.54,316.08,0.865,Body
det,2.7415,1271.2,772.1,53.03,56.98,0.699,Head
err,2.7715,61.86,3.28
dbg,2.7715,61.9,0.0,3.3,0.0
det,2.7715,1279.59,770.96,124.53,309.26,0.846,Body
det,2.7715,1323.86,773.93,36.0,53.36,0.749,Head
err,2.8045,85.36,2.66
dbg,2.8045,85.4,0.0,2.7,0.0
det,2.8045,1297.52,767.46,137.83,314.69,0.791,Body
det,2.8045,1346.19,773.65,38.34,52.75,0.657,Head
err,2.838,102.48,7.51
dbg,2.838,102.5,0.0,7.5,0.0
det,2.838,1314.31,776.58,139.28,310.74,0.757,Body
det,2.838,1363.01,779.82,38.96,50.35,0.737,Head
cmd,2.838,45,3
err,2.8714,129.58,9.41
dbg,2.8714,129.6,0.0,9.4,0.0
det,2.8714,1340.04,776.07,122.75,307.71,0.575,Body
det,2.8714,1391.1,780.73,36.95,52.15,0.516,Head
err,2.9035,157.5,8.11
dbg,2.9035,157.5,0.0,8.1,0.0
det,2.9035,1371.39,776.1,121.02,299.66,0.495,Body
det,2.9035,1420.5,779.91,34.0,51.28,0.468,Head
err,3.9541,150.52,5.25
dbg,3.9541,150.5,0.0,5.2,0.0
det,3.9541,1345.25,776.44,170.53,288.02,0.756,Body
det,3.9541,1440.87,778.77,37.16,47.86,0.682,Head
cmd,3.9541,45,2
err,4.0381,104.14,4.16
dbg,4.0381,104.1,0.0,4.2,0.0
det,4.0381,1364.88,778.0,38.52,47.56,0.718,Head
det,4.0381,1267.3,774.52,201.67,296.61,0.659,Body
err,4.0879,53.88,5.25
dbg,4.0879,53.9,0.0,5.3,0.0
det,4.0879,1247.51,772.67,194.62,303.27,0.864,Body
det,4.0879,1314.6,777.32,38.56,50.79,0.737,Head
err,4.1292,-24.11,2.44
dbg,4.1292,-24.1,0.0,2.4,0.0
det,4.1292,1193.58,771.88,131.84,306.31,0.745,Body
det,4.1292,1235.83,773.16,40.11,53.23,0.63,Head
cmd,4.1292,-31,3
err,4.1608,-50.19,-2.5
dbg,4.1608,-50.2,0.0,-2.5,0.0
det,4.1608,1169.93,769.11,129.04,298.7,0.769,Body
det,4.1608,1210.75,769.02,38.12,51.78,0.567,Head
err,4.1937,-66.74,-1.22
dbg,4.1937,-66.7,0.0,-1.2,0.0
det,4.1937,1157.19,767.78,139.36,302.82,0.869,Body
det,4.1937,1193.85,770.72,38.82,51.03,0.63,Head
err,4.2289,-53.69,-5.8
dbg,4.2289,-53.7,0.0,-5.8,0.0
det,4.2289,1163.56,763.84,149.45,306.94,0.87,Body
det,4.2289,1208.79,767.1,35.04,49.27,0.65,Head
err,4.2717,-58.04,-2.52
dbg,4.2717,-58.0,0.0,-2.5,0.0
det,4.2717,1147.98,765.7,158.0,306.56,0.873,Body
det,4.2717,1201.43,767.74,41.06,54.08,0.719,Head
err,4.3091,-57.95,0.49
dbg,4.3091,-57.9,0.0,0.5,0.0
det,4.3091,1159.85,767.28,134.38,317.93,0.864,Body
det,4.3091,1201.05,770.54,41.99,54.46,0.74,Head
cmd,4.3091,-45,0
err,4.3448,-52.19,-3.69
dbg,4.3448,-52.2,0.0,-3.7,0.0
det,4.3448,1156.33,764.1,136.52,324.68,0.869,Body
det,4.3448,1209.76,767.29,36.11,52.77,0.714,Head
err,4.3773,-62.21,-1.77
dbg,4.3773,-62.2,0.0,-1.8,0.0
det,4.3773,1144.32,764.09,140.02,323.91,0.883,Body
det,4.3773,1198.05,767.54,39.48,55.8,0.764,Head
err,4.4113,-73.44,-1.41
dbg,4.4113,-73.4,0.0,-1.4,0.0
det,4.4113,1128.86,768.76,143.64,317.34,0.895,Body
det,4.4113,1189.21,772.66,34.7,47.15,0.758,Head
err,4.4439,-56.93,-0.19
dbg,4.4439,-56.9,0.0,-0.2,0.0
det,4.4439,1141.33,769.68,155.63,316.8,0.893,Body
det,4.4439,1204.13,773.16,37.89,48.45,0.729,Head
err,4.4757,-78.83,0.31
dbg,4.4757,-78.8,0.0,0.3,0.0
det,4.4757,1098.97,769.98,192.96,315.69,0.9,Body
det,4.4757,1182.94,776.43,36.46,43.43,0.749,Head
cmd,4.4757,-45,0
err,4.512,-104.56,2.54
dbg,4.512,-104.6,0.0,2.5,0.0
det,4.512,1064.74,771.97,214.42,315.9,0.933,Body
det,4.512,1155.12,773.71,40.62,52.41,0.668,Head
err,4.543,-132.35,-0.63
dbg,4.543,-132.3,0.0,-0.6,0.0
det,4.543,1032.6,780.08,222.71,306.65,0.934,Body
det,4.543,1129.26,775.74,36.79,42.96,0.665,Head
err,4.5783,-125.9,2.7
dbg,4.5783,-125.9,0.0,2.7,0.0
det,4.5783,1031.81,780.24,240.6,307.08,0.936,Body
det,4.5783,1133.92,775.16,40.36,50.07,0.76,Head
err,4.6121,-158.77,3.53
dbg,4.6121,-158.8,0.0,3.5,0.0
det,4.6121,1000.13,774.74,253.03,312.27,0.932,Body
det,4.6121,1100.41,775.29,41.63,51.35,0.736,Head
err,5.9205,-158.51,-1.11
dbg,5.9205,-158.5,0.0,-1.1,0.0
det,5.9205,1060.52,766.23,125.61,313.97,0.846,Body
det,5.9205,1100.84,769.96,41.3,52.6,0.787,Head
cmd,5.9205,-45,0
err,5.9609,-104.54,-2.6
dbg,5.9609,-104.5,0.0,-2.6,0.0
det,5.9609,1107.99,766.66,126.09,312.39,0.881,Body
det,5.9609,1157.04,770.5,36.84,48.92,0.751,Head
err,5.9949,-69.18,0.92
dbg,5.9949,-69.2,0.0,0.9,0.0
det,5.9949,1146.75,771.89,123.21,310.21,0.856,Body
det,5.9949,1192.43,773.2,36.79,50.41,0.678,Head
err,6.0275,-34.28,0.96
dbg,6.0275,-34.3,0.0,1.0,0.0
det,6.0275,1175.91,768.68,132.0,317.97,0.838,Body
det,6.0275,1228.03,771.99,35.38,52.67,0.746,Head
err,6.062,-9.55,-4.81
dbg,6.062,-9.6,0.0,-4.8,0.0
det,6.062,1188.45,762.86,160.61,322.91,0.877,Body
det,6.062,1249.96,767.3,40.97,50.71,0.759,Head
err,6.0926,4.54,-3.38
dbg,6.0926,4.5,0.0,-3.4,0.0
det,6.0926,1194.75,765.18,173.21,319.83,0.901,Body
det,6.0926,1264.4,766.98,40.29,53.89,0.729,Head
err,6.1267,47.21,-3.81
dbg,6.1267,47.2,0.0,-3.8,0.0
det,6.1267,1239.82,764.89,175.77,321.54,0.865,Body
det,6.1267,1305.93,767.15,42.56,52.8,0.742,Head
cmd,6.1267,45,-4
err,6.1595,48.21,-1.73
dbg,6.1595,48.2,0.0,-1.7,0.0
det,6.1595,1245.24,763.66,173.04,322.57,0.881,Body
det,6.1595,1306.44,766.6,43.55,57.58,0.614,Head
err,6.1927,47.42,0.66
dbg,6.1927,47.4,0.0,0.7,0.0
det,6.1927,1248.35,767.63,172.0,319.34,0.888,Body
det,6.1927,1306.37,770.23,42.09,55.32,0.74,Head
err,6.2271,12.67,3.13
dbg,6.2271,12.7,0.0,3.1,0.0
det,6.2271,1211.73,770.13,187.0,316.11,0.9,Body
det,6.2271,1271.35,774.21,42.64,52.59,0.751,Head
err,6.2605,12.86,2.54
dbg,6.2605,12.9,0.0,2.5,0.0
det,6.2605,1212.28,770.01,180.31,315.25,0.895,Body
det,6.2605,1271.82,773.73,42.08,52.38,0.761,Head
err,6.294,12.51,1.17
dbg,6.294,12.5,0.0,1.2,0.0
det,6.294,1217.95,769.4,153.8,317.96,0.889,Body
det,6.294,1271.65,772.91,41.73,51.37,0.74,Head
cmd,6.294,16,1
err,6.3291,12.33,-1.0
dbg,6.3291,12.3,0.0,-1.0,0.0
det,6.3291,1224.43,765.71,130.28,329.16,0.892,Body
det,6.3291,1274.9,770.63,34.87,51.59,0.724,Head
err,6.363,12.26,-1.28
dbg,6.363,12.3,0.0,-1.3,0.0
det,6.363,1227.03,767.34,127.15,329.83,0.886,Body
det,6.363,1275.48,770.12,33.56,51.98,0.729,Head
err,6.3967,-0.23,-2.79
dbg,6.3967,-0.2,0.0,-2.8,0.0
det,6.3967,1214.03,763.53,135.69,331.02,0.888,Body
det,6.3967,1261.89,769.05,35.76,51.2,0.759,Head
err,6.4306,-0.35,-2.68
dbg,6.4306,-0.4,0.0,-2.7,0.0
det,6.4306,1213.88,763.2,135.92,331.4,0.886,Body
det,6.4306,1261.5,768.9,36.3,51.68,0.762,Head
err,6.4649,-0.39,-2.62
dbg,6.4649,-0.4,0.0,-2.6,0.0
det,6.4649,1213.76,764.67,135.59,330.13,0.885,Body
det,6.4649,1261.48,768.93,36.25,51.72,0.764,Head
err,6.4966,1.44,-3.08
dbg,6.4966,1.4,0.0,-3.1,0.0
det,6.4966,1215.72,765.13,133.93,328.83,0.911,Body
det,6.4966,1263.73,768.58,35.43,51.54,0.754,Head
err,6.5289,6.32,-3.12
dbg,6.5289,6.3,0.0,-3.1,0.0
det,6.5289,1217.21,767.82,130.95,324.23,0.9,Body
det,6.5289,1268.45,769.19,35.73,50.34,0.72,Head
err,6.5613,17.65,-0.71
dbg,6.5613,17.7,0.0,-0.7,0.0
det,6.5613,1222.61,767.33,144.67,318.12,0.883,Body
det,6.5613,1274.58,769.73,46.14,53.76,0.762,Head
cmd,6.5613,22,-1
err,6.5957,32.01,3.16
dbg,6.5957,32.0,0.0,3.2,0.0
det,6.5957,1233.98,769.97,155.39,315.29,0.906,Body
det,6.5957,1287.68,773.38,48.65,54.14,0.729,Head
err,6.6275,57.08,3.84
dbg,6.6275,57.1,0.0,3.8,0.0
det,6.6275,1257.74,773.44,148.08,309.99,0.868,Body
det,6.6275,1319.43,776.1,35.3,50.44,0.668,Head
err,6.6619,76.16,4.04
dbg,6.6619,76.2,0.0,4.0,0.0
det,6.6619,1284.49,770.64,137.02,313.36,0.868,Body
det,6.6619,1337.51,776.58,37.3,49.93,0.709,Head
err,6.6942,103.95,4.04
dbg,6.6942,104.0,0.0,4.0,0.0
det,6.6942,1316.47,771.1,132.73,312.54,0.833,Body
det,6.6942,1366.03,776.46,35.84,50.14,0.582,Head
err,6.7266,114.49,7.77
dbg,6.7266,114.5,0.0,7.8,0.0
det,6.7266,1328.71,796.92,124.79,286.22,0.594,Body
det,6.7266,1377.13,778.06,34.74,54.0,0.371,Head
cmd,6.7266,45,3
err,6.7595,146.35,2.95
dbg,6.7595,146.4,0.0,2.9,0.0
det,6.7595,1358.4,771.78,116.9,307.57,0.722,Body
det,6.7595,1408.65,775.48,35.39,49.94,0.47,Head
err,7.6451,148.63,-0.41
dbg,7.6451,148.6,0.0,-0.4,0.0
det,7.6451,1375.4,770.97,106.45,286.25,0.779,Body
det,7.6451,1426.54,772.8,37.46,47.53,0.628,Head
cmd,7.6451,45,0
err,7.6952,142.33,3.72
dbg,7.6952,142.3,0.0,3.7,0.0
det,7.6952,1352.38,777.87,126.68,283.35,0.806,Body
det,7.6952,1405.57,779.59,33.51,43.89,0.644,Head
err,7.743,142.0,5.09
dbg,7.743,142.0,0.0,5.1,0.0
det,7.743,1350.59,777.63,130.12,283.54,0.818,Body
det,7.743,1405.13,780.44,33.73,44.82,0.685,Head
err,7.7942,108.07,5.3
dbg,7.7942,108.1,0.0,5.3,0.0
det,7.7942,1317.93,777.86,129.57,292.48,0.884,Body
det,7.7942,1372.75,780.07,30.64,45.87,0.671,Head
err,7.8445,108.16,5.51
dbg,7.8445,108.2,0.0,5.5,0.0
det,7.8445,1317.79,777.7,129.14,292.84,0.882,Body
det,7.8445,1372.6,779.96,31.11,46.45,0.648,Head
cmd,7.8445,45,2
err,7.8917,108.22,5.69
dbg,7.8917,108.2,0.0,5.7,0.0
det,7.8917,1317.88,778.18,128.53,292.48,0.882,Body
det,7.8917,1372.93,780.06,30.59,46.61,0.639,Head
err,7.9357,108.26,5.61
dbg,7.9357,108.3,0.0,5.6,0.0
det,7.9357,1318.15,778.27,128.06,292.28,0.885,Body
det,7.9357,1373.12,780.15,30.28,46.29,0.642,Head
err,7.9773,73.01,4.77
dbg,7.9773,73.0,0.0,4.8,0.0
det,7.9773,1286.81,781.28,130.59,287.02,0.891,Body
det,7.9773,1340.12,780.32,25.8,44.47,0.739,Head
err,8.0262,64.28,5.41
dbg,8.0262,64.3,0.0,5.4,0.0
det,8.0262,1273.52,777.37,132.31,291.02,0.89,Body
det,8.0262,1329.29,781.2,29.98,44.01,0.738,Head
cmd,8.0262,45,4
err,8.0771,41.79,7.17
dbg,8.0771,41.8,0.0,7.2,0.0
det,8.0771,1247.89,780.48,140.04,288.48,0.902,Body
det,8.0771,1301.55,783.34,40.48,43.32,0.679,Head
err,8.1197,-15.23,5.59
dbg,8.1197,-15.2,0.0,5.6,0.0
det,8.1197,1164.09,777.84,175.41,288.26,0.923,Body
det,8.1197,1245.12,780.92,39.3,44.87,0.758,Head
err,8.1541,-33.73,7.19
dbg,8.1541,-33.7,0.0,7.2,0.0
det,8.1541,1131.84,777.76,197.76,288.24,0.909,Body
det,8.1541,1226.26,780.69,40.01,48.18,0.651,Head
err,8.1944,-56.09,8.59
dbg,8.1944,-56.1,0.0,8.6,0.0
det,8.1944,1096.98,777.87,228.4,288.81,0.916,Body
det,8.1944,1200.35,777.19,47.12,57.08,0.591,Head
cmd,8.1944,-44,7
err,8.2435,-99.8,4.74
dbg,8.2435,-99.8,0.0,4.7,0.0
det,8.2435,1053.7,779.41,263.63,291.66,0.926,Body
det,8.2435,1160.81,777.47,38.77,49.59,0.651,Head
err,8.2862,-146.46,6.37
dbg,8.2862,-146.5,0.0,6.4,0.0
det,8.2862,1019.12,779.23,247.85,298.04,0.935,Body
det,8.2862,1112.74,778.52,41.61,50.63,0.726,Head
err,8.3263,-145.11,2.44
dbg,8.3263,-145.1,0.0,2.4,0.0
det,8.3263,1033.07,774.83,226.47,297.11,0.919,Body
det,8.3263,1116.24,775.69,37.3,48.63,0.76,Head
err,8.5507,-159.2,-6.05
dbg,8.5507,-159.2,0.0,-6.0,0.0
det,8.5507,1018.21,763.35,205.17,305.99,0.88,Body
det,8.5507,1095.58,764.06,42.94,53.19,0.628,Head
cmd,8.5507,-45,-2
err,8.5966,-143.61,-2.74
dbg,8.5966,-143.6,0.0,-2.7,0.0
det,8.5966,1064.61,763.85,151.53,319.2,0.878,Body
det,8.5966,1114.6,766.78,43.58,55.41,0.761,Head
err,8.6489,-120.79,1.07
dbg,8.6489,-120.8,0.0,1.1,0.0
det,8.6489,1092.78,767.52,128.89,319.18,0.833,Body
det,8.6489,1138.83,771.5,40.76,53.76,0.698,Head
err,8.6946,-53.44,1.89
dbg,8.6946,-53.4,0.0,1.9,0.0
det,8.6946,1160.71,772.05,135.51,320.38,0.832,Body
det,8.6946,1208.0,773.94,37.12,50.81,0.735,Head
err,8.7379,-16.7,-0.26
dbg,8.7379,-16.7,0.0,-0.3,0.0
det,8.7379,1195.05,767.65,131.52,329.05,0.878,Body
det,8.7379,1243.38,771.55,39.84,51.27,0.747,Head
cmd,8.7379,-21,0
err,8.7786,-12.11,0.08
dbg,8.7786,-12.1,0.0,0.1,0.0
det,8.7786,1200.21,768.21,124.36,328.56,0.897,Body
det,8.7786,1250.27,771.62,35.23,51.76,0.76,Head
err,8.829,-16.68,0.33
dbg,8.829,-16.7,0.0,0.3,0.0
det,8.829,1195.58,769.18,127.29,328.03,0.884,Body
det,8.829,1245.01,772.81,36.62,50.03,0.742,Head
err,8.8808,-20.8,1.84
dbg,8.8808,-20.8,0.0,1.8,0.0
det,8.8808,1185.89,767.71,140.48,328.75,0.898,Body
det,8.8808,1238.52,773.59,41.36,51.36,0.724,Head
err,8.9194,-48.54,3.2
dbg,8.9194,-48.5,0.0,3.2,0.0
det,8.9194,1147.97,770.91,156.18,321.02,0.903,Body
det,8.9194,1212.43,775.75,38.06,49.92,0.736,Head
cmd,8.9194,-45,3
err,8.9533,-72.78,7.89
dbg,8.9533,-72.8,0.0,7.9,0.0
det,8.9533,1113.68,774.25,178.36,317.97,0.891,Body
det,8.9533,1188.55,778.17,37.34,54.04,0.552,Head
err,8.9863,-102.18,7.11
dbg,8.9863,-102.2,0.0,7.1,0.0
det,8.9863,1069.91,778.9,210.25,316.83,0.905,Body
det,8.9863,1158.09,779.42,39.45,50.34,0.724,Head
err,9.0288,-96.62,3.49
dbg,9.0288,-96.6,0.0,3.5,0.0
det,9.0288,1066.3,779.19,228.73,309.93,0.928,Body
det,9.0288,1165.0,777.88,36.76,46.56,0.758,Head
err,9.0676,-143.25,7.09
dbg,9.0676,-143.3,0.0,7.1,0.0
det,9.0676,1017.21,777.14,247.66,309.13,0.936,Body
det,9.0676,1114.89,777.18,43.71,54.38,0.742,Head
err,9.4871,-149.27,6.99
dbg,9.4871,-149.3,0.0,7.0,0.0
det,9.4871,1082.07,772.53,117.79,302.61,0.823,Body
det,9.4871,1109.1,778.72,43.25,51.39,0.711,Head
cmd,9.4871,-45,2
err,9.5297,-128.87,5.72
dbg,9.5297,-128.9,0.0,5.7,0.0
det,9.5297,1097.45,774.32,124.81,301.83,0.824,Body
det,9.5297,1129.46,778.74,43.33,49.05,0.697,Head
err,9.5732,-116.12,3.08
dbg,9.5732,-116.1,0.0,3.1,0.0
det,9.5732,1114.68,771.03,116.89,308.27,0.835,Body
det,9.5732,1143.45,776.08,40.86,49.1,0.696,Head
err,9.6139,-75.35,1.72
dbg,9.6139,-75.4,0.0,1.7,0.0
det,9.6139,1158.48,770.64,114.06,309.02,0.847,Body
det,9.6139,1183.17,774.44,42.94,49.59,0.691,Head
err,9.6659,-70.53,-0.91
dbg,9.6659,-70.5,0.0,-0.9,0.0
det,9.6659,1162.55,767.97,113.75,310.71,0.822,Body
det,9.6659,1188.93,773.76,41.08,46.07,0.679,Head
cmd,9.6659,-45,-1
err,9.7069,-64.71,-1.17
dbg,9.7069,-64.7,0.0,-1.2,0.0
det,9.7069,1165.9,769.81,116.95,309.29,0.843,Body
det,9.7069,1195.77,773.83,39.04,45.46,0.694,Head
err,9.7403,-64.78,-1.18
dbg,9.7403,-64.8,0.0,-1.2,0.0
det,9.7403,1166.61,770.01,115.99,309.03,0.841,Body
det,9.7403,1195.91,774.09,38.63,44.97,0.683,Head
err,9.7729,-30.71,-0.1
dbg,9.7729,-30.7,0.0,-0.1,0.0
det,9.7729,1205.18,770.69,109.57,308.6,0.842,Body
det,9.7729,1229.38,774.56,39.82,46.06,0.69,Head
err,9.8138,-31.06,0.04
dbg,9.8138,-31.1,0.0,0.0,0.0
det,9.8138,1204.28,771.34,109.92,307.85,0.844,Body
det,9.8138,1229.55,774.88,38.78,45.74,0.701,Head
err,9.8639,-31.23,0.79
dbg,9.8639,-31.2,0.0,0.8,0.0
det,9.8639,1203.6,771.27,110.85,308.0,0.844,Body
det,9.8639,1228.95,774.83,39.64,47.19,0.7,Head
cmd,9.8639,-40,1
err,9.9028,-31.15,0.6
dbg,9.9028,-31.1,0.0,0.6,0.0
det,9.9028,1203.17,771.18,111.1,307.98,0.845,Body
det,9.9028,1229.18,774.75,39.36,46.99,0.693,Head
err,9.9411,-31.37,0.81
dbg,9.9411,-31.4,0.0,0.8,0.0
det,9.9411,1203.4,772.3,110.69,306.7,0.85,Body
det,9.9411,1229.67,775.3,37.91,46.38,0.713,Head
err,9.9822,-1.38,1.49
dbg,9.9822,-1.4,0.0,1.5,0.0
det,9.9822,1231.79,772.05,113.92,306.57,0.845,Body
det,9.9822,1258.79,775.18,39.66,47.84,0.742,Head
err,10.0327,-1.58,1.54
dbg,10.0327,-1.6,0.0,1.5,0.0
det,10.0327,1231.26,771.86,114.42,306.9,0.845,Body
det,10.0327,1258.33,775.08,40.17,48.1,0.742,Head
err,10.0735,-1.66,1.53
dbg,10.0735,-1.7,0.0,1.5,0.0
det,10.0735,1231.38,771.85,114.16,306.95,0.844,Body
det,10.0735,1258.32,775.04,40.04,48.16,0.742,Head
err,10.1144,-1.63,1.58
dbg,10.1144,-1.6,0.0,1.6,0.0
det,10.1144,1231.54,771.88,113.92,306.75,0.846,Body
det,10.1144,1258.33,775.03,40.08,48.27,0.743,Head
err,10.1545,-1.43,1.28
dbg,10.1545,-1.6,0.0,1.6,0.0
det,10.1545,1231.48,771.77,114.17,306.97,0.846,Body
det,10.1545,1258.52,774.93,40.1,47.92,0.748,Head
err,10.188,-1.44,1.33
dbg,10.188,-1.6,0.0,1.6,0.0
det,10.188,1231.14,771.6,114.44,307.16,0.845,Body
det,10.188,1258.27,774.78,40.56,48.26,0.748,Head
err,10.2211,-1.4,1.25
dbg,10.2211,-1.6,0.0,1.6,0.0
det,10.2211,1231.32,771.56,114.29,307.23,0.845,Body
det,10.2211,1258.27,774.78,40.66,48.13,0.749,Head
err,10.2579,-1.44,1.2
dbg,10.2579,-1.6,0.0,1.6,0.0
det,10.2579,1230.95,771.43,115.03,307.43,0.846,Body
det,10.2579,1258.0,774.66,41.11,48.24,0.747,Head
err,10.2994,-1.41,1.34
dbg,10.2994,-1.6,0.0,1.6,0.0
det,10.2994,1231.26,771.37,114.73,307.58,0.846,Body
det,10.2994,1257.91,774.67,41.37,48.49,0.747,Head
err,10.3412,4.28,-0.61
dbg,10.3412,4.3,0.0,-0.6,0.0
det,10.3412,1234.64,772.8,112.31,303.98,0.871,Body
det,10.3412,1265.47,775.16,37.61,44.05,0.72,Head
err,10.3828,11.12,2.99
dbg,10.3828,11.1,0.0,3.0,0.0
det,10.3828,1236.08,773.41,116.63,301.91,0.872,Body
det,10.3828,1270.39,775.99,41.46,49.09,0.731,Head
cmd,10.3828,14,4
err,10.4321,35.08,4.59
dbg,10.4321,35.1,0.0,4.6,0.0
det,10.4321,1241.53,776.48,140.48,293.06,0.873,Body
det,10.4321,1293.79,777.98,42.6,48.39,0.726,Head
err,10.4744,56.21,3.87
dbg,10.4744,56.2,0.0,3.9,0.0
det,10.4744,1263.39,774.78,135.04,290.9,0.884,Body
det,10.4744,1316.51,776.98,39.41,48.89,0.715,Head
err,10.5148,76.81,4.58
dbg,10.5148,76.8,0.0,4.6,0.0
det,10.5148,1303.62,774.13,118.15,293.48,0.889,Body
det,10.5148,1338.44,777.36,36.73,49.49,0.728,Head
err,10.5578,119.72,3.09
dbg,10.5578,119.7,0.0,3.1,0.0
det,10.5578,1345.87,772.75,110.68,298.87,0.831,Body
det,10.5578,1381.25,774.71,36.94,51.59,0.742,Head
cmd,10.5578,45,1
err,10.5891,149.68,3.68
dbg,10.5891,149.7,0.0,3.7,0.0
det,10.5891,1373.57,773.78,117.15,304.27,0.718,Body
det,10.5891,1411.91,776.22,35.53,49.94,0.67,Head
err,11.0063,149.11,-6.18
dbg,11.0063,149.1,0.0,-6.2,0.0
det,11.0063,1421.65,761.99,38.45,52.77,0.7,Head
det,11.0063,1321.17,758.28,215.87,355.37,0.681,Body
cmd,11.0063,45,-2
err,11.0393,121.8,-9.59
dbg,11.0393,121.8,0.0,-9.6,0.0
det,11.0393,1283.06,761.98,192.23,317.17,0.795,Body
det,11.0393,1382.88,763.92,37.83,48.16,0.697,Head
err,11.0742,74.47,-8.58
dbg,11.0742,74.5,0.0,-8.6,0.0
det,11.0742,1245.84,762.86,200.79,307.78,0.875,Body
det,11.0742,1335.17,764.59,38.59,48.78,0.661,Head
err,11.1044,-17.37,-10.15
dbg,11.1044,-17.4,0.0,-10.1,0.0
det,11.1044,1194.21,755.85,132.3,321.7,0.886,Body
det,11.1044,1244.16,763.45,36.95,48.0,0.705,Head
err,11.1376,-64.93,-10.38
dbg,11.1376,-64.9,0.0,-10.4,0.0
det,11.1376,1152.52,759.09,139.2,321.43,0.871,Body
det,11.1376,1196.75,763.25,36.63,47.95,0.751,Head
err,11.1717,-103.02,-6.96
dbg,11.1717,-103.0,0.0,-7.0,0.0
det,11.1717,1098.36,794.88,166.91,287.86,0.901,Body
det,11.1717,1156.73,766.26,40.5,48.69,0.71,Head
cmd,11.1717,-45,-3
err,11.2149,-134.54,-5.3
dbg,11.2149,-134.5,0.0,-5.3,0.0
det,11.2149,1047.52,763.28,213.92,318.87,0.908,Body
det,11.2149,1123.85,765.62,43.21,52.88,0.695,Head
err,11.2658,-148.03,-4.86
dbg,11.2658,-148.0,0.0,-4.9,0.0
det,11.2658,1025.8,762.13,240.39,314.76,0.935,Body
det,11.2658,1109.76,765.61,44.42,53.7,0.73,Head
err,11.5518,-91.74,-7.64
dbg,11.5518,-91.7,0.0,-7.6,0.0
det,11.5518,1131.23,764.54,124.22,310.57,0.843,Body
det,11.5518,1168.27,767.28,39.99,45.61,0.729,Head
cmd,11.5518,-45,-4
err,11.6044,-13.53,0.26
dbg,11.6044,-13.5,0.0,0.3,0.0
det,11.6044,1212.01,772.06,117.85,315.99,0.867,Body
det,11.6044,1248.78,775.17,35.38,45.61,0.764,Head
err,11.6526,34.9,6.58
dbg,11.6526,34.9,0.0,6.6,0.0
det,11.6526,1267.92,775.37,105.23,318.2,0.865,Body
det,11.6526,1296.35,778.59,37.09,50.89,0.756,Head
err,11.6929,34.64,6.33
dbg,11.6929,34.6,0.0,6.3,0.0
det,11.6929,1267.93,774.74,105.7,319.37,0.866,Body
det,11.6929,1295.21,778.13,38.86,51.27,0.75,Head
err,11.7363,34.69,6.15
dbg,11.7363,34.7,0.0,6.2,0.0
det,11.7363,1267.5,774.66,106.06,319.3,0.864,Body
det,11.7363,1295.06,778.07,39.25,51.06,0.749,Head
cmd,11.7363,44,8
err,11.7852,34.89,6.32
dbg,11.7852,34.9,0.0,6.3,0.0
det,11.7852,1266.41,774.68,107.05,319.5,0.864,Body
det,11.7852,1295.28,778.23,39.22,51.08,0.735,Head
err,11.8357,35.08,6.26
dbg,11.8357,35.1,0.0,6.3,0.0
det,11.8357,1265.81,774.78,107.69,319.7,0.862,Body
det,11.8357,1295.66,778.26,38.84,50.91,0.733,Head
err,11.8856,3.06,-1.61
dbg,11.8856,3.1,0.0,-1.6,0.0
det,11.8856,1227.87,770.39,117.98,321.4,0.872,Body
det,11.8856,1263.13,772.67,39.87,46.75,0.769,Head
err,11.9344,3.05,-1.76
dbg,11.9344,3.0,0.0,-1.8,0.0
det,11.9344,1228.8,770.55,116.98,321.18,0.874,Body
det,11.9344,1263.59,772.92,38.91,46.05,0.772,Head
err,11.9869,3.16,-1.67
dbg,11.9869,3.2,0.0,-1.7,0.0
det,11.9869,1228.28,770.29,117.55,321.39,0.873,Body
det,11.9869,1263.4,772.58,39.52,46.82,0.778,Head
err,12.0357,3.12,-1.51
dbg,12.0357,3.1,0.0,-1.5,0.0
det,12.0357,1229.4,770.34,116.55,321.27,0.872,Body
det,12.0357,1263.21,772.64,39.83,47.0,0.778,Head
err,12.0875,5.55,-3.47
dbg,12.0875,5.6,0.0,-3.5,0.0
det,12.0875,1228.54,767.1,119.69,319.71,0.859,Body
det,12.0875,1264.96,771.48,41.18,45.54,0.73,Head
err,12.1371,16.24,2.43
dbg,12.1371,16.2,0.0,2.4,0.0
det,12.1371,1232.76,770.58,127.62,313.47,0.841,Body
det,12.1371,1276.84,774.9,38.8,50.06,0.767,Head
cmd,12.1371,21,3
err,12.1867,40.3,4.57
dbg,12.1867,40.3,0.0,4.6,0.0
det,12.1867,1240.23,773.33,150.15,305.1,0.885,Body
det,12.1867,1300.09,778.29,40.43,47.79,0.69,Head
err,12.2357,70.98,5.69
dbg,12.2357,71.0,0.0,5.7,0.0
det,12.2357,1280.23,778.32,139.04,298.51,0.881,Body
det,12.2357,1334.01,780.79,33.92,45.28,0.763,Head
err,12.2881,107.05,8.65
dbg,12.2881,107.1,0.0,8.6,0.0
det,12.2881,1328.84,779.45,119.79,298.05,0.872,Body
det,12.2881,1372.2,781.8,29.71,48.83,0.765,Head
cmd,12.2881,45,4
err,12.3389,137.23,4.32
dbg,12.3389,137.2,0.0,4.3,0.0
det,12.3389,1359.06,775.45,117.56,301.67,0.83,Body
det,12.3389,1402.33,777.84,29.79,48.14,0.732,Head
err,12.3905,128.47,-2.11
dbg,12.3905,128.5,0.0,-2.1,0.0
det,12.3905,1339.12,769.43,124.72,306.36,0.807,Body
det,12.3905,1391.21,773.09,34.53,45.1,0.77,Head
err,12.4372,110.43,-4.71
dbg,12.4372,110.4,0.0,-4.7,0.0
det,12.4372,1318.98,761.7,128.07,312.98,0.854,Body
det,12.4372,1371.45,766.29,37.96,52.74,0.725,Head
err,12.4874,98.9,-15.87
dbg,12.4874,98.9,0.0,-15.9,0.0
det,12.4874,1314.28,751.35,128.6,315.25,0.85,Body
det,12.4874,1361.7,756.6,34.4,50.06,0.786,Head
cmd,12.4874,44,-7
err,12.5389,113.25,-17.04
dbg,12.5389,113.3,0.0,-17.0,0.0
det,12.5389,1324.65,744.64,131.98,322.49,0.807,Body
det,12.5389,1375.59,753.37,35.34,53.81,0.595,Head
err,12.5883,83.12,-8.88
dbg,12.5883,83.1,0.0,-8.9,0.0
det,12.5883,1299.1,759.29,128.96,315.03,0.817,Body
det,12.5883,1346.27,760.0,33.7,56.58,0.645,Head
err,12.6353,79.37,-10.6
dbg,12.6353,79.4,0.0,-10.6,0.0
det,12.6353,1293.55,761.52,152.16,310.03,0.85,Body
det,12.6353,1342.97,761.6,32.81,50.53,0.63,Head
err,12.6854,73.43,-13.12
dbg,12.6854,73.4,0.0,-13.1,0.0
det,12.6854,1283.85,756.87,159.75,313.11,0.867,Body
det,12.6854,1334.03,758.67,38.81,51.3,0.67,Head
cmd,12.6854,44,-8
err,12.7358,49.39,-12.23
dbg,12.7358,49.4,0.0,-12.2,0.0
det,12.7358,1259.6,750.38,136.82,329.3,0.884,Body
det,12.7358,1309.84,757.98,39.09,54.15,0.694,Head
err,12.7863,32.61,-12.26
dbg,12.7863,32.6,0.0,-12.3,0.0
det,12.7863,1246.11,754.04,128.74,329.5,0.882,Body
det,12.7863,1293.11,759.26,39.01,51.77,0.708,Head
err,12.8391,-2.95,-7.93
dbg,12.8391,-3.0,0.0,-7.9,0.0
det,12.8391,1214.02,762.18,120.24,324.98,0.896,Body
det,12.8391,1260.09,764.75,33.92,49.68,0.723,Head
err,12.8877,-3.09,-7.78
dbg,12.8877,-3.1,0.0,-7.8,0.0
det,12.8877,1214.0,762.35,120.57,325.21,0.896,Body
det,12.8877,1260.07,764.72,33.67,50.0,0.724,Head
err,12.9299,-3.01,-7.89
dbg,12.9299,-3.0,0.0,-7.9,0.0
det,12.9299,1213.78,761.82,121.12,326.01,0.895,Body
det,12.9299,1259.76,764.44,34.45,50.31,0.727,Head
err,12.972,4.85,-7.33
dbg,12.972,4.8,0.0,-7.3,0.0
det,12.972,1220.3,762.66,122.56,324.63,0.9,Body
det,12.972,1267.27,763.74,35.17,52.6,0.641,Head
err,13.0126,30.46,-7.8
dbg,13.0126,30.5,0.0,-7.8,0.0
det,13.0126,1245.28,758.91,127.7,328.79,0.89,Body
det,13.0126,1291.46,762.87,38.01,53.32,0.701,Head
cmd,13.0126,39,-10
err,13.0531,30.75,-7.99
dbg,13.0531,30.7,0.0,-8.0,0.0
det,13.0531,1245.98,755.54,127.2,332.23,0.874,Body
det,13.0531,1289.22,760.67,43.07,56.98,0.678,Head
err,13.0949,30.81,-8.1
dbg,13.0949,30.8,0.0,-8.1,0.0
det,13.0949,1246.06,755.79,126.78,331.86,0.875,Body
det,13.0949,1289.65,760.78,42.33,56.59,0.677,Head
err,13.1275,4.83,0.93
dbg,13.1275,4.8,0.0,0.9,0.0
det,13.1275,1216.7,768.26,130.53,328.73,0.893,Body
det,13.1275,1266.5,771.16,36.68,54.14,0.716,Head
err,13.1604,8.94,0.28
dbg,13.1604,8.9,0.0,0.3,0.0
det,13.1604,1219.57,766.39,133.78,331.13,0.88,Body
det,13.1604,1268.8,770.38,40.27,54.37,0.655,Head
err,13.196,17.08,3.26
dbg,13.196,17.1,0.0,3.3,0.0
det,13.196,1224.67,769.9,146.86,319.43,0.879,Body
det,13.196,1270.07,772.91,54.03,55.18,0.73,Head
cmd,13.196,22,4
err,13.2278,39.4,4.78
dbg,13.2278,39.4,0.0,4.8,0.0
det,13.2278,1235.32,773.74,156.37,313.63,0.886,Body
det,13.2278,1299.03,776.5,40.74,51.41,0.636,Head
err,13.2602,57.44,4.73
dbg,13.2602,57.4,0.0,4.7,0.0
det,13.2602,1256.38,773.55,155.91,312.85,0.873,Body
det,13.2602,1318.09,777.25,38.71,49.97,0.724,Head
err,13.2939,76.94,5.63
dbg,13.2939,76.9,0.0,5.6,0.0
det,13.2939,1286.79,773.17,140.81,312.66,0.876,Body
det,13.2939,1335.92,777.38,42.03,51.35,0.733,Head
err,13.3251,88.3,3.57
dbg,13.3251,88.3,0.0,3.6,0.0
det,13.3251,1299.28,770.36,135.07,313.46,0.831,Body
det,13.3251,1350.42,776.01,35.76,50.11,0.707,Head
err,13.3613,116.26,3.41
dbg,13.3613,116.3,0.0,3.4,0.0
det,13.3613,1331.04,771.22,123.38,312.04,0.694,Body
det,13.3613,1378.75,775.63,35.01,50.52,0.636,Head
cmd,13.3613,45,1
err,13.3954,146.24,2.31
dbg,13.3954,146.2,0.0,2.3,0.0
det,13.3954,1359.52,768.62,125.7,313.12,0.783,Body
det,13.3954,1407.54,773.97,37.4,51.53,0.62,Head
err,13.6797,150.2,-17.72
dbg,13.6797,150.2,0.0,-17.7,0.0
det,13.6797,1309.41,753.32,186.77,296.9,0.781,Body
det,13.6797,1412.01,756.93,36.38,46.1,0.709,Head
cmd,13.6797,45,-5
err,13.7114,143.8,-16.26
dbg,13.7114,143.8,0.0,-16.3,0.0
det,13.7114,1312.85,756.31,182.05,293.38,0.729,Body
det,13.7114,1405.48,759.1,36.64,44.8,0.722,Head
err,13.7455,127.71,-9.79
dbg,13.7455,127.7,0.0,-9.8,0.0
det,13.7455,1324.88,761.0,165.66,292.07,0.667,Body
err,13.7776,141.54,-12.11
dbg,13.7776,141.5,0.0,-12.1,0.0
det,13.7776,1328.11,762.25,154.46,292.25,0.671,Body
det,13.7776,1404.6,762.98,33.89,45.29,0.394,Head
err,13.8083,107.8,-9.48
dbg,13.8083,107.8,0.0,-9.5,0.0
det,13.8083,1303.76,761.89,156.1,291.76,0.864,Body
det,13.8083,1370.73,765.93,34.14,44.71,0.684,Head
err,13.8442,99.24,-11.5
dbg,13.8442,99.2,0.0,-11.5,0.0
det,13.8442,1308.93,759.66,134.47,293.71,0.866,Body
det,13.8442,1359.23,762.7,40.03,46.9,0.728,Head
cmd,13.8442,45,-5
err,13.8813,90.06,-10.66
dbg,13.8813,90.1,0.0,-10.7,0.0
det,13.8813,1295.27,761.69,136.27,291.54,0.899,Body
det,13.8813,1349.84,763.65,40.43,46.71,0.734,Head
err,13.9146,62.61,-8.02
dbg,13.9146,62.6,0.0,-8.0,0.0
det,13.9146,1259.41,767.27,148.09,286.45,0.908,Body
det,13.9146,1324.34,768.22,36.55,43.21,0.702,Head
err,13.9553,-6.15,-1.57
dbg,13.9553,-6.1,0.0,-1.6,0.0
det,13.9553,1175.74,770.42,168.49,287.79,0.909,Body
det,13.9553,1255.29,774.14,37.14,44.15,0.715,Head
err,13.9954,-44.56,-1.36
dbg,13.9954,-44.6,0.0,-1.4,0.0
det,13.9954,1115.76,767.75,199.81,290.7,0.92,Body
det,13.9954,1212.01,770.13,46.84,51.83,0.736,Head
cmd,13.9954,-45,-1
err,14.0271,-85.54,2.64
dbg,14.0271,-85.5,0.0,2.6,0.0
det,14.0271,1082.7,774.1,223.54,285.43,0.882,Body
det,14.0271,1186.76,773.57,39.58,52.73,0.386,Head
err,14.0599,-97.85,2.11
dbg,14.0599,-97.8,0.0,2.1,0.0
det,14.0599,1053.68,772.49,245.3,288.67,0.915,Body
det,14.0599,1161.15,773.31,42.0,52.36,0.756,Head
err,14.093,-90.77,1.97
dbg,14.093,-90.8,0.0,2.0,0.0
det,14.093,1061.36,774.01,264.4,295.09,0.932,Body
det,14.093,1167.57,773.93,43.32,50.99,0.753,Head
err,14.1289,-120.85,2.28
dbg,14.1289,-120.9,0.0,2.3,0.0
det,14.1289,1045.09,775.08,249.62,296.13,0.916,Body
det,14.1289,1138.49,774.1,41.31,51.24,0.762,Head
err,14.1621,-153.47,1.38
dbg,14.1621,-153.5,0.0,1.4,0.0
det,14.1621,1020.22,773.68,238.23,301.92,0.927,Body
det,14.1621,1105.4,773.33,42.26,51.01,0.717,Head
cmd,14.1621,-45,0
err,14.4288,-136.53,-4.24
dbg,14.4288,-136.5,0.0,-4.2,0.0
det,14.4288,1068.65,762.95,157.15,319.66,0.876,Body
det,14.4288,1123.82,766.32,39.28,53.52,0.7,Head
cmd,14.4288,-45,-1
err,14.4621,-102.08,2.67
dbg,14.4621,-102.1,0.0,2.7,0.0
det,14.4621,1116.16,768.56,132.74,318.18,0.865,Body
det,14.4621,1159.17,772.03,37.51,55.71,0.692,Head
err,14.496,-84.71,1.05
dbg,14.496,-84.7,0.0,1.1,0.0
det,14.496,1130.13,772.54,136.98,320.93,0.809,Body
det,14.496,1176.6,774.31,37.38,48.63,0.74,Head
err,14.5306,-73.85,0.12
dbg,14.5306,-73.8,0.0,0.1,0.0
det,14.5306,1142.24,769.48,136.98,318.01,0.835,Body
det,14.5306,1185.61,770.9,41.07,53.11,0.747,Head
err,14.5714,-55.36,-6.23
dbg,14.5714,-55.4,0.0,-6.2,0.0
det,14.5714,1159.6,763.63,128.54,326.77,0.851,Body
det,14.5714,1207.78,767.78,33.72,47.25,0.69,Head
err,14.6231,5.28,-5.78
dbg,14.6231,5.3,0.0,-5.8,0.0
det,14.6231,1220.67,764.16,122.44,324.29,0.891,Body
det,14.6231,1266.0,765.9,38.56,51.5,0.709,Head
err,14.6636,16.36,-8.44
dbg,14.6636,16.4,0.0,-8.4,0.0
det,14.6636,1231.01,760.39,126.05,327.43,0.89,Body
det,14.6636,1276.35,763.42,40.02,51.16,0.718,Head
cmd,14.6636,21,-11
err,14.6966,17.99,-8.23
dbg,14.6966,18.0,0.0,-8.2,0.0
det,14.6966,1233.91,760.61,123.83,327.47,0.894,Body
det,14.6966,1277.14,762.88,41.71,52.52,0.652,Head
err,14.7293,18.07,-8.36
dbg,14.7293,18.1,0.0,-8.4,0.0
det,14.7293,1233.74,760.16,124.31,327.99,0.893,Body
det,14.7293,1277.19,762.77,41.77,52.5,0.647,Head
err,14.7639,4.53,1.94
dbg,14.7639,4.5,0.0,1.9,0.0
det,14.7639,1218.26,769.6,124.85,328.86,0.877,Body
det,14.7639,1265.14,772.73,38.78,53.1,0.739,Head
err,14.7984,7.21,3.67
dbg,14.7984,7.2,0.0,3.7,0.0
det,14.7984,1220.17,764.59,130.52,334.82,0.875,Body
det,14.7984,1265.15,773.15,44.11,55.5,0.719,Head
err,14.8315,13.48,2.65
dbg,14.8315,13.5,0.0,2.6,0.0
det,14.8315,1225.61,764.11,134.19,330.12,0.884,Body
det,14.8315,1264.92,771.78,57.11,56.12,0.72,Head
cmd,14.8315,17,3
err,14.8654,33.33,2.65
dbg,14.8654,33.3,0.0,2.7,0.0
det,14.8654,1234.67,771.88,155.66,317.33,0.908,Body
det,14.8654,1291.75,774.55,43.17,51.1,0.577,Head
err,14.8977,55.58,5.33
dbg,14.8977,55.6,0.0,5.3,0.0
det,14.8977,1251.26,774.11,160.08,313.59,0.887,Body
det,14.8977,1316.51,777.43,38.14,50.73,0.665,Head
err,14.9306,75.49,6.16
dbg,14.9306,75.5,0.0,6.2,0.0
det,14.9306,1280.95,775.0,144.31,311.23,0.862,Body
det,14.9306,1335.94,779.97,39.1,47.63,0.682,Head
err,14.9663,88.22,6.38
dbg,14.9663,88.2,0.0,6.4,0.0
det,14.9663,1300.98,771.09,128.56,314.1,0.837,Body
det,14.9663,1350.87,778.41,34.7,50.86,0.667,Head
err,15.0053,114.3,7.25
dbg,15.0053,114.3,0.0,7.3,0.0
det,15.0053,1329.4,776.19,129.17,313.48,0.615,Body
det,15.0053,1376.35,778.38,35.88,52.49,0.577,Head
cmd,15.0053,45,3
err,15.0473,159.78,3.96
dbg,15.0473,159.8,0.0,4.0,0.0
det,15.0473,1370.93,773.17,127.92,297.74,0.743,Body
det,15.0473,1422.15,776.48,35.26,49.96,0.598,Head
err,15.2949,104.06,0.49
dbg,15.2949,104.1,0.0,0.5,0.0
det,15.2949,1322.37,770.58,125.93,303.09,0.824,Body
det,15.2949,1368.01,773.05,32.1,49.89,0.663,Head
cmd,15.2949,45,0
err,15.3317,80.37,-3.28
dbg,15.3317,80.4,0.0,-3.3,0.0
det,15.3317,1302.42,764.79,123.78,303.64,0.833,Body
det,15.3317,1341.66,770.21,37.41,48.18,0.728,Head
det,15.3317,1295.61,768.45,133.2,120.53,0.545,Body
err,15.3712,67.38,-6.68
dbg,15.3712,67.4,0.0,-6.7,0.0
det,15.3712,1280.53,765.5,143.34,304.99,0.87,Body
det,15.3712,1327.95,767.71,38.84,46.56,0.69,Head
err,15.4134,26.99,-6.07
dbg,15.4134,27.0,0.0,-6.1,0.0
det,15.4134,1237.9,762.45,141.04,309.86,0.883,Body
det,15.4134,1284.14,767.85,45.71,47.41,0.68,Head
err,15.4493,26.68,-6.39
dbg,15.4493,26.7,0.0,-6.4,0.0
det,15.4493,1237.87,762.28,140.35,312.19,0.886,Body
det,15.4493,1283.37,767.66,46.61,47.18,0.676,Head
cmd,15.4493,34,-8
err,15.4886,26.67,-6.39
dbg,15.4886,26.7,0.0,-6.4,0.0
det,15.4886,1237.69,762.26,140.77,312.24,0.884,Body
det,15.4886,1283.39,767.54,46.55,47.41,0.678,Head
err,15.5324,26.8,-6.66
dbg,15.5324,26.8,0.0,-6.7,0.0
det,15.5324,1237.5,762.38,141.2,312.1,0.884,Body
det,15.5324,1283.56,767.42,46.48,47.13,0.68,Head
err,15.5725,26.91,-6.64
dbg,15.5725,26.9,0.0,-6.6,0.0
det,15.5725,1237.55,762.39,141.12,312.22,0.884,Body
det,15.5725,1283.87,767.48,46.08,47.06,0.679,Head
err,15.6122,26.84,-6.52
dbg,15.6122,26.8,0.0,-6.5,0.0
det,15.6122,1237.62,762.22,140.96,312.26,0.884,Body
det,15.6122,1283.89,767.4,45.9,47.41,0.679,Head
cmd,15.6122,34,-8
err,15.6458,3.23,-0.44
dbg,15.6458,3.2,0.0,-0.4,0.0
det,15.6458,1215.52,768.89,138.32,311.23,0.892,Body
det,15.6458,1263.1,772.87,40.26,48.53,0.709,Head
err,15.6792,3.3,-0.38
dbg,15.6792,3.3,0.0,-0.4,0.0
det,15.6792,1215.72,769.11,138.08,310.96,0.892,Body
det,15.6792,1263.42,773.04,39.76,48.32,0.706,Head
err,15.7137,-18.43,4.63
dbg,15.7137,-18.4,0.0,4.6,0.0
det,15.7137,1188.27,774.24,138.51,312.31,0.88,Body
det,15.7137,1242.03,778.73,39.08,47.09,0.64,Head
err,15.747,-18.38,4.69
dbg,15.747,-18.4,0.0,4.7,0.0
det,15.747,1188.3,774.35,138.49,312.22,0.88,Body
det,15.747,1241.92,778.74,39.41,47.19,0.64,Head
err,15.7786,-18.22,4.67
dbg,15.7786,-18.2,0.0,4.7,0.0
det,15.7786,1188.36,773.81,138.39,312.73,0.88,Body
det,15.7786,1241.99,778.77,39.57,47.1,0.655,Head
cmd,15.7786,-23,6
err,15.814,-18.21,4.58
dbg,15.814,-18.2,0.0,4.6,0.0
det,15.814,1188.37,773.46,138.4,313.06,0.88,Body
det,15.814,1242.08,778.72,39.42,47.02,0.662,Head
err,15.8444,-18.26,4.51
dbg,15.8444,-18.3,0.0,4.5,0.0
det,15.8444,1188.38,773.5,138.39,313.05,0.88,Body
det,15.8444,1242.1,778.68,39.28,46.96,0.657,Head
err,15.8787,8.54,-0.2
dbg,15.8787,8.5,0.0,-0.2,0.0
det,15.8787,1220.66,766.88,137.91,315.45,0.891,Body
det,15.8787,1268.53,772.84,40.02,49.02,0.693,Head
err,15.9124,20.99,-1.57
dbg,15.9124,21.0,0.0,-1.6,0.0
det,15.9124,1230.98,768.57,139.16,309.45,0.897,Body
det,15.9124,1279.99,772.34,41.99,47.42,0.709,Head
err,15.9497,20.33,-1.53
dbg,15.9497,20.3,0.0,-1.5,0.0
det,15.9497,1235.57,767.29,136.12,311.45,0.894,Body
det,15.9497,1278.11,771.44,44.44,49.14,0.674,Head
cmd,15.9497,26,-2
err,15.9816,18.28,-1.87
dbg,15.9816,18.3,0.0,-1.9,0.0
det,15.9816,1227.06,767.68,138.89,310.97,0.897,Body
det,15.9816,1277.86,771.29,40.85,48.8,0.744,Head
err,16.0146,9.74,1.18
dbg,16.0146,9.7,0.0,1.2,0.0
det,16.0146,1214.82,770.35,141.26,309.71,0.885,Body
det,16.0146,1271.07,773.76,37.33,49.85,0.706,Head
err,16.0492,-25.22,4.53
dbg,16.0492,-25.2,0.0,4.5,0.0
det,16.0492,1172.62,772.5,149.22,309.26,0.888,Body
det,16.0492,1231.79,776.12,45.98,51.64,0.672,Head
err,16.0812,-46.71,6.07
dbg,16.0812,-46.7,0.0,6.1,0.0
det,16.0812,1141.22,774.5,166.76,307.58,0.917,Body
det,16.0812,1210.91,777.96,44.78,51.11,0.705,Head
err,16.1146,-69.46,6.7
dbg,16.1146,-69.5,0.0,6.7,0.0
det,16.1146,1098.85,776.55,197.54,305.57,0.898,Body
det,16.1146,1192.14,779.97,36.81,48.6,0.695,Head
cmd,16.1146,-45,4
err,16.1448,-95.28,7.64
dbg,16.1448,-95.3,0.0,7.6,0.0
det,16.1448,1069.7,776.95,212.37,305.9,0.905,Body
det,16.1448,1165.17,779.94,39.1,50.36,0.698,Head
err,16.18,-122.76,5.94
dbg,16.18,-122.8,0.0,5.9,0.0
det,16.18,1030.75,778.29,233.16,305.64,0.942,Body
det,16.18,1137.97,779.22,38.54,48.58,0.727,Head
err,16.2122,-118.08,3.27
dbg,16.2122,-118.1,0.0,3.3,0.0
det,16.2122,1031.88,777.4,257.14,306.23,0.924,Body
det,16.2122,1143.56,777.28,36.72,47.25,0.753,Head
err,16.2443,-142.26,10.63
dbg,16.2443,-142.3,0.0,10.6,0.0
det,16.2443,1001.55,780.28,272.38,303.57,0.936,Body
det,16.2443,1111.52,776.61,37.02,46.9,0.407,Head
err,16.3467,-120.67,3.72
dbg,16.3467,-120.7,0.0,3.7,0.0
det,16.3467,1090.27,774.1,167.13,303.21,0.895,Body
det,16.3467,1139.6,776.25,39.46,49.94,0.723,Head
cmd,16.3467,-45,1
err,16.3782,-81.8,5.2
dbg,16.3782,-81.8,0.0,5.2,0.0
det,16.3782,1141.13,773.15,130.68,307.19,0.877,Body
det,16.3782,1179.43,777.04,37.54,51.19,0.691,Head
err,16.413,-68.03,5.57
dbg,16.413,-68.0,0.0,5.6,0.0
det,16.413,1148.83,773.43,127.38,311.67,0.828,Body
det,16.413,1192.68,777.57,38.58,50.9,0.691,Head
err,16.4452,-37.98,6.56
dbg,16.4452,-38.0,0.0,6.6,0.0
det,16.4452,1177.94,772.57,130.64,314.85,0.803,Body
det,16.4452,1221.96,777.01,40.12,53.72,0.647,Head
err,16.4777,-45.03,4.68
dbg,16.4777,-45.0,0.0,4.7,0.0
det,16.4777,1171.36,772.87,136.08,315.64,0.811,Body
det,16.4777,1215.88,776.92,38.18,50.46,0.644,Head
err,16.5123,-55.18,5.12
dbg,16.5123,-55.2,0.0,5.1,0.0
det,16.5123,1164.18,773.1,131.27,311.76,0.838,Body
det,16.5123,1205.91,778.41,37.82,48.57,0.705,Head
cmd,16.5123,-45,4
err,16.5492,-69.66,6.25
dbg,16.5492,-69.7,0.0,6.3,0.0
det,16.5492,1146.5,772.41,143.68,312.72,0.857,Body
det,16.5492,1190.04,778.21,40.61,50.98,0.735,Head
err,16.581,-89.99,7.88
dbg,16.581,-90.0,0.0,7.9,0.0
det,16.581,1124.73,774.49,148.29,311.09,0.857,Body
det,16.581,1172.81,780.57,34.41,49.64,0.618,Head
err,16.6159,-81.37,7.7
dbg,16.6159,-81.4,0.0,7.7,0.0
det,16.6159,1135.22,774.8,152.43,309.85,0.882,Body
det,16.6159,1180.69,780.58,35.87,49.31,0.731,Head
err,16.6494,-109.37,5.43
dbg,16.6494,-109.4,0.0,5.4,0.0
det,16.6494,1114.95,772.46,141.36,314.88,0.876,Body
det,16.6494,1151.7,779.48,37.87,47.18,0.791,Head
err,16.6797,-139.44,6.99
dbg,16.6797,-139.4,0.0,7.0,0.0
det,16.6797,1086.27,814.21,133.95,274.78,0.865,Body
det,16.6797,1120.64,781.46,39.84,46.42,0.734,Head
cmd,16.6797,-45,2
err,16.7125,-153.2,8.99
dbg,16.7125,-153.2,0.0,9.0,0.0
det,16.7125,1063.16,777.61,127.28,313.74,0.874,Body
det,16.7125,1095.99,781.46,41.41,49.57,0.739,Head
err,16.7811,-150.68,4.4
dbg,16.7811,-150.7,0.0,4.4,0.0
det,16.7811,1077.89,774.27,125.64,312.85,0.823,Body
det,16.7811,1112.38,778.0,33.89,48.0,0.727,Head
err,16.8146,-137.56,4.88
dbg,16.8146,-137.6,0.0,4.9,0.0
det,16.8146,1081.17,773.33,131.41,314.55,0.855,Body
det,16.8146,1125.24,777.17,34.4,50.39,0.73,Head
err,16.8481,-121.79,1.34
dbg,16.8481,-121.8,0.0,1.3,0.0
det,16.8481,1089.59,771.31,139.09,315.67,0.896,Body
det,16.8481,1139.99,775.05,36.44,47.79,0.75,Head
cmd,16.8481,-45,0
err,16.8825,-105.26,0.73
dbg,16.8825,-105.3,0.0,0.7,0.0
det,16.8825,1101.05,767.37,145.43,319.83,0.887,Body
det,16.8825,1153.59,771.69,42.31,52.79,0.651,Head
err,16.9147,-88.2,1.29
dbg,16.9147,-88.2,0.0,1.3,0.0
det,16.9147,1118.13,769.27,147.58,317.83,0.897,Body
det,16.9147,1172.22,773.14,39.17,51.18,0.71,Head
err,16.9453,-24.18,-2.42
dbg,16.9453,-24.2,0.0,-2.4,0.0
det,16.9453,1182.04,765.62,143.09,322.89,0.884,Body
det,16.9453,1234.72,769.37,42.19,51.29,0.716,Head
err,16.9776,-2.11,-5.94
dbg,16.9776,-2.1,0.0,-5.9,0.0
det,16.9776,1219.62,766.37,123.44,322.01,0.888,Body
det,16.9776,1260.61,767.58,34.56,48.15,0.738,Head
err,17.0106,-0.41,-5.32
dbg,17.0106,-0.4,0.0,-5.3,0.0
det,17.0106,1223.28,764.15,120.81,324.13,0.88,Body
det,17.0106,1261.57,767.48,36.04,49.47,0.766,Head
err,17.0431,-0.57,-5.01
dbg,17.0431,-0.6,0.0,-5.0,0.0
det,17.0431,1223.67,764.92,119.21,323.06,0.881,Body
det,17.0431,1262.05,767.76,34.77,49.51,0.773,Head
err,17.0779,-0.56,-5.14
dbg,17.0779,-0.6,0.0,-5.1,0.0
det,17.0779,1223.63,764.84,119.29,323.17,0.882,Body
det,17.0779,1261.98,767.74,34.92,49.32,0.769,Head
err,17.113,-0.76,-5.23
dbg,17.113,-0.8,0.0,-5.2,0.0
det,17.113,1224.07,765.38,118.65,322.48,0.884,Body
det,17.113,1262.73,767.87,33.02,48.91,0.767,Head
err,17.1464,-0.74,-5.36
dbg,17.1464,-0.7,0.0,-5.4,0.0
det,17.1464,1224.46,765.5,118.26,322.1,0.886,Body
det,17.1464,1262.8,767.86,32.9,48.69,0.767,Head
err,17.1818,-0.73,-5.25
dbg,17.1818,-0.7,0.0,-5.2,0.0
det,17.1818,1224.2,765.27,117.85,322.3,0.884,Body
det,17.1818,1262.75,767.82,33.05,48.98,0.767,Head
err,17.2165,-0.77,-5.35
dbg,17.2165,-0.8,0.0,-5.3,0.0
det,17.2165,1224.33,765.28,117.66,322.3,0.884,Body
det,17.2165,1262.86,767.76,32.73,48.89,0.765,Head
err,17.2563,-0.75,-5.4
dbg,17.2563,-0.8,0.0,-5.4,0.0
det,17.2563,1223.8,764.78,118.41,323.07,0.881,Body
det,17.2563,1262.35,767.54,33.79,49.2,0.765,Head
err,17.2948,-0.75,-5.47
dbg,17.2948,-0.8,0.0,-5.5,0.0
det,17.2948,1223.28,764.37,119.12,323.56,0.882,Body
det,17.2948,1262.1,767.39,34.29,49.34,0.763,Head
err,17.3303,-0.61,-5.38
dbg,17.3303,-0.6,0.0,-5.4,0.0
det,17.3303,1223.29,763.84,119.17,324.15,0.879,Body
det,17.3303,1261.75,767.15,35.29,49.96,0.764,Head
err,17.3655,-0.57,-5.5
dbg,17.3655,-0.6,0.0,-5.5,0.0
det,17.3655,1223.18,763.55,119.84,324.46,0.879,Body
det,17.3655,1261.65,767.1,35.55,49.81,0.762,Head
err,17.3972,-0.65,-5.46
dbg,17.3972,-0.6,0.0,-5.5,0.0
det,17.3972,1223.49,763.96,119.52,323.89,0.881,Body
det,17.3972,1261.94,767.26,34.83,49.6,0.763,Head
err,17.4304,-0.58,-5.38
dbg,17.4304,-0.6,0.0,-5.4,0.0
det,17.4304,1225.05,765.35,118.13,322.57,0.886,Body
det,17.4304,1262.91,767.99,33.01,48.42,0.767,Head
err,17.4649,6.96,-4.14
dbg,17.4649,7.0,0.0,-4.1,0.0
det,17.4649,1223.66,763.5,120.55,323.35,0.88,Body
det,17.4649,1268.65,768.4,36.62,49.94,0.724,Head
err,17.4997,17.24,-2.91
dbg,17.4997,17.2,0.0,-2.9,0.0
det,17.4997,1224.0,762.33,144.41,318.72,0.858,Body
det,17.4997,1275.82,768.53,42.84,51.93,0.745,Head
cmd,17.4997,22,-4
err,17.5319,32.3,-2.79
dbg,17.5319,32.3,0.0,-2.8,0.0
det,17.5319,1229.44,768.01,158.39,313.22,0.891,Body
det,17.5319,1291.53,770.35,41.55,48.84,0.757,Head
err,17.5661,50.98,-1.07
dbg,17.5661,51.0,0.0,-1.1,0.0
det,17.5661,1249.48,767.27,157.46,311.39,0.869,Body
det,17.5661,1310.99,771.34,39.98,50.17,0.647,Head
err,17.5974,58.34,4.0
dbg,17.5974,58.3,0.0,4.0,0.0
det,17.5974,1265.35,783.09,137.01,299.08,0.856,Body
det,17.5974,1321.81,779.33,33.06,44.85,0.536,Head
err,17.629,83.68,4.77
dbg,17.629,83.7,0.0,4.8,0.0
det,17.629,1302.18,771.56,131.84,310.08,0.83,Body
det,17.629,1345.41,776.63,36.54,51.17,0.66,Head
err,17.663,107.39,3.79
dbg,17.663,107.4,0.0,3.8,0.0
det,17.663,1322.0,772.94,134.87,312.93,0.802,Body
det,17.663,1370.09,776.08,34.6,50.37,0.659,Head
cmd,17.663,45,2
err,17.6955,124.21,3.3
dbg,17.6955,124.2,0.0,3.3,0.0
det,17.6955,1343.73,774.24,131.69,305.05,0.853,Body
det,17.6955,1387.71,776.48,33.0,48.77,0.739,Head
err,17.7293,133.26,2.91
dbg,17.7293,133.3,0.0,2.9,0.0
det,17.7293,1353.21,772.45,118.61,307.49,0.796,Body
det,17.7293,1395.76,776.19,35.01,48.57,0.569,Head
err,17.7617,76.1,2.34
dbg,17.7617,76.1,0.0,2.3,0.0
det,17.7617,1290.6,772.85,134.38,307.67,0.85,Body
det,17.7617,1337.93,776.36,36.34,47.25,0.755,Head
err,17.7941,41.3,2.6
dbg,17.7941,41.3,0.0,2.6,0.0
det,17.7941,1255.8,770.04,135.3,309.35,0.861,Body
det,17.7941,1302.03,774.44,38.54,51.19,0.663,Head
err,17.8286,-0.43,-5.5
dbg,17.8286,-0.4,0.0,-5.5,0.0
det,17.8286,1214.39,761.8,132.9,325.22,0.881,Body
det,17.8286,1259.03,765.24,41.09,53.19,0.777,Head
err,17.8629,-33.09,-6.11
dbg,17.8629,-33.1,0.0,-6.1,0.0
det,17.8629,1181.5,762.48,134.48,318.97,0.84,Body
det,17.8629,1226.78,765.07,40.27,52.4,0.725,Head
cmd,17.8629,-42,-8
err,17.8986,-49.57,-6.45
dbg,17.8986,-49.6,0.0,-6.4,0.0
det,17.8986,1208.17,765.16,44.53,51.62,0.734,Head
det,17.8986,1164.44,763.92,139.63,313.43,0.722,Body
err,17.9312,-44.95,-3.36
dbg,17.9312,-44.9,0.0,-3.4,0.0
det,17.9312,1166.55,762.4,141.63,318.45,0.856,Body
det,17.9312,1211.85,766.81,46.41,54.25,0.722,Head
err,17.9649,1.98,5.57
dbg,17.9649,2.0,0.0,5.6,0.0
det,17.9649,1217.33,771.65,132.65,320.03,0.855,Body
det,17.9649,1260.2,775.49,43.56,54.69,0.688,Head
err,17.9983,20.16,6.95
dbg,17.9983,20.2,0.0,7.0,0.0
det,17.9983,1232.79,770.25,135.37,320.01,0.846,Body
det,17.9983,1277.85,777.58,44.62,53.4,0.703,Head
err,18.03,46.4,5.13
dbg,18.03,46.4,0.0,5.1,0.0
det,18.03,1259.0,771.32,132.52,320.49,0.821,Body
det,18.03,1306.14,777.73,40.51,49.81,0.755,Head
cmd,18.03,45,5
err,18.0615,73.83,4.68
dbg,18.0615,73.8,0.0,4.7,0.0
det,18.0615,1295.64,770.57,128.56,318.27,0.824,Body
det,18.0615,1335.89,778.42,35.89,47.75,0.716,Head
err,18.096,103.64,5.09
dbg,18.096,103.6,0.0,5.1,0.0
det,18.096,1317.9,770.86,130.4,317.56,0.814,Body
det,18.096,1366.36,776.4,34.55,52.17,0.707,Head
err,18.129,134.66,2.66
dbg,18.129,134.7,0.0,2.7,0.0
det,18.129,1346.79,772.8,110.9,316.83,0.808,Body
det,18.129,1397.65,776.76,34.03,47.08,0.768,Head
err,18.1619,130.64,-4.41
dbg,18.1619,130.6,0.0,-4.4,0.0
det,18.1619,1325.92,768.56,143.91,316.18,0.775,Body
det,18.1619,1392.31,769.95,36.65,46.63,0.725,Head
err,18.1948,151.3,-3.14
dbg,18.1948,151.3,0.0,-3.1,0.0
det,18.1948,1412.33,768.5,37.94,51.56,0.564,Head
det,18.1948,1331.8,769.28,228.5,325.71,0.486,Body
cmd,18.1948,45,-1
err,18.2279,158.79,1.29
dbg,18.2279,158.8,0.0,1.3,0.0
det,18.2279,1426.05,768.49,39.33,51.36,0.725,Head
det,18.2279,1336.46,768.59,204.67,326.96,0.588,Body
err,18.2621,157.46,3.61
dbg,18.2621,157.5,0.0,3.6,0.0
det,18.2621,1433.86,770.45,40.6,47.4,0.777,Head
det,18.2621,1342.36,770.69,190.21,329.21,0.704,Body
err,18.2976,138.23,-0.44
dbg,18.2976,138.2,0.0,-0.4,0.0
det,18.2976,1399.59,771.22,37.27,51.52,0.703,Head
det,18.2976,1310.12,771.61,203.21,314.88,0.703,Body
err,18.331,123.42,1.23
dbg,18.331,123.4,0.0,1.2,0.0
det,18.331,1385.84,774.56,35.14,48.49,0.769,Head
det,18.331,1300.38,771.45,177.76,312.97,0.667,Body
err,18.3823,102.25,1.88
dbg,18.3823,102.2,0.0,1.9,0.0
det,18.3823,1291.0,772.54,171.94,306.98,0.875,Body
det,18.3823,1363.4,774.87,37.7,49.11,0.774,Head
cmd,18.3823,45,1
err,18.4194,42.65,-7.47
dbg,18.4194,42.6,0.0,-7.5,0.0
det,18.4194,1248.43,761.51,152.13,308.92,0.871,Body
det,18.4194,1303.06,765.1,39.18,49.86,0.705,Head
err,18.4595,4.36,-11.3
dbg,18.4595,4.4,0.0,-11.3,0.0
det,18.4595,1211.22,756.31,142.85,313.75,0.868,Body
det,18.4595,1266.23,760.68,36.27,50.96,0.719,Head
err,18.496,-49.55,-14.01
dbg,18.496,-49.5,0.0,-14.0,0.0
det,18.496,1157.13,753.34,139.5,316.97,0.887,Body
det,18.496,1209.84,758.38,41.23,50.2,0.784,Head
err,18.5314,-49.49,-14.09
dbg,18.5314,-49.5,0.0,-14.1,0.0
det,18.5314,1156.63,752.73,140.12,317.34,0.891,Body
det,18.5314,1208.68,757.55,43.66,51.56,0.785,Head
err,18.564,-49.54,-13.97
dbg,18.564,-49.5,0.0,-14.0,0.0
det,18.564,1156.7,752.67,139.99,317.35,0.891,Body
det,18.564,1208.57,757.53,43.77,51.81,0.781,Head
cmd,18.564,-43,-12
err,18.6009,-49.53,-14.13
dbg,18.6009,-49.5,0.0,-14.1,0.0
det,18.6009,1156.63,752.64,140.08,317.32,0.89,Body
det,18.6009,1208.61,757.53,43.72,51.51,0.784,Head
err,18.633,-49.53,-14.21
dbg,18.633,-49.5,0.0,-14.2,0.0
det,18.633,1156.6,752.48,140.18,317.58,0.891,Body
det,18.633,1208.68,757.31,43.59,51.78,0.786,Head
err,18.6636,-18.36,-5.36
dbg,18.6636,-18.4,0.0,-5.4,0.0
det,18.6636,1188.55,760.88,139.97,318.87,0.885,Body
det,18.6636,1240.42,766.82,42.45,50.59,0.688,Head
err,18.6968,-18.36,-5.39
dbg,18.6968,-18.4,0.0,-5.4,0.0
det,18.6968,1188.34,761.13,140.21,318.61,0.886,Body
det,18.6968,1240.32,766.84,42.63,50.48,0.694,Head
err,18.7287,-18.31,-5.65
dbg,18.7287,-18.3,0.0,-5.6,0.0
det,18.7287,1188.42,761.02,140.13,318.69,0.885,Body
det,18.7287,1240.46,766.72,42.46,50.24,0.691,Head
cmd,18.7287,-23,-7
err,18.7633,-18.19,-6.08
dbg,18.7633,-18.2,0.0,-6.1,0.0
det,18.7633,1188.46,761.58,139.86,318.75,0.885,Body
det,18.7633,1239.96,766.56,43.71,49.75,0.69,Head
err,18.7957,-18.21,-6.07
dbg,18.7957,-18.2,0.0,-6.1,0.0
det,18.7957,1188.59,761.33,140.06,318.32,0.886,Body
det,18.7957,1240.05,766.65,43.48,49.6,0.689,Head
err,18.8282,-18.22,-6.12
dbg,18.8282,-18.2,0.0,-6.1,0.0
det,18.8282,1188.57,761.71,139.8,318.56,0.886,Body
det,18.8282,1240.06,766.58,43.44,49.64,0.684,Head
err,18.8651,-0.89,-0.06
dbg,18.8651,-18.2,0.0,-6.1,0.0
det,18.8651,1205.09,768.08,140.09,317.78,0.892,Body
det,18.8651,1258.22,771.88,41.78,51.02,0.737,Head
err,18.9012,-0.75,-0.17
dbg,18.9012,-18.2,0.0,-6.1,0.0
det,18.9012,1205.14,767.84,139.93,318.03,0.892,Body
det,18.9012,1258.38,771.64,41.75,51.26,0.734,Head
err,18.9331,-0.96,-0.06
dbg,18.9331,-18.2,0.0,-6.1,0.0
det,18.9331,1205.17,767.89,139.83,317.92,0.892,Body
det,18.9331,1258.18,771.72,41.72,51.3,0.731,Head
err,18.9676,-1.46,1.07
dbg,18.9676,-18.2,0.0,-6.1,0.0
det,18.9676,1204.15,768.52,141.02,317.31,0.892,Body
det,18.9676,1257.01,772.39,43.04,52.15,0.742,Head
err,19.0012,-4.86,1.64
dbg,19.0012,-4.9,0.0,1.6,0.0
det,19.0012,1198.77,770.87,139.75,315.77,0.899,Body
det,19.0012,1255.75,773.76,38.78,50.68,0.731,Head
err,19.0331,-16.01,2.4
dbg,19.0331,-16.0,0.0,2.4,0.0
det,19.0331,1188.16,770.11,143.16,315.09,0.883,Body
det,19.0331,1245.87,775.4,36.24,49.08,0.754,Head
cmd,19.0331,-20,3
err,19.0656,-34.52,3.08
dbg,19.0656,-34.5,0.0,3.1,0.0
det,19.0656,1162.82,773.16,147.9,313.26,0.897,Body
det,19.0656,1226.75,776.51,37.45,48.31,0.597,Head
err,19.0972,-53.14,5.33
dbg,19.0972,-53.1,0.0,5.3,0.0
det,19.0972,1130.96,775.58,169.51,310.68,0.902,Body
det,19.0972,1208.12,778.86,37.49,48.14,0.681,Head
err,19.1338,-61.05,4.0
dbg,19.1338,-61.0,0.0,4.0,0.0
det,19.1338,1117.12,774.08,183.8,310.56,0.894,Body
det,19.1338,1200.11,777.91,37.68,47.43,0.761,Head
err,19.167,-88.61,6.32
dbg,19.167,-88.6,0.0,6.3,0.0
det,19.167,1067.81,776.99,226.44,308.68,0.926,Body
det,19.167,1171.58,779.28,39.61,49.16,0.748,Head
err,19.2097,-116.97,5.44
dbg,19.2097,-117.0,0.0,5.4,0.0
det,19.2097,1036.57,778.51,240.45,307.66,0.937,Body
det,19.2097,1144.23,778.62,37.59,48.77,0.734,Head
cmd,19.2097,-45,2
err,19.2506,-159.18,5.37
dbg,19.2506,-159.2,0.0,5.4,0.0
det,19.2506,988.28,779.2,265.1,307.11,0.929,Body
det,19.2506,1101.94,777.63,37.75,50.44,0.715,Head
err,19.3134,-102.5,2.01
dbg,19.3134,-102.5,0.0,2.0,0.0
det,19.3134,1048.45,771.53,258.11,304.77,0.911,Body
det,19.3134,1140.46,768.21,42.29,57.53,0.556,Head
err,19.3502,-94.25,-1.89
dbg,19.3502,-94.2,0.0,-1.9,0.0
det,19.3502,1087.13,768.18,228.74,308.83,0.901,Body
det,19.3502,1164.4,768.11,42.7,54.54,0.741,Head
err,19.3911,-62.06,-2.88
dbg,19.3911,-62.1,0.0,-2.9,0.0
det,19.3911,1131.82,764.56,197.62,313.81,0.881,Body
det,19.3911,1195.32,767.46,45.24,53.92,0.709,Head
cmd,19.3911,-45,-2
err,19.4337,-21.74,-2.41
dbg,19.4337,-21.7,0.0,-2.4,0.0
det,19.4337,1193.64,766.48,128.74,315.63,0.862,Body
det,19.4337,1238.31,768.16,39.9,53.52,0.7,Head
err,19.4646,-4.02,-1.67
dbg,19.4646,-4.0,0.0,-1.7,0.0
det,19.4646,1214.13,765.68,126.24,319.03,0.848,Body
det,19.4646,1255.25,767.84,41.47,55.44,0.711,Head
err,19.5015,43.19,-0.12
dbg,19.5015,43.2,0.0,-0.1,0.0
det,19.5015,1260.4,767.12,120.45,325.02,0.865,Body
det,19.5015,1302.59,768.97,41.2,56.21,0.667,Head
err,19.5347,46.32,-3.01
dbg,19.5347,46.3,0.0,-3.0,0.0
det,19.5347,1261.88,763.99,125.99,329.85,0.882,Body
det,19.5347,1304.86,767.88,42.93,52.94,0.72,Head
err,19.566,46.88,-3.56
dbg,19.566,46.9,0.0,-3.6,0.0
det,19.566,1260.74,763.51,129.67,330.97,0.889,Body
det,19.566,1303.79,767.58,46.18,52.47,0.689,Head
cmd,19.566,45,-3
err,19.6019,46.52,-3.62
dbg,19.6019,46.5,0.0,-3.6,0.0
det,19.6019,1260.65,763.16,129.89,331.46,0.889,Body
det,19.6019,1303.43,767.32,46.18,52.84,0.697,Head
err,19.6348,46.24,-3.87
dbg,19.6348,46.2,0.0,-3.9,0.0
det,19.6348,1260.51,762.55,129.97,332.12,0.888,Body
det,19.6348,1302.72,766.91,47.04,53.13,0.7,Head
err,19.666,12.96,-1.25
dbg,19.666,13.0,0.0,-1.3,0.0
det,19.666,1226.38,766.35,133.16,331.42,0.89,Body
det,19.666,1269.37,771.19,47.18,50.1,0.738,Head
err,19.699,12.89,-1.61
dbg,19.699,12.9,0.0,-1.6,0.0
det,19.699,1226.42,766.22,132.9,331.51,0.891,Body
det,19.699,1269.29,770.96,47.21,49.87,0.739,Head
err,19.7316,12.83,-1.6
dbg,19.7316,12.8,0.0,-1.6,0.0
det,19.7316,1226.42,766.25,132.36,331.24,0.892,Body
det,19.7316,1269.19,771.0,47.27,49.81,0.744,Head
cmd,19.7316,16,-2
err,19.7634,15.76,-0.07
dbg,19.7634,15.8,0.0,-0.1,0.0
det,19.7634,1227.66,765.13,132.87,329.28,0.882,Body
det,19.7634,1270.97,769.58,49.59,55.19,0.72,Head
err,19.7976,18.68,3.06
dbg,19.7976,18.7,0.0,3.1,0.0
det,19.7976,1229.75,763.41,136.55,329.36,0.888,Body
det,19.7976,1271.33,771.04,54.71,58.21,0.688,Head
err,19.8341,25.82,4.17
dbg,19.8341,25.8,0.0,4.2,0.0
det,19.8341,1226.65,771.77,155.47,316.24,0.876,Body
det,19.8341,1285.0,775.53,41.64,52.08,0.67,Head
err,19.8651,42.35,5.78
dbg,19.8651,42.3,0.0,5.8,0.0
det,19.8651,1242.52,771.1,153.9,314.79,0.875,Body
det,19.8651,1300.66,778.04,43.37,50.43,0.7,Head
err,19.8998,63.47,6.74
dbg,19.8998,63.5,0.0,6.7,0.0
det,19.8998,1268.59,774.18,149.4,313.3,0.849,Body
det,19.8998,1321.61,777.23,43.72,53.66,0.721,Head
cmd,19.8998,45,5
err,19.9328,88.58,8.64
dbg,19.9328,88.6,0.0,8.6,0.0
det,19.9328,1299.01,768.87,132.5,316.98,0.872,Body
det,19.9328,1350.13,779.4,36.89,53.17,0.714,Head
err,19.9651,114.95,9.62
dbg,19.9651,114.9,0.0,9.6,0.0
det,19.9651,1329.99,775.74,128.0,307.55,0.816,Body
det,19.9651,1378.58,780.65,32.73,52.68,0.556,Head
err,19.9982,143.59,7.92
dbg,19.9982,143.6,0.0,7.9,0.0
det,19.9982,1363.37,776.51,111.91,311.06,0.645,Body
det,19.9982,1407.24,779.88,32.69,50.99,0.555,Head
err,20.033,131.4,3.51
dbg,20.033,131.4,0.0,3.5,0.0
det,20.033,1346.29,776.02,101.07,295.65,0.851,Body
det,20.033,1394.98,777.23,32.84,47.8,0.635,Head
err,20.0648,125.35,2.62
dbg,20.0648,125.4,0.0,2.6,0.0
det,20.0648,1323.47,774.97,133.93,296.76,0.851,Body
det,20.0648,1388.02,776.43,34.66,47.62,0.719,Head
cmd,20.0648,45,1
err,20.0975,111.27,-2.95
dbg,20.0975,111.3,0.0,-3.0,0.0
det,20.0975,1304.22,765.8,146.93,301.15,0.848,Body
det,20.0975,1370.21,768.93,42.11,51.13,0.759,Head
err,20.1314,101.2,-6.4
dbg,20.1314,101.2,0.0,-6.4,0.0
det,20.1314,1305.84,765.46,128.0,287.83,0.86,Body
det,20.1314,1362.96,767.09,36.47,48.2,0.732,Head
err,20.1637,63.98,-12.98
dbg,20.1637,64.0,0.0,-13.0,0.0
det,20.1637,1277.75,755.79,125.64,304.45,0.803,Body
det,20.1637,1325.65,758.79,36.67,51.32,0.566,Head
err,20.1978,74.51,-13.16
dbg,20.1978,74.5,0.0,-13.2,0.0
det,20.1978,1289.39,756.85,124.83,301.04,0.815,Body
det,20.1978,1339.05,759.0,30.9,50.61,0.529,Head
err,20.2295,80.69,-10.97
dbg,20.2295,80.7,0.0,-11.0,0.0
det,20.2295,1293.03,753.14,126.07,305.51,0.822,Body
det,20.2295,1341.07,758.66,39.24,55.22,0.491,Head
cmd,20.2295,45,-6
err,20.2633,81.4,-11.31
dbg,20.2633,81.4,0.0,-11.3,0.0
det,20.2633,1292.1,753.32,128.28,306.23,0.816,Body
det,20.2633,1341.33,759.2,40.15,53.61,0.732,Head
err,20.2958,81.2,-12.88
dbg,20.2958,81.2,0.0,-12.9,0.0
det,20.2958,1291.57,754.24,132.12,303.44,0.861,Body
det,20.2958,1341.83,758.88,38.74,51.35,0.742,Head
err,20.3303,45.05,-9.05
dbg,20.3303,45.1,0.0,-9.0,0.0
det,20.3303,1259.23,758.18,141.03,300.59,0.879,Body
det,20.3303,1305.12,763.54,39.86,49.84,0.699,Head
err,20.3676,45.15,-11.31
dbg,20.3676,45.2,0.0,-11.3,0.0
det,20.3676,1254.61,760.12,148.8,296.84,0.864,Body
det,20.3676,1305.13,762.0,40.04,48.51,0.739,Head
err,20.3998,40.97,-12.68
dbg,20.3998,41.0,0.0,-12.7,0.0
det,20.3998,1248.94,754.42,143.43,305.67,0.877,Body
det,20.3998,1299.35,759.69,43.24,50.25,0.656,Head
cmd,20.3998,43,-13
err,20.4442,41.13,-11.66
dbg,20.4442,41.1,0.0,-11.7,0.0
det,20.4442,1242.2,753.24,141.54,310.2,0.887,Body
det,20.4442,1298.28,759.51,45.7,52.43,0.554,Head
err,20.4922,7.71,-3.86
dbg,20.4922,7.7,0.0,-3.9,0.0
det,20.4922,1212.95,768.01,139.37,307.73,0.896,Body
det,20.4922,1265.78,769.45,43.87,48.53,0.727,Head
err,20.5319,7.65,-3.85
dbg,20.5319,7.6,0.0,-3.9,0.0
det,20.5319,1213.25,768.04,139.05,307.66,0.895,Body
det,20.5319,1265.95,769.51,43.39,48.44,0.728,Head
err,20.5638,7.68,-3.72
dbg,20.5638,7.7,0.0,-3.7,0.0
det,20.5638,1210.17,762.83,138.0,311.29,0.882,Body
det,20.5638,1262.77,769.07,49.84,49.47,0.721,Head
err,20.5989,-5.74,-2.11
dbg,20.5989,-5.7,0.0,-2.1,0.0
det,20.5989,1196.89,761.14,137.41,313.61,0.898,Body
det,20.5989,1254.55,770.36,39.43,50.05,0.647,Head
err,20.6303,-21.3,0.79
dbg,20.6303,-21.3,0.0,0.8,0.0
det,20.6303,1181.54,769.08,140.26,305.53,0.888,Body
det,20.6303,1240.23,773.54,36.95,49.55,0.591,Head
cmd,20.6303,-27,1
err,20.6636,-41.46,2.09
dbg,20.6636,-41.5,0.0,2.1,0.0
det,20.6636,1156.18,772.0,150.25,303.31,0.911,Body
det,20.6636,1220.32,774.66,36.43,49.88,0.741,Head
err,20.6965,-61.93,3.39
dbg,20.6965,-61.9,0.0,3.4,0.0
det,20.6965,1116.91,773.35,179.75,303.02,0.903,Body
det,20.6965,1196.87,775.74,42.4,50.28,0.723,Head
err,20.7317,-86.46,3.89
dbg,20.7317,-86.5,0.0,3.9,0.0
det,20.7317,1076.95,775.2,212.21,301.3,0.918,Body
det,20.7317,1173.78,778.08,39.52,46.92,0.73,Head
err,20.7646,-92.24,2.84
dbg,20.7646,-92.2,0.0,2.8,0.0
det,20.7646,1063.68,776.31,239.58,296.94,0.919,Body
det,20.7646,1168.1,776.27,39.32,48.31,0.761,Head
err,20.7959,-119.83,3.13
dbg,20.7959,-119.8,0.0,3.1,0.0
det,20.7959,1032.06,778.84,254.56,300.41,0.928,Body
det,20.7959,1141.99,777.32,36.38,46.92,0.718,Head
cmd,20.7959,-45,1
err,20.8305,-141.88,1.59
dbg,20.8305,-141.9,0.0,1.6,0.0
det,20.8305,1012.66,779.18,267.86,296.85,0.905,Body
det,20.8305,1119.72,775.37,36.8,47.69,0.754,Head
det,20.8305,1078.89,774.32,123.94,117.08,0.451,Body
err,20.8661,-136.93,-0.68
dbg,20.8661,-136.9,0.0,-0.7,0.0
det,20.8661,1026.12,771.1,256.8,303.81,0.923,Body
det,20.8661,1123.87,770.96,38.39,51.56,0.729,Head
err,20.9004,-87.31,-3.58
dbg,20.9004,-87.3,0.0,-3.6,0.0
det,20.9004,1090.8,763.64,229.52,306.25,0.921,Body
det,20.9004,1169.99,766.87,45.4,53.72,0.658,Head
err,20.9331,-71.96,-2.62
dbg,20.9331,-72.0,0.0,-2.6,0.0
det,20.9331,1143.97,765.81,148.52,301.91,0.881,Body
det,20.9331,1188.34,769.1,39.39,51.42,0.725,Head
err,20.9654,-64.66,-3.54
dbg,20.9654,-64.7,0.0,-3.5,0.0
det,20.9654,1155.96,766.77,136.31,308.74,0.773,Body
det,20.9654,1193.45,768.11,43.78,51.54,0.638,Head
cmd,20.9654,-45,-2
err,20.9991,-71.33,-5.2
dbg,20.9991,-71.3,0.0,-5.2,0.0
det,20.9991,1146.21,765.23,135.86,304.64,0.794,Body
det,20.9991,1188.78,765.6,39.78,53.1,0.66,Head
err,21.0321,-73.92,-3.85
dbg,21.0321,-73.9,0.0,-3.8,0.0
det,21.0321,1139.78,757.44,133.44,317.07,0.842,Body
det,21.0321,1184.09,765.42,43.99,55.88,0.709,Head
err,21.0625,-71.73,-3.5
dbg,21.0625,-71.7,0.0,-3.5,0.0
det,21.0625,1148.37,762.22,126.34,310.69,0.856,Body
det,21.0625,1189.53,766.62,37.48,54.31,0.692,Head
err,21.0967,-71.1,-3.61
dbg,21.0967,-71.1,0.0,-3.6,0.0
det,21.0967,1148.05,760.15,127.65,313.75,0.845,Body
det,21.0967,1188.0,765.55,41.8,56.07,0.632,Head
err,21.1291,-33.24,-1.03
dbg,21.1291,-33.2,0.0,-1.0,0.0
det,21.1291,1183.54,764.67,129.91,315.63,0.834,Body
det,21.1291,1225.5,768.74,42.52,54.96,0.62,Head
cmd,21.1291,-42,-1
err,21.1628,-29.76,-3.78
dbg,21.1628,-29.8,0.0,-3.8,0.0
det,21.1628,1182.13,764.93,141.39,323.07,0.855,Body
det,21.1628,1227.95,766.29,44.58,54.42,0.709,Head
err,21.1954,-25.72,-5.44
dbg,21.1954,-25.7,0.0,-5.4,0.0
det,21.1954,1187.82,765.84,137.43,327.99,0.832,Body
det,21.1954,1233.51,767.04,41.54,50.03,0.694,Head
err,21.2297,8.15,-5.96
dbg,21.2297,8.2,0.0,-6.0,0.0
det,21.2297,1224.18,763.44,122.6,325.71,0.876,Body
det,21.2297,1269.63,766.8,37.05,49.51,0.648,Head
err,21.2627,9.09,-7.29
dbg,21.2627,9.1,0.0,-7.3,0.0
det,21.2627,1222.08,761.42,133.44,328.54,0.874,Body
det,21.2627,1269.76,765.38,38.66,49.7,0.638,Head
err,21.2956,8.95,-7.32
dbg,21.2956,8.9,0.0,-7.3,0.0
det,21.2956,1222.23,761.63,133.52,328.17,0.874,Body
det,21.2956,1269.82,765.53,38.26,49.37,0.646,Head
cmd,21.2956,11,-9
err,21.3299,9.0,-7.25
dbg,21.3299,9.0,0.0,-7.3,0.0
det,21.3299,1222.22,761.38,134.19,328.42,0.873,Body
det,21.3299,1269.91,765.54,38.17,49.46,0.648,Head
err,21.3636,8.92,-7.04
dbg,21.3636,8.9,0.0,-7.0,0.0
det,21.3636,1222.21,761.89,133.29,327.92,0.873,Body
det,21.3636,1270.02,765.85,37.81,49.3,0.64,Head
err,21.3988,-0.33,0.97
dbg,21.3988,8.9,0.0,-7.0,0.0
det,21.3988,1212.87,767.08,131.5,331.14,0.891,Body
det,21.3988,1260.37,772.7,38.6,51.41,0.738,Head
err,21.4313,-0.45,0.94
dbg,21.4313,8.9,0.0,-7.0,0.0
det,21.4313,1212.93,767.02,130.4,331.24,0.885,Body
det,21.4313,1260.14,772.63,38.82,51.46,0.738,Head
err,21.4641,-0.5,0.96
dbg,21.4641,8.9,0.0,-7.0,0.0
det,21.4641,1212.81,767.12,130.32,331.05,0.883,Body
det,21.4641,1260.04,772.68,38.94,51.42,0.737,Head
err,21.4978,-0.41,1.02
dbg,21.4978,8.9,0.0,-7.0,0.0
det,21.4978,1212.85,767.08,130.88,331.05,0.887,Body
det,21.4978,1260.21,772.67,38.75,51.55,0.736,Head
err,21.5346,-0.41,0.93
dbg,21.5346,8.9,0.0,-7.0,0.0
det,21.5346,1212.81,766.88,130.21,331.45,0.884,Body
det,21.5346,1260.28,772.57,38.63,51.57,0.734,Head
err,21.5664,-2.37,1.1
dbg,21.5664,-2.4,0.0,1.1,0.0
det,21.5664,1211.89,768.02,129.87,330.05,0.889,Body
det,21.5664,1258.21,772.58,38.84,51.85,0.752,Head
err,21.6014,-2.37,1.07
dbg,21.6014,-2.4,0.0,1.1,0.0
det,21.6014,1211.7,767.95,129.73,330.01,0.889,Body
det,21.6014,1258.03,772.5,39.2,51.95,0.752,Head
err,21.6336,-6.9,3.97
dbg,21.6336,-6.9,0.0,4.0,0.0
det,21.6336,1207.26,769.39,125.3,329.11,0.881,Body
det,21.6336,1253.69,773.61,38.82,55.2,0.74,Head
err,21.6651,-23.15,3.51
dbg,21.6651,-23.2,0.0,3.5,0.0
det,21.6651,1188.03,763.42,130.43,338.98,0.872,Body
det,21.6651,1235.51,773.62,42.67,54.33,0.704,Head
cmd,21.6651,-29,4
err,21.6972,-33.64,2.59
dbg,21.6972,-33.6,0.0,2.6,0.0
det,21.6972,1178.55,767.63,131.36,332.4,0.886,Body
det,21.6972,1224.88,773.01,42.95,53.79,0.726,Head
err,21.7302,-37.47,3.52
dbg,21.7302,-37.5,0.0,3.5,0.0
det,21.7302,1176.01,770.1,125.62,328.74,0.893,Body
det,21.7302,1222.56,773.2,39.93,55.12,0.715,Head
err,21.7635,-34.81,2.19
dbg,21.7635,-34.8,0.0,2.2,0.0
det,21.7635,1178.35,767.72,131.66,330.51,0.891,Body
det,21.7635,1223.41,773.27,43.56,52.58,0.731,Head
err,21.7972,-3.98,1.79
dbg,21.7972,-4.0,0.0,1.8,0.0
det,21.7972,1206.59,767.32,139.08,321.79,0.87,Body
det,21.7972,1252.98,771.38,46.09,55.29,0.739,Head
err,21.8316,11.19,3.98
dbg,21.8316,11.2,0.0,4.0,0.0
det,21.8316,1225.46,771.57,134.45,312.86,0.879,Body
det,21.8316,1273.09,775.23,36.19,52.26,0.681,Head
cmd,21.8316,14,5
err,21.8631,28.67,5.58
dbg,21.8631,28.7,0.0,5.6,0.0
det,21.8631,1244.48,770.11,124.99,313.21,0.867,Body
det,21.8631,1288.97,776.84,39.4,52.26,0.69,Head
err,21.8972,48.91,2.89
dbg,21.8972,48.9,0.0,2.9,0.0
det,21.8972,1263.04,765.04,124.67,317.35,0.822,Body
det,21.8972,1308.07,775.38,41.7,50.02,0.707,Head
err,21.9299,75.66,3.36
dbg,21.9299,75.7,0.0,3.4,0.0
det,21.9299,1290.45,772.13,129.65,309.61,0.789,Body
det,21.9299,1339.1,776.39,33.12,49.03,0.65,Head
err,21.9621,82.38,1.02
dbg,21.9621,82.4,0.0,1.0,0.0
det,21.9621,1297.23,768.21,131.65,310.43,0.827,Body
det,21.9621,1341.61,772.93,41.54,51.06,0.75,Head
err,21.9966,94.27,1.46
dbg,21.9966,94.3,0.0,1.5,0.0
det,21.9966,1302.28,768.33,128.56,308.07,0.825,Body
det,21.9966,1355.91,773.64,36.72,50.58,0.732,Head
cmd,21.9966,45,1
err,22.03,99.38,0.97
dbg,22.03,99.4,0.0,1.0,0.0
det,22.03,1302.28,790.49,137.83,287.21,0.851,Body
det,22.03,1361.09,775.61,36.58,46.09,0.572,Head
err,22.064,81.29,-0.23
dbg,22.064,81.3,0.0,-0.2,0.0
det,22.064,1284.86,765.85,146.55,312.68,0.845,Body
det,22.064,1341.99,774.59,38.6,45.79,0.768,Head
err,22.0971,27.95,-5.71
dbg,22.0971,27.9,0.0,-5.7,0.0
det,22.0971,1246.61,762.47,124.41,311.89,0.848,Body
det,22.0971,1289.14,767.87,37.63,48.04,0.718,Head
err,22.1309,-61.04,-14.04
dbg,22.1309,-61.0,0.0,-14.0,0.0
det,22.1309,1198.42,758.43,41.07,50.04,0.724,Head
det,22.1309,1175.1,871.38,118.88,200.23,0.702,Body
err,22.1624,-101.28,-21.6
dbg,22.1624,-101.3,0.0,-21.6,0.0
det,22.1624,1117.6,746.35,128.64,317.96,0.846,Body
det,22.1624,1158.37,750.85,40.7,50.09,0.723,Head
cmd,22.1624,-44,-9
err,22.1966,-116.77,-26.14
dbg,22.1966,-116.8,0.0,-26.1,0.0
det,22.1966,1096.64,736.02,130.04,328.24,0.873,Body
det,22.1966,1144.45,747.74,37.57,47.48,0.692,Head
err,22.2293,-117.21,-27.25
dbg,22.2293,-117.2,0.0,-27.3,0.0
det,22.2293,1093.51,735.31,132.62,332.56,0.882,Body
det,22.2293,1144.44,747.12,36.69,46.6,0.738,Head
err,22.2644,-84.1,-20.73
dbg,22.2644,-84.1,0.0,-20.7,0.0
det,22.2644,1125.96,748.2,133.69,324.82,0.888,Body
det,22.2644,1178.57,752.54,34.65,48.61,0.705,Head
err,22.2972,-84.18,-20.81
dbg,22.2972,-84.2,0.0,-20.8,0.0
det,22.2972,1125.79,747.82,133.56,325.24,0.888,Body
det,22.2972,1178.31,752.5,35.04,48.51,0.702,Head
err,22.3328,-84.36,-20.58
dbg,22.3328,-84.4,0.0,-20.6,0.0
det,22.3328,1125.77,747.96,133.53,325.15,0.887,Body
det,22.3328,1177.9,752.48,35.48,48.98,0.714,Head
cmd,22.3328,-44,-11
err,22.3642,-84.31,-20.46
dbg,22.3642,-84.3,0.0,-20.5,0.0
det,22.3642,1125.88,748.32,133.58,324.78,0.887,Body
det,22.3642,1178.4,752.52,34.58,49.13,0.72,Head
err,22.4,-84.57,-20.53
dbg,22.4,-84.6,0.0,-20.5,0.0
det,22.4,1126.02,748.89,133.53,324.03,0.887,Body
det,22.4,1178.03,752.41,34.8,49.2,0.737,Head
err,22.432,-51.9,-12.97
dbg,22.432,-51.9,0.0,-13.0,0.0
det,22.432,1157.94,758.02,135.23,322.53,0.883,Body
det,22.432,1210.8,761.16,34.6,47.03,0.732,Head
err,22.4639,-52.25,-12.96
dbg,22.4639,-52.3,0.0,-13.0,0.0
det,22.4639,1157.89,758.28,135.3,322.34,0.883,Body
det,22.4639,1210.26,761.33,34.98,46.75,0.735,Head
err,22.498,-52.32,-12.91
dbg,22.498,-52.3,0.0,-12.9,0.0
det,22.498,1158.0,758.33,134.77,322.2,0.884,Body
det,22.498,1210.26,761.37,34.84,46.75,0.73,Head
cmd,22.498,-44,-11
err,22.5301,-44.86,-13.19
dbg,22.5301,-44.9,0.0,-13.2,0.0
det,22.5301,1162.88,758.71,131.31,321.32,0.889,Body
det,22.5301,1217.33,760.65,35.62,47.55,0.685,Head
err,22.5638,-37.43,-12.76
dbg,22.5638,-37.4,0.0,-12.8,0.0
det,22.5638,1170.51,757.7,133.63,322.88,0.884,Body
det,22.5638,1224.72,760.96,35.68,47.78,0.729,Head
err,22.598,1.63,-5.17
dbg,22.598,1.6,0.0,-5.2,0.0
det,22.598,1214.81,766.39,130.8,321.61,0.88,Body
det,22.598,1263.94,770.15,35.37,44.88,0.708,Head
err,22.6336,3.53,-4.26
dbg,22.6336,3.5,0.0,-4.3,0.0
det,22.6336,1214.94,763.21,136.08,324.71,0.883,Body
det,22.6336,1265.15,769.35,36.76,47.99,0.701,Head
err,22.6657,3.48,-4.32
dbg,22.6657,3.5,0.0,-4.3,0.0
det,22.6657,1215.14,763.46,135.78,324.35,0.88,Body
det,22.6657,1265.23,769.39,36.5,47.8,0.689,Head
err,22.6989,3.32,-4.02
dbg,22.6989,3.3,0.0,-4.0,0.0
det,22.6989,1214.97,763.16,135.96,324.74,0.884,Body
det,22.6989,1264.73,769.89,37.18,47.44,0.687,Head
err,22.7307,3.56,-4.22
dbg,22.7307,3.6,0.0,-4.2,0.0
det,22.7307,1215.25,763.32,135.4,324.5,0.886,Body
det,22.7307,1265.57,769.39,35.96,47.98,0.692,Head
err,22.7636,3.37,-4.03
dbg,22.7636,3.4,0.0,-4.0,0.0
det,22.7636,1215.19,763.02,135.89,324.84,0.884,Body
det,22.7636,1265.24,769.68,36.27,47.8,0.681,Head
err,22.7987,7.62,-3.86
dbg,22.7987,7.6,0.0,-3.9,0.0
det,22.7987,1221.21,765.17,136.7,322.24,0.883,Body
det,22.7987,1269.41,769.52,36.44,48.4,0.745,Head
err,22.8317,20.61,-3.16
dbg,22.8317,20.6,0.0,-3.2,0.0
det,22.8317,1233.48,763.62,133.69,322.53,0.89,Body
det,22.8317,1279.31,767.82,42.61,52.76,0.763,Head
cmd,22.8317,26,-4
err,22.8645,18.02,-3.45
dbg,22.8645,18.0,0.0,-3.5,0.0
det,22.8645,1231.46,765.5,128.08,321.04,0.896,Body
det,22.8645,1277.17,768.6,41.69,50.82,0.754,Head
err,22.8972,8.53,-3.1
dbg,22.8972,8.5,0.0,-3.1,0.0
det,22.8972,1217.46,766.24,135.81,319.94,0.89,Body
det,22.8972,1269.91,770.86,37.24,47.33,0.749,Head
err,22.9339,-7.49,-1.23
dbg,22.9339,-7.5,0.0,-1.2,0.0
det,22.9339,1191.05,765.89,148.88,320.54,0.905,Body
det,22.9339,1252.43,769.46,40.16,53.28,0.7,Head
err,22.9664,-29.39,1.27
dbg,22.9664,-29.4,0.0,1.3,0.0
det,22.9664,1153.96,769.23,174.61,316.72,0.91,Body
det,22.9664,1226.63,773.24,47.95,50.95,0.709,Head
err,22.9968,-48.3,2.52
dbg,22.9968,-48.3,0.0,2.5,0.0
det,22.9968,1119.32,775.91,203.66,310.86,0.93,Body
det,22.9968,1212.29,774.39,38.82,51.13,0.744,Head
cmd,22.9968,-45,2
err,23.0299,-79.16,7.09
dbg,23.0299,-79.2,0.0,7.1,0.0
det,23.0299,1073.82,778.72,225.42,310.19,0.92,Body
det,23.0299,1181.16,779.32,39.36,50.48,0.731,Head
err,23.0637,-85.19,6.58
dbg,23.0637,-85.2,0.0,6.6,0.0
det,23.0637,1064.52,777.9,233.96,310.79,0.923,Body
det,23.0637,1175.57,779.14,38.49,49.9,0.698,Head
err,23.0999,-51.25,7.74
dbg,23.0999,-51.2,0.0,7.7,0.0
det,23.0999,1097.23,779.91,240.08,306.27,0.936,Body
det,23.0999,1211.69,779.56,34.13,51.25,0.585,Head
err,23.1327,-38.57,5.17
dbg,23.1327,-38.6,0.0,5.2,0.0
det,23.1327,1115.88,777.8,232.1,308.81,0.913,Body
det,23.1327,1223.56,776.53,35.74,52.07,0.658,Head
err,23.1669,17.5,-3.37
dbg,23.1669,17.5,0.0,-3.4,0.0
det,23.1669,1200.51,765.8,188.26,317.93,0.891,Body
det,23.1669,1275.59,768.96,43.81,50.31,0.738,Head
cmd,23.1669,22,-4
err,23.2009,74.74,-4.96
dbg,23.2009,74.7,0.0,-5.0,0.0
det,23.2009,1271.91,760.87,154.52,323.58,0.892,Body
det,23.2009,1335.95,767.57,37.59,49.95,0.636,Head
err,23.2343,85.89,-3.75
dbg,23.2343,85.9,0.0,-3.7,0.0
det,23.2343,1295.13,763.25,128.36,325.59,0.883,Body
det,23.2343,1347.55,768.7,36.69,50.09,0.705,Head
err,23.2674,88.41,-3.26
dbg,23.2674,88.4,0.0,-3.3,0.0
det,23.2674,1297.81,762.42,129.43,328.89,0.865,Body
det,23.2674,1349.82,767.88,37.18,52.46,0.662,Head
err,23.2991,88.82,-2.66
dbg,23.2991,88.8,0.0,-2.7,0.0
det,23.2991,1298.9,763.08,127.13,330.43,0.867,Body
det,23.2991,1350.67,768.17,36.29,53.03,0.671,Head
err,23.3304,88.93,-3.12
dbg,23.3304,88.9,0.0,-3.1,0.0
det,23.3304,1299.46,762.63,125.64,330.88,0.868,Body
det,23.3304,1350.91,767.41,36.05,53.59,0.668,Head
cmd,23.3304,45,-2
err,23.3632,88.98,-2.82
dbg,23.3632,89.0,0.0,-2.8,0.0
det,23.3632,1299.36,762.62,126.7,330.89,0.864,Body
det,23.3632,1350.86,767.36,36.24,54.22,0.675,Head
err,23.397,88.8,-2.62
dbg,23.397,88.8,0.0,-2.6,0.0
det,23.397,1299.39,762.87,126.64,330.68,0.866,Body
det,23.397,1350.73,767.48,36.14,54.37,0.677,Head
err,23.4304,55.91,-1.23
dbg,23.4304,55.9,0.0,-1.2,0.0
det,23.4304,1265.9,761.53,124.58,333.98,0.886,Body
det,23.4304,1316.74,769.01,38.34,54.11,0.71,Head
err,23.4631,55.82,-1.31
dbg,23.4631,55.8,0.0,-1.3,0.0
det,23.4631,1266.46,761.84,123.95,333.47,0.887,Body
det,23.4631,1317.11,769.21,37.43,53.59,0.709,Head
err,23.4973,47.62,-3.33
dbg,23.4973,47.6,0.0,-3.3,0.0
det,23.4973,1259.91,764.37,128.87,329.59,0.891,Body
det,23.4973,1310.82,768.76,33.6,50.73,0.716,Head
cmd,23.4973,45,-3
err,23.5339,37.32,-1.41
dbg,23.5339,37.3,0.0,-1.4,0.0
det,23.5339,1249.8,765.29,125.32,329.1,0.893,Body
det,23.5339,1299.45,769.46,35.74,52.96,0.664,Head
err,23.5669,19.53,-1.16
dbg,23.5669,19.5,0.0,-1.2,0.0
det,23.5669,1231.4,762.38,127.94,330.63,0.882,Body
det,23.5669,1276.56,767.97,45.93,56.14,0.743,Head
err,23.5998,-26.53,-2.82
dbg,23.5998,-26.5,0.0,-2.8,0.0
det,23.5998,1181.82,763.22,129.63,329.84,0.883,Body
det,23.5998,1234.83,769.46,37.28,50.39,0.65,Head
err,23.6317,-28.89,-3.45
dbg,23.6317,-28.9,0.0,-3.4,0.0
det,23.6317,1181.06,763.11,129.15,330.24,0.888,Body
det,23.6317,1231.93,769.18,38.36,49.78,0.731,Head
err,23.6648,-28.81,-3.5
dbg,23.6648,-28.8,0.0,-3.5,0.0
det,23.6648,1180.92,763.09,129.26,330.3,0.887,Body
det,23.6648,1231.98,769.16,38.42,49.7,0.731,Head
cmd,23.6648,-37,-4
err,23.7,-30.17,-2.86
dbg,23.7,-30.2,0.0,-2.9,0.0
det,23.7,1179.66,762.94,129.49,331.29,0.885,Body
det,23.7,1231.49,768.04,36.67,52.91,0.689,Head
err,23.7357,-36.84,0.16
dbg,23.7357,-36.8,0.0,0.2,0.0
det,23.7357,1168.31,764.25,134.48,330.78,0.892,Body
det,23.7357,1223.65,768.67,39.01,57.25,0.612,Head
err,23.7694,-22.19,4.74
dbg,23.7694,-22.2,0.0,4.7,0.0
det,23.7694,1172.34,764.98,151.54,333.76,0.894,Body
det,23.7694,1236.03,774.81,43.56,54.42,0.626,Head
err,23.8011,-41.98,4.82
dbg,23.8011,-42.0,0.0,4.8,0.0
det,23.8011,1146.51,772.11,172.13,326.73,0.912,Body
det,23.8011,1215.43,774.97,45.19,54.27,0.658,Head
err,23.8345,-64.12,5.52
dbg,23.8345,-64.1,0.0,5.5,0.0
det,23.8345,1110.73,774.73,198.06,320.81,0.91,Body
det,23.8345,1194.48,775.5,42.8,54.58,0.708,Head
cmd,23.8345,-45,4
err,23.8667,-87.32,8.28
dbg,23.8667,-87.3,0.0,8.3,0.0
det,23.8667,1068.62,777.85,227.31,320.59,0.919,Body
det,23.8667,1173.15,779.6,39.07,52.15,0.716,Head
err,23.8986,-116.55,10.92
dbg,23.8986,-116.5,0.0,10.9,0.0
det,23.8986,1037.61,782.53,241.77,319.52,0.915,Body
det,23.8986,1142.58,782.91,41.74,50.92,0.692,Head
err,23.9328,-114.4,8.94
dbg,23.9328,-114.4,0.0,8.9,0.0
det,23.9328,1046.01,780.26,243.27,308.14,0.918,Body
det,23.9328,1145.37,780.67,40.47,51.4,0.727,Head
err,23.9695,-145.82,7.39
dbg,23.9695,-145.8,0.0,7.4,0.0
det,23.9695,1021.62,781.81,244.07,304.29,0.931,Body
det,23.9695,1115.19,780.84,37.96,48.28,0.762,Head
err,24.2827,-157.74,-11.12
dbg,24.2827,-157.7,0.0,-11.1,0.0
det,24.2827,1056.81,757.93,130.9,309.5,0.872,Body
det,24.2827,1091.38,762.62,38.07,49.33,0.689,Head
cmd,24.2827,-45,-3
err,24.3202,-155.89,-10.3
dbg,24.3202,-155.9,0.0,-10.3,0.0
det,24.3202,1075.0,758.29,118.63,317.44,0.818,Body
det,24.3202,1104.17,762.67,39.88,49.16,0.748,Head
err,24.3598,-125.07,-11.64
dbg,24.3598,-125.1,0.0,-11.6,0.0
det,24.3598,1101.26,757.69,122.21,319.77,0.826,Body
det,24.3598,1136.2,761.22,37.45,49.35,0.757,Head
err,24.3979,-53.92,-8.79
dbg,24.3979,-53.9,0.0,-8.8,0.0
det,24.3979,1176.2,762.3,113.31,318.18,0.886,Body
det,24.3979,1211.39,766.58,29.38,44.79,0.767,Head
err,24.4322,-39.52,-6.39
dbg,24.4322,-39.5,0.0,-6.4,0.0
det,24.4322,1189.97,765.33,111.78,317.91,0.867,Body
det,24.4322,1224.99,768.06,30.98,46.47,0.774,Head
err,24.4642,-38.46,-6.28
dbg,24.4642,-38.5,0.0,-6.3,0.0
det,24.4642,1190.69,766.76,115.2,318.07,0.868,Body
det,24.4642,1226.04,767.92,30.99,46.89,0.774,Head
cmd,24.4642,-44,-7
err,24.4973,-38.47,-6.56
dbg,24.4973,-38.5,0.0,-6.6,0.0
det,24.4973,1191.08,764.54,115.0,319.1,0.867,Body
det,24.4973,1225.95,767.92,31.15,46.41,0.774,Head
err,24.5299,-38.57,-6.05
dbg,24.5299,-38.6,0.0,-6.0,0.0
det,24.5299,1191.09,764.37,115.24,319.28,0.866,Body
det,24.5299,1225.77,767.91,31.34,47.36,0.773,Head
err,24.5637,-5.27,-1.32
dbg,24.5637,-5.3,0.0,-1.3,0.0
det,24.5637,1223.86,771.59,113.53,316.16,0.87,Body
det,24.5637,1259.78,774.0,29.9,44.86,0.77,Head
err,24.6002,-5.35,-1.28
dbg,24.6002,-5.4,0.0,-1.3,0.0
det,24.6002,1223.74,771.74,113.28,316.01,0.869,Body
det,24.6002,1259.7,774.08,29.9,44.8,0.77,Head
err,24.6331,-5.35,-1.33
dbg,24.6331,-5.4,0.0,-1.3,0.0
det,24.6331,1224.01,771.91,112.64,315.67,0.87,Body
det,24.6331,1259.94,774.15,29.41,44.57,0.771,Head
err,24.6645,-5.32,-1.58
dbg,24.6645,-5.3,0.0,-1.6,0.0
det,24.6645,1223.75,771.76,112.96,315.95,0.87,Body
det,24.6645,1259.89,774.02,29.59,44.36,0.766,Head
err,24.698,-5.29,-1.55
dbg,24.698,-5.3,0.0,-1.6,0.0
det,24.698,1223.61,771.49,113.36,316.25,0.87,Body
det,24.698,1259.61,773.81,30.2,44.79,0.764,Head
err,24.7306,-5.31,-1.63
dbg,24.7306,-5.3,0.0,-1.6,0.0
det,24.7306,1223.65,771.54,113.09,316.22,0.869,Body
det,24.7306,1259.73,773.87,29.91,44.53,0.762,Head
err,24.7642,-5.36,-1.63
dbg,24.7642,-5.4,0.0,-1.6,0.0
det,24.7642,1223.54,771.46,112.92,316.23,0.869,Body
det,24.7642,1259.58,773.82,30.11,44.64,0.763,Head
err,24.7981,-5.37,-1.66
dbg,24.7981,-5.4,0.0,-1.7,0.0
det,24.7981,1223.41,771.51,113.61,316.28,0.871,Body
det,24.7981,1259.7,773.84,29.86,44.53,0.762,Head
err,24.8315,-5.52,-1.95
dbg,24.8315,-5.5,0.0,-1.9,0.0
det,24.8315,1223.88,771.61,112.53,316.05,0.87,Body
det,24.8315,1259.62,773.82,29.72,44.07,0.765,Head
err,24.8646,-5.54,-2.06
dbg,24.8646,-5.5,0.0,-2.1,0.0
det,24.8646,1223.6,771.62,112.43,316.1,0.871,Body
det,24.8646,1259.6,773.8,29.72,43.9,0.759,Head
err,24.8979,-5.46,-2.06
dbg,24.8979,-5.5,0.0,-2.1,0.0
det,24.8979,1223.39,771.42,112.97,316.38,0.87,Body
det,24.8979,1259.26,773.61,30.56,44.24,0.758,Head
err,24.9306,-5.5,-2.16
dbg,24.9306,-5.5,0.0,-2.2,0.0
det,24.9306,1223.33,771.3,113.2,316.66,0.87,Body
det,24.9306,1259.12,773.52,30.77,44.23,0.757,Head
err,24.9634,-4.62,-2.48
dbg,24.9634,-4.6,0.0,-2.5,0.0
det,24.9634,1224.48,771.24,113.99,316.82,0.873,Body
det,24.9634,1261.28,773.75,28.2,43.22,0.744,Head
err,24.9973,-0.07,-0.82
dbg,24.9973,-4.6,0.0,-2.5,0.0
det,24.9973,1225.65,772.48,120.48,313.55,0.884,Body
det,24.9973,1265.16,775.09,29.54,43.81,0.746,Head
err,25.0316,9.96,0.72
dbg,25.0316,10.0,0.0,0.7,0.0
det,25.0316,1223.57,772.49,134.47,311.86,0.871,Body
det,25.0316,1271.57,774.91,36.78,46.93,0.749,Head
cmd,25.0316,13,1
err,25.0672,21.76,3.82
dbg,25.0672,21.8,0.0,3.8,0.0
det,25.0672,1225.66,773.75,151.61,308.2,0.89,Body
det,25.0672,1278.46,776.69,46.6,49.31,0.671,Head
err,25.1,44.76,6.53
dbg,25.1,44.8,0.0,6.5,0.0
det,25.1,1242.41,778.97,152.52,299.93,0.889,Body
det,25.1,1308.56,779.55,32.39,49.06,0.656,Head
err,25.1335,56.34,6.03
dbg,25.1335,56.3,0.0,6.0,0.0
det,25.1335,1262.84,774.11,139.73,303.91,0.88,Body
det,25.1335,1319.18,778.9,34.32,49.33,0.728,Head
err,25.1642,81.41,5.17
dbg,25.1642,81.4,0.0,5.2,0.0
det,25.1642,1296.88,770.84,126.56,308.6,0.875,Body
det,25.1642,1342.34,778.05,38.13,49.31,0.764,Head
err,25.1975,109.0,3.88
dbg,25.1975,109.0,0.0,3.9,0.0
det,25.1975,1332.95,775.63,122.36,304.97,0.867,Body
det,25.1975,1374.25,777.95,29.49,47.14,0.688,Head
cmd,25.1975,45,2
err,25.2332,139.32,3.67
dbg,25.2332,139.3,0.0,3.7,0.0
det,25.2332,1360.65,772.14,127.01,309.32,0.779,Body
det,25.2332,1402.86,776.71,32.93,49.03,0.646,Head
err,25.2661,159.24,5.2
dbg,25.2661,159.2,0.0,5.2,0.0
det,25.2661,1370.33,772.48,131.21,304.83,0.708,Body
det,25.2661,1421.38,776.59,35.71,52.02,0.63,Head
err,25.2975,122.45,1.52
dbg,25.2975,122.4,0.0,1.5,0.0
det,25.2975,1324.68,757.99,107.7,320.68,0.831,Body
det,25.2975,1384.82,773.19,35.24,51.51,0.703,Head
err,25.3316,109.12,-3.03
dbg,25.3316,109.1,0.0,-3.0,0.0
det,25.3316,1313.04,764.97,140.97,310.85,0.859,Body
det,25.3316,1372.2,768.59,33.85,51.61,0.752,Head
err,25.3643,92.89,-7.7
dbg,25.3643,92.9,0.0,-7.7,0.0
det,25.3643,1301.54,759.38,135.99,319.54,0.851,Body
det,25.3643,1352.03,765.31,41.72,49.08,0.746,Head
cmd,25.3643,45,-4
err,25.398,74.55,-11.23
dbg,25.398,74.5,0.0,-11.2,0.0
det,25.398,1286.31,757.77,134.83,321.26,0.842,Body
det,25.398,1336.8,759.96,35.5,52.39,0.646,Head
err,25.431,59.83,-9.46
dbg,25.431,59.8,0.0,-9.5,0.0
det,25.431,1274.14,761.27,136.85,316.74,0.836,Body
det,25.431,1321.8,762.75,36.06,50.53,0.67,Head
err,25.4654,44.55,-7.17
dbg,25.4654,44.5,0.0,-7.2,0.0
det,25.4654,1260.94,758.62,135.06,310.64,0.807,Body
det,25.4654,1307.09,762.58,34.91,55.0,0.581,Head
err,25.5024,-0.92,-9.78
dbg,25.5024,-0.9,0.0,-9.8,0.0
det,25.5024,1218.79,756.28,139.3,314.9,0.849,Body
det,25.5024,1260.22,760.36,37.72,54.29,0.726,Head
err,25.5358,-4.24,-10.7
dbg,25.5358,-4.2,0.0,-10.7,0.0
det,25.5358,1212.49,759.25,136.53,315.18,0.879,Body
det,25.5358,1256.75,760.55,38.02,52.27,0.72,Head
cmd,25.5358,-5,-14
err,25.5674,-3.16,-10.85
dbg,25.5674,-3.2,0.0,-10.8,0.0
det,25.5674,1211.42,755.02,129.83,324.53,0.881,Body
det,25.5674,1257.9,760.35,37.89,52.37,0.749,Head
err,25.6022,-5.94,-11.19
dbg,25.6022,-5.9,0.0,-11.2,0.0
det,25.6022,1208.52,754.06,127.29,327.65,0.882,Body
det,25.6022,1254.65,758.97,38.83,54.26,0.737,Head
err,25.6343,-0.59,-2.67
dbg,25.6343,-0.6,0.0,-2.7,0.0
det,25.6343,1213.9,766.35,132.92,326.6,0.898,Body
det,25.6343,1262.89,768.39,33.04,52.62,0.772,Head
err,25.6655,-1.29,-2.21
dbg,25.6655,-1.3,0.0,-2.2,0.0
det,25.6655,1214.01,765.88,132.83,326.76,0.897,Body
det,25.6655,1261.87,768.14,33.68,53.92,0.775,Head
err,25.6988,-6.7,-3.86
dbg,25.6988,-6.7,0.0,-3.9,0.0
det,25.6988,1207.52,764.89,129.42,328.79,0.885,Body
det,25.6988,1254.93,768.4,36.74,50.43,0.728,Head
err,25.7314,-16.96,-3.64
dbg,25.7314,-17.0,0.0,-3.6,0.0
det,25.7314,1194.29,764.6,135.22,326.87,0.887,Body
det,25.7314,1243.88,769.63,38.32,48.6,0.753,Head
cmd,25.7314,-22,-5
err,25.7669,-32.03,-1.28
dbg,25.7669,-32.0,0.0,-1.3,0.0
det,25.7669,1167.71,762.42,152.93,328.08,0.872,Body
det,25.7669,1226.11,768.6,43.72,54.77,0.723,Head
err,25.8018,-62.35,2.65
dbg,25.8018,-62.4,0.0,2.7,0.0
det,25.8018,1132.08,770.97,171.13,316.85,0.88,Body
det,25.8018,1208.84,775.66,33.91,46.08,0.49,Head
err,25.8349,-64.28,6.48
dbg,25.8349,-64.3,0.0,6.5,0.0
det,25.8349,1116.84,777.29,192.72,314.88,0.912,Body
det,25.8349,1196.62,780.16,38.2,47.85,0.746,Head
err,25.8661,-82.75,6.72
dbg,25.8661,-82.7,0.0,6.7,0.0
det,25.8661,1089.2,778.77,208.18,316.39,0.887,Body
det,25.8661,1178.29,779.72,37.93,49.08,0.728,Head
err,25.8982,-92.19,5.29
dbg,25.8982,-92.2,0.0,5.3,0.0
det,25.8982,1065.44,777.42,229.45,317.31,0.923,Body
det,25.8982,1167.96,778.65,39.71,48.44,0.769,Head
cmd,25.8982,-45,3
err,25.9313,-98.06,6.03
dbg,25.9313,-98.1,0.0,6.0,0.0
det,25.9313,1053.39,779.96,243.23,310.78,0.912,Body
det,25.9313,1162.06,780.05,39.75,47.24,0.748,Head
err,25.9655,-89.42,6.15
dbg,25.9655,-89.4,0.0,6.2,0.0
det,25.9655,1067.39,778.39,241.99,312.43,0.925,Body
det,25.9655,1170.81,779.3,39.54,48.83,0.746,Head
err,25.9987,-19.14,1.48
dbg,25.9987,-19.1,0.0,1.5,0.0
det,25.9987,1146.81,776.2,220.31,311.51,0.91,Body
det,25.9987,1239.08,776.07,43.57,46.2,0.581,Head
err,26.0313,17.12,-1.8
dbg,26.0313,17.1,0.0,-1.8,0.0
det,26.0313,1214.53,767.08,168.69,321.1,0.909,Body
det,26.0313,1276.81,770.27,40.6,50.78,0.802,Head
err,26.0666,49.97,-3.42
dbg,26.0666,50.0,0.0,-3.4,0.0
det,26.0666,1264.98,767.28,135.31,320.23,0.902,Body
det,26.0666,1312.89,769.86,34.16,48.58,0.758,Head
cmd,26.0666,45,-3
err,26.1028,80.33,-1.54
dbg,26.1028,80.3,0.0,-1.5,0.0
det,26.1028,1300.83,767.79,125.18,328.03,0.875,Body
det,26.1028,1344.4,770.5,31.86,50.84,0.755,Head
err,26.1325,91.68,-4.11
dbg,26.1325,91.7,0.0,-4.1,0.0
det,26.1325,1310.7,783.28,124.09,313.99,0.881,Body
det,26.1325,1356.3,769.17,30.76,48.57,0.626,Head
err,26.1665,58.09,0.02
dbg,26.1665,58.1,0.0,0.0,0.0
det,26.1665,1279.68,768.47,123.39,330.11,0.883,Body
det,26.1665,1322.36,772.26,31.45,50.47,0.753,Head
err,26.2004,58.13,0.02
dbg,26.2004,58.1,0.0,0.0,0.0
det,26.2004,1279.45,768.52,124.37,330.02,0.884,Body
det,26.2004,1322.5,772.08,31.27,50.81,0.749,Head
err,26.233,58.26,-0.29
dbg,26.233,58.3,0.0,-0.3,0.0
det,26.233,1279.63,768.63,122.13,329.91,0.882,Body
det,26.233,1322.89,772.05,30.76,50.28,0.744,Head
cmd,26.233,45,0
err,26.2664,58.23,-0.18
dbg,26.2664,58.2,0.0,-0.2,0.0
det,26.2664,1279.59,768.87,121.31,329.66,0.882,Body
det,26.2664,1322.77,771.96,30.92,50.66,0.738,Head
err,26.301,58.2,-0.23
dbg,26.301,58.2,0.0,-0.2,0.0
det,26.301,1279.5,769.08,121.85,329.39,0.882,Body
det,26.301,1322.86,771.99,30.68,50.49,0.732,Head
err,26.3329,18.69,-0.86
dbg,26.3329,18.7,0.0,-0.9,0.0
det,26.3329,1239.83,767.79,128.16,332.4,0.881,Body
det,26.3329,1279.91,771.6,37.57,50.07,0.792,Head
err,26.3659,8.58,-0.23
dbg,26.3659,8.6,0.0,-0.2,0.0
det,26.3659,1230.64,767.73,130.54,331.24,0.878,Body
det,26.3659,1270.85,772.48,35.47,49.62,0.764,Head
err,26.3989,3.32,-0.3
dbg,26.3989,3.3,0.0,-0.3,0.0
det,26.3989,1225.56,770.06,128.29,328.24,0.884,Body
det,26.3989,1268.06,774.3,30.51,46.19,0.756,Head
err,26.432,3.01,0.85
dbg,26.432,3.0,0.0,0.9,0.0
det,26.432,1225.77,770.93,126.32,326.81,0.887,Body
det,26.432,1268.02,774.64,29.99,47.66,0.77,Head
err,26.4655,4.61,-1.5
dbg,26.4655,4.6,0.0,-1.5,0.0
det,26.4655,1225.35,769.32,128.12,328.19,0.879,Body
det,26.4655,1268.79,774.03,31.66,44.49,0.74,Head
err,26.4996,10.52,-0.28
dbg,26.4996,10.5,0.0,-0.3,0.0
det,26.4996,1225.15,767.25,132.92,329.83,0.86,Body
det,26.4996,1272.44,773.16,36.16,48.3,0.746,Head
cmd,26.4996,13,0
err,26.5318,20.63,3.98
dbg,26.5318,20.6,0.0,4.0,0.0
det,26.5318,1229.91,771.74,138.07,315.4,0.871,Body
det,26.5318,1277.73,775.27,45.78,52.2,0.748,Head
err,26.5926,40.41,4.89
dbg,26.5926,40.4,0.0,4.9,0.0
det,26.5926,1241.63,772.25,148.84,315.45,0.86,Body
det,26.5926,1299.67,776.28,41.48,52.02,0.636,Head
err,26.6271,49.79,7.13
dbg,26.6271,49.8,0.0,7.1,0.0
det,26.6271,1260.49,775.16,132.87,309.5,0.868,Body
det,26.6271,1312.02,779.64,35.54,49.97,0.6,Head
err,26.6665,57.67,7.42
dbg,26.6665,57.7,0.0,7.4,0.0
det,26.6665,1270.74,776.76,133.86,306.54,0.86,Body
det,26.6665,1317.88,778.69,33.8,53.16,0.478,Head
cmd,26.6665,45,6
err,26.6999,55.84,6.63
dbg,26.6999,55.8,0.0,6.6,0.0
det,26.6999,1272.17,775.92,127.34,307.05,0.843,Body
det,26.6999,1315.02,778.02,31.94,49.91,0.46,Head
err,26.7337,50.77,4.56
dbg,26.7337,50.8,0.0,4.6,0.0
det,26.7337,1274.41,771.5,122.42,314.02,0.834,Body
det,26.7337,1313.52,776.84,34.49,50.39,0.746,Head
err,26.7683,-12.68,-3.02
dbg,26.7683,-12.7,0.0,-3.0,0.0
det,26.7683,1208.15,765.66,127.8,316.5,0.858,Body
det,26.7683,1249.89,770.14,34.85,48.79,0.726,Head
err,26.8046,-74.02,-12.01
dbg,26.8046,-74.0,0.0,-12.0,0.0
det,26.8046,1139.81,754.84,122.36,327.08,0.882,Body
det,26.8046,1187.33,760.14,37.3,50.64,0.78,Head
err,26.8349,-132.55,-21.69
dbg,26.8349,-132.5,0.0,-21.7,0.0
det,26.8349,1085.69,754.95,120.63,321.0,0.869,Body
det,26.8349,1131.72,750.97,31.47,49.71,0.636,Head
cmd,26.8349,-44,-7
err,26.934,-130.35,-22.54
dbg,26.934,-130.3,0.0,-22.5,0.0
det,26.934,1086.09,746.0,122.26,326.69,0.873,Body
det,26.934,1133.83,748.87,31.63,51.98,0.707,Head
err,26.9702,-118.32,-25.14
dbg,26.9702,-118.3,0.0,-25.1,0.0
det,26.9702,1093.71,744.18,135.83,326.44,0.861,Body
det,26.9702,1144.59,748.18,34.2,48.52,0.682,Head
err,27.0029,-82.68,-20.81
dbg,27.0029,-82.7,0.0,-20.8,0.0
det,27.0029,1115.0,745.02,154.63,319.34,0.882,Body
det,27.0029,1174.06,749.26,46.52,54.43,0.759,Head
cmd,27.0029,-44,-11
err,27.0364,-45.57,-16.29
dbg,27.0364,-45.6,0.0,-16.3,0.0
det,27.0364,1148.72,754.53,157.79,309.79,0.878,Body
det,27.0364,1213.58,753.42,41.69,55.07,0.729,Head
err,27.0704,-1.93,-11.73
dbg,27.0704,-1.9,0.0,-11.7,0.0
det,27.0704,1199.43,757.26,148.54,312.73,0.865,Body
det,27.0704,1258.62,759.73,38.91,51.89,0.709,Head
err,27.1005,74.32,-2.8
dbg,27.1005,74.3,0.0,-2.8,0.0
det,27.1005,1289.43,764.63,132.16,310.06,0.843,Body
det,27.1005,1334.76,767.73,39.11,53.57,0.644,Head
err,27.1351,106.03,-2.27
dbg,27.1351,106.0,0.0,-2.3,0.0
det,27.1351,1316.08,767.04,135.56,305.29,0.69,Body
det,27.1351,1368.87,767.86,34.31,54.32,0.617,Head
err,27.1687,132.92,-2.74
dbg,27.1687,132.9,0.0,-2.7,0.0
det,27.1687,1345.89,766.4,126.65,308.43,0.699,Body
det,27.1687,1393.22,767.24,39.4,54.59,0.465,Head
cmd,27.1687,45,-1
err,27.1999,159.33,-5.48
dbg,27.1999,159.3,0.0,-5.5,0.0
det,27.1999,1371.26,764.67,136.13,298.5,0.65,Body
det,27.1999,1425.25,769.01,39.31,49.48,0.636,Head
err,28.1348,143.5,-11.65
dbg,28.1348,143.5,0.0,-11.7,0.0
det,28.1348,1333.93,759.34,152.58,282.71,0.84,Body
det,28.1348,1405.83,763.67,35.34,44.87,0.741,Head
cmd,28.1348,45,-4
err,28.1694,116.31,-7.8
dbg,28.1694,116.3,0.0,-7.8,0.0
det,28.1694,1291.79,760.3,175.19,281.13,0.881,Body
det,28.1694,1375.8,763.61,41.02,51.99,0.725,Head
err,28.2009,87.45,-7.81
dbg,28.2009,87.5,0.0,-7.8,0.0
det,28.2009,1256.38,764.17,198.55,281.21,0.824,Body
det,28.2009,1349.35,767.25,36.22,45.35,0.72,Head
err,28.2343,59.18,-7.54
dbg,28.2343,59.2,0.0,-7.5,0.0
det,28.2343,1220.46,763.07,243.38,289.89,0.816,Body
det,28.2343,1320.69,764.84,36.98,50.21,0.728,Head
err,28.269,29.31,-7.51
dbg,28.269,29.3,0.0,-7.5,0.0
det,28.269,1196.7,764.85,241.28,290.62,0.916,Body
det,28.269,1285.58,764.41,47.47,51.06,0.726,Head
err,28.3006,-1.39,-6.86
dbg,28.3006,-1.4,0.0,-6.9,0.0
det,28.3006,1189.44,764.04,203.72,295.17,0.917,Body
det,28.3006,1259.42,766.75,38.38,47.99,0.729,Head
err,28.3416,-33.99,-6.01
dbg,28.3416,-34.0,0.0,-6.0,0.0
det,28.3416,1182.99,764.86,154.87,293.12,0.866,Body
det,28.3416,1228.24,767.8,35.54,47.62,0.722,Head
cmd,28.3416,-43,-8
err,28.384,-98.99,-7.37
dbg,28.384,-99.0,0.0,-7.4,0.0
det,28.384,1122.79,765.27,133.28,297.87,0.794,Body
det,28.384,1163.94,766.45,34.16,47.6,0.725,Head
err,28.4201,-114.06,-3.34
dbg,28.4201,-114.1,0.0,-3.3,0.0
det,28.4201,1115.28,767.3,121.21,306.52,0.791,Body
det,28.4201,1147.27,769.22,37.32,49.88,0.625,Head
err,28.4511,-147.52,-1.83
dbg,28.4511,-147.5,0.0,-1.8,0.0
det,28.4511,1067.51,763.78,162.93,304.0,0.853,Body
det,28.4511,1112.8,767.94,39.36,54.96,0.731,Head
err,28.4853,-153.07,-3.92
dbg,28.4853,-153.1,0.0,-3.9,0.0
det,28.4853,1035.15,765.74,183.56,303.41,0.886,Body
det,28.4853,1085.76,769.19,36.94,52.11,0.755,Head
err,28.5854,-144.04,0.23
dbg,28.5854,-144.0,0.0,0.2,0.0
det,28.5854,1054.73,768.13,160.65,316.76,0.881,Body
det,28.5854,1116.81,771.74,38.3,51.78,0.768,Head
cmd,28.5854,-45,0
err,28.6183,-114.16,4.15
dbg,28.6183,-114.2,0.0,4.1,0.0
det,28.6183,1100.12,769.78,134.44,320.79,0.849,Body
det,28.6183,1146.71,776.27,38.26,50.69,0.665,Head
err,28.6519,-85.15,5.37
dbg,28.6519,-85.1,0.0,5.4,0.0
det,28.6519,1127.21,774.57,139.89,323.7,0.809,Body
det,28.6519,1176.74,777.85,36.21,50.03,0.683,Head
err,28.6875,-29.5,5.52
dbg,28.6875,-29.5,0.0,5.5,0.0
det,28.6875,1179.8,780.81,134.2,309.41,0.864,Body
det,28.6875,1228.42,776.58,44.17,52.62,0.593,Head
err,28.722,12.6,9.08
dbg,28.722,12.6,0.0,9.1,0.0
det,28.722,1203.84,779.83,167.64,310.99,0.866,Body
det,28.722,1269.92,781.78,45.35,49.64,0.707,Head
err,28.755,38.22,10.94
dbg,28.755,38.2,0.0,10.9,0.0
det,28.755,1223.92,776.23,174.95,316.88,0.884,Body
det,28.755,1295.87,782.04,44.7,52.54,0.676,Head
cmd,28.755,43,12
err,28.7896,91.53,12.68
dbg,28.7896,91.5,0.0,12.7,0.0
det,28.7896,1279.01,780.55,161.77,309.15,0.88,Body
det,28.7896,1354.46,783.24,34.14,53.52,0.575,Head
err,28.8208,108.66,11.28
dbg,28.8208,108.7,0.0,11.3,0.0
det,28.8208,1310.42,778.93,156.96,311.57,0.834,Body
det,28.8208,1369.41,784.04,38.5,49.53,0.664,Head
err,28.8546,101.42,0.95
dbg,28.8546,101.4,0.0,0.9,0.0
det,28.8546,1309.14,770.79,140.97,309.88,0.834,Body
det,28.8546,1362.02,773.97,38.79,49.05,0.719,Head
err,28.8886,127.21,4.0
dbg,28.8886,127.2,0.0,4.0,0.0
det,28.8886,1340.36,773.27,130.18,302.63,0.763,Body
det,28.8886,1389.23,775.91,35.97,51.08,0.709,Head
err,28.9206,155.22,1.73
dbg,28.9206,155.2,0.0,1.7,0.0
det,28.9206,1416.24,772.85,37.96,52.51,0.68,Head
det,28.9206,1366.91,773.79,227.52,346.25,0.438,Body
cmd,28.9206,45,1
err,29.1855,158.57,-2.9
dbg,29.1855,158.6,0.0,-2.9,0.0
det,29.1855,1417.32,768.84,42.49,51.38,0.715,Head
det,29.1855,1376.42,767.73,131.08,306.21,0.599,Body
cmd,29.1855,45,-1
err,29.219,114.28,-10.25
dbg,29.219,114.3,0.0,-10.3,0.0
det,29.219,1336.14,757.45,124.11,308.55,0.878,Body
det,29.219,1373.72,762.44,41.12,49.65,0.726,Head
err,29.2552,69.54,-12.73
dbg,29.2552,69.5,0.0,-12.7,0.0
det,29.2552,1284.7,754.96,134.85,310.12,0.888,Body
det,29.2552,1328.95,758.88,41.18,51.62,0.768,Head
err,29.2898,37.78,-18.03
dbg,29.2898,37.8,0.0,-18.0,0.0
det,29.2898,1246.12,749.1,141.52,315.99,0.882,Body
det,29.2898,1296.42,751.9,42.73,54.68,0.729,Head
err,29.3244,30.28,-21.74
dbg,29.3244,30.3,0.0,-21.7,0.0
det,29.3244,1241.11,746.12,135.41,317.95,0.88,Body
det,29.3244,1286.31,749.0,47.93,53.21,0.715,Head
err,29.3565,29.36,-21.66
dbg,29.3565,29.4,0.0,-21.7,0.0
det,29.3565,1241.18,746.34,135.24,317.67,0.881,Body
det,29.3565,1285.1,749.26,48.51,52.87,0.716,Head
cmd,29.3565,36,-27
err,29.3906,28.34,-21.38
dbg,29.3906,28.3,0.0,-21.4,0.0
det,29.3906,1240.45,745.57,137.14,315.66,0.886,Body
det,29.3906,1283.85,749.44,48.97,53.05,0.712,Head
err,29.423,-6.44,-19.89
dbg,29.423,-6.4,0.0,-19.9,0.0
det,29.423,1198.34,748.24,138.79,313.91,0.881,Body
det,29.423,1250.82,750.79,45.49,53.31,0.721,Head
err,29.4558,-33.89,-0.15
dbg,29.4558,-33.9,0.0,-0.2,0.0
det,29.4558,1166.67,767.37,144.6,314.47,0.898,Body
det,29.4558,1224.89,771.61,42.44,51.35,0.758,Head
err,29.4897,-41.76,1.37
dbg,29.4897,-41.8,0.0,1.4,0.0
det,29.4897,1148.66,778.49,158.67,304.21,0.888,Body
det,29.4897,1220.46,774.91,35.55,48.1,0.644,Head
det,29.4897,1174.11,772.94,133.49,121.08,0.535,Body
err,29.5302,-62.3,2.79
dbg,29.5302,-62.3,0.0,2.8,0.0
det,29.5302,1113.38,775.52,183.75,308.36,0.892,Body
det,29.5302,1198.84,778.06,37.71,44.97,0.673,Head
cmd,29.5302,-45,2
err,29.5724,-98.52,4.09
dbg,29.5724,-98.5,0.0,4.1,0.0
det,29.5724,1057.27,777.68,225.67,306.05,0.924,Body
det,29.5724,1162.62,778.96,37.72,45.7,0.697,Head
err,29.6047,-135.83,13.99
dbg,29.6047,-135.8,0.0,14.0,0.0
det,29.6047,1025.83,784.01,236.69,299.81,0.942,Body
det,29.6047,1138.09,779.35,38.97,50.54,0.569,Head
err,29.6372,-119.16,4.05
dbg,29.6372,-119.2,0.0,4.0,0.0
det,29.6372,1028.41,777.67,253.21,307.59,0.933,Body
det,29.6372,1141.42,777.31,38.83,48.62,0.69,Head
err,29.6731,-150.9,3.72
dbg,29.6731,-150.9,0.0,3.7,0.0
det,29.6731,997.74,777.02,264.31,307.07,0.937,Body
det,29.6731,1109.4,776.37,39.41,49.72,0.656,Head
err,29.7905,-144.48,2.87
dbg,29.7905,-144.5,0.0,2.9,0.0
det,29.7905,1050.48,772.22,199.69,309.89,0.906,Body
det,29.7905,1115.05,774.81,40.93,51.02,0.767,Head
cmd,29.7905,-45,1
err,29.8229,-98.06,4.82
dbg,29.8229,-98.1,0.0,4.8,0.0
det,29.8229,1113.36,772.87,166.46,313.06,0.893,Body
det,29.8229,1160.76,775.66,42.36,53.01,0.69,Head
err,29.8541,-66.65,7.42
dbg,29.8541,-66.6,0.0,7.4,0.0
det,29.8541,1150.8,775.41,138.03,312.14,0.889,Body
det,29.8541,1193.25,779.89,40.2,50.06,0.668,Head
err,29.8857,-36.36,10.71
dbg,29.8857,-36.4,0.0,10.7,0.0
det,29.8857,1181.25,779.56,121.8,310.72,0.831,Body
det,29.8857,1225.02,783.09,37.25,50.21,0.583,Head
err,29.9195,22.5,10.87
dbg,29.9195,22.5,0.0,10.9,0.0
det,29.9195,1234.29,776.16,132.22,312.53,0.797,Body
det,29.9195,1282.0,782.67,40.99,51.26,0.572,Head
err,29.9531,46.86,7.92
dbg,29.9531,46.9,0.0,7.9,0.0
det,29.9531,1261.29,774.52,111.8,319.65,0.797,Body
det,29.9531,1308.24,779.43,37.24,51.81,0.686,Head
cmd,29.9531,44,7
err,29.9883,74.72,7.37
dbg,29.9883,74.7,0.0,7.4,0.0
det,29.9883,1293.07,778.05,132.4,316.18,0.846,Body
det,29.9883,1336.93,779.3,35.57,51.04,0.709,Head
err,30.0215,106.56,10.13
dbg,30.0215,106.6,0.0,10.1,0.0
det,30.0215,1322.68,774.24,125.89,311.22,0.864,Body
det,30.0215,1370.1,781.4,32.92,52.23,0.724,Head
err,30.0526,137.59,11.83
dbg,30.0526,137.6,0.0,11.8,0.0
det,30.0526,1350.38,779.11,100.24,315.76,0.71,Body
det,30.0526,1400.62,782.79,33.93,52.8,0.443,Head
err,30.0898,152.23,11.67
dbg,30.0898,152.2,0.0,11.7,0.0
det,30.0898,1368.46,780.55,127.52,311.22,0.738,Body
det,30.0898,1432.5,782.72,31.77,57.06,0.68,Head
err,30.3199,132.89,-11.04
dbg,30.3199,132.9,0.0,-11.0,0.0
det,30.3199,1347.13,754.31,122.29,292.58,0.794,Body
det,30.3199,1393.78,759.28,38.22,53.96,0.631,Head
cmd,30.3199,45,-4
err,30.3864,123.71,-12.86
dbg,30.3864,123.7,0.0,-12.9,0.0
det,30.3864,1345.31,758.25,121.06,292.24,0.727,Body
det,30.3864,1388.0,759.12,31.41,50.96,0.554,Head
err,30.4201,121.23,-14.83
dbg,30.4201,121.2,0.0,-14.8,0.0
det,30.4201,1346.79,753.39,112.53,298.68,0.825,Body
det,30.4201,1380.83,757.61,40.8,50.12,0.504,Head
err,30.4545,115.75,-16.53
dbg,30.4545,115.7,0.0,-16.5,0.0
det,30.4545,1326.38,754.04,123.5,300.07,0.856,Body
det,30.4545,1376.89,757.59,37.72,47.05,0.652,Head
err,30.4876,76.28,-12.64
dbg,30.4876,76.3,0.0,-12.6,0.0
det,30.4876,1282.24,755.89,136.94,303.97,0.884,Body
det,30.4876,1340.84,759.87,30.88,49.98,0.697,Head
cmd,30.4876,44,-7
err,30.5233,50.89,-11.35
dbg,30.5233,50.9,0.0,-11.4,0.0
det,30.5233,1263.18,758.58,135.41,300.65,0.888,Body
det,30.5233,1322.91,760.5,30.1,50.82,0.45,Head
err,30.5587,40.48,-11.47
dbg,30.5587,40.5,0.0,-11.5,0.0
det,30.5587,1243.06,752.98,144.15,307.94,0.888,Body
det,30.5587,1301.21,759.84,38.54,52.16,0.615,Head
err,30.5922,-10.78,-5.86
dbg,30.5922,-10.8,0.0,-5.9,0.0
det,30.5922,1180.85,763.8,160.79,301.77,0.909,Body
det,30.5922,1249.38,767.42,39.69,48.57,0.723,Head
err,30.6325,-28.45,-3.26
dbg,30.6325,-28.5,0.0,-3.3,0.0
det,30.6325,1145.3,765.69,188.44,300.77,0.909,Body
det,30.6325,1229.58,768.97,43.94,50.48,0.752,Head
err,30.6749,-64.86,-2.76
dbg,30.6749,-64.9,0.0,-2.8,0.0
det,30.6749,1094.4,768.08,224.11,295.62,0.904,Body
det,30.6749,1193.69,770.17,42.9,49.21,0.758,Head
cmd,30.6749,-45,-2
err,30.7077,-90.98,-4.18
dbg,30.7077,-91.0,0.0,-4.2,0.0
det,30.7077,1060.72,770.71,256.85,293.5,0.905,Body
det,30.7077,1170.12,769.37,37.8,48.08,0.686,Head
err,30.7409,-120.18,-3.98
dbg,30.7409,-120.2,0.0,-4.0,0.0
det,30.7409,1028.22,769.02,278.54,300.62,0.909,Body
det,30.7409,1140.83,769.19,37.98,48.78,0.714,Head
err,30.7768,-117.32,-2.5
dbg,30.7768,-117.3,0.0,-2.5,0.0
det,30.7768,1048.14,771.62,257.84,297.27,0.899,Body
det,30.7768,1143.23,770.27,38.91,49.5,0.743,Head
err,30.81,-144.78,-3.07
dbg,30.81,-144.8,0.0,-3.1,0.0
det,30.81,1041.14,769.35,216.07,301.8,0.919,Body
det,30.81,1115.88,770.15,38.67,48.69,0.746,Head
err,30.8412,-147.67,-4.83
dbg,30.8412,-147.7,0.0,-4.8,0.0
det,30.8412,1038.02,764.58,188.62,305.91,0.901,Body
det,30.8412,1093.49,767.77,44.24,53.11,0.748,Head
cmd,30.8412,-45,-1
err,30.8741,-150.42,-4.1
dbg,30.8741,-150.4,0.0,-4.1,0.0
det,30.8741,1063.14,766.02,150.49,301.09,0.857,Body
det,30.8741,1110.14,766.87,38.87,52.78,0.685,Head
err,30.916,-127.88,-5.83
dbg,30.916,-127.9,0.0,-5.8,0.0
det,30.916,1088.32,763.36,134.85,306.92,0.774,Body
det,30.916,1128.08,764.9,48.09,53.23,0.652,Head
err,30.9569,-79.7,-1.42
dbg,30.9569,-79.7,0.0,-1.4,0.0
det,30.9569,1133.15,765.95,140.83,307.1,0.801,Body
det,30.9569,1180.8,769.42,39.0,53.01,0.749,Head
err,30.9906,-82.3,-1.25
dbg,30.9906,-82.3,0.0,-1.2,0.0
det,30.9906,1134.94,766.74,146.13,310.47,0.871,Body
det,30.9906,1178.21,770.79,38.96,50.84,0.744,Head
err,31.0243,-81.48,0.34
dbg,31.0243,-81.5,0.0,0.3,0.0
det,31.0243,1130.1,766.32,148.24,310.62,0.873,Body
det,31.0243,1178.65,771.54,39.74,52.36,0.767,Head
cmd,31.0243,-45,0
err,31.057,-71.63,2.37
dbg,31.057,-71.6,0.0,2.4,0.0
det,31.057,1147.99,767.3,128.94,314.1,0.849,Body
det,31.057,1188.65,771.62,39.45,55.92,0.711,Head
err,31.0987,-60.72,1.05
dbg,31.0987,-60.7,0.0,1.0,0.0
det,31.0987,1156.05,769.87,132.25,325.14,0.794,Body
det,31.0987,1199.19,771.43,40.19,53.84,0.706,Head
err,31.1388,-21.93,-1.01
dbg,31.1388,-21.9,0.0,-1.0,0.0
det,31.1388,1193.78,766.93,129.36,329.72,0.844,Body
det,31.1388,1238.69,769.14,38.75,54.28,0.7,Head
err,31.1749,-17.77,-2.23
dbg,31.1749,-17.8,0.0,-2.2,0.0
det,31.1749,1196.07,766.26,128.51,328.88,0.885,Body
det,31.1749,1243.07,769.16,38.32,52.02,0.72,Head
cmd,31.1749,-23,-3
err,31.2172,-16.2,-2.7
dbg,31.2172,-16.2,0.0,-2.7,0.0
det,31.2172,1196.01,764.79,131.64,331.35,0.886,Body
det,31.2172,1243.09,768.37,41.42,52.61,0.728,Head
err,31.2603,-1.44,0.08
dbg,31.2603,-16.2,0.0,-2.7,0.0
det,31.2603,1212.47,767.31,127.05,330.97,0.889,Body
det,31.2603,1258.94,770.8,39.24,53.24,0.754,Head
err,31.3006,-1.41,0.31
dbg,31.3006,-16.2,0.0,-2.7,0.0
det,31.3006,1212.68,767.84,126.94,330.4,0.89,Body
det,31.3006,1259.29,771.1,38.61,53.11,0.752,Head
err,31.3399,0.84,-0.52
dbg,31.3399,-16.2,0.0,-2.7,0.0
det,31.3399,1213.18,764.27,130.42,332.03,0.898,Body
det,31.3399,1260.81,769.84,40.07,53.89,0.694,Head
err,31.373,4.88,2.81
dbg,31.373,4.9,0.0,2.8,0.0
det,31.373,1214.31,769.45,137.46,327.13,0.884,Body
det,31.373,1261.71,772.35,46.34,55.39,0.726,Head
err,31.4068,14.02,2.58
dbg,31.4068,14.0,0.0,2.6,0.0
det,31.4068,1221.46,768.32,145.67,321.12,0.885,Body
det,31.4068,1266.33,772.38,55.4,54.92,0.754,Head
cmd,31.4068,18,3
err,31.4378,31.81,5.44
dbg,31.4378,31.8,0.0,5.4,0.0
det,31.4378,1232.94,774.12,157.73,313.15,0.905,Body
det,31.4378,1295.59,776.69,40.66,52.69,0.421,Head
err,31.4723,56.47,5.87
dbg,31.4723,56.5,0.0,5.9,0.0
det,31.4723,1255.58,774.35,155.67,312.8,0.878,Body
det,31.4723,1317.14,777.75,38.67,51.12,0.658,Head
err,31.5047,64.4,4.27
dbg,31.5047,64.4,0.0,4.3,0.0
det,31.5047,1273.45,771.44,141.41,314.15,0.843,Body
det,31.5047,1322.53,775.2,43.75,52.84,0.698,Head
err,31.5397,91.6,4.67
dbg,31.5397,91.6,0.0,4.7,0.0
det,31.5397,1304.74,771.88,132.22,311.17,0.838,Body
det,31.5397,1353.69,777.39,35.83,49.6,0.701,Head
err,31.5711,115.9,3.39
dbg,31.5711,115.9,0.0,3.4,0.0
det,31.5711,1329.22,774.21,119.51,311.17,0.79,Body
det,31.5711,1378.27,776.72,35.28,48.49,0.721,Head
cmd,31.5711,45,1
err,31.6043,136.64,3.42
dbg,31.6043,136.6,0.0,3.4,0.0
det,31.6043,1351.19,772.73,111.28,307.79,0.788,Body
det,31.6043,1400.14,777.15,33.01,47.75,0.703,Head
err,31.6428,150.29,3.05
dbg,31.6428,150.3,0.0,3.0,0.0
det,31.6428,1350.37,771.86,138.74,303.85,0.77,Body
det,31.6428,1411.41,775.05,37.76,50.9,0.708,Head
err,31.6739,110.1,4.2
dbg,31.6739,110.1,0.0,4.2,0.0
det,31.6739,1303.24,773.52,144.51,305.37,0.835,Body
det,31.6739,1372.67,777.74,34.86,48.1,0.694,Head
err,31.7069,90.1,6.12
dbg,31.7069,90.1,0.0,6.1,0.0
det,31.7069,1285.44,772.38,154.01,309.23,0.861,Body
det,31.7069,1351.43,778.74,37.33,49.78,0.724,Head
err,31.7421,60.2,4.72
dbg,31.7421,60.2,0.0,4.7,0.0
det,31.7421,1273.72,775.23,124.77,306.31,0.855,Body
det,31.7421,1323.55,777.86,33.31,48.85,0.651,Head
cmd,31.7421,45,4
err,31.7829,30.29,-1.16
dbg,31.7829,30.3,0.0,-1.2,0.0
det,31.7829,1244.36,768.96,134.07,309.57,0.865,Body
det,31.7829,1290.15,770.38,40.27,51.74,0.754,Head
err,31.8254,-33.71,-12.46
dbg,31.8254,-33.7,0.0,-12.5,0.0
det,31.8254,1182.3,754.27,128.74,318.84,0.855,Body
det,31.8254,1226.57,760.09,39.44,49.92,0.718,Head
err,31.8601,-46.6,-13.39
dbg,31.8601,-46.6,0.0,-13.4,0.0
det,31.8601,1162.26,758.53,132.84,316.28,0.889,Body
det,31.8601,1216.33,760.98,34.14,46.59,0.729,Head
err,31.8921,-51.15,-14.09
dbg,31.8921,-51.1,0.0,-14.1,0.0
det,31.8921,1158.03,755.98,136.16,320.1,0.886,Body
det,31.8921,1211.13,759.47,35.45,48.08,0.762,Head
cmd,31.8921,-43,-12
err,31.9235,-51.24,-14.06
dbg,31.9235,-51.2,0.0,-14.1,0.0
det,31.9235,1157.95,755.93,136.31,320.24,0.886,Body
det,31.9235,1210.9,759.44,35.71,48.19,0.761,Head
err,31.9542,-51.13,-14.1
dbg,31.9542,-51.1,0.0,-14.1,0.0
det,31.9542,1157.88,755.6,136.45,320.49,0.886,Body
det,31.9542,1210.58,759.44,36.56,48.1,0.761,Head
err,31.9902,-18.21,-5.46
dbg,31.9902,-18.2,0.0,-5.5,0.0
det,31.9902,1191.19,763.56,135.02,317.77,0.892,Body
det,31.9902,1245.42,767.86,32.74,48.52,0.71,Head
err,32.0202,-18.27,-5.71
dbg,32.0202,-18.3,0.0,-5.7,0.0
det,32.0202,1191.33,763.5,134.89,317.79,0.893,Body
det,32.0202,1245.33,767.86,32.79,48.06,0.712,Head
err,32.0537,-18.41,-6.06
dbg,32.0537,-18.4,0.0,-6.1,0.0
det,32.0537,1191.26,763.5,134.94,317.8,0.893,Body
det,32.0537,1245.19,768.07,32.8,47.03,0.71,Head
cmd,32.0537,-23,-8
err,32.0869,-18.42,-6.26
dbg,32.0869,-18.4,0.0,-6.3,0.0
det,32.0869,1191.29,763.73,134.77,317.6,0.892,Body
det,32.0869,1245.24,768.13,32.67,46.58,0.711,Head
err,32.1252,-18.46,-6.44
dbg,32.1252,-18.5,0.0,-6.4,0.0
det,32.1252,1191.26,763.44,134.65,317.96,0.892,Body
det,32.1252,1245.28,768.04,32.51,46.41,0.71,Head
err,32.1595,-1.93,2.02
dbg,32.1595,-1.9,0.0,2.0,0.0
det,32.1595,1210.34,774.18,129.46,315.54,0.888,Body
det,32.1595,1261.09,774.99,33.96,49.15,0.711,Head
err,32.189,-2.02,1.99
dbg,32.189,-2.0,0.0,2.0,0.0
det,32.189,1210.19,773.84,129.57,315.86,0.889,Body
det,32.189,1260.88,774.93,34.21,49.19,0.715,Head
err,32.2226,0.37,1.6
dbg,32.2226,-2.0,0.0,2.0,0.0
det,32.2226,1210.74,775.76,130.2,315.06,0.884,Body
det,32.2226,1264.46,775.52,31.81,47.41,0.688,Head
err,32.254,3.25,0.54
dbg,32.254,3.3,0.0,0.5,0.0
det,32.254,1213.17,773.48,128.31,316.4,0.879,Body
det,32.254,1266.38,776.12,33.74,44.39,0.712,Head
err,32.2874,3.2,0.38
dbg,32.2874,3.2,0.0,0.4,0.0
det,32.2874,1213.12,773.38,128.71,316.49,0.878,Body
det,32.2874,1266.29,776.12,33.83,44.1,0.713,Head
err,32.3207,3.14,0.26
dbg,32.3207,3.1,0.0,0.3,0.0
det,32.3207,1213.08,773.4,128.48,316.57,0.878,Body
det,32.3207,1266.24,776.12,33.8,43.9,0.713,Head
err,32.354,1.09,0.81
dbg,32.354,3.1,0.0,0.3,0.0
det,32.354,1211.74,775.39,129.35,315.77,0.886,Body
det,32.354,1264.45,775.38,33.27,46.24,0.697,Head
err,32.3877,-2.35,0.01
dbg,32.3877,-2.4,0.0,0.0,0.0
det,32.3877,1203.44,766.68,139.16,323.98,0.884,Body
det,32.3877,1259.32,773.93,36.66,47.42,0.732,Head
err,32.4223,-4.24,-0.1
dbg,32.4223,-4.2,0.0,-0.1,0.0
det,32.4223,1189.59,770.46,153.5,316.37,0.894,Body
det,32.4223,1256.18,772.36,39.14,50.08,0.75,Head
err,32.4572,-16.45,2.59
dbg,32.4572,-16.4,0.0,2.6,0.0
det,32.4572,1159.55,771.7,184.61,313.99,0.908,Body
det,32.4572,1243.93,775.95,39.25,48.43,0.737,Head
cmd,32.4572,-21,3
err,32.4931,-31.09,4.8
dbg,32.4931,-31.1,0.0,4.8,0.0
det,32.4931,1125.48,776.13,221.08,309.56,0.925,Body
det,32.4931,1227.95,777.51,41.93,49.63,0.698,Head
err,32.525,-48.96,7.22
dbg,32.525,-49.0,0.0,7.2,0.0
det,32.525,1097.28,779.25,243.59,304.98,0.935,Body
det,32.525,1209.2,778.67,43.68,51.92,0.61,Head
err,32.5583,-59.03,3.22
dbg,32.5583,-59.0,0.0,3.2,0.0
det,32.5583,1089.28,777.07,255.65,307.06,0.922,Body
det,32.5583,1201.02,775.36,39.89,50.64,0.652,Head
err,32.5909,-70.88,3.92
dbg,32.5909,-70.9,0.0,3.9,0.0
det,32.5909,1085.77,777.47,258.03,305.75,0.935,Body
det,32.5909,1191.01,776.27,36.21,50.27,0.713,Head
err,32.6222,-65.83,4.91
dbg,32.6222,-65.8,0.0,4.9,0.0
det,32.6222,1101.47,777.76,248.26,303.33,0.925,Body
det,32.6222,1192.57,775.79,43.19,52.94,0.611,Head
cmd,32.6222,-45,3
err,32.656,-51.62,5.24
dbg,32.656,-51.6,0.0,5.2,0.0
det,32.656,1128.35,777.08,223.75,303.52,0.924,Body
det,32.656,1206.98,776.96,42.8,51.42,0.706,Head
err,32.6881,-23.74,4.27
dbg,32.6881,-23.7,0.0,4.3,0.0
det,32.6881,1173.26,774.92,188.31,304.18,0.884,Body
det,32.6881,1233.96,776.53,44.6,50.43,0.701,Head
err,32.7208,39.34,4.43
dbg,32.7208,39.3,0.0,4.4,0.0
det,32.7208,1250.38,772.69,156.46,305.98,0.895,Body
det,32.7208,1297.5,775.87,43.69,51.93,0.635,Head
err,32.7554,55.25,3.24
dbg,32.7554,55.2,0.0,3.2,0.0
det,32.7554,1268.67,772.0,135.75,312.76,0.886,Body
det,32.7554,1314.65,773.88,41.18,53.39,0.627,Head
err,32.7872,56.84,0.92
dbg,32.7872,56.8,0.0,0.9,0.0
det,32.7872,1272.49,769.22,128.71,317.03,0.882,Body
det,32.7872,1315.41,771.11,41.81,57.49,0.524,Head
cmd,32.7872,45,1
err,32.8201,60.84,0.73
dbg,32.8201,60.8,0.0,0.7,0.0
det,32.8201,1277.41,768.78,122.52,319.45,0.877,Body
det,32.8201,1321.22,770.83,39.24,54.35,0.629,Head
err,32.8535,63.78,-3.43
dbg,32.8535,63.8,0.0,-3.4,0.0
det,32.8535,1278.48,764.1,129.59,326.83,0.885,Body
det,32.8535,1326.39,768.83,34.78,50.44,0.702,Head
err,32.8864,29.72,-5.09
dbg,32.8864,29.7,0.0,-5.1,0.0
det,32.8864,1245.64,762.29,126.46,327.86,0.887,Body
det,32.8864,1289.08,766.62,41.29,51.44,0.633,Head
err,32.9199,28.55,-5.63
dbg,32.9199,28.6,0.0,-5.6,0.0
det,32.9199,1244.99,762.58,127.57,327.42,0.886,Body
det,32.9199,1285.8,766.3,45.5,51.03,0.628,Head
err,32.9543,28.97,-5.7
dbg,32.9543,29.0,0.0,-5.7,0.0
det,32.9543,1245.54,763.08,126.29,326.58,0.888,Body
det,32.9543,1287.15,766.51,43.66,50.54,0.616,Head
cmd,32.9543,37,-7
err,32.9873,28.83,-5.89
dbg,32.9873,28.8,0.0,-5.9,0.0
det,32.9873,1245.48,762.41,126.53,327.17,0.887,Body
det,32.9873,1286.69,766.37,44.28,50.42,0.622,Head
err,33.0211,28.68,-5.93
dbg,33.0211,28.7,0.0,-5.9,0.0
det,33.0211,1245.5,762.29,126.19,327.29,0.889,Body
det,33.0211,1286.45,766.35,44.46,50.4,0.631,Head
err,33.0534,5.71,2.22
dbg,33.0534,5.7,0.0,2.2,0.0
det,33.0534,1216.15,768.65,127.25,328.68,0.883,Body
det,33.0534,1268.24,773.05,34.93,53.04,0.609,Head
err,33.087,4.91,2.37
dbg,33.087,4.9,0.0,2.4,0.0
det,33.087,1216.07,768.36,127.74,328.98,0.883,Body
det,33.087,1266.33,772.66,37.16,54.02,0.631,Head
err,33.1214,-1.45,1.53
dbg,33.1214,-1.4,0.0,1.5,0.0
det,33.1214,1211.55,766.98,132.19,330.58,0.885,Body
det,33.1214,1256.21,772.18,44.69,53.36,0.685,Head
err,33.1549,-10.37,1.75
dbg,33.1549,-10.4,0.0,1.8,0.0
det,33.1549,1202.09,763.99,127.64,334.66,0.875,Body
det,33.1549,1246.98,771.85,45.3,54.36,0.671,Head
err,33.19,-22.83,3.11
dbg,33.19,-22.8,0.0,3.1,0.0
det,33.19,1182.18,770.41,137.28,326.15,0.897,Body
det,33.19,1236.4,774.05,41.54,52.82,0.701,Head
cmd,33.19,-29,4
err,33.2239,-43.13,2.98
dbg,33.2239,-43.1,0.0,3.0,0.0
det,33.2239,1157.1,768.52,148.59,325.61,0.899,Body
det,33.2239,1217.42,774.13,38.9,52.45,0.749,Head
err,33.2574,-66.26,4.48
dbg,33.2574,-66.3,0.0,4.5,0.0
det,33.2574,1125.73,773.16,168.21,322.07,0.895,Body
det,33.2574,1193.9,776.61,39.69,50.67,0.732,Head
err,33.2935,-93.7,5.92
dbg,33.2935,-93.7,0.0,5.9,0.0
det,33.2935,1083.27,772.72,197.87,324.25,0.906,Body
det,33.2935,1165.87,778.85,40.86,49.22,0.741,Head
err,33.325,-123.1,6.11
dbg,33.325,-123.1,0.0,6.1,0.0
det,33.325,1044.09,779.03,221.27,322.34,0.933,Body
det,33.325,1136.69,779.02,40.43,49.25,0.638,Head
err,33.3549,-128.28,3.05
dbg,33.3549,-128.3,0.0,3.0,0.0
det,33.3549,1031.28,777.87,246.77,310.32,0.932,Body
det,33.3549,1132.46,776.12,38.52,48.96,0.766,Head
cmd,33.3549,-45,1
err,33.3874,-135.61,13.73
dbg,33.3874,-135.6,0.0,13.7,0.0
det,33.3874,1012.01,783.41,264.77,303.2,0.925,Body
det,33.3874,1115.71,775.46,33.86,49.84,0.382,Head
err,33.4203,-159.44,4.5
dbg,33.4203,-159.4,0.0,4.5,0.0
det,33.4203,1005.84,781.85,257.4,304.79,0.927,Body
det,33.4203,1101.13,777.32,38.86,49.41,0.722,Head
err,33.4532,-129.28,5.07
dbg,33.4532,-129.3,0.0,5.1,0.0
det,33.4532,1047.69,779.32,235.71,304.27,0.916,Body
det,33.4532,1132.55,777.08,36.34,50.89,0.696,Head
err,33.4881,-124.81,5.0
dbg,33.4881,-124.8,0.0,5.0,0.0
det,33.4881,1064.16,778.64,201.53,306.17,0.893,Body
det,33.4881,1135.07,776.89,40.25,51.12,0.718,Head
err,33.5203,-103.63,3.9
dbg,33.5203,-103.6,0.0,3.9,0.0
det,33.5203,1100.52,773.53,163.04,307.62,0.893,Body
det,33.5203,1156.45,775.68,39.85,51.31,0.686,Head
cmd,33.5203,-45,2
err,33.5554,-84.29,2.98
dbg,33.5554,-84.3,0.0,3.0,0.0
det,33.5554,1130.81,773.13,136.2,310.64,0.885,Body
det,33.5554,1177.68,775.68,36.06,49.64,0.641,Head
err,33.5873,-53.36,3.51
dbg,33.5873,-53.4,0.0,3.5,0.0
det,33.5873,1163.16,773.06,122.97,317.06,0.874,Body
det,33.5873,1208.41,777.08,36.45,48.04,0.753,Head
err,33.6215,12.28,2.26
dbg,33.6215,12.3,0.0,2.3,0.0
det,33.6215,1233.64,773.01,118.54,326.06,0.866,Body
det,33.6215,1274.59,776.72,35.37,46.43,0.759,Head
err,33.654,30.52,3.81
dbg,33.654,30.5,0.0,3.8,0.0
det,33.654,1255.58,773.6,117.11,327.24,0.88,Body
det,33.654,1292.26,776.06,36.52,50.46,0.761,Head
err,33.6873,31.42,2.41
dbg,33.6873,31.4,0.0,2.4,0.0
det,33.6873,1257.65,775.26,108.73,325.17,0.887,Body
det,33.6873,1295.56,777.73,31.72,44.88,0.739,Head
cmd,33.6873,40,3
err,33.7216,37.11,3.27
dbg,33.7216,37.1,0.0,3.3,0.0
det,33.7216,1256.66,774.91,113.69,325.39,0.899,Body
det,33.7216,1298.91,776.45,36.41,48.77,0.742,Head
err,33.7581,46.86,5.51
dbg,33.7581,46.9,0.0,5.5,0.0
det,33.7581,1262.72,779.5,124.33,319.47,0.879,Body
det,33.7581,1311.07,778.21,31.58,49.63,0.736,Head
err,33.791,32.17,2.94
dbg,33.791,32.2,0.0,2.9,0.0
det,33.791,1232.71,772.9,151.23,316.25,0.879,Body
det,33.791,1292.25,776.31,39.85,48.42,0.755,Head
err,33.8204,51.15,6.37
dbg,33.8204,51.2,0.0,6.4,0.0
det,33.8204,1246.11,774.73,161.75,313.39,0.887,Body
det,33.8204,1311.25,778.95,39.81,49.85,0.722,Head
err,33.8531,73.72,7.59
dbg,33.8531,73.7,0.0,7.6,0.0
det,33.8531,1271.03,775.16,155.93,312.06,0.86,Body
det,33.8531,1335.13,779.52,37.17,51.04,0.722,Head
cmd,33.8531,45,5
err,33.8876,94.83,8.16
dbg,33.8876,94.8,0.0,8.2,0.0
det,33.8876,1308.26,776.07,131.54,309.79,0.857,Body
det,33.8876,1357.72,780.86,34.22,49.64,0.698,Head
err,33.9208,109.77,7.43
dbg,33.9208,109.8,0.0,7.4,0.0
det,33.9208,1329.24,777.65,129.88,306.89,0.859,Body
det,33.9208,1374.25,780.37,31.04,49.2,0.731,Head
err,33.9543,85.49,1.64
dbg,33.9543,85.5,0.0,1.6,0.0
det,33.9543,1298.0,771.09,139.26,318.88,0.796,Body
det,33.9543,1345.6,774.02,39.78,50.22,0.746,Head
err,33.9873,87.16,2.38
dbg,33.9873,87.2,0.0,2.4,0.0
det,33.9873,1300.68,768.95,137.11,317.18,0.795,Body
det,33.9873,1348.01,774.32,38.29,51.03,0.722,Head
err,34.0217,85.94,1.41
dbg,34.0217,85.9,0.0,1.4,0.0
det,34.0217,1298.55,770.77,139.06,319.49,0.748,Body
det,34.0217,1346.04,773.81,39.81,50.17,0.69,Head
cmd,34.0217,45,1
err,34.059,72.25,1.57
dbg,34.059,72.2,0.0,1.6,0.0
det,34.059,1288.44,771.95,135.86,310.2,0.824,Body
det,34.059,1332.57,774.56,39.37,49.11,0.753,Head
err,34.0916,42.02,3.19
dbg,34.0916,42.0,0.0,3.2,0.0
det,34.0916,1263.78,772.04,132.0,307.0,0.858,Body
det,34.0916,1303.18,774.99,37.69,51.27,0.761,Head
err,34.1274,-32.63,-6.87
dbg,34.1274,-32.6,0.0,-6.9,0.0
det,34.1274,1177.83,757.95,134.85,329.83,0.872,Body
det,34.1274,1224.84,763.71,45.05,53.48,0.724,Head
err,34.1611,-81.86,9.25
dbg,34.1611,-81.9,0.0,9.3,0.0
det,34.1611,1130.22,778.93,135.84,303.25,0.845,Body
det,34.1611,1187.0,764.16,39.24,51.83,0.375,Head
err,34.1928,-100.25,-9.81
dbg,34.1928,-100.3,0.0,-9.8,0.0
det,34.1928,1097.16,760.03,158.34,320.71,0.857,Body
det,34.1928,1160.2,763.58,39.09,48.39,0.696,Head
cmd,34.1928,-45,-4
err,34.2227,-118.11,-9.01
dbg,34.2227,-118.1,0.0,-9.0,0.0
det,34.2227,1073.19,760.04,172.49,320.64,0.863,Body
det,34.2227,1143.24,764.94,37.31,47.36,0.597,Head
err,34.254,-138.54,-9.19
dbg,34.254,-138.5,0.0,-9.2,0.0
det,34.254,1049.57,761.94,178.99,316.66,0.899,Body
det,34.254,1122.01,764.52,38.9,47.79,0.701,Head
err,34.2908,-132.64,-6.39
dbg,34.2908,-132.6,0.0,-6.4,0.0
det,34.2908,1046.83,766.51,197.74,312.26,0.915,Body
det,34.2908,1127.72,767.24,39.29,47.94,0.754,Head
err,34.9882,-144.79,3.75
dbg,34.9882,-144.8,0.0,3.8,0.0
det,34.9882,1061.22,772.42,138.85,311.82,0.877,Body
det,34.9882,1116.86,776.41,36.71,49.7,0.795,Head
cmd,34.9882,-45,1
err,35.0218,-115.44,5.77
dbg,35.0218,-115.4,0.0,5.8,0.0
det,35.0218,1080.4,775.17,156.82,307.48,0.895,Body
det,35.0218,1144.45,778.68,40.22,49.26,0.718,Head
err,35.0576,-91.89,5.66
dbg,35.0576,-91.9,0.0,5.7,0.0
det,35.0576,1098.17,776.21,161.72,306.5,0.89,Body
det,35.0576,1168.73,779.04,38.76,48.39,0.79,Head
err,35.0927,-67.7,8.4
dbg,35.0927,-67.7,0.0,8.4,0.0
det,35.0927,1127.79,779.67,158.17,303.29,0.891,Body
det,35.0927,1192.13,782.18,40.35,47.68,0.725,Head
err,35.1254,-11.31,11.63
dbg,35.1254,-11.3,0.0,11.6,0.0
det,35.1254,1193.41,780.02,143.83,305.07,0.879,Body
det,35.1254,1247.52,783.06,42.35,51.94,0.697,Head
err,35.1613,15.22,10.12
dbg,35.1613,15.2,0.0,10.1,0.0
det,35.1613,1234.56,781.18,120.13,303.39,0.89,Body
det,35.1613,1278.01,783.7,34.42,48.03,0.742,Head
cmd,35.1613,19,13
err,35.1931,45.79,7.32
dbg,35.1931,45.8,0.0,7.3,0.0
det,35.1931,1264.34,778.48,121.44,306.18,0.856,Body
det,35.1931,1307.92,781.63,35.75,46.71,0.742,Head
err,35.2235,109.32,8.56
dbg,35.2235,109.3,0.0,8.6,0.0
det,35.2235,1331.03,779.68,120.83,307.27,0.856,Body
det,35.2235,1373.48,781.59,31.67,49.04,0.733,Head
err,35.2564,139.13,6.59
dbg,35.2564,139.1,0.0,6.6,0.0
det,35.2564,1353.43,775.21,108.16,307.53,0.8,Body
det,35.2564,1403.36,780.49,31.53,47.46,0.563,Head
err,35.5264,158.88,-14.82
dbg,35.5264,158.9,0.0,-14.8,0.0
det,35.5264,1365.22,751.97,142.78,321.95,0.736,Body
det,35.5264,1418.39,756.72,40.98,51.74,0.701,Head
cmd,35.5264,45,-4
err,35.56,156.04,-24.36
dbg,35.56,156.0,0.0,-24.4,0.0
det,35.56,1421.3,750.5,42.76,52.74,0.704,Head
det,35.56,1354.88,742.75,162.32,328.9,0.614,Body
err,35.9237,132.75,-38.37
dbg,35.9237,132.8,0.0,-38.4,0.0
det,35.9237,1349.5,731.13,125.85,292.51,0.838,Body
det,35.9237,1394.61,735.65,36.28,47.25,0.701,Head
cmd,35.9237,43,-12
err,35.9581,130.64,-39.35
dbg,35.9581,130.6,0.0,-39.4,0.0
det,35.9581,1348.04,734.71,128.83,291.98,0.837,Body
det,35.9581,1393.29,735.42,34.68,45.86,0.64,Head
err,35.9938,130.32,-40.44
dbg,35.9938,130.3,0.0,-40.4,0.0
det,35.9938,1348.86,733.55,130.4,284.12,0.72,Body
det,35.9938,1391.83,734.3,36.99,45.93,0.683,Head
det,35.9938,1349.95,733.04,128.66,121.72,0.37,Body
err,36.026,129.07,-42.18
dbg,36.026,129.1,0.0,-42.2,0.0
det,36.026,1344.04,728.39,127.1,300.44,0.824,Body
det,36.026,1390.92,732.41,36.31,46.19,0.729,Head
err,36.0594,128.36,-42.54
dbg,36.0594,128.4,0.0,-42.5,0.0
det,36.0594,1337.2,732.38,131.29,291.17,0.852,Body
det,36.0594,1389.6,731.98,37.53,46.33,0.701,Head
det,36.0594,1360.46,763.07,38.42,35.21,0.371,Head
err,36.0935,128.2,-42.6
dbg,36.0935,128.2,0.0,-42.6,0.0
det,36.0935,1335.82,726.91,135.99,296.87,0.839,Body
det,36.0935,1388.92,731.54,38.54,47.01,0.719,Head
cmd,36.0935,43,-14
err,36.1262,128.12,-42.64
dbg,36.1262,128.1,0.0,-42.6,0.0
det,36.1262,1335.79,730.82,133.92,292.47,0.855,Body
det,36.1262,1388.98,731.5,38.29,47.02,0.717,Head
err,36.1591,128.2,-42.54
dbg,36.1591,128.2,0.0,-42.5,0.0
det,36.1591,1335.88,730.71,133.61,292.8,0.857,Body
det,36.1591,1389.05,731.47,38.3,47.25,0.723,Head
err,36.1937,128.16,-42.6
dbg,36.1937,128.2,0.0,-42.6,0.0
det,36.1937,1335.78,730.88,133.83,292.61,0.853,Body
det,36.1937,1389.02,731.42,38.28,47.24,0.723,Head
err,36.2245,96.05,-32.71
dbg,36.2245,96.1,0.0,-32.7,0.0
det,36.2245,1306.7,735.37,135.07,311.2,0.887,Body
det,36.2245,1355.93,740.56,40.25,48.6,0.724,Head
err,36.2574,96.17,-32.7
dbg,36.2574,96.2,0.0,-32.7,0.0
det,36.2574,1307.02,735.21,134.49,311.41,0.889,Body
det,36.2574,1356.25,740.48,39.85,48.77,0.712,Head
cmd,36.2574,43,-14
err,36.2939,96.03,-32.68
dbg,36.2939,96.0,0.0,-32.7,0.0
det,36.2939,1306.99,735.31,133.67,310.95,0.889,Body
det,36.2939,1356.2,740.55,39.65,48.68,0.72,Head
err,36.3286,96.03,-32.83
dbg,36.3286,96.0,0.0,-32.8,0.0
det,36.3286,1306.86,735.17,133.52,311.06,0.889,Body
det,36.3286,1356.28,740.42,39.5,48.63,0.709,Head
err,36.3599,63.03,-20.66
dbg,36.3599,63.0,0.0,-20.7,0.0
det,36.3599,1273.98,747.07,138.96,312.13,0.875,Body
det,36.3599,1322.2,751.3,41.66,50.99,0.661,Head
err,36.3933,63.17,-20.62
dbg,36.3933,63.2,0.0,-20.6,0.0
det,36.3933,1274.01,747.12,138.61,312.04,0.875,Body
det,36.3933,1322.54,751.27,41.25,51.12,0.661,Head
err,36.4254,63.26,-20.55
dbg,36.4254,63.3,0.0,-20.5,0.0
det,36.4254,1274.01,747.19,138.5,312.13,0.875,Body
det,36.4254,1322.89,751.26,40.74,51.26,0.657,Head
cmd,36.4254,43,-14
err,36.4595,63.19,-20.37
dbg,36.4595,63.2,0.0,-20.4,0.0
det,36.4595,1274.21,748.8,137.66,310.17,0.874,Body
det,36.4595,1322.72,751.3,40.95,51.52,0.647,Head
err,36.4942,63.33,-20.48
dbg,36.4942,63.3,0.0,-20.5,0.0
det,36.4942,1274.32,748.84,137.53,310.22,0.875,Body
det,36.4942,1322.86,751.26,40.94,51.38,0.648,Head
err,36.5275,29.43,-9.34
dbg,36.5275,29.4,0.0,-9.3,0.0
det,36.5275,1239.57,759.44,141.56,307.96,0.872,Body
det,36.5275,1290.93,765.02,37.01,46.61,0.676,Head
err,36.5614,29.42,-9.35
dbg,36.5614,29.4,0.0,-9.4,0.0
det,36.5614,1239.42,759.27,141.86,308.04,0.872,Body
det,36.5614,1290.73,764.92,37.38,46.78,0.681,Head
err,36.5961,29.31,-10.27
dbg,36.5961,29.3,0.0,-10.3,0.0
det,36.5961,1239.41,759.03,142.07,308.34,0.872,Body
det,36.5961,1289.71,764.02,39.2,46.73,0.681,Head
cmd,36.5961,37,-13
err,36.6292,29.38,-10.37
dbg,36.6292,29.4,0.0,-10.4,0.0
det,36.6292,1239.37,758.9,142.24,308.6,0.872,Body
det,36.6292,1289.56,763.99,39.63,46.61,0.69,Head
err,36.6625,29.13,-10.5
dbg,36.6625,29.1,0.0,-10.5,0.0
det,36.6625,1239.4,758.83,142.29,308.62,0.872,Body
det,36.6625,1289.4,764.05,39.47,46.28,0.681,Head
err,36.6941,28.83,-10.65
dbg,36.6941,28.8,0.0,-10.7,0.0
det,36.6941,1239.33,758.85,142.35,308.49,0.872,Body
det,36.6941,1289.0,764.0,39.65,46.08,0.683,Head
err,36.7262,12.84,-11.22
dbg,36.7262,12.8,0.0,-11.2,0.0
det,36.7262,1222.35,758.31,137.22,311.53,0.893,Body
det,36.7262,1274.29,763.02,37.1,46.83,0.736,Head
err,36.759,-29.05,2.09
dbg,36.759,-29.0,0.0,2.1,0.0
det,36.759,1176.33,768.05,138.59,313.62,0.89,Body
det,36.759,1227.91,772.18,46.09,54.37,0.709,Head
cmd,36.759,-37,3
err,36.793,-50.37,1.51
dbg,36.793,-50.4,0.0,1.5,0.0
det,36.793,1153.92,768.64,141.24,314.01,0.888,Body
det,36.793,1208.6,773.73,42.06,50.52,0.765,Head
err,36.8256,-72.69,2.42
dbg,36.8256,-72.7,0.0,2.4,0.0
det,36.8256,1122.35,778.22,169.5,304.29,0.895,Body
det,36.8256,1189.15,775.72,36.32,48.55,0.656,Head
err,36.86,-93.31,2.54
dbg,36.86,-93.3,0.0,2.5,0.0
det,36.86,1092.53,773.39,196.11,307.74,0.916,Body
det,36.86,1166.0,775.3,41.38,49.53,0.647,Head
err,36.8926,-132.25,2.81
dbg,36.8926,-132.3,0.0,2.8,0.0
det,36.8926,1039.98,777.93,228.38,305.75,0.94,Body
det,36.8926,1129.53,776.78,36.43,47.32,0.709,Head
err,36.9254,-133.5,2.86
dbg,36.9254,-133.5,0.0,2.9,0.0
det,36.9254,1024.64,778.45,257.49,303.19,0.925,Body
det,36.9254,1128.5,776.75,36.01,47.46,0.75,Head
cmd,36.9254,-45,1
err,37.0908,-152.33,5.39
dbg,37.0908,-152.3,0.0,5.4,0.0
det,37.0908,1061.8,774.76,131.74,306.35,0.858,Body
det,37.0908,1098.28,778.2,35.4,48.47,0.71,Head
cmd,37.0908,-45,2
err,37.1244,-86.21,9.24
dbg,37.1244,-86.2,0.0,9.2,0.0
det,37.1244,1132.74,777.04,118.59,308.89,0.802,Body
det,37.1244,1175.43,780.93,36.71,51.48,0.687,Head
err,37.1569,-64.28,14.02
dbg,37.1569,-64.3,0.0,14.0,0.0
det,37.1569,1158.14,782.96,124.25,313.22,0.778,Body
det,37.1569,1196.92,786.23,37.6,50.52,0.745,Head
err,37.1915,-47.1,16.86
dbg,37.1915,-47.1,0.0,16.9,0.0
det,37.1915,1173.01,782.2,126.4,322.18,0.797,Body
det,37.1915,1214.26,787.64,37.27,53.12,0.698,Head
err,37.227,-20.73,15.39
dbg,37.227,-20.7,0.0,15.4,0.0
det,37.227,1196.0,778.76,134.16,326.76,0.793,Body
det,37.227,1239.38,783.86,39.79,57.32,0.654,Head
err,37.2628,-5.44,12.22
dbg,37.2628,-5.4,0.0,12.2,0.0
det,37.2628,1214.22,779.9,119.18,327.28,0.814,Body
det,37.2628,1255.85,782.13,37.41,54.7,0.733,Head
cmd,37.2628,-7,16
err,37.2947,11.36,11.78
dbg,37.2947,11.4,0.0,11.8,0.0
det,37.2947,1231.23,783.95,109.46,324.53,0.853,Body
det,37.2947,1273.39,783.42,35.94,51.55,0.699,Head
err,37.3295,14.29,14.17
dbg,37.3295,14.3,0.0,14.2,0.0
det,37.3295,1234.98,779.17,120.46,328.77,0.886,Body
det,37.3295,1267.23,781.58,54.12,59.26,0.71,Head
err,37.3601,54.22,10.83
dbg,37.3601,54.2,0.0,10.8,0.0
det,37.3601,1269.89,787.48,118.96,318.34,0.892,Body
det,37.3601,1317.67,782.64,33.1,51.25,0.769,Head
err,37.392,54.57,11.04
dbg,37.392,54.6,0.0,11.0,0.0
det,37.392,1269.45,787.44,120.28,318.42,0.89,Body
det,37.392,1317.95,782.73,33.22,51.48,0.763,Head
err,37.4269,54.84,11.0
dbg,37.4269,54.8,0.0,11.0,0.0
det,37.4269,1269.7,790.79,120.61,314.98,0.89,Body
det,37.4269,1318.73,782.9,32.21,51.1,0.759,Head
cmd,37.4269,44,9
err,37.4591,54.78,10.98
dbg,37.4591,54.8,0.0,11.0,0.0
det,37.4591,1269.94,790.76,120.48,315.05,0.89,Body
det,37.4591,1318.68,783.11,32.19,50.68,0.761,Head
err,37.4914,60.81,-0.86
dbg,37.4914,60.8,0.0,-0.9,0.0
det,37.4914,1276.89,768.9,121.17,327.68,0.895,Body
det,37.4914,1323.96,769.14,33.69,54.54,0.694,Head
det,37.4914,1298.52,800.64,25.3,34.91,0.423,Head
err,37.5255,25.35,-8.23
dbg,37.5255,25.3,0.0,-8.2,0.0
det,37.5255,1241.63,753.75,125.21,333.2,0.888,Body
det,37.5255,1286.33,761.34,38.04,55.32,0.661,Head
err,37.5577,25.55,-8.45
dbg,37.5577,25.5,0.0,-8.4,0.0
det,37.5577,1241.4,754.09,125.26,332.92,0.887,Body
det,37.5577,1286.74,761.28,37.61,55.04,0.633,Head
err,37.5902,25.4,-8.62
dbg,37.5902,25.4,0.0,-8.6,0.0
det,37.5902,1241.26,754.16,125.61,332.81,0.888,Body
det,37.5902,1286.36,761.14,38.07,54.99,0.656,Head
cmd,37.5902,32,-11
err,37.6238,25.33,-8.52
dbg,37.6238,25.3,0.0,-8.5,0.0
det,37.6238,1241.27,754.09,125.85,332.88,0.888,Body
det,37.6238,1286.36,761.12,37.94,55.2,0.653,Head
err,37.6577,25.22,-8.69
dbg,37.6577,25.2,0.0,-8.7,0.0
det,37.6577,1241.33,753.98,125.86,333.06,0.888,Body
det,37.6577,1286.21,761.14,38.03,54.85,0.653,Head
err,37.6908,2.48,-1.38
dbg,37.6908,2.5,0.0,-1.4,0.0
det,37.6908,1217.09,767.55,125.12,329.19,0.884,Body
det,37.6908,1264.97,770.95,35.02,50.3,0.745,Head
err,37.7251,2.06,-1.57
dbg,37.7251,2.1,0.0,-1.6,0.0
det,37.7251,1213.23,763.71,130.22,333.46,0.893,Body
det,37.7251,1262.98,769.36,38.16,52.86,0.711,Head
err,37.7603,-6.0,-0.06
dbg,37.7603,-6.0,0.0,-0.1,0.0
det,37.7603,1205.18,760.25,127.85,338.33,0.882,Body
det,37.7603,1254.9,769.16,38.2,55.97,0.735,Head
err,37.7918,-19.14,2.42
dbg,37.7918,-19.1,0.0,2.4,0.0
det,37.7918,1185.61,766.76,143.9,330.74,0.89,Body
det,37.7918,1238.55,773.46,44.62,52.66,0.762,Head
cmd,37.7918,-24,3
err,37.8264,-34.73,2.95
dbg,37.8264,-34.7,0.0,2.9,0.0
det,37.8264,1164.37,769.31,152.71,326.69,0.894,Body
det,37.8264,1223.52,773.53,43.5,53.49,0.741,Head
err,37.8586,-56.6,3.71
dbg,37.8586,-56.6,0.0,3.7,0.0
det,37.8586,1130.04,771.26,170.06,319.73,0.9,Body
det,37.8586,1204.38,776.51,38.04,49.46,0.724,Head
err,37.8908,-85.15,6.93
dbg,37.8908,-85.2,0.0,6.9,0.0
det,37.8908,1096.46,772.24,191.56,320.6,0.906,Body
det,37.8908,1177.77,779.65,34.17,49.59,0.598,Head
err,37.9236,-113.1,7.03
dbg,37.9236,-113.1,0.0,7.0,0.0
det,37.9236,1055.93,776.05,216.15,315.92,0.892,Body
det,37.9236,1147.91,779.74,37.99,49.61,0.759,Head
err,37.9578,-124.93,2.57
dbg,37.9578,-124.9,0.0,2.6,0.0
det,37.9578,1036.26,806.04,234.86,284.89,0.941,Body
det,37.9578,1135.74,779.22,38.65,42.47,0.679,Head
cmd,37.9578,-45,1
err,37.9929,-154.54,6.11
dbg,37.9929,-154.5,0.0,6.1,0.0
det,37.9929,1002.29,779.0,250.49,309.46,0.925,Body
det,37.9929,1103.62,777.97,43.67,51.16,0.715,Head
err,38.8447,-155.72,8.83
dbg,38.8447,-155.7,0.0,8.8,0.0
det,38.8447,1064.12,777.64,120.32,311.81,0.86,Body
det,38.8447,1099.19,780.49,35.22,48.33,0.742,Head
cmd,38.8447,-45,3
err,38.8803,-149.09,7.83
dbg,38.8803,-149.1,0.0,7.8,0.0
det,38.8803,1064.67,777.64,135.04,308.54,0.891,Body
det,38.8803,1114.47,782.37,32.89,46.29,0.736,Head
err,38.9126,-131.34,9.32
dbg,38.9126,-131.3,0.0,9.3,0.0
det,38.9126,1069.52,779.66,146.44,305.65,0.873,Body
det,38.9126,1129.4,783.29,38.52,47.32,0.723,Head
err,38.9446,-106.3,11.96
dbg,38.9446,-106.3,0.0,12.0,0.0
det,38.9446,1086.86,780.28,162.25,303.64,0.888,Body
det,38.9446,1152.14,784.23,43.13,50.41,0.715,Head
err,38.9782,-63.09,11.13
dbg,38.9782,-63.1,0.0,11.1,0.0
det,38.9782,1140.76,780.92,140.53,302.65,0.877,Body
det,38.9782,1197.28,783.28,39.26,50.62,0.768,Head
err,39.0122,7.83,10.41
dbg,39.0122,7.8,0.0,10.4,0.0
det,39.0122,1236.53,781.97,112.55,296.2,0.892,Body
det,39.0122,1271.94,783.9,31.77,48.2,0.762,Head
cmd,39.0122,10,13
err,39.0473,39.89,8.26
dbg,39.0473,39.9,0.0,8.3,0.0
det,39.0473,1258.45,780.03,120.09,295.5,0.838,Body
det,39.0473,1304.43,781.4,30.92,48.84,0.666,Head
err,39.0794,73.96,8.25
dbg,39.0794,74.0,0.0,8.3,0.0
det,39.0794,1297.28,778.88,119.27,302.06,0.849,Body
det,39.0794,1339.42,781.37,29.08,48.87,0.751,Head
err,39.1122,103.31,-3.77
dbg,39.1122,103.3,0.0,-3.8,0.0
det,39.1122,1320.66,772.24,128.05,304.87,0.858,Body
det,39.1122,1366.16,770.8,34.31,46.23,0.662,Head
err,39.1441,141.76,-2.19
dbg,39.1441,141.8,0.0,-2.2,0.0
det,39.1441,1403.29,770.53,36.94,49.6,0.722,Head
det,39.1441,1354.65,766.19,171.33,343.21,0.653,Body
err,39.412,94.96,16.49
dbg,39.412,95.0,0.0,16.5,0.0
det,39.412,1292.41,764.97,191.99,320.89,0.622,Body
det,39.412,1358.09,796.85,33.74,35.7,0.37,Head
cmd,39.412,44,8
err,39.4455,86.96,-17.49
dbg,39.4455,87.0,0.0,-17.5,0.0
det,39.4455,1251.19,750.81,207.34,316.09,0.925,Body
det,39.4455,1348.94,754.45,36.04,51.03,0.642,Head
err,39.4802,60.27,-25.41
dbg,39.4802,60.3,0.0,-25.4,0.0
det,39.4802,1220.93,744.01,223.52,315.63,0.905,Body
det,39.4802,1318.17,745.31,44.19,53.22,0.716,Head
err,39.5133,36.58,-33.75
dbg,39.5133,36.6,0.0,-33.8,0.0
det,39.5133,1202.3,736.89,222.33,311.66,0.92,Body
det,39.5133,1295.63,737.7,41.91,51.91,0.723,Head
err,39.5455,64.63,-30.49
dbg,39.5455,64.6,0.0,-30.5,0.0
det,39.5455,1256.83,739.22,171.05,303.09,0.894,Body
det,39.5455,1325.17,742.02,38.92,49.98,0.758,Head
err,39.5788,95.3,-35.23
dbg,39.5788,95.3,0.0,-35.2,0.0
det,39.5788,1308.56,736.3,132.33,302.47,0.861,Body
det,39.5788,1356.13,738.09,38.35,48.5,0.751,Head
cmd,39.5788,42,-16
err,39.6114,128.45,-35.91
dbg,39.6114,128.5,0.0,-35.9,0.0
det,39.6114,1340.81,735.24,127.13,297.74,0.814,Body
det,39.6114,1388.32,736.53,40.27,50.11,0.745,Head
err,39.6778,154.47,-28.44
dbg,39.6778,154.5,0.0,-28.4,0.0
det,39.6778,1357.68,742.09,153.58,294.68,0.818,Body
det,39.6778,1426.2,746.09,41.57,48.57,0.666,Head
err,40.112,100.05,-23.79
dbg,40.112,100.0,0.0,-23.8,0.0
det,40.112,1310.41,747.85,136.38,291.42,0.888,Body
det,40.112,1360.99,751.54,38.12,44.86,0.692,Head
cmd,40.112,44,-10
err,40.1445,53.92,-22.12
dbg,40.1445,53.9,0.0,-22.1,0.0
det,40.1445,1265.18,749.19,138.73,294.68,0.888,Body
det,40.1445,1315.56,752.64,36.72,45.9,0.72,Head
err,40.1774,45.15,-21.46
dbg,40.1774,45.1,0.0,-21.5,0.0
det,40.1774,1257.08,751.36,136.63,292.97,0.898,Body
det,40.1774,1304.86,752.81,40.57,46.78,0.708,Head
err,40.2107,45.26,-21.47
dbg,40.2107,45.3,0.0,-21.5,0.0
det,40.2107,1257.26,751.35,136.44,292.83,0.897,Body
det,40.2107,1305.19,752.87,40.15,46.66,0.712,Head
err,40.2603,13.3,-13.89
dbg,40.2603,13.3,0.0,-13.9,0.0
det,40.2603,1222.64,755.61,139.37,296.66,0.898,Body
det,40.2603,1273.44,760.66,39.71,46.26,0.699,Head
err,40.294,13.22,-13.9
dbg,40.294,13.2,0.0,-13.9,0.0
det,40.294,1222.54,755.63,139.49,296.66,0.898,Body
det,40.294,1273.47,760.71,39.49,46.16,0.699,Head
cmd,40.294,17,-18
err,40.3303,13.24,-13.96
dbg,40.3303,13.2,0.0,-14.0,0.0
det,40.3303,1222.56,755.31,139.4,296.93,0.899,Body
det,40.3303,1273.36,760.46,39.76,46.51,0.702,Head
err,40.3602,13.23,-13.98
dbg,40.3602,13.2,0.0,-14.0,0.0
det,40.3602,1222.62,755.78,139.42,296.45,0.899,Body
det,40.3602,1273.48,760.46,39.51,46.47,0.706,Head
err,40.3937,-0.24,-1.79
dbg,40.3937,13.2,0.0,-14.0,0.0
det,40.3937,1209.1,770.76,140.6,294.33,0.884,Body
det,40.3937,1261.2,774.22,37.11,43.61,0.73,Head
err,40.4264,-0.13,-1.61
dbg,40.4264,13.2,0.0,-14.0,0.0
det,40.4264,1209.14,770.89,140.78,294.26,0.884,Body
det,40.4264,1261.13,774.25,37.49,43.9,0.734,Head
err,40.4601,-0.07,-1.76
dbg,40.4601,13.2,0.0,-14.0,0.0
det,40.4601,1209.27,770.86,140.52,294.3,0.884,Body
det,40.4601,1261.3,774.23,37.26,43.66,0.732,Head
err,40.494,-0.14,-1.76
dbg,40.494,13.2,0.0,-14.0,0.0
det,40.494,1209.23,770.97,140.63,294.2,0.883,Body
det,40.494,1261.25,774.25,37.22,43.62,0.731,Head
err,40.5293,-5.27,-1.4
dbg,40.5293,-5.3,0.0,-1.4,0.0
det,40.5293,1207.58,770.75,140.26,294.87,0.887,Body
det,40.5293,1255.96,773.93,37.54,44.84,0.702,Head
err,40.5621,-13.61,-0.96
dbg,40.5621,-13.6,0.0,-1.0,0.0
det,40.5621,1196.18,771.38,135.49,294.07,0.9,Body
det,40.5621,1245.18,773.51,42.42,46.42,0.751,Head
cmd,40.5621,-17,-1
err,40.5947,-22.26,2.1
dbg,40.5947,-22.3,0.0,2.1,0.0
det,40.5947,1181.21,772.48,139.73,294.1,0.887,Body
det,40.5947,1238.51,776.27,38.46,46.96,0.73,Head
err,40.6307,-39.57,2.52
dbg,40.6307,-39.6,0.0,2.5,0.0
det,40.6307,1151.26,772.41,154.37,292.22,0.91,Body
det,40.6307,1223.72,776.48,33.44,47.35,0.647,Head
err,40.6632,-45.53,4.01
dbg,40.6632,-45.5,0.0,4.0,0.0
det,40.6632,1128.69,773.23,179.53,291.99,0.92,Body
det,40.6632,1214.65,776.37,39.64,50.24,0.771,Head
err,40.6948,-84.21,15.57
dbg,40.6948,-84.2,0.0,15.6,0.0
det,40.6948,1093.84,787.62,203.91,279.52,0.9,Body
err,40.726,-98.33,5.76
dbg,40.726,-98.3,0.0,5.8,0.0
det,40.726,1058.13,776.54,235.62,292.0,0.935,Body
det,40.726,1160.97,777.55,41.4,51.3,0.69,Head
cmd,40.726,-45,3
err,40.7608,-122.92,6.26
dbg,40.7608,-122.9,0.0,6.3,0.0
det,40.7608,1028.27,778.83,252.93,294.99,0.932,Body
det,40.7608,1136.18,778.72,41.81,50.07,0.708,Head
err,40.7945,-150.8,9.55
dbg,40.7945,-150.8,0.0,9.5,0.0
det,40.7945,996.93,780.28,264.53,292.7,0.938,Body
det,40.7945,1106.49,778.45,39.32,52.24,0.56,Head
err,40.8311,-152.48,4.7
dbg,40.8311,-152.5,0.0,4.7,0.0
det,40.8311,1004.38,777.14,259.71,296.36,0.932,Body
det,40.8311,1108.7,776.96,37.65,50.44,0.735,Head
err,40.8961,-152.81,-4.06
dbg,40.8961,-152.8,0.0,-4.1,0.0
det,40.8961,1032.61,765.38,189.16,305.67,0.906,Body
det,40.8961,1091.78,768.78,41.58,52.07,0.737,Head
cmd,40.8961,-45,-1
err,40.9282,-144.3,-6.76
dbg,40.9282,-144.3,0.0,-6.8,0.0
det,40.9282,1073.45,760.96,143.26,305.07,0.876,Body
det,40.9282,1114.87,765.78,41.66,49.94,0.739,Head
err,40.9612,-83.23,-5.58
dbg,40.9612,-83.2,0.0,-5.6,0.0
det,40.9612,1130.23,764.36,133.08,300.57,0.748,Body
err,40.9944,-38.92,-9.91
dbg,40.9944,-38.9,0.0,-9.9,0.0
det,40.9944,1170.36,761.61,168.07,301.03,0.871,Body
det,40.9944,1222.47,763.19,37.22,48.91,0.629,Head
err,41.0283,2.26,-5.88
dbg,41.0283,2.3,0.0,-5.9,0.0
det,41.0283,1194.61,761.78,191.12,302.96,0.895,Body
det,41.0283,1260.39,765.27,43.74,52.45,0.727,Head
err,41.0616,-1.84,-5.51
dbg,41.0616,-1.8,0.0,-5.5,0.0
det,41.0616,1191.85,763.61,178.51,304.86,0.888,Body
det,41.0616,1258.72,765.59,38.89,52.54,0.725,Head
err,41.094,-8.04,-2.11
dbg,41.094,-8.0,0.0,-2.1,0.0
det,41.094,1203.55,765.53,152.39,313.44,0.867,Body
det,41.094,1252.17,767.75,39.58,54.8,0.648,Head
err,41.1285,-10.01,0.52
dbg,41.1285,-10.0,0.0,0.5,0.0
det,41.1285,1211.64,768.37,134.42,316.88,0.85,Body
det,41.1285,1248.84,771.16,42.31,53.37,0.739,Head
err,41.1619,-8.17,-0.08
dbg,41.1619,-8.2,0.0,-0.1,0.0
det,41.1619,1206.13,770.67,138.09,319.51,0.8,Body
det,41.1619,1251.99,772.21,39.68,50.38,0.738,Head
err,41.1942,-5.18,-0.78
dbg,41.1942,-5.2,0.0,-0.8,0.0
det,41.1942,1213.24,764.68,118.0,321.86,0.825,Body
det,41.1942,1255.73,767.97,38.2,56.81,0.73,Head
err,41.2284,-0.94,-3.53
dbg,41.2284,-0.9,0.0,-3.5,0.0
det,41.2284,1214.69,764.91,118.63,324.96,0.854,Body
det,41.2284,1259.21,766.6,39.7,54.3,0.724,Head
err,41.261,1.29,-6.43
dbg,41.261,1.3,0.0,-6.4,0.0
det,41.261,1218.73,763.08,118.71,324.84,0.89,Body
det,41.261,1261.41,766.47,39.76,49.28,0.73,Head
err,41.2937,6.65,-5.73
dbg,41.2937,6.7,0.0,-5.7,0.0
det,41.2937,1219.96,764.11,126.39,324.53,0.886,Body
det,41.2937,1268.09,765.7,37.12,51.95,0.67,Head
err,41.3289,6.86,-5.64
dbg,41.3289,6.9,0.0,-5.6,0.0
det,41.3289,1219.95,764.01,127.89,325.47,0.882,Body
det,41.3289,1268.23,765.54,37.25,52.39,0.647,Head
err,41.3617,6.11,-5.54
dbg,41.3617,6.1,0.0,-5.5,0.0
det,41.3617,1220.36,764.17,123.5,324.25,0.89,Body
det,41.3617,1267.38,765.9,37.47,51.93,0.686,Head
err,41.3934,0.53,-4.28
dbg,41.3934,0.5,0.0,-4.3,0.0
det,41.3934,1216.26,762.4,124.0,325.5,0.884,Body
det,41.3934,1261.53,766.15,37.99,53.76,0.75,Head
err,41.4269,-9.59,-5.0
dbg,41.4269,-9.6,0.0,-5.0,0.0
det,41.4269,1197.74,759.12,135.55,329.92,0.874,Body
det,41.4269,1248.98,764.98,42.86,54.59,0.688,Head
cmd,41.4269,-12,-6
err,41.4596,-25.49,-4.62
dbg,41.4596,-25.5,0.0,-4.6,0.0
det,41.4596,1177.23,763.16,146.51,323.97,0.9,Body
det,41.4596,1232.69,768.33,43.65,49.17,0.726,Head
err,41.4927,-45.3,-3.67
dbg,41.4927,-45.3,0.0,-3.7,0.0
det,41.4927,1141.91,764.43,173.19,322.38,0.886,Body
det,41.4927,1213.15,769.74,43.1,48.35,0.733,Head
err,41.5259,-76.96,6.2
dbg,41.5259,-77.0,0.0,6.2,0.0
det,41.5259,1100.25,775.06,205.58,311.39,0.905,Body
det,41.5259,1191.16,774.05,38.55,46.69,0.504,Head
err,41.5592,-89.07,5.23
dbg,41.5592,-89.1,0.0,5.2,0.0
det,41.5592,1075.49,777.88,224.82,312.66,0.924,Body
det,41.5592,1171.22,779.78,39.42,46.28,0.697,Head
err,41.5931,-116.96,3.88
dbg,41.5931,-117.0,0.0,3.9,0.0
det,41.5931,1044.98,792.52,234.17,300.68,0.923,Body
det,41.5931,1144.12,779.66,37.85,44.05,0.667,Head
cmd,41.5931,-45,1
err,41.6269,-147.08,4.1
dbg,41.6269,-147.1,0.0,4.1,0.0
det,41.6269,1010.91,782.63,249.35,306.62,0.928,Body
det,41.6269,1114.89,777.6,36.06,48.17,0.661,Head
err,41.6603,-156.86,7.66
dbg,41.6603,-156.9,0.0,7.7,0.0
det,41.6603,993.59,776.54,259.08,311.22,0.933,Body
det,41.6603,1092.53,777.65,39.75,53.17,0.687,Head
err,41.6937,-115.08,2.75
dbg,41.6937,-115.1,0.0,2.8,0.0
det,41.6937,1065.07,774.03,237.61,309.84,0.925,Body
det,41.6937,1145.67,774.96,38.49,50.53,0.691,Head
err,41.7266,-89.2,5.7
dbg,41.7266,-89.2,0.0,5.7,0.0
det,41.7266,1111.43,775.7,195.19,304.1,0.912,Body
det,41.7266,1171.92,779.32,37.77,47.95,0.741,Head
err,41.7598,-76.09,10.1
dbg,41.7598,-76.1,0.0,10.1,0.0
det,41.7598,1153.74,782.33,135.89,294.87,0.872,Body
det,41.7598,1183.88,782.58,40.04,50.04,0.643,Head
cmd,41.7598,-45,6
err,41.7929,-77.03,6.13
dbg,41.7929,-77.0,0.0,6.1,0.0
det,41.7929,1152.91,776.62,127.88,300.43,0.768,Body
det,41.7929,1182.51,779.18,40.91,49.01,0.601,Head
err,41.8274,-87.25,4.11
dbg,41.8274,-87.2,0.0,4.1,0.0
det,41.8274,1138.29,775.81,124.57,301.18,0.807,Body
det,41.8274,1173.62,778.37,38.25,46.79,0.666,Head
err,41.8599,-62.08,-0.19
dbg,41.8599,-62.1,0.0,-0.2,0.0
det,41.8599,1164.64,768.84,140.09,295.42,0.863,Body
det,41.8599,1198.84,773.04,38.15,48.69,0.735,Head
err,41.8929,-68.19,1.36
dbg,41.8929,-68.2,0.0,1.4,0.0
det,41.8929,1134.2,771.98,170.4,292.28,0.897,Body
det,41.8929,1193.46,775.52,36.71,46.98,0.65,Head
err,41.9264,-69.83,2.35
dbg,41.9264,-69.8,0.0,2.3,0.0
det,41.9264,1143.12,771.48,156.81,296.5,0.875,Body
det,41.9264,1190.39,775.76,39.56,48.34,0.687,Head
cmd,41.9264,-45,2
err,41.962,-68.79,2.69
dbg,41.962,-68.8,0.0,2.7,0.0
det,41.962,1159.33,772.22,126.0,300.51,0.867,Body
det,41.962,1192.71,777.04,36.99,46.64,0.691,Head
err,41.9956,-59.89,1.11
dbg,41.9956,-59.9,0.0,1.1,0.0
det,41.9956,1166.7,773.05,118.22,314.11,0.834,Body
det,41.9956,1200.48,775.23,39.27,47.06,0.754,Head
err,42.0284,-15.87,-4.36
dbg,42.0284,-15.9,0.0,-4.4,0.0
det,42.0284,1209.63,766.45,123.86,317.05,0.855,Body
det,42.0284,1243.36,768.15,41.53,49.97,0.719,Head
err,42.0605,-9.5,-6.28
dbg,42.0605,-9.5,0.0,-6.3,0.0
det,42.0605,1219.32,765.81,116.59,315.47,0.863,Body
det,42.0605,1251.55,767.75,37.9,47.22,0.727,Head
err,42.0938,-7.86,-8.24
dbg,42.0938,-7.9,0.0,-8.2,0.0
det,42.0938,1222.62,764.55,114.71,315.62,0.859,Body
det,42.0938,1255.2,767.92,33.89,43.33,0.775,Head
cmd,42.0938,-10,-10
err,42.1266,-6.5,-9.08
dbg,42.1266,-6.5,0.0,-9.1,0.0
det,42.1266,1224.97,762.02,112.65,317.63,0.852,Body
det,42.1266,1256.08,766.81,34.84,43.83,0.748,Head
err,42.1602,-4.6,-9.95
dbg,42.1602,-4.6,0.0,-9.9,0.0
det,42.1602,1223.16,758.04,116.12,320.23,0.853,Body
det,42.1602,1255.98,763.23,38.84,48.76,0.715,Head
err,42.194,2.92,-2.26
dbg,42.194,2.9,0.0,-2.3,0.0
det,42.194,1231.72,770.23,115.29,319.43,0.87,Body
det,42.194,1264.36,772.18,37.13,46.46,0.755,Head
err,42.2263,3.0,-2.26
dbg,42.2263,3.0,0.0,-2.3,0.0
det,42.2263,1231.63,770.34,114.95,319.32,0.87,Body
det,42.2263,1264.56,772.47,36.89,45.95,0.752,Head
err,42.2601,2.93,-2.04
dbg,42.2601,2.9,0.0,-2.0,0.0
det,42.2601,1231.97,770.61,114.17,318.75,0.87,Body
det,42.2601,1264.97,772.9,35.93,45.56,0.751,Head
err,42.2935,2.93,-2.01
dbg,42.2935,2.9,0.0,-2.0,0.0
det,42.2935,1232.04,770.74,113.78,318.59,0.872,Body
det,42.2935,1265.17,773.15,35.53,45.17,0.752,Head
err,42.3263,2.89,-1.97
dbg,42.3263,2.9,0.0,-2.0,0.0
det,42.3263,1231.86,770.48,114.11,318.79,0.871,Body
det,42.3263,1264.89,772.79,35.99,45.9,0.753,Head
err,42.3605,2.87,-1.82
dbg,42.3605,2.9,0.0,-1.8,0.0
det,42.3605,1231.78,770.5,114.46,318.7,0.871,Body
det,42.3605,1264.72,772.82,36.31,46.11,0.756,Head
err,42.3934,2.71,-1.92
dbg,42.3934,2.7,0.0,-1.9,0.0
det,42.3934,1231.65,770.38,114.52,318.9,0.869,Body
det,42.3934,1264.17,772.57,37.09,46.38,0.754,Head
err,42.4269,2.85,-1.87
dbg,42.4269,2.8,0.0,-1.9,0.0
det,42.4269,1232.0,770.57,114.36,318.6,0.871,Body
det,42.4269,1264.74,772.9,36.22,45.87,0.755,Head
err,42.4602,0.22,-3.05
dbg,42.4602,0.2,0.0,-3.0,0.0
det,42.4602,1227.53,768.97,116.9,321.43,0.854,Body
det,42.4602,1260.37,770.13,39.69,48.77,0.744,Head
err,42.4935,0.15,-3.19
dbg,42.4935,0.2,0.0,-3.2,0.0
det,42.4935,1226.91,768.86,117.81,321.76,0.857,Body
det,42.4935,1260.47,770.01,39.36,48.74,0.74,Head
err,42.5265,0.15,-3.12
dbg,42.5265,0.2,0.0,-3.1,0.0
det,42.5265,1227.36,768.96,116.98,321.41,0.86,Body
det,42.5265,1260.71,770.2,38.89,48.5,0.741,Head
err,42.5601,-1.22,-2.52
dbg,42.5601,-1.2,0.0,-2.5,0.0
det,42.5601,1227.16,768.94,117.74,321.72,0.867,Body
det,42.5601,1260.52,770.32,36.51,49.39,0.717,Head
err,42.5937,0.42,-2.79
dbg,42.5937,0.4,0.0,-2.8,0.0
det,42.5937,1226.24,769.42,117.89,319.73,0.859,Body
det,42.5937,1261.02,770.65,38.81,48.28,0.758,Head
err,42.6279,6.28,-2.26
dbg,42.6279,6.3,0.0,-2.3,0.0
det,42.6279,1227.16,768.23,119.29,315.67,0.868,Body
det,42.6279,1266.47,772.2,39.63,46.43,0.739,Head
err,42.6594,17.86,3.35
dbg,42.6594,17.9,0.0,3.4,0.0
det,42.6594,1228.07,767.79,135.21,312.11,0.834,Body
det,42.6594,1274.87,773.81,45.98,53.72,0.73,Head
cmd,42.6594,23,4
err,42.6933,33.82,3.34
dbg,42.6933,33.8,0.0,3.3,0.0
det,42.6933,1239.6,771.28,144.97,305.37,0.888,Body
det,42.6933,1292.04,774.74,43.57,52.0,0.77,Head
err,42.7271,54.53,6.9
dbg,42.7271,54.5,0.0,6.9,0.0
det,42.7271,1258.92,776.45,141.87,298.5,0.873,Body
det,42.7271,1316.19,779.54,36.67,49.74,0.712,Head
err,42.7611,58.53,4.38
dbg,42.7611,58.5,0.0,4.4,0.0
det,42.7611,1276.76,777.31,125.19,293.58,0.898,Body
det,42.7611,1323.08,777.24,30.91,49.35,0.734,Head
err,42.7951,82.69,3.23
dbg,42.7951,82.7,0.0,3.2,0.0
det,42.7951,1305.49,772.66,121.42,299.12,0.876,Body
det,42.7951,1345.07,775.81,35.24,49.85,0.807,Head
err,42.831,109.59,4.75
dbg,42.831,109.6,0.0,4.7,0.0
det,42.831,1335.79,776.08,121.21,291.47,0.851,Body
det,42.831,1374.52,778.28,30.14,48.12,0.73,Head
cmd,42.831,45,2
err,42.8646,129.02,1.28
dbg,42.8646,129.0,0.0,1.3,0.0
det,42.8646,1352.3,769.3,122.21,306.61,0.828,Body
det,42.8646,1391.65,773.98,34.74,49.64,0.765,Head
err,42.8941,133.83,-6.29
dbg,42.8941,133.8,0.0,-6.3,0.0
det,42.8941,1345.04,789.51,134.15,282.16,0.856,Body
det,42.8941,1397.35,769.78,32.97,43.51,0.628,Head
err,42.9273,88.13,-12.25
dbg,42.9273,88.1,0.0,-12.3,0.0
det,42.9273,1292.98,758.42,131.57,308.55,0.869,Body
det,42.9273,1352.19,762.24,31.89,46.38,0.771,Head
err,42.9609,77.58,-15.63
dbg,42.9609,77.6,0.0,-15.6,0.0
det,42.9609,1290.42,749.16,131.23,316.28,0.826,Body
det,42.9609,1336.76,753.89,41.65,55.41,0.756,Head
err,42.9951,77.14,-21.84
dbg,42.9951,77.1,0.0,-21.8,0.0
det,42.9951,1290.43,744.02,136.5,317.16,0.871,Body
det,42.9951,1336.36,747.59,41.55,55.57,0.745,Head
cmd,42.9951,43,-12
err,43.0261,80.88,-26.54
dbg,43.0261,80.9,0.0,-26.5,0.0
det,43.0261,1285.75,739.81,155.03,320.25,0.872,Body
det,43.0261,1340.03,744.91,41.7,51.91,0.729,Head
err,43.0594,81.66,-27.51
dbg,43.0594,81.7,0.0,-27.5,0.0
det,43.0594,1279.48,740.04,167.41,320.32,0.865,Body
det,43.0594,1340.32,743.31,42.68,53.05,0.694,Head
err,43.0924,43.4,-13.97
dbg,43.0924,43.4,0.0,-14.0,0.0
det,43.0924,1241.05,754.02,171.98,317.47,0.87,Body
det,43.0924,1305.17,756.52,36.46,53.65,0.643,Head
err,43.1264,33.18,-12.89
dbg,43.1264,33.2,0.0,-12.9,0.0
det,43.1264,1232.25,751.58,168.72,322.77,0.87,Body
det,43.1264,1292.76,756.45,40.84,55.76,0.608,Head
err,43.1595,29.36,-12.66
dbg,43.1595,29.4,0.0,-12.7,0.0
det,43.1595,1230.98,755.74,175.83,315.91,0.877,Body
det,43.1595,1288.37,757.11,41.98,54.95,0.695,Head
cmd,43.1595,37,-16
err,43.1931,18.6,-13.83
dbg,43.1931,18.6,0.0,-13.8,0.0
det,43.1931,1218.73,746.11,182.11,322.94,0.881,Body
det,43.1931,1276.98,755.23,43.24,56.25,0.702,Head
err,43.2268,-10.8,-16.11
dbg,43.2268,-10.8,0.0,-16.1,0.0
det,43.2268,1191.26,748.52,168.08,317.14,0.874,Body
det,43.2268,1247.47,752.39,43.47,57.28,0.701,Head
err,43.2599,-63.79,-9.55
dbg,43.2599,-63.8,0.0,-9.5,0.0
det,43.2599,1145.73,751.39,144.09,329.96,0.895,Body
det,43.2599,1195.41,758.48,41.61,58.13,0.603,Head
err,43.293,-70.92,-10.36
dbg,43.293,-70.9,0.0,-10.4,0.0
det,43.293,1142.29,752.37,126.54,331.38,0.881,Body
det,43.293,1189.34,760.39,39.47,53.17,0.638,Head
err,43.327,-70.73,-10.41
dbg,43.327,-70.7,0.0,-10.4,0.0
det,43.327,1142.19,752.97,125.09,331.76,0.879,Body
det,43.327,1190.09,760.95,38.36,52.07,0.669,Head
cmd,43.327,-45,-7
err,43.3601,-70.74,-10.29
dbg,43.3601,-70.7,0.0,-10.3,0.0
det,43.3601,1142.02,752.55,125.11,332.27,0.879,Body
det,43.3601,1189.93,760.87,38.66,52.42,0.665,Head
err,43.3934,-70.78,-10.39
dbg,43.3934,-70.8,0.0,-10.4,0.0
det,43.3934,1141.99,752.36,125.4,332.44,0.88,Body
det,43.3934,1189.8,760.8,38.84,52.37,0.668,Head
err,43.4295,-37.35,-7.3
dbg,43.4295,-37.4,0.0,-7.3,0.0
det,43.4295,1176.64,768.26,122.84,319.79,0.888,Body
det,43.4295,1226.07,765.25,33.16,49.9,0.649,Head
err,43.4602,-37.43,-7.37
dbg,43.4602,-37.4,0.0,-7.4,0.0
det,43.4602,1176.78,768.49,122.83,319.7,0.887,Body
det,43.4602,1225.86,765.16,33.42,49.95,0.646,Head
err,43.494,-37.35,-7.1
dbg,43.494,-37.3,0.0,-7.1,0.0
det,43.494,1176.85,768.24,122.6,319.95,0.888,Body
det,43.494,1226.04,765.22,33.22,50.33,0.649,Head
cmd,43.494,-44,-8
err,43.5286,-37.43,-7.16
dbg,43.5286,-37.4,0.0,-7.2,0.0
det,43.5286,1176.34,763.02,124.32,324.93,0.888,Body
det,43.5286,1226.06,765.18,33.02,50.3,0.644,Head
err,43.5605,-37.48,-7.31
dbg,43.5605,-37.5,0.0,-7.3,0.0
det,43.5605,1176.46,767.99,123.0,320.1,0.888,Body
det,43.5605,1225.77,765.0,33.51,50.36,0.64,Head
err,43.5938,-3.44,2.76
dbg,43.5938,-3.4,0.0,2.8,0.0
det,43.5938,1213.47,770.23,120.31,327.88,0.901,Body
det,43.5938,1260.88,773.14,31.35,53.85,0.716,Head
err,43.6286,-3.47,2.76
dbg,43.6286,-3.5,0.0,2.8,0.0
det,43.6286,1213.53,770.08,120.27,328.11,0.9,Body
det,43.6286,1260.85,773.05,31.36,54.03,0.715,Head
err,43.6628,-3.38,2.74
dbg,43.6628,-3.4,0.0,2.7,0.0
det,43.6628,1213.41,770.11,120.35,327.96,0.9,Body
det,43.6628,1260.9,773.03,31.43,54.02,0.717,Head
err,43.6975,-3.38,2.71
dbg,43.6975,-3.4,0.0,2.7,0.0
det,43.6975,1213.44,770.06,120.29,328.09,0.899,Body
det,43.6975,1260.96,773.03,31.32,53.96,0.718,Head
err,43.7315,-3.06,2.48
dbg,43.7315,-3.1,0.0,2.5,0.0
det,43.7315,1213.89,770.02,120.25,327.66,0.895,Body
det,43.7315,1261.41,772.89,31.06,53.79,0.712,Head
err,43.7616,1.9,-0.09
dbg,43.7616,-3.1,0.0,2.5,0.0
det,43.7616,1213.22,766.65,130.69,329.31,0.897,Body
det,43.7616,1264.3,771.79,35.21,51.12,0.716,Head
err,43.7954,8.99,2.75
dbg,43.7954,9.0,0.0,2.7,0.0
det,43.7954,1219.93,762.17,133.8,332.12,0.876,Body
det,43.7954,1268.61,773.78,40.76,52.66,0.71,Head
err,43.8301,15.11,4.89
dbg,43.8301,15.1,0.0,4.9,0.0
det,43.8301,1221.19,771.7,158.2,317.0,0.891,Body
det,43.8301,1266.57,774.83,57.08,54.65,0.716,Head
cmd,43.8301,19,6
err,43.8623,40.17,5.44
dbg,43.8623,40.2,0.0,5.4,0.0
det,43.8623,1232.55,774.06,159.13,312.66,0.897,Body
det,43.8623,1301.68,777.88,37.0,50.12,0.557,Head
err,43.8934,54.47,6.16
dbg,43.8934,54.5,0.0,6.2,0.0
det,43.8934,1259.74,773.36,149.58,312.84,0.867,Body
det,43.8934,1313.14,776.93,42.65,53.14,0.643,Head
err,43.9266,79.19,5.5
dbg,43.9266,79.2,0.0,5.5,0.0
det,43.9266,1292.77,773.34,134.19,312.13,0.875,Body
det,43.9266,1340.53,778.15,37.32,49.71,0.71,Head
err,43.9605,93.65,1.09
dbg,43.9605,93.6,0.0,1.1,0.0
det,43.9605,1306.28,770.9,133.44,307.79,0.794,Body
det,43.9605,1355.45,775.05,36.39,47.35,0.741,Head
err,43.9967,115.59,-0.28
dbg,43.9967,115.6,0.0,-0.3,0.0
det,43.9967,1326.56,769.89,132.53,308.27,0.794,Body
det,43.9967,1375.56,771.94,40.06,50.51,0.784,Head
cmd,43.9967,45,0
err,44.0294,127.01,-2.54
dbg,44.0294,127.0,0.0,-2.5,0.0
det,44.0294,1329.1,768.47,123.69,300.54,0.821,Body
det,44.0294,1387.21,770.54,39.61,48.95,0.689,Head
err,44.063,131.95,-4.81
dbg,44.063,131.9,0.0,-4.8,0.0
det,44.063,1329.84,765.8,138.17,300.45,0.859,Body
det,44.063,1393.33,770.47,37.24,44.93,0.707,Head
err,44.0956,105.58,-5.08
dbg,44.0956,105.6,0.0,-5.1,0.0
det,44.0956,1311.42,764.43,131.44,303.66,0.862,Body
det,44.0956,1367.3,768.72,36.56,47.64,0.692,Head
err,44.1275,120.2,-7.2
dbg,44.1275,120.2,0.0,-7.2,0.0
det,44.1275,1330.61,761.25,129.2,305.55,0.802,Body
det,44.1275,1381.45,764.82,37.5,50.86,0.711,Head
err,44.1594,109.29,-5.26
dbg,44.1594,109.3,0.0,-5.3,0.0
det,44.1594,1334.83,764.64,108.91,300.95,0.696,Body
cmd,44.1594,45,-2
err,44.193,122.91,-9.8
dbg,44.193,122.9,0.0,-9.8,0.0
det,44.193,1319.2,759.48,167.42,307.19,0.766,Body
err,44.2272,112.4,-8.56
dbg,44.2272,112.4,0.0,-8.6,0.0
det,44.2272,1295.2,761.93,171.63,302.36,0.854,Body
det,44.2272,1373.76,764.42,37.27,49.13,0.679,Head
err,44.2601,54.61,-9.32
dbg,44.2601,54.6,0.0,-9.3,0.0
det,44.2601,1242.98,763.47,165.78,303.0,0.885,Body
det,44.2601,1315.42,764.85,38.38,46.97,0.673,Head
err,44.2961,21.0,-8.5
dbg,44.2961,21.0,0.0,-8.5,0.0
det,44.2961,1217.83,762.0,160.7,303.59,0.899,Body
det,44.2961,1280.32,764.55,41.37,48.99,0.715,Head
err,44.3317,1.64,-7.58
dbg,44.3317,1.6,0.0,-7.6,0.0
det,44.3317,1199.66,765.4,172.47,298.51,0.896,Body
det,44.3317,1261.34,766.56,40.59,47.01,0.741,Head
err,44.3633,-5.4,-11.36
dbg,44.3633,-5.4,0.0,-11.4,0.0
det,44.3633,1197.73,760.19,167.98,296.15,0.909,Body
det,44.3633,1256.13,763.08,36.93,46.46,0.768,Head
cmd,44.3633,-7,-14
err,44.3962,-8.44,-11.2
dbg,44.3962,-8.4,0.0,-11.2,0.0
det,44.3962,1194.09,759.55,160.64,299.43,0.869,Body
det,44.3962,1252.63,762.93,37.87,47.04,0.755,Head
err,44.4275,-9.23,-12.18
dbg,44.4275,-9.2,0.0,-12.2,0.0
det,44.4275,1193.05,759.51,149.32,301.27,0.883,Body
det,44.4275,1252.01,762.23,37.52,46.53,0.691,Head
err,44.4605,-2.85,0.4
dbg,44.4605,-2.8,0.0,0.4,0.0
det,44.4605,1200.34,769.47,143.1,306.66,0.887,Body
det,44.4605,1256.89,773.66,40.52,48.6,0.767,Head
err,44.4933,-2.9,0.41
dbg,44.4933,-2.9,0.0,0.4,0.0
det,44.4933,1200.45,769.2,142.97,306.95,0.887,Body
det,44.4933,1256.81,773.68,40.59,48.61,0.768,Head
err,44.5281,-2.96,0.29
dbg,44.5281,-3.0,0.0,0.3,0.0
det,44.5281,1200.32,769.44,143.2,306.68,0.887,Body
det,44.5281,1256.83,773.64,40.42,48.47,0.767,Head
err,44.5603,-2.98,0.34
dbg,44.5603,-3.0,0.0,0.3,0.0
det,44.5603,1200.23,769.27,143.37,306.38,0.887,Body
det,44.5603,1256.85,773.63,40.34,48.55,0.767,Head
err,44.5933,-2.87,0.31
dbg,44.5933,-2.9,0.0,0.3,0.0
det,44.5933,1200.0,769.35,143.64,306.41,0.886,Body
det,44.5933,1256.86,773.65,40.55,48.48,0.765,Head
err,44.6281,-2.83,0.38
dbg,44.6281,-2.8,0.0,0.4,0.0
det,44.6281,1200.25,769.39,143.42,306.39,0.886,Body
det,44.6281,1257.07,773.81,40.21,48.29,0.759,Head
err,44.6647,-2.8,0.34
dbg,44.6647,-2.8,0.0,0.3,0.0
det,44.6647,1200.31,769.67,143.27,306.54,0.886,Body
det,44.6647,1257.15,773.88,40.1,48.1,0.76,Head
err,44.6968,-2.92,0.32
dbg,44.6968,-2.9,0.0,0.3,0.0
det,44.6968,1200.52,769.24,142.73,306.85,0.886,Body
det,44.6968,1256.82,773.75,40.52,48.32,0.763,Head
err,44.7303,-3.73,-0.1
dbg,44.7303,-3.7,0.0,-0.1,0.0
det,44.7303,1197.38,768.98,142.15,306.75,0.892,Body
det,44.7303,1256.39,773.3,39.75,48.37,0.726,Head
err,44.761,-8.0,-0.62
dbg,44.761,-8.0,0.0,-0.6,0.0
det,44.761,1191.08,766.02,138.57,307.7,0.887,Body
det,44.761,1247.57,771.31,48.85,51.05,0.76,Head
err,44.7955,-33.34,2.91
dbg,44.7955,-33.3,0.0,2.9,0.0
det,44.7955,1175.0,772.82,143.33,300.94,0.921,Body
cmd,44.7955,-42,4
err,44.832,-46.21,2.8
dbg,44.832,-46.2,0.0,2.8,0.0
det,44.832,1145.4,771.43,159.48,305.03,0.907,Body
det,44.832,1213.84,775.63,39.89,49.39,0.703,Head
err,44.8622,-65.05,2.95
dbg,44.8622,-65.0,0.0,3.0,0.0
det,44.8622,1109.63,773.26,185.91,304.39,0.906,Body
det,44.8622,1195.97,775.69,37.96,49.56,0.721,Head
err,44.8949,-57.81,4.46
dbg,44.8949,-57.8,0.0,4.5,0.0
det,44.8949,1100.46,775.2,218.07,297.45,0.916,Body
det,44.8949,1203.07,776.65,38.24,50.57,0.575,Head
err,44.9279,-81.8,2.32
dbg,44.9279,-81.8,0.0,2.3,0.0
det,44.9279,1067.32,774.71,242.76,296.83,0.904,Body
det,44.9279,1178.08,775.51,40.24,48.76,0.769,Head
det,44.9279,1132.21,772.73,136.31,117.93,0.461,Body
err,44.9624,-110.36,2.25
dbg,44.9624,-110.4,0.0,2.3,0.0
det,44.9624,1038.27,774.21,268.76,298.57,0.9,Body
det,44.9624,1149.88,775.02,39.53,49.52,0.755,Head
det,44.9624,1106.77,772.91,144.44,114.98,0.549,Body
cmd,44.9624,-45,1
err,44.9946,-136.38,2.0
dbg,44.9946,-136.4,0.0,2.0,0.0
det,44.9946,1016.03,779.31,271.5,299.65,0.908,Body
det,44.9946,1125.26,775.32,36.71,48.51,0.712,Head
det,44.9946,1084.36,773.22,138.68,116.54,0.416,Body
err,45.0279,-118.68,-3.74
dbg,45.0279,-118.7,0.0,-3.7,0.0
det,45.0279,1040.69,768.95,265.56,299.04,0.896,Body
det,45.0279,1142.43,769.6,37.8,48.46,0.723,Head
err,45.0617,-47.84,-6.87
dbg,45.0617,-47.8,0.0,-6.9,0.0
det,45.0617,1131.01,771.72,234.88,291.35,0.924,Body
det,45.0617,1213.54,768.62,37.24,44.56,0.673,Head
err,45.0941,-25.45,-7.5
dbg,45.0941,-25.5,0.0,-7.5,0.0
det,45.0941,1193.88,764.39,144.63,296.13,0.869,Body
det,45.0941,1233.99,765.07,41.1,49.88,0.662,Head
err,45.1277,-28.6,-8.32
dbg,45.1277,-28.6,0.0,-8.3,0.0
det,45.1277,1188.4,760.35,137.97,310.66,0.78,Body
det,45.1277,1233.1,762.72,36.59,52.65,0.634,Head
cmd,45.1277,-36,-11
err,45.1628,-41.03,-11.84
dbg,45.1628,-41.0,0.0,-11.8,0.0
det,45.1628,1179.29,758.24,128.97,303.02,0.795,Body
det,45.1628,1218.64,760.48,40.67,50.33,0.524,Head
err,45.1972,-55.34,-11.28
dbg,45.1972,-55.3,0.0,-11.3,0.0
det,45.1972,1163.97,757.36,142.6,307.71,0.865,Body
det,45.1972,1205.7,760.87,37.93,50.63,0.639,Head
err,45.2313,-63.39,-10.23
dbg,45.2313,-63.4,0.0,-10.2,0.0
det,45.2313,1156.69,756.65,141.18,310.13,0.88,Body
det,45.2313,1198.21,761.26,36.81,51.84,0.705,Head
err,45.2659,-64.71,-8.28
dbg,45.2659,-64.7,0.0,-8.3,0.0
det,45.2659,1155.5,762.52,139.26,304.87,0.864,Body
det,45.2659,1196.82,764.64,36.94,49.24,0.673,Head
err,45.2999,-33.74,3.69
dbg,45.2999,-33.7,0.0,3.7,0.0
det,45.2999,1188.86,769.43,126.53,313.42,0.874,Body
det,45.2999,1226.66,774.17,39.19,53.69,0.726,Head
cmd,45.2999,-43,5
err,45.3288,-26.21,-0.35
dbg,45.3288,-26.2,0.0,-0.3,0.0
det,45.3288,1185.68,766.89,120.97,322.14,0.877,Body
det,45.3288,1234.03,769.22,39.52,55.34,0.686,Head
err,45.3611,-30.49,0.83
dbg,45.3611,-30.5,0.0,0.8,0.0
det,45.3611,1176.22,767.91,137.32,322.51,0.89,Body
det,45.3611,1228.56,771.99,41.91,52.44,0.693,Head
err,45.3959,-6.05,-2.77
dbg,45.3959,-6.1,0.0,-2.8,0.0
det,45.3959,1196.12,763.68,143.83,321.89,0.894,Body
det,45.3959,1254.95,768.43,37.98,52.36,0.706,Head
err,45.4303,-5.72,-2.04
dbg,45.4303,-5.7,0.0,-2.0,0.0
det,45.4303,1192.86,766.55,150.89,316.84,0.874,Body
det,45.4303,1256.47,771.08,35.63,48.87,0.709,Head
err,45.4625,-19.04,-0.72
dbg,45.4625,-19.0,0.0,-0.7,0.0
det,45.4625,1171.41,767.71,171.11,318.28,0.893,Body
det,45.4625,1242.54,772.9,36.82,47.96,0.699,Head
cmd,45.4625,-24,-1
err,45.4955,-40.24,0.95
dbg,45.4955,-40.2,0.0,0.9,0.0
det,45.4955,1133.9,768.71,197.82,317.81,0.901,Body
det,45.4955,1218.8,773.28,41.91,50.3,0.745,Head
err,45.5303,-70.33,1.85
dbg,45.5303,-70.3,0.0,1.9,0.0
det,45.5303,1097.94,774.32,220.44,311.95,0.932,Body
det,45.5303,1190.33,775.93,38.67,47.13,0.697,Head
err,45.5616,-80.17,1.85
dbg,45.5616,-80.2,0.0,1.8,0.0
det,45.5616,1081.73,774.66,242.23,312.67,0.932,Body
det,45.5616,1180.4,774.95,38.87,48.91,0.764,Head
err,45.5955,-111.7,4.01
dbg,45.5955,-111.7,0.0,4.0,0.0
det,45.5955,1048.05,775.14,260.5,311.7,0.917,Body
det,45.5955,1148.67,775.82,39.25,51.26,0.718,Head
err,45.6275,-137.12,3.24
dbg,45.6275,-137.1,0.0,3.2,0.0
det,45.6275,1027.54,774.88,259.03,309.43,0.927,Body
det,45.6275,1122.64,774.71,40.48,51.88,0.721,Head
cmd,45.6275,-45,1
err,45.663,-153.96,2.55
dbg,45.663,-154.0,0.0,2.6,0.0
det,45.663,1021.01,774.55,245.65,306.63,0.933,Body
det,45.663,1104.86,774.04,42.36,51.84,0.76,Head
err,45.6982,-146.24,6.61
dbg,45.6982,-146.2,0.0,6.6,0.0
det,45.6982,1023.24,776.2,221.05,304.13,0.917,Body
det,45.6982,1096.69,774.58,40.57,50.4,0.543,Head
err,45.7328,-119.85,1.96
dbg,45.7328,-119.9,0.0,2.0,0.0
det,45.7328,1086.07,770.72,179.72,308.14,0.884,Body
det,45.7328,1139.97,774.42,40.35,50.07,0.708,Head
err,45.7682,-95.43,1.27
dbg,45.7682,-95.4,0.0,1.3,0.0
det,45.7682,1120.58,772.3,145.23,309.69,0.878,Body
det,45.7682,1164.44,773.81,40.25,49.93,0.755,Head
err,45.7993,-74.44,3.44
dbg,45.7993,-74.4,0.0,3.4,0.0
det,45.7993,1150.5,772.43,119.65,310.47,0.871,Body
det,45.7993,1189.11,776.37,32.9,49.22,0.775,Head
cmd,45.7993,-45,2
err,45.8328,-50.74,1.7
dbg,45.8328,-50.7,0.0,1.7,0.0
det,45.8328,1174.65,770.8,117.89,319.27,0.818,Body
det,45.8328,1210.35,774.58,37.81,49.31,0.713,Head
err,45.866,-21.41,3.37
dbg,45.866,-21.4,0.0,3.4,0.0
det,45.866,1207.21,776.09,113.81,319.77,0.87,Body
det,45.866,1243.84,778.14,29.49,45.86,0.766,Head
err,45.9003,24.43,4.12
dbg,45.9003,24.4,0.0,4.1,0.0
det,45.9003,1252.96,776.49,101.67,317.97,0.886,Body
det,45.9003,1288.66,778.23,31.53,47.06,0.758,Head
err,45.9301,25.88,3.63
dbg,45.9301,25.9,0.0,3.6,0.0
det,45.9301,1252.3,775.18,109.87,322.26,0.869,Body
det,45.9301,1290.2,777.09,31.36,48.25,0.723,Head
err,45.9625,26.01,3.64
dbg,45.9625,26.0,0.0,3.6,0.0
det,45.9625,1252.34,775.46,110.72,323.12,0.872,Body
det,45.9625,1290.63,777.11,30.76,48.24,0.737,Head
cmd,45.9625,33,5
err,45.9983,27.92,4.16
dbg,45.9983,27.9,0.0,4.2,0.0
det,45.9983,1253.54,774.42,112.32,322.69,0.88,Body
det,45.9983,1291.36,776.37,33.12,50.52,0.724,Head
err,46.0327,38.44,5.15
dbg,46.0327,38.4,0.0,5.1,0.0
det,46.0327,1256.08,776.76,113.9,318.29,0.9,Body
det,46.0327,1300.97,777.4,34.95,50.46,0.758,Head
err,46.0654,25.15,3.21
dbg,46.0654,25.2,0.0,3.2,0.0
det,46.0654,1230.57,770.54,143.8,315.13,0.877,Body
det,46.0654,1282.51,774.54,45.29,52.12,0.721,Head
err,46.0965,46.2,5.17
dbg,46.0965,46.2,0.0,5.2,0.0
det,46.0965,1240.86,776.14,161.28,305.31,0.888,Body
det,46.0965,1308.09,776.7,36.22,51.76,0.726,Head
err,46.132,67.0,3.98
dbg,46.132,67.0,0.0,4.0,0.0
det,46.132,1274.03,776.49,139.83,305.59,0.88,Body
det,46.132,1328.28,778.21,37.42,46.85,0.796,Head
cmd,46.132,45,3
err,46.1622,90.22,3.85
dbg,46.1622,90.2,0.0,3.9,0.0
det,46.1622,1307.23,774.6,129.28,304.96,0.867,Body
det,46.1622,1352.79,777.25,34.86,48.36,0.715,Head
err,46.1951,117.08,3.27
dbg,46.1951,117.1,0.0,3.3,0.0
det,46.1951,1337.86,772.64,125.37,310.38,0.778,Body
det,46.1951,1379.05,776.7,36.05,48.31,0.629,Head
err,46.2285,111.02,2.55
dbg,46.2285,111.0,0.0,2.5,0.0
det,46.2285,1326.97,770.31,127.39,311.32,0.836,Body
det,46.2285,1372.99,775.13,36.06,49.84,0.76,Head
err,46.2642,134.33,0.1
dbg,46.2642,134.3,0.0,0.1,0.0
det,46.2642,1346.19,768.08,133.39,314.64,0.816,Body
det,46.2642,1394.12,771.61,40.41,51.8,0.678,Head
err,46.2975,136.69,2.4
dbg,46.2975,136.7,0.0,2.4,0.0
det,46.2975,1335.96,771.06,149.5,306.31,0.845,Body
det,46.2975,1399.97,774.55,33.46,50.62,0.787,Head
cmd,46.2975,45,1
err,46.3329,103.39,0.21
dbg,46.3329,103.4,0.0,0.2,0.0
det,46.3329,1292.81,767.62,156.51,310.06,0.874,Body
det,46.3329,1362.94,770.44,40.9,54.12,0.726,Head
err,46.366,58.31,-4.95
dbg,46.366,58.3,0.0,-4.9,0.0
det,46.366,1250.72,761.67,160.51,314.88,0.87,Body
det,46.366,1320.0,766.49,36.6,51.93,0.696,Head
err,46.3994,-21.01,-9.82
dbg,46.3994,-21.0,0.0,-9.8,0.0
det,46.3994,1197.63,755.45,130.6,321.15,0.831,Body
det,46.3994,1239.18,762.15,39.63,50.97,0.696,Head
err,46.4312,-53.36,-13.44
dbg,46.4312,-53.4,0.0,-13.4,0.0
det,46.4312,1170.35,756.26,129.63,313.51,0.796,Body
det,46.4312,1206.83,758.64,39.62,50.75,0.71,Head
err,46.4638,-62.73,-16.55
dbg,46.4638,-62.7,0.0,-16.6,0.0
det,46.4638,1154.92,751.64,134.21,315.18,0.868,Body
det,46.4638,1199.03,755.48,36.49,50.86,0.755,Head
cmd,46.4638,-44,-11
err,46.4953,-63.42,-18.46
dbg,46.4953,-63.4,0.0,-18.5,0.0
det,46.4953,1155.31,751.25,126.9,321.0,0.892,Body
det,46.4953,1199.7,754.21,33.76,49.7,0.772,Head
err,46.5281,-63.73,-19.13
dbg,46.5281,-63.7,0.0,-19.1,0.0
det,46.5281,1152.68,749.8,130.42,326.14,0.895,Body
det,46.5281,1199.36,752.34,33.82,51.87,0.781,Head
err,46.5616,-30.97,-13.12
dbg,46.5616,-31.0,0.0,-13.1,0.0
det,46.5616,1179.37,750.69,136.82,332.59,0.885,Body
det,46.5616,1229.18,758.91,39.7,50.86,0.71,Head
err,46.5955,-30.89,-13.05
dbg,46.5955,-30.9,0.0,-13.0,0.0
det,46.5955,1179.37,749.96,136.53,333.36,0.881,Body
det,46.5955,1229.32,758.7,39.59,51.37,0.715,Head
err,46.6283,-30.53,-13.24
dbg,46.6283,-30.5,0.0,-13.2,0.0
det,46.6283,1179.23,749.48,137.51,333.89,0.882,Body
det,46.6283,1229.3,758.37,40.35,51.63,0.717,Head
cmd,46.6283,-39,-17
err,46.6614,-30.57,-13.32
dbg,46.6614,-30.6,0.0,-13.3,0.0
det,46.6614,1179.04,749.44,137.74,333.91,0.883,Body
det,46.6614,1229.15,758.28,40.56,51.64,0.721,Head
err,46.6953,-30.58,-13.77
dbg,46.6953,-30.6,0.0,-13.8,0.0
det,46.6953,1179.29,749.25,137.58,334.11,0.885,Body
det,46.6953,1229.72,757.92,39.4,51.46,0.726,Head
err,46.7295,-2.17,1.94
dbg,46.7295,-2.2,0.0,1.9,0.0
det,46.7295,1213.28,769.68,127.6,329.01,0.89,Body
det,46.7295,1260.77,774.67,34.12,49.58,0.773,Head
err,46.762,-2.16,1.89
dbg,46.762,-2.2,0.0,1.9,0.0
det,46.762,1213.22,769.72,127.78,328.97,0.89,Body
det,46.762,1260.76,774.62,34.16,49.59,0.773,Head
err,46.7944,-2.21,1.75
dbg,46.7944,-2.2,0.0,1.7,0.0
det,46.7944,1212.9,769.41,128.1,329.45,0.89,Body
det,46.7944,1260.14,774.38,35.31,49.76,0.775,Head
err,46.8297,-2.15,1.99
dbg,46.8297,-2.2,0.0,2.0,0.0
det,46.8297,1212.83,769.43,128.25,329.51,0.889,Body
det,46.8297,1260.26,774.44,35.17,50.09,0.771,Head
err,46.864,1.45,2.04
dbg,46.864,1.5,0.0,2.0,0.0
det,46.864,1214.77,770.33,133.07,327.94,0.903,Body
det,46.864,1265.68,775.82,31.54,47.68,0.772,Head
err,46.8979,8.6,4.03
dbg,46.8979,8.6,0.0,4.0,0.0
det,46.8979,1219.41,771.58,137.12,326.23,0.873,Body
det,46.8979,1268.47,775.44,40.26,51.97,0.727,Head
err,46.9296,19.34,4.88
dbg,46.9296,19.3,0.0,4.9,0.0
det,46.9296,1224.8,771.28,151.56,319.14,0.884,Body
det,46.9296,1274.8,774.37,49.07,55.49,0.709,Head
cmd,46.9296,25,6
err,46.9641,42.83,7.19
dbg,46.9641,42.8,0.0,7.2,0.0
det,46.9641,1237.67,775.53,159.11,312.4,0.869,Body
det,46.9641,1302.78,778.45,40.11,52.24,0.613,Head
err,46.9975,64.55,8.71
dbg,46.9975,64.5,0.0,8.7,0.0
det,46.9975,1265.12,776.75,147.21,309.57,0.875,Body
det,46.9975,1325.5,780.12,38.09,51.98,0.729,Head
err,47.0323,66.79,3.57
dbg,47.0323,66.8,0.0,3.6,0.0
det,47.0323,1279.25,769.38,133.71,312.91,0.851,Body
det,47.0323,1325.39,775.31,42.81,51.39,0.735,Head
err,47.0637,95.18,1.63
dbg,47.0637,95.2,0.0,1.6,0.0
det,47.0637,1307.86,769.92,136.91,313.66,0.798,Body
det,47.0637,1355.84,774.49,38.68,49.35,0.743,Head
err,47.0957,124.11,3.57
dbg,47.0957,124.1,0.0,3.6,0.0
det,47.0957,1337.06,772.12,127.25,310.14,0.8,Body
det,47.0957,1386.97,775.29,34.28,51.42,0.638,Head
cmd,47.0957,45,1
err,47.1281,144.9,0.35
dbg,47.1281,144.9,0.0,0.3,0.0
det,47.1281,1352.99,768.22,123.28,307.67,0.834,Body
det,47.1281,1405.67,773.64,38.46,48.56,0.738,Head
err,47.1616,143.08,-2.92
dbg,47.1616,143.1,0.0,-2.9,0.0
det,47.1616,1337.72,767.63,133.7,300.77,0.839,Body
det,47.1616,1404.01,771.24,38.15,46.97,0.751,Head
err,47.195,102.56,-5.96
dbg,47.195,102.6,0.0,-6.0,0.0
det,47.195,1305.16,762.71,134.43,303.87,0.862,Body
det,47.195,1362.16,767.02,40.82,49.13,0.737,Head
err,47.2287,95.97,-12.12
dbg,47.2287,96.0,0.0,-12.1,0.0
det,47.2287,1305.11,757.7,133.42,308.91,0.8,Body
det,47.2287,1356.18,761.24,39.57,48.44,0.719,Head
err,47.2627,97.22,-12.01
dbg,47.2627,97.2,0.0,-12.0,0.0
det,47.2627,1310.83,755.42,131.48,309.49,0.799,Body
det,47.2627,1356.71,759.95,41.03,50.98,0.717,Head
cmd,47.2627,45,-6
err,47.2958,101.21,-11.59
dbg,47.2958,101.2,0.0,-11.6,0.0
det,47.2958,1314.28,756.26,135.21,305.77,0.794,Body
det,47.2958,1361.08,760.71,40.27,50.37,0.757,Head
err,47.3304,95.3,-6.14
dbg,47.3304,95.3,0.0,-6.1,0.0
det,47.3304,1309.11,761.16,132.65,305.36,0.798,Body
det,47.3304,1355.08,765.71,40.44,51.18,0.741,Head
err,47.3711,57.01,3.64
dbg,47.3711,57.0,0.0,3.6,0.0
det,47.3711,1280.76,777.66,123.33,300.55,0.767,Body
det,47.3711,1321.47,776.58,31.08,49.2,0.659,Head
det,47.3711,1281.46,776.91,119.14,112.26,0.351,Body
err,47.4103,55.43,2.87
dbg,47.4103,55.4,0.0,2.9,0.0
det,47.4103,1276.44,773.06,134.08,304.14,0.827,Body
det,47.4103,1318.31,775.54,34.23,49.69,0.691,Head
err,47.4404,53.58,-0.97
dbg,47.4404,53.6,0.0,-1.0,0.0
det,47.4404,1268.99,769.78,146.23,301.57,0.863,Body
det,47.4404,1313.85,771.78,39.46,49.55,0.725,Head
cmd,47.4404,45,-1
err,47.4762,52.71,-1.41
dbg,47.4762,52.7,0.0,-1.4,0.0
det,47.4762,1262.58,765.67,145.96,311.68,0.86,Body
det,47.4762,1313.09,770.75,39.23,50.62,0.773,Head
err,47.5083,48.55,-2.83
dbg,47.5083,48.5,0.0,-2.8,0.0
det,47.5083,1256.83,766.89,140.45,312.93,0.888,Body
det,47.5083,1310.53,770.88,36.04,47.79,0.752,Head
err,47.5447,10.85,0.43
dbg,47.5447,10.8,0.0,0.4,0.0
det,47.5447,1219.27,770.36,139.31,310.41,0.885,Body
det,47.5447,1271.25,773.6,39.2,48.77,0.722,Head
err,47.5783,9.02,-0.84
dbg,47.5783,9.0,0.0,-0.8,0.0
det,47.5783,1218.5,768.97,139.66,311.09,0.886,Body
det,47.5783,1270.48,772.95,37.09,47.66,0.644,Head
err,47.611,9.09,-0.93
dbg,47.611,9.1,0.0,-0.9,0.0
det,47.611,1218.22,768.71,139.88,311.44,0.886,Body
det,47.611,1270.6,772.84,37.0,47.68,0.647,Head
err,47.6429,8.92,-0.86
dbg,47.6429,8.9,0.0,-0.9,0.0
det,47.6429,1218.27,768.82,139.85,311.29,0.886,Body
det,47.6429,1270.29,772.9,37.25,47.72,0.657,Head
err,47.6759,8.61,-1.49
dbg,47.6759,8.6,0.0,-1.5,0.0
det,47.6759,1218.41,768.81,139.78,311.26,0.886,Body
det,47.6759,1270.36,772.87,36.52,46.61,0.65,Head
err,47.7104,8.48,-1.53
dbg,47.7104,8.5,0.0,-1.5,0.0
det,47.7104,1217.96,769.27,140.06,311.14,0.886,Body
det,47.7104,1270.39,772.87,36.19,46.54,0.646,Head
err,47.743,8.48,-1.56
dbg,47.743,8.5,0.0,-1.6,0.0
det,47.743,1217.58,768.97,140.36,311.57,0.886,Body
det,47.743,1270.35,772.66,36.25,46.89,0.638,Head
err,47.7778,6.1,-1.05
dbg,47.7778,6.1,0.0,-1.0,0.0
det,47.7778,1215.74,769.78,140.12,310.48,0.881,Body
det,47.7778,1266.33,773.1,39.54,47.01,0.68,Head
err,47.8104,-0.26,0.64
dbg,47.8104,6.1,0.0,-1.0,0.0
det,47.8104,1205.74,768.93,138.89,311.83,0.896,Body
det,47.8104,1257.91,772.59,43.64,51.0,0.72,Head
err,47.8419,-13.63,3.15
dbg,47.8419,-13.6,0.0,3.1,0.0
det,47.8419,1188.17,771.52,143.94,311.1,0.888,Body
det,47.8419,1245.78,774.9,41.18,51.37,0.731,Head
cmd,47.8419,-17,4
err,47.8767,-31.91,2.45
dbg,47.8767,-31.9,0.0,2.4,0.0
det,47.8767,1158.9,771.01,161.65,311.46,0.904,Body
det,47.8767,1226.85,774.58,42.49,50.68,0.725,Head
err,47.9116,-51.35,6.01
dbg,47.9116,-51.3,0.0,6.0,0.0
det,47.9116,1120.92,775.59,188.44,305.42,0.915,Body
det,47.9116,1210.72,779.44,35.86,48.31,0.663,Head
err,47.9419,-75.94,7.28
dbg,47.9419,-75.9,0.0,7.3,0.0
det,47.9419,1083.38,779.1,215.7,303.97,0.929,Body
det,47.9419,1184.49,780.03,39.15,49.53,0.579,Head
err,47.976,-102.44,7.27
dbg,47.976,-102.4,0.0,7.3,0.0
det,47.976,1051.95,780.25,229.45,303.65,0.922,Body
det,47.976,1158.83,779.92,37.47,49.72,0.703,Head
err,48.0088,-117.71,3.07
dbg,48.0088,-117.7,0.0,3.1,0.0
det,48.0088,1031.07,777.57,247.84,305.93,0.93,Body
det,48.0088,1143.72,777.03,37.14,47.34,0.741,Head
cmd,48.0088,-45,1
err,48.0416,-147.61,8.05
dbg,48.0416,-147.6,0.0,8.0,0.0
det,48.0416,998.56,777.35,267.66,306.95,0.941,Body
det,48.0416,1114.41,775.67,35.77,50.22,0.51,Head
err,48.076,-155.35,6.31
dbg,48.076,-155.4,0.0,6.3,0.0
det,48.076,989.57,775.54,270.14,307.74,0.922,Body
det,48.076,1092.93,775.28,41.17,49.26,0.737,Head
err,48.109,-107.38,-0.67
dbg,48.109,-107.4,0.0,-0.7,0.0
det,48.109,1067.31,772.82,244.43,301.47,0.921,Body
det,48.109,1152.13,770.4,40.97,52.6,0.64,Head
err,48.1415,-75.16,4.44
dbg,48.1415,-75.2,0.0,4.4,0.0
det,48.1415,1123.92,771.93,199.22,304.82,0.894,Body
det,48.1415,1183.88,774.15,41.92,55.06,0.698,Head
err,48.1752,-60.4,2.39
dbg,48.1752,-60.4,0.0,2.4,0.0
det,48.1752,1158.9,770.97,132.99,307.65,0.869,Body
det,48.1752,1200.04,774.82,39.11,50.12,0.78,Head
cmd,48.1752,-45,2
err,48.2107,-66.49,2.7
dbg,48.2107,-66.5,0.0,2.7,0.0
det,48.2107,1152.01,771.53,132.74,308.66,0.875,Body
det,48.2107,1193.11,775.17,40.79,50.04,0.787,Head
err,48.2425,-68.14,3.42
dbg,48.2425,-68.1,0.0,3.4,0.0
det,48.2425,1148.72,771.47,132.18,310.67,0.836,Body
det,48.2425,1192.16,775.22,39.39,51.27,0.713,Head
err,48.2756,-25.98,1.91
dbg,48.2756,-26.0,0.0,1.9,0.0
det,48.2756,1189.98,770.7,120.87,314.62,0.82,Body
det,48.2756,1232.88,773.76,42.29,51.18,0.73,Head
err,48.3108,-14.23,0.36
dbg,48.3108,-14.2,0.0,0.4,0.0
det,48.3108,1204.53,770.0,126.43,316.4,0.812,Body
det,48.3108,1244.18,771.92,43.18,51.7,0.767,Head
err,48.3425,-6.17,-3.47
dbg,48.3425,-6.2,0.0,-3.5,0.0
det,48.3425,1208.65,762.83,122.6,331.73,0.873,Body
det,48.3425,1252.87,766.76,41.92,54.13,0.714,Head
err,48.3764,-11.46,0.32
dbg,48.3764,-11.5,0.0,0.3,0.0
det,48.3764,1198.93,765.33,129.37,328.25,0.874,Body
det,48.3764,1248.04,769.13,41.0,56.7,0.724,Head
cmd,48.3764,-15,0
err,48.4097,-23.52,-0.34
dbg,48.4097,-23.5,0.0,-0.3,0.0
det,48.4097,1178.26,766.51,143.86,320.58,0.9,Body
det,48.4097,1234.78,771.46,43.39,51.28,0.72,Head
err,48.4457,-40.41,2.44
dbg,48.4457,-40.4,0.0,2.4,0.0
det,48.4457,1157.18,768.6,154.08,318.49,0.881,Body
det,48.4457,1219.48,773.94,40.22,51.82,0.718,Head
err,48.479,-60.18,2.71
dbg,48.479,-60.2,0.0,2.7,0.0
det,48.479,1127.2,770.2,173.75,317.03,0.907,Body
det,48.479,1200.59,775.16,38.46,50.09,0.72,Head
err,48.5142,-83.36,2.67
dbg,48.5142,-83.4,0.0,2.7,0.0
det,48.5142,1097.22,770.69,187.93,317.8,0.912,Body
det,48.5142,1177.64,775.36,38.02,49.67,0.73,Head
err,48.5488,-98.75,2.13
dbg,48.5488,-98.8,0.0,2.1,0.0
det,48.5488,1075.67,771.88,204.4,317.64,0.897,Body
det,48.5488,1162.45,775.97,37.59,47.56,0.709,Head
cmd,48.5488,-45,1
err,48.5806,-128.79,3.66
dbg,48.5806,-128.8,0.0,3.7,0.0
det,48.5806,1035.08,777.77,226.27,310.77,0.941,Body
det,48.5806,1132.59,777.13,37.24,48.25,0.767,Head
err,48.6128,-159.82,4.62
dbg,48.6128,-159.8,0.0,4.6,0.0
det,48.6128,999.97,777.1,246.32,310.93,0.93,Body
det,48.6128,1100.46,776.72,39.44,50.72,0.728,Head
err,48.6543,-158.72,3.51
dbg,48.6543,-158.7,0.0,3.5,0.0
det,48.6543,1005.72,774.29,250.8,311.79,0.936,Body
det,48.6543,1099.62,774.69,43.33,52.41,0.75,Head
err,49.1291,-137.25,16.15
dbg,49.1291,-137.3,0.0,16.1,0.0
det,49.1291,1052.89,785.4,172.68,298.85,0.882,Body
det,49.1291,1118.71,788.34,48.08,50.56,0.734,Head
cmd,49.1291,-45,5
err,49.1628,-84.23,21.78
dbg,49.1628,-84.2,0.0,21.8,0.0
det,49.1628,1097.59,786.76,182.11,297.47,0.914,Body
det,49.1628,1176.15,792.82,39.22,52.64,0.718,Head
err,49.1958,-50.62,22.58
dbg,49.1958,-50.6,0.0,22.6,0.0
det,49.1958,1135.53,789.03,171.84,296.42,0.895,Body
det,49.1958,1209.45,795.21,39.86,49.77,0.728,Head
err,49.2293,-23.32,21.1
dbg,49.2293,-23.3,0.0,21.1,0.0
det,49.2293,1173.26,785.16,151.18,301.6,0.868,Body
det,49.2293,1235.05,793.48,43.26,50.21,0.68,Head
err,49.2635,32.02,18.83
dbg,49.2635,32.0,0.0,18.8,0.0
det,49.2635,1255.55,787.88,125.23,298.74,0.881,Body
det,49.2635,1291.98,791.08,40.09,50.46,0.781,Head
err,49.2952,60.13,18.06
dbg,49.2952,60.1,0.0,18.1,0.0
det,49.2952,1290.95,791.66,110.26,297.19,0.866,Body
det,49.2952,1325.47,792.77,29.34,45.99,0.759,Head
cmd,49.2952,43,13
err,49.332,91.17,15.79
dbg,49.332,91.2,0.0,15.8,0.0
det,49.332,1314.35,787.24,121.96,310.32,0.839,Body
det,49.332,1354.69,788.56,32.97,49.51,0.759,Head
err,49.3737,124.47,17.89
dbg,49.3737,124.5,0.0,17.9,0.0
det,49.3737,1346.26,789.04,124.57,298.48,0.876,Body
det,49.3737,1388.47,789.99,31.99,50.73,0.767,Head
err,49.4237,146.31,6.07
dbg,49.4237,146.3,0.0,6.1,0.0
det,49.4237,1407.62,779.77,37.37,47.81,0.755,Head
det,49.4237,1360.16,776.83,140.76,317.74,0.73,Body
err,49.633,159.18,-2.49
dbg,49.633,159.2,0.0,-2.5,0.0
det,49.633,1310.5,762.55,257.35,349.62,0.776,Body
det,49.633,1417.94,763.61,47.13,58.96,0.68,Head
cmd,49.633,45,-1
err,49.6667,114.14,-6.1
dbg,49.6667,114.1,0.0,-6.1,0.0
det,49.6667,1271.03,761.74,213.53,321.89,0.735,Body
det,49.6667,1372.61,763.47,43.06,55.34,0.644,Head
err,49.6995,61.09,-7.62
dbg,49.6995,61.1,0.0,-7.6,0.0
det,49.6995,1231.81,763.43,206.59,313.3,0.865,Body
det,49.6995,1320.38,762.94,41.42,53.54,0.682,Head
err,49.7327,29.0,-5.48
dbg,49.7327,29.0,0.0,-5.5,0.0
det,49.7327,1216.65,764.38,175.7,312.0,0.88,Body
det,49.7327,1285.5,765.37,47.0,53.0,0.692,Head
err,49.7655,27.38,-3.5
dbg,49.7655,27.4,0.0,-3.5,0.0
det,49.7655,1210.49,768.57,180.22,306.8,0.881,Body
det,49.7655,1283.77,769.05,47.22,49.91,0.652,Head
err,49.798,45.0,-2.93
dbg,49.798,45.0,0.0,-2.9,0.0
det,49.798,1236.14,768.75,160.69,305.7,0.885,Body
det,49.798,1308.39,769.94,33.22,49.32,0.675,Head
cmd,49.798,45,-3
err,49.8324,29.3,-3.27
dbg,49.8324,29.3,0.0,-3.3,0.0
det,49.8324,1231.9,760.62,144.79,313.14,0.868,Body
det,49.8324,1290.46,768.67,37.67,51.0,0.67,Head
err,49.8643,50.3,-4.66
dbg,49.8643,50.3,0.0,-4.7,0.0
det,49.8643,1263.78,763.76,133.47,308.29,0.855,Body
det,49.8643,1310.38,767.18,39.85,51.2,0.737,Head
err,49.9004,76.99,-5.33
dbg,49.9004,77.0,0.0,-5.3,0.0
det,49.9004,1288.53,764.61,133.32,305.83,0.773,Body
det,49.9004,1339.69,768.33,34.6,47.87,0.72,Head
err,49.9343,68.57,-3.02
dbg,49.9343,68.6,0.0,-3.0,0.0
det,49.9343,1277.37,768.26,142.01,302.89,0.82,Body
det,49.9343,1327.77,770.14,41.59,48.8,0.72,Head
err,49.9748,99.24,-5.62
dbg,49.9748,99.2,0.0,-5.6,0.0
det,49.9748,1300.63,791.49,129.11,280.95,0.796,Body
det,49.9748,1359.71,769.0,39.07,46.14,0.732,Head
det,49.9748,1313.61,767.8,131.3,119.47,0.598,Body
cmd,49.9748,45,-3
err,50.0172,150.65,-4.82
dbg,50.0172,150.7,0.0,-4.8,0.0
det,50.0172,1347.09,768.55,144.11,290.36,0.724,Body
det,50.0172,1412.21,768.7,36.88,48.15,0.628,Head
err,50.234,140.8,-5.51
dbg,50.234,140.8,0.0,-5.5,0.0
det,50.234,1326.49,764.23,188.61,302.64,0.614,Body
cmd,50.234,45,-2
err,50.2774,142.15,-7.44
dbg,50.2774,142.2,0.0,-7.4,0.0
det,50.2774,1317.58,767.24,170.85,299.4,0.772,Body
det,50.2774,1402.69,767.9,38.92,44.84,0.689,Head
err,50.3275,115.45,-5.47
dbg,50.3275,115.5,0.0,-5.5,0.0
det,50.3275,1301.18,767.53,169.36,298.39,0.86,Body
det,50.3275,1376.21,769.85,38.47,44.87,0.745,Head
err,50.3797,96.61,-3.53
dbg,50.3797,96.6,0.0,-3.5,0.0
det,50.3797,1291.59,769.18,161.76,296.48,0.917,Body
det,50.3797,1355.21,770.86,42.8,46.57,0.751,Head
err,50.4196,67.07,-2.45
dbg,50.4196,67.1,0.0,-2.5,0.0
det,50.4196,1274.36,769.44,147.03,296.73,0.882,Body
det,50.4196,1326.94,771.51,40.26,47.34,0.763,Head
cmd,50.4196,45,-2
err,50.4491,62.65,-4.29
dbg,50.4491,62.7,0.0,-4.3,0.0
det,50.4491,1270.52,768.11,139.88,300.92,0.884,Body
det,50.4491,1323.54,771.08,38.23,44.79,0.727,Head
err,50.4823,29.12,-2.0
dbg,50.4823,29.1,0.0,-2.0,0.0
det,50.4823,1237.41,768.91,137.94,301.87,0.888,Body
det,50.4823,1289.94,772.77,38.37,45.87,0.709,Head
err,50.5136,-5.05,0.21
dbg,50.5136,-5.1,0.0,0.2,0.0
det,50.5136,1204.91,769.76,137.64,302.99,0.89,Body
det,50.5136,1254.97,774.26,39.95,47.19,0.704,Head
err,50.5475,-5.01,0.27
dbg,50.5475,-5.0,0.0,0.3,0.0
det,50.5475,1205.05,769.83,137.38,302.8,0.89,Body
det,50.5475,1254.88,774.25,40.23,47.3,0.712,Head
err,50.5834,-5.0,0.35
dbg,50.5834,-5.0,0.0,0.3,0.0
det,50.5834,1204.96,769.81,137.58,303.0,0.89,Body
det,50.5834,1254.91,774.27,40.19,47.42,0.704,Head
err,50.6145,-5.01,0.24
dbg,50.6145,-5.0,0.0,0.2,0.0
det,50.6145,1205.24,770.05,137.37,302.66,0.89,Body
det,50.6145,1254.94,774.4,40.1,46.99,0.715,Head
err,50.6495,-5.09,0.24
dbg,50.6495,-5.1,0.0,0.2,0.0
det,50.6495,1205.07,769.99,137.44,302.68,0.89,Body
det,50.6495,1254.83,774.38,40.17,47.0,0.716,Head
err,50.6858,-4.98,0.03
dbg,50.6858,-5.0,0.0,0.0,0.0
det,50.6858,1205.1,770.01,137.32,302.61,0.891,Body
det,50.6858,1254.96,774.42,40.13,46.57,0.719,Head
err,50.7164,-5.02,-0.05
dbg,50.7164,-5.0,0.0,-0.0,0.0
det,50.7164,1205.05,769.93,137.43,302.89,0.89,Body
det,50.7164,1254.98,774.4,39.99,46.46,0.711,Head
err,50.7522,11.95,-1.52
dbg,50.7522,12.0,0.0,-1.5,0.0
det,50.7522,1219.47,768.32,138.73,303.12,0.884,Body
det,50.7522,1272.0,773.25,39.9,45.86,0.724,Head
cmd,50.7522,15,-2
err,50.7844,33.43,-2.09
dbg,50.7844,33.4,0.0,-2.1,0.0
det,50.7844,1242.96,769.52,140.04,303.13,0.887,Body
det,50.7844,1293.19,773.13,40.47,45.05,0.757,Head
err,50.8156,47.29,-0.6
dbg,50.8156,47.3,0.0,-0.6,0.0
det,50.8156,1255.21,770.14,139.47,303.51,0.883,Body
det,50.8156,1307.33,774.04,39.92,46.11,0.747,Head
err,50.8507,48.16,0.84
dbg,50.8507,48.2,0.0,0.8,0.0
det,50.8507,1257.73,770.76,139.64,304.13,0.879,Body
det,50.8507,1308.91,775.0,38.5,47.0,0.768,Head
err,50.8816,34.58,2.61
dbg,50.8816,34.6,0.0,2.6,0.0
det,50.8816,1245.54,773.01,142.23,302.07,0.895,Body
det,50.8816,1293.49,776.37,42.18,47.73,0.74,Head
err,50.9147,39.32,2.66
dbg,50.9147,39.3,0.0,2.7,0.0
det,50.9147,1249.37,770.44,141.11,305.32,0.892,Body
det,50.9147,1299.45,776.62,39.74,47.34,0.721,Head
cmd,50.9147,45,3
err,50.9472,64.22,3.04
dbg,50.9472,64.2,0.0,3.0,0.0
det,50.9472,1275.33,773.37,136.71,302.07,0.88,Body
det,50.9472,1325.58,777.12,37.28,47.13,0.755,Head
err,50.9845,97.14,0.74
dbg,50.9845,97.1,0.0,0.7,0.0
det,50.9845,1308.48,772.73,132.04,303.68,0.88,Body
det,50.9845,1358.71,776.31,36.87,44.41,0.727,Head
err,51.014,85.49,0.49
dbg,51.014,85.5,0.0,0.5,0.0
det,51.014,1293.28,770.36,137.55,303.35,0.884,Body
det,51.014,1345.52,774.41,39.94,47.43,0.729,Head
err,51.0465,86.61,0.94
dbg,51.0465,86.6,0.0,0.9,0.0
det,51.0465,1293.78,768.27,135.54,305.63,0.889,Body
det,51.0465,1348.08,775.56,37.07,46.15,0.705,Head
err,51.0845,80.73,-0.31
dbg,51.0845,80.7,0.0,-0.3,0.0
det,51.0845,1285.34,769.09,139.69,304.83,0.888,Body
det,51.0845,1342.91,774.87,35.63,45.12,0.724,Head
cmd,51.0845,45,0
err,51.1159,67.0,2.61
dbg,51.1159,67.0,0.0,2.6,0.0
det,51.1159,1269.9,770.01,138.92,304.21,0.893,Body
det,51.1159,1328.28,775.1,37.45,50.02,0.783,Head
err,51.1473,35.57,3.0
dbg,51.1473,35.6,0.0,3.0,0.0
det,51.1473,1237.23,772.78,156.7,302.24,0.899,Body
det,51.1473,1307.35,776.4,42.46,56.25,0.547,Head
err,51.1831,18.94,6.13
dbg,51.1831,18.9,0.0,6.1,0.0
det,51.1831,1201.03,775.05,187.25,298.89,0.917,Body
det,51.1831,1275.6,778.64,46.68,49.97,0.692,Head
err,51.2168,5.21,5.72
dbg,51.2168,5.2,0.0,5.7,0.0
det,51.2168,1172.84,776.63,214.86,297.46,0.905,Body
det,51.2168,1265.99,779.82,38.44,47.1,0.715,Head
err,51.2518,-14.73,6.64
dbg,51.2518,-14.7,0.0,6.6,0.0
det,51.2518,1143.35,778.84,248.59,297.8,0.918,Body
det,51.2518,1242.57,778.94,45.39,50.36,0.724,Head
cmd,51.2518,-19,8
err,51.2845,-75.61,5.58
dbg,51.2845,-75.6,0.0,5.6,0.0
det,51.2845,1078.74,780.83,265.37,296.01,0.918,Body
det,51.2845,1185.92,779.01,36.92,48.31,0.603,Head
err,51.3182,-103.82,6.15
dbg,51.3182,-103.8,0.0,6.1,0.0
det,51.3182,1053.6,778.86,260.06,296.24,0.92,Body
det,51.3182,1155.7,778.31,40.96,50.61,0.675,Head
err,51.3522,-99.02,-3.13
dbg,51.3522,-99.0,0.0,-3.1,0.0
det,51.3522,1069.9,769.56,244.46,298.98,0.921,Body
det,51.3522,1161.38,768.99,39.2,50.69,0.74,Head
err,51.3856,-78.5,-2.33
dbg,51.3856,-78.5,0.0,-2.3,0.0
det,51.3856,1115.51,769.16,201.44,299.82,0.9,Body
det,51.3856,1182.09,771.86,38.82,46.94,0.772,Head
err,51.4186,-48.57,-5.64
dbg,51.4186,-48.6,0.0,-5.6,0.0
det,51.4186,1176.96,761.45,130.72,307.33,0.847,Body
det,51.4186,1210.46,765.57,41.92,52.34,0.706,Head
cmd,51.4186,-45,-5
err,51.4516,-30.7,-9.72
dbg,51.4516,-30.7,0.0,-9.7,0.0
det,51.4516,1193.14,758.87,118.51,305.31,0.79,Body
det,51.4516,1230.8,762.46,37.0,50.58,0.648,Head
err,51.4846,-26.34,-10.8
dbg,51.4846,-26.3,0.0,-10.8,0.0
det,51.4846,1177.34,758.9,152.64,303.07,0.859,Body
det,51.4846,1221.16,762.39,38.91,51.91,0.515,Head
err,51.5202,-54.13,-9.42
dbg,51.5202,-54.1,0.0,-9.4,0.0
det,51.5202,1148.53,759.98,176.36,307.05,0.891,Body
det,51.5202,1207.4,762.94,36.94,50.26,0.697,Head
err,51.5539,-32.84,-3.2
dbg,51.5539,-32.8,0.0,-3.2,0.0
det,51.5539,1158.68,762.08,185.54,308.08,0.885,Body
det,51.5539,1224.56,765.99,45.22,56.01,0.727,Head
err,51.5942,-38.32,-2.31
dbg,51.5942,-38.3,0.0,-2.3,0.0
det,51.5942,1166.77,765.33,162.34,310.48,0.896,Body
det,51.5942,1222.29,767.89,38.78,54.17,0.694,Head
cmd,51.5942,-45,-3
err,51.6361,-37.95,3.07
dbg,51.6361,-38.0,0.0,3.1,0.0
det,51.6361,1178.35,768.54,135.77,318.88,0.839,Body
det,51.6361,1220.44,773.02,43.22,54.64,0.701,Head
err,51.6695,-33.94,2.05
dbg,51.6695,-33.9,0.0,2.0,0.0
det,51.6695,1180.86,769.89,132.14,319.73,0.83,Body
det,51.6695,1225.21,772.26,41.69,54.16,0.725,Head
err,51.7016,3.34,0.73
dbg,51.7016,3.3,0.0,0.7,0.0
det,51.7016,1220.88,768.4,123.87,325.44,0.849,Body
det,51.7016,1264.25,772.31,38.16,51.67,0.719,Head
err,51.7337,6.55,-2.73
dbg,51.7337,6.5,0.0,-2.7,0.0
det,51.7337,1223.82,767.59,116.26,326.61,0.891,Body
det,51.7337,1268.91,770.33,35.28,48.99,0.681,Head
err,51.7692,7.3,-3.41
dbg,51.7692,7.3,0.0,-3.4,0.0
det,51.7692,1219.58,767.14,129.5,328.26,0.876,Body
det,51.7692,1269.16,768.64,36.28,50.82,0.702,Head
err,51.803,7.88,-3.71
dbg,51.803,7.9,0.0,-3.7,0.0
det,51.803,1220.78,765.2,130.84,330.19,0.875,Body
det,51.803,1269.89,768.27,35.98,50.94,0.704,Head
err,51.8362,7.82,-3.71
dbg,51.8362,7.8,0.0,-3.7,0.0
det,51.8362,1220.78,765.29,130.56,330.09,0.875,Body
det,51.8362,1270.04,768.28,35.55,50.92,0.71,Head
err,51.8695,8.64,-3.87
dbg,51.8695,8.6,0.0,-3.9,0.0
det,51.8695,1220.59,764.11,133.42,331.35,0.873,Body
det,51.8695,1269.22,767.88,38.84,51.38,0.675,Head
err,51.9018,12.85,-3.52
dbg,51.9018,12.9,0.0,-3.5,0.0
det,51.9018,1224.52,765.57,134.61,323.99,0.883,Body
det,51.9018,1271.95,768.63,41.8,50.65,0.718,Head
cmd,51.9018,16,-4
err,51.9355,21.04,0.73
dbg,51.9355,21.0,0.0,0.7,0.0
det,51.9355,1228.84,767.49,147.21,319.99,0.871,Body
det,51.9355,1276.85,769.36,48.38,57.03,0.684,Head
err,51.9672,42.05,3.97
dbg,51.9672,42.1,0.0,4.0,0.0
det,51.9672,1240.38,772.51,153.17,312.97,0.874,Body
det,51.9672,1304.23,775.74,35.66,51.32,0.582,Head
err,52.0026,60.75,3.88
dbg,52.0026,60.8,0.0,3.9,0.0
det,52.0026,1262.81,772.47,148.71,311.93,0.87,Body
det,52.0026,1323.88,775.14,33.74,52.26,0.685,Head
err,52.0334,81.49,2.9
dbg,52.0334,81.5,0.0,2.9,0.0
det,52.0334,1293.3,770.1,131.89,312.62,0.877,Body
det,52.0334,1341.54,775.17,39.92,50.42,0.733,Head
err,52.0676,107.54,4.79
dbg,52.0676,107.5,0.0,4.8,0.0
det,52.0676,1321.88,773.67,124.38,309.3,0.856,Body
det,52.0676,1370.51,777.96,34.06,48.77,0.683,Head
cmd,52.0676,45,2
err,52.1034,122.47,8.16
dbg,52.1034,122.5,0.0,8.2,0.0
det,52.1034,1335.34,776.5,134.12,309.2,0.77,Body
det,52.1034,1384.18,778.53,36.57,53.87,0.623,Head
err,52.1368,142.49,5.38
dbg,52.1368,142.5,0.0,5.4,0.0
det,52.1368,1366.13,775.08,112.72,302.96,0.526,Body
err,52.1704,120.68,3.29
dbg,52.1704,120.7,0.0,3.3,0.0
det,52.1704,1322.54,771.62,133.94,304.35,0.847,Body
det,52.1704,1381.76,775.97,37.86,49.67,0.749,Head
err,52.2053,78.8,-5.94
dbg,52.2053,78.8,0.0,-5.9,0.0
det,52.2053,1264.79,764.32,162.01,300.06,0.883,Body
det,52.2053,1339.58,767.77,38.44,47.79,0.728,Head
err,52.246,30.38,-13.81
dbg,52.246,30.4,0.0,-13.8,0.0
det,52.246,1209.86,756.97,168.94,297.67,0.87,Body
det,52.246,1290.71,760.19,39.33,47.26,0.688,Head
cmd,52.246,39,-18
err,52.2845,-16.08,-17.53
dbg,52.2845,-16.1,0.0,-17.5,0.0
det,52.2845,1174.46,752.73,154.06,302.44,0.874,Body
det,52.2845,1244.12,755.73,39.6,48.6,0.789,Head
err,52.3206,-18.34,-16.86
dbg,52.3206,-18.3,0.0,-16.9,0.0
det,52.3206,1193.01,753.62,132.72,301.07,0.856,Body
det,52.3206,1241.83,756.79,39.65,47.91,0.774,Head
err,52.3524,-20.34,-17.64
dbg,52.3524,-20.3,0.0,-17.6,0.0
det,52.3524,1199.7,752.06,127.03,303.25,0.826,Body
det,52.3524,1241.47,754.73,36.39,50.22,0.63,Head
err,52.3877,-50.11,-8.41
dbg,52.3877,-50.1,0.0,-8.4,0.0
det,52.3877,1191.74,762.92,109.36,302.4,0.821,Body
det,52.3877,1211.86,766.86,36.05,44.97,0.726,Head
err,52.4213,-51.15,-11.33
dbg,52.4213,-51.2,0.0,-11.3,0.0
det,52.4213,1161.89,758.09,134.51,312.08,0.866,Body
det,52.4213,1210.32,763.47,37.05,45.81,0.722,Head
cmd,52.4213,-44,-10
err,52.4542,-51.7,-12.75
dbg,52.4542,-51.7,0.0,-12.7,0.0
det,52.4542,1157.22,755.14,138.41,318.47,0.874,Body
det,52.4542,1210.91,762.36,34.78,45.25,0.729,Head
err,52.4861,-51.89,-12.79
dbg,52.4861,-51.9,0.0,-12.8,0.0
det,52.4861,1155.84,757.17,139.77,317.33,0.873,Body
det,52.4861,1210.04,762.03,36.12,45.77,0.752,Head
err,52.5194,-51.84,-12.89
dbg,52.5194,-51.8,0.0,-12.9,0.0
det,52.5194,1155.77,757.11,139.76,317.33,0.873,Body
det,52.5194,1210.07,762.01,36.17,45.65,0.754,Head
err,52.5521,-51.85,-12.85
dbg,52.5521,-51.8,0.0,-12.9,0.0
det,52.5521,1155.8,756.95,139.78,317.73,0.871,Body
det,52.5521,1209.94,761.9,36.42,45.9,0.753,Head
err,52.583,-18.37,-5.64
dbg,52.583,-18.4,0.0,-5.6,0.0
det,52.583,1190.32,759.09,136.18,322.39,0.887,Body
det,52.583,1244.28,768.17,34.69,47.63,0.693,Head
cmd,52.583,-23,-7
err,52.6152,-18.45,-5.69
dbg,52.6152,-18.4,0.0,-5.7,0.0
det,52.6152,1190.23,758.77,136.23,322.74,0.885,Body
det,52.6152,1243.8,767.98,35.51,47.87,0.688,Head
err,52.6481,-18.47,-5.9
dbg,52.6481,-18.5,0.0,-5.9,0.0
det,52.6481,1190.24,758.62,136.31,323.08,0.884,Body
det,52.6481,1243.93,767.89,35.2,47.66,0.683,Head
err,52.6842,-1.27,0.1
dbg,52.6842,-18.5,0.0,-5.9,0.0
det,52.6842,1204.92,767.97,140.54,318.71,0.889,Body
det,52.6842,1258.46,772.45,40.54,50.26,0.692,Head
err,52.7152,-1.25,-0.09
dbg,52.7152,-18.5,0.0,-5.9,0.0
det,52.7152,1205.22,768.25,140.09,318.39,0.888,Body
det,52.7152,1258.62,772.41,40.25,50.0,0.661,Head
err,52.7499,-1.31,-0.11
dbg,52.7499,-18.5,0.0,-5.9,0.0
det,52.7499,1205.29,768.07,139.93,318.54,0.888,Body
det,52.7499,1258.64,772.36,40.11,50.05,0.67,Head
err,52.7832,-1.27,-0.22
dbg,52.7832,-18.5,0.0,-5.9,0.0
det,52.7832,1205.24,767.63,140.03,319.05,0.889,Body
det,52.7832,1258.71,772.07,40.05,50.39,0.687,Head
err,52.8167,-1.31,-0.18
dbg,52.8167,-18.5,0.0,-5.9,0.0
det,52.8167,1205.11,767.61,140.0,319.01,0.888,Body
det,52.8167,1258.59,772.08,40.2,50.44,0.693,Head
err,52.8503,-1.23,-0.24
dbg,52.8503,-18.5,0.0,-5.9,0.0
det,52.8503,1205.38,767.54,139.94,319.08,0.889,Body
det,52.8503,1258.76,771.84,40.01,50.76,0.692,Head
err,52.8849,-1.21,-0.24
dbg,52.8849,-18.5,0.0,-5.9,0.0
det,52.8849,1205.5,767.73,139.76,318.82,0.888,Body
det,52.8849,1258.88,771.94,39.81,50.58,0.686,Head
err,52.9189,-1.19,-0.31
dbg,52.9189,-18.5,0.0,-5.9,0.0
det,52.9189,1205.51,767.88,139.63,318.71,0.889,Body
det,52.9189,1258.99,772.0,39.63,50.35,0.688,Head
err,52.9517,-1.19,-0.32
dbg,52.9517,-18.5,0.0,-5.9,0.0
det,52.9517,1205.29,767.94,139.85,318.58,0.889,Body
det,52.9517,1258.85,772.11,39.92,50.13,0.702,Head
err,52.9884,-1.07,-0.44
dbg,52.9884,-18.5,0.0,-5.9,0.0
det,52.9884,1205.44,768.04,139.79,318.5,0.889,Body
det,52.9884,1259.05,772.11,39.76,49.91,0.695,Head
err,53.0205,-1.03,-0.36
dbg,53.0205,-18.5,0.0,-5.9,0.0
det,53.0205,1205.39,768.14,139.86,318.36,0.889,Body
det,53.0205,1259.18,772.23,39.58,49.85,0.701,Head
err,53.0512,-1.02,-0.25
dbg,53.0512,-18.5,0.0,-5.9,0.0
det,53.0512,1205.28,768.11,140.02,318.49,0.888,Body
det,53.0512,1259.1,772.18,39.75,50.13,0.693,Head
err,53.0834,-1.07,-0.1
dbg,53.0834,-18.5,0.0,-5.9,0.0
det,53.0834,1205.25,768.31,139.85,318.15,0.891,Body
det,53.0834,1259.14,772.33,39.59,50.14,0.695,Head
err,53.1187,-1.03,-0.17
dbg,53.1187,-18.5,0.0,-5.9,0.0
det,53.1187,1205.37,768.08,139.89,318.39,0.891,Body
det,53.1187,1259.07,772.18,39.8,50.27,0.695,Head
err,53.1544,-2.74,0.29
dbg,53.1544,-2.7,0.0,0.3,0.0
det,53.1544,1204.51,769.54,139.29,316.78,0.887,Body
det,53.1544,1259.44,773.27,35.65,49.13,0.684,Head
err,53.1879,-7.91,2.49
dbg,53.1879,-7.9,0.0,2.5,0.0
det,53.1879,1198.69,773.57,137.25,312.72,0.897,Body
det,53.1879,1254.62,775.22,34.94,49.58,0.72,Head
err,53.2207,-18.07,2.37
dbg,53.2207,-18.1,0.0,2.4,0.0
det,53.2207,1186.26,769.93,145.4,316.45,0.867,Body
det,53.2207,1242.36,775.14,39.14,49.53,0.733,Head
cmd,53.2207,-23,3
err,53.2505,-35.63,3.73
dbg,53.2505,-35.6,0.0,3.7,0.0
det,53.2505,1160.89,773.66,147.09,312.09,0.882,Body
det,53.2505,1226.49,777.24,35.76,48.15,0.667,Head
err,53.2899,-57.83,4.34
dbg,53.2899,-57.8,0.0,4.3,0.0
det,53.2899,1128.09,775.98,168.98,309.96,0.895,Body
det,53.2899,1203.6,779.01,37.13,46.06,0.636,Head
err,53.3248,-70.24,5.1
dbg,53.3248,-70.2,0.0,5.1,0.0
det,53.3248,1111.17,776.56,180.29,310.49,0.908,Body
det,53.3248,1191.16,779.83,37.22,45.95,0.724,Head
err,53.3616,-97.37,4.06
dbg,53.3616,-97.4,0.0,4.1,0.0
det,53.3616,1067.5,777.96,214.4,309.47,0.923,Body
det,53.3616,1162.16,776.61,40.96,49.91,0.722,Head
err,53.39,-129.91,4.58
dbg,53.39,-129.9,0.0,4.6,0.0
det,53.39,1028.53,777.97,235.47,307.94,0.951,Body
det,53.39,1127.32,776.79,45.53,50.52,0.715,Head
cmd,53.39,-45,2
err,53.4232,-143.25,6.23
dbg,53.4232,-143.2,0.0,6.2,0.0
det,53.4232,1003.03,777.39,257.82,308.13,0.937,Body
det,53.4232,1117.96,778.42,37.59,50.55,0.716,Head
err,53.4585,-92.74,7.8
dbg,53.4585,-92.7,0.0,7.8,0.0
det,53.4585,1053.03,777.11,268.45,306.85,0.922,Body
det,53.4585,1158.69,775.71,41.63,51.22,0.55,Head
err,53.4899,-23.65,4.06
dbg,53.4899,-23.6,0.0,4.1,0.0
det,53.4899,1141.42,778.23,252.45,305.32,0.915,Body
det,53.4899,1233.95,776.36,44.8,50.37,0.647,Head
err,53.5232,-9.92,10.2
dbg,53.5232,-9.9,0.0,10.2,0.0
det,53.5232,1180.07,786.36,208.07,299.9,0.898,Body
det,53.5232,1248.29,780.16,43.57,54.61,0.584,Head
err,53.5579,-9.7,10.38
dbg,53.5579,-9.7,0.0,10.4,0.0
det,53.5579,1188.28,780.03,190.4,304.21,0.876,Body
det,53.5579,1248.96,780.32,42.67,54.66,0.586,Head
cmd,53.5579,-12,13
err,53.5923,-9.12,7.85
dbg,53.5923,-9.1,0.0,7.8,0.0
det,53.5923,1196.83,776.2,161.97,308.77,0.867,Body
det,53.5923,1249.71,778.04,42.33,54.2,0.635,Head
err,53.6266,-6.02,6.14
dbg,53.6266,-6.0,0.0,6.1,0.0
det,53.6266,1211.36,772.22,135.82,314.19,0.875,Body
det,53.6266,1255.42,777.07,37.13,52.85,0.697,Head
err,53.6686,10.67,-4.85
dbg,53.6686,10.7,0.0,-4.9,0.0
det,53.6686,1226.45,765.24,127.0,316.48,0.871,Body
det,53.6686,1272.35,767.22,36.62,50.77,0.603,Head
err,53.7117,15.64,-8.07
dbg,53.7117,15.6,0.0,-8.1,0.0
det,53.7117,1232.12,756.22,126.64,330.66,0.888,Body
det,53.7117,1271.47,762.2,48.35,54.06,0.664,Head
cmd,53.7117,20,-10
err,53.7529,16.97,-7.92
dbg,53.7529,17.0,0.0,-7.9,0.0
det,53.7529,1231.57,754.82,128.22,332.53,0.888,Body
det,53.7529,1272.66,761.98,48.62,54.73,0.61,Head
err,53.7913,16.58,-8.11
dbg,53.7913,16.6,0.0,-8.1,0.0
det,53.7913,1231.34,755.0,128.01,332.44,0.889,Body
det,53.7913,1271.74,761.79,49.67,54.72,0.608,Head
err,53.8268,6.35,-0.83
dbg,53.8268,6.4,0.0,-0.8,0.0
det,53.8268,1217.92,762.03,125.32,333.89,0.875,Body
det,53.8268,1265.53,770.61,41.64,51.94,0.677,Head
err,53.8628,6.26,-0.96
dbg,53.8628,6.3,0.0,-1.0,0.0
det,53.8628,1218.54,766.53,127.33,330.17,0.874,Body
det,53.8628,1265.49,770.52,41.54,51.85,0.681,Head
err,53.9031,6.41,-1.38
dbg,53.9031,6.4,0.0,-1.4,0.0
det,53.9031,1218.56,766.7,127.39,329.97,0.874,Body
det,53.9031,1265.82,770.46,41.18,51.21,0.658,Head
err,53.9464,6.36,-1.28
dbg,53.9464,6.4,0.0,-1.3,0.0
det,53.9464,1218.59,766.57,126.93,330.0,0.875,Body
det,53.9464,1265.8,770.22,41.11,51.81,0.655,Head
err,53.979,6.4,-1.31
dbg,53.979,6.4,0.0,-1.3,0.0
det,53.979,1218.65,767.02,126.62,329.6,0.876,Body
det,53.979,1266.16,770.36,40.48,51.52,0.641,Head
err,54.0121,6.57,-1.19
dbg,54.0121,6.6,0.0,-1.2,0.0
det,54.0121,1218.49,767.54,126.46,328.95,0.877,Body
det,54.0121,1266.33,770.36,40.5,51.72,0.602,Head
err,54.0465,4.11,-1.17
dbg,54.0465,4.1,0.0,-1.2,0.0
det,54.0465,1216.08,766.26,126.84,330.22,0.884,Body
det,54.0465,1264.4,769.99,39.4,52.44,0.612,Head
err,54.085,-5.21,1.21
dbg,54.085,-5.2,0.0,1.2,0.0
det,54.085,1207.91,768.22,129.18,328.21,0.89,Body
det,54.085,1254.4,770.75,40.77,55.4,0.716,Head
err,54.1276,-25.51,3.37
dbg,54.1276,-25.5,0.0,3.4,0.0
det,54.1276,1173.75,769.25,149.92,325.2,0.894,Body
det,54.1276,1232.65,774.09,43.69,53.23,0.712,Head
cmd,54.1276,-32,4
err,54.1607,-45.6,2.15
dbg,54.1607,-45.6,0.0,2.2,0.0
det,54.1607,1141.78,770.69,174.7,321.73,0.911,Body
det,54.1607,1214.0,775.16,40.81,49.08,0.765,Head
err,54.1909,-69.25,4.7
dbg,54.1909,-69.2,0.0,4.7,0.0
det,54.1909,1110.67,773.48,188.16,317.77,0.898,Body
det,54.1909,1193.16,777.77,35.19,48.96,0.642,Head
err,54.2265,-95.81,5.32
dbg,54.2265,-95.8,0.0,5.3,0.0
det,54.2265,1071.3,775.19,214.21,318.4,0.912,Body
det,54.2265,1162.28,777.34,43.81,50.87,0.737,Head
err,54.2626,-102.11,1.78
dbg,54.2626,-102.1,0.0,1.8,0.0
det,54.2626,1060.46,775.79,230.09,311.59,0.926,Body
det,54.2626,1158.5,776.57,38.77,45.83,0.721,Head
err,54.2945,-133.08,2.75
dbg,54.2945,-133.1,0.0,2.8,0.0
det,54.2945,1025.98,781.05,244.6,305.31,0.951,Body
det,54.2945,1128.42,776.26,36.99,48.17,0.672,Head
cmd,54.2945,-45,1
err,54.3272,-153.97,4.96
dbg,54.3272,-154.0,0.0,5.0,0.0
det,54.3272,1009.42,775.87,249.7,310.71,0.932,Body
det,54.3272,1104.84,775.41,42.37,53.72,0.702,Head
err,54.3603,-132.14,3.92
dbg,54.3603,-132.1,0.0,3.9,0.0
det,54.3603,1047.53,776.3,238.42,304.9,0.919,Body
det,54.3603,1127.09,774.99,41.54,52.59,0.71,Head
err,54.3936,-66.76,5.83
dbg,54.3936,-66.8,0.0,5.8,0.0
det,54.3936,1128.58,780.65,205.45,302.95,0.897,Body
det,54.3936,1193.98,779.06,38.51,48.68,0.689,Head
err,54.4262,-57.93,9.9
dbg,54.4262,-57.9,0.0,9.9,0.0
det,54.4262,1161.65,779.21,153.61,301.99,0.887,Body
det,54.4262,1203.38,783.18,37.38,48.59,0.648,Head
err,54.4572,-67.38,8.08
dbg,54.4572,-67.4,0.0,8.1,0.0
det,54.4572,1159.99,777.89,127.15,302.78,0.855,Body
det,54.4572,1192.28,781.93,40.69,47.56,0.713,Head
cmd,54.4572,-45,5
err,54.5085,-70.86,6.86
dbg,54.5085,-70.9,0.0,6.9,0.0
det,54.5085,1157.03,778.44,126.5,307.18,0.821,Body
det,54.5085,1190.21,780.67,37.87,47.63,0.691,Head
err,54.5569,-70.64,8.82
dbg,54.5569,-70.6,0.0,8.8,0.0
det,54.5569,1157.59,779.14,126.99,307.66,0.812,Body
det,54.5569,1188.43,781.5,41.85,49.68,0.693,Head
err,54.5931,-32.3,4.29
dbg,54.5931,-32.3,0.0,4.3,0.0
det,54.5931,1194.54,775.75,122.28,308.06,0.826,Body
det,54.5931,1228.97,777.03,37.44,49.56,0.709,Head
err,54.6259,-29.52,2.01
dbg,54.6259,-29.5,0.0,2.0,0.0
det,54.6259,1198.58,773.94,119.7,312.44,0.818,Body
det,54.6259,1231.32,776.29,38.32,46.76,0.748,Head
cmd,54.6259,-38,3
err,54.6609,-25.85,0.61
dbg,54.6609,-25.8,0.0,0.6,0.0
det,54.6609,1200.09,772.05,124.03,318.15,0.858,Body
det,54.6609,1235.32,774.69,37.66,47.12,0.699,Head
err,54.6936,-25.49,-0.79
dbg,54.6936,-25.5,0.0,-0.8,0.0
det,54.6936,1201.34,771.13,119.74,319.48,0.889,Body
det,54.6936,1237.16,773.89,34.69,46.04,0.744,Head
err,54.7272,2.32,-3.51
dbg,54.7272,2.3,0.0,-3.5,0.0
det,54.7272,1231.31,769.55,117.59,317.16,0.873,Body
det,54.7272,1266.26,773.01,32.11,42.69,0.735,Head
err,54.7595,2.16,-3.46
dbg,54.7595,2.2,0.0,-3.5,0.0
det,54.7595,1231.55,769.52,116.37,317.1,0.873,Body
det,54.7595,1266.28,772.91,31.76,42.95,0.735,Head
err,54.7924,2.23,-3.59
dbg,54.7924,2.2,0.0,-3.6,0.0
det,54.7924,1231.4,769.33,117.14,317.33,0.873,Body
det,54.7924,1266.33,772.56,31.8,43.35,0.735,Head
err,54.8273,2.17,-3.64
dbg,54.8273,2.2,0.0,-3.6,0.0
det,54.8273,1231.4,769.27,117.17,317.37,0.874,Body
det,54.8273,1266.21,772.45,31.91,43.47,0.732,Head
err,54.8589,2.27,-3.73
dbg,54.8589,2.3,0.0,-3.7,0.0
det,54.8589,1231.06,769.15,117.39,317.51,0.869,Body
det,54.8589,1266.28,772.26,31.99,43.67,0.732,Head
err,54.8928,2.31,-3.7
dbg,54.8928,2.3,0.0,-3.7,0.0
det,54.8928,1230.98,769.04,116.95,317.61,0.871,Body
det,54.8928,1266.34,772.08,31.93,44.03,0.734,Head
err,54.9261,6.17,-2.99
dbg,54.9261,6.2,0.0,-3.0,0.0
det,54.9261,1231.42,769.14,122.91,317.53,0.878,Body
det,54.9261,1269.64,772.48,33.08,44.6,0.724,Head
err,54.9609,12.63,-1.77
dbg,54.9609,12.6,0.0,-1.8,0.0
det,54.9609,1230.73,768.77,132.26,317.2,0.866,Body
det,54.9609,1275.15,772.11,34.96,47.49,0.753,Head
cmd,54.9609,16,-2
err,54.9943,24.38,3.32
dbg,54.9943,24.4,0.0,3.3,0.0
det,54.9943,1231.2,773.95,143.2,308.34,0.876,Body
det,54.9943,1282.69,776.19,43.38,49.33,0.701,Head
err,55.0276,44.94,3.68
dbg,55.0276,44.9,0.0,3.7,0.0
det,55.0276,1241.46,773.65,156.86,306.7,0.883,Body
det,55.0276,1307.96,776.58,33.97,49.28,0.691,Head
err,55.0609,66.08,5.47
dbg,55.0609,66.1,0.0,5.5,0.0
det,55.0609,1265.99,775.12,150.12,305.23,0.895,Body
det,55.0609,1327.21,778.44,37.75,49.13,0.748,Head
err,55.0935,77.48,7.02
dbg,55.0935,77.5,0.0,7.0,0.0
det,55.0935,1285.03,779.16,140.14,301.6,0.88,Body
det,55.0935,1340.54,780.19,33.89,48.78,0.694,Head
err,55.1264,104.76,41.23
dbg,55.1264,104.8,0.0,41.2,0.0
det,55.1264,1324.02,814.6,121.47,266.34,0.882,Body
det,55.1264,1366.5,780.14,33.14,46.63,0.514,Head
cmd,55.1264,42,16
err,55.1599,133.16,5.48
dbg,55.1599,133.2,0.0,5.5,0.0
det,55.1599,1353.45,776.82,127.33,306.2,0.836,Body
det,55.1599,1396.48,779.92,33.37,46.47,0.749,Head
err,55.1938,147.41,4.34
dbg,55.1938,147.4,0.0,4.3,0.0
det,55.1938,1360.29,771.93,128.15,311.57,0.693,Body
det,55.1938,1408.69,776.46,37.45,50.69,0.358,Head
err,55.2267,113.06,-12.58
dbg,55.2267,113.1,0.0,-12.6,0.0
det,55.2267,1321.52,761.19,128.31,301.49,0.875,Body
det,55.2267,1377.37,762.08,31.37,46.08,0.729,Head
err,55.2587,79.42,-19.13
dbg,55.2587,79.4,0.0,-19.1,0.0
det,55.2587,1280.01,749.14,143.42,309.12,0.867,Body
det,55.2587,1339.92,751.69,39.01,53.06,0.77,Head
err,55.2934,41.67,-27.83
dbg,55.2934,41.7,0.0,-27.8,0.0
det,55.2934,1247.65,739.58,137.54,312.66,0.887,Body
det,55.2934,1303.25,744.51,36.83,50.3,0.737,Head
cmd,55.2934,37,-25
err,55.3286,28.31,-28.37
dbg,55.3286,28.3,0.0,-28.4,0.0
det,55.3286,1230.9,739.66,147.06,313.52,0.836,Body
det,55.3286,1290.3,742.56,36.02,52.85,0.675,Head
err,55.3709,27.04,-28.4
dbg,55.3709,27.0,0.0,-28.4,0.0
det,55.3709,1234.89,739.95,136.36,313.26,0.855,Body
det,55.3709,1289.42,743.06,35.24,51.89,0.724,Head
err,55.4123,-12.58,-11.71
dbg,55.4123,-12.6,0.0,-11.7,0.0
det,55.4123,1205.14,753.1,137.73,318.96,0.786,Body
det,55.4123,1247.75,758.28,39.33,54.55,0.694,Head
err,55.4466,-17.49,-11.76
dbg,55.4466,-17.5,0.0,-11.8,0.0
det,55.4466,1214.47,753.63,124.49,315.47,0.827,Body
det,55.4466,1242.0,759.42,41.02,52.39,0.713,Head
cmd,55.4466,-22,-15
err,55.4791,-19.17,-11.26
dbg,55.4791,-19.2,0.0,-11.3,0.0
det,55.4791,1195.18,749.14,137.31,320.98,0.862,Body
det,55.4791,1238.61,757.26,44.43,57.23,0.718,Head
err,55.5142,-19.49,-12.89
dbg,55.5142,-19.5,0.0,-12.9,0.0
det,55.5142,1194.42,752.0,127.34,323.82,0.878,Body
det,55.5142,1242.31,755.73,36.39,57.04,0.742,Head
err,55.546,-3.79,-5.53
dbg,55.546,-3.8,0.0,-5.5,0.0
det,55.546,1213.53,764.38,122.63,323.86,0.893,Body
det,55.546,1259.79,765.74,32.84,52.23,0.723,Head
err,55.5814,-3.98,-5.39
dbg,55.5814,-4.0,0.0,-5.4,0.0
det,55.5814,1213.43,763.07,124.1,324.96,0.894,Body
det,55.5814,1259.72,765.6,32.6,52.74,0.72,Head
err,55.6204,-2.68,-5.17
dbg,55.6204,-2.7,0.0,-5.2,0.0
det,55.6204,1213.33,763.49,126.12,324.02,0.895,Body
det,55.6204,1259.91,765.66,34.82,53.03,0.733,Head
err,55.6604,10.12,-7.55
dbg,55.6604,10.1,0.0,-7.5,0.0
det,55.6604,1218.33,762.36,140.06,319.7,0.86,Body
det,55.6604,1272.09,765.28,36.06,49.4,0.621,Head
cmd,55.6604,13,-10
err,55.6931,21.69,-3.83
dbg,55.6931,21.7,0.0,-3.8,0.0
det,55.6931,1229.94,761.13,145.46,318.95,0.87,Body
det,55.6931,1277.21,765.95,48.97,54.95,0.636,Head
err,55.7263,44.79,1.15
dbg,55.7263,44.8,0.0,1.1,0.0
det,55.7263,1255.78,886.47,133.62,191.77,0.87,Body
det,55.7263,1307.52,773.22,34.53,50.78,0.639,Head
det,55.7263,1255.67,772.03,139.91,114.78,0.353,Body
err,55.7626,55.53,9.98
dbg,55.7626,55.5,0.0,10.0,0.0
det,55.7626,1272.47,774.0,117.84,310.73,0.875,Body
det,55.7626,1317.34,779.95,36.39,54.6,0.698,Head
err,55.7933,79.44,8.81
dbg,55.7933,79.4,0.0,8.8,0.0
det,55.7933,1296.14,777.31,130.69,307.74,0.846,Body
det,55.7933,1340.28,781.16,38.31,50.27,0.71,Head
err,55.8273,106.6,7.52
dbg,55.8273,106.6,0.0,7.5,0.0
det,55.8273,1320.53,774.08,134.93,314.92,0.771,Body
det,55.8273,1366.91,778.94,39.37,51.97,0.724,Head
cmd,55.8273,45,3
err,55.86,136.85,7.21
dbg,55.86,136.9,0.0,7.2,0.0
det,55.86,1350.72,776.63,110.94,304.05,0.777,Body
det,55.86,1400.43,780.11,32.84,49.26,0.617,Head
err,55.8955,158.18,6.38
dbg,55.8955,158.2,0.0,6.4,0.0
det,55.8955,1359.41,776.36,126.26,298.28,0.744,Body
det,55.8955,1420.56,779.21,35.23,49.4,0.52,Head
err,55.93,101.54,4.27
dbg,55.93,101.5,0.0,4.3,0.0
det,55.93,1308.95,774.28,145.18,299.94,0.84,Body
det,55.93,1389.22,779.34,29.4,47.91,0.472,Head
err,55.9719,115.26,3.59
dbg,55.9719,115.3,0.0,3.6,0.0
det,55.9719,1304.84,773.8,148.61,298.99,0.864,Body
det,55.9719,1375.89,775.89,38.74,50.35,0.777,Head
err,56.0203,97.38,-4.75
dbg,56.0203,97.4,0.0,-4.7,0.0
det,56.0203,1307.93,763.49,126.04,314.78,0.833,Body
det,56.0203,1357.93,767.6,38.91,50.27,0.761,Head
cmd,56.0203,45,-2
err,56.0591,80.99,-4.07
dbg,56.0591,81.0,0.0,-4.1,0.0
det,56.0591,1296.3,763.56,131.12,309.79,0.866,Body
det,56.0591,1340.21,767.65,41.56,51.42,0.779,Head
err,56.0937,61.79,2.02
dbg,56.0937,61.8,0.0,2.0,0.0
det,56.0937,1278.04,771.76,130.98,302.71,0.832,Body
det,56.0937,1321.8,773.91,40.0,51.12,0.721,Head
err,56.13,11.45,1.86
dbg,56.13,11.5,0.0,1.9,0.0
det,56.13,1228.76,771.65,136.41,307.67,0.863,Body
det,56.13,1272.17,774.96,38.57,48.91,0.741,Head
err,56.1611,9.82,2.67
dbg,56.1611,9.8,0.0,2.7,0.0
det,56.1611,1230.29,774.2,138.62,300.38,0.874,Body
det,56.1611,1271.62,775.67,36.41,49.1,0.718,Head
err,56.1963,9.75,2.32
dbg,56.1963,9.8,0.0,2.3,0.0
det,56.1963,1225.54,772.4,144.34,301.59,0.894,Body
det,56.1963,1270.8,775.41,37.91,48.93,0.737,Head
cmd,56.1963,12,3
err,56.2297,8.29,0.42
dbg,56.2297,8.3,0.0,0.4,0.0
det,56.2297,1220.99,769.68,139.68,309.95,0.889,Body
det,56.2297,1268.81,774.03,38.95,47.99,0.696,Head
err,56.2616,8.33,-0.3
dbg,56.2616,8.3,0.0,-0.3,0.0
det,56.2616,1219.03,770.05,139.04,308.43,0.888,Body
det,56.2616,1269.34,773.51,37.98,47.62,0.702,Head
err,56.2946,-0.44,-4.77
dbg,56.2946,-0.4,0.0,-4.8,0.0
det,56.2946,1207.95,765.14,140.42,312.11,0.884,Body
det,56.2946,1260.86,769.38,37.4,47.01,0.691,Head
err,56.3269,-0.52,-4.81
dbg,56.3269,-0.5,0.0,-4.8,0.0
det,56.3269,1207.9,765.16,140.74,312.06,0.884,Body
det,56.3269,1260.71,769.32,37.54,47.04,0.693,Head
err,56.3605,-0.42,-4.9
dbg,56.3605,-0.4,0.0,-4.9,0.0
det,56.3605,1208.22,765.18,140.78,311.97,0.884,Body
det,56.3605,1260.88,769.33,37.4,46.86,0.694,Head
err,56.3928,-0.54,-4.93
dbg,56.3928,-0.5,0.0,-4.9,0.0
det,56.3928,1208.0,765.09,140.86,312.17,0.883,Body
det,56.3928,1260.76,769.32,37.41,46.81,0.691,Head
err,56.4264,-0.3,-5.17
dbg,56.4264,-0.3,0.0,-5.2,0.0
det,56.4264,1207.94,764.89,141.05,312.37,0.883,Body
det,56.4264,1261.13,769.27,37.14,46.47,0.691,Head
err,56.4627,-0.45,-5.1
dbg,56.4627,-0.5,0.0,-5.1,0.0
det,56.4627,1207.79,764.87,141.66,312.36,0.881,Body
det,56.4627,1260.99,769.27,37.11,46.6,0.686,Head
err,56.494,-0.47,-5.13
dbg,56.494,-0.5,0.0,-5.1,0.0
det,56.494,1208.11,764.81,141.25,312.35,0.882,Body
det,56.494,1260.99,769.24,37.08,46.61,0.685,Head
err,56.5284,-0.48,-5.12
dbg,56.5284,-0.5,0.0,-5.1,0.0
det,56.5284,1208.05,764.51,141.04,312.72,0.883,Body
det,56.5284,1260.93,769.06,37.18,46.95,0.688,Head
err,56.5601,-1.87,-4.49
dbg,56.5601,-1.9,0.0,-4.5,0.0
det,56.5601,1207.84,765.78,138.37,312.07,0.886,Body
det,56.5601,1259.47,770.06,37.32,46.26,0.674,Head
err,56.5924,-7.32,-4.07
dbg,56.5924,-7.3,0.0,-4.1,0.0
det,56.5924,1193.74,766.94,145.79,311.27,0.896,Body
det,56.5924,1253.41,770.09,38.55,46.98,0.712,Head
err,56.6259,-18.8,-1.08
dbg,56.6259,-18.8,0.0,-1.1,0.0
det,56.6259,1164.05,768.81,170.11,309.64,0.904,Body
det,56.6259,1240.21,771.51,41.98,49.84,0.747,Head
cmd,56.6259,-24,-1
err,56.6592,-37.11,3.15
dbg,56.6592,-37.1,0.0,3.1,0.0
det,56.6592,1124.65,774.1,205.38,305.0,0.886,Body
det,56.6592,1222.75,775.48,40.27,50.3,0.734,Head
err,56.6928,-58.83,3.63
dbg,56.6928,-58.8,0.0,3.6,0.0
det,56.6928,1086.69,777.9,239.25,296.0,0.917,Body
det,56.6928,1203.01,777.94,36.33,46.71,0.686,Head
err,56.7262,-65.84,5.72
dbg,56.7262,-65.8,0.0,5.7,0.0
det,56.7262,1080.1,780.06,250.17,296.59,0.934,Body
det,56.7262,1195.09,779.53,38.15,47.62,0.711,Head
err,56.7629,-91.35,6.56
dbg,56.7629,-91.4,0.0,6.6,0.0
det,56.7629,1066.43,778.49,250.66,297.6,0.929,Body
det,56.7629,1168.82,778.22,39.66,51.54,0.664,Head
err,56.7975,-120.2,8.85
dbg,56.7975,-120.2,0.0,8.8,0.0
det,56.7975,1046.8,780.75,246.07,297.59,0.919,Body
det,56.7975,1140.43,780.73,38.73,51.12,0.66,Head
cmd,56.7975,-45,3
err,56.8311,-149.91,7.04
dbg,56.8311,-149.9,0.0,7.0,0.0
det,56.8311,1019.25,779.65,246.61,301.49,0.937,Body
det,56.8311,1111.18,780.81,37.83,47.68,0.717,Head
err,57.1884,-54.73,-10.37
dbg,57.1884,-54.7,0.0,-10.4,0.0
det,57.1884,1162.19,760.07,123.19,327.57,0.832,Body
det,57.1884,1209.09,762.89,32.36,48.62,0.631,Head
cmd,57.1884,-44,-8
err,57.2287,-17.07,-11.58
dbg,57.2287,-17.1,0.0,-11.6,0.0
det,57.2287,1195.59,756.98,127.1,326.2,0.884,Body
det,57.2287,1245.2,760.46,35.46,50.84,0.74,Head
err,57.2617,-14.47,-13.25
dbg,57.2617,-14.5,0.0,-13.3,0.0
det,57.2617,1196.09,755.55,128.63,327.9,0.88,Body
det,57.2617,1247.17,758.6,36.72,51.17,0.704,Head
err,57.2953,-14.46,-13.36
dbg,57.2953,-14.5,0.0,-13.4,0.0
det,57.2953,1195.98,755.4,129.0,328.05,0.878,Body
det,57.2953,1247.0,758.56,37.09,51.05,0.706,Head
err,57.3295,16.3,-7.62
dbg,57.3295,16.3,0.0,-7.6,0.0
det,57.3295,1231.9,762.35,124.41,325.42,0.89,Body
det,57.3295,1277.69,763.78,37.21,52.01,0.75,Head
err,57.3626,15.69,-8.01
dbg,57.3626,15.7,0.0,-8.0,0.0
det,57.3626,1231.14,760.55,125.43,327.83,0.885,Body
det,57.3626,1275.64,763.02,40.1,52.66,0.726,Head
cmd,57.3626,20,-10
err,57.4044,11.41,-6.84
dbg,57.4044,11.4,0.0,-6.8,0.0
det,57.4044,1226.49,762.13,125.54,324.92,0.885,Body
det,57.4044,1274.51,764.52,33.8,52.06,0.689,Head
err,57.4484,-20.37,2.49
dbg,57.4484,-20.4,0.0,2.5,0.0
det,57.4484,1184.63,768.78,143.09,329.61,0.896,Body
det,57.4484,1238.52,774.24,42.2,51.36,0.741,Head
err,57.4812,-38.33,3.4
dbg,57.4812,-38.3,0.0,3.4,0.0
det,57.4812,1156.2,771.5,163.44,324.87,0.902,Body
det,57.4812,1221.36,775.61,40.63,50.52,0.718,Head
