kind,t,a,b
meta,0,1.3398561541818312,60
err,4.7645,-13.28,124.06
dbg,4.7645,-13.3,0.0,124.1,0.0
det,4.7645,1248.69,918.35,36.05,57.18,0.48,Body
cmd,4.7645,-5,45
err,4.816,-16.77,123.86
dbg,4.816,-15.2,-3.7,124.0,33.6
det,4.816,1249.22,918.24,28.01,56.28,0.564,Body
det,4.816,1171.52,871.57,17.11,65.54,0.37,Body
cmd,4.816,-7,45
err,4.8793,-16.77,123.86
dbg,4.8793,-16.1,-5.2,123.9,33.6
det,4.8793,1249.22,918.24,28.01,56.28,0.564,Body
det,4.8793,1171.52,871.57,17.11,65.54,0.37,Body
cmd,4.8793,-6,45
err,4.9298,-16.77,123.86
dbg,4.9298,-16.5,-4.5,123.9,33.6
det,4.9298,1249.22,918.24,28.01,56.28,0.564,Body
det,4.9298,1171.52,871.57,17.11,65.54,0.37,Body
cmd,4.9298,-6,45
err,4.9904,-16.77,123.86
dbg,4.9904,-16.6,-4.5,123.9,33.6
det,4.9904,1249.22,918.24,28.01,56.28,0.564,Body
det,4.9904,1171.52,871.57,17.11,65.54,0.37,Body
cmd,4.9904,-7,45
err,5.0415,-16.77,123.86
dbg,5.0415,-16.7,-5.2,123.9,33.6
det,5.0415,1249.22,918.24,28.01,56.28,0.564,Body
det,5.0415,1171.52,871.57,17.11,65.54,0.37,Body
cmd,5.0415,-6,45
err,5.1033,-16.77,123.86
dbg,5.1033,-16.7,-4.5,123.9,33.6
det,5.1033,1249.22,918.24,28.01,56.28,0.564,Body
det,5.1033,1171.52,871.57,17.11,65.54,0.37,Body
cmd,5.1033,-6,45
err,5.1532,-16.77,123.86
dbg,5.1532,-16.8,-4.5,123.9,33.6
det,5.1532,1249.22,918.24,28.01,56.28,0.564,Body
det,5.1532,1171.52,871.57,17.11,65.54,0.37,Body
cmd,5.1532,-6,45
err,5.2164,-16.77,123.86
dbg,5.2164,-16.8,-4.5,123.9,33.6
det,5.2164,1249.22,918.24,28.01,56.28,0.564,Body
det,5.2164,1171.52,871.57,17.11,65.54,0.37,Body
cmd,5.2164,-6,45
err,5.2616,-16.77,123.86
dbg,5.2616,-16.8,-4.5,123.9,33.6
det,5.2616,1249.22,918.24,28.01,56.28,0.564,Body
det,5.2616,1171.52,871.57,17.11,65.54,0.37,Body
cmd,5.2616,-6,45
err,5.3138,-16.77,123.86
dbg,5.3138,-16.8,-4.5,123.9,33.6
det,5.3138,1249.22,918.24,28.01,56.28,0.564,Body
det,5.3138,1171.52,871.57,17.11,65.54,0.37,Body
cmd,5.3138,-6,45
err,5.3623,-16.77,123.86
dbg,5.3623,-16.8,-4.5,123.9,33.6
det,5.3623,1249.22,918.24,28.01,56.28,0.564,Body
det,5.3623,1171.52,871.57,17.11,65.54,0.37,Body
cmd,5.3623,-6,45
err,5.4205,-16.77,123.86
dbg,5.4205,-16.8,-4.5,123.9,33.6
det,5.4205,1249.22,918.24,28.01,56.28,0.564,Body
det,5.4205,1171.52,871.57,17.11,65.54,0.37,Body
cmd,5.4205,-6,45
err,5.4704,-16.77,123.86
dbg,5.4704,-16.8,-4.5,123.9,33.6
det,5.4704,1249.22,918.24,28.01,56.28,0.564,Body
det,5.4704,1171.52,871.57,17.11,65.54,0.37,Body
cmd,5.4704,-6,45
err,5.5348,-16.77,123.86
dbg,5.5348,-16.8,-4.5,123.9,33.6
det,5.5348,1249.22,918.24,28.01,56.28,0.564,Body
det,5.5348,1171.52,871.57,17.11,65.54,0.37,Body
cmd,5.5348,-6,45
err,5.593,-16.77,123.86
dbg,5.593,-16.8,-4.5,123.9,33.6
det,5.593,1249.22,918.24,28.01,56.28,0.564,Body
det,5.593,1171.52,871.57,17.11,65.54,0.37,Body
cmd,5.593,-6,45
err,5.6517,-16.77,123.86
dbg,5.6517,-16.8,-4.5,123.9,33.6
det,5.6517,1249.22,918.24,28.01,56.28,0.564,Body
det,5.6517,1171.52,871.57,17.11,65.54,0.37,Body
cmd,5.6517,-6,45
err,5.7223,-16.77,123.86
dbg,5.7223,-16.8,0.0,123.9,0.0
det,5.7223,1249.22,918.24,28.01,56.28,0.564,Body
det,5.7223,1171.52,871.57,17.11,65.54,0.37,Body
cmd,5.7223,-6,45
err,5.7871,-16.77,123.86
dbg,5.7871,-16.8,-4.5,123.9,33.6
det,5.7871,1249.22,918.24,28.01,56.28,0.564,Body
det,5.7871,1171.52,871.57,17.11,65.54,0.37,Body
cmd,5.7871,-6,45
err,5.8526,-16.77,123.86
dbg,5.8526,-16.8,-4.5,123.9,33.6
det,5.8526,1249.22,918.24,28.01,56.28,0.564,Body
det,5.8526,1171.52,871.57,17.11,65.54,0.37,Body
cmd,5.8526,-6,45
err,5.9037,-16.77,123.86
dbg,5.9037,-16.8,-4.5,123.9,33.6
det,5.9037,1249.22,918.24,28.01,56.28,0.564,Body
det,5.9037,1171.52,871.57,17.11,65.54,0.37,Body
cmd,5.9037,-6,45
err,5.9571,-16.77,123.86
dbg,5.9571,-16.8,-4.5,123.9,33.6
det,5.9571,1249.22,918.24,28.01,56.28,0.564,Body
det,5.9571,1171.52,871.57,17.11,65.54,0.37,Body
cmd,5.9571,-6,45
err,6.007,-16.77,123.86
dbg,6.007,-16.8,-4.5,123.9,33.6
det,6.007,1249.22,918.24,28.01,56.28,0.564,Body
det,6.007,1171.52,871.57,17.11,65.54,0.37,Body
cmd,6.007,-6,45
err,6.0636,-16.77,123.86
dbg,6.0636,-16.8,-4.5,123.9,33.6
det,6.0636,1249.22,918.24,28.01,56.28,0.564,Body
det,6.0636,1171.52,871.57,17.11,65.54,0.37,Body
cmd,6.0636,-6,45
err,6.1195,-16.77,123.86
dbg,6.1195,-16.8,-4.5,123.9,33.6
det,6.1195,1249.22,918.24,28.01,56.28,0.564,Body
det,6.1195,1171.52,871.57,17.11,65.54,0.37,Body
cmd,6.1195,-6,45
err,6.1709,-16.77,123.86
dbg,6.1709,-16.8,-4.5,123.9,33.6
det,6.1709,1249.22,918.24,28.01,56.28,0.564,Body
det,6.1709,1171.52,871.57,17.11,65.54,0.37,Body
cmd,6.1709,-6,45
err,6.2209,-16.77,123.86
dbg,6.2209,-16.8,-4.5,123.9,33.6
det,6.2209,1249.22,918.24,28.01,56.28,0.564,Body
det,6.2209,1171.52,871.57,17.11,65.54,0.37,Body
cmd,6.2209,-6,45
err,6.2761,-16.77,123.86
dbg,6.2761,-16.8,-4.5,123.9,33.6
det,6.2761,1249.22,918.24,28.01,56.28,0.564,Body
det,6.2761,1171.52,871.57,17.11,65.54,0.37,Body
cmd,6.2761,-6,45
err,6.332,-16.77,123.86
dbg,6.332,-16.8,-4.5,123.9,33.6
det,6.332,1249.22,918.24,28.01,56.28,0.564,Body
det,6.332,1171.52,871.57,17.11,65.54,0.37,Body
cmd,6.332,-6,45
err,6.3798,-16.77,123.86
dbg,6.3798,-16.8,-4.5,123.9,33.6
det,6.3798,1249.22,918.24,28.01,56.28,0.564,Body
det,6.3798,1171.52,871.57,17.11,65.54,0.37,Body
cmd,6.3798,-6,45
err,6.4309,-16.77,123.86
dbg,6.4309,-16.8,-4.5,123.9,33.6
det,6.4309,1249.22,918.24,28.01,56.28,0.564,Body
det,6.4309,1171.52,871.57,17.11,65.54,0.37,Body
cmd,6.4309,-6,45
err,6.4796,-16.77,123.86
dbg,6.4796,-16.8,-4.5,123.9,33.6
det,6.4796,1249.22,918.24,28.01,56.28,0.564,Body
det,6.4796,1171.52,871.57,17.11,65.54,0.37,Body
cmd,6.4796,-6,45
err,6.5351,-16.77,123.86
dbg,6.5351,-16.8,-4.5,123.9,33.6
det,6.5351,1249.22,918.24,28.01,56.28,0.564,Body
det,6.5351,1171.52,871.57,17.11,65.54,0.37,Body
cmd,6.5351,-6,45
err,6.5869,-16.77,123.86
dbg,6.5869,-16.8,-4.5,123.9,33.6
det,6.5869,1249.22,918.24,28.01,56.28,0.564,Body
det,6.5869,1171.52,871.57,17.11,65.54,0.37,Body
cmd,6.5869,-6,45
err,6.6403,-16.77,123.86
dbg,6.6403,-16.8,-4.5,123.9,33.6
det,6.6403,1249.22,918.24,28.01,56.28,0.564,Body
det,6.6403,1171.52,871.57,17.11,65.54,0.37,Body
cmd,6.6403,-6,45
err,6.6889,-16.77,123.86
dbg,6.6889,-16.8,-4.5,123.9,33.6
det,6.6889,1249.22,918.24,28.01,56.28,0.564,Body
det,6.6889,1171.52,871.57,17.11,65.54,0.37,Body
cmd,6.6889,-6,45
err,6.7506,-16.77,123.86
dbg,6.7506,-16.8,-4.5,123.9,33.6
det,6.7506,1249.22,918.24,28.01,56.28,0.564,Body
det,6.7506,1171.52,871.57,17.11,65.54,0.37,Body
cmd,6.7506,-6,45
err,6.8026,-16.77,123.86
dbg,6.8026,-16.8,-4.5,123.9,33.6
det,6.8026,1249.22,918.24,28.01,56.28,0.564,Body
det,6.8026,1171.52,871.57,17.11,65.54,0.37,Body
cmd,6.8026,-6,45
err,6.8624,-16.77,123.86
dbg,6.8624,-16.8,-4.5,123.9,33.6
det,6.8624,1249.22,918.24,28.01,56.28,0.564,Body
det,6.8624,1171.52,871.57,17.11,65.54,0.37,Body
cmd,6.8624,-6,45
err,6.9176,-16.77,123.86
dbg,6.9176,-16.8,-4.5,123.9,33.6
det,6.9176,1249.22,918.24,28.01,56.28,0.564,Body
det,6.9176,1171.52,871.57,17.11,65.54,0.37,Body
cmd,6.9176,-6,45
err,6.9783,-16.77,123.86
dbg,6.9783,-16.8,-4.5,123.9,33.6
det,6.9783,1249.22,918.24,28.01,56.28,0.564,Body
det,6.9783,1171.52,871.57,17.11,65.54,0.37,Body
cmd,6.9783,-6,45
err,7.0283,-16.77,123.86
dbg,7.0283,-16.8,-4.5,123.9,33.6
det,7.0283,1249.22,918.24,28.01,56.28,0.564,Body
det,7.0283,1171.52,871.57,17.11,65.54,0.37,Body
cmd,7.0283,-6,45
err,7.0602,-16.77,123.86
dbg,7.0602,-16.8,-4.5,123.9,33.6
det,7.0602,1249.22,918.24,28.01,56.28,0.564,Body
det,7.0602,1171.52,871.57,17.11,65.54,0.37,Body
cmd,7.0602,-6,45
err,7.0904,-16.77,123.86
dbg,7.0904,-16.8,-9.0,123.9,67.2
det,7.0904,1249.22,918.24,28.01,56.28,0.564,Body
det,7.0904,1171.52,871.57,17.11,65.54,0.37,Body
cmd,7.0904,-6,45
err,7.1154,-16.77,123.86
dbg,7.1154,-16.8,-9.0,123.9,67.2
det,7.1154,1249.22,918.24,28.01,56.28,0.564,Body
det,7.1154,1171.52,871.57,17.11,65.54,0.37,Body
cmd,7.1154,-7,45
err,7.1441,-16.77,123.86
dbg,7.1441,-16.8,-9.7,123.9,67.2
det,7.1441,1249.22,918.24,28.01,56.28,0.564,Body
det,7.1441,1171.52,871.57,17.11,65.54,0.37,Body
cmd,7.1441,-5,45
err,7.171,-16.77,123.86
dbg,7.171,-16.8,-9.0,123.9,67.2
det,7.171,1249.22,918.24,28.01,56.28,0.564,Body
det,7.171,1171.52,871.57,17.11,65.54,0.37,Body
cmd,7.171,-6,45
err,7.1986,-16.77,123.86
dbg,7.1986,-16.8,-8.2,123.9,67.2
det,7.1986,1249.22,918.24,28.01,56.28,0.564,Body
det,7.1986,1171.52,871.57,17.11,65.54,0.37,Body
cmd,7.1986,-7,44
err,7.2291,-16.77,123.86
dbg,7.2291,-16.8,-9.7,123.9,66.4
det,7.2291,1249.22,918.24,28.01,56.28,0.564,Body
det,7.2291,1171.52,871.57,17.11,65.54,0.37,Body
cmd,7.2291,-6,45
err,7.2555,-16.77,123.86
dbg,7.2555,-16.8,-9.7,123.9,66.4
det,7.2555,1249.22,918.24,28.01,56.28,0.564,Body
det,7.2555,1171.52,871.57,17.11,65.54,0.37,Body
cmd,7.2555,-5,45
err,7.2864,-16.77,123.86
dbg,7.2864,-16.8,-8.2,123.9,67.2
det,7.2864,1249.22,918.24,28.01,56.28,0.564,Body
det,7.2864,1171.52,871.57,17.11,65.54,0.37,Body
cmd,7.2864,-7,44
err,7.3241,-16.77,123.86
dbg,7.3241,-16.8,-5.2,123.9,32.8
det,7.3241,1249.22,918.24,28.01,56.28,0.564,Body
det,7.3241,1171.52,871.57,17.11,65.54,0.37,Body
cmd,7.3241,-6,45
err,7.3504,-16.68,123.89
dbg,7.3504,-16.7,-9.7,123.9,66.4
det,7.3504,1249.44,918.3,27.76,55.92,0.547,Body
cmd,7.3504,-5,45
err,7.3913,-17.5,123.76
dbg,7.3913,-17.1,-3.7,123.8,33.6
det,7.3913,1249.68,918.23,25.65,55.3,0.542,Body
cmd,7.3913,-7,44
err,7.4272,-18.33,123.14
dbg,7.4272,-17.8,-5.2,123.4,32.8
det,7.4272,1249.92,917.6,23.51,55.4,0.534,Body
cmd,7.4272,-7,45
err,7.4671,-20.0,122.87
dbg,7.4671,-19.0,-5.2,123.1,33.6
det,7.4671,1249.87,917.19,20.26,56.76,0.509,Body
cmd,7.4671,-8,44
err,15.3565,-122.56,-5.48
dbg,15.3565,-122.6,0.0,-5.5,0.0
det,15.3565,1135.63,783.28,46.34,113.85,0.846,Body
det,15.3565,1150.06,782.21,14.76,22.39,0.618,Head
cmd,15.3565,-45,-2
err,15.3974,-68.41,0.37
dbg,15.3974,-68.4,0.0,0.4,0.0
det,15.3974,1188.78,788.94,45.6,114.28,0.827,Body
det,15.3974,1204.26,788.12,15.05,21.48,0.387,Head
cmd,15.3974,-45,2
err,15.4246,-62.38,1.69
dbg,15.4246,-65.1,-33.6,1.1,1.5
det,15.4246,1193.73,790.06,47.78,116.28,0.844,Body
det,15.4246,1210.73,791.61,16.66,22.33,0.369,Head
cmd,15.4246,-23,2
err,15.4646,-28.29,3.59
dbg,15.4646,-28.3,0.0,3.6,0.0
det,15.4646,1228.99,792.04,45.45,115.52,0.842,Body
det,15.4646,1244.2,792.08,16.73,21.75,0.452,Head
cmd,15.4646,-27,3
err,15.4914,-28.32,3.45
dbg,15.4914,-28.3,-20.2,3.5,2.2
det,15.4914,1228.96,791.88,45.45,115.72,0.842,Body
det,15.4914,1244.28,791.99,16.75,21.8,0.453,Head
cmd,15.4914,-7,2
err,15.5239,21.98,1.41
dbg,15.5239,22.0,0.0,1.4,0.0
det,15.5239,1278.25,790.0,47.47,114.09,0.829,Body
det,15.5239,1293.85,791.22,17.78,21.23,0.399,Head
cmd,15.5239,21,2
err,15.5544,21.92,1.32
dbg,15.5544,21.9,15.7,1.4,1.5
det,15.5544,1278.25,789.9,47.34,114.19,0.83,Body
det,15.5544,1293.77,791.15,17.72,21.23,0.393,Head
cmd,15.5544,5,0
err,15.5866,48.42,-3.15
dbg,15.5866,25.6,19.4,0.7,1.5
det,15.5866,1305.22,785.36,46.39,114.89,0.839,Body
cmd,15.5866,29,-5
err,15.6199,32.6,-4.48
dbg,15.6199,29.4,25.4,-2.1,-3.7
det,15.6199,1288.72,784.01,47.76,115.05,0.855,Body
cmd,15.6199,7,-2
err,15.6538,29.43,-3.91
dbg,15.6538,29.4,5.2,-3.1,-1.5
det,15.6538,1285.43,784.52,48.0,115.64,0.86,Body
det,15.6538,1300.14,784.76,16.92,23.23,0.502,Head
cmd,15.6538,22,-4
err,15.6861,7.48,0.7
dbg,15.6861,26.4,21.6,-2.6,-4.5
det,15.6861,1264.96,789.27,45.03,114.24,0.82,Body
det,15.6861,1277.12,787.45,15.33,20.97,0.425,Head
cmd,15.6861,0,4
err,15.7203,7.4,0.7
dbg,15.7203,23.8,16.4,-2.1,0.0
det,15.7203,1264.85,789.27,45.11,114.33,0.824,Body
det,15.7203,1276.97,787.44,15.4,20.99,0.422,Head
cmd,15.7203,0,-2
err,15.7534,7.39,-0.16
dbg,15.7534,21.5,0.0,-1.9,-1.5
det,15.7534,1264.75,788.3,45.28,115.41,0.824,Body
det,15.7534,1276.28,786.79,15.71,21.55,0.429,Head
cmd,15.7534,10,0
err,15.7863,2.81,-2.82
dbg,15.7863,19.0,7.5,-2.0,-1.5
det,15.7863,1259.09,785.36,47.44,118.19,0.821,Body
cmd,15.7863,2,-2
err,15.8195,-20.36,1.88
dbg,15.8195,13.6,9.0,-1.5,-1.5
det,15.8195,1237.47,790.64,44.33,112.47,0.825,Body
cmd,15.8195,-23,2
err,15.8524,-20.5,2.19
dbg,15.8524,8.9,-15.7,-1.0,0.0
det,15.8524,1236.17,790.55,46.67,116.35,0.835,Body
det,15.8524,1251.04,794.27,16.0,21.75,0.45,Head
cmd,15.8524,0,2
err,15.8867,-27.91,2.88
dbg,15.8867,3.8,0.0,-0.4,1.5
det,15.8867,1228.75,791.51,46.68,113.67,0.826,Body
det,15.8867,1244.34,792.5,16.39,21.58,0.423,Head
err,15.92,-28.68,2.69
dbg,15.92,-0.6,0.0,-0.0,0.0
det,15.92,1228.65,791.02,45.34,116.72,0.845,Body
det,15.92,1244.35,791.57,15.57,21.71,0.384,Head
err,15.9546,-12.5,0.42
dbg,15.9546,-7.2,0.0,0.2,0.0
det,15.9546,1243.79,788.74,47.43,116.81,0.832,Body
det,15.9546,1262.89,787.65,17.19,23.1,0.389,Head
cmd,15.9546,-4,-2
err,15.9871,-12.55,-1.45
dbg,15.9871,-10.1,-3.0,-0.7,-1.5
det,15.9871,1243.57,786.82,47.76,117.31,0.825,Body
det,15.9871,1263.9,785.92,17.24,23.86,0.4,Head
cmd,15.9871,-4,-2
err,16.0209,-12.51,-1.5
dbg,16.0209,-11.4,-6.0,-1.1,-3.0
det,16.0209,1243.62,786.76,47.72,117.42,0.825,Body
det,16.0209,1264.01,785.83,17.15,23.78,0.406,Head
cmd,16.0209,-4,0
err,16.0535,-8.56,-0.7
dbg,16.0535,-9.9,-6.0,-0.9,-1.5
det,16.0535,1247.41,787.43,48.06,118.69,0.845,Body
det,16.0535,1265.18,787.93,15.62,21.83,0.434,Head
err,16.0898,-2.13,0.34
dbg,16.0898,-5.6,0.0,-0.2,0.0
det,16.0898,1255.44,788.21,44.86,121.3,0.86,Body
det,16.0898,1268.18,790.85,14.85,22.14,0.418,Head
cmd,16.0898,3,2
err,16.1215,1.37,0.96
dbg,16.1215,-5.6,0.0,-0.2,0.0
det,16.1215,1257.68,788.99,47.38,119.74,0.865,Body
err,16.1545,1.4,0.93
dbg,16.1545,-5.6,0.0,-0.2,0.0
det,16.1545,1257.69,788.96,47.42,119.72,0.866,Body
err,16.1874,-1.23,-1.46
dbg,16.1874,-5.6,0.0,-0.2,0.0
det,16.1874,1255.53,786.48,46.48,120.55,0.868,Body
err,16.2215,-1.21,-1.35
dbg,16.2215,-5.6,0.0,-0.2,0.0
det,16.2215,1255.55,786.62,46.49,120.38,0.867,Body
err,16.2561,-1.21,-1.34
dbg,16.2561,-5.6,0.0,-0.2,0.0
det,16.2561,1255.51,786.62,46.56,120.45,0.865,Body
err,16.2895,-1.21,22.14
dbg,16.2895,-5.0,0.0,2.9,0.0
det,16.2895,1255.66,810.49,46.27,116.46,0.866,Body
det,16.2895,1268.82,811.47,17.14,24.28,0.489,Head
cmd,16.2895,-4,22
err,16.3218,-0.35,13.19
dbg,16.3218,-2.4,-3.0,8.5,16.4
det,16.3218,1257.32,802.09,44.66,110.96,0.865,Body
det,16.3218,1270.21,803.72,16.8,23.7,0.379,Head
err,16.3545,-2.66,-15.2
dbg,16.3545,-2.5,-3.0,5.3,16.4
det,16.3545,1253.0,770.04,48.69,147.67,0.663,Body
cmd,16.3545,-2,-31
err,16.4222,1.95,-24.24
dbg,16.4222,-1.9,0.0,1.2,0.0
det,16.4222,1253.32,762.43,57.25,133.31,0.401,Body
err,16.4557,1.11,-20.67
dbg,16.4557,-1.5,0.0,-1.8,0.0
det,16.4557,1248.58,764.62,65.05,147.05,0.728,Body
err,16.4892,0.46,-15.82
dbg,16.4892,-1.2,0.0,-3.7,0.0
det,16.4892,1242.86,770.39,75.2,137.83,0.716,Body
err,16.7596,103.82,24.61
dbg,16.7596,103.8,0.0,24.6,0.0
det,16.7596,1361.11,809.11,50.75,127.77,0.815,Body
det,16.7596,1375.49,811.6,16.66,23.65,0.641,Head
cmd,16.7596,44,10
err,16.7942,5.34,21.24
dbg,16.7942,5.3,0.0,21.2,0.0
det,16.7942,1259.86,802.59,55.07,130.7,0.84,Body
det,16.7942,1273.47,805.59,23.75,28.45,0.645,Head
cmd,16.7942,5,20
err,16.8253,-16.8,17.86
dbg,16.8253,2.3,3.7,20.8,14.9
det,16.8253,1236.62,804.99,53.16,128.7,0.862,Body
det,16.8253,1251.69,807.42,21.98,26.59,0.478,Head
cmd,16.8253,-21,2
err,16.8589,-16.82,17.83
dbg,16.8589,-0.3,-11.9,20.4,16.4
det,16.8589,1236.65,804.96,53.06,128.72,0.862,Body
det,16.8589,1251.8,807.47,21.75,26.47,0.47,Head
cmd,16.8589,-4,2
err,16.8932,-14.19,15.29
dbg,16.8932,-2.2,-3.0,19.7,1.5
det,16.8932,1239.08,802.09,53.45,131.95,0.855,Body
det,16.8932,1256.96,801.65,22.51,23.18,0.383,Head
cmd,16.8932,-7,13
err,16.9251,-2.24,23.82
dbg,16.9251,-2.2,-8.2,22.0,11.2
det,16.9251,1251.74,805.96,52.38,131.12,0.848,Body
det,16.9251,1266.34,808.9,22.85,27.12,0.501,Head
cmd,16.9251,11,16
err,16.9585,-1.62,16.82
dbg,16.9585,-1.9,3.0,19.1,21.6
det,16.9585,1252.16,803.23,52.44,135.87,0.841,Body
det,16.9585,1267.67,809.35,21.06,26.5,0.486,Head
err,16.9923,-0.36,17.99
dbg,16.9923,-1.1,0.0,18.5,0.0
det,16.9923,1251.43,804.42,56.43,135.62,0.816,Body
det,16.9923,1267.78,807.38,23.81,28.48,0.384,Head
cmd,16.9923,3,16
err,17.0253,23.2,14.09
dbg,17.0253,2.3,2.2,17.9,11.9
det,17.0253,1277.12,800.45,53.89,125.87,0.833,Body
det,17.0253,1293.51,800.6,19.37,24.52,0.618,Head
cmd,17.0253,23,2
err,17.0591,15.3,-3.04
dbg,17.0591,4.1,17.2,15.0,1.5
det,17.0591,1268.47,783.93,53.66,130.3,0.858,Body
cmd,17.0591,0,-4
err,17.0942,13.56,-7.99
dbg,17.0942,5.4,0.0,11.9,-3.0
det,17.0942,1268.23,776.48,52.34,125.71,0.861,Body
det,17.0942,1282.89,777.18,21.34,26.97,0.634,Head
cmd,17.0942,10,-2
err,17.125,-3.3,-7.85
dbg,17.125,4.2,7.5,9.1,-4.5
det,17.125,1251.09,775.69,52.91,127.11,0.852,Body
det,17.125,1266.49,777.24,20.41,27.1,0.629,Head
cmd,17.125,-15,0
err,17.1606,-2.71,-7.59
dbg,17.1606,3.2,-3.7,6.8,-1.5
det,17.1606,1250.4,775.74,54.38,129.1,0.859,Body
det,17.1606,1266.08,777.35,22.42,27.37,0.644,Head
cmd,17.1606,-2,0
err,17.194,-11.78,-6.31
dbg,17.194,1.2,-1.5,5.0,0.0
det,17.194,1242.77,779.91,53.72,124.84,0.831,Body
det,17.194,1257.7,779.29,21.05,26.19,0.546,Head
cmd,17.194,-11,2
err,17.2257,-0.24,-6.83
dbg,17.2257,0.4,-9.7,-1.5,1.5
det,17.2257,1251.0,780.68,57.52,124.87,0.838,Body
det,17.2257,1265.89,780.7,22.98,25.01,0.448,Head
err,17.2607,-2.26,-6.38
dbg,17.2607,-1.1,-8.2,-4.2,1.5
det,17.2607,1250.57,778.91,56.3,126.89,0.843,Body
det,17.2607,1266.44,779.91,22.58,24.93,0.509,Head
cmd,17.2607,0,-7
err,17.2938,0.95,-9.35
dbg,17.2938,0.0,0.0,-7.0,-5.2
det,17.2938,1252.82,777.86,56.26,127.93,0.832,Body
det,17.2938,1268.31,778.77,24.57,25.2,0.402,Head
cmd,17.2938,2,-6
err,17.3262,8.03,-7.68
dbg,17.3262,4.4,1.5,-7.4,-9.7
det,17.3262,1262.71,775.9,54.47,128.28,0.828,Body
det,17.3262,1276.62,777.66,22.82,26.66,0.673,Head
cmd,17.3262,10,0
err,17.3605,10.13,-1.56
dbg,17.3605,7.6,7.5,-4.2,0.0
det,17.3605,1264.0,785.71,52.26,127.28,0.831,Body
det,17.3605,1277.18,788.04,22.86,26.65,0.428,Head
cmd,17.3605,8,2
err,17.394,5.93,4.51
dbg,17.394,6.7,6.0,0.6,1.5
det,17.394,1263.73,787.8,52.77,129.45,0.829,Body
det,17.394,1274.13,788.97,23.6,28.25,0.565,Head
cmd,17.394,2,7
err,17.4267,3.14,-0.05
dbg,17.4267,4.7,7.5,0.2,6.7
det,17.4267,1256.02,786.96,54.25,129.9,0.864,Body
det,17.4267,1268.02,788.85,25.96,28.14,0.506,Head
err,17.4599,-4.0,6.02
dbg,17.4599,-0.1,1.5,3.4,5.2
det,17.4599,1248.82,789.97,54.26,125.26,0.868,Body
det,17.4599,1264.73,791.26,22.54,26.84,0.592,Head
err,17.4936,-6.19,0.6
dbg,17.4936,-3.4,0.0,1.9,0.0
det,17.4936,1249.68,783.35,51.73,127.49,0.849,Body
det,17.4936,1262.23,784.91,23.18,28.53,0.645,Head
err,17.5279,-6.25,0.62
dbg,17.5279,-5.0,0.0,1.2,0.0
det,17.5279,1249.84,783.48,51.58,127.33,0.851,Body
det,17.5279,1262.12,784.97,23.25,28.45,0.639,Head
cmd,17.5279,-9,2
err,17.5613,-6.32,0.59
dbg,17.5613,-5.7,-6.7,0.9,1.5
det,17.5613,1249.69,783.53,51.79,127.3,0.851,Body
det,17.5613,1262.09,784.97,23.17,28.39,0.638,Head
cmd,17.5613,-3,0
err,17.5944,-6.26,0.74
dbg,17.5944,-6.0,-9.0,0.8,1.5
det,17.5944,1249.57,783.52,51.98,127.36,0.851,Body
det,17.5944,1262.06,785.03,23.35,28.56,0.632,Head
err,17.6284,1.04,15.2
dbg,17.6284,-5.0,0.0,2.8,0.0
det,17.6284,1255.03,802.59,52.01,126.13,0.856,Body
det,17.6284,1267.97,805.31,22.32,26.29,0.428,Head
cmd,17.6284,-2,15
err,17.6643,2.53,10.64
dbg,17.6643,-0.9,-1.5,7.1,11.2
det,17.6643,1257.8,798.77,49.47,118.71,0.861,Body
det,17.6643,1269.92,798.53,22.1,25.77,0.422,Head
cmd,17.6643,5,2
err,17.7631,9.19,-11.75
dbg,17.7631,0.5,0.0,4.5,0.0
det,17.7631,1254.82,774.4,68.73,138.54,0.592,Body
cmd,17.7631,5,2
err,17.7965,7.16,-18.69
dbg,17.7965,1.4,3.7,1.3,1.5
det,17.7965,959.99,774.3,45.28,213.56,0.814,Body
det,17.7965,1246.7,768.0,80.92,133.06,0.641,Body
err,18.1638,-142.35,-11.44
dbg,18.1638,-142.4,0.0,-11.4,0.0
det,18.1638,1088.47,769.22,96.68,215.26,0.908,Body
det,18.1638,1125.53,769.83,24.24,34.05,0.716,Head
cmd,18.1638,-45,-4
err,18.198,-92.18,0.14
dbg,18.198,-92.2,0.0,0.1,0.0
det,18.198,1135.61,781.99,99.74,208.18,0.904,Body
det,18.198,1175.79,780.9,24.06,34.97,0.741,Head
cmd,18.198,-45,2
err,18.231,-63.7,8.43
dbg,18.231,-88.3,-33.6,1.3,1.5
det,18.231,1167.59,792.64,95.46,208.28,0.928,Body
det,18.231,1205.58,791.53,21.44,30.72,0.609,Head
cmd,18.231,-27,7
err,18.2648,-59.29,12.76
dbg,18.2648,-84.3,-20.2,2.9,5.2
det,18.2648,1171.68,795.76,97.42,210.03,0.904,Body
det,18.2648,1209.27,795.4,22.87,31.56,0.773,Head
cmd,18.2648,-39,6
err,18.2978,-23.59,13.7
dbg,18.2978,-23.6,0.0,13.7,0.0
det,18.2978,1201.66,800.12,103.94,209.61,0.906,Body
det,18.2978,1244.96,797.0,22.89,30.37,0.573,Head
cmd,18.2978,-22,13
err,18.3321,8.25,13.37
dbg,18.3321,8.3,0.0,13.4,0.0
det,18.3321,1240.17,794.98,97.55,213.18,0.912,Body
det,18.3321,1275.63,794.06,25.24,35.1,0.713,Head
cmd,18.3321,8,13
err,18.3646,8.31,13.4
dbg,18.3646,8.3,6.0,13.4,9.7
det,18.3646,1239.92,795.0,97.78,213.16,0.911,Body
det,18.3646,1275.57,794.05,25.46,35.2,0.709,Head
cmd,18.3646,2,3
err,18.3987,73.71,-5.07
dbg,18.3987,73.7,0.0,-5.1,0.0
det,18.3987,1302.8,776.33,99.0,212.72,0.9,Body
det,18.3987,1341.5,777.34,24.42,31.97,0.773,Head
cmd,18.3987,45,-3
err,18.4313,73.71,-5.07
dbg,18.4313,73.7,33.6,-5.1,-2.2
det,18.4313,1302.78,776.47,99.07,212.55,0.899,Body
det,18.4313,1341.5,777.45,24.42,31.79,0.771,Head
cmd,18.4313,38,-3
err,18.4655,66.27,-14.03
dbg,18.4655,69.6,28.4,-10.0,-2.2
det,18.4655,1295.58,769.08,101.13,209.53,0.903,Body
det,18.4655,1334.83,766.78,22.89,34.88,0.725,Head
cmd,18.4655,32,-14
err,18.4989,65.93,-17.16
dbg,18.4989,67.6,23.9,-13.9,-10.4
det,18.4989,1298.82,766.61,95.22,208.84,0.91,Body
det,18.4989,1334.52,764.41,22.83,33.51,0.692,Head
cmd,18.4989,37,-11
err,18.5319,32.07,-14.84
dbg,18.5319,32.1,0.0,-14.8,0.0
det,18.5319,1263.03,768.27,97.74,208.33,0.922,Body
det,18.5319,1300.67,766.4,22.79,34.11,0.63,Head
cmd,18.5319,30,-14
err,18.5661,4.74,-12.69
dbg,18.5661,28.3,22.4,-14.5,-10.4
det,18.5661,1231.7,768.46,100.48,211.73,0.903,Body
det,18.5661,1272.83,768.42,23.81,34.36,0.797,Head
cmd,18.5661,0,-2
err,18.6046,-46.69,4.87
dbg,18.6046,-46.7,0.0,4.9,0.0
det,18.6046,1187.22,785.62,92.49,211.87,0.901,Body
det,18.6046,1221.62,786.07,23.37,34.19,0.726,Head
cmd,18.6046,-44,5
err,18.6369,-69.73,15.79
dbg,18.6369,-49.9,-32.8,6.4,3.7
det,18.6369,1160.93,798.01,96.89,212.6,0.913,Body
det,18.6369,1199.19,798.08,22.17,32.19,0.709,Head
cmd,18.6369,-36,12
err,18.6696,-69.65,15.7
dbg,18.6696,-52.6,-59.7,7.7,12.7
det,18.6696,1160.98,798.14,96.8,212.51,0.913,Body
det,18.6696,1199.25,798.07,22.2,32.06,0.706,Head
cmd,18.6696,-7,2
err,18.7016,-36.1,13.27
dbg,18.7016,-36.1,0.0,13.3,0.0
det,18.7016,1196.86,795.91,94.39,211.11,0.933,Body
det,18.7016,1233.46,796.64,20.88,30.23,0.702,Head
cmd,18.7016,-34,12
err,18.7351,-36.08,13.32
dbg,18.7351,-36.1,-25.4,13.3,9.0
det,18.7351,1196.86,796.04,94.38,210.95,0.932,Body
det,18.7351,1233.47,796.76,20.9,30.1,0.701,Head
cmd,18.7351,-10,5
err,18.7681,-7.97,5.52
dbg,18.7681,-32.2,-32.8,12.2,12.7
det,18.7681,1219.72,786.57,97.22,210.31,0.892,Body
det,18.7681,1260.2,785.89,23.66,35.69,0.776,Head
err,18.8018,-3.87,3.8
dbg,18.8018,-28.3,0.0,11.1,0.0
det,18.8018,1228.72,784.74,94.4,211.12,0.918,Body
det,18.8018,1264.91,785.02,22.44,34.15,0.772,Head
cmd,18.8018,-6,4
err,18.8364,20.65,-4.69
dbg,18.8364,-21.6,-4.5,8.9,3.0
det,18.8364,1252.59,776.66,95.05,210.39,0.894,Body
det,18.8364,1288.74,777.99,23.83,31.48,0.746,Head
cmd,18.8364,18,-6
err,18.8683,27.24,-8.48
dbg,18.8683,-14.9,9.0,6.5,-1.5
det,18.8683,1262.89,772.36,91.72,210.18,0.937,Body
det,18.8683,1295.77,773.14,22.95,33.4,0.791,Head
cmd,18.8683,7,-3
err,18.904,32.8,-11.24
dbg,18.904,-8.3,5.2,4.1,-2.2
det,18.904,1262.75,769.86,97.99,211.47,0.917,Body
det,18.904,1300.56,770.44,24.47,33.3,0.72,Head
cmd,18.904,13,-4
err,18.9363,32.85,-11.25
dbg,18.9363,-2.7,9.7,2.0,-3.0
det,18.9363,1262.8,769.8,97.93,211.54,0.916,Body
det,18.9363,1300.61,770.44,24.47,33.3,0.716,Head
err,18.9675,32.81,-11.12
dbg,18.9675,2.2,9.7,0.2,-3.0
det,18.9675,1262.75,770.0,97.93,211.38,0.916,Body
det,18.9675,1300.63,770.48,24.35,33.46,0.714,Head
err,19.0003,18.91,-7.17
dbg,19.0003,4.5,0.0,-0.8,0.0
det,19.0003,1251.55,774.94,94.59,209.76,0.907,Body
det,19.0003,1287.57,774.68,22.69,33.01,0.694,Head
cmd,19.0003,2,-2
err,19.036,13.12,-5.44
dbg,19.036,9.2,1.5,-3.4,-1.5
det,19.036,1246.65,775.79,96.58,213.11,0.89,Body
det,19.036,1281.95,777.19,22.34,31.57,0.673,Head
cmd,19.036,2,-2
err,19.0681,4.76,-0.5
dbg,19.0681,6.8,1.5,-1.8,-1.5
det,19.0681,1235.52,779.63,94.91,208.56,0.906,Body
det,19.0681,1272.71,780.16,24.11,35.17,0.759,Head
cmd,19.0681,-7,5
err,19.1015,4.8,-0.41
dbg,19.1015,5.7,-3.7,-1.0,2.2
det,19.1015,1235.45,779.64,94.95,208.55,0.907,Body
det,19.1015,1272.73,780.2,24.14,35.26,0.759,Head
cmd,19.1015,0,2
err,19.136,1.26,0.76
dbg,19.136,5.7,-3.7,-1.0,2.2
det,19.136,1233.23,783.06,96.09,207.12,0.913,Body
det,19.136,1269.83,781.58,22.86,34.87,0.62,Head
err,19.1975,0.62,1.95
dbg,19.1975,2.9,0.0,0.6,0.0
det,19.1975,1232.37,782.97,95.34,209.17,0.917,Body
det,19.1975,1269.83,782.28,21.58,35.75,0.625,Head
err,19.2295,7.6,-4.34
dbg,19.2295,5.5,0.0,-2.1,0.0
det,19.2295,1235.74,779.03,99.53,208.62,0.904,Body
det,19.2295,1276.63,778.28,21.95,31.6,0.755,Head
cmd,19.2295,7,-5
err,19.2591,7.59,-4.32
dbg,19.2591,6.6,5.2,-3.3,-3.7
det,19.2591,1235.94,779.25,99.28,208.35,0.903,Body
det,19.2591,1276.64,778.37,21.9,31.46,0.751,Head
cmd,19.2591,2,-2
err,19.2942,6.9,12.91
dbg,19.2942,6.7,6.7,-1.1,-5.2
det,19.2942,1237.89,796.33,98.85,210.87,0.9,Body
det,19.2942,1276.03,795.63,21.74,31.43,0.715,Head
cmd,19.2942,2,16
err,19.3277,1.52,-3.04
dbg,19.3277,3.8,1.5,-2.2,11.9
det,19.3277,1235.97,773.27,91.1,236.9,0.414,Body
cmd,19.3277,-2,-18
err,19.3611,16.32,-0.05
dbg,19.3611,5.6,-1.5,-1.9,-13.4
det,19.3611,1279.46,789.56,33.72,103.91,0.363,Body
cmd,19.3611,16,0
err,19.3956,19.32,-9.11
dbg,19.3956,7.4,11.9,-2.9,0.0
det,19.3956,1281.77,780.4,35.1,104.92,0.501,Body
cmd,19.3956,5,-11
err,19.4279,-1.97,10.23
dbg,19.4279,6.2,3.7,-1.1,-8.2
det,19.4279,1221.02,791.13,114.01,191.02,0.559,Body
cmd,19.4279,-10,18
err,19.4961,-5.9,-8.57
dbg,19.4961,4.5,0.0,-2.1,0.0
det,19.4961,1259.83,782.85,28.54,85.79,0.411,Body
cmd,19.4961,-6,-2
err,19.5276,-10.81,-14.58
dbg,19.5276,2.4,-4.5,-3.8,-1.5
det,19.5276,1243.12,770.39,52.14,150.27,0.819,Body
det,19.5276,1262.91,768.62,16.05,24.58,0.436,Head
cmd,19.5276,-5,-8
err,19.5613,-15.62,-6.48
dbg,19.5613,-0.1,-8.2,-4.2,-7.5
det,19.5613,1237.37,778.54,54.03,149.73,0.782,Body
cmd,19.5613,-5,0
err,19.5934,-1.77,-2.03
dbg,19.5934,-1.0,-7.5,-3.0,-6.0
det,19.5934,1250.89,785.01,54.67,129.66,0.767,Body
err,19.6269,-2.18,-1.89
dbg,19.6269,-1.7,-3.7,-2.4,0.0
det,19.6269,1251.25,785.32,53.14,127.86,0.784,Body
err,19.6607,-1.98,-8.88
dbg,19.6607,-1.8,0.0,-6.0,0.0
det,19.6607,1251.66,777.55,52.73,135.71,0.791,Body
det,19.6607,1265.54,777.77,15.04,25.05,0.419,Head
cmd,19.6607,2,-8
err,19.6946,-18.61,-0.69
dbg,19.6946,-4.1,1.5,-5.2,-6.0
det,19.6946,1234.36,785.19,54.06,141.23,0.853,Body
cmd,19.6946,-18,0
err,19.727,-120.2,9.99
dbg,19.727,-120.2,0.0,10.0,0.0
det,19.727,1136.56,796.95,52.64,134.01,0.82,Body
det,19.727,1153.02,797.68,13.55,22.39,0.617,Head
cmd,19.727,-45,4
err,19.7948,4.52,-5.58
dbg,19.7948,4.5,0.0,-5.6,0.0
det,19.7948,1272.73,783.5,23.58,109.18,0.592,Body
cmd,19.7948,4,-5
err,20.0281,-143.2,26.1
dbg,20.0281,-143.2,0.0,26.1,0.0
det,20.0281,1110.65,813.1,52.3,130.02,0.876,Body
det,20.0281,1126.18,814.63,16.2,21.21,0.443,Head
cmd,20.0281,-44,8
err,20.0622,-79.02,43.12
dbg,20.0622,-79.0,0.0,43.1,0.0
det,20.0622,1175.69,830.09,50.57,130.31,0.884,Body
det,20.0622,1190.54,830.88,17.47,22.23,0.409,Head
cmd,20.0622,-40,22
err,20.0969,-75.13,50.94
dbg,20.0969,-76.9,-29.9,47.4,16.4
det,20.0969,1182.44,837.78,49.62,127.4,0.83,Body
det,20.0969,1197.9,839.91,13.95,20.05,0.5,Head
cmd,20.0969,-34,29
err,20.1296,-83.38,52.72
dbg,20.1296,-80.5,-25.4,50.3,21.6
det,20.1296,1174.23,835.04,50.65,132.83,0.886,Body
det,20.1296,1188.59,840.87,16.07,21.54,0.555,Head
cmd,20.1296,-39,23
err,20.1637,-90.59,47.46
dbg,20.1637,-86.0,-29.1,48.8,17.2
det,20.1637,1166.14,834.75,54.58,127.78,0.867,Body
det,20.1637,1181.42,835.47,15.98,21.81,0.641,Head
cmd,20.1637,-41,19
err,20.197,-92.17,44.72
dbg,20.197,-89.4,-30.6,46.5,14.2
det,20.197,1164.57,833.09,51.18,126.13,0.846,Body
det,20.197,1180.64,832.7,14.38,21.85,0.582,Head
cmd,20.197,-41,18
err,20.231,-92.72,44.01
dbg,20.231,-91.2,-30.6,45.1,13.4
det,20.231,1165.39,832.73,49.59,125.43,0.842,Body
det,20.231,1180.17,831.98,14.23,21.86,0.529,Head
cmd,20.231,-41,18
err,20.2621,-62.92,18.2
dbg,20.2621,-62.9,0.0,18.2,0.0
det,20.2621,1190.64,805.14,52.88,130.61,0.855,Body
cmd,20.2621,-43,13
err,20.2958,-16.8,-3.2
dbg,20.2958,-16.8,0.0,-3.2,0.0
det,20.2958,1237.08,783.52,52.24,132.81,0.855,Body
cmd,20.2958,-16,-3
err,20.3294,-3.63,-2.51
dbg,20.3294,-15.0,-11.9,-3.1,-2.2
det,20.3294,1253.03,783.49,52.2,129.2,0.856,Body
det,20.3294,1268.12,786.28,16.5,20.38,0.522,Head
cmd,20.3294,0,-2
err,20.363,3.58,-2.0
dbg,20.363,-12.4,0.0,-2.9,-1.5
det,20.363,1257.9,785.31,51.36,126.92,0.851,Body
det,20.363,1273.15,785.31,17.0,21.99,0.419,Head
cmd,20.363,2,-2
err,20.3968,128.16,-53.83
dbg,20.3968,128.2,0.0,-53.8,0.0
det,20.3968,1382.43,733.26,51.45,129.05,0.862,Body
det,20.3968,1398.5,735.15,14.13,20.19,0.451,Head
cmd,20.3968,41,-17
err,20.4296,138.86,-50.05
dbg,20.4296,134.0,30.6,-51.8,-12.7
det,20.4296,1394.45,737.27,50.91,126.55,0.88,Body
det,20.4296,1412.26,738.6,13.19,20.63,0.619,Head
cmd,20.4296,43,-14
err,20.4645,138.83,-49.12
dbg,20.4645,136.7,32.1,-50.3,-10.4
det,20.4645,1394.51,738.81,51.49,127.0,0.875,Body
det,20.4645,1411.84,739.33,13.99,21.0,0.583,Head
cmd,20.4645,43,-14
err,20.4976,136.49,-47.5
dbg,20.4976,136.6,32.1,-48.8,-10.4
det,20.4976,1392.46,741.63,51.64,124.07,0.846,Body
det,20.4976,1409.56,741.49,13.86,20.02,0.509,Head
cmd,20.4976,43,-14
err,20.5302,106.58,-33.93
dbg,20.5302,106.6,0.0,-33.9,0.0
det,20.5302,1362.5,754.18,51.32,125.91,0.858,Body
det,20.5302,1379.82,754.49,13.52,21.05,0.563,Head
cmd,20.5302,43,-14
err,20.564,74.52,-24.26
dbg,20.564,74.5,0.0,-24.3,0.0
det,20.564,1329.54,762.97,50.11,126.7,0.852,Body
det,20.564,1347.1,764.32,14.85,20.77,0.623,Head
cmd,20.564,43,-14
err,20.5974,40.33,-12.96
dbg,20.5974,40.3,0.0,-13.0,0.0
det,20.5974,1297.95,770.09,51.79,130.27,0.862,Body
det,20.5974,1311.38,775.59,17.9,20.83,0.542,Head
cmd,20.5974,38,-12
err,20.6303,6.81,-0.45
dbg,20.6303,6.8,0.0,-0.5,0.0
det,20.6303,1262.87,786.04,54.84,126.99,0.829,Body
det,20.6303,1277.48,786.94,18.65,22.92,0.549,Head
cmd,20.6303,6,-2
err,20.6655,-27.22,11.19
dbg,20.6655,-27.2,0.0,11.2,0.0
det,20.6655,1226.88,798.67,51.81,125.19,0.844,Body
cmd,20.6655,-26,10
err,20.6981,-30.8,11.04
dbg,20.6981,-29.2,-19.4,11.1,7.5
det,20.6981,1223.96,798.19,50.48,128.42,0.87,Body
cmd,20.6981,-12,4
err,20.731,-66.0,23.7
dbg,20.731,-66.0,0.0,23.7,0.0
det,20.731,1190.05,809.57,53.62,128.13,0.886,Body
det,20.731,1205.49,811.76,17.01,21.71,0.554,Head
cmd,20.731,-42,15
err,20.7653,-95.58,33.91
dbg,20.7653,-95.6,0.0,33.9,0.0
det,20.7653,1158.57,821.01,51.69,128.99,0.879,Body
det,20.7653,1173.11,823.92,14.39,20.14,0.502,Head
cmd,20.7653,-42,15
err,20.8027,-67.12,23.71
dbg,20.8027,-67.1,0.0,23.7,0.0
det,20.8027,1186.75,809.24,52.5,129.23,0.851,Body
det,20.8027,1204.7,812.23,16.35,20.87,0.593,Head
cmd,20.8027,-42,15
err,20.8457,-67.11,23.7
dbg,20.8457,-67.1,-31.3,23.7,11.2
det,20.8457,1186.71,809.22,52.64,129.29,0.85,Body
det,20.8457,1204.64,812.19,16.5,20.92,0.594,Head
cmd,20.8457,-34,12
err,20.8825,-36.4,13.05
dbg,20.8825,-36.4,0.0,13.0,0.0
det,20.8825,1218.71,799.38,51.32,127.68,0.867,Body
det,20.8825,1236.68,801.29,13.84,21.37,0.627,Head
cmd,20.8825,-34,12
err,20.9189,25.68,-9.89
dbg,20.9189,25.7,0.0,-9.9,0.0
det,20.9189,1280.0,777.47,52.31,126.04,0.835,Body
det,20.9189,1297.28,778.08,16.79,21.87,0.643,Head
cmd,20.9189,24,-9
err,20.9532,50.19,-19.57
dbg,20.9532,29.0,17.9,-11.2,-6.7
det,20.9532,1306.78,768.62,51.09,127.01,0.853,Body
det,20.9532,1322.23,768.73,15.91,21.28,0.524,Head
cmd,20.9532,31,-12
err,20.9858,50.16,-19.62
dbg,20.9858,31.9,23.1,-12.4,-9.0
det,20.9858,1306.82,768.53,51.06,127.07,0.852,Body
det,20.9858,1322.15,768.66,16.03,21.3,0.526,Head
cmd,20.9858,22,-9
err,21.0198,76.14,-26.41
dbg,21.0198,38.0,39.6,-14.3,-15.7
det,21.0198,1333.43,761.4,50.07,125.59,0.889,Body
det,21.0198,1349.0,762.21,14.28,20.69,0.559,Head
cmd,21.0198,30,-9
err,21.0541,76.12,-26.45
dbg,21.0541,43.3,22.4,-16.0,-6.7
det,21.0541,1333.5,761.4,49.93,125.62,0.887,Body
det,21.0541,1348.97,762.18,14.3,20.68,0.558,Head
cmd,21.0541,41,-15
err,21.0856,76.13,-26.43
dbg,21.0856,47.8,53.0,-17.4,-17.9
det,21.0856,1333.42,761.51,50.09,125.5,0.888,Body
det,21.0856,1349.01,762.21,14.25,20.67,0.557,Head
cmd,21.0856,11,-4
err,21.1203,20.01,-4.87
dbg,21.1203,20.0,0.0,-4.9,0.0
det,21.1203,1273.1,782.6,53.81,125.35,0.839,Body
det,21.1203,1287.29,782.52,19.03,22.71,0.424,Head
cmd,21.1203,19,-5
err,21.1531,20.55,11.94
dbg,21.1531,20.1,14.2,-2.6,-3.7
det,21.1531,1277.88,799.77,45.33,121.71,0.847,Body
det,21.1531,1291.79,799.36,14.21,21.4,0.495,Head
cmd,21.1531,6,16
err,21.1842,-4.49,13.95
dbg,21.1842,16.7,18.7,-0.3,8.2
det,21.1842,1250.12,795.66,54.3,136.34,0.837,Body
det,21.1842,1267.77,801.9,15.48,21.91,0.538,Head
cmd,21.1842,-24,4
err,21.2203,-33.61,23.98
dbg,21.2203,-33.6,0.0,24.0,0.0
det,21.2203,1219.28,811.37,54.23,126.08,0.859,Body
det,21.2203,1236.96,812.21,14.71,19.25,0.454,Head
cmd,21.2203,-32,22
err,21.2514,-42.75,21.2
dbg,21.2514,-38.6,-23.9,22.4,16.4
det,21.2514,1210.27,808.26,53.96,129.37,0.848,Body
det,21.2514,1227.54,810.86,17.02,20.95,0.497,Head
cmd,21.2514,-22,4
err,21.2847,-56.69,23.69
dbg,21.2847,-41.1,-40.3,22.6,19.4
det,21.2847,1198.49,808.79,53.75,130.39,0.83,Body
det,21.2847,1214.54,810.97,17.54,23.12,0.618,Head
cmd,21.2847,-18,3
err,21.3179,-60.18,8.31
dbg,21.3179,-43.7,-29.9,20.7,5.2
det,21.3179,1193.29,795.59,53.05,127.23,0.851,Body
cmd,21.3179,-28,2
err,21.3503,-18.5,-8.85
dbg,21.3503,-18.5,0.0,-8.8,0.0
det,21.3503,1238.02,776.19,50.54,127.85,0.884,Body
det,21.3503,1253.02,778.78,16.97,22.5,0.553,Head
cmd,21.3503,-17,-8
err,21.3848,-0.22,-15.13
dbg,21.3848,-16.0,-12.7,-9.7,-6.0
det,21.3848,1254.92,772.06,49.7,128.15,0.873,Body
det,21.3848,1269.61,775.76,15.1,20.08,0.434,Head
cmd,21.3848,0,-9
err,21.4191,13.54,2.1
dbg,21.4191,-11.9,0.0,-8.1,-6.7
det,21.4191,1267.73,789.37,51.62,127.3,0.864,Body
det,21.4191,1280.76,791.09,17.91,23.01,0.488,Head
cmd,21.4191,10,9
err,21.4544,8.89,-1.36
dbg,21.4544,-9.1,7.5,-7.2,6.7
det,21.4544,1266.45,788.69,51.33,123.91,0.869,Body
det,21.4544,1280.7,786.8,16.39,21.53,0.553,Head
cmd,21.4544,0,-8
err,21.4869,44.11,4.31
dbg,21.4869,44.1,0.0,4.3,0.0
det,21.4869,1301.18,790.8,50.78,125.14,0.85,Body
det,21.4869,1316.84,792.64,14.54,21.22,0.529,Head
cmd,21.4869,41,4
err,21.5194,43.55,6.36
dbg,21.5194,43.8,30.6,5.4,3.0
det,21.5194,1299.98,793.99,53.43,125.19,0.861,Body
det,21.5194,1316.2,794.9,14.7,20.84,0.575,Head
cmd,21.5194,12,4
err,21.5518,34.61,-5.92
dbg,21.5518,38.7,39.6,-0.8,6.0
det,21.5518,1292.84,781.65,50.74,126.67,0.833,Body
det,21.5518,1305.65,782.43,17.93,21.19,0.513,Head
cmd,21.5518,0,-16
err,21.5848,37.57,-1.04
dbg,21.5848,38.1,9.0,-0.9,-9.0
det,21.5848,1290.38,786.36,54.38,125.91,0.844,Body
det,21.5848,1305.38,787.14,19.33,22.37,0.38,Head
cmd,21.5848,24,0
err,21.6199,3.07,-4.98
dbg,21.6199,3.1,0.0,-5.0,0.0
det,21.6199,1261.49,782.03,52.24,124.62,0.849,Body
det,21.6199,1272.93,782.51,20.27,22.75,0.53,Head
cmd,21.6199,3,-5
err,21.653,-3.94,-8.14
dbg,21.653,-0.8,2.2,-6.7,-3.7
det,21.653,1254.12,780.41,51.12,123.21,0.853,Body
det,21.653,1267.51,779.87,17.1,21.8,0.562,Head
cmd,21.653,-9,-5
err,21.6945,-1.07,-10.5
dbg,21.6945,-0.9,-6.7,-8.8,-3.7
det,21.6945,1252.91,776.82,52.04,126.79,0.864,Body
det,21.6945,1269.09,777.54,17.44,21.31,0.501,Head
cmd,21.6945,0,-8
err,21.7563,-15.58,5.88
dbg,21.7563,-3.0,0.0,-6.8,-6.0
det,21.7563,1238.1,793.19,52.63,126.98,0.87,Body
cmd,21.7563,-11,0
err,21.788,-15.43,5.17
dbg,21.788,-4.7,-8.2,-5.1,0.0
det,21.788,1238.56,792.41,52.03,127.68,0.88,Body
cmd,21.788,-2,-2
err,21.825,-16.04,9.92
dbg,21.825,-6.2,-1.5,-3.1,-1.5
det,21.825,1237.72,796.8,52.48,131.17,0.863,Body
cmd,21.825,-9,4
err,21.8609,-15.66,28.98
dbg,21.8609,-7.5,-6.7,1.3,3.0
det,21.8609,1239.32,815.9,50.04,130.87,0.85,Body
cmd,21.8609,-3,17
err,21.8942,-8.56,29.41
dbg,21.8942,-7.7,-2.2,5.2,12.7
det,21.8942,1246.01,812.83,51.33,130.24,0.828,Body
det,21.8942,1261.92,815.91,19.05,24.55,0.609,Head
cmd,21.8942,-2,7
err,21.928,-5.45,20.58
dbg,21.928,-7.4,-1.5,7.3,5.2
det,21.928,1248.48,807.1,52.15,134.79,0.84,Body
det,21.928,1264.47,813.5,14.5,21.43,0.478,Head
cmd,21.928,-2,4
err,21.9601,1.66,8.02
dbg,21.9601,-2.4,-3.0,7.7,8.2
det,21.9601,1254.08,793.77,55.15,142.43,0.847,Body
cmd,21.9601,11,-10
err,21.9937,3.25,-8.96
dbg,21.9937,-1.6,6.7,5.4,-4.5
det,21.9937,1255.91,776.8,54.69,142.37,0.838,Body
cmd,21.9937,2,-12
err,22.0278,4.8,-7.33
dbg,22.0278,-0.7,1.5,3.7,-9.0
det,22.0278,1258.86,779.75,51.88,129.13,0.859,Body
det,22.0278,1274.06,781.81,17.03,23.02,0.405,Head
err,22.0612,4.7,-6.4
dbg,22.0612,2.3,0.0,-1.9,0.0
det,22.0612,1258.59,780.89,52.21,127.03,0.86,Body
det,22.0612,1273.85,782.52,16.58,22.61,0.464,Head
err,22.0949,-3.2,2.4
dbg,22.0949,-0.7,0.0,0.5,0.0
det,22.0949,1251.1,789.15,51.39,132.55,0.863,Body
det,22.0949,1266.45,793.69,17.36,22.01,0.512,Head
err,22.129,-2.82,1.75
dbg,22.129,-1.9,0.0,1.2,0.0
det,22.129,1251.4,788.48,51.56,132.67,0.865,Body
det,22.129,1267.35,792.75,17.72,21.94,0.497,Head
err,22.1632,-2.33,23.22
dbg,22.1632,-1.9,0.0,4.2,0.0
det,22.1632,1248.52,804.83,54.72,135.43,0.842,Body
det,22.1632,1269.14,810.2,17.05,23.67,0.496,Head
cmd,22.1632,-3,22
err,22.1976,-3.78,7.01
dbg,22.1976,-3.0,-2.2,5.7,16.4
det,22.1976,1249.29,792.65,53.86,143.59,0.712,Body
cmd,22.1976,-2,0
err,22.3131,0.97,-0.56
dbg,22.3131,-3.0,-2.2,5.7,16.4
det,22.3131,1245.18,787.02,71.58,124.17,0.591,Body
err,22.348,7.16,-33.4
dbg,22.348,7.2,0.0,-33.4,0.0
det,22.348,1268.23,750.82,37.85,157.83,0.496,Body
cmd,22.348,7,-31
err,22.4474,5.56,-42.65
dbg,22.4474,6.3,0.0,-38.5,0.0
det,22.4474,1268.67,747.13,33.78,102.28,0.419,Body
cmd,22.4474,5,-39
err,22.782,133.92,68.93
dbg,22.782,133.9,0.0,68.9,0.0
det,22.782,1384.78,853.07,59.61,146.04,0.805,Body
det,22.782,1402.96,853.37,21.92,28.3,0.66,Head
cmd,22.782,40,21
err,22.816,-65.68,75.91
dbg,22.816,-65.7,0.0,75.9,0.0
det,22.816,1185.36,860.41,57.48,143.47,0.808,Body
det,22.816,1204.49,860.67,19.66,27.72,0.537,Head
cmd,22.816,-29,34
err,22.9515,-141.56,45.79
dbg,22.9515,-141.6,0.0,45.8,0.0
det,22.9515,1106.95,830.3,62.18,144.31,0.809,Body
det,22.9515,1126.92,830.32,23.04,28.14,0.674,Head
cmd,22.9515,-43,14
err,22.9948,-138.46,45.95
dbg,22.9948,-139.9,-32.1,45.9,10.4
det,22.9948,1111.16,832.1,58.43,143.05,0.808,Body
det,22.9948,1129.89,829.88,23.3,29.22,0.656,Head
cmd,22.9948,-43,14
err,23.0314,-118.29,22.32
dbg,23.0314,-118.3,0.0,22.3,0.0
det,23.0314,1133.92,805.88,56.94,142.95,0.784,Body
det,23.0314,1150.71,806.91,22.0,28.02,0.588,Head
cmd,23.0314,-44,8
err,23.0667,-84.55,10.64
dbg,23.0667,-84.6,0.0,10.6,0.0
det,23.0667,1167.39,795.43,56.84,140.5,0.815,Body
det,23.0667,1185.44,796.28,20.02,26.1,0.705,Head
cmd,23.0667,-45,6
err,23.1018,-53.1,0.59
dbg,23.1018,-53.1,0.0,0.6,0.0
det,23.1018,1197.67,783.06,58.29,143.81,0.805,Body
det,23.1018,1215.33,784.23,23.14,29.75,0.662,Head
cmd,23.1018,-45,2
err,23.1366,-52.25,-0.31
dbg,23.1366,-52.6,-33.6,0.1,1.5
det,23.1366,1199.24,783.04,58.12,143.74,0.795,Body
det,23.1366,1217.02,784.27,21.45,28.03,0.66,Head
cmd,23.1366,-17,-2
err,23.1699,-7.1,14.36
dbg,23.1699,-7.1,0.0,14.4,0.0
det,23.1699,1248.36,805.89,49.31,129.59,0.809,Body
det,23.1699,1264.07,800.35,17.66,25.46,0.539,Head
cmd,23.1699,-7,13
err,23.2016,39.88,7.4
dbg,23.2016,39.9,0.0,7.4,0.0
det,23.2016,1293.56,792.86,54.32,128.64,0.813,Body
det,23.2016,1310.62,793.57,18.51,25.14,0.656,Head
cmd,23.2016,37,7
err,23.2372,78.33,-2.74
dbg,23.2372,78.3,0.0,-2.7,0.0
det,23.2372,1326.67,779.83,59.14,146.29,0.786,Body
det,23.2372,1345.67,781.8,25.31,28.11,0.526,Head
cmd,23.2372,45,-2
err,23.2692,90.51,-5.94
dbg,23.2692,80.0,33.6,-3.2,-1.5
det,23.2692,1338.78,779.91,57.93,143.5,0.762,Body
det,23.2692,1357.31,777.29,26.4,30.48,0.462,Head
cmd,23.2692,45,-4
err,23.3025,91.94,-11.95
dbg,23.3025,86.6,67.2,-8.0,-4.5
det,23.3025,1343.05,773.78,57.78,142.69,0.786,Body
det,23.3025,1364.34,774.06,27.4,29.65,0.4,Head
cmd,23.3025,27,-10
err,23.3347,94.76,-14.88
dbg,23.3347,91.1,53.7,-11.8,-10.4
det,23.3347,1344.11,769.37,57.83,141.81,0.792,Body
det,23.3347,1364.08,770.04,21.34,27.42,0.532,Head
cmd,23.3347,43,-9
err,23.3695,31.63,-12.23
dbg,23.3695,31.6,0.0,-12.2,0.0
det,23.3695,1285.42,774.49,52.42,132.82,0.805,Body
cmd,23.3695,30,-11
err,23.4042,-0.03,-16.99
dbg,23.4042,-0.0,0.0,-17.0,0.0
det,23.4042,1249.93,766.72,56.11,140.65,0.786,Body
det,23.4042,1268.57,766.74,22.8,29.57,0.459,Head
cmd,23.4042,-2,-16
err,23.439,-21.09,8.95
dbg,23.439,-21.1,0.0,9.0,0.0
det,23.439,1230.31,795.42,56.56,137.24,0.803,Body
det,23.439,1247.09,794.29,23.63,26.65,0.551,Head
cmd,23.439,-20,8
err,24.7753,-146.91,43.51
dbg,24.7753,-146.9,0.0,43.5,0.0
det,24.7753,1097.96,828.06,68.74,159.07,0.913,Body
det,24.7753,1123.09,828.54,19.99,27.22,0.566,Head
cmd,24.7753,-43,13
err,24.8096,-126.07,30.33
dbg,24.8096,-144.0,-32.1,41.7,9.7
det,24.8096,1117.36,814.35,69.59,160.03,0.871,Body
det,24.8096,1142.64,814.94,22.59,27.98,0.655,Head
cmd,24.8096,-44,9
err,24.8439,-114.88,22.88
dbg,24.8439,-140.0,-32.8,39.1,6.7
det,24.8439,1130.94,809.12,65.82,156.64,0.902,Body
det,24.8439,1156.4,808.69,17.43,25.79,0.605,Head
cmd,24.8439,-44,10
err,24.876,-104.57,16.29
dbg,24.876,-135.2,-65.7,36.0,14.2
det,24.876,1140.39,800.57,68.79,159.63,0.888,Body
det,24.876,1165.27,801.59,20.32,26.74,0.693,Head
cmd,24.876,-41,5
err,24.9094,-100.33,14.77
dbg,24.9094,-130.4,-63.4,33.1,11.2
det,24.9094,1144.55,798.89,67.89,158.75,0.884,Body
det,24.9094,1170.41,800.16,18.51,26.56,0.688,Head
cmd,24.9094,-43,8
err,24.9454,-100.92,14.13
dbg,24.9454,-126.3,-32.1,30.5,6.0
det,24.9454,1144.87,798.35,67.59,158.02,0.889,Body
det,24.9454,1169.9,799.49,18.36,26.61,0.677,Head
cmd,24.9454,-44,8
err,24.9767,-100.19,32.65
dbg,24.9767,-122.7,-32.8,30.8,6.0
det,24.9767,1143.87,817.61,67.39,157.84,0.899,Body
det,24.9767,1170.89,817.68,17.84,27.23,0.687,Head
cmd,24.9767,-41,19
err,25.0103,-101.43,29.68
dbg,25.0103,-119.8,-63.4,30.6,20.2
det,25.0103,1143.94,812.89,67.44,158.9,0.891,Body
det,25.0103,1168.2,813.76,20.74,28.94,0.671,Head
cmd,25.0103,-43,13
err,25.0432,27.59,2.04
dbg,25.0432,27.6,0.0,2.0,0.0
det,25.0432,1273.15,786.02,67.43,158.19,0.888,Body
det,25.0432,1297.14,785.5,20.9,30.07,0.615,Head
cmd,25.0432,26,2
err,25.0763,64.44,-3.38
dbg,25.0763,64.4,0.0,-3.4,0.0
det,25.0763,1311.52,780.93,65.84,156.92,0.881,Body
det,25.0763,1337.34,781.47,17.35,25.61,0.484,Head
cmd,25.0763,45,-2
err,25.1099,65.84,-7.93
dbg,25.1099,65.2,33.6,-5.9,-1.5
det,25.1099,1312.7,777.04,64.32,157.06,0.856,Body
det,25.1099,1336.96,777.79,17.76,25.98,0.639,Head
cmd,25.1099,31,-8
err,25.1434,129.27,-34.95
dbg,25.1434,129.3,0.0,-35.0,0.0
det,25.1434,1373.25,749.12,69.92,158.08,0.858,Body
det,25.1434,1398.08,749.93,22.38,27.48,0.639,Head
cmd,25.1434,43,-12
err,25.1772,108.55,-35.78
dbg,25.1772,126.4,32.1,-35.1,-9.0
det,25.1772,1355.28,748.61,66.53,156.12,0.899,Body
det,25.1772,1379.35,749.2,18.13,27.66,0.481,Head
cmd,25.1772,43,-15
err,25.2106,73.69,-34.4
dbg,25.2106,73.7,0.0,-34.4,0.0
det,25.2106,1321.59,749.56,66.12,155.24,0.886,Body
det,25.2106,1342.55,749.72,22.27,28.87,0.63,Head
cmd,25.2106,41,-19
err,25.2445,52.62,-11.2
dbg,25.2445,52.6,0.0,-11.2,0.0
det,25.2445,1299.31,774.43,62.82,151.58,0.9,Body
det,25.2445,1324.38,775.43,16.49,24.31,0.704,Head
cmd,25.2445,44,-9
err,25.2775,20.73,-4.96
dbg,25.2775,20.7,0.0,-5.0,0.0
det,25.2775,1266.54,781.87,65.0,154.86,0.882,Body
det,25.2775,1291.98,781.11,17.5,25.33,0.54,Head
cmd,25.2775,19,-5
err,25.3107,-11.95,4.46
dbg,25.3107,-11.9,0.0,4.5,0.0
det,25.3107,1232.55,789.92,67.46,154.74,0.904,Body
det,25.3107,1257.8,789.88,20.51,26.5,0.662,Head
cmd,25.3107,-11,4
err,25.3444,-44.11,15.64
dbg,25.3444,-44.1,0.0,15.6,0.0
det,25.3444,1201.02,800.28,66.44,157.91,0.908,Body
det,25.3444,1226.37,801.13,19.03,26.37,0.705,Head
cmd,25.3444,-41,15
err,25.3797,-46.29,11.87
dbg,25.3797,-45.3,-30.6,13.6,11.2
det,25.3797,1200.36,797.71,65.35,156.09,0.918,Body
det,25.3797,1224.39,797.99,18.64,25.23,0.629,Head
cmd,25.3797,-16,0
err,25.4122,-92.47,19.95
dbg,25.4122,-92.5,0.0,20.0,0.0
det,25.4122,1153.01,802.71,66.48,160.65,0.854,Body
det,25.4122,1177.92,805.13,19.23,26.95,0.666,Head
cmd,25.4122,-44,9
err,25.4462,-84.43,16.02
dbg,25.4462,-88.0,-32.8,17.8,6.7
det,25.4462,1161.95,799.53,65.4,158.21,0.902,Body
det,25.4462,1185.41,800.98,20.32,27.34,0.672,Head
cmd,25.4462,-44,7
err,25.4804,-52.89,25.36
dbg,25.4804,-52.9,0.0,25.4,0.0
det,25.4804,1190.62,807.54,69.23,160.29,0.887,Body
det,25.4804,1215.54,808.61,23.16,30.44,0.707,Head
cmd,25.4804,-41,19
err,25.5129,-41.93,23.42
dbg,25.5129,-46.9,-30.6,24.3,14.2
det,25.5129,1202.97,808.94,68.94,156.31,0.891,Body
det,25.5129,1229.38,809.29,17.37,25.7,0.661,Head
cmd,25.5129,-5,8
err,25.5449,-7.96,15.22
dbg,25.5449,-8.0,0.0,15.2,0.0
det,25.5449,1238.0,799.67,68.09,155.46,0.883,Body
det,25.5449,1259.8,798.04,21.71,28.64,0.507,Head
cmd,25.5449,-7,14
err,25.5794,22.98,6.66
dbg,25.5794,23.0,0.0,6.7,0.0
det,25.5794,1269.42,792.48,68.34,154.51,0.894,Body
det,25.5794,1293.2,792.03,19.56,26.59,0.625,Head
cmd,25.5794,22,6
err,25.6118,23.8,2.23
dbg,25.6118,23.4,16.4,4.2,4.5
det,25.6118,1270.09,786.48,67.42,157.46,0.885,Body
det,25.6118,1294.51,787.21,20.02,27.54,0.514,Head
cmd,25.6118,7,0
err,25.6457,55.03,-16.02
dbg,25.6457,55.0,0.0,-16.0,0.0
det,25.6457,1301.29,771.13,67.06,156.03,0.884,Body
det,25.6457,1324.96,769.97,20.12,25.48,0.584,Head
cmd,25.6457,43,-13
err,25.6801,65.2,-33.32
dbg,25.6801,56.4,32.1,-18.4,-9.7
det,25.6801,1309.32,751.37,68.86,157.66,0.866,Body
det,25.6801,1334.27,751.52,21.86,27.55,0.519,Head
cmd,25.6801,31,-22
err,25.7133,47.73,-39.24
dbg,25.7133,55.2,23.1,-21.3,-16.4
det,25.7133,1293.34,743.63,67.82,159.71,0.899,Body
det,25.7133,1316.02,744.05,23.43,30.38,0.579,Head
cmd,25.7133,22,-19
err,25.7457,41.33,-18.4
dbg,25.7457,53.3,39.6,-20.9,-30.6
det,25.7457,1290.01,765.47,64.12,149.97,0.879,Body
det,25.7457,1311.08,766.11,20.49,28.17,0.655,Head
cmd,25.7457,2,0
err,25.7794,7.05,-10.65
dbg,25.7794,7.1,0.0,-10.7,0.0
det,25.7794,1255.84,773.58,66.84,157.45,0.885,Body
det,25.7794,1276.75,773.5,20.6,28.81,0.557,Head
cmd,25.7794,7,-10
err,25.8123,-12.71,1.94
dbg,25.8123,4.3,5.2,-8.9,-7.5
det,25.8123,1232.16,786.59,69.02,157.72,0.889,Body
det,25.8123,1255.98,785.74,22.62,29.46,0.665,Head
cmd,25.8123,-18,9
err,25.8481,-30.39,11.51
dbg,25.8481,-0.4,-13.4,-6.1,6.7
det,25.8481,1217.6,795.0,64.02,158.27,0.87,Body
det,25.8481,1239.97,796.74,19.28,26.85,0.661,Head
cmd,25.8481,-14,3
err,25.8814,-30.17,10.22
dbg,25.8814,-4.5,-10.4,-3.9,2.2
det,25.8814,1218.11,793.94,64.18,157.41,0.86,Body
det,25.8814,1239.16,794.97,21.35,27.72,0.634,Head
cmd,25.8814,-12,4
err,25.9133,-34.16,14.67
dbg,25.9133,-8.6,-19.4,-1.3,5.2
det,25.9133,1210.87,798.91,67.4,158.25,0.871,Body
det,25.9133,1236.36,799.71,18.96,27.2,0.561,Head
cmd,25.9133,-6,5
err,25.9472,-20.58,7.39
dbg,25.9472,-15.2,-13.4,3.5,6.7
det,25.9472,1223.09,792.46,68.25,157.35,0.907,Body
det,25.9472,1249.72,792.88,19.4,26.37,0.683,Head
cmd,25.9472,-2,0
err,25.9802,-11.98,3.69
dbg,25.9802,-13.4,-1.5,3.6,0.0
det,25.9802,1232.48,789.89,68.13,154.82,0.905,Body
det,25.9802,1257.64,789.57,20.75,25.67,0.663,Head
cmd,25.9802,-4,2
err,26.0146,-2.01,-4.16
dbg,26.0146,-7.1,-3.0,-0.7,1.5
det,26.0146,1242.79,779.67,66.66,160.51,0.884,Body
det,26.0146,1268.31,779.31,19.36,30.06,0.568,Head
cmd,26.0146,10,-10
err,26.0486,0.44,13.88
dbg,26.0486,-6.1,7.5,1.3,-7.5
det,26.0486,1248.42,798.17,64.03,157.07,0.864,Body
det,26.0486,1273.54,798.8,16.68,25.9,0.375,Head
cmd,26.0486,0,18
err,26.0815,2.56,10.98
dbg,26.0815,-1.3,0.0,6.6,13.4
det,26.0815,1251.47,794.84,62.47,156.62,0.879,Body
det,26.0815,1273.68,795.79,17.76,27.63,0.554,Head
cmd,26.0815,8,0
err,26.1252,2.7,6.88
dbg,26.1252,0.9,6.0,6.8,0.0
det,26.1252,1251.79,791.04,68.74,156.74,0.908,Body
det,26.1252,1272.17,791.65,21.06,27.69,0.561,Head
cmd,26.1252,2,6
err,26.1607,-2.82,-3.42
dbg,26.1607,-1.2,1.5,1.2,4.5
det,26.1607,1243.97,779.76,68.3,160.03,0.866,Body
det,26.1607,1266.61,779.58,21.13,30.91,0.537,Head
err,26.1992,-7.24,-7.14
dbg,26.1992,-4.5,0.0,-3.4,0.0
det,26.1992,1238.24,777.1,69.03,157.64,0.883,Body
det,26.1992,1262.27,776.96,23.09,28.77,0.508,Head
cmd,26.1992,-7,-12
err,26.2384,-8.72,-12.83
dbg,26.2384,-6.8,-5.2,-8.6,-9.0
det,26.2384,1236.1,770.48,69.62,159.38,0.865,Body
det,26.2384,1257.82,770.68,26.93,29.97,0.558,Head
cmd,26.2384,-5,-9
err,26.2705,-9.09,-13.93
dbg,26.2705,-8.1,-3.7,-11.5,-6.7
det,26.2705,1236.28,770.9,69.12,155.5,0.868,Body
det,26.2705,1257.88,769.63,26.05,29.88,0.551,Head
cmd,26.2705,-6,-13
err,26.3051,-9.06,9.83
dbg,26.3051,-8.2,-4.5,-8.6,-9.7
det,26.3051,1236.01,794.68,69.85,151.54,0.86,Body
cmd,26.3051,-5,15
err,26.3388,-12.2,-1.8
dbg,26.3388,-10.4,-3.7,-4.9,11.2
det,26.3388,1234.95,782.4,65.69,158.0,0.781,Body
cmd,26.3388,-11,-15
err,26.5067,11.29,-23.76
dbg,26.5067,11.3,0.0,-23.8,0.0
det,26.5067,1253.36,764.74,75.85,114.99,0.432,Body
cmd,26.5067,11,-22
err,26.5402,33.89,4.33
dbg,26.5402,33.9,0.0,4.3,0.0
det,26.5402,1299.68,794.36,28.42,99.71,0.595,Body
cmd,26.5402,32,4
err,26.5719,-10.41,38.46
dbg,26.5719,-10.4,0.0,38.5,0.0
det,26.5719,1235.2,831.9,68.78,65.66,0.561,Body
cmd,26.5719,-10,36
err,27.7771,139.09,9.28
dbg,27.7771,139.1,0.0,9.3,0.0
det,27.7771,1400.48,796.12,42.46,118.72,0.778,Body
det,27.7771,1411.75,797.69,14.69,21.07,0.64,Head
cmd,27.7771,45,3
err,27.8106,94.65,6.14
dbg,27.8106,94.6,0.0,6.1,0.0
det,27.8106,1355.95,791.68,45.1,122.23,0.846,Body
det,27.8106,1365.82,793.57,17.66,22.86,0.55,Head
cmd,27.8106,45,3
err,27.8445,77.24,9.55
dbg,27.8445,92.3,33.6,6.6,2.2
det,27.8445,1338.73,796.27,41.8,116.1,0.768,Body
det,27.8445,1349.26,797.46,15.97,21.99,0.594,Head
cmd,27.8445,41,7
err,27.878,75.93,9.32
dbg,27.878,90.0,30.6,7.0,5.2
det,27.878,1336.51,796.79,42.24,117.37,0.771,Body
det,27.878,1348.55,797.72,14.76,21.1,0.619,Head
cmd,27.878,44,3
err,27.9098,75.27,9.71
dbg,27.9098,88.0,63.4,7.4,7.5
det,27.9098,1336.26,796.43,42.26,117.05,0.763,Body
det,27.9098,1347.79,797.86,14.97,21.56,0.662,Head
cmd,27.9098,15,2
err,27.9439,75.15,9.71
dbg,27.9439,86.2,44.0,7.7,3.7
det,27.9439,1336.22,796.28,42.29,117.2,0.764,Body
det,27.9439,1347.7,797.73,14.89,21.78,0.664,Head
cmd,27.9439,33,5
err,27.9764,75.21,9.72
dbg,27.9764,80.2,35.8,8.8,5.2
det,27.9764,1336.31,796.38,42.2,117.13,0.763,Body
det,27.9764,1347.68,797.79,15.06,21.7,0.659,Head
cmd,27.9764,38,4
err,28.01,75.2,9.67
dbg,28.01,77.4,53.0,9.3,6.7
det,28.01,1336.24,796.37,42.28,117.14,0.763,Body
det,28.01,1347.78,797.8,14.84,21.59,0.659,Head
cmd,28.01,20,3
err,28.0446,29.18,6.0
dbg,28.0446,29.2,0.0,6.0,0.0
det,28.0446,1290.4,791.48,44.28,119.38,0.795,Body
det,28.0446,1300.94,793.52,16.49,22.7,0.575,Head
cmd,28.0446,27,6
err,28.0771,8.72,-1.96
dbg,28.0771,26.4,20.2,4.9,4.5
det,28.0771,1266.3,785.93,44.84,121.1,0.812,Body
det,28.0771,1274.48,788.33,19.66,23.63,0.433,Head
cmd,28.0771,0,-7
err,28.1105,-22.57,-2.33
dbg,28.1105,-22.6,0.0,-2.3,0.0
det,28.1105,1238.99,783.1,43.19,119.69,0.803,Body
det,28.1105,1249.36,785.51,16.15,22.1,0.584,Head
cmd,28.1105,-21,-2
err,28.1442,-37.45,-4.44
dbg,28.1442,-24.6,-15.7,-2.6,-1.5
det,28.1442,1225.34,781.33,40.41,117.62,0.795,Body
det,28.1442,1235.66,784.22,13.77,20.61,0.649,Head
cmd,28.1442,-21,-3
err,28.1781,-59.04,-6.93
dbg,28.1781,-29.3,-15.7,-3.2,-2.2
det,28.1781,1202.39,777.39,45.31,119.27,0.801,Body
det,28.1781,1211.38,779.43,19.15,24.8,0.655,Head
cmd,28.1781,-39,-4
err,28.2114,-58.0,-2.37
dbg,28.2114,-33.3,-29.1,-3.1,-3.0
det,28.2114,1202.09,782.88,46.58,119.02,0.813,Body
det,28.2114,1212.4,784.91,19.21,23.13,0.614,Head
cmd,28.2114,-22,0
err,28.2438,-42.73,-1.53
dbg,28.2438,-38.5,-45.5,-2.2,-3.0
det,28.2438,1219.01,785.38,44.35,117.47,0.825,Body
det,28.2438,1228.78,786.18,16.98,22.34,0.576,Head
err,28.2771,-23.36,-1.11
dbg,28.2771,-36.4,-16.4,-2.1,0.0
det,28.2771,1235.59,787.09,42.08,117.97,0.805,Body
det,28.2771,1245.76,788.39,15.69,21.31,0.443,Head
cmd,28.2771,-2,-2
err,28.3107,1.84,3.13
dbg,28.3107,-31.1,-1.5,-1.4,-1.5
det,28.3107,1262.82,788.51,44.7,120.91,0.819,Body
det,28.3107,1272.12,790.46,19.42,23.03,0.485,Head
cmd,28.3107,5,5
err,28.3438,1.83,3.12
dbg,28.3438,-26.6,2.2,-0.7,2.2
det,28.3438,1262.52,788.52,44.91,120.95,0.818,Body
det,28.3438,1272.14,790.44,19.39,23.04,0.487,Head
cmd,28.3438,-4,2
err,28.3785,1.86,3.17
dbg,28.3785,-22.7,-3.0,-0.2,1.5
det,28.3785,1262.48,788.53,45.06,121.01,0.819,Body
det,28.3785,1272.14,790.48,19.43,23.06,0.497,Head
cmd,28.3785,-2,2
err,28.4115,18.59,5.29
dbg,28.4115,-17.0,-1.5,0.5,1.5
det,28.4115,1277.06,788.9,48.99,122.99,0.83,Body
det,28.4115,1287.52,791.33,22.14,25.38,0.602,Head
cmd,28.4115,11,3
err,28.443,17.1,2.44
dbg,28.443,-12.3,6.7,0.8,3.7
det,28.443,1275.87,787.0,45.72,120.81,0.83,Body
det,28.443,1286.63,789.79,20.93,23.01,0.486,Head
err,28.4778,20.83,2.62
dbg,28.4778,-7.8,8.2,1.1,2.2
det,28.4778,1278.61,788.4,46.43,117.01,0.792,Body
det,28.4778,1289.61,789.93,22.45,23.07,0.548,Head
err,28.5089,21.0,-2.39
dbg,28.5089,-3.8,0.0,0.6,0.0
det,28.5089,1280.1,784.95,46.34,118.8,0.812,Body
det,28.5089,1291.12,785.05,19.76,22.82,0.501,Head
err,28.5445,11.87,-3.53
dbg,28.5445,-1.7,0.0,0.0,0.0
det,28.5445,1271.03,781.12,47.44,120.61,0.805,Body
det,28.5445,1281.81,783.7,20.11,23.22,0.637,Head
err,28.5782,11.83,-3.52
dbg,28.5782,0.2,0.0,-0.5,0.0
det,28.5782,1271.19,781.26,47.03,120.43,0.803,Body
det,28.5782,1281.84,783.77,19.98,23.12,0.632,Head
err,28.6109,11.86,-3.48
dbg,28.6109,6.6,0.0,-2.1,0.0
det,28.6109,1271.21,781.32,46.9,120.3,0.804,Body
det,28.6109,1281.86,783.81,20.0,23.11,0.632,Head
cmd,28.6109,6,-4
err,28.6449,11.84,-3.43
dbg,28.6449,9.5,4.5,-2.8,-3.0
det,28.6449,1271.12,781.27,47.2,120.47,0.806,Body
det,28.6449,1281.75,783.79,20.18,23.24,0.635,Head
cmd,28.6449,5,-2
err,28.6785,11.81,-3.43
dbg,28.6785,10.8,3.7,-3.2,-1.5
det,28.6785,1271.06,781.3,47.3,120.52,0.807,Body
det,28.6785,1281.73,783.75,20.17,23.31,0.633,Head
cmd,28.6785,6,-2
err,28.7115,8.5,1.8
dbg,28.7115,9.5,8.2,-0.4,-3.0
det,28.7115,1270.28,786.71,43.21,118.5,0.803,Body
det,28.7115,1278.31,788.74,20.38,23.74,0.47,Head
cmd,28.7115,0,6
err,28.745,3.62,1.56
dbg,28.745,6.3,4.5,0.7,3.0
det,28.745,1265.33,786.25,44.54,119.23,0.806,Body
det,28.745,1273.56,788.44,20.13,23.86,0.519,Head
cmd,28.745,-4,2
err,28.777,-0.4,2.65
dbg,28.777,2.6,-3.0,1.8,6.0
det,28.777,1258.18,785.93,47.14,123.08,0.822,Body
det,28.777,1268.99,788.85,21.23,25.09,0.492,Head
err,28.8108,3.04,-4.57
dbg,28.8108,2.8,-3.0,-1.7,1.5
det,28.8108,1260.29,783.46,45.5,119.69,0.814,Body
det,28.8108,1270.12,784.8,17.74,23.31,0.413,Head
err,28.845,3.37,-2.58
dbg,28.845,3.1,0.0,-2.2,0.0
det,28.845,1263.53,784.32,43.22,117.41,0.809,Body
det,28.845,1274.56,784.83,17.62,22.89,0.6,Head
err,28.8782,3.44,-2.5
dbg,28.8782,3.3,0.0,-2.4,0.0
det,28.8782,1263.5,784.42,43.18,117.37,0.809,Body
det,28.8782,1274.69,784.91,17.49,22.89,0.601,Head
cmd,28.8782,2,-3
err,28.9121,3.49,-2.44
dbg,28.9121,3.4,1.5,-2.4,-2.2
det,28.9121,1263.46,784.42,43.19,117.36,0.809,Body
det,28.9121,1274.72,784.95,17.55,22.93,0.6,Head
cmd,28.9121,2,-2
err,28.9447,3.47,-2.49
dbg,28.9447,3.4,3.0,-2.5,-3.7
det,28.9447,1263.56,784.44,42.96,117.32,0.809,Body
det,28.9447,1274.76,784.93,17.41,22.87,0.599,Head
err,28.9769,3.51,-2.49
dbg,28.9769,3.5,1.5,-2.5,-1.5
det,28.9769,1263.6,784.34,42.92,117.38,0.81,Body
det,28.9769,1274.77,784.84,17.49,23.04,0.61,Head
cmd,28.9769,2,-2
err,29.0128,2.09,-1.1
dbg,29.0128,2.7,1.5,-1.7,-1.5
det,29.0128,1263.19,784.72,43.6,118.7,0.807,Body
det,29.0128,1272.87,786.61,18.45,22.36,0.522,Head
err,29.046,3.07,-2.54
dbg,29.046,2.9,0.0,-2.2,0.0
det,29.046,1260.85,785.43,44.44,120.32,0.809,Body
det,29.046,1270.79,788.83,20.96,23.52,0.384,Head
err,29.0819,1.3,17.55
dbg,29.0819,2.7,0.0,0.5,0.0
det,29.0819,1261.33,806.27,39.94,112.84,0.801,Body
det,29.0819,1269.88,807.94,19.04,23.86,0.446,Head
err,29.1159,-4.07,28.67
dbg,29.1159,1.8,0.0,4.4,0.0
det,29.1159,1253.89,818.78,44.1,98.87,0.421,Body
cmd,29.1159,-4,24
err,29.2131,-4.26,0.9
dbg,29.2131,-1.6,0.0,2.5,0.0
det,29.2131,1247.55,789.34,56.38,115.55,0.424,Body
err,29.2471,0.68,-21.86
dbg,29.2471,-1.2,0.0,-0.9,0.0
det,29.2471,1253.07,766.2,55.22,119.38,0.471,Body
err,29.5138,-118.11,-30.33
dbg,29.5138,-118.1,0.0,-30.3,0.0
det,29.5138,1132.74,756.8,54.47,140.19,0.822,Body
det,29.5138,1151.06,754.46,21.66,27.66,0.614,Head
cmd,29.5138,-44,-11
err,29.545,-62.03,-29.94
dbg,29.545,-62.0,0.0,-29.9,0.0
det,29.545,1186.82,753.68,58.55,143.1,0.832,Body
det,29.545,1206.28,754.53,23.39,28.23,0.669,Head
cmd,29.545,-41,-20
err,29.5825,-40.02,-22.38
dbg,29.5825,-59.0,-30.6,-28.9,-14.9
det,29.5825,1211.85,762.96,53.72,140.26,0.831,Body
det,29.5825,1229.31,762.6,21.33,27.3,0.724,Head
cmd,29.5825,-10,-7
err,29.6167,-36.45,-18.85
dbg,29.6167,-55.9,-7.5,-27.5,-5.2
det,29.6167,1213.92,765.07,57.09,141.32,0.836,Body
det,29.6167,1231.73,765.33,23.64,28.77,0.692,Head
cmd,29.6167,-31,-14
err,29.6532,-36.69,-16.27
dbg,29.6532,-53.3,-23.1,-26.0,-10.4
det,29.6532,1213.95,767.32,56.36,142.23,0.831,Body
det,29.6532,1231.75,767.31,23.12,29.85,0.674,Head
cmd,29.6532,-18,-8
err,29.6831,-3.58,-9.24
dbg,29.6831,-3.6,0.0,-9.2,0.0
det,29.6831,1246.24,773.24,58.57,144.39,0.837,Body
det,29.6831,1264.37,775.16,24.11,28.36,0.687,Head
cmd,29.6831,-3,-9
err,29.718,34.11,11.98
dbg,29.718,34.1,0.0,12.0,0.0
det,29.718,1284.5,799.24,57.35,139.28,0.822,Body
det,29.718,1302.53,797.13,23.15,27.01,0.573,Head
cmd,29.718,32,11
err,29.751,56.83,23.11
dbg,29.751,37.2,23.9,13.5,8.2
det,29.751,1308.46,805.82,55.42,142.75,0.836,Body
det,29.751,1324.55,806.64,24.56,29.95,0.691,Head
cmd,29.751,32,15
err,29.7841,70.72,29.01
dbg,29.7841,41.8,47.8,15.6,19.4
det,29.7841,1321.46,817.89,56.22,136.71,0.805,Body
det,29.7841,1340.43,814.23,20.59,26.88,0.579,Head
cmd,29.7841,20,8
err,29.8185,73.46,36.49
dbg,29.8185,46.2,14.9,18.5,6.0
det,29.8185,1324.28,822.66,54.29,138.79,0.837,Body
det,29.8185,1342.29,820.85,22.33,28.43,0.634,Head
cmd,29.8185,40,21
err,29.8511,48.89,25.35
dbg,29.8511,47.7,29.9,22.3,15.7
det,29.8511,1299.83,810.12,56.41,142.28,0.825,Body
det,29.8511,1316.84,809.33,24.09,29.14,0.617,Head
cmd,29.8511,9,7
err,29.8851,48.87,25.44
dbg,29.8851,48.3,36.6,24.0,20.9
det,29.8851,1299.6,810.14,56.83,142.34,0.825,Body
det,29.8851,1316.74,809.32,24.25,29.3,0.621,Head
cmd,29.8851,6,3
err,29.9193,24.74,15.04
dbg,29.9193,45.1,4.5,22.8,2.2
det,29.9193,1277.38,801.68,53.07,138.84,0.8,Body
det,29.9193,1293.98,800.01,21.53,27.31,0.61,Head
cmd,29.9193,15,11
err,29.9527,-18.46,-6.96
dbg,29.9527,-18.5,0.0,-7.0,0.0
det,29.9527,1231.17,777.66,56.73,141.58,0.838,Body
det,29.9527,1250.22,778.16,22.64,27.05,0.69,Head
cmd,29.9527,-17,-7
err,29.9889,-30.56,-12.64
dbg,29.9889,-20.1,-12.7,-7.7,-5.2
det,29.9889,1219.23,771.69,55.94,140.94,0.844,Body
det,29.9889,1238.14,772.04,22.61,27.85,0.629,Head
cmd,29.9889,-17,-6
err,30.0186,-41.91,-21.93
dbg,30.0186,-23.1,-25.4,-9.7,-9.7
det,30.0186,1208.79,763.97,56.46,140.12,0.838,Body
det,30.0186,1227.19,763.52,21.81,26.47,0.719,Head
cmd,30.0186,-15,-12
err,30.0528,-29.46,-16.22
dbg,30.0528,-26.6,-23.9,-13.3,-13.4
det,30.0528,1220.31,768.32,57.29,142.8,0.82,Body
det,30.0528,1239.08,768.2,22.93,28.34,0.644,Head
cmd,30.0528,-4,-4
err,30.0856,-29.5,-16.14
dbg,30.0856,-28.2,-3.0,-14.9,-3.0
det,30.0856,1220.4,768.42,57.22,142.71,0.82,Body
det,30.0856,1238.99,768.28,23.02,28.34,0.641,Head
cmd,30.0856,-25,-13
err,30.1182,-14.48,-12.56
dbg,30.1182,-26.3,-21.6,-14.5,-12.7
det,30.1182,1232.96,770.65,57.95,142.88,0.831,Body
det,30.1182,1253.3,772.12,24.45,27.86,0.611,Head
cmd,30.1182,0,-2
err,30.1519,-5.12,-3.44
dbg,30.1519,-23.4,-18.7,-13.0,-11.2
det,30.1519,1244.98,782.18,57.03,140.31,0.838,Body
det,30.1519,1264.05,781.46,21.66,27.45,0.634,Head
err,30.1857,-3.02,-0.16
dbg,30.1857,-20.6,0.0,-11.2,0.0
det,30.1857,1247.22,784.95,57.79,141.89,0.85,Body
det,30.1857,1265.78,785.13,22.4,26.75,0.542,Head
cmd,30.1857,-7,-2
err,30.2191,18.47,17.62
dbg,30.2191,-15.2,-5.2,-7.3,-1.5
det,30.2191,1266.39,799.42,57.06,136.86,0.81,Body
det,30.2191,1284.41,800.16,28.12,31.76,0.476,Head
cmd,30.2191,18,16
err,30.2584,17.35,17.39
dbg,30.2584,-10.7,13.4,-3.9,11.9
det,30.2584,1267.43,800.29,55.51,137.0,0.818,Body
det,30.2584,1283.29,799.85,28.12,31.9,0.485,Head
err,30.3037,17.22,17.17
dbg,30.3037,-6.9,0.0,-1.0,0.0
det,30.3037,1267.33,800.07,56.11,137.3,0.819,Body
det,30.3037,1283.17,799.71,28.09,31.74,0.483,Head
cmd,30.3037,7,9
err,30.3401,22.29,13.99
dbg,30.3401,-2.9,5.2,1.1,6.7
det,30.3401,1272.53,804.03,57.41,136.46,0.797,Body
det,30.3401,1290.4,798.24,23.77,28.64,0.54,Head
err,30.3746,7.71,6.02
dbg,30.3746,2.9,0.0,3.8,0.0
det,30.3746,1258.93,792.03,54.2,133.68,0.805,Body
det,30.3746,1276.24,791.11,22.93,27.11,0.561,Head
cmd,30.3746,-2,2
err,30.4178,2.59,-6.3
dbg,30.4178,2.7,-1.5,-1.8,1.5
det,30.4178,1251.59,779.8,58.19,139.62,0.822,Body
det,30.4178,1272.09,778.82,20.99,27.05,0.598,Head
err,30.4555,2.63,-6.38
dbg,30.4555,2.7,0.0,-4.3,0.0
det,30.4555,1251.64,779.59,58.4,139.81,0.822,Body
det,30.4555,1272.14,778.74,20.98,27.04,0.608,Head
cmd,30.4555,-2,-11
err,30.4887,4.28,-7.33
dbg,30.4887,3.6,-1.5,-6.0,-8.2
det,30.4887,1254.1,776.85,58.98,141.19,0.842,Body
det,30.4887,1272.88,777.32,22.8,27.91,0.689,Head
cmd,30.4887,4,-4
err,30.523,4.16,12.76
dbg,30.523,3.6,3.0,-3.4,-3.0
det,30.523,1256.56,798.3,56.89,138.1,0.83,Body
det,30.523,1273.28,797.99,21.75,26.85,0.694,Head
cmd,30.523,0,12
err,30.5562,4.3,9.92
dbg,30.5562,3.7,0.0,-1.6,9.0
det,30.5562,1256.18,794.42,53.94,127.92,0.82,Body
det,30.5562,1272.3,794.59,23.99,27.86,0.696,Head
cmd,30.5562,2,0
err,30.5889,2.87,15.44
dbg,30.5889,3.6,1.5,0.8,9.0
det,30.5889,1256.84,802.68,55.94,137.52,0.821,Body
det,30.5889,1270.93,799.76,23.89,28.5,0.482,Head
err,30.622,-1.5,14.64
dbg,30.622,2.9,1.5,2.7,0.0
det,30.622,1251.18,798.24,57.46,142.71,0.84,Body
det,30.622,1265.72,798.52,25.56,29.31,0.615,Head
err,30.6561,-0.46,-1.84
dbg,30.6561,2.9,1.5,2.7,0.0
det,30.6561,1250.51,783.75,58.05,144.1,0.838,Body
det,30.6561,1265.88,786.95,26.97,28.28,0.447,Head
err,30.6882,-1.91,-1.77
dbg,30.6882,0.3,0.0,0.2,0.0
det,30.6882,1249.19,781.75,59.7,142.08,0.836,Body
det,30.6882,1265.55,781.76,25.09,29.94,0.496,Head
err,30.7227,-3.77,-1.85
dbg,30.7227,-2.0,0.0,-0.9,0.0
det,30.7227,1248.92,782.93,58.54,138.34,0.854,Body
det,30.7227,1264.6,782.49,23.24,28.48,0.582,Head
err,30.7557,-3.42,-2.22
dbg,30.7557,-2.8,0.0,-1.6,0.0
det,30.7557,1248.69,782.06,58.48,139.15,0.85,Body
det,30.7557,1264.66,781.76,23.86,29.12,0.609,Head
err,30.7889,-3.12,-2.16
dbg,30.7889,-3.0,0.0,-1.9,0.0
det,30.7889,1248.65,782.38,58.58,137.68,0.841,Body
det,30.7889,1264.97,781.85,23.81,29.09,0.599,Head
err,30.8235,-2.01,-3.12
dbg,30.8235,-2.4,0.0,-2.6,0.0
det,30.8235,1249.78,782.58,57.32,137.38,0.837,Body
det,30.8235,1266.94,781.34,22.11,28.25,0.539,Head
err,30.8559,-1.78,-2.63
dbg,30.8559,-2.1,0.0,-2.6,0.0
det,30.8559,1249.83,783.25,57.34,136.86,0.838,Body
det,30.8559,1266.54,781.56,23.37,28.75,0.492,Head
err,30.8894,-1.39,-2.8
dbg,30.8894,-1.7,0.0,-2.7,0.0
det,30.8894,1250.12,783.54,56.98,136.67,0.836,Body
det,30.8894,1266.81,781.42,23.63,28.55,0.466,Head
err,30.9237,-1.3,-1.82
dbg,30.9237,-1.5,0.0,-2.2,0.0
det,30.9237,1250.25,784.61,56.9,135.71,0.836,Body
det,30.9237,1267.48,785.93,28.16,30.32,0.404,Head
err,30.9571,-1.76,12.52
dbg,30.9571,-1.5,0.0,-0.2,0.0
det,30.9571,1252.28,797.85,55.29,134.76,0.797,Body
det,30.9571,1267.69,797.56,21.11,27.2,0.61,Head
err,30.9892,-0.7,-4.86
dbg,30.9892,-1.1,0.0,-2.8,0.0
det,30.9892,1254.64,779.91,49.31,152.37,0.379,Body
err,31.3929,-112.67,3.61
dbg,31.3929,-112.7,0.0,3.6,0.0
det,31.3929,1145.59,787.26,44.78,102.18,0.807,Body
det,31.3929,1156.61,789.79,21.46,25.13,0.494,Head
cmd,31.3929,-45,2
err,31.4265,-43.37,8.99
dbg,31.4265,-43.4,0.0,9.0,0.0
det,31.4265,1213.49,795.17,43.9,98.68,0.812,Body
det,31.4265,1226.93,796.18,19.39,23.3,0.661,Head
cmd,31.4265,-41,8
err,31.4593,-12.08,11.07
dbg,31.4593,-12.1,0.0,11.1,0.0
det,31.4593,1246.05,795.79,42.25,106.92,0.829,Body
det,31.4593,1258.41,797.7,19.04,24.31,0.632,Head
cmd,31.4593,-11,10
err,31.4939,-9.95,11.56
dbg,31.4939,-10.9,-8.2,11.3,7.5
det,31.4939,1247.81,796.85,43.31,106.51,0.826,Body
det,31.4939,1260.17,797.81,19.76,24.99,0.644,Head
cmd,31.4939,-2,4
err,31.5263,21.91,14.07
dbg,31.5263,21.9,0.0,14.1,0.0
det,31.5263,1281.98,801.86,41.26,100.3,0.843,Body
det,31.5263,1292.4,801.77,19.03,22.36,0.61,Head
cmd,31.5263,21,13
err,31.5593,21.9,14.07
dbg,31.5593,21.9,15.7,14.1,9.7
det,31.5593,1281.96,801.87,41.3,100.35,0.843,Body
det,31.5593,1292.37,801.78,19.06,22.35,0.61,Head
cmd,31.5593,5,4
err,31.5925,52.51,10.16
dbg,31.5925,52.5,0.0,10.2,0.0
det,31.5925,1309.6,795.49,44.51,100.45,0.805,Body
det,31.5925,1322.96,796.96,19.09,23.99,0.683,Head
cmd,31.5925,44,9
err,31.6258,62.13,-2.16
dbg,31.6258,53.8,32.8,8.5,6.7
det,31.6258,1321.61,783.07,42.79,103.58,0.822,Body
det,31.6258,1332.81,785.17,18.63,23.03,0.508,Head
cmd,31.6258,28,-9
err,31.6596,46.95,-10.51
dbg,31.6596,52.9,20.9,5.9,-6.7
det,31.6596,1305.22,774.21,43.18,101.31,0.826,Body
det,31.6596,1316.6,776.01,20.7,24.51,0.539,Head
cmd,31.6596,23,-3
err,31.6926,44.48,-12.31
dbg,31.6926,51.7,17.2,3.4,-2.2
det,31.6926,1301.81,772.56,42.72,100.4,0.829,Body
det,31.6926,1314.47,775.17,20.02,22.76,0.567,Head
cmd,31.6926,26,-6
err,31.7259,10.71,-21.27
dbg,31.7259,10.7,0.0,-21.3,0.0
det,31.7259,1269.5,764.17,42.02,101.77,0.818,Body
det,31.7259,1281.18,766.24,19.05,22.71,0.673,Head
cmd,31.7259,10,-20
err,31.7596,-9.55,-13.68
dbg,31.7596,7.9,7.5,-20.2,-14.9
det,31.7596,1247.85,772.41,44.99,100.81,0.825,Body
det,31.7596,1259.37,773.38,22.16,23.53,0.584,Head
cmd,31.7596,-16,0
err,31.7929,-27.31,-10.62
dbg,31.7929,3.1,-11.9,-18.9,0.0
det,31.7929,1229.83,775.59,44.32,101.0,0.8,Body
det,31.7929,1242.56,775.98,20.27,24.37,0.607,Head
cmd,31.7929,-13,-11
err,31.8281,-46.2,-5.09
dbg,31.8281,-3.7,-9.7,-17.0,-8.2
det,31.8281,1211.41,779.62,44.25,97.33,0.825,Body
det,31.8281,1223.26,781.35,21.09,24.65,0.564,Head
cmd,31.8281,-28,0
err,31.8605,-54.5,8.42
dbg,31.8605,-10.7,-20.9,-13.5,0.0
det,31.8605,1203.01,793.62,45.73,101.06,0.836,Body
det,31.8605,1215.75,795.84,19.5,22.87,0.69,Head
cmd,31.8605,-22,6
err,31.8924,-42.64,9.29
dbg,31.8924,-15.1,-37.3,-10.4,4.5
det,31.8924,1214.25,795.03,46.07,99.43,0.826,Body
det,31.8924,1227.55,796.26,19.63,23.7,0.692,Head
err,31.927,-32.3,11.74
dbg,31.927,-17.4,-16.4,-7.3,4.5
det,31.927,1226.38,801.45,42.64,102.85,0.823,Body
det,31.927,1236.63,802.55,19.12,23.64,0.464,Head
cmd,31.927,-2,2
err,31.9608,-10.86,10.8
dbg,31.9608,-16.5,-1.5,-4.8,1.5
det,31.9608,1246.84,795.72,41.96,108.0,0.82,Body
det,31.9608,1259.47,797.28,19.34,24.58,0.641,Head
cmd,31.9608,4,2
err,31.993,4.54,8.78
dbg,31.993,-13.6,1.5,-3.0,3.0
det,31.993,1262.02,790.93,43.89,107.28,0.814,Body
det,31.993,1274.1,794.73,20.87,25.54,0.622,Head
cmd,31.993,12,0
err,32.0271,4.54,8.82
dbg,32.0271,-11.1,11.9,-1.3,1.5
det,32.0271,1262.01,790.91,43.91,107.35,0.814,Body
det,32.0271,1274.14,794.78,20.8,25.53,0.622,Head
err,32.0597,6.01,8.45
dbg,32.0597,-8.8,0.0,-0.0,0.0
det,32.0597,1262.09,789.38,45.94,108.95,0.823,Body
det,32.0597,1274.75,794.4,22.52,25.54,0.634,Head
cmd,32.0597,6,2
err,32.0932,4.41,8.76
dbg,32.0932,-7.0,4.5,1.2,1.5
det,32.0932,1261.09,791.81,42.99,103.53,0.794,Body
det,32.0932,1273.64,795.23,21.55,24.61,0.568,Head
cmd,32.0932,0,2
err,32.1269,-6.79,9.99
dbg,32.1269,-6.9,0.0,6.0,1.5
det,32.1269,1251.34,792.12,43.89,104.18,0.817,Body
det,32.1269,1261.67,796.17,23.08,25.13,0.62,Head
cmd,32.1269,-10,6
err,32.1616,-6.71,9.92
dbg,32.1616,-6.8,-7.5,8.2,4.5
det,32.1616,1251.33,792.18,43.89,104.05,0.817,Body
det,32.1616,1261.79,796.08,23.01,25.17,0.626,Head
cmd,32.1616,-2,5
err,32.1934,-9.98,9.11
dbg,32.1934,-8.5,-9.0,8.7,8.2
det,32.1934,1246.06,792.8,45.37,101.13,0.818,Body
det,32.1934,1259.01,795.93,22.04,23.97,0.598,Head
cmd,32.1934,-4,2
err,32.227,-8.9,4.95
dbg,32.227,-8.7,-4.5,6.6,5.2
det,32.227,1245.92,788.39,46.1,105.26,0.819,Body
det,32.227,1260.09,792.06,22.02,23.44,0.546,Head
cmd,32.227,-6,0
err,32.2606,-3.03,-8.01
dbg,32.2606,-8.0,-4.5,4.6,0.0
det,32.2606,1255.92,781.29,42.11,107.07,0.824,Body
det,32.2606,1267.4,784.42,19.87,24.4,0.469,Head
cmd,32.2606,0,-9
err,32.2937,-2.07,-6.19
dbg,32.2937,-4.7,0.0,-1.3,-6.7
det,32.2937,1257.17,779.87,43.34,104.23,0.826,Body
det,32.2937,1268.5,781.26,18.85,22.81,0.527,Head
cmd,32.2937,-2,-3
err,32.3277,-2.1,-6.22
dbg,32.3277,-3.3,-1.5,-4.0,-2.2
det,32.3277,1257.18,779.91,43.25,104.11,0.824,Body
det,32.3277,1268.55,781.31,18.7,22.67,0.523,Head
cmd,32.3277,0,-7
err,32.3604,2.85,-4.86
dbg,32.3604,0.1,0.0,-4.5,-5.2
det,32.3604,1260.98,781.72,42.07,100.64,0.82,Body
det,32.3604,1273.88,783.04,17.94,22.0,0.541,Head
cmd,32.3604,6,-2
err,32.3937,4.68,-6.09
dbg,32.3937,2.6,4.5,-5.4,-6.7
det,32.3937,1264.27,779.88,43.48,103.48,0.845,Body
det,32.3937,1275.38,780.87,18.6,23.71,0.679,Head
cmd,32.3937,4,-2
err,32.4275,7.21,4.12
dbg,32.4275,5.1,3.0,-0.2,-1.5
det,32.4275,1263.76,786.5,45.73,105.85,0.827,Body
det,32.4275,1276.78,791.96,20.85,22.1,0.545,Head
cmd,32.4275,8,8
err,32.4622,7.32,8.81
dbg,32.4622,6.3,6.0,4.8,6.0
det,32.4622,1265.28,790.31,43.23,107.28,0.83,Body
det,32.4622,1276.57,795.21,21.49,24.73,0.647,Head
cmd,32.4622,4,7
err,32.4952,3.34,25.17
dbg,32.4952,5.9,3.0,7.6,5.2
det,32.4952,1262.85,814.7,40.96,104.71,0.822,Body
cmd,32.4952,3,22
err,32.5282,-2.82,25.19
dbg,32.5282,4.7,5.2,10.0,21.6
det,32.5282,1259.93,810.78,41.68,105.35,0.824,Body
det,32.5282,1267.69,812.07,18.98,23.86,0.608,Head
cmd,32.5282,-6,3
err,32.5612,-4.81,21.67
dbg,32.5612,-0.5,-2.2,16.4,18.7
det,32.5612,1252.87,806.39,41.93,101.39,0.813,Body
det,32.5612,1265.52,809.81,19.34,21.57,0.51,Head
cmd,32.5612,-4,4
err,32.5947,-11.72,9.76
dbg,32.5947,-6.7,-7.5,12.8,5.2
det,32.5947,1249.49,796.65,42.39,101.21,0.822,Body
det,32.5947,1258.95,796.37,18.66,24.34,0.648,Head
cmd,32.5947,-9,2
err,32.6298,-10.81,-9.86
dbg,32.6298,-7.2,-6.7,9.6,1.5
det,32.6298,1247.07,775.28,44.77,103.45,0.815,Body
det,32.6298,1257.86,775.37,22.65,26.86,0.616,Head
cmd,32.6298,-7,-12
err,32.6614,-6.52,-15.33
dbg,32.6614,-7.1,-5.2,6.2,-9.0
det,32.6614,1252.15,770.5,42.83,102.58,0.814,Body
det,32.6614,1261.87,771.13,23.22,24.62,0.523,Head
cmd,32.6614,-2,-4
err,32.6947,-6.51,-21.0
dbg,32.6947,-7.1,-6.7,2.5,-11.9
det,32.6947,1256.36,764.04,40.65,105.01,0.823,Body
det,32.6947,1262.84,765.5,21.31,24.54,0.678,Head
cmd,32.6947,-2,-4
err,32.7291,1.58,-22.46
dbg,32.7291,-5.9,-1.5,-1.0,-3.0
det,32.7291,1260.54,763.48,43.79,103.18,0.806,Body
det,32.7291,1272.27,764.7,18.62,23.36,0.539,Head
cmd,32.7291,2,-12
err,32.7609,6.18,-12.62
dbg,32.7609,-4.2,0.0,-2.6,-11.9
det,32.7609,1264.44,772.06,45.29,104.01,0.817,Body
det,32.7609,1275.55,774.5,21.26,23.42,0.609,Head
cmd,32.7609,5,0
err,32.7952,6.88,-10.47
dbg,32.7952,1.9,5.2,-6.9,-9.0
det,32.7952,1264.67,773.19,46.99,104.61,0.814,Body
det,32.7952,1276.52,776.12,20.73,24.39,0.653,Head
cmd,32.7952,3,0
err,32.8287,6.77,-10.63
dbg,32.8287,4.6,2.2,-9.0,0.0
det,32.8287,1264.65,773.31,46.63,105.02,0.809,Body
det,32.8287,1276.51,776.04,20.51,24.24,0.644,Head
cmd,32.8287,7,-7
err,32.8616,6.83,-10.56
dbg,32.8616,5.8,7.5,-9.8,-5.2
det,32.8616,1264.68,773.42,46.59,104.96,0.808,Body
det,32.8616,1276.58,776.12,20.49,24.22,0.647,Head
cmd,32.8616,2,-4
err,32.8965,1.91,-2.17
dbg,32.8965,3.7,1.5,-5.6,-3.0
det,32.8965,1261.71,783.01,43.0,107.05,0.816,Body
det,32.8965,1272.31,784.99,19.21,23.34,0.471,Head
cmd,32.8965,2,4
err,32.9302,-2.95,23.19
dbg,32.9302,2.8,1.5,-1.7,3.0
det,32.9302,1258.23,810.27,41.29,101.89,0.831,Body
det,32.9302,1268.44,810.8,17.23,22.52,0.556,Head
err,32.9626,-3.51,20.1
dbg,32.9626,1.9,1.5,1.3,3.0
det,32.9626,1257.52,804.23,37.72,105.27,0.784,Body
det,32.9626,1264.47,806.98,24.03,23.86,0.5,Head
err,33.3627,-154.79,9.06
dbg,33.3627,-154.8,0.0,9.1,0.0
det,33.3627,1100.17,790.45,51.11,110.8,0.814,Body
det,33.3627,1113.59,794.11,23.22,27.19,0.659,Head
cmd,33.3627,-45,3
err,33.3955,-141.42,8.07
dbg,33.3955,-153.0,-33.6,8.9,2.2
det,33.3955,1115.55,789.46,48.31,110.13,0.816,Body
det,33.3955,1127.65,793.26,21.86,26.92,0.594,Head
cmd,33.3955,-45,2
err,33.4264,-133.33,8.23
dbg,33.4264,-150.3,-67.2,8.8,3.7
det,33.4264,1125.02,789.21,46.46,111.4,0.845,Body
det,33.4264,1135.13,793.27,23.07,27.21,0.658,Head
cmd,33.4264,-45,3
err,33.4623,-130.18,7.71
dbg,33.4623,-147.5,-33.6,8.7,2.2
det,33.4623,1127.13,789.76,46.96,110.78,0.843,Body
det,33.4623,1138.75,792.87,22.14,26.98,0.585,Head
cmd,33.4623,-45,3
err,33.4952,-126.33,4.91
dbg,33.4952,-144.6,-33.6,8.2,2.2
det,33.4952,1130.36,794.46,46.62,104.47,0.837,Body
det,33.4952,1142.8,795.95,21.09,26.38,0.463,Head
cmd,33.4952,-45,2
err,33.5296,-24.95,-1.1
dbg,33.5296,-25.0,0.0,-1.1,0.0
det,33.5296,1232.03,788.42,46.04,104.79,0.807,Body
det,33.5296,1243.95,790.17,23.68,24.35,0.436,Head
cmd,33.5296,-23,-2
err,33.5627,-24.92,-0.95
dbg,33.5627,-24.9,-17.2,-1.0,-1.5
det,33.5627,1232.1,788.59,45.96,104.6,0.807,Body
det,33.5627,1244.12,790.31,23.57,24.13,0.428,Head
cmd,33.5627,-8,0
err,33.5946,-24.29,3.56
dbg,33.5946,-24.6,-23.1,1.5,-1.5
det,33.5946,1231.5,788.27,46.79,105.18,0.807,Body
det,33.5946,1243.52,789.89,24.39,24.85,0.458,Head
cmd,33.5946,-2,7
err,33.6317,41.4,-2.99
dbg,33.6317,41.4,0.0,-3.0,0.0
det,33.6317,1299.55,780.71,45.85,108.91,0.803,Body
det,33.6317,1311.25,783.88,20.3,23.88,0.507,Head
cmd,33.6317,39,-3
err,33.6629,59.17,2.65
dbg,33.6629,43.8,29.1,-2.2,-2.2
det,33.6629,1317.18,787.9,44.63,103.55,0.812,Body
det,33.6629,1330.12,789.8,18.11,23.37,0.497,Head
cmd,33.6629,30,5
err,33.6936,64.93,-1.66
dbg,33.6936,46.7,51.5,-2.1,1.5
det,33.6936,1323.32,788.21,43.23,101.32,0.808,Body
cmd,33.6936,12,-4
err,33.7288,66.86,-10.3
dbg,33.7288,49.5,31.3,-3.3,0.7
det,33.7288,1325.21,779.15,43.31,105.51,0.829,Body
det,33.7288,1337.35,781.78,16.62,23.52,0.368,Head
cmd,33.7288,30,-10
err,33.7617,34.73,-6.66
dbg,33.7617,34.7,0.0,-6.7,0.0
det,33.7617,1293.24,777.03,47.43,111.57,0.811,Body
det,33.7617,1304.58,779.42,20.3,25.31,0.564,Head
cmd,33.7617,33,-6
err,33.7959,16.43,-5.96
dbg,33.7959,32.2,24.6,-6.6,-4.5
det,33.7959,1273.96,777.97,44.71,106.59,0.826,Body
det,33.7959,1285.85,779.8,21.16,25.89,0.486,Head
cmd,33.7959,0,-2
err,33.8303,3.97,-6.44
dbg,33.8303,28.3,0.0,-6.5,-1.5
det,33.8303,1262.42,777.45,46.42,109.78,0.808,Body
det,33.8303,1273.43,779.44,21.07,25.67,0.603,Head
cmd,33.8303,5,-5
err,33.8632,-16.17,-5.41
dbg,33.8632,22.2,3.7,-6.4,-3.7
det,33.8632,1241.02,783.63,45.63,109.62,0.825,Body
det,33.8632,1250.87,790.04,22.99,25.26,0.438,Head
cmd,33.8632,-14,-2
err,33.897,-42.59,10.11
dbg,33.897,-42.6,0.0,10.1,0.0
det,33.897,1215.08,792.96,47.61,107.21,0.834,Body
det,33.897,1226.34,795.84,22.15,25.95,0.681,Head
cmd,33.897,-40,9
err,33.9311,-41.75,10.54
dbg,33.9311,-42.1,-29.9,10.3,6.7
det,33.9311,1214.68,794.38,47.97,107.41,0.814,Body
det,33.9311,1226.73,796.79,23.04,25.0,0.645,Head
cmd,33.9311,-11,4
err,33.9644,-46.31,9.11
dbg,33.9644,-44.4,-8.2,9.7,3.0
det,33.9644,1211.66,791.41,47.25,113.65,0.827,Body
det,33.9644,1223.35,795.2,20.68,25.29,0.491,Head
cmd,33.9644,-37,6
err,33.9971,-36.01,15.27
dbg,33.9971,-39.8,-35.8,12.8,7.5
det,33.9971,1223.56,796.95,45.44,109.03,0.844,Body
det,33.9971,1233.04,800.88,21.9,26.18,0.58,Head
cmd,33.9971,0,9
err,34.0305,-5.11,9.43
dbg,34.0305,-5.1,0.0,9.4,0.0
det,34.0305,1254.24,791.33,44.43,107.82,0.825,Body
det,34.0305,1263.4,795.22,22.98,25.84,0.599,Head
cmd,34.0305,-5,9
err,34.0638,3.27,6.27
dbg,34.0638,-0.5,-3.7,7.7,6.7
det,34.0638,1260.63,787.95,45.85,106.7,0.816,Body
det,34.0638,1272.39,792.29,21.76,25.42,0.557,Head
cmd,34.0638,10,0
err,34.0965,29.46,3.44
dbg,34.0965,3.6,3.7,7.1,6.7
det,34.0965,1288.65,787.78,46.03,102.0,0.821,Body
det,34.0965,1298.77,789.88,21.39,24.65,0.525,Head
cmd,34.0965,28,0
err,34.1305,30.52,-5.47
dbg,34.1305,7.3,20.9,5.4,0.0
det,34.1305,1288.17,779.18,47.09,106.45,0.821,Body
det,34.1305,1299.32,779.74,22.4,26.89,0.51,Head
cmd,34.1305,7,-6
err,34.1625,30.51,-5.44
dbg,34.1625,10.5,26.1,3.9,-4.5
det,34.1625,1288.03,779.07,47.31,106.6,0.82,Body
det,34.1625,1299.2,779.72,22.61,26.97,0.511,Head
err,34.1968,23.05,-5.71
dbg,34.1968,12.2,5.2,2.6,-4.5
det,34.1968,1278.18,777.95,49.86,108.26,0.819,Body
det,34.1968,1291.47,780.09,23.15,25.8,0.657,Head
cmd,34.1968,10,0
err,34.2306,23.03,-5.73
dbg,34.2306,18.2,7.5,-2.0,0.0
det,34.2306,1278.16,777.9,49.99,108.41,0.819,Body
det,34.2306,1291.46,780.1,23.14,25.76,0.654,Head
cmd,34.2306,13,-5
err,34.2635,22.94,-5.9
dbg,34.2635,20.8,9.7,-4.1,-3.7
det,34.2635,1278.09,777.58,50.09,108.64,0.82,Body
det,34.2635,1291.35,779.89,23.18,25.82,0.652,Head
cmd,34.2635,12,-3
err,34.2971,22.85,-5.66
dbg,34.2971,21.9,18.7,-5.0,-6.0
det,34.2971,1278.07,777.82,50.13,108.46,0.819,Body
det,34.2971,1291.11,780.11,23.49,25.88,0.649,Head
cmd,34.2971,4,-2
err,34.3297,-8.5,-10.07
dbg,34.3297,-8.5,0.0,-10.1,0.0
det,34.3297,1246.66,772.13,48.12,118.29,0.838,Body
det,34.3297,1259.87,775.37,23.27,26.47,0.6,Head
cmd,34.3297,-8,-9
err,34.3638,-20.09,3.94
dbg,34.3638,-10.1,-6.0,-8.1,-6.7
det,34.3638,1237.12,787.8,46.67,105.16,0.827,Body
det,34.3638,1248.5,790.05,22.81,25.26,0.595,Head
cmd,34.3638,-13,10
err,34.3971,-28.85,5.28
dbg,34.3971,-12.7,-9.7,-6.3,7.5
det,34.3971,1228.01,787.59,46.59,105.93,0.804,Body
det,34.3971,1240.34,790.86,21.61,26.2,0.542,Head
cmd,34.3971,-17,0
err,34.4295,-30.36,1.33
dbg,34.4295,-15.1,-22.4,-5.2,7.5
det,34.4295,1226.63,790.82,46.02,105.04,0.829,Body
det,34.4295,1236.34,793.14,21.53,25.35,0.474,Head
cmd,34.4295,-5,-9
err,34.4638,-27.46,11.68
dbg,34.4638,-16.8,-3.7,-2.9,-6.7
det,34.4638,1230.53,796.37,47.76,107.39,0.825,Body
det,34.4638,1241.73,797.6,21.61,25.6,0.589,Head
cmd,34.4638,-17,14
err,34.4974,-15.41,-2.7
dbg,34.4974,-16.0,-12.7,-2.8,10.4
det,34.4974,1241.86,786.45,45.48,108.52,0.837,Body
det,34.4974,1252.56,791.72,22.55,24.7,0.371,Head
cmd,34.4974,0,-17
err,34.5315,-4.35,7.04
dbg,34.5315,-9.6,0.0,2.6,-12.7
det,34.5315,1254.4,786.6,46.19,109.67,0.831,Body
det,34.5315,1263.91,792.15,23.5,27.07,0.608,Head
cmd,34.5315,4,19
err,34.5631,-1.31,8.64
dbg,34.5631,-5.0,3.0,5.9,1.5
det,34.5631,1258.12,789.96,46.74,114.22,0.827,Body
det,34.5631,1267.99,794.13,21.4,26.39,0.521,Head
cmd,34.5631,5,9
err,34.5983,12.69,4.38
dbg,34.5983,-2.6,3.7,5.7,6.7
det,34.5983,1271.68,788.95,44.74,102.21,0.837,Body
det,34.5983,1282.81,791.82,19.75,22.83,0.489,Head
cmd,34.5983,14,0
err,34.6322,14.54,6.87
dbg,34.6322,-0.2,10.4,5.9,0.0
det,34.6322,1272.76,796.02,43.56,108.46,0.846,Body
det,34.6322,1282.63,798.75,21.04,23.22,0.428,Head
cmd,34.6322,5,8
err,34.668,11.76,2.89
dbg,34.668,1.4,3.7,5.5,6.0
det,34.668,1267.0,787.58,47.42,104.35,0.83,Body
det,34.668,1281.67,789.67,20.19,24.03,0.524,Head
cmd,34.668,6,0
err,34.7017,5.38,-6.19
dbg,34.7017,3.6,4.5,-0.9,0.0
det,34.7017,1263.89,777.43,46.29,107.74,0.803,Body
det,34.7017,1275.18,780.44,20.41,24.3,0.594,Head
err,34.7351,-4.05,-5.8
dbg,34.7351,-0.6,0.0,-3.6,0.0
det,34.7351,1253.62,779.13,45.78,105.17,0.823,Body
det,34.7351,1266.27,780.51,19.36,24.88,0.605,Head
err,34.7688,-11.45,-11.56
dbg,34.7688,-6.6,0.0,-8.0,0.0
det,34.7688,1245.73,772.38,45.56,106.29,0.799,Body
det,34.7688,1257.03,774.16,23.04,25.97,0.553,Head
cmd,34.7688,-18,-16
err,34.8017,-11.38,-11.54
dbg,34.8017,-9.2,-13.4,-9.9,-11.9
det,34.8017,1245.93,772.53,45.32,105.98,0.8,Body
det,34.8017,1257.13,774.25,22.99,25.84,0.555,Head
cmd,34.8017,-4,-5
err,34.8327,-11.4,-11.47
dbg,34.8327,-10.4,-16.4,-10.8,-15.7
det,34.8327,1245.86,772.55,45.4,105.96,0.8,Body
det,34.8327,1257.1,774.29,23.01,25.9,0.557,Head
err,34.8671,-11.45,-11.46
dbg,34.8671,-11.0,-3.0,-11.2,-3.7
det,34.8671,1245.77,772.56,45.45,106.08,0.8,Body
det,34.8671,1257.08,774.32,22.94,25.86,0.553,Head
cmd,34.8671,-11,-10
err,34.8991,1.73,-12.31
dbg,34.8991,-9.2,-8.2,-11.3,-7.5
det,34.8991,1257.96,776.18,47.55,115.06,0.825,Body
det,34.8991,1271.08,779.63,20.75,26.05,0.408,Head
cmd,34.8991,8,-6
err,34.9333,1.74,-12.28
dbg,34.9333,-3.2,-2.2,-11.8,-11.9
det,34.9333,1257.99,776.22,47.5,115.0,0.825,Body
det,34.9333,1271.01,779.68,20.83,26.04,0.408,Head
cmd,34.9333,5,-2
err,34.9688,3.9,4.18
dbg,34.9688,-2.2,3.7,-9.6,-1.5
det,34.9688,1261.1,785.83,46.64,106.98,0.825,Body
det,34.9688,1272.46,789.45,22.89,26.78,0.541,Head
cmd,34.9688,2,4
err,35.0036,11.31,8.61
dbg,35.0036,-0.4,1.5,-7.1,3.0
det,35.0036,1271.24,792.27,44.62,108.53,0.829,Body
det,35.0036,1280.59,794.81,21.45,25.1,0.578,Head
cmd,35.0036,8,2
err,35.0342,5.82,5.0
dbg,35.0342,0.5,7.5,-5.5,4.5
det,35.0342,1264.85,785.56,45.88,120.64,0.814,Body
det,35.0342,1275.61,790.63,20.43,26.14,0.513,Head
cmd,35.0342,0,-4
err,35.0682,3.31,6.18
dbg,35.0682,2.0,6.0,0.9,-1.5
det,35.0682,1260.31,794.99,46.0,111.92,0.826,Body
err,35.1001,-1.38,8.1
dbg,35.1001,0.2,0.0,4.9,-3.0
det,35.1001,1257.77,787.65,47.69,116.98,0.825,Body
det,35.1001,1267.7,792.9,21.84,27.64,0.499,Head
cmd,35.1001,-4,12
err,35.1342,-5.4,10.48
dbg,35.1342,-2.9,-3.0,8.0,9.0
det,35.1342,1254.2,793.43,44.49,109.93,0.807,Body
det,35.1342,1263.43,796.54,22.33,25.35,0.617,Head
cmd,35.1342,-7,5
err,35.1685,-4.8,10.59
dbg,35.1685,-3.9,-5.2,9.4,3.7
det,35.1685,1253.77,791.35,45.89,115.21,0.821,Body
det,35.1685,1263.44,795.58,23.52,27.29,0.588,Head
cmd,35.1685,-3,9
err,35.2008,0.04,-1.94
dbg,35.2008,-3.9,-5.2,9.4,3.7
det,35.2008,1257.08,787.1,45.93,109.68,0.831,Body
det,35.2008,1266.43,793.0,22.66,25.08,0.47,Head
err,35.2343,4.13,5.3
dbg,35.2343,0.5,-2.2,7.1,6.7
det,35.2343,1260.71,788.82,46.15,101.97,0.809,Body
det,35.2343,1272.84,791.4,22.58,25.26,0.566,Head
cmd,35.2343,7,2
err,35.2676,3.34,-6.7
dbg,35.2676,0.9,5.2,5.2,1.5
det,35.2676,1261.41,777.29,48.49,110.83,0.79,Body
det,35.2676,1273.3,779.79,20.08,24.55,0.583,Head
cmd,35.2676,0,-6
err,35.3007,3.33,-6.7
dbg,35.3007,2.2,5.2,-1.3,-3.0
det,35.3007,1261.37,777.28,48.55,110.8,0.79,Body
det,35.3007,1273.3,779.79,20.05,24.55,0.583,Head
err,35.3345,1.63,-4.7
dbg,35.3345,1.9,0.0,-3.2,0.0
det,35.3345,1258.75,779.45,45.23,105.12,0.824,Body
det,35.3345,1271.27,781.16,20.7,25.71,0.499,Head
err,35.3679,1.24,-15.17
dbg,35.3679,1.5,0.0,-9.8,0.0
det,35.3679,1257.99,773.23,46.5,116.04,0.842,Body
det,35.3679,1268.65,777.88,21.16,26.45,0.437,Head
cmd,35.3679,2,-20
err,35.4029,1.24,-14.76
dbg,35.4029,1.4,1.5,-12.5,-14.9
det,35.4029,1258.0,773.68,46.47,115.61,0.841,Body
det,35.4029,1268.72,778.26,21.15,26.31,0.427,Head
cmd,35.4029,0,-5
err,35.4381,0.77,15.43
dbg,35.4381,0.8,0.0,15.4,0.0
det,35.4381,1258.22,805.16,45.09,102.79,0.818,Body
det,35.4381,1268.66,806.81,19.62,23.0,0.39,Head
cmd,35.4381,2,14
err,35.4689,0.38,6.52
dbg,35.4689,0.6,1.5,10.5,10.4
det,35.4689,1257.97,788.04,40.94,114.18,0.774,Body
det,35.4689,1268.3,791.11,24.16,28.02,0.444,Head
err,35.9455,124.77,-25.97
dbg,35.9455,124.8,0.0,-26.0,0.0
det,35.9455,1370.08,754.6,69.2,164.53,0.836,Body
det,35.9455,1390.86,756.26,27.82,32.32,0.665,Head
cmd,35.9455,44,-9
err,35.9926,62.8,-20.81
dbg,35.9926,62.8,0.0,-20.8,0.0
det,35.9926,1307.69,760.44,70.4,161.88,0.812,Body
det,35.9926,1329.55,762.03,26.49,31.19,0.595,Head
cmd,35.9926,43,-14
err,36.0401,47.39,-17.92
dbg,36.0401,60.7,32.1,-20.4,-10.4
det,36.0401,1293.39,761.88,67.54,163.35,0.825,Body
det,36.0401,1313.82,764.6,27.14,31.77,0.668,Head
cmd,36.0401,17,-8
err,36.0723,50.35,-18.4
dbg,36.0723,55.0,12.7,-19.3,-6.0
det,36.0723,1296.65,760.88,67.43,164.82,0.83,Body
det,36.0723,1316.24,764.5,28.21,31.08,0.675,Head
cmd,36.0723,36,-12
err,36.1053,57.62,-18.03
dbg,36.1053,56.4,39.6,-18.6,-14.9
det,36.1053,1304.75,762.79,66.0,162.5,0.828,Body
det,36.1053,1324.58,764.66,26.08,31.48,0.655,Head
cmd,36.1053,20,-2
err,36.1389,58.8,-18.02
dbg,36.1389,57.7,41.8,-18.3,-10.4
det,36.1389,1305.22,763.27,67.25,162.64,0.827,Body
det,36.1389,1325.89,764.98,25.83,30.92,0.656,Head
cmd,36.1389,18,-7
err,36.1719,58.84,-17.9
dbg,36.1719,58.3,13.4,-18.1,-5.2
det,36.1719,1305.09,763.31,67.36,162.52,0.827,Body
det,36.1719,1325.88,765.02,25.92,31.06,0.654,Head
cmd,36.1719,44,-11
err,36.2062,58.82,-17.89
dbg,36.2062,58.6,32.8,-18.0,-8.2
det,36.2062,1305.05,763.2,67.54,162.8,0.827,Body
det,36.2062,1325.76,764.96,26.11,31.19,0.657,Head
cmd,36.2062,25,-9
err,36.2402,58.74,-17.75
dbg,36.2402,58.7,18.7,-17.9,-6.7
det,36.2402,1304.93,763.18,67.83,162.88,0.827,Body
det,36.2402,1325.62,764.93,26.25,31.48,0.656,Head
cmd,36.2402,39,-10
err,36.2727,58.71,-17.67
dbg,36.2727,58.7,47.8,-17.8,-14.2
det,36.2727,1304.88,763.16,67.95,162.94,0.828,Body
det,36.2727,1325.52,764.94,26.37,31.61,0.656,Head
cmd,36.2727,11,-3
err,36.3065,58.71,-17.69
dbg,36.3065,58.7,37.3,-17.7,-9.7
det,36.3065,1304.88,763.15,67.92,162.84,0.827,Body
det,36.3065,1325.52,764.94,26.38,31.58,0.654,Head
cmd,36.3065,21,-7
err,36.34,58.68,-17.79
dbg,36.34,58.7,15.7,-17.8,-5.2
det,36.34,1304.93,763.01,67.83,163.13,0.827,Body
det,36.34,1325.49,764.87,26.38,31.53,0.656,Head
cmd,36.34,40,-12
err,36.3727,58.72,-17.83
dbg,36.3727,58.7,45.5,-17.8,-14.2
det,36.3727,1304.9,762.99,68.15,163.14,0.827,Body
det,36.3727,1325.55,764.85,26.34,31.48,0.657,Head
cmd,36.3727,13,-3
err,36.4068,58.62,-17.71
dbg,36.4068,58.7,9.7,-17.7,-2.2
det,36.4068,1304.75,763.02,68.24,163.11,0.828,Body
det,36.4068,1325.42,764.87,26.4,31.68,0.657,Head
cmd,36.4068,43,-14
err,36.445,-5.74,4.88
dbg,36.445,-5.7,0.0,4.9,0.0
det,36.445,1241.6,786.27,66.52,160.62,0.845,Body
det,36.445,1260.19,787.21,28.14,32.11,0.591,Head
cmd,36.445,-5,5
err,36.4741,-5.65,4.73
dbg,36.4741,-5.7,-3.7,4.8,3.7
det,36.4741,1241.58,786.07,66.75,160.92,0.843,Body
det,36.4741,1260.25,787.03,28.18,32.17,0.591,Head
cmd,36.4741,-2,2
err,36.509,-12.31,6.14
dbg,36.509,-9.3,-5.2,5.5,5.2
det,36.509,1231.38,788.89,68.81,162.91,0.807,Body
det,36.509,1253.31,789.78,28.78,29.75,0.561,Head
cmd,36.509,-9,2
err,36.5434,-12.45,6.18
dbg,36.5434,-11.0,-6.7,5.9,1.5
det,36.5434,1231.28,788.93,68.9,162.92,0.808,Body
det,36.5434,1253.18,789.77,28.74,29.82,0.561,Head
cmd,36.5434,-8,5
err,36.5757,-45.42,12.11
dbg,36.5757,-45.4,0.0,12.1,0.0
det,36.5757,1200.43,792.77,69.87,163.13,0.828,Body
det,36.5757,1220.78,795.41,27.59,30.37,0.7,Head
cmd,36.5757,-43,11
err,36.6098,-42.54,14.34
dbg,36.6098,-43.8,-32.1,13.3,8.2
det,36.6098,1202.73,794.07,70.07,163.19,0.825,Body
det,36.6098,1224.25,797.16,26.4,31.23,0.67,Head
cmd,36.6098,-8,7
err,36.6418,-37.39,13.25
dbg,36.6418,-40.3,-38.1,13.3,13.4
det,36.6418,1208.36,793.61,67.74,160.42,0.835,Body
det,36.6418,1229.22,795.44,26.79,32.38,0.656,Head
cmd,36.6418,0,2
err,36.6766,-5.47,4.22
dbg,36.6766,-5.5,0.0,4.2,0.0
det,36.6766,1241.49,786.23,66.82,162.42,0.847,Body
det,36.6766,1260.73,787.21,27.61,30.93,0.579,Head
cmd,36.6766,-5,4
err,36.71,-5.69,4.35
dbg,36.71,-5.6,-3.7,4.3,3.0
det,36.71,1241.38,786.35,66.95,162.3,0.848,Body
det,36.71,1260.51,787.3,27.61,31.01,0.583,Head
cmd,36.71,-2,2
err,36.7423,-1.61,-2.46
dbg,36.7423,-3.4,-5.2,0.6,4.5
det,36.7423,1246.32,780.51,66.89,161.74,0.826,Body
det,36.7423,1265.32,780.7,26.14,30.62,0.527,Head
err,36.7781,4.02,-5.21
dbg,36.7781,0.7,0.0,-2.6,0.0
det,36.7781,1249.67,776.63,70.32,161.89,0.817,Body
det,36.7781,1270.35,777.39,27.34,31.64,0.657,Head
err,36.8078,3.96,-5.28
dbg,36.8078,2.5,0.0,-4.1,0.0
det,36.8078,1249.62,776.62,70.44,161.96,0.816,Body
det,36.8078,1270.38,777.44,27.15,31.42,0.661,Head
cmd,36.8078,7,-8
err,36.8413,4.1,-6.59
dbg,36.8413,3.4,5.2,-5.5,-6.0
det,36.8413,1249.77,775.96,71.86,160.86,0.814,Body
det,36.8413,1270.12,775.91,27.95,31.82,0.673,Head
cmd,36.8413,2,-4
err,36.8742,4.14,-6.68
dbg,36.8742,3.8,6.7,-6.1,-9.0
det,36.8742,1250.05,775.47,70.56,162.24,0.815,Body
det,36.8742,1270.15,775.86,27.98,31.74,0.674,Head
cmd,36.8742,0,-2
err,36.9077,4.09,-6.73
dbg,36.9077,4.0,1.5,-6.5,-4.5
det,36.9077,1249.68,775.85,72.2,160.89,0.816,Body
det,36.9077,1270.09,775.86,28.0,31.67,0.677,Head
cmd,36.9077,4,-4
err,36.9434,-1.7,-3.35
dbg,36.9434,0.8,3.0,-4.7,-3.0
det,36.9434,1245.95,779.6,67.54,163.98,0.844,Body
det,36.9434,1265.62,780.38,25.36,29.6,0.536,Head
cmd,36.9434,-5,-2
err,36.9762,-2.13,2.37
dbg,36.9762,-0.8,-3.7,-0.8,-1.5
det,36.9762,1244.34,784.0,67.76,163.43,0.842,Body
det,36.9762,1263.55,785.23,28.63,31.15,0.55,Head
err,37.0092,-1.29,0.33
dbg,37.0092,-0.8,-3.7,-0.8,-1.5
det,37.0092,1244.11,783.85,69.19,164.8,0.831,Body
det,37.0092,1266.15,784.93,29.51,31.58,0.455,Head
err,37.0434,-2.42,8.81
dbg,37.0434,-1.7,0.0,4.5,0.0
det,37.0434,1244.45,790.89,70.06,161.9,0.817,Body
det,37.0434,1262.06,791.14,31.03,32.13,0.556,Head
cmd,37.0434,-3,13
err,37.0772,-2.38,8.96
dbg,37.0772,-2.1,-2.2,6.9,9.7
det,37.0772,1244.42,791.03,70.01,161.76,0.816,Body
det,37.0772,1262.07,791.32,31.1,32.07,0.551,Head
cmd,37.0772,-2,3
err,37.1095,-2.37,8.95
dbg,37.1095,-2.2,-3.7,8.0,11.9
det,37.1095,1244.4,791.08,70.01,161.75,0.817,Body
det,37.1095,1262.1,791.32,31.07,32.06,0.553,Head
cmd,37.1095,0,2
err,37.1471,-2.41,8.95
dbg,37.1471,-2.3,0.0,8.5,1.5
det,37.1471,1244.47,791.12,70.0,161.6,0.817,Body
det,37.1471,1262.04,791.33,31.09,32.03,0.554,Head
cmd,37.1471,-3,10
err,37.1771,1.0,-3.02
dbg,37.1771,-0.5,-2.2,2.2,7.5
det,37.1771,1247.8,780.71,66.13,161.66,0.836,Body
det,37.1771,1267.01,779.82,27.98,31.2,0.571,Head
err,37.2096,4.41,-4.32
dbg,37.2096,2.2,-2.2,-1.4,7.5
det,37.2096,1247.43,778.05,70.93,162.78,0.83,Body
det,37.2096,1270.35,778.38,28.11,31.46,0.673,Head
err,37.2425,3.76,-5.92
dbg,37.2425,3.1,0.0,-3.9,0.0
det,37.2425,1248.61,776.42,70.09,162.85,0.822,Body
det,37.2425,1270.6,777.32,26.33,30.48,0.681,Head
cmd,37.2425,6,-10
err,37.2761,4.93,-11.98
dbg,37.2761,4.1,4.5,-8.3,-7.5
det,37.2761,1251.28,770.07,70.9,159.62,0.838,Body
det,37.2761,1271.85,771.45,26.17,30.12,0.659,Head
cmd,37.2761,2,-11
err,37.3104,4.91,9.36
dbg,37.3104,4.2,1.5,-5.9,-8.2
det,37.3104,1253.06,790.73,67.8,146.93,0.809,Body
det,37.3104,1270.5,791.88,28.83,31.79,0.661,Head
cmd,37.3104,5,13
err,37.3435,-0.38,13.8
dbg,37.3435,3.6,3.7,-3.2,9.7
det,37.3435,1247.72,794.5,65.31,159.23,0.806,Body
det,37.3435,1265.03,795.43,29.18,33.4,0.6,Head
err,37.3774,-1.42,18.49
dbg,37.3774,2.9,0.0,-0.2,0.0
det,37.3774,1245.68,798.38,65.35,162.52,0.805,Body
det,37.3774,1264.71,799.99,27.74,33.62,0.57,Head
err,37.4098,-0.41,16.6
dbg,37.4098,2.4,0.0,2.1,0.0
det,37.4098,1245.92,794.29,65.31,162.45,0.801,Body
det,37.4098,1264.87,797.39,29.44,34.93,0.589,Head
err,37.4434,-5.64,-7.2
dbg,37.4434,-2.0,0.0,-3.0,0.0
det,37.4434,1241.18,776.13,66.36,166.69,0.843,Body
det,37.4434,1263.58,775.93,27.86,35.5,0.486,Head
err,37.4777,-2.87,-6.76
dbg,37.4777,-2.5,0.0,-5.1,0.0
det,37.4777,1240.42,773.57,68.36,165.62,0.844,Body
det,37.4777,1263.73,775.2,26.8,32.79,0.548,Head
cmd,37.4777,-4,-15
err,37.5112,-6.28,-4.59
dbg,37.5112,-4.6,-3.0,-4.8,-11.2
det,37.5112,1241.19,775.78,66.96,162.04,0.836,Body
det,37.5112,1259.2,777.52,29.04,32.53,0.628,Head
cmd,37.5112,-5,0
err,37.5435,-5.25,-5.13
dbg,37.5435,-4.9,-6.7,-5.0,-11.2
det,37.5435,1240.86,775.88,67.98,161.78,0.835,Body
det,37.5435,1260.44,777.57,28.62,31.45,0.659,Head
cmd,37.5435,-2,0
err,37.5777,-3.85,-5.84
dbg,37.5777,-4.3,-5.2,-5.5,0.0
det,37.5777,1240.76,774.81,68.85,162.73,0.838,Body
det,37.5777,1262.1,777.02,28.11,31.17,0.672,Head
cmd,37.5777,0,-9
err,37.6108,0.8,2.33
dbg,37.6108,-1.5,0.0,-1.2,-6.7
det,37.6108,1243.14,783.43,68.95,166.0,0.843,Body
det,37.6108,1265.73,783.78,30.13,33.72,0.545,Head
err,37.6441,5.15,4.01
dbg,37.6441,2.2,0.0,1.7,-6.7
det,37.6441,1248.93,784.75,67.33,163.87,0.827,Body
det,37.6441,1271.36,786.58,27.58,31.7,0.625,Head
err,37.6785,6.4,9.74
dbg,37.6785,4.5,0.0,6.1,0.0
det,37.6785,1249.23,791.32,65.69,163.76,0.797,Body
det,37.6785,1272.04,792.55,28.72,31.25,0.606,Head
cmd,37.6785,10,14
err,37.7109,5.38,9.41
dbg,37.7109,5.0,7.5,7.9,10.4
det,37.7109,1248.97,791.22,67.05,163.8,0.799,Body
det,37.7109,1271.25,792.12,28.26,31.45,0.622,Head
cmd,37.7109,2,2
err,37.7442,5.34,9.6
dbg,37.7442,5.2,9.0,8.8,11.9
det,37.7442,1248.99,790.97,67.51,163.83,0.8,Body
det,37.7442,1271.05,792.17,28.58,31.68,0.608,Head
cmd,37.7442,0,2
err,37.7786,6.82,10.28
dbg,37.7786,6.1,0.0,9.6,1.5
det,37.7786,1249.15,791.82,68.58,163.16,0.806,Body
det,37.7786,1272.62,792.89,28.4,31.61,0.588,Head
cmd,37.7786,8,11
err,37.8124,-5.28,-4.18
dbg,37.8124,4.5,6.0,7.7,8.2
det,37.8124,1239.78,777.96,69.06,164.45,0.84,Body
det,37.8124,1262.1,779.42,25.24,29.83,0.638,Head
cmd,37.8124,-9,-10
err,37.8464,-5.75,14.48
dbg,37.8464,-1.1,-6.7,11.4,-7.5
det,37.8464,1240.92,796.58,67.14,162.28,0.82,Body
det,37.8464,1261.02,797.69,26.45,30.53,0.609,Head
cmd,37.8464,-2,26
err,38.5347,-154.77,-4.87
dbg,38.5347,-154.8,0.0,-4.9,0.0
det,38.5347,1101.73,780.6,50.18,108.61,0.814,Body
det,38.5347,1115.57,782.22,19.32,23.48,0.661,Head
cmd,38.5347,-45,-2
err,38.5681,-153.69,-4.67
dbg,38.5681,-154.2,-33.6,-4.8,-1.5
det,38.5681,1104.06,780.91,47.61,107.26,0.807,Body
det,38.5681,1116.22,782.55,20.18,23.24,0.65,Head
cmd,38.5681,-45,-2
err,38.6007,-153.78,-4.59
dbg,38.6007,-154.0,-67.2,-4.7,-3.0
det,38.6007,1104.02,780.99,47.59,107.15,0.807,Body
det,38.6007,1116.15,782.63,20.15,23.23,0.646,Head
cmd,38.6007,-45,-2
err,38.6344,-153.71,-4.66
dbg,38.6344,-153.8,-67.2,-4.7,-3.0
det,38.6344,1104.17,780.93,47.46,107.22,0.807,Body
det,38.6344,1116.22,782.59,20.12,23.17,0.651,Head
cmd,38.6344,-45,-2
err,38.6672,-119.65,-4.36
dbg,38.6672,-119.7,0.0,-4.4,0.0
det,38.6672,1140.82,783.23,43.5,105.4,0.792,Body
det,38.6672,1152.14,784.24,16.4,20.73,0.634,Head
cmd,38.6672,-45,-2
err,38.7005,-119.68,-4.39
dbg,38.7005,-119.7,-33.6,-4.4,-1.5
det,38.7005,1140.75,783.18,43.55,105.47,0.789,Body
det,38.7005,1152.16,784.26,16.33,20.63,0.637,Head
cmd,38.7005,-45,-2
err,38.7338,-84.96,-2.45
dbg,38.7338,-85.0,0.0,-2.4,0.0
det,38.7338,1174.65,784.41,42.98,105.57,0.815,Body
det,38.7338,1185.65,785.57,18.77,21.79,0.635,Head
cmd,38.7338,-45,-2
err,38.7679,16.32,-2.21
dbg,38.7679,16.3,0.0,-2.2,0.0
det,38.7679,1273.11,787.34,46.42,104.49,0.805,Body
cmd,38.7679,15,-2
err,38.8005,16.3,-2.49
dbg,38.8005,16.3,11.2,-2.4,-1.5
det,38.8005,1273.11,787.03,46.39,104.86,0.806,Body
det,38.8005,1281.08,786.54,19.82,22.24,0.355,Head
cmd,38.8005,5,-2
err,38.8339,16.3,-2.41
dbg,38.8339,16.3,14.9,-2.4,-3.0
det,38.8339,1273.16,787.12,46.27,104.71,0.806,Body
det,38.8339,1281.02,786.62,19.56,22.14,0.357,Head
cmd,38.8339,2,0
err,38.8679,49.99,3.0
dbg,38.8679,50.0,0.0,3.0,0.0
det,38.8679,1307.8,792.96,44.37,100.43,0.779,Body
det,38.8679,1320.91,792.57,18.24,21.76,0.415,Head
cmd,38.8679,45,3
err,38.9012,71.87,6.2
dbg,38.9012,53.0,33.6,3.4,2.2
det,38.9012,1332.9,794.33,43.17,104.64,0.802,Body
det,38.9012,1343.55,795.06,16.64,20.24,0.61,Head
cmd,38.9012,37,4
err,38.9342,68.42,7.88
dbg,38.9342,55.1,61.2,4.0,5.2
det,38.9342,1326.97,797.37,44.16,103.31,0.802,Body
det,38.9342,1341.32,796.97,14.2,19.84,0.515,Head
cmd,38.9342,4,2
err,38.9703,67.59,8.29
dbg,38.9703,56.8,3.0,4.6,1.5
det,38.9703,1325.21,798.0,44.77,102.98,0.816,Body
det,38.9703,1339.66,797.73,15.03,20.57,0.462,Head
cmd,38.9703,45,4
err,39.0016,33.92,3.58
dbg,39.0016,33.9,0.0,3.6,0.0
det,39.0016,1291.36,793.22,45.12,103.66,0.81,Body
det,39.0016,1302.12,794.25,17.5,21.66,0.356,Head
cmd,39.0016,32,3
err,39.036,5.96,-2.99
dbg,39.036,30.1,23.9,2.7,2.2
det,39.036,1263.07,786.15,45.77,108.65,0.811,Body
det,39.036,1273.67,786.86,17.57,22.48,0.443,Head
cmd,39.036,0,-5
err,39.07,5.97,-2.86
dbg,39.07,26.8,0.0,1.9,-3.7
det,39.07,1263.09,786.3,45.76,108.47,0.811,Body
det,39.07,1273.64,786.98,17.62,22.45,0.439,Head
cmd,39.07,9,0
err,39.1017,3.08,-3.69
dbg,39.1017,23.5,6.7,1.1,-3.7
det,39.1017,1260.85,785.7,44.45,106.14,0.826,Body
det,39.1017,1273.81,786.71,16.33,21.32,0.366,Head
cmd,39.1017,2,0
err,39.1347,-30.05,-3.29
dbg,39.1347,-30.0,0.0,-3.3,0.0
det,39.1347,1226.56,786.21,46.79,104.97,0.812,Body
cmd,39.1347,-28,-3
err,39.1684,-55.95,-4.31
dbg,39.1684,-33.6,-20.9,-3.4,-2.2
det,39.1684,1204.5,784.4,44.07,102.94,0.797,Body
det,39.1684,1215.71,784.23,16.68,20.84,0.645,Head
cmd,39.1684,-34,-2
err,39.2026,-55.38,-0.5
dbg,39.2026,-36.6,-25.4,-3.0,-1.5
det,39.2026,1203.03,788.1,46.4,104.81,0.819,Body
det,39.2026,1215.48,787.82,18.28,21.23,0.58,Head
cmd,39.2026,-25,0
err,39.2363,-61.29,2.08
dbg,39.2363,-40.0,-18.7,-2.3,0.0
det,39.2363,1195.62,788.62,46.71,102.47,0.823,Body
det,39.2363,1208.8,789.44,19.83,22.98,0.499,Head
cmd,39.2363,-35,2
err,39.2687,-61.0,2.12
dbg,39.2687,-42.9,-44.8,-1.7,1.5
det,39.2687,1196.04,788.31,46.35,102.74,0.822,Body
det,39.2687,1209.05,789.55,19.91,22.86,0.497,Head
cmd,39.2687,-9,0
err,39.3024,-60.94,2.13
dbg,39.3024,-45.4,-32.8,-1.2,1.5
det,39.3024,1196.04,788.29,46.36,102.69,0.823,Body
det,39.3024,1209.14,789.62,19.83,22.73,0.49,Head
cmd,39.3024,-19,0
err,39.3356,-60.94,2.16
dbg,39.3356,-47.5,-14.2,-0.7,0.0
det,39.3356,1196.02,788.36,46.31,102.64,0.823,Body
det,39.3356,1209.15,789.67,19.83,22.71,0.49,Head
cmd,39.3356,-36,2
err,39.3688,-60.98,2.12
dbg,39.3688,-49.4,-41.0,-0.3,1.5
det,39.3688,1196.06,788.35,46.26,102.63,0.821,Body
det,39.3688,1209.16,789.64,19.71,22.7,0.488,Head
cmd,39.3688,-11,0
err,39.4026,-55.48,-0.3
dbg,39.4026,-52.7,-8.2,-0.3,0.0
det,39.4026,1203.34,788.45,45.96,104.3,0.821,Body
det,39.4026,1215.49,788.16,18.06,20.98,0.562,Head
cmd,39.4026,-40,-2
err,39.4356,-55.42,-0.27
dbg,39.4356,-54.2,-29.9,-0.3,-1.5
det,39.4356,1203.37,788.27,46.04,104.52,0.823,Body
det,39.4356,1215.54,788.09,18.08,21.15,0.571,Head
cmd,39.4356,-21,0
err,39.4703,-55.53,-0.31
dbg,39.4703,-54.9,-15.7,-0.3,0.0
det,39.4703,1203.22,788.26,46.14,104.63,0.823,Body
det,39.4703,1215.35,788.05,18.23,21.17,0.569,Head
cmd,39.4703,-36,-2
err,39.504,-55.76,0.06
dbg,39.504,-55.4,-26.9,-0.1,-1.5
det,39.504,1203.24,788.66,46.23,104.27,0.822,Body
det,39.504,1215.04,788.39,18.39,21.22,0.547,Head
cmd,39.504,-27,0
err,39.5361,-55.77,0.08
dbg,39.5361,-55.6,-47.0,-0.0,-1.5
det,39.5361,1203.25,788.79,46.15,104.05,0.821,Body
det,39.5361,1215.09,788.45,18.28,21.15,0.543,Head
cmd,39.5361,-7,0
err,39.5688,14.86,-4.53
dbg,39.5688,14.9,0.0,-4.5,0.0
det,39.5688,1273.04,784.95,43.64,105.26,0.836,Body
det,39.5688,1281.42,785.42,19.51,22.77,0.447,Head
cmd,39.5688,14,-4
err,39.6031,14.85,-4.57
dbg,39.6031,14.9,10.4,-4.6,-3.0
det,39.6031,1272.96,784.9,43.78,105.34,0.837,Body
det,39.6031,1281.32,785.36,19.89,22.99,0.443,Head
cmd,39.6031,4,-2
err,39.6375,14.82,-4.58
dbg,39.6375,14.8,3.0,-4.6,-1.5
det,39.6375,1272.92,784.88,43.8,105.38,0.837,Body
det,39.6375,1281.26,785.39,19.91,22.99,0.443,Head
cmd,39.6375,11,-3
err,39.6707,14.79,-4.77
dbg,39.6707,14.8,8.2,-4.7,-2.2
det,39.6707,1272.88,784.67,43.82,105.62,0.837,Body
det,39.6707,1281.27,785.27,19.88,22.94,0.449,Head
cmd,39.6707,6,-2
err,39.7043,14.81,-4.83
dbg,39.7043,14.8,4.5,-4.8,-1.5
det,39.7043,1272.94,784.6,43.75,105.64,0.837,Body
det,39.7043,1281.24,785.25,19.78,22.9,0.452,Head
cmd,39.7043,10,-4
err,39.7378,6.57,-2.66
dbg,39.7378,10.3,7.5,-3.6,-3.0
det,39.7378,1263.71,786.63,45.71,107.02,0.824,Body
det,39.7378,1274.51,787.53,17.06,21.78,0.444,Head
err,39.7704,2.09,-3.44
dbg,39.7704,5.8,7.5,-3.5,-3.0
det,39.7704,1259.29,785.75,45.58,108.1,0.801,Body
det,39.7704,1273.61,786.3,16.97,22.17,0.372,Head
cmd,39.7704,-10,0
err,39.805,2.06,-3.68
dbg,39.805,3.7,-7.5,-3.6,0.0
det,39.805,1259.17,785.47,45.78,108.45,0.804,Body
det,39.805,1273.54,786.04,17.0,22.31,0.364,Head
cmd,39.805,0,-3
err,39.8384,2.07,-3.5
dbg,39.8384,2.8,0.0,-3.5,-2.2
det,39.8384,1259.2,785.68,45.74,108.21,0.802,Body
det,39.8384,1273.54,786.21,17.13,22.32,0.373,Head
cmd,39.8384,-2,-2
err,39.8716,2.06,-3.6
dbg,39.8716,2.4,-1.5,-3.6,-3.7
det,39.8716,1259.13,785.56,45.85,108.35,0.804,Body
det,39.8716,1273.47,786.13,17.25,22.5,0.381,Head
err,39.9064,2.09,-3.39
dbg,39.9064,2.2,0.0,-3.5,0.0
det,39.9064,1259.19,785.8,45.81,108.08,0.803,Body
det,39.9064,1273.49,786.27,17.21,22.35,0.375,Head
cmd,39.9064,2,-3
err,39.9535,2.9,6.72
dbg,39.9535,2.6,1.5,2.1,-2.2
det,39.9535,1260.81,789.74,44.13,106.9,0.812,Body
det,39.9535,1273.35,793.93,19.09,23.25,0.468,Head
err,39.9889,4.03,8.31
dbg,39.9889,3.4,0.0,5.5,0.0
det,39.9889,1261.78,795.0,44.31,105.17,0.806,Body
det,39.9889,1275.87,796.22,16.32,21.99,0.467,Head
cmd,39.9889,3,11
err,40.0224,4.06,8.24
dbg,40.0224,3.8,2.2,7.0,8.2
det,40.0224,1261.76,794.79,44.34,105.52,0.806,Body
det,40.0224,1275.84,796.11,16.45,22.04,0.469,Head
cmd,40.0224,2,3
err,40.0555,4.05,8.28
dbg,40.0555,3.9,3.7,7.7,10.4
det,40.0555,1261.83,794.93,44.31,105.37,0.806,Body
det,40.0555,1275.91,796.21,16.28,21.93,0.466,Head
cmd,40.0555,2,2
err,40.0895,3.99,8.2
dbg,40.0895,4.0,1.5,8.0,1.5
det,40.0895,1261.82,794.86,44.23,105.39,0.806,Body
det,40.0895,1275.89,796.17,16.19,21.86,0.463,Head
cmd,40.0895,2,8
err,40.1246,3.91,8.17
dbg,40.1246,3.9,1.5,8.1,6.0
det,40.1246,1261.84,794.88,44.24,105.29,0.807,Body
det,40.1246,1275.84,796.17,16.13,21.82,0.459,Head
cmd,40.1246,3,3
err,40.1615,4.01,5.35
dbg,40.1615,4.0,2.2,6.6,2.2
det,40.1615,1261.92,794.82,44.17,105.33,0.806,Body
det,40.1615,1275.96,796.14,15.98,21.73,0.454,Head
cmd,40.1615,2,3
err,40.1965,1.76,0.35
dbg,40.1965,4.0,2.2,6.6,2.2
det,40.1965,1259.24,789.57,45.04,107.84,0.811,Body
det,40.1965,1272.54,793.34,18.91,21.38,0.353,Head
err,40.2379,-4.79,22.69
dbg,40.2379,2.8,0.0,8.8,0.0
det,40.2379,1256.43,809.26,40.67,104.49,0.805,Body
det,40.2379,1266.8,810.37,16.82,22.4,0.53,Head
cmd,40.2379,-3,20
err,40.2751,-3.85,13.8
dbg,40.2751,-0.9,-2.2,11.5,14.9
det,40.2751,1254.93,803.19,42.42,106.07,0.827,Body
det,40.2751,1269.9,803.68,14.43,20.65,0.422,Head
cmd,40.2751,-2,0
err,40.3107,-5.51,11.83
dbg,40.3107,-3.4,-1.5,11.7,0.0
det,40.3107,1254.65,800.68,42.09,104.34,0.804,Body
det,40.3107,1267.71,801.03,13.55,19.63,0.534,Head
cmd,40.3107,-6,11
err,40.344,-6.69,8.87
dbg,40.344,-5.2,-4.5,10.1,8.2
det,40.344,1256.04,796.04,40.47,106.47,0.803,Body
det,40.344,1266.36,797.33,13.9,20.99,0.489,Head
cmd,40.344,-4,0
err,40.3784,0.85,-10.25
dbg,40.3784,-4.4,-3.0,7.3,0.0
det,40.3784,1255.37,776.01,43.31,117.76,0.723,Body
det,40.3784,1270.35,776.38,21.0,24.31,0.514,Head
cmd,40.3784,0,-11
err,40.4121,-2.7,-19.28
dbg,40.4121,-4.2,0.0,3.7,-8.2
det,40.4121,1255.12,770.24,44.37,104.81,0.582,Body
cmd,40.4121,-4,-9
err,40.543,-5.6,-23.19
dbg,40.543,-4.4,0.0,-0.0,0.0
det,40.543,1249.79,766.76,49.22,100.48,0.635,Body
cmd,40.543,-5,-15
err,40.5783,-6.52,-22.25
dbg,40.5783,-4.7,-3.7,-3.1,-11.2
det,40.5783,1249.24,767.95,48.48,97.92,0.521,Body
cmd,40.5783,-2,-2
err,40.6109,-6.9,-30.36
dbg,40.6109,-5.0,-1.5,-6.8,-1.5
det,40.6109,1258.56,759.09,29.07,105.56,0.645,Body
cmd,40.6109,-5,-19
err,40.6449,-5.6,-24.13
dbg,40.6449,-5.0,-5.2,-9.2,-15.7
det,40.6449,1258.54,759.36,27.66,105.12,0.67,Body
det,40.6449,1267.64,764.61,13.53,20.48,0.358,Head
err,40.6764,-8.1,-38.27
dbg,40.6764,-5.5,-3.7,-13.2,-14.2
det,40.6764,1258.43,750.37,26.95,113.59,0.615,Body
cmd,40.6764,-3,-14
err,40.7127,-6.72,-46.66
dbg,40.7127,-5.6,-2.2,-17.8,-10.4
det,40.7127,1259.33,740.59,27.9,127.45,0.623,Body
cmd,40.7127,-4,-25
err,40.7434,-4.58,-33.44
dbg,40.7434,-5.5,-3.0,-20.0,-18.7
det,40.7434,1261.55,755.07,27.73,114.9,0.616,Body
cmd,40.7434,-2,-2
err,40.7757,-2.22,-10.03
dbg,40.7757,-3.7,-4.5,-14.5,-20.2
det,40.7757,1266.04,780.16,23.48,98.07,0.702,Body
cmd,40.7757,0,26
err,40.8098,-1.7,-8.96
dbg,40.8098,-2.6,-1.5,-11.4,17.9
det,40.8098,1266.78,781.43,23.04,96.14,0.637,Body
cmd,40.8098,2,0
err,40.8441,-2.17,-10.98
dbg,40.8441,-2.4,1.5,-11.2,0.0
det,40.8441,1266.14,779.5,23.38,95.21,0.685,Body
cmd,40.8441,-2,-2
err,40.8765,0.58,-8.13
dbg,40.8765,-0.7,-1.5,-9.5,-1.5
det,40.8765,1268.75,781.47,23.67,104.06,0.677,Body
cmd,40.8765,4,0
err,40.9127,0.09,-7.83
dbg,40.9127,-0.3,3.0,-8.6,0.0
det,40.9127,1268.97,781.72,22.24,104.54,0.612,Body
cmd,40.9127,0,-2
err,40.9438,2.32,2.11
dbg,40.9438,1.1,0.0,-2.7,-1.5
det,40.9438,1270.81,790.58,23.02,115.31,0.642,Body
err,41.0432,-0.94,29.47
dbg,41.0432,0.9,0.0,1.7,0.0
det,41.0432,1269.26,820.63,19.6,88.43,0.438,Body
err,41.1436,-1.45,30.92
dbg,41.1436,0.5,0.0,5.7,0.0
det,41.1436,1268.78,822.4,19.53,85.23,0.394,Body
cmd,41.1436,2,18
err,41.3777,-0.83,-4.75
dbg,41.3777,-0.8,0.0,-4.7,0.0
det,41.3777,1267.37,784.21,23.61,110.46,0.632,Body
cmd,41.3777,-2,-4
err,41.4125,-0.84,-4.9
dbg,41.4125,-0.8,-1.5,-4.8,-3.0
det,41.4125,1267.37,784.04,23.58,110.59,0.637,Body
cmd,41.4125,0,-2
err,41.4456,-0.85,-4.83
dbg,41.4456,-0.8,0.0,-4.8,-1.5
det,41.4456,1267.4,784.13,23.51,110.47,0.641,Body
cmd,41.4456,-2,-3
err,41.4809,-0.89,-4.75
dbg,41.4809,-0.9,-1.5,-4.8,-2.2
det,41.4809,1267.37,784.21,23.48,110.46,0.64,Body
cmd,41.4809,0,-3
err,41.5112,-0.85,-4.74
dbg,41.5112,-0.9,-1.5,-4.8,-4.5
det,41.5112,1267.38,784.22,23.55,110.42,0.638,Body
cmd,41.5112,0,-2
err,41.5444,-0.51,-3.69
dbg,41.5444,-0.7,0.0,-4.2,-3.7
det,41.5444,1267.95,785.07,23.09,112.42,0.591,Body
cmd,41.5444,-2,0
err,41.5784,0.66,-3.11
dbg,41.5784,0.1,-1.5,-3.6,0.0
det,41.5784,1269.3,785.63,22.72,112.63,0.504,Body
err,41.6116,0.61,-3.21
dbg,41.6116,0.4,0.0,-3.4,0.0
det,41.6116,1269.24,785.51,22.75,112.75,0.524,Body
err,41.645,0.64,-3.27
dbg,41.645,0.5,0.0,-3.3,0.0
det,41.645,1269.18,785.44,22.91,112.88,0.511,Body
err,41.6792,0.63,-2.98
dbg,41.6792,0.6,0.0,-3.1,0.0
det,41.6792,1269.25,785.77,22.76,112.51,0.523,Body
err,41.7118,0.66,-3.11
dbg,41.7118,0.6,0.0,-3.1,0.0
det,41.7118,1269.3,785.62,22.72,112.61,0.505,Body
err,44.3419,142.87,14.78
dbg,44.3419,142.9,0.0,14.8,0.0
det,44.3419,1397.69,798.48,51.2,124.39,0.858,Body
det,44.3419,1411.62,799.63,22.49,27.54,0.555,Head
cmd,44.3419,45,5
err,44.3752,87.79,15.97
dbg,44.3752,87.8,0.0,16.0,0.0
det,44.3752,1341.92,802.29,51.11,119.47,0.82,Body
det,44.3752,1359.14,803.45,17.3,22.76,0.614,Head
cmd,44.3752,44,8
err,44.41,59.58,12.85
dbg,44.41,83.9,32.8,15.5,6.0
det,44.41,1317.04,799.29,47.1,118.55,0.853,Body
det,44.41,1330.99,799.47,17.19,24.31,0.634,Head
cmd,44.41,25,7
err,44.4405,54.47,14.11
dbg,44.4405,79.9,51.5,15.3,11.2
det,44.4405,1309.16,800.02,50.38,118.56,0.832,Body
det,44.4405,1324.56,800.25,19.82,25.18,0.648,Head
cmd,44.4405,6,3
err,44.474,17.51,10.47
dbg,44.474,17.5,0.0,10.5,0.0
det,44.474,1273.71,795.78,48.3,118.15,0.815,Body
det,44.474,1286.19,795.93,22.65,26.44,0.566,Head
cmd,44.474,16,10
err,44.5073,-12.91,5.05
dbg,44.5073,-12.9,0.0,5.0,0.0
det,44.5073,1239.24,787.99,52.38,123.42,0.82,Body
det,44.5073,1254.42,790.15,25.34,27.08,0.559,Head
cmd,44.5073,-12,5
err,44.5406,-33.83,-1.06
dbg,44.5406,-15.8,-9.0,4.2,3.7
det,44.5406,1222.31,781.96,49.78,121.47,0.849,Body
det,44.5406,1235.16,783.79,22.02,27.53,0.543,Head
cmd,44.5406,-24,-5
err,44.5745,-38.02,-4.23
dbg,44.5745,-18.8,-17.9,3.0,-3.7
det,44.5745,1216.17,780.13,51.73,122.47,0.839,Body
det,44.5745,1231.3,781.7,21.36,25.57,0.696,Head
cmd,44.5745,-17,0
err,44.6075,-50.49,-5.89
dbg,44.6075,-23.2,-12.7,1.8,0.0
det,44.6075,1203.3,778.23,51.44,122.98,0.825,Body
det,44.6075,1218.14,779.43,22.74,26.69,0.616,Head
cmd,44.6075,-32,-4
err,44.6401,-41.36,-5.71
dbg,44.6401,-25.7,-36.6,0.8,-3.0
det,44.6401,1211.64,777.63,53.52,122.89,0.824,Body
det,44.6401,1226.88,779.59,23.51,26.72,0.713,Head
cmd,44.6401,0,-2
err,44.6724,-23.81,-3.23
dbg,44.6724,-24.7,-23.9,-1.4,-4.5
det,44.6724,1229.82,781.28,52.49,123.83,0.803,Body
det,44.6724,1245.52,783.04,21.34,24.98,0.659,Head
err,44.7042,-8.0,-4.5
dbg,44.7042,-22.4,0.0,-1.8,-1.5
det,44.7042,1242.71,781.12,50.53,124.34,0.838,Body
det,44.7042,1260.19,781.29,23.61,25.83,0.654,Head
cmd,44.7042,2,-2
err,44.7376,11.12,5.96
dbg,44.7376,-17.8,1.5,-0.8,-1.5
det,44.7376,1269.52,786.65,45.98,121.53,0.826,Body
det,44.7376,1278.75,790.93,24.75,27.33,0.563,Head
cmd,44.7376,13,8
err,44.7703,11.65,8.4
dbg,44.7703,-13.7,11.2,0.5,4.5
det,44.7703,1269.9,789.61,45.72,119.65,0.835,Body
det,44.7703,1279.4,793.62,24.51,26.86,0.595,Head
cmd,44.7703,0,4
err,44.8037,11.69,8.33
dbg,44.8037,-10.2,9.7,1.6,9.0
det,44.8037,1269.83,789.35,45.76,119.89,0.835,Body
det,44.8037,1279.38,793.48,24.63,26.99,0.592,Head
err,44.839,1.88,-3.87
dbg,44.839,-8.6,0.0,0.8,0.0
det,44.839,1256.31,782.17,49.84,123.83,0.824,Body
det,44.839,1271.01,782.66,21.74,24.49,0.539,Head
cmd,44.839,-5,-5
err,44.872,3.06,-5.37
dbg,44.872,-2.2,-3.7,-2.6,-3.7
det,44.872,1257.84,780.86,49.42,120.94,0.821,Body
det,44.872,1272.35,780.74,21.43,25.25,0.611,Head
err,44.9044,3.11,-5.29
dbg,44.9044,0.7,-3.7,-4.1,-3.7
det,44.9044,1257.9,781.01,49.28,120.77,0.822,Body
det,44.9044,1272.43,780.88,21.37,25.15,0.61,Head
cmd,44.9044,6,-4
err,44.939,3.09,-5.27
dbg,44.939,2.0,4.5,-4.7,-3.0
det,44.939,1257.91,781.0,49.28,120.76,0.82,Body
det,44.939,1272.36,780.85,21.46,25.25,0.609,Head
cmd,44.939,0,-4
err,44.9638,3.86,-3.77
dbg,44.9638,3.0,4.5,-4.2,-6.0
det,44.9638,1259.52,781.93,49.91,123.73,0.819,Body
det,44.9638,1273.06,782.29,21.61,25.34,0.552,Head
cmd,44.9638,2,0
err,44.9932,3.88,-3.72
dbg,44.9932,3.5,1.5,-3.9,-3.0
det,44.9932,1259.43,781.92,50.02,123.7,0.819,Body
det,44.9932,1273.03,782.31,21.69,25.4,0.554,Head
cmd,44.9932,3,-2
err,45.0268,1.32,-5.71
dbg,45.0268,2.3,3.7,-4.9,-1.5
det,45.0268,1255.75,781.39,51.14,128.98,0.835,Body
det,45.0268,1269.75,783.02,22.39,25.17,0.415,Head
cmd,45.0268,0,-5
err,45.059,-1.39,6.83
dbg,45.059,0.3,2.2,1.5,-5.2
det,45.059,1254.35,784.95,50.55,127.88,0.826,Body
det,45.059,1265.32,791.47,26.57,27.92,0.487,Head
err,45.0923,-4.19,8.33
dbg,45.0923,-2.2,0.0,5.3,-3.7
det,45.0923,1251.52,788.66,49.97,124.81,0.836,Body
det,45.0923,1263.24,793.17,25.13,27.55,0.582,Head
cmd,45.0923,-7,17
err,45.1257,-4.06,9.51
dbg,45.1257,-3.2,-5.2,7.6,12.7
det,45.1257,1252.04,792.08,50.57,124.92,0.83,Body
det,45.1257,1263.39,794.5,25.11,27.28,0.626,Head
cmd,45.1257,-2,2
err,45.1599,-4.17,9.63
dbg,45.1599,-3.7,-1.5,8.7,1.5
det,45.1599,1252.19,792.31,50.42,124.67,0.829,Body
det,45.1599,1263.26,794.62,25.14,27.29,0.627,Head
cmd,45.1599,-4,12
err,45.1956,1.93,15.72
dbg,45.1956,-0.6,-3.0,12.6,9.0
det,45.1956,1258.47,803.95,46.93,117.72,0.844,Body
det,45.1956,1271.8,805.03,21.76,26.18,0.488,Head
cmd,45.1956,5,11
err,45.227,3.91,11.08
dbg,45.227,1.9,3.7,11.7,8.2
det,45.227,1258.07,795.69,51.46,121.09,0.825,Body
det,45.227,1273.36,796.6,21.09,26.33,0.625,Head
cmd,45.227,2,5
err,45.7618,-116.46,36.28
dbg,45.7618,-116.5,0.0,36.3,0.0
det,45.7618,1127.74,818.97,68.5,153.82,0.875,Body
det,45.7618,1151.28,820.54,24.52,28.62,0.608,Head
cmd,45.7618,-43,13
err,45.7946,-70.14,51.33
dbg,45.7946,-70.1,0.0,51.3,0.0
det,45.7946,1174.34,836.72,67.97,148.99,0.869,Body
det,45.7946,1199.2,836.08,21.31,27.73,0.549,Head
cmd,45.7946,-36,27
err,45.828,-67.17,50.94
dbg,45.828,-68.5,-26.9,51.1,20.2
det,45.828,1179.51,834.38,66.01,153.62,0.864,Body
det,45.828,1202.52,835.34,20.61,28.35,0.523,Head
cmd,45.828,-36,27
err,45.8618,-37.36,41.67
dbg,45.8618,-37.4,0.0,41.7,0.0
det,45.8618,1212.03,826.06,65.02,150.42,0.87,Body
det,45.8618,1230.45,825.94,24.39,28.6,0.524,Head
cmd,45.8618,-30,34
err,45.895,-9.14,21.22
dbg,45.895,-9.1,0.0,21.2,0.0
det,45.895,1237.46,806.28,64.82,152.0,0.863,Body
det,45.895,1259.58,806.41,22.57,26.93,0.604,Head
cmd,45.895,-9,20
err,45.9298,13.82,0.19
dbg,45.9298,13.8,0.0,0.2,0.0
det,45.9298,1261.31,784.99,65.01,151.94,0.9,Body
det,45.9298,1281.04,786.04,20.46,24.64,0.464,Head
cmd,45.9298,13,2
err,45.9624,35.0,-23.71
dbg,45.9624,35.0,0.0,-23.7,0.0
det,45.9624,1281.11,761.14,67.8,151.53,0.85,Body
det,45.9624,1300.97,761.49,25.75,26.39,0.472,Head
cmd,45.9624,33,-22
err,46.0293,30.74,-38.83
dbg,46.0293,34.4,0.0,-25.8,0.0
det,46.0293,1276.88,746.23,67.73,149.42,0.83,Body
det,46.0293,1294.78,745.57,25.43,28.74,0.459,Head
cmd,46.0293,30,-31
err,46.0624,30.81,-38.84
dbg,46.0624,33.9,22.4,-27.6,-23.1
det,46.0624,1276.91,746.21,67.79,149.53,0.829,Body
det,46.0624,1294.68,745.52,25.8,29.05,0.453,Head
cmd,46.0624,10,-8
err,46.0959,30.88,-38.73
dbg,46.0959,32.3,29.9,-33.7,-29.1
det,46.0959,1276.99,746.33,67.79,149.37,0.829,Body
det,46.0959,1294.74,745.69,25.4,28.86,0.456,Head
cmd,46.0959,2,-8
err,46.1304,30.85,-38.68
dbg,46.1304,31.5,1.5,-36.4,-6.0
det,46.1304,1276.9,746.38,67.91,149.35,0.829,Body
det,46.1304,1294.55,745.7,25.64,28.91,0.461,Head
cmd,46.1304,28,-30
err,46.1633,7.88,-24.12
dbg,46.1633,28.2,20.9,-34.8,-22.4
det,46.1633,1254.06,761.76,68.42,149.97,0.874,Body
det,46.1633,1274.76,761.86,26.23,25.49,0.529,Head
cmd,46.1633,0,-2
err,46.1969,-21.51,1.79
dbg,46.1969,-21.5,0.0,1.8,0.0
det,46.1969,1225.84,786.39,65.32,153.97,0.881,Body
det,46.1969,1247.75,788.41,24.29,27.63,0.506,Head
cmd,46.1969,-20,2
err,46.2295,-22.29,10.76
dbg,46.2295,-21.9,-14.9,6.7,1.5
det,46.2295,1224.42,795.6,66.57,151.61,0.884,Body
det,46.2295,1244.19,794.62,22.95,27.05,0.403,Head
cmd,46.2295,-7,13
err,46.2628,-43.65,34.67
dbg,46.2628,-43.7,0.0,34.7,0.0
det,46.2628,1201.04,818.03,65.98,150.56,0.874,Body
det,46.2628,1224.11,819.32,24.47,27.91,0.598,Head
cmd,46.2628,-35,28
err,46.2975,-43.38,35.26
dbg,46.2975,-43.5,-26.1,35.0,20.9
det,46.2975,1201.7,818.76,66.11,153.5,0.87,Body
det,46.2975,1224.5,819.97,24.24,27.8,0.583,Head
cmd,46.2975,-16,14
err,46.3293,-29.15,33.98
dbg,46.3293,-41.5,-38.1,34.9,31.3
det,46.3293,1214.93,816.62,68.3,153.59,0.846,Body
det,46.3293,1238.56,818.28,24.57,28.55,0.616,Head
cmd,46.3293,0,2
err,46.3649,2.9,1.6
dbg,46.3649,2.9,0.0,1.6,0.0
det,46.3649,1250.34,786.94,63.44,151.55,0.866,Body
det,46.3649,1273.31,787.36,19.18,25.89,0.524,Head
err,46.3975,2.89,1.52
dbg,46.3975,2.9,0.0,1.6,0.0
det,46.3975,1250.45,786.89,63.37,151.64,0.866,Body
det,46.3975,1273.36,787.34,19.05,25.77,0.52,Head
err,46.4303,13.08,-7.72
dbg,46.4303,8.5,0.0,-3.5,0.0
det,46.4303,1261.43,777.92,64.69,150.76,0.908,Body
det,46.4303,1282.84,777.26,20.48,27.32,0.576,Head
cmd,46.4303,17,-11
err,46.464,13.2,-7.94
dbg,46.464,11.1,12.7,-6.0,-8.2
det,46.464,1261.92,776.52,64.42,149.72,0.902,Body
det,46.464,1281.88,776.19,22.64,28.86,0.556,Head
cmd,46.464,4,-4
err,46.4978,13.35,-7.86
dbg,46.4978,12.3,3.0,-7.0,-3.0
det,46.4978,1261.93,776.47,64.52,149.82,0.901,Body
det,46.4978,1281.75,776.12,23.2,29.14,0.558,Head
cmd,46.4978,14,-8
err,46.5297,1.33,3.91
dbg,46.5297,6.3,13.4,-1.0,-9.0
det,46.5297,1247.76,785.41,66.46,150.86,0.846,Body
det,46.5297,1267.64,787.42,27.37,29.98,0.525,Head
cmd,46.5297,-15,15
err,46.5642,-1.8,0.68
dbg,46.5642,6.3,13.4,-1.0,-9.0
det,46.5642,1246.28,785.53,63.83,151.51,0.868,Body
det,46.5642,1267.53,786.51,17.79,24.98,0.477,Head
err,46.5983,-12.63,9.08
dbg,46.5983,3.7,0.0,0.4,0.0
det,46.5983,1232.68,794.01,69.38,150.71,0.868,Body
err,46.6318,-1.45,-3.18
dbg,46.6318,0.9,0.0,-1.6,0.0
det,46.6318,1245.58,781.49,65.95,153.27,0.849,Body
err,46.6674,-1.34,-2.79
dbg,46.6674,-0.3,0.0,-2.2,0.0
det,46.6674,1245.62,781.92,66.08,152.87,0.85,Body
err,46.6986,-1.34,-3.12
dbg,46.6986,-0.9,0.0,-2.7,0.0
det,46.6986,1245.67,781.55,66.0,153.27,0.85,Body
err,46.7301,-1.36,-2.88
dbg,46.7301,-1.1,0.0,-2.8,0.0
det,46.7301,1245.58,781.82,66.11,152.95,0.85,Body
err,46.7635,-1.41,-2.5
dbg,46.7635,-1.3,0.0,-2.6,0.0
det,46.7635,1245.57,782.25,66.05,152.53,0.849,Body
err,46.7934,-1.36,-2.12
dbg,46.7934,-1.3,0.0,-2.4,0.0
det,46.7934,1245.57,782.67,66.13,152.09,0.849,Body
err,46.8319,-1.49,2.07
dbg,46.8319,-1.4,0.0,0.1,0.0
det,46.8319,1246.06,787.45,64.91,146.13,0.849,Body
det,46.8319,1262.43,787.68,25.87,30.76,0.35,Head
err,46.8651,-1.52,2.33
dbg,46.8651,-1.5,0.0,1.3,0.0
det,46.8651,1246.03,787.76,64.9,145.74,0.849,Body
det,46.8651,1262.42,788.34,25.75,30.45,0.35,Head
err,46.8964,-1.59,2.67
dbg,46.8964,-1.5,0.0,2.1,0.0
det,46.8964,1245.98,788.13,64.86,145.4,0.849,Body
det,46.8964,1262.3,788.78,25.62,30.26,0.351,Head
err,46.9317,-1.19,18.4
dbg,46.9317,-1.5,0.0,4.3,0.0
det,46.9317,1247.07,803.69,63.49,147.08,0.864,Body
det,46.9317,1267.68,804.26,19.89,29.01,0.506,Head
cmd,46.9317,-2,18
err,46.9668,-1.47,10.58
dbg,46.9668,-1.5,-1.5,7.8,13.4
det,46.9668,1247.45,795.35,62.17,152.33,0.712,Body
cmd,46.9668,-2,0
err,47.1336,9.29,-37.69
dbg,47.1336,9.3,0.0,-37.7,0.0
det,47.1336,1259.72,745.81,59.16,165.07,0.68,Body
cmd,47.1336,9,-35
err,47.4685,149.08,8.94
dbg,47.4685,149.1,0.0,8.9,0.0
det,47.4685,1410.33,799.41,37.49,95.3,0.853,Body
det,47.4685,1422.38,799.37,11.71,17.28,0.36,Head
cmd,47.4685,45,3
err,47.5013,147.48,8.81
dbg,47.5013,148.2,33.6,8.9,2.2
det,47.5013,1408.47,799.25,38.03,95.64,0.832,Body
cmd,47.5013,45,2
err,47.5344,147.48,8.77
dbg,47.5344,147.8,67.2,8.8,3.7
det,47.5344,1408.47,799.21,38.02,95.63,0.831,Body
cmd,47.5344,45,3
err,47.5675,147.47,8.8
dbg,47.5675,147.6,67.2,8.8,3.7
det,47.5675,1408.41,799.23,38.13,95.65,0.83,Body
cmd,47.5675,45,3
err,47.6018,147.48,8.83
dbg,47.6018,147.5,33.6,8.8,2.2
det,47.6018,1408.44,799.25,38.09,95.8,0.828,Body
cmd,47.6018,45,3
err,47.6343,147.52,8.85
dbg,47.6343,147.5,33.6,8.8,2.2
det,47.6343,1408.37,799.26,38.3,95.81,0.829,Body
cmd,47.6343,45,2
err,47.6682,113.31,6.68
dbg,47.6682,113.3,0.0,6.7,0.0
det,47.6682,1374.98,797.21,36.67,94.68,0.803,Body
cmd,47.6682,45,3
err,47.7013,79.27,2.94
dbg,47.7013,79.3,0.0,2.9,0.0
det,47.7013,1339.92,793.32,38.7,96.2,0.805,Body
det,47.7013,1350.06,794.1,14.84,20.12,0.42,Head
cmd,47.7013,45,2
err,47.7348,44.88,3.52
dbg,47.7348,44.9,0.0,3.5,0.0
det,47.7348,1304.87,789.85,40.19,97.32,0.791,Body
det,47.7348,1315.36,791.22,19.05,22.36,0.553,Head
cmd,47.7348,42,3
err,47.7684,11.14,3.27
dbg,47.7684,11.1,0.0,3.3,0.0
det,47.7684,1271.87,788.78,39.46,96.94,0.802,Body
det,47.7684,1280.29,790.67,21.7,22.9,0.5,Head
cmd,47.7684,10,3
err,47.8015,-22.25,-3.54
dbg,47.8015,-22.2,0.0,-3.5,0.0
det,47.8015,1236.82,782.61,42.35,102.77,0.8,Body
det,47.8015,1248.57,784.42,18.36,21.89,0.637,Head
cmd,47.8015,-21,-3
err,47.8347,-55.92,-3.9
dbg,47.8347,-55.9,0.0,-3.9,0.0
det,47.8347,1203.22,782.18,41.7,101.05,0.805,Body
det,47.8347,1214.91,783.78,18.33,22.41,0.651,Head
cmd,47.8347,-45,-3
err,47.8694,-87.6,-5.26
dbg,47.8694,-87.6,0.0,-5.3,0.0
det,47.8694,1171.06,779.37,42.76,101.23,0.804,Body
det,47.8694,1183.19,781.89,18.4,23.37,0.676,Head
cmd,47.8694,-45,-3
err,47.9022,-78.46,-5.28
dbg,47.9022,-82.6,-33.6,-5.3,-2.2
det,47.9022,1180.33,779.27,42.46,99.83,0.795,Body
det,47.9022,1191.41,781.85,20.26,23.39,0.508,Head
cmd,47.9022,-38,-3
err,47.9352,-78.48,-5.25
dbg,47.9352,-80.3,-61.9,-5.3,-4.5
det,47.9352,1180.38,779.3,42.37,99.73,0.796,Body
det,47.9352,1191.41,781.9,20.22,23.38,0.496,Head
cmd,47.9352,-12,-2
err,47.9687,-45.82,-3.34
dbg,47.9687,-45.8,0.0,-3.3,0.0
det,47.9687,1214.08,782.13,42.08,99.74,0.796,Body
det,47.9687,1224.92,784.15,18.52,22.74,0.523,Head
cmd,47.9687,-43,-3
err,48.0019,16.47,-0.96
dbg,48.0019,16.5,0.0,-1.0,0.0
det,48.0019,1275.57,789.23,41.81,98.14,0.786,Body
cmd,48.0019,15,-2
err,48.0353,16.44,-1.05
dbg,48.0353,16.5,11.2,-1.0,-1.5
det,48.0353,1275.45,789.12,41.98,98.3,0.788,Body
det,48.0353,1285.69,790.45,21.05,22.55,0.354,Head
cmd,48.0353,5,0
err,48.0693,16.45,-0.76
dbg,48.0693,16.4,3.7,-0.9,0.0
det,48.0693,1275.51,789.44,41.88,97.95,0.787,Body
cmd,48.0693,12,-2
err,48.1027,44.73,8.29
dbg,48.1027,20.3,9.0,0.4,-1.5
det,48.1027,1307.38,795.91,38.71,95.22,0.78,Body
det,48.1027,1316.91,796.32,15.64,21.75,0.568,Head
cmd,48.1027,35,10
err,48.1359,44.75,8.3
dbg,48.1359,23.7,35.1,1.5,6.0
det,48.1359,1307.33,795.97,38.74,95.08,0.781,Body
det,48.1359,1316.96,796.33,15.59,21.76,0.565,Head
cmd,48.1359,6,2
err,48.1705,42.6,8.96
dbg,48.1705,26.3,4.5,2.5,1.5
det,48.1705,1302.49,795.31,40.84,95.93,0.804,Body
det,48.1705,1314.43,796.53,16.34,22.6,0.641,Head
cmd,48.1705,30,5
err,48.2084,34.1,6.65
dbg,48.2084,30.6,22.4,4.8,3.7
det,48.2084,1294.5,797.04,39.21,96.08,0.794,Body
cmd,48.2084,9,3
err,48.2513,2.84,-1.63
dbg,48.2513,2.8,0.0,-1.6,0.0
det,48.2513,1262.99,785.82,41.79,98.84,0.802,Body
det,48.2513,1274.19,786.27,17.3,22.0,0.493,Head
err,48.2885,-19.42,-4.95
dbg,48.2885,-0.2,0.0,-2.1,0.0
det,48.2885,1241.11,781.18,40.56,98.85,0.818,Body
det,48.2885,1251.67,783.16,17.82,21.62,0.594,Head
err,48.3222,-25.66,-5.93
dbg,48.3222,-3.7,0.0,-2.6,0.0
det,48.3222,1233.01,779.56,42.02,97.5,0.808,Body
det,48.3222,1244.7,781.26,19.29,23.31,0.664,Head
cmd,48.3222,-20,-5
err,48.3548,-25.57,-5.95
dbg,48.3548,-6.7,-14.9,-3.1,-3.7
det,48.3548,1233.11,779.56,42.11,97.56,0.811,Body
det,48.3548,1244.78,781.25,19.29,23.28,0.665,Head
cmd,48.3548,-5,-2
err,48.3888,-25.49,-5.98
dbg,48.3888,-9.3,-18.7,-3.5,-5.2
det,48.3888,1233.12,779.54,42.13,97.6,0.81,Body
det,48.3888,1244.86,781.26,19.29,23.21,0.665,Head
err,48.42,-25.56,-6.0
dbg,48.42,-11.5,-3.7,-3.8,-1.5
det,48.42,1233.16,779.54,42.06,97.55,0.811,Body
det,48.42,1244.82,781.25,19.24,23.17,0.665,Head
cmd,48.42,-13,-3
err,48.4549,-12.18,-3.9
dbg,48.4549,-11.9,-9.7,-3.9,-2.2
det,48.4549,1248.65,782.98,41.17,99.52,0.823,Body
det,48.4549,1258.66,783.3,18.33,23.27,0.664,Head
cmd,48.4549,0,-2
err,48.4873,-7.34,-2.13
dbg,48.4873,-9.4,0.0,-2.9,-1.5
det,48.4873,1251.18,784.36,41.74,100.63,0.827,Body
det,48.4873,1263.04,785.75,19.26,22.04,0.608,Head
cmd,48.4873,2,0
err,48.5225,-7.32,-2.14
dbg,48.5225,-8.2,1.5,-2.5,0.0
det,48.5225,1251.16,784.21,41.78,100.81,0.826,Body
det,48.5225,1262.97,785.65,19.43,22.19,0.611,Head
cmd,48.5225,-3,-2
err,48.5548,3.17,-4.05
dbg,48.5548,-2.0,-2.2,-3.3,-1.5
det,48.5548,1262.92,785.7,40.51,102.43,0.826,Body
det,48.5548,1274.15,786.88,16.2,21.39,0.442,Head
err,48.5889,1.43,-4.9
dbg,48.5889,-0.1,-2.2,-4.2,-1.5
det,48.5889,1260.85,784.76,41.17,103.42,0.817,Body
det,48.5889,1272.39,787.13,17.89,21.51,0.374,Head
cmd,48.5889,10,-4
err,48.6223,3.66,-2.17
dbg,48.6223,2.0,7.5,-3.1,-3.0
det,48.6223,1263.36,787.8,40.6,100.28,0.805,Body
det,48.6223,1274.02,788.2,16.78,21.39,0.391,Head
err,48.6527,3.63,-2.18
dbg,48.6527,2.9,7.5,-2.6,-3.0
det,48.6527,1263.41,787.8,40.44,100.22,0.806,Body
det,48.6527,1274.09,788.24,16.69,21.27,0.387,Head
err,48.6896,-5.05,9.75
dbg,48.6896,1.8,0.0,-0.9,0.0
det,48.6896,1255.55,795.97,39.45,95.22,0.796,Body
det,48.6896,1265.33,797.0,19.25,23.17,0.629,Head
err,48.7235,-5.1,9.78
dbg,48.7235,-2.0,0.0,5.0,0.0
det,48.7235,1255.5,795.93,39.52,95.3,0.797,Body
det,48.7235,1265.18,797.0,19.44,23.24,0.632,Head
cmd,48.7235,-4,12
err,48.7591,-5.12,9.84
dbg,48.7591,-3.7,-3.0,7.7,9.0
det,48.7591,1255.5,795.96,39.51,95.3,0.798,Body
det,48.7591,1265.11,797.04,19.54,23.27,0.636,Head
cmd,48.7591,-2,3
err,48.7903,-5.15,9.79
dbg,48.7903,-4.5,-1.5,8.8,2.2
det,48.7903,1255.57,795.92,39.43,95.29,0.799,Body
det,48.7903,1265.15,797.05,19.41,23.18,0.634,Head
cmd,48.7903,-4,10
err,48.8246,-5.12,9.84
dbg,48.8246,-4.8,-4.5,9.4,9.7
det,48.8246,1255.53,795.95,39.53,95.25,0.799,Body
det,48.8246,1265.13,797.08,19.51,23.19,0.635,Head
cmd,48.8246,-2,2
err,48.8583,-1.14,13.95
dbg,48.8583,-2.8,-1.5,11.9,1.5
det,48.8583,1259.19,804.12,39.32,98.22,0.812,Body
det,48.8583,1268.84,806.29,18.85,22.37,0.379,Head
cmd,48.8583,2,15
err,48.8909,0.21,7.95
dbg,48.8909,-1.1,0.0,9.7,12.7
det,48.8909,1261.08,798.02,38.26,99.34,0.789,Body
det,48.8909,1270.23,798.62,16.81,22.58,0.429,Head
cmd,48.8909,2,0
err,48.9246,2.83,-27.55
dbg,48.9246,2.8,0.0,-27.6,0.0
det,48.9246,1257.7,760.18,50.26,122.66,0.362,Body
cmd,48.9246,3,-26
err,49.0252,1.5,-45.35
dbg,49.0252,2.6,0.0,-30.0,0.0
det,49.0252,1257.05,743.28,48.91,113.74,0.38,Body
cmd,49.0252,2,-33
err,49.0592,5.14,-29.22
dbg,49.0592,4.0,1.5,-29.6,-24.6
det,49.0592,1255.37,759.15,59.55,116.27,0.376,Body
cmd,49.0592,5,0
err,49.0917,-0.78,-34.58
dbg,49.0917,1.4,5.2,-32.3,-24.6
det,49.0917,1260.8,753.47,36.84,119.43,0.623,Body
cmd,49.0917,-7,-5
err,49.9272,155.58,-9.75
dbg,49.9272,155.6,0.0,-9.8,0.0
det,49.9272,1412.39,774.38,50.67,136.09,0.816,Body
det,49.9272,1426.94,777.2,17.3,23.71,0.626,Head
cmd,49.9272,45,-3
err,49.9604,153.07,-10.85
dbg,49.9604,154.2,33.6,-10.4,-2.2
det,49.9604,1405.78,775.41,54.58,137.36,0.75,Body
cmd,49.9604,45,-3
err,49.9942,146.28,-6.53
dbg,49.9942,149.8,33.6,-8.3,-2.2
det,49.9942,1400.95,780.12,50.67,133.53,0.741,Body
cmd,49.9942,45,-2
err,50.0281,110.39,-2.78
dbg,50.0281,110.4,0.0,-2.8,0.0
det,50.0281,1366.04,783.99,48.7,132.31,0.77,Body
cmd,50.0281,45,-2
err,50.0606,77.01,0.37
dbg,50.0606,77.0,0.0,0.4,0.0
det,50.0606,1332.26,787.27,49.52,130.96,0.743,Body
cmd,50.0606,45,2
err,50.094,76.98,0.31
dbg,50.094,77.0,33.6,0.3,1.5
det,50.094,1332.08,787.21,49.8,131.02,0.743,Body
cmd,50.094,41,0
err,50.1274,44.7,1.31
dbg,50.1274,44.7,0.0,1.3,0.0
det,50.1274,1299.02,788.19,51.36,131.2,0.752,Body
det,50.1274,1310.08,789.41,20.76,25.03,0.384,Head
cmd,50.1274,42,2
err,50.1607,8.95,6.2
dbg,50.1607,8.9,0.0,6.2,0.0
det,50.1607,1264.81,793.64,48.27,125.57,0.76,Body
cmd,50.1607,8,6
err,50.1942,-24.25,2.32
dbg,50.1942,-24.2,0.0,2.3,0.0
det,50.1942,1230.94,789.23,49.62,130.94,0.777,Body
det,50.1942,1244.87,790.64,22.21,24.77,0.407,Head
cmd,50.1942,-23,2
err,50.2278,-54.49,4.31
dbg,50.2278,-54.5,0.0,4.3,0.0
det,50.2278,1201.23,791.51,48.56,128.04,0.745,Body
cmd,50.2278,-45,4
err,50.2608,-86.39,1.4
dbg,50.2608,-86.4,0.0,1.4,0.0
det,50.2608,1167.6,788.48,52.02,129.2,0.767,Body
cmd,50.2608,-45,2
err,50.2947,-92.27,-3.29
dbg,50.2947,-89.6,-33.6,-1.2,1.5
det,50.2947,1163.83,783.49,47.8,132.23,0.769,Body
cmd,50.2947,-45,-5
err,50.3289,-76.22,-4.72
dbg,50.3289,-87.8,-33.6,-1.7,-3.7
det,50.3289,1178.58,782.1,50.41,131.77,0.791,Body
cmd,50.3289,-41,-2
err,50.3606,-42.21,-10.1
dbg,50.3606,-42.2,0.0,-10.1,0.0
det,50.3606,1213.06,776.64,49.46,132.63,0.762,Body
cmd,50.3606,-40,-9
err,50.3955,-9.25,-12.7
dbg,50.3955,-9.2,0.0,-12.7,0.0
det,50.3955,1246.32,773.98,48.86,133.24,0.655,Body
cmd,50.3955,-9,-12
err,50.4286,25.13,-8.64
dbg,50.4286,25.1,0.0,-8.6,0.0
det,50.4286,1279.26,777.86,51.73,134.95,0.76,Body
det,50.4286,1293.98,779.08,19.87,25.44,0.402,Head
cmd,50.4286,24,-8
err,50.4615,55.34,-7.63
dbg,50.4615,55.3,0.0,-7.6,0.0
det,50.4615,1308.83,778.82,53.01,135.51,0.73,Body
cmd,50.4615,45,-6
err,50.4955,85.5,3.82
dbg,50.4955,85.5,0.0,3.8,0.0
det,50.4955,1339.97,790.91,51.07,129.11,0.793,Body
cmd,50.4955,45,2
err,50.5287,91.71,11.91
dbg,50.5287,88.9,33.6,8.3,1.5
det,50.5287,1347.14,798.81,49.13,131.06,0.735,Body
det,50.5287,1360.26,798.15,16.66,23.32,0.358,Head
cmd,50.5287,44,10
err,50.5621,73.92,16.9
dbg,50.5621,86.9,66.4,9.5,9.0
det,50.5621,1330.24,803.74,47.36,131.67,0.739,Body
cmd,50.5621,8,10
err,50.596,41.18,24.06
dbg,50.596,41.2,0.0,24.1,0.0
det,50.596,1299.02,811.26,44.33,127.99,0.727,Body
cmd,50.596,39,23
err,50.6309,7.7,8.69
dbg,50.6309,7.7,0.0,8.7,0.0
det,50.6309,1265.41,794.35,44.59,143.48,0.768,Body
cmd,50.6309,7,8
err,50.6622,-26.14,11.71
dbg,50.6622,-26.1,0.0,11.7,0.0
det,50.6622,1230.97,795.32,46.15,135.58,0.667,Body
det,50.6622,1244.59,798.92,18.54,23.26,0.364,Head
cmd,50.6622,-25,11
err,50.6967,-32.56,3.11
dbg,50.6967,-29.7,-18.7,7.0,8.2
det,50.6967,1223.86,789.98,47.16,131.23,0.793,Body
det,50.6967,1235.6,792.06,18.05,24.33,0.407,Head
cmd,50.6967,-15,-8
err,50.7297,-60.09,-12.09
dbg,50.7297,-60.1,0.0,-12.1,0.0
det,50.7297,1196.33,774.83,47.16,130.76,0.746,Body
cmd,50.7297,-44,-9
err,50.7625,-69.25,-20.46
dbg,50.7625,-65.1,-32.8,-16.7,-6.7
det,50.7625,1187.06,766.14,52.47,133.0,0.786,Body
det,50.7625,1202.1,767.14,17.31,22.55,0.554,Head
cmd,50.7625,-38,-16
err,50.7966,-69.17,-20.53
dbg,50.7966,-67.4,-28.4,-18.8,-11.9
det,50.7966,1187.37,766.02,52.14,133.04,0.781,Body
det,50.7966,1202.2,767.08,17.25,22.54,0.549,Head
cmd,50.7966,-42,-12
err,50.8296,-3.89,-14.51
dbg,50.8296,-3.9,0.0,-14.5,0.0
det,50.8296,1252.59,772.35,47.05,131.38,0.778,Body
det,50.8296,1265.61,771.9,15.39,23.14,0.428,Head
cmd,50.8296,-4,-14
err,50.8633,-3.8,-14.59
dbg,50.8633,-3.8,-3.0,-14.6,-10.4
det,50.8633,1252.55,772.36,47.3,130.5,0.779,Body
det,50.8633,1265.58,771.86,15.48,23.24,0.429,Head
cmd,50.8633,-2,-4
err,50.8975,26.3,-3.94
dbg,50.8975,26.3,0.0,-3.9,0.0
det,50.8975,1280.2,782.54,52.19,135.19,0.745,Body
cmd,50.8975,25,-4
err,50.9303,55.37,10.2
dbg,50.9303,55.4,0.0,10.2,0.0
det,50.9303,1310.45,797.53,49.84,126.65,0.726,Body
cmd,50.9303,44,8
err,50.9642,59.11,19.3
dbg,50.9642,57.4,32.8,15.2,6.0
det,50.9642,1314.94,806.47,48.34,128.27,0.699,Body
cmd,50.9642,26,16
err,50.9972,60.36,20.74
dbg,50.9972,59.0,19.4,18.2,11.9
det,50.9972,1317.18,807.89,46.36,128.54,0.75,Body
det,50.9972,1329.72,808.7,15.18,22.26,0.367,Head
cmd,50.9972,41,13
err,51.0302,11.16,20.55
dbg,51.0302,11.2,0.0,20.6,0.0
det,51.0302,1268.51,807.72,45.3,128.3,0.75,Body
cmd,51.0302,10,19
err,51.0631,-9.83,0.8
dbg,51.0631,8.3,7.5,17.8,14.2
det,51.0631,1244.05,787.11,52.24,136.88,0.722,Body
cmd,51.0631,-17,-13
err,51.0971,-41.54,-5.35
dbg,51.0971,-41.5,0.0,-5.3,0.0
det,51.0971,1213.32,781.4,50.28,132.48,0.773,Body
cmd,51.0971,-39,-5
err,51.1294,-41.49,-5.04
dbg,51.1294,-41.5,-29.1,-5.2,-3.7
det,51.1294,1213.46,781.75,50.1,132.12,0.776,Body
cmd,51.1294,-12,-2
err,51.1641,-47.25,-18.63
dbg,51.1641,-42.3,-9.0,-7.0,-1.5
det,51.1641,1208.39,768.31,48.73,130.57,0.79,Body
cmd,51.1641,-35,-16
err,51.1964,-5.27,-6.16
dbg,51.1964,-5.3,0.0,-6.2,0.0
det,51.1964,1248.52,780.51,52.43,133.32,0.757,Body
det,51.1964,1262.94,781.49,19.39,25.12,0.401,Head
cmd,51.1964,-5,-6
err,51.2305,-7.53,-4.77
dbg,51.2305,-6.5,-3.7,-5.4,-4.5
det,51.2305,1248.53,780.41,52.41,133.3,0.757,Body
det,51.2305,1262.8,781.4,19.35,25.14,0.413,Head
cmd,51.2305,-4,0
err,51.2647,3.79,-2.1
dbg,51.2647,-0.8,-3.0,-3.6,0.0
det,51.2647,1258.86,784.66,49.85,132.4,0.74,Body
err,51.2978,26.74,5.95
dbg,51.2978,2.9,0.0,-2.3,0.0
det,51.2978,1281.08,792.45,51.31,134.99,0.709,Body
err,51.3338,26.75,5.89
dbg,51.3338,6.2,0.0,-1.2,0.0
det,51.3338,1281.05,792.38,51.42,135.04,0.705,Body
cmd,51.3338,23,5
err,51.3685,32.27,13.08
dbg,51.3685,9.8,17.2,0.8,3.7
det,51.3685,1287.75,800.06,49.05,130.15,0.799,Body
cmd,51.3685,10,8
err,51.4018,34.77,11.73
dbg,51.4018,13.2,7.5,2.3,6.0
det,51.4018,1291.65,798.55,46.25,131.82,0.767,Body
cmd,51.4018,20,2
err,51.4325,17.1,10.77
dbg,51.4325,15.4,22.4,7.0,7.5
det,51.4325,1271.85,797.75,50.51,130.28,0.772,Body
cmd,51.4325,0,3
err,51.4686,10.63,6.87
dbg,51.4686,12.8,0.0,6.9,2.2
det,51.4686,1267.06,794.27,47.14,126.01,0.75,Body
cmd,51.4686,2,4
err,51.4993,-4.59,0.84
dbg,51.4993,10.4,1.5,6.1,3.0
det,51.4993,1249.98,787.73,50.87,131.08,0.778,Body
det,51.4993,1262.3,789.06,21.03,25.5,0.377,Head
cmd,51.4993,-12,-4
err,51.5335,-3.6,-2.72
dbg,51.5335,8.5,-7.5,4.9,0.0
det,51.5335,1250.65,783.98,51.49,132.92,0.757,Body
cmd,51.5335,0,-2
err,51.5678,-4.85,2.97
dbg,51.5678,6.6,0.0,4.6,-1.5
det,51.5678,1249.13,790.56,52.04,124.04,0.694,Body
cmd,51.5678,-5,5
err,51.6005,4.22,2.32
dbg,51.6005,5.3,-3.7,3.3,3.7
det,51.6005,1260.14,789.41,48.17,129.07,0.759,Body
cmd,51.6005,9,0
err,51.6348,2.27,3.88
dbg,51.6348,3.6,6.7,3.6,0.0
det,51.6348,1256.4,790.97,51.74,129.12,0.787,Body
cmd,51.6348,0,4
err,51.6679,9.65,-4.12
dbg,51.6679,6.9,0.0,-0.6,3.0
det,51.6679,1264.4,782.36,50.49,135.25,0.699,Body
cmd,51.6679,12,-9
err,51.699,1.32,-2.18
dbg,51.699,3.9,9.0,-1.5,-3.7
det,51.699,1256.83,784.85,48.99,129.72,0.791,Body
cmd,51.699,-9,-2
err,51.7329,-2.38,-6.07
dbg,51.7329,0.4,2.2,-4.0,-8.2
det,51.7329,1255.61,780.26,50.15,131.13,0.789,Body
det,51.7329,1268.6,780.76,18.03,23.95,0.454,Head
cmd,51.7329,-7,-2
err,51.765,-8.9,2.81
dbg,51.765,-4.7,-11.9,-0.3,-3.0
det,51.765,1245.66,785.09,53.92,132.86,0.791,Body
det,51.765,1257.83,786.95,26.53,28.82,0.569,Head
cmd,51.765,-3,7
err,51.7952,-2.22,3.33
dbg,51.7952,-3.3,-7.5,1.7,3.7
det,51.7952,1252.14,790.36,51.27,129.74,0.764,Body
err,51.8295,3.14,3.12
dbg,51.8295,0.2,-2.2,2.5,5.2
det,51.8295,1259.73,789.7,46.81,134.26,0.785,Body
err,51.8621,5.85,-1.73
dbg,51.8621,3.3,0.0,0.2,0.0
det,51.8621,1258.86,785.01,53.98,132.63,0.753,Body
err,51.8952,5.84,-1.11
dbg,51.8952,4.7,0.0,-0.5,0.0
det,51.8952,1258.85,785.69,53.98,132.06,0.736,Body
cmd,51.8952,8,-2
err,51.9301,6.62,-0.13
dbg,51.9301,5.8,6.0,-0.3,-1.5
det,51.9301,1260.04,786.58,53.15,132.9,0.73,Body
cmd,51.9301,3,0
err,51.9616,4.68,16.07
dbg,51.9616,5.6,8.2,1.9,-1.5
det,51.9616,1261.1,802.82,47.16,132.52,0.803,Body
cmd,51.9616,0,18
err,51.9962,-3.9,13.02
dbg,51.9962,0.4,2.2,8.0,13.4
det,51.9962,1255.67,798.4,48.62,135.89,0.769,Body
det,51.9962,1267.6,800.68,17.01,22.43,0.482,Head
cmd,51.9962,-8,2
err,52.129,1.54,-32.99
dbg,52.129,1.5,0.0,-33.0,0.0
det,52.129,1245.82,751.6,71.45,154.15,0.583,Body
cmd,52.129,2,-31
err,52.5176,63.62,19.46
dbg,52.5176,63.6,0.0,19.5,0.0
det,52.5176,1331.81,813.09,23.61,63.69,0.468,Body
cmd,52.5176,43,13
err,52.9845,5.4,-4.45
dbg,52.9845,5.4,0.0,-4.4,0.0
det,52.9845,1274.5,785.05,21.8,105.06,0.634,Body
cmd,52.9845,5,-4
err,53.117,-152.17,-4.87
dbg,53.117,-152.2,0.0,-4.9,0.0
det,53.117,1103.36,785.22,47.95,111.16,0.826,Body
det,53.117,1119.89,784.01,15.88,20.21,0.527,Head
cmd,53.117,-45,-2
err,53.1512,-72.6,-3.43
dbg,53.1512,-72.6,0.0,-3.4,0.0
det,53.1512,1184.15,785.72,46.5,108.48,0.8,Body
det,53.1512,1199.28,783.85,14.93,20.03,0.401,Head
cmd,53.1512,-45,-2
err,53.1833,-24.66,-2.79
dbg,53.1833,-24.7,0.0,-2.8,0.0
det,53.1833,1232.38,786.65,45.92,105.62,0.764,Body
det,53.1833,1247.0,784.14,15.15,20.15,0.388,Head
cmd,53.1833,-23,-3
err,53.2171,-16.86,-7.43
dbg,53.2171,-20.4,-17.2,-5.3,-2.2
det,53.2171,1241.33,781.58,43.62,109.88,0.604,Body
cmd,53.2171,0,-6
err,53.2505,6.86,-6.73
dbg,53.2505,-16.6,0.0,-5.5,-4.5
det,53.2505,1268.72,780.76,47.54,113.71,0.805,Body
det,53.2505,1277.01,781.63,19.69,21.16,0.592,Head
cmd,53.2505,9,-3
err,53.2836,37.25,-0.3
dbg,53.2836,37.2,0.0,-0.3,0.0
det,53.2836,1293.28,788.42,47.95,112.8,0.817,Body
det,53.2836,1309.25,790.7,18.45,20.86,0.382,Head
cmd,53.2836,35,-2
err,53.3175,53.18,5.59
dbg,53.3175,39.4,26.1,0.5,-1.5
det,53.3175,1308.77,792.86,46.52,110.36,0.785,Body
det,53.3175,1325.01,795.08,16.34,19.1,0.445,Head
cmd,53.3175,26,7
err,53.3505,51.52,6.55
dbg,53.3505,41.1,19.4,1.3,5.2
det,53.3505,1308.52,795.38,46.0,111.62,0.718,Body
cmd,53.3505,28,2
err,53.3838,51.61,6.52
dbg,53.3838,46.9,40.3,4.2,6.7
det,53.3838,1308.61,795.38,45.99,111.39,0.722,Body
cmd,53.3838,12,2
err,53.4171,51.68,6.47
dbg,53.4171,49.5,29.9,5.4,3.0
det,53.4171,1308.7,795.31,45.95,111.55,0.722,Body
cmd,53.4171,22,4
err,53.4501,-0.82,4.21
dbg,53.4501,-0.8,0.0,4.2,0.0
det,53.4501,1256.59,793.09,45.17,111.24,0.752,Body
cmd,53.4501,-2,4
err,53.4847,-19.76,3.52
dbg,53.4847,-3.4,-1.5,4.1,3.0
det,53.4847,1236.06,792.3,48.35,112.24,0.79,Body
det,53.4847,1250.35,794.61,16.5,21.65,0.396,Head
cmd,53.4847,-17,2
err,53.5172,-29.63,5.76
dbg,53.5172,-7.0,-12.7,4.3,1.5
det,53.5172,1227.47,794.88,45.8,108.77,0.778,Body
cmd,53.5172,-14,4
err,53.5503,-45.59,2.83
dbg,53.5503,-12.3,-23.1,4.1,4.5
det,53.5503,1211.04,791.81,46.75,110.22,0.458,Body
cmd,53.5503,-17,0
err,53.5844,-44.06,-0.89
dbg,53.5844,-16.7,-12.7,3.4,0.0
det,53.5844,1212.46,788.12,46.95,109.81,0.779,Body
cmd,53.5844,-22,-2
err,53.6173,-29.89,-3.68
dbg,53.6173,-18.5,-16.4,2.5,-1.5
det,53.6173,1225.79,785.28,48.63,110.37,0.425,Body
cmd,53.6173,-2,-2
err,53.6505,-18.68,-7.48
dbg,53.6505,-18.6,-17.9,-3.0,-3.0
det,53.6505,1239.24,781.46,44.16,110.56,0.691,Body
cmd,53.6505,0,-7
err,53.685,9.64,-4.78
dbg,53.685,-14.7,0.0,-3.3,-5.2
det,53.685,1266.71,784.1,45.85,111.17,0.808,Body
cmd,53.685,16,-2
err,53.7176,7.46,-6.22
dbg,53.7176,-11.7,11.9,-3.7,-1.5
det,53.7176,1266.44,780.84,48.57,114.49,0.806,Body
det,53.7176,1277.22,781.86,20.48,21.67,0.556,Head
cmd,53.7176,0,-5
err,53.7516,7.5,-6.26
dbg,53.7516,-9.0,11.9,-4.0,-5.2
det,53.7516,1266.56,780.86,48.44,114.65,0.805,Body
det,53.7516,1277.32,781.87,20.37,21.58,0.556,Head
cmd,53.7516,0,-2
err,53.7833,9.7,0.84
dbg,53.7833,-6.5,0.0,-3.4,-5.2
det,53.7833,1266.82,789.48,45.75,113.6,0.781,Body
cmd,53.7833,5,7
err,53.8166,0.37,0.77
dbg,53.8166,-6.5,0.0,-3.4,-5.2
det,53.8166,1256.64,789.36,47.46,114.11,0.802,Body
err,53.8506,-1.53,4.81
dbg,53.8506,-3.7,0.0,1.1,0.0
det,53.8506,1256.51,793.73,43.92,110.78,0.786,Body
err,53.8843,-0.82,7.22
dbg,53.8843,-2.1,0.0,4.5,0.0
det,53.8843,1256.02,796.07,46.34,111.45,0.759,Body
cmd,53.8843,-3,10
err,53.9171,-4.46,1.55
dbg,53.9171,-3.4,-2.2,2.9,7.5
det,53.9171,1253.09,790.55,44.91,110.01,0.831,Body
det,53.9171,1266.49,793.16,16.13,20.3,0.429,Head
cmd,53.9171,-4,0
err,53.9512,-4.39,1.45
dbg,53.9512,-4.0,-3.0,2.1,0.0
det,53.9512,1253.1,790.42,45.02,110.28,0.831,Body
det,53.9512,1266.49,793.09,16.15,20.32,0.424,Head
cmd,53.9512,-3,2
err,53.9839,-2.25,-4.26
dbg,53.9839,-3.0,-2.2,-1.4,1.5
det,53.9839,1254.71,784.79,46.09,109.5,0.841,Body
det,53.9839,1267.64,785.77,15.03,19.97,0.45,Head
err,54.0184,-2.15,-4.24
dbg,54.0184,-2.5,0.0,-3.0,0.0
det,54.0184,1254.81,784.81,46.07,109.51,0.84,Body
det,54.0184,1267.65,785.77,14.94,19.94,0.46,Head
err,54.0505,2.24,-1.42
dbg,54.0505,0.1,0.0,-2.1,0.0
det,54.0505,1256.78,788.13,50.91,104.54,0.695,Body
err,54.0837,2.11,-1.64
dbg,54.0837,1.2,0.0,-1.9,0.0
det,54.0837,1256.63,787.89,50.96,104.68,0.695,Body
err,54.1198,2.17,-1.0
dbg,54.1198,1.7,0.0,-1.4,0.0
det,54.1198,1256.63,788.58,51.07,104.18,0.686,Body
err,54.1518,2.78,9.22
dbg,54.1518,2.3,0.0,4.5,0.0
det,54.1518,1259.06,797.8,47.45,114.26,0.645,Body
cmd,54.1518,4,13
err,54.1855,2.17,8.24
dbg,54.1855,2.2,3.0,6.5,9.7
det,54.1855,1260.3,797.31,43.75,109.37,0.824,Body
cmd,54.1855,2,3
err,54.2185,2.08,-2.48
dbg,54.2185,2.1,1.5,1.6,2.2
det,54.2185,1259.46,785.66,45.23,118.63,0.825,Body
err,54.2516,-0.21,-9.96
dbg,54.2516,0.9,1.5,-4.8,2.2
det,54.2516,1257.59,778.91,44.39,111.35,0.819,Body
det,54.2516,1266.14,781.12,16.73,22.33,0.396,Head
cmd,54.2516,-2,-17
err,54.2846,-5.69,-9.35
dbg,54.2846,-2.7,-1.5,-7.3,-12.7
det,54.2846,1257.31,777.05,44.47,108.44,0.798,Body
det,54.2846,1266.25,778.63,16.13,21.85,0.46,Head
cmd,54.2846,-7,-2
err,54.3171,-0.23,-18.84
dbg,54.3171,-1.4,-6.7,-13.6,-14.2
det,54.3171,1255.96,769.8,47.63,113.64,0.828,Body
det,54.3171,1264.98,771.6,18.1,22.31,0.458,Head
cmd,54.3171,0,-12
err,54.3519,-5.86,-13.28
dbg,54.3519,-3.8,0.0,-13.4,-9.0
det,54.3519,1255.45,771.68,48.0,111.07,0.829,Body
det,54.3519,1264.47,773.93,19.35,23.25,0.492,Head
cmd,54.3519,-8,-9
err,54.3849,-5.48,-3.91
dbg,54.3849,-4.7,-6.0,-8.2,-6.7
det,54.3849,1256.41,784.4,47.37,109.57,0.827,Body
det,54.3849,1266.18,784.97,16.7,20.22,0.526,Head
cmd,54.3849,-2,0
err,54.4185,3.94,-3.36
dbg,54.4185,0.0,-7.5,-5.5,-6.7
det,54.4185,1258.08,785.67,51.71,109.67,0.823,Body
det,54.4185,1272.0,785.2,19.01,20.34,0.375,Head
cmd,54.4185,13,0
err,54.4509,4.74,0.39
dbg,54.4509,2.6,8.2,-2.3,0.0
det,54.4509,1260.56,788.78,48.35,116.06,0.807,Body
err,54.486,4.21,6.96
dbg,54.486,3.5,0.0,2.8,0.0
det,54.486,1267.76,793.6,45.36,117.67,0.787,Body
det,54.486,1275.29,795.37,17.82,21.07,0.469,Head
cmd,54.486,6,12
err,54.5185,6.51,8.72
dbg,54.5185,5.2,4.5,6.1,9.0
det,54.5185,1269.49,795.9,46.7,115.29,0.798,Body
det,54.5185,1277.53,797.21,17.96,20.94,0.451,Head
cmd,54.5185,5,6
err,54.5534,2.04,4.71
dbg,54.5534,3.4,3.7,5.3,4.5
det,54.5534,1257.74,792.99,48.61,117.27,0.852,Body
cmd,54.5534,0,3
err,54.5862,-6.8,4.17
dbg,54.5862,-2.2,0.0,4.7,2.2
det,54.5862,1254.65,791.29,46.96,109.58,0.821,Body
det,54.5862,1264.73,793.32,16.95,19.73,0.492,Head
cmd,54.5862,-10,3
err,54.6186,-1.48,2.09
dbg,54.6186,-1.8,-7.5,3.3,4.5
det,54.6186,1255.15,791.11,46.74,109.79,0.832,Body
det,54.6186,1265.77,793.37,16.42,19.76,0.468,Head
err,54.6525,-6.18,1.8
dbg,54.6525,-4.2,-7.5,2.5,2.2
det,54.6525,1250.87,790.69,45.89,111.15,0.83,Body
det,54.6525,1265.88,792.11,16.74,21.08,0.369,Head
cmd,54.6525,-2,0
err,54.6853,-6.57,1.87
dbg,54.6853,-5.5,-1.5,2.1,0.0
det,54.6853,1250.77,790.63,45.32,112.38,0.835,Body
det,54.6853,1266.82,791.9,16.14,20.29,0.406,Head
cmd,54.6853,-7,2
err,54.7179,-7.06,-3.09
dbg,54.7179,-6.4,-6.7,-0.7,1.5
det,54.7179,1250.61,785.15,44.65,117.68,0.829,Body
det,54.7179,1265.14,786.01,18.5,22.57,0.38,Head
cmd,54.7179,-3,-7
err,54.7859,2.81,0.83
dbg,54.7859,-1.3,0.0,0.1,0.0
det,54.7859,1258.14,788.72,49.34,121.1,0.743,Body
err,54.8189,10.29,-26.77
dbg,54.8189,0.3,0.0,-3.6,0.0
det,54.8189,1263.46,758.3,53.66,149.24,0.358,Body
err,54.8857,10.15,-34.78
dbg,54.8857,1.6,0.0,-7.9,0.0
det,54.8857,1261.42,749.79,57.45,154.29,0.568,Body
cmd,54.8857,7,-28
err,54.92,9.17,-39.8
dbg,54.92,2.7,5.2,-12.3,-20.9
det,54.92,1257.65,744.23,63.04,159.7,0.602,Body
cmd,54.92,2,-11
err,54.9862,9.36,-22.41
dbg,54.9862,6.4,1.5,-17.8,-8.2
det,54.9862,1268.78,763.51,41.62,82.06,0.648,Body
det,54.9862,1281.6,765.54,15.52,21.91,0.513,Head
cmd,54.9862,7,-14
err,55.0194,9.68,-18.87
dbg,55.0194,8.2,5.2,-18.4,-10.4
det,55.0194,1268.17,769.46,38.97,75.79,0.542,Body
det,55.0194,1282.91,769.77,13.55,20.65,0.468,Head
cmd,55.0194,4,-9
err,55.0511,1.64,-23.56
dbg,55.0511,4.6,8.2,-21.2,-17.2
det,55.0511,1265.48,769.46,32.31,69.79,0.524,Body
cmd,55.0511,-9,-8
err,55.2866,140.65,30.51
dbg,55.2866,140.7,0.0,30.5,0.0
det,55.2866,1388.79,814.68,65.21,151.33,0.857,Body
det,55.2866,1410.32,815.51,20.65,27.28,0.626,Head
cmd,55.2866,44,10
err,55.3214,48.95,25.6
dbg,55.3214,49.0,0.0,25.6,0.0
det,55.3214,1297.72,809.48,61.76,149.52,0.844,Body
det,55.3214,1318.92,811.17,20.07,26.24,0.585,Head
cmd,55.3214,40,21
err,55.354,-24.87,23.55
dbg,55.354,-24.9,0.0,23.6,0.0
det,55.354,1221.8,807.73,65.78,147.56,0.832,Body
det,55.354,1242.87,807.4,24.54,29.37,0.67,Head
cmd,55.354,-23,22
err,55.3884,-94.15,18.69
dbg,55.3884,-94.1,0.0,18.7,0.0
det,55.3884,1152.21,801.93,65.34,150.61,0.818,Body
det,55.3884,1173.0,802.66,25.71,29.14,0.663,Head
cmd,55.3884,-44,9
err,55.6527,-145.14,-13.63
dbg,55.6527,-145.1,0.0,-13.6,0.0
det,55.6527,1099.07,768.56,70.09,153.75,0.864,Body
det,55.6527,1122.01,769.88,25.7,29.98,0.604,Head
cmd,55.6527,-45,-4
err,55.6874,-103.15,-8.32
dbg,55.6874,-103.2,0.0,-8.3,0.0
det,55.6874,1141.82,773.96,68.35,150.97,0.841,Body
det,55.6874,1163.97,775.24,25.76,29.89,0.676,Head
cmd,55.6874,-45,-4
err,55.7212,-83.34,-6.32
dbg,55.7212,-100.4,-33.6,-8.0,-3.0
det,55.7212,1162.18,776.56,67.41,151.35,0.857,Body
det,55.7212,1183.99,777.38,25.33,29.63,0.646,Head
cmd,55.7212,-45,-3
err,55.7563,-80.71,-4.68
dbg,55.7563,-97.7,-33.6,-7.6,-2.2
det,55.7563,1163.43,777.92,68.89,151.75,0.85,Body
det,55.7563,1186.06,778.62,26.47,30.35,0.58,Head
cmd,55.7563,-45,-2
err,55.7883,-80.71,-4.65
dbg,55.7883,-95.4,-33.6,-7.2,-1.5
det,55.7883,1163.37,777.85,69.0,151.8,0.85,Body
det,55.7883,1186.02,778.6,26.55,30.45,0.593,Head
cmd,55.7883,-45,-3
err,55.8212,-80.67,-4.63
dbg,55.8212,-93.4,-67.2,-6.8,-3.7
det,55.8212,1163.3,777.9,69.1,151.67,0.849,Body
det,55.8212,1186.04,778.58,26.57,30.52,0.593,Head
cmd,55.8212,-18,-2
err,55.8557,-47.84,-1.74
dbg,55.8557,-47.8,0.0,-1.7,0.0
det,55.8557,1197.66,779.56,67.65,151.31,0.841,Body
det,55.8557,1218.24,780.77,27.85,31.8,0.617,Head
cmd,55.8557,-45,-2
err,55.8892,-11.64,-1.79
dbg,55.8892,-11.6,0.0,-1.8,0.0
det,55.8892,1232.64,781.19,66.53,151.84,0.831,Body
det,55.8892,1253.93,781.17,28.84,30.98,0.62,Head
cmd,55.8892,-11,-2
err,55.9192,0.19,-3.08
dbg,55.9192,-5.1,-8.2,-2.5,-1.5
det,55.9192,1246.81,781.67,66.77,152.53,0.82,Body
det,55.9192,1266.14,781.78,23.96,28.37,0.463,Head
cmd,55.9192,14,-2
err,55.9512,34.02,2.48
dbg,55.9512,34.0,0.0,2.5,0.0
det,55.9512,1281.06,788.26,61.74,146.37,0.838,Body
det,55.9512,1302.21,787.14,23.64,27.88,0.663,Head
cmd,55.9512,32,2
err,55.9857,33.97,2.49
dbg,55.9857,34.0,23.9,2.5,1.5
det,55.9857,1281.27,788.33,61.42,146.17,0.839,Body
det,55.9857,1302.22,787.22,23.51,27.78,0.662,Head
cmd,55.9857,9,2
err,56.0217,33.98,2.56
dbg,56.0217,34.0,6.7,2.5,1.5
det,56.0217,1281.13,788.11,61.61,146.43,0.837,Body
det,56.0217,1302.02,787.1,23.92,28.11,0.664,Head
cmd,56.0217,26,2
err,56.0526,33.96,2.6
dbg,56.0526,34.0,19.4,2.6,1.5
det,56.0526,1280.99,787.94,61.59,146.61,0.836,Body
det,56.0526,1301.96,787.07,24.01,28.23,0.662,Head
cmd,56.0526,14,2
err,56.0906,1.29,-1.22
dbg,56.0906,34.0,19.4,2.6,1.5
det,56.0906,1247.54,782.77,66.38,153.42,0.824,Body
det,56.0906,1269.02,783.4,24.54,27.96,0.506,Head
err,56.1262,-19.24,1.69
dbg,56.1262,-19.2,0.0,1.7,0.0
det,56.1262,1228.3,783.43,66.53,150.61,0.833,Body
det,56.1262,1246.54,785.05,28.45,30.26,0.516,Head
cmd,56.1262,-34,4
err,56.158,-29.62,3.68
dbg,56.158,-24.9,-25.4,2.8,3.0
det,56.158,1215.87,788.49,66.31,143.8,0.832,Body
det,56.158,1236.2,786.26,28.35,31.67,0.571,Head
cmd,56.158,-20,3
err,56.1908,-29.54,3.85
dbg,56.1908,-27.5,-40.3,3.4,5.2
det,56.1908,1215.95,788.53,66.16,143.76,0.835,Body
det,56.1908,1236.31,786.53,28.31,31.5,0.577,Head
cmd,56.1908,-3,2
err,56.2239,-3.92,-5.05
dbg,56.2239,-24.2,-17.2,2.2,3.7
det,56.2239,1243.48,778.08,65.06,152.36,0.825,Body
det,56.2239,1264.45,779.28,23.26,28.48,0.637,Head
cmd,56.2239,0,-7
err,56.2579,9.85,-5.36
dbg,56.2579,-19.5,0.0,1.2,-5.2
det,56.2579,1259.47,777.27,63.6,149.51,0.848,Body
det,56.2579,1275.71,777.69,28.29,30.83,0.653,Head
cmd,56.2579,2,0
err,56.2911,9.86,-5.33
dbg,56.2911,-15.5,1.5,0.3,0.0
det,56.2911,1259.38,777.26,63.73,149.6,0.848,Body
det,56.2911,1275.68,777.66,28.36,30.92,0.648,Head
cmd,56.2911,-2,-3
err,56.3245,10.84,-3.0
dbg,56.3245,-11.9,0.0,-0.2,-2.2
det,56.3245,1258.69,778.97,67.91,153.04,0.831,Body
det,56.3245,1275.79,779.27,30.12,32.23,0.576,Head
cmd,56.3245,-2,0
err,56.358,10.49,-2.59
dbg,56.358,-8.8,-1.5,-0.5,0.0
det,56.358,1258.37,780.1,66.88,151.78,0.843,Body
det,56.358,1275.91,779.77,29.17,32.06,0.587,Head
cmd,56.358,0,-2
err,56.3916,10.43,-2.66
dbg,56.3916,-6.2,0.0,-0.8,-1.5
det,56.3916,1258.42,780.04,66.82,151.77,0.843,Body
det,56.3916,1275.84,779.72,29.18,32.05,0.587,Head
cmd,56.3916,-2,0
err,56.4247,14.19,-3.57
dbg,56.4247,-3.4,-1.5,-1.2,0.0
det,56.4247,1261.29,781.14,65.8,152.99,0.824,Body
det,56.4247,1276.55,781.08,29.8,31.3,0.466,Head
err,56.4579,14.41,-0.06
dbg,56.4579,-0.9,-1.5,-1.0,0.0
det,56.4579,1261.96,784.96,64.9,149.78,0.831,Body
det,56.4579,1281.23,786.77,27.74,31.07,0.45,Head
err,56.4913,17.04,4.14
dbg,56.4913,1.6,0.0,-0.3,0.0
det,56.4913,1264.57,787.34,62.65,147.86,0.825,Body
det,56.4913,1283.92,787.36,26.23,30.51,0.559,Head
err,56.5255,16.97,4.31
dbg,56.5255,3.7,0.0,0.3,0.0
det,56.5255,1264.51,787.47,62.72,147.73,0.825,Body
det,56.5255,1283.82,787.5,26.3,30.56,0.56,Head
err,56.5574,17.01,4.03
dbg,56.5574,5.5,0.0,0.8,0.0
det,56.5574,1264.49,787.19,62.73,148.03,0.826,Body
det,56.5574,1283.84,787.26,26.34,30.49,0.563,Head
cmd,56.5574,8,3
err,56.5917,16.97,4.05
dbg,56.5917,11.8,6.0,2.6,2.2
det,56.5917,1264.48,787.08,62.74,148.11,0.825,Body
det,56.5917,1283.78,787.2,26.38,30.65,0.559,Head
cmd,56.5917,7,2
err,56.6247,16.99,4.12
dbg,56.6247,14.7,5.2,3.4,1.5
det,56.6247,1264.55,787.22,62.64,147.97,0.825,Body
det,56.6247,1283.88,787.33,26.21,30.53,0.558,Head
cmd,56.6247,10,3
err,56.6575,17.09,4.17
dbg,56.6575,16.0,12.7,3.8,3.7
det,56.6575,1264.49,787.31,62.7,147.91,0.826,Body
det,56.6575,1284.02,787.41,26.14,30.45,0.564,Head
cmd,56.6575,5,2
err,56.6912,17.06,4.13
dbg,56.6912,16.6,11.2,4.0,3.7
det,56.6912,1264.5,787.26,62.71,147.95,0.826,Body
det,56.6912,1283.95,787.34,26.21,30.53,0.563,Head
cmd,56.6912,5,2
err,56.7239,6.03,-3.71
dbg,56.7239,10.8,7.5,-0.2,3.0
det,56.7239,1251.13,779.68,67.69,151.34,0.817,Body
det,56.7239,1273.21,779.84,25.63,29.9,0.638,Head
cmd,56.7239,0,-9
err,56.7577,-2.72,-6.03
dbg,56.7577,8.9,3.7,-1.0,-5.2
det,56.7577,1243.2,777.31,66.76,152.25,0.819,Body
det,56.7577,1265.26,778.55,24.04,28.04,0.631,Head
cmd,56.7577,-8,-3
err,56.7914,-5.71,-6.52
dbg,56.7914,6.9,-6.0,-1.8,-2.2
det,56.7914,1241.07,776.08,65.84,150.95,0.839,Body
det,56.7914,1261.83,778.26,24.91,27.67,0.705,Head
cmd,56.7914,0,-4
err,56.8248,-8.68,-7.04
dbg,56.8248,4.8,0.0,-2.5,-3.0
det,56.8248,1236.33,775.01,67.97,151.55,0.822,Body
det,56.8248,1257.8,776.97,27.04,29.08,0.695,Head
cmd,56.8248,-7,-4
err,56.8572,-8.04,-2.12
dbg,56.8572,3.0,-5.2,-2.5,-6.0
det,56.8572,1236.06,783.7,67.07,148.03,0.835,Body
det,56.8572,1259.25,781.72,25.4,29.39,0.621,Head
err,56.8915,-4.02,-0.58
dbg,56.8915,-0.9,0.0,-1.4,0.0
det,56.8915,1243.4,783.24,65.17,152.76,0.833,Body
det,56.8915,1264.4,783.72,23.15,28.53,0.53,Head
err,56.9247,1.77,6.72
dbg,56.9247,0.6,0.0,3.1,0.0
det,56.9247,1248.21,787.93,64.47,153.62,0.838,Body
det,56.9247,1266.8,790.16,29.93,30.11,0.496,Head
err,56.9579,1.88,6.7
dbg,56.9579,1.3,0.0,5.1,0.0
det,56.9579,1248.13,787.96,64.6,153.57,0.838,Body
det,56.9579,1266.94,790.13,29.88,30.11,0.499,Head
cmd,56.9579,4,10
err,56.9918,1.93,6.8
dbg,56.9918,1.6,3.0,6.0,7.5
det,56.9918,1248.05,788.18,64.75,153.31,0.838,Body
det,56.9918,1266.91,790.24,30.05,30.12,0.507,Head
cmd,56.9918,2,3
err,57.0248,1.89,7.01
dbg,57.0248,1.8,1.5,6.6,2.2
det,57.0248,1248.17,788.4,64.62,153.09,0.837,Body
det,57.0248,1266.83,790.5,30.12,30.02,0.502,Head
cmd,57.0248,2,7
err,57.0589,2.01,6.84
dbg,57.0589,1.9,1.5,6.7,5.2
det,57.0589,1248.2,788.22,64.71,153.36,0.838,Body
det,57.0589,1267.0,790.31,30.02,30.07,0.51,Head
cmd,57.0589,2,3
err,57.0923,-1.39,19.42
dbg,57.0923,1.5,1.5,8.5,2.2
det,57.0923,1248.25,804.74,60.72,146.8,0.839,Body
det,57.0923,1269.64,805.84,18.5,26.11,0.445,Head
cmd,57.0923,-2,18
err,57.1259,-3.6,14.25
dbg,57.1259,-1.3,-1.5,11.6,13.4
det,57.1259,1245.37,800.79,63.63,145.17,0.835,Body
det,57.1259,1265.19,799.09,22.41,27.56,0.554,Head
cmd,57.1259,-3,2
err,57.6955,-150.97,-13.42
dbg,57.6955,-151.0,0.0,-13.4,0.0
det,57.6955,1093.06,769.42,72.72,158.36,0.879,Body
det,57.6955,1116.39,770.17,25.28,29.83,0.649,Head
cmd,57.6955,-45,-4
err,57.7312,-136.14,-9.11
dbg,57.7312,-148.9,-33.6,-12.8,-3.0
det,57.7312,1108.14,774.04,72.52,160.99,0.874,Body
det,57.7312,1130.48,775.34,26.77,28.27,0.684,Head
cmd,57.7312,-45,-3
err,57.7625,-134.48,-8.87
dbg,57.7625,-146.9,-33.6,-12.3,-2.2
det,57.7625,1110.41,773.91,69.81,161.44,0.886,Body
det,57.7625,1133.72,775.56,23.6,28.3,0.693,Head
cmd,57.7625,-45,-3
err,57.7961,-134.44,-8.85
dbg,57.7961,-145.2,-67.2,-11.8,-4.5
det,57.7961,1110.43,773.98,69.77,161.39,0.887,Body
det,57.7961,1133.87,775.61,23.37,28.27,0.691,Head
cmd,57.7961,-45,-3
err,57.8293,-134.45,-8.85
dbg,57.8293,-139.3,-33.6,-10.2,-2.2
det,57.8293,1110.45,773.97,69.75,161.42,0.886,Body
det,57.8293,1133.91,775.61,23.28,28.26,0.692,Head
cmd,57.8293,-45,-3
err,57.8626,-134.45,-8.78
dbg,57.8626,-136.6,-67.2,-9.4,-4.5
det,57.8626,1110.47,774.03,69.77,161.4,0.886,Body
det,57.8626,1133.93,775.67,23.24,28.26,0.687,Head
cmd,57.8626,-45,-3
err,57.8963,-134.46,-8.75
dbg,57.8963,-135.4,-33.6,-9.0,-2.2
det,57.8963,1110.48,774.08,69.75,161.23,0.885,Body
det,57.8963,1133.92,775.7,23.25,28.28,0.686,Head
cmd,57.8963,-45,-3
err,57.9302,-101.11,-5.48
dbg,57.9302,-101.1,0.0,-5.5,0.0
det,57.9302,1144.22,776.92,68.68,160.76,0.889,Body
det,57.9302,1165.65,778.02,26.47,30.01,0.622,Head
cmd,57.9302,-45,-2
err,57.9639,-32.94,-1.07
dbg,57.9639,-32.9,0.0,-1.1,0.0
det,57.9639,1212.26,783.16,69.61,157.66,0.855,Body
det,57.9639,1233.91,783.92,24.09,28.31,0.363,Head
cmd,57.9639,-31,-2
err,57.9951,-33.02,-1.54
dbg,57.9951,-33.0,-23.1,-1.3,-1.5
det,57.9951,1212.32,782.65,69.31,158.12,0.855,Body
det,57.9951,1233.65,783.57,24.17,27.98,0.393,Head
cmd,57.9951,-9,-2
err,58.0303,67.94,5.44
dbg,58.0303,67.9,0.0,5.4,0.0
det,58.0303,1311.89,789.72,71.22,157.72,0.864,Body
det,58.0303,1336.31,790.83,23.27,26.55,0.672,Head
cmd,58.0303,45,4
err,58.0637,67.9,5.56
dbg,58.0637,67.9,33.6,5.5,3.0
det,58.0637,1311.67,789.73,71.68,157.8,0.864,Body
det,58.0637,1336.03,790.82,23.74,26.81,0.676,Head
cmd,58.0637,32,2
err,58.0969,97.49,7.63
dbg,58.0969,72.0,57.5,5.8,4.5
det,58.0969,1345.37,793.06,64.99,155.36,0.877,Body
det,58.0969,1368.34,793.61,18.28,25.5,0.561,Head
cmd,58.0969,39,3
err,58.1313,106.4,8.92
dbg,58.1313,76.7,29.1,6.2,2.2
det,58.1313,1353.18,794.06,66.83,158.22,0.902,Body
det,58.1313,1376.79,794.96,19.22,25.38,0.61,Head
cmd,58.1313,45,4
err,58.1774,72.54,5.84
dbg,58.1774,72.5,0.0,5.8,0.0
det,58.1774,1320.61,791.46,65.58,156.1,0.899,Body
det,58.1774,1342.87,792.06,19.35,25.05,0.696,Head
cmd,58.1774,45,4
err,58.2131,50.02,5.15
dbg,58.2131,69.4,33.6,5.7,3.0
det,58.2131,1294.59,789.77,69.21,155.08,0.895,Body
det,58.2131,1318.35,790.3,23.35,27.0,0.667,Head
cmd,58.2131,16,2
err,58.2474,19.2,2.56
dbg,58.2474,19.2,0.0,2.6,0.0
det,58.2474,1264.51,786.57,68.79,157.73,0.895,Body
det,58.2474,1288.5,787.43,21.42,27.51,0.6,Head
cmd,58.2474,18,2
err,58.2813,-12.39,-2.36
dbg,58.2813,-12.4,0.0,-2.4,0.0
det,58.2813,1230.99,780.24,70.21,161.79,0.886,Body
det,58.2813,1255.64,782.33,23.95,27.83,0.662,Head
cmd,58.2813,-12,-2
err,58.3164,-47.43,-4.17
dbg,58.3164,-47.4,0.0,-4.2,0.0
det,58.3164,1197.74,779.11,69.43,159.46,0.893,Body
det,58.3164,1220.34,780.07,24.46,28.66,0.587,Head
cmd,58.3164,-44,-4
err,58.3491,-59.69,-6.99
dbg,58.3491,-49.1,-32.8,-4.6,-3.0
det,58.3491,1186.67,776.24,70.42,162.13,0.853,Body
det,58.3491,1206.67,776.74,27.28,29.59,0.636,Head
cmd,58.3491,-26,-4
err,58.3821,-73.35,-7.45
dbg,58.3821,-52.4,-52.2,-5.0,-6.0
det,58.3821,1171.21,776.21,72.33,159.66,0.886,Body
det,58.3821,1193.71,776.53,25.89,29.12,0.593,Head
cmd,58.3821,-20,-2
err,58.4179,-30.51,-1.41
dbg,58.4179,-30.5,0.0,-1.4,0.0
det,58.4179,1213.16,781.94,72.87,157.81,0.862,Body
det,58.4179,1235.25,782.32,28.49,29.59,0.58,Head
cmd,58.4179,-29,-2
err,58.4527,-11.57,-1.54
dbg,58.4527,-27.9,-21.6,-1.4,-1.5
det,58.4527,1234.24,782.75,68.28,159.9,0.888,Body
det,58.4527,1257.26,782.89,22.33,28.31,0.588,Head
cmd,58.4527,0,-2
err,58.4831,-11.56,-1.47
dbg,58.4831,-25.7,-21.6,-1.4,-3.0
det,58.4831,1234.02,782.79,68.41,159.89,0.889,Body
det,58.4831,1257.27,782.92,22.34,28.37,0.587,Head
err,58.5164,0.86,2.73
dbg,58.5164,-22.0,0.0,-0.9,-1.5
det,58.5164,1248.16,784.89,69.28,159.99,0.873,Body
det,58.5164,1267.82,785.37,26.08,31.57,0.645,Head
cmd,58.5164,-2,4
err,58.5512,22.76,3.82
dbg,58.5512,-15.9,-1.5,-0.2,3.0
det,58.5512,1271.21,789.03,67.73,155.99,0.89,Body
det,58.5512,1290.9,789.13,23.71,26.71,0.66,Head
cmd,58.5512,17,2
err,58.584,24.03,5.71
dbg,58.584,-10.4,12.7,0.6,1.5
det,58.584,1271.15,790.61,68.43,155.9,0.891,Body
det,58.584,1292.25,790.95,23.55,26.83,0.67,Head
cmd,58.584,2,3
err,58.6187,24.02,5.78
dbg,58.6187,-5.6,1.5,1.3,2.2
det,58.6187,1271.15,790.6,68.44,155.97,0.891,Body
det,58.6187,1292.3,790.93,23.43,26.99,0.673,Head
cmd,58.6187,9,2
err,58.6516,24.09,5.76
dbg,58.6516,-1.6,6.7,1.9,1.5
det,58.6516,1271.35,790.71,68.14,155.82,0.893,Body
det,58.6516,1292.51,790.97,23.15,26.88,0.671,Head
err,58.6843,10.97,-0.9
dbg,58.6843,0.2,6.7,1.5,1.5
det,58.6843,1257.89,781.04,69.16,158.11,0.888,Body
det,58.6843,1276.88,781.91,28.2,31.27,0.589,Head
err,58.7186,10.85,-0.67
dbg,58.7186,6.0,0.0,0.3,0.0
det,58.7186,1257.36,782.15,69.71,157.94,0.89,Body
det,58.7186,1276.68,782.02,28.34,31.48,0.584,Head
cmd,58.7186,3,-3
err,58.7496,2.45,-2.59
dbg,58.7496,4.1,2.2,-1.3,-2.2
det,58.7496,1249.67,781.5,70.21,157.51,0.846,Body
det,58.7496,1268.2,780.87,28.5,30.08,0.637,Head
cmd,58.7496,-8,-2
err,58.7836,2.43,-2.65
dbg,58.7836,3.2,-3.7,-2.0,-3.7
det,58.7836,1249.73,781.49,70.09,157.5,0.846,Body
det,58.7836,1268.22,780.84,28.42,30.02,0.639,Head
err,58.818,2.7,-2.5
dbg,58.818,2.9,0.0,-2.3,0.0
det,58.818,1249.76,781.62,70.06,157.38,0.846,Body
det,58.818,1268.44,780.98,28.52,30.02,0.637,Head
err,58.8497,2.3,1.5
dbg,58.8497,2.6,0.0,-0.2,0.0
det,58.8497,1246.68,782.94,71.81,159.59,0.865,Body
det,58.8497,1267.71,783.03,29.19,33.59,0.603,Head
err,58.883,4.38,3.23
dbg,58.883,3.6,0.0,1.7,0.0
det,58.883,1254.15,785.61,70.07,157.0,0.866,Body
det,58.883,1268.37,786.08,32.02,31.19,0.625,Head
err,58.9175,4.38,3.3
dbg,58.9175,4.0,0.0,2.6,0.0
det,58.9175,1254.12,785.6,70.29,157.09,0.866,Body
det,58.9175,1268.26,786.11,32.24,31.27,0.624,Head
cmd,58.9175,3,5
err,58.9503,4.36,3.31
dbg,58.9503,4.2,2.2,3.0,3.7
det,58.9503,1254.12,785.59,70.29,157.13,0.866,Body
det,58.9503,1268.26,786.08,32.22,31.33,0.625,Head
cmd,58.9503,2,2
err,58.9849,4.48,3.27
dbg,58.9849,4.4,1.5,3.1,1.5
det,58.9849,1254.16,785.44,70.18,157.18,0.866,Body
det,58.9849,1268.33,785.98,32.3,31.43,0.627,Head
cmd,58.9849,3,3
err,59.019,4.47,3.27
dbg,59.019,4.4,2.2,3.2,2.2
det,59.019,1254.17,785.51,70.12,157.1,0.866,Body
det,59.019,1268.36,786.01,32.23,31.39,0.622,Head
cmd,59.019,2,2
err,59.0504,4.76,-2.11
dbg,59.0504,4.6,3.7,0.3,3.7
det,59.0504,1251.13,780.1,72.93,159.3,0.856,Body
det,59.0504,1269.94,780.52,29.64,31.57,0.597,Head
cmd,59.0504,2,-8
err,59.0848,4.26,-4.99
dbg,59.0848,4.4,3.0,-2.6,-4.5
det,59.0848,1250.2,779.12,71.44,159.66,0.85,Body
det,59.0848,1270.52,779.2,27.48,28.74,0.598,Head
cmd,59.0848,2,-3
err,59.121,2.16,11.7
dbg,59.121,4.1,1.5,-0.7,-2.2
det,59.121,1249.76,796.05,64.81,156.57,0.846,Body
det,59.121,1271.39,797.45,20.88,27.93,0.477,Head
cmd,59.121,2,11
err,59.1529,-0.68,4.38
dbg,59.1529,1.5,1.5,2.1,8.2
det,59.1529,1247.67,787.47,63.31,169.12,0.678,Body
err,59.2855,112.4,-3.48
dbg,59.2855,112.4,0.0,-3.5,0.0
det,59.2855,1370.21,786.07,44.37,104.47,0.525,Body
cmd,59.2855,45,-2
err,59.3185,112.12,-5.18
dbg,59.3185,112.2,33.6,-4.4,-1.5
det,59.3185,1370.85,784.28,42.53,105.35,0.822,Body
cmd,59.3185,45,-3
err,59.3526,112.48,-4.85
dbg,59.3526,112.4,33.6,-4.7,-2.2
det,59.3526,1372.26,784.72,40.43,104.31,0.831,Body
cmd,59.3526,45,-2
err,59.3883,112.0,-6.33
dbg,59.3883,112.2,33.6,-5.6,-1.5
det,59.3883,1371.57,783.12,40.86,105.48,0.823,Body
cmd,59.3883,45,-3
err,59.4194,78.08,-5.17
dbg,59.4194,78.1,0.0,-5.2,0.0
det,59.4194,1337.25,784.38,41.64,104.51,0.86,Body
det,59.4194,1349.78,785.5,14.3,21.04,0.466,Head
cmd,59.4194,45,-3
err,59.4521,44.58,-0.78
dbg,59.4521,44.6,0.0,-0.8,0.0
det,59.4521,1304.05,789.07,41.07,101.51,0.855,Body
det,59.4521,1317.2,788.83,12.38,19.71,0.434,Head
cmd,59.4521,42,-2
err,59.486,11.05,0.2
dbg,59.486,11.1,0.0,0.2,0.0
det,59.486,1270.99,789.89,40.12,103.13,0.792,Body
det,59.486,1281.28,792.5,16.16,19.73,0.394,Head
cmd,59.486,10,2
err,59.5215,-22.24,1.37
dbg,59.5215,-22.2,0.0,1.4,0.0
det,59.5215,1238.06,790.99,39.41,103.77,0.792,Body
det,59.5215,1249.07,793.16,14.45,19.04,0.4,Head
cmd,59.5215,-21,2
err,59.5546,-56.36,5.32
dbg,59.5546,-56.4,0.0,5.3,0.0
det,59.5546,1201.02,790.58,45.81,108.63,0.837,Body
det,59.5546,1213.6,793.43,20.08,21.62,0.635,Head
cmd,59.5546,-45,4
err,59.5867,-99.08,11.57
dbg,59.5867,-99.1,0.0,11.6,0.0
det,59.5867,1161.99,797.94,43.37,104.59,0.785,Body
det,59.5867,1171.48,798.58,18.89,23.63,0.49,Head
cmd,59.5867,-45,5
err,59.6206,-116.08,10.94
dbg,59.6206,-101.4,-33.6,11.5,3.7
det,59.6206,1145.59,797.87,42.16,104.23,0.808,Body
det,59.6206,1155.36,798.88,17.11,21.92,0.564,Head
cmd,59.6206,-45,4
err,59.6528,-99.78,8.72
dbg,59.6528,-100.5,-67.2,10.0,6.7
det,59.6528,1161.56,797.22,40.29,101.47,0.848,Body
det,59.6528,1173.5,797.42,13.43,20.55,0.54,Head
cmd,59.6528,-27,2
err,59.6866,-64.26,4.07
dbg,59.6866,-64.3,0.0,4.1,0.0
det,59.6866,1194.38,793.96,42.73,101.04,0.818,Body
det,59.6866,1205.81,794.63,17.83,21.88,0.436,Head
cmd,59.6866,-45,3
err,59.7196,-30.91,1.07
dbg,59.7196,-30.9,0.0,1.1,0.0
det,59.7196,1227.7,790.99,42.78,100.79,0.83,Body
cmd,59.7196,-29,2
err,59.7537,3.82,-4.96
dbg,59.7537,3.8,0.0,-5.0,0.0
det,59.7537,1263.08,784.4,41.49,106.46,0.857,Body
det,59.7537,1276.05,784.79,14.22,21.01,0.463,Head
cmd,59.7537,4,-5
err,59.7877,24.51,-2.57
dbg,59.7877,6.7,3.0,-4.6,-3.7
det,59.7877,1283.67,786.05,41.8,103.25,0.855,Body
det,59.7877,1297.18,786.07,14.66,20.66,0.615,Head
cmd,59.7877,20,0
err,59.8216,56.89,-5.1
dbg,59.8216,56.9,0.0,-5.1,0.0
det,59.8216,1317.58,783.02,40.41,103.82,0.825,Body
det,59.8216,1329.45,783.24,14.89,21.21,0.603,Head
cmd,59.8216,45,-4
err,59.8558,76.03,-5.18
dbg,59.8558,59.5,33.6,-5.1,-3.0
det,59.8558,1337.6,781.39,41.32,103.74,0.834,Body
det,59.8558,1348.48,783.06,15.1,21.37,0.531,Head
cmd,59.8558,40,-2
err,59.8897,75.67,-3.46
dbg,59.8897,61.7,29.9,-4.9,-1.5
det,59.8897,1335.91,784.8,40.57,104.12,0.852,Body
det,59.8897,1348.67,785.41,14.0,20.25,0.572,Head
cmd,59.8897,41,-2
err,59.935,59.77,-3.64
dbg,59.935,60.7,30.6,-4.2,-1.5
det,59.935,1320.79,784.36,40.93,104.49,0.871,Body
det,59.935,1332.89,785.46,13.76,19.82,0.523,Head
cmd,59.935,25,-2
err,59.9698,-2.38,-2.13
dbg,59.9698,-2.4,0.0,-2.1,0.0
det,59.9698,1256.44,787.5,42.37,103.72,0.854,Body
err,60.0048,-35.69,5.08
dbg,60.0048,-35.7,0.0,5.1,0.0
det,60.0048,1225.57,792.05,41.88,102.07,0.809,Body
det,60.0048,1236.32,793.55,15.96,20.97,0.519,Head
cmd,60.0048,-33,5
err,60.0389,-52.46,5.85
dbg,60.0389,-38.0,-24.6,5.2,3.7
det,60.0389,1207.92,792.17,40.97,103.3,0.835,Body
det,60.0389,1219.47,794.02,16.15,21.52,0.582,Head
cmd,60.0389,-27,2
err,60.0731,-52.58,5.65
dbg,60.0731,-40.0,-20.2,5.3,1.5
det,60.0731,1207.84,792.04,41.03,103.37,0.836,Body
det,60.0731,1219.31,793.84,16.22,21.47,0.584,Head
cmd,60.0731,-28,4
err,60.1103,-27.1,0.35
dbg,60.1103,-38.2,-20.9,4.6,3.0
det,60.1103,1231.93,790.19,41.93,101.62,0.83,Body
cmd,60.1103,-4,0
err,60.1459,-5.51,-3.01
dbg,60.1459,-33.7,-3.0,3.5,0.0
det,60.1459,1252.48,784.19,41.96,108.3,0.851,Body
det,60.1459,1266.56,785.18,15.86,21.47,0.608,Head
cmd,60.1459,-3,-2
err,60.1775,-5.47,-2.96
dbg,60.1775,-29.8,-2.2,2.6,-1.5
det,60.1775,1252.5,784.27,41.94,108.25,0.85,Body
det,60.1775,1266.6,785.23,15.86,21.47,0.603,Head
cmd,60.1775,-8,0
err,60.2118,16.24,-7.47
dbg,60.2118,-23.5,-8.2,1.3,-1.5
det,60.2118,1274.7,781.81,43.08,107.18,0.813,Body
det,60.2118,1285.19,783.18,17.83,23.36,0.355,Head
cmd,60.2118,16,-4
err,60.2406,16.22,-7.57
dbg,60.2406,-18.0,6.0,0.0,-3.0
det,60.2406,1274.66,781.7,43.12,107.28,0.813,Body
det,60.2406,1285.14,783.02,18.0,23.48,0.357,Head
cmd,60.2406,0,-2
err,60.2826,18.82,-1.71
dbg,60.2826,-13.0,0.0,-0.2,-1.5
det,60.2826,1277.47,786.6,43.52,104.5,0.831,Body
det,60.2826,1290.59,786.15,16.47,22.08,0.497,Head
cmd,60.2826,5,2
err,60.3256,9.63,5.14
dbg,60.3256,-9.9,3.7,0.5,1.5
det,60.3256,1272.26,789.82,42.3,101.1,0.795,Body
det,60.3256,1280.93,793.97,17.4,20.31,0.46,Head
cmd,60.3256,-7,4
err,60.3591,10.78,4.92
dbg,60.3591,-7.0,-5.2,1.1,3.0
det,60.3591,1271.78,790.57,43.43,102.29,0.805,Body
det,60.3591,1281.43,793.75,18.7,20.31,0.48,Head
cmd,60.3591,0,2
err,60.3926,9.95,-1.78
dbg,60.3926,-4.7,0.0,0.7,1.5
det,60.3926,1268.82,787.74,42.27,104.77,0.812,Body
det,60.3926,1279.53,787.72,17.88,21.28,0.401,Head
cmd,60.3926,-2,-4
err,60.4245,13.19,-3.22
dbg,60.4245,-2.2,-1.5,0.2,-1.5
det,60.4245,1273.29,782.7,42.45,106.55,0.841,Body
det,60.4245,1284.47,784.32,17.44,22.64,0.521,Head
err,60.4585,12.58,-4.31
dbg,60.4585,-0.2,-1.5,-0.4,-3.0
det,60.4585,1272.85,781.21,42.8,106.88,0.826,Body
det,60.4585,1283.66,783.13,17.83,22.85,0.54,Head
err,60.492,15.66,-3.78
dbg,60.492,2.0,0.0,-0.9,0.0
det,60.492,1274.4,785.67,42.53,105.58,0.834,Body
err,60.5249,15.64,-3.65
dbg,60.5249,3.9,0.0,-1.3,0.0
det,60.5249,1274.41,785.8,42.44,105.51,0.835,Body
cmd,60.5249,7,-2
err,60.5578,15.64,-3.71
dbg,60.5578,10.3,5.2,-2.6,-1.5
det,60.5578,1274.44,785.74,42.41,105.53,0.835,Body
cmd,60.5578,7,-2
err,60.5903,15.63,-3.55
dbg,60.5903,13.3,10.4,-3.1,-3.0
det,60.5903,1274.4,785.91,42.46,105.38,0.835,Body
cmd,60.5903,4,-2
err,60.6243,15.65,-3.73
dbg,60.6243,14.6,8.2,-3.5,-3.0
det,60.6243,1274.39,785.72,42.52,105.52,0.835,Body
cmd,60.6243,7,-2
err,60.6584,11.09,-1.71
dbg,60.6584,12.7,5.2,-2.5,-1.5
det,60.6584,1270.57,787.96,41.03,103.29,0.806,Body
det,60.6584,1280.37,791.09,17.87,21.09,0.415,Head
cmd,60.6584,4,0
err,60.6914,5.51,-1.21
dbg,60.6914,8.7,3.0,-1.8,0.0
det,60.6914,1264.77,788.24,41.49,105.46,0.826,Body
cmd,60.6914,0,-2
err,60.7251,2.24,-2.89
dbg,60.7251,5.2,0.0,-2.4,-1.5
det,60.7251,1261.38,786.28,41.73,108.31,0.845,Body
cmd,60.7251,-3,-2
err,60.7589,-2.57,1.29
dbg,60.7589,0.9,-2.2,-0.4,-1.5
det,60.7589,1257.69,791.01,39.49,102.85,0.869,Body
err,60.7933,-5.65,1.17
dbg,60.7933,-2.7,0.0,0.5,0.0
det,60.7933,1255.03,790.65,38.63,105.19,0.837,Body
det,60.7933,1267.75,793.27,12.53,19.02,0.423,Head
err,60.8267,-5.49,2.87
dbg,60.8267,-4.2,0.0,1.8,0.0
det,60.8267,1254.92,792.33,39.17,105.39,0.843,Body
det,60.8267,1267.34,795.06,13.57,19.61,0.43,Head
cmd,60.8267,-10,5
err,60.859,-3.05,4.97
dbg,60.859,-3.6,-7.5,3.5,3.7
det,60.859,1256.76,794.73,40.38,102.4,0.844,Body
det,60.859,1268.39,797.14,14.1,20.43,0.489,Head
cmd,60.859,0,3
err,60.8937,-3.06,4.87
dbg,60.8937,-3.3,0.0,4.3,2.2
det,60.8937,1256.7,794.62,40.49,102.53,0.846,Body
det,60.8937,1268.36,797.12,14.13,20.42,0.489,Head
cmd,60.8937,-5,5
err,60.9267,3.81,0.68
dbg,60.9267,0.6,-3.7,2.3,3.7
det,60.9267,1263.42,790.16,40.78,105.19,0.858,Body
err,60.9594,3.65,-3.04
dbg,60.9594,2.3,-3.7,-0.6,3.7
det,60.9594,1262.48,786.22,42.35,107.45,0.842,Body
err,60.9936,7.76,-1.88
dbg,60.9936,5.3,0.0,-1.3,0.0
det,60.9936,1267.84,785.96,41.96,104.66,0.826,Body
det,60.9936,1279.52,786.65,16.48,20.86,0.489,Head
cmd,60.9936,11,-3
err,61.0267,7.83,-1.85
dbg,61.0267,6.7,8.2,-1.6,-2.2
det,61.0267,1267.86,786.0,41.92,104.62,0.826,Body
det,61.0267,1279.55,786.66,16.56,20.89,0.492,Head
cmd,61.0267,2,-2
err,61.0614,7.79,-1.83
dbg,61.0614,7.3,1.5,-1.7,-1.5
det,61.0614,1267.81,785.99,41.95,104.7,0.827,Body
det,61.0614,1279.52,786.66,16.54,20.92,0.491,Head
cmd,61.0614,8,-2
err,61.0968,8.15,16.84
dbg,61.0968,7.4,6.0,0.8,-1.5
det,61.0968,1267.53,806.43,41.25,104.05,0.804,Body
det,61.0968,1276.97,807.76,15.62,19.65,0.353,Head
cmd,61.0968,4,16
err,61.1281,-0.61,14.8
dbg,61.1281,6.3,3.0,2.7,11.9
det,61.1281,1259.23,804.5,40.33,102.94,0.829,Body
cmd,61.1281,-3,0
err,61.1614,-2.29,13.09
dbg,61.1614,1.6,0.7,8.4,11.9
det,61.1614,1257.95,802.74,39.51,103.55,0.827,Body
cmd,61.1614,-5,2
err,61.195,-7.39,14.41
dbg,61.195,-3.4,-3.7,11.7,1.5
det,61.195,1252.21,804.49,40.8,99.24,0.849,Body
det,61.195,1265.51,802.65,12.48,20.1,0.471,Head
cmd,61.195,-8,14
err,61.2281,-7.84,8.05
dbg,61.2281,-5.8,-6.0,9.7,10.4
det,61.2281,1251.13,797.85,42.07,102.01,0.831,Body
det,61.2281,1263.19,798.14,14.43,20.46,0.434,Head
cmd,61.2281,-6,0
err,61.2622,-7.9,6.17
dbg,61.2622,-7.0,-4.5,7.8,0.0
det,61.2622,1251.53,795.97,41.12,101.95,0.811,Body
det,61.2622,1264.31,797.37,13.23,17.91,0.426,Head
cmd,61.2622,-7,4
err,61.296,-0.2,-16.57
dbg,61.296,-6.0,-5.2,4.4,3.0
det,61.296,1258.59,773.48,42.42,99.57,0.776,Body
cmd,61.296,0,-20
err,61.3288,0.43,-18.38
dbg,61.3288,-5.1,-5.2,1.3,-11.9
det,61.3288,1259.45,771.59,41.97,100.31,0.796,Body
det,61.3288,1267.7,771.24,16.99,19.97,0.399,Head
cmd,61.3288,0,-4
err,61.3622,4.67,-20.14
dbg,61.3622,-3.8,0.0,-1.7,-17.9
det,61.3622,1263.37,769.62,42.6,102.39,0.855,Body
det,61.3622,1275.81,769.14,15.44,19.9,0.477,Head
cmd,61.3622,2,0
err,61.3957,5.95,-21.88
dbg,61.3957,-2.5,1.5,-4.4,0.0
det,61.3957,1270.01,767.49,40.01,100.75,0.768,Body
det,61.3957,1277.93,766.64,16.03,20.87,0.526,Head
cmd,61.3957,2,-15
err,61.4256,7.11,-6.74
dbg,61.4256,2.8,3.0,-5.7,-11.2
det,61.4256,1268.82,780.49,41.98,103.08,0.844,Body
det,61.4256,1278.49,781.57,17.23,21.26,0.58,Head
cmd,61.4256,4,12
err,61.4671,6.8,-4.53
dbg,61.4671,5.0,3.0,-5.1,9.0
det,61.4671,1269.66,783.83,40.19,99.96,0.813,Body
det,61.4671,1278.88,783.85,15.84,21.13,0.579,Head
cmd,61.4671,5,0
err,61.5108,6.73,-3.12
dbg,61.5108,5.9,3.7,-4.0,0.0
det,61.5108,1268.23,786.04,41.68,99.33,0.84,Body
det,61.5108,1279.12,785.26,15.2,21.13,0.602,Head
cmd,61.5108,4,2
err,61.5473,4.26,14.38
dbg,61.5473,5.7,3.0,-1.5,1.5
det,61.5473,1263.36,804.03,41.81,103.44,0.834,Body
cmd,61.5473,3,14
err,61.5803,2.79,6.19
dbg,61.5803,4.1,2.2,2.7,10.4
det,61.5803,1265.77,795.59,34.05,105.95,0.672,Body
cmd,61.5803,2,0
err,61.6142,0.12,-3.37
dbg,61.6142,1.9,1.5,-0.6,0.0
det,61.6142,1259.48,786.07,41.29,105.58,0.601,Body
err,61.6473,-3.63,-10.45
dbg,61.6473,-1.1,0.0,-6.0,0.0
det,61.6473,1253.92,778.12,44.91,114.23,0.643,Body
cmd,61.6473,-7,-15
err,61.6806,-6.46,-18.17
dbg,61.6806,-1.9,-5.2,-7.7,-11.2
det,61.6806,1249.39,771.5,48.31,103.28,0.486,Body
cmd,61.6806,-3,-9
err,61.7151,-5.78,-12.05
dbg,61.7151,-4.0,-2.2,-10.1,-6.7
det,61.7151,1255.4,773.72,41.25,93.02,0.684,Body
det,61.7151,1264.67,775.48,19.11,22.66,0.49,Head
cmd,61.7151,-5,-8
err,61.7496,-2.17,-1.78
dbg,61.7496,-3.0,-3.7,-5.5,-6.0
det,61.7496,1258.67,785.99,49.05,93.23,0.679,Body
det,61.7496,1268.4,785.82,18.86,22.54,0.367,Head
cmd,61.7496,0,6
err,61.7841,6.75,-2.56
dbg,61.7841,2.4,0.0,-3.9,4.5
det,61.7841,1259.56,788.07,54.39,93.74,0.606,Body
cmd,61.7841,10,-4
err,62.9189,100.76,7.39
dbg,62.9189,100.8,0.0,7.4,0.0
det,62.9189,1353.97,791.03,53.57,163.63,0.855,Body
det,62.9189,1368.75,791.11,16.84,24.2,0.36,Head
cmd,62.9189,45,3
err,62.951,52.13,4.29
dbg,62.951,52.1,0.0,4.3,0.0
det,62.951,1306.81,787.92,50.62,163.66,0.79,Body
det,62.951,1320.39,788.36,17.38,26.97,0.381,Head
cmd,62.951,45,4
err,62.9845,36.55,3.26
dbg,62.9845,50.0,33.6,4.1,3.0
det,62.9845,1294.68,788.83,53.83,156.24,0.826,Body
det,62.9845,1308.14,789.55,16.81,24.93,0.644,Head
cmd,62.9845,2,2
err,63.018,38.14,7.65
dbg,63.018,43.5,1.5,6.1,1.5
det,63.018,1295.45,791.43,57.23,157.94,0.818,Body
det,63.018,1308.57,792.47,19.13,27.6,0.692,Head
cmd,63.018,32,7
err,63.0511,-8.01,11.47
dbg,63.0511,-8.0,0.0,11.5,0.0
det,63.0511,1247.04,794.96,56.65,161.7,0.831,Body
det,63.0511,1263.79,796.38,16.4,27.45,0.608,Head
cmd,63.0511,-8,11
err,63.0857,2.82,17.7
dbg,63.0857,-2.1,-6.0,14.9,8.2
det,63.0857,1259.9,800.34,51.82,159.57,0.802,Body
det,63.0857,1273.96,802.34,17.7,27.92,0.513,Head
cmd,63.0857,13,11
err,63.1182,-20.5,11.82
dbg,63.1182,-4.6,9.7,14.5,8.2
det,63.1182,1238.28,797.05,53.24,161.03,0.819,Body
det,63.1182,1251.66,798.21,15.68,24.76,0.473,Head
cmd,63.1182,-27,4
err,63.1518,-8.81,5.88
dbg,63.1518,-6.9,-10.4,9.7,11.2
det,63.1518,1244.52,789.81,53.35,160.68,0.801,Body
det,63.1518,1260.14,789.78,16.6,25.01,0.398,Head
err,63.1849,-8.78,5.87
dbg,63.1849,-7.9,0.0,7.6,0.0
det,63.1849,1244.5,789.79,53.43,160.75,0.801,Body
det,63.1849,1260.63,789.77,16.37,24.95,0.404,Head
cmd,63.1849,-8,3
err,63.2185,-9.06,5.78
dbg,63.2185,-8.6,-6.0,6.6,2.2
det,63.2185,1244.27,789.71,53.32,160.69,0.8,Body
det,63.2185,1260.39,789.75,16.42,24.94,0.424,Head
cmd,63.2185,-3,2
err,63.2515,-4.46,-7.87
dbg,63.2515,-8.0,-8.2,4.6,3.7
det,63.2515,1252.5,776.9,54.49,160.16,0.837,Body
det,63.2515,1266.68,777.77,17.72,26.11,0.622,Head
cmd,63.2515,0,-13
err,63.2857,-4.45,-7.84
dbg,63.2857,-7.5,0.0,2.9,-9.7
det,63.2857,1252.45,776.84,54.65,160.17,0.837,Body
det,63.2857,1266.7,777.74,17.7,26.22,0.625,Head
cmd,63.2857,-4,0
err,63.3182,1.27,-9.56
dbg,63.3182,-6.3,-3.0,1.2,0.0
det,63.3182,1257.11,774.19,57.9,160.34,0.824,Body
det,63.3182,1271.39,775.41,19.76,27.33,0.654,Head
cmd,63.3182,4,-7
err,63.3527,2.83,-9.85
dbg,63.3527,-1.3,3.0,-4.9,-5.2
det,63.3527,1260.1,773.57,54.32,156.24,0.821,Body
det,63.3527,1272.83,774.96,20.0,27.63,0.691,Head
cmd,63.3527,2,-6
err,63.3853,3.03,0.47
dbg,63.3853,1.1,1.5,-1.9,-4.5
det,63.3853,1262.0,784.58,53.98,155.51,0.797,Body
det,63.3853,1271.3,784.55,23.48,28.95,0.564,Head
err,63.4186,5.87,-0.19
dbg,63.4186,3.7,1.5,-1.0,-4.5
det,63.4186,1262.83,783.31,59.35,158.97,0.824,Body
det,63.4186,1273.95,784.17,23.84,28.44,0.677,Head
err,63.453,3.36,4.99
dbg,63.453,3.5,0.0,2.3,0.0
det,63.453,1261.97,789.38,52.49,157.74,0.814,Body
det,63.453,1274.28,790.07,18.17,27.13,0.569,Head
cmd,63.453,5,8
err,63.4856,1.05,8.06
dbg,63.4856,2.2,3.7,5.5,6.0
det,63.4856,1259.56,791.81,53.42,159.13,0.823,Body
det,63.4856,1271.91,792.8,18.29,27.75,0.535,Head
cmd,63.4856,0,7
err,63.5188,1.09,8.14
dbg,63.5188,1.6,3.7,6.9,11.2
det,63.5188,1259.62,791.9,53.47,158.98,0.823,Body
det,63.5188,1271.92,792.89,18.34,27.73,0.535,Head
cmd,63.5188,0,2
err,63.5526,3.72,4.1
dbg,63.5526,2.8,0.0,5.4,1.5
det,63.5526,1257.41,787.84,52.64,162.56,0.852,Body
det,63.5526,1269.78,788.29,16.71,26.27,0.472,Head
cmd,63.5526,5,4
err,63.5879,-2.19,-1.55
dbg,63.5879,0.0,3.7,1.6,3.0
det,63.5879,1254.22,782.22,57.59,160.37,0.84,Body
det,63.5879,1268.73,783.44,18.16,27.28,0.562,Head
err,63.6187,2.54,-2.35
dbg,63.6187,1.4,3.7,-0.6,3.0
det,63.6187,1254.86,781.71,55.37,159.44,0.842,Body
det,63.6187,1269.62,782.38,17.25,27.16,0.426,Head
err,63.651,-5.01,-7.01
dbg,63.651,-2.1,0.0,-4.1,0.0
det,63.651,1251.48,777.77,55.94,158.97,0.832,Body
det,63.651,1266.54,778.88,16.91,25.66,0.62,Head
cmd,63.651,-7,-11
err,63.6865,-5.02,-7.08
dbg,63.6865,-3.7,-5.2,-5.7,-8.2
det,63.6865,1251.4,777.69,56.24,159.06,0.831,Body
det,63.6865,1266.45,778.73,17.07,25.8,0.61,Head
cmd,63.6865,-2,-2
err,63.722,-4.25,12.65
dbg,63.722,-3.8,-1.5,-3.2,-1.5
det,63.722,1251.85,798.02,52.61,158.31,0.829,Body
det,63.722,1266.92,797.98,17.66,26.68,0.539,Head
cmd,63.722,-5,11
err,63.8538,2.92,-28.06
dbg,63.8538,2.9,0.0,-28.1,0.0
det,63.8538,1249.15,751.86,67.53,200.79,0.691,Body
cmd,63.8538,3,-26
err,63.8855,6.26,-9.43
dbg,63.8855,3.4,2.2,-25.5,-19.4
det,63.8855,1252.5,774.38,67.53,161.91,0.688,Body
cmd,63.8855,4,0
err,64.6917,-150.75,49.0
dbg,64.6917,-150.8,0.0,49.0,0.0
det,64.6917,1096.7,832.85,65.1,161.49,0.776,Body
det,64.6917,1113.57,834.84,26.42,33.41,0.572,Head
cmd,64.6917,-43,14
err,64.7255,-110.54,38.96
dbg,64.7255,-110.5,0.0,39.0,0.0
det,64.7255,1140.06,822.69,65.05,158.55,0.824,Body
det,64.7255,1157.36,822.45,24.19,30.03,0.68,Head
cmd,64.7255,-42,15
err,64.7579,-91.22,41.51
dbg,64.7579,-107.9,-31.3,39.3,11.2
det,64.7579,1160.02,825.04,63.17,153.24,0.844,Body
det,64.7579,1177.48,825.48,22.59,29.14,0.635,Head
cmd,64.7579,-40,21
err,64.7931,-89.13,40.47
dbg,64.7931,-105.3,-29.9,39.5,15.7
det,64.7931,1162.54,823.37,63.57,156.08,0.827,Body
det,64.7931,1178.45,824.45,24.85,29.13,0.689,Head
cmd,64.7931,-42,17
err,64.8249,-55.67,30.5
dbg,64.8249,-55.7,0.0,30.5,0.0
det,64.8249,1196.56,817.39,61.67,150.71,0.853,Body
det,64.8249,1214.69,815.55,19.27,27.19,0.54,Head
cmd,64.8249,-39,22
err,64.8584,-25.73,19.97
dbg,64.8584,-25.7,0.0,20.0,0.0
det,64.8584,1228.57,805.83,59.1,149.7,0.819,Body
det,64.8584,1245.46,805.81,17.62,25.74,0.573,Head
cmd,64.8584,-24,19
err,64.8917,4.42,3.51
dbg,64.8917,4.4,0.0,3.5,0.0
det,64.8917,1257.18,788.31,59.7,151.78,0.839,Body
det,64.8917,1274.98,788.42,18.87,27.44,0.56,Head
cmd,64.8917,4,3
err,64.9255,67.27,-27.38
dbg,64.9255,67.3,0.0,-27.4,0.0
det,64.9255,1318.65,759.24,59.65,150.88,0.854,Body
det,64.9255,1339.61,759.05,15.32,24.66,0.611,Head
cmd,64.9255,42,-17
err,64.9581,84.37,-41.39
dbg,64.9581,69.6,31.3,-29.3,-12.7
det,64.9581,1336.87,744.58,59.18,153.56,0.838,Body
det,64.9581,1357.32,745.12,14.1,24.52,0.668,Head
cmd,64.9581,39,-22
err,64.9916,83.23,-43.75
dbg,64.9916,71.5,60.5,-31.3,-29.1
det,64.9916,1335.04,741.8,59.16,153.71,0.837,Body
det,64.9916,1355.97,743.09,14.51,23.92,0.582,Head
cmd,64.9916,20,-12
err,65.0254,50.01,-29.45
dbg,65.0254,50.0,0.0,-29.5,0.0
det,65.0254,1302.59,753.55,61.89,153.34,0.829,Body
det,65.0254,1319.28,754.28,21.45,29.57,0.637,Head
cmd,65.0254,39,-23
err,65.0588,20.3,-13.78
dbg,65.0588,20.3,0.0,-13.8,0.0
det,65.0588,1272.81,770.39,59.15,154.26,0.834,Body
det,65.0588,1291.28,770.74,18.03,28.14,0.679,Head
cmd,65.0588,19,-13
err,65.0925,5.03,-5.07
dbg,65.0925,18.2,14.2,-12.6,-9.7
det,65.0925,1256.88,779.32,62.89,154.77,0.85,Body
det,65.0925,1276.22,780.1,17.61,26.96,0.686,Head
err,65.1273,-24.49,13.49
dbg,65.1273,-24.5,0.0,13.5,0.0
det,65.1273,1229.51,801.32,60.95,149.61,0.824,Body
det,65.1273,1246.64,799.44,17.74,25.54,0.558,Head
cmd,65.1273,-23,13
err,65.1594,-24.36,13.74
dbg,65.1594,-24.4,-17.2,13.6,9.7
det,65.1594,1229.61,801.72,60.68,149.12,0.823,Body
det,65.1594,1246.83,799.65,17.62,25.61,0.548,Head
cmd,65.1594,-7,4
err,65.1933,-24.36,13.75
dbg,65.1933,-24.4,-22.4,13.7,12.7
det,65.1933,1229.65,801.87,60.52,148.95,0.821,Body
det,65.1933,1246.83,799.69,17.61,25.57,0.552,Head
cmd,65.1933,-2,2
err,65.2259,-36.95,21.18
dbg,65.2259,-26.1,-6.7,14.7,4.5
det,65.2259,1215.1,807.89,59.04,152.21,0.833,Body
det,65.2259,1235.41,808.43,15.28,23.19,0.587,Head
cmd,65.2259,-29,16
err,65.2599,-12.03,9.91
dbg,65.2599,-24.2,-23.1,14.1,13.4
det,65.2599,1237.33,794.44,61.29,154.67,0.824,Body
det,65.2599,1252.55,795.29,19.03,26.32,0.443,Head
err,65.2932,-11.34,9.09
dbg,65.2932,-22.4,0.0,13.4,0.0
det,65.2932,1239.07,793.32,62.13,154.66,0.831,Body
det,65.2932,1256.67,792.99,23.98,29.28,0.667,Head
cmd,65.2932,-11,9
err,65.3268,6.42,-4.2
dbg,65.3268,-18.4,-8.2,11.0,6.7
det,65.3268,1260.36,779.71,60.62,154.29,0.844,Body
det,65.3268,1276.62,780.53,19.6,27.76,0.679,Head
cmd,65.3268,12,-10
err,65.3599,6.45,-4.21
dbg,65.3599,-15.0,9.0,8.9,-7.5
det,65.3599,1260.34,779.6,60.66,154.21,0.844,Body
det,65.3599,1276.67,780.52,19.55,27.76,0.682,Head
err,65.3936,6.47,-4.15
dbg,65.3936,-12.1,0.0,7.1,0.0
det,65.3936,1260.35,779.74,60.67,154.19,0.845,Body
det,65.3936,1276.71,780.61,19.52,27.72,0.68,Head
cmd,65.3936,-2,-2
err,65.427,17.31,-11.51
dbg,65.427,-8.0,-1.5,4.5,-1.5
det,65.427,1268.9,771.15,60.24,157.84,0.824,Body
det,65.427,1287.94,773.66,18.72,26.97,0.498,Head
cmd,65.427,10,-5
err,65.4606,6.04,-3.85
dbg,65.4606,-6.1,7.5,3.4,-3.7
det,65.4606,1259.85,781.79,60.32,154.14,0.848,Body
det,65.4606,1276.8,781.41,18.49,26.8,0.64,Head
cmd,65.4606,-10,5
err,65.4951,6.05,-3.71
dbg,65.4951,-4.4,-7.5,2.4,3.7
det,65.4951,1259.83,782.18,60.42,153.75,0.848,Body
det,65.4951,1276.74,781.47,18.61,26.96,0.629,Head
err,65.5273,6.21,-2.24
dbg,65.5273,1.4,0.0,-0.2,0.0
det,65.5273,1260.84,783.25,61.25,153.26,0.838,Body
det,65.5273,1275.45,782.31,21.51,28.1,0.576,Head
err,65.5611,2.21,3.0
dbg,65.5611,1.9,0.0,1.6,0.0
det,65.5611,1253.2,785.44,61.72,154.31,0.831,Body
det,65.5611,1271.2,785.94,22.01,31.01,0.598,Head
err,65.5942,6.18,-2.31
dbg,65.5942,4.2,0.0,-0.6,0.0
det,65.5942,1260.81,783.06,61.44,153.41,0.838,Body
det,65.5942,1275.35,782.23,21.67,28.12,0.579,Head
cmd,65.5942,6,-2
err,65.6285,6.24,-2.32
dbg,65.6285,5.3,4.5,-1.5,-1.5
det,65.6285,1260.86,783.04,61.37,153.44,0.838,Body
det,65.6285,1275.46,782.24,21.56,28.08,0.58,Head
cmd,65.6285,2,-2
err,65.6617,6.24,-2.32
dbg,65.6617,5.8,1.5,-2.0,-1.5
det,65.6617,1260.84,783.11,61.39,153.19,0.839,Body
det,65.6617,1275.47,782.26,21.56,28.03,0.576,Head
cmd,65.6617,5,-2
err,65.6944,3.52,-0.54
dbg,65.6944,4.6,5.2,-1.2,-3.0
det,65.6944,1255.12,783.49,61.69,155.03,0.843,Body
det,65.6944,1274.04,783.45,18.95,29.1,0.671,Head
cmd,65.6944,0,3
err,65.729,2.79,1.42
dbg,65.729,3.6,0.0,0.2,2.2
det,65.729,1254.22,785.69,60.38,153.59,0.839,Body
det,65.729,1273.73,785.45,18.12,29.03,0.583,Head
err,65.7621,2.79,1.36
dbg,65.7621,3.1,0.0,0.9,0.0
det,65.7621,1254.28,785.78,60.25,153.48,0.839,Body
det,65.7621,1273.83,785.5,17.92,28.83,0.579,Head
err,65.7943,2.81,1.31
dbg,65.7943,3.0,0.0,1.1,0.0
det,65.7943,1254.33,785.83,60.18,153.42,0.841,Body
det,65.7943,1273.96,785.54,17.7,28.67,0.58,Head
err,65.8286,0.42,2.14
dbg,65.8286,1.6,0.0,1.7,0.0
det,65.8286,1251.18,787.02,58.48,151.17,0.856,Body
det,65.8286,1268.26,788.36,17.37,29.68,0.375,Head
err,65.8641,0.45,19.52
dbg,65.8641,1.4,0.0,4.1,0.0
det,65.8641,1252.05,804.36,56.79,151.66,0.821,Body
cmd,65.8641,-2,19
err,65.9311,-0.16,-33.97
dbg,65.9311,-0.2,0.0,-34.0,0.0
det,65.9311,1252.61,752.71,54.46,133.23,0.364,Body
cmd,65.9311,-2,-32
err,65.9979,126.49,-9.21
dbg,65.9979,126.5,0.0,-9.2,0.0
det,65.9979,1385.93,774.98,44.96,112.86,0.814,Body
det,65.9979,1397.06,777.83,18.86,23.56,0.484,Head
cmd,65.9979,45,-3
err,66.0337,127.77,-10.78
dbg,66.0337,127.2,33.6,-10.1,-2.2
det,66.0337,1384.39,778.16,46.76,110.61,0.798,Body
det,66.0337,1395.75,779.67,20.86,25.07,0.408,Head
cmd,66.0337,45,-4
err,66.0653,130.09,13.62
dbg,66.0653,127.6,33.6,-6.8,-3.0
det,66.0653,1388.91,802.66,42.34,109.58,0.808,Body
cmd,66.0653,44,8
err,66.1026,130.46,12.27
dbg,66.1026,128.0,32.8,-4.2,6.0
det,66.1026,1389.15,801.19,42.62,110.74,0.811,Body
cmd,66.1026,45,2
err,66.1349,61.62,16.18
dbg,66.1349,61.6,0.0,16.2,0.0
det,66.1349,1320.02,805.16,43.21,110.21,0.866,Body
det,66.1349,1333.64,805.49,13.44,20.48,0.45,Head
cmd,66.1349,44,11
err,66.1694,28.57,11.41
dbg,66.1694,28.6,0.0,11.4,0.0
det,66.1694,1287.45,797.6,43.38,111.7,0.855,Body
det,66.1694,1299.38,798.07,18.39,24.25,0.619,Head
cmd,66.1694,27,11
err,66.2106,28.6,11.39
dbg,66.2106,28.6,20.2,11.4,8.2
det,66.2106,1287.53,797.61,43.25,111.6,0.856,Body
det,66.2106,1299.44,798.1,18.33,24.17,0.622,Head
cmd,66.2106,8,3
err,66.2465,-5.45,11.23
dbg,66.2465,-5.4,0.0,11.2,0.0
det,66.2465,1252.67,795.73,45.85,114.18,0.841,Body
det,66.2465,1263.45,797.53,22.21,24.9,0.615,Head
cmd,66.2465,-5,11
err,66.2813,-59.47,-5.96
dbg,66.2813,-59.5,0.0,-6.0,0.0
det,66.2813,1197.81,778.3,47.56,114.37,0.826,Body
det,66.2813,1210.65,780.14,19.76,25.28,0.68,Head
cmd,66.2813,-45,-4
err,66.3166,-59.42,-6.19
dbg,66.3166,-59.4,-33.6,-6.1,-3.0
det,66.3166,1197.88,777.9,47.56,114.83,0.826,Body
det,66.3166,1210.73,779.94,19.69,25.21,0.679,Head
cmd,66.3166,-24,-4
err,66.3494,-65.25,-7.89
dbg,66.3494,-62.6,-17.9,-7.1,-3.0
det,66.3494,1192.75,775.47,46.6,115.84,0.834,Body
det,66.3494,1203.64,777.67,22.21,26.27,0.573,Head
cmd,66.3494,-45,-5
err,66.3858,-61.44,-16.52
dbg,66.3858,-62.0,-33.6,-12.3,-3.7
det,66.3858,1196.64,769.04,46.71,113.36,0.82,Body
det,66.3858,1207.66,768.96,21.81,26.4,0.618,Head
cmd,66.3858,-27,-16
err,66.4186,-8.53,-10.13
dbg,66.4186,-8.5,0.0,-10.1,0.0
det,66.4186,1248.04,773.64,48.38,114.34,0.806,Body
det,66.4186,1260.41,775.36,22.11,26.38,0.632,Head
cmd,66.4186,-8,-10
err,66.4491,-8.55,-10.46
dbg,66.4491,-8.5,-6.0,-10.3,-7.5
det,66.4491,1248.36,773.75,47.94,114.14,0.802,Body
det,66.4491,1260.72,775.32,21.46,25.84,0.621,Head
cmd,66.4491,-2,-2
err,66.4836,25.04,-6.26
dbg,66.4836,25.0,0.0,-6.3,0.0
det,66.4836,1281.82,778.72,47.78,114.34,0.813,Body
det,66.4836,1294.2,779.43,21.68,26.0,0.651,Head
cmd,66.4836,23,-6
err,66.5167,25.26,-6.19
dbg,66.5167,25.2,17.2,-6.2,-4.5
det,66.5167,1282.17,778.82,47.28,113.88,0.811,Body
det,66.5167,1294.73,779.71,21.07,25.64,0.657,Head
cmd,66.5167,8,-2
err,66.5488,25.06,-6.17
dbg,66.5488,25.1,23.1,-6.2,-6.0
det,66.5488,1281.54,778.69,47.98,114.29,0.812,Body
det,66.5488,1294.16,779.49,21.81,26.08,0.659,Head
cmd,66.5488,2,-2
err,66.5838,35.89,18.29
dbg,66.5838,26.6,1.5,-2.8,-1.5
det,66.5838,1294.63,807.3,42.52,109.86,0.866,Body
det,66.5838,1308.38,808.28,15.09,20.54,0.388,Head
cmd,66.5838,32,18
err,66.6177,30.45,19.12
dbg,66.6177,27.1,23.9,0.2,13.4
det,66.6177,1289.06,808.12,42.78,109.94,0.85,Body
det,66.6177,1301.31,809.21,15.56,21.02,0.454,Head
cmd,66.6177,5,3
err,66.6499,30.3,19.18
dbg,66.6499,27.6,27.6,2.8,15.7
det,66.6499,1288.73,808.18,43.13,109.99,0.851,Body
det,66.6499,1301.46,809.18,15.28,20.85,0.434,Head
cmd,66.6499,2,0
err,66.6837,3.18,9.34
dbg,66.6837,24.2,5.2,3.7,2.2
det,66.6837,1261.08,794.35,46.75,113.84,0.83,Body
det,66.6837,1272.87,795.36,20.62,25.42,0.609,Head
cmd,66.6837,0,2
err,66.7165,-1.56,8.4
dbg,66.7165,20.7,1.5,4.3,1.5
det,66.7165,1256.33,791.43,48.56,114.98,0.829,Body
det,66.7165,1266.99,793.88,22.89,26.4,0.546,Head
cmd,66.7165,-2,2
err,66.7496,-2.51,7.19
dbg,66.7496,17.5,-1.5,4.7,3.0
det,66.7496,1255.77,789.08,46.03,116.65,0.838,Body
det,66.7496,1266.28,792.72,22.43,26.32,0.586,Head
cmd,66.7496,3,0
err,66.784,-2.51,7.41
dbg,66.784,14.7,2.2,5.1,0.0
det,66.784,1255.76,789.43,46.01,116.4,0.838,Body
det,66.784,1266.24,792.87,22.5,26.44,0.587,Head
cmd,66.784,2,3
err,66.8164,-2.45,4.07
dbg,66.8164,12.4,1.5,5.0,2.2
det,66.8164,1256.51,786.07,48.04,116.29,0.809,Body
det,66.8164,1265.92,789.66,23.26,26.2,0.548,Head
cmd,66.8164,3,0
err,66.8491,-2.43,3.97
dbg,66.8491,10.3,3.7,4.8,2.2
det,66.8491,1256.57,786.05,48.0,116.46,0.809,Body
det,66.8491,1265.98,789.59,23.19,26.14,0.546,Head
cmd,66.8491,2,0
err,66.8846,-2.42,-1.16
dbg,66.8846,8.6,1.5,4.0,0.0
det,66.8846,1254.56,782.41,46.44,116.83,0.812,Body
det,66.8846,1267.22,785.09,20.73,25.02,0.561,Head
cmd,66.8846,3,-2
err,66.9185,-2.42,-1.1
dbg,66.9185,2.5,2.2,1.2,-1.5
det,66.9185,1254.56,782.42,46.77,116.91,0.812,Body
det,66.9185,1267.07,785.1,21.02,25.09,0.561,Head
err,66.9499,-3.99,-0.76
dbg,66.9499,-1.1,2.2,0.1,-1.5
det,66.9499,1250.55,782.25,48.02,118.07,0.811,Body
det,66.9499,1264.43,785.16,23.16,25.61,0.573,Head
err,66.9854,-5.35,-1.93
dbg,66.9854,-3.4,0.0,-1.0,0.0
det,66.9854,1248.2,781.57,49.77,119.39,0.817,Body
det,66.9854,1262.99,784.06,23.32,25.48,0.596,Head
err,67.0177,-9.75,23.98
dbg,67.0177,-4.3,0.0,2.4,0.0
det,67.0177,1245.92,807.47,49.71,113.14,0.82,Body
det,67.0177,1258.89,809.39,22.72,26.52,0.652,Head
cmd,67.0177,-10,23
err,67.0515,-8.05,22.32
dbg,67.0515,-4.8,-7.5,5.2,17.2
det,67.0515,1246.95,804.68,47.41,110.18,0.818,Body
det,67.0515,1259.28,806.71,25.35,28.38,0.62,Head
cmd,67.0515,-2,2
err,67.0849,-7.31,15.18
dbg,67.0849,-6.2,-1.5,10.7,1.5
det,67.0849,1246.5,800.82,47.38,112.78,0.799,Body
det,67.0849,1259.07,799.76,27.24,28.03,0.584,Head
cmd,67.0849,-6,12
err,67.118,-9.1,11.43
dbg,67.118,-7.8,-6.0,11.1,10.4
det,67.118,1246.07,795.93,50.03,116.63,0.812,Body
det,67.118,1258.37,795.93,25.05,28.18,0.682,Head
cmd,67.118,-4,0
err,67.1522,-2.33,-8.33
dbg,67.1522,-7.0,-3.0,8.4,0.0
det,67.1522,1255.43,775.73,45.74,114.02,0.848,Body
det,67.1522,1266.77,777.43,21.81,25.88,0.585,Head
cmd,67.1522,0,-9
err,67.1869,-1.41,-10.95
dbg,67.1869,-6.3,0.0,5.8,-6.7
det,67.1869,1255.38,773.28,46.65,113.58,0.832,Body
det,67.1869,1267.59,774.88,21.99,25.75,0.559,Head
cmd,67.1869,-2,-3
err,67.2191,-1.59,-13.5
dbg,67.2191,-5.6,-1.5,3.1,-2.2
det,67.2191,1256.62,768.95,46.02,115.32,0.81,Body
det,67.2191,1267.36,772.05,22.1,26.28,0.493,Head
cmd,67.2191,-2,-7
err,67.2532,7.93,-22.97
dbg,67.2532,-3.8,-3.0,-0.5,-7.5
det,67.2532,1263.14,760.98,48.97,114.52,0.794,Body
det,67.2532,1275.49,762.11,24.88,27.13,0.649,Head
err,67.285,6.78,-18.19
dbg,67.285,-2.3,-1.5,-2.9,-5.2
det,67.285,1263.32,769.26,46.68,111.35,0.779,Body
det,67.285,1275.82,767.65,21.92,25.74,0.551,Head
err,67.3183,10.46,-15.96
dbg,67.3183,-0.6,0.0,-4.7,0.0
det,67.3183,1264.93,768.9,48.71,113.9,0.805,Body
det,67.3183,1278.75,769.99,23.43,25.56,0.548,Head
cmd,67.3183,7,-8
err,67.3535,11.08,-9.81
dbg,67.3535,5.8,5.2,-7.5,-6.0
det,67.3535,1267.32,773.81,45.68,114.57,0.799,Body
det,67.3535,1278.92,775.18,24.32,27.3,0.628,Head
cmd,67.3535,5,0
err,67.3878,11.06,-9.76
dbg,67.3878,8.7,3.7,-8.7,0.0
det,67.3878,1267.38,773.83,45.61,114.54,0.8,Body
det,67.3878,1278.94,775.2,24.24,27.34,0.629,Head
cmd,67.3878,9,-6
err,67.4204,4.87,-5.21
dbg,67.4204,6.6,6.7,-6.8,-4.5
det,67.4204,1261.38,780.34,47.37,112.79,0.825,Body
det,67.4204,1273.92,780.57,21.91,25.87,0.608,Head
err,67.4558,1.11,9.48
dbg,67.4558,5.8,0.0,-4.6,0.0
det,67.4558,1258.67,798.1,44.88,113.75,0.8,Body
det,67.4558,1268.45,799.26,21.25,26.39,0.42,Head
cmd,67.4558,2,11
err,67.4884,-4.88,12.85
dbg,67.4884,4.4,1.5,-2.2,8.2
det,67.4884,1253.23,795.7,46.5,114.34,0.841,Body
det,67.4884,1263.64,798.6,22.95,25.91,0.676,Head
cmd,67.4884,-6,4
err,67.5203,-4.75,12.39
dbg,67.5203,3.1,-3.0,-0.2,11.2
det,67.5203,1250.28,795.26,48.75,115.18,0.841,Body
det,67.5203,1262.22,796.58,26.07,28.75,0.657,Head
err,67.5547,-5.03,7.37
dbg,67.5547,-1.4,-4.5,4.0,3.0
det,67.5547,1251.26,789.96,47.26,117.19,0.832,Body
det,67.5547,1263.19,792.12,23.56,27.72,0.657,Head
cmd,67.5547,-2,3
err,67.5882,-5.28,-5.45
dbg,67.5882,-3.5,-1.5,-1.2,2.2
det,67.5882,1246.95,777.52,50.97,120.46,0.807,Body
det,67.5882,1263.5,779.96,22.44,26.53,0.641,Head
err,67.6198,-3.37,-9.69
dbg,67.6198,-3.4,-1.5,-5.9,2.2
det,67.6198,1252.72,774.21,49.23,115.3,0.856,Body
det,67.6198,1265.56,775.81,22.13,26.36,0.638,Head
cmd,67.6198,-2,-18
err,67.6556,-2.44,-10.67
dbg,67.6556,-2.9,-1.5,-8.5,-13.4
det,67.6556,1253.0,773.61,49.3,114.86,0.86,Body
det,67.6556,1266.41,775.09,22.3,25.9,0.613,Head
cmd,67.6556,-2,-3
err,67.6878,-1.07,-12.33
dbg,67.6878,-1.9,-1.5,-10.6,-2.2
det,67.6878,1254.62,770.85,48.89,115.1,0.825,Body
det,67.6878,1266.97,773.4,23.91,25.94,0.55,Head
cmd,67.6878,0,-15
err,67.721,-2.15,-12.93
dbg,67.721,-2.0,-1.5,-11.9,-13.4
det,67.721,1254.7,769.86,47.57,115.57,0.817,Body
det,67.721,1266.55,773.15,22.61,25.31,0.544,Head
cmd,67.721,-2,-4
err,67.7546,-0.74,-2.71
dbg,67.7546,-1.3,-1.5,-6.8,-3.0
det,67.7546,1256.2,781.64,48.11,115.18,0.804,Body
det,67.7546,1267.25,783.24,24.02,25.55,0.49,Head
err,67.7879,1.25,-1.71
dbg,67.7879,0.1,0.0,-4.0,0.0
det,67.7879,1257.19,784.78,48.51,116.61,0.811,Body
det,67.7879,1270.63,784.96,21.24,24.24,0.465,Head
cmd,67.7879,3,2
err,67.8213,2.19,10.3
dbg,67.8213,0.4,2.2,-2.0,1.5
det,67.8213,1256.79,794.46,49.0,117.74,0.808,Body
det,67.8213,1269.52,795.22,25.34,27.43,0.633,Head
err,67.8564,2.25,10.41
dbg,67.8564,0.6,0.0,-0.3,0.0
det,67.8564,1256.95,794.37,48.96,117.76,0.806,Body
det,67.8564,1269.46,795.04,25.58,27.94,0.637,Head
err,67.8936,3.92,14.28
dbg,67.8936,1.1,0.0,1.7,0.0
det,67.8936,1256.87,798.98,50.67,117.55,0.811,Body
det,67.8936,1271.5,799.84,24.84,26.27,0.55,Head
err,67.9251,1.19,11.12
dbg,67.9251,1.1,0.0,6.9,0.0
det,67.9251,1256.02,794.12,49.95,119.32,0.803,Body
det,67.9251,1267.86,795.55,26.67,28.3,0.551,Head
cmd,67.9251,2,10
err,67.9602,1.14,11.65
dbg,67.9602,1.1,1.5,9.5,7.5
det,67.9602,1256.02,794.28,50.21,119.42,0.807,Body
det,67.9602,1267.66,795.81,26.95,28.81,0.564,Head
cmd,67.9602,0,5
err,67.993,0.84,10.72
dbg,67.993,1.0,0.0,10.2,3.7
det,67.993,1256.02,793.61,49.29,120.11,0.801,Body
det,67.993,1267.94,795.23,25.8,28.16,0.557,Head
cmd,67.993,2,8
err,68.0252,-1.27,9.44
dbg,68.0252,-0.3,1.5,9.8,9.7
det,68.0252,1255.93,792.53,48.3,114.38,0.837,Body
det,68.0252,1265.93,794.5,25.6,27.15,0.552,Head
cmd,68.0252,-4,0
err,68.0579,-1.55,9.71
dbg,68.0579,-1.0,-1.5,9.7,6.0
det,68.0579,1255.95,792.46,48.18,114.47,0.834,Body
det,68.0579,1265.54,794.64,25.82,27.39,0.564,Head
cmd,68.0579,-2,3
err,68.092,-2.53,5.3
dbg,68.092,-1.8,-1.5,7.3,2.2
det,68.092,1255.75,785.47,47.25,117.17,0.815,Body
det,68.092,1265.55,790.56,23.86,26.81,0.56,Head
cmd,68.092,-2,2
err,68.1246,-2.18,-3.44
dbg,68.1246,-2.0,-1.5,1.4,1.5
det,68.1246,1255.3,780.82,45.76,114.21,0.819,Body
det,68.1246,1267.58,782.59,20.49,25.41,0.546,Head
err,68.1605,-1.84,16.69
dbg,68.1605,-2.0,0.0,3.5,0.0
det,68.1605,1255.54,800.58,47.19,113.46,0.837,Body
det,68.1605,1267.52,802.7,21.29,25.44,0.529,Head
cmd,68.1605,-2,12
err,68.1933,2.37,11.71
dbg,68.1933,0.4,-1.5,8.0,9.0
det,68.1933,1259.46,796.85,46.98,114.61,0.831,Body
det,68.1933,1271.96,797.4,20.82,26.02,0.592,Head
cmd,68.1933,5,2
err,68.7464,-145.89,-2.39
dbg,68.7464,-145.9,0.0,-2.4,0.0
det,68.7464,1109.8,786.11,48.63,115.02,0.788,Body
det,68.7464,1124.03,787.8,17.55,22.05,0.425,Head
cmd,68.7464,-45,-2
err,68.7787,-59.85,5.89
dbg,68.7787,-59.8,0.0,5.9,0.0
det,68.7787,1194.24,792.43,48.62,116.32,0.803,Body
det,68.7787,1210.95,794.43,18.4,20.83,0.516,Head
cmd,68.7787,-45,4
err,68.8115,-23.82,4.56
dbg,68.8115,-23.8,0.0,4.6,0.0
det,68.8115,1231.59,792.89,49.17,116.7,0.782,Body
cmd,68.8115,-22,4
err,68.8455,-7.11,-2.46
dbg,68.8455,-21.5,-16.4,3.6,3.0
det,68.8455,1247.75,785.56,50.28,119.88,0.821,Body
det,68.8455,1267.6,786.49,16.99,22.49,0.415,Head
cmd,68.8455,0,-5
err,68.8793,30.25,0.23
dbg,68.8793,30.3,0.0,0.2,0.0
det,68.8793,1286.36,788.78,47.79,114.53,0.8,Body
det,68.8793,1300.17,791.91,15.28,20.02,0.42,Head
cmd,68.8793,28,2
err,68.9118,57.99,-3.24
dbg,68.9118,34.1,20.9,-0.2,1.5
det,68.9118,1312.3,784.22,49.14,117.78,0.81,Body
det,68.9118,1330.51,785.27,14.96,20.9,0.606,Head
cmd,68.9118,37,-5
err,68.9449,74.19,-7.02
dbg,68.9449,39.6,48.5,-1.2,-2.2
det,68.9449,1329.42,779.32,47.27,118.31,0.77,Body
det,68.9449,1346.4,781.11,15.58,21.58,0.661,Head
cmd,68.9449,22,-4
err,68.9794,73.31,-1.54
dbg,68.9794,44.2,16.4,-1.2,-3.0
det,68.9794,1329.09,787.29,49.38,115.77,0.823,Body
det,68.9794,1345.0,786.79,16.63,21.23,0.509,Head
cmd,68.9794,45,0
err,69.0124,54.67,-2.03
dbg,69.0124,50.0,33.6,-1.7,0.0
det,69.0124,1305.38,786.4,50.3,115.74,0.764,Body
det,69.0124,1327.1,786.56,15.14,20.75,0.433,Head
cmd,69.0124,14,-2
err,69.046,25.96,-0.74
dbg,69.046,46.7,44.0,-1.5,-1.5
det,69.046,1281.98,787.57,47.96,116.91,0.82,Body
det,69.046,1296.91,786.82,16.24,21.43,0.354,Head
err,69.0788,4.03,-0.02
dbg,69.0788,40.8,10.4,-1.3,-1.5
det,69.0788,1263.93,787.35,49.05,120.12,0.775,Body
det,69.0788,1274.09,787.14,19.88,23.34,0.457,Head
cmd,69.0788,0,2
err,69.112,4.05,-0.03
dbg,69.112,35.7,0.0,-1.2,1.5
det,69.112,1264.01,786.26,47.91,120.3,0.773,Body
det,69.112,1274.11,787.12,19.89,23.35,0.458,Head
cmd,69.112,8,-2
err,69.1466,4.06,0.07
dbg,69.1466,31.4,6.0,-1.0,-1.5
det,69.1466,1264.14,786.36,47.26,120.39,0.771,Body
det,69.1466,1274.15,787.24,19.81,23.32,0.461,Head
cmd,69.1466,6,0
err,69.1804,-36.14,6.12
dbg,69.1804,-36.1,0.0,6.1,0.0
det,69.1804,1219.91,792.0,46.03,113.54,0.758,Body
det,69.1804,1237.04,794.53,13.64,21.09,0.496,Head
cmd,69.1804,-34,6
err,69.2128,-36.12,6.26
dbg,69.2128,-36.1,-25.4,6.2,4.5
det,69.2128,1219.82,792.04,46.33,113.45,0.758,Body
det,69.2128,1237.03,794.59,13.7,21.21,0.496,Head
cmd,69.2128,-10,2
err,69.2477,-42.63,3.51
dbg,69.2477,-39.7,-7.5,4.7,1.5
det,69.2477,1213.17,791.91,48.41,115.96,0.786,Body
cmd,69.2477,-35,2
err,69.2805,-39.44,9.7
dbg,69.2805,-39.6,-26.1,7.5,1.5
det,69.2805,1217.12,795.56,44.99,114.43,0.803,Body
det,69.2805,1232.82,798.32,15.47,20.69,0.558,Head
cmd,69.2805,-14,9
err,69.3147,-12.79,-3.67
dbg,69.3147,-35.9,-10.4,5.9,6.7
det,69.3147,1242.58,784.1,49.26,122.3,0.797,Body
det,69.3147,1262.67,785.29,20.4,24.34,0.417,Head
cmd,69.3147,-3,-9
err,69.3524,-4.61,-2.9
dbg,69.3524,-31.6,-2.2,4.7,-6.7
det,69.3524,1252.63,785.2,45.52,118.96,0.809,Body
cmd,69.3524,-6,0
err,69.3847,18.31,-1.49
dbg,69.3847,-24.7,-4.5,3.9,0.0
det,69.3847,1270.87,787.05,54.86,114.62,0.614,Body
cmd,69.3847,16,2
err,69.4169,28.58,-4.46
dbg,69.4169,-17.4,7.5,2.7,1.5
det,69.4169,1287.7,783.38,48.92,112.92,0.796,Body
det,69.4169,1301.34,784.5,14.49,20.08,0.492,Head
cmd,69.4169,10,-3
err,69.4515,33.54,1.54
dbg,69.4515,-10.4,7.5,2.6,-2.2
det,69.4515,1290.52,790.08,46.03,114.58,0.786,Body
cmd,69.4515,10,6
err,69.4827,38.06,2.16
dbg,69.4827,-3.7,14.9,2.5,2.2
det,69.4827,1290.36,787.72,54.59,118.31,0.801,Body
det,69.4827,1307.64,789.78,20.85,22.5,0.469,Head
cmd,69.4827,6,2
err,69.5162,26.07,1.29
dbg,69.5162,0.4,11.9,2.3,6.0
det,69.5162,1281.85,789.99,48.43,113.02,0.803,Body
err,69.5472,17.42,-0.76
dbg,69.5472,2.7,4.5,1.9,1.5
det,69.5472,1273.51,787.57,47.82,116.7,0.718,Body
err,69.5794,4.26,-4.76
dbg,69.5794,3.6,0.0,-1.8,0.0
det,69.5794,1259.3,783.87,49.92,113.7,0.761,Body
det,69.5794,1276.35,784.63,15.71,19.72,0.385,Head
err,69.6136,4.05,-4.77
dbg,69.6136,3.8,0.0,-3.4,0.0
det,69.6136,1259.06,783.87,49.99,113.65,0.755,Body
det,69.6136,1275.93,784.64,16.01,19.92,0.367,Head
cmd,69.6136,-6,-6
err,69.646,4.2,-4.75
dbg,69.646,4.0,-4.5,-4.2,-4.5
det,69.646,1259.07,783.88,50.26,113.66,0.76,Body
det,69.646,1275.82,784.66,16.11,19.94,0.372,Head
cmd,69.646,0,-2
err,69.6806,4.31,-4.77
dbg,69.6806,4.2,0.0,-4.5,-1.5
det,69.6806,1259.04,783.85,50.52,113.78,0.764,Body
det,69.6806,1275.74,784.63,16.25,19.98,0.376,Head
cmd,69.6806,-2,-5
err,69.7147,4.36,-4.8
dbg,69.7147,4.3,-1.5,-4.7,-3.7
det,69.7147,1259.12,783.82,50.49,113.84,0.765,Body
det,69.7147,1275.94,784.62,16.05,19.9,0.379,Head
cmd,69.7147,2,-2
err,69.7497,10.19,-0.79
dbg,69.7497,7.5,1.5,-2.5,-1.5
det,69.7497,1268.37,787.5,43.64,117.15,0.772,Body
det,69.7497,1279.47,787.62,17.36,21.47,0.377,Head
cmd,69.7497,8,2
err,69.7828,10.88,3.21
dbg,69.7828,9.4,6.0,0.6,1.5
det,69.7828,1267.21,791.42,47.33,117.93,0.68,Body
cmd,69.7828,6,4
err,69.8174,7.52,6.97
dbg,69.8174,8.4,4.5,4.1,3.0
det,69.8174,1267.22,792.3,45.78,117.86,0.746,Body
det,69.8174,1278.48,794.73,18.08,22.25,0.415,Head
cmd,69.8174,2,8
err,69.8508,7.57,7.0
dbg,69.8508,7.9,1.5,5.7,6.0
det,69.8508,1267.26,792.38,45.87,117.85,0.747,Body
det,69.8508,1278.53,794.76,18.08,22.26,0.418,Head
cmd,69.8508,5,4
err,69.8844,2.89,0.57
dbg,69.8844,5.2,3.7,2.9,3.0
det,69.8844,1255.68,788.47,54.42,120.99,0.806,Body
det,69.8844,1269.65,789.34,23.08,25.55,0.395,Head
err,69.9176,2.81,0.72
dbg,69.9176,3.9,0.0,1.7,0.0
det,69.9176,1255.63,788.64,54.37,120.83,0.804,Body
det,69.9176,1267.89,789.75,22.63,26.07,0.39,Head
cmd,69.9176,2,2
err,69.957,-5.35,-5.49
dbg,69.957,-1.2,1.5,-2.3,1.5
det,69.957,1251.53,780.64,46.35,113.49,0.768,Body
det,69.957,1267.54,783.31,14.21,20.38,0.645,Head
err,70.0001,-5.25,-5.45
dbg,70.0001,-3.4,0.0,-4.0,0.0
det,70.0001,1251.61,780.66,46.59,113.45,0.768,Body
det,70.0001,1267.56,783.3,14.37,20.47,0.644,Head
cmd,70.0001,-9,-8
err,70.0328,-5.25,-7.41
dbg,70.0328,-4.4,-6.7,-5.9,-6.0
det,70.0328,1250.29,778.58,45.9,115.67,0.774,Body
det,70.0328,1266.83,780.5,15.85,21.98,0.563,Head
cmd,70.0328,-2,-4
err,70.0682,-5.3,-7.29
dbg,70.0682,-4.9,-1.5,-6.7,-3.0
det,70.0682,1250.23,778.82,45.95,115.4,0.773,Body
det,70.0682,1266.78,780.68,15.85,21.86,0.562,Head
cmd,70.0682,-6,-6
err,70.1006,-5.26,-7.31
dbg,70.1006,-5.1,-4.5,-7.0,-4.5
det,70.1006,1250.24,778.77,45.98,115.51,0.772,Body
det,70.1006,1266.78,780.63,15.92,21.93,0.56,Head
cmd,70.1006,-2,-5
err,70.1338,0.19,-4.87
dbg,70.1338,-2.2,-6.0,-5.8,-8.2
det,70.1338,1255.59,783.17,49.18,119.6,0.767,Body
cmd,70.1338,6,0
err,70.1687,1.39,-3.3
dbg,70.1687,-0.2,4.5,-4.4,0.0
det,70.1687,1257.25,784.63,48.28,120.68,0.796,Body
cmd,70.1687,0,-2
err,70.1982,7.18,4.03
dbg,70.1982,3.9,4.5,0.2,-1.5
det,70.1982,1264.07,791.94,46.22,120.86,0.782,Body
err,70.2336,3.67,0.14
dbg,70.2336,3.8,0.0,0.2,-1.5
det,70.2336,1259.94,787.74,47.45,124.01,0.814,Body
det,70.2336,1273.13,789.79,18.34,24.66,0.365,Head
err,70.2671,3.64,0.13
dbg,70.2671,3.7,0.0,0.1,0.0
det,70.2671,1259.89,787.73,47.5,123.98,0.813,Body
det,70.2671,1272.98,789.74,18.43,24.75,0.357,Head
err,70.2997,1.15,31.22
dbg,70.2997,1.2,0.0,31.2,0.0
det,70.2997,1258.27,819.81,45.78,114.14,0.749,Body
cmd,70.2997,2,29
err,70.3342,0.03,23.15
dbg,70.3342,0.5,1.5,26.8,21.6
det,70.3342,1258.36,812.13,43.33,110.21,0.707,Body
cmd,70.3342,-2,0
err,70.3678,5.65,20.32
dbg,70.3678,3.3,-1.5,23.2,0.0
det,70.3678,1258.17,802.86,49.02,124.23,0.813,Body
det,70.3678,1277.25,806.42,16.78,25.26,0.568,Head
cmd,70.3678,9,15
err,70.3989,2.31,-10.04
dbg,70.3989,2.3,0.0,-10.0,0.0
det,70.3989,1257.8,777.31,49.01,126.48,0.786,Body
det,70.3989,1271.63,777.77,22.06,26.97,0.412,Head
cmd,70.3989,2,-9
err,70.4324,2.3,-15.48
dbg,70.4324,2.3,1.5,-13.0,-6.7
det,70.4324,1258.06,771.59,48.48,129.27,0.819,Body
det,70.4324,1272.81,773.93,19.21,26.03,0.359,Head
cmd,70.4324,2,-11
err,70.4659,-2.36,-21.51
dbg,70.4659,-0.3,1.5,-17.7,-8.2
det,70.4659,1252.47,763.86,47.52,119.14,0.789,Body
det,70.4659,1269.44,767.29,16.39,20.36,0.463,Head
cmd,70.4659,-6,-17
err,70.4993,-4.18,-20.49
dbg,70.4993,-2.4,-4.5,-19.2,-12.7
det,70.4993,1252.47,766.21,45.07,116.39,0.777,Body
det,70.4993,1268.51,768.11,14.61,20.72,0.549,Head
cmd,70.4993,-2,-11
err,70.534,-4.66,-21.05
dbg,70.534,-3.7,-1.5,-20.2,-8.2
det,70.534,1252.05,766.12,46.77,113.77,0.772,Body
det,70.534,1268.34,767.83,13.99,20.22,0.582,Head
cmd,70.534,-5,-15
err,70.5665,-3.24,4.4
dbg,70.5665,-3.6,-3.7,-16.8,-11.2
det,70.5665,1254.18,787.88,48.83,119.72,0.798,Body
det,70.5665,1268.1,791.33,17.33,23.77,0.502,Head
cmd,70.5665,-2,14
err,70.6009,-3.77,4.15
dbg,70.6009,-3.6,-1.5,-14.0,10.4
det,70.6009,1253.36,788.27,48.32,119.66,0.812,Body
det,70.6009,1268.17,791.31,16.11,23.35,0.49,Head
cmd,70.6009,-3,0
err,70.6354,-0.19,5.96
dbg,70.6354,-3.1,-2.2,-11.2,0.0
det,70.6354,1254.59,793.54,50.45,124.27,0.741,Body
cmd,70.6354,0,2
err,70.6682,2.67,17.66
dbg,70.6682,-2.3,0.0,-7.2,1.5
det,70.6682,1258.46,805.35,48.43,123.11,0.773,Body
det,70.6682,1272.37,810.46,19.69,23.4,0.377,Head
cmd,70.6682,2,9
err,70.7014,4.15,11.43
dbg,70.7014,-1.5,1.5,-4.7,8.2
det,70.7014,1255.51,799.51,57.28,119.18,0.783,Body
cmd,70.7014,2,0
err,70.7374,4.07,28.18
dbg,70.7374,-0.7,1.5,-0.2,0.0
det,70.7374,1262.42,812.69,46.28,107.42,0.693,Body
det,70.7374,1276.41,814.24,15.31,25.33,0.479,Head
err,70.7687,1.33,13.76
dbg,70.7687,-0.4,0.0,1.8,0.0
det,70.7687,1252.62,802.06,57.42,117.05,0.791,Body
det,70.7687,1274.67,804.74,17.41,26.29,0.438,Head
err,70.8008,1.66,-1.67
dbg,70.8008,0.7,0.0,-0.1,0.0
det,70.8008,1256.12,784.84,51.09,134.85,0.827,Body
err,70.8343,2.76,-14.17
dbg,70.8343,1.0,0.0,-2.1,0.0
det,70.8343,1255.71,771.11,54.1,147.2,0.822,Body
err,70.8681,4.03,-9.4
dbg,70.8681,2.7,0.0,-6.1,0.0
det,70.8681,1258.62,776.99,50.82,136.08,0.815,Body
det,70.8681,1267.62,779.53,20.79,29.47,0.403,Head
cmd,70.8681,4,-16
err,70.9018,3.13,-10.3
dbg,70.9018,2.9,3.0,-8.4,-11.9
det,70.9018,1257.87,776.24,50.53,134.52,0.805,Body
cmd,70.9018,2,-4
err,70.9343,3.28,4.05
dbg,70.9343,3.0,4.5,-6.7,-14.9
det,70.9343,1257.19,792.12,52.18,119.27,0.798,Body
cmd,70.9343,0,14
err,70.9681,0.05,0.02
dbg,70.9681,3.0,4.5,-6.7,-14.9
det,70.9681,1255.17,786.74,49.76,132.84,0.804,Body
det,70.9681,1272.06,789.35,18.92,29.33,0.432,Head
err,71.0018,-1.03,1.57
dbg,71.0018,3.0,4.5,-6.7,-14.9
det,71.0018,1253.64,788.03,50.66,135.44,0.76,Body
err,71.0351,-3.16,5.47
dbg,71.0351,2.1,0.0,-5.0,0.0
det,71.0351,1254.98,791.47,46.95,120.14,0.794,Body
det,71.0351,1269.94,793.76,13.78,21.29,0.483,Head
cmd,71.0351,-2,2
err,71.0691,-3.15,5.33
dbg,71.0691,-0.8,-1.5,0.7,1.5
det,71.0691,1255.09,791.35,46.69,120.23,0.798,Body
det,71.0691,1269.95,793.59,13.8,21.34,0.485,Head
err,71.101,-3.13,5.57
dbg,71.101,-2.1,-1.5,3.4,1.5
det,71.101,1255.0,791.6,46.85,120.05,0.799,Body
det,71.101,1269.9,793.8,13.95,21.4,0.49,Head
err,71.1343,-3.14,5.3
dbg,71.1343,-2.7,0.0,4.4,0.0
det,71.1343,1255.05,791.33,46.81,120.25,0.8,Body
det,71.1343,1270.0,793.57,13.71,21.33,0.483,Head
cmd,71.1343,-4,6
err,71.1689,-3.17,5.35
dbg,71.1689,-2.9,-3.0,4.9,4.5
det,71.1689,1255.1,791.37,46.59,120.14,0.798,Body
det,71.1689,1270.04,793.65,13.57,21.27,0.48,Head
cmd,71.1689,-2,2
err,71.2023,0.6,-1.2
dbg,71.2023,-2.9,-3.0,4.9,4.5
det,71.2023,1255.87,786.05,49.45,127.53,0.811,Body
err,71.2367,-1.27,3.94
dbg,71.2367,-2.0,0.0,4.4,0.0
det,71.2367,1255.18,788.69,54.23,118.7,0.811,Body
det,71.2367,1268.22,790.3,21.02,24.8,0.52,Head
cmd,71.2367,-2,5
err,71.2697,3.38,-2.44
dbg,71.2697,0.9,-1.5,0.6,3.7
det,71.2697,1257.91,785.49,50.94,120.71,0.785,Body
err,71.3034,3.28,-2.41
dbg,71.3034,2.2,0.0,-1.0,0.0
det,71.3034,1257.84,785.53,50.86,120.63,0.785,Body
err,71.338,4.87,21.66
dbg,71.338,2.6,0.0,2.1,0.0
det,71.338,1258.14,807.75,51.26,119.54,0.794,Body
det,71.338,1277.2,810.56,15.34,20.19,0.57,Head
err,71.37,4.08,7.39
dbg,71.37,3.4,0.0,5.0,0.0
det,71.37,1262.22,795.11,43.71,122.81,0.812,Body
det,71.37,1271.57,793.64,35.85,32.87,0.44,Head
cmd,71.37,5,4
err,71.4044,2.58,-20.92
dbg,71.4044,3.3,3.7,1.4,3.0
det,71.4044,1259.83,764.37,45.49,147.12,0.599,Body
err,71.4733,2.22,-22.05
dbg,71.4733,3.1,0.0,-1.8,0.0
det,71.4733,1254.09,764.07,56.26,138.88,0.468,Body
err,71.6068,-3.89,-55.79
dbg,71.6068,-3.9,0.0,-55.8,0.0
det,71.6068,1543.45,783.82,51.95,109.85,0.665,Body
det,71.6068,1254.86,736.63,42.49,75.83,0.535,Body
cmd,71.6068,-3,-45
err,71.6422,-4.02,-48.67
dbg,71.6422,-4.0,-2.2,-51.9,-33.6
det,71.6422,1544.22,783.25,49.67,109.5,0.745,Body
det,71.6422,1252.16,738.98,44.44,75.14,0.559,Body
det,71.6422,1556.46,783.83,17.28,22.42,0.376,Head
det,71.6422,1268.89,739.63,14.17,21.28,0.352,Head
cmd,71.6422,-2,-11
err,71.6831,-3.6,-47.92
dbg,71.6831,-3.8,-1.5,-49.7,-8.2
det,71.6831,1544.86,783.07,49.39,110.53,0.732,Body
det,71.6831,1253.57,736.44,43.1,79.28,0.656,Body
det,71.6831,1268.64,739.34,15.52,23.17,0.405,Head
cmd,71.6831,-2,-35
err,71.7218,-5.12,-52.28
dbg,71.7218,-4.5,-1.5,-51.1,-26.1
det,71.7218,1255.55,736.99,39.45,78.99,0.695,Body
det,71.7218,1542.68,778.35,53.62,113.86,0.617,Body
det,71.7218,1268.52,738.73,12.72,16.35,0.481,Head
cmd,71.7218,-4,-23
err,71.825,139.1,20.54
dbg,71.825,139.1,0.0,20.5,0.0
det,71.825,1396.44,802.21,45.61,117.07,0.829,Body
det,71.825,1411.06,808.55,16.07,21.81,0.506,Head
cmd,71.825,45,7
err,71.8575,107.42,68.34
dbg,71.8575,107.4,0.0,68.3,0.0
det,71.8575,1367.35,853.95,45.4,113.0,0.836,Body
det,71.8575,1379.28,856.8,16.29,20.99,0.494,Head
cmd,71.8575,38,24
err,71.8933,108.23,62.93
dbg,71.8933,107.9,28.4,65.4,17.9
det,71.8933,1366.3,851.42,43.87,115.11,0.847,Body
det,71.8933,1378.68,855.09,15.65,21.17,0.489,Head
cmd,71.8933,40,21
err,71.9299,73.01,61.99
dbg,71.9299,73.0,0.0,62.0,0.0
det,71.9299,1331.53,851.23,44.66,110.8,0.831,Body
det,71.9299,1344.9,850.42,16.21,21.04,0.583,Head
cmd,71.9299,34,29
err,71.9588,74.36,62.53
dbg,71.9588,73.7,25.4,62.3,21.6
det,71.9588,1332.42,850.41,44.74,113.57,0.84,Body
det,71.9588,1346.6,850.89,15.52,21.17,0.616,Head
cmd,71.9588,35,29
err,71.9909,44.71,46.5
dbg,71.9909,44.7,0.0,46.5,0.0
det,71.9909,1303.32,831.56,45.63,113.72,0.85,Body
det,71.9909,1315.17,833.33,19.08,23.94,0.541,Head
cmd,71.9909,31,32
err,72.0235,16.63,28.8
dbg,72.0235,16.6,0.0,28.8,0.0
det,72.0235,1274.01,817.63,45.24,111.62,0.825,Body
det,72.0235,1284.28,816.31,18.54,22.61,0.383,Head
cmd,72.0235,16,27
err,72.0563,-8.08,4.46
dbg,72.0563,-8.1,0.0,4.5,0.0
det,72.0563,1248.78,791.12,44.74,117.12,0.842,Body
det,72.0563,1264.0,793.89,15.85,19.22,0.507,Head
cmd,72.0563,-8,4
err,72.0917,-36.0,-10.12
dbg,72.0917,-36.0,0.0,-10.1,0.0
det,72.0917,1221.66,774.73,44.7,111.37,0.827,Body
det,72.0917,1234.77,777.82,18.46,21.93,0.541,Head
cmd,72.0917,-34,-9
err,72.1249,-58.46,-37.15
dbg,72.1249,-58.5,0.0,-37.1,0.0
det,72.1249,1197.75,751.75,46.98,108.2,0.844,Body
det,72.1249,1212.94,751.31,17.21,20.97,0.534,Head
cmd,72.1249,-38,-24
err,72.1575,-71.13,-55.88
dbg,72.1575,-60.2,-28.4,-39.7,-17.9
det,72.1575,1187.64,731.4,43.02,110.52,0.851,Body
det,72.1575,1201.38,732.73,14.98,20.71,0.621,Head
cmd,72.1575,-33,-30
err,72.1923,-65.05,-62.91
dbg,72.1923,-60.9,-24.6,-42.9,-22.4
det,72.1923,1192.88,725.75,44.14,113.39,0.844,Body
det,72.1923,1205.06,728.45,16.92,21.17,0.434,Head
cmd,72.1923,-32,-31
err,72.224,-40.1,-55.94
dbg,72.224,-58.0,-48.5,-44.7,-45.5
det,72.224,1219.65,733.42,42.6,112.65,0.826,Body
det,72.224,1233.6,733.65,12.6,18.92,0.594,Head
cmd,72.224,0,-5
err,72.2584,-10.9,-36.8
dbg,72.2584,-10.9,0.0,-36.8,0.0
det,72.2584,1246.43,751.12,45.23,110.69,0.839,Body
det,72.2584,1261.14,751.5,15.91,21.27,0.578,Head
cmd,72.2584,-10,-35
err,72.2927,13.82,-16.14
dbg,72.2927,13.8,0.0,-16.1,0.0
det,72.2927,1270.9,772.54,45.85,113.23,0.858,Body
det,72.2927,1284.0,776.27,16.12,20.63,0.447,Head
cmd,72.2927,13,-15
err,72.3265,13.81,-16.33
dbg,72.3265,13.8,9.7,-16.2,-11.2
det,72.3265,1270.87,772.33,45.87,113.41,0.858,Body
det,72.3265,1283.97,776.17,16.38,20.79,0.452,Head
cmd,72.3265,4,-5
err,72.3602,37.52,7.01
dbg,72.3602,37.5,0.0,7.0,0.0
det,72.3602,1294.9,795.69,45.23,113.19,0.826,Body
det,72.3602,1308.79,796.59,14.91,20.79,0.459,Head
cmd,72.3602,35,7
err,72.3935,37.2,14.29
dbg,72.3935,37.3,26.1,11.0,5.2
det,72.3935,1296.01,802.33,44.62,110.53,0.827,Body
det,72.3935,1309.22,802.8,15.96,20.89,0.523,Head
cmd,72.3935,10,11
err,72.4253,43.82,41.12
dbg,72.4253,38.2,33.6,15.2,13.4
det,72.4253,1301.78,827.56,45.38,112.1,0.823,Body
det,72.4253,1315.0,829.08,17.63,21.91,0.556,Head
cmd,72.4253,10,30
err,72.4594,35.52,47.83
dbg,72.4594,37.9,14.9,19.6,30.6
det,72.4594,1291.52,836.3,48.0,115.2,0.843,Body
det,72.4594,1306.43,838.48,17.18,21.69,0.422,Head
cmd,72.4594,19,15
err,72.4929,7.04,46.45
dbg,72.4929,33.6,14.2,23.3,11.2
det,72.4929,1264.06,834.63,45.45,115.76,0.818,Body
det,72.4929,1279.67,834.99,14.74,20.83,0.592,Head
cmd,72.4929,0,27
err,72.5269,6.95,46.42
dbg,72.5269,30.0,0.0,26.5,20.2
det,72.5269,1264.09,834.56,45.3,115.79,0.821,Body
det,72.5269,1279.63,834.97,14.63,20.82,0.591,Head
cmd,72.5269,10,18
err,72.5582,-2.68,41.71
dbg,72.5582,25.5,7.5,28.6,33.6
det,72.5582,1255.93,827.26,45.35,113.99,0.845,Body
det,72.5582,1269.24,829.56,16.17,22.1,0.563,Head
err,72.5924,-5.91,12.96
dbg,72.5924,21.2,7.5,26.4,13.4
det,72.5924,1248.03,798.51,45.79,120.65,0.831,Body
det,72.5924,1265.49,800.09,17.21,23.4,0.524,Head
err,72.6261,-22.37,-10.53
dbg,72.6261,15.2,0.0,21.4,0.0
det,72.6261,1235.88,774.94,43.73,111.92,0.83,Body
det,72.6261,1249.63,778.03,15.99,20.79,0.59,Head
cmd,72.6261,-12,-14
err,72.6588,-30.64,-27.78
dbg,72.6588,8.9,-9.0,14.6,-10.4
det,72.6588,1226.82,761.14,45.08,110.71,0.804,Body
cmd,72.6588,-9,-16
err,72.6927,-30.69,-27.87
dbg,72.6927,3.4,-15.7,8.8,-22.4
det,72.6927,1226.74,761.05,45.13,110.84,0.806,Body
err,72.7259,-30.63,-28.15
dbg,72.7259,-1.3,0.0,3.7,0.0
det,72.7259,1226.85,760.74,45.04,111.07,0.808,Body
err,72.7597,-21.51,-17.16
dbg,72.7597,-4.0,0.0,0.8,0.0
det,72.7597,1237.49,771.12,42.81,113.18,0.821,Body
det,72.7597,1250.5,771.09,15.99,21.36,0.478,Head
cmd,72.7597,-5,-4
err,72.793,-14.09,-9.25
dbg,72.793,-9.6,-3.7,-4.7,-3.0
det,72.793,1243.91,779.22,44.01,115.21,0.837,Body
det,72.793,1259.81,779.82,17.33,21.37,0.44,Head
err,72.826,-14.08,-9.34
dbg,72.826,-12.0,-3.7,-7.3,-3.0
det,72.826,1243.9,779.13,44.04,115.3,0.838,Body
det,72.826,1259.78,779.73,17.51,21.35,0.444,Head
cmd,72.826,-4,-2
err,72.8605,-8.59,-3.2
dbg,72.8605,-10.1,-3.0,-5.0,-1.5
det,72.8605,1246.91,785.86,44.62,113.98,0.828,Body
det,72.8605,1263.79,785.42,15.24,20.69,0.492,Head
cmd,72.8605,0,3
err,72.8948,-8.67,-3.2
dbg,72.8948,-9.3,0.0,-4.0,2.2
det,72.8948,1246.76,785.68,44.7,114.1,0.828,Body
det,72.8948,1263.74,785.43,15.18,20.67,0.495,Head
cmd,72.8948,-4,0
err,72.9264,-8.53,-3.14
dbg,72.9264,-8.9,-3.0,-3.5,2.2
det,72.9264,1246.61,786.13,44.92,113.59,0.827,Body
det,72.9264,1263.87,785.51,15.21,20.64,0.492,Head
cmd,72.9264,-2,0
err,72.9595,-6.36,-1.0
dbg,72.9595,-7.5,-4.5,-2.1,0.0
det,72.9595,1250.79,788.55,44.25,110.87,0.814,Body
det,72.9595,1265.89,787.39,15.51,21.11,0.492,Head
cmd,72.9595,0,3
err,72.9943,-6.26,-2.5
dbg,72.9943,-6.8,0.0,-2.3,2.2
det,72.9943,1249.82,786.95,44.8,109.63,0.822,Body
det,72.9943,1265.4,785.87,16.69,21.14,0.563,Head
cmd,72.9943,-3,-3
err,73.0264,-5.53,-1.53
dbg,73.0264,-6.1,-2.2,-1.9,-2.2
det,73.0264,1252.84,788.42,43.83,107.85,0.839,Body
det,73.0264,1266.43,787.12,16.07,20.64,0.501,Head
cmd,73.0264,-2,2
err,73.0623,-3.53,-2.08
dbg,73.0623,-4.7,-1.5,-2.0,1.5
det,73.0623,1255.16,786.02,42.6,110.06,0.845,Body
det,73.0623,1268.41,786.55,16.11,20.67,0.506,Head
cmd,73.0623,0,-2
err,73.0949,-4.55,-4.5
dbg,73.0949,-4.6,0.0,-3.4,-1.5
det,73.0949,1253.93,783.34,44.4,110.1,0.841,Body
det,73.0949,1266.64,783.57,17.62,21.69,0.625,Head
cmd,73.0949,-3,-3
err,73.1273,-0.75,-3.43
dbg,73.1273,-2.5,-2.2,-3.4,-3.7
det,73.1273,1256.87,785.42,44.76,111.53,0.841,Body
det,73.1273,1269.11,786.09,16.79,21.64,0.448,Head
cmd,73.1273,4,0
err,73.1606,0.65,-4.61
dbg,73.1606,-0.8,0.7,-4.1,-2.2
det,73.1606,1257.99,784.38,45.32,110.13,0.829,Body
det,73.1606,1268.95,784.64,18.75,23.02,0.386,Head
cmd,73.1606,3,-3
err,73.1943,0.47,-2.72
dbg,73.1943,-0.1,2.2,-3.3,-2.2
det,73.1943,1257.8,786.12,45.35,111.62,0.836,Body
err,73.2272,0.5,-2.6
dbg,73.2272,0.2,2.2,-2.9,-2.2
det,73.2272,1257.8,786.25,45.4,111.44,0.837,Body
err,73.2632,0.47,-2.67
dbg,73.2632,0.4,0.0,-2.8,0.0
det,73.2632,1257.75,786.18,45.43,111.54,0.836,Body
err,73.2958,-4.13,25.1
dbg,73.2958,-0.3,0.0,1.0,0.0
det,73.2958,1255.29,812.29,42.8,109.12,0.85,Body
det,73.2958,1268.33,813.74,15.07,20.66,0.524,Head
err,73.3294,-4.46,20.36
dbg,73.3294,-0.8,0.0,3.7,0.0
det,73.3294,1256.23,806.01,41.23,107.23,0.821,Body
det,73.3294,1267.5,808.72,16.09,21.15,0.5,Head
err,73.3624,-2.02,-2.95
dbg,73.3624,-1.5,0.0,0.0,0.0
det,73.3624,1255.61,783.85,44.73,131.97,0.825,Body
err,73.395,-2.79,-0.92
dbg,73.395,-2.2,0.0,-0.5,0.0
det,73.395,1254.84,786.71,44.75,123.77,0.853,Body
err,73.4302,-3.02,0.06
dbg,73.4302,-2.7,0.0,-0.2,0.0
det,73.4302,1254.24,788.09,45.47,119.76,0.863,Body
det,73.4302,1264.48,796.58,15.92,20.58,0.446,Head
err,73.4631,-3.74,-5.66
dbg,73.4631,-3.2,0.0,-3.2,0.0
det,73.4631,1254.64,782.36,43.26,119.81,0.671,Body
cmd,73.4631,-4,-10
err,73.497,-3.69,-21.5
dbg,73.497,-3.3,-3.0,-5.7,-7.5
det,73.497,1253.29,765.21,46.03,132.93,0.606,Body
cmd,73.497,-2,-17
err,73.5298,-38.15,-70.8
dbg,73.5298,-38.1,0.0,-70.8,0.0
det,73.5298,1237.19,724.81,9.33,43.88,0.378,Body
cmd,73.5298,-21,-40
err,73.5961,-2.75,13.09
dbg,73.5961,-2.8,0.0,13.1,0.0
det,73.5961,1248.77,803.66,56.95,94.33,0.449,Body
cmd,73.5961,-3,12
err,73.7303,8.04,-47.55
dbg,73.7303,8.0,0.0,-47.5,0.0
det,73.7303,1271.76,746.13,32.56,63.21,0.399,Body
cmd,73.7303,8,-44
err,74.6182,130.0,2.77
dbg,74.6182,130.0,0.0,2.8,0.0
det,74.6182,1384.37,787.82,54.91,148.4,0.841,Body
det,74.6182,1400.31,787.92,19.38,26.99,0.563,Head
cmd,74.6182,45,2
err,74.6523,97.79,5.83
dbg,74.6523,97.8,0.0,5.8,0.0
det,74.6523,1351.33,790.99,55.5,147.43,0.822,Body
det,74.6523,1367.99,790.88,19.61,27.17,0.621,Head
cmd,74.6523,45,3
err,74.6847,94.13,7.29
dbg,74.6847,95.8,33.6,6.6,2.2
det,74.6847,1347.31,793.48,56.02,143.45,0.82,Body
det,74.6847,1361.92,791.31,24.42,29.06,0.473,Head
cmd,74.6847,45,4
err,74.7182,94.1,7.09
dbg,74.7182,94.9,67.2,6.9,5.2
det,74.7182,1347.18,793.2,56.14,143.75,0.82,Body
det,74.7182,1361.85,791.02,24.49,29.2,0.485,Head
cmd,74.7182,24,2
err,74.753,94.05,6.62
dbg,74.753,94.4,17.9,6.7,1.5
det,74.753,1347.31,792.66,56.0,144.23,0.82,Body
det,74.753,1361.89,790.51,24.31,29.3,0.509,Head
cmd,74.753,45,4
err,74.7857,94.08,6.53
dbg,74.7857,94.2,33.6,6.6,3.0
det,74.7857,1347.48,792.49,55.9,144.34,0.821,Body
det,74.7857,1361.84,790.36,24.48,29.39,0.511,Head
cmd,74.7857,45,2
err,74.818,26.65,-0.64
dbg,74.818,26.6,0.0,-0.6,0.0
det,74.818,1279.66,785.1,58.54,149.48,0.827,Body
det,74.818,1294.91,784.11,23.48,27.72,0.58,Head
cmd,74.818,25,-2
err,74.8536,26.57,-0.36
dbg,74.8536,26.6,18.7,-0.5,-1.5
det,74.8536,1279.79,785.97,58.32,148.6,0.827,Body
det,74.8536,1294.81,784.25,23.53,27.98,0.563,Head
cmd,74.8536,7,0
err,74.8858,26.6,-0.44
dbg,74.8858,26.6,5.2,-0.5,0.0
det,74.8858,1279.91,785.97,58.18,148.56,0.827,Body
det,74.8858,1294.83,784.18,23.55,27.96,0.554,Head
cmd,74.8858,20,-2
err,74.9193,26.65,-0.44
dbg,74.9193,26.6,20.2,-0.4,-1.5
det,74.9193,1279.82,786.12,58.38,148.38,0.826,Body
det,74.9193,1294.79,784.19,23.72,27.95,0.552,Head
cmd,74.9193,7,0
err,74.953,5.72,3.49
dbg,74.953,23.8,5.2,0.1,0.0
det,74.953,1258.86,785.77,62.24,151.18,0.811,Body
det,74.953,1271.89,785.42,27.65,32.85,0.619,Head
cmd,74.953,0,3
err,74.986,2.75,2.91
dbg,74.986,20.9,5.2,0.5,2.2
det,74.986,1256.43,786.95,56.9,149.11,0.809,Body
det,74.986,1271.1,787.24,23.3,28.5,0.611,Head
cmd,74.986,0,2
err,75.0189,2.93,2.93
dbg,75.0189,18.4,0.0,0.8,3.7
det,75.0189,1256.39,787.12,56.8,149.0,0.811,Body
det,75.0189,1271.32,787.34,23.22,28.35,0.609,Head
cmd,75.0189,7,0
err,75.0537,2.92,2.91
dbg,75.0537,16.3,5.2,1.1,0.0
det,75.0537,1256.18,787.0,57.22,149.22,0.811,Body
det,75.0537,1271.27,787.27,23.29,28.44,0.612,Head
cmd,75.0537,3,2
err,75.0867,2.88,2.76
dbg,75.0867,14.4,2.2,1.3,1.5
det,75.0867,1256.18,786.9,57.28,149.27,0.81,Body
det,75.0867,1271.22,787.22,23.33,28.26,0.613,Head
cmd,75.0867,6,2
err,75.1196,2.89,2.85
dbg,75.1196,8.1,6.7,2.2,3.0
det,75.1196,1256.04,786.98,57.43,149.23,0.809,Body
det,75.1196,1271.13,787.29,23.51,28.3,0.611,Head
err,75.153,3.27,0.29
dbg,75.153,5.4,4.5,1.1,1.5
det,75.153,1255.91,788.28,57.52,144.91,0.809,Body
det,75.153,1272.19,785.41,22.16,27.07,0.587,Head
cmd,75.153,0,-2
err,75.1862,1.75,0.17
dbg,75.1862,5.4,4.5,1.1,1.5
det,75.1862,1253.15,785.42,57.2,147.51,0.819,Body
det,75.1862,1270.29,783.78,20.78,27.49,0.428,Head
err,75.2194,1.79,0.25
dbg,75.2194,5.4,4.5,1.1,1.5
det,75.2194,1253.15,785.5,57.28,147.5,0.817,Body
det,75.2194,1270.56,783.85,20.68,27.44,0.444,Head
err,75.2533,1.88,0.51
dbg,75.2533,5.4,4.5,1.1,1.5
det,75.2533,1253.32,785.78,57.13,147.24,0.817,Body
det,75.2533,1270.85,784.08,20.47,27.34,0.452,Head
err,75.2871,1.07,-0.84
dbg,75.2871,5.4,4.5,1.1,1.5
det,75.2871,1253.3,785.1,57.22,147.83,0.816,Body
det,75.2871,1270.57,783.83,21.0,27.86,0.497,Head
err,75.3198,0.96,-0.91
dbg,75.3198,5.4,4.5,1.1,1.5
det,75.3198,1252.96,784.77,57.78,148.24,0.816,Body
det,75.3198,1270.19,783.63,21.54,28.11,0.516,Head
err,75.3536,1.33,3.81
dbg,75.3536,3.2,0.0,2.6,0.0
det,75.3536,1252.05,788.96,60.32,145.8,0.815,Body
det,75.3536,1269.18,788.57,24.29,27.7,0.477,Head
cmd,75.3536,3,5
err,75.3867,1.22,3.59
dbg,75.3867,2.1,2.2,3.1,3.7
det,75.3867,1252.14,788.76,59.8,145.88,0.818,Body
det,75.3867,1269.3,788.41,23.84,27.6,0.468,Head
err,75.4206,2.11,3.35
dbg,75.4206,2.1,0.0,3.3,0.0
det,75.4206,1252.23,788.76,59.76,145.85,0.817,Body
det,75.4206,1269.44,788.41,23.84,27.42,0.465,Head
err,75.455,1.18,3.45
dbg,75.455,1.6,0.0,3.4,0.0
det,75.455,1252.17,788.58,59.89,146.05,0.817,Body
det,75.455,1269.16,788.23,24.02,27.68,0.473,Head
err,75.4875,1.16,3.44
dbg,75.4875,1.4,0.0,3.4,0.0
det,75.4875,1252.12,788.57,60.04,146.16,0.816,Body
det,75.4875,1269.04,788.14,24.25,27.82,0.486,Head
err,75.5222,1.2,3.38
dbg,75.5222,1.3,0.0,3.4,0.0
det,75.5222,1252.2,788.63,59.92,146.03,0.816,Body
det,75.5222,1269.12,788.22,24.17,27.56,0.483,Head
err,75.5553,-1.18,2.9
dbg,75.5553,-0.1,0.0,3.1,0.0
det,75.5553,1251.03,788.93,55.58,139.67,0.82,Body
err,75.5872,-1.16,2.85
dbg,75.5872,-0.7,0.0,3.0,0.0
det,75.5872,1251.12,788.88,55.43,139.75,0.821,Body
err,75.6208,-1.15,2.88
dbg,75.6208,-0.9,0.0,2.9,0.0
det,75.6208,1251.04,788.91,55.62,139.68,0.821,Body
err,75.6547,-1.08,3.01
dbg,75.6547,-1.0,0.0,3.0,0.0
det,75.6547,1251.24,789.05,55.37,139.58,0.82,Body
err,75.6878,-1.35,18.08
dbg,75.6878,-1.1,0.0,5.0,0.0
det,75.6878,1250.79,803.57,55.72,145.11,0.821,Body
det,75.6878,1267.93,799.11,19.76,26.95,0.459,Head
cmd,75.6878,-2,18
err,75.7217,-1.54,11.44
dbg,75.7217,-1.3,-1.5,8.6,13.4
det,75.7217,1251.79,797.07,58.03,148.83,0.805,Body
det,75.7217,1267.61,795.99,21.71,28.08,0.5,Head
cmd,75.7217,-2,0
err,75.7551,-0.71,10.01
dbg,75.7551,-1.0,-1.5,9.4,0.0
det,75.7551,1249.67,793.93,58.73,148.99,0.813,Body
det,75.7551,1265.47,793.12,27.64,30.71,0.511,Head
cmd,75.7551,0,10
err,75.7856,-0.52,5.81
dbg,75.7856,-0.7,-1.5,7.4,7.5
det,75.7856,1250.67,790.1,58.16,146.92,0.814,Body
det,75.7856,1266.55,788.43,25.87,31.59,0.545,Head
err,75.819,-2.33,0.57
dbg,75.819,-1.6,0.0,3.6,7.5
det,75.819,1250.91,784.82,58.27,149.48,0.832,Body
det,75.819,1266.16,784.7,23.02,28.85,0.554,Head
err,75.8559,0.61,2.15
dbg,75.8559,-0.4,0.0,2.8,0.0
det,75.8559,1252.24,787.7,56.74,144.53,0.837,Body
err,75.8899,0.1,0.28
dbg,75.8899,-0.4,0.0,2.8,0.0
det,75.8899,1251.97,785.65,56.27,146.28,0.841,Body
err,76.1218,2.29,-4.54
dbg,76.1218,1.1,0.0,-1.2,0.0
det,76.1218,1254.87,784.32,54.85,111.38,0.456,Body
err,76.9615,-139.12,9.45
dbg,76.9615,-139.1,0.0,9.4,0.0
det,76.9615,1115.48,793.93,51.08,127.13,0.85,Body
det,76.9615,1132.05,796.81,17.67,22.97,0.589,Head
cmd,76.9615,-45,3
err,76.9952,-92.57,16.59
dbg,76.9952,-92.6,0.0,16.6,0.0
det,76.9952,1161.96,804.27,50.95,123.18,0.838,Body
det,76.9952,1175.92,805.01,21.4,24.46,0.426,Head
cmd,76.9952,-44,8
err,77.0277,-75.82,25.32
dbg,77.0277,-90.3,-32.8,17.8,6.0
det,77.0277,1177.81,811.77,52.36,125.65,0.839,Body
det,77.0277,1195.04,812.36,18.27,23.56,0.578,Head
cmd,77.0277,-40,19
err,77.0613,-74.09,27.16
dbg,77.0613,-88.0,-62.7,19.1,20.2
det,77.0613,1179.13,815.84,53.32,121.9,0.837,Body
det,77.0613,1197.06,814.74,17.7,22.58,0.579,Head
cmd,77.0613,-12,5
err,77.0958,-74.28,27.2
dbg,77.0958,-86.1,-9.0,20.2,3.7
det,77.0958,1179.22,815.99,53.25,121.74,0.836,Body
det,77.0958,1197.02,814.79,17.42,22.56,0.567,Head
cmd,77.0958,-43,14
err,77.1293,-74.37,27.2
dbg,77.1293,-79.7,-32.1,24.0,10.4
det,77.1293,1179.21,815.95,53.25,121.77,0.837,Body
det,77.1293,1196.97,814.8,17.33,22.54,0.569,Head
cmd,77.1293,-39,16
err,77.1625,-44.22,13.92
dbg,77.1625,-44.2,0.0,13.9,0.0
det,77.1625,1210.61,801.38,49.88,121.2,0.845,Body
det,77.1625,1227.21,801.52,17.15,22.55,0.522,Head
cmd,77.1625,-41,13
err,77.1965,-36.69,9.79
dbg,77.1965,-40.1,-30.6,11.6,9.7
det,77.1965,1219.21,795.3,51.58,125.06,0.863,Body
det,77.1965,1234.76,797.46,17.1,22.42,0.526,Head
cmd,77.1965,-3,0
err,77.2404,-2.34,-1.76
dbg,77.2404,-2.3,0.0,-1.8,0.0
det,77.2404,1250.3,783.94,53.09,125.13,0.855,Body
det,77.2404,1267.67,785.28,19.98,23.55,0.543,Head
err,77.2962,52.72,-21.82
dbg,77.2962,52.7,0.0,-21.8,0.0
det,77.2962,1310.09,763.5,52.19,125.4,0.819,Body
det,77.2962,1322.37,764.72,20.69,24.48,0.51,Head
cmd,77.2962,42,-17
err,77.3295,58.81,-24.21
dbg,77.3295,56.1,31.3,-23.1,-12.7
det,77.3295,1314.4,763.37,48.81,124.21,0.831,Body
det,77.3295,1328.58,763.91,16.98,23.85,0.454,Head
cmd,77.3295,28,-12
err,77.3635,58.8,-24.05
dbg,77.3635,57.6,20.9,-23.6,-9.0
det,77.3635,1314.38,763.56,48.84,123.92,0.83,Body
det,77.3635,1328.53,763.98,16.97,23.85,0.453,Head
cmd,77.3635,38,-15
err,77.3976,58.82,-24.09
dbg,77.3976,58.3,28.4,-23.9,-11.2
det,77.3976,1314.37,763.51,48.9,123.96,0.831,Body
det,77.3976,1328.54,764.01,17.0,23.78,0.462,Head
cmd,77.3976,30,-13
err,77.4354,5.15,-1.75
dbg,77.4354,5.1,0.0,-1.8,0.0
det,77.4354,1259.83,784.04,53.89,124.24,0.852,Body
det,77.4354,1275.98,785.74,18.34,22.74,0.54,Head
cmd,77.4354,5,-2
err,77.4777,-21.7,6.41
dbg,77.4777,1.5,3.7,-0.6,-1.5
det,77.4777,1234.13,793.77,48.34,126.39,0.824,Body
det,77.4777,1245.61,797.46,18.34,22.56,0.423,Head
err,77.5145,-44.8,22.42
dbg,77.5145,-4.9,0.0,2.5,0.0
det,77.5145,1209.96,809.01,51.5,120.95,0.832,Body
det,77.5145,1226.03,809.22,18.32,24.0,0.507,Head
cmd,77.5145,-35,18
err,77.5605,-48.39,21.12
dbg,77.5605,-10.9,-26.1,5.1,13.4
det,77.5605,1206.27,808.68,50.69,124.37,0.869,Body
det,77.5605,1221.39,808.99,19.12,24.78,0.372,Head
cmd,77.5605,-9,3
err,77.598,-48.36,20.9
dbg,77.598,-16.0,-6.7,7.3,2.2
det,77.598,1206.26,808.44,50.77,124.66,0.869,Body
det,77.598,1221.36,808.95,19.13,24.8,0.371,Head
cmd,77.598,-25,12
err,77.635,-24.4,7.93
dbg,77.635,-20.6,-18.7,7.6,9.0
det,77.635,1232.56,793.73,50.7,125.15,0.822,Body
det,77.635,1246.11,795.67,18.99,22.3,0.524,Head
err,77.6676,-14.9,4.0
dbg,77.6676,-17.5,0.0,5.6,0.0
det,77.6676,1239.97,791.49,50.25,125.05,0.85,Body
det,77.6676,1257.22,792.25,19.36,21.74,0.351,Head
cmd,77.6676,-3,-2
err,77.6986,3.78,-3.72
dbg,77.6986,-14.6,-2.2,4.3,-1.5
det,77.6986,1257.71,785.69,52.07,120.71,0.828,Body
det,77.6986,1275.0,784.22,17.57,21.91,0.504,Head
cmd,77.6986,14,-6
err,77.7353,3.8,-3.79
dbg,77.7353,-12.0,10.4,3.2,-4.5
det,77.7353,1257.74,785.66,52.05,120.8,0.828,Body
det,77.7353,1275.05,784.2,17.51,21.83,0.506,Head
cmd,77.7353,0,-2
err,77.7684,3.78,-3.82
dbg,77.7684,-9.9,0.0,2.3,-1.5
det,77.7684,1257.64,785.65,52.18,120.76,0.827,Body
det,77.7684,1274.97,784.16,17.61,21.85,0.502,Head
cmd,77.7684,4,-2
err,77.8012,3.91,-3.83
dbg,77.8012,-8.0,3.0,1.4,-3.0
det,77.8012,1257.74,785.62,52.05,120.81,0.828,Body
det,77.8012,1275.12,784.2,17.59,21.77,0.512,Head
err,77.8345,7.39,2.02
dbg,77.8345,-5.9,3.0,1.5,-1.5
det,77.8345,1259.76,788.14,52.71,119.39,0.836,Body
det,77.8345,1276.89,789.57,20.99,22.64,0.498,Head
cmd,77.8345,2,5
err,77.8672,-9.07,4.57
dbg,77.8672,-7.6,1.5,3.2,3.7
det,77.8672,1245.24,791.99,51.38,125.71,0.845,Body
det,77.8672,1263.0,793.01,18.13,21.11,0.458,Head
cmd,77.8672,-16,3
err,77.9023,-9.15,4.59
dbg,77.9023,-8.5,-11.9,4.0,2.2
det,77.9023,1245.12,792.03,51.45,125.65,0.843,Body
det,77.9023,1263.06,793.0,18.11,21.12,0.46,Head
cmd,77.9023,-2,4
err,77.9467,-9.16,4.58
dbg,77.9467,-8.8,-1.5,4.3,3.0
det,77.9467,1245.15,792.0,51.39,125.78,0.843,Body
det,77.9467,1262.97,793.01,18.22,21.13,0.454,Head
cmd,77.9467,-11,3
err,77.9813,3.1,-0.61
dbg,77.9813,-2.3,-8.2,1.6,2.2
det,77.9813,1257.54,787.2,51.13,121.95,0.843,Body
det,77.9813,1275.63,786.74,16.21,21.82,0.394,Head
err,78.0168,3.13,-0.56
dbg,78.0168,0.7,0.0,0.4,0.0
det,78.0168,1257.57,787.26,51.11,121.83,0.843,Body
det,78.0168,1275.64,786.81,16.27,21.85,0.395,Head
err,78.0498,4.52,-1.84
dbg,78.0498,2.8,0.0,-0.8,0.0
det,78.0498,1258.71,786.15,51.6,120.06,0.836,Body
det,78.0498,1275.47,785.35,16.77,22.0,0.477,Head
err,78.0822,13.43,-4.29
dbg,78.0822,8.6,0.0,-2.7,0.0
det,78.0822,1268.31,783.61,50.26,121.01,0.844,Body
det,78.0822,1280.68,781.46,20.8,23.65,0.476,Head
cmd,78.0822,19,-6
err,78.1178,13.32,-4.37
dbg,78.1178,11.2,14.2,-3.6,-4.5
det,78.1178,1268.23,783.52,50.18,121.14,0.845,Body
det,78.1178,1280.61,781.51,20.82,23.66,0.479,Head
cmd,78.1178,5,-2
err,78.1498,13.44,-4.19
dbg,78.1498,12.4,3.7,-3.9,-1.5
det,78.1498,1268.25,783.71,50.38,120.97,0.845,Body
det,78.1498,1280.62,781.55,21.01,23.71,0.466,Head
cmd,78.1498,14,-5
err,78.1854,-2.0,-3.32
dbg,78.1854,10.5,10.4,-3.9,-3.7
det,78.1854,1252.02,782.21,52.78,126.66,0.858,Body
det,78.1854,1268.09,783.98,19.82,23.1,0.534,Head
cmd,78.1854,0,-2
err,78.2169,-5.99,-2.96
dbg,78.2169,8.2,0.0,-3.7,-1.5
det,78.2169,1249.18,784.49,49.67,125.53,0.869,Body
det,78.2169,1267.62,786.52,16.2,22.67,0.481,Head
cmd,78.2169,-2,-2
err,78.25,-15.48,-1.51
dbg,78.25,4.9,-1.5,-3.4,-3.0
det,78.25,1239.68,785.65,49.68,128.37,0.834,Body
cmd,78.25,-9,0
err,78.2848,-15.5,-1.34
dbg,78.2848,2.1,-6.7,-3.1,0.0
det,78.2848,1239.67,785.84,49.67,128.2,0.832,Body
err,78.3186,-15.85,-1.03
dbg,78.3186,-0.3,0.0,-2.8,0.0
det,78.3186,1239.22,785.88,49.85,130.96,0.851,Body
err,78.3526,-14.67,23.68
dbg,78.3526,-2.3,0.0,0.8,0.0
det,78.3526,1239.09,811.13,52.48,125.46,0.803,Body
err,78.3876,-8.8,21.72
dbg,78.3876,-3.2,0.0,3.7,0.0
det,78.3876,1244.38,809.19,53.64,125.3,0.822,Body
cmd,78.3876,-2,17
err,78.4184,-7.36,13.29
dbg,78.4184,-5.5,-1.5,9.0,12.7
det,78.4184,1245.66,800.41,53.96,128.71,0.823,Body
det,78.4184,1263.88,805.75,18.17,23.23,0.448,Head
cmd,78.4184,-2,0
err,78.452,-10.43,13.78
dbg,78.452,-8.2,-3.0,11.6,12.7
det,78.452,1247.56,799.17,49.54,125.97,0.828,Body
det,78.452,1260.59,800.44,17.96,24.26,0.565,Head
cmd,78.452,-6,2
err,78.4858,-9.58,11.99
dbg,78.4858,-9.0,-4.5,11.8,1.5
det,78.4858,1247.55,798.43,49.32,123.22,0.823,Body
det,78.4858,1261.41,799.26,18.02,23.14,0.613,Head
cmd,78.4858,-4,9
err,78.518,-5.45,-3.8
dbg,78.518,-8.5,-7.5,9.7,8.2
det,78.518,1248.44,782.37,50.64,122.94,0.851,Body
det,78.518,1265.3,783.67,18.5,22.78,0.644,Head
cmd,78.518,0,-12
err,78.5528,-5.13,-3.61
dbg,78.5528,-8.0,0.0,7.8,-9.0
det,78.5528,1250.13,782.31,51.67,122.75,0.846,Body
det,78.5528,1265.23,783.87,19.27,22.77,0.6,Head
cmd,78.5528,-4,0
err,78.585,-2.35,-6.48
dbg,78.585,-7.2,-3.0,5.9,0.0
det,78.585,1253.27,780.42,53.07,124.49,0.854,Body
det,78.585,1267.95,780.66,19.41,23.37,0.545,Head
cmd,78.585,0,-4
err,78.6205,2.93,-14.1
dbg,78.6205,-5.8,0.0,3.1,-3.0
det,78.6205,1257.76,773.81,50.33,120.91,0.852,Body
det,78.6205,1271.76,774.78,19.26,24.39,0.453,Head
cmd,78.6205,2,-7
err,78.6521,2.41,-6.72
dbg,78.6521,-1.3,1.5,-2.3,-5.2
det,78.6521,1257.74,777.93,49.82,126.75,0.836,Body
det,78.6521,1273.3,780.32,18.21,23.56,0.551,Head
err,78.6854,5.61,-5.34
dbg,78.6854,2.5,1.5,-4.0,-5.2
det,78.6854,1259.34,779.74,52.56,125.38,0.846,Body
det,78.6854,1276.13,781.88,18.97,23.24,0.614,Head
cmd,78.6854,7,0
err,78.7189,6.71,-1.19
dbg,78.7189,4.8,5.2,-2.4,0.0
det,78.7189,1260.09,786.13,53.12,121.13,0.836,Body
det,78.7189,1277.65,786.55,18.11,22.28,0.56,Head
cmd,78.7189,5,2
err,78.7535,3.83,-0.87
dbg,78.7535,4.3,3.7,-1.6,1.5
det,78.7535,1258.84,786.46,49.97,126.71,0.85,Body
det,78.7535,1272.87,789.8,20.0,23.07,0.38,Head
cmd,78.7535,2,0
err,78.7854,4.19,0.75
dbg,78.7854,4.2,5.2,-0.3,1.5
det,78.7854,1258.83,788.26,50.72,124.9,0.849,Body
det,78.7854,1273.1,789.84,19.87,22.98,0.385,Head
cmd,78.7854,2,2
err,78.8189,-0.84,-0.37
dbg,78.8189,4.2,5.2,-0.3,1.5
det,78.8189,1253.77,787.03,50.78,125.95,0.863,Body
det,78.8189,1268.15,789.46,23.16,24.88,0.454,Head
err,78.8533,-4.45,-3.79
dbg,78.8533,-0.5,0.0,-2.2,0.0
det,78.8533,1249.55,783.3,52.01,129.13,0.856,Body
det,78.8533,1268.1,785.95,17.85,23.65,0.401,Head
err,78.8862,-7.41,-0.01
dbg,78.8862,-4.3,0.0,-1.0,0.0
det,78.8862,1246.49,787.55,52.21,124.35,0.845,Body
det,78.8862,1264.47,786.6,17.85,22.7,0.43,Head
cmd,78.8862,-10,2
err,78.92,-8.02,0.93
dbg,78.92,-6.4,-7.5,0.1,1.5
det,78.92,1246.95,788.86,50.07,120.67,0.845,Body
det,78.92,1264.7,786.67,16.68,22.42,0.428,Head
cmd,78.92,-4,2
err,78.9543,-8.58,0.36
dbg,78.9543,-7.6,-3.0,0.2,1.5
det,78.9543,1246.23,788.21,50.37,121.51,0.843,Body
det,78.9543,1264.77,786.55,16.83,22.42,0.407,Head
cmd,78.9543,-8,0
err,78.9872,0.09,-5.78
dbg,78.9872,-3.4,-6.0,-3.1,0.0
det,78.9872,1254.21,781.57,51.76,126.53,0.85,Body
det,78.9872,1268.37,783.1,18.69,22.56,0.47,Head
cmd,78.9872,7,-7
err,79.0211,3.05,-2.68
dbg,79.0211,0.2,5.2,-2.9,-5.2
det,79.0211,1257.94,785.23,50.21,120.91,0.845,Body
det,79.0211,1275.0,784.73,16.37,21.94,0.482,Head
err,79.0553,7.43,-2.38
dbg,79.0553,4.2,0.0,-2.6,0.0
det,79.0553,1263.07,788.26,50.45,118.95,0.836,Body
det,79.0553,1278.64,785.25,17.59,22.49,0.524,Head
cmd,79.0553,12,-3
err,79.0877,3.25,22.49
dbg,79.0877,4.0,9.0,0.9,-2.2
det,79.0877,1257.74,809.22,51.55,123.6,0.833,Body
det,79.0877,1274.81,810.34,16.86,22.1,0.572,Head
cmd,79.0877,0,25
err,79.1209,3.7,18.75
dbg,79.1209,4.0,9.0,3.3,16.4
det,79.1209,1258.15,806.83,51.1,119.17,0.831,Body
err,79.1548,4.11,16.32
dbg,79.1548,4.0,0.0,5.1,0.0
det,79.1548,1258.33,804.25,51.56,120.7,0.819,Body
det,79.1548,1274.77,806.62,18.45,22.59,0.469,Head
cmd,79.1548,5,11
err,79.188,-6.98,13.27
dbg,79.188,-2.0,3.7,9.6,8.2
det,79.188,1249.21,795.64,49.99,129.0,0.859,Body
det,79.188,1263.7,799.89,18.64,24.32,0.624,Head
cmd,79.188,-14,3
err,79.2206,-6.42,-7.55
dbg,79.2206,-2.6,-6.7,7.2,10.4
det,79.2206,1249.36,777.22,50.25,124.56,0.847,Body
det,79.2206,1265.03,779.93,17.1,22.76,0.562,Head
cmd,79.2206,-2,-20
err,79.2524,-8.9,-18.21
dbg,79.2524,-3.5,-11.9,3.7,-12.7
det,79.2524,1245.74,768.77,49.49,121.1,0.806,Body
det,79.2524,1261.68,769.03,18.86,23.2,0.562,Head
cmd,79.2524,0,-5
err,79.2876,-8.92,-19.39
dbg,79.2876,-4.2,0.0,0.6,-3.7
det,79.2876,1245.38,765.9,49.61,123.88,0.832,Body
det,79.2876,1261.6,767.24,18.96,24.3,0.632,Head
cmd,79.2876,-8,-12
err,79.3209,1.1,-23.05
dbg,79.3209,-3.5,-6.0,-2.7,-9.0
det,79.3209,1256.08,764.68,50.03,122.63,0.837,Body
cmd,79.3209,8,-8
err,79.3559,3.17,-8.52
dbg,79.3559,0.2,6.0,-5.9,-6.0
det,79.3559,1257.44,779.42,51.18,120.8,0.844,Body
det,79.3559,1274.49,779.19,17.35,22.35,0.621,Head
cmd,79.3559,2,0
err,79.3934,8.01,-1.23
dbg,79.3934,4.5,1.5,-3.3,0.0
det,79.3934,1261.81,786.04,52.38,127.31,0.826,Body
det,79.3934,1276.5,790.33,19.72,22.03,0.422,Head
cmd,79.3934,10,3
err,79.4246,2.65,2.07
dbg,79.4246,3.5,7.5,-0.4,2.2
det,79.4246,1257.06,789.0,51.17,130.64,0.856,Body
det,79.4246,1273.98,791.16,17.83,23.25,0.491,Head
err,79.468,0.83,5.16
dbg,79.468,2.0,0.0,2.7,0.0
det,79.468,1255.0,792.44,51.66,127.2,0.858,Body
err,79.5059,-6.57,5.3
dbg,79.5059,-2.7,0.0,4.1,0.0
det,79.5059,1247.41,792.67,52.03,126.37,0.832,Body
det,79.5059,1262.69,794.7,20.11,21.54,0.386,Head
cmd,79.5059,-9,9
err,79.5442,-6.59,5.34
dbg,79.5442,-4.8,-6.7,4.8,6.7
det,79.5442,1247.33,792.7,52.16,126.31,0.834,Body
det,79.5442,1262.67,794.73,20.27,21.51,0.372,Head
cmd,79.5442,-2,2
err,79.5782,-6.6,5.37
dbg,79.5782,-5.8,-1.5,5.1,1.5
det,79.5782,1247.36,792.75,52.08,126.28,0.834,Body
det,79.5782,1262.63,794.73,20.51,21.57,0.382,Head
cmd,79.5782,-7,6
err,79.6095,-6.48,5.27
dbg,79.6095,-6.2,-6.7,5.2,6.0
det,79.6095,1247.48,792.65,52.09,126.2,0.834,Body
det,79.6095,1262.79,794.62,20.09,21.68,0.441,Head
cmd,79.6095,-2,2
err,79.6419,1.17,-0.41
dbg,79.6419,-6.2,-6.7,5.2,6.0
det,79.6419,1255.72,787.44,50.9,121.55,0.852,Body
err,79.6754,4.69,-6.99
dbg,79.6754,-4.7,-1.5,3.5,1.5
det,79.6754,1259.99,779.28,53.12,125.79,0.835,Body
det,79.6754,1275.68,780.38,18.03,22.97,0.578,Head
cmd,79.6754,4,-6
err,79.7076,7.48,15.28
dbg,79.7076,-3.0,3.0,5.1,-4.5
det,79.7076,1260.87,803.05,53.21,122.26,0.842,Body
det,79.7076,1277.77,804.14,15.06,20.84,0.417,Head
cmd,79.7076,2,23
err,79.7432,8.65,9.48
dbg,79.7432,3.4,1.5,7.5,17.2
det,79.7432,1265.87,797.9,45.56,115.77,0.812,Body
det,79.7432,1275.4,798.81,16.01,22.89,0.369,Head
cmd,79.7432,8,0
err,79.7745,8.17,4.62
dbg,79.7745,6.0,6.0,5.9,0.0
det,79.7745,1263.0,792.21,50.34,124.12,0.836,Body
cmd,79.7745,3,4
err,79.8069,7.86,-2.65
dbg,79.8069,7.0,8.2,1.2,3.0
det,79.8069,1261.39,784.51,52.95,128.45,0.828,Body
det,79.8069,1274.04,788.76,24.05,24.08,0.386,Head
cmd,79.8069,2,-8
err,79.8408,4.01,-14.82
dbg,79.8408,6.6,3.7,-1.0,-3.0
det,79.8408,1258.36,772.89,51.3,122.86,0.833,Body
det,79.8408,1274.01,774.96,18.05,21.17,0.387,Head
cmd,79.8408,2,-13
err,79.8738,4.08,-15.25
dbg,79.8738,6.3,1.5,-3.0,-9.7
det,79.8738,1258.84,772.88,50.47,118.66,0.841,Body
cmd,79.8738,3,-5
err,79.9084,-2.96,-15.19
dbg,79.9084,5.0,2.2,-4.6,-3.7
det,79.9084,1250.76,772.93,52.57,118.86,0.839,Body
det,79.9084,1264.48,772.81,24.45,24.93,0.446,Head
cmd,79.9084,-3,-8
err,79.9434,-7.93,-18.86
dbg,79.9434,3.2,-2.2,-6.6,-6.0
det,79.9434,1251.7,766.57,48.7,121.9,0.836,Body
det,79.9434,1263.32,769.44,17.49,21.28,0.487,Head
cmd,79.9434,-4,-9
err,79.9742,-8.54,-6.03
dbg,79.9742,-3.2,-5.2,-6.3,-12.7
det,79.9742,1247.19,782.02,50.07,122.08,0.839,Body
det,79.9742,1263.58,783.87,15.75,18.36,0.514,Head
cmd,79.9742,-5,12
err,80.0079,-8.07,-7.45
dbg,80.0079,-5.9,-6.7,-6.9,2.2
det,80.0079,1247.32,780.35,50.4,123.99,0.836,Body
det,80.0079,1263.86,781.33,16.14,20.41,0.576,Head
cmd,80.0079,-3,-6
err,80.0422,-10.2,-1.01
dbg,80.0422,-8.3,-2.2,-3.7,-4.5
det,80.0422,1242.94,787.15,53.72,118.33,0.841,Body
det,80.0422,1259.3,786.79,20.72,21.65,0.447,Head
cmd,80.0422,-10,9
err,80.075,-4.82,7.24
dbg,80.075,-6.4,-7.5,2.3,6.7
det,80.075,1249.36,794.63,51.66,126.19,0.845,Body
det,80.075,1264.69,796.76,17.22,21.89,0.452,Head
cmd,80.075,0,8
err,80.1083,0.19,-2.81
dbg,80.1083,-2.8,-7.5,-0.5,12.7
det,80.1083,1254.11,784.72,52.16,124.71,0.884,Body
det,80.1083,1268.58,785.24,18.7,23.48,0.481,Head
err,80.1418,1.64,3.14
dbg,80.1418,-0.3,0.0,1.5,0.0
det,80.1418,1255.26,790.74,52.75,124.02,0.869,Body
det,80.1418,1267.59,791.79,22.31,24.55,0.359,Head
err,80.1774,5.96,-2.27
dbg,80.1774,3.1,0.0,-0.6,0.0
det,80.1774,1263.17,786.88,51.22,121.09,0.843,Body
det,80.1774,1277.4,785.84,17.11,21.61,0.53,Head
err,80.2122,5.68,-7.24
dbg,80.2122,4.5,0.0,-4.2,0.0
det,80.2122,1262.93,782.02,51.73,120.65,0.827,Body
det,80.2122,1276.86,780.58,17.65,22.16,0.544,Head
cmd,80.2122,9,-9
err,80.2444,5.79,-6.95
dbg,80.2444,5.2,6.7,-5.7,-6.7
det,80.2444,1262.93,781.97,51.88,120.5,0.829,Body
det,80.2444,1277.26,781.01,17.06,21.88,0.593,Head
cmd,80.2444,2,-2
err,80.2787,6.19,-6.95
dbg,80.2787,5.8,8.2,-6.4,-8.2
det,80.2787,1263.43,782.57,51.17,119.87,0.835,Body
det,80.2787,1277.49,780.73,17.39,22.4,0.571,Head
cmd,80.2787,2,-2
err,80.3115,5.98,12.25
dbg,80.3115,5.8,1.5,-3.8,-1.5
det,80.3115,1267.14,800.4,45.25,115.5,0.828,Body
det,80.3115,1278.99,800.75,13.98,20.91,0.479,Head
cmd,80.3115,6,13
err,80.3464,3.23,14.44
dbg,80.3464,5.4,4.5,-1.3,9.7
det,80.3464,1258.09,802.27,50.27,121.72,0.813,Body
cmd,80.3464,0,2
err,80.3771,-1.05,-3.73
dbg,80.3771,1.9,4.5,-2.6,11.2
det,80.3771,1254.23,782.51,49.44,137.62,0.671,Body
err,80.411,-4.02,-2.46
dbg,80.411,-1.4,0.0,-2.5,1.5
det,80.411,1252.09,780.19,55.03,132.59,0.662,Body
det,80.411,1262.09,781.41,27.77,29.32,0.35,Head
err,80.4432,0.77,-4.69
dbg,80.4432,-0.2,0.0,-3.7,0.0
det,80.4432,1248.88,782.25,63.77,130.58,0.723,Body
err,80.4773,-4.34,-18.15
dbg,80.4773,-0.8,0.0,-5.7,0.0
det,80.4773,1244.43,768.91,62.46,129.43,0.711,Body
cmd,80.4773,-5,-20
err,80.5114,0.01,-21.08
dbg,80.5114,-0.7,-3.7,-7.8,-14.9
det,80.5114,1247.28,763.43,57.91,138.26,0.681,Body
det,80.5114,1268.11,763.74,23.79,27.61,0.513,Head
cmd,80.5114,4,-6
err,80.5438,-12.21,-17.35
dbg,80.5438,-7.0,-0.7,-13.1,-19.4
det,80.5438,1246.51,775.7,42.57,69.55,0.446,Body
cmd,80.5438,-16,0
err,80.9461,54.3,-21.93
dbg,80.9461,54.3,0.0,-21.9,0.0
det,80.9461,1308.54,762.8,51.29,120.9,0.824,Body
det,80.9461,1324.1,763.9,20.41,25.76,0.707,Head
cmd,80.9461,42,-17
err,80.9801,-117.1,-24.06
dbg,80.9801,-117.1,0.0,-24.1,0.0
det,80.9801,1138.65,760.67,49.4,120.78,0.807,Body
det,80.9801,1153.14,762.37,19.51,24.68,0.68,Head
cmd,80.9801,-44,-9
err,81.815,-129.37,4.09
dbg,81.815,-129.4,0.0,4.1,0.0
det,81.815,1126.99,788.12,49.15,121.96,0.86,Body
det,81.815,1139.71,790.31,21.83,25.06,0.616,Head
cmd,81.815,-45,2
err,81.8486,-106.94,2.55
dbg,81.8486,-126.3,-33.6,3.9,1.5
det,81.8486,1146.77,787.15,51.41,121.54,0.829,Body
det,81.8486,1161.52,788.37,23.08,25.78,0.647,Head
cmd,81.8486,-45,2
err,81.8827,-98.76,0.36
dbg,81.8827,-122.5,-33.6,3.4,1.5
det,81.8827,1156.4,785.43,48.02,122.99,0.841,Body
det,81.8827,1171.14,786.66,20.19,24.91,0.605,Head
cmd,81.8827,-45,0
err,81.9166,-93.49,1.39
dbg,81.9166,-118.5,-33.6,3.1,0.0
det,81.9166,1160.74,787.43,50.58,122.12,0.835,Body
det,81.9166,1176.24,788.02,20.53,24.29,0.608,Head
cmd,81.9166,-45,2
err,81.9496,-60.22,-1.02
dbg,81.9496,-60.2,0.0,-1.0,0.0
det,81.9496,1194.63,785.36,51.88,120.71,0.817,Body
det,81.9496,1209.39,785.0,20.78,25.42,0.663,Head
cmd,81.9496,-45,-2
err,81.9827,-25.38,-2.19
dbg,81.9827,-25.4,0.0,-2.2,0.0
det,81.9827,1229.36,782.9,50.84,120.61,0.823,Body
det,81.9827,1243.53,783.62,22.17,25.79,0.697,Head
cmd,81.9827,-24,-2
err,82.0158,5.92,-4.15
dbg,82.0158,5.9,0.0,-4.1,0.0
det,82.0158,1261.86,780.99,51.74,122.64,0.822,Body
det,82.0158,1275.23,781.87,21.39,25.42,0.705,Head
cmd,82.0158,6,-4
err,82.0496,40.15,-3.91
dbg,82.0496,40.1,0.0,-3.9,0.0
det,82.0496,1296.95,782.08,49.41,120.27,0.826,Body
det,82.0496,1310.06,782.34,20.17,25.01,0.69,Head
cmd,82.0496,38,-4
err,82.0836,75.25,-2.79
dbg,82.0836,75.3,0.0,-2.8,0.0
det,82.0836,1330.77,782.27,49.5,122.6,0.824,Body
det,82.0836,1345.42,783.14,19.67,25.58,0.655,Head
cmd,82.0836,45,-2
err,82.1161,93.89,-0.72
dbg,82.1161,77.8,33.6,-2.5,-1.5
det,82.1161,1349.68,783.46,47.57,122.45,0.823,Body
det,82.1161,1363.99,784.95,19.8,26.06,0.547,Head
cmd,82.1161,45,0
err,82.151,89.48,4.4
dbg,82.151,84.2,33.6,1.3,0.0
det,82.151,1343.5,790.02,49.75,119.56,0.818,Body
det,82.151,1358.61,790.31,21.73,25.62,0.661,Head
cmd,82.151,45,5
err,82.1837,61.26,6.03
dbg,82.1837,81.1,33.6,1.9,3.7
det,82.1837,1315.79,789.4,49.54,123.49,0.837,Body
det,82.1837,1330.58,791.62,21.35,26.2,0.629,Head
cmd,82.1837,25,4
err,82.217,26.9,9.25
dbg,82.217,26.9,0.0,9.2,0.0
det,82.217,1282.64,793.01,48.12,120.96,0.83,Body
det,82.217,1296.42,794.82,20.96,26.22,0.681,Head
cmd,82.217,25,9
err,82.251,-5.39,9.35
dbg,82.251,-5.4,0.0,9.3,0.0
det,82.251,1247.07,792.47,50.52,121.08,0.815,Body
det,82.251,1262.56,794.13,24.1,27.67,0.66,Head
cmd,82.251,-5,9
err,82.2835,-40.17,5.08
dbg,82.2835,-40.2,0.0,5.1,0.0
det,82.2835,1214.8,789.61,49.36,120.0,0.833,Body
det,82.2835,1228.51,790.81,22.65,25.94,0.695,Head
cmd,82.2835,-38,5
err,82.3167,-60.27,0.57
dbg,82.3167,-42.9,-28.4,4.5,3.7
det,82.3167,1193.82,786.55,51.95,121.21,0.84,Body
det,82.3167,1209.06,786.32,21.34,25.9,0.655,Head
cmd,82.3167,-30,0
err,82.3506,-78.03,-6.84
dbg,82.3506,-47.8,-22.4,2.9,0.0
det,82.3506,1176.62,778.48,49.2,121.59,0.815,Body
det,82.3506,1191.25,779.3,21.43,25.19,0.662,Head
cmd,82.3506,-45,-6
err,82.3853,-74.22,-11.29
dbg,82.3853,-51.4,-33.6,1.0,-4.5
det,82.3853,1180.09,773.65,51.15,120.27,0.826,Body
det,82.3853,1194.18,774.81,23.2,25.28,0.689,Head
cmd,82.3853,-32,-4
err,82.417,-45.83,-16.24
dbg,82.417,-50.6,-57.5,-1.4,-7.5
det,82.417,1208.63,769.08,49.39,119.08,0.84,Body
det,82.417,1223.07,769.19,22.19,26.49,0.634,Head
cmd,82.417,0,-6
err,82.4515,-45.76,-16.11
dbg,82.4515,-50.0,-23.9,-3.4,-7.5
det,82.4515,1208.72,769.17,49.46,119.04,0.84,Body
det,82.4515,1223.07,769.23,22.35,26.66,0.633,Head
cmd,82.4515,-14,-4
err,82.4854,-23.8,-17.65
dbg,82.4854,-46.4,-10.4,-5.4,-3.0
det,82.4854,1229.91,766.77,52.89,121.41,0.834,Body
det,82.4854,1245.76,768.3,20.87,25.53,0.683,Head
cmd,82.4854,-9,-9
err,82.5176,9.76,-11.0
dbg,82.5176,9.8,0.0,-11.0,0.0
det,82.5176,1264.67,773.05,50.64,121.64,0.833,Body
det,82.5176,1278.54,774.87,22.45,25.69,0.66,Head
cmd,82.5176,9,-10
err,82.5517,33.23,-3.82
dbg,82.5517,13.0,6.7,-10.0,-7.5
det,82.5517,1288.37,783.69,49.72,118.02,0.812,Body
det,82.5517,1303.23,782.67,20.0,24.56,0.571,Head
cmd,82.5517,25,0
err,82.5848,33.06,-4.04
dbg,82.5848,15.8,18.7,-9.2,0.0
det,82.5848,1288.34,783.05,49.67,118.67,0.812,Body
det,82.5848,1302.9,782.3,20.33,24.84,0.58,Head
cmd,82.5848,11,-5
err,82.6178,45.0,-2.62
dbg,82.6178,19.8,26.9,-8.3,-3.7
det,82.6178,1299.83,782.22,48.14,121.96,0.827,Body
det,82.6178,1315.11,783.17,19.78,25.83,0.627,Head
cmd,82.6178,13,-2
err,82.6517,52.39,5.67
dbg,82.6517,24.3,9.7,-6.4,-1.5
det,82.6517,1305.5,789.79,50.67,122.17,0.83,Body
det,82.6517,1321.44,791.45,21.91,25.85,0.698,Head
cmd,82.6517,33,5
err,82.685,44.43,10.64
dbg,82.685,27.0,24.6,-4.0,3.7
det,82.685,1299.11,795.56,48.91,121.66,0.828,Body
det,82.685,1314.18,796.65,20.51,25.43,0.677,Head
cmd,82.685,10,4
err,82.7183,18.21,18.4
dbg,82.7183,25.8,7.5,-0.9,3.0
det,82.7183,1273.21,802.73,49.07,119.04,0.835,Body
det,82.7183,1286.03,803.41,24.35,27.25,0.548,Head
cmd,82.7183,2,10
err,82.7518,6.84,19.18
dbg,82.7518,23.2,1.5,1.8,7.5
det,82.7518,1263.19,803.25,50.04,119.93,0.812,Body
det,82.7518,1275.54,805.15,22.59,25.52,0.512,Head
cmd,82.7518,0,6
err,82.7855,-15.37,12.66
dbg,82.7855,17.9,0.0,3.3,4.5
det,82.7855,1239.49,797.36,48.08,120.94,0.836,Body
det,82.7855,1252.59,797.44,24.07,27.67,0.529,Head
cmd,82.7855,-17,2
err,82.8188,-23.28,11.11
dbg,82.8188,12.2,-12.7,4.4,1.5
det,82.8188,1230.17,796.01,50.75,119.27,0.823,Body
det,82.8188,1245.59,796.78,22.26,26.06,0.698,Head
cmd,82.8188,-7,3
err,82.8516,-23.52,5.78
dbg,82.8516,7.3,-17.9,4.6,3.7
det,82.8516,1229.65,790.42,49.89,119.68,0.817,Body
det,82.8516,1244.72,791.48,23.53,25.99,0.669,Head
cmd,82.8516,0,-4
err,82.8854,-25.44,-1.6
dbg,82.8854,2.8,-5.2,3.7,-0.7
det,82.8854,1228.82,783.5,50.74,121.89,0.818,Body
det,82.8854,1243.27,784.1,22.57,26.0,0.698,Head
cmd,82.8854,-9,-5
err,82.9183,-11.13,-4.32
dbg,82.9183,0.9,-6.7,2.6,-3.7
det,82.9183,1242.58,781.86,49.47,120.76,0.823,Body
det,82.9183,1257.64,781.45,22.46,25.86,0.691,Head
err,82.9519,-7.61,-4.98
dbg,82.9519,-3.8,-6.7,-1.6,-3.7
det,82.9519,1247.78,780.63,49.3,120.31,0.834,Body
det,82.9519,1261.79,781.08,21.2,25.35,0.702,Head
cmd,82.9519,0,-5
err,82.9851,-6.36,-4.29
dbg,82.9851,-5.2,0.0,-3.1,-3.7
det,82.9851,1247.26,780.52,50.38,122.54,0.829,Body
det,82.9851,1262.92,781.65,21.43,25.55,0.712,Head
cmd,82.9851,-2,-3
err,83.0182,-6.37,-4.29
dbg,83.0182,-5.8,-1.5,-3.7,-6.0
det,83.0182,1247.15,780.5,50.47,122.56,0.83,Body
det,83.0182,1262.94,781.69,21.39,25.5,0.713,Head
cmd,83.0182,-2,-2
err,83.0532,-6.36,-4.32
dbg,83.0532,-6.1,-1.5,-4.1,-1.5
det,83.0532,1247.23,780.46,50.41,122.69,0.83,Body
det,83.0532,1263.0,781.67,21.28,25.47,0.713,Head
cmd,83.0532,-3,-4
err,83.0865,2.17,7.89
dbg,83.0865,-1.6,-2.2,2.5,-3.0
det,83.0865,1256.73,791.53,49.43,122.28,0.805,Body
det,83.0865,1269.8,793.65,24.76,25.89,0.593,Head
err,83.1196,3.35,8.94
dbg,83.1196,1.1,-2.2,6.0,-3.0
det,83.1196,1257.23,792.22,49.27,123.11,0.817,Body
det,83.1196,1271.06,794.24,24.59,26.73,0.65,Head
cmd,83.1196,10,16
err,83.1529,3.42,8.92
dbg,83.1529,2.4,7.5,7.6,11.9
det,83.1529,1257.24,792.24,49.44,123.13,0.818,Body
det,83.1529,1271.06,794.25,24.72,26.68,0.652,Head
cmd,83.1529,2,2
err,83.1862,4.36,9.47
dbg,83.1862,3.5,9.0,8.6,13.4
det,83.1862,1258.7,794.72,50.31,122.34,0.807,Body
det,83.1862,1273.12,794.49,22.49,27.23,0.678,Head
err,83.2187,4.38,9.52
dbg,83.2187,4.0,1.5,9.1,1.5
det,83.2187,1258.75,794.75,50.34,122.32,0.809,Body
det,83.2187,1273.13,794.5,22.5,27.31,0.677,Head
cmd,83.2187,5,10
err,83.2536,-2.8,-0.79
dbg,83.2536,0.2,3.7,3.7,7.5
det,83.2536,1251.95,783.54,48.76,123.98,0.821,Body
det,83.2536,1266.52,785.1,21.36,25.65,0.535,Head
err,83.2884,-4.43,-3.78
dbg,83.2884,-2.3,0.0,-0.4,0.0
det,83.2884,1250.39,779.8,48.82,125.04,0.83,Body
det,83.2884,1265.37,782.03,20.4,25.79,0.669,Head
err,83.3192,-4.41,-3.7
dbg,83.3192,-3.5,0.0,-2.2,0.0
det,83.3192,1250.46,779.83,48.77,125.05,0.83,Body
det,83.3192,1265.35,782.07,20.46,25.87,0.667,Head
cmd,83.3192,-6,-7
err,83.3535,-8.1,-8.49
dbg,83.3535,-6.0,-4.5,-5.7,-5.2
det,83.3535,1245.7,775.55,52.2,122.42,0.836,Body
det,83.3535,1260.31,776.77,23.17,26.81,0.717,Head
cmd,83.3535,-6,-7
err,83.387,-8.01,-8.47
dbg,83.387,-7.1,-4.5,-7.2,-5.2
det,83.387,1245.72,775.48,52.21,122.46,0.836,Body
det,83.387,1260.41,776.76,23.16,26.86,0.718,Head
