kind,t,a,b
meta,0,1.3398561541818312,60
cover,0.2178,0,0,0,0
nearest,0.2178,-1
cover,0.2497,0,0,0,0
nearest,0.2498,-1
cover,0.2806,0,0,0,0
nearest,0.2807,-1
cover,0.3101,0,0,0,0
nearest,0.3101,-1
cover,0.3374,0,0,0,0
nearest,0.3375,-1
cover,0.365,0,0,0,0
nearest,0.3651,-1
cover,0.3908,0,0,0,0
nearest,0.3908,-1
cover,0.4341,0,0,0,0
nearest,0.4341,-1
cover,0.4667,0,0,0,0
nearest,0.4667,-1
cover,0.4994,0,0,0,0
nearest,0.4994,-1
cover,0.5315,0,0,0,0
nearest,0.5315,-1
cover,0.5586,0,0,0,0
nearest,0.5587,-1
cover,0.5891,0,0,0,0
nearest,0.5891,-1
cover,0.6206,0,0,0,0
nearest,0.6207,-1
cover,0.6488,0,0,0,0
nearest,0.6489,-1
cover,0.6778,0,0,0,0
nearest,0.6778,-1
cover,0.704,0,0,0,0
nearest,0.704,-1
cover,0.7326,0,0,0,0
nearest,0.7326,-1
cover,0.7646,0,0,0,0
nearest,0.7646,-1
cover,0.7921,0,0,0,0
nearest,0.7921,-1
cover,0.8198,0,0,0,0
nearest,0.8198,-1
cover,0.848,0,0,0,0
nearest,0.8481,-1
cover,0.8839,0,0,0,0
nearest,0.8839,-1
cover,0.9164,0,0,0,0
nearest,0.9164,-1
cover,0.946,0,0,0,0
nearest,0.946,-1
cover,0.973,0,0,0,0
nearest,0.973,-1
cover,1.0006,0,0,0,0
nearest,1.0006,-1
cover,1.0318,0,0,0,0
nearest,1.0318,-1
cover,1.0765,0,0,0,0
nearest,1.0765,-1
cover,1.1144,0,0,0,0
nearest,1.1145,-1
cover,1.1481,0,0,0,0
nearest,1.1481,-1
cover,1.1795,0,0,0,0
nearest,1.1795,-1
cover,1.2067,0,0,0,0
nearest,1.2067,-1
cover,1.238,0,0,0,0
nearest,1.238,-1
cover,1.2682,0,0,0,0
nearest,1.2682,-1
cover,1.2996,0,0,0,0
nearest,1.2996,-1
cover,1.3262,0,0,0,0
nearest,1.3262,-1
cover,1.3531,0,0,0,0
nearest,1.3532,-1
cover,1.3801,0,0,0,0
nearest,1.3801,-1
cover,1.408,0,0,0,0
nearest,1.408,-1
cover,1.4375,0,0,0,0
nearest,1.4375,-1
cover,1.4691,0,0,0,0
nearest,1.4692,-1
cover,1.498,0,0,0,0
nearest,1.498,-1
cover,1.5237,0,0,0,0
nearest,1.5238,-1
cover,1.5517,0,0,0,0
nearest,1.5517,-1
cover,1.5793,0,0,0,0
nearest,1.5793,-1
cover,1.605,0,0,0,0
nearest,1.605,-1
cover,1.633,0,0,0,0
nearest,1.633,-1
cover,1.659,0,0,0,0
nearest,1.6591,-1
cover,1.6887,0,0,0,0
nearest,1.6887,-1
cover,1.7182,0,0,0,0
nearest,1.7182,-1
cover,1.7469,0,0,0,0
nearest,1.7469,-1
cover,1.7738,0,0,0,0
nearest,1.7738,-1
cover,1.8,0,0,0,0
nearest,1.8,-1
cover,1.8308,0,0,0,0
nearest,1.8309,-1
cover,1.8561,0,0,0,0
nearest,1.8562,-1
cover,1.8872,0,0,0,0
nearest,1.8872,-1
cover,1.9146,0,0,0,0
nearest,1.9146,-1
cover,1.9428,0,0,0,0
nearest,1.9428,-1
cover,1.9708,0,0,0,0
nearest,1.9708,-1
cover,1.9984,0,0,0,0
nearest,1.9984,-1
cover,2.0301,0,0,0,0
nearest,2.0302,-1
cover,2.0585,0,0,0,0
nearest,2.0585,-1
cover,2.0877,0,0,0,0
nearest,2.0878,-1
cover,2.1159,0,0,0,0
nearest,2.1159,-1
cover,2.143,0,0,0,0
nearest,2.143,-1
cover,2.1718,0,0,0,0
nearest,2.1719,-1
cover,2.1985,0,0,0,0
nearest,2.1985,-1
cover,2.2321,0,0,0,0
nearest,2.2321,-1
cover,2.2597,0,0,0,0
nearest,2.2598,-1
cover,2.2946,0,0,0,0
nearest,2.2946,-1
cover,2.3221,0,0,0,0
nearest,2.3222,-1
cover,2.3543,0,0,0,0
nearest,2.3543,-1
cover,2.3841,0,0,0,0
nearest,2.3841,-1
cover,2.412,0,0,0,0
nearest,2.412,-1
cover,2.4387,0,0,0,0
nearest,2.4387,-1
cover,2.469,0,0,0,0
nearest,2.469,-1
cover,2.4987,0,0,0,0
nearest,2.4988,-1
cover,2.5284,0,0,0,0
nearest,2.5284,-1
cover,2.5562,0,0,0,0
nearest,2.5562,-1
cover,2.5839,0,0,0,0
nearest,2.5839,-1
cover,2.6139,0,0,0,0
nearest,2.6139,-1
cover,2.6393,0,0,0,0
nearest,2.6393,-1
cover,2.6698,0,0,0,0
nearest,2.6698,-1
cover,2.6986,0,0,0,0
nearest,2.6986,-1
cover,2.7319,0,0,0,0
nearest,2.7319,-1
cover,2.7595,0,0,0,0
nearest,2.7595,-1
cover,2.7866,0,0,0,0
nearest,2.7866,-1
cover,2.8152,0,0,0,0
nearest,2.8153,-1
cover,2.8429,0,0,0,0
nearest,2.8429,-1
cover,2.8701,0,0,0,0
nearest,2.8701,-1
cover,2.8986,0,0,0,0
nearest,2.8987,-1
cover,2.9344,0,0,0,0
nearest,2.9344,-1
cover,2.964,0,0,0,0
nearest,2.964,-1
cover,2.9894,0,0,0,0
nearest,2.9894,-1
cover,3.0201,0,0,0,0
nearest,3.0201,-1
cover,3.0504,0,0,0,0
nearest,3.0504,-1
cover,3.0828,0,0,0,0
nearest,3.0828,-1
cover,3.1128,0,0,0,0
nearest,3.1128,-1
cover,3.148,0,0,0,0
nearest,3.148,-1
cover,3.1809,0,0,0,0
nearest,3.1809,-1
cover,3.2081,0,0,0,0
nearest,3.2081,-1
cover,3.2383,0,0,0,0
nearest,3.2384,-1
cover,3.2659,0,0,0,0
nearest,3.2659,-1
cover,3.2982,0,0,0,0
nearest,3.2982,-1
cover,3.3253,0,0,0,0
nearest,3.3253,-1
cover,3.3577,0,0,0,0
nearest,3.3577,-1
cover,3.3845,0,0,0,0
nearest,3.3845,-1
cover,3.4142,0,0,0,0
nearest,3.4143,-1
cover,3.4421,0,0,0,0
nearest,3.4421,-1
cover,3.4712,0,0,0,0
nearest,3.4712,-1
cover,3.4991,0,0,0,0
nearest,3.4991,-1
cover,3.525,0,0,0,0
nearest,3.525,-1
cover,3.5564,0,0,0,0
nearest,3.5564,-1
cover,3.5883,0,0,0,0
nearest,3.5884,-1
cover,3.6174,0,0,0,0
nearest,3.6174,-1
cover,3.6434,0,0,0,0
nearest,3.6434,-1
cover,3.6719,0,0,0,0
nearest,3.6719,-1
cover,3.697,0,0,0,0
nearest,3.6971,-1
cover,3.7257,0,0,0,0
nearest,3.7257,-1
cover,3.7595,0,0,0,0
nearest,3.7596,-1
cover,3.804,0,0,0,0
nearest,3.804,-1
cover,3.839,0,0,0,0
nearest,3.839,-1
cover,3.871,0,0,0,0
nearest,3.871,-1
cover,3.9046,0,0,0,0
nearest,3.9046,-1
cover,3.9369,0,0,0,0
nearest,3.937,-1
cover,3.9669,0,0,0,0
nearest,3.9669,-1
cover,4.0014,0,0,0,0
nearest,4.0015,-1
cover,4.0342,0,0,0,0
nearest,4.0342,-1
cover,4.0673,0,0,0,0
nearest,4.0673,-1
cover,4.0987,0,0,0,0
nearest,4.0987,-1
cover,4.1264,0,0,0,0
nearest,4.1264,-1
cover,4.1578,0,0,0,0
nearest,4.1578,-1
cover,4.191,0,0,0,0
nearest,4.1911,-1
cover,4.2245,0,0,0,0
nearest,4.2245,-1
cover,4.2576,0,0,0,0
nearest,4.2576,-1
cover,4.2925,1,0,1,1
err,4.2925,-239.88,79.05
timing,4.2925,5.3,28.6
det,4.2925,953.75,851.5,172.75,275.5,0.515,Body
cover,4.3269,0,0,0,0
nearest,4.3269,-1
cover,4.361,0,0,0,0
nearest,4.361,-1
cover,4.4022,0,0,0,0
nearest,4.4022,-1
cover,4.4379,0,0,0,0
nearest,4.438,-1
cover,4.4698,1,1,0,1
err,4.4699,-174.62,13.14
timing,4.4699,5.3,25.8
det,4.4699,1075.75,767.62,59.25,82.75,0.541,Head
cover,4.4987,1,1,0,1
err,4.4988,-174.62,13.14
timing,4.4988,4.5,22.9
det,4.4988,1075.88,767.62,59.0,82.75,0.53,Head
cover,4.5261,0,0,0,0
nearest,4.5261,-1
cover,4.5579,0,0,0,0
nearest,4.5579,-1
cover,4.5889,0,0,0,0
nearest,4.5889,-1
cover,4.6207,0,0,0,0
nearest,4.6208,-1
cover,4.6535,0,0,0,0
nearest,4.6536,-1
cover,4.6853,0,0,0,0
nearest,4.6854,-1
cover,4.72,0,0,0,0
nearest,4.72,-1
cover,4.7551,0,0,0,0
nearest,4.7551,-1
cover,4.7886,0,0,0,0
nearest,4.7886,-1
cover,4.8248,0,0,0,0
nearest,4.8248,-1
cover,4.8584,0,0,0,0
nearest,4.8585,-1
cover,4.8903,0,0,0,0
nearest,4.8903,-1
cover,4.9216,0,0,0,0
nearest,4.9216,-1
cover,4.9533,0,0,0,0
nearest,4.9533,-1
cover,4.9831,0,0,0,0
nearest,4.9831,-1
cover,5.0094,0,0,0,0
nearest,5.0095,-1
cover,5.0431,0,0,0,0
nearest,5.0432,-1
cover,5.0754,0,0,0,0
nearest,5.0754,-1
cover,5.1071,0,0,0,0
nearest,5.1071,-1
cover,5.1402,0,0,0,0
nearest,5.1403,-1
cover,5.1705,0,0,0,0
nearest,5.1705,-1
cover,5.2006,0,0,0,0
nearest,5.2006,-1
cover,5.2338,0,0,0,0
nearest,5.2339,-1
cover,5.2671,0,0,0,0
nearest,5.2671,-1
cover,5.2925,0,0,0,0
nearest,5.2925,-1
cover,5.323,0,0,0,0
nearest,5.323,-1
cover,5.3576,0,0,0,0
nearest,5.3576,-1
cover,5.3888,0,0,0,0
nearest,5.3888,-1
cover,5.4221,0,0,0,0
nearest,5.4222,-1
cover,5.4546,0,0,0,0
nearest,5.4547,-1
cover,5.4828,0,0,0,0
nearest,5.4828,-1
cover,5.5173,0,0,0,0
nearest,5.5173,-1
cover,5.544,0,0,0,0
nearest,5.544,-1
cover,5.5766,0,0,0,0
nearest,5.5766,-1
cover,5.6094,0,0,0,0
nearest,5.6094,-1
cover,5.6459,0,0,0,0
nearest,5.646,-1
cover,5.6857,0,0,0,0
nearest,5.6858,-1
cover,5.7214,0,0,0,0
nearest,5.7214,-1
cover,5.7552,0,0,0,0
nearest,5.7552,-1
cover,5.7937,0,0,0,0
nearest,5.7937,-1
cover,5.8221,0,0,0,0
nearest,5.8222,-1
cover,5.8561,0,0,0,0
nearest,5.8561,-1
cover,5.8883,0,0,0,0
nearest,5.8884,-1
cover,5.922,0,0,0,0
nearest,5.922,-1
cover,5.955,0,0,0,0
nearest,5.955,-1
cover,5.986,0,0,0,0
nearest,5.986,-1
cover,6.0184,0,0,0,0
nearest,6.0184,-1
cover,6.051,0,0,0,0
nearest,6.051,-1
cover,6.0846,0,0,0,0
nearest,6.0846,-1
cover,6.1174,0,0,0,0
nearest,6.1174,-1
cover,6.1434,0,0,0,0
nearest,6.1434,-1
cover,6.1795,0,0,0,0
nearest,6.1796,-1
cover,6.2185,0,0,0,0
nearest,6.2185,-1
cover,6.2529,0,0,0,0
nearest,6.253,-1
cover,6.289,0,0,0,0
nearest,6.289,-1
cover,6.3225,0,0,0,0
nearest,6.3226,-1
cover,6.3596,0,0,0,0
nearest,6.3596,-1
cover,6.3905,0,0,0,0
nearest,6.3905,-1
cover,6.422,0,0,0,0
nearest,6.422,-1
cover,6.4564,0,0,0,0
nearest,6.4564,-1
cover,6.4868,0,0,0,0
nearest,6.4868,-1
cover,6.5171,0,0,0,0
nearest,6.5171,-1
cover,6.5458,0,0,0,0
nearest,6.5458,-1
cover,6.5865,0,0,0,0
nearest,6.5865,-1
cover,6.6202,0,0,0,0
nearest,6.6202,-1
cover,6.6544,0,0,0,0
nearest,6.6544,-1
cover,6.6852,0,0,0,0
nearest,6.6852,-1
cover,6.7179,0,0,0,0
nearest,6.718,-1
cover,6.7457,0,0,0,0
nearest,6.7457,-1
cover,6.7828,0,0,0,0
nearest,6.7828,-1
cover,6.8099,0,0,0,0
nearest,6.81,-1
cover,6.8431,0,0,0,0
nearest,6.8432,-1
cover,6.8746,0,0,0,0
nearest,6.8746,-1
cover,6.9085,0,0,0,0
nearest,6.9085,-1
cover,6.9398,0,0,0,0
nearest,6.9398,-1
cover,6.9721,0,0,0,0
nearest,6.9721,-1
cover,7.0051,0,0,0,0
nearest,7.0051,-1
cover,7.0569,0,0,0,0
nearest,7.0569,-1
cover,7.1046,0,0,0,0
nearest,7.1046,-1
cover,7.1462,0,0,0,0
nearest,7.1462,-1
cover,7.1862,0,0,0,0
nearest,7.1862,-1
cover,7.2188,0,0,0,0
nearest,7.2188,-1
cover,7.2519,0,0,0,0
nearest,7.2519,-1
cover,7.2874,0,0,0,0
nearest,7.2874,-1
cover,7.3198,0,0,0,0
nearest,7.3199,-1
cover,7.3532,0,0,0,0
nearest,7.3532,-1
cover,7.3865,0,0,0,0
nearest,7.3866,-1
cover,7.4188,0,0,0,0
nearest,7.4188,-1
cover,7.4524,0,0,0,0
nearest,7.4524,-1
cover,7.4797,0,0,0,0
nearest,7.4798,-1
cover,7.5169,0,0,0,0
nearest,7.5169,-1
cover,7.5468,0,0,0,0
nearest,7.5468,-1
cover,7.5807,0,0,0,0
nearest,7.5807,-1
cover,7.6121,0,0,0,0
nearest,7.6121,-1
cover,7.6433,0,0,0,0
nearest,7.6434,-1
cover,7.6738,0,0,0,0
nearest,7.6738,-1
cover,7.7057,0,0,0,0
nearest,7.7057,-1
cover,7.7365,0,0,0,0
nearest,7.7366,-1
cover,7.769,0,0,0,0
nearest,7.769,-1
cover,7.7964,0,0,0,0
nearest,7.7964,-1
cover,7.8272,0,0,0,0
nearest,7.8273,-1
cover,7.8586,0,0,0,0
nearest,7.8586,-1
cover,7.8877,0,0,0,0
nearest,7.8877,-1
cover,7.9202,0,0,0,0
nearest,7.9202,-1
cover,7.9494,0,0,0,0
nearest,7.9494,-1
cover,7.9807,0,0,0,0
nearest,7.9807,-1
cover,8.0126,0,0,0,0
nearest,8.0126,-1
cover,8.0447,0,0,0,0
nearest,8.0447,-1
cover,8.0772,0,0,0,0
nearest,8.0772,-1
cover,8.1077,0,0,0,0
nearest,8.1077,-1
cover,8.1368,0,0,0,0
nearest,8.1369,-1
cover,8.1676,0,0,0,0
nearest,8.1676,-1
cover,8.2048,0,0,0,0
nearest,8.2048,-1
cover,8.2359,0,0,0,0
nearest,8.2359,-1
cover,8.2684,0,0,0,0
nearest,8.2685,-1
cover,8.3056,0,0,0,0
nearest,8.3056,-1
cover,8.3406,0,0,0,0
nearest,8.3406,-1
cover,8.3735,0,0,0,0
nearest,8.3735,-1
cover,8.4042,0,0,0,0
nearest,8.4042,-1
cover,8.437,0,0,0,0
nearest,8.437,-1
cover,8.4701,0,0,0,0
nearest,8.4701,-1
cover,8.4966,0,0,0,0
nearest,8.4966,-1
cover,8.5301,0,0,0,0
nearest,8.5302,-1
cover,8.5625,0,0,0,0
nearest,8.5625,-1
cover,8.5934,0,0,0,0
nearest,8.5934,-1
cover,8.6279,0,0,0,0
nearest,8.628,-1
cover,8.6584,0,0,0,0
nearest,8.6584,-1
cover,8.6907,0,0,0,0
nearest,8.6907,-1
cover,8.7198,0,0,0,0
nearest,8.7198,-1
cover,8.7469,0,0,0,0
nearest,8.7469,-1
cover,8.7791,0,0,0,0
nearest,8.7791,-1
cover,8.8089,0,0,0,0
nearest,8.8089,-1
cover,8.8386,0,0,0,0
nearest,8.8386,-1
cover,8.8698,0,0,0,0
nearest,8.8698,-1
cover,8.8963,0,0,0,0
nearest,8.8963,-1
cover,8.9304,0,0,0,0
nearest,8.9304,-1
cover,8.9632,0,0,0,0
nearest,8.9633,-1
cover,8.9908,0,0,0,0
nearest,8.9908,-1
cover,9.0211,0,0,0,0
nearest,9.0211,-1
cover,9.0508,0,0,0,0
nearest,9.0508,-1
cover,9.0785,0,0,0,0
nearest,9.0786,-1
cover,9.1111,0,0,0,0
nearest,9.1112,-1
cover,9.1444,0,0,0,0
nearest,9.1444,-1
cover,9.1737,0,0,0,0
nearest,9.1737,-1
cover,9.2034,0,0,0,0
nearest,9.2034,-1
cover,9.2385,0,0,0,0
nearest,9.2385,-1
cover,9.2706,0,0,0,0
nearest,9.2706,-1
cover,9.3013,0,0,0,0
nearest,9.3014,-1
cover,9.3303,0,0,0,0
nearest,9.3303,-1
cover,9.3645,0,0,0,0
nearest,9.3645,-1
cover,9.398,0,0,0,0
nearest,9.398,-1
cover,9.4284,0,0,0,0
nearest,9.4284,-1
cover,9.4602,1,0,1,1
err,9.4603,-190.5,-3.95
timing,9.4603,5.7,25.2
det,9.4603,994.5,761.5,190.0,345.5,0.543,Body
cover,9.4938,0,0,0,0
nearest,9.4938,-1
cover,9.5261,0,0,0,0
nearest,9.5261,-1
cover,9.5603,0,0,0,0
nearest,9.5603,-1
cover,9.5927,0,0,0,0
nearest,9.5927,-1
cover,9.6247,0,0,0,0
nearest,9.6248,-1
cover,9.6582,0,0,0,0
nearest,9.6583,-1
cover,9.6868,0,0,0,0
nearest,9.6868,-1
cover,9.7124,0,0,0,0
nearest,9.7125,-1
cover,9.7439,0,0,0,0
nearest,9.7439,-1
cover,9.7747,0,0,0,0
nearest,9.7748,-1
cover,9.8062,0,0,0,0
nearest,9.8063,-1
cover,9.8378,0,0,0,0
nearest,9.8378,-1
cover,9.8676,0,0,0,0
nearest,9.8676,-1
cover,9.8966,0,0,0,0
nearest,9.8966,-1
cover,9.9265,0,0,0,0
nearest,9.9266,-1
cover,9.9571,0,0,0,0
nearest,9.9572,-1
cover,9.9864,0,0,0,0
nearest,9.9864,-1
cover,10.0112,0,0,0,0
nearest,10.0112,-1
cover,10.0424,0,0,0,0
nearest,10.0424,-1
cover,10.0729,0,0,0,0
nearest,10.0729,-1
cover,10.1053,1,0,1,1
err,10.1053,-193.19,-18.35
timing,10.1053,5.0,26.8
det,10.1053,995.88,750.5,181.88,311.5,0.509,Body
cover,10.138,0,0,0,0
nearest,10.138,-1
cover,10.1723,0,0,0,0
nearest,10.1723,-1
cover,10.2061,0,0,0,0
nearest,10.2061,-1
cover,10.2384,0,0,0,0
nearest,10.2384,-1
cover,10.2638,0,0,0,0
nearest,10.2638,-1
cover,10.2977,1,0,1,1
err,10.2977,-188.75,-19.3
timing,10.2977,6.9,26.2
det,10.2977,997.94,750.0,186.62,307.0,0.512,Body
cover,10.3295,0,0,0,0
nearest,10.3295,-1
cover,10.3622,1,0,1,1
err,10.3623,-189.25,-20.2
timing,10.3623,4.0,27.1
det,10.3623,996.75,748.62,188.0,311.75,0.51,Body
cover,10.398,0,0,0,0
nearest,10.398,-1
cover,10.4314,0,0,0,0
nearest,10.4314,-1
cover,10.4628,0,0,0,0
nearest,10.4628,-1
cover,10.4951,0,0,0,0
nearest,10.4952,-1
cover,10.5254,0,0,0,0
nearest,10.5254,-1
cover,10.555,0,0,0,0
nearest,10.555,-1
cover,10.5886,0,0,0,0
nearest,10.5887,-1
cover,10.619,0,0,0,0
nearest,10.6191,-1
cover,10.6562,0,0,0,0
nearest,10.6562,-1
cover,10.6896,0,0,0,0
nearest,10.6896,-1
cover,10.7233,0,0,0,0
nearest,10.7233,-1
cover,10.7566,0,0,0,0
nearest,10.7566,-1
cover,10.787,0,0,0,0
nearest,10.7871,-1
cover,10.8127,0,0,0,0
nearest,10.8127,-1
cover,10.8457,0,0,0,0
nearest,10.8457,-1
cover,10.8778,1,0,1,1
err,10.8779,-189.38,-19.2
timing,10.8779,4.9,26.4
det,10.8779,997.5,750.38,186.25,304.25,0.508,Body
cover,10.9116,0,0,0,0
nearest,10.9116,-1
cover,10.9465,0,0,0,0
nearest,10.9465,-1
cover,10.979,0,0,0,0
nearest,10.979,-1
cover,11.0125,1,0,1,1
err,11.0125,-188.38,-20.6
timing,11.0125,5.2,27.4
det,11.0125,997.75,748.5,187.75,309.0,0.521,Body
cover,11.0461,1,0,1,1
err,11.0462,-188.88,-21.2
timing,11.0462,5.5,26.6
det,11.0462,997.0,748.12,188.25,306.75,0.54,Body
cover,11.0761,0,0,0,0
nearest,11.0761,-1
cover,11.1086,0,0,0,0
nearest,11.1087,-1
cover,11.1413,0,0,0,0
nearest,11.1413,-1
cover,11.1726,0,0,0,0
nearest,11.1727,-1
cover,11.2049,0,0,0,0
nearest,11.205,-1
cover,11.2362,0,0,0,0
nearest,11.2363,-1
cover,11.271,0,0,0,0
nearest,11.2711,-1
cover,11.3073,0,0,0,0
nearest,11.3073,-1
cover,11.3434,0,0,0,0
nearest,11.3435,-1
cover,11.3771,0,0,0,0
nearest,11.3771,-1
cover,11.4109,0,0,0,0
nearest,11.4109,-1
cover,11.4426,0,0,0,0
nearest,11.4426,-1
cover,11.4728,0,0,0,0
nearest,11.4728,-1
cover,11.508,0,0,0,0
nearest,11.508,-1
cover,11.5418,0,0,0,0
nearest,11.5418,-1
cover,11.5778,0,0,0,0
nearest,11.5778,-1
cover,11.614,0,0,0,0
nearest,11.614,-1
cover,11.6574,0,0,0,0
nearest,11.6575,-1
cover,11.6899,0,0,0,0
nearest,11.6899,-1
cover,11.7245,0,0,0,0
nearest,11.7245,-1
cover,11.7614,0,0,0,0
nearest,11.7614,-1
cover,11.7948,0,0,0,0
nearest,11.7948,-1
cover,11.8295,0,0,0,0
nearest,11.8295,-1
cover,11.8639,0,0,0,0
nearest,11.8639,-1
cover,11.897,0,0,0,0
nearest,11.897,-1
cover,11.9311,0,0,0,0
nearest,11.9312,-1
cover,11.9651,0,0,0,0
nearest,11.9651,-1
cover,11.9984,0,0,0,0
nearest,11.9984,-1
cover,12.0286,0,0,0,0
nearest,12.0286,-1
cover,12.0588,0,0,0,0
nearest,12.0588,-1
cover,12.0919,0,0,0,0
nearest,12.0919,-1
cover,12.1249,0,0,0,0
nearest,12.1249,-1
cover,12.156,0,0,0,0
nearest,12.1561,-1
cover,12.1857,0,0,0,0
nearest,12.1858,-1
cover,12.2181,0,0,0,0
nearest,12.2181,-1
cover,12.2539,0,0,0,0
nearest,12.2539,-1
cover,12.2917,0,0,0,0
nearest,12.2917,-1
cover,12.3286,0,0,0,0
nearest,12.3286,-1
cover,12.3666,0,0,0,0
nearest,12.3666,-1
cover,12.4088,0,0,0,0
nearest,12.4088,-1
cover,12.4409,0,0,0,0
nearest,12.4409,-1
cover,12.4683,0,0,0,0
nearest,12.4683,-1
cover,12.4991,0,0,0,0
nearest,12.4991,-1
cover,12.5311,0,0,0,0
nearest,12.5311,-1
cover,12.5642,0,0,0,0
nearest,12.5642,-1
cover,12.6005,0,0,0,0
nearest,12.6005,-1
cover,12.6373,0,0,0,0
nearest,12.6373,-1
cover,12.671,0,0,0,0
nearest,12.6711,-1
cover,12.7031,0,0,0,0
nearest,12.7031,-1
cover,12.729,0,0,0,0
nearest,12.729,-1
cover,12.7578,0,0,0,0
nearest,12.7578,-1
cover,12.7889,1,0,1,1
err,12.789,-234.25,-19.9
timing,12.789,3.6,26.8
det,12.789,951.5,750.38,188.5,297.25,0.511,Body
cover,12.8227,0,0,0,0
nearest,12.8227,-1
cover,12.8581,0,0,0,0
nearest,12.8581,-1
cover,12.8902,0,0,0,0
nearest,12.8902,-1
cover,12.922,1,0,1,1
err,12.922,-199.5,40.8
timing,12.922,2.3,28.7
det,12.922,1049.09,830.25,62.81,105.5,0.509,Body
cover,12.9546,1,0,1,1
err,12.9546,-194.62,40.7
timing,12.9546,2.2,28.8
det,12.9546,1055.0,830.12,60.75,105.75,0.529,Body
cover,12.9835,0,0,0,0
nearest,12.9835,-1
cover,13.0136,0,0,0,0
nearest,13.0137,-1
cover,13.0447,1,0,1,0
nearest,13.0447,-1
cover,13.073,0,0,0,0
nearest,13.073,-1
cover,13.1001,2,0,2,1
err,13.1001,-212.38,41.1
timing,13.1001,1.8,24.0
det,13.1001,1038.34,830.62,58.56,104.75,0.542,Body
det,13.1001,958.19,719.5,118.12,261.0,0.522,Body
cover,13.1316,0,0,0,0
nearest,13.1316,-1
cover,13.164,0,0,0,0
nearest,13.164,-1
cover,13.1912,1,0,1,1
err,13.1912,-198.88,41.35
timing,13.1912,4.8,21.5
det,13.1912,1049.88,830.5,62.5,108.5,0.587,Body
cover,13.2179,0,0,0,0
nearest,13.218,-1
cover,13.2494,0,0,0,0
nearest,13.2494,-1
cover,13.2803,0,0,0,0
nearest,13.2803,-1
cover,13.3087,1,0,1,1
err,13.3087,-192.0,42.0
timing,13.3087,3.8,23.8
det,13.3087,1056.91,831.5,62.19,105.0,0.515,Body
cover,13.3432,1,0,1,1
err,13.3433,-191.88,41.9
timing,13.3433,4.4,28.4
det,13.3433,1057.09,831.38,62.06,105.25,0.515,Body
cover,13.3777,0,0,0,0
nearest,13.3777,-1
cover,13.4103,0,0,0,0
nearest,13.4103,-1
cover,13.4404,0,0,0,0
nearest,13.4404,-1
cover,13.4645,0,0,0,0
nearest,13.4645,-1
cover,13.4896,0,0,0,0
nearest,13.4896,-1
cover,13.5153,0,0,0,0
nearest,13.5153,-1
cover,13.5434,0,0,0,0
nearest,13.5434,-1
cover,13.573,0,0,0,0
nearest,13.573,-1
cover,13.5961,0,0,0,0
nearest,13.5961,-1
cover,13.6249,0,0,0,0
nearest,13.6249,-1
cover,13.6525,0,0,0,0
nearest,13.6525,-1
cover,13.6808,0,0,0,0
nearest,13.6808,-1
cover,13.7096,1,0,1,0
nearest,13.7096,-1
cover,13.7389,0,0,0,0
nearest,13.7389,-1
cover,13.764,0,0,0,0
nearest,13.764,-1
cover,13.791,1,0,1,1
err,13.7911,-238.94,-15.0
timing,13.7911,4.3,22.0
det,13.7911,951.75,756.0,178.62,290.0,0.571,Body
cover,13.8163,0,0,0,0
nearest,13.8163,-1
cover,13.8499,1,0,1,0
nearest,13.8499,-1
cover,13.8856,1,0,1,0
nearest,13.8856,-1
cover,13.9213,0,0,0,0
nearest,13.9213,-1
cover,13.9602,0,0,0,0
nearest,13.9602,-1
cover,13.9958,0,0,0,0
nearest,13.9958,-1
cover,14.0287,0,0,0,0
nearest,14.0288,-1
cover,14.0588,0,0,0,0
nearest,14.0589,-1
cover,14.0854,0,0,0,0
nearest,14.0854,-1
cover,14.1171,0,0,0,0
nearest,14.1171,-1
cover,14.1484,0,0,0,0
nearest,14.1485,-1
cover,14.1804,0,0,0,0
nearest,14.1804,-1
cover,14.2205,0,0,0,0
nearest,14.2205,-1
cover,14.2621,0,0,0,0
nearest,14.2621,-1
cover,14.2969,0,0,0,0
nearest,14.297,-1
cover,14.33,0,0,0,0
nearest,14.33,-1
cover,14.3643,0,0,0,0
nearest,14.3643,-1
cover,14.3931,0,0,0,0
nearest,14.3931,-1
cover,14.4248,0,0,0,0
nearest,14.4248,-1
cover,14.4553,0,0,0,0
nearest,14.4554,-1
cover,14.4912,0,0,0,0
nearest,14.4913,-1
cover,14.5255,0,0,0,0
nearest,14.5256,-1
cover,14.5625,0,0,0,0
nearest,14.5625,-1
cover,14.5955,0,0,0,0
nearest,14.5956,-1
cover,14.6322,0,0,0,0
nearest,14.6322,-1
cover,14.6674,0,0,0,0
nearest,14.6674,-1
cover,14.7,0,0,0,0
nearest,14.7001,-1
cover,14.734,0,0,0,0
nearest,14.734,-1
cover,14.7595,0,0,0,0
nearest,14.7595,-1
cover,14.7864,0,0,0,0
nearest,14.7864,-1
cover,14.8176,0,0,0,0
nearest,14.8176,-1
cover,14.8498,0,0,0,0
nearest,14.8498,-1
cover,14.8837,0,0,0,0
nearest,14.8837,-1
cover,14.9183,0,0,0,0
nearest,14.9184,-1
cover,14.9609,0,0,0,0
nearest,14.961,-1
cover,14.9936,0,0,0,0
nearest,14.9936,-1
cover,15.0304,0,0,0,0
nearest,15.0304,-1
cover,15.0608,0,0,0,0
nearest,15.0609,-1
cover,15.0937,0,0,0,0
nearest,15.0937,-1
cover,15.1256,0,0,0,0
nearest,15.1256,-1
cover,15.1573,0,0,0,0
nearest,15.1573,-1
cover,15.1923,0,0,0,0
nearest,15.1923,-1
cover,15.2293,0,0,0,0
nearest,15.2293,-1
cover,15.256,0,0,0,0
nearest,15.256,-1
cover,15.2846,0,0,0,0
nearest,15.2846,-1
cover,15.3101,0,0,0,0
nearest,15.3101,-1
cover,15.3347,0,0,0,0
nearest,15.3347,-1
cover,15.3635,0,0,0,0
nearest,15.3635,-1
cover,15.3932,0,0,0,0
nearest,15.3932,-1
cover,15.4243,0,0,0,0
nearest,15.4243,-1
cover,15.4564,0,0,0,0
nearest,15.4564,-1
cover,15.4885,0,0,0,0
nearest,15.4886,-1
cover,15.528,0,0,0,0
nearest,15.528,-1
cover,15.5616,0,0,0,0
nearest,15.5617,-1
cover,15.6035,0,0,0,0
nearest,15.6035,-1
cover,15.6442,0,0,0,0
nearest,15.6442,-1
cover,15.6778,0,0,0,0
nearest,15.6778,-1
cover,15.7105,0,0,0,0
nearest,15.7105,-1
cover,15.7463,0,0,0,0
nearest,15.7464,-1
cover,15.7802,0,0,0,0
nearest,15.7802,-1
cover,15.8149,0,0,0,0
nearest,15.8149,-1
cover,15.85,0,0,0,0
nearest,15.85,-1
cover,15.8803,0,0,0,0
nearest,15.8803,-1
cover,15.9124,0,0,0,0
nearest,15.9124,-1
cover,15.9455,0,0,0,0
nearest,15.9455,-1
cover,15.9798,0,0,0,0
nearest,15.9798,-1
cover,16.0126,0,0,0,0
nearest,16.0126,-1
cover,16.0469,0,0,0,0
nearest,16.0469,-1
cover,16.0811,0,0,0,0
nearest,16.0812,-1
cover,16.1142,0,0,0,0
nearest,16.1142,-1
cover,16.1438,0,0,0,0
nearest,16.1438,-1
cover,16.1784,0,0,0,0
nearest,16.1784,-1
cover,16.2168,0,0,0,0
nearest,16.2168,-1
cover,16.2624,0,0,0,0
nearest,16.2625,-1
cover,16.2936,0,0,0,0
nearest,16.2936,-1
cover,16.3281,0,0,0,0
nearest,16.3281,-1
cover,16.3592,0,0,0,0
nearest,16.3592,-1
cover,16.3948,0,0,0,0
nearest,16.3949,-1
cover,16.426,0,0,0,0
nearest,16.426,-1
cover,16.4575,0,0,0,0
nearest,16.4575,-1
cover,16.4879,0,0,0,0
nearest,16.4879,-1
cover,16.5251,0,0,0,0
nearest,16.5251,-1
cover,16.5572,0,0,0,0
nearest,16.5572,-1
cover,16.5872,0,0,0,0
nearest,16.5872,-1
cover,16.6214,0,0,0,0
nearest,16.6214,-1
cover,16.6561,0,0,0,0
nearest,16.6561,-1
cover,16.6938,0,0,0,0
nearest,16.6938,-1
cover,16.727,0,0,0,0
nearest,16.727,-1
cover,16.7679,2,1,1,0
nearest,16.7679,342.9
cover,16.8015,2,1,1,0
nearest,16.8015,342.7
cover,16.8341,2,1,1,0
nearest,16.8341,342.8
cover,16.8669,2,1,1,0
nearest,16.867,342.7
cover,16.8922,2,1,1,0
nearest,16.8922,342.8
cover,16.9238,2,1,1,0
nearest,16.9239,342.7
cover,16.9561,2,1,1,0
nearest,16.9561,342.7
cover,16.9856,2,1,1,0
nearest,16.9856,342.8
cover,17.0264,2,1,1,0
nearest,17.0264,342.8
cover,17.0588,2,1,1,0
nearest,17.0588,342.8
cover,17.0927,2,1,1,0
nearest,17.0927,342.7
cover,17.1266,2,1,1,0
nearest,17.1266,342.7
cover,17.1573,2,1,1,0
nearest,17.1574,342.7
cover,17.1937,2,1,1,0
nearest,17.1937,342.7
cover,17.2305,2,1,1,0
nearest,17.2305,342.7
cover,17.2597,0,0,0,0
nearest,17.2597,-1
cover,17.2943,0,0,0,0
nearest,17.2944,-1
cover,17.3215,0,0,0,0
nearest,17.3215,-1
cover,17.3511,0,0,0,0
nearest,17.3512,-1
cover,17.3827,0,0,0,0
nearest,17.3827,-1
cover,17.4102,0,0,0,0
nearest,17.4102,-1
cover,17.4397,0,0,0,0
nearest,17.4397,-1
cover,17.4665,0,0,0,0
nearest,17.4665,-1
cover,17.4929,0,0,0,0
nearest,17.493,-1
cover,17.5188,0,0,0,0
nearest,17.5188,-1
cover,17.55,0,0,0,0
nearest,17.55,-1
cover,17.5783,0,0,0,0
nearest,17.5783,-1
cover,17.6086,0,0,0,0
nearest,17.6086,-1
cover,17.6356,0,0,0,0
nearest,17.6356,-1
cover,17.6649,0,0,0,0
nearest,17.6649,-1
cover,17.6926,0,0,0,0
nearest,17.6926,-1
cover,17.7188,0,0,0,0
nearest,17.7188,-1
cover,17.7451,0,0,0,0
nearest,17.7451,-1
cover,17.7724,0,0,0,0
nearest,17.7724,-1
cover,17.7978,0,0,0,0
nearest,17.7978,-1
cover,17.826,0,0,0,0
nearest,17.826,-1
cover,17.856,0,0,0,0
nearest,17.856,-1
cover,17.8827,0,0,0,0
nearest,17.8827,-1
cover,17.91,0,0,0,0
nearest,17.9101,-1
cover,17.9403,0,0,0,0
nearest,17.9403,-1
cover,17.9672,0,0,0,0
nearest,17.9672,-1
cover,17.9968,0,0,0,0
nearest,17.9969,-1
cover,18.0259,0,0,0,0
nearest,18.0259,-1
cover,18.0512,0,0,0,0
nearest,18.0513,-1
cover,18.0763,0,0,0,0
nearest,18.0763,-1
cover,18.1047,0,0,0,0
nearest,18.1047,-1
cover,18.1377,0,0,0,0
nearest,18.1377,-1
cover,18.1691,0,0,0,0
nearest,18.1691,-1
cover,18.1978,0,0,0,0
nearest,18.1978,-1
cover,18.2298,0,0,0,0
nearest,18.2298,-1
cover,18.2717,2,1,1,0
nearest,18.2717,345.8
cover,18.3116,0,0,0,0
nearest,18.3116,-1
cover,18.3659,0,0,0,0
nearest,18.366,-1
cover,18.4018,0,0,0,0
nearest,18.4018,-1
cover,18.4335,0,0,0,0
nearest,18.4336,-1
cover,18.4622,0,0,0,0
nearest,18.4623,-1
cover,18.4929,0,0,0,0
nearest,18.493,-1
cover,18.5247,0,0,0,0
nearest,18.5247,-1
cover,18.5538,0,0,0,0
nearest,18.5538,-1
cover,18.5873,0,0,0,0
nearest,18.5873,-1
cover,18.6196,0,0,0,0
nearest,18.6197,-1
cover,18.6522,0,0,0,0
nearest,18.6522,-1
cover,18.6825,0,0,0,0
nearest,18.6825,-1
cover,18.7161,0,0,0,0
nearest,18.7161,-1
cover,18.7498,0,0,0,0
nearest,18.7499,-1
cover,18.7962,0,0,0,0
nearest,18.7962,-1
cover,18.831,0,0,0,0
nearest,18.831,-1
cover,18.862,0,0,0,0
nearest,18.862,-1
cover,18.9,0,0,0,0
nearest,18.9001,-1
cover,18.9309,2,1,1,0
nearest,18.9309,345.7
cover,18.9627,2,1,1,0
nearest,18.9628,345.8
cover,18.9975,2,1,1,0
nearest,18.9975,345.8
cover,19.0282,2,1,1,0
nearest,19.0283,345.8
cover,19.0595,2,1,1,0
nearest,19.0596,345.8
cover,19.0902,2,1,1,0
nearest,19.0902,345.8
cover,19.1211,2,1,1,0
nearest,19.1212,345.8
cover,19.1559,2,1,1,0
nearest,19.1559,345.8
cover,19.1873,2,1,1,0
nearest,19.1874,345.8
cover,19.2159,2,1,1,0
nearest,19.216,345.8
cover,19.2638,0,0,0,0
nearest,19.2639,-1
cover,19.289,0,0,0,0
nearest,19.289,-1
cover,19.3164,0,0,0,0
nearest,19.3164,-1
cover,19.3431,0,0,0,0
nearest,19.3431,-1
cover,19.3691,0,0,0,0
nearest,19.3691,-1
cover,19.4017,0,0,0,0
nearest,19.4017,-1
cover,19.4381,0,0,0,0
nearest,19.4381,-1
cover,19.4718,0,0,0,0
nearest,19.4719,-1
cover,19.5136,0,0,0,0
nearest,19.5136,-1
cover,19.5477,0,0,0,0
nearest,19.5477,-1
cover,19.5798,0,0,0,0
nearest,19.5798,-1
cover,19.6103,0,0,0,0
nearest,19.6103,-1
cover,19.6436,0,0,0,0
nearest,19.6436,-1
cover,19.6784,0,0,0,0
nearest,19.6785,-1
cover,19.7123,0,0,0,0
nearest,19.7124,-1
cover,19.7465,0,0,0,0
nearest,19.7465,-1
cover,19.7803,0,0,0,0
nearest,19.7803,-1
cover,19.8153,0,0,0,0
nearest,19.8153,-1
cover,19.8508,0,0,0,0
nearest,19.8509,-1
cover,19.8839,0,0,0,0
nearest,19.8839,-1
cover,19.9145,0,0,0,0
nearest,19.9145,-1
cover,19.9456,0,0,0,0
nearest,19.9456,-1
cover,19.9786,0,0,0,0
nearest,19.9786,-1
cover,20.0119,0,0,0,0
nearest,20.012,-1
cover,20.0459,0,0,0,0
nearest,20.0459,-1
cover,20.0818,0,0,0,0
nearest,20.0818,-1
cover,20.1174,0,0,0,0
nearest,20.1174,-1
cover,20.1565,0,0,0,0
nearest,20.1565,-1
cover,20.1932,0,0,0,0
nearest,20.1932,-1
cover,20.2283,0,0,0,0
nearest,20.2283,-1
cover,20.2547,0,0,0,0
nearest,20.2547,-1
cover,20.2972,0,0,0,0
nearest,20.2972,-1
cover,20.33,0,0,0,0
nearest,20.3301,-1
cover,20.3666,0,0,0,0
nearest,20.3667,-1
cover,20.3999,0,0,0,0
nearest,20.3999,-1
cover,20.4331,0,0,0,0
nearest,20.4331,-1
cover,20.466,0,0,0,0
nearest,20.466,-1
cover,20.4989,0,0,0,0
nearest,20.499,-1
cover,20.5297,0,0,0,0
nearest,20.5298,-1
cover,20.5631,0,0,0,0
nearest,20.5631,-1
cover,20.5975,0,0,0,0
nearest,20.5975,-1
cover,20.6325,0,0,0,0
nearest,20.6325,-1
cover,20.6643,0,0,0,0
nearest,20.6644,-1
cover,20.6994,0,0,0,0
nearest,20.6994,-1
cover,20.7298,0,0,0,0
nearest,20.7298,-1
cover,20.763,0,0,0,0
nearest,20.763,-1
cover,20.7952,0,0,0,0
nearest,20.7952,-1
cover,20.823,0,0,0,0
nearest,20.823,-1
cover,20.8565,0,0,0,0
nearest,20.8566,-1
cover,20.889,0,0,0,0
nearest,20.8891,-1
cover,20.9189,0,0,0,0
nearest,20.919,-1
cover,20.9518,0,0,0,0
nearest,20.9518,-1
cover,20.9839,0,0,0,0
nearest,20.9839,-1
cover,21.0152,1,0,1,1
err,21.0153,-155.25,43.1
timing,21.0153,5.6,24.7
det,21.0153,1029.75,809.0,190.0,341.0,0.536,Body
cover,21.0483,1,0,1,1
err,21.0484,-149.25,68.85
timing,21.0484,4.6,26.5
det,21.0484,1040.5,840.0,180.5,288.5,0.517,Body
cover,21.0819,0,0,0,0
nearest,21.082,-1
cover,21.1135,0,0,0,0
nearest,21.1135,-1
cover,21.1475,2,1,1,1
err,21.1476,-113.5,79.64
timing,21.1476,5.4,27.5
det,21.1476,1138.06,834.12,56.88,82.75,0.612,Head
det,21.1476,1040.0,860.5,183.5,262.0,0.516,Body
cover,21.181,2,1,1,1
err,21.181,-113.12,80.64
timing,21.181,4.6,26.9
det,21.181,1138.5,835.12,56.75,82.75,0.643,Head
det,21.181,1041.0,862.25,185.5,259.5,0.521,Body
cover,21.2171,1,1,0,1
err,21.2172,-113.25,80.65
timing,21.2172,6.4,28.2
det,21.2172,1138.19,835.0,57.12,83.0,0.63,Head
cover,21.2518,0,0,0,0
nearest,21.2518,-1
cover,21.2871,0,0,0,0
nearest,21.2872,-1
cover,21.3226,1,1,0,1
err,21.3227,-94.12,23.75
timing,21.3227,5.6,28.9
det,21.3227,1156.75,779.75,58.25,80.0,0.564,Head
cover,21.3639,0,0,0,0
nearest,21.3639,-1
cover,21.4017,0,0,0,0
nearest,21.4017,-1
cover,21.4344,0,0,0,0
nearest,21.4344,-1
cover,21.468,0,0,0,0
nearest,21.468,-1
cover,21.5065,0,0,0,0
nearest,21.5065,-1
cover,21.5412,0,0,0,0
nearest,21.5413,-1
cover,21.5822,0,0,0,0
nearest,21.5822,-1
cover,21.6195,1,0,1,1
err,21.6195,-118.12,27.95
timing,21.6195,6.7,29.5
det,21.6195,1074.75,793.5,174.25,344.5,0.509,Body
cover,21.652,0,0,0,0
nearest,21.6521,-1
cover,21.6887,1,0,1,1
err,21.6887,-117.62,29.4
timing,21.6887,5.9,29.2
det,21.6887,1075.5,795.38,173.75,340.25,0.517,Body
cover,21.7237,1,0,1,1
err,21.7237,-117.75,28.9
timing,21.7237,5.4,27.9
det,21.7237,1075.25,794.88,174.0,340.25,0.512,Body
cover,21.7629,1,0,1,1
err,21.763,-118.12,30.25
timing,21.763,4.9,32.4
det,21.763,1075.75,796.5,172.25,337.5,0.51,Body
cover,21.8035,1,0,1,1
err,21.8035,-117.62,29.2
timing,21.8035,7.4,28.0
det,21.8035,1076.5,795.12,171.75,340.75,0.511,Body
cover,21.838,0,0,0,0
nearest,21.8381,-1
cover,21.8742,0,0,0,0
nearest,21.8743,-1
cover,21.9069,0,0,0,0
nearest,21.9069,-1
cover,21.9417,0,0,0,0
nearest,21.9418,-1
cover,21.9839,0,0,0,0
nearest,21.9839,-1
cover,22.0154,0,0,0,0
nearest,22.0154,-1
cover,22.0471,0,0,0,0
nearest,22.0472,-1
cover,22.082,0,0,0,0
nearest,22.0821,-1
cover,22.1139,0,0,0,0
nearest,22.1139,-1
cover,22.1491,1,0,1,1
err,22.1492,-116.62,31.1
timing,22.1492,5.2,29.1
det,22.1492,1076.75,798.0,173.25,331.0,0.507,Body
cover,22.1817,0,0,0,0
nearest,22.1818,-1
cover,22.2139,0,0,0,0
nearest,22.2139,-1
cover,22.251,1,0,1,1
err,22.2511,-115.75,29.8
timing,22.2511,8.5,27.6
det,22.2511,1076.94,796.38,174.62,334.25,0.508,Body
cover,22.2875,1,0,1,1
err,22.2876,-116.88,29.8
timing,22.2876,3.5,30.6
det,22.2876,1076.75,796.38,172.75,334.25,0.554,Body
cover,22.3216,0,0,0,0
nearest,22.3217,-1
cover,22.3674,0,0,0,0
nearest,22.3674,-1
cover,22.4026,0,0,0,0
nearest,22.4026,-1
cover,22.4374,0,0,0,0
nearest,22.4375,-1
cover,22.4746,0,0,0,0
nearest,22.4746,-1
cover,22.507,1,0,1,1
err,22.5071,-118.0,31.8
timing,22.5071,6.5,25.2
det,22.5071,1072.94,798.12,178.12,336.75,0.559,Body
cover,22.5396,1,0,1,1
err,22.5397,-118.25,27.6
timing,22.5397,4.4,26.6
det,22.5397,1075.06,793.5,173.38,341.0,0.562,Body
cover,22.5742,1,0,1,1
err,22.5742,-118.5,30.8
timing,22.5742,6.2,26.8
det,22.5742,1072.25,797.0,178.5,338.0,0.537,Body
cover,22.6158,1,0,1,1
err,22.6158,-118.5,28.8
timing,22.6158,5.4,34.3
det,22.6158,1075.25,795.0,172.5,338.0,0.527,Body
cover,22.6518,1,0,1,1
err,22.6519,-119.5,33.4
timing,22.6519,4.8,29.2
det,22.6519,1074.5,800.12,172.0,332.75,0.572,Body
cover,22.6858,1,0,1,1
err,22.6859,-119.62,32.85
timing,22.6859,4.5,28.0
det,22.6859,1074.0,799.5,172.75,333.5,0.559,Body
cover,22.7217,1,0,1,1
err,22.7218,-119.12,32.4
timing,22.7218,5.7,28.5
det,22.7218,1074.25,798.88,173.25,335.25,0.555,Body
cover,22.756,1,0,1,1
err,22.7561,-118.88,32.9
timing,22.7561,4.3,28.3
det,22.7561,1074.25,799.5,173.75,334.0,0.574,Body
cover,22.7996,1,0,1,1
err,22.7997,-119.25,32.95
timing,22.7997,4.9,36.8
det,22.7997,1073.75,799.5,174.0,334.5,0.579,Body
cover,22.8362,1,0,1,1
err,22.8362,-119.0,32.55
timing,22.8362,5.5,29.3
det,22.8362,1073.44,799.0,175.12,335.5,0.572,Body
cover,22.8721,1,0,1,1
err,22.8721,-117.12,27.9
timing,22.8721,4.9,29.3
det,22.8721,1077.0,794.12,171.75,337.75,0.578,Body
cover,22.907,1,0,1,1
err,22.907,-117.12,28.7
timing,22.907,4.3,29.0
det,22.907,1076.25,795.0,173.25,337.0,0.541,Body
cover,22.9402,1,0,1,1
err,22.9403,-117.25,29.05
timing,22.9403,4.5,27.0
det,22.9403,1077.0,795.5,171.5,335.5,0.549,Body
cover,22.9743,1,0,1,1
err,22.9743,-116.75,28.55
timing,22.9743,6.6,25.8
det,22.9743,1077.0,795.0,172.5,335.5,0.534,Body
cover,23.0104,1,0,1,1
err,23.0104,-119.25,25.95
timing,23.0104,4.7,29.7
det,23.0104,1068.25,792.5,185.0,334.5,0.533,Body
cover,23.0518,0,0,0,0
nearest,23.0519,-1
cover,23.0912,0,0,0,0
nearest,23.0913,-1
cover,23.1316,0,0,0,0
nearest,23.1317,-1
cover,23.1667,0,0,0,0
nearest,23.1667,-1
cover,23.2016,0,0,0,0
nearest,23.2017,-1
cover,23.233,0,0,0,0
nearest,23.233,-1
cover,23.2666,0,0,0,0
nearest,23.2667,-1
cover,23.3003,2,1,1,1
err,23.3003,-278.88,10.73
timing,23.3003,4.2,28.6
det,23.3003,970.64,764.25,60.97,84.5,0.64,Head
det,23.3003,958.81,750.5,127.88,301.0,0.575,Body
cover,23.339,1,0,1,1
err,23.3391,-257.75,-19.35
timing,23.3391,6.6,30.2
det,23.3391,958.06,751.0,128.38,296.5,0.558,Body
cover,23.3812,1,1,0,1
err,23.3812,-284.31,8.58
timing,23.3812,4.8,35.5
det,23.3812,965.02,763.75,61.34,81.5,0.641,Head
cover,23.4206,1,0,1,1
err,23.4207,-271.19,-20.7
timing,23.4207,2.6,33.4
det,23.4207,958.12,751.38,101.38,279.25,0.51,Body
cover,23.4615,1,0,1,0
nearest,23.4615,-1
cover,23.5005,0,0,0,0
nearest,23.5006,-1
cover,23.534,1,0,1,0
nearest,23.534,-1
cover,23.5607,1,0,1,0
nearest,23.5607,-1
cover,23.5895,1,0,1,0
nearest,23.5895,-1
cover,23.6195,1,0,1,0
nearest,23.6195,-1
cover,23.6483,1,0,1,0
nearest,23.6483,-1
cover,23.6797,0,0,0,0
nearest,23.6797,-1
cover,23.7117,0,0,0,0
nearest,23.7117,-1
cover,23.7422,0,0,0,0
nearest,23.7423,-1
cover,23.7979,0,0,0,0
nearest,23.7979,-1
cover,23.8583,0,0,0,0
nearest,23.8583,-1
cover,23.893,0,0,0,0
nearest,23.893,-1
cover,23.9285,0,0,0,0
nearest,23.9285,-1
cover,23.9707,0,0,0,0
nearest,23.9707,-1
cover,24.0239,0,0,0,0
nearest,24.024,-1
cover,24.0603,0,0,0,0
nearest,24.0603,-1
cover,24.0984,0,0,0,0
nearest,24.0984,-1
cover,24.1318,0,0,0,0
nearest,24.1318,-1
cover,24.1634,0,0,0,0
nearest,24.1634,-1
cover,24.1992,0,0,0,0
nearest,24.1992,-1
cover,24.2329,0,0,0,0
nearest,24.2329,-1
cover,24.2654,0,0,0,0
nearest,24.2654,-1
cover,24.2942,0,0,0,0
nearest,24.2942,-1
cover,24.3228,0,0,0,0
nearest,24.3229,-1
cover,24.3543,0,0,0,0
nearest,24.3543,-1
cover,24.3863,0,0,0,0
nearest,24.3864,-1
cover,24.4218,0,0,0,0
nearest,24.4219,-1
cover,24.4554,0,0,0,0
nearest,24.4554,-1
cover,24.4888,0,0,0,0
nearest,24.4888,-1
cover,24.5192,0,0,0,0
nearest,24.5192,-1
cover,24.5469,0,0,0,0
nearest,24.5469,-1
cover,24.5767,0,0,0,0
nearest,24.5767,-1
cover,24.6062,0,0,0,0
nearest,24.6063,-1
cover,24.6359,0,0,0,0
nearest,24.636,-1
cover,24.6653,0,0,0,0
nearest,24.6653,-1
cover,24.6996,0,0,0,0
nearest,24.6996,-1
cover,24.7316,0,0,0,0
nearest,24.7316,-1
cover,24.7668,0,0,0,0
nearest,24.7669,-1
cover,24.8043,0,0,0,0
nearest,24.8044,-1
cover,24.851,2,1,1,0
nearest,24.851,319.8
cover,24.8928,2,1,1,0
nearest,24.8929,319.9
cover,24.9258,2,1,1,0
nearest,24.9258,320.0
cover,24.9621,2,1,1,0
nearest,24.9621,319.9
cover,24.992,2,1,1,0
nearest,24.992,319.9
cover,25.0228,2,1,1,0
nearest,25.0228,320.0
cover,25.0559,2,1,1,0
nearest,25.056,320.0
cover,25.0915,2,1,1,0
nearest,25.0915,319.9
cover,25.121,2,1,1,0
nearest,25.121,320.0
cover,25.1532,2,1,1,0
nearest,25.1532,319.9
cover,25.1868,2,1,1,0
nearest,25.1869,320.0
cover,25.216,2,1,1,0
nearest,25.216,320.0
cover,25.2506,2,1,1,0
nearest,25.2507,320.0
cover,25.3052,0,0,0,0
nearest,25.3052,-1
cover,25.3494,0,0,0,0
nearest,25.3494,-1
cover,25.3933,0,0,0,0
nearest,25.3933,-1
cover,25.4371,0,0,0,0
nearest,25.4372,-1
cover,25.4717,0,0,0,0
nearest,25.4717,-1
cover,25.5061,0,0,0,0
nearest,25.5061,-1
cover,25.541,0,0,0,0
nearest,25.541,-1
cover,25.5753,0,0,0,0
nearest,25.5753,-1
cover,25.6089,0,0,0,0
nearest,25.609,-1
cover,25.6429,0,0,0,0
nearest,25.643,-1
cover,25.6784,0,0,0,0
nearest,25.6784,-1
cover,25.7123,0,0,0,0
nearest,25.7124,-1
cover,25.7455,0,0,0,0
nearest,25.7455,-1
cover,25.7798,0,0,0,0
nearest,25.7798,-1
cover,25.8126,0,0,0,0
nearest,25.8127,-1
cover,25.8532,0,0,0,0
nearest,25.8532,-1
cover,25.89,0,0,0,0
nearest,25.89,-1
cover,25.9411,0,0,0,0
nearest,25.9411,-1
cover,25.9938,0,0,0,0
nearest,25.9939,-1
cover,26.0304,0,0,0,0
nearest,26.0305,-1
cover,26.0625,0,0,0,0
nearest,26.0625,-1
cover,26.0937,0,0,0,0
nearest,26.0938,-1
cover,26.1261,0,0,0,0
nearest,26.1261,-1
cover,26.1575,0,0,0,0
nearest,26.1575,-1
cover,26.1917,0,0,0,0
nearest,26.1918,-1
cover,26.2232,0,0,0,0
nearest,26.2233,-1
cover,26.2596,0,0,0,0
nearest,26.2596,-1
cover,26.291,0,0,0,0
nearest,26.291,-1
cover,26.3234,0,0,0,0
nearest,26.3234,-1
cover,26.3563,0,0,0,0
nearest,26.3563,-1
cover,26.3908,0,0,0,0
nearest,26.3908,-1
cover,26.4212,0,0,0,0
nearest,26.4212,-1
cover,26.4553,0,0,0,0
nearest,26.4554,-1
cover,26.4869,0,0,0,0
nearest,26.4869,-1
cover,26.521,0,0,0,0
nearest,26.521,-1
cover,26.5531,0,0,0,0
nearest,26.5532,-1
cover,26.5813,0,0,0,0
nearest,26.5813,-1
cover,26.6221,0,0,0,0
nearest,26.6221,-1
cover,26.6582,0,0,0,0
nearest,26.6582,-1
cover,26.691,0,0,0,0
nearest,26.691,-1
cover,26.7226,0,0,0,0
nearest,26.7226,-1
cover,26.7571,0,0,0,0
nearest,26.7572,-1
cover,26.7909,0,0,0,0
nearest,26.7909,-1
cover,26.825,0,0,0,0
nearest,26.825,-1
cover,26.8562,0,0,0,0
nearest,26.8562,-1
cover,26.8867,0,0,0,0
nearest,26.8868,-1
cover,26.9205,0,0,0,0
nearest,26.9205,-1
cover,26.9541,0,0,0,0
nearest,26.9541,-1
cover,26.9898,0,0,0,0
nearest,26.9898,-1
cover,27.026,0,0,0,0
nearest,27.0261,-1
cover,27.0592,0,0,0,0
nearest,27.0592,-1
cover,27.0894,0,0,0,0
nearest,27.0894,-1
cover,27.1217,0,0,0,0
nearest,27.1217,-1
cover,27.1537,0,0,0,0
nearest,27.1537,-1
cover,27.1885,0,0,0,0
nearest,27.1885,-1
cover,27.2211,0,0,0,0
nearest,27.2211,-1
cover,27.2577,0,0,0,0
nearest,27.2578,-1
cover,27.2921,0,0,0,0
nearest,27.2921,-1
cover,27.3256,0,0,0,0
nearest,27.3256,-1
cover,27.3567,0,0,0,0
nearest,27.3567,-1
cover,27.3898,0,0,0,0
nearest,27.3898,-1
cover,27.4239,0,0,0,0
nearest,27.4239,-1
cover,27.4545,0,0,0,0
nearest,27.4546,-1
cover,27.4875,0,0,0,0
nearest,27.4876,-1
cover,27.521,0,0,0,0
nearest,27.521,-1
cover,27.5555,0,0,0,0
nearest,27.5555,-1
cover,27.5914,0,0,0,0
nearest,27.5914,-1
cover,27.6269,0,0,0,0
nearest,27.6269,-1
cover,27.6632,0,0,0,0
nearest,27.6632,-1
cover,27.7057,0,0,0,0
nearest,27.7057,-1
cover,27.7485,0,0,0,0
nearest,27.7486,-1
cover,27.7902,0,0,0,0
nearest,27.7903,-1
cover,27.8247,0,0,0,0
nearest,27.8247,-1
cover,27.8634,0,0,0,0
nearest,27.8635,-1
cover,27.9017,0,0,0,0
nearest,27.9017,-1
cover,27.939,0,0,0,0
nearest,27.9391,-1
cover,27.9795,0,0,0,0
nearest,27.9796,-1
cover,28.0164,0,0,0,0
nearest,28.0164,-1
cover,28.0609,0,0,0,0
nearest,28.0609,-1
cover,28.1021,0,0,0,0
nearest,28.1022,-1
cover,28.1408,0,0,0,0
nearest,28.1408,-1
cover,28.1817,0,0,0,0
nearest,28.1817,-1
cover,28.2217,0,0,0,0
nearest,28.2217,-1
cover,28.2588,0,0,0,0
nearest,28.2588,-1
cover,28.2942,0,0,0,0
nearest,28.2943,-1
cover,28.3334,0,0,0,0
nearest,28.3334,-1
cover,28.3746,0,0,0,0
nearest,28.3746,-1
cover,28.4124,0,0,0,0
nearest,28.4125,-1
cover,28.4541,0,0,0,0
nearest,28.4541,-1
cover,28.49,0,0,0,0
nearest,28.49,-1
cover,28.5248,0,0,0,0
nearest,28.5248,-1
cover,28.5595,0,0,0,0
nearest,28.5595,-1
cover,28.593,0,0,0,0
nearest,28.593,-1
cover,28.6304,0,0,0,0
nearest,28.6304,-1
cover,28.669,0,0,0,0
nearest,28.6691,-1
cover,28.7048,0,0,0,0
nearest,28.7048,-1
cover,28.7453,0,0,0,0
nearest,28.7453,-1
cover,28.7835,0,0,0,0
nearest,28.7836,-1
cover,28.8287,0,0,0,0
nearest,28.8288,-1
cover,28.867,0,0,0,0
nearest,28.867,-1
cover,28.9054,0,0,0,0
nearest,28.9054,-1
cover,28.9439,0,0,0,0
nearest,28.944,-1
cover,28.9891,0,0,0,0
nearest,28.9892,-1
cover,29.0238,0,0,0,0
nearest,29.0238,-1
cover,29.0584,0,0,0,0
nearest,29.0584,-1
cover,29.0924,0,0,0,0
nearest,29.0925,-1
cover,29.1296,0,0,0,0
nearest,29.1297,-1
cover,29.169,0,0,0,0
nearest,29.169,-1
cover,29.2042,0,0,0,0
nearest,29.2042,-1
cover,29.2417,0,0,0,0
nearest,29.2418,-1
cover,29.2821,0,0,0,0
nearest,29.2821,-1
cover,29.318,0,0,0,0
nearest,29.318,-1
cover,29.3558,0,0,0,0
nearest,29.3558,-1
cover,29.3915,0,0,0,0
nearest,29.3916,-1
cover,29.4273,0,0,0,0
nearest,29.4273,-1
cover,29.4643,0,0,0,0
nearest,29.4644,-1
cover,29.5066,0,0,0,0
nearest,29.5067,-1
cover,29.5465,0,0,0,0
nearest,29.5465,-1
cover,29.5863,0,0,0,0
nearest,29.5863,-1
cover,29.6225,0,0,0,0
nearest,29.6225,-1
cover,29.6563,0,0,0,0
nearest,29.6564,-1
cover,29.692,0,0,0,0
nearest,29.692,-1
cover,29.7273,0,0,0,0
nearest,29.7273,-1
cover,29.7648,0,0,0,0
nearest,29.7649,-1
cover,29.8028,0,0,0,0
nearest,29.8028,-1
cover,29.8391,0,0,0,0
nearest,29.8391,-1
cover,29.8771,0,0,0,0
nearest,29.8771,-1
cover,29.9154,0,0,0,0
nearest,29.9154,-1
cover,29.9546,0,0,0,0
nearest,29.9546,-1
cover,29.9934,0,0,0,0
nearest,29.9934,-1
cover,30.0315,0,0,0,0
nearest,30.0315,-1
cover,30.0683,0,0,0,0
nearest,30.0684,-1
cover,30.1068,0,0,0,0
nearest,30.1069,-1
cover,30.1456,0,0,0,0
nearest,30.1456,-1
cover,30.1823,0,0,0,0
nearest,30.1824,-1
cover,30.2232,0,0,0,0
nearest,30.2233,-1
cover,30.2595,0,0,0,0
nearest,30.2595,-1
cover,30.2953,0,0,0,0
nearest,30.2953,-1
cover,30.3321,0,0,0,0
nearest,30.3321,-1
cover,30.3707,0,0,0,0
nearest,30.3707,-1
cover,30.4076,0,0,0,0
nearest,30.4076,-1
cover,30.4437,0,0,0,0
nearest,30.4437,-1
cover,30.4798,0,0,0,0
nearest,30.4799,-1
cover,30.5219,0,0,0,0
nearest,30.5219,-1
cover,30.5813,0,0,0,0
nearest,30.5813,-1
cover,30.6229,0,0,0,0
nearest,30.6229,-1
cover,30.6574,0,0,0,0
nearest,30.6574,-1
cover,30.6919,0,0,0,0
nearest,30.6919,-1
cover,30.7277,0,0,0,0
nearest,30.7277,-1
cover,30.7644,0,0,0,0
nearest,30.7644,-1
cover,30.8016,0,0,0,0
nearest,30.8017,-1
cover,30.8412,0,0,0,0
nearest,30.8412,-1
cover,30.8798,0,0,0,0
nearest,30.8798,-1
cover,30.913,0,0,0,0
nearest,30.913,-1
cover,30.9525,0,0,0,0
nearest,30.9525,-1
cover,30.9885,0,0,0,0
nearest,30.9885,-1
cover,31.0215,0,0,0,0
nearest,31.0216,-1
cover,31.0564,0,0,0,0
nearest,31.0564,-1
cover,31.0911,0,0,0,0
nearest,31.0911,-1
cover,31.1256,0,0,0,0
nearest,31.1256,-1
cover,31.1606,0,0,0,0
nearest,31.1606,-1
cover,31.1948,0,0,0,0
nearest,31.1949,-1
cover,31.2308,0,0,0,0
nearest,31.2308,-1
cover,31.2677,0,0,0,0
nearest,31.2677,-1
cover,31.3033,0,0,0,0
nearest,31.3034,-1
cover,31.3397,0,0,0,0
nearest,31.3397,-1
cover,31.3825,0,0,0,0
nearest,31.3825,-1
cover,31.4287,0,0,0,0
nearest,31.4288,-1
cover,31.4651,0,0,0,0
nearest,31.4652,-1
cover,31.5012,0,0,0,0
nearest,31.5012,-1
cover,31.5361,0,0,0,0
nearest,31.5361,-1
cover,31.572,0,0,0,0
nearest,31.572,-1
cover,31.6105,0,0,0,0
nearest,31.6105,-1
cover,31.6464,0,0,0,0
nearest,31.6465,-1
cover,31.6899,0,0,0,0
nearest,31.69,-1
cover,31.7248,0,0,0,0
nearest,31.7249,-1
cover,31.7615,0,0,0,0
nearest,31.7615,-1
cover,31.7949,0,0,0,0
nearest,31.7949,-1
cover,31.8296,0,0,0,0
nearest,31.8296,-1
cover,31.8649,0,0,0,0
nearest,31.8649,-1
cover,31.9012,0,0,0,0
nearest,31.9012,-1
cover,31.9373,0,0,0,0
nearest,31.9373,-1
cover,31.9727,0,0,0,0
nearest,31.9727,-1
cover,32.0085,0,0,0,0
nearest,32.0085,-1
cover,32.0477,0,0,0,0
nearest,32.0477,-1
cover,32.0886,0,0,0,0
nearest,32.0887,-1
cover,32.1256,0,0,0,0
nearest,32.1256,-1
cover,32.1618,0,0,0,0
nearest,32.1618,-1
cover,32.1978,0,0,0,0
nearest,32.1978,-1
cover,32.2336,0,0,0,0
nearest,32.2337,-1
cover,32.2731,0,0,0,0
nearest,32.2732,-1
cover,32.3119,0,0,0,0
nearest,32.312,-1
cover,32.3499,0,0,0,0
nearest,32.3499,-1
cover,32.3896,0,0,0,0
nearest,32.3896,-1
cover,32.4234,0,0,0,0
nearest,32.4234,-1
cover,32.4571,0,0,0,0
nearest,32.4572,-1
cover,32.4899,0,0,0,0
nearest,32.4899,-1
cover,32.5221,0,0,0,0
nearest,32.5221,-1
cover,32.5538,0,0,0,0
nearest,32.5538,-1
cover,32.5892,0,0,0,0
nearest,32.5892,-1
cover,32.6214,0,0,0,0
nearest,32.6214,-1
cover,32.6556,0,0,0,0
nearest,32.6556,-1
cover,32.6923,0,0,0,0
nearest,32.6923,-1
cover,32.7261,0,0,0,0
nearest,32.7261,-1
cover,32.7592,0,0,0,0
nearest,32.7592,-1
cover,32.795,0,0,0,0
nearest,32.795,-1
cover,32.8293,0,0,0,0
nearest,32.8294,-1
cover,32.8653,0,0,0,0
nearest,32.8653,-1
cover,32.9029,0,0,0,0
nearest,32.9029,-1
cover,32.938,0,0,0,0
nearest,32.9381,-1
cover,32.9791,0,0,0,0
nearest,32.9791,-1
cover,33.0162,0,0,0,0
nearest,33.0162,-1
cover,33.0543,0,0,0,0
nearest,33.0543,-1
cover,33.0884,0,0,0,0
nearest,33.0884,-1
cover,33.1233,0,0,0,0
nearest,33.1233,-1
cover,33.1599,0,0,0,0
nearest,33.1599,-1
cover,33.1969,0,0,0,0
nearest,33.1969,-1
cover,33.2318,0,0,0,0
nearest,33.2318,-1
cover,33.2686,0,0,0,0
nearest,33.2686,-1
cover,33.3035,0,0,0,0
nearest,33.3035,-1
cover,33.3383,0,0,0,0
nearest,33.3383,-1
cover,33.3732,0,0,0,0
nearest,33.3732,-1
cover,33.4125,0,0,0,0
nearest,33.4125,-1
cover,33.448,0,0,0,0
nearest,33.4481,-1
cover,33.4882,0,0,0,0
nearest,33.4882,-1
cover,33.5246,0,0,0,0
nearest,33.5246,-1
cover,33.5602,0,0,0,0
nearest,33.5603,-1
cover,33.5941,0,0,0,0
nearest,33.5941,-1
cover,33.6297,0,0,0,0
nearest,33.6297,-1
cover,33.6659,0,0,0,0
nearest,33.6659,-1
cover,33.702,0,0,0,0
nearest,33.7021,-1
cover,33.7357,0,0,0,0
nearest,33.7357,-1
cover,33.7785,0,0,0,0
nearest,33.7785,-1
cover,33.8581,0,0,0,0
nearest,33.8581,-1
cover,33.894,0,0,0,0
nearest,33.894,-1
cover,33.9318,0,0,0,0
nearest,33.9318,-1
cover,33.9688,0,0,0,0
nearest,33.9688,-1
cover,34.0039,0,0,0,0
nearest,34.0039,-1
cover,34.0404,0,0,0,0
nearest,34.0405,-1
cover,34.0759,0,0,0,0
nearest,34.0759,-1
cover,34.1099,0,0,0,0
nearest,34.1099,-1
cover,34.1482,0,0,0,0
nearest,34.1483,-1
cover,34.1896,0,0,0,0
nearest,34.1896,-1
cover,34.2254,0,0,0,0
nearest,34.2254,-1
cover,34.265,0,0,0,0
nearest,34.265,-1
cover,34.3005,0,0,0,0
nearest,34.3005,-1
cover,34.3354,0,0,0,0
nearest,34.3354,-1
cover,34.374,0,0,0,0
nearest,34.374,-1
cover,34.4131,0,0,0,0
nearest,34.4131,-1
cover,34.4527,0,0,0,0
nearest,34.4528,-1
cover,34.4903,0,0,0,0
nearest,34.4904,-1
cover,34.5242,0,0,0,0
nearest,34.5242,-1
cover,34.5565,0,0,0,0
nearest,34.5566,-1
cover,34.5965,0,0,0,0
nearest,34.5965,-1
cover,34.6343,0,0,0,0
nearest,34.6343,-1
cover,34.6723,0,0,0,0
nearest,34.6723,-1
cover,34.711,0,0,0,0
nearest,34.711,-1
cover,34.7561,0,0,0,0
nearest,34.7561,-1
cover,34.7921,0,0,0,0
nearest,34.7922,-1
cover,34.8278,0,0,0,0
nearest,34.8279,-1
cover,34.8649,0,0,0,0
nearest,34.8649,-1
cover,34.905,0,0,0,0
nearest,34.9051,-1
cover,34.945,0,0,0,0
nearest,34.945,-1
cover,34.9872,0,0,0,0
nearest,34.9872,-1
cover,35.0245,0,0,0,0
nearest,35.0246,-1
cover,35.0597,0,0,0,0
nearest,35.0597,-1
cover,35.0967,0,0,0,0
nearest,35.0967,-1
cover,35.134,0,0,0,0
nearest,35.1341,-1
cover,35.1705,0,0,0,0
nearest,35.1705,-1
cover,35.2095,0,0,0,0
nearest,35.2095,-1
cover,35.2512,0,0,0,0
nearest,35.2512,-1
cover,35.292,0,0,0,0
nearest,35.2921,-1
cover,35.3311,0,0,0,0
nearest,35.3311,-1
cover,35.3696,0,0,0,0
nearest,35.3697,-1
cover,35.4077,0,0,0,0
nearest,35.4078,-1
cover,35.4485,0,0,0,0
nearest,35.4486,-1
cover,35.4905,0,0,0,0
nearest,35.4905,-1
cover,35.5268,0,0,0,0
nearest,35.5269,-1
cover,35.5659,0,0,0,0
nearest,35.5659,-1
cover,35.6038,0,0,0,0
nearest,35.6038,-1
cover,35.6453,0,0,0,0
nearest,35.6453,-1
cover,35.6883,0,0,0,0
nearest,35.6883,-1
cover,35.7299,0,0,0,0
nearest,35.7299,-1
cover,35.7704,0,0,0,0
nearest,35.7704,-1
cover,35.8101,0,0,0,0
nearest,35.8102,-1
cover,35.8517,0,0,0,0
nearest,35.8517,-1
cover,35.8918,0,0,0,0
nearest,35.8918,-1
cover,35.929,0,0,0,0
nearest,35.929,-1
cover,35.9664,0,0,0,0
nearest,35.9664,-1
cover,36.0028,0,0,0,0
nearest,36.0029,-1
cover,36.0471,0,0,0,0
nearest,36.0471,-1
cover,36.0908,0,0,0,0
nearest,36.0908,-1
cover,36.1303,0,0,0,0
nearest,36.1304,-1
cover,36.1738,0,0,0,0
nearest,36.1739,-1
cover,36.2164,0,0,0,0
nearest,36.2165,-1
cover,36.2598,0,0,0,0
nearest,36.2598,-1
cover,36.3028,0,0,0,0
nearest,36.3028,-1
cover,36.3588,0,0,0,0
nearest,36.359,-1
cover,36.4045,0,0,0,0
nearest,36.4045,-1
cover,36.4478,0,0,0,0
nearest,36.4478,-1
cover,36.4997,0,0,0,0
nearest,36.4997,-1
cover,36.5394,0,0,0,0
nearest,36.5394,-1
cover,36.5826,0,0,0,0
nearest,36.5827,-1
cover,36.6251,0,0,0,0
nearest,36.6252,-1
cover,36.6635,0,0,0,0
nearest,36.6636,-1
cover,36.7014,0,0,0,0
nearest,36.7015,-1
cover,36.7526,0,0,0,0
nearest,36.7527,-1
cover,36.7964,0,0,0,0
nearest,36.7964,-1
cover,36.8386,0,0,0,0
nearest,36.8386,-1
cover,36.8743,0,0,0,0
nearest,36.8745,-1
cover,36.914,0,0,0,0
nearest,36.914,-1
cover,36.9568,0,0,0,0
nearest,36.9568,-1
cover,37.0019,0,0,0,0
nearest,37.0019,-1
cover,37.0667,0,0,0,0
nearest,37.0667,-1
cover,37.1084,0,0,0,0
nearest,37.1084,-1
cover,37.1457,0,0,0,0
nearest,37.1458,-1
cover,37.1866,0,0,0,0
nearest,37.1866,-1
cover,37.2266,0,0,0,0
nearest,37.2269,-1
cover,37.2641,0,0,0,0
nearest,37.2641,-1
cover,37.3045,0,0,0,0
nearest,37.3046,-1
cover,37.3448,0,0,0,0
nearest,37.3448,-1
cover,37.3842,0,0,0,0
nearest,37.3842,-1
cover,37.4252,0,0,0,0
nearest,37.4253,-1
cover,37.4609,0,0,0,0
nearest,37.4609,-1
cover,37.4995,0,0,0,0
nearest,37.4995,-1
cover,37.5325,0,0,0,0
nearest,37.5325,-1
cover,37.5734,0,0,0,0
nearest,37.5734,-1
cover,37.6103,0,0,0,0
nearest,37.6104,-1
cover,37.6505,0,0,0,0
nearest,37.6505,-1
cover,37.6944,0,0,0,0
nearest,37.6944,-1
cover,37.7299,0,0,0,0
nearest,37.7299,-1
cover,37.7653,0,0,0,0
nearest,37.7654,-1
cover,37.806,0,0,0,0
nearest,37.806,-1
cover,37.8481,0,0,0,0
nearest,37.8481,-1
cover,37.8906,0,0,0,0
nearest,37.8906,-1
cover,37.9287,0,0,0,0
nearest,37.9287,-1
cover,37.9693,0,0,0,0
nearest,37.9693,-1
cover,38.0081,0,0,0,0
nearest,38.0082,-1
cover,38.0472,0,0,0,0
nearest,38.0473,-1
cover,38.082,0,0,0,0
nearest,38.082,-1
cover,38.1252,0,0,0,0
nearest,38.1253,-1
cover,38.1615,0,0,0,0
nearest,38.1615,-1
cover,38.1963,0,0,0,0
nearest,38.1963,-1
cover,38.2309,0,0,0,0
nearest,38.2309,-1
cover,38.2653,0,0,0,0
nearest,38.2653,-1
cover,38.2982,0,0,0,0
nearest,38.2982,-1
cover,38.333,0,0,0,0
nearest,38.333,-1
cover,38.3705,0,0,0,0
nearest,38.3705,-1
cover,38.4106,0,0,0,0
nearest,38.4107,-1
cover,38.4497,0,0,0,0
nearest,38.4497,-1
cover,38.492,0,0,0,0
nearest,38.4921,-1
cover,38.5313,0,0,0,0
nearest,38.5313,-1
cover,38.5684,0,0,0,0
nearest,38.5684,-1
cover,38.6046,0,0,0,0
nearest,38.6046,-1
cover,38.6388,0,0,0,0
nearest,38.6389,-1
cover,38.6757,0,0,0,0
nearest,38.6757,-1
cover,38.7117,0,0,0,0
nearest,38.7118,-1
cover,38.7488,0,0,0,0
nearest,38.7488,-1
cover,38.7923,0,0,0,0
nearest,38.7923,-1
cover,38.83,0,0,0,0
nearest,38.8301,-1
cover,38.8662,0,0,0,0
nearest,38.8662,-1
cover,38.9044,0,0,0,0
nearest,38.9044,-1
cover,38.9408,0,0,0,0
nearest,38.9408,-1
cover,38.9821,0,0,0,0
nearest,38.9822,-1
cover,39.0244,0,0,0,0
nearest,39.0244,-1
cover,39.0628,0,0,0,0
nearest,39.0628,-1
cover,39.1001,0,0,0,0
nearest,39.1001,-1
cover,39.1401,0,0,0,0
nearest,39.1402,-1
cover,39.1804,0,0,0,0
nearest,39.1804,-1
cover,39.2223,0,0,0,0
nearest,39.2223,-1
cover,39.2578,0,0,0,0
nearest,39.2578,-1
cover,39.295,0,0,0,0
nearest,39.295,-1
cover,39.3322,0,0,0,0
nearest,39.3323,-1
cover,39.3697,0,0,0,0
nearest,39.3697,-1
cover,39.4089,0,0,0,0
nearest,39.409,-1
cover,39.4466,0,0,0,0
nearest,39.4467,-1
cover,39.4839,0,0,0,0
nearest,39.4839,-1
cover,39.5262,0,0,0,0
nearest,39.5262,-1
cover,39.5686,0,0,0,0
nearest,39.5687,-1
cover,39.6076,0,0,0,0
nearest,39.6076,-1
cover,39.6545,0,0,0,0
nearest,39.6545,-1
cover,39.6964,0,0,0,0
nearest,39.6965,-1
cover,39.7368,0,0,0,0
nearest,39.7368,-1
cover,39.775,0,0,0,0
nearest,39.775,-1
cover,39.8188,0,0,0,0
nearest,39.8189,-1
cover,39.86,0,0,0,0
nearest,39.8601,-1
cover,39.9014,0,0,0,0
nearest,39.9014,-1
cover,39.9421,0,0,0,0
nearest,39.9422,-1
cover,39.9896,0,0,0,0
nearest,39.9896,-1
cover,40.0269,0,0,0,0
nearest,40.0269,-1
cover,40.0653,0,0,0,0
nearest,40.0653,-1
cover,40.1031,0,0,0,0
nearest,40.1031,-1
cover,40.1438,0,0,0,0
nearest,40.1439,-1
cover,40.1911,0,0,0,0
nearest,40.1911,-1
cover,40.2312,0,0,0,0
nearest,40.2312,-1
cover,40.2723,0,0,0,0
nearest,40.2723,-1
cover,40.3123,0,0,0,0
nearest,40.3123,-1
cover,40.3573,0,0,0,0
nearest,40.3573,-1
cover,40.3992,0,0,0,0
nearest,40.3992,-1
cover,40.4382,0,0,0,0
nearest,40.4383,-1
cover,40.477,0,0,0,0
nearest,40.477,-1
cover,40.517,0,0,0,0
nearest,40.517,-1
cover,40.5594,0,0,0,0
nearest,40.5595,-1
cover,40.597,0,0,0,0
nearest,40.597,-1
cover,40.6316,0,0,0,0
nearest,40.6316,-1
cover,40.6681,0,0,0,0
nearest,40.6682,-1
cover,40.703,0,0,0,0
nearest,40.703,-1
cover,40.74,0,0,0,0
nearest,40.7401,-1
cover,40.7827,0,0,0,0
nearest,40.7828,-1
cover,40.8237,0,0,0,0
nearest,40.8237,-1
cover,40.8976,0,0,0,0
nearest,40.8976,-1
cover,40.9318,0,0,0,0
nearest,40.9318,-1
cover,40.9704,0,0,0,0
nearest,40.9704,-1
cover,41.0058,0,0,0,0
nearest,41.0058,-1
cover,41.0422,0,0,0,0
nearest,41.0422,-1
cover,41.0833,0,0,0,0
nearest,41.0834,-1
cover,41.1226,0,0,0,0
nearest,41.1226,-1
cover,41.1581,0,0,0,0
nearest,41.1581,-1
cover,41.1921,0,0,0,0
nearest,41.1921,-1
cover,41.2255,0,0,0,0
nearest,41.2255,-1
cover,41.2567,0,0,0,0
nearest,41.2567,-1
cover,41.2897,0,0,0,0
nearest,41.2897,-1
cover,41.3249,0,0,0,0
nearest,41.325,-1
cover,41.3563,0,0,0,0
nearest,41.3563,-1
cover,41.3912,0,0,0,0
nearest,41.3913,-1
cover,41.4267,0,0,0,0
nearest,41.4267,-1
cover,41.4608,0,0,0,0
nearest,41.4608,-1
cover,41.4947,0,0,0,0
nearest,41.4948,-1
cover,41.5283,0,0,0,0
nearest,41.5283,-1
cover,41.5625,0,0,0,0
nearest,41.5625,-1
cover,41.5985,0,0,0,0
nearest,41.5985,-1
cover,41.6301,0,0,0,0
nearest,41.6301,-1
cover,41.665,0,0,0,0
nearest,41.665,-1
cover,41.6995,0,0,0,0
nearest,41.6995,-1
cover,41.7352,0,0,0,0
nearest,41.7352,-1
cover,41.7667,0,0,0,0
nearest,41.7667,-1
cover,41.7997,0,0,0,0
nearest,41.7998,-1
cover,41.8303,0,0,0,0
nearest,41.8304,-1
cover,41.8633,0,0,0,0
nearest,41.8633,-1
cover,41.8973,0,0,0,0
nearest,41.8973,-1
cover,41.9333,0,0,0,0
nearest,41.9333,-1
cover,41.9683,0,0,0,0
nearest,41.9684,-1
cover,41.9997,0,0,0,0
nearest,41.9997,-1
cover,42.0322,0,0,0,0
nearest,42.0322,-1
cover,42.0705,0,0,0,0
nearest,42.0705,-1
cover,42.1026,0,0,0,0
nearest,42.1026,-1
cover,42.1372,0,0,0,0
nearest,42.1372,-1
cover,42.1715,0,0,0,0
nearest,42.1715,-1
cover,42.2048,0,0,0,0
nearest,42.2049,-1
cover,42.2373,0,0,0,0
nearest,42.2373,-1
cover,42.2674,0,0,0,0
nearest,42.2674,-1
cover,42.3017,0,0,0,0
nearest,42.3017,-1
cover,42.3379,0,0,0,0
nearest,42.338,-1
cover,42.3705,0,0,0,0
nearest,42.3705,-1
cover,42.4043,0,0,0,0
nearest,42.4043,-1
cover,42.44,0,0,0,0
nearest,42.44,-1
cover,42.4789,0,0,0,0
nearest,42.4789,-1
cover,42.5126,0,0,0,0
nearest,42.5126,-1
cover,42.5436,0,0,0,0
nearest,42.5436,-1
cover,42.58,0,0,0,0
nearest,42.58,-1
cover,42.6161,0,0,0,0
nearest,42.6161,-1
cover,42.6513,0,0,0,0
nearest,42.6513,-1
cover,42.6847,0,0,0,0
nearest,42.6848,-1
cover,42.7242,0,0,0,0
nearest,42.7242,-1
cover,42.7611,0,0,0,0
nearest,42.7611,-1
cover,42.7976,0,0,0,0
nearest,42.7976,-1
cover,42.8304,0,0,0,0
nearest,42.8304,-1
cover,42.8647,0,0,0,0
nearest,42.8647,-1
cover,42.9005,0,0,0,0
nearest,42.9005,-1
cover,42.9352,0,0,0,0
nearest,42.9352,-1
cover,42.967,0,0,0,0
nearest,42.967,-1
cover,42.9987,0,0,0,0
nearest,42.9987,-1
cover,43.0301,0,0,0,0
nearest,43.0301,-1
cover,43.0656,0,0,0,0
nearest,43.0656,-1
cover,43.0988,0,0,0,0
nearest,43.0989,-1
cover,43.132,0,0,0,0
nearest,43.132,-1
cover,43.165,0,0,0,0
nearest,43.1651,-1
cover,43.1988,0,0,0,0
nearest,43.1988,-1
cover,43.233,0,0,0,0
nearest,43.2331,-1
cover,43.2688,0,0,0,0
nearest,43.2688,-1
cover,43.3031,0,0,0,0
nearest,43.3031,-1
cover,43.3373,0,0,0,0
nearest,43.3373,-1
cover,43.3736,0,0,0,0
nearest,43.3737,-1
cover,43.4107,0,0,0,0
nearest,43.4108,-1
cover,43.4457,0,0,0,0
nearest,43.4457,-1
cover,43.4797,0,0,0,0
nearest,43.4797,-1
cover,43.5174,0,0,0,0
nearest,43.5174,-1
cover,43.55,0,0,0,0
nearest,43.55,-1
cover,43.5891,0,0,0,0
nearest,43.5892,-1
cover,43.6243,0,0,0,0
nearest,43.6243,-1
cover,43.66,0,0,0,0
nearest,43.66,-1
cover,43.6991,0,0,0,0
nearest,43.6991,-1
cover,43.7738,0,0,0,0
nearest,43.7738,-1
cover,43.8066,0,0,0,0
nearest,43.8066,-1
cover,43.8415,0,0,0,0
nearest,43.8415,-1
cover,43.8789,0,0,0,0
nearest,43.879,-1
cover,43.9166,0,0,0,0
nearest,43.9167,-1
cover,43.9574,0,0,0,0
nearest,43.9575,-1
cover,43.992,0,0,0,0
nearest,43.992,-1
cover,44.0262,0,0,0,0
nearest,44.0262,-1
cover,44.0616,0,0,0,0
nearest,44.0616,-1
cover,44.0964,0,0,0,0
nearest,44.0965,-1
cover,44.1321,0,0,0,0
nearest,44.1322,-1
cover,44.1673,0,0,0,0
nearest,44.1673,-1
cover,44.1988,0,0,0,0
nearest,44.1988,-1
cover,44.2335,0,0,0,0
nearest,44.2336,-1
cover,44.2693,0,0,0,0
nearest,44.2693,-1
cover,44.3033,0,0,0,0
nearest,44.3034,-1
cover,44.3377,0,0,0,0
nearest,44.3377,-1
cover,44.372,0,0,0,0
nearest,44.372,-1
cover,44.4066,0,0,0,0
nearest,44.4066,-1
cover,44.442,0,0,0,0
nearest,44.442,-1
cover,44.4802,0,0,0,0
nearest,44.4802,-1
cover,44.5145,0,0,0,0
nearest,44.5145,-1
cover,44.5508,0,0,0,0
nearest,44.5509,-1
cover,44.5879,0,0,0,0
nearest,44.5879,-1
cover,44.6259,0,0,0,0
nearest,44.6259,-1
cover,44.6615,0,0,0,0
nearest,44.6616,-1
cover,44.6915,0,0,0,0
nearest,44.6915,-1
cover,44.7243,0,0,0,0
nearest,44.7243,-1
cover,44.7608,0,0,0,0
nearest,44.7608,-1
cover,44.7937,0,0,0,0
nearest,44.7937,-1
cover,44.8294,0,0,0,0
nearest,44.8294,-1
cover,44.8622,0,0,0,0
nearest,44.8622,-1
cover,44.9005,0,0,0,0
nearest,44.9005,-1
cover,44.9329,0,0,0,0
nearest,44.933,-1
cover,44.9638,0,0,0,0
nearest,44.9638,-1
cover,44.9959,0,0,0,0
nearest,44.9959,-1
cover,45.0261,0,0,0,0
nearest,45.0261,-1
cover,45.0617,0,0,0,0
nearest,45.0617,-1
cover,45.0956,0,0,0,0
nearest,45.0957,-1
cover,45.1301,0,0,0,0
nearest,45.1301,-1
cover,45.1633,0,0,0,0
nearest,45.1634,-1
cover,45.1969,0,0,0,0
nearest,45.1969,-1
cover,45.2347,0,0,0,0
nearest,45.2347,-1
cover,45.2681,0,0,0,0
nearest,45.2682,-1
cover,45.2994,0,0,0,0
nearest,45.2994,-1
cover,45.3306,0,0,0,0
nearest,45.3307,-1
cover,45.3629,0,0,0,0
nearest,45.3629,-1
cover,45.3965,0,0,0,0
nearest,45.3965,-1
cover,45.432,0,0,0,0
nearest,45.432,-1
cover,45.4646,0,0,0,0
nearest,45.4646,-1
cover,45.4982,0,0,0,0
nearest,45.4982,-1
cover,45.5344,0,0,0,0
nearest,45.5345,-1
cover,45.5662,0,0,0,0
nearest,45.5662,-1
cover,45.597,0,0,0,0
nearest,45.597,-1
cover,45.6316,0,0,0,0
nearest,45.6316,-1
cover,45.6639,0,0,0,0
nearest,45.664,-1
cover,45.6954,0,0,0,0
nearest,45.6954,-1
cover,45.7276,0,0,0,0
nearest,45.7276,-1
cover,45.7605,0,0,0,0
nearest,45.7605,-1
cover,45.7923,0,0,0,0
nearest,45.7923,-1
cover,45.8265,0,0,0,0
nearest,45.8265,-1
cover,45.8604,0,0,0,0
nearest,45.8604,-1
cover,45.8922,0,0,0,0
nearest,45.8922,-1
cover,45.9265,0,0,0,0
nearest,45.9266,-1
cover,45.9582,0,0,0,0
nearest,45.9582,-1
cover,45.9938,0,0,0,0
nearest,45.9938,-1
cover,46.0269,0,0,0,0
nearest,46.0269,-1
cover,46.0581,0,0,0,0
nearest,46.0581,-1
cover,46.1164,0,0,0,0
nearest,46.1164,-1
cover,46.1664,0,0,0,0
nearest,46.1664,-1
cover,46.1974,0,0,0,0
nearest,46.1974,-1
cover,46.2289,0,0,0,0
nearest,46.2289,-1
cover,46.2587,0,0,0,0
nearest,46.2588,-1
cover,46.293,0,0,0,0
nearest,46.2931,-1
cover,46.3278,0,0,0,0
nearest,46.3278,-1
cover,46.361,0,0,0,0
nearest,46.361,-1
cover,46.3957,0,0,0,0
nearest,46.3957,-1
cover,46.4262,0,0,0,0
nearest,46.4263,-1
cover,46.461,0,0,0,0
nearest,46.4611,-1
cover,46.4979,0,0,0,0
nearest,46.4979,-1
cover,46.529,0,0,0,0
nearest,46.529,-1
cover,46.564,0,0,0,0
nearest,46.564,-1
cover,46.6005,0,0,0,0
nearest,46.6005,-1
cover,46.6347,0,0,0,0
nearest,46.6347,-1
cover,46.6688,0,0,0,0
nearest,46.6688,-1
cover,46.7002,0,0,0,0
nearest,46.7002,-1
cover,46.7326,0,0,0,0
nearest,46.7327,-1
cover,46.7689,0,0,0,0
nearest,46.769,-1
cover,46.8061,0,0,0,0
nearest,46.8061,-1
cover,46.8378,0,0,0,0
nearest,46.8378,-1
cover,46.872,0,0,0,0
nearest,46.872,-1
cover,46.9059,0,0,0,0
nearest,46.9059,-1
cover,46.9394,0,0,0,0
nearest,46.9394,-1
cover,46.971,0,0,0,0
nearest,46.971,-1
cover,47.0054,0,0,0,0
nearest,47.0054,-1
cover,47.0379,0,0,0,0
nearest,47.038,-1
cover,47.074,0,0,0,0
nearest,47.074,-1
cover,47.1098,0,0,0,0
nearest,47.1098,-1
cover,47.1445,0,0,0,0
nearest,47.1446,-1
cover,47.1759,0,0,0,0
nearest,47.176,-1
cover,47.2101,0,0,0,0
nearest,47.2101,-1
cover,47.2449,0,0,0,0
nearest,47.2449,-1
cover,47.2768,0,0,0,0
nearest,47.2768,-1
cover,47.3079,0,0,0,0
nearest,47.3079,-1
cover,47.341,0,0,0,0
nearest,47.341,-1
cover,47.3833,0,0,0,0
nearest,47.3833,-1
cover,47.4271,0,0,0,0
nearest,47.4271,-1
cover,47.4586,0,0,0,0
nearest,47.4586,-1
cover,47.4906,0,0,0,0
nearest,47.4906,-1
cover,47.5233,0,0,0,0
nearest,47.5233,-1
cover,47.5587,0,0,0,0
nearest,47.5588,-1
cover,47.593,0,0,0,0
nearest,47.593,-1
cover,47.6242,0,0,0,0
nearest,47.6242,-1
cover,47.6582,0,0,0,0
nearest,47.6582,-1
cover,47.6937,0,0,0,0
nearest,47.6937,-1
cover,47.7264,0,0,0,0
nearest,47.7264,-1
cover,47.7581,0,0,0,0
nearest,47.7581,-1
cover,47.7911,0,0,0,0
nearest,47.7911,-1
cover,47.8234,0,0,0,0
nearest,47.8234,-1
cover,47.858,0,0,0,0
nearest,47.858,-1
cover,47.8907,0,0,0,0
nearest,47.8907,-1
cover,47.9266,0,0,0,0
nearest,47.9266,-1
cover,47.961,0,0,0,0
nearest,47.9611,-1
cover,47.9946,0,0,0,0
nearest,47.9946,-1
cover,48.0267,0,0,0,0
nearest,48.0267,-1
cover,48.0588,0,0,0,0
nearest,48.0588,-1
cover,48.0922,0,0,0,0
nearest,48.0922,-1
cover,48.1265,0,0,0,0
nearest,48.1265,-1
cover,48.1623,0,0,0,0
nearest,48.1623,-1
cover,48.1981,0,0,0,0
nearest,48.1981,-1
cover,48.2312,0,0,0,0
nearest,48.2312,-1
cover,48.2664,0,0,0,0
nearest,48.2665,-1
cover,48.3038,0,0,0,0
nearest,48.3038,-1
cover,48.3462,0,0,0,0
nearest,48.3462,-1
cover,48.386,0,0,0,0
nearest,48.386,-1
cover,48.4182,0,0,0,0
nearest,48.4182,-1
cover,48.4502,0,0,0,0
nearest,48.4502,-1
cover,48.4816,0,0,0,0
nearest,48.4816,-1
cover,48.5141,0,0,0,0
nearest,48.5141,-1
cover,48.5476,0,0,0,0
nearest,48.5477,-1
cover,48.5818,0,0,0,0
nearest,48.5818,-1
cover,48.6192,0,0,0,0
nearest,48.6192,-1
cover,48.6579,0,0,0,0
nearest,48.6579,-1
cover,48.6925,0,0,0,0
nearest,48.6926,-1
cover,48.7275,0,0,0,0
nearest,48.7276,-1
cover,48.7622,0,0,0,0
nearest,48.7622,-1
cover,48.7978,0,0,0,0
nearest,48.7978,-1
cover,48.8308,0,0,0,0
nearest,48.8309,-1
cover,48.8617,0,0,0,0
nearest,48.8617,-1
cover,48.8965,0,0,0,0
nearest,48.8965,-1
cover,48.9293,0,0,0,0
nearest,48.9293,-1
cover,48.9605,0,0,0,0
nearest,48.9605,-1
cover,48.9925,0,0,0,0
nearest,48.9925,-1
cover,49.0263,0,0,0,0
nearest,49.0264,-1
cover,49.0584,0,0,0,0
nearest,49.0584,-1
cover,49.0909,0,0,0,0
nearest,49.0909,-1
cover,49.1244,0,0,0,0
nearest,49.1244,-1
cover,49.1589,0,0,0,0
nearest,49.1589,-1
cover,49.1948,0,0,0,0
nearest,49.1948,-1
cover,49.2281,0,0,0,0
nearest,49.2281,-1
cover,49.2608,0,0,0,0
nearest,49.2608,-1
cover,49.2912,0,0,0,0
nearest,49.2913,-1
cover,49.3217,0,0,0,0
nearest,49.3218,-1
cover,49.3521,0,0,0,0
nearest,49.3521,-1
cover,49.3936,0,0,0,0
nearest,49.3937,-1
cover,49.4274,0,0,0,0
nearest,49.4274,-1
cover,49.4619,0,0,0,0
nearest,49.4619,-1
cover,49.496,0,0,0,0
nearest,49.496,-1
cover,49.532,0,0,0,0
nearest,49.5321,-1
cover,49.5655,0,0,0,0
nearest,49.5656,-1
cover,49.5976,0,0,0,0
nearest,49.5976,-1
cover,49.6292,0,0,0,0
nearest,49.6292,-1
cover,49.6629,0,0,0,0
nearest,49.663,-1
cover,49.6965,0,0,0,0
nearest,49.6965,-1
cover,49.7331,0,0,0,0
nearest,49.7331,-1
cover,49.7658,0,0,0,0
nearest,49.7658,-1
cover,49.7977,0,0,0,0
nearest,49.7977,-1
cover,49.8341,0,0,0,0
nearest,49.8341,-1
cover,49.8647,0,0,0,0
nearest,49.8648,-1
cover,49.8979,0,0,0,0
nearest,49.8979,-1
cover,49.9277,0,0,0,0
nearest,49.9277,-1
cover,49.959,0,0,0,0
nearest,49.959,-1
cover,49.9932,0,0,0,0
nearest,49.9932,-1
cover,50.0269,0,0,0,0
nearest,50.0269,-1
cover,50.06,0,0,0,0
nearest,50.06,-1
cover,50.0953,0,0,0,0
nearest,50.0953,-1
cover,50.1298,0,0,0,0
nearest,50.1298,-1
cover,50.1642,0,0,0,0
nearest,50.1642,-1
cover,50.1958,0,0,0,0
nearest,50.1958,-1
cover,50.2277,0,0,0,0
nearest,50.2277,-1
cover,50.2647,0,0,0,0
nearest,50.2648,-1
cover,50.3005,0,0,0,0
nearest,50.3005,-1
cover,50.3308,0,0,0,0
nearest,50.3308,-1
cover,50.3638,0,0,0,0
nearest,50.3638,-1
cover,50.4009,0,0,0,0
nearest,50.4009,-1
cover,50.4342,0,0,0,0
nearest,50.4343,-1
cover,50.4676,0,0,0,0
nearest,50.4676,-1
cover,50.4991,0,0,0,0
nearest,50.4992,-1
cover,50.529,0,0,0,0
nearest,50.529,-1
cover,50.5609,0,0,0,0
nearest,50.5609,-1
cover,50.5925,0,0,0,0
nearest,50.5925,-1
cover,50.6269,0,0,0,0
nearest,50.6269,-1
cover,50.6585,0,0,0,0
nearest,50.6586,-1
cover,50.6955,0,0,0,0
nearest,50.6955,-1
cover,50.7296,0,0,0,0
nearest,50.7296,-1
cover,50.7674,0,0,0,0
nearest,50.7674,-1
cover,50.8024,0,0,0,0
nearest,50.8024,-1
cover,50.8351,0,0,0,0
nearest,50.8352,-1
cover,50.8658,0,0,0,0
nearest,50.8659,-1
cover,50.8963,0,0,0,0
nearest,50.8963,-1
cover,50.9299,0,0,0,0
nearest,50.9299,-1
cover,50.9651,0,0,0,0
nearest,50.9651,-1
cover,50.9963,0,0,0,0
nearest,50.9963,-1
cover,51.0304,0,0,0,0
nearest,51.0304,-1
cover,51.0655,0,0,0,0
nearest,51.0655,-1
cover,51.0984,0,0,0,0
nearest,51.0984,-1
cover,51.1309,0,0,0,0
nearest,51.1309,-1
cover,51.1612,0,0,0,0
nearest,51.1612,-1
cover,51.1935,0,0,0,0
nearest,51.1936,-1
cover,51.224,0,0,0,0
nearest,51.224,-1
cover,51.2593,0,0,0,0
nearest,51.2593,-1
cover,51.2937,0,0,0,0
nearest,51.2942,-1
cover,51.3306,0,0,0,0
nearest,51.3306,-1
cover,51.3655,0,0,0,0
nearest,51.3655,-1
cover,51.3974,0,0,0,0
nearest,51.3974,-1
cover,51.4294,0,0,0,0
nearest,51.4294,-1
cover,51.4642,0,0,0,0
nearest,51.4642,-1
cover,51.5075,0,0,0,0
nearest,51.5075,-1
cover,51.5499,0,0,0,0
nearest,51.5499,-1
cover,51.5874,0,0,0,0
nearest,51.5874,-1
cover,51.6315,0,0,0,0
nearest,51.6316,-1
cover,51.6642,0,0,0,0
nearest,51.6642,-1
cover,51.6985,0,0,0,0
nearest,51.6985,-1
cover,51.7323,0,0,0,0
nearest,51.7324,-1
cover,51.7656,0,0,0,0
nearest,51.7656,-1
cover,51.7987,0,0,0,0
nearest,51.7987,-1
cover,51.8319,0,0,0,0
nearest,51.8319,-1
cover,51.864,0,0,0,0
nearest,51.864,-1
cover,51.8971,0,0,0,0
nearest,51.8971,-1
cover,51.9283,0,0,0,0
nearest,51.9283,-1
cover,51.9652,0,0,0,0
nearest,51.9652,-1
cover,51.9963,0,0,0,0
nearest,51.9964,-1
cover,52.0309,0,0,0,0
nearest,52.0309,-1
cover,52.0618,0,0,0,0
nearest,52.0618,-1
cover,52.0913,0,0,0,0
nearest,52.0913,-1
cover,52.1246,0,0,0,0
nearest,52.1247,-1
cover,52.1574,0,0,0,0
nearest,52.1575,-1
cover,52.1864,0,0,0,0
nearest,52.1865,-1
cover,52.2188,0,0,0,0
nearest,52.2188,-1
cover,52.2542,0,0,0,0
nearest,52.2542,-1
cover,52.2961,0,0,0,0
nearest,52.2961,-1
cover,52.3287,0,0,0,0
nearest,52.3288,-1
cover,52.3608,0,0,0,0
nearest,52.3608,-1
cover,52.3952,0,0,0,0
nearest,52.3953,-1
cover,52.4295,0,0,0,0
nearest,52.4296,-1
cover,52.4639,0,0,0,0
nearest,52.4639,-1
cover,52.5005,0,0,0,0
nearest,52.5006,-1
cover,52.6084,0,0,0,0
nearest,52.6085,-1
cover,52.6412,0,0,0,0
nearest,52.6412,-1
cover,52.6758,0,0,0,0
nearest,52.6758,-1
cover,52.7085,0,0,0,0
nearest,52.7085,-1
cover,52.7401,0,0,0,0
nearest,52.7401,-1
cover,52.7749,0,0,0,0
nearest,52.775,-1
cover,52.8075,0,0,0,0
nearest,52.8075,-1
cover,52.842,0,0,0,0
nearest,52.842,-1
cover,52.8789,0,0,0,0
nearest,52.879,-1
cover,52.9155,0,0,0,0
nearest,52.9155,-1
cover,52.9481,0,0,0,0
nearest,52.9482,-1
cover,52.9796,0,0,0,0
nearest,52.9796,-1
cover,53.011,0,0,0,0
nearest,53.011,-1
cover,53.0442,0,0,0,0
nearest,53.0443,-1
cover,53.0805,0,0,0,0
nearest,53.0805,-1
cover,53.12,0,0,0,0
nearest,53.12,-1
cover,53.1512,0,0,0,0
nearest,53.1512,-1
cover,53.1816,0,0,0,0
nearest,53.1816,-1
cover,53.2158,0,0,0,0
nearest,53.2158,-1
cover,53.2497,0,0,0,0
nearest,53.2497,-1
cover,53.2811,0,0,0,0
nearest,53.2811,-1
cover,53.3134,0,0,0,0
nearest,53.3134,-1
cover,53.3458,0,0,0,0
nearest,53.3459,-1
cover,53.3779,0,0,0,0
nearest,53.3779,-1
cover,53.4081,0,0,0,0
nearest,53.4081,-1
cover,53.4416,0,0,0,0
nearest,53.4416,-1
cover,53.4753,0,0,0,0
nearest,53.4753,-1
cover,53.5078,0,0,0,0
nearest,53.5078,-1
cover,53.5426,0,0,0,0
nearest,53.5426,-1
cover,53.5795,0,0,0,0
nearest,53.5796,-1
cover,53.6123,0,0,0,0
nearest,53.6123,-1
cover,53.6435,0,0,0,0
nearest,53.6435,-1
cover,53.6772,0,0,0,0
nearest,53.6772,-1
cover,53.7093,0,0,0,0
nearest,53.7094,-1
cover,53.7398,0,0,0,0
nearest,53.7398,-1
cover,53.7741,0,0,0,0
nearest,53.7741,-1
cover,53.8093,0,0,0,0
nearest,53.8093,-1
cover,53.8419,0,0,0,0
nearest,53.842,-1
cover,53.8757,0,0,0,0
nearest,53.8757,-1
cover,53.9066,0,0,0,0
nearest,53.9066,-1
cover,53.9373,0,0,0,0
nearest,53.9373,-1
cover,53.9666,0,0,0,0
nearest,53.9667,-1
cover,53.9992,0,0,0,0
nearest,53.9992,-1
cover,54.0338,0,0,0,0
nearest,54.0338,-1
cover,54.0663,0,0,0,0
nearest,54.0663,-1
cover,54.1013,0,0,0,0
nearest,54.1013,-1
cover,54.136,0,0,0,0
nearest,54.1361,-1
cover,54.1739,0,0,0,0
nearest,54.1739,-1
cover,54.208,0,0,0,0
nearest,54.208,-1
cover,54.2435,0,0,0,0
nearest,54.2435,-1
cover,54.278,0,0,0,0
nearest,54.278,-1
cover,54.3096,0,0,0,0
nearest,54.3096,-1
cover,54.3444,0,0,0,0
nearest,54.3445,-1
cover,54.3768,0,0,0,0
nearest,54.3768,-1
cover,54.4108,0,0,0,0
nearest,54.4108,-1
cover,54.4436,0,0,0,0
nearest,54.4436,-1
cover,54.4761,0,0,0,0
nearest,54.4761,-1
cover,54.5104,0,0,0,0
nearest,54.5105,-1
cover,54.5428,0,0,0,0
nearest,54.5428,-1
cover,54.5759,0,0,0,0
nearest,54.5759,-1
cover,54.6083,0,0,0,0
nearest,54.6084,-1
cover,54.6413,0,0,0,0
nearest,54.6414,-1
cover,54.6729,0,0,0,0
nearest,54.6729,-1
cover,54.7078,0,0,0,0
nearest,54.7078,-1
cover,54.7638,0,0,0,0
nearest,54.7638,-1
cover,54.7988,0,0,0,0
nearest,54.7989,-1
cover,54.8321,0,0,0,0
nearest,54.8321,-1
cover,54.8632,0,0,0,0
nearest,54.8632,-1
cover,54.898,0,0,0,0
nearest,54.8981,-1
cover,54.9294,0,0,0,0
nearest,54.9294,-1
cover,54.9605,0,0,0,0
nearest,54.9605,-1
cover,54.9945,0,0,0,0
nearest,54.9945,-1
cover,55.0294,0,0,0,0
nearest,55.0294,-1
cover,55.0678,0,0,0,0
nearest,55.0678,-1
cover,55.1014,0,0,0,0
nearest,55.1014,-1
cover,55.136,0,0,0,0
nearest,55.136,-1
cover,55.1686,0,0,0,0
nearest,55.1686,-1
cover,55.2013,0,0,0,0
nearest,55.2013,-1
cover,55.2396,0,0,0,0
nearest,55.2396,-1
cover,55.2738,0,0,0,0
nearest,55.2739,-1
cover,55.3077,0,0,0,0
nearest,55.3077,-1
cover,55.3412,0,0,0,0
nearest,55.3412,-1
cover,55.3749,0,0,0,0
nearest,55.3749,-1
cover,55.4098,0,0,0,0
nearest,55.4099,-1
cover,55.4418,0,0,0,0
nearest,55.4418,-1
cover,55.4747,0,0,0,0
nearest,55.4747,-1
cover,55.5086,0,0,0,0
nearest,55.5086,-1
cover,55.5448,0,0,0,0
nearest,55.5448,-1
cover,55.5793,0,0,0,0
nearest,55.5793,-1
cover,55.6133,0,0,0,0
nearest,55.6133,-1
cover,55.6461,0,0,0,0
nearest,55.6461,-1
cover,55.6819,0,0,0,0
nearest,55.6819,-1
cover,55.7183,0,0,0,0
nearest,55.7184,-1
cover,55.7532,0,0,0,0
nearest,55.7532,-1
cover,55.7837,0,0,0,0
nearest,55.7837,-1
cover,55.8153,0,0,0,0
nearest,55.8154,-1
cover,55.8466,0,0,0,0
nearest,55.8466,-1
cover,55.8765,0,0,0,0
nearest,55.8765,-1
cover,55.91,0,0,0,0
nearest,55.91,-1
cover,55.9421,0,0,0,0
nearest,55.9422,-1
cover,55.9784,0,0,0,0
nearest,55.9784,-1
cover,56.0084,0,0,0,0
nearest,56.0085,-1
cover,56.04,0,0,0,0
nearest,56.04,-1
cover,56.0737,0,0,0,0
nearest,56.0737,-1
cover,56.1072,0,0,0,0
nearest,56.1073,-1
cover,56.1401,0,0,0,0
nearest,56.1401,-1
cover,56.1719,0,0,0,0
nearest,56.1719,-1
cover,56.2064,0,0,0,0
nearest,56.2065,-1
cover,56.2414,0,0,0,0
nearest,56.2414,-1
cover,56.2754,0,0,0,0
nearest,56.2754,-1
cover,56.308,0,0,0,0
nearest,56.308,-1
cover,56.337,0,0,0,0
nearest,56.337,-1
cover,56.3683,0,0,0,0
nearest,56.3683,-1
cover,56.408,0,0,0,0
nearest,56.408,-1
cover,56.4399,0,0,0,0
nearest,56.4399,-1
cover,56.4745,0,0,0,0
nearest,56.4745,-1
cover,56.5071,0,0,0,0
nearest,56.5071,-1
cover,56.5409,0,0,0,0
nearest,56.541,-1
cover,56.5755,0,0,0,0
nearest,56.5755,-1
cover,56.6072,0,0,0,0
nearest,56.6072,-1
cover,56.6367,0,0,0,0
nearest,56.6367,-1
cover,56.6662,0,0,0,0
nearest,56.6663,-1
cover,56.6979,0,0,0,0
nearest,56.698,-1
cover,56.7288,0,0,0,0
nearest,56.7288,-1
cover,56.761,0,0,0,0
nearest,56.761,-1
cover,56.7964,0,0,0,0
nearest,56.7964,-1
cover,56.8282,0,0,0,0
nearest,56.8282,-1
cover,56.862,0,0,0,0
nearest,56.862,-1
cover,56.898,0,0,0,0
nearest,56.898,-1
cover,56.9404,0,0,0,0
nearest,56.9404,-1
cover,56.9749,0,0,0,0
nearest,56.9749,-1
cover,57.0089,0,0,0,0
nearest,57.0089,-1
cover,57.0427,0,0,0,0
nearest,57.0427,-1
cover,57.0743,0,0,0,0
nearest,57.0743,-1
cover,57.1105,0,0,0,0
nearest,57.1105,-1
cover,57.1434,0,0,0,0
nearest,57.1435,-1
cover,57.1791,0,0,0,0
nearest,57.1792,-1
cover,57.2191,0,0,0,0
nearest,57.2191,-1
cover,57.2507,0,0,0,0
nearest,57.2507,-1
cover,57.2817,0,0,0,0
nearest,57.2817,-1
cover,57.3125,0,0,0,0
nearest,57.3125,-1
cover,57.3436,0,0,0,0
nearest,57.3437,-1
cover,57.3764,0,0,0,0
nearest,57.3764,-1
cover,57.4114,0,0,0,0
nearest,57.4114,-1
cover,57.4435,0,0,0,0
nearest,57.4436,-1
cover,57.475,0,0,0,0
nearest,57.4751,-1
cover,57.5085,0,0,0,0
nearest,57.5085,-1
cover,57.5464,0,0,0,0
nearest,57.5464,-1
cover,57.578,0,0,0,0
nearest,57.578,-1
cover,57.6096,0,0,0,0
nearest,57.6096,-1
cover,57.6426,0,0,0,0
nearest,57.6426,-1
cover,57.6756,0,0,0,0
nearest,57.6757,-1
cover,57.7098,0,0,0,0
nearest,57.7098,-1
cover,57.741,0,0,0,0
nearest,57.741,-1
cover,57.7763,0,0,0,0
nearest,57.7764,-1
cover,57.8116,0,0,0,0
nearest,57.8116,-1
cover,57.8476,0,0,0,0
nearest,57.8476,-1
cover,57.8822,0,0,0,0
nearest,57.8822,-1
cover,57.9181,0,0,0,0
nearest,57.9181,-1
cover,57.9539,0,0,0,0
nearest,57.9539,-1
cover,57.9857,0,0,0,0
nearest,57.9857,-1
cover,58.0166,0,0,0,0
nearest,58.0167,-1
cover,58.0468,0,0,0,0
nearest,58.0468,-1
cover,58.0819,0,0,0,0
nearest,58.0819,-1
cover,58.116,0,0,0,0
nearest,58.116,-1
cover,58.1473,0,0,0,0
nearest,58.1473,-1
cover,58.1789,0,0,0,0
nearest,58.179,-1
cover,58.2145,0,0,0,0
nearest,58.2145,-1
cover,58.2452,0,0,0,0
nearest,58.2453,-1
cover,58.278,0,0,0,0
nearest,58.278,-1
cover,58.3139,0,0,0,0
nearest,58.3139,-1
cover,58.3461,0,0,0,0
nearest,58.3461,-1
cover,58.3807,0,0,0,0
nearest,58.3807,-1
cover,58.4138,0,0,0,0
nearest,58.4138,-1
cover,58.4468,0,0,0,0
nearest,58.4468,-1
cover,58.4816,0,0,0,0
nearest,58.4816,-1
cover,58.5181,0,0,0,0
nearest,58.5181,-1
cover,58.5518,0,0,0,0
nearest,58.5518,-1
cover,58.5834,0,0,0,0
nearest,58.5834,-1
cover,58.6159,0,0,0,0
nearest,58.6159,-1
cover,58.648,0,0,0,0
nearest,58.648,-1
cover,58.6776,0,0,0,0
nearest,58.6776,-1
cover,58.7134,0,0,0,0
nearest,58.7135,-1
cover,58.7457,0,0,0,0
nearest,58.7457,-1
cover,58.7788,0,0,0,0
nearest,58.7788,-1
cover,58.8193,0,0,0,0
nearest,58.8193,-1
cover,58.8525,0,0,0,0
nearest,58.8525,-1
cover,58.8909,0,0,0,0
nearest,58.891,-1
cover,58.9264,0,0,0,0
nearest,58.9264,-1
cover,58.959,0,0,0,0
nearest,58.959,-1
cover,58.9961,0,0,0,0
nearest,58.9961,-1
cover,59.0366,0,0,0,0
nearest,59.0366,-1
cover,59.0714,0,0,0,0
nearest,59.0714,-1
cover,59.1111,0,0,0,0
nearest,59.1111,-1
cover,59.1467,0,0,0,0
nearest,59.1467,-1
cover,59.1828,0,0,0,0
nearest,59.1829,-1
cover,59.2168,0,0,0,0
nearest,59.2168,-1
cover,59.2492,0,0,0,0
nearest,59.2493,-1
cover,59.2819,0,0,0,0
nearest,59.2819,-1
cover,59.3155,0,0,0,0
nearest,59.3155,-1
cover,59.3494,0,0,0,0
nearest,59.3494,-1
cover,59.3829,0,0,0,0
nearest,59.3829,-1
cover,59.4162,0,0,0,0
nearest,59.4162,-1
cover,59.449,0,0,0,0
nearest,59.449,-1
cover,59.4812,0,0,0,0
nearest,59.4812,-1
cover,59.5115,0,0,0,0
nearest,59.5115,-1
cover,59.5433,0,0,0,0
nearest,59.5433,-1
cover,59.5798,0,0,0,0
nearest,59.5798,-1
cover,59.6141,0,0,0,0
nearest,59.6141,-1
cover,59.6453,0,0,0,0
nearest,59.6453,-1
cover,59.6795,0,0,0,0
nearest,59.6795,-1
cover,59.7139,0,0,0,0
nearest,59.714,-1
cover,59.7485,0,0,0,0
nearest,59.7485,-1
cover,59.7832,0,0,0,0
nearest,59.7832,-1
cover,59.8143,0,0,0,0
nearest,59.8144,-1
cover,59.8485,0,0,0,0
nearest,59.8485,-1
cover,59.8827,0,0,0,0
nearest,59.8827,-1
cover,59.9247,0,0,0,0
nearest,59.9248,-1
cover,59.9603,0,0,0,0
nearest,59.9603,-1
cover,59.992,0,0,0,0
nearest,59.992,-1
cover,60.029,0,0,0,0
nearest,60.0291,-1
cover,60.0605,0,0,0,0
nearest,60.0605,-1
cover,60.0943,0,0,0,0
nearest,60.0943,-1
cover,60.129,0,0,0,0
nearest,60.129,-1
cover,60.1641,0,0,0,0
nearest,60.1641,-1
cover,60.2009,0,0,0,0
nearest,60.201,-1
cover,60.2365,0,0,0,0
nearest,60.2365,-1
cover,60.274,0,0,0,0
nearest,60.274,-1
cover,60.3092,0,0,0,0
nearest,60.3092,-1
cover,60.343,0,0,0,0
nearest,60.343,-1
cover,60.3776,0,0,0,0
nearest,60.3776,-1
cover,60.4115,0,0,0,0
nearest,60.4116,-1
cover,60.4425,0,0,0,0
nearest,60.4425,-1
cover,60.4774,0,0,0,0
nearest,60.4774,-1
cover,60.5121,0,0,0,0
nearest,60.5121,-1
cover,60.5451,0,0,0,0
nearest,60.5451,-1
cover,60.5818,0,0,0,0
nearest,60.5818,-1
cover,60.6158,0,0,0,0
nearest,60.6158,-1
cover,60.651,0,0,0,0
nearest,60.651,-1
cover,60.6832,0,0,0,0
nearest,60.6832,-1
cover,60.7178,0,0,0,0
nearest,60.7178,-1
cover,60.7498,0,0,0,0
nearest,60.7498,-1
cover,60.782,0,0,0,0
nearest,60.782,-1
cover,60.8182,0,0,0,0
nearest,60.8182,-1
cover,60.849,0,0,0,0
nearest,60.8491,-1
cover,60.8851,0,0,0,0
nearest,60.8851,-1
cover,60.9204,0,0,0,0
nearest,60.9204,-1
cover,60.9504,0,0,0,0
nearest,60.9504,-1
cover,60.9801,0,0,0,0
nearest,60.9802,-1
cover,61.0116,0,0,0,0
nearest,61.0116,-1
cover,61.0427,0,0,0,0
nearest,61.0427,-1
cover,61.0778,0,0,0,0
nearest,61.0778,-1
cover,61.113,0,0,0,0
nearest,61.1131,-1
cover,61.1454,0,0,0,0
nearest,61.1454,-1
cover,61.1754,0,0,0,0
nearest,61.1755,-1
cover,61.2111,0,0,0,0
nearest,61.2111,-1
cover,61.2444,0,0,0,0
nearest,61.2444,-1
cover,61.2748,0,0,0,0
nearest,61.2748,-1
cover,61.3251,0,0,0,0
nearest,61.3251,-1
cover,61.3625,0,0,0,0
nearest,61.3625,-1
cover,61.4172,0,0,0,0
nearest,61.4172,-1
cover,61.4594,0,0,0,0
nearest,61.4594,-1
cover,61.4986,0,0,0,0
nearest,61.4986,-1
cover,61.5345,0,0,0,0
nearest,61.5345,-1
cover,61.5682,0,0,0,0
nearest,61.5683,-1
cover,61.6021,0,0,0,0
nearest,61.6021,-1
cover,61.6342,0,0,0,0
nearest,61.6342,-1
cover,61.7464,0,0,0,0
nearest,61.7464,-1
cover,61.7809,0,0,0,0
nearest,61.7809,-1
cover,61.8117,0,0,0,0
nearest,61.8117,-1
cover,61.8419,0,0,0,0
nearest,61.842,-1
cover,61.8744,0,0,0,0
nearest,61.8744,-1
cover,61.9029,0,0,0,0
nearest,61.9029,-1
cover,61.9365,0,0,0,0
nearest,61.9365,-1
cover,61.9682,0,0,0,0
nearest,61.9682,-1
cover,62.0018,0,0,0,0
nearest,62.0018,-1
cover,62.035,0,0,0,0
nearest,62.035,-1
cover,62.0715,0,0,0,0
nearest,62.0715,-1
cover,62.1091,0,0,0,0
nearest,62.1091,-1
cover,62.1425,0,0,0,0
nearest,62.1425,-1
cover,62.1785,0,0,0,0
nearest,62.1785,-1
cover,62.2117,0,0,0,0
nearest,62.2117,-1
cover,62.2519,0,0,0,0
nearest,62.252,-1
cover,62.2837,0,0,0,0
nearest,62.2837,-1
cover,62.3167,0,0,0,0
nearest,62.3167,-1
cover,62.3536,0,0,0,0
nearest,62.3537,-1
cover,62.3889,0,0,0,0
nearest,62.389,-1
cover,62.4217,0,0,0,0
nearest,62.4217,-1
cover,62.4524,0,0,0,0
nearest,62.4524,-1
cover,62.4848,0,0,0,0
nearest,62.4848,-1
cover,62.5145,0,0,0,0
nearest,62.5145,-1
cover,62.5469,0,0,0,0
nearest,62.5469,-1
cover,62.5826,0,0,0,0
nearest,62.5827,-1
cover,62.6153,0,0,0,0
nearest,62.6154,-1
cover,62.6489,0,0,0,0
nearest,62.6489,-1
cover,62.685,0,0,0,0
nearest,62.685,-1
cover,62.7188,0,0,0,0
nearest,62.7188,-1
cover,62.7535,0,0,0,0
nearest,62.7536,-1
cover,62.786,0,0,0,0
nearest,62.786,-1
cover,62.8206,0,0,0,0
nearest,62.8206,-1
cover,62.8552,0,0,0,0
nearest,62.8552,-1
cover,62.8855,0,0,0,0
nearest,62.8855,-1
cover,62.915,0,0,0,0
nearest,62.915,-1
cover,62.9484,0,0,0,0
nearest,62.9484,-1
cover,62.9821,0,0,0,0
nearest,62.9822,-1
cover,63.0142,0,0,0,0
nearest,63.0142,-1
cover,63.0454,0,0,0,0
nearest,63.0454,-1
cover,63.0767,0,0,0,0
nearest,63.0767,-1
cover,63.1116,0,0,0,0
nearest,63.1116,-1
cover,63.1429,0,0,0,0
nearest,63.1429,-1
cover,63.1793,0,0,0,0
nearest,63.1793,-1
cover,63.2118,0,0,0,0
nearest,63.2118,-1
cover,63.247,0,0,0,0
nearest,63.247,-1
cover,63.2825,0,0,0,0
nearest,63.2825,-1
cover,63.3196,0,0,0,0
nearest,63.3196,-1
cover,63.3602,0,0,0,0
nearest,63.3602,-1
cover,63.4018,0,0,0,0
nearest,63.4018,-1
cover,63.4392,0,0,0,0
nearest,63.4392,-1
cover,63.4764,0,0,0,0
nearest,63.4764,-1
cover,63.512,0,0,0,0
nearest,63.512,-1
cover,63.547,0,0,0,0
nearest,63.5471,-1
cover,63.5803,0,0,0,0
nearest,63.5804,-1
cover,63.6155,0,0,0,0
nearest,63.6155,-1
cover,63.6473,0,0,0,0
nearest,63.6473,-1
cover,63.6799,0,0,0,0
nearest,63.6799,-1
cover,63.7118,0,0,0,0
nearest,63.7118,-1
cover,63.7458,0,0,0,0
nearest,63.7458,-1
cover,63.7783,0,0,0,0
nearest,63.7783,-1
cover,63.8124,0,0,0,0
nearest,63.8124,-1
cover,63.8478,0,0,0,0
nearest,63.8478,-1
cover,63.8814,0,0,0,0
nearest,63.8814,-1
cover,63.9147,0,0,0,0
nearest,63.9148,-1
cover,63.9461,0,0,0,0
nearest,63.9461,-1
cover,63.9797,0,0,0,0
nearest,63.9797,-1
cover,64.0095,0,0,0,0
nearest,64.0095,-1
cover,64.0421,0,0,0,0
nearest,64.0421,-1
cover,64.0735,0,0,0,0
nearest,64.0735,-1
cover,64.1073,0,0,0,0
nearest,64.1073,-1
cover,64.145,0,0,0,0
nearest,64.1451,-1
cover,64.1785,0,0,0,0
nearest,64.1785,-1
cover,64.2133,0,0,0,0
nearest,64.2134,-1
cover,64.2459,0,0,0,0
nearest,64.2459,-1
cover,64.2776,0,0,0,0
nearest,64.2776,-1
cover,64.3114,0,0,0,0
nearest,64.3114,-1
cover,64.3441,0,0,0,0
nearest,64.3441,-1
cover,64.3768,0,0,0,0
nearest,64.3769,-1
cover,64.4086,0,0,0,0
nearest,64.4086,-1
cover,64.4447,0,0,0,0
nearest,64.4447,-1
cover,64.4759,0,0,0,0
nearest,64.4759,-1
cover,64.5166,0,0,0,0
nearest,64.5167,-1
cover,64.5516,0,0,0,0
nearest,64.5516,-1
cover,64.585,0,0,0,0
nearest,64.5851,-1
cover,64.619,0,0,0,0
nearest,64.6191,-1
cover,64.6533,0,0,0,0
nearest,64.6533,-1
cover,64.6835,0,0,0,0
nearest,64.6835,-1
cover,64.7139,0,0,0,0
nearest,64.7139,-1
cover,64.746,0,0,0,0
nearest,64.746,-1
cover,64.7815,0,0,0,0
nearest,64.7815,-1
cover,64.8191,0,0,0,0
nearest,64.8191,-1
cover,64.853,0,0,0,0
nearest,64.853,-1
cover,64.8866,0,0,0,0
nearest,64.8866,-1
cover,64.9171,0,0,0,0
nearest,64.9171,-1
cover,64.9505,0,0,0,0
nearest,64.9505,-1
cover,64.9846,0,0,0,0
nearest,64.9846,-1
cover,65.0189,0,0,0,0
nearest,65.0189,-1
cover,65.0495,0,0,0,0
nearest,65.0495,-1
cover,65.0896,0,0,0,0
nearest,65.0896,-1
cover,65.125,0,0,0,0
nearest,65.125,-1
cover,65.1564,0,0,0,0
nearest,65.1564,-1
cover,65.1872,0,0,0,0
nearest,65.1872,-1
cover,65.2176,0,0,0,0
nearest,65.2176,-1
cover,65.249,0,0,0,0
nearest,65.249,-1
cover,65.2798,0,0,0,0
nearest,65.2798,-1
cover,65.3192,0,0,0,0
nearest,65.3193,-1
cover,65.3538,0,0,0,0
nearest,65.3539,-1
cover,65.3883,0,0,0,0
nearest,65.3884,-1
cover,65.4218,0,0,0,0
nearest,65.4218,-1
cover,65.4546,0,0,0,0
nearest,65.4546,-1
cover,65.4859,0,0,0,0
nearest,65.4859,-1
cover,65.5192,0,0,0,0
nearest,65.5192,-1
cover,65.554,0,0,0,0
nearest,65.554,-1
cover,65.5911,0,0,0,0
nearest,65.5911,-1
cover,65.6273,0,0,0,0
nearest,65.6273,-1
cover,65.6666,0,0,0,0
nearest,65.6666,-1
cover,65.7024,0,0,0,0
nearest,65.7024,-1
cover,65.7433,0,0,0,0
nearest,65.7433,-1
cover,65.7756,0,0,0,0
nearest,65.7756,-1
cover,65.8077,0,0,0,0
nearest,65.8077,-1
cover,65.8362,0,0,0,0
nearest,65.8363,-1
cover,65.8678,0,0,0,0
nearest,65.8679,-1
cover,65.902,0,0,0,0
nearest,65.902,-1
cover,65.9329,0,0,0,0
nearest,65.9329,-1
cover,65.9678,0,0,0,0
nearest,65.9678,-1
cover,66.0033,0,0,0,0
nearest,66.0033,-1
cover,66.045,0,0,0,0
nearest,66.0451,-1
cover,66.0774,0,0,0,0
nearest,66.0774,-1
cover,66.1086,0,0,0,0
nearest,66.1086,-1
cover,66.1429,0,0,0,0
nearest,66.1429,-1
cover,66.1697,0,0,0,0
nearest,66.1698,-1
cover,66.1985,0,0,0,0
nearest,66.1985,-1
cover,66.2263,0,0,0,0
nearest,66.2263,-1
cover,66.2563,0,0,0,0
nearest,66.2563,-1
cover,66.2835,0,0,0,0
nearest,66.2835,-1
cover,66.3117,0,0,0,0
nearest,66.3118,-1
cover,66.3398,0,0,0,0
nearest,66.3398,-1
cover,66.3694,0,0,0,0
nearest,66.3695,-1
cover,66.4041,0,0,0,0
nearest,66.4041,-1
cover,66.4342,0,0,0,0
nearest,66.4342,-1
cover,66.4653,0,0,0,0
nearest,66.4653,-1
cover,66.4977,0,0,0,0
nearest,66.4977,-1
cover,66.5268,0,0,0,0
nearest,66.5268,-1
cover,66.5546,0,0,0,0
nearest,66.5546,-1
cover,66.5812,0,0,0,0
nearest,66.5812,-1
cover,66.6119,0,0,0,0
nearest,66.6119,-1
cover,66.6467,0,0,0,0
nearest,66.6467,-1
cover,66.6757,0,0,0,0
nearest,66.6757,-1
cover,66.7016,0,0,0,0
nearest,66.7017,-1
cover,66.7302,0,0,0,0
nearest,66.7303,-1
cover,66.7582,0,0,0,0
nearest,66.7582,-1
cover,66.7845,0,0,0,0
nearest,66.7845,-1
cover,66.8132,0,0,0,0
nearest,66.8132,-1
cover,66.845,0,0,0,0
nearest,66.845,-1
cover,66.8734,0,0,0,0
nearest,66.8734,-1
cover,66.9036,0,0,0,0
nearest,66.9037,-1
cover,66.9359,0,0,0,0
nearest,66.9359,-1
cover,66.9686,0,0,0,0
nearest,66.9687,-1
cover,66.998,0,0,0,0
nearest,66.9981,-1
cover,67.0276,0,0,0,0
nearest,67.0276,-1
cover,67.0561,0,0,0,0
nearest,67.0561,-1
cover,67.082,0,0,0,0
nearest,67.082,-1
cover,67.1114,0,0,0,0
nearest,67.1114,-1
cover,67.1436,0,0,0,0
nearest,67.1436,-1
cover,67.175,0,0,0,0
nearest,67.175,-1
cover,67.2032,0,0,0,0
nearest,67.2033,-1
cover,67.2353,0,0,0,0
nearest,67.2353,-1
cover,67.271,0,0,0,0
nearest,67.2711,-1
cover,67.2996,0,0,0,0
nearest,67.2996,-1
cover,67.3293,0,0,0,0
nearest,67.3294,-1
cover,67.3563,0,0,0,0
nearest,67.3564,-1
cover,67.3873,0,0,0,0
nearest,67.3873,-1
cover,67.4168,0,0,0,0
nearest,67.4168,-1
cover,67.4457,0,0,0,0
nearest,67.4457,-1
cover,67.4801,0,0,0,0
nearest,67.4801,-1
cover,67.5113,0,0,0,0
nearest,67.5113,-1
cover,67.5406,0,0,0,0
nearest,67.5406,-1
cover,67.5666,0,0,0,0
nearest,67.5667,-1
cover,67.5976,0,0,0,0
nearest,67.5976,-1
cover,67.6255,0,0,0,0
nearest,67.6255,-1
cover,67.6514,0,0,0,0
nearest,67.6514,-1
cover,67.6779,0,0,0,0
nearest,67.6779,-1
cover,67.7085,0,0,0,0
nearest,67.7086,-1
cover,67.7334,0,0,0,0
nearest,67.7334,-1
cover,67.764,0,0,0,0
nearest,67.764,-1
cover,67.7917,0,0,0,0
nearest,67.7918,-1
cover,67.818,0,0,0,0
nearest,67.818,-1
cover,67.8491,0,0,0,0
nearest,67.8491,-1
cover,67.8809,0,0,0,0
nearest,67.8809,-1
cover,67.9138,0,0,0,0
nearest,67.9138,-1
cover,67.9442,0,0,0,0
nearest,67.9442,-1
cover,67.9725,0,0,0,0
nearest,67.9725,-1
cover,68.0042,0,0,0,0
nearest,68.0043,-1
cover,68.0367,0,0,0,0
nearest,68.0368,-1
cover,68.0658,0,0,0,0
nearest,68.0658,-1
cover,68.0941,0,0,0,0
nearest,68.0941,-1
cover,68.1226,0,0,0,0
nearest,68.1226,-1
cover,68.1529,0,0,0,0
nearest,68.1529,-1
cover,68.184,0,0,0,0
nearest,68.184,-1
cover,68.2113,0,0,0,0
nearest,68.2113,-1
cover,68.2495,0,0,0,0
nearest,68.2495,-1
cover,68.2794,0,0,0,0
nearest,68.2794,-1
cover,68.311,0,0,0,0
nearest,68.311,-1
cover,68.3394,0,0,0,0
nearest,68.3394,-1
cover,68.3697,0,0,0,0
nearest,68.3697,-1
cover,68.4062,0,0,0,0
nearest,68.4063,-1
cover,68.4405,0,0,0,0
nearest,68.4405,-1
cover,68.4788,0,0,0,0
nearest,68.4788,-1
cover,68.5101,0,0,0,0
nearest,68.5102,-1
cover,68.5512,0,0,0,0
nearest,68.5512,-1
cover,68.5832,0,0,0,0
nearest,68.5832,-1
cover,68.6174,0,0,0,0
nearest,68.6174,-1
cover,68.6493,0,0,0,0
nearest,68.6494,-1
cover,68.6786,0,0,0,0
nearest,68.6786,-1
cover,68.7069,0,0,0,0
nearest,68.7069,-1
cover,68.7327,0,0,0,0
nearest,68.7327,-1
cover,68.7637,0,0,0,0
nearest,68.7637,-1
cover,68.7946,0,0,0,0
nearest,68.7947,-1
cover,68.8224,0,0,0,0
nearest,68.8224,-1
cover,68.8492,0,0,0,0
nearest,68.8492,-1
cover,68.881,0,0,0,0
nearest,68.8811,-1
cover,68.9142,0,0,0,0
nearest,68.9142,-1
cover,68.9459,0,0,0,0
nearest,68.946,-1
cover,68.9785,0,0,0,0
nearest,68.9785,-1
cover,69.0117,0,0,0,0
nearest,69.0117,-1
cover,69.0384,0,0,0,0
nearest,69.0385,-1
cover,69.0693,0,0,0,0
nearest,69.0694,-1
cover,69.098,0,0,0,0
nearest,69.098,-1
cover,69.1286,0,0,0,0
nearest,69.1287,-1
cover,69.1583,0,0,0,0
nearest,69.1583,-1
cover,69.186,0,0,0,0
nearest,69.186,-1
cover,69.2164,0,0,0,0
nearest,69.2164,-1
cover,69.2453,0,0,0,0
nearest,69.2453,-1
cover,69.275,0,0,0,0
nearest,69.275,-1
cover,69.301,0,0,0,0
nearest,69.301,-1
cover,69.3311,0,0,0,0
nearest,69.3311,-1
cover,69.3605,0,0,0,0
nearest,69.3606,-1
cover,69.3924,0,0,0,0
nearest,69.3924,-1
cover,69.4209,0,0,0,0
nearest,69.4209,-1
cover,69.4484,0,0,0,0
nearest,69.4484,-1
cover,69.4801,0,0,0,0
nearest,69.4801,-1
cover,69.5121,0,0,0,0
nearest,69.5121,-1
cover,69.5417,0,0,0,0
nearest,69.5417,-1
cover,69.5771,0,0,0,0
nearest,69.5771,-1
cover,69.6114,0,0,0,0
nearest,69.6115,-1
cover,69.6447,0,0,0,0
nearest,69.6447,-1
cover,69.6829,0,0,0,0
nearest,69.6829,-1
cover,69.7157,0,0,0,0
nearest,69.7157,-1
cover,69.7475,0,0,0,0
nearest,69.7475,-1
cover,69.7806,0,0,0,0
nearest,69.7807,-1
cover,69.8137,0,0,0,0
nearest,69.8137,-1
cover,69.8476,0,0,0,0
nearest,69.8476,-1
cover,69.8811,0,0,0,0
nearest,69.8811,-1
cover,69.9141,0,0,0,0
nearest,69.9141,-1
cover,69.9462,0,0,0,0
nearest,69.9462,-1
cover,69.9788,0,0,0,0
nearest,69.9789,-1
cover,70.01,0,0,0,0
nearest,70.01,-1
cover,70.0379,0,0,0,0
nearest,70.0379,-1
cover,70.0701,0,0,0,0
nearest,70.0701,-1
cover,70.0996,0,0,0,0
nearest,70.0997,-1
cover,70.1319,0,0,0,0
nearest,70.1319,-1
cover,70.1619,0,0,0,0
nearest,70.1619,-1
cover,70.19,0,0,0,0
nearest,70.19,-1
cover,70.2188,0,0,0,0
nearest,70.2188,-1
cover,70.246,0,0,0,0
nearest,70.2461,-1
cover,70.278,0,0,0,0
nearest,70.278,-1
cover,70.3047,0,0,0,0
nearest,70.3047,-1
cover,70.3302,0,0,0,0
nearest,70.3302,-1
cover,70.3597,0,0,0,0
nearest,70.3597,-1
cover,70.3865,0,0,0,0
nearest,70.3865,-1
cover,70.414,0,0,0,0
nearest,70.414,-1
cover,70.4439,0,0,0,0
nearest,70.444,-1
cover,70.4713,0,0,0,0
nearest,70.4713,-1
cover,70.5027,0,0,0,0
nearest,70.5027,-1
cover,70.5341,0,0,0,0
nearest,70.5341,-1
cover,70.5696,0,0,0,0
nearest,70.5696,-1
cover,70.6053,0,0,0,0
nearest,70.6053,-1
cover,70.6395,0,0,0,0
nearest,70.6396,-1
cover,70.6746,0,0,0,0
nearest,70.6746,-1
cover,70.7063,0,0,0,0
nearest,70.7064,-1
cover,70.7384,0,0,0,0
nearest,70.7385,-1
cover,70.7685,0,0,0,0
nearest,70.7685,-1
cover,70.8025,0,0,0,0
nearest,70.8026,-1
cover,70.8332,0,0,0,0
nearest,70.8333,-1
cover,70.8656,0,0,0,0
nearest,70.8656,-1
cover,70.8945,0,0,0,0
nearest,70.8945,-1
cover,70.9276,0,0,0,0
nearest,70.9276,-1
cover,70.9624,0,0,0,0
nearest,70.9624,-1
cover,70.9979,0,0,0,0
nearest,70.998,-1
cover,71.032,0,0,0,0
nearest,71.032,-1
cover,71.0625,0,0,0,0
nearest,71.0625,-1
cover,71.091,0,0,0,0
nearest,71.091,-1
cover,71.1197,0,0,0,0
nearest,71.1197,-1
cover,71.1469,0,0,0,0
nearest,71.147,-1
cover,71.1803,0,0,0,0
nearest,71.1803,-1
cover,71.2134,0,0,0,0
nearest,71.2134,-1
cover,71.2406,0,0,0,0
nearest,71.2406,-1
cover,71.2692,0,0,0,0
nearest,71.2692,-1
cover,71.298,0,0,0,0
nearest,71.298,-1
cover,71.326,0,0,0,0
nearest,71.326,-1
cover,71.3552,0,0,0,0
nearest,71.3552,-1
cover,71.3887,0,0,0,0
nearest,71.3887,-1
cover,71.4203,0,0,0,0
nearest,71.4203,-1
cover,71.4472,0,0,0,0
nearest,71.4473,-1
cover,71.4815,0,0,0,0
nearest,71.4816,-1
cover,71.5132,0,0,0,0
nearest,71.5133,-1
cover,71.5396,0,0,0,0
nearest,71.5396,-1
cover,71.5714,0,0,0,0
nearest,71.5715,-1
cover,71.601,0,0,0,0
nearest,71.601,-1
cover,71.7004,0,0,0,0
nearest,71.7004,-1
cover,71.7325,0,0,0,0
nearest,71.7326,-1
cover,71.7622,0,0,0,0
nearest,71.7622,-1
cover,71.7929,0,0,0,0
nearest,71.7929,-1
cover,71.8221,0,0,0,0
nearest,71.8221,-1
cover,71.8506,0,0,0,0
nearest,71.8507,-1
cover,71.8762,0,0,0,0
nearest,71.8762,-1
cover,71.9062,0,0,0,0
nearest,71.9062,-1
cover,71.9401,0,0,0,0
nearest,71.9401,-1
cover,71.9684,0,0,0,0
nearest,71.9684,-1
cover,71.9964,0,0,0,0
nearest,71.9964,-1
cover,72.0272,0,0,0,0
nearest,72.0272,-1
cover,72.0578,0,0,0,0
nearest,72.0578,-1
cover,72.089,0,0,0,0
nearest,72.089,-1
cover,72.1161,0,0,0,0
nearest,72.1161,-1
cover,72.1462,0,0,0,0
nearest,72.1462,-1
cover,72.1731,0,0,0,0
nearest,72.1732,-1
cover,72.2048,0,0,0,0
nearest,72.2048,-1
cover,72.2373,0,0,0,0
nearest,72.2373,-1
cover,72.2678,0,0,0,0
nearest,72.2679,-1
cover,72.2971,0,0,0,0
nearest,72.2971,-1
cover,72.3298,0,0,0,0
nearest,72.3298,-1
cover,72.3574,0,0,0,0
nearest,72.3574,-1
cover,72.3878,0,0,0,0
nearest,72.3879,-1
cover,72.4151,0,0,0,0
nearest,72.4152,-1
cover,72.4465,0,0,0,0
nearest,72.4465,-1
cover,72.4763,0,0,0,0
nearest,72.4763,-1
cover,72.5044,0,0,0,0
nearest,72.5045,-1
cover,72.5317,0,0,0,0
nearest,72.5317,-1
cover,72.5627,0,0,0,0
nearest,72.5627,-1
cover,72.5916,0,0,0,0
nearest,72.5916,-1
cover,72.6227,0,0,0,0
nearest,72.6228,-1
cover,72.6517,0,0,0,0
nearest,72.6517,-1
cover,72.6805,0,0,0,0
nearest,72.6805,-1
cover,72.7141,0,0,0,0
nearest,72.7141,-1
cover,72.7458,0,0,0,0
nearest,72.7459,-1
cover,72.7771,0,0,0,0
nearest,72.7771,-1
cover,72.8084,0,0,0,0
nearest,72.8084,-1
cover,72.8378,0,0,0,0
nearest,72.8379,-1
cover,72.8652,0,0,0,0
nearest,72.8652,-1
cover,72.8922,0,0,0,0
nearest,72.8922,-1
cover,72.9229,0,0,0,0
nearest,72.923,-1
cover,72.9573,0,0,0,0
nearest,72.9573,-1
cover,72.9848,0,0,0,0
nearest,72.9849,-1
cover,73.0254,0,0,0,0
nearest,73.0254,-1
cover,73.057,0,0,0,0
nearest,73.057,-1
cover,73.0897,0,0,0,0
nearest,73.0897,-1
cover,73.1174,0,0,0,0
nearest,73.1174,-1
cover,73.1493,0,0,0,0
nearest,73.1493,-1
cover,73.178,0,0,0,0
nearest,73.178,-1
cover,73.2114,0,0,0,0
nearest,73.2115,-1
cover,73.2409,0,0,0,0
nearest,73.2409,-1
cover,73.2697,0,0,0,0
nearest,73.2697,-1
cover,73.3003,0,0,0,0
nearest,73.3003,-1
cover,73.3312,0,0,0,0
nearest,73.3313,-1
cover,73.3582,0,0,0,0
nearest,73.3582,-1
cover,73.3892,0,0,0,0
nearest,73.3892,-1
cover,73.4248,0,0,0,0
nearest,73.4248,-1
cover,73.4597,0,0,0,0
nearest,73.4598,-1
cover,73.4905,0,0,0,0
nearest,73.4905,-1
cover,73.5238,0,0,0,0
nearest,73.5238,-1
cover,73.5557,0,0,0,0
nearest,73.5557,-1
cover,73.5898,0,0,0,0
nearest,73.5899,-1
cover,73.6181,0,0,0,0
nearest,73.6181,-1
cover,73.6506,0,0,0,0
nearest,73.6506,-1
cover,73.6843,0,0,0,0
nearest,73.6844,-1
cover,73.7157,0,0,0,0
nearest,73.7158,-1
cover,73.746,0,0,0,0
nearest,73.746,-1
cover,73.7786,0,0,0,0
nearest,73.7786,-1
cover,73.8102,0,0,0,0
nearest,73.8102,-1
cover,73.8411,0,0,0,0
nearest,73.8411,-1
cover,73.8728,0,0,0,0
nearest,73.8728,-1
cover,73.9074,0,0,0,0
nearest,73.9074,-1
cover,73.9377,0,0,0,0
nearest,73.9377,-1
cover,73.9664,0,0,0,0
nearest,73.9664,-1
cover,73.9967,0,0,0,0
nearest,73.9967,-1
cover,74.0263,0,0,0,0
nearest,74.0263,-1
cover,74.0572,0,0,0,0
nearest,74.0572,-1
cover,74.0895,0,0,0,0
nearest,74.0895,-1
cover,74.1231,0,0,0,0
nearest,74.1232,-1
cover,74.1509,0,0,0,0
nearest,74.1509,-1
cover,74.1805,0,0,0,0
nearest,74.1806,-1
cover,74.2152,0,0,0,0
nearest,74.2152,-1
cover,74.2507,0,0,0,0
nearest,74.2507,-1
cover,74.2833,0,0,0,0
nearest,74.2833,-1
cover,74.3182,0,0,0,0
nearest,74.3182,-1
cover,74.3498,0,0,0,0
nearest,74.3498,-1
cover,74.3844,0,0,0,0
nearest,74.3844,-1
cover,74.4227,0,0,0,0
nearest,74.4227,-1
cover,74.4555,0,0,0,0
nearest,74.4555,-1
cover,74.4828,0,0,0,0
nearest,74.4829,-1
cover,74.5183,0,0,0,0
nearest,74.5183,-1
cover,74.559,0,0,0,0
nearest,74.559,-1
cover,74.5928,0,0,0,0
nearest,74.5928,-1
cover,74.6244,0,0,0,0
nearest,74.6245,-1
cover,74.6554,0,0,0,0
nearest,74.6554,-1
cover,74.6806,0,0,0,0
nearest,74.6806,-1
cover,74.7061,0,0,0,0
nearest,74.7062,-1
cover,74.7362,0,0,0,0
nearest,74.7362,-1
cover,74.7647,0,0,0,0
nearest,74.7647,-1
cover,74.7954,0,0,0,0
nearest,74.7954,-1
cover,74.8253,0,0,0,0
nearest,74.8253,-1
cover,74.8553,0,0,0,0
nearest,74.8553,-1
cover,74.883,0,0,0,0
nearest,74.883,-1
cover,74.9101,0,0,0,0
nearest,74.9101,-1
cover,74.9426,0,0,0,0
nearest,74.9426,-1
cover,74.9748,0,0,0,0
nearest,74.9748,-1
cover,75.0049,0,0,0,0
nearest,75.0049,-1
cover,75.0371,0,0,0,0
nearest,75.0371,-1
cover,75.0645,0,0,0,0
nearest,75.0646,-1
cover,75.0981,0,0,0,0
nearest,75.0981,-1
cover,75.1279,0,0,0,0
nearest,75.1279,-1
cover,75.1581,0,0,0,0
nearest,75.1582,-1
cover,75.1897,0,0,0,0
nearest,75.1897,-1
cover,75.2235,0,0,0,0
nearest,75.2235,-1
cover,75.2541,0,0,0,0
nearest,75.2541,-1
cover,75.2809,0,0,0,0
nearest,75.2809,-1
cover,75.3127,0,0,0,0
nearest,75.3128,-1
cover,75.3425,0,0,0,0
nearest,75.3426,-1
cover,75.3718,0,0,0,0
nearest,75.3718,-1
cover,75.4048,0,0,0,0
nearest,75.4049,-1
cover,75.4328,0,0,0,0
nearest,75.4328,-1
cover,75.4616,0,0,0,0
nearest,75.4616,-1
cover,75.4896,0,0,0,0
nearest,75.4896,-1
cover,75.516,0,0,0,0
nearest,75.516,-1
cover,75.5415,0,0,0,0
nearest,75.5416,-1
cover,75.5698,0,0,0,0
nearest,75.5699,-1
cover,75.5979,0,0,0,0
nearest,75.5979,-1
cover,75.626,0,0,0,0
nearest,75.626,-1
cover,75.6565,0,0,0,0
nearest,75.6565,-1
cover,75.6824,0,0,0,0
nearest,75.6825,-1
cover,75.709,0,0,0,0
nearest,75.709,-1
cover,75.7384,0,0,0,0
nearest,75.7384,-1
cover,75.7674,0,0,0,0
nearest,75.7674,-1
cover,75.7942,0,0,0,0
nearest,75.7942,-1
cover,75.8235,0,0,0,0
nearest,75.8235,-1
cover,75.8513,0,0,0,0
nearest,75.8513,-1
cover,75.8766,0,0,0,0
nearest,75.8766,-1
cover,75.9102,0,0,0,0
nearest,75.9102,-1
cover,75.9396,0,0,0,0
nearest,75.9396,-1
cover,75.9686,0,0,0,0
nearest,75.9687,-1
cover,75.9974,0,0,0,0
nearest,75.9974,-1
cover,76.0264,0,0,0,0
nearest,76.0264,-1
cover,76.0569,0,0,0,0
nearest,76.0569,-1
cover,76.0869,0,0,0,0
nearest,76.087,-1
cover,76.1134,0,0,0,0
nearest,76.1134,-1
cover,76.1409,0,0,0,0
nearest,76.141,-1
cover,76.1698,0,0,0,0
nearest,76.1699,-1
cover,76.1969,0,0,0,0
nearest,76.1969,-1
cover,76.2244,0,0,0,0
nearest,76.2244,-1
cover,76.2509,0,0,0,0
nearest,76.2509,-1
cover,76.2771,0,0,0,0
nearest,76.2771,-1
cover,76.3087,0,0,0,0
nearest,76.3088,-1
cover,76.3388,0,0,0,0
nearest,76.3388,-1
cover,76.3681,0,0,0,0
nearest,76.3681,-1
cover,76.3996,0,0,0,0
nearest,76.3996,-1
cover,76.4296,0,0,0,0
nearest,76.4296,-1
cover,76.4564,0,0,0,0
nearest,76.4564,-1
cover,76.4844,0,0,0,0
nearest,76.4844,-1
cover,76.5109,0,0,0,0
nearest,76.5109,-1
cover,76.5457,0,0,0,0
nearest,76.5457,-1
cover,76.5828,0,0,0,0
nearest,76.5828,-1
cover,76.6145,0,0,0,0
nearest,76.6146,-1
cover,76.6461,0,0,0,0
nearest,76.6462,-1
cover,76.6799,0,0,0,0
nearest,76.6799,-1
cover,76.7099,0,0,0,0
nearest,76.71,-1
cover,76.7403,0,0,0,0
nearest,76.7404,-1
cover,76.7694,0,0,0,0
nearest,76.7695,-1
cover,76.7997,0,0,0,0
nearest,76.7997,-1
cover,76.8279,0,0,0,0
nearest,76.828,-1
cover,76.8591,0,0,0,0
nearest,76.8592,-1
cover,76.8893,0,0,0,0
nearest,76.8894,-1
cover,76.9177,0,0,0,0
nearest,76.9177,-1
cover,76.9488,0,0,0,0
nearest,76.9488,-1
cover,76.9806,0,0,0,0
nearest,76.9806,-1
cover,77.0139,0,0,0,0
nearest,77.014,-1
cover,77.0469,0,0,0,0
nearest,77.0469,-1
cover,77.0798,0,0,0,0
nearest,77.0798,-1
cover,77.1141,0,0,0,0
nearest,77.1141,-1
cover,77.1505,0,0,0,0
nearest,77.1506,-1
cover,77.1873,0,0,0,0
nearest,77.1873,-1
cover,77.2433,0,0,0,0
nearest,77.2433,-1
cover,77.2795,0,0,0,0
nearest,77.2795,-1
cover,77.312,0,0,0,0
nearest,77.312,-1
cover,77.3403,0,0,0,0
nearest,77.3403,-1
cover,77.3724,0,0,0,0
nearest,77.3724,-1
cover,77.404,0,0,0,0
nearest,77.404,-1
cover,77.4366,0,0,0,0
nearest,77.4367,-1
cover,77.4673,0,0,0,0
nearest,77.4673,-1
cover,77.5132,0,0,0,0
nearest,77.5132,-1
cover,77.5593,0,0,0,0
nearest,77.5593,-1
cover,77.5915,0,0,0,0
nearest,77.5915,-1
cover,77.625,0,0,0,0
nearest,77.6251,-1
cover,77.6524,0,0,0,0
nearest,77.6524,-1
cover,77.6893,0,0,0,0
nearest,77.6893,-1
cover,77.7238,0,0,0,0
nearest,77.7238,-1
cover,77.7609,0,0,0,0
nearest,77.7609,-1
cover,77.791,0,0,0,0
nearest,77.7911,-1
cover,77.8228,0,0,0,0
nearest,77.8228,-1
cover,77.8572,0,0,0,0
nearest,77.8572,-1
cover,77.8891,0,0,0,0
nearest,77.8891,-1
cover,77.9233,0,0,0,0
nearest,77.9233,-1
cover,77.9514,0,0,0,0
nearest,77.9515,-1
cover,77.9826,0,0,0,0
nearest,77.9827,-1
cover,78.0113,0,0,0,0
nearest,78.0113,-1
cover,78.0385,0,0,0,0
nearest,78.0385,-1
cover,78.0668,0,0,0,0
nearest,78.0668,-1
cover,78.095,0,0,0,0
nearest,78.095,-1
cover,78.1255,0,0,0,0
nearest,78.1256,-1
cover,78.1577,0,0,0,0
nearest,78.1577,-1
cover,78.1891,0,0,0,0
nearest,78.1891,-1
cover,78.2172,0,0,0,0
nearest,78.2172,-1
cover,78.2488,0,0,0,0
nearest,78.2488,-1
cover,78.2787,0,0,0,0
nearest,78.2787,-1
cover,78.3073,0,0,0,0
nearest,78.3073,-1
cover,78.336,0,0,0,0
nearest,78.336,-1
cover,78.3652,0,0,0,0
nearest,78.3652,-1
cover,78.3956,0,0,0,0
nearest,78.3957,-1
cover,78.4259,0,0,0,0
nearest,78.426,-1
cover,78.4573,0,0,0,0
nearest,78.4574,-1
cover,78.4863,0,0,0,0
nearest,78.4864,-1
cover,78.517,0,0,0,0
nearest,78.517,-1
cover,78.5481,0,0,0,0
nearest,78.5481,-1
cover,78.5856,0,0,0,0
nearest,78.5856,-1
cover,78.6177,0,0,0,0
nearest,78.6177,-1
cover,78.6517,0,0,0,0
nearest,78.6517,-1
cover,78.6902,0,0,0,0
nearest,78.6902,-1
cover,78.7274,0,0,0,0
nearest,78.7274,-1
cover,78.7591,0,0,0,0
nearest,78.7591,-1
cover,78.7906,0,0,0,0
nearest,78.7906,-1
cover,78.8236,0,0,0,0
nearest,78.8237,-1
cover,78.8524,0,0,0,0
nearest,78.8524,-1
cover,78.8825,0,0,0,0
nearest,78.8825,-1
cover,78.9116,0,0,0,0
nearest,78.9116,-1
cover,78.9398,0,0,0,0
nearest,78.9399,-1
cover,78.9678,0,0,0,0
nearest,78.9679,-1
cover,79.0016,0,0,0,0
nearest,79.0017,-1
cover,79.0355,0,0,0,0
nearest,79.0355,-1
cover,79.0678,0,0,0,0
nearest,79.0678,-1
cover,79.0994,0,0,0,0
nearest,79.0995,-1
cover,79.1311,0,0,0,0
nearest,79.1311,-1
cover,79.1635,0,0,0,0
nearest,79.1635,-1
cover,79.1916,0,0,0,0
nearest,79.1916,-1
cover,79.2221,0,0,0,0
nearest,79.2221,-1
cover,79.2487,0,0,0,0
nearest,79.2487,-1
cover,79.2793,0,0,0,0
nearest,79.2793,-1
cover,79.3117,0,0,0,0
nearest,79.3118,-1
cover,79.3466,0,0,0,0
nearest,79.3467,-1
cover,79.377,0,0,0,0
nearest,79.377,-1
cover,79.4102,0,0,0,0
nearest,79.4102,-1
cover,79.4444,0,0,0,0
nearest,79.4444,-1
cover,79.4749,0,0,0,0
nearest,79.4749,-1
cover,79.5044,0,0,0,0
nearest,79.5044,-1
cover,79.5327,0,0,0,0
nearest,79.5327,-1
cover,79.5611,0,0,0,0
nearest,79.5612,-1
cover,79.5914,0,0,0,0
nearest,79.5915,-1
cover,79.6252,0,0,0,0
nearest,79.6252,-1
cover,79.6582,0,0,0,0
nearest,79.6582,-1
cover,79.6901,0,0,0,0
nearest,79.6902,-1
cover,79.7258,0,0,0,0
nearest,79.7258,-1
cover,79.7589,0,0,0,0
nearest,79.7589,-1
cover,79.7923,0,0,0,0
nearest,79.7923,-1
cover,79.8293,0,0,0,0
nearest,79.8293,-1
cover,79.859,0,0,0,0
nearest,79.859,-1
cover,79.8904,0,0,0,0
nearest,79.8904,-1
cover,79.9189,0,0,0,0
nearest,79.9189,-1
cover,79.947,0,0,0,0
nearest,79.947,-1
cover,79.9768,0,0,0,0
nearest,79.9768,-1
cover,80.0058,0,0,0,0
nearest,80.0058,-1
cover,80.0363,0,0,0,0
nearest,80.0363,-1
cover,80.0685,0,0,0,0
nearest,80.0686,-1
cover,80.0992,0,0,0,0
nearest,80.0992,-1
cover,80.1307,0,0,0,0
nearest,80.1307,-1
cover,80.1625,0,0,0,0
nearest,80.1625,-1
cover,80.1942,0,0,0,0
nearest,80.1943,-1
cover,80.2252,0,0,0,0
nearest,80.2253,-1
cover,80.2549,0,0,0,0
nearest,80.2549,-1
cover,80.2801,0,0,0,0
nearest,80.2801,-1
cover,80.3082,0,0,0,0
nearest,80.3082,-1
cover,80.3358,0,0,0,0
nearest,80.3358,-1
cover,80.365,0,0,0,0
nearest,80.365,-1
cover,80.3953,0,0,0,0
nearest,80.3953,-1
cover,80.4265,0,0,0,0
nearest,80.4265,-1
cover,80.459,0,0,0,0
nearest,80.459,-1
cover,80.4914,0,0,0,0
nearest,80.4914,-1
cover,80.5216,0,0,0,0
nearest,80.5217,-1
cover,80.5573,0,0,0,0
nearest,80.5573,-1
cover,80.5849,0,0,0,0
nearest,80.585,-1
cover,80.6239,0,0,0,0
nearest,80.624,-1
cover,80.6582,0,0,0,0
nearest,80.6582,-1
cover,80.6906,0,0,0,0
nearest,80.6906,-1
cover,80.7192,0,0,0,0
nearest,80.7192,-1
cover,80.7513,0,0,0,0
nearest,80.7513,-1
cover,80.7817,0,0,0,0
nearest,80.7817,-1
cover,80.8141,0,0,0,0
nearest,80.8141,-1
cover,80.8448,0,0,0,0
nearest,80.8448,-1
cover,80.873,0,0,0,0
nearest,80.873,-1
cover,80.9016,0,0,0,0
nearest,80.9016,-1
cover,80.9302,0,0,0,0
nearest,80.9302,-1
cover,80.9595,0,0,0,0
nearest,80.9595,-1
cover,80.997,0,0,0,0
nearest,80.9971,-1
cover,81.0327,0,0,0,0
nearest,81.0327,-1
cover,81.0643,0,0,0,0
nearest,81.0643,-1
cover,81.0946,0,0,0,0
nearest,81.0947,-1
cover,81.1257,0,0,0,0
nearest,81.1257,-1
cover,81.1593,0,0,0,0
nearest,81.1593,-1
cover,81.1906,0,0,0,0
nearest,81.1907,-1
cover,81.2218,0,0,0,0
nearest,81.2218,-1
cover,81.2476,0,0,0,0
nearest,81.2476,-1
cover,81.2783,0,0,0,0
nearest,81.2784,-1
cover,81.3092,0,0,0,0
nearest,81.3093,-1
cover,81.3407,0,0,0,0
nearest,81.3407,-1
cover,81.3698,0,0,0,0
nearest,81.3698,-1
cover,81.4015,0,0,0,0
nearest,81.4015,-1
cover,81.4336,0,0,0,0
nearest,81.4336,-1
cover,81.4671,0,0,0,0
nearest,81.4671,-1
cover,81.4988,0,0,0,0
nearest,81.4988,-1
cover,81.5381,0,0,0,0
nearest,81.5381,-1
cover,81.5756,0,0,0,0
nearest,81.5757,-1
cover,81.6067,0,0,0,0
nearest,81.6067,-1
cover,81.6401,0,0,0,0
nearest,81.6401,-1
cover,81.6743,0,0,0,0
nearest,81.6744,-1
cover,81.7067,0,0,0,0
nearest,81.7067,-1
cover,81.734,0,0,0,0
nearest,81.7341,-1
cover,81.7627,0,0,0,0
nearest,81.7627,-1
cover,81.7939,0,0,0,0
nearest,81.7939,-1
cover,81.8276,0,0,0,0
nearest,81.8276,-1
cover,81.8604,0,0,0,0
nearest,81.8604,-1
cover,81.8917,0,0,0,0
nearest,81.8917,-1
cover,81.9273,0,0,0,0
nearest,81.9273,-1
cover,81.9586,0,0,0,0
nearest,81.9586,-1
cover,81.9925,0,0,0,0
nearest,81.9925,-1
cover,82.0451,0,0,0,0
nearest,82.0451,-1
cover,82.0864,0,0,0,0
nearest,82.0865,-1
cover,82.1192,0,0,0,0
nearest,82.1193,-1
cover,82.1502,0,0,0,0
nearest,82.1503,-1
cover,82.1805,0,0,0,0
nearest,82.1805,-1
cover,82.2095,0,0,0,0
nearest,82.2095,-1
cover,82.2411,0,0,0,0
nearest,82.2411,-1
cover,82.2751,0,0,0,0
nearest,82.2752,-1
cover,82.3087,0,0,0,0
nearest,82.3087,-1
cover,82.3381,0,0,0,0
nearest,82.3381,-1
cover,82.3699,0,0,0,0
nearest,82.3699,-1
cover,82.4008,0,0,0,0
nearest,82.4009,-1
cover,82.4326,0,0,0,0
nearest,82.4326,-1
cover,82.4604,0,0,0,0
nearest,82.4604,-1
cover,82.4951,0,0,0,0
nearest,82.4951,-1
cover,82.5286,0,0,0,0
nearest,82.5286,-1
cover,82.5599,0,0,0,0
nearest,82.5599,-1
cover,82.5927,0,0,0,0
nearest,82.5927,-1
cover,82.628,0,0,0,0
nearest,82.628,-1
cover,82.6588,0,0,0,0
nearest,82.6588,-1
cover,82.6932,0,0,0,0
nearest,82.6932,-1
cover,82.7253,0,0,0,0
nearest,82.7253,-1
cover,82.7575,0,0,0,0
nearest,82.7575,-1
cover,82.7953,0,0,0,0
nearest,82.7953,-1
cover,82.8274,0,0,0,0
nearest,82.8274,-1
cover,82.8595,0,0,0,0
nearest,82.8595,-1
cover,82.8912,0,0,0,0
nearest,82.8912,-1
cover,82.9186,0,0,0,0
nearest,82.9186,-1
cover,82.9497,0,0,0,0
nearest,82.9498,-1
cover,82.9794,0,0,0,0
nearest,82.9794,-1
cover,83.0106,0,0,0,0
nearest,83.0106,-1
cover,83.0476,0,0,0,0
nearest,83.0476,-1
cover,83.0812,0,0,0,0
nearest,83.0812,-1
cover,83.112,0,0,0,0
nearest,83.112,-1
cover,83.1453,0,0,0,0
nearest,83.1453,-1
cover,83.1769,0,0,0,0
nearest,83.177,-1
cover,83.2071,0,0,0,0
nearest,83.2071,-1
cover,83.2357,0,0,0,0
nearest,83.2358,-1
cover,83.2682,0,0,0,0
nearest,83.2682,-1
cover,83.3006,0,0,0,0
nearest,83.3006,-1
cover,83.3277,0,0,0,0
nearest,83.3277,-1
cover,83.3593,0,0,0,0
nearest,83.3593,-1
cover,83.386,0,0,0,0
nearest,83.3861,-1
cover,83.4197,0,0,0,0
nearest,83.4197,-1
cover,83.4511,0,0,0,0
nearest,83.4511,-1
cover,83.4825,0,0,0,0
nearest,83.4825,-1
cover,83.5127,0,0,0,0
nearest,83.5127,-1
cover,83.5416,0,0,0,0
nearest,83.5416,-1
cover,83.5724,0,0,0,0
nearest,83.5724,-1
cover,83.6013,0,0,0,0
nearest,83.6013,-1
cover,83.6341,0,0,0,0
nearest,83.6341,-1
cover,83.6625,0,0,0,0
nearest,83.6625,-1
cover,83.6952,0,0,0,0
nearest,83.6953,-1
cover,83.7247,0,0,0,0
nearest,83.7247,-1
cover,83.7542,0,0,0,0
nearest,83.7542,-1
cover,83.7869,0,0,0,0
nearest,83.787,-1
cover,83.8185,0,0,0,0
nearest,83.8186,-1
cover,83.8496,0,0,0,0
nearest,83.8496,-1
cover,83.8779,0,0,0,0
nearest,83.8779,-1
cover,83.9064,0,0,0,0
nearest,83.9065,-1
cover,83.9374,0,0,0,0
nearest,83.9374,-1
cover,84.0209,0,0,0,0
nearest,84.0209,-1
cover,84.0499,0,0,0,0
nearest,84.0499,-1
cover,84.0809,0,0,0,0
nearest,84.0809,-1
cover,84.114,0,0,0,0
nearest,84.1141,-1
cover,84.1465,0,0,0,0
nearest,84.1465,-1
cover,84.1757,0,0,0,0
nearest,84.1757,-1
cover,84.2056,0,0,0,0
nearest,84.2056,-1
cover,84.2359,0,0,0,0
nearest,84.2359,-1
cover,84.2664,0,0,0,0
nearest,84.2664,-1
cover,84.2943,0,0,0,0
nearest,84.2943,-1
cover,84.3212,0,0,0,0
nearest,84.3212,-1
cover,84.352,0,0,0,0
nearest,84.352,-1
cover,84.3815,0,0,0,0
nearest,84.3815,-1
cover,84.4112,0,0,0,0
nearest,84.4113,-1
cover,84.4415,0,0,0,0
nearest,84.4415,-1
cover,84.4749,0,0,0,0
nearest,84.4749,-1
cover,84.5103,0,0,0,0
nearest,84.5103,-1
cover,84.5411,0,0,0,0
nearest,84.5411,-1
cover,84.5682,0,0,0,0
nearest,84.5682,-1
cover,84.5955,0,0,0,0
nearest,84.5955,-1
cover,84.6254,0,0,0,0
nearest,84.6254,-1
cover,84.653,0,0,0,0
nearest,84.6531,-1
cover,84.6803,0,0,0,0
nearest,84.6803,-1
cover,84.7104,0,0,0,0
nearest,84.7105,-1
cover,84.7398,0,0,0,0
nearest,84.7398,-1
cover,84.7683,0,0,0,0
nearest,84.7683,-1
cover,84.8003,0,0,0,0
nearest,84.8003,-1
cover,84.8324,0,0,0,0
nearest,84.8325,-1
cover,84.8602,0,0,0,0
nearest,84.8602,-1
cover,84.892,0,0,0,0
nearest,84.892,-1
cover,84.9231,0,0,0,0
nearest,84.9231,-1
cover,84.9495,0,0,0,0
nearest,84.9495,-1
cover,84.9785,0,0,0,0
nearest,84.9785,-1
cover,85.0115,0,0,0,0
nearest,85.0115,-1
cover,85.0404,0,0,0,0
nearest,85.0404,-1
cover,85.0666,0,0,0,0
nearest,85.0667,-1
cover,85.0958,0,0,0,0
nearest,85.0958,-1
cover,85.1262,0,0,0,0
nearest,85.1262,-1
cover,85.1528,0,0,0,0
nearest,85.1529,-1
cover,85.1785,0,0,0,0
nearest,85.1785,-1
cover,85.2102,0,0,0,0
nearest,85.2102,-1
cover,85.244,0,0,0,0
nearest,85.244,-1
cover,85.2742,0,0,0,0
nearest,85.2742,-1
cover,85.305,0,0,0,0
nearest,85.305,-1
cover,85.3346,0,0,0,0
nearest,85.3347,-1
cover,85.3668,0,0,0,0
nearest,85.3668,-1
cover,85.3963,0,0,0,0
nearest,85.3963,-1
cover,85.4263,0,0,0,0
nearest,85.4263,-1
cover,85.4524,0,0,0,0
nearest,85.4524,-1
cover,85.4776,0,0,0,0
nearest,85.4776,-1
cover,85.507,0,0,0,0
nearest,85.5071,-1
cover,85.5341,0,0,0,0
nearest,85.5342,-1
cover,85.5666,0,0,0,0
nearest,85.5666,-1
cover,85.5948,0,0,0,0
nearest,85.5948,-1
cover,85.6271,0,0,0,0
nearest,85.6271,-1
cover,85.6584,0,0,0,0
nearest,85.6584,-1
cover,85.6866,0,0,0,0
nearest,85.6866,-1
cover,85.7179,0,0,0,0
nearest,85.7179,-1
cover,85.7495,0,0,0,0
nearest,85.7495,-1
cover,85.7795,0,0,0,0
nearest,85.7795,-1
cover,85.8096,0,0,0,0
nearest,85.8096,-1
cover,85.8382,0,0,0,0
nearest,85.8382,-1
cover,85.8659,0,0,0,0
nearest,85.8659,-1
cover,85.895,0,0,0,0
nearest,85.895,-1
cover,85.9256,0,0,0,0
nearest,85.9257,-1
cover,85.9543,0,0,0,0
nearest,85.9543,-1
cover,85.9803,0,0,0,0
nearest,85.9804,-1
cover,86.0123,0,0,0,0
nearest,86.0123,-1
cover,86.0416,0,0,0,0
nearest,86.0416,-1
cover,86.068,0,0,0,0
nearest,86.068,-1
cover,86.1102,0,0,0,0
nearest,86.1103,-1
cover,86.1444,0,0,0,0
nearest,86.1445,-1
cover,86.1773,0,0,0,0
nearest,86.1773,-1
cover,86.2113,0,0,0,0
nearest,86.2113,-1
cover,86.2433,0,0,0,0
nearest,86.2433,-1
cover,86.2725,0,0,0,0
nearest,86.2725,-1
cover,86.3024,0,0,0,0
nearest,86.3024,-1
cover,86.3334,0,0,0,0
nearest,86.3334,-1
cover,86.3645,0,0,0,0
nearest,86.3645,-1
cover,86.3951,0,0,0,0
nearest,86.3951,-1
cover,86.4258,0,0,0,0
nearest,86.4259,-1
cover,86.4526,0,0,0,0
nearest,86.4526,-1
cover,86.4817,0,0,0,0
nearest,86.4817,-1
cover,86.5144,0,0,0,0
nearest,86.5144,-1
cover,86.5432,0,0,0,0
nearest,86.5432,-1
cover,86.5735,0,0,0,0
nearest,86.5736,-1
cover,86.6003,0,0,0,0
nearest,86.6003,-1
cover,86.6293,0,0,0,0
nearest,86.6293,-1
cover,86.6602,0,0,0,0
nearest,86.6602,-1
cover,86.6918,0,0,0,0
nearest,86.6918,-1
cover,86.7203,0,0,0,0
nearest,86.7204,-1
cover,86.7506,0,0,0,0
nearest,86.7506,-1
cover,86.7805,0,0,0,0
nearest,86.7805,-1
cover,86.8135,0,0,0,0
nearest,86.8135,-1
cover,86.844,0,0,0,0
nearest,86.844,-1
cover,86.8725,0,0,0,0
nearest,86.8725,-1
cover,86.8993,0,0,0,0
nearest,86.8993,-1
cover,86.926,0,0,0,0
nearest,86.926,-1
cover,86.9546,0,0,0,0
nearest,86.9546,-1
cover,86.9801,0,0,0,0
nearest,86.9801,-1
cover,87.0092,0,0,0,0
nearest,87.0093,-1
cover,87.0422,0,0,0,0
nearest,87.0422,-1
cover,87.0743,0,0,0,0
nearest,87.0745,-1
cover,87.1087,0,0,0,0
nearest,87.1087,-1
cover,87.1397,0,0,0,0
nearest,87.1398,-1
cover,87.1706,0,0,0,0
nearest,87.1706,-1
cover,87.1977,0,0,0,0
nearest,87.1978,-1
cover,87.2268,0,0,0,0
nearest,87.2269,-1
cover,87.2568,0,0,0,0
nearest,87.2568,-1
cover,87.2844,0,0,0,0
nearest,87.2844,-1
cover,87.314,0,0,0,0
nearest,87.314,-1
cover,87.3433,0,0,0,0
nearest,87.3433,-1
cover,87.3723,0,0,0,0
nearest,87.3723,-1
cover,87.4015,0,0,0,0
nearest,87.4015,-1
cover,87.4331,0,0,0,0
nearest,87.4331,-1
cover,87.4609,0,0,0,0
nearest,87.4609,-1
cover,87.4922,0,0,0,0
nearest,87.4922,-1
cover,87.5188,0,0,0,0
nearest,87.5188,-1
cover,87.5481,0,0,0,0
nearest,87.5481,-1
cover,87.5766,0,0,0,0
nearest,87.5766,-1
cover,87.6054,0,0,0,0
nearest,87.6055,-1
cover,87.6327,0,0,0,0
nearest,87.6327,-1
cover,87.6605,0,0,0,0
nearest,87.6605,-1
cover,87.6905,0,0,0,0
nearest,87.6905,-1
cover,87.7161,0,0,0,0
nearest,87.7161,-1
cover,87.7457,0,0,0,0
nearest,87.7458,-1
cover,87.7749,0,0,0,0
nearest,87.7749,-1
cover,87.8047,0,0,0,0
nearest,87.8047,-1
cover,87.8338,0,0,0,0
nearest,87.8338,-1
cover,87.8608,0,0,0,0
nearest,87.8608,-1
cover,87.8872,0,0,0,0
nearest,87.8872,-1
cover,87.9127,0,0,0,0
nearest,87.9128,-1
cover,87.9404,0,0,0,0
nearest,87.9405,-1
cover,87.9674,0,0,0,0
nearest,87.9674,-1
cover,87.9962,0,0,0,0
nearest,87.9962,-1
cover,88.0274,0,0,0,0
nearest,88.0274,-1
cover,88.0582,0,0,0,0
nearest,88.0582,-1
cover,88.0834,0,0,0,0
nearest,88.0834,-1
cover,88.1129,0,0,0,0
nearest,88.1129,-1
cover,88.1422,0,0,0,0
nearest,88.1422,-1
cover,88.1752,0,0,0,0
nearest,88.1753,-1
cover,88.203,0,0,0,0
nearest,88.203,-1
cover,88.2347,0,0,0,0
nearest,88.2348,-1
cover,88.2625,0,0,0,0
nearest,88.2625,-1
cover,88.2923,0,0,0,0
nearest,88.2923,-1
cover,88.3251,0,0,0,0
nearest,88.3251,-1
cover,88.3521,0,0,0,0
nearest,88.3522,-1
cover,88.3856,0,0,0,0
nearest,88.3857,-1
cover,88.4178,0,0,0,0
nearest,88.4178,-1
cover,88.4495,0,0,0,0
nearest,88.4495,-1
cover,88.4788,0,0,0,0
nearest,88.4788,-1
cover,88.5108,0,0,0,0
nearest,88.5108,-1
cover,88.543,0,0,0,0
nearest,88.543,-1
cover,88.5747,0,0,0,0
nearest,88.5747,-1
cover,88.6039,0,0,0,0
nearest,88.6039,-1
cover,88.6354,0,0,0,0
nearest,88.6355,-1
cover,88.6666,0,0,0,0
nearest,88.6667,-1
cover,88.6928,0,0,0,0
nearest,88.6928,-1
cover,88.7275,0,0,0,0
nearest,88.7275,-1
cover,88.7589,0,0,0,0
nearest,88.7589,-1
cover,88.788,0,0,0,0
nearest,88.788,-1
cover,88.8212,0,0,0,0
nearest,88.8212,-1
cover,88.8524,0,0,0,0
nearest,88.8524,-1
cover,88.8863,0,0,0,0
nearest,88.8863,-1
cover,88.9195,0,0,0,0
nearest,88.9195,-1
cover,88.9525,0,0,0,0
nearest,88.9525,-1
cover,88.981,0,0,0,0
nearest,88.981,-1
cover,89.0084,0,0,0,0
nearest,89.0084,-1
cover,89.0354,0,0,0,0
nearest,89.0354,-1
cover,89.0629,0,0,0,0
nearest,89.0629,-1
cover,89.0947,0,0,0,0
nearest,89.0947,-1
cover,89.1254,0,0,0,0
nearest,89.1254,-1
cover,89.1503,0,0,0,0
nearest,89.1504,-1
cover,89.1783,0,0,0,0
nearest,89.1783,-1
cover,89.2079,0,0,0,0
nearest,89.2079,-1
cover,89.2352,0,0,0,0
nearest,89.2353,-1
cover,89.2678,0,0,0,0
nearest,89.2678,-1
cover,89.296,0,0,0,0
nearest,89.296,-1
cover,89.3337,0,0,0,0
nearest,89.3338,-1
cover,89.3627,0,0,0,0
nearest,89.3628,-1
cover,89.3948,0,0,0,0
nearest,89.3949,-1
cover,89.429,0,0,0,0
nearest,89.429,-1
cover,89.4611,0,0,0,0
nearest,89.4611,-1
cover,89.4915,0,0,0,0
nearest,89.4916,-1
cover,89.5215,0,0,0,0
nearest,89.5215,-1
cover,89.5552,0,0,0,0
nearest,89.5552,-1
cover,89.585,0,0,0,0
nearest,89.585,-1
cover,89.6157,0,0,0,0
nearest,89.6158,-1
cover,89.6469,0,0,0,0
nearest,89.6469,-1
cover,89.6749,0,0,0,0
nearest,89.6749,-1
cover,89.7025,0,0,0,0
nearest,89.7025,-1
cover,89.7306,0,0,0,0
nearest,89.7306,-1
cover,89.7624,0,0,0,0
nearest,89.7624,-1
cover,89.7944,0,0,0,0
nearest,89.7945,-1
cover,89.8228,0,0,0,0
nearest,89.8229,-1
cover,89.8627,0,0,0,0
nearest,89.8627,-1
cover,89.9044,0,0,0,0
nearest,89.9044,-1
cover,89.9333,0,0,0,0
nearest,89.9333,-1
cover,89.9693,0,0,0,0
nearest,89.9694,-1
cover,89.9999,0,0,0,0
nearest,90.0,-1
cover,90.0318,0,0,0,0
nearest,90.0318,-1
cover,90.0619,0,0,0,0
nearest,90.0619,-1
cover,90.0927,0,0,0,0
nearest,90.0927,-1
cover,90.1186,0,0,0,0
nearest,90.1186,-1
cover,90.1551,0,0,0,0
nearest,90.1551,-1
cover,90.1934,0,0,0,0
nearest,90.1934,-1
cover,90.2269,0,0,0,0
nearest,90.2269,-1
cover,90.2582,0,0,0,0
nearest,90.2582,-1
cover,90.289,0,0,0,0
nearest,90.289,-1
cover,90.3209,0,0,0,0
nearest,90.3209,-1
cover,90.3564,0,0,0,0
nearest,90.3564,-1
cover,90.3861,0,0,0,0
nearest,90.3861,-1
cover,90.4167,0,0,0,0
nearest,90.4168,-1
cover,90.4496,0,0,0,0
nearest,90.4496,-1
cover,90.4824,0,0,0,0
nearest,90.4825,-1
cover,90.5149,0,0,0,0
nearest,90.5149,-1
cover,90.5454,0,0,0,0
nearest,90.5454,-1
cover,90.575,0,0,0,0
nearest,90.575,-1
cover,90.6008,0,0,0,0
nearest,90.6008,-1
cover,90.6299,0,0,0,0
nearest,90.6299,-1
cover,90.6727,0,0,0,0
nearest,90.6728,-1
cover,90.7003,0,0,0,0
nearest,90.7003,-1
cover,90.7295,0,0,0,0
nearest,90.7295,-1
cover,90.7627,0,0,0,0
nearest,90.7628,-1
cover,90.796,0,0,0,0
nearest,90.796,-1
cover,90.8274,0,0,0,0
nearest,90.8274,-1
cover,90.855,0,0,0,0
nearest,90.855,-1
cover,90.8869,0,0,0,0
nearest,90.887,-1
cover,90.9175,0,0,0,0
nearest,90.9176,-1
cover,90.947,0,0,0,0
nearest,90.947,-1
cover,90.975,0,0,0,0
nearest,90.975,-1
cover,91.0039,0,0,0,0
nearest,91.0039,-1
cover,91.036,0,0,0,0
nearest,91.036,-1
cover,91.0645,0,0,0,0
nearest,91.0646,-1
cover,91.0943,0,0,0,0
nearest,91.0943,-1
cover,91.128,0,0,0,0
nearest,91.128,-1
cover,91.1551,0,0,0,0
nearest,91.1551,-1
cover,91.18,0,0,0,0
nearest,91.1801,-1
cover,91.209,0,0,0,0
nearest,91.209,-1
cover,91.2377,0,0,0,0
nearest,91.2377,-1
cover,91.2663,0,0,0,0
nearest,91.2663,-1
cover,91.2945,0,0,0,0
nearest,91.2945,-1
cover,91.3219,0,0,0,0
nearest,91.3219,-1
cover,91.3524,0,0,0,0
nearest,91.3524,-1
cover,91.3992,0,0,0,0
nearest,91.3992,-1
cover,91.4287,0,0,0,0
nearest,91.4287,-1
cover,91.4562,0,0,0,0
nearest,91.4562,-1
cover,91.4811,0,0,0,0
nearest,91.4812,-1
cover,91.5101,0,0,0,0
nearest,91.5101,-1
cover,91.5389,0,0,0,0
nearest,91.5389,-1
cover,91.5646,0,0,0,0
nearest,91.5646,-1
cover,91.5943,0,0,0,0
nearest,91.5944,-1
cover,91.6257,0,0,0,0
nearest,91.6257,-1
cover,91.6598,0,0,0,0
nearest,91.6598,-1
cover,91.6911,0,0,0,0
nearest,91.6911,-1
cover,91.7271,0,0,0,0
nearest,91.7271,-1
cover,91.7601,0,0,0,0
nearest,91.7601,-1
cover,91.7869,0,0,0,0
nearest,91.7869,-1
cover,91.8145,0,0,0,0
nearest,91.8146,-1
cover,91.842,0,0,0,0
nearest,91.842,-1
cover,91.8687,0,0,0,0
nearest,91.8687,-1
cover,91.8947,0,0,0,0
nearest,91.8947,-1
cover,91.9223,0,0,0,0
nearest,91.9223,-1
cover,91.9492,0,0,0,0
nearest,91.9492,-1
cover,91.9791,0,0,0,0
nearest,91.9791,-1
cover,92.0081,0,0,0,0
nearest,92.0081,-1
cover,92.0337,0,0,0,0
nearest,92.0337,-1
cover,92.0662,0,0,0,0
nearest,92.0662,-1
cover,92.0943,0,0,0,0
nearest,92.0943,-1
cover,92.122,0,0,0,0
nearest,92.122,-1
cover,92.1474,0,0,0,0
nearest,92.1475,-1
cover,92.2098,0,0,0,0
nearest,92.2099,-1
cover,92.2376,0,0,0,0
nearest,92.2376,-1
cover,92.2643,0,0,0,0
nearest,92.2643,-1
cover,92.297,0,0,0,0
nearest,92.2971,-1
cover,92.3306,0,0,0,0
nearest,92.3306,-1
cover,92.3628,0,0,0,0
nearest,92.3628,-1
cover,92.3914,0,0,0,0
nearest,92.3915,-1
cover,92.4233,0,0,0,0
nearest,92.4234,-1
cover,92.4553,0,0,0,0
nearest,92.4554,-1
cover,92.4882,0,0,0,0
nearest,92.4882,-1
cover,92.5172,0,0,0,0
nearest,92.5172,-1
cover,92.5458,0,0,0,0
nearest,92.5458,-1
cover,92.5744,0,0,0,0
nearest,92.5744,-1
cover,92.5998,0,0,0,0
nearest,92.5998,-1
cover,92.6327,0,0,0,0
nearest,92.6327,-1
cover,92.6638,0,0,0,0
nearest,92.6638,-1
cover,92.6985,0,0,0,0
nearest,92.6985,-1
cover,92.7268,0,0,0,0
nearest,92.7268,-1
cover,92.7555,0,0,0,0
nearest,92.7556,-1
cover,92.7823,0,0,0,0
nearest,92.7823,-1
cover,92.8094,0,0,0,0
nearest,92.8094,-1
cover,92.8354,0,0,0,0
nearest,92.8355,-1
cover,92.8637,0,0,0,0
nearest,92.8638,-1
cover,92.8959,0,0,0,0
nearest,92.8959,-1
cover,92.9244,0,0,0,0
nearest,92.9245,-1
cover,92.9593,0,0,0,0
nearest,92.9593,-1
cover,92.995,0,0,0,0
nearest,92.995,-1
cover,93.0252,0,0,0,0
nearest,93.0252,-1
cover,93.0539,0,0,0,0
nearest,93.0539,-1
cover,93.0823,0,0,0,0
nearest,93.0823,-1
cover,93.1169,0,0,0,0
nearest,93.1169,-1
cover,93.1452,0,0,0,0
nearest,93.1452,-1
cover,93.1751,0,0,0,0
nearest,93.1751,-1
cover,93.2006,0,0,0,0
nearest,93.2007,-1
cover,93.2307,0,0,0,0
nearest,93.2307,-1
cover,93.2653,0,0,0,0
nearest,93.2653,-1
cover,93.2972,0,0,0,0
nearest,93.2972,-1
cover,93.3294,0,0,0,0
nearest,93.3294,-1
cover,93.3582,0,0,0,0
nearest,93.3582,-1
cover,93.3914,0,0,0,0
nearest,93.3914,-1
cover,93.4271,0,0,0,0
nearest,93.4271,-1
cover,93.4567,0,0,0,0
nearest,93.4567,-1
cover,93.4875,0,0,0,0
nearest,93.4875,-1
cover,93.5213,0,0,0,0
nearest,93.5213,-1
cover,93.5548,0,0,0,0
nearest,93.5548,-1
cover,93.5855,0,0,0,0
nearest,93.5855,-1
cover,93.6188,0,0,0,0
nearest,93.6188,-1
cover,93.6475,0,0,0,0
nearest,93.6476,-1
cover,93.678,0,0,0,0
nearest,93.678,-1
cover,93.7079,0,0,0,0
nearest,93.7079,-1
cover,93.7357,0,0,0,0
nearest,93.7357,-1
cover,93.7628,0,0,0,0
nearest,93.7628,-1
cover,93.7952,0,0,0,0
nearest,93.7952,-1
cover,93.829,0,0,0,0
nearest,93.829,-1
cover,93.8624,0,0,0,0
nearest,93.8624,-1
cover,93.8927,0,0,0,0
nearest,93.8927,-1
cover,93.9187,0,0,0,0
nearest,93.9187,-1
cover,93.9459,0,0,0,0
nearest,93.9459,-1
cover,93.9732,0,0,0,0
nearest,93.9732,-1
cover,93.9995,0,0,0,0
nearest,93.9995,-1
cover,94.0285,0,0,0,0
nearest,94.0286,-1
cover,94.0602,0,0,0,0
nearest,94.0603,-1
cover,94.0857,0,0,0,0
nearest,94.0857,-1
cover,94.1158,0,0,0,0
nearest,94.1158,-1
cover,94.149,0,0,0,0
nearest,94.1491,-1
cover,94.1808,0,0,0,0
nearest,94.1808,-1
cover,94.2104,0,0,0,0
nearest,94.2104,-1
cover,94.2431,0,0,0,0
nearest,94.2431,-1
cover,94.2732,0,0,0,0
nearest,94.2732,-1
cover,94.3019,0,0,0,0
nearest,94.302,-1
cover,94.332,0,0,0,0
nearest,94.332,-1
cover,94.3674,0,0,0,0
nearest,94.3674,-1
cover,94.4037,0,0,0,0
nearest,94.4037,-1
cover,94.4341,0,0,0,0
nearest,94.4341,-1
cover,94.4659,0,0,0,0
nearest,94.466,-1
cover,94.4981,0,0,0,0
nearest,94.4981,-1
cover,94.5339,0,0,0,0
nearest,94.534,-1
cover,94.5614,0,0,0,0
nearest,94.5614,-1
cover,94.5925,0,0,0,0
nearest,94.5925,-1
cover,94.6243,0,0,0,0
nearest,94.6243,-1
cover,94.6576,0,0,0,0
nearest,94.6576,-1
cover,94.6846,0,0,0,0
nearest,94.6846,-1
cover,94.7137,0,0,0,0
nearest,94.7137,-1
cover,94.7428,0,0,0,0
nearest,94.7428,-1
cover,94.7715,0,0,0,0
nearest,94.7715,-1
cover,94.8007,0,0,0,0
nearest,94.8007,-1
cover,94.8318,0,0,0,0
nearest,94.8318,-1
cover,94.8621,0,0,0,0
nearest,94.8621,-1
cover,94.8916,0,0,0,0
nearest,94.8916,-1
cover,94.9185,0,0,0,0
nearest,94.9185,-1
cover,94.9488,0,0,0,0
nearest,94.9488,-1
cover,94.9778,0,0,0,0
nearest,94.9778,-1
cover,95.0063,0,0,0,0
nearest,95.0063,-1
cover,95.0377,0,0,0,0
nearest,95.0377,-1
cover,95.068,0,0,0,0
nearest,95.068,-1
cover,95.1032,0,0,0,0
nearest,95.1032,-1
cover,95.1372,0,0,0,0
nearest,95.1372,-1
cover,95.168,0,0,0,0
nearest,95.168,-1
cover,95.2002,0,0,0,0
nearest,95.2002,-1
cover,95.2378,0,0,0,0
nearest,95.2378,-1
cover,95.2705,0,0,0,0
nearest,95.2706,-1
cover,95.3041,0,0,0,0
nearest,95.3041,-1
cover,95.3324,0,0,0,0
nearest,95.3324,-1
cover,95.3658,0,0,0,0
nearest,95.3659,-1
cover,95.3975,0,0,0,0
nearest,95.3976,-1
cover,95.4302,0,0,0,0
nearest,95.4303,-1
cover,95.465,0,0,0,0
nearest,95.465,-1
cover,95.4949,0,0,0,0
nearest,95.4949,-1
cover,95.5273,0,0,0,0
nearest,95.5273,-1
cover,95.5548,0,0,0,0
nearest,95.5548,-1
cover,95.5868,0,0,0,0
nearest,95.5868,-1
cover,95.6152,0,0,0,0
nearest,95.6153,-1
cover,95.6526,0,0,0,0
nearest,95.6526,-1
cover,95.6851,0,0,0,0
nearest,95.6851,-1
cover,95.7181,0,0,0,0
nearest,95.7182,-1
cover,95.7465,0,0,0,0
nearest,95.7465,-1
cover,95.7769,0,0,0,0
nearest,95.7769,-1
cover,95.8037,0,0,0,0
nearest,95.8037,-1
cover,95.8334,0,0,0,0
nearest,95.8334,-1
cover,95.8683,0,0,0,0
nearest,95.8683,-1
cover,95.8973,0,0,0,0
nearest,95.8973,-1
cover,95.9321,0,0,0,0
nearest,95.9321,-1
cover,95.9633,0,0,0,0
nearest,95.9633,-1
cover,95.9964,0,0,0,0
nearest,95.9965,-1
cover,96.0291,0,0,0,0
nearest,96.0291,-1
cover,96.0627,0,0,0,0
nearest,96.0627,-1
cover,96.0955,0,0,0,0
nearest,96.0956,-1
cover,96.1271,0,0,0,0
nearest,96.1272,-1
cover,96.1543,0,0,0,0
nearest,96.1544,-1
cover,96.1862,0,0,0,0
nearest,96.1863,-1
cover,96.2142,0,0,0,0
nearest,96.2143,-1
cover,96.2437,0,0,0,0
nearest,96.2437,-1
cover,96.2738,0,0,0,0
nearest,96.2738,-1
cover,96.3029,0,0,0,0
nearest,96.303,-1
cover,96.3329,0,0,0,0
nearest,96.3329,-1
cover,96.3615,0,0,0,0
nearest,96.3615,-1
cover,96.3898,0,0,0,0
nearest,96.3898,-1
cover,96.4154,0,0,0,0
nearest,96.4155,-1
cover,96.448,0,0,0,0
nearest,96.4481,-1
cover,96.4768,0,0,0,0
nearest,96.4768,-1
cover,96.504,0,0,0,0
nearest,96.504,-1
cover,96.5319,0,0,0,0
nearest,96.5319,-1
cover,96.5641,0,0,0,0
nearest,96.5642,-1
cover,96.5969,0,0,0,0
nearest,96.5969,-1
cover,96.6307,0,0,0,0
nearest,96.6307,-1
cover,96.6664,0,0,0,0
nearest,96.6664,-1
cover,96.6956,0,0,0,0
nearest,96.6956,-1
cover,96.7273,0,0,0,0
nearest,96.7273,-1
cover,96.761,0,0,0,0
nearest,96.7611,-1
cover,96.7927,0,0,0,0
nearest,96.7927,-1
cover,96.8256,0,0,0,0
nearest,96.8257,-1
cover,96.8629,0,0,0,0
nearest,96.8629,-1
cover,96.8952,0,0,0,0
nearest,96.8952,-1
cover,96.9226,0,0,0,0
nearest,96.9227,-1
cover,96.9494,0,0,0,0
nearest,96.9494,-1
cover,96.978,0,0,0,0
nearest,96.9781,-1
cover,97.0096,0,0,0,0
nearest,97.0101,-1
cover,97.0448,0,0,0,0
nearest,97.0448,-1
cover,97.0728,0,0,0,0
nearest,97.0728,-1
cover,97.1026,0,0,0,0
nearest,97.1026,-1
cover,97.1336,0,0,0,0
nearest,97.1337,-1
cover,97.1681,0,0,0,0
nearest,97.1681,-1
cover,97.1964,0,0,0,0
nearest,97.1964,-1
cover,97.2262,0,0,0,0
nearest,97.2262,-1
cover,97.252,0,0,0,0
nearest,97.252,-1
cover,97.2886,0,0,0,0
nearest,97.2886,-1
cover,97.3195,0,0,0,0
nearest,97.3195,-1
cover,97.3508,0,0,0,0
nearest,97.3508,-1
cover,97.3838,0,0,0,0
nearest,97.3839,-1
cover,97.4153,0,0,0,0
nearest,97.4153,-1
cover,97.4484,0,0,0,0
nearest,97.4485,-1
cover,97.4819,0,0,0,0
nearest,97.482,-1
cover,97.5111,0,0,0,0
nearest,97.5111,-1
cover,97.5416,0,0,0,0
nearest,97.5417,-1
cover,97.5707,0,0,0,0
nearest,97.5707,-1
cover,97.5979,0,0,0,0
nearest,97.5979,-1
cover,97.629,0,0,0,0
nearest,97.6291,-1
cover,97.6571,0,0,0,0
nearest,97.6571,-1
cover,97.6828,0,0,0,0
nearest,97.6828,-1
cover,97.7128,0,0,0,0
nearest,97.7129,-1
cover,97.7436,0,0,0,0
nearest,97.7436,-1
cover,97.781,0,0,0,0
nearest,97.781,-1
cover,97.8097,0,0,0,0
nearest,97.8097,-1
cover,97.8354,0,0,0,0
nearest,97.8354,-1
cover,97.8646,0,0,0,0
nearest,97.8647,-1
cover,97.8997,0,0,0,0
nearest,97.8997,-1
cover,97.9334,0,0,0,0
nearest,97.9334,-1
cover,97.9651,0,0,0,0
nearest,97.9651,-1
cover,98.0005,0,0,0,0
nearest,98.0005,-1
cover,98.0314,0,0,0,0
nearest,98.0314,-1
cover,98.0625,0,0,0,0
nearest,98.0625,-1
cover,98.0989,0,0,0,0
nearest,98.0989,-1
cover,98.1297,0,0,0,0
nearest,98.1298,-1
cover,98.157,0,0,0,0
nearest,98.157,-1
cover,98.1847,0,0,0,0
nearest,98.1847,-1
cover,98.2155,0,0,0,0
nearest,98.2155,-1
cover,98.2498,0,0,0,0
nearest,98.2498,-1
cover,98.2774,0,0,0,0
nearest,98.2774,-1
cover,98.3073,0,0,0,0
nearest,98.3073,-1
cover,98.3357,0,0,0,0
nearest,98.3357,-1
cover,98.3674,0,0,0,0
nearest,98.3675,-1
cover,98.398,0,0,0,0
nearest,98.398,-1
cover,98.4415,0,0,0,0
nearest,98.4415,-1
cover,98.4818,0,0,0,0
nearest,98.4818,-1
cover,98.5183,0,0,0,0
nearest,98.5183,-1
cover,98.556,0,0,0,0
nearest,98.556,-1
cover,98.5878,0,0,0,0
nearest,98.5878,-1
cover,98.6166,0,0,0,0
nearest,98.6166,-1
cover,98.6452,0,0,0,0
nearest,98.6453,-1
cover,98.6751,0,0,0,0
nearest,98.6752,-1
cover,98.7092,0,0,0,0
nearest,98.7092,-1
cover,98.748,0,0,0,0
nearest,98.748,-1
cover,98.7789,0,0,0,0
nearest,98.7789,-1
cover,98.8067,0,0,0,0
nearest,98.8067,-1
cover,98.8341,0,0,0,0
nearest,98.8341,-1
cover,98.8664,0,0,0,0
nearest,98.8665,-1
cover,98.8967,0,0,0,0
nearest,98.8967,-1
cover,98.924,0,0,0,0
nearest,98.9241,-1
cover,98.9533,0,0,0,0
nearest,98.9533,-1
cover,98.982,0,0,0,0
nearest,98.982,-1
cover,99.0099,0,0,0,0
nearest,99.0099,-1
cover,99.0383,0,0,0,0
nearest,99.0384,-1
cover,99.0658,0,0,0,0
nearest,99.0658,-1
cover,99.096,0,0,0,0
nearest,99.096,-1
cover,99.1235,0,0,0,0
nearest,99.1235,-1
cover,99.1527,0,0,0,0
nearest,99.1527,-1
cover,99.2249,0,0,0,0
nearest,99.2249,-1
cover,99.2541,0,0,0,0
nearest,99.2541,-1
cover,99.2835,0,0,0,0
nearest,99.2836,-1
cover,99.308,0,0,0,0
nearest,99.3081,-1
cover,99.3357,0,0,0,0
nearest,99.3357,-1
cover,99.3647,0,0,0,0
nearest,99.3647,-1
cover,99.3945,0,0,0,0
nearest,99.3945,-1
cover,99.4304,0,0,0,0
nearest,99.4305,-1
cover,99.4641,0,0,0,0
nearest,99.4641,-1
cover,99.4962,0,0,0,0
nearest,99.4962,-1
cover,99.5252,0,0,0,0
nearest,99.5252,-1
cover,99.5637,0,0,0,0
nearest,99.5637,-1
cover,99.6076,0,0,0,0
nearest,99.6076,-1
cover,99.6449,0,0,0,0
nearest,99.645,-1
cover,99.706,0,0,0,0
nearest,99.7061,-1
cover,99.7474,0,0,0,0
nearest,99.7474,-1
cover,99.7879,0,0,0,0
nearest,99.788,-1
cover,99.8197,0,0,0,0
nearest,99.8197,-1
cover,99.8514,0,0,0,0
nearest,99.8514,-1
cover,99.8851,0,0,0,0
nearest,99.8851,-1
cover,99.9131,0,0,0,0
nearest,99.9131,-1
cover,99.9541,0,0,0,0
nearest,99.9542,-1
cover,99.9883,0,0,0,0
nearest,99.9884,-1
cover,100.0201,0,0,0,0
nearest,100.0201,-1
cover,100.0509,0,0,0,0
nearest,100.0509,-1
cover,100.0832,0,0,0,0
nearest,100.0833,-1
cover,100.1204,0,0,0,0
nearest,100.1204,-1
cover,100.1538,0,0,0,0
nearest,100.1538,-1
cover,100.1854,0,0,0,0
nearest,100.1854,-1
cover,100.2122,0,0,0,0
nearest,100.2122,-1
cover,100.2436,0,0,0,0
nearest,100.2436,-1
cover,100.2761,0,0,0,0
nearest,100.2761,-1
cover,100.3072,0,0,0,0
nearest,100.3072,-1
cover,100.3367,0,0,0,0
nearest,100.3367,-1
cover,100.367,0,0,0,0
nearest,100.367,-1
cover,100.3944,0,0,0,0
nearest,100.3944,-1
cover,100.4271,0,0,0,0
nearest,100.4271,-1
cover,100.4581,0,0,0,0
nearest,100.4581,-1
cover,100.4857,0,0,0,0
nearest,100.4858,-1
cover,100.5186,0,0,0,0
nearest,100.5186,-1
cover,100.5504,0,0,0,0
nearest,100.5504,-1
cover,100.5833,0,0,0,0
nearest,100.5833,-1
cover,100.6127,0,0,0,0
nearest,100.6127,-1
cover,100.643,0,0,0,0
nearest,100.643,-1
cover,100.6731,0,0,0,0
nearest,100.6732,-1
cover,100.7033,0,0,0,0
nearest,100.7034,-1
cover,100.7336,0,0,0,0
nearest,100.7336,-1
cover,100.765,0,0,0,0
nearest,100.765,-1
cover,100.7971,0,0,0,0
nearest,100.7971,-1
cover,100.8322,0,0,0,0
nearest,100.8322,-1
cover,100.8646,0,0,0,0
nearest,100.8646,-1
cover,100.8955,0,0,0,0
nearest,100.8955,-1
cover,100.9261,0,0,0,0
nearest,100.9261,-1
cover,100.9552,0,0,0,0
nearest,100.9552,-1
cover,100.9865,0,0,0,0
nearest,100.9865,-1
cover,101.0182,0,0,0,0
nearest,101.0182,-1
cover,101.0445,0,0,0,0
nearest,101.0445,-1
cover,101.0734,0,0,0,0
nearest,101.0734,-1
cover,101.1057,0,0,0,0
nearest,101.1057,-1
cover,101.1398,0,0,0,0
nearest,101.1398,-1
cover,101.1723,0,0,0,0
nearest,101.1723,-1
cover,101.205,0,0,0,0
nearest,101.2051,-1
cover,101.2341,0,0,0,0
nearest,101.2341,-1
cover,101.2673,0,0,0,0
nearest,101.2673,-1
cover,101.2961,0,0,0,0
nearest,101.2961,-1
cover,101.3276,0,0,0,0
nearest,101.3276,-1
cover,101.3585,0,0,0,0
nearest,101.3585,-1
cover,101.3883,0,0,0,0
nearest,101.3883,-1
cover,101.4195,0,0,0,0
nearest,101.4195,-1
cover,101.4546,0,0,0,0
nearest,101.4546,-1
cover,101.4849,0,0,0,0
nearest,101.485,-1
cover,101.522,0,0,0,0
nearest,101.5221,-1
cover,101.5509,0,0,0,0
nearest,101.5509,-1
cover,101.5828,0,0,0,0
nearest,101.5829,-1
cover,101.6195,0,0,0,0
nearest,101.6195,-1
cover,101.6519,0,0,0,0
nearest,101.652,-1
cover,101.6868,0,0,0,0
nearest,101.6868,-1
cover,101.7196,0,0,0,0
nearest,101.7196,-1
cover,101.7531,0,0,0,0
nearest,101.7531,-1
cover,101.7854,0,0,0,0
nearest,101.7854,-1
cover,101.8185,0,0,0,0
nearest,101.8185,-1
cover,101.8475,0,0,0,0
nearest,101.8475,-1
cover,101.8801,0,0,0,0
nearest,101.8801,-1
cover,101.9134,0,0,0,0
nearest,101.9134,-1
cover,101.9443,0,0,0,0
nearest,101.9443,-1
cover,101.9765,0,0,0,0
nearest,101.9765,-1
cover,102.0107,0,0,0,0
nearest,102.0108,-1
cover,102.044,0,0,0,0
nearest,102.0441,-1
cover,102.0771,0,0,0,0
nearest,102.0772,-1
cover,102.1091,1,0,1,0
nearest,102.1092,-1
cover,102.1416,1,0,1,0
nearest,102.1417,-1
cover,102.1711,1,0,1,0
nearest,102.1712,-1
cover,102.2031,0,0,0,0
nearest,102.2031,-1
cover,102.2344,1,0,1,0
nearest,102.2344,-1
cover,102.2673,1,0,1,0
nearest,102.2674,-1
cover,102.2973,1,0,1,0
nearest,102.2974,-1
cover,102.3282,1,0,1,0
nearest,102.3282,-1
cover,102.3591,0,0,0,0
nearest,102.3592,-1
cover,102.3988,0,0,0,0
nearest,102.3988,-1
cover,102.4408,0,0,0,0
nearest,102.4408,-1
cover,102.4788,0,0,0,0
nearest,102.4788,-1
cover,102.5112,0,0,0,0
nearest,102.5112,-1
cover,102.5383,0,0,0,0
nearest,102.5383,-1
cover,102.5721,0,0,0,0
nearest,102.5722,-1
cover,102.6023,0,0,0,0
nearest,102.6023,-1
cover,102.6321,0,0,0,0
nearest,102.6322,-1
cover,102.6643,0,0,0,0
nearest,102.6643,-1
cover,102.6952,0,0,0,0
nearest,102.6953,-1
cover,102.735,0,0,0,0
nearest,102.735,-1
cover,102.7713,0,0,0,0
nearest,102.7714,-1
cover,102.8076,1,1,0,0
nearest,102.8076,305.7
cover,102.8417,2,1,1,1
err,102.8417,-268.31,76.15
timing,102.8417,5.1,27.4
det,102.8417,956.38,860.0,50.88,81.0,0.748,Head
det,102.8417,955.88,848.0,111.62,281.5,0.693,Body
cover,102.8762,1,0,1,1
err,102.8763,-267.88,98.8
timing,102.8763,6.0,26.8
det,102.8763,956.31,873.75,111.62,250.5,0.685,Body
cover,102.9174,2,1,1,1
err,102.9175,-268.19,99.0
timing,102.9175,4.7,34.9
det,102.9175,956.38,874.0,110.88,250.0,0.748,Body
det,102.9175,957.25,884.88,53.25,85.25,0.535,Head
cover,102.9534,2,1,1,1
err,102.9535,-267.81,98.4
timing,102.9535,5.6,28.5
det,102.9535,956.56,873.38,111.25,250.25,0.771,Body
det,102.9535,957.34,885.12,54.03,85.75,0.552,Head
cover,102.9887,2,1,1,1
err,102.9887,-267.62,99.2
timing,102.9887,5.6,28.1
det,102.9887,956.56,874.25,111.62,249.5,0.774,Body
det,102.9887,957.12,884.88,53.91,86.25,0.549,Head
cover,103.0237,1,0,1,1
err,103.0237,-269.75,91.5
timing,103.0237,6.5,27.5
det,103.0237,958.12,865.0,104.25,265.0,0.721,Body
cover,103.058,1,0,1,1
err,103.058,-269.12,87.8
timing,103.058,4.6,28.0
det,103.058,956.44,861.0,108.88,268.0,0.71,Body
cover,103.0916,1,0,1,1
err,103.0916,-268.25,107.5
timing,103.0916,4.8,27.3
det,103.0916,956.88,883.62,109.75,238.75,0.556,Body
cover,103.1694,0,0,0,0
nearest,103.1694,-1
cover,103.2056,1,0,1,1
err,103.2056,-262.31,67.1
timing,103.2056,5.5,28.7
det,103.2056,956.69,837.0,122.0,301.0,0.522,Body
cover,103.2418,1,0,1,1
err,103.2418,-263.69,44.0
timing,103.2418,6.2,28.5
det,103.2418,956.19,813.5,120.25,305.0,0.507,Body
cover,103.2776,0,0,0,0
nearest,103.2777,-1
cover,103.3195,0,0,0,0
nearest,103.3195,-1
cover,103.359,1,1,0,1
err,103.3591,-279.03,48.69
timing,103.3591,7.4,31.1
det,103.3591,969.44,802.62,63.06,83.75,0.501,Head
cover,103.3947,0,0,0,0
nearest,103.3947,-1
cover,103.4353,0,0,0,0
nearest,103.4354,-1
cover,103.4774,0,0,0,0
nearest,103.4774,-1
cover,103.5191,0,0,0,0
nearest,103.5192,-1
cover,103.5572,0,0,0,0
nearest,103.5572,-1
cover,103.5925,0,0,0,0
nearest,103.5926,-1
cover,103.6328,0,0,0,0
nearest,103.6328,-1
cover,103.6689,0,0,0,0
nearest,103.6689,-1
cover,103.706,1,0,1,1
err,103.706,-249.5,-6.45
timing,103.706,6.0,30.4
det,103.706,954.5,763.5,152.0,300.5,0.56,Body
cover,103.7413,1,1,0,1
err,103.7414,-249.75,13.58
timing,103.7414,4.4,29.1
det,103.7414,1000.62,768.75,59.25,81.5,0.661,Head
cover,103.7761,0,0,0,0
nearest,103.7761,-1
cover,103.818,0,0,0,0
nearest,103.818,-1
cover,103.852,0,0,0,0
nearest,103.8521,-1
cover,103.8844,0,0,0,0
nearest,103.8844,-1
cover,103.9189,0,0,0,0
nearest,103.9189,-1
cover,103.9518,0,0,0,0
nearest,103.9518,-1
cover,103.9845,1,0,1,1
err,103.9846,-264.19,-26.7
timing,103.9846,5.7,26.2
det,103.9846,955.94,741.62,119.75,316.75,0.547,Body
cover,104.0185,1,0,1,1
err,104.0186,-264.5,-26.8
timing,104.0186,6.6,25.6
det,104.0186,956.06,741.5,118.88,317.0,0.535,Body
cover,104.0519,1,0,1,1
err,104.0519,-264.94,-29.0
timing,104.0519,5.6,25.8
det,104.0519,956.0,739.0,118.12,320.0,0.544,Body
cover,104.0849,1,0,1,1
err,104.085,-265.12,-26.85
timing,104.085,5.3,26.2
det,104.085,956.12,741.5,117.5,316.5,0.541,Body
cover,104.1181,1,0,1,1
err,104.1182,-265.06,-29.1
timing,104.1182,6.2,25.4
det,104.1182,956.12,739.0,117.62,319.0,0.544,Body
cover,104.1519,1,0,1,1
err,104.1519,-265.41,-25.1
timing,104.1519,5.6,26.6
det,104.1519,956.12,743.5,116.94,314.0,0.544,Body
cover,104.1842,1,0,1,1
err,104.1843,-265.19,-24.25
timing,104.1843,6.2,25.3
det,104.1843,956.12,744.5,117.38,312.5,0.557,Body
cover,104.2183,0,0,0,0
nearest,104.2184,-1
cover,104.2539,0,0,0,0
nearest,104.2539,-1
cover,104.2852,0,0,0,0
nearest,104.2852,-1
cover,104.3181,0,0,0,0
nearest,104.3181,-1
cover,104.3531,1,1,0,1
err,104.3531,-282.38,-7.15
timing,104.3531,5.0,29.1
det,104.3531,967.48,747.75,60.28,82.0,0.531,Head
cover,104.3871,0,0,0,0
nearest,104.3871,-1
cover,104.4233,0,0,0,0
nearest,104.4234,-1
cover,104.4576,1,0,1,1
err,104.4577,-257.38,-39.1
timing,104.4577,5.8,27.9
det,104.4577,957.25,731.12,130.75,297.75,0.546,Body
cover,104.4892,1,0,1,1
err,104.4892,-257.25,-38.6
timing,104.4892,4.2,25.6
det,104.4892,957.12,731.62,131.25,297.75,0.533,Body
cover,104.5276,0,0,0,0
nearest,104.5276,-1
cover,104.5641,2,1,1,1
err,104.5642,-281.19,6.27
timing,104.5642,4.9,30.1
det,104.5642,957.62,749.5,128.75,296.0,0.625,Body
det,104.5642,968.89,762.0,59.84,80.5,0.501,Head
cover,104.601,0,0,0,0
nearest,104.6011,-1
cover,104.6368,1,0,1,1
err,104.6369,-257.75,-39.65
timing,104.6369,3.2,31.0
det,104.6369,958.94,730.0,126.62,303.5,0.546,Body
cover,104.6719,0,0,0,0
nearest,104.672,-1
cover,104.7045,2,1,1,1
err,104.7045,-233.69,-4.17
timing,104.7045,4.4,26.0
det,104.7045,1016.64,751.0,59.34,81.5,0.767,Head
det,104.7045,1077.91,853.5,58.94,103.5,0.562,Body
cover,104.7357,0,0,0,0
nearest,104.7357,-1
cover,104.7699,0,0,0,0
nearest,104.7699,-1
cover,104.8042,0,0,0,0
nearest,104.8043,-1
cover,104.8389,0,0,0,0
nearest,104.839,-1
cover,104.8715,0,0,0,0
nearest,104.8715,-1
cover,104.9041,0,0,0,0
nearest,104.9041,-1
cover,104.9378,0,0,0,0
nearest,104.9378,-1
cover,104.9736,0,0,0,0
nearest,104.9736,-1
cover,105.0058,0,0,0,0
nearest,105.0059,-1
cover,105.0371,0,0,0,0
nearest,105.0372,-1
cover,105.0708,1,0,1,1
err,105.0708,-126.12,61.6
timing,105.0708,6.4,26.3
det,105.0708,1121.75,851.12,64.25,104.75,0.571,Body
cover,105.1042,2,0,2,1
err,105.1043,-125.5,60.95
timing,105.1043,5.9,25.8
det,105.1043,1122.88,850.5,63.25,104.5,0.548,Body
det,105.1043,978.0,770.5,175.75,290.0,0.503,Body
cover,105.1359,0,0,0,0
nearest,105.1359,-1
cover,105.1721,0,0,0,0
nearest,105.1721,-1
cover,105.2028,0,0,0,0
nearest,105.2028,-1
cover,105.2366,0,0,0,0
nearest,105.2366,-1
cover,105.2692,0,0,0,0
nearest,105.2692,-1
cover,105.3028,0,0,0,0
nearest,105.3028,-1
cover,105.3363,0,0,0,0
nearest,105.3363,-1
cover,105.363,0,0,0,0
nearest,105.363,-1
cover,105.3955,0,0,0,0
nearest,105.3955,-1
cover,105.4301,0,0,0,0
nearest,105.4301,-1
cover,105.4704,0,0,0,0
nearest,105.4704,-1
cover,105.5029,0,0,0,0
nearest,105.5029,-1
cover,105.5375,0,0,0,0
nearest,105.5376,-1
cover,105.5713,0,0,0,0
nearest,105.5713,-1
cover,105.6039,0,0,0,0
nearest,105.6039,-1
cover,105.6366,0,0,0,0
nearest,105.6366,-1
cover,105.6697,1,0,1,1
err,105.6697,-147.25,65.05
timing,105.6697,4.8,27.6
det,105.6697,1098.19,852.5,69.12,125.5,0.529,Body
cover,105.7032,0,0,0,0
nearest,105.7032,-1
cover,105.7366,0,0,0,0
nearest,105.7367,-1
cover,105.7705,1,0,1,0
nearest,105.7705,-1
cover,105.8049,0,0,0,0
nearest,105.805,-1
cover,105.8369,0,0,0,0
nearest,105.837,-1
cover,105.8696,0,0,0,0
nearest,105.8696,-1
cover,105.9043,0,0,0,0
nearest,105.9043,-1
cover,105.9367,0,0,0,0
nearest,105.9368,-1
cover,105.9683,0,0,0,0
nearest,105.9683,-1
cover,105.9926,0,0,0,0
nearest,105.9926,-1
cover,106.0234,0,0,0,0
nearest,106.0235,-1
cover,106.0542,0,0,0,0
nearest,106.0542,-1
cover,106.0812,1,0,1,0
nearest,106.0812,-1
cover,106.1182,0,0,0,0
nearest,106.1182,-1
cover,106.1521,0,0,0,0
nearest,106.1521,-1
cover,106.1786,0,0,0,0
nearest,106.1787,-1
cover,106.2099,0,0,0,0
nearest,106.2099,-1
cover,106.2408,0,0,0,0
nearest,106.2408,-1
cover,106.2799,0,0,0,0
nearest,106.2799,-1
cover,106.3219,0,0,0,0
nearest,106.3219,-1
cover,106.3552,0,0,0,0
nearest,106.3552,-1
cover,106.3882,0,0,0,0
nearest,106.3882,-1
cover,106.4205,0,0,0,0
nearest,106.4205,-1
cover,106.4547,1,0,1,0
nearest,106.4547,-1
cover,106.4883,0,0,0,0
nearest,106.4883,-1
cover,106.5207,0,0,0,0
nearest,106.5207,-1
cover,106.5528,1,0,1,0
nearest,106.5528,-1
cover,106.5851,0,0,0,0
nearest,106.5851,-1
cover,106.6205,0,0,0,0
nearest,106.6205,-1
cover,106.6563,0,0,0,0
nearest,106.6563,-1
cover,106.6906,0,0,0,0
nearest,106.6907,-1
cover,106.7243,0,0,0,0
nearest,106.7244,-1
cover,106.7571,0,0,0,0
nearest,106.7571,-1
cover,106.7902,0,0,0,0
nearest,106.7902,-1
cover,106.8219,0,0,0,0
nearest,106.8219,-1
cover,106.8554,0,0,0,0
nearest,106.8555,-1
cover,106.8892,0,0,0,0
nearest,106.8892,-1
cover,106.9232,0,0,0,0
nearest,106.9232,-1
cover,106.9547,0,0,0,0
nearest,106.9547,-1
cover,106.9885,0,0,0,0
nearest,106.9886,-1
cover,107.0218,0,0,0,0
nearest,107.0218,-1
cover,107.0576,0,0,0,0
nearest,107.0577,-1
cover,107.0894,0,0,0,0
nearest,107.0895,-1
cover,107.1221,0,0,0,0
nearest,107.1221,-1
cover,107.1558,0,0,0,0
nearest,107.1558,-1
cover,107.1884,0,0,0,0
nearest,107.1884,-1
cover,107.2221,0,0,0,0
nearest,107.2221,-1
cover,107.2551,0,0,0,0
nearest,107.2551,-1
cover,107.2883,0,0,0,0
nearest,107.2883,-1
cover,107.322,0,0,0,0
nearest,107.322,-1
cover,107.355,0,0,0,0
nearest,107.3551,-1
cover,107.3878,0,0,0,0
nearest,107.3878,-1
cover,107.4196,0,0,0,0
nearest,107.4196,-1
cover,107.4473,0,0,0,0
nearest,107.4473,-1
cover,107.4779,0,0,0,0
nearest,107.4779,-1
cover,107.5082,0,0,0,0
nearest,107.5082,-1
cover,107.5373,0,0,0,0
nearest,107.5373,-1
cover,107.5642,0,0,0,0
nearest,107.5643,-1
cover,107.5966,0,0,0,0
nearest,107.5966,-1
cover,107.626,0,0,0,0
nearest,107.626,-1
cover,107.6589,0,0,0,0
nearest,107.659,-1
cover,107.6876,0,0,0,0
nearest,107.6877,-1
cover,107.7155,0,0,0,0
nearest,107.7155,-1
cover,107.7473,0,0,0,0
nearest,107.7473,-1
cover,107.7755,0,0,0,0
nearest,107.7755,-1
cover,107.8056,0,0,0,0
nearest,107.8056,-1
cover,107.8382,0,0,0,0
nearest,107.8383,-1
cover,107.8634,0,0,0,0
nearest,107.8634,-1
cover,107.8949,0,0,0,0
nearest,107.8949,-1
cover,107.9249,0,0,0,0
nearest,107.9249,-1
cover,107.9559,0,0,0,0
nearest,107.9559,-1
cover,107.9893,0,0,0,0
nearest,107.9893,-1
cover,108.0219,0,0,0,0
nearest,108.0219,-1
cover,108.0537,0,0,0,0
nearest,108.0537,-1
cover,108.0819,0,0,0,0
nearest,108.0819,-1
cover,108.1198,1,0,1,0
nearest,108.1199,-1
cover,108.1486,0,0,0,0
nearest,108.1487,-1
cover,108.1796,0,0,0,0
nearest,108.1796,-1
cover,108.2071,0,0,0,0
nearest,108.2071,-1
cover,108.2362,0,0,0,0
nearest,108.2362,-1
cover,108.262,0,0,0,0
nearest,108.262,-1
cover,108.2947,0,0,0,0
nearest,108.2947,-1
cover,108.3249,0,0,0,0
nearest,108.3249,-1
cover,108.3552,0,0,0,0
nearest,108.3552,-1
cover,108.3818,0,0,0,0
nearest,108.3819,-1
cover,108.4132,0,0,0,0
nearest,108.4132,-1
cover,108.4474,0,0,0,0
nearest,108.4474,-1
cover,108.4779,0,0,0,0
nearest,108.478,-1
cover,108.5068,0,0,0,0
nearest,108.5069,-1
cover,108.5381,0,0,0,0
nearest,108.5382,-1
cover,108.5644,0,0,0,0
nearest,108.5645,-1
cover,108.5922,0,0,0,0
nearest,108.5922,-1
cover,108.6226,0,0,0,0
nearest,108.6226,-1
cover,108.6527,0,0,0,0
nearest,108.6527,-1
cover,108.6855,0,0,0,0
nearest,108.6855,-1
cover,108.7119,0,0,0,0
nearest,108.712,-1
cover,108.7444,0,0,0,0
nearest,108.7444,-1
cover,108.7708,0,0,0,0
nearest,108.7709,-1
cover,108.798,0,0,0,0
nearest,108.7981,-1
cover,108.8256,0,0,0,0
nearest,108.8257,-1
cover,108.8539,0,0,0,0
nearest,108.854,-1
cover,108.8778,0,0,0,0
nearest,108.878,-1
cover,108.9088,0,0,0,0
nearest,108.9088,-1
cover,108.9375,0,0,0,0
nearest,108.9378,-1
cover,108.9686,0,0,0,0
nearest,108.9686,-1
cover,108.9965,0,0,0,0
nearest,108.9965,-1
cover,109.0293,0,0,0,0
nearest,109.0294,-1
cover,109.0633,0,0,0,0
nearest,109.0633,-1
cover,109.0922,0,0,0,0
nearest,109.0922,-1
cover,109.119,0,0,0,0
nearest,109.119,-1
cover,109.1432,0,0,0,0
nearest,109.1432,-1
cover,109.1701,0,0,0,0
nearest,109.1701,-1
cover,109.199,1,0,1,0
nearest,109.199,-1
cover,109.229,0,0,0,0
nearest,109.229,-1
cover,109.2556,0,0,0,0
nearest,109.2556,-1
cover,109.2876,0,0,0,0
nearest,109.2876,-1
cover,109.3122,0,0,0,0
nearest,109.3122,-1
cover,109.3377,0,0,0,0
nearest,109.3377,-1
cover,109.3608,0,0,0,0
nearest,109.3608,-1
cover,109.3855,0,0,0,0
nearest,109.3855,-1
cover,109.4109,0,0,0,0
nearest,109.4109,-1
cover,109.4386,0,0,0,0
nearest,109.4386,-1
cover,109.4606,0,0,0,0
nearest,109.4606,-1
cover,109.4866,0,0,0,0
nearest,109.4866,-1
cover,109.5143,0,0,0,0
nearest,109.5143,-1
cover,109.5443,0,0,0,0
nearest,109.5444,-1
cover,109.572,0,0,0,0
nearest,109.572,-1
cover,109.6017,0,0,0,0
nearest,109.6017,-1
cover,109.6263,0,0,0,0
nearest,109.6263,-1
cover,109.655,0,0,0,0
nearest,109.6551,-1
cover,109.6888,0,0,0,0
nearest,109.6888,-1
cover,109.7135,0,0,0,0
nearest,109.7135,-1
cover,109.7401,0,0,0,0
nearest,109.7402,-1
cover,109.7687,0,0,0,0
nearest,109.7687,-1
cover,109.7921,0,0,0,0
nearest,109.7922,-1
cover,109.8209,0,0,0,0
nearest,109.8209,-1
cover,109.8469,0,0,0,0
nearest,109.8469,-1
cover,109.876,0,0,0,0
nearest,109.876,-1
cover,109.9042,1,0,1,0
nearest,109.9042,-1
cover,109.9307,0,0,0,0
nearest,109.9307,-1
cover,109.9632,0,0,0,0
nearest,109.9632,-1
cover,109.9973,0,0,0,0
nearest,109.9973,-1
cover,110.0306,0,0,0,0
nearest,110.0306,-1
cover,110.0588,0,0,0,0
nearest,110.0588,-1
cover,110.088,0,0,0,0
nearest,110.088,-1
cover,110.1135,0,0,0,0
nearest,110.1135,-1
cover,110.1423,0,0,0,0
nearest,110.1423,-1
cover,110.1728,0,0,0,0
nearest,110.1728,-1
cover,110.2017,0,0,0,0
nearest,110.2018,-1
cover,110.2241,0,0,0,0
nearest,110.2241,-1
cover,110.2514,0,0,0,0
nearest,110.2514,-1
cover,110.2767,0,0,0,0
nearest,110.2767,-1
cover,110.3043,0,0,0,0
nearest,110.3044,-1
cover,110.3297,0,0,0,0
nearest,110.3297,-1
cover,110.358,0,0,0,0
nearest,110.358,-1
cover,110.3852,0,0,0,0
nearest,110.3852,-1
cover,110.4134,0,0,0,0
nearest,110.4134,-1
cover,110.4442,0,0,0,0
nearest,110.4442,-1
cover,110.4752,0,0,0,0
nearest,110.4752,-1
cover,110.5058,0,0,0,0
nearest,110.5058,-1
cover,110.5278,0,0,0,0
nearest,110.5278,-1
cover,110.554,0,0,0,0
nearest,110.554,-1
cover,110.5781,0,0,0,0
nearest,110.5781,-1
cover,110.6045,0,0,0,0
nearest,110.6045,-1
cover,110.6276,0,0,0,0
nearest,110.6276,-1
cover,110.656,0,0,0,0
nearest,110.656,-1
cover,110.6827,0,0,0,0
nearest,110.6827,-1
cover,110.7099,1,0,1,0
nearest,110.7099,-1
cover,110.7443,0,0,0,0
nearest,110.7443,-1
cover,110.7784,0,0,0,0
nearest,110.7784,-1
cover,110.8088,0,0,0,0
nearest,110.8088,-1
cover,110.8399,1,0,1,0
nearest,110.8399,-1
cover,110.8735,0,0,0,0
nearest,110.8735,-1
cover,110.9058,0,0,0,0
nearest,110.9058,-1
cover,110.9295,0,0,0,0
nearest,110.9296,-1
cover,110.9581,0,0,0,0
nearest,110.9581,-1
cover,110.9886,0,0,0,0
nearest,110.9886,-1
cover,111.0114,0,0,0,0
nearest,111.0114,-1
cover,111.0404,0,0,0,0
nearest,111.0404,-1
cover,111.0723,0,0,0,0
nearest,111.0723,-1
cover,111.1002,0,0,0,0
nearest,111.1002,-1
cover,111.133,0,0,0,0
nearest,111.133,-1
cover,111.167,0,0,0,0
nearest,111.167,-1
cover,111.201,0,0,0,0
nearest,111.201,-1
cover,111.2289,0,0,0,0
nearest,111.229,-1
cover,111.2577,0,0,0,0
nearest,111.2577,-1
cover,111.288,0,0,0,0
nearest,111.288,-1
cover,111.3151,0,0,0,0
nearest,111.3151,-1
cover,111.3448,0,0,0,0
nearest,111.3448,-1
cover,111.3754,0,0,0,0
nearest,111.3754,-1
cover,111.4054,0,0,0,0
nearest,111.4055,-1
cover,111.4378,0,0,0,0
nearest,111.4378,-1
cover,111.4633,0,0,0,0
nearest,111.4634,-1
cover,111.4944,0,0,0,0
nearest,111.4944,-1
cover,111.5231,0,0,0,0
nearest,111.5231,-1
cover,111.5481,0,0,0,0
nearest,111.5481,-1
cover,111.5773,0,0,0,0
nearest,111.5773,-1
cover,111.6067,0,0,0,0
nearest,111.6067,-1
cover,111.6394,0,0,0,0
nearest,111.6394,-1
cover,111.6668,0,0,0,0
nearest,111.6668,-1
cover,111.6961,0,0,0,0
nearest,111.6961,-1
cover,111.7236,0,0,0,0
nearest,111.7237,-1
cover,111.7549,0,0,0,0
nearest,111.7549,-1
cover,111.7804,0,0,0,0
nearest,111.7804,-1
cover,111.8096,0,0,0,0
nearest,111.8096,-1
cover,111.8394,0,0,0,0
nearest,111.8394,-1
cover,111.8636,0,0,0,0
nearest,111.8636,-1
cover,111.8915,1,0,1,0
nearest,111.8916,-1
cover,111.9213,0,0,0,0
nearest,111.9213,-1
cover,111.9501,0,0,0,0
nearest,111.9501,-1
cover,111.9789,0,0,0,0
nearest,111.9789,-1
cover,112.0073,1,0,1,0
nearest,112.0073,-1
cover,112.0379,0,0,0,0
nearest,112.038,-1
cover,112.065,0,0,0,0
nearest,112.065,-1
cover,112.0939,0,0,0,0
nearest,112.094,-1
cover,112.1227,0,0,0,0
nearest,112.1228,-1
cover,112.1479,0,0,0,0
nearest,112.1479,-1
cover,112.178,0,0,0,0
nearest,112.178,-1
cover,112.2064,0,0,0,0
nearest,112.2064,-1
cover,112.2334,0,0,0,0
nearest,112.2334,-1
cover,112.2637,0,0,0,0
nearest,112.2637,-1
cover,112.2916,0,0,0,0
nearest,112.2916,-1
cover,112.3206,0,0,0,0
nearest,112.3206,-1
cover,112.3458,0,0,0,0
nearest,112.3458,-1
cover,112.3741,0,0,0,0
nearest,112.3741,-1
cover,112.4055,0,0,0,0
nearest,112.4055,-1
cover,112.4319,0,0,0,0
nearest,112.4319,-1
cover,112.4611,0,0,0,0
nearest,112.4611,-1
cover,112.4891,0,0,0,0
nearest,112.4891,-1
cover,112.5133,0,0,0,0
nearest,112.5133,-1
cover,112.5453,0,0,0,0
nearest,112.5453,-1
cover,112.5739,0,0,0,0
nearest,112.574,-1
cover,112.6049,1,0,1,1
err,112.605,-241.0,-67.6
timing,112.605,6.3,23.9
det,112.605,957.0,709.19,164.0,232.12,0.573,Body
cover,112.6321,0,0,0,0
nearest,112.6321,-1
cover,112.6621,0,0,0,0
nearest,112.6621,-1
cover,112.6898,0,0,0,0
nearest,112.6898,-1
cover,112.7197,0,0,0,0
nearest,112.7197,-1
cover,112.7532,0,0,0,0
nearest,112.7532,-1
cover,112.78,0,0,0,0
nearest,112.7801,-1
cover,112.8106,0,0,0,0
nearest,112.8106,-1
cover,112.8429,0,0,0,0
nearest,112.8429,-1
cover,112.8709,0,0,0,0
nearest,112.8709,-1
cover,112.8953,0,0,0,0
nearest,112.8954,-1
cover,112.9214,0,0,0,0
nearest,112.9214,-1
cover,112.9465,0,0,0,0
nearest,112.9465,-1
cover,112.9726,0,0,0,0
nearest,112.9726,-1
cover,112.9957,0,0,0,0
nearest,112.9957,-1
cover,113.023,0,0,0,0
nearest,113.023,-1
cover,113.0471,0,0,0,0
nearest,113.0472,-1
cover,113.0738,0,0,0,0
nearest,113.0738,-1
cover,113.0992,0,0,0,0
nearest,113.0992,-1
cover,113.1284,0,0,0,0
nearest,113.1285,-1
cover,113.1582,0,0,0,0
nearest,113.1582,-1
cover,113.187,0,0,0,0
nearest,113.187,-1
cover,113.2184,0,0,0,0
nearest,113.2184,-1
cover,113.2521,0,0,0,0
nearest,113.2521,-1
cover,113.282,0,0,0,0
nearest,113.2821,-1
cover,113.3116,0,0,0,0
nearest,113.3116,-1
cover,113.3414,0,0,0,0
nearest,113.3415,-1
cover,113.3669,0,0,0,0
nearest,113.3669,-1
cover,113.4012,0,0,0,0
nearest,113.4012,-1
cover,113.4365,0,0,0,0
nearest,113.4366,-1
cover,113.4745,0,0,0,0
nearest,113.4745,-1
cover,113.5129,0,0,0,0
nearest,113.5129,-1
cover,113.5526,0,0,0,0
nearest,113.5526,-1
cover,113.5926,0,0,0,0
nearest,113.5927,-1
cover,113.6232,0,0,0,0
nearest,113.6232,-1
cover,113.6488,0,0,0,0
nearest,113.6489,-1
cover,113.6785,0,0,0,0
nearest,113.6785,-1
cover,113.7075,0,0,0,0
nearest,113.7075,-1
cover,113.7316,0,0,0,0
nearest,113.7317,-1
cover,113.7573,0,0,0,0
nearest,113.7573,-1
cover,113.7813,0,0,0,0
nearest,113.7814,-1
cover,113.8106,0,0,0,0
nearest,113.8107,-1
cover,113.8405,0,0,0,0
nearest,113.8405,-1
cover,113.8651,0,0,0,0
nearest,113.8652,-1
cover,113.8977,0,0,0,0
nearest,113.8977,-1
cover,113.9273,0,0,0,0
nearest,113.9273,-1
cover,113.9574,0,0,0,0
nearest,113.9574,-1
cover,113.9804,0,0,0,0
nearest,113.9805,-1
cover,114.0075,0,0,0,0
nearest,114.0075,-1
cover,114.0295,0,0,0,0
nearest,114.0295,-1
cover,114.0581,0,0,0,0
nearest,114.0581,-1
cover,114.0832,0,0,0,0
nearest,114.0832,-1
cover,114.1116,0,0,0,0
nearest,114.1117,-1
cover,114.1402,0,0,0,0
nearest,114.1402,-1
cover,114.1673,0,0,0,0
nearest,114.1673,-1
cover,114.1973,0,0,0,0
nearest,114.1973,-1
cover,114.2238,0,0,0,0
nearest,114.2239,-1
cover,114.2483,0,0,0,0
nearest,114.2484,-1
cover,114.2753,0,0,0,0
nearest,114.2753,-1
cover,114.3061,0,0,0,0
nearest,114.3061,-1
cover,114.3316,0,0,0,0
nearest,114.3316,-1
cover,114.3635,0,0,0,0
nearest,114.3635,-1
cover,114.3934,0,0,0,0
nearest,114.3934,-1
cover,114.4168,0,0,0,0
nearest,114.4168,-1
cover,114.4451,0,0,0,0
nearest,114.4452,-1
cover,114.4738,0,0,0,0
nearest,114.4738,-1
cover,114.4999,0,0,0,0
nearest,114.5,-1
cover,114.5265,0,0,0,0
nearest,114.5266,-1
cover,114.552,0,0,0,0
nearest,114.552,-1
cover,114.5801,0,0,0,0
nearest,114.5801,-1
cover,114.6086,0,0,0,0
nearest,114.6086,-1
cover,114.6337,0,0,0,0
nearest,114.6337,-1
cover,114.6621,0,0,0,0
nearest,114.6622,-1
cover,114.6958,0,0,0,0
nearest,114.6958,-1
cover,114.7274,0,0,0,0
nearest,114.7275,-1
cover,114.7547,0,0,0,0
nearest,114.7547,-1
cover,114.7864,0,0,0,0
nearest,114.7865,-1
cover,114.8159,0,0,0,0
nearest,114.816,-1
cover,114.843,0,0,0,0
nearest,114.843,-1
cover,114.8686,0,0,0,0
nearest,114.8686,-1
cover,114.8963,0,0,0,0
nearest,114.8964,-1
cover,114.9277,0,0,0,0
nearest,114.9277,-1
cover,114.9618,0,0,0,0
nearest,114.9618,-1
cover,114.9947,0,0,0,0
nearest,114.9948,-1
cover,115.0203,0,0,0,0
nearest,115.0203,-1
cover,115.051,0,0,0,0
nearest,115.051,-1
cover,115.0819,0,0,0,0
nearest,115.0819,-1
cover,115.1102,0,0,0,0
nearest,115.1102,-1
cover,115.1341,0,0,0,0
nearest,115.1341,-1
cover,115.161,0,0,0,0
nearest,115.161,-1
cover,115.1887,0,0,0,0
nearest,115.1887,-1
cover,115.2234,0,0,0,0
nearest,115.2234,-1
cover,115.2631,0,0,0,0
nearest,115.2632,-1
cover,115.2957,0,0,0,0
nearest,115.2958,-1
cover,115.325,0,0,0,0
nearest,115.325,-1
cover,115.3559,0,0,0,0
nearest,115.3559,-1
cover,115.3844,0,0,0,0
nearest,115.3844,-1
cover,115.4123,0,0,0,0
nearest,115.4124,-1
cover,115.4386,0,0,0,0
nearest,115.4386,-1
cover,115.4689,0,0,0,0
nearest,115.469,-1
cover,115.5024,0,0,0,0
nearest,115.5024,-1
cover,115.5334,0,0,0,0
nearest,115.5334,-1
cover,115.5617,0,0,0,0
nearest,115.5617,-1
cover,115.5883,0,0,0,0
nearest,115.5884,-1
cover,115.6172,0,0,0,0
nearest,115.6173,-1
cover,115.644,0,0,0,0
nearest,115.644,-1
cover,115.6697,0,0,0,0
nearest,115.6697,-1
cover,115.7017,0,0,0,0
nearest,115.7017,-1
cover,115.7324,0,0,0,0
nearest,115.7324,-1
cover,115.7582,0,0,0,0
nearest,115.7582,-1
cover,115.7908,0,0,0,0
nearest,115.7909,-1
cover,115.8259,0,0,0,0
nearest,115.8259,-1
cover,115.8628,0,0,0,0
nearest,115.8628,-1
cover,115.9003,0,0,0,0
nearest,115.9003,-1
cover,115.9313,0,0,0,0
nearest,115.9313,-1
cover,115.9629,0,0,0,0
nearest,115.963,-1
cover,115.9885,0,0,0,0
nearest,115.9885,-1
cover,116.0186,0,0,0,0
nearest,116.0187,-1
cover,116.0473,0,0,0,0
nearest,116.0473,-1
cover,116.0748,0,0,0,0
nearest,116.0749,-1
cover,116.1131,1,0,1,0
nearest,116.1131,-1
cover,116.1468,0,0,0,0
nearest,116.1469,-1
cover,116.1744,0,0,0,0
nearest,116.1744,-1
cover,116.2034,0,0,0,0
nearest,116.2034,-1
cover,116.2329,0,0,0,0
nearest,116.2329,-1
cover,116.2639,0,0,0,0
nearest,116.264,-1
cover,116.3003,0,0,0,0
nearest,116.3003,-1
cover,116.3342,0,0,0,0
nearest,116.3342,-1
cover,116.3656,0,0,0,0
nearest,116.3656,-1
cover,116.3967,0,0,0,0
nearest,116.3967,-1
cover,116.4394,0,0,0,0
nearest,116.4394,-1
cover,116.4725,0,0,0,0
nearest,116.4725,-1
cover,116.5077,0,0,0,0
nearest,116.5077,-1
cover,116.5414,0,0,0,0
nearest,116.5414,-1
cover,116.5728,0,0,0,0
nearest,116.5729,-1
cover,116.6044,0,0,0,0
nearest,116.6044,-1
cover,116.6369,0,0,0,0
nearest,116.6369,-1
cover,116.6664,0,0,0,0
nearest,116.6664,-1
cover,116.6962,0,0,0,0
nearest,116.6962,-1
cover,116.7282,0,0,0,0
nearest,116.7282,-1
cover,116.7585,0,0,0,0
nearest,116.7585,-1
cover,116.7937,0,0,0,0
nearest,116.7937,-1
cover,116.8284,0,0,0,0
nearest,116.8285,-1
cover,116.8626,0,0,0,0
nearest,116.8626,-1
cover,116.8994,0,0,0,0
nearest,116.8994,-1
cover,116.9359,0,0,0,0
nearest,116.9359,-1
cover,116.9634,0,0,0,0
nearest,116.9634,-1
cover,116.995,0,0,0,0
nearest,116.995,-1
cover,117.0268,0,0,0,0
nearest,117.0268,-1
cover,117.0638,0,0,0,0
nearest,117.0638,-1
cover,117.0948,0,0,0,0
nearest,117.0948,-1
cover,117.1252,0,0,0,0
nearest,117.1252,-1
cover,117.1571,0,0,0,0
nearest,117.1571,-1
cover,117.1877,0,0,0,0
nearest,117.1877,-1
cover,117.2214,0,0,0,0
nearest,117.2214,-1
cover,117.2566,0,0,0,0
nearest,117.2567,-1
cover,117.2882,0,0,0,0
nearest,117.2882,-1
cover,117.3227,0,0,0,0
nearest,117.3227,-1
cover,117.3546,0,0,0,0
nearest,117.3547,-1
cover,117.3888,0,0,0,0
nearest,117.3888,-1
cover,117.4441,1,0,1,0
nearest,117.4441,-1
cover,117.4762,1,0,1,0
nearest,117.4762,-1
cover,117.509,1,0,1,0
nearest,117.5091,-1
cover,117.5431,1,0,1,0
nearest,117.5431,-1
cover,117.571,1,0,1,0
nearest,117.571,-1
cover,117.6028,1,0,1,0
nearest,117.6028,-1
cover,117.6362,1,0,1,0
nearest,117.6362,-1
cover,117.6676,1,0,1,0
nearest,117.6676,-1
cover,117.6999,1,0,1,0
nearest,117.6999,-1
cover,117.7344,1,0,1,0
nearest,117.7344,-1
cover,117.7644,1,0,1,0
nearest,117.7644,-1
cover,117.8037,1,0,1,0
nearest,117.8037,-1
cover,117.8389,1,0,1,0
nearest,117.8389,-1
cover,117.8688,1,0,1,0
nearest,117.8688,-1
cover,117.8959,1,0,1,0
nearest,117.896,-1
cover,117.9251,1,0,1,0
nearest,117.9251,-1
cover,117.9578,0,0,0,0
nearest,117.9578,-1
cover,117.989,0,0,0,0
nearest,117.989,-1
cover,118.0196,1,0,1,0
nearest,118.0197,-1
cover,118.0492,1,0,1,0
nearest,118.0493,-1
cover,118.0752,1,0,1,0
nearest,118.0752,-1
cover,118.1032,1,0,1,0
nearest,118.1033,-1
cover,118.138,1,0,1,0
nearest,118.138,-1
cover,118.1734,1,0,1,0
nearest,118.1734,-1
cover,118.2088,1,0,1,0
nearest,118.2088,-1
cover,118.2589,1,0,1,0
nearest,118.2589,-1
cover,118.407,0,0,0,0
nearest,118.4071,-1
cover,118.4421,0,0,0,0
nearest,118.4421,-1
cover,118.4741,0,0,0,0
nearest,118.4741,-1
cover,118.5076,0,0,0,0
nearest,118.5076,-1
cover,118.5389,0,0,0,0
nearest,118.5389,-1
cover,118.5718,0,0,0,0
nearest,118.5718,-1
cover,118.6078,0,0,0,0
nearest,118.6078,-1
cover,118.6401,0,0,0,0
nearest,118.6401,-1
cover,118.6726,0,0,0,0
nearest,118.6726,-1
cover,118.7065,0,0,0,0
nearest,118.7065,-1
cover,118.7378,0,0,0,0
nearest,118.7378,-1
cover,118.7716,0,0,0,0
nearest,118.7716,-1
cover,118.8112,0,0,0,0
nearest,118.8112,-1
cover,118.8447,0,0,0,0
nearest,118.8447,-1
cover,118.8798,0,0,0,0
nearest,118.8799,-1
cover,118.9162,0,0,0,0
nearest,118.9162,-1
cover,118.9547,0,0,0,0
nearest,118.9548,-1
cover,118.991,0,0,0,0
nearest,118.991,-1
cover,119.0431,0,0,0,0
nearest,119.0431,-1
cover,119.0798,0,0,0,0
nearest,119.0799,-1
cover,119.112,0,0,0,0
nearest,119.112,-1
cover,119.1429,0,0,0,0
nearest,119.1429,-1
cover,119.1727,0,0,0,0
nearest,119.1727,-1
cover,119.2062,0,0,0,0
nearest,119.2062,-1
cover,119.238,0,0,0,0
nearest,119.238,-1
cover,119.2706,0,0,0,0
nearest,119.2707,-1
cover,119.3072,0,0,0,0
nearest,119.3072,-1
cover,119.3424,0,0,0,0
nearest,119.3425,-1
cover,119.3791,0,0,0,0
nearest,119.3791,-1
cover,119.4143,0,0,0,0
nearest,119.4143,-1
cover,119.4459,0,0,0,0
nearest,119.4459,-1
cover,119.4792,0,0,0,0
nearest,119.4792,-1
cover,119.5152,0,0,0,0
nearest,119.5152,-1
cover,119.5495,0,0,0,0
nearest,119.5495,-1
cover,119.5845,0,0,0,0
nearest,119.5845,-1
cover,119.6185,0,0,0,0
nearest,119.6186,-1
cover,119.6516,0,0,0,0
nearest,119.6516,-1
cover,119.6905,0,0,0,0
nearest,119.6906,-1
cover,119.7435,0,0,0,0
nearest,119.7435,-1
cover,119.7843,0,0,0,0
nearest,119.7843,-1
cover,119.8218,0,0,0,0
nearest,119.8218,-1
cover,119.8591,0,0,0,0
nearest,119.8592,-1
cover,119.9004,0,0,0,0
nearest,119.9004,-1
cover,119.9383,0,0,0,0
nearest,119.9383,-1
cover,119.9743,0,0,0,0
nearest,119.9744,-1
cover,120.0078,0,0,0,0
nearest,120.0078,-1
cover,120.0407,0,0,0,0
nearest,120.0407,-1
cover,120.0735,0,0,0,0
nearest,120.0735,-1
cover,120.1055,0,0,0,0
nearest,120.1055,-1
cover,120.1399,0,0,0,0
nearest,120.1399,-1
cover,120.173,0,0,0,0
nearest,120.173,-1
cover,120.2064,0,0,0,0
nearest,120.2064,-1
cover,120.2386,0,0,0,0
nearest,120.2387,-1
cover,120.2748,0,0,0,0
nearest,120.2749,-1
cover,120.3068,0,0,0,0
nearest,120.3068,-1
cover,120.3406,0,0,0,0
nearest,120.3407,-1
cover,120.3743,0,0,0,0
nearest,120.3743,-1
cover,120.4084,0,0,0,0
nearest,120.4084,-1
cover,120.4396,0,0,0,0
nearest,120.4396,-1
cover,120.4723,0,0,0,0
nearest,120.4723,-1
cover,120.5054,0,0,0,0
nearest,120.5055,-1
cover,120.5372,0,0,0,0
nearest,120.5372,-1
cover,120.5738,0,0,0,0
nearest,120.5738,-1
cover,120.6068,0,0,0,0
nearest,120.6068,-1
cover,120.6378,0,0,0,0
nearest,120.6378,-1
cover,120.6715,0,0,0,0
nearest,120.6715,-1
cover,120.704,0,0,0,0
nearest,120.7041,-1
cover,120.739,0,0,0,0
nearest,120.739,-1
cover,120.7705,0,0,0,0
nearest,120.7705,-1
cover,120.8031,0,0,0,0
nearest,120.8032,-1
cover,120.8391,0,0,0,0
nearest,120.8391,-1
cover,120.8742,0,0,0,0
nearest,120.8742,-1
cover,120.9153,0,0,0,0
nearest,120.9153,-1
cover,120.9515,0,0,0,0
nearest,120.9515,-1
cover,120.9851,0,0,0,0
nearest,120.9854,-1
cover,121.019,0,0,0,0
nearest,121.0191,-1
cover,121.0538,0,0,0,0
nearest,121.0539,-1
cover,121.0884,0,0,0,0
nearest,121.0884,-1
cover,121.12,0,0,0,0
nearest,121.12,-1
cover,121.1532,0,0,0,0
nearest,121.1533,-1
cover,121.1913,0,0,0,0
nearest,121.1913,-1
cover,121.227,0,0,0,0
nearest,121.227,-1
cover,121.2611,0,0,0,0
nearest,121.2612,-1
cover,121.294,0,0,0,0
nearest,121.294,-1
cover,121.3273,0,0,0,0
nearest,121.3273,-1
cover,121.3602,0,0,0,0
nearest,121.3602,-1
cover,121.3946,0,0,0,0
nearest,121.3946,-1
cover,121.4316,0,0,0,0
nearest,121.4316,-1
cover,121.4633,0,0,0,0
nearest,121.4634,-1
cover,121.4967,0,0,0,0
nearest,121.4967,-1
cover,121.5369,0,0,0,0
nearest,121.5369,-1
cover,121.5725,0,0,0,0
nearest,121.5725,-1
cover,121.6068,0,0,0,0
nearest,121.6068,-1
cover,121.6386,0,0,0,0
nearest,121.6386,-1
cover,121.6717,0,0,0,0
nearest,121.6717,-1
cover,121.7059,0,0,0,0
nearest,121.7059,-1
cover,121.7399,0,0,0,0
nearest,121.7399,-1
cover,121.7727,0,0,0,0
nearest,121.7727,-1
cover,121.8069,0,0,0,0
nearest,121.8069,-1
cover,121.8379,0,0,0,0
nearest,121.838,-1
cover,121.8741,0,0,0,0
nearest,121.8741,-1
cover,121.9065,0,0,0,0
nearest,121.9065,-1
cover,121.9357,0,0,0,0
nearest,121.9358,-1
cover,121.9735,0,0,0,0
nearest,121.9735,-1
cover,122.0063,0,0,0,0
nearest,122.0063,-1
cover,122.0378,0,0,0,0
nearest,122.0378,-1
cover,122.0711,0,0,0,0
nearest,122.0711,-1
cover,122.106,0,0,0,0
nearest,122.106,-1
cover,122.1398,0,0,0,0
nearest,122.1398,-1
cover,122.1749,0,0,0,0
nearest,122.1749,-1
cover,122.2057,0,0,0,0
nearest,122.2057,-1
cover,122.2375,0,0,0,0
nearest,122.2375,-1
cover,122.2685,0,0,0,0
nearest,122.2685,-1
cover,122.3041,0,0,0,0
nearest,122.3041,-1
cover,122.3373,0,0,0,0
nearest,122.3373,-1
cover,122.3701,0,0,0,0
nearest,122.3701,-1
cover,122.4022,0,0,0,0
nearest,122.4022,-1
cover,122.4381,0,0,0,0
nearest,122.4382,-1
cover,122.4744,0,0,0,0
nearest,122.4744,-1
cover,122.5058,0,0,0,0
nearest,122.5058,-1
cover,122.5409,0,0,0,0
nearest,122.541,-1
cover,122.5738,0,0,0,0
nearest,122.5738,-1
cover,122.606,0,0,0,0
nearest,122.606,-1
cover,122.6414,0,0,0,0
nearest,122.6415,-1
cover,122.6734,0,0,0,0
nearest,122.6735,-1
cover,122.7062,0,0,0,0
nearest,122.7062,-1
cover,122.7402,0,0,0,0
nearest,122.7402,-1
cover,122.7739,0,0,0,0
nearest,122.7739,-1
cover,122.807,0,0,0,0
nearest,122.807,-1
cover,122.8396,0,0,0,0
nearest,122.8397,-1
cover,122.8735,0,0,0,0
nearest,122.8735,-1
cover,122.9164,0,0,0,0
nearest,122.9165,-1
cover,122.9641,0,0,0,0
nearest,122.9641,-1
cover,123.0075,0,0,0,0
nearest,123.0075,-1
cover,123.0395,0,0,0,0
nearest,123.0395,-1
cover,123.0814,0,0,0,0
nearest,123.0814,-1
cover,123.1228,0,0,0,0
nearest,123.1228,-1
cover,123.1528,0,0,0,0
nearest,123.1528,-1
cover,123.1879,0,0,0,0
nearest,123.188,-1
cover,123.2213,0,0,0,0
nearest,123.2213,-1
cover,123.25,0,0,0,0
nearest,123.25,-1
cover,123.2816,0,0,0,0
nearest,123.2816,-1
cover,123.3108,0,0,0,0
nearest,123.3108,-1
cover,123.3432,0,0,0,0
nearest,123.3432,-1
cover,123.3745,0,0,0,0
nearest,123.3745,-1
cover,123.4058,0,0,0,0
nearest,123.4058,-1
cover,123.4394,0,0,0,0
nearest,123.4394,-1
cover,123.4739,0,0,0,0
nearest,123.4739,-1
cover,123.5057,0,0,0,0
nearest,123.5057,-1
cover,123.5389,0,0,0,0
nearest,123.5389,-1
cover,123.5728,0,0,0,0
nearest,123.5728,-1
cover,123.6083,0,0,0,0
nearest,123.6083,-1
cover,123.6423,0,0,0,0
nearest,123.6423,-1
cover,123.677,0,0,0,0
nearest,123.677,-1
cover,123.7097,0,0,0,0
nearest,123.7097,-1
cover,123.7424,0,0,0,0
nearest,123.7425,-1
cover,123.7744,0,0,0,0
nearest,123.7744,-1
cover,123.8054,0,0,0,0
nearest,123.8054,-1
cover,123.8381,0,0,0,0
nearest,123.8381,-1
cover,123.873,0,0,0,0
nearest,123.873,-1
cover,123.9085,0,0,0,0
nearest,123.9086,-1
cover,123.9415,0,0,0,0
nearest,123.9415,-1
cover,123.9763,0,0,0,0
nearest,123.9763,-1
cover,124.0074,0,0,0,0
nearest,124.0074,-1
cover,124.0422,0,0,0,0
nearest,124.0422,-1
cover,124.0748,0,0,0,0
nearest,124.0748,-1
cover,124.1083,0,0,0,0
nearest,124.1083,-1
cover,124.142,0,0,0,0
nearest,124.142,-1
cover,124.1748,0,0,0,0
nearest,124.1748,-1
cover,124.2068,0,0,0,0
nearest,124.2068,-1
cover,124.241,0,0,0,0
nearest,124.241,-1
cover,124.2777,0,0,0,0
nearest,124.2777,-1
cover,124.3107,0,0,0,0
nearest,124.3108,-1
cover,124.3462,0,0,0,0
nearest,124.3462,-1
cover,124.3789,0,0,0,0
nearest,124.3789,-1
cover,124.4126,0,0,0,0
nearest,124.4126,-1
cover,124.4496,0,0,0,0
nearest,124.4496,-1
cover,124.4838,0,0,0,0
nearest,124.4838,-1
cover,124.5182,0,0,0,0
nearest,124.5182,-1
cover,124.5535,0,0,0,0
nearest,124.5535,-1
cover,124.586,0,0,0,0
nearest,124.586,-1
cover,124.6194,0,0,0,0
nearest,124.6194,-1
cover,124.6534,0,0,0,0
nearest,124.6534,-1
cover,124.6878,0,0,0,0
nearest,124.6879,-1
cover,124.72,0,0,0,0
nearest,124.7201,-1
cover,124.7618,0,0,0,0
nearest,124.7619,-1
cover,124.795,0,0,0,0
nearest,124.795,-1
cover,124.8319,0,0,0,0
nearest,124.832,-1
cover,124.8678,0,0,0,0
nearest,124.8679,-1
cover,124.9037,0,0,0,0
nearest,124.9037,-1
cover,124.9411,0,0,0,0
nearest,124.9411,-1
cover,124.9749,0,0,0,0
nearest,124.9749,-1
cover,125.0095,0,0,0,0
nearest,125.0096,-1
cover,125.0416,0,0,0,0
nearest,125.0416,-1
cover,125.0751,0,0,0,0
nearest,125.0752,-1
cover,125.1077,0,0,0,0
nearest,125.1078,-1
cover,125.1401,0,0,0,0
nearest,125.1401,-1
cover,125.1739,0,0,0,0
nearest,125.1739,-1
cover,125.2082,0,0,0,0
nearest,125.2082,-1
cover,125.2416,0,0,0,0
nearest,125.2416,-1
cover,125.2756,0,0,0,0
nearest,125.2757,-1
cover,125.3076,0,0,0,0
nearest,125.3077,-1
cover,125.3409,0,0,0,0
nearest,125.3409,-1
cover,125.3752,0,0,0,0
nearest,125.3752,-1
cover,125.4089,0,0,0,0
nearest,125.4089,-1
cover,125.4434,0,0,0,0
nearest,125.4434,-1
cover,125.4751,0,0,0,0
nearest,125.4751,-1
cover,125.5067,0,0,0,0
nearest,125.5068,-1
cover,125.5373,0,0,0,0
nearest,125.5373,-1
cover,125.57,0,0,0,0
nearest,125.57,-1
cover,125.6019,0,0,0,0
nearest,125.6019,-1
cover,125.642,0,0,0,0
nearest,125.642,-1
cover,125.6759,0,0,0,0
nearest,125.6759,-1
cover,125.7073,0,0,0,0
nearest,125.7073,-1
cover,125.7414,0,0,0,0
nearest,125.7415,-1
cover,125.774,0,0,0,0
nearest,125.774,-1
cover,125.8073,0,0,0,0
nearest,125.8073,-1
cover,125.8414,0,0,0,0
nearest,125.8414,-1
cover,125.8743,0,0,0,0
nearest,125.8743,-1
cover,125.9102,0,0,0,0
nearest,125.9103,-1
cover,125.941,0,0,0,0
nearest,125.941,-1
cover,125.9734,0,0,0,0
nearest,125.9735,-1
cover,126.0052,0,0,0,0
nearest,126.0052,-1
cover,126.0401,0,0,0,0
nearest,126.0401,-1
cover,126.0749,0,0,0,0
nearest,126.0749,-1
cover,126.1084,0,0,0,0
nearest,126.1084,-1
cover,126.1409,0,0,0,0
nearest,126.141,-1
cover,126.1724,0,0,0,0
nearest,126.1724,-1
cover,126.2077,0,0,0,0
nearest,126.2077,-1
cover,126.242,0,0,0,0
nearest,126.242,-1
cover,126.2733,0,0,0,0
nearest,126.2733,-1
cover,126.3077,0,0,0,0
nearest,126.3077,-1
cover,126.3398,0,0,0,0
nearest,126.3398,-1
cover,126.3727,0,0,0,0
nearest,126.3727,-1
cover,126.4087,0,0,0,0
nearest,126.4087,-1
cover,126.4406,0,0,0,0
nearest,126.4406,-1
cover,126.4778,0,0,0,0
nearest,126.4778,-1
cover,126.5138,0,0,0,0
nearest,126.5138,-1
cover,126.546,0,0,0,0
nearest,126.5461,-1
cover,126.5756,0,0,0,0
nearest,126.5756,-1
cover,126.6091,0,0,0,0
nearest,126.6091,-1
cover,126.6391,0,0,0,0
nearest,126.6391,-1
cover,126.6685,0,0,0,0
nearest,126.6686,-1
cover,126.7104,0,0,0,0
nearest,126.7104,-1
cover,126.7415,0,0,0,0
nearest,126.7415,-1
cover,126.7735,0,0,0,0
nearest,126.7735,-1
cover,126.807,0,0,0,0
nearest,126.8071,-1
cover,126.8402,0,0,0,0
nearest,126.8402,-1
cover,126.8736,0,0,0,0
nearest,126.8737,-1
cover,126.9041,0,0,0,0
nearest,126.9041,-1
cover,126.9402,0,0,0,0
nearest,126.9403,-1
cover,126.973,0,0,0,0
nearest,126.973,-1
cover,127.0032,0,0,0,0
nearest,127.0032,-1
cover,127.0334,0,0,0,0
nearest,127.0334,-1
cover,127.0666,0,0,0,0
nearest,127.0666,-1
cover,127.0998,0,0,0,0
nearest,127.0999,-1
cover,127.1326,0,0,0,0
nearest,127.1326,-1
cover,127.164,0,0,0,0
nearest,127.164,-1
cover,127.1945,0,0,0,0
nearest,127.1945,-1
cover,127.2273,0,0,0,0
nearest,127.2273,-1
cover,127.2606,0,0,0,0
nearest,127.2606,-1
cover,127.2926,0,0,0,0
nearest,127.2927,-1
cover,127.3239,0,0,0,0
nearest,127.3239,-1
cover,127.3571,0,0,0,0
nearest,127.3572,-1
cover,127.3885,0,0,0,0
nearest,127.3886,-1
cover,127.4219,0,0,0,0
nearest,127.4219,-1
cover,127.4576,0,0,0,0
nearest,127.4576,-1
cover,127.4875,0,0,0,0
nearest,127.4875,-1
cover,127.5198,0,0,0,0
nearest,127.5199,-1
cover,127.5529,0,0,0,0
nearest,127.5529,-1
cover,127.5842,0,0,0,0
nearest,127.5843,-1
cover,127.6157,0,0,0,0
nearest,127.6157,-1
cover,127.6491,0,0,0,0
nearest,127.6492,-1
cover,127.6827,0,0,0,0
nearest,127.6827,-1
cover,127.7126,0,0,0,0
nearest,127.7127,-1
cover,127.7454,0,0,0,0
nearest,127.7454,-1
cover,127.7818,0,0,0,0
nearest,127.7818,-1
cover,127.8153,0,0,0,0
nearest,127.8153,-1
cover,127.8475,0,0,0,0
nearest,127.8476,-1
cover,127.8786,0,0,0,0
nearest,127.8786,-1
cover,127.9104,0,0,0,0
nearest,127.9105,-1
cover,127.9421,0,0,0,0
nearest,127.9422,-1
cover,127.9765,0,0,0,0
nearest,127.9765,-1
cover,128.0102,0,0,0,0
nearest,128.0102,-1
cover,128.0429,0,0,0,0
nearest,128.0429,-1
cover,128.074,0,0,0,0
nearest,128.0742,-1
cover,128.12,0,0,0,0
nearest,128.12,-1
cover,128.152,0,0,0,0
nearest,128.152,-1
cover,128.1837,0,0,0,0
nearest,128.1837,-1
cover,128.2162,0,0,0,0
nearest,128.2163,-1
cover,128.248,0,0,0,0
nearest,128.248,-1
cover,128.2799,0,0,0,0
nearest,128.2799,-1
cover,128.3087,0,0,0,0
nearest,128.3087,-1
cover,128.3388,0,0,0,0
nearest,128.3388,-1
cover,128.373,0,0,0,0
nearest,128.3731,-1
cover,128.4075,0,0,0,0
nearest,128.4075,-1
cover,128.4419,0,0,0,0
nearest,128.4419,-1
cover,128.4728,0,0,0,0
nearest,128.4728,-1
cover,128.5028,0,0,0,0
nearest,128.5028,-1
cover,128.5379,0,0,0,0
nearest,128.5379,-1
cover,128.5776,0,0,0,0
nearest,128.5777,-1
cover,128.6098,0,0,0,0
nearest,128.6098,-1
cover,128.6404,0,0,0,0
nearest,128.6404,-1
cover,128.6736,0,0,0,0
nearest,128.6736,-1
cover,128.7108,0,0,0,0
nearest,128.7108,-1
cover,128.7937,0,0,0,0
nearest,128.7937,-1
cover,128.8328,0,0,0,0
nearest,128.8328,-1
cover,128.8674,0,0,0,0
nearest,128.8675,-1
cover,128.9056,0,0,0,0
nearest,128.9056,-1
cover,128.9391,0,0,0,0
nearest,128.9391,-1
cover,128.9764,0,0,0,0
nearest,128.9764,-1
cover,129.0088,0,0,0,0
nearest,129.0088,-1
cover,129.0409,0,0,0,0
nearest,129.041,-1
cover,129.0735,0,0,0,0
nearest,129.0735,-1
cover,129.1088,0,0,0,0
nearest,129.1088,-1
cover,129.1411,0,0,0,0
nearest,129.1411,-1
cover,129.172,0,0,0,0
nearest,129.172,-1
cover,129.205,0,0,0,0
nearest,129.205,-1
cover,129.2396,0,0,0,0
nearest,129.2396,-1
cover,129.275,0,0,0,0
nearest,129.2751,-1
cover,129.3083,0,0,0,0
nearest,129.3084,-1
cover,129.3425,0,0,0,0
nearest,129.3425,-1
cover,129.3737,0,0,0,0
nearest,129.3737,-1
cover,129.4103,0,0,0,0
nearest,129.4103,-1
cover,129.4411,0,0,0,0
nearest,129.4411,-1
cover,129.4751,0,0,0,0
nearest,129.4751,-1
cover,129.5068,0,0,0,0
nearest,129.5069,-1
cover,129.5342,0,0,0,0
nearest,129.5343,-1
cover,129.5711,0,0,0,0
nearest,129.5711,-1
cover,129.6004,0,0,0,0
nearest,129.6004,-1
cover,129.6335,0,0,0,0
nearest,129.6336,-1
cover,129.6678,0,0,0,0
nearest,129.6678,-1
cover,129.7004,0,0,0,0
nearest,129.7005,-1
cover,129.7322,0,0,0,0
nearest,129.7322,-1
cover,129.7631,0,0,0,0
nearest,129.7632,-1
cover,129.7934,0,0,0,0
nearest,129.7934,-1
cover,129.8266,0,0,0,0
nearest,129.8267,-1
cover,129.8608,0,0,0,0
nearest,129.8608,-1
cover,129.8911,0,0,0,0
nearest,129.8911,-1
cover,129.9285,0,0,0,0
nearest,129.9285,-1
cover,129.9607,0,0,0,0
nearest,129.9607,-1
cover,129.9927,0,0,0,0
nearest,129.9927,-1
cover,130.0259,0,0,0,0
nearest,130.026,-1
cover,130.0583,0,0,0,0
nearest,130.0584,-1
cover,130.0913,0,0,0,0
nearest,130.0913,-1
cover,130.1245,0,0,0,0
nearest,130.1246,-1
cover,130.1533,0,0,0,0
nearest,130.1533,-1
cover,130.1826,0,0,0,0
nearest,130.1826,-1
cover,130.2148,0,0,0,0
nearest,130.2148,-1
cover,130.2462,0,0,0,0
nearest,130.2462,-1
cover,130.2768,0,0,0,0
nearest,130.2768,-1
cover,130.308,0,0,0,0
nearest,130.308,-1
cover,130.3332,0,0,0,0
nearest,130.3332,-1
cover,130.3641,0,0,0,0
nearest,130.3641,-1
cover,130.3935,0,0,0,0
nearest,130.3935,-1
cover,130.4274,0,0,0,0
nearest,130.4274,-1
cover,130.4626,0,0,0,0
nearest,130.4627,-1
cover,130.4945,0,0,0,0
nearest,130.4946,-1
cover,130.5252,0,0,0,0
nearest,130.5252,-1
cover,130.5593,0,0,0,0
nearest,130.5593,-1
cover,130.5939,0,0,0,0
nearest,130.594,-1
cover,130.6241,0,0,0,0
nearest,130.6241,-1
cover,130.6557,0,0,0,0
nearest,130.6557,-1
cover,130.687,0,0,0,0
nearest,130.687,-1
cover,130.7157,0,0,0,0
nearest,130.7158,-1
cover,130.748,0,0,0,0
nearest,130.748,-1
cover,130.7784,0,0,0,0
nearest,130.7784,-1
cover,130.8081,0,0,0,0
nearest,130.8081,-1
cover,130.8412,0,0,0,0
nearest,130.8412,-1
cover,130.8742,0,0,0,0
nearest,130.8743,-1
cover,130.906,0,0,0,0
nearest,130.906,-1
cover,130.9376,0,0,0,0
nearest,130.9376,-1
cover,130.9703,0,0,0,0
nearest,130.9703,-1
cover,131.005,0,0,0,0
nearest,131.005,-1
cover,131.0418,0,0,0,0
nearest,131.0418,-1
cover,131.0735,0,0,0,0
nearest,131.0735,-1
cover,131.1033,0,0,0,0
nearest,131.1033,-1
cover,131.1371,0,0,0,0
nearest,131.1372,-1
cover,131.1733,0,0,0,0
nearest,131.1733,-1
cover,131.2065,0,0,0,0
nearest,131.2065,-1
cover,131.2324,0,0,0,0
nearest,131.2324,-1
cover,131.2633,0,0,0,0
nearest,131.2634,-1
cover,131.295,0,0,0,0
nearest,131.295,-1
cover,131.3274,0,0,0,0
nearest,131.3275,-1
cover,131.3606,0,0,0,0
nearest,131.3606,-1
cover,131.395,0,0,0,0
nearest,131.395,-1
cover,131.4264,0,0,0,0
nearest,131.4264,-1
cover,131.4597,0,0,0,0
nearest,131.4597,-1
cover,131.4909,0,0,0,0
nearest,131.4909,-1
cover,131.521,0,0,0,0
nearest,131.521,-1
cover,131.5537,0,0,0,0
nearest,131.5538,-1
cover,131.5861,0,0,0,0
nearest,131.5861,-1
cover,131.6186,0,0,0,0
nearest,131.6186,-1
cover,131.6498,0,0,0,0
nearest,131.6498,-1
cover,131.6817,0,0,0,0
nearest,131.6817,-1
cover,131.7123,0,0,0,0
nearest,131.7123,-1
cover,131.7429,0,0,0,0
nearest,131.7429,-1
cover,131.7737,0,0,0,0
nearest,131.7737,-1
cover,131.8072,0,0,0,0
nearest,131.8073,-1
cover,131.8396,0,0,0,0
nearest,131.8396,-1
cover,131.8724,0,0,0,0
nearest,131.8724,-1
cover,131.9085,0,0,0,0
nearest,131.9085,-1
cover,131.9408,0,0,0,0
nearest,131.9408,-1
cover,131.9727,0,0,0,0
nearest,131.9727,-1
cover,132.0072,0,0,0,0
nearest,132.0072,-1
cover,132.0389,0,0,0,0
nearest,132.039,-1
cover,132.0709,0,0,0,0
nearest,132.0709,-1
cover,132.1017,0,0,0,0
nearest,132.1017,-1
cover,132.1398,0,0,0,0
nearest,132.1398,-1
cover,132.1723,0,0,0,0
nearest,132.1723,-1
cover,132.2003,0,0,0,0
nearest,132.2003,-1
cover,132.2317,0,0,0,0
nearest,132.2317,-1
cover,132.2669,0,0,0,0
nearest,132.2669,-1
cover,132.2993,0,0,0,0
nearest,132.2993,-1
cover,132.333,0,0,0,0
nearest,132.3331,-1
cover,132.3636,0,0,0,0
nearest,132.3636,-1
cover,132.398,0,0,0,0
nearest,132.398,-1
cover,132.4307,0,0,0,0
nearest,132.4308,-1
cover,132.4653,0,0,0,0
nearest,132.4653,-1
cover,132.4991,0,0,0,0
nearest,132.4991,-1
cover,132.5293,0,0,0,0
nearest,132.5293,-1
cover,132.562,0,0,0,0
nearest,132.5621,-1
cover,132.593,0,0,0,0
nearest,132.593,-1
cover,132.6267,0,0,0,0
nearest,132.6268,-1
cover,132.6579,0,0,0,0
nearest,132.658,-1
cover,132.6903,0,0,0,0
nearest,132.6903,-1
cover,132.7245,0,0,0,0
nearest,132.7245,-1
cover,132.7553,0,0,0,0
nearest,132.7554,-1
cover,132.7888,0,0,0,0
nearest,132.7888,-1
cover,132.8189,0,0,0,0
nearest,132.819,-1
cover,132.8514,0,0,0,0
nearest,132.8514,-1
cover,132.8819,0,0,0,0
nearest,132.882,-1
cover,132.9167,0,0,0,0
nearest,132.9167,-1
cover,132.9495,0,0,0,0
nearest,132.9495,-1
cover,132.9811,0,0,0,0
nearest,132.9811,-1
cover,133.0258,0,0,0,0
nearest,133.0258,-1
cover,133.0631,0,0,0,0
nearest,133.0631,-1
cover,133.0977,0,0,0,0
nearest,133.0977,-1
cover,133.1273,0,0,0,0
nearest,133.1274,-1
cover,133.1606,0,0,0,0
nearest,133.1606,-1
cover,133.1948,0,0,0,0
nearest,133.1949,-1
cover,133.2253,0,0,0,0
nearest,133.2253,-1
cover,133.2572,0,0,0,0
nearest,133.2572,-1
cover,133.2898,0,0,0,0
nearest,133.2899,-1
cover,133.3168,0,0,0,0
nearest,133.3169,-1
cover,133.347,0,0,0,0
nearest,133.3471,-1
cover,133.3776,0,0,0,0
nearest,133.3777,-1
cover,133.4093,0,0,0,0
nearest,133.4094,-1
cover,133.4422,0,0,0,0
nearest,133.4422,-1
cover,133.4733,0,0,0,0
nearest,133.4733,-1
cover,133.5083,0,0,0,0
nearest,133.5084,-1
cover,133.5406,0,0,0,0
nearest,133.5407,-1
cover,133.5759,0,0,0,0
nearest,133.5759,-1
cover,133.607,0,0,0,0
nearest,133.607,-1
cover,133.6412,0,0,0,0
nearest,133.6412,-1
cover,133.6738,0,0,0,0
nearest,133.6739,-1
cover,133.7065,0,0,0,0
nearest,133.7066,-1
cover,133.7422,0,0,0,0
nearest,133.7422,-1
cover,133.7768,0,0,0,0
nearest,133.7768,-1
cover,133.8088,0,0,0,0
nearest,133.8088,-1
cover,133.8413,0,0,0,0
nearest,133.8413,-1
cover,133.8768,0,0,0,0
nearest,133.8768,-1
cover,133.908,0,0,0,0
nearest,133.908,-1
cover,133.9407,0,0,0,0
nearest,133.9407,-1
cover,133.9742,0,0,0,0
nearest,133.9742,-1
cover,134.0066,0,0,0,0
nearest,134.0067,-1
cover,134.0414,0,0,0,0
nearest,134.0414,-1
cover,134.0762,0,0,0,0
nearest,134.0762,-1
cover,134.1082,0,0,0,0
nearest,134.1082,-1
cover,134.1367,0,0,0,0
nearest,134.1367,-1
cover,134.1687,0,0,0,0
nearest,134.1687,-1
cover,134.1994,0,0,0,0
nearest,134.1994,-1
cover,134.2295,0,0,0,0
nearest,134.2295,-1
cover,134.2585,0,0,0,0
nearest,134.2585,-1
cover,134.2872,0,0,0,0
nearest,134.2872,-1
cover,134.3171,0,0,0,0
nearest,134.3171,-1
cover,134.3458,0,0,0,0
nearest,134.3458,-1
cover,134.3768,0,0,0,0
nearest,134.3768,-1
cover,134.4093,0,0,0,0
nearest,134.4093,-1
cover,134.4392,0,0,0,0
nearest,134.4393,-1
cover,134.477,0,0,0,0
nearest,134.477,-1
cover,134.511,0,0,0,0
nearest,134.511,-1
cover,134.5434,0,0,0,0
nearest,134.5435,-1
cover,134.5749,0,0,0,0
nearest,134.5749,-1
cover,134.6058,0,0,0,0
nearest,134.6058,-1
cover,134.639,0,0,0,0
nearest,134.6391,-1
cover,134.6692,0,0,0,0
nearest,134.6692,-1
cover,134.7018,0,0,0,0
nearest,134.7018,-1
cover,134.7346,0,0,0,0
nearest,134.7346,-1
cover,134.7685,0,0,0,0
nearest,134.7685,-1
cover,134.7992,0,0,0,0
nearest,134.7992,-1
cover,134.8332,0,0,0,0
nearest,134.8332,-1
cover,134.8648,0,0,0,0
nearest,134.8648,-1
cover,134.8966,0,0,0,0
nearest,134.8967,-1
cover,134.9276,0,0,0,0
nearest,134.9276,-1
cover,134.9589,0,0,0,0
nearest,134.9589,-1
cover,134.9881,0,0,0,0
nearest,134.9881,-1
cover,135.0204,0,0,0,0
nearest,135.0204,-1
cover,135.0509,0,0,0,0
nearest,135.0509,-1
cover,135.0806,0,0,0,0
nearest,135.0806,-1
cover,135.11,0,0,0,0
nearest,135.11,-1
cover,135.1416,0,0,0,0
nearest,135.1416,-1
cover,135.1725,0,0,0,0
nearest,135.1725,-1
cover,135.2042,0,0,0,0
nearest,135.2042,-1
cover,135.2357,0,0,0,0
nearest,135.2358,-1
cover,135.2693,0,0,0,0
nearest,135.2693,-1
cover,135.3019,0,0,0,0
nearest,135.302,-1
cover,135.3331,0,0,0,0
nearest,135.3331,-1
cover,135.3658,0,0,0,0
nearest,135.3658,-1
cover,135.3997,0,0,0,0
nearest,135.3997,-1
cover,135.431,0,0,0,0
nearest,135.4311,-1
cover,135.463,0,0,0,0
nearest,135.4631,-1
cover,135.5021,0,0,0,0
nearest,135.5021,-1
cover,135.5361,0,0,0,0
nearest,135.5362,-1
cover,135.5683,0,0,0,0
nearest,135.5683,-1
cover,135.5998,0,0,0,0
nearest,135.5999,-1
cover,135.6313,0,0,0,0
nearest,135.6313,-1
cover,135.6634,0,0,0,0
nearest,135.6634,-1
cover,135.695,0,0,0,0
nearest,135.695,-1
cover,135.7249,0,0,0,0
nearest,135.7249,-1
cover,135.7556,0,0,0,0
nearest,135.7556,-1
cover,135.786,0,0,0,0
nearest,135.786,-1
cover,135.8174,0,0,0,0
nearest,135.8174,-1
cover,135.8493,0,0,0,0
nearest,135.8493,-1
cover,135.8783,0,0,0,0
nearest,135.8783,-1
cover,135.9102,0,0,0,0
nearest,135.9102,-1
cover,135.9422,0,0,0,0
nearest,135.9423,-1
cover,135.9763,0,0,0,0
nearest,135.9764,-1
cover,136.008,0,0,0,0
nearest,136.008,-1
cover,136.0383,0,0,0,0
nearest,136.0383,-1
cover,136.0717,0,0,0,0
nearest,136.0718,-1
cover,136.1047,0,0,0,0
nearest,136.1047,-1
cover,136.1361,0,0,0,0
nearest,136.1361,-1
cover,136.1682,0,0,0,0
nearest,136.1683,-1
cover,136.2028,0,0,0,0
nearest,136.2028,-1
cover,136.2348,0,0,0,0
nearest,136.2348,-1
cover,136.267,0,0,0,0
nearest,136.267,-1
cover,136.2974,0,0,0,0
nearest,136.2974,-1
cover,136.325,0,0,0,0
nearest,136.325,-1
cover,136.3544,0,0,0,0
nearest,136.3545,-1
cover,136.3842,0,0,0,0
nearest,136.3842,-1
cover,136.4156,0,0,0,0
nearest,136.4156,-1
cover,136.4473,0,0,0,0
nearest,136.4473,-1
cover,136.4772,0,0,0,0
nearest,136.4772,-1
cover,136.5094,0,0,0,0
nearest,136.5095,-1
cover,136.5401,0,0,0,0
nearest,136.5401,-1
cover,136.57,0,0,0,0
nearest,136.57,-1
cover,136.6022,0,0,0,0
nearest,136.6022,-1
cover,136.6334,0,0,0,0
nearest,136.6335,-1
cover,136.6669,0,0,0,0
nearest,136.6669,-1
cover,136.698,0,0,0,0
nearest,136.6981,-1
cover,136.7297,0,0,0,0
nearest,136.7297,-1
cover,136.7615,0,0,0,0
nearest,136.7615,-1
cover,136.7903,0,0,0,0
nearest,136.7903,-1
cover,136.8214,0,0,0,0
nearest,136.8214,-1
cover,136.8538,0,0,0,0
nearest,136.8538,-1
cover,136.8828,0,0,0,0
nearest,136.8828,-1
cover,136.9126,0,0,0,0
nearest,136.9126,-1
cover,136.9439,0,0,0,0
nearest,136.9439,-1
cover,136.977,0,0,0,0
nearest,136.977,-1
cover,137.0092,0,0,0,0
nearest,137.0093,-1
cover,137.0447,0,0,0,0
nearest,137.0447,-1
cover,137.0736,0,0,0,0
nearest,137.0736,-1
cover,137.1031,0,0,0,0
nearest,137.1031,-1
cover,137.1361,0,0,0,0
nearest,137.1361,-1
cover,137.1639,0,0,0,0
nearest,137.1639,-1
cover,137.1975,0,0,0,0
nearest,137.1975,-1
cover,137.2301,0,0,0,0
nearest,137.2301,-1
cover,137.2689,0,0,0,0
nearest,137.2689,-1
cover,137.3012,0,0,0,0
nearest,137.3012,-1
cover,137.3338,0,0,0,0
nearest,137.3338,-1
cover,137.3668,0,0,0,0
nearest,137.3668,-1
cover,137.3989,0,0,0,0
nearest,137.399,-1
cover,137.4296,0,0,0,0
nearest,137.4296,-1
cover,137.4612,0,0,0,0
nearest,137.4613,-1
cover,137.4929,0,0,0,0
nearest,137.4929,-1
cover,137.5228,0,0,0,0
nearest,137.5229,-1
cover,137.5543,0,0,0,0
nearest,137.5543,-1
cover,137.5844,0,0,0,0
nearest,137.5844,-1
cover,137.6161,0,0,0,0
nearest,137.6162,-1
cover,137.6471,0,0,0,0
nearest,137.6471,-1
cover,137.6769,0,0,0,0
nearest,137.6769,-1
cover,137.7097,0,0,0,0
nearest,137.7098,-1
cover,137.7419,0,0,0,0
nearest,137.7419,-1
cover,137.7747,0,0,0,0
nearest,137.7747,-1
cover,137.8072,0,0,0,0
nearest,137.8072,-1
cover,137.8429,0,0,0,0
nearest,137.843,-1
cover,137.8745,0,0,0,0
nearest,137.8745,-1
cover,137.9055,0,0,0,0
nearest,137.9055,-1
cover,137.9401,0,0,0,0
nearest,137.9401,-1
cover,137.969,0,0,0,0
nearest,137.969,-1
cover,138.0059,0,0,0,0
nearest,138.0059,-1
cover,138.0377,0,0,0,0
nearest,138.0378,-1
cover,138.0742,0,0,0,0
nearest,138.0742,-1
cover,138.1064,0,0,0,0
nearest,138.1064,-1
cover,138.1399,0,0,0,0
nearest,138.1399,-1
cover,138.1752,0,0,0,0
nearest,138.1753,-1
cover,138.2059,0,0,0,0
nearest,138.2059,-1
cover,138.2408,0,0,0,0
nearest,138.2408,-1
cover,138.2795,0,0,0,0
nearest,138.2795,-1
cover,138.3125,0,0,0,0
nearest,138.3125,-1
cover,138.3466,0,0,0,0
nearest,138.3466,-1
cover,138.3783,0,0,0,0
nearest,138.3783,-1
cover,138.4091,0,0,0,0
nearest,138.4092,-1
cover,138.4406,0,0,0,0
nearest,138.4407,-1
cover,138.4707,0,0,0,0
nearest,138.4707,-1
cover,138.5029,0,0,0,0
nearest,138.5029,-1
cover,138.5349,0,0,0,0
nearest,138.5351,-1
cover,138.5669,0,0,0,0
nearest,138.567,-1
cover,138.6008,0,0,0,0
nearest,138.6008,-1
cover,138.633,0,0,0,0
nearest,138.633,-1
cover,138.6681,0,0,0,0
nearest,138.6681,-1
cover,138.6997,0,0,0,0
nearest,138.6997,-1
cover,138.7294,0,0,0,0
nearest,138.7294,-1
cover,138.7597,0,0,0,0
nearest,138.7597,-1
cover,138.7903,0,0,0,0
nearest,138.7903,-1
cover,138.8238,0,0,0,0
nearest,138.8238,-1
cover,138.8564,0,0,0,0
nearest,138.8565,-1
cover,138.8874,0,0,0,0
nearest,138.8874,-1
cover,138.92,0,0,0,0
nearest,138.92,-1
cover,138.9495,0,0,0,0
nearest,138.9495,-1
cover,138.9813,0,0,0,0
nearest,138.9814,-1
cover,139.0137,0,0,0,0
nearest,139.0137,-1
cover,139.0463,0,0,0,0
nearest,139.0463,-1
cover,139.0911,0,0,0,0
nearest,139.0911,-1
cover,139.1235,0,0,0,0
nearest,139.1236,-1
cover,139.1551,0,0,0,0
nearest,139.1551,-1
cover,139.1861,0,0,0,0
nearest,139.1861,-1
cover,139.2162,0,0,0,0
nearest,139.2162,-1
cover,139.2465,0,0,0,0
nearest,139.2465,-1
cover,139.2772,0,0,0,0
nearest,139.2773,-1
cover,139.3105,0,0,0,0
nearest,139.3105,-1
cover,139.3397,0,0,0,0
nearest,139.3397,-1
cover,139.368,0,0,0,0
nearest,139.368,-1
cover,139.401,0,0,0,0
nearest,139.401,-1
cover,139.4338,0,0,0,0
nearest,139.4339,-1
cover,139.4674,0,0,0,0
nearest,139.4674,-1
cover,139.5012,0,0,0,0
nearest,139.5012,-1
cover,139.5356,0,0,0,0
nearest,139.5356,-1
cover,139.5672,0,0,0,0
nearest,139.5672,-1
cover,139.5995,0,0,0,0
nearest,139.5995,-1
cover,139.6315,0,0,0,0
nearest,139.6315,-1
cover,139.6639,0,0,0,0
nearest,139.6639,-1
cover,139.6998,0,0,0,0
nearest,139.6999,-1
cover,139.7324,0,0,0,0
nearest,139.7324,-1
cover,139.7641,0,0,0,0
nearest,139.7641,-1
cover,139.7967,0,0,0,0
nearest,139.7968,-1
cover,139.8266,0,0,0,0
nearest,139.8267,-1
cover,139.8582,0,0,0,0
nearest,139.8582,-1
cover,139.8881,0,0,0,0
nearest,139.8881,-1
cover,139.9185,0,0,0,0
nearest,139.9185,-1
cover,139.9507,0,0,0,0
nearest,139.9507,-1
cover,139.9795,0,0,0,0
nearest,139.9795,-1
cover,140.0101,0,0,0,0
nearest,140.0102,-1
cover,140.0464,0,0,0,0
nearest,140.0465,-1
cover,140.0766,0,0,0,0
nearest,140.0766,-1
cover,140.1106,0,0,0,0
nearest,140.1106,-1
cover,140.1414,0,0,0,0
nearest,140.1415,-1
cover,140.171,0,0,0,0
nearest,140.171,-1
cover,140.2041,0,0,0,0
nearest,140.2041,-1
cover,140.2352,0,0,0,0
nearest,140.2352,-1
cover,140.2653,0,0,0,0
nearest,140.2653,-1
cover,140.2976,0,0,0,0
nearest,140.2977,-1
cover,140.3329,0,0,0,0
nearest,140.3329,-1
cover,140.3645,0,0,0,0
nearest,140.3645,-1
cover,140.3929,0,0,0,0
nearest,140.3929,-1
cover,140.423,0,0,0,0
nearest,140.4231,-1
cover,140.4573,0,0,0,0
nearest,140.4573,-1
cover,140.4912,0,0,0,0
nearest,140.4912,-1
cover,140.5267,0,0,0,0
nearest,140.5267,-1
cover,140.5656,0,0,0,0
nearest,140.5656,-1
cover,140.6021,0,0,0,0
nearest,140.6021,-1
cover,140.6368,0,0,0,0
nearest,140.6368,-1
cover,140.6654,0,0,0,0
nearest,140.6655,-1
cover,140.6949,0,0,0,0
nearest,140.6949,-1
cover,140.7233,0,0,0,0
nearest,140.7233,-1
cover,140.7525,0,0,0,0
nearest,140.7525,-1
cover,140.7831,0,0,0,0
nearest,140.7832,-1
cover,140.8148,0,0,0,0
nearest,140.8148,-1
cover,140.8443,0,0,0,0
nearest,140.8443,-1
cover,140.8747,0,0,0,0
nearest,140.8747,-1
cover,140.9029,0,0,0,0
nearest,140.9029,-1
cover,140.933,0,0,0,0
nearest,140.933,-1
cover,140.966,0,0,0,0
nearest,140.966,-1
cover,141.0002,0,0,0,0
nearest,141.0003,-1
cover,141.0321,0,0,0,0
nearest,141.0321,-1
cover,141.0612,0,0,0,0
nearest,141.0612,-1
cover,141.0935,0,0,0,0
nearest,141.0936,-1
cover,141.1239,0,0,0,0
nearest,141.1239,-1
cover,141.1512,0,0,0,0
nearest,141.1513,-1
cover,141.1789,0,0,0,0
nearest,141.1789,-1
cover,141.2136,0,0,0,0
nearest,141.2137,-1
cover,141.2442,0,0,0,0
nearest,141.2442,-1
cover,141.2785,0,0,0,0
nearest,141.2785,-1
cover,141.3102,0,0,0,0
nearest,141.3102,-1
cover,141.338,0,0,0,0
nearest,141.338,-1
cover,141.3689,0,0,0,0
nearest,141.369,-1
cover,141.4021,0,0,0,0
nearest,141.4022,-1
cover,141.4377,0,0,0,0
nearest,141.4377,-1
cover,141.469,0,0,0,0
nearest,141.469,-1
cover,141.502,0,0,0,0
nearest,141.5021,-1
cover,141.5339,0,0,0,0
nearest,141.5339,-1
cover,141.5627,0,0,0,0
nearest,141.5627,-1
cover,141.5954,0,0,0,0
nearest,141.5955,-1
cover,141.6291,0,0,0,0
nearest,141.6291,-1
cover,141.6584,0,0,0,0
nearest,141.6585,-1
cover,141.6884,0,0,0,0
nearest,141.6884,-1
cover,141.7182,0,0,0,0
nearest,141.7182,-1
cover,141.7458,0,0,0,0
nearest,141.7458,-1
cover,141.7766,0,0,0,0
nearest,141.7766,-1
cover,141.8137,0,0,0,0
nearest,141.8137,-1
cover,141.8447,0,0,0,0
nearest,141.8448,-1
cover,141.8738,0,0,0,0
nearest,141.8738,-1
cover,141.9029,0,0,0,0
nearest,141.9029,-1
cover,141.9343,0,0,0,0
nearest,141.9343,-1
cover,141.9668,0,0,0,0
nearest,141.9668,-1
cover,141.9981,0,0,0,0
nearest,141.9981,-1
cover,142.0295,0,0,0,0
nearest,142.0295,-1
cover,142.0629,0,0,0,0
nearest,142.0629,-1
cover,142.0956,0,0,0,0
nearest,142.0957,-1
cover,142.1293,0,0,0,0
nearest,142.1293,-1
cover,142.1589,0,0,0,0
nearest,142.159,-1
cover,142.1879,0,0,0,0
nearest,142.188,-1
cover,142.2355,0,0,0,0
nearest,142.2356,-1
cover,142.3178,0,0,0,0
nearest,142.3178,-1
cover,142.3565,0,0,0,0
nearest,142.3566,-1
cover,142.3882,0,0,0,0
nearest,142.3882,-1
cover,142.4203,0,0,0,0
nearest,142.4204,-1
cover,142.4513,0,0,0,0
nearest,142.4513,-1
cover,142.4832,0,0,0,0
nearest,142.4833,-1
cover,142.5139,0,0,0,0
nearest,142.514,-1
cover,142.5465,0,0,0,0
nearest,142.5465,-1
cover,142.578,0,0,0,0
nearest,142.578,-1
cover,142.6119,0,0,0,0
nearest,142.6119,-1
cover,142.6454,0,0,0,0
nearest,142.6455,-1
cover,142.6789,0,0,0,0
nearest,142.679,-1
cover,142.7136,0,0,0,0
nearest,142.7136,-1
cover,142.7504,0,0,0,0
nearest,142.7505,-1
cover,142.796,0,0,0,0
nearest,142.796,-1
cover,142.8288,0,0,0,0
nearest,142.8289,-1
cover,142.8617,0,0,0,0
nearest,142.8617,-1
cover,142.8937,0,0,0,0
nearest,142.8938,-1
cover,142.9245,0,0,0,0
nearest,142.9245,-1
cover,142.9566,0,0,0,0
nearest,142.9566,-1
cover,142.9912,0,0,0,0
nearest,142.9912,-1
cover,143.0233,0,0,0,0
nearest,143.0233,-1
cover,143.0571,0,0,0,0
nearest,143.0571,-1
cover,143.0902,0,0,0,0
nearest,143.0902,-1
cover,143.1221,0,0,0,0
nearest,143.1222,-1
cover,143.1534,0,0,0,0
nearest,143.1534,-1
cover,143.1839,0,0,0,0
nearest,143.1839,-1
cover,143.2134,0,0,0,0
nearest,143.2134,-1
cover,143.2469,0,0,0,0
nearest,143.2469,-1
cover,143.2798,0,0,0,0
nearest,143.2798,-1
cover,143.3153,0,0,0,0
nearest,143.3153,-1
cover,143.349,0,0,0,0
nearest,143.349,-1
cover,143.3807,0,0,0,0
nearest,143.3807,-1
cover,143.4138,0,0,0,0
nearest,143.4138,-1
cover,143.4478,0,0,0,0
nearest,143.4478,-1
cover,143.4788,0,0,0,0
nearest,143.4788,-1
cover,143.5126,0,0,0,0
nearest,143.5127,-1
cover,143.5465,0,0,0,0
nearest,143.5465,-1
cover,143.58,0,0,0,0
nearest,143.58,-1
cover,143.6145,0,0,0,0
nearest,143.6145,-1
cover,143.6476,0,0,0,0
nearest,143.6476,-1
cover,143.6802,0,0,0,0
nearest,143.6802,-1
cover,143.7147,0,0,0,0
nearest,143.7147,-1
cover,143.748,0,0,0,0
nearest,143.748,-1
cover,143.7794,0,0,0,0
nearest,143.7794,-1
cover,143.8119,0,0,0,0
nearest,143.8119,-1
cover,143.844,0,0,0,0
nearest,143.844,-1
cover,143.8731,0,0,0,0
nearest,143.8731,-1
cover,143.9092,0,0,0,0
nearest,143.9093,-1
cover,143.9383,0,0,0,0
nearest,143.9383,-1
cover,143.9695,0,0,0,0
nearest,143.9696,-1
cover,144.0002,0,0,0,0
nearest,144.0003,-1
cover,144.0305,0,0,0,0
nearest,144.0305,-1
cover,144.066,0,0,0,0
nearest,144.0661,-1
cover,144.0999,0,0,0,0
nearest,144.0999,-1
cover,144.1316,0,0,0,0
nearest,144.1316,-1
cover,144.161,0,0,0,0
nearest,144.1611,-1
cover,144.1899,0,0,0,0
nearest,144.1899,-1
cover,144.2225,0,0,0,0
nearest,144.2226,-1
cover,144.2518,0,0,0,0
nearest,144.2519,-1
cover,144.2859,0,0,0,0
nearest,144.286,-1
cover,144.3196,0,0,0,0
nearest,144.3197,-1
cover,144.352,0,0,0,0
nearest,144.352,-1
cover,144.3837,0,0,0,0
nearest,144.3837,-1
cover,144.4149,0,0,0,0
nearest,144.415,-1
cover,144.4422,0,0,0,0
nearest,144.4422,-1
cover,144.4719,0,0,0,0
nearest,144.4719,-1
cover,144.5043,0,0,0,0
nearest,144.5043,-1
cover,144.5377,0,0,0,0
nearest,144.5377,-1
cover,144.5701,0,0,0,0
nearest,144.5701,-1
cover,144.6033,0,0,0,0
nearest,144.6033,-1
cover,144.6354,0,0,0,0
nearest,144.6355,-1
cover,144.6673,0,0,0,0
nearest,144.6673,-1
cover,144.702,0,0,0,0
nearest,144.702,-1
cover,144.7359,0,0,0,0
nearest,144.7359,-1
cover,144.7649,0,0,0,0
nearest,144.7649,-1
cover,144.7988,0,0,0,0
nearest,144.7989,-1
cover,144.8346,0,0,0,0
nearest,144.8347,-1
cover,144.8691,0,0,0,0
nearest,144.8691,-1
cover,144.9029,0,0,0,0
nearest,144.9029,-1
cover,144.9352,0,0,0,0
nearest,144.9353,-1
cover,144.9681,0,0,0,0
nearest,144.9681,-1
cover,145.004,0,0,0,0
nearest,145.0041,-1
cover,145.038,0,0,0,0
nearest,145.038,-1
cover,145.0697,0,0,0,0
nearest,145.0698,-1
cover,145.101,0,0,0,0
nearest,145.101,-1
cover,145.1351,0,0,0,0
nearest,145.1351,-1
cover,145.1675,0,0,0,0
nearest,145.1675,-1
cover,145.2023,0,0,0,0
nearest,145.2024,-1
cover,145.2338,0,0,0,0
nearest,145.2339,-1
cover,145.2669,0,0,0,0
nearest,145.2669,-1
cover,145.2974,0,0,0,0
nearest,145.2974,-1
cover,145.3258,0,0,0,0
nearest,145.3258,-1
cover,145.3554,0,0,0,0
nearest,145.3555,-1
cover,145.3879,0,0,0,0
nearest,145.3879,-1
cover,145.4189,0,0,0,0
nearest,145.4189,-1
cover,145.45,0,0,0,0
nearest,145.4501,-1
cover,145.4816,0,0,0,0
nearest,145.4816,-1
cover,145.5169,0,0,0,0
nearest,145.517,-1
cover,145.5469,0,0,0,0
nearest,145.5469,-1
cover,145.5794,0,0,0,0
nearest,145.5794,-1
cover,145.6122,0,0,0,0
nearest,145.6123,-1
cover,145.6473,0,0,0,0
nearest,145.6474,-1
cover,145.6778,0,0,0,0
nearest,145.6778,-1
cover,145.7083,0,0,0,0
nearest,145.7083,-1
cover,145.7451,0,0,0,0
nearest,145.7451,-1
cover,145.7809,0,0,0,0
nearest,145.7809,-1
cover,145.8153,0,0,0,0
nearest,145.8154,-1
cover,145.8462,0,0,0,0
nearest,145.8462,-1
cover,145.8797,0,0,0,0
nearest,145.8798,-1
cover,145.9138,0,0,0,0
nearest,145.9138,-1
cover,145.945,0,0,0,0
nearest,145.945,-1
cover,145.9768,0,0,0,0
nearest,145.9768,-1
cover,146.0062,0,0,0,0
nearest,146.0062,-1
cover,146.0369,0,0,0,0
nearest,146.037,-1
cover,146.0711,0,0,0,0
nearest,146.0712,-1
cover,146.1049,0,0,0,0
nearest,146.1049,-1
cover,146.1375,0,0,0,0
nearest,146.1375,-1
cover,146.1701,0,0,0,0
nearest,146.1701,-1
cover,146.2025,0,0,0,0
nearest,146.2025,-1
cover,146.2373,0,0,0,0
nearest,146.2373,-1
cover,146.2666,0,0,0,0
nearest,146.2666,-1
cover,146.2988,0,0,0,0
nearest,146.2988,-1
cover,146.332,0,0,0,0
nearest,146.332,-1
cover,146.3615,0,0,0,0
nearest,146.3616,-1
cover,146.3938,0,0,0,0
nearest,146.3938,-1
cover,146.4235,0,0,0,0
nearest,146.4235,-1
cover,146.4601,0,0,0,0
nearest,146.4601,-1
cover,146.4934,0,0,0,0
nearest,146.4934,-1
cover,146.5268,0,0,0,0
nearest,146.5269,-1
cover,146.5642,0,0,0,0
nearest,146.5642,-1
cover,146.5949,0,0,0,0
nearest,146.5949,-1
cover,146.6263,0,0,0,0
nearest,146.6263,-1
cover,146.6574,0,0,0,0
nearest,146.6574,-1
cover,146.6887,0,0,0,0
nearest,146.6888,-1
cover,146.717,0,0,0,0
nearest,146.717,-1
cover,146.7486,0,0,0,0
nearest,146.7486,-1
cover,146.7799,0,0,0,0
nearest,146.78,-1
cover,146.8124,0,0,0,0
nearest,146.8124,-1
cover,146.8492,0,0,0,0
nearest,146.8492,-1
cover,146.8788,0,0,0,0
nearest,146.8788,-1
cover,146.9099,0,0,0,0
nearest,146.9099,-1
cover,146.9406,0,0,0,0
nearest,146.9407,-1
cover,146.9777,0,0,0,0
nearest,146.9777,-1
cover,147.0133,0,0,0,0
nearest,147.0133,-1
cover,147.0476,0,0,0,0
nearest,147.0476,-1
cover,147.08,0,0,0,0
nearest,147.08,-1
cover,147.115,0,0,0,0
nearest,147.115,-1
cover,147.149,0,0,0,0
nearest,147.149,-1
cover,147.1803,0,0,0,0
nearest,147.1803,-1
cover,147.2144,0,0,0,0
nearest,147.2144,-1
cover,147.2466,0,0,0,0
nearest,147.2466,-1
cover,147.2727,0,0,0,0
nearest,147.2727,-1
cover,147.3067,0,0,0,0
nearest,147.3067,-1
cover,147.3373,0,0,0,0
nearest,147.3373,-1
cover,147.3692,0,0,0,0
nearest,147.3693,-1
cover,147.4036,0,0,0,0
nearest,147.4036,-1
cover,147.4364,0,0,0,0
nearest,147.4365,-1
cover,147.4694,0,0,0,0
nearest,147.4694,-1
cover,147.4964,0,0,0,0
nearest,147.4965,-1
cover,147.5279,0,0,0,0
nearest,147.5279,-1
cover,147.5571,0,0,0,0
nearest,147.5572,-1
cover,147.5869,0,0,0,0
nearest,147.5869,-1
cover,147.6175,0,0,0,0
nearest,147.6175,-1
cover,147.6484,0,0,0,0
nearest,147.6485,-1
cover,147.6795,0,0,0,0
nearest,147.6795,-1
cover,147.7103,0,0,0,0
nearest,147.7103,-1
cover,147.7428,0,0,0,0
nearest,147.7428,-1
cover,147.7778,0,0,0,0
nearest,147.7778,-1
cover,147.8067,0,0,0,0
nearest,147.8068,-1
cover,147.8382,0,0,0,0
nearest,147.8383,-1
cover,147.8705,0,0,0,0
nearest,147.8705,-1
cover,147.8996,0,0,0,0
nearest,147.8996,-1
cover,147.9366,0,0,0,0
nearest,147.9366,-1
cover,147.9669,0,0,0,0
nearest,147.9669,-1
cover,147.9986,0,0,0,0
nearest,147.9986,-1
cover,148.0391,0,0,0,0
nearest,148.0392,-1
cover,148.071,0,0,0,0
nearest,148.071,-1
cover,148.1017,0,0,0,0
nearest,148.1017,-1
cover,148.133,0,0,0,0
nearest,148.133,-1
cover,148.164,0,0,0,0
nearest,148.164,-1
cover,148.1968,0,0,0,0
nearest,148.1968,-1
cover,148.2284,0,0,0,0
nearest,148.2284,-1
cover,148.2592,0,0,0,0
nearest,148.2592,-1
cover,148.29,0,0,0,0
nearest,148.29,-1
cover,148.3181,0,0,0,0
nearest,148.3181,-1
cover,148.3478,0,0,0,0
nearest,148.3479,-1
cover,148.3808,0,0,0,0
nearest,148.3809,-1
cover,148.4133,0,0,0,0
nearest,148.4133,-1
cover,148.444,0,0,0,0
nearest,148.444,-1
cover,148.4728,0,0,0,0
nearest,148.4728,-1
cover,148.5081,0,0,0,0
nearest,148.5082,-1
cover,148.5406,0,0,0,0
nearest,148.5406,-1
cover,148.5702,0,0,0,0
nearest,148.5702,-1
cover,148.6054,0,0,0,0
nearest,148.6054,-1
cover,148.6379,0,0,0,0
nearest,148.6379,-1
cover,148.6699,0,0,0,0
nearest,148.67,-1
cover,148.7016,0,0,0,0
nearest,148.7017,-1
cover,148.7335,0,0,0,0
nearest,148.7336,-1
cover,148.7648,0,0,0,0
nearest,148.7649,-1
cover,148.7961,0,0,0,0
nearest,148.7961,-1
cover,148.8284,0,0,0,0
nearest,148.8284,-1
cover,148.8597,0,0,0,0
nearest,148.8598,-1
cover,148.8895,0,0,0,0
nearest,148.8895,-1
cover,148.9229,0,0,0,0
nearest,148.9229,-1
cover,148.9518,0,0,0,0
nearest,148.9518,-1
cover,148.983,0,0,0,0
nearest,148.983,-1
cover,149.0128,0,0,0,0
nearest,149.0128,-1
cover,149.0424,0,0,0,0
nearest,149.0424,-1
cover,149.0737,0,0,0,0
nearest,149.0737,-1
cover,149.1042,0,0,0,0
nearest,149.1043,-1
cover,149.1339,0,0,0,0
nearest,149.1339,-1
cover,149.1681,0,0,0,0
nearest,149.1681,-1
cover,149.2009,0,0,0,0
nearest,149.2009,-1
cover,149.2331,0,0,0,0
nearest,149.2331,-1
cover,149.2658,0,0,0,0
nearest,149.2658,-1
cover,149.2948,0,0,0,0
nearest,149.2948,-1
cover,149.3258,0,0,0,0
nearest,149.3258,-1
cover,149.3577,0,0,0,0
nearest,149.3577,-1
cover,149.3887,0,0,0,0
nearest,149.3888,-1
cover,149.4177,0,0,0,0
nearest,149.4178,-1
cover,149.4487,0,0,0,0
nearest,149.4487,-1
cover,149.4816,0,0,0,0
nearest,149.4816,-1
cover,149.5157,0,0,0,0
nearest,149.5157,-1
cover,149.5486,0,0,0,0
nearest,149.5486,-1
cover,149.5824,0,0,0,0
nearest,149.5824,-1
cover,149.6129,0,0,0,0
nearest,149.6129,-1
cover,149.6423,0,0,0,0
nearest,149.6423,-1
cover,149.6784,0,0,0,0
nearest,149.6784,-1
cover,149.7114,0,0,0,0
nearest,149.7115,-1
cover,149.7436,0,0,0,0
nearest,149.7436,-1
cover,149.7801,0,0,0,0
nearest,149.7801,-1
cover,149.8132,0,0,0,0
nearest,149.8132,-1
cover,149.8423,0,0,0,0
nearest,149.8424,-1
cover,149.876,0,0,0,0
nearest,149.876,-1
cover,149.9087,0,0,0,0
nearest,149.9088,-1
cover,149.9399,0,0,0,0
nearest,149.94,-1
cover,149.9738,0,0,0,0
nearest,149.9738,-1
cover,150.0012,0,0,0,0
nearest,150.0012,-1
cover,150.031,0,0,0,0
nearest,150.0311,-1
cover,150.0662,0,0,0,0
nearest,150.0662,-1
cover,150.0939,0,0,0,0
nearest,150.0939,-1
cover,150.1224,0,0,0,0
nearest,150.1224,-1
cover,150.1521,0,0,0,0
nearest,150.1521,-1
cover,150.184,0,0,0,0
nearest,150.184,-1
cover,150.2164,0,0,0,0
nearest,150.2164,-1
cover,150.2491,0,0,0,0
nearest,150.2491,-1
cover,150.2815,0,0,0,0
nearest,150.2815,-1
cover,150.3107,0,0,0,0
nearest,150.3107,-1
cover,150.3456,0,0,0,0
nearest,150.3457,-1
cover,150.3771,0,0,0,0
nearest,150.3772,-1
cover,150.4069,0,0,0,0
nearest,150.407,-1
cover,150.4378,0,0,0,0
nearest,150.4378,-1
cover,150.4707,0,0,0,0
nearest,150.4707,-1
cover,150.5016,0,0,0,0
nearest,150.5016,-1
cover,150.5317,0,0,0,0
nearest,150.5317,-1
cover,150.5627,0,0,0,0
nearest,150.5627,-1
cover,150.5948,0,0,0,0
nearest,150.5948,-1
cover,150.6255,0,0,0,0
nearest,150.6255,-1
cover,150.6566,0,0,0,0
nearest,150.6566,-1
cover,150.6882,0,0,0,0
nearest,150.6882,-1
cover,150.7168,0,0,0,0
nearest,150.7168,-1
cover,150.7505,0,0,0,0
nearest,150.7505,-1
cover,150.7793,0,0,0,0
nearest,150.7794,-1
cover,150.8085,0,0,0,0
nearest,150.8085,-1
cover,150.844,0,0,0,0
nearest,150.844,-1
cover,150.8722,0,0,0,0
nearest,150.8722,-1
cover,150.9069,0,0,0,0
nearest,150.9069,-1
cover,150.9444,0,0,0,0
nearest,150.9444,-1
cover,150.9765,0,0,0,0
nearest,150.9765,-1
cover,151.0086,0,0,0,0
nearest,151.0086,-1
cover,151.0417,0,0,0,0
nearest,151.0418,-1
cover,151.0753,0,0,0,0
nearest,151.0754,-1
cover,151.1068,0,0,0,0
nearest,151.1068,-1
cover,151.1369,0,0,0,0
nearest,151.1369,-1
cover,151.1676,0,0,0,0
nearest,151.1676,-1
cover,151.2016,0,0,0,0
nearest,151.2016,-1
cover,151.2349,0,0,0,0
nearest,151.2349,-1
cover,151.2677,0,0,0,0
nearest,151.2677,-1
cover,151.2992,0,0,0,0
nearest,151.2992,-1
cover,151.3304,0,0,0,0
nearest,151.3304,-1
cover,151.3619,0,0,0,0
nearest,151.362,-1
cover,151.3946,0,0,0,0
nearest,151.3947,-1
cover,151.423,0,0,0,0
nearest,151.423,-1
cover,151.455,0,0,0,0
nearest,151.455,-1
cover,151.4869,0,0,0,0
nearest,151.4869,-1
cover,151.5151,0,0,0,0
nearest,151.5151,-1
cover,151.5495,0,0,0,0
nearest,151.5495,-1
cover,151.5799,0,0,0,0
nearest,151.5799,-1
cover,151.611,0,0,0,0
nearest,151.611,-1
cover,151.6442,0,0,0,0
nearest,151.6442,-1
cover,151.6778,0,0,0,0
nearest,151.6779,-1
cover,151.7093,0,0,0,0
nearest,151.7094,-1
cover,151.8084,0,0,0,0
nearest,151.8084,-1
cover,151.8448,0,0,0,0
nearest,151.8449,-1
cover,151.8762,0,0,0,0
nearest,151.8762,-1
cover,151.9102,0,0,0,0
nearest,151.9102,-1
cover,151.9411,0,0,0,0
nearest,151.9412,-1
cover,151.9691,0,0,0,0
nearest,151.9691,-1
cover,151.9976,0,0,0,0
nearest,151.9976,-1
cover,152.0283,0,0,0,0
nearest,152.0283,-1
cover,152.0581,0,0,0,0
nearest,152.0581,-1
cover,152.091,0,0,0,0
nearest,152.091,-1
cover,152.1237,0,0,0,0
nearest,152.1237,-1
cover,152.1587,0,0,0,0
nearest,152.1587,-1
cover,152.1893,0,0,0,0
nearest,152.1893,-1
cover,152.221,0,0,0,0
nearest,152.2211,-1
cover,152.255,0,0,0,0
nearest,152.255,-1
cover,152.2812,0,0,0,0
nearest,152.2813,-1
cover,152.3119,0,0,0,0
nearest,152.3119,-1
cover,152.3448,0,0,0,0
nearest,152.3449,-1
cover,152.3727,0,0,0,0
nearest,152.3727,-1
cover,152.4047,0,0,0,0
nearest,152.4047,-1
cover,152.4371,0,0,0,0
nearest,152.4372,-1
cover,152.4685,0,0,0,0
nearest,152.4685,-1
cover,152.5,0,0,0,0
nearest,152.5001,-1
cover,152.5323,0,0,0,0
nearest,152.5323,-1
cover,152.5644,0,0,0,0
nearest,152.5644,-1
cover,152.5968,0,0,0,0
nearest,152.5968,-1
cover,152.626,0,0,0,0
nearest,152.626,-1
cover,152.658,0,0,0,0
nearest,152.658,-1
cover,152.6896,0,0,0,0
nearest,152.6897,-1
cover,152.7251,0,0,0,0
nearest,152.7252,-1
cover,152.7562,0,0,0,0
nearest,152.7562,-1
cover,152.7896,0,0,0,0
nearest,152.7896,-1
cover,152.8252,0,0,0,0
nearest,152.8252,-1
cover,152.8566,0,0,0,0
nearest,152.8566,-1
cover,152.8899,0,0,0,0
nearest,152.8899,-1
cover,152.9248,0,0,0,0
nearest,152.9249,-1
cover,152.9562,0,0,0,0
nearest,152.9562,-1
cover,152.9884,0,0,0,0
nearest,152.9884,-1
cover,153.0178,0,0,0,0
nearest,153.0178,-1
cover,153.0514,0,0,0,0
nearest,153.0514,-1
cover,153.0852,0,0,0,0
nearest,153.0852,-1
cover,153.1234,0,0,0,0
nearest,153.1235,-1
cover,153.1567,0,0,0,0
nearest,153.1567,-1
cover,153.1925,0,0,0,0
nearest,153.1925,-1
cover,153.2258,0,0,0,0
nearest,153.2258,-1
cover,153.2585,0,0,0,0
nearest,153.2585,-1
cover,153.2882,0,0,0,0
nearest,153.2882,-1
cover,153.3209,0,0,0,0
nearest,153.321,-1
cover,153.3578,0,0,0,0
nearest,153.3578,-1
cover,153.3922,0,0,0,0
nearest,153.3923,-1
cover,153.4239,0,0,0,0
nearest,153.4239,-1
cover,153.4583,0,0,0,0
nearest,153.4583,-1
cover,153.4892,0,0,0,0
nearest,153.4893,-1
cover,153.5174,0,0,0,0
nearest,153.5175,-1
cover,153.5498,0,0,0,0
nearest,153.5498,-1
cover,153.5817,0,0,0,0
nearest,153.5818,-1
cover,153.6121,0,0,0,0
nearest,153.6122,-1
cover,153.6446,0,0,0,0
nearest,153.6446,-1
cover,153.6938,0,0,0,0
nearest,153.6938,-1
cover,153.7315,0,0,0,0
nearest,153.7315,-1
cover,153.7653,0,0,0,0
nearest,153.7653,-1
cover,153.7964,0,0,0,0
nearest,153.7964,-1
cover,153.828,0,0,0,0
nearest,153.828,-1
cover,153.8587,0,0,0,0
nearest,153.8587,-1
cover,153.8888,0,0,0,0
nearest,153.8888,-1
cover,153.9186,0,0,0,0
nearest,153.9187,-1
cover,153.9576,0,0,0,0
nearest,153.9576,-1
cover,153.9902,0,0,0,0
nearest,153.9902,-1
cover,154.0221,0,0,0,0
nearest,154.0221,-1
cover,154.0548,0,0,0,0
nearest,154.0548,-1
cover,154.0886,0,0,0,0
nearest,154.0887,-1
cover,154.1218,0,0,0,0
nearest,154.1218,-1
cover,154.153,0,0,0,0
nearest,154.1531,-1
cover,154.1855,0,0,0,0
nearest,154.1855,-1
cover,154.2176,0,0,0,0
nearest,154.2177,-1
cover,154.2502,0,0,0,0
nearest,154.2502,-1
cover,154.2843,0,0,0,0
nearest,154.2843,-1
cover,154.3137,0,0,0,0
nearest,154.3138,-1
cover,154.3497,0,0,0,0
nearest,154.3497,-1
cover,154.3811,0,0,0,0
nearest,154.3811,-1
cover,154.4114,0,0,0,0
nearest,154.4114,-1
cover,154.4441,0,0,0,0
nearest,154.4442,-1
cover,154.4788,0,0,0,0
nearest,154.4788,-1
cover,154.5137,0,0,0,0
nearest,154.5137,-1
cover,154.5477,0,0,0,0
nearest,154.5477,-1
cover,154.5814,0,0,0,0
nearest,154.5815,-1
cover,154.6138,0,0,0,0
nearest,154.6138,-1
cover,154.6475,0,0,0,0
nearest,154.6476,-1
cover,154.6751,0,0,0,0
nearest,154.6751,-1
cover,154.7095,0,0,0,0
nearest,154.7095,-1
cover,154.7414,0,0,0,0
nearest,154.7414,-1
cover,154.7715,0,0,0,0
nearest,154.7715,-1
cover,154.8046,0,0,0,0
nearest,154.8046,-1
cover,154.8371,0,0,0,0
nearest,154.8371,-1
cover,154.8699,0,0,0,0
nearest,154.87,-1
cover,154.9,0,0,0,0
nearest,154.9,-1
cover,154.9325,0,0,0,0
nearest,154.9325,-1
cover,154.9646,0,0,0,0
nearest,154.9646,-1
cover,154.9962,0,0,0,0
nearest,154.9963,-1
cover,155.0266,0,0,0,0
nearest,155.0266,-1
cover,155.0582,0,0,0,0
nearest,155.0582,-1
cover,155.0915,0,0,0,0
nearest,155.0915,-1
cover,155.1235,0,0,0,0
nearest,155.1235,-1
cover,155.1533,0,0,0,0
nearest,155.1534,-1
cover,155.1868,0,0,0,0
nearest,155.1869,-1
cover,155.2193,0,0,0,0
nearest,155.2193,-1
cover,155.2556,0,0,0,0
nearest,155.2556,-1
cover,155.2913,0,0,0,0
nearest,155.2914,-1
cover,155.3194,0,0,0,0
nearest,155.3194,-1
cover,155.3521,0,0,0,0
nearest,155.3521,-1
cover,155.384,0,0,0,0
nearest,155.384,-1
cover,155.4161,0,0,0,0
nearest,155.4161,-1
cover,155.4479,0,0,0,0
nearest,155.4479,-1
cover,155.4778,0,0,0,0
nearest,155.4778,-1
cover,155.5099,0,0,0,0
nearest,155.5099,-1
cover,155.5448,0,0,0,0
nearest,155.5448,-1
cover,155.5771,0,0,0,0
nearest,155.5772,-1
cover,155.6082,0,0,0,0
nearest,155.6082,-1
cover,155.6396,0,0,0,0
nearest,155.6396,-1
cover,155.67,0,0,0,0
nearest,155.6701,-1
cover,155.7011,0,0,0,0
nearest,155.7011,-1
cover,155.7321,0,0,0,0
nearest,155.7321,-1
cover,155.7635,0,0,0,0
nearest,155.7635,-1
cover,155.7948,0,0,0,0
nearest,155.7948,-1
cover,155.8242,0,0,0,0
nearest,155.8242,-1
cover,155.8565,0,0,0,0
nearest,155.8566,-1
cover,155.8862,0,0,0,0
nearest,155.8862,-1
cover,155.9179,0,0,0,0
nearest,155.9179,-1
cover,155.9497,0,0,0,0
nearest,155.9497,-1
cover,155.9824,0,0,0,0
nearest,155.9825,-1
cover,156.0137,0,0,0,0
nearest,156.0137,-1
cover,156.0456,0,0,0,0
nearest,156.0456,-1
cover,156.0795,0,0,0,0
nearest,156.0795,-1
cover,156.1135,0,0,0,0
nearest,156.1136,-1
cover,156.1488,0,0,0,0
nearest,156.1489,-1
cover,156.1826,0,0,0,0
nearest,156.1827,-1
cover,156.2137,0,0,0,0
nearest,156.2138,-1
cover,156.2456,0,0,0,0
nearest,156.2456,-1
cover,156.2783,0,0,0,0
nearest,156.2784,-1
cover,156.31,0,0,0,0
nearest,156.31,-1
cover,156.3406,0,0,0,0
nearest,156.3406,-1
cover,156.3725,0,0,0,0
nearest,156.3726,-1
cover,156.4025,0,0,0,0
nearest,156.4025,-1
cover,156.4357,0,0,0,0
nearest,156.4358,-1
cover,156.467,0,0,0,0
nearest,156.467,-1
cover,156.4984,0,0,0,0
nearest,156.4984,-1
cover,156.5285,0,0,0,0
nearest,156.5285,-1
cover,156.5595,0,0,0,0
nearest,156.5595,-1
cover,156.5941,0,0,0,0
nearest,156.5941,-1
cover,156.6258,0,0,0,0
nearest,156.6258,-1
cover,156.6587,0,0,0,0
nearest,156.6588,-1
cover,156.6905,0,0,0,0
nearest,156.6906,-1
cover,156.7221,0,0,0,0
nearest,156.7221,-1
cover,156.7563,0,0,0,0
nearest,156.7563,-1
cover,156.7886,0,0,0,0
nearest,156.7886,-1
cover,156.8245,0,0,0,0
nearest,156.8245,-1
cover,156.8571,0,0,0,0
nearest,156.8571,-1
cover,156.8906,0,0,0,0
nearest,156.8907,-1
cover,156.925,0,0,0,0
nearest,156.925,-1
cover,156.9559,0,0,0,0
nearest,156.9559,-1
cover,156.9888,0,0,0,0
nearest,156.9889,-1
cover,157.0178,0,0,0,0
nearest,157.0178,-1
cover,157.0513,0,0,0,0
nearest,157.0513,-1
cover,157.084,0,0,0,0
nearest,157.084,-1
cover,157.1146,0,0,0,0
nearest,157.1146,-1
cover,157.1452,0,0,0,0
nearest,157.1453,-1
cover,157.1749,0,0,0,0
nearest,157.175,-1
cover,157.2053,0,0,0,0
nearest,157.2053,-1
cover,157.2366,0,0,0,0
nearest,157.2366,-1
cover,157.2686,0,0,0,0
nearest,157.2686,-1
cover,157.3035,0,0,0,0
nearest,157.3035,-1
cover,157.3329,0,0,0,0
nearest,157.3329,-1
cover,157.3659,0,0,0,0
nearest,157.3659,-1
cover,157.3975,0,0,0,0
nearest,157.3976,-1
cover,157.4274,0,0,0,0
nearest,157.4274,-1
cover,157.4636,0,0,0,0
nearest,157.4636,-1
cover,157.492,0,0,0,0
nearest,157.492,-1
cover,157.5257,0,0,0,0
nearest,157.5257,-1
cover,157.5582,0,0,0,0
nearest,157.5582,-1
cover,157.5892,0,0,0,0
nearest,157.5892,-1
cover,157.622,0,0,0,0
nearest,157.622,-1
cover,157.657,0,0,0,0
nearest,157.6571,-1
cover,157.6919,0,0,0,0
nearest,157.6919,-1
cover,157.7262,0,0,0,0
nearest,157.7263,-1
cover,157.7576,0,0,0,0
nearest,157.7576,-1
cover,157.7897,0,0,0,0
nearest,157.7897,-1
cover,157.8197,0,0,0,0
nearest,157.8197,-1
cover,157.856,0,0,0,0
nearest,157.856,-1
cover,157.8899,0,0,0,0
nearest,157.8899,-1
cover,157.9205,0,0,0,0
nearest,157.9205,-1
cover,157.9568,0,0,0,0
nearest,157.9568,-1
cover,157.9924,0,0,0,0
nearest,157.9924,-1
cover,158.0228,0,0,0,0
nearest,158.0228,-1
cover,158.0529,0,0,0,0
nearest,158.053,-1
cover,158.0842,0,0,0,0
nearest,158.0842,-1
cover,158.1133,0,0,0,0
nearest,158.1134,-1
cover,158.1419,0,0,0,0
nearest,158.1419,-1
cover,158.1718,0,0,0,0
nearest,158.1719,-1
cover,158.205,0,0,0,0
nearest,158.2051,-1
cover,158.2344,0,0,0,0
nearest,158.2345,-1
cover,158.2665,0,0,0,0
nearest,158.2665,-1
cover,158.2983,0,0,0,0
nearest,158.2984,-1
cover,158.3302,0,0,0,0
nearest,158.3302,-1
cover,158.3624,0,0,0,0
nearest,158.3624,-1
cover,158.3923,0,0,0,0
nearest,158.3923,-1
cover,158.4273,0,0,0,0
nearest,158.4273,-1
cover,158.4604,0,0,0,0
nearest,158.4605,-1
cover,158.4922,0,0,0,0
nearest,158.4923,-1
cover,158.5254,0,0,0,0
nearest,158.5254,-1
cover,158.5555,0,0,0,0
nearest,158.5555,-1
cover,158.5844,0,0,0,0
nearest,158.5844,-1
cover,158.6185,0,0,0,0
nearest,158.6185,-1
cover,158.6577,0,0,0,0
nearest,158.6577,-1
cover,158.6908,0,0,0,0
nearest,158.6908,-1
cover,158.7232,0,0,0,0
nearest,158.7232,-1
cover,158.7518,0,0,0,0
nearest,158.7518,-1
cover,158.7802,0,0,0,0
nearest,158.7803,-1
cover,158.8148,0,0,0,0
nearest,158.8148,-1
cover,158.8514,0,0,0,0
nearest,158.8514,-1
cover,158.8836,0,0,0,0
nearest,158.8836,-1
cover,158.914,0,0,0,0
nearest,158.914,-1
cover,158.9445,0,0,0,0
nearest,158.9445,-1
cover,158.9753,0,0,0,0
nearest,158.9754,-1
cover,159.0106,0,0,0,0
nearest,159.0106,-1
cover,159.04,0,0,0,0
nearest,159.0401,-1
cover,159.0718,0,0,0,0
nearest,159.0718,-1
cover,159.101,0,0,0,0
nearest,159.101,-1
cover,159.1305,0,0,0,0
nearest,159.1305,-1
cover,159.1594,0,0,0,0
nearest,159.1595,-1
cover,159.1914,0,0,0,0
nearest,159.1914,-1
cover,159.2204,0,0,0,0
nearest,159.2205,-1
cover,159.2575,0,0,0,0
nearest,159.2575,-1
cover,159.2895,0,0,0,0
nearest,159.2895,-1
cover,159.3191,0,0,0,0
nearest,159.3192,-1
cover,159.3574,0,0,0,0
nearest,159.3575,-1
cover,159.3912,0,0,0,0
nearest,159.3912,-1
cover,159.4195,0,0,0,0
nearest,159.4195,-1
cover,159.4515,0,0,0,0
nearest,159.4515,-1
cover,159.4924,0,0,0,0
nearest,159.4924,-1
cover,159.5257,0,0,0,0
nearest,159.5257,-1
cover,159.5575,0,0,0,0
nearest,159.5575,-1
cover,159.5856,0,0,0,0
nearest,159.5856,-1
cover,159.6166,0,0,0,0
nearest,159.6166,-1
cover,159.647,0,0,0,0
nearest,159.6471,-1
cover,159.6786,0,0,0,0
nearest,159.6786,-1
cover,159.709,0,0,0,0
nearest,159.709,-1
cover,159.7406,0,0,0,0
nearest,159.7406,-1
cover,159.7709,0,0,0,0
nearest,159.7709,-1
cover,159.8,0,0,0,0
nearest,159.8001,-1
cover,159.8297,0,0,0,0
nearest,159.8297,-1
cover,159.8595,0,0,0,0
nearest,159.8595,-1
cover,159.8922,0,0,0,0
nearest,159.8922,-1
cover,159.9231,0,0,0,0
nearest,159.9231,-1
cover,159.9572,0,0,0,0
nearest,159.9572,-1
cover,159.9855,0,0,0,0
nearest,159.9855,-1
cover,160.0167,0,0,0,0
nearest,160.0167,-1
cover,160.0476,0,0,0,0
nearest,160.0476,-1
cover,160.0799,0,0,0,0
nearest,160.0799,-1
cover,160.1096,0,0,0,0
nearest,160.1096,-1
cover,160.1408,0,0,0,0
nearest,160.1409,-1
cover,160.1718,0,0,0,0
nearest,160.1718,-1
cover,160.2041,0,0,0,0
nearest,160.2041,-1
cover,160.2355,0,0,0,0
nearest,160.2355,-1
cover,160.2663,0,0,0,0
nearest,160.2663,-1
cover,160.2957,0,0,0,0
nearest,160.2958,-1
cover,160.3264,0,0,0,0
nearest,160.3264,-1
cover,160.3589,0,0,0,0
nearest,160.359,-1
cover,160.3921,0,0,0,0
nearest,160.3921,-1
cover,160.4257,0,0,0,0
nearest,160.4257,-1
cover,160.4604,0,0,0,0
nearest,160.4604,-1
cover,160.49,0,0,0,0
nearest,160.49,-1
cover,160.5176,0,0,0,0
nearest,160.5176,-1
cover,160.5505,0,0,0,0
nearest,160.5505,-1
cover,160.5827,0,0,0,0
nearest,160.5827,-1
cover,160.6151,0,0,0,0
nearest,160.6151,-1
cover,160.6498,0,0,0,0
nearest,160.6498,-1
cover,160.6817,0,0,0,0
nearest,160.6818,-1
cover,160.7166,0,0,0,0
nearest,160.7166,-1
cover,160.7475,0,0,0,0
nearest,160.7476,-1
cover,160.7797,0,0,0,0
nearest,160.7798,-1
cover,160.8097,0,0,0,0
nearest,160.8098,-1
cover,160.8429,0,0,0,0
nearest,160.843,-1
cover,160.8773,0,0,0,0
nearest,160.8774,-1
cover,160.9099,0,0,0,0
nearest,160.91,-1
cover,160.9413,0,0,0,0
nearest,160.9413,-1
cover,160.9717,0,0,0,0
nearest,160.9717,-1
cover,161.0024,0,0,0,0
nearest,161.0024,-1
cover,161.0338,0,0,0,0
nearest,161.0338,-1
cover,161.0637,0,0,0,0
nearest,161.0638,-1
cover,161.0948,0,0,0,0
nearest,161.0949,-1
cover,161.1289,0,0,0,0
nearest,161.1289,-1
cover,161.1603,0,0,0,0
nearest,161.1604,-1
cover,161.192,0,0,0,0
nearest,161.192,-1
cover,161.2252,0,0,0,0
nearest,161.2253,-1
cover,161.2514,0,0,0,0
nearest,161.2514,-1
cover,161.2829,0,0,0,0
nearest,161.2829,-1
cover,161.3142,0,0,0,0
nearest,161.3142,-1
cover,161.3453,0,0,0,0
nearest,161.3454,-1
cover,161.3784,0,0,0,0
nearest,161.3784,-1
cover,161.4067,0,0,0,0
nearest,161.4067,-1
cover,161.4362,0,0,0,0
nearest,161.4363,-1
cover,161.4712,0,0,0,0
nearest,161.4713,-1
cover,161.5008,0,0,0,0
nearest,161.5008,-1
cover,161.5405,0,0,0,0
nearest,161.5405,-1
cover,161.5758,0,0,0,0
nearest,161.5758,-1
cover,161.6105,0,0,0,0
nearest,161.6105,-1
cover,161.6463,0,0,0,0
nearest,161.6463,-1
cover,161.6777,0,0,0,0
nearest,161.6777,-1
cover,161.712,0,0,0,0
nearest,161.7121,-1
cover,161.745,0,0,0,0
nearest,161.745,-1
cover,161.7773,0,0,0,0
nearest,161.7773,-1
cover,161.8102,0,0,0,0
nearest,161.8102,-1
cover,161.8439,0,0,0,0
nearest,161.8439,-1
cover,161.8779,0,0,0,0
nearest,161.8779,-1
cover,161.9076,0,0,0,0
nearest,161.9077,-1
cover,161.9371,0,0,0,0
nearest,161.9372,-1
cover,161.9679,0,0,0,0
nearest,161.9679,-1
cover,161.9993,0,0,0,0
nearest,161.9993,-1
cover,162.0315,0,0,0,0
nearest,162.0315,-1
cover,162.0623,0,0,0,0
nearest,162.0623,-1
cover,162.0942,0,0,0,0
nearest,162.0942,-1
cover,162.1252,0,0,0,0
nearest,162.1252,-1
cover,162.1561,0,0,0,0
nearest,162.1561,-1
cover,162.1906,0,0,0,0
nearest,162.1906,-1
cover,162.2232,0,0,0,0
nearest,162.2233,-1
cover,162.2559,0,0,0,0
nearest,162.2559,-1
cover,162.2863,0,0,0,0
nearest,162.2863,-1
cover,162.3213,0,0,0,0
nearest,162.3213,-1
cover,162.3563,0,0,0,0
nearest,162.3563,-1
cover,162.3918,0,0,0,0
nearest,162.3918,-1
cover,162.4194,0,0,0,0
nearest,162.4194,-1
cover,162.4573,0,0,0,0
nearest,162.4573,-1
cover,162.4906,0,0,0,0
nearest,162.4906,-1
cover,162.5254,0,0,0,0
nearest,162.5255,-1
cover,162.5613,0,0,0,0
nearest,162.5613,-1
cover,162.5946,0,0,0,0
nearest,162.5947,-1
cover,162.6272,0,0,0,0
nearest,162.6273,-1
cover,162.6617,0,0,0,0
nearest,162.6618,-1
cover,162.6935,0,0,0,0
nearest,162.6935,-1
cover,162.7269,0,0,0,0
nearest,162.7269,-1
cover,162.7614,0,0,0,0
nearest,162.7614,-1
cover,162.7935,0,0,0,0
nearest,162.7936,-1
cover,162.8279,0,0,0,0
nearest,162.8279,-1
cover,162.8595,0,0,0,0
nearest,162.8595,-1
cover,162.8896,0,0,0,0
nearest,162.8897,-1
cover,162.9231,0,0,0,0
nearest,162.9232,-1
cover,162.9611,0,0,0,0
nearest,162.9611,-1
cover,162.9919,0,0,0,0
nearest,162.9919,-1
cover,163.0252,0,0,0,0
nearest,163.0252,-1
cover,163.0591,0,0,0,0
nearest,163.0591,-1
cover,163.0925,0,0,0,0
nearest,163.0925,-1
cover,163.1258,0,0,0,0
nearest,163.1258,-1
cover,163.1593,0,0,0,0
nearest,163.1593,-1
cover,163.1906,0,0,0,0
nearest,163.1906,-1
cover,163.2228,0,0,0,0
nearest,163.2229,-1
cover,163.2526,0,0,0,0
nearest,163.2526,-1
cover,163.288,0,0,0,0
nearest,163.288,-1
cover,163.319,0,0,0,0
nearest,163.319,-1
cover,163.3557,0,0,0,0
nearest,163.3557,-1
cover,163.3854,0,0,0,0
nearest,163.3855,-1
cover,163.4192,0,0,0,0
nearest,163.4192,-1
cover,163.4533,0,0,0,0
nearest,163.4533,-1
cover,163.4872,0,0,0,0
nearest,163.4872,-1
cover,163.5234,0,0,0,0
nearest,163.5235,-1
cover,163.5563,0,0,0,0
nearest,163.5564,-1
cover,163.587,0,0,0,0
nearest,163.587,-1
cover,163.6194,0,0,0,0
nearest,163.6194,-1
cover,163.6528,0,0,0,0
nearest,163.6528,-1
cover,163.6843,0,0,0,0
nearest,163.6843,-1
cover,163.7164,0,0,0,0
nearest,163.7164,-1
cover,163.7521,0,0,0,0
nearest,163.7521,-1
cover,163.7854,0,0,0,0
nearest,163.7855,-1
cover,163.819,0,0,0,0
nearest,163.819,-1
cover,163.8505,0,0,0,0
nearest,163.8505,-1
cover,163.8858,0,0,0,0
nearest,163.8858,-1
cover,163.9159,0,0,0,0
nearest,163.9159,-1
cover,163.9511,0,0,0,0
nearest,163.9511,-1
cover,163.9845,0,0,0,0
nearest,163.9846,-1
cover,164.0193,0,0,0,0
nearest,164.0193,-1
cover,164.0532,0,0,0,0
nearest,164.0532,-1
cover,164.091,0,0,0,0
nearest,164.0911,-1
cover,164.1257,0,0,0,0
nearest,164.1257,-1
cover,164.1588,0,0,0,0
nearest,164.1588,-1
cover,164.1946,0,0,0,0
nearest,164.1946,-1
cover,164.2284,0,0,0,0
nearest,164.2284,-1
cover,164.261,0,0,0,0
nearest,164.261,-1
cover,164.2937,0,0,0,0
nearest,164.2937,-1
cover,164.3243,0,0,0,0
nearest,164.3244,-1
cover,164.3596,0,0,0,0
nearest,164.3596,-1
cover,164.3894,0,0,0,0
nearest,164.3895,-1
cover,164.4179,0,0,0,0
nearest,164.4179,-1
cover,164.4513,0,0,0,0
nearest,164.4514,-1
cover,164.4839,0,0,0,0
nearest,164.4839,-1
cover,164.5169,0,0,0,0
nearest,164.517,-1
cover,164.5502,0,0,0,0
nearest,164.5503,-1
cover,164.5847,0,0,0,0
nearest,164.5848,-1
cover,164.6195,0,0,0,0
nearest,164.6195,-1
cover,164.6536,0,0,0,0
nearest,164.6537,-1
cover,164.6836,0,0,0,0
nearest,164.6837,-1
cover,164.7151,0,0,0,0
nearest,164.7151,-1
cover,164.7485,0,0,0,0
nearest,164.7486,-1
cover,164.7798,0,0,0,0
nearest,164.7798,-1
cover,164.8167,0,0,0,0
nearest,164.8167,-1
cover,164.8508,0,0,0,0
nearest,164.8508,-1
cover,164.8852,0,0,0,0
nearest,164.8852,-1
cover,164.9185,0,0,0,0
nearest,164.9185,-1
cover,164.9518,0,0,0,0
nearest,164.9518,-1
cover,164.9844,0,0,0,0
nearest,164.9844,-1
cover,165.0192,0,0,0,0
nearest,165.0192,-1
cover,165.0531,0,0,0,0
nearest,165.0532,-1
cover,165.0854,0,0,0,0
nearest,165.0854,-1
cover,165.1191,0,0,0,0
nearest,165.1191,-1
cover,165.1513,0,0,0,0
nearest,165.1513,-1
cover,165.1847,0,0,0,0
nearest,165.1847,-1
cover,165.2152,0,0,0,0
nearest,165.2153,-1
cover,165.2474,0,0,0,0
nearest,165.2474,-1
cover,165.2801,0,0,0,0
nearest,165.2802,-1
cover,165.3098,0,0,0,0
nearest,165.3098,-1
cover,165.3405,0,0,0,0
nearest,165.3405,-1
cover,165.371,0,0,0,0
nearest,165.371,-1
cover,165.4023,0,0,0,0
nearest,165.4023,-1
cover,165.4344,0,0,0,0
nearest,165.4344,-1
cover,165.4645,0,0,0,0
nearest,165.4645,-1
cover,165.4958,0,0,0,0
nearest,165.4958,-1
cover,165.5276,0,0,0,0
nearest,165.5277,-1
cover,165.559,0,0,0,0
nearest,165.559,-1
cover,165.5922,0,0,0,0
nearest,165.5922,-1
cover,165.6254,0,0,0,0
nearest,165.6254,-1
cover,165.6586,0,0,0,0
nearest,165.6586,-1
cover,165.6926,0,0,0,0
nearest,165.6927,-1
cover,165.7258,0,0,0,0
nearest,165.7258,-1
cover,165.7599,0,0,0,0
nearest,165.76,-1
cover,165.7949,0,0,0,0
nearest,165.7949,-1
cover,165.8263,0,0,0,0
nearest,165.8263,-1
cover,165.8573,0,0,0,0
nearest,165.8574,-1
cover,165.8897,0,0,0,0
nearest,165.8897,-1
cover,165.9267,0,0,0,0
nearest,165.9268,-1
cover,165.9597,0,0,0,0
nearest,165.9597,-1
cover,165.9913,0,0,0,0
nearest,165.9913,-1
cover,166.0267,0,0,0,0
nearest,166.0268,-1
cover,166.0616,0,0,0,0
nearest,166.0616,-1
cover,166.0962,0,0,0,0
nearest,166.0962,-1
cover,166.1423,0,0,0,0
nearest,166.1423,-1
cover,166.1742,0,0,0,0
nearest,166.1742,-1
cover,166.2052,0,0,0,0
nearest,166.2052,-1
cover,166.237,0,0,0,0
nearest,166.237,-1
cover,166.2689,0,0,0,0
nearest,166.2689,-1
cover,166.2999,0,0,0,0
nearest,166.2999,-1
cover,166.3305,0,0,0,0
nearest,166.3306,-1
cover,166.3625,0,0,0,0
nearest,166.3625,-1
cover,166.3938,0,0,0,0
nearest,166.3938,-1
cover,166.4279,0,0,0,0
nearest,166.4279,-1
cover,166.4607,0,0,0,0
nearest,166.4608,-1
cover,166.4951,0,0,0,0
nearest,166.4951,-1
cover,166.5263,0,0,0,0
nearest,166.5263,-1
cover,166.5584,0,0,0,0
nearest,166.5584,-1
cover,166.593,0,0,0,0
nearest,166.593,-1
cover,166.6271,0,0,0,0
nearest,166.6271,-1
cover,166.6538,0,0,0,0
nearest,166.6538,-1
cover,166.6917,0,0,0,0
nearest,166.6917,-1
cover,166.7242,0,0,0,0
nearest,166.7242,-1
cover,166.7586,0,0,0,0
nearest,166.7586,-1
cover,166.7944,0,0,0,0
nearest,166.7944,-1
cover,166.8284,0,0,0,0
nearest,166.8284,-1
cover,166.8601,0,0,0,0
nearest,166.8601,-1
cover,166.8944,0,0,0,0
nearest,166.8944,-1
cover,166.9297,0,0,0,0
nearest,166.9297,-1
cover,166.9637,0,0,0,0
nearest,166.9637,-1
cover,166.9937,0,0,0,0
nearest,166.9937,-1
cover,167.0272,0,0,0,0
nearest,167.0272,-1
cover,167.0608,0,0,0,0
nearest,167.0608,-1
cover,167.0921,0,0,0,0
nearest,167.0921,-1
cover,167.1211,0,0,0,0
nearest,167.1211,-1
cover,167.1574,0,0,0,0
nearest,167.1574,-1
cover,167.1916,0,0,0,0
nearest,167.1916,-1
cover,167.2253,0,0,0,0
nearest,167.2254,-1
cover,167.2573,0,0,0,0
nearest,167.2573,-1
cover,167.294,0,0,0,0
nearest,167.2941,-1
cover,167.3266,0,0,0,0
nearest,167.3266,-1
cover,167.3617,0,0,0,0
nearest,167.3617,-1
cover,167.3923,0,0,0,0
nearest,167.3923,-1
cover,167.4264,0,0,0,0
nearest,167.4264,-1
cover,167.4638,0,0,0,0
nearest,167.4638,-1
cover,167.4974,0,0,0,0
nearest,167.4975,-1
cover,167.5292,0,0,0,0
nearest,167.5292,-1
cover,167.5597,0,0,0,0
nearest,167.5598,-1
cover,167.5943,0,0,0,0
nearest,167.5944,-1
cover,167.6291,0,0,0,0
nearest,167.6291,-1
cover,167.6616,0,0,0,0
nearest,167.6616,-1
cover,167.6942,0,0,0,0
nearest,167.6943,-1
cover,167.7251,0,0,0,0
nearest,167.7252,-1
cover,167.7608,0,0,0,0
nearest,167.7608,-1
cover,167.7944,0,0,0,0
nearest,167.7945,-1
cover,167.8254,0,0,0,0
nearest,167.8255,-1
cover,167.8625,0,0,0,0
nearest,167.8626,-1
cover,167.8957,0,0,0,0
nearest,167.8957,-1
cover,167.9289,0,0,0,0
nearest,167.9289,-1
cover,167.9597,0,0,0,0
nearest,167.9597,-1
cover,167.9922,0,0,0,0
nearest,167.9923,-1
cover,168.0272,0,0,0,0
nearest,168.0272,-1
cover,168.0627,0,0,0,0
nearest,168.0627,-1
cover,168.094,0,0,0,0
nearest,168.094,-1
cover,168.1276,0,0,0,0
nearest,168.1276,-1
cover,168.1603,0,0,0,0
nearest,168.1604,-1
cover,168.1928,0,0,0,0
nearest,168.1928,-1
cover,168.224,0,0,0,0
nearest,168.224,-1
cover,168.2581,0,0,0,0
nearest,168.2582,-1
cover,168.2946,0,0,0,0
nearest,168.2946,-1
cover,168.3283,0,0,0,0
nearest,168.3283,-1
cover,168.3596,0,0,0,0
nearest,168.3596,-1
cover,168.3938,0,0,0,0
nearest,168.3938,-1
cover,168.4255,0,0,0,0
nearest,168.4255,-1
cover,168.4587,0,0,0,0
nearest,168.4587,-1
cover,168.4925,0,0,0,0
nearest,168.4926,-1
cover,168.5261,0,0,0,0
nearest,168.5261,-1
cover,168.5622,0,0,0,0
nearest,168.5622,-1
cover,168.5898,0,0,0,0
nearest,168.5899,-1
cover,168.6213,0,0,0,0
nearest,168.6213,-1
cover,168.6541,0,0,0,0
nearest,168.6541,-1
cover,168.6855,0,0,0,0
nearest,168.6856,-1
cover,168.7187,0,0,0,0
nearest,168.7188,-1
cover,168.7498,0,0,0,0
nearest,168.7498,-1
cover,168.7816,0,0,0,0
nearest,168.7816,-1
cover,168.8165,0,0,0,0
nearest,168.8166,-1
cover,168.8509,0,0,0,0
nearest,168.851,-1
cover,168.883,0,0,0,0
nearest,168.8831,-1
cover,168.9158,0,0,0,0
nearest,168.9158,-1
cover,168.9522,0,0,0,0
nearest,168.9523,-1
cover,168.9879,0,0,0,0
nearest,168.988,-1
cover,169.0227,0,0,0,0
nearest,169.0227,-1
cover,169.0546,0,0,0,0
nearest,169.0547,-1
cover,169.0898,0,0,0,0
nearest,169.0898,-1
cover,169.1308,0,0,0,0
nearest,169.1308,-1
cover,169.1637,0,0,0,0
nearest,169.1637,-1
cover,169.1984,0,0,0,0
nearest,169.1984,-1
cover,169.2335,0,0,0,0
nearest,169.2336,-1
cover,169.268,0,0,0,0
nearest,169.2681,-1
cover,169.307,0,0,0,0
nearest,169.307,-1
cover,169.3397,0,0,0,0
nearest,169.3397,-1
cover,169.3728,0,0,0,0
nearest,169.3728,-1
cover,169.4098,0,0,0,0
nearest,169.4098,-1
cover,169.4451,0,0,0,0
nearest,169.4451,-1
cover,169.5067,0,0,0,0
nearest,169.5067,-1
cover,169.5578,0,0,0,0
nearest,169.5578,-1
cover,169.5964,0,0,0,0
nearest,169.5965,-1
cover,169.6291,0,0,0,0
nearest,169.6292,-1
cover,169.6634,0,0,0,0
nearest,169.6635,-1
cover,169.698,0,0,0,0
nearest,169.6981,-1
cover,169.7309,0,0,0,0
nearest,169.7309,-1
cover,169.7622,0,0,0,0
nearest,169.7623,-1
cover,169.7946,0,0,0,0
nearest,169.7946,-1
cover,169.8291,0,0,0,0
nearest,169.8292,-1
cover,169.8615,0,0,0,0
nearest,169.8615,-1
cover,169.8936,0,0,0,0
nearest,169.8936,-1
cover,169.9273,0,0,0,0
nearest,169.9274,-1
cover,169.9606,0,0,0,0
nearest,169.9606,-1
cover,169.9952,0,0,0,0
nearest,169.9952,-1
cover,170.0283,0,0,0,0
nearest,170.0283,-1
cover,170.0606,0,0,0,0
nearest,170.0606,-1
cover,170.0937,0,0,0,0
nearest,170.0937,-1
cover,170.1272,0,0,0,0
nearest,170.1272,-1
cover,170.1618,0,0,0,0
nearest,170.1619,-1
cover,170.1936,0,0,0,0
nearest,170.1936,-1
cover,170.229,0,0,0,0
nearest,170.229,-1
cover,170.2621,0,0,0,0
nearest,170.2621,-1
cover,170.2956,0,0,0,0
nearest,170.2956,-1
cover,170.3238,0,0,0,0
nearest,170.3238,-1
cover,170.3633,0,0,0,0
nearest,170.3634,-1
cover,170.3952,0,0,0,0
nearest,170.3953,-1
cover,170.4291,0,0,0,0
nearest,170.4291,-1
cover,170.4621,0,0,0,0
nearest,170.4621,-1
cover,170.4983,0,0,0,0
nearest,170.4983,-1
cover,170.5306,0,0,0,0
nearest,170.5306,-1
cover,170.5612,0,0,0,0
nearest,170.5612,-1
cover,170.5947,0,0,0,0
nearest,170.5948,-1
cover,170.629,0,0,0,0
nearest,170.629,-1
cover,170.6619,0,0,0,0
nearest,170.662,-1
cover,170.6963,0,0,0,0
nearest,170.6963,-1
cover,170.7298,0,0,0,0
nearest,170.7299,-1
cover,170.7622,0,0,0,0
nearest,170.7622,-1
cover,170.7962,0,0,0,0
nearest,170.7962,-1
cover,170.8295,0,0,0,0
nearest,170.8295,-1
cover,170.8625,0,0,0,0
nearest,170.8625,-1
cover,170.8975,0,0,0,0
nearest,170.8976,-1
cover,170.9316,0,0,0,0
nearest,170.9317,-1
cover,170.9645,0,0,0,0
nearest,170.9646,-1
cover,171.0012,0,0,0,0
nearest,171.0012,-1
cover,171.031,0,0,0,0
nearest,171.031,-1
cover,171.0652,0,0,0,0
nearest,171.0652,-1
cover,171.0954,0,0,0,0
nearest,171.0954,-1
cover,171.1286,0,0,0,0
nearest,171.1286,-1
cover,171.1613,0,0,0,0
nearest,171.1613,-1
cover,171.1945,0,0,0,0
nearest,171.1945,-1
cover,171.2252,0,0,0,0
nearest,171.2252,-1
cover,171.2555,0,0,0,0
nearest,171.2556,-1
cover,171.2878,0,0,0,0
nearest,171.2878,-1
cover,171.3275,0,0,0,0
nearest,171.3276,-1
cover,171.37,0,0,0,0
nearest,171.37,-1
cover,171.4773,0,0,0,0
nearest,171.4774,-1
cover,171.5137,0,0,0,0
nearest,171.5137,-1
cover,171.5514,0,0,0,0
nearest,171.5515,-1
cover,171.5937,0,0,0,0
nearest,171.5937,-1
cover,171.6309,0,0,0,0
nearest,171.631,-1
cover,171.6689,0,0,0,0
nearest,171.6689,-1
cover,171.7023,0,0,0,0
nearest,171.7023,-1
cover,171.7671,0,0,0,0
nearest,171.7671,-1
cover,171.8016,0,0,0,0
nearest,171.8017,-1
cover,171.8346,0,0,0,0
nearest,171.8347,-1
cover,171.8687,0,0,0,0
nearest,171.8688,-1
cover,171.9004,0,0,0,0
nearest,171.9004,-1
cover,171.9349,0,0,0,0
nearest,171.9349,-1
cover,171.9671,0,0,0,0
nearest,171.9672,-1
cover,171.9999,0,0,0,0
nearest,171.9999,-1
cover,172.033,0,0,0,0
nearest,172.033,-1
cover,172.0684,0,0,0,0
nearest,172.0684,-1
cover,172.0985,0,0,0,0
nearest,172.0985,-1
cover,172.1272,0,0,0,0
nearest,172.1272,-1
cover,172.1606,0,0,0,0
nearest,172.1608,-1
cover,172.1926,0,0,0,0
nearest,172.1927,-1
cover,172.2274,0,0,0,0
nearest,172.2274,-1
cover,172.2631,0,0,0,0
nearest,172.2632,-1
cover,172.2978,0,0,0,0
nearest,172.2978,-1
cover,172.333,0,0,0,0
nearest,172.3331,-1
cover,172.3696,0,0,0,0
nearest,172.3697,-1
cover,172.4026,0,0,0,0
nearest,172.4026,-1
cover,172.4378,0,0,0,0
nearest,172.4378,-1
cover,172.4713,0,0,0,0
nearest,172.4713,-1
cover,172.5035,0,0,0,0
nearest,172.5036,-1
cover,172.5356,0,0,0,0
nearest,172.5356,-1
cover,172.5665,0,0,0,0
nearest,172.5665,-1
cover,172.6001,0,0,0,0
nearest,172.6001,-1
cover,172.6312,0,0,0,0
nearest,172.6313,-1
cover,172.6669,0,0,0,0
nearest,172.6669,-1
cover,172.7003,0,0,0,0
nearest,172.7004,-1
cover,172.7409,0,0,0,0
nearest,172.7409,-1
cover,172.7775,0,0,0,0
nearest,172.7775,-1
cover,172.8133,0,0,0,0
nearest,172.8133,-1
cover,172.8484,0,0,0,0
nearest,172.8484,-1
cover,172.8822,0,0,0,0
nearest,172.8822,-1
cover,172.9156,0,0,0,0
nearest,172.9156,-1
cover,172.9473,0,0,0,0
nearest,172.9473,-1
cover,172.9786,0,0,0,0
nearest,172.9786,-1
cover,173.0103,0,0,0,0
nearest,173.0103,-1
cover,173.0795,0,0,0,0
nearest,173.0795,-1
cover,173.1118,0,0,0,0
nearest,173.1118,-1
cover,173.144,0,0,0,0
nearest,173.1441,-1
cover,173.1772,0,0,0,0
nearest,173.1772,-1
cover,173.2077,0,0,0,0
nearest,173.2078,-1
cover,173.2415,0,0,0,0
nearest,173.2416,-1
cover,173.2764,0,0,0,0
nearest,173.2764,-1
cover,173.3089,0,0,0,0
nearest,173.3089,-1
cover,173.3395,0,0,0,0
nearest,173.3395,-1
cover,173.3745,0,0,0,0
nearest,173.3745,-1
cover,173.4096,0,0,0,0
nearest,173.4096,-1
cover,173.4433,0,0,0,0
nearest,173.4433,-1
cover,173.4814,0,0,0,0
nearest,173.4814,-1
cover,173.5144,0,0,0,0
nearest,173.5144,-1
cover,173.5476,0,0,0,0
nearest,173.5476,-1
cover,173.5879,0,0,0,0
nearest,173.5879,-1
cover,173.6216,0,0,0,0
nearest,173.6216,-1
cover,173.6533,0,0,0,0
nearest,173.6533,-1
cover,173.6856,0,0,0,0
nearest,173.6856,-1
cover,173.7188,0,0,0,0
nearest,173.7188,-1
cover,173.7543,0,0,0,0
nearest,173.7543,-1
cover,173.7867,0,0,0,0
nearest,173.7867,-1
cover,173.8194,0,0,0,0
nearest,173.8194,-1
cover,173.8538,0,0,0,0
nearest,173.8539,-1
cover,173.8879,0,0,0,0
nearest,173.888,-1
cover,173.9225,0,0,0,0
nearest,173.9226,-1
cover,173.9555,0,0,0,0
nearest,173.9555,-1
cover,173.9872,0,0,0,0
nearest,173.9874,-1
cover,174.0214,0,0,0,0
nearest,174.0215,-1
cover,174.0546,0,0,0,0
nearest,174.0547,-1
cover,174.0856,0,0,0,0
nearest,174.0856,-1
cover,174.1184,0,0,0,0
nearest,174.1184,-1
cover,174.1495,0,0,0,0
nearest,174.1495,-1
cover,174.1809,0,0,0,0
nearest,174.181,-1
cover,174.2123,0,0,0,0
nearest,174.2124,-1
cover,174.2449,0,0,0,0
nearest,174.2449,-1
cover,174.2758,0,0,0,0
nearest,174.2758,-1
cover,174.3076,0,0,0,0
nearest,174.3076,-1
cover,174.3436,0,0,0,0
nearest,174.3436,-1
cover,174.3753,0,0,0,0
nearest,174.3753,-1
cover,174.407,0,0,0,0
nearest,174.407,-1
cover,174.4379,0,0,0,0
nearest,174.438,-1
cover,174.4704,0,0,0,0
nearest,174.4704,-1
cover,174.5045,0,0,0,0
nearest,174.5046,-1
cover,174.538,0,0,0,0
nearest,174.5381,-1
cover,174.5734,0,0,0,0
nearest,174.5734,-1
cover,174.6069,0,0,0,0
nearest,174.6069,-1
cover,174.6438,0,0,0,0
nearest,174.6438,-1
cover,174.6806,0,0,0,0
nearest,174.6806,-1
cover,174.7122,0,0,0,0
nearest,174.7122,-1
cover,174.7424,0,0,0,0
nearest,174.7424,-1
cover,174.7744,0,0,0,0
nearest,174.7744,-1
cover,174.8105,0,0,0,0
nearest,174.8105,-1
cover,174.842,0,0,0,0
nearest,174.842,-1
cover,174.8713,0,0,0,0
nearest,174.8714,-1
cover,174.9072,0,0,0,0
nearest,174.9073,-1
cover,174.9374,0,0,0,0
nearest,174.9374,-1
cover,174.9678,0,0,0,0
nearest,174.9678,-1
cover,174.9985,0,0,0,0
nearest,174.9985,-1
cover,175.0329,0,0,0,0
nearest,175.033,-1
cover,175.0681,0,0,0,0
nearest,175.0681,-1
cover,175.0976,0,0,0,0
nearest,175.0976,-1
cover,175.1284,0,0,0,0
nearest,175.1285,-1
cover,175.1585,0,0,0,0
nearest,175.1585,-1
cover,175.1911,0,0,0,0
nearest,175.1911,-1
cover,175.2232,0,0,0,0
nearest,175.2233,-1
cover,175.2538,0,0,0,0
nearest,175.2538,-1
cover,175.2841,0,0,0,0
nearest,175.2841,-1
cover,175.314,0,0,0,0
nearest,175.3141,-1
cover,175.3449,0,0,0,0
nearest,175.3449,-1
cover,175.3759,0,0,0,0
nearest,175.376,-1
cover,175.4083,0,0,0,0
nearest,175.4083,-1
cover,175.4396,0,0,0,0
nearest,175.4396,-1
cover,175.4715,0,0,0,0
nearest,175.4715,-1
cover,175.5006,0,0,0,0
nearest,175.5006,-1
cover,175.5336,0,0,0,0
nearest,175.5336,-1
cover,175.5648,0,0,0,0
nearest,175.5648,-1
cover,175.5985,0,0,0,0
nearest,175.5986,-1
cover,175.629,0,0,0,0
nearest,175.6291,-1
cover,175.6631,0,0,0,0
nearest,175.6631,-1
cover,175.6971,0,0,0,0
nearest,175.6971,-1
cover,175.7313,0,0,0,0
nearest,175.7313,-1
cover,175.7652,0,0,0,0
nearest,175.7653,-1
cover,175.8015,0,0,0,0
nearest,175.8015,-1
cover,175.8345,0,0,0,0
nearest,175.8346,-1
cover,175.8719,0,0,0,0
nearest,175.8719,-1
cover,175.9065,0,0,0,0
nearest,175.9065,-1
cover,175.9417,0,0,0,0
nearest,175.9417,-1
cover,175.9746,0,0,0,0
nearest,175.9746,-1
cover,176.007,0,0,0,0
nearest,176.007,-1
cover,176.0417,0,0,0,0
nearest,176.0417,-1
cover,176.0716,0,0,0,0
nearest,176.0716,-1
cover,176.0995,0,0,0,0
nearest,176.0995,-1
cover,176.1299,0,0,0,0
nearest,176.13,-1
cover,176.1638,0,0,0,0
nearest,176.1639,-1
cover,176.2011,0,0,0,0
nearest,176.2012,-1
cover,176.2416,0,0,0,0
nearest,176.2417,-1
cover,176.3021,0,0,0,0
nearest,176.3022,-1
cover,176.3363,0,0,0,0
nearest,176.3364,-1
cover,176.3785,0,0,0,0
nearest,176.3785,-1
cover,176.4128,0,0,0,0
nearest,176.4128,-1
cover,176.4489,0,0,0,0
nearest,176.4489,-1
cover,176.4826,0,0,0,0
nearest,176.4827,-1
cover,176.5169,0,0,0,0
nearest,176.5169,-1
cover,176.548,0,0,0,0
nearest,176.548,-1
cover,176.5799,0,0,0,0
nearest,176.5799,-1
cover,176.6097,0,0,0,0
nearest,176.6097,-1
cover,176.6427,0,0,0,0
nearest,176.6427,-1
cover,176.6757,0,0,0,0
nearest,176.6757,-1
cover,176.7087,0,0,0,0
nearest,176.7087,-1
cover,176.741,0,0,0,0
nearest,176.741,-1
cover,176.7742,0,0,0,0
nearest,176.7742,-1
cover,176.8074,0,0,0,0
nearest,176.8075,-1
cover,176.8416,0,0,0,0
nearest,176.8416,-1
cover,176.8757,0,0,0,0
nearest,176.8757,-1
cover,176.908,0,0,0,0
nearest,176.9081,-1
cover,176.941,0,0,0,0
nearest,176.941,-1
cover,176.9769,0,0,0,0
nearest,176.9769,-1
cover,177.0115,0,0,0,0
nearest,177.0115,-1
cover,177.0478,0,0,0,0
nearest,177.0478,-1
cover,177.0807,0,0,0,0
nearest,177.0808,-1
cover,177.1154,0,0,0,0
nearest,177.1155,-1
cover,177.153,0,0,0,0
nearest,177.153,-1
cover,177.1845,0,0,0,0
nearest,177.1846,-1
cover,177.2148,0,0,0,0
nearest,177.2149,-1
cover,177.2465,0,0,0,0
nearest,177.2465,-1
cover,177.2806,0,0,0,0
nearest,177.2806,-1
cover,177.3425,0,0,0,0
nearest,177.3425,-1
cover,177.3841,0,0,0,0
nearest,177.3841,-1
cover,177.4166,0,0,0,0
nearest,177.4166,-1
cover,177.4503,0,0,0,0
nearest,177.4503,-1
cover,177.4826,0,0,0,0
nearest,177.4827,-1
cover,177.5152,0,0,0,0
nearest,177.5152,-1
cover,177.5473,0,0,0,0
nearest,177.5473,-1
cover,177.5786,0,0,0,0
nearest,177.5787,-1
cover,177.6121,0,0,0,0
nearest,177.6122,-1
cover,177.6489,0,0,0,0
nearest,177.6489,-1
cover,177.6864,0,0,0,0
nearest,177.6864,-1
cover,177.7219,0,0,0,0
nearest,177.7219,-1
cover,177.7626,0,0,0,0
nearest,177.7626,-1
cover,177.8121,0,0,0,0
nearest,177.8121,-1
cover,177.8538,0,0,0,0
nearest,177.8538,-1
cover,177.8905,0,0,0,0
nearest,177.8906,-1
cover,177.9256,0,0,0,0
nearest,177.9257,-1
cover,177.967,0,0,0,0
nearest,177.9671,-1
cover,178.0004,0,0,0,0
nearest,178.0004,-1
cover,178.0335,0,0,0,0
nearest,178.0336,-1
cover,178.0669,0,0,0,0
nearest,178.067,-1
cover,178.0991,0,0,0,0
nearest,178.0991,-1
cover,178.1302,0,0,0,0
nearest,178.1302,-1
cover,178.1597,0,0,0,0
nearest,178.1597,-1
cover,178.1902,0,0,0,0
nearest,178.1902,-1
cover,178.222,0,0,0,0
nearest,178.222,-1
cover,178.2517,0,0,0,0
nearest,178.2517,-1
cover,178.2834,0,0,0,0
nearest,178.2834,-1
cover,178.3128,0,0,0,0
nearest,178.3128,-1
cover,178.3444,0,0,0,0
nearest,178.3444,-1
cover,178.3755,0,0,0,0
nearest,178.3755,-1
cover,178.4075,0,0,0,0
nearest,178.4075,-1
cover,178.4413,0,0,0,0
nearest,178.4414,-1
cover,178.476,0,0,0,0
nearest,178.476,-1
cover,178.509,0,0,0,0
nearest,178.5091,-1
cover,178.5349,0,0,0,0
nearest,178.5349,-1
cover,178.5668,0,0,0,0
nearest,178.5668,-1
cover,178.5987,0,0,0,0
nearest,178.5987,-1
cover,178.6321,0,0,0,0
nearest,178.6322,-1
cover,178.669,0,0,0,0
nearest,178.669,-1
cover,178.7072,0,0,0,0
nearest,178.7072,-1
cover,178.7482,0,0,0,0
nearest,178.7483,-1
cover,178.7893,0,0,0,0
nearest,178.7894,-1
cover,178.8256,0,0,0,0
nearest,178.8256,-1
cover,178.8594,0,0,0,0
nearest,178.8594,-1
cover,178.8946,0,0,0,0
nearest,178.8947,-1
cover,178.9313,0,0,0,0
nearest,178.9313,-1
cover,178.9691,0,0,0,0
nearest,178.9692,-1
cover,179.0126,0,0,0,0
nearest,179.0126,-1
cover,179.0486,0,0,0,0
nearest,179.0486,-1
cover,179.0832,0,0,0,0
nearest,179.0832,-1
cover,179.1174,0,0,0,0
nearest,179.1175,-1
cover,179.1489,0,0,0,0
nearest,179.149,-1
cover,179.1791,0,0,0,0
nearest,179.1791,-1
cover,179.2125,0,0,0,0
nearest,179.2125,-1
cover,179.2436,0,0,0,0
nearest,179.2437,-1
cover,179.2759,0,0,0,0
nearest,179.2759,-1
cover,179.3125,0,0,0,0
nearest,179.3125,-1
cover,179.3455,0,0,0,0
nearest,179.3456,-1
cover,179.3766,0,0,0,0
nearest,179.3766,-1
cover,179.4102,0,0,0,0
nearest,179.4102,-1
cover,179.4412,0,0,0,0
nearest,179.4412,-1
cover,179.4754,0,0,0,0
nearest,179.4754,-1
cover,179.5108,0,0,0,0
nearest,179.5108,-1
cover,179.5453,0,0,0,0
nearest,179.5454,-1
cover,179.5815,0,0,0,0
nearest,179.5815,-1
cover,179.6187,0,0,0,0
nearest,179.6187,-1
cover,179.6535,0,0,0,0
nearest,179.6535,-1
cover,179.6831,0,0,0,0
nearest,179.6831,-1
cover,179.7157,0,0,0,0
nearest,179.7157,-1
cover,179.7454,0,0,0,0
nearest,179.7454,-1
cover,179.7759,0,0,0,0
nearest,179.7759,-1
cover,179.8076,0,0,0,0
nearest,179.8076,-1
cover,179.8379,0,0,0,0
nearest,179.8379,-1
cover,179.8738,0,0,0,0
nearest,179.8738,-1
cover,179.9066,0,0,0,0
nearest,179.9067,-1
cover,179.9421,0,0,0,0
nearest,179.9421,-1
cover,179.9754,0,0,0,0
nearest,179.9754,-1
cover,180.006,0,0,0,0
nearest,180.006,-1
cover,180.0362,0,0,0,0
nearest,180.0362,-1
cover,180.0687,0,0,0,0
nearest,180.0687,-1
cover,180.1049,0,0,0,0
nearest,180.105,-1
cover,180.1375,0,0,0,0
nearest,180.1375,-1
cover,180.1719,0,0,0,0
nearest,180.172,-1
cover,180.2082,0,0,0,0
nearest,180.2082,-1
cover,180.2425,0,0,0,0
nearest,180.2425,-1
cover,180.276,0,0,0,0
nearest,180.276,-1
cover,180.3106,0,0,0,0
nearest,180.3106,-1
cover,180.3445,0,0,0,0
nearest,180.3445,-1
cover,180.3754,0,0,0,0
nearest,180.3755,-1
cover,180.4076,0,0,0,0
nearest,180.4077,-1
cover,180.4404,0,0,0,0
nearest,180.4405,-1
cover,180.4722,0,0,0,0
nearest,180.4722,-1
cover,180.5058,0,0,0,0
nearest,180.5058,-1
cover,180.5352,0,0,0,0
nearest,180.5353,-1
cover,180.5681,0,0,0,0
nearest,180.5681,-1
cover,180.6018,0,0,0,0
nearest,180.6018,-1
cover,180.6368,0,0,0,0
nearest,180.6369,-1
cover,180.6764,0,0,0,0
nearest,180.6764,-1
cover,180.7112,0,0,0,0
nearest,180.7113,-1
cover,180.7874,0,0,0,0
nearest,180.7875,-1
cover,180.8409,0,0,0,0
nearest,180.8409,-1
cover,180.8935,0,0,0,0
nearest,180.8935,-1
cover,180.9446,0,0,0,0
nearest,180.9446,-1
cover,180.988,0,0,0,0
nearest,180.988,-1
cover,181.0264,0,0,0,0
nearest,181.0264,-1
cover,181.0691,0,0,0,0
nearest,181.0691,-1
cover,181.1096,0,0,0,0
nearest,181.1096,-1
cover,181.1456,0,0,0,0
nearest,181.1456,-1
cover,181.1876,0,0,0,0
nearest,181.1876,-1
cover,181.2275,0,0,0,0
nearest,181.2276,-1
cover,181.2742,0,0,0,0
nearest,181.2742,-1
cover,181.3157,0,0,0,0
nearest,181.3157,-1
cover,181.3603,0,0,0,0
nearest,181.3604,-1
cover,181.4026,0,0,0,0
nearest,181.4026,-1
cover,181.4437,0,0,0,0
nearest,181.4438,-1
cover,181.481,0,0,0,0
nearest,181.481,-1
cover,181.5191,0,0,0,0
nearest,181.5191,-1
cover,181.5566,0,0,0,0
nearest,181.5566,-1
cover,181.5928,0,0,0,0
nearest,181.5928,-1
cover,181.6291,0,0,0,0
nearest,181.6291,-1
cover,181.6717,0,0,0,0
nearest,181.6718,-1
cover,181.7215,0,0,0,0
nearest,181.7215,-1
cover,181.7634,0,0,0,0
nearest,181.7635,-1
cover,181.8164,0,0,0,0
nearest,181.8164,-1
cover,181.8613,0,0,0,0
nearest,181.8613,-1
cover,181.9059,0,0,0,0
nearest,181.906,-1
cover,181.9591,0,0,0,0
nearest,181.9591,-1
cover,182.0179,0,0,0,0
nearest,182.0179,-1
cover,182.0656,0,0,0,0
nearest,182.0657,-1
cover,182.1056,0,0,0,0
nearest,182.1056,-1
cover,182.15,0,0,0,0
nearest,182.1501,-1
cover,182.193,0,0,0,0
nearest,182.193,-1
cover,182.2335,0,0,0,0
nearest,182.2336,-1
cover,182.279,0,0,0,0
nearest,182.279,-1
cover,182.3208,0,0,0,0
nearest,182.3208,-1
cover,182.3944,0,0,0,0
nearest,182.3945,-1
cover,182.4386,0,0,0,0
nearest,182.4386,-1
cover,182.4866,0,0,0,0
nearest,182.4866,-1
cover,182.522,0,0,0,0
nearest,182.522,-1
cover,182.5599,0,0,0,0
nearest,182.56,-1
cover,182.5985,0,0,0,0
nearest,182.5986,-1
cover,182.6355,0,0,0,0
nearest,182.6355,-1
cover,182.6717,0,0,0,0
nearest,182.6717,-1
cover,182.7046,0,0,0,0
nearest,182.7046,-1
cover,182.744,0,0,0,0
nearest,182.744,-1
cover,182.7789,0,0,0,0
nearest,182.779,-1
cover,182.8132,0,0,0,0
nearest,182.8133,-1
cover,182.8461,0,0,0,0
nearest,182.8461,-1
cover,182.8779,0,0,0,0
nearest,182.8779,-1
cover,182.9144,0,0,0,0
nearest,182.9144,-1
cover,182.951,0,0,0,0
nearest,182.951,-1
cover,182.9836,0,0,0,0
nearest,182.9836,-1
cover,183.0198,0,0,0,0
nearest,183.0198,-1
cover,183.0544,0,0,0,0
nearest,183.0544,-1
cover,183.0899,0,0,0,0
nearest,183.0899,-1
cover,183.1294,0,0,0,0
nearest,183.1294,-1
cover,183.1665,0,0,0,0
nearest,183.1665,-1
cover,183.2049,0,0,0,0
nearest,183.2049,-1
cover,183.246,0,0,0,0
nearest,183.246,-1
cover,183.2914,0,0,0,0
nearest,183.2914,-1
cover,183.3321,0,0,0,0
nearest,183.3321,-1
cover,183.3668,0,0,0,0
nearest,183.3668,-1
cover,183.4043,0,0,0,0
nearest,183.4043,-1
cover,183.4456,0,0,0,0
nearest,183.4457,-1
cover,183.4812,0,0,0,0
nearest,183.4812,-1
cover,183.518,0,0,0,0
nearest,183.518,-1
cover,183.5551,0,0,0,0
nearest,183.5551,-1
cover,183.5905,0,0,0,0
nearest,183.5905,-1
cover,183.6264,0,0,0,0
nearest,183.6264,-1
cover,183.6623,0,0,0,0
nearest,183.6624,-1
cover,183.6992,0,0,0,0
nearest,183.6993,-1
cover,183.7366,0,0,0,0
nearest,183.7366,-1
cover,183.7712,0,0,0,0
nearest,183.7712,-1
cover,183.8101,0,0,0,0
nearest,183.8101,-1
cover,183.8468,0,0,0,0
nearest,183.8469,-1
cover,183.8809,0,0,0,0
nearest,183.8809,-1
cover,183.912,0,0,0,0
nearest,183.912,-1
cover,183.9445,0,0,0,0
nearest,183.9446,-1
cover,183.9803,0,0,0,0
nearest,183.9803,-1
cover,184.0136,0,0,0,0
nearest,184.0136,-1
cover,184.044,0,0,0,0
nearest,184.044,-1
cover,184.0768,0,0,0,0
nearest,184.0769,-1
cover,184.1111,0,0,0,0
nearest,184.1111,-1
cover,184.1452,0,0,0,0
nearest,184.1453,-1
cover,184.1788,0,0,0,0
nearest,184.1788,-1
cover,184.2114,0,0,0,0
nearest,184.2115,-1
cover,184.2437,0,0,0,0
nearest,184.2437,-1
cover,184.2801,0,0,0,0
nearest,184.2801,-1
cover,184.3181,0,0,0,0
nearest,184.3181,-1
cover,184.3649,0,0,0,0
nearest,184.3649,-1
cover,184.406,0,0,0,0
nearest,184.406,-1
cover,184.4454,0,0,0,0
nearest,184.4454,-1
cover,184.4807,0,0,0,0
nearest,184.4807,-1
cover,184.5129,0,0,0,0
nearest,184.5129,-1
cover,184.5443,0,0,0,0
nearest,184.5443,-1
cover,184.5752,0,0,0,0
nearest,184.5753,-1
cover,184.6073,0,0,0,0
nearest,184.6073,-1
cover,184.6446,0,0,0,0
nearest,184.6447,-1
cover,184.6871,0,0,0,0
nearest,184.6871,-1
cover,184.7351,0,0,0,0
nearest,184.7351,-1
cover,184.7725,0,0,0,0
nearest,184.7725,-1
cover,184.8167,0,0,0,0
nearest,184.8168,-1
cover,184.85,0,0,0,0
nearest,184.85,-1
cover,184.8832,0,0,0,0
nearest,184.8832,-1
cover,184.9172,0,0,0,0
nearest,184.9172,-1
cover,184.9513,0,0,0,0
nearest,184.9514,-1
cover,184.9834,0,0,0,0
nearest,184.9835,-1
cover,185.016,0,0,0,0
nearest,185.016,-1
cover,185.05,0,0,0,0
nearest,185.05,-1
cover,185.084,0,0,0,0
nearest,185.084,-1
cover,185.1191,0,0,0,0
nearest,185.1191,-1
cover,185.1542,0,0,0,0
nearest,185.1542,-1
cover,185.1864,0,0,0,0
nearest,185.1864,-1
cover,185.2193,0,0,0,0
nearest,185.2193,-1
cover,185.2515,0,0,0,0
nearest,185.2515,-1
cover,185.2805,0,0,0,0
nearest,185.2806,-1
cover,185.311,0,0,0,0
nearest,185.311,-1
cover,185.3439,0,0,0,0
nearest,185.344,-1
cover,185.3713,0,0,0,0
nearest,185.3713,-1
cover,185.4034,0,0,0,0
nearest,185.4035,-1
cover,185.4351,0,0,0,0
nearest,185.4351,-1
cover,185.4658,0,0,0,0
nearest,185.4658,-1
cover,185.4975,0,0,0,0
nearest,185.4975,-1
cover,185.5275,0,0,0,0
nearest,185.5275,-1
cover,185.5606,0,0,0,0
nearest,185.5606,-1
cover,185.5911,0,0,0,0
nearest,185.5911,-1
cover,185.6244,0,0,0,0
nearest,185.6245,-1
cover,185.6636,0,0,0,0
nearest,185.6636,-1
cover,185.6966,0,0,0,0
nearest,185.6967,-1
cover,185.7376,0,0,0,0
nearest,185.7376,-1
cover,185.7857,0,0,0,0
nearest,185.7857,-1
cover,185.8284,0,0,0,0
nearest,185.8284,-1
cover,185.87,0,0,0,0
nearest,185.87,-1
cover,185.9043,0,0,0,0
nearest,185.9043,-1
cover,185.9411,0,0,0,0
nearest,185.9411,-1
cover,185.9769,0,0,0,0
nearest,185.9769,-1
cover,186.0126,0,0,0,0
nearest,186.0126,-1
cover,186.0463,0,0,0,0
nearest,186.0463,-1
cover,186.0798,0,0,0,0
nearest,186.0799,-1
cover,186.1115,0,0,0,0
nearest,186.1115,-1
cover,186.1451,0,0,0,0
nearest,186.1452,-1
cover,186.1794,0,0,0,0
nearest,186.1794,-1
cover,186.2146,0,0,0,0
nearest,186.2146,-1
cover,186.2466,0,0,0,0
nearest,186.2466,-1
cover,186.2866,0,0,0,0
nearest,186.2866,-1
cover,186.3199,0,0,0,0
nearest,186.3199,-1
cover,186.3587,0,0,0,0
nearest,186.3587,-1
cover,186.3977,0,0,0,0
nearest,186.3977,-1
cover,186.4345,0,0,0,0
nearest,186.4345,-1
cover,186.4727,0,0,0,0
nearest,186.4728,-1
cover,186.5275,0,0,0,0
nearest,186.5275,-1
cover,186.5643,0,0,0,0
nearest,186.5644,-1
cover,186.602,0,0,0,0
nearest,186.602,-1
cover,186.6341,0,0,0,0
nearest,186.6341,-1
cover,186.6748,0,0,0,0
nearest,186.6749,-1
cover,186.7132,0,0,0,0
nearest,186.7132,-1
cover,186.7483,0,0,0,0
nearest,186.7483,-1
cover,186.7847,0,0,0,0
nearest,186.7847,-1
cover,186.8218,0,0,0,0
nearest,186.8218,-1
cover,186.8588,0,0,0,0
nearest,186.8589,-1
cover,186.8997,0,0,0,0
nearest,186.8997,-1
cover,186.9381,0,0,0,0
nearest,186.9382,-1
cover,186.9805,0,0,0,0
nearest,186.9805,-1
cover,187.0136,0,0,0,0
nearest,187.0136,-1
cover,187.0509,0,0,0,0
nearest,187.0509,-1
cover,187.0836,0,0,0,0
nearest,187.0836,-1
cover,187.1131,0,0,0,0
nearest,187.1131,-1
cover,187.1479,0,0,0,0
nearest,187.1479,-1
cover,187.1803,0,0,0,0
nearest,187.1803,-1
cover,187.2131,0,0,0,0
nearest,187.2131,-1
cover,187.2458,0,0,0,0
nearest,187.2459,-1
cover,187.2818,0,0,0,0
nearest,187.2818,-1
cover,187.3151,0,0,0,0
nearest,187.3151,-1
cover,187.3476,0,0,0,0
nearest,187.3476,-1
cover,187.3812,0,0,0,0
nearest,187.3812,-1
cover,187.4116,0,0,0,0
nearest,187.4117,-1
cover,187.4418,0,0,0,0
nearest,187.4418,-1
cover,187.4835,0,0,0,0
nearest,187.4835,-1
cover,187.5165,0,0,0,0
nearest,187.5165,-1
cover,187.5489,0,0,0,0
nearest,187.549,-1
cover,187.5789,0,0,0,0
nearest,187.5789,-1
cover,187.6116,0,0,0,0
nearest,187.6116,-1
cover,187.6393,0,0,0,0
nearest,187.6393,-1
cover,187.6695,0,0,0,0
nearest,187.6696,-1
cover,187.701,0,0,0,0
nearest,187.701,-1
cover,187.7312,0,0,0,0
nearest,187.7312,-1
cover,187.7651,0,0,0,0
nearest,187.7651,-1
cover,187.7973,0,0,0,0
nearest,187.7973,-1
cover,187.8257,0,0,0,0
nearest,187.8257,-1
cover,187.8551,0,0,0,0
nearest,187.8551,-1
cover,187.8853,0,0,0,0
nearest,187.8854,-1
cover,187.9151,0,0,0,0
nearest,187.9152,-1
cover,187.9473,0,0,0,0
nearest,187.9473,-1
cover,187.9784,0,0,0,0
nearest,187.9784,-1
cover,188.0094,0,0,0,0
nearest,188.0094,-1
cover,188.0403,0,0,0,0
nearest,188.0403,-1
cover,188.072,0,0,0,0
nearest,188.072,-1
cover,188.1034,0,0,0,0
nearest,188.1035,-1
cover,188.134,0,0,0,0
nearest,188.134,-1
cover,188.1663,0,0,0,0
nearest,188.1663,-1
cover,188.1951,0,0,0,0
nearest,188.1951,-1
cover,188.2285,0,0,0,0
nearest,188.2286,-1
cover,188.2587,0,0,0,0
nearest,188.2587,-1
cover,188.2866,0,0,0,0
nearest,188.2866,-1
cover,188.3168,0,0,0,0
nearest,188.3168,-1
cover,188.346,0,0,0,0
nearest,188.346,-1
cover,188.3799,0,0,0,0
nearest,188.3799,-1
cover,188.412,0,0,0,0
nearest,188.4121,-1
cover,188.4448,0,0,0,0
nearest,188.4448,-1
cover,188.4753,0,0,0,0
nearest,188.4754,-1
cover,188.5041,0,0,0,0
nearest,188.5041,-1
cover,188.5345,0,0,0,0
nearest,188.5346,-1
cover,188.5651,0,0,0,0
nearest,188.5651,-1
cover,188.5967,0,0,0,0
nearest,188.5967,-1
cover,188.6246,0,0,0,0
nearest,188.6246,-1
cover,188.656,0,0,0,0
nearest,188.656,-1
cover,188.6861,0,0,0,0
nearest,188.6861,-1
cover,188.7133,0,0,0,0
nearest,188.7133,-1
cover,188.7496,0,0,0,0
nearest,188.7497,-1
cover,188.7796,0,0,0,0
nearest,188.7796,-1
cover,188.8118,0,0,0,0
nearest,188.8119,-1
cover,188.8438,0,0,0,0
nearest,188.8438,-1
cover,188.8746,0,0,0,0
nearest,188.8746,-1
cover,188.906,0,0,0,0
nearest,188.906,-1
cover,188.9385,0,0,0,0
nearest,188.9386,-1
cover,188.9707,0,0,0,0
nearest,188.9707,-1
cover,189.0004,0,0,0,0
nearest,189.0005,-1
cover,189.0316,0,0,0,0
nearest,189.0317,-1
cover,189.0658,0,0,0,0
nearest,189.0658,-1
cover,189.0975,0,0,0,0
nearest,189.0976,-1
cover,189.1281,0,0,0,0
nearest,189.1281,-1
cover,189.1599,0,0,0,0
nearest,189.1599,-1
cover,189.1906,0,0,0,0
nearest,189.1907,-1
cover,189.2206,0,0,0,0
nearest,189.2207,-1
cover,189.2497,0,0,0,0
nearest,189.2497,-1
cover,189.2783,0,0,0,0
nearest,189.2784,-1
cover,189.3063,0,0,0,0
nearest,189.3063,-1
cover,189.3381,0,0,0,0
nearest,189.3381,-1
cover,189.3671,0,0,0,0
nearest,189.3671,-1
cover,189.3946,0,0,0,0
nearest,189.3946,-1
cover,189.4273,0,0,0,0
nearest,189.4273,-1
cover,189.4621,0,0,0,0
nearest,189.4621,-1
cover,189.4918,0,0,0,0
nearest,189.4918,-1
cover,189.5217,0,0,0,0
nearest,189.5217,-1
cover,189.5531,0,0,0,0
nearest,189.5532,-1
cover,189.5828,0,0,0,0
nearest,189.5828,-1
cover,189.6123,0,0,0,0
nearest,189.6123,-1
cover,189.6447,0,0,0,0
nearest,189.6448,-1
cover,189.672,0,0,0,0
nearest,189.6721,-1
cover,189.7048,0,0,0,0
nearest,189.7048,-1
cover,189.7395,0,0,0,0
nearest,189.7395,-1
cover,189.7703,0,0,0,0
nearest,189.7704,-1
cover,189.8035,0,0,0,0
nearest,189.8036,-1
cover,189.8324,0,0,0,0
nearest,189.8325,-1
cover,189.864,0,0,0,0
nearest,189.864,-1
cover,189.8984,0,0,0,0
nearest,189.8984,-1
cover,189.9336,0,0,0,0
nearest,189.9336,-1
cover,189.9647,0,0,0,0
nearest,189.9647,-1
cover,189.9927,0,0,0,0
nearest,189.9927,-1
cover,190.0205,0,0,0,0
nearest,190.0205,-1
cover,190.0502,0,0,0,0
nearest,190.0502,-1
cover,190.08,0,0,0,0
nearest,190.08,-1
cover,190.113,0,0,0,0
nearest,190.113,-1
cover,190.1446,0,0,0,0
nearest,190.1446,-1
cover,190.1812,0,0,0,0
nearest,190.1813,-1
cover,190.2111,0,0,0,0
nearest,190.2111,-1
cover,190.2431,0,0,0,0
nearest,190.2431,-1
cover,190.2704,0,0,0,0
nearest,190.2704,-1
cover,190.3003,0,0,0,0
nearest,190.3003,-1
cover,190.3315,0,0,0,0
nearest,190.3316,-1
cover,190.3625,0,0,0,0
nearest,190.3625,-1
cover,190.3915,0,0,0,0
nearest,190.3915,-1
cover,190.4214,0,0,0,0
nearest,190.4214,-1
cover,190.4503,0,0,0,0
nearest,190.4503,-1
cover,190.4823,0,0,0,0
nearest,190.4823,-1
cover,190.5133,0,0,0,0
nearest,190.5133,-1
cover,190.5457,0,0,0,0
nearest,190.5457,-1
cover,190.5749,0,0,0,0
nearest,190.5749,-1
cover,190.6053,0,0,0,0
nearest,190.6053,-1
cover,190.6366,0,0,0,0
nearest,190.6366,-1
cover,190.6712,0,0,0,0
nearest,190.6712,-1
cover,190.6993,0,0,0,0
nearest,190.6994,-1
cover,190.7325,0,0,0,0
nearest,190.7326,-1
cover,190.7626,0,0,0,0
nearest,190.7626,-1
cover,190.7932,0,0,0,0
nearest,190.7932,-1
cover,190.8239,0,0,0,0
nearest,190.8239,-1
cover,190.8528,0,0,0,0
nearest,190.8528,-1
cover,190.882,0,0,0,0
nearest,190.882,-1
cover,190.9122,0,0,0,0
nearest,190.9122,-1
cover,190.9471,0,0,0,0
nearest,190.9471,-1
cover,190.9767,0,0,0,0
nearest,190.9767,-1
cover,191.0095,0,0,0,0
nearest,191.0096,-1
cover,191.041,0,0,0,0
nearest,191.041,-1
cover,191.0673,0,0,0,0
nearest,191.0673,-1
cover,191.0985,0,0,0,0
nearest,191.0985,-1
cover,191.1294,0,0,0,0
nearest,191.1294,-1
cover,191.1603,0,0,0,0
nearest,191.1603,-1
cover,191.19,0,0,0,0
nearest,191.19,-1
cover,191.217,0,0,0,0
nearest,191.2171,-1
cover,191.2483,0,0,0,0
nearest,191.2484,-1
cover,191.2829,0,0,0,0
nearest,191.2829,-1
cover,191.3163,0,0,0,0
nearest,191.3163,-1
cover,191.3464,0,0,0,0
nearest,191.3465,-1
cover,191.3788,0,0,0,0
nearest,191.3788,-1
cover,191.4137,0,0,0,0
nearest,191.4138,-1
cover,191.4456,0,0,0,0
nearest,191.4456,-1
cover,191.4758,0,0,0,0
nearest,191.4759,-1
cover,191.5057,0,0,0,0
nearest,191.5057,-1
cover,191.5475,0,0,0,0
nearest,191.5475,-1
cover,191.5836,0,0,0,0
nearest,191.5837,-1
cover,191.6141,0,0,0,0
nearest,191.6141,-1
cover,191.6448,0,0,0,0
nearest,191.6449,-1
cover,191.6747,0,0,0,0
nearest,191.6748,-1
cover,191.7087,0,0,0,0
nearest,191.7087,-1
cover,191.7424,0,0,0,0
nearest,191.7427,-1
cover,191.7805,0,0,0,0
nearest,191.7805,-1
cover,191.8129,0,0,0,0
nearest,191.8129,-1
cover,191.8464,0,0,0,0
nearest,191.8464,-1
cover,191.8795,0,0,0,0
nearest,191.8796,-1
cover,191.9127,0,0,0,0
nearest,191.9127,-1
cover,191.9443,0,0,0,0
nearest,191.9444,-1
cover,191.9727,0,0,0,0
nearest,191.9727,-1
cover,192.0083,0,0,0,0
nearest,192.0084,-1
cover,192.0377,0,0,0,0
nearest,192.0377,-1
cover,192.0757,0,0,0,0
nearest,192.0757,-1
cover,192.1113,0,0,0,0
nearest,192.1113,-1
cover,192.1428,0,0,0,0
nearest,192.1428,-1
cover,192.175,0,0,0,0
nearest,192.175,-1
cover,192.2064,0,0,0,0
nearest,192.2065,-1
cover,192.3074,0,0,0,0
nearest,192.3075,-1
cover,192.3404,0,0,0,0
nearest,192.3404,-1
cover,192.3728,0,0,0,0
nearest,192.3728,-1
cover,192.4047,0,0,0,0
nearest,192.4047,-1
cover,192.4386,0,0,0,0
nearest,192.4386,-1
cover,192.4711,0,0,0,0
nearest,192.4711,-1
cover,192.5057,0,0,0,0
nearest,192.5057,-1
cover,192.5386,0,0,0,0
nearest,192.5387,-1
cover,192.5716,0,0,0,0
nearest,192.5717,-1
cover,192.6055,0,0,0,0
nearest,192.6056,-1
cover,192.6379,0,0,0,0
nearest,192.6379,-1
cover,192.6749,0,0,0,0
nearest,192.6749,-1
cover,192.7075,0,0,0,0
nearest,192.7075,-1
cover,192.7386,0,0,0,0
nearest,192.7386,-1
cover,192.772,0,0,0,0
nearest,192.7721,-1
cover,192.8017,0,0,0,0
nearest,192.8017,-1
cover,192.8309,0,0,0,0
nearest,192.8309,-1
cover,192.8621,0,0,0,0
nearest,192.8621,-1
cover,192.8915,0,0,0,0
nearest,192.8915,-1
cover,192.9199,0,0,0,0
nearest,192.9199,-1
cover,192.9488,0,0,0,0
nearest,192.9489,-1
cover,192.9804,0,0,0,0
nearest,192.9804,-1
cover,193.0149,0,0,0,0
nearest,193.0149,-1
cover,193.046,0,0,0,0
nearest,193.0461,-1
cover,193.0739,0,0,0,0
nearest,193.074,-1
cover,193.1057,0,0,0,0
nearest,193.1058,-1
cover,193.1381,0,0,0,0
nearest,193.1381,-1
cover,193.1697,0,0,0,0
nearest,193.1697,-1
cover,193.1997,0,0,0,0
nearest,193.1997,-1
cover,193.23,0,0,0,0
nearest,193.23,-1
cover,193.2666,0,0,0,0
nearest,193.2667,-1
cover,193.2981,0,0,0,0
nearest,193.2981,-1
cover,193.3286,0,0,0,0
nearest,193.3286,-1
cover,193.3585,0,0,0,0
nearest,193.3585,-1
cover,193.3916,0,0,0,0
nearest,193.3916,-1
cover,193.425,0,0,0,0
nearest,193.425,-1
cover,193.4579,0,0,0,0
nearest,193.458,-1
cover,193.4893,0,0,0,0
nearest,193.4893,-1
cover,193.5207,0,0,0,0
nearest,193.5207,-1
cover,193.5507,0,0,0,0
nearest,193.5507,-1
cover,193.5814,0,0,0,0
nearest,193.5814,-1
cover,193.6124,0,0,0,0
nearest,193.6125,-1
cover,193.6409,0,0,0,0
nearest,193.6409,-1
cover,193.673,0,0,0,0
nearest,193.673,-1
cover,193.7024,0,0,0,0
nearest,193.7024,-1
cover,193.7339,0,0,0,0
nearest,193.7339,-1
cover,193.7664,0,0,0,0
nearest,193.7664,-1
cover,193.7956,0,0,0,0
nearest,193.7956,-1
cover,193.8253,0,0,0,0
nearest,193.8253,-1
cover,193.856,0,0,0,0
nearest,193.8561,-1
cover,193.8863,0,0,0,0
nearest,193.8864,-1
cover,193.9193,0,0,0,0
nearest,193.9193,-1
cover,193.9518,0,0,0,0
nearest,193.9518,-1
cover,193.9837,0,0,0,0
nearest,193.9837,-1
cover,194.0158,0,0,0,0
nearest,194.0158,-1
cover,194.0466,0,0,0,0
nearest,194.0466,-1
cover,194.081,0,0,0,0
nearest,194.081,-1
cover,194.113,0,0,0,0
nearest,194.113,-1
cover,194.1446,0,0,0,0
nearest,194.1446,-1
cover,194.1742,0,0,0,0
nearest,194.1742,-1
cover,194.2028,0,0,0,0
nearest,194.2028,-1
cover,194.2344,0,0,0,0
nearest,194.2345,-1
cover,194.2655,0,0,0,0
nearest,194.2655,-1
cover,194.2981,0,0,0,0
nearest,194.2982,-1
cover,194.3289,0,0,0,0
nearest,194.3289,-1
cover,194.3588,0,0,0,0
nearest,194.3589,-1
cover,194.3889,0,0,0,0
nearest,194.3889,-1
cover,194.4203,0,0,0,0
nearest,194.4204,-1
cover,194.4507,0,0,0,0
nearest,194.4507,-1
cover,194.4815,0,0,0,0
nearest,194.4815,-1
cover,194.5147,0,0,0,0
nearest,194.5147,-1
cover,194.5442,0,0,0,0
nearest,194.5442,-1
cover,194.5782,0,0,0,0
nearest,194.5782,-1
cover,194.6141,0,0,0,0
nearest,194.6142,-1
cover,194.6463,0,0,0,0
nearest,194.6463,-1
cover,194.6836,0,0,0,0
nearest,194.6837,-1
cover,194.7153,0,0,0,0
nearest,194.7153,-1
cover,194.7486,0,0,0,0
nearest,194.7486,-1
cover,194.7802,0,0,0,0
nearest,194.7802,-1
cover,194.8152,0,0,0,0
nearest,194.8153,-1
cover,194.8429,0,0,0,0
nearest,194.8429,-1
cover,194.873,0,0,0,0
nearest,194.873,-1
cover,194.9051,0,0,0,0
nearest,194.9051,-1
cover,194.9372,0,0,0,0
nearest,194.9373,-1
cover,194.9692,0,0,0,0
nearest,194.9692,-1
cover,194.9972,0,0,0,0
nearest,194.9972,-1
cover,195.026,0,0,0,0
nearest,195.026,-1
cover,195.0577,0,0,0,0
nearest,195.0577,-1
cover,195.0889,0,0,0,0
nearest,195.0889,-1
cover,195.1212,0,0,0,0
nearest,195.1212,-1
cover,195.1541,0,0,0,0
nearest,195.1541,-1
cover,195.1846,0,0,0,0
nearest,195.1847,-1
cover,195.2151,0,0,0,0
nearest,195.2152,-1
cover,195.2479,0,0,0,0
nearest,195.2479,-1
cover,195.2764,0,0,0,0
nearest,195.2764,-1
cover,195.3099,0,0,0,0
nearest,195.3099,-1
cover,195.3422,0,0,0,0
nearest,195.3422,-1
cover,195.3726,0,0,0,0
nearest,195.3727,-1
cover,195.4037,0,0,0,0
nearest,195.4037,-1
cover,195.4565,0,0,0,0
nearest,195.4565,-1
cover,195.4893,0,0,0,0
nearest,195.4893,-1
cover,195.5242,0,0,0,0
nearest,195.5243,-1
cover,195.5565,0,0,0,0
nearest,195.5565,-1
cover,195.59,0,0,0,0
nearest,195.59,-1
cover,195.6207,0,0,0,0
nearest,195.6207,-1
cover,195.6518,0,0,0,0
nearest,195.6518,-1
cover,195.6836,0,0,0,0
nearest,195.6836,-1
cover,195.7147,0,0,0,0
nearest,195.7147,-1
cover,195.7477,0,0,0,0
nearest,195.7477,-1
cover,195.7805,0,0,0,0
nearest,195.7805,-1
cover,195.813,0,0,0,0
nearest,195.8131,-1
cover,195.8464,0,0,0,0
nearest,195.8464,-1
cover,195.8747,0,0,0,0
nearest,195.8748,-1
cover,195.9064,0,0,0,0
nearest,195.9064,-1
cover,195.9377,0,0,0,0
nearest,195.9378,-1
cover,195.9701,0,0,0,0
nearest,195.9701,-1
cover,196.0008,0,0,0,0
nearest,196.0008,-1
cover,196.0292,0,0,0,0
nearest,196.0292,-1
cover,196.0595,0,0,0,0
nearest,196.0595,-1
cover,196.0899,0,0,0,0
nearest,196.0899,-1
cover,196.12,0,0,0,0
nearest,196.12,-1
cover,196.1494,0,0,0,0
nearest,196.1495,-1
cover,196.1799,0,0,0,0
nearest,196.1799,-1
cover,196.2124,0,0,0,0
nearest,196.2124,-1
cover,196.2414,0,0,0,0
nearest,196.2414,-1
cover,196.273,0,0,0,0
nearest,196.273,-1
cover,196.3051,0,0,0,0
nearest,196.3051,-1
cover,196.337,0,0,0,0
nearest,196.337,-1
cover,196.367,0,0,0,0
nearest,196.367,-1
cover,196.399,0,0,0,0
nearest,196.399,-1
cover,196.4326,0,0,0,0
nearest,196.4327,-1
cover,196.4668,0,0,0,0
nearest,196.4668,-1
cover,196.5012,0,0,0,0
nearest,196.5012,-1
cover,196.5336,0,0,0,0
nearest,196.5337,-1
cover,196.566,0,0,0,0
nearest,196.566,-1
cover,196.6005,0,0,0,0
nearest,196.6005,-1
cover,196.6325,0,0,0,0
nearest,196.6325,-1
cover,196.6635,0,0,0,0
nearest,196.6636,-1
cover,196.6941,0,0,0,0
nearest,196.6941,-1
cover,196.7257,0,0,0,0
nearest,196.7258,-1
cover,196.7577,0,0,0,0
nearest,196.7577,-1
cover,196.7879,0,0,0,0
nearest,196.788,-1
cover,196.8172,0,0,0,0
nearest,196.8173,-1
cover,196.8499,0,0,0,0
nearest,196.85,-1
cover,196.8811,0,0,0,0
nearest,196.8811,-1
cover,196.9104,0,0,0,0
nearest,196.9105,-1
cover,196.9495,0,0,0,0
nearest,196.9495,-1
cover,196.9831,0,0,0,0
nearest,196.9832,-1
cover,197.0213,0,0,0,0
nearest,197.0213,-1
cover,197.0549,0,0,0,0
nearest,197.0549,-1
cover,197.088,0,0,0,0
nearest,197.088,-1
cover,197.1183,0,0,0,0
nearest,197.1183,-1
cover,197.1496,0,0,0,0
nearest,197.1496,-1
cover,197.1815,0,0,0,0
nearest,197.1815,-1
cover,197.2128,0,0,0,0
nearest,197.2128,-1
cover,197.2429,0,0,0,0
nearest,197.2429,-1
cover,197.2828,0,0,0,0
nearest,197.2828,-1
cover,197.3121,0,0,0,0
nearest,197.3121,-1
cover,197.3483,0,0,0,0
nearest,197.3483,-1
cover,197.3824,0,0,0,0
nearest,197.3824,-1
cover,197.4145,0,0,0,0
nearest,197.4145,-1
cover,197.4462,0,0,0,0
nearest,197.4462,-1
cover,197.4751,0,0,0,0
nearest,197.4751,-1
cover,197.5115,0,0,0,0
nearest,197.5115,-1
cover,197.5484,0,0,0,0
nearest,197.5484,-1
cover,197.5819,0,0,0,0
nearest,197.582,-1
cover,197.6161,0,0,0,0
nearest,197.6161,-1
cover,197.6498,0,0,0,0
nearest,197.6498,-1
cover,197.727,0,0,0,0
nearest,197.727,-1
cover,197.7593,0,0,0,0
nearest,197.7593,-1
cover,197.791,0,0,0,0
nearest,197.791,-1
cover,197.821,0,0,0,0
nearest,197.821,-1
cover,197.8522,0,0,0,0
nearest,197.8522,-1
cover,197.8831,0,0,0,0
nearest,197.8831,-1
cover,197.9159,0,0,0,0
nearest,197.916,-1
cover,197.9478,0,0,0,0
nearest,197.9478,-1
cover,197.9763,0,0,0,0
nearest,197.9763,-1
cover,198.0093,0,0,0,0
nearest,198.0093,-1
cover,198.0432,0,0,0,0
nearest,198.0432,-1
cover,198.077,0,0,0,0
nearest,198.0771,-1
cover,198.1108,0,0,0,0
nearest,198.1108,-1
cover,198.1479,0,0,0,0
nearest,198.1479,-1
cover,198.1858,0,0,0,0
nearest,198.1858,-1
cover,198.22,0,0,0,0
nearest,198.22,-1
cover,198.253,0,0,0,0
nearest,198.253,-1
cover,198.2859,0,0,0,0
nearest,198.2859,-1
cover,198.3169,0,0,0,0
nearest,198.317,-1
cover,198.3492,0,0,0,0
nearest,198.3492,-1
cover,198.3799,0,0,0,0
nearest,198.38,-1
cover,198.4084,0,0,0,0
nearest,198.4085,-1
cover,198.4422,0,0,0,0
nearest,198.4422,-1
cover,198.4746,0,0,0,0
nearest,198.4746,-1
cover,198.5057,0,0,0,0
nearest,198.5057,-1
cover,198.535,0,0,0,0
nearest,198.5351,-1
cover,198.5661,0,0,0,0
nearest,198.5662,-1
cover,198.5963,0,0,0,0
nearest,198.5964,-1
cover,198.6289,0,0,0,0
nearest,198.6289,-1
cover,198.6599,0,0,0,0
nearest,198.6599,-1
cover,198.6912,0,0,0,0
nearest,198.6912,-1
cover,198.7227,0,0,0,0
nearest,198.7228,-1
cover,198.7532,0,0,0,0
nearest,198.7532,-1
cover,198.7851,0,0,0,0
nearest,198.7851,-1
cover,198.8169,0,0,0,0
nearest,198.817,-1
cover,198.8456,0,0,0,0
nearest,198.8457,-1
cover,198.8818,0,0,0,0
nearest,198.8819,-1
cover,198.9137,0,0,0,0
nearest,198.9137,-1
cover,198.9495,0,0,0,0
nearest,198.9495,-1
cover,198.982,0,0,0,0
nearest,198.982,-1
cover,199.0146,0,0,0,0
nearest,199.0146,-1
cover,199.0471,0,0,0,0
nearest,199.0471,-1
cover,199.0785,0,0,0,0
nearest,199.0785,-1
cover,199.1104,0,0,0,0
nearest,199.1104,-1
cover,199.1429,0,0,0,0
nearest,199.1429,-1
cover,199.1752,0,0,0,0
nearest,199.1753,-1
cover,199.207,0,0,0,0
nearest,199.207,-1
cover,199.2386,0,0,0,0
nearest,199.2386,-1
cover,199.2687,0,0,0,0
nearest,199.2687,-1
cover,199.2975,0,0,0,0
nearest,199.2975,-1
cover,199.3276,0,0,0,0
nearest,199.3276,-1
cover,199.3566,0,0,0,0
nearest,199.3566,-1
cover,199.3886,0,0,0,0
nearest,199.3886,-1
cover,199.4187,0,0,0,0
nearest,199.4188,-1
cover,199.4528,0,0,0,0
nearest,199.4528,-1
cover,199.4871,0,0,0,0
nearest,199.4871,-1
cover,199.5231,0,0,0,0
nearest,199.5232,-1
cover,199.5558,0,0,0,0
nearest,199.5558,-1
cover,199.5891,0,0,0,0
nearest,199.5892,-1
cover,199.6209,0,0,0,0
nearest,199.6209,-1
cover,199.6545,0,0,0,0
nearest,199.6545,-1
cover,199.6867,0,0,0,0
nearest,199.6867,-1
cover,199.7175,0,0,0,0
nearest,199.7175,-1
cover,199.75,0,0,0,0
nearest,199.75,-1
cover,199.7822,0,0,0,0
nearest,199.7822,-1
cover,199.8112,0,0,0,0
nearest,199.8112,-1
cover,199.8465,0,0,0,0
nearest,199.8466,-1
cover,199.8747,0,0,0,0
nearest,199.8747,-1
cover,199.9064,0,0,0,0
nearest,199.9064,-1
cover,199.9373,0,0,0,0
nearest,199.9373,-1
cover,199.9658,0,0,0,0
nearest,199.9658,-1
cover,199.995,0,0,0,0
nearest,199.995,-1
cover,200.0255,0,0,0,0
nearest,200.0256,-1
cover,200.0578,0,0,0,0
nearest,200.0578,-1
cover,200.0874,0,0,0,0
nearest,200.0874,-1
cover,200.1183,0,0,0,0
nearest,200.1183,-1
cover,200.1511,0,0,0,0
nearest,200.1511,-1
cover,200.1837,0,0,0,0
nearest,200.1838,-1
cover,200.2164,0,0,0,0
nearest,200.2164,-1
cover,200.2496,0,0,0,0
nearest,200.2496,-1
cover,200.2804,0,0,0,0
nearest,200.2804,-1
cover,200.3098,0,0,0,0
nearest,200.3098,-1
cover,200.3423,0,0,0,0
nearest,200.3423,-1
cover,200.3703,0,0,0,0
nearest,200.3703,-1
cover,200.4031,0,0,0,0
nearest,200.4031,-1
cover,200.4373,0,0,0,0
nearest,200.4374,-1
cover,200.4729,0,0,0,0
nearest,200.4729,-1
cover,200.5091,0,0,0,0
nearest,200.5091,-1
cover,200.5445,0,0,0,0
nearest,200.5445,-1
cover,200.5775,0,0,0,0
nearest,200.5775,-1
cover,200.6089,0,0,0,0
nearest,200.6089,-1
cover,200.642,0,0,0,0
nearest,200.6421,-1
cover,200.6749,0,0,0,0
nearest,200.6749,-1
cover,200.705,0,0,0,0
nearest,200.705,-1
cover,200.7366,0,0,0,0
nearest,200.7367,-1
cover,200.7691,0,0,0,0
nearest,200.7691,-1
cover,200.8004,0,0,0,0
nearest,200.8005,-1
cover,200.8307,0,0,0,0
nearest,200.8307,-1
cover,200.8627,0,0,0,0
nearest,200.8628,-1
cover,200.8929,0,0,0,0
nearest,200.8929,-1
cover,200.9219,0,0,0,0
nearest,200.922,-1
cover,200.9499,0,0,0,0
nearest,200.9499,-1
cover,200.9799,0,0,0,0
nearest,200.98,-1
cover,201.0081,0,0,0,0
nearest,201.0081,-1
cover,201.0414,0,0,0,0
nearest,201.0414,-1
cover,201.0707,0,0,0,0
nearest,201.0707,-1
cover,201.0999,0,0,0,0
nearest,201.1,-1
cover,201.1294,0,0,0,0
nearest,201.1294,-1
cover,201.1609,0,0,0,0
nearest,201.1609,-1
cover,201.1927,0,0,0,0
nearest,201.1927,-1
cover,201.2212,0,0,0,0
nearest,201.2212,-1
cover,201.2497,0,0,0,0
nearest,201.2497,-1
cover,201.2845,0,0,0,0
nearest,201.2846,-1
cover,201.3157,0,0,0,0
nearest,201.3157,-1
cover,201.3494,0,0,0,0
nearest,201.3494,-1
cover,201.3811,0,0,0,0
nearest,201.3811,-1
cover,201.4115,0,0,0,0
nearest,201.4115,-1
cover,201.444,0,0,0,0
nearest,201.444,-1
cover,201.4815,0,0,0,0
nearest,201.4815,-1
cover,201.5136,0,0,0,0
nearest,201.5136,-1
cover,201.543,0,0,0,0
nearest,201.5433,-1
cover,201.5749,0,0,0,0
nearest,201.5749,-1
cover,201.6098,0,0,0,0
nearest,201.6098,-1
cover,201.6896,0,0,0,0
nearest,201.6896,-1
cover,201.7218,0,0,0,0
nearest,201.7218,-1
cover,201.7554,0,0,0,0
nearest,201.7554,-1
cover,201.7889,0,0,0,0
nearest,201.7889,-1
cover,201.8227,0,0,0,0
nearest,201.8227,-1
cover,201.8546,0,0,0,0
nearest,201.8546,-1
cover,201.8884,0,0,0,0
nearest,201.8887,-1
cover,201.9211,0,0,0,0
nearest,201.9211,-1
cover,201.9486,0,0,0,0
nearest,201.9486,-1
cover,201.9777,0,0,0,0
nearest,201.9778,-1
cover,202.0136,0,0,0,0
nearest,202.0136,-1
cover,202.0465,0,0,0,0
nearest,202.0465,-1
cover,202.0819,0,0,0,0
nearest,202.0819,-1
cover,202.1136,0,0,0,0
nearest,202.1136,-1
cover,202.1443,0,0,0,0
nearest,202.1443,-1
cover,202.1752,0,0,0,0
nearest,202.1752,-1
cover,202.201,0,0,0,0
nearest,202.2011,-1
cover,202.2306,0,0,0,0
nearest,202.2306,-1
cover,202.2635,0,0,0,0
nearest,202.2635,-1
cover,202.2921,0,0,0,0
nearest,202.2921,-1
cover,202.326,0,0,0,0
nearest,202.326,-1
cover,202.3598,0,0,0,0
nearest,202.3598,-1
cover,202.3933,0,0,0,0
nearest,202.3933,-1
cover,202.4251,0,0,0,0
nearest,202.4251,-1
cover,202.4571,0,0,0,0
nearest,202.4571,-1
cover,202.4893,0,0,0,0
nearest,202.4894,-1
cover,202.5215,0,0,0,0
nearest,202.5215,-1
cover,202.5557,0,0,0,0
nearest,202.5558,-1
cover,202.5879,0,0,0,0
nearest,202.5879,-1
cover,202.6191,0,0,0,0
nearest,202.6191,-1
cover,202.6522,0,0,0,0
nearest,202.6522,-1
cover,202.6877,0,0,0,0
nearest,202.6877,-1
cover,202.7229,0,0,0,0
nearest,202.7229,-1
cover,202.7584,0,0,0,0
nearest,202.7584,-1
cover,202.7889,0,0,0,0
nearest,202.7889,-1
cover,202.8213,0,0,0,0
nearest,202.8213,-1
cover,202.8547,0,0,0,0
nearest,202.8547,-1
cover,202.8843,0,0,0,0
nearest,202.8843,-1
cover,202.9123,0,0,0,0
nearest,202.9123,-1
cover,202.9456,0,0,0,0
nearest,202.9456,-1
cover,202.9751,0,0,0,0
nearest,202.9751,-1
cover,203.0074,0,0,0,0
nearest,203.0074,-1
cover,203.0368,0,0,0,0
nearest,203.0368,-1
cover,203.0644,0,0,0,0
nearest,203.0644,-1
cover,203.0933,0,0,0,0
nearest,203.0933,-1
cover,203.1242,0,0,0,0
nearest,203.1242,-1
cover,203.1544,0,0,0,0
nearest,203.1545,-1
cover,203.1823,0,0,0,0
nearest,203.1824,-1
cover,203.2145,0,0,0,0
nearest,203.2145,-1
cover,203.2455,0,0,0,0
nearest,203.2455,-1
cover,203.2785,0,0,0,0
nearest,203.2786,-1
cover,203.3168,0,0,0,0
nearest,203.3168,-1
cover,203.3505,0,0,0,0
nearest,203.3505,-1
cover,203.3811,0,0,0,0
nearest,203.3812,-1
cover,203.4197,0,0,0,0
nearest,203.4198,-1
cover,203.4578,0,0,0,0
nearest,203.4579,-1
cover,203.4911,0,0,0,0
nearest,203.4911,-1
cover,203.5231,0,0,0,0
nearest,203.5231,-1
cover,203.5558,0,0,0,0
nearest,203.5559,-1
cover,203.5909,0,0,0,0
nearest,203.591,-1
cover,203.6211,0,0,0,0
nearest,203.6211,-1
cover,203.6566,0,0,0,0
nearest,203.6566,-1
cover,203.689,0,0,0,0
nearest,203.689,-1
cover,203.7221,0,0,0,0
nearest,203.7221,-1
cover,203.7537,0,0,0,0
nearest,203.7537,-1
cover,203.7875,0,0,0,0
nearest,203.7875,-1
cover,203.8154,0,0,0,0
nearest,203.8154,-1
cover,203.8456,0,0,0,0
nearest,203.8457,-1
cover,203.8794,0,0,0,0
nearest,203.8794,-1
cover,203.9093,0,0,0,0
nearest,203.9094,-1
cover,203.9408,0,0,0,0
nearest,203.9408,-1
cover,203.9709,0,0,0,0
nearest,203.971,-1
cover,204.0045,0,0,0,0
nearest,204.0046,-1
cover,204.0387,0,0,0,0
nearest,204.0387,-1
cover,204.0681,0,0,0,0
nearest,204.0681,-1
cover,204.0958,0,0,0,0
nearest,204.0958,-1
cover,204.1239,0,0,0,0
nearest,204.1239,-1
cover,204.1519,0,0,0,0
nearest,204.1519,-1
cover,204.1816,0,0,0,0
nearest,204.1816,-1
cover,204.2118,0,0,0,0
nearest,204.2118,-1
cover,204.2449,0,0,0,0
nearest,204.2449,-1
cover,204.2746,0,0,0,0
nearest,204.2746,-1
cover,204.3051,0,0,0,0
nearest,204.3051,-1
cover,204.3374,0,0,0,0
nearest,204.3374,-1
cover,204.366,0,0,0,0
nearest,204.366,-1
cover,204.3959,0,0,0,0
nearest,204.3959,-1
cover,204.4261,0,0,0,0
nearest,204.4261,-1
cover,204.4569,0,0,0,0
nearest,204.457,-1
cover,204.4878,0,0,0,0
nearest,204.4879,-1
cover,204.5222,0,0,0,0
nearest,204.5222,-1
cover,204.5517,0,0,0,0
nearest,204.5517,-1
cover,204.5883,0,0,0,0
nearest,204.5884,-1
cover,204.6237,0,0,0,0
nearest,204.6237,-1
cover,204.6517,0,0,0,0
nearest,204.6518,-1
cover,204.681,0,0,0,0
nearest,204.681,-1
cover,204.7149,0,0,0,0
nearest,204.7149,-1
cover,204.7457,0,0,0,0
nearest,204.7457,-1
cover,204.7796,0,0,0,0
nearest,204.7796,-1
cover,204.8149,0,0,0,0
nearest,204.815,-1
cover,204.8529,0,0,0,0
nearest,204.8529,-1
cover,204.8861,0,0,0,0
nearest,204.8861,-1
cover,204.9226,0,0,0,0
nearest,204.9226,-1
cover,204.9534,0,0,0,0
nearest,204.9534,-1
cover,204.9888,0,0,0,0
nearest,204.9889,-1
cover,205.021,0,0,0,0
nearest,205.021,-1
cover,205.0537,0,0,0,0
nearest,205.0537,-1
cover,205.0843,0,0,0,0
nearest,205.0843,-1
cover,205.116,0,0,0,0
nearest,205.116,-1
cover,205.146,0,0,0,0
nearest,205.1461,-1
cover,205.1772,0,0,0,0
nearest,205.1772,-1
cover,205.2077,0,0,0,0
nearest,205.2078,-1
cover,205.2404,0,0,0,0
nearest,205.2404,-1
cover,205.2727,0,0,0,0
nearest,205.2728,-1
cover,205.3038,0,0,0,0
nearest,205.3038,-1
cover,205.3357,0,0,0,0
nearest,205.3358,-1
cover,205.3676,0,0,0,0
nearest,205.3676,-1
cover,205.3987,0,0,0,0
nearest,205.3987,-1
cover,205.4307,0,0,0,0
nearest,205.4308,-1
cover,205.4638,0,0,0,0
nearest,205.4638,-1
cover,205.4954,0,0,0,0
nearest,205.4954,-1
cover,205.5233,0,0,0,0
nearest,205.5233,-1
cover,205.5554,0,0,0,0
nearest,205.5554,-1
cover,205.5859,0,0,0,0
nearest,205.5859,-1
cover,205.6137,0,0,0,0
nearest,205.6137,-1
cover,205.6441,0,0,0,0
nearest,205.6441,-1
cover,205.6733,0,0,0,0
nearest,205.6733,-1
cover,205.7008,0,0,0,0
nearest,205.7008,-1
cover,205.7324,0,0,0,0
nearest,205.7325,-1
cover,205.7642,0,0,0,0
nearest,205.7642,-1
cover,205.7961,0,0,0,0
nearest,205.7961,-1
cover,205.8274,0,0,0,0
nearest,205.8274,-1
cover,205.8571,0,0,0,0
nearest,205.8572,-1
cover,205.8902,0,0,0,0
nearest,205.8903,-1
cover,205.9197,0,0,0,0
nearest,205.9197,-1
cover,205.9551,0,0,0,0
nearest,205.9551,-1
cover,205.9888,0,0,0,0
nearest,205.9888,-1
cover,206.0234,0,0,0,0
nearest,206.0235,-1
cover,206.055,0,0,0,0
nearest,206.055,-1
cover,206.0895,0,0,0,0
nearest,206.0895,-1
cover,206.122,0,0,0,0
nearest,206.122,-1
cover,206.1555,0,0,0,0
nearest,206.1555,-1
cover,206.1868,0,0,0,0
nearest,206.1869,-1
cover,206.2242,0,0,0,0
nearest,206.2243,-1
cover,206.2588,0,0,0,0
nearest,206.2588,-1
cover,206.2936,0,0,0,0
nearest,206.2936,-1
cover,206.3282,0,0,0,0
nearest,206.3282,-1
cover,206.3606,0,0,0,0
nearest,206.3606,-1
cover,206.3891,0,0,0,0
nearest,206.3891,-1
cover,206.4204,0,0,0,0
nearest,206.4204,-1
cover,206.4552,0,0,0,0
nearest,206.4552,-1
cover,206.488,0,0,0,0
nearest,206.488,-1
cover,206.516,0,0,0,0
nearest,206.516,-1
cover,206.5492,0,0,0,0
nearest,206.5492,-1
cover,206.5805,0,0,0,0
nearest,206.5805,-1
cover,206.6142,0,0,0,0
nearest,206.6143,-1
cover,206.647,0,0,0,0
nearest,206.647,-1
cover,206.677,0,0,0,0
nearest,206.677,-1
cover,206.7078,0,0,0,0
nearest,206.7078,-1
cover,206.7369,0,0,0,0
nearest,206.7369,-1
cover,206.7651,0,0,0,0
nearest,206.7651,-1
cover,206.7944,0,0,0,0
nearest,206.7944,-1
cover,206.8249,0,0,0,0
nearest,206.8249,-1
cover,206.8562,0,0,0,0
nearest,206.8562,-1
cover,206.8913,0,0,0,0
nearest,206.8913,-1
cover,206.9227,0,0,0,0
nearest,206.9228,-1
cover,206.9556,0,0,0,0
nearest,206.9556,-1
cover,206.9877,0,0,0,0
nearest,206.9877,-1
cover,207.0195,0,0,0,0
nearest,207.0195,-1
cover,207.0528,0,0,0,0
nearest,207.0528,-1
cover,207.0791,0,0,0,0
nearest,207.0791,-1
cover,207.1091,0,0,0,0
nearest,207.1092,-1
cover,207.1391,0,0,0,0
nearest,207.1391,-1
cover,207.1714,0,0,0,0
nearest,207.1714,-1
cover,207.2016,0,0,0,0
nearest,207.2017,-1
cover,207.2299,0,0,0,0
nearest,207.2299,-1
cover,207.258,0,0,0,0
nearest,207.258,-1
cover,207.2884,0,0,0,0
nearest,207.2884,-1
cover,207.3204,0,0,0,0
nearest,207.3204,-1
cover,207.3577,0,0,0,0
nearest,207.3577,-1
cover,207.3896,0,0,0,0
nearest,207.3896,-1
cover,207.4221,0,0,0,0
nearest,207.4221,-1
cover,207.4533,0,0,0,0
nearest,207.4533,-1
cover,207.4855,0,0,0,0
nearest,207.4856,-1
cover,207.5166,0,0,0,0
nearest,207.5167,-1
cover,207.5489,0,0,0,0
nearest,207.549,-1
cover,207.5809,0,0,0,0
nearest,207.5809,-1
cover,207.609,0,0,0,0
nearest,207.609,-1
cover,207.6405,0,0,0,0
nearest,207.6405,-1
cover,207.6711,0,0,0,0
nearest,207.6711,-1
cover,207.7048,0,0,0,0
nearest,207.7048,-1
cover,207.7364,0,0,0,0
nearest,207.7364,-1
cover,207.7673,0,0,0,0
nearest,207.7673,-1
cover,207.7972,0,0,0,0
nearest,207.7972,-1
cover,207.8284,0,0,0,0
nearest,207.8284,-1
cover,207.8603,0,0,0,0
nearest,207.8603,-1
cover,207.889,0,0,0,0
nearest,207.8891,-1
cover,207.9221,0,0,0,0
nearest,207.9221,-1
cover,207.9547,0,0,0,0
nearest,207.9548,-1
cover,207.9816,0,0,0,0
nearest,207.9816,-1
cover,208.0136,0,0,0,0
nearest,208.0136,-1
cover,208.0472,0,0,0,0
nearest,208.0472,-1
cover,208.077,0,0,0,0
nearest,208.0771,-1
cover,208.1102,0,0,0,0
nearest,208.1102,-1
cover,208.1384,0,0,0,0
nearest,208.1384,-1
cover,208.1666,0,0,0,0
nearest,208.1667,-1
cover,208.1945,0,0,0,0
nearest,208.1945,-1
cover,208.2233,0,0,0,0
nearest,208.2233,-1
cover,208.2578,0,0,0,0
nearest,208.2579,-1
cover,208.289,0,0,0,0
nearest,208.2891,-1
cover,208.3251,0,0,0,0
nearest,208.3251,-1
cover,208.3566,0,0,0,0
nearest,208.3566,-1
cover,208.3893,0,0,0,0
nearest,208.3894,-1
cover,208.4241,0,0,0,0
nearest,208.4241,-1
cover,208.4545,0,0,0,0
nearest,208.4545,-1
cover,208.4857,0,0,0,0
nearest,208.4857,-1
cover,208.5196,0,0,0,0
nearest,208.5197,-1
cover,208.5554,0,0,0,0
nearest,208.5555,-1
cover,208.5876,0,0,0,0
nearest,208.5876,-1
cover,208.6199,0,0,0,0
nearest,208.62,-1
cover,208.6554,0,0,0,0
nearest,208.6555,-1
cover,208.6897,0,0,0,0
nearest,208.6897,-1
cover,208.7223,0,0,0,0
nearest,208.7223,-1
cover,208.7528,0,0,0,0
nearest,208.7528,-1
cover,208.7799,0,0,0,0
nearest,208.7799,-1
cover,208.811,0,0,0,0
nearest,208.8111,-1
cover,208.8445,0,0,0,0
nearest,208.8445,-1
cover,208.8807,0,0,0,0
nearest,208.8807,-1
cover,208.9216,0,0,0,0
nearest,208.9216,-1
cover,208.9599,0,0,0,0
nearest,208.9599,-1
cover,208.9923,0,0,0,0
nearest,208.9923,-1
cover,209.024,0,0,0,0
nearest,209.024,-1
cover,209.0535,0,0,0,0
nearest,209.0535,-1
cover,209.0884,0,0,0,0
nearest,209.0885,-1
cover,209.1209,0,0,0,0
nearest,209.1209,-1
cover,209.1513,0,0,0,0
nearest,209.1514,-1
cover,209.1866,0,0,0,0
nearest,209.1866,-1
cover,209.2193,0,0,0,0
nearest,209.2193,-1
cover,209.2524,0,0,0,0
nearest,209.2524,-1
cover,209.2858,0,0,0,0
nearest,209.2858,-1
cover,209.3174,0,0,0,0
nearest,209.3175,-1
cover,209.3556,0,0,0,0
nearest,209.3556,-1
cover,209.3887,0,0,0,0
nearest,209.3887,-1
cover,209.4223,0,0,0,0
nearest,209.4223,-1
cover,209.4553,0,0,0,0
nearest,209.4553,-1
cover,209.4912,0,0,0,0
nearest,209.4912,-1
cover,209.531,0,0,0,0
nearest,209.531,-1
cover,209.5664,0,0,0,0
nearest,209.5665,-1
cover,209.5996,0,0,0,0
nearest,209.5996,-1
cover,209.6299,0,0,0,0
nearest,209.63,-1
cover,209.6625,0,0,0,0
nearest,209.6625,-1
cover,209.693,0,0,0,0
nearest,209.693,-1
cover,209.7252,0,0,0,0
nearest,209.7252,-1
cover,209.7563,0,0,0,0
nearest,209.7563,-1
cover,209.7879,0,0,0,0
nearest,209.788,-1
cover,209.8173,0,0,0,0
nearest,209.8174,-1
cover,209.8494,0,0,0,0
nearest,209.8494,-1
cover,209.8838,0,0,0,0
nearest,209.8838,-1
cover,209.9155,0,0,0,0
nearest,209.9155,-1
cover,209.9458,0,0,0,0
nearest,209.9459,-1
cover,209.9786,0,0,0,0
nearest,209.9786,-1
cover,210.0112,0,0,0,0
nearest,210.0112,-1
cover,210.046,0,0,0,0
nearest,210.046,-1
cover,210.0768,0,0,0,0
nearest,210.0769,-1
cover,210.1083,0,0,0,0
nearest,210.1083,-1
cover,210.1429,0,0,0,0
nearest,210.1429,-1
cover,210.1741,0,0,0,0
nearest,210.1742,-1
cover,210.2029,0,0,0,0
nearest,210.203,-1
cover,210.2325,0,0,0,0
nearest,210.2325,-1
cover,210.2629,0,0,0,0
nearest,210.2629,-1
cover,210.2943,0,0,0,0
nearest,210.2943,-1
cover,210.3274,0,0,0,0
nearest,210.3274,-1
cover,210.3578,0,0,0,0
nearest,210.3578,-1
cover,210.3903,0,0,0,0
nearest,210.3903,-1
cover,210.4247,0,0,0,0
nearest,210.4248,-1
cover,210.4555,0,0,0,0
nearest,210.4555,-1
cover,210.4859,0,0,0,0
nearest,210.4859,-1
cover,210.5154,0,0,0,0
nearest,210.5154,-1
cover,210.546,0,0,0,0
nearest,210.546,-1
cover,210.5773,0,0,0,0
nearest,210.5773,-1
cover,210.6059,0,0,0,0
nearest,210.6059,-1
cover,210.6358,0,0,0,0
nearest,210.6358,-1
cover,210.6684,0,0,0,0
nearest,210.6685,-1
cover,210.7045,0,0,0,0
nearest,210.7046,-1
cover,210.7372,0,0,0,0
nearest,210.7372,-1
cover,210.7702,0,0,0,0
nearest,210.7702,-1
cover,210.8039,0,0,0,0
nearest,210.8039,-1
cover,210.8375,0,0,0,0
nearest,210.8376,-1
cover,210.8725,0,0,0,0
nearest,210.8725,-1
cover,210.9132,0,0,0,0
nearest,210.9133,-1
cover,210.9739,0,0,0,0
nearest,210.9739,-1
cover,211.0042,0,0,0,0
nearest,211.0043,-1
cover,211.0363,0,0,0,0
nearest,211.0363,-1
cover,211.0666,0,0,0,0
nearest,211.0666,-1
cover,211.1005,0,0,0,0
nearest,211.1006,-1
cover,211.1348,0,0,0,0
nearest,211.1348,-1
cover,211.1672,0,0,0,0
nearest,211.1672,-1
cover,211.2107,0,0,0,0
nearest,211.2107,-1
cover,211.2464,0,0,0,0
nearest,211.2465,-1
cover,211.2853,0,0,0,0
nearest,211.2853,-1
cover,211.3287,0,0,0,0
nearest,211.3288,-1
cover,211.368,0,0,0,0
nearest,211.368,-1
cover,211.3997,0,0,0,0
nearest,211.3997,-1
cover,211.4307,0,0,0,0
nearest,211.4307,-1
cover,211.4648,0,0,0,0
nearest,211.4648,-1
cover,211.501,0,0,0,0
nearest,211.501,-1
cover,211.5419,0,0,0,0
nearest,211.5419,-1
cover,211.6063,0,0,0,0
nearest,211.6063,-1
cover,211.6439,0,0,0,0
nearest,211.6439,-1
cover,211.6779,0,0,0,0
nearest,211.6779,-1
cover,211.7093,0,0,0,0
nearest,211.7093,-1
cover,211.7421,0,0,0,0
nearest,211.7421,-1
cover,211.7792,0,0,0,0
nearest,211.7792,-1
cover,211.8163,0,0,0,0
nearest,211.8164,-1
cover,211.8605,0,0,0,0
nearest,211.8605,-1
cover,211.9121,0,0,0,0
nearest,211.9122,-1
cover,211.9562,0,0,0,0
nearest,211.9562,-1
cover,211.9965,0,0,0,0
nearest,211.9965,-1
cover,212.0299,0,0,0,0
nearest,212.0299,-1
cover,212.0664,0,0,0,0
nearest,212.0664,-1
cover,212.1033,0,0,0,0
nearest,212.1034,-1
cover,212.1406,0,0,0,0
nearest,212.1406,-1
cover,212.1755,0,0,0,0
nearest,212.1756,-1
cover,212.211,0,0,0,0
nearest,212.2111,-1
cover,212.2483,0,0,0,0
nearest,212.2484,-1
cover,212.2829,0,0,0,0
nearest,212.283,-1
cover,212.3294,0,0,0,0
nearest,212.3294,-1
cover,212.3629,0,0,0,0
nearest,212.363,-1
cover,212.3979,0,0,0,0
nearest,212.3979,-1
cover,212.4352,0,0,0,0
nearest,212.4352,-1
cover,212.4695,0,0,0,0
nearest,212.4695,-1
cover,212.513,0,0,0,0
nearest,212.513,-1
cover,212.5571,0,0,0,0
nearest,212.5571,-1
cover,212.5958,0,0,0,0
nearest,212.5958,-1
cover,212.6342,0,0,0,0
nearest,212.6342,-1
cover,212.6693,0,0,0,0
nearest,212.6693,-1
cover,212.7066,0,0,0,0
nearest,212.7066,-1
cover,212.7595,0,0,0,0
nearest,212.7596,-1
cover,212.7998,0,0,0,0
nearest,212.8008,-1
cover,212.8359,0,0,0,0
nearest,212.836,-1
cover,212.8731,0,0,0,0
nearest,212.8732,-1
cover,212.9069,0,0,0,0
nearest,212.9069,-1
cover,212.9479,0,0,0,0
nearest,212.9479,-1
cover,212.9931,0,0,0,0
nearest,212.9931,-1
cover,213.0372,0,0,0,0
nearest,213.0372,-1
cover,213.0759,0,0,0,0
nearest,213.0759,-1
cover,213.1182,0,0,0,0
nearest,213.1182,-1
cover,213.1571,0,0,0,0
nearest,213.1572,-1
cover,213.1935,0,0,0,0
nearest,213.1935,-1
cover,213.2417,0,0,0,0
nearest,213.2417,-1
cover,213.28,0,0,0,0
nearest,213.2801,-1
cover,213.3197,0,0,0,0
nearest,213.3198,-1
cover,213.3666,0,0,0,0
nearest,213.3666,-1
cover,213.4063,0,0,0,0
nearest,213.4063,-1
cover,213.4425,0,0,0,0
nearest,213.4426,-1
cover,213.4841,0,0,0,0
nearest,213.4841,-1
cover,213.5283,0,0,0,0
nearest,213.5283,-1
cover,213.5686,0,0,0,0
nearest,213.5686,-1
cover,213.607,0,0,0,0
nearest,213.6071,-1
cover,213.6456,0,0,0,0
nearest,213.6456,-1
cover,213.6846,0,0,0,0
nearest,213.6847,-1
cover,213.7262,0,0,0,0
nearest,213.7263,-1
cover,213.7637,0,0,0,0
nearest,213.7637,-1
cover,213.802,0,0,0,0
nearest,213.802,-1
cover,213.8397,0,0,0,0
nearest,213.8397,-1
cover,213.8802,0,0,0,0
nearest,213.8802,-1
cover,213.9309,0,0,0,0
nearest,213.9309,-1
cover,213.9794,0,0,0,0
nearest,213.9794,-1
cover,214.0285,0,0,0,0
nearest,214.0285,-1
cover,214.0707,0,0,0,0
nearest,214.0707,-1
cover,214.1053,0,0,0,0
nearest,214.1053,-1
cover,214.1412,0,0,0,0
nearest,214.1412,-1
cover,214.1773,0,0,0,0
nearest,214.1773,-1
cover,214.2158,0,0,0,0
nearest,214.2159,-1
cover,214.2722,0,0,0,0
nearest,214.2722,-1
cover,214.3216,0,0,0,0
nearest,214.3216,-1
cover,214.3605,0,0,0,0
nearest,214.3605,-1
cover,214.3984,0,0,0,0
nearest,214.3985,-1
cover,214.4365,0,0,0,0
nearest,214.4365,-1
cover,214.4792,0,0,0,0
nearest,214.4792,-1
cover,214.5164,0,0,0,0
nearest,214.5164,-1
cover,214.5599,0,0,0,0
nearest,214.56,-1
cover,214.6096,0,0,0,0
nearest,214.6096,-1
cover,214.6608,0,0,0,0
nearest,214.6609,-1
cover,214.6988,0,0,0,0
nearest,214.6988,-1
cover,214.739,2,0,2,0
nearest,214.739,-1
cover,214.7817,2,0,2,0
nearest,214.7817,-1
cover,214.8412,2,0,2,0
nearest,214.8412,-1
cover,214.8868,2,0,2,0
nearest,214.8868,-1
cover,214.9322,2,0,2,0
nearest,214.9323,-1
cover,214.9719,1,0,1,0
nearest,214.972,-1
cover,215.012,1,0,1,0
nearest,215.012,-1
cover,215.0503,1,0,1,0
nearest,215.0504,-1
cover,215.0886,1,0,1,0
nearest,215.0887,-1
cover,215.1243,1,0,1,0
nearest,215.1243,-1
cover,215.1571,1,0,1,0
nearest,215.1571,-1
cover,215.1932,1,0,1,0
nearest,215.1932,-1
cover,215.2286,1,0,1,0
nearest,215.2286,-1
cover,215.2656,1,0,1,0
nearest,215.2657,-1
cover,215.3113,1,0,1,0
nearest,215.3113,-1
cover,215.3534,1,0,1,0
nearest,215.3535,-1
cover,215.3954,1,0,1,0
nearest,215.3955,-1
cover,215.4366,1,0,1,0
nearest,215.4366,-1
cover,215.4739,2,0,2,0
nearest,215.474,-1
cover,215.52,2,0,2,0
nearest,215.5201,-1
cover,215.5597,2,0,2,0
nearest,215.5597,-1
cover,215.5965,1,0,1,0
nearest,215.5965,-1
cover,215.6334,1,0,1,0
nearest,215.6334,-1
cover,215.6696,1,0,1,0
nearest,215.6696,-1
cover,215.7051,1,0,1,0
nearest,215.7051,-1
cover,215.7408,1,0,1,0
nearest,215.7408,-1
cover,215.7786,1,0,1,0
nearest,215.7786,-1
cover,215.8162,1,0,1,0
nearest,215.8162,-1
cover,215.8602,1,0,1,0
nearest,215.8602,-1
cover,215.9026,2,0,2,0
nearest,215.9026,-1
cover,215.9425,1,0,1,0
nearest,215.9425,-1
cover,215.9791,1,0,1,0
nearest,215.9791,-1
cover,216.02,1,0,1,0
nearest,216.02,-1
cover,216.0605,1,0,1,0
nearest,216.0605,-1
cover,216.0937,2,0,2,0
nearest,216.0937,-1
cover,216.1309,2,0,2,0
nearest,216.1309,-1
cover,216.1689,2,0,2,0
nearest,216.169,-1
cover,216.2056,1,0,1,0
nearest,216.2056,-1
cover,216.243,1,0,1,0
nearest,216.243,-1
cover,216.2813,1,0,1,0
nearest,216.2813,-1
cover,216.3136,1,0,1,0
nearest,216.3136,-1
cover,216.387,1,0,1,0
nearest,216.387,-1
cover,216.4266,1,0,1,0
nearest,216.4266,-1
cover,216.4641,1,0,1,0
nearest,216.4641,-1
cover,216.4996,1,0,1,0
nearest,216.4996,-1
cover,216.5363,1,0,1,0
nearest,216.5364,-1
cover,216.5684,1,0,1,0
nearest,216.5684,-1
cover,216.6004,1,0,1,0
nearest,216.6004,-1
cover,216.6496,1,0,1,0
nearest,216.6497,-1
cover,216.6846,1,0,1,0
nearest,216.6847,-1
cover,216.7238,1,0,1,0
nearest,216.7239,-1
cover,216.7632,1,0,1,0
nearest,216.7633,-1
cover,216.8009,1,0,1,0
nearest,216.801,-1
cover,216.8357,1,0,1,0
nearest,216.8357,-1
cover,216.8688,2,0,2,0
nearest,216.8688,-1
cover,216.9022,1,0,1,0
nearest,216.9022,-1
cover,216.9348,2,0,2,0
nearest,216.9348,-1
cover,216.9665,1,0,1,0
nearest,216.9665,-1
cover,216.9985,1,0,1,0
nearest,216.9985,-1
cover,217.0311,1,0,1,0
nearest,217.0311,-1
cover,217.0668,1,0,1,0
nearest,217.0668,-1
cover,217.1026,1,0,1,0
nearest,217.1026,-1
cover,217.1375,1,0,1,0
nearest,217.1376,-1
cover,217.1712,1,0,1,0
nearest,217.1712,-1
cover,217.206,2,0,2,0
nearest,217.206,-1
cover,217.2382,1,0,1,0
nearest,217.2382,-1
cover,217.2699,1,0,1,0
nearest,217.2699,-1
cover,217.3015,2,0,2,0
nearest,217.3015,-1
cover,217.3359,2,0,2,0
nearest,217.3359,-1
cover,217.3697,2,0,2,0
nearest,217.3697,-1
cover,217.4056,2,0,2,0
nearest,217.4056,-1
cover,217.4401,2,0,2,0
nearest,217.4401,-1
cover,217.4737,2,0,2,0
nearest,217.4738,-1
cover,217.5107,2,0,2,0
nearest,217.5107,-1
cover,217.5426,2,0,2,0
nearest,217.5427,-1
cover,217.5774,1,0,1,0
nearest,217.5774,-1
cover,217.6121,1,0,1,0
nearest,217.6121,-1
cover,217.6494,1,0,1,0
nearest,217.6494,-1
cover,217.685,1,0,1,0
nearest,217.6851,-1
cover,217.7196,1,0,1,0
nearest,217.7197,-1
cover,217.7541,1,0,1,0
nearest,217.7541,-1
cover,217.7894,1,0,1,0
nearest,217.7894,-1
cover,217.8271,1,0,1,0
nearest,217.8271,-1
cover,217.8634,1,0,1,0
nearest,217.8634,-1
cover,217.8986,1,0,1,0
nearest,217.8986,-1
cover,217.9298,1,0,1,0
nearest,217.9299,-1
cover,217.9638,1,0,1,0
nearest,217.9638,-1
cover,217.9978,1,0,1,0
nearest,217.9978,-1
cover,218.0301,1,0,1,0
nearest,218.0302,-1
cover,218.0632,1,0,1,0
nearest,218.0635,-1
cover,218.0992,2,0,2,0
nearest,218.0992,-1
cover,218.13,1,0,1,0
nearest,218.13,-1
cover,218.1635,1,0,1,0
nearest,218.1635,-1
cover,218.1958,1,0,1,0
nearest,218.1958,-1
cover,218.2292,1,0,1,0
nearest,218.2292,-1
cover,218.2631,1,0,1,0
nearest,218.2631,-1
cover,218.2985,1,0,1,0
nearest,218.2985,-1
cover,218.3396,1,0,1,0
nearest,218.3396,-1
cover,218.379,1,0,1,0
nearest,218.379,-1
cover,218.4175,1,0,1,0
nearest,218.4175,-1
cover,218.4597,1,0,1,0
nearest,218.4597,-1
cover,218.5032,1,0,1,0
nearest,218.5033,-1
cover,218.5422,0,0,0,0
nearest,218.5423,-1
cover,218.5796,0,0,0,0
nearest,218.5796,-1
cover,218.6149,0,0,0,0
nearest,218.615,-1
cover,218.6501,0,0,0,0
nearest,218.6502,-1
cover,218.6879,0,0,0,0
nearest,218.688,-1
cover,218.727,0,0,0,0
nearest,218.727,-1
cover,218.7686,0,0,0,0
nearest,218.7687,-1
cover,218.8036,0,0,0,0
nearest,218.8036,-1
cover,218.8357,0,0,0,0
nearest,218.8357,-1
cover,218.8693,0,0,0,0
nearest,218.8693,-1
cover,218.9037,0,0,0,0
nearest,218.9037,-1
cover,218.938,0,0,0,0
nearest,218.938,-1
cover,218.9708,0,0,0,0
nearest,218.9708,-1
cover,219.0043,0,0,0,0
nearest,219.0043,-1
cover,219.0373,0,0,0,0
nearest,219.0373,-1
cover,219.0767,0,0,0,0
nearest,219.0767,-1
cover,219.124,0,0,0,0
nearest,219.124,-1
cover,219.1701,0,0,0,0
nearest,219.1701,-1
cover,219.2086,0,0,0,0
nearest,219.2086,-1
cover,219.2457,0,0,0,0
nearest,219.2458,-1
cover,219.282,0,0,0,0
nearest,219.282,-1
cover,219.3425,0,0,0,0
nearest,219.3426,-1
cover,219.3845,0,0,0,0
nearest,219.3846,-1
cover,219.4392,0,0,0,0
nearest,219.4392,-1
cover,219.4851,0,0,0,0
nearest,219.4851,-1
cover,219.5227,0,0,0,0
nearest,219.5227,-1
cover,219.5635,0,0,0,0
nearest,219.5636,-1
cover,219.6048,0,0,0,0
nearest,219.6049,-1
cover,219.6399,0,0,0,0
nearest,219.6399,-1
cover,219.6795,0,0,0,0
nearest,219.6795,-1
cover,219.7157,0,0,0,0
nearest,219.7157,-1
cover,219.7542,0,0,0,0
nearest,219.7542,-1
cover,219.7902,0,0,0,0
nearest,219.7902,-1
cover,219.8347,0,0,0,0
nearest,219.8347,-1
cover,219.8696,0,0,0,0
nearest,219.8696,-1
cover,219.9062,0,0,0,0
nearest,219.9063,-1
cover,219.9452,0,0,0,0
nearest,219.9452,-1
cover,219.9788,0,0,0,0
nearest,219.9792,-1
cover,220.0126,0,0,0,0
nearest,220.0126,-1
cover,220.0465,0,0,0,0
nearest,220.0465,-1
cover,220.0788,0,0,0,0
nearest,220.0788,-1
cover,220.1125,0,0,0,0
nearest,220.1125,-1
cover,220.149,0,0,0,0
nearest,220.149,-1
cover,220.187,0,0,0,0
nearest,220.187,-1
cover,220.2331,0,0,0,0
nearest,220.2331,-1
cover,220.266,0,0,0,0
nearest,220.266,-1
cover,220.298,0,0,0,0
nearest,220.2981,-1
cover,220.3331,0,0,0,0
nearest,220.3332,-1
cover,220.3686,0,0,0,0
nearest,220.3686,-1
cover,220.4076,0,0,0,0
nearest,220.4076,-1
cover,220.4478,0,0,0,0
nearest,220.4478,-1
cover,220.5362,0,0,0,0
nearest,220.5362,-1
cover,220.5741,0,0,0,0
nearest,220.5741,-1
cover,220.6159,0,0,0,0
nearest,220.6159,-1
cover,220.6609,0,0,0,0
nearest,220.6609,-1
cover,220.6981,0,0,0,0
nearest,220.6981,-1
cover,220.7328,0,0,0,0
nearest,220.7328,-1
cover,220.766,0,0,0,0
nearest,220.7661,-1
cover,220.801,0,0,0,0
nearest,220.801,-1
cover,220.8361,0,0,0,0
nearest,220.8361,-1
cover,220.8709,0,0,0,0
nearest,220.8709,-1
cover,220.904,0,0,0,0
nearest,220.9041,-1
cover,220.9348,0,0,0,0
nearest,220.9349,-1
cover,220.966,0,0,0,0
nearest,220.966,-1
cover,220.9992,0,0,0,0
nearest,220.9993,-1
cover,221.0341,0,0,0,0
nearest,221.0341,-1
cover,221.0676,0,0,0,0
nearest,221.0676,-1
cover,221.0993,0,0,0,0
nearest,221.0993,-1
cover,221.1314,0,0,0,0
nearest,221.1314,-1
cover,221.1654,0,0,0,0
nearest,221.1655,-1
cover,221.199,0,0,0,0
nearest,221.199,-1
cover,221.2302,0,0,0,0
nearest,221.2302,-1
cover,221.2639,0,0,0,0
nearest,221.2639,-1
cover,221.2967,0,0,0,0
nearest,221.2967,-1
cover,221.3305,0,0,0,0
nearest,221.3306,-1
cover,221.3633,0,0,0,0
nearest,221.3634,-1
cover,221.3962,0,0,0,0
nearest,221.3962,-1
cover,221.428,0,0,0,0
nearest,221.428,-1
cover,221.4586,0,0,0,0
nearest,221.4587,-1
cover,221.4978,0,0,0,0
nearest,221.4979,-1
cover,221.5318,0,0,0,0
nearest,221.5318,-1
cover,221.5654,0,0,0,0
nearest,221.5654,-1
cover,221.5984,0,0,0,0
nearest,221.5984,-1
cover,221.6312,0,0,0,0
nearest,221.6313,-1
cover,221.6637,0,0,0,0
nearest,221.6638,-1
cover,221.6973,0,0,0,0
nearest,221.6974,-1
cover,221.7319,0,0,0,0
nearest,221.7319,-1
cover,221.7628,0,0,0,0
nearest,221.7628,-1
cover,221.7959,0,0,0,0
nearest,221.7959,-1
cover,221.8282,0,0,0,0
nearest,221.8282,-1
cover,221.8649,0,0,0,0
nearest,221.8649,-1
cover,221.8992,0,0,0,0
nearest,221.8992,-1
cover,221.9352,0,0,0,0
nearest,221.9352,-1
cover,221.9683,0,0,0,0
nearest,221.9683,-1
cover,222.0018,0,0,0,0
nearest,222.0018,-1
cover,222.033,0,0,0,0
nearest,222.033,-1
cover,222.0648,0,0,0,0
nearest,222.0648,-1
cover,222.0979,0,0,0,0
nearest,222.0979,-1
cover,222.2062,0,0,0,0
nearest,222.2062,-1
cover,222.2368,0,0,0,0
nearest,222.2368,-1
cover,222.27,0,0,0,0
nearest,222.2701,-1
cover,222.3044,0,0,0,0
nearest,222.3044,-1
cover,222.3358,0,0,0,0
nearest,222.3359,-1
cover,222.3709,0,0,0,0
nearest,222.3709,-1
cover,222.4034,0,0,0,0
nearest,222.4034,-1
cover,222.4383,0,0,0,0
nearest,222.4383,-1
cover,222.4727,0,0,0,0
nearest,222.4727,-1
cover,222.5084,0,0,0,0
nearest,222.5084,-1
cover,222.5425,0,0,0,0
nearest,222.5425,-1
cover,222.5774,0,0,0,0
nearest,222.5775,-1
cover,222.6075,0,0,0,0
nearest,222.6075,-1
cover,222.6376,0,0,0,0
nearest,222.6376,-1
cover,222.6709,0,0,0,0
nearest,222.6709,-1
cover,222.7046,0,0,0,0
nearest,222.7046,-1
cover,222.7375,0,0,0,0
nearest,222.7375,-1
cover,222.7704,0,0,0,0
nearest,222.7705,-1
cover,222.8025,0,0,0,0
nearest,222.8025,-1
cover,222.8384,0,0,0,0
nearest,222.8384,-1
cover,222.8739,0,0,0,0
nearest,222.874,-1
cover,222.9053,0,0,0,0
nearest,222.9053,-1
cover,222.9373,0,0,0,0
nearest,222.9374,-1
cover,222.9725,0,0,0,0
nearest,222.9725,-1
cover,223.0048,0,0,0,0
nearest,223.0049,-1
cover,223.0403,0,0,0,0
nearest,223.0404,-1
cover,223.0756,0,0,0,0
nearest,223.0756,-1
cover,223.106,0,0,0,0
nearest,223.106,-1
cover,223.139,0,0,0,0
nearest,223.139,-1
cover,223.1747,0,0,0,0
nearest,223.1747,-1
cover,223.2065,0,0,0,0
nearest,223.2065,-1
cover,223.2373,0,0,0,0
nearest,223.2373,-1
cover,223.268,0,0,0,0
nearest,223.268,-1
cover,223.2978,0,0,0,0
nearest,223.2978,-1
cover,223.3304,0,0,0,0
nearest,223.3304,-1
cover,223.3631,0,0,0,0
nearest,223.3632,-1
cover,223.3961,0,0,0,0
nearest,223.3961,-1
cover,223.4278,0,0,0,0
nearest,223.4278,-1
cover,223.4731,0,0,0,0
nearest,223.4731,-1
cover,223.507,0,0,0,0
nearest,223.507,-1
cover,223.5395,0,0,0,0
nearest,223.5396,-1
cover,223.5722,0,0,0,0
nearest,223.5723,-1
cover,223.605,0,0,0,0
nearest,223.605,-1
cover,223.6367,0,0,0,0
nearest,223.6368,-1
cover,223.672,0,0,0,0
nearest,223.672,-1
cover,223.7055,0,0,0,0
nearest,223.7055,-1
cover,223.7401,0,0,0,0
nearest,223.7401,-1
cover,223.7734,0,0,0,0
nearest,223.7734,-1
cover,223.8071,0,0,0,0
nearest,223.8072,-1
cover,223.8422,0,0,0,0
nearest,223.8422,-1
cover,223.877,0,0,0,0
nearest,223.877,-1
cover,223.9114,0,0,0,0
nearest,223.9114,-1
cover,223.9449,0,0,0,0
nearest,223.9449,-1
cover,223.9771,0,0,0,0
nearest,223.9772,-1
cover,224.0118,0,0,0,0
nearest,224.0118,-1
cover,224.048,0,0,0,0
nearest,224.048,-1
cover,224.081,0,0,0,0
nearest,224.081,-1
cover,224.1134,0,0,0,0
nearest,224.1135,-1
cover,224.1458,0,0,0,0
nearest,224.1458,-1
cover,224.1803,0,0,0,0
nearest,224.1804,-1
cover,224.2104,0,0,0,0
nearest,224.2104,-1
cover,224.2474,0,0,0,0
nearest,224.2474,-1
cover,224.2783,0,0,0,0
nearest,224.2783,-1
cover,224.3088,0,0,0,0
nearest,224.3088,-1
cover,224.3408,0,0,0,0
nearest,224.3408,-1
cover,224.373,0,0,0,0
nearest,224.373,-1
cover,224.4047,0,0,0,0
nearest,224.4047,-1
cover,224.4362,0,0,0,0
nearest,224.4363,-1
cover,224.4697,0,0,0,0
nearest,224.4698,-1
cover,224.5027,0,0,0,0
nearest,224.5027,-1
cover,224.5391,0,0,0,0
nearest,224.5391,-1
cover,224.5734,0,0,0,0
nearest,224.5734,-1
cover,224.6059,0,0,0,0
nearest,224.606,-1
cover,224.639,0,0,0,0
nearest,224.6391,-1
cover,224.6733,0,0,0,0
nearest,224.6734,-1
cover,224.7052,0,0,0,0
nearest,224.7052,-1
cover,224.7387,0,0,0,0
nearest,224.7387,-1
cover,224.7742,0,0,0,0
nearest,224.7742,-1
cover,224.809,0,0,0,0
nearest,224.809,-1
cover,224.8464,0,0,0,0
nearest,224.8464,-1
cover,224.8821,0,0,0,0
nearest,224.8821,-1
cover,224.9196,0,0,0,0
nearest,224.9196,-1
cover,224.9726,0,0,0,0
nearest,224.9726,-1
cover,225.0077,0,0,0,0
nearest,225.0077,-1
cover,225.0426,0,0,0,0
nearest,225.0426,-1
cover,225.0786,0,0,0,0
nearest,225.0786,-1
cover,225.113,0,0,0,0
nearest,225.113,-1
cover,225.1486,0,0,0,0
nearest,225.1487,-1
cover,225.1832,0,0,0,0
nearest,225.1832,-1
cover,225.2178,0,0,0,0
nearest,225.2178,-1
cover,225.2517,0,0,0,0
nearest,225.2518,-1
cover,225.2888,0,0,0,0
nearest,225.2889,-1
cover,225.3206,0,0,0,0
nearest,225.3206,-1
cover,225.3524,0,0,0,0
nearest,225.3524,-1
cover,225.3809,0,0,0,0
nearest,225.3809,-1
cover,225.4106,0,0,0,0
nearest,225.4106,-1
cover,225.4387,0,0,0,0
nearest,225.4387,-1
cover,225.4684,0,0,0,0
nearest,225.4684,-1
cover,225.502,0,0,0,0
nearest,225.502,-1
cover,225.5309,0,0,0,0
nearest,225.531,-1
cover,225.5608,0,0,0,0
nearest,225.5608,-1
cover,225.5906,0,0,0,0
nearest,225.5906,-1
cover,225.6195,0,0,0,0
nearest,225.6195,-1
cover,225.6477,0,0,0,0
nearest,225.6477,-1
cover,225.6768,0,0,0,0
nearest,225.6768,-1
cover,225.7041,0,0,0,0
nearest,225.7042,-1
cover,225.7299,0,0,0,0
nearest,225.73,-1
cover,225.7563,0,0,0,0
nearest,225.7563,-1
cover,225.7867,0,0,0,0
nearest,225.7867,-1
cover,225.8148,0,0,0,0
nearest,225.8148,-1
cover,225.8451,0,0,0,0
nearest,225.8451,-1
cover,225.8765,0,0,0,0
nearest,225.8765,-1
cover,225.9079,0,0,0,0
nearest,225.9079,-1
cover,225.9375,0,0,0,0
nearest,225.9375,-1
cover,225.969,0,0,0,0
nearest,225.9691,-1
cover,225.9984,0,0,0,0
nearest,225.9984,-1
cover,226.0304,0,0,0,0
nearest,226.0304,-1
cover,226.0607,0,0,0,0
nearest,226.0608,-1
cover,226.0908,0,0,0,0
nearest,226.0908,-1
cover,226.123,0,0,0,0
nearest,226.1231,-1
cover,226.1526,0,0,0,0
nearest,226.1526,-1
cover,226.1831,0,0,0,0
nearest,226.1831,-1
cover,226.2146,0,0,0,0
nearest,226.2146,-1
cover,226.2436,0,0,0,0
nearest,226.2437,-1
cover,226.2732,0,0,0,0
nearest,226.2732,-1
cover,226.3172,0,0,0,0
nearest,226.3172,-1
cover,226.3484,0,0,0,0
nearest,226.3484,-1
cover,226.3773,0,0,0,0
nearest,226.3773,-1
cover,226.4063,0,0,0,0
nearest,226.4063,-1
cover,226.4377,0,0,0,0
nearest,226.4377,-1
cover,226.4645,0,0,0,0
nearest,226.4646,-1
cover,226.4927,0,0,0,0
nearest,226.4927,-1
cover,226.5256,0,0,0,0
nearest,226.5256,-1
cover,226.5544,0,0,0,0
nearest,226.5544,-1
cover,226.5843,0,0,0,0
nearest,226.5844,-1
cover,226.6114,0,0,0,0
nearest,226.6114,-1
cover,226.6413,0,0,0,0
nearest,226.6413,-1
cover,226.6733,0,0,0,0
nearest,226.6733,-1
cover,226.7049,0,0,0,0
nearest,226.7049,-1
cover,226.7345,0,0,0,0
nearest,226.7345,-1
cover,226.7672,0,0,0,0
nearest,226.7673,-1
cover,226.7994,0,0,0,0
nearest,226.7994,-1
cover,226.8342,0,0,0,0
nearest,226.8342,-1
cover,226.8662,0,0,0,0
nearest,226.8662,-1
cover,226.8955,0,0,0,0
nearest,226.8955,-1
cover,226.9246,0,0,0,0
nearest,226.9246,-1
cover,226.9533,0,0,0,0
nearest,226.9533,-1
cover,226.98,0,0,0,0
nearest,226.98,-1
cover,227.0087,0,0,0,0
nearest,227.0088,-1
cover,227.0416,0,0,0,0
nearest,227.0416,-1
cover,227.0722,0,0,0,0
nearest,227.0722,-1
cover,227.1025,0,0,0,0
nearest,227.1025,-1
cover,227.1309,0,0,0,0
nearest,227.1309,-1
cover,227.1594,0,0,0,0
nearest,227.1594,-1
cover,227.1865,0,0,0,0
nearest,227.1865,-1
cover,227.2157,0,0,0,0
nearest,227.2157,-1
cover,227.2449,0,0,0,0
nearest,227.2449,-1
cover,227.2722,0,0,0,0
nearest,227.2722,-1
cover,227.3003,0,0,0,0
nearest,227.3003,-1
cover,227.3267,0,0,0,0
nearest,227.3267,-1
cover,227.3538,0,0,0,0
nearest,227.3538,-1
cover,227.38,0,0,0,0
nearest,227.38,-1
cover,227.4088,0,0,0,0
nearest,227.4088,-1
cover,227.4397,0,0,0,0
nearest,227.4397,-1
cover,227.4741,0,0,0,0
nearest,227.4741,-1
cover,227.5078,0,0,0,0
nearest,227.5078,-1
cover,227.5392,0,0,0,0
nearest,227.5393,-1
cover,227.5689,0,0,0,0
nearest,227.5689,-1
cover,227.5952,0,0,0,0
nearest,227.5952,-1
cover,227.6253,0,0,0,0
nearest,227.6253,-1
cover,227.6533,0,0,0,0
nearest,227.6533,-1
cover,227.681,0,0,0,0
nearest,227.681,-1
cover,227.7094,0,0,0,0
nearest,227.7094,-1
cover,227.7403,0,0,0,0
nearest,227.7403,-1
cover,227.7724,0,0,0,0
nearest,227.7724,-1
cover,227.8077,0,0,0,0
nearest,227.8078,-1
cover,227.8387,0,0,0,0
nearest,227.8387,-1
cover,227.8661,0,0,0,0
nearest,227.8661,-1
cover,227.8941,0,0,0,0
nearest,227.8941,-1
cover,227.9249,0,0,0,0
nearest,227.9249,-1
cover,227.9534,0,0,0,0
nearest,227.9534,-1
cover,227.9802,0,0,0,0
nearest,227.9802,-1
cover,228.0195,0,0,0,0
nearest,228.0195,-1
cover,228.0513,0,0,0,0
nearest,228.0514,-1
cover,228.0786,0,0,0,0
nearest,228.0786,-1
cover,228.1075,0,0,0,0
nearest,228.1075,-1
cover,228.1373,0,0,0,0
nearest,228.1373,-1
cover,228.163,0,0,0,0
nearest,228.163,-1
cover,228.192,0,0,0,0
nearest,228.192,-1
cover,228.221,0,0,0,0
nearest,228.221,-1
cover,228.2502,0,0,0,0
nearest,228.2502,-1
cover,228.2804,0,0,0,0
nearest,228.2804,-1
cover,228.3086,0,0,0,0
nearest,228.3086,-1
cover,228.3388,0,0,0,0
nearest,228.3388,-1
cover,228.3654,0,0,0,0
nearest,228.3654,-1
cover,228.398,0,0,0,0
nearest,228.3981,-1
cover,228.4291,0,0,0,0
nearest,228.4291,-1
cover,228.4584,0,0,0,0
nearest,228.4584,-1
cover,228.4907,0,0,0,0
nearest,228.4907,-1
cover,228.5181,0,0,0,0
nearest,228.5181,-1
cover,228.548,0,0,0,0
nearest,228.5481,-1
cover,228.5757,0,0,0,0
nearest,228.5757,-1
cover,228.6058,0,0,0,0
nearest,228.6059,-1
cover,228.637,0,0,0,0
nearest,228.637,-1
cover,228.665,0,0,0,0
nearest,228.665,-1
cover,228.6921,0,0,0,0
nearest,228.6922,-1
cover,228.7192,0,0,0,0
nearest,228.7192,-1
cover,228.7454,0,0,0,0
nearest,228.7455,-1
cover,228.7737,0,0,0,0
nearest,228.7737,-1
cover,228.8009,0,0,0,0
nearest,228.8009,-1
cover,228.8292,0,0,0,0
nearest,228.8293,-1
cover,228.8618,0,0,0,0
nearest,228.8619,-1
cover,228.8904,0,0,0,0
nearest,228.8904,-1
cover,228.9264,0,0,0,0
nearest,228.9264,-1
cover,228.96,0,0,0,0
nearest,228.96,-1
cover,228.9868,0,0,0,0
nearest,228.9868,-1
cover,229.0141,0,0,0,0
nearest,229.0141,-1
cover,229.0432,0,0,0,0
nearest,229.0432,-1
cover,229.0726,0,0,0,0
nearest,229.0726,-1
cover,229.1007,0,0,0,0
nearest,229.1007,-1
cover,229.1261,0,0,0,0
nearest,229.1261,-1
cover,229.1561,0,0,0,0
nearest,229.1561,-1
cover,229.1862,0,0,0,0
nearest,229.1862,-1
cover,229.2158,0,0,0,0
nearest,229.2158,-1
cover,229.246,0,0,0,0
nearest,229.2461,-1
cover,229.2751,0,0,0,0
nearest,229.2751,-1
cover,229.306,0,0,0,0
nearest,229.3061,-1
cover,229.3336,0,0,0,0
nearest,229.3336,-1
cover,229.3605,0,0,0,0
nearest,229.3605,-1
cover,229.3877,0,0,0,0
nearest,229.3877,-1
cover,229.4164,0,0,0,0
nearest,229.4165,-1
cover,229.4465,0,0,0,0
nearest,229.4465,-1
cover,229.4769,0,0,0,0
nearest,229.4769,-1
cover,229.5083,0,0,0,0
nearest,229.5083,-1
cover,229.5394,0,0,0,0
nearest,229.5394,-1
cover,229.5728,0,0,0,0
nearest,229.5728,-1
cover,229.6005,0,0,0,0
nearest,229.6005,-1
cover,229.6318,0,0,0,0
nearest,229.6318,-1
cover,229.664,0,0,0,0
nearest,229.664,-1
cover,229.6953,0,0,0,0
nearest,229.6953,-1
cover,229.7267,0,0,0,0
nearest,229.7267,-1
cover,229.7544,0,0,0,0
nearest,229.7545,-1
cover,229.7827,0,0,0,0
nearest,229.7827,-1
cover,229.8128,0,0,0,0
nearest,229.8128,-1
cover,229.8456,0,0,0,0
nearest,229.8457,-1
cover,229.8713,0,0,0,0
nearest,229.8714,-1
cover,229.9008,0,0,0,0
nearest,229.9008,-1
cover,229.9265,0,0,0,0
nearest,229.9266,-1
cover,229.9541,0,0,0,0
nearest,229.9541,-1
cover,229.9816,0,0,0,0
nearest,229.9816,-1
cover,230.0118,0,0,0,0
nearest,230.0118,-1
cover,230.0413,0,0,0,0
nearest,230.0413,-1
cover,230.0729,0,0,0,0
nearest,230.0729,-1
cover,230.1002,0,0,0,0
nearest,230.1002,-1
cover,230.1343,0,0,0,0
nearest,230.1344,-1
cover,230.1693,0,0,0,0
nearest,230.1693,-1
cover,230.1985,0,0,0,0
nearest,230.1985,-1
cover,230.2283,0,0,0,0
nearest,230.2283,-1
cover,230.2592,0,0,0,0
nearest,230.2593,-1
cover,230.2879,0,0,0,0
nearest,230.2879,-1
cover,230.3162,0,0,0,0
nearest,230.3162,-1
cover,230.3436,0,0,0,0
nearest,230.3437,-1
cover,230.374,0,0,0,0
nearest,230.374,-1
cover,230.4074,0,0,0,0
nearest,230.4075,-1
cover,230.4405,0,0,0,0
nearest,230.4405,-1
cover,230.4735,0,0,0,0
nearest,230.4736,-1
cover,230.5048,0,0,0,0
nearest,230.5049,-1
cover,230.535,0,0,0,0
nearest,230.535,-1
cover,230.5655,0,0,0,0
nearest,230.5655,-1
cover,230.5923,0,0,0,0
nearest,230.5923,-1
cover,230.6197,0,0,0,0
nearest,230.6197,-1
cover,230.6484,0,0,0,0
nearest,230.6484,-1
cover,230.6762,0,0,0,0
nearest,230.6762,-1
cover,230.7072,0,0,0,0
nearest,230.7073,-1
cover,230.7406,0,0,0,0
nearest,230.7406,-1
cover,230.7732,0,0,0,0
nearest,230.7732,-1
cover,230.8056,0,0,0,0
nearest,230.8056,-1
cover,230.8335,0,0,0,0
nearest,230.8335,-1
cover,230.8677,0,0,0,0
nearest,230.8677,-1
cover,230.8961,0,0,0,0
nearest,230.8962,-1
cover,230.9239,0,0,0,0
nearest,230.9239,-1
cover,230.9536,0,0,0,0
nearest,230.9536,-1
cover,230.9799,0,0,0,0
nearest,230.9799,-1
cover,231.0106,0,0,0,0
nearest,231.0106,-1
cover,231.0397,0,0,0,0
nearest,231.0397,-1
cover,231.0737,0,0,0,0
nearest,231.0738,-1
cover,231.1043,0,0,0,0
nearest,231.1043,-1
cover,231.2016,0,0,0,0
nearest,231.2017,-1
cover,231.2334,0,0,0,0
nearest,231.2334,-1
cover,231.2634,0,0,0,0
nearest,231.2635,-1
cover,231.2903,0,0,0,0
nearest,231.2903,-1
cover,231.3186,0,0,0,0
nearest,231.3187,-1
cover,231.3493,0,0,0,0
nearest,231.3493,-1
cover,231.3763,0,0,0,0
nearest,231.3763,-1
cover,231.403,0,0,0,0
nearest,231.403,-1
cover,231.4331,0,0,0,0
nearest,231.4331,-1
cover,231.4645,0,0,0,0
nearest,231.4645,-1
cover,231.4937,0,0,0,0
nearest,231.4937,-1
cover,231.5224,0,0,0,0
nearest,231.5224,-1
cover,231.5487,0,0,0,0
nearest,231.5488,-1
cover,231.5767,0,0,0,0
nearest,231.5767,-1
cover,231.603,0,0,0,0
nearest,231.603,-1
cover,231.6309,0,0,0,0
nearest,231.6309,-1
cover,231.6619,0,0,0,0
nearest,231.6619,-1
cover,231.6913,0,0,0,0
nearest,231.6913,-1
cover,231.7213,0,0,0,0
nearest,231.7214,-1
cover,231.7505,0,0,0,0
nearest,231.7505,-1
cover,231.7808,0,0,0,0
nearest,231.7808,-1
cover,231.8114,0,0,0,0
nearest,231.8114,-1
cover,231.8409,0,0,0,0
nearest,231.8409,-1
cover,231.8741,0,0,0,0
nearest,231.8742,-1
cover,231.9011,0,0,0,0
nearest,231.9012,-1
cover,231.9271,0,0,0,0
nearest,231.9271,-1
cover,231.9585,0,0,0,0
nearest,231.9585,-1
cover,231.9897,0,0,0,0
nearest,231.9898,-1
cover,232.0191,0,0,0,0
nearest,232.0191,-1
cover,232.0522,0,0,0,0
nearest,232.0522,-1
cover,232.083,0,0,0,0
nearest,232.0831,-1
cover,232.1092,0,0,0,0
nearest,232.1092,-1
cover,232.1407,0,0,0,0
nearest,232.1408,-1
cover,232.1712,0,0,0,0
nearest,232.1712,-1
cover,232.2028,0,0,0,0
nearest,232.2029,-1
cover,232.2316,0,0,0,0
nearest,232.2316,-1
cover,232.2632,0,0,0,0
nearest,232.2633,-1
cover,232.2943,0,0,0,0
nearest,232.2943,-1
cover,232.321,0,0,0,0
nearest,232.3211,-1
cover,232.3499,0,0,0,0
nearest,232.3499,-1
cover,232.376,0,0,0,0
nearest,232.376,-1
cover,232.4055,0,0,0,0
nearest,232.4056,-1
cover,232.4365,0,0,0,0
nearest,232.4365,-1
cover,232.466,0,0,0,0
nearest,232.4663,-1
cover,232.4995,0,0,0,0
nearest,232.4995,-1
cover,232.53,0,0,0,0
nearest,232.53,-1
cover,232.5588,0,0,0,0
nearest,232.5588,-1
cover,232.5892,0,0,0,0
nearest,232.5892,-1
cover,232.618,0,0,0,0
nearest,232.618,-1
cover,232.6483,0,0,0,0
nearest,232.6483,-1
cover,232.68,0,0,0,0
nearest,232.68,-1
cover,232.7092,0,0,0,0
nearest,232.7092,-1
cover,232.7396,0,0,0,0
nearest,232.7396,-1
cover,232.7719,0,0,0,0
nearest,232.7719,-1
cover,232.8035,0,0,0,0
nearest,232.8035,-1
cover,232.834,0,0,0,0
nearest,232.8341,-1
cover,232.8683,0,0,0,0
nearest,232.8683,-1
cover,232.9013,0,0,0,0
nearest,232.9013,-1
cover,232.9322,0,0,0,0
nearest,232.9323,-1
cover,232.9639,0,0,0,0
nearest,232.9639,-1
cover,232.9946,0,0,0,0
nearest,232.9947,-1
cover,233.0258,0,0,0,0
nearest,233.0259,-1
cover,233.058,0,0,0,0
nearest,233.058,-1
cover,233.0887,0,0,0,0
nearest,233.0887,-1
cover,233.1204,0,0,0,0
nearest,233.1204,-1
cover,233.155,0,0,0,0
nearest,233.155,-1
cover,233.1875,0,0,0,0
nearest,233.1875,-1
cover,233.2231,0,0,0,0
nearest,233.2231,-1
cover,233.256,0,0,0,0
nearest,233.256,-1
cover,233.2924,0,0,0,0
nearest,233.2924,-1
cover,233.3266,0,0,0,0
nearest,233.3266,-1
cover,233.3565,0,0,0,0
nearest,233.3565,-1
cover,233.385,0,0,0,0
nearest,233.385,-1
cover,233.4161,0,0,0,0
nearest,233.4161,-1
cover,233.4428,0,0,0,0
nearest,233.4428,-1
cover,233.4739,0,0,0,0
nearest,233.474,-1
cover,233.5053,0,0,0,0
nearest,233.5054,-1
cover,233.5328,0,0,0,0
nearest,233.5328,-1
cover,233.5601,0,0,0,0
nearest,233.5602,-1
cover,233.5904,0,0,0,0
nearest,233.5905,-1
cover,233.6184,0,0,0,0
nearest,233.6184,-1
cover,233.6503,0,0,0,0
nearest,233.6503,-1
cover,233.6777,0,0,0,0
nearest,233.6777,-1
cover,233.7064,0,0,0,0
nearest,233.7065,-1
cover,233.7353,0,0,0,0
nearest,233.7353,-1
cover,233.766,0,0,0,0
nearest,233.766,-1
cover,233.797,0,0,0,0
nearest,233.7971,-1
cover,233.8315,0,0,0,0
nearest,233.8316,-1
cover,233.8626,0,0,0,0
nearest,233.8626,-1
cover,233.89,0,0,0,0
nearest,233.89,-1
cover,233.919,0,0,0,0
nearest,233.919,-1
cover,233.9499,0,0,0,0
nearest,233.9499,-1
cover,233.9823,0,0,0,0
nearest,233.9823,-1
cover,234.0109,0,0,0,0
nearest,234.0109,-1
cover,234.0441,0,0,0,0
nearest,234.0441,-1
cover,234.0733,0,0,0,0
nearest,234.0733,-1
cover,234.1018,0,0,0,0
nearest,234.1018,-1
cover,234.1319,0,0,0,0
nearest,234.1319,-1
cover,234.1619,0,0,0,0
nearest,234.1619,-1
cover,234.1886,0,0,0,0
nearest,234.1886,-1
cover,234.2166,0,0,0,0
nearest,234.2166,-1
cover,234.2552,0,0,0,0
nearest,234.2552,-1
cover,234.2895,0,0,0,0
nearest,234.2895,-1
cover,234.3203,0,0,0,0
nearest,234.3203,-1
cover,234.357,0,0,0,0
nearest,234.357,-1
cover,234.3884,0,0,0,0
nearest,234.3885,-1
cover,234.4216,0,0,0,0
nearest,234.4216,-1
cover,234.4529,0,0,0,0
nearest,234.453,-1
cover,234.4834,0,0,0,0
nearest,234.4834,-1
cover,234.5162,0,0,0,0
nearest,234.5162,-1
cover,234.5438,0,0,0,0
nearest,234.5438,-1
cover,234.5692,0,0,0,0
nearest,234.5693,-1
cover,234.6019,0,0,0,0
nearest,234.602,-1
cover,234.6345,0,0,0,0
nearest,234.6345,-1
cover,234.6664,0,0,0,0
nearest,234.6664,-1
cover,234.6973,0,0,0,0
nearest,234.6974,-1
cover,234.7293,0,0,0,0
nearest,234.7293,-1
cover,234.7626,0,0,0,0
nearest,234.7626,-1
cover,234.7941,0,0,0,0
nearest,234.7941,-1
cover,234.8259,0,0,0,0
nearest,234.8259,-1
cover,234.8587,0,0,0,0
nearest,234.8587,-1
cover,234.8914,0,0,0,0
nearest,234.8914,-1
cover,234.9192,0,0,0,0
nearest,234.9193,-1
cover,234.9498,0,0,0,0
nearest,234.9498,-1
cover,234.9824,0,0,0,0
nearest,234.9824,-1
cover,235.0161,0,0,0,0
nearest,235.0161,-1
cover,235.0499,0,0,0,0
nearest,235.0499,-1
cover,235.0813,0,0,0,0
nearest,235.0813,-1
cover,235.1089,0,0,0,0
nearest,235.1089,-1
cover,235.1404,0,0,0,0
nearest,235.1404,-1
cover,235.17,0,0,0,0
nearest,235.17,-1
cover,235.201,0,0,0,0
nearest,235.201,-1
cover,235.2307,0,0,0,0
nearest,235.2307,-1
cover,235.263,0,0,0,0
nearest,235.2631,-1
cover,235.2912,0,0,0,0
nearest,235.2912,-1
cover,235.3204,0,0,0,0
nearest,235.3204,-1
cover,235.3528,0,0,0,0
nearest,235.3528,-1
cover,235.3865,0,0,0,0
nearest,235.3865,-1
cover,235.4161,0,0,0,0
nearest,235.4161,-1
cover,235.442,0,0,0,0
nearest,235.442,-1
cover,235.4696,0,0,0,0
nearest,235.4696,-1
cover,235.4975,0,0,0,0
nearest,235.4975,-1
cover,235.5258,0,0,0,0
nearest,235.5258,-1
cover,235.5518,0,0,0,0
nearest,235.5518,-1
cover,235.5807,0,0,0,0
nearest,235.5808,-1
cover,235.6062,0,0,0,0
nearest,235.6062,-1
cover,235.6316,0,0,0,0
nearest,235.6316,-1
cover,235.6602,0,0,0,0
nearest,235.6602,-1
cover,235.689,0,0,0,0
nearest,235.689,-1
cover,235.7173,0,0,0,0
nearest,235.7173,-1
cover,235.7435,0,0,0,0
nearest,235.7435,-1
cover,235.7703,0,0,0,0
nearest,235.7703,-1
cover,235.7982,0,0,0,0
nearest,235.7983,-1
cover,235.8254,0,0,0,0
nearest,235.8254,-1
cover,235.8532,0,0,0,0
nearest,235.8532,-1
cover,235.8821,0,0,0,0
nearest,235.8821,-1
cover,235.9094,0,0,0,0
nearest,235.9095,-1
cover,235.9388,0,0,0,0
nearest,235.9388,-1
cover,235.967,0,0,0,0
nearest,235.967,-1
cover,235.994,0,0,0,0
nearest,235.9941,-1
cover,236.0207,0,0,0,0
nearest,236.0207,-1
cover,236.0511,0,0,0,0
nearest,236.0511,-1
cover,236.0763,0,0,0,0
nearest,236.0763,-1
cover,236.102,0,0,0,0
nearest,236.102,-1
cover,236.1274,0,0,0,0
nearest,236.1274,-1
cover,236.155,0,0,0,0
nearest,236.155,-1
cover,236.185,0,0,0,0
nearest,236.1851,-1
cover,236.2103,0,0,0,0
nearest,236.2104,-1
cover,236.2361,0,0,0,0
nearest,236.2361,-1
cover,236.2634,0,0,0,0
nearest,236.2634,-1
cover,236.2914,0,0,0,0
nearest,236.2915,-1
cover,236.3202,0,0,0,0
nearest,236.3202,-1
cover,236.349,0,0,0,0
nearest,236.349,-1
cover,236.3771,0,0,0,0
nearest,236.3771,-1
cover,236.4086,0,0,0,0
nearest,236.4086,-1
cover,236.4353,0,0,0,0
nearest,236.4354,-1
cover,236.4643,0,0,0,0
nearest,236.4643,-1
cover,236.4938,0,0,0,0
nearest,236.4938,-1
cover,236.5219,0,0,0,0
nearest,236.5219,-1
cover,236.5514,0,0,0,0
nearest,236.5514,-1
cover,236.5774,0,0,0,0
nearest,236.5775,-1
cover,236.6042,0,0,0,0
nearest,236.6043,-1
cover,236.6301,0,0,0,0
nearest,236.6301,-1
cover,236.6581,0,0,0,0
nearest,236.6581,-1
cover,236.6877,0,0,0,0
nearest,236.6877,-1
cover,236.7173,0,0,0,0
nearest,236.7173,-1
cover,236.7421,0,0,0,0
nearest,236.7421,-1
cover,236.7669,0,0,0,0
nearest,236.7669,-1
cover,236.7976,0,0,0,0
nearest,236.7976,-1
cover,236.826,0,0,0,0
nearest,236.826,-1
cover,236.8565,0,0,0,0
nearest,236.8565,-1
cover,236.8831,0,0,0,0
nearest,236.8831,-1
cover,236.9109,0,0,0,0
nearest,236.9109,-1
cover,236.9347,0,0,0,0
nearest,236.9348,-1
cover,236.9628,0,0,0,0
nearest,236.9628,-1
cover,236.9894,0,0,0,0
nearest,236.9894,-1
cover,237.0174,0,0,0,0
nearest,237.0174,-1
cover,237.0441,0,0,0,0
nearest,237.0442,-1
cover,237.0679,0,0,0,0
nearest,237.0679,-1
cover,237.0953,0,0,0,0
nearest,237.0953,-1
cover,237.1215,0,0,0,0
nearest,237.1215,-1
cover,237.1523,0,0,0,0
nearest,237.1524,-1
cover,237.1771,0,0,0,0
nearest,237.1771,-1
cover,237.2016,0,0,0,0
nearest,237.2016,-1
cover,237.2315,0,0,0,0
nearest,237.2315,-1
cover,237.2563,0,0,0,0
nearest,237.2563,-1
cover,237.283,0,0,0,0
nearest,237.283,-1
cover,237.3082,0,0,0,0
nearest,237.3082,-1
cover,237.3387,0,0,0,0
nearest,237.3387,-1
cover,237.3644,0,0,0,0
nearest,237.3644,-1
cover,237.3897,0,0,0,0
nearest,237.3897,-1
cover,237.4166,0,0,0,0
nearest,237.4166,-1
cover,237.4403,0,0,0,0
nearest,237.4403,-1
cover,237.4644,0,0,0,0
nearest,237.4644,-1
cover,237.4909,0,0,0,0
nearest,237.4909,-1
cover,237.5181,0,0,0,0
nearest,237.5181,-1
cover,237.5448,0,0,0,0
nearest,237.5448,-1
cover,237.5685,0,0,0,0
nearest,237.5685,-1
cover,237.5961,0,0,0,0
nearest,237.5962,-1
cover,237.6254,0,0,0,0
nearest,237.6254,-1
cover,237.6527,0,0,0,0
nearest,237.6527,-1
cover,237.6845,0,0,0,0
nearest,237.6845,-1
cover,237.7356,0,0,0,0
nearest,237.7356,-1
