kind,t,a,b
meta,0,1.3398561541818312,60
cover,0.1875,0,0,0,0
nearest,0.1876,-1
cover,0.2175,0,0,0,0
nearest,0.2176,-1
cover,0.2449,0,0,0,0
nearest,0.245,-1
cover,0.2722,0,0,0,0
nearest,0.2722,-1
cover,0.2994,0,0,0,0
nearest,0.2994,-1
cover,0.3253,0,0,0,0
nearest,0.3253,-1
cover,0.3572,0,0,0,0
nearest,0.3572,-1
cover,0.3856,0,0,0,0
nearest,0.3856,-1
cover,0.4123,0,0,0,0
nearest,0.4123,-1
cover,0.4401,0,0,0,0
nearest,0.4401,-1
cover,0.4696,0,0,0,0
nearest,0.4697,-1
cover,0.5024,0,0,0,0
nearest,0.5024,-1
cover,0.5388,0,0,0,0
nearest,0.5388,-1
cover,0.5663,0,0,0,0
nearest,0.5663,-1
cover,0.5909,0,0,0,0
nearest,0.5909,-1
cover,0.6223,0,0,0,0
nearest,0.6223,-1
cover,0.6649,0,0,0,0
nearest,0.6649,-1
cover,0.6956,0,0,0,0
nearest,0.6957,-1
cover,0.7283,0,0,0,0
nearest,0.7283,-1
cover,0.7625,0,0,0,0
nearest,0.7625,-1
cover,0.7976,0,0,0,0
nearest,0.7976,-1
cover,0.8289,0,0,0,0
nearest,0.829,-1
cover,0.8684,0,0,0,0
nearest,0.8684,-1
cover,0.8961,0,0,0,0
nearest,0.8962,-1
cover,0.9267,0,0,0,0
nearest,0.9267,-1
cover,0.95,0,0,0,0
nearest,0.95,-1
cover,0.9772,0,0,0,0
nearest,0.9772,-1
cover,1.0011,0,0,0,0
nearest,1.0011,-1
cover,1.0278,0,0,0,0
nearest,1.0278,-1
cover,1.0827,0,0,0,0
nearest,1.0827,-1
cover,1.191,0,0,0,0
nearest,1.191,-1
cover,1.2234,0,0,0,0
nearest,1.2234,-1
cover,1.2544,0,0,0,0
nearest,1.2544,-1
cover,1.2864,0,0,0,0
nearest,1.2864,-1
cover,1.3174,0,0,0,0
nearest,1.3175,-1
cover,1.3488,0,0,0,0
nearest,1.3488,-1
cover,1.3802,0,0,0,0
nearest,1.3802,-1
cover,1.4077,0,0,0,0
nearest,1.4077,-1
cover,1.4398,0,0,0,0
nearest,1.4398,-1
cover,1.4718,0,0,0,0
nearest,1.4718,-1
cover,1.4981,0,0,0,0
nearest,1.4981,-1
cover,1.5261,0,0,0,0
nearest,1.5261,-1
cover,1.5523,0,0,0,0
nearest,1.5523,-1
cover,1.5785,0,0,0,0
nearest,1.5785,-1
cover,1.6057,0,0,0,0
nearest,1.6058,-1
cover,1.6373,0,0,0,0
nearest,1.6373,-1
cover,1.665,0,0,0,0
nearest,1.665,-1
cover,1.6949,0,0,0,0
nearest,1.695,-1
cover,1.7212,0,0,0,0
nearest,1.7213,-1
cover,1.7478,0,0,0,0
nearest,1.7478,-1
cover,1.7762,0,0,0,0
nearest,1.7762,-1
cover,1.8045,0,0,0,0
nearest,1.8045,-1
cover,1.8311,0,0,0,0
nearest,1.8311,-1
cover,1.8632,0,0,0,0
nearest,1.8632,-1
cover,1.892,0,0,0,0
nearest,1.892,-1
cover,1.9209,0,0,0,0
nearest,1.9209,-1
cover,1.9525,0,0,0,0
nearest,1.9525,-1
cover,1.9899,0,0,0,0
nearest,1.9899,-1
cover,2.0219,0,0,0,0
nearest,2.022,-1
cover,2.0537,0,0,0,0
nearest,2.0538,-1
cover,2.0875,0,0,0,0
nearest,2.0875,-1
cover,2.1182,0,0,0,0
nearest,2.1182,-1
cover,2.1529,0,0,0,0
nearest,2.1529,-1
cover,2.1833,0,0,0,0
nearest,2.1834,-1
cover,2.2155,0,0,0,0
nearest,2.2155,-1
cover,2.2456,0,0,0,0
nearest,2.2456,-1
cover,2.276,0,0,0,0
nearest,2.276,-1
cover,2.3067,0,0,0,0
nearest,2.3068,-1
cover,2.3367,0,0,0,0
nearest,2.3367,-1
cover,2.3627,0,0,0,0
nearest,2.3627,-1
cover,2.3925,0,0,0,0
nearest,2.3925,-1
cover,2.4233,0,0,0,0
nearest,2.4233,-1
cover,2.4525,0,0,0,0
nearest,2.4526,-1
cover,2.4824,0,0,0,0
nearest,2.4824,-1
cover,2.5127,0,0,0,0
nearest,2.5127,-1
cover,2.5461,0,0,0,0
nearest,2.5461,-1
cover,2.578,0,0,0,0
nearest,2.5781,-1
cover,2.6105,0,0,0,0
nearest,2.6105,-1
cover,2.6419,0,0,0,0
nearest,2.6419,-1
cover,2.6773,0,0,0,0
nearest,2.6774,-1
cover,2.7067,0,0,0,0
nearest,2.7067,-1
cover,2.7356,0,0,0,0
nearest,2.7356,-1
cover,2.7621,0,0,0,0
nearest,2.7622,-1
cover,2.7895,0,0,0,0
nearest,2.7895,-1
cover,2.8153,0,0,0,0
nearest,2.8153,-1
cover,2.8505,0,0,0,0
nearest,2.8505,-1
cover,2.8813,0,0,0,0
nearest,2.8813,-1
cover,2.9189,0,0,0,0
nearest,2.9189,-1
cover,2.9545,0,0,0,0
nearest,2.9545,-1
cover,2.9901,0,0,0,0
nearest,2.9901,-1
cover,3.0196,0,0,0,0
nearest,3.0196,-1
cover,3.0479,0,0,0,0
nearest,3.0479,-1
cover,3.0769,0,0,0,0
nearest,3.0769,-1
cover,3.1053,0,0,0,0
nearest,3.1053,-1
cover,3.135,0,0,0,0
nearest,3.135,-1
cover,3.1629,0,0,0,0
nearest,3.163,-1
cover,3.1923,0,0,0,0
nearest,3.1923,-1
cover,3.2263,0,0,0,0
nearest,3.2263,-1
cover,3.2597,0,0,0,0
nearest,3.2597,-1
cover,3.2932,0,0,0,0
nearest,3.2933,-1
cover,3.3233,0,0,0,0
nearest,3.3233,-1
cover,3.3537,0,0,0,0
nearest,3.3537,-1
cover,3.3848,0,0,0,0
nearest,3.3848,-1
cover,3.419,0,0,0,0
nearest,3.4191,-1
cover,3.4468,0,0,0,0
nearest,3.4468,-1
cover,3.4774,0,0,0,0
nearest,3.4774,-1
cover,3.5153,0,0,0,0
nearest,3.5153,-1
cover,3.5477,0,0,0,0
nearest,3.5477,-1
cover,3.5817,0,0,0,0
nearest,3.5817,-1
cover,3.6127,0,0,0,0
nearest,3.6127,-1
cover,3.646,0,0,0,0
nearest,3.6461,-1
cover,3.6732,0,0,0,0
nearest,3.6732,-1
cover,3.7007,0,0,0,0
nearest,3.7007,-1
cover,3.7332,0,0,0,0
nearest,3.7332,-1
cover,3.7626,0,0,0,0
nearest,3.7626,-1
cover,3.7893,0,0,0,0
nearest,3.7893,-1
cover,3.8152,0,0,0,0
nearest,3.8152,-1
cover,3.8467,0,0,0,0
nearest,3.8467,-1
cover,3.8771,0,0,0,0
nearest,3.8771,-1
cover,3.9163,0,0,0,0
nearest,3.9163,-1
cover,3.9562,0,0,0,0
nearest,3.9563,-1
cover,3.9843,0,0,0,0
nearest,3.9844,-1
cover,4.0135,0,0,0,0
nearest,4.0135,-1
cover,4.042,0,0,0,0
nearest,4.042,-1
cover,4.0678,0,0,0,0
nearest,4.0678,-1
cover,4.0997,0,0,0,0
nearest,4.0998,-1
cover,4.1332,0,0,0,0
nearest,4.1332,-1
cover,4.1624,0,0,0,0
nearest,4.1624,-1
cover,4.19,0,0,0,0
nearest,4.19,-1
cover,4.2172,0,0,0,0
nearest,4.2172,-1
cover,4.2513,0,0,0,0
nearest,4.2513,-1
cover,4.2818,0,0,0,0
nearest,4.2818,-1
cover,4.3107,0,0,0,0
nearest,4.3108,-1
cover,4.3391,0,0,0,0
nearest,4.3391,-1
cover,4.3743,0,0,0,0
nearest,4.3743,-1
cover,4.4,0,0,0,0
nearest,4.4,-1
cover,4.4258,0,0,0,0
nearest,4.4258,-1
cover,4.4528,0,0,0,0
nearest,4.4528,-1
cover,4.4802,0,0,0,0
nearest,4.4802,-1
cover,4.508,0,0,0,0
nearest,4.508,-1
cover,4.5397,0,0,0,0
nearest,4.5398,-1
cover,4.5715,0,0,0,0
nearest,4.5715,-1
cover,4.5991,0,0,0,0
nearest,4.5992,-1
cover,4.6257,0,0,0,0
nearest,4.6258,-1
cover,4.6545,0,0,0,0
nearest,4.6546,-1
cover,4.6865,0,0,0,0
nearest,4.6865,-1
cover,4.7159,0,0,0,0
nearest,4.716,-1
cover,4.7463,0,0,0,0
nearest,4.7463,-1
cover,4.776,0,0,0,0
nearest,4.776,-1
cover,4.8059,0,0,0,0
nearest,4.8059,-1
cover,4.8375,0,0,0,0
nearest,4.8376,-1
cover,4.8725,0,0,0,0
nearest,4.8725,-1
cover,4.9021,0,0,0,0
nearest,4.9021,-1
cover,4.9326,0,0,0,0
nearest,4.9326,-1
cover,4.9631,0,0,0,0
nearest,4.9631,-1
cover,5.0024,0,0,0,0
nearest,5.0024,-1
cover,5.0349,0,0,0,0
nearest,5.0349,-1
cover,5.0677,0,0,0,0
nearest,5.0677,-1
cover,5.0997,0,0,0,0
nearest,5.0998,-1
cover,5.1373,0,0,0,0
nearest,5.1373,-1
cover,5.1732,0,0,0,0
nearest,5.1732,-1
cover,5.202,0,0,0,0
nearest,5.202,-1
cover,5.2391,0,0,0,0
nearest,5.2391,-1
cover,5.2702,0,0,0,0
nearest,5.2702,-1
cover,5.302,0,0,0,0
nearest,5.302,-1
cover,5.3331,0,0,0,0
nearest,5.3331,-1
cover,5.367,0,0,0,0
nearest,5.367,-1
cover,5.3998,0,0,0,0
nearest,5.3998,-1
cover,5.4343,0,0,0,0
nearest,5.4343,-1
cover,5.4677,0,0,0,0
nearest,5.4678,-1
cover,5.5027,0,0,0,0
nearest,5.5027,-1
cover,5.547,0,0,0,0
nearest,5.547,-1
cover,5.5935,0,0,0,0
nearest,5.5935,-1
cover,5.6325,0,0,0,0
nearest,5.6325,-1
cover,5.6698,0,0,0,0
nearest,5.6698,-1
cover,5.7064,0,0,0,0
nearest,5.7064,-1
cover,5.7457,0,0,0,0
nearest,5.7458,-1
cover,5.7802,0,0,0,0
nearest,5.7802,-1
cover,5.816,0,0,0,0
nearest,5.816,-1
cover,5.8531,0,0,0,0
nearest,5.8531,-1
cover,5.8888,0,0,0,0
nearest,5.8888,-1
cover,5.9216,0,0,0,0
nearest,5.9216,-1
cover,5.9551,0,0,0,0
nearest,5.9551,-1
cover,5.9888,0,0,0,0
nearest,5.9888,-1
cover,6.0224,0,0,0,0
nearest,6.0224,-1
cover,6.0554,0,0,0,0
nearest,6.0554,-1
cover,6.0923,0,0,0,0
nearest,6.0923,-1
cover,6.1278,0,0,0,0
nearest,6.1278,-1
cover,6.1639,0,0,0,0
nearest,6.1639,-1
cover,6.2023,0,0,0,0
nearest,6.2023,-1
cover,6.2387,0,0,0,0
nearest,6.2387,-1
cover,6.2781,0,0,0,0
nearest,6.2781,-1
cover,6.3201,0,0,0,0
nearest,6.3201,-1
cover,6.3628,0,0,0,0
nearest,6.3628,-1
cover,6.4001,0,0,0,0
nearest,6.4001,-1
cover,6.4396,0,0,0,0
nearest,6.4396,-1
cover,6.4855,0,0,0,0
nearest,6.4855,-1
cover,6.5275,0,0,0,0
nearest,6.5275,-1
cover,6.5666,0,0,0,0
nearest,6.5666,-1
cover,6.6078,0,0,0,0
nearest,6.6078,-1
cover,6.6388,0,0,0,0
nearest,6.6388,-1
cover,6.6737,0,0,0,0
nearest,6.6737,-1
cover,6.7195,0,0,0,0
nearest,6.7195,-1
cover,6.7602,0,0,0,0
nearest,6.7602,-1
cover,6.7968,0,0,0,0
nearest,6.7968,-1
cover,6.8364,0,0,0,0
nearest,6.8364,-1
cover,6.8719,0,0,0,0
nearest,6.872,-1
cover,6.9108,0,0,0,0
nearest,6.9108,-1
cover,6.9465,0,0,0,0
nearest,6.9465,-1
cover,6.9829,0,0,0,0
nearest,6.9829,-1
cover,7.0195,0,0,0,0
nearest,7.0195,-1
cover,7.0549,0,0,0,0
nearest,7.0549,-1
cover,7.0923,0,0,0,0
nearest,7.0923,-1
cover,7.1299,0,0,0,0
nearest,7.1299,-1
cover,7.1747,0,0,0,0
nearest,7.1747,-1
cover,7.2126,0,0,0,0
nearest,7.2127,-1
cover,7.2502,0,0,0,0
nearest,7.2502,-1
cover,7.2835,0,0,0,0
nearest,7.2836,-1
cover,7.3238,0,0,0,0
nearest,7.3238,-1
cover,7.3739,0,0,0,0
nearest,7.3739,-1
cover,7.4147,0,0,0,0
nearest,7.4147,-1
cover,7.4567,0,0,0,0
nearest,7.4567,-1
cover,7.4942,0,0,0,0
nearest,7.4942,-1
cover,7.5263,0,0,0,0
nearest,7.5264,-1
cover,7.5606,0,0,0,0
nearest,7.5606,-1
cover,7.5886,0,0,0,0
nearest,7.5886,-1
cover,7.6267,0,0,0,0
nearest,7.6268,-1
cover,7.6665,0,0,0,0
nearest,7.6665,-1
cover,7.7051,0,0,0,0
nearest,7.7051,-1
cover,7.7487,0,0,0,0
nearest,7.7487,-1
cover,7.8037,0,0,0,0
nearest,7.8038,-1
cover,7.847,0,0,0,0
nearest,7.8471,-1
cover,7.8877,0,0,0,0
nearest,7.8878,-1
cover,7.9273,0,0,0,0
nearest,7.9273,-1
cover,7.967,0,0,0,0
nearest,7.967,-1
cover,8.0034,0,0,0,0
nearest,8.0034,-1
cover,8.0674,0,0,0,0
nearest,8.0675,-1
cover,8.1066,0,0,0,0
nearest,8.1066,-1
cover,8.1426,0,0,0,0
nearest,8.1426,-1
cover,8.1812,0,0,0,0
nearest,8.1813,-1
cover,8.2139,0,0,0,0
nearest,8.214,-1
cover,8.2443,0,0,0,0
nearest,8.2444,-1
cover,8.2788,0,0,0,0
nearest,8.2788,-1
cover,8.3106,0,0,0,0
nearest,8.3107,-1
cover,8.3459,0,0,0,0
nearest,8.346,-1
cover,8.3796,0,0,0,0
nearest,8.3796,-1
cover,8.4148,0,0,0,0
nearest,8.4148,-1
cover,8.4512,0,0,0,0
nearest,8.4512,-1
cover,8.4879,0,0,0,0
nearest,8.4879,-1
cover,8.5225,0,0,0,0
nearest,8.5225,-1
cover,8.5585,0,0,0,0
nearest,8.5586,-1
cover,8.595,0,0,0,0
nearest,8.595,-1
cover,8.6303,0,0,0,0
nearest,8.6303,-1
cover,8.665,0,0,0,0
nearest,8.665,-1
cover,8.7044,0,0,0,0
nearest,8.7044,-1
cover,8.7446,0,0,0,0
nearest,8.7447,-1
cover,8.782,0,0,0,0
nearest,8.7821,-1
cover,8.8176,0,0,0,0
nearest,8.8176,-1
cover,8.8522,0,0,0,0
nearest,8.8522,-1
cover,8.8875,0,0,0,0
nearest,8.8876,-1
cover,8.9254,0,0,0,0
nearest,8.9254,-1
cover,8.9646,0,0,0,0
nearest,8.9646,-1
cover,8.9971,0,0,0,0
nearest,8.9971,-1
cover,9.0298,0,0,0,0
nearest,9.0298,-1
cover,9.0659,0,0,0,0
nearest,9.066,-1
cover,9.1062,0,0,0,0
nearest,9.1062,-1
cover,9.1417,0,0,0,0
nearest,9.1417,-1
cover,9.1802,0,0,0,0
nearest,9.1802,-1
cover,9.2172,0,0,0,0
nearest,9.2172,-1
cover,9.2527,0,0,0,0
nearest,9.2527,-1
cover,9.2903,0,0,0,0
nearest,9.2904,-1
cover,9.3268,0,0,0,0
nearest,9.3268,-1
cover,9.3633,0,0,0,0
nearest,9.3633,-1
cover,9.4029,0,0,0,0
nearest,9.4029,-1
cover,9.441,0,0,0,0
nearest,9.441,-1
cover,9.478,0,0,0,0
nearest,9.478,-1
cover,9.5171,0,0,0,0
nearest,9.5171,-1
cover,9.5597,0,0,0,0
nearest,9.5597,-1
cover,9.5962,0,0,0,0
nearest,9.5962,-1
cover,9.6333,0,0,0,0
nearest,9.6334,-1
cover,9.67,0,0,0,0
nearest,9.67,-1
cover,9.7123,0,0,0,0
nearest,9.7123,-1
cover,9.7532,0,0,0,0
nearest,9.7532,-1
cover,9.7934,0,0,0,0
nearest,9.7934,-1
cover,9.8264,0,0,0,0
nearest,9.8264,-1
cover,9.8653,0,0,0,0
nearest,9.8653,-1
cover,9.9037,0,0,0,0
nearest,9.9037,-1
cover,9.9398,0,0,0,0
nearest,9.9398,-1
cover,9.9777,0,0,0,0
nearest,9.9777,-1
cover,10.0126,0,0,0,0
nearest,10.0126,-1
cover,10.0498,0,0,0,0
nearest,10.0498,-1
cover,10.0898,0,0,0,0
nearest,10.0898,-1
cover,10.1248,0,0,0,0
nearest,10.1248,-1
cover,10.161,0,0,0,0
nearest,10.161,-1
cover,10.1984,0,0,0,0
nearest,10.1984,-1
cover,10.2393,0,0,0,0
nearest,10.2393,-1
cover,10.2763,0,0,0,0
nearest,10.2763,-1
cover,10.3149,0,0,0,0
nearest,10.3149,-1
cover,10.352,0,0,0,0
nearest,10.3521,-1
cover,10.3887,0,0,0,0
nearest,10.3888,-1
cover,10.4237,0,0,0,0
nearest,10.4238,-1
cover,10.4586,0,0,0,0
nearest,10.4586,-1
cover,10.4995,0,0,0,0
nearest,10.4996,-1
cover,10.5375,0,0,0,0
nearest,10.5375,-1
cover,10.5769,0,0,0,0
nearest,10.5769,-1
cover,10.613,0,0,0,0
nearest,10.613,-1
cover,10.649,0,0,0,0
nearest,10.649,-1
cover,10.6851,0,0,0,0
nearest,10.6852,-1
cover,10.7267,0,0,0,0
nearest,10.7267,-1
cover,10.7658,0,0,0,0
nearest,10.7658,-1
cover,10.8039,0,0,0,0
nearest,10.8039,-1
cover,10.8457,0,0,0,0
nearest,10.8457,-1
cover,10.8798,0,0,0,0
nearest,10.8798,-1
cover,10.9177,0,0,0,0
nearest,10.9178,-1
cover,10.9533,0,0,0,0
nearest,10.9533,-1
cover,11.0038,0,0,0,0
nearest,11.0038,-1
cover,11.0638,0,0,0,0
nearest,11.0639,-1
cover,11.1042,0,0,0,0
nearest,11.1043,-1
cover,11.1384,0,0,0,0
nearest,11.1384,-1
cover,11.1668,0,0,0,0
nearest,11.1669,-1
cover,11.1938,0,0,0,0
nearest,11.1938,-1
cover,11.2209,0,0,0,0
nearest,11.221,-1
cover,11.2467,0,0,0,0
nearest,11.2467,-1
cover,11.2766,0,0,0,0
nearest,11.2766,-1
cover,11.3041,0,0,0,0
nearest,11.3041,-1
cover,11.3356,0,0,0,0
nearest,11.3357,-1
cover,11.3646,0,0,0,0
nearest,11.3646,-1
cover,11.3991,0,0,0,0
nearest,11.3991,-1
cover,11.4264,0,0,0,0
nearest,11.4264,-1
cover,11.4525,0,0,0,0
nearest,11.4525,-1
cover,11.4821,0,0,0,0
nearest,11.4821,-1
cover,11.5111,0,0,0,0
nearest,11.5111,-1
cover,11.5402,0,0,0,0
nearest,11.5402,-1
cover,11.5695,0,0,0,0
nearest,11.5695,-1
cover,11.5979,0,0,0,0
nearest,11.5979,-1
cover,11.6257,0,0,0,0
nearest,11.6257,-1
cover,11.6725,0,0,0,0
nearest,11.6725,-1
cover,11.723,0,0,0,0
nearest,11.7231,-1
cover,11.7514,0,0,0,0
nearest,11.7514,-1
cover,11.7815,0,0,0,0
nearest,11.7815,-1
cover,11.8086,0,0,0,0
nearest,11.8087,-1
cover,11.8373,0,0,0,0
nearest,11.8373,-1
cover,11.8677,0,0,0,0
nearest,11.8677,-1
cover,11.8994,0,0,0,0
nearest,11.8994,-1
cover,11.9283,0,0,0,0
nearest,11.9284,-1
cover,11.9604,0,0,0,0
nearest,11.9604,-1
cover,11.9931,0,0,0,0
nearest,11.9931,-1
cover,12.0208,0,0,0,0
nearest,12.0208,-1
cover,12.0472,0,0,0,0
nearest,12.0473,-1
cover,12.0792,0,0,0,0
nearest,12.0792,-1
cover,12.1051,0,0,0,0
nearest,12.1051,-1
cover,12.1333,0,0,0,0
nearest,12.1333,-1
cover,12.1577,0,0,0,0
nearest,12.1577,-1
cover,12.182,0,0,0,0
nearest,12.182,-1
cover,12.2301,0,0,0,0
nearest,12.2301,-1
cover,12.2874,0,0,0,0
nearest,12.2874,-1
cover,12.332,0,0,0,0
nearest,12.332,-1
cover,12.372,0,0,0,0
nearest,12.3721,-1
cover,12.4173,0,0,0,0
nearest,12.4174,-1
cover,12.4575,0,0,0,0
nearest,12.4576,-1
cover,12.5032,0,0,0,0
nearest,12.5032,-1
cover,12.5424,0,0,0,0
nearest,12.5424,-1
cover,12.5894,0,0,0,0
nearest,12.5895,-1
cover,12.6337,0,0,0,0
nearest,12.6337,-1
cover,12.6743,0,0,0,0
nearest,12.6743,-1
cover,12.7259,0,0,0,0
nearest,12.7259,-1
cover,12.7722,0,0,0,0
nearest,12.7723,-1
cover,12.8197,0,0,0,0
nearest,12.8197,-1
cover,12.8619,0,0,0,0
nearest,12.8619,-1
cover,12.9027,0,0,0,0
nearest,12.9027,-1
cover,12.9404,0,0,0,0
nearest,12.9404,-1
cover,12.983,0,0,0,0
nearest,12.983,-1
cover,13.0222,0,0,0,0
nearest,13.0222,-1
cover,13.0621,0,0,0,0
nearest,13.0621,-1
cover,13.1008,0,0,0,0
nearest,13.1009,-1
cover,13.1444,0,0,0,0
nearest,13.1444,-1
cover,13.1902,0,0,0,0
nearest,13.1902,-1
cover,13.2365,0,0,0,0
nearest,13.2366,-1
cover,13.2772,0,0,0,0
nearest,13.2772,-1
cover,13.3242,0,0,0,0
nearest,13.3242,-1
cover,13.3667,0,0,0,0
nearest,13.3667,-1
cover,13.4082,0,0,0,0
nearest,13.4082,-1
cover,13.4561,0,0,0,0
nearest,13.4561,-1
cover,13.4977,0,0,0,0
nearest,13.4977,-1
cover,13.5448,0,0,0,0
nearest,13.5448,-1
cover,13.5902,0,0,0,0
nearest,13.5902,-1
cover,13.6335,0,0,0,0
nearest,13.6343,-1
cover,13.6831,0,0,0,0
nearest,13.6831,-1
cover,13.7274,0,0,0,0
nearest,13.7274,-1
cover,13.7727,0,0,0,0
nearest,13.7727,-1
cover,13.8141,0,0,0,0
nearest,13.8141,-1
lmb,13.8522,1
cover,13.8546,0,0,0,0
nearest,13.8547,-1
cover,13.8962,0,0,0,0
nearest,13.8963,-1
cover,13.9359,0,0,0,0
nearest,13.936,-1
lmb,13.979,0
nail,13.979,1
cover,13.9809,0,0,0,0
nearest,13.9809,-1
cover,14.0198,0,0,0,0
nearest,14.0198,-1
cover,14.0603,0,0,0,0
nearest,14.0603,-1
cover,14.1079,0,0,0,0
nearest,14.108,-1
cover,14.1548,0,0,0,0
nearest,14.1549,-1
cover,14.2008,0,0,0,0
nearest,14.2008,-1
cover,14.2463,0,0,0,0
nearest,14.2463,-1
cover,14.2913,0,0,0,0
nearest,14.2914,-1
cover,14.3325,0,0,0,0
nearest,14.3325,-1
nail,14.3814,0
cover,14.3826,0,0,0,0
nearest,14.3826,-1
cover,14.4295,0,0,0,0
nearest,14.4295,-1
cover,14.4705,0,0,0,0
nearest,14.4705,-1
cover,14.5156,0,0,0,0
nearest,14.5156,-1
cover,14.5597,0,0,0,0
nearest,14.5597,-1
cover,14.6019,0,0,0,0
nearest,14.6019,-1
cover,14.6449,0,0,0,0
nearest,14.6449,-1
cover,14.6915,0,0,0,0
nearest,14.6915,-1
cover,14.737,0,0,0,0
nearest,14.737,-1
cover,14.7761,0,0,0,0
nearest,14.7761,-1
cover,14.8209,0,0,0,0
nearest,14.8209,-1
cover,14.8703,0,0,0,0
nearest,14.8704,-1
cover,14.9254,0,0,0,0
nearest,14.9256,-1
cover,14.9838,0,0,0,0
nearest,14.9838,-1
cover,15.0374,0,0,0,0
nearest,15.0374,-1
cover,15.0765,0,0,0,0
nearest,15.0766,-1
cover,15.1237,0,0,0,0
nearest,15.1237,-1
cover,15.1728,0,0,0,0
nearest,15.1728,-1
cover,15.2159,0,0,0,0
nearest,15.2159,-1
cover,15.2686,0,0,0,0
nearest,15.2686,-1
cover,15.3119,0,0,0,0
nearest,15.3119,-1
cover,15.357,0,0,0,0
nearest,15.357,-1
cover,15.399,0,0,0,0
nearest,15.399,-1
cover,15.4432,0,0,0,0
nearest,15.4432,-1
cover,15.4855,0,0,0,0
nearest,15.4855,-1
cover,15.536,0,0,0,0
nearest,15.5361,-1
cover,15.5773,0,0,0,0
nearest,15.5773,-1
cover,15.6287,0,0,0,0
nearest,15.6287,-1
lmb,15.674,1
cover,15.676,0,0,0,0
nearest,15.676,-1
lmb,15.7222,0
cover,15.7241,0,0,0,0
nearest,15.7241,-1
cover,15.7722,0,0,0,0
nearest,15.7725,-1
nail,15.8265,1
cover,15.8278,0,0,0,0
nearest,15.8278,-1
cover,15.8707,0,0,0,0
nearest,15.8707,-1
cover,15.9129,0,0,0,0
nearest,15.913,-1
cover,15.9568,0,0,0,0
nearest,15.9568,-1
cover,16.0015,0,0,0,0
nearest,16.0015,-1
cover,16.0444,0,0,0,0
nearest,16.0444,-1
cover,16.0851,0,0,0,0
nearest,16.0852,-1
cover,16.1279,0,0,0,0
nearest,16.1279,-1
cover,16.1699,0,0,0,0
nearest,16.1699,-1
nail,16.2118,0
cover,16.2131,0,0,0,0
nearest,16.2131,-1
cover,16.2577,0,0,0,0
nearest,16.2577,-1
cover,16.3023,0,0,0,0
nearest,16.3024,-1
cover,16.3503,0,0,0,0
nearest,16.3503,-1
cover,16.396,0,0,0,0
nearest,16.396,-1
cover,16.4458,0,0,0,0
nearest,16.4458,-1
cover,16.4884,0,0,0,0
nearest,16.4884,-1
cover,16.5393,0,0,0,0
nearest,16.5393,-1
cover,16.5796,0,0,0,0
nearest,16.5796,-1
cover,16.6191,0,0,0,0
nearest,16.6191,-1
cover,16.6663,0,0,0,0
nearest,16.6663,-1
lmb,16.7054,1
cover,16.7069,0,0,0,0
nearest,16.7069,-1
cover,16.7518,0,0,0,0
nearest,16.7518,-1
lmb,16.7942,0
cover,16.7959,0,0,0,0
nearest,16.796,-1
nail,16.84,1
cover,16.8419,0,0,0,0
nearest,16.8419,-1
cover,16.885,0,0,0,0
nearest,16.885,-1
cover,16.9278,0,0,0,0
nearest,16.9278,-1
cover,16.9668,0,0,0,0
nearest,16.9668,-1
cover,17.01,0,0,0,0
nearest,17.01,-1
cover,17.0476,0,0,0,0
nearest,17.0476,-1
cover,17.0846,0,0,0,0
nearest,17.0846,-1
cover,17.1303,0,0,0,0
nearest,17.1303,-1
cover,17.1767,0,0,0,0
nearest,17.1767,-1
nail,17.2232,0
cover,17.2243,0,0,0,0
nearest,17.2244,-1
cover,17.2666,0,0,0,0
nearest,17.2666,-1
cover,17.3084,0,0,0,0
nearest,17.3084,-1
cover,17.3524,0,0,0,0
nearest,17.3525,-1
cover,17.4015,0,0,0,0
nearest,17.4015,-1
cover,17.4422,0,0,0,0
nearest,17.4422,-1
cover,17.4892,0,0,0,0
nearest,17.4892,-1
cover,17.531,0,0,0,0
nearest,17.5311,-1
cover,17.5722,0,0,0,0
nearest,17.5723,-1
cover,17.6118,0,0,0,0
nearest,17.6118,-1
cover,17.6527,0,0,0,0
nearest,17.6527,-1
cover,17.6978,0,0,0,0
nearest,17.6978,-1
cover,17.7395,0,0,0,0
nearest,17.7395,-1
cover,17.7813,0,0,0,0
nearest,17.7813,-1
cover,17.8239,0,0,0,0
nearest,17.8239,-1
cover,17.8674,0,0,0,0
nearest,17.8674,-1
cover,17.9088,0,0,0,0
nearest,17.9088,-1
cover,17.9538,0,0,0,0
nearest,17.9539,-1
cover,17.9939,0,0,0,0
nearest,17.9939,-1
cover,18.0377,0,0,0,0
nearest,18.0378,-1
cover,18.0799,0,0,0,0
nearest,18.0799,-1
lmb,18.1249,1
cover,18.1266,0,0,0,0
nearest,18.1266,-1
cover,18.1714,0,0,0,0
nearest,18.1714,-1
lmb,18.2124,0
cover,18.2137,0,0,0,0
nearest,18.2137,-1
nail,18.259,1
cover,18.2601,0,0,0,0
nearest,18.2601,-1
cover,18.3024,0,0,0,0
nearest,18.3024,-1
cover,18.3501,0,0,0,0
nearest,18.3501,-1
cover,18.3905,0,0,0,0
nearest,18.3905,-1
cover,18.4302,0,0,0,0
nearest,18.4303,-1
cover,18.4687,0,0,0,0
nearest,18.4688,-1
cover,18.511,0,0,0,0
nearest,18.511,-1
cover,18.5604,0,0,0,0
nearest,18.5604,-1
cover,18.6054,0,0,0,0
nearest,18.6054,-1
nail,18.6456,0
cover,18.6467,0,0,0,0
nearest,18.6468,-1
cover,18.6908,0,0,0,0
nearest,18.6908,-1
cover,18.7401,0,0,0,0
nearest,18.7401,-1
cover,18.7846,0,0,0,0
nearest,18.7847,-1
cover,18.827,0,0,0,0
nearest,18.8271,-1
cover,18.8726,0,0,0,0
nearest,18.8726,-1
cover,18.9135,0,0,0,0
nearest,18.9135,-1
lmb,18.9612,1
cover,18.9631,0,0,0,0
nearest,18.9631,-1
cover,19.0068,0,0,0,0
nearest,19.0068,-1
lmb,19.0541,0
cover,19.0557,0,0,0,0
nearest,19.0557,-1
nail,19.0983,1
cover,19.0994,0,0,0,0
nearest,19.0994,-1
lmb,19.1447,1
nail,19.1447,0
cover,19.1469,0,0,0,0
nearest,19.1469,-1
lmb,19.1927,0
cover,19.1941,0,0,0,0
nearest,19.1941,-1
cover,19.2385,0,0,0,0
nearest,19.2386,-1
nail,19.2872,1
cover,19.2884,0,0,0,0
nearest,19.2884,-1
cover,19.3358,0,0,0,0
nearest,19.3358,-1
cover,19.3815,0,0,0,0
nearest,19.3815,-1
cover,19.4268,0,0,0,0
nearest,19.4268,-1
cover,19.471,0,0,0,0
nearest,19.471,-1
cover,19.522,0,0,0,0
nearest,19.522,-1
cover,19.5765,0,0,0,0
nearest,19.5765,-1
cover,19.6201,0,0,0,0
nearest,19.6201,-1
nail,19.6606,0
cover,19.6618,0,0,0,0
nearest,19.6618,-1
cover,19.7017,0,0,0,0
nearest,19.7017,-1
cover,19.741,0,0,0,0
nearest,19.741,-1
cover,19.7785,0,0,0,0
nearest,19.7785,-1
cover,19.82,0,0,0,0
nearest,19.8201,-1
cover,19.8646,0,0,0,0
nearest,19.8647,-1
cover,19.9088,0,0,0,0
nearest,19.9088,-1
cover,19.9475,0,0,0,0
nearest,19.9475,-1
cover,19.994,0,0,0,0
nearest,19.994,-1
cover,20.0336,0,0,0,0
nearest,20.0336,-1
cover,20.0752,0,0,0,0
nearest,20.0752,-1
cover,20.1185,0,0,0,0
nearest,20.1185,-1
cover,20.1547,0,0,0,0
nearest,20.1548,-1
cover,20.1981,0,0,0,0
nearest,20.1981,-1
cover,20.2366,0,0,0,0
nearest,20.2367,-1
cover,20.2762,0,0,0,0
nearest,20.2762,-1
cover,20.3143,0,0,0,0
nearest,20.3143,-1
cover,20.3512,0,0,0,0
nearest,20.3512,-1
cover,20.388,0,0,0,0
nearest,20.388,-1
cover,20.4295,0,0,0,0
nearest,20.4295,-1
cover,20.4739,0,0,0,0
nearest,20.4739,-1
cover,20.5171,0,0,0,0
nearest,20.5171,-1
cover,20.5609,0,0,0,0
nearest,20.5609,-1
cover,20.6071,0,0,0,0
nearest,20.6071,-1
cover,20.6481,0,0,0,0
nearest,20.6482,-1
cover,20.6883,0,0,0,0
nearest,20.6883,-1
cover,20.7305,0,0,0,0
nearest,20.7305,-1
cover,20.7722,0,0,0,0
nearest,20.7722,-1
cover,20.8097,0,0,0,0
nearest,20.8097,-1
cover,20.8497,0,0,0,0
nearest,20.8497,-1
cover,20.8902,1,0,1,0
nearest,20.8902,-1
cover,20.9331,0,0,0,0
nearest,20.9331,-1
cover,20.9707,0,0,0,0
nearest,20.9707,-1
cover,21.009,0,0,0,0
nearest,21.009,-1
cover,21.0471,0,0,0,0
nearest,21.0471,-1
lmb,21.0851,1
cover,21.0867,0,0,0,0
nearest,21.0867,-1
cover,21.123,0,0,0,0
nearest,21.123,-1
lmb,21.1537,0
cover,21.1551,0,0,0,0
nearest,21.1552,-1
cover,21.1926,0,0,0,0
nearest,21.1926,-1
nail,21.2251,1
cover,21.2261,0,0,0,0
nearest,21.2261,-1
lmb,21.266,1
nail,21.266,0
cover,21.2678,0,0,0,0
nearest,21.2678,-1
cover,21.303,0,0,0,0
nearest,21.3031,-1
lmb,21.3413,0
cover,21.3425,1,0,1,0
nearest,21.3425,-1
nail,21.3868,1
cover,21.3879,0,0,0,0
nearest,21.3879,-1
lmb,21.4311,1
nail,21.4311,0
cover,21.4334,0,0,0,0
nearest,21.4334,-1
cover,21.4762,0,0,0,0
nearest,21.4762,-1
lmb,21.5141,0
cover,21.5156,0,0,0,0
nearest,21.5157,-1
cover,21.5494,0,0,0,0
nearest,21.5494,-1
nail,21.591,1
cover,21.5924,0,0,0,0
nearest,21.5924,-1
cover,21.6406,0,0,0,0
nearest,21.6406,-1
cover,21.6813,0,0,0,0
nearest,21.6813,-1
cover,21.7178,0,0,0,0
nearest,21.7179,-1
cover,21.7555,0,0,0,0
nearest,21.7556,-1
cover,21.7914,0,0,0,0
nearest,21.7915,-1
cover,21.8346,0,0,0,0
nearest,21.8347,-1
cover,21.8724,0,0,0,0
nearest,21.8725,-1
cover,21.9065,0,0,0,0
nearest,21.9065,-1
nail,21.9425,0
cover,21.9433,0,0,0,0
nearest,21.9433,-1
cover,21.9837,0,0,0,0
nearest,21.9837,-1
cover,22.0198,0,0,0,0
nearest,22.0198,-1
cover,22.0733,0,0,0,0
nearest,22.0733,-1
cover,22.1114,0,0,0,0
nearest,22.1114,-1
cover,22.1488,0,0,0,0
nearest,22.1488,-1
cover,22.1853,0,0,0,0
nearest,22.1854,-1
cover,22.223,0,0,0,0
nearest,22.223,-1
cover,22.26,0,0,0,0
nearest,22.26,-1
cover,22.2999,0,0,0,0
nearest,22.2999,-1
cover,22.339,0,0,0,0
nearest,22.339,-1
cover,22.3737,0,0,0,0
nearest,22.3737,-1
cover,22.4107,0,0,0,0
nearest,22.4107,-1
cover,22.4446,0,0,0,0
nearest,22.4446,-1
cover,22.4836,0,0,0,0
nearest,22.4837,-1
cover,22.524,0,0,0,0
nearest,22.524,-1
cover,22.5631,0,0,0,0
nearest,22.5631,-1
cover,22.6003,0,0,0,0
nearest,22.6003,-1
cover,22.6344,0,0,0,0
nearest,22.6344,-1
cover,22.6788,0,0,0,0
nearest,22.6788,-1
cover,22.7172,2,0,2,0
nearest,22.7172,-1
cover,22.7536,1,0,1,0
nearest,22.7537,-1
cover,22.7881,0,0,0,0
nearest,22.7881,-1
cover,22.825,1,0,1,0
nearest,22.825,-1
cover,22.8718,0,0,0,0
nearest,22.8719,-1
cover,22.9171,0,0,0,0
nearest,22.9171,-1
cover,22.9554,0,0,0,0
nearest,22.9554,-1
cover,22.9889,1,0,1,0
nearest,22.9889,-1
cover,23.0345,0,0,0,0
nearest,23.0346,-1
cover,23.0717,0,0,0,0
nearest,23.0717,-1
cover,23.107,0,0,0,0
nearest,23.107,-1
cover,23.151,0,0,0,0
nearest,23.1511,-1
cover,23.1898,0,0,0,0
nearest,23.1898,-1
cover,23.2283,0,0,0,0
nearest,23.2284,-1
cover,23.2664,1,0,1,0
nearest,23.2664,-1
cover,23.3024,0,0,0,0
nearest,23.3024,-1
cover,23.3386,0,0,0,0
nearest,23.3387,-1
cover,23.372,0,0,0,0
nearest,23.372,-1
cover,23.4156,0,0,0,0
nearest,23.4156,-1
cover,23.4519,0,0,0,0
nearest,23.4519,-1
cover,23.4848,0,0,0,0
nearest,23.4848,-1
cover,23.5217,0,0,0,0
nearest,23.5217,-1
cover,23.5599,0,0,0,0
nearest,23.5599,-1
cover,23.6029,0,0,0,0
nearest,23.6029,-1
cover,23.6444,1,0,1,0
nearest,23.6444,-1
cover,23.682,1,0,1,0
nearest,23.682,-1
cover,23.7233,1,0,1,0
nearest,23.7233,-1
cover,23.7579,0,0,0,0
nearest,23.758,-1
cover,23.7935,1,0,1,0
nearest,23.7935,-1
cover,23.8288,0,0,0,0
nearest,23.8288,-1
cover,23.8716,0,0,0,0
nearest,23.8717,-1
cover,23.9183,1,0,1,0
nearest,23.9183,-1
cover,23.9628,0,0,0,0
nearest,23.9629,-1
cover,24.0074,0,0,0,0
nearest,24.0074,-1
cover,24.0531,1,0,1,0
nearest,24.0531,-1
cover,24.089,1,0,1,0
nearest,24.0891,-1
cover,24.1225,1,0,1,0
nearest,24.1225,-1
cover,24.1573,1,0,1,0
nearest,24.1573,-1
cover,24.1936,0,0,0,0
nearest,24.1936,-1
cover,24.2291,1,0,1,0
nearest,24.2291,-1
cover,24.2716,0,0,0,0
nearest,24.2717,-1
cover,24.3176,0,0,0,0
nearest,24.3176,-1
cover,24.3544,1,0,1,0
nearest,24.3544,-1
cover,24.3907,0,0,0,0
nearest,24.3907,-1
cover,24.4341,0,0,0,0
nearest,24.4342,-1
cover,24.4707,0,0,0,0
nearest,24.4707,-1
cover,24.5076,0,0,0,0
nearest,24.5076,-1
cover,24.5487,0,0,0,0
nearest,24.5487,-1
cover,24.5881,1,0,1,0
nearest,24.5881,-1
cover,24.6295,1,0,1,0
nearest,24.6296,-1
cover,24.6731,1,0,1,0
nearest,24.6731,-1
cover,24.7073,0,0,0,0
nearest,24.7073,-1
cover,24.7476,1,0,1,0
nearest,24.7477,-1
cover,24.7854,0,0,0,0
nearest,24.7854,-1
cover,24.8207,0,0,0,0
nearest,24.8207,-1
cover,24.8595,0,0,0,0
nearest,24.8596,-1
cover,24.8989,0,0,0,0
nearest,24.8989,-1
cover,24.9418,1,0,1,0
nearest,24.9418,-1
cover,24.981,0,0,0,0
nearest,24.981,-1
cover,25.0208,1,0,1,0
nearest,25.0209,-1
cover,25.0537,1,0,1,0
nearest,25.0537,-1
cover,25.089,1,0,1,0
nearest,25.089,-1
cover,25.122,1,0,1,0
nearest,25.122,-1
cover,25.1565,1,0,1,0
nearest,25.1565,-1
cover,25.19,1,0,1,0
nearest,25.1901,-1
cover,25.2227,1,0,1,0
nearest,25.2228,-1
cover,25.2595,1,0,1,0
nearest,25.2595,-1
cover,25.2919,1,0,1,0
nearest,25.2919,-1
cover,25.3246,0,0,0,0
nearest,25.3246,-1
cover,25.3633,1,0,1,0
nearest,25.3633,-1
cover,25.4008,1,0,1,0
nearest,25.4008,-1
cover,25.439,1,0,1,0
nearest,25.4391,-1
cover,25.474,0,0,0,0
nearest,25.4741,-1
cover,25.5176,0,0,0,0
nearest,25.5176,-1
cover,25.5569,0,0,0,0
nearest,25.5569,-1
cover,25.5895,1,0,1,0
nearest,25.5896,-1
cover,25.6267,1,0,1,0
nearest,25.6267,-1
cover,25.6634,0,0,0,0
nearest,25.6634,-1
cover,25.6974,1,0,1,0
nearest,25.6974,-1
cover,25.7332,0,0,0,0
nearest,25.7332,-1
cover,25.7691,0,0,0,0
nearest,25.7692,-1
cover,25.8067,0,0,0,0
nearest,25.8067,-1
cover,25.8411,0,0,0,0
nearest,25.8411,-1
cover,25.8737,0,0,0,0
nearest,25.8737,-1
cover,25.9122,0,0,0,0
nearest,25.9122,-1
cover,25.9511,0,0,0,0
nearest,25.9511,-1
cover,25.9909,0,0,0,0
nearest,25.9909,-1
cover,26.0261,1,0,1,0
nearest,26.0261,-1
cover,26.0676,0,0,0,0
nearest,26.0677,-1
cover,26.1053,0,0,0,0
nearest,26.1053,-1
cover,26.138,0,0,0,0
nearest,26.138,-1
cover,26.1707,0,0,0,0
nearest,26.1707,-1
cover,26.2039,0,0,0,0
nearest,26.204,-1
cover,26.2392,0,0,0,0
nearest,26.2392,-1
cover,26.2741,0,0,0,0
nearest,26.2741,-1
cover,26.3071,0,0,0,0
nearest,26.3071,-1
cover,26.3414,0,0,0,0
nearest,26.3414,-1
cover,26.3811,0,0,0,0
nearest,26.3812,-1
cover,26.4182,0,0,0,0
nearest,26.4182,-1
cover,26.4549,0,0,0,0
nearest,26.4549,-1
cover,26.4887,0,0,0,0
nearest,26.4887,-1
cover,26.5232,0,0,0,0
nearest,26.5232,-1
cover,26.5584,0,0,0,0
nearest,26.5584,-1
cover,26.5925,0,0,0,0
nearest,26.5926,-1
cover,26.6265,0,0,0,0
nearest,26.6265,-1
cover,26.6654,0,0,0,0
nearest,26.6654,-1
cover,26.7041,0,0,0,0
nearest,26.7041,-1
cover,26.7429,0,0,0,0
nearest,26.7429,-1
cover,26.7773,0,0,0,0
nearest,26.7773,-1
cover,26.8173,0,0,0,0
nearest,26.8173,-1
cover,26.8577,0,0,0,0
nearest,26.8577,-1
cover,26.8902,0,0,0,0
nearest,26.8902,-1
cover,26.925,0,0,0,0
nearest,26.925,-1
cover,26.9611,1,0,1,0
nearest,26.9611,-1
cover,26.994,0,0,0,0
nearest,26.994,-1
cover,27.0301,0,0,0,0
nearest,27.0301,-1
cover,27.0647,0,0,0,0
nearest,27.0647,-1
cover,27.1042,0,0,0,0
nearest,27.1042,-1
cover,27.1411,0,0,0,0
nearest,27.1411,-1
cover,27.1732,0,0,0,0
nearest,27.1732,-1
cover,27.208,0,0,0,0
nearest,27.208,-1
cover,27.2431,0,0,0,0
nearest,27.2431,-1
cover,27.2828,0,0,0,0
nearest,27.2829,-1
cover,27.3152,0,0,0,0
nearest,27.3152,-1
cover,27.3517,0,0,0,0
nearest,27.3517,-1
cover,27.3817,0,0,0,0
nearest,27.3818,-1
cover,27.4165,1,0,1,0
nearest,27.4165,-1
cover,27.4512,0,0,0,0
nearest,27.4512,-1
cover,27.4836,0,0,0,0
nearest,27.4836,-1
cover,27.5182,0,0,0,0
nearest,27.5182,-1
cover,27.554,0,0,0,0
nearest,27.554,-1
cover,27.5879,0,0,0,0
nearest,27.5879,-1
cover,27.6221,0,0,0,0
nearest,27.6221,-1
cover,27.656,0,0,0,0
nearest,27.6561,-1
cover,27.6895,0,0,0,0
nearest,27.6895,-1
cover,27.7255,0,0,0,0
nearest,27.7255,-1
cover,27.7592,0,0,0,0
nearest,27.7592,-1
cover,27.791,0,0,0,0
nearest,27.791,-1
cover,27.8259,0,0,0,0
nearest,27.8259,-1
cover,27.8581,0,0,0,0
nearest,27.8581,-1
cover,27.8901,0,0,0,0
nearest,27.8901,-1
cover,27.9233,0,0,0,0
nearest,27.9233,-1
cover,27.9636,0,0,0,0
nearest,27.9636,-1
cover,28.0004,0,0,0,0
nearest,28.0004,-1
cover,28.0385,0,0,0,0
nearest,28.0385,-1
cover,28.0726,0,0,0,0
nearest,28.0726,-1
cover,28.1063,0,0,0,0
nearest,28.1064,-1
cover,28.1394,0,0,0,0
nearest,28.1394,-1
cover,28.1722,0,0,0,0
nearest,28.1722,-1
cover,28.2065,0,0,0,0
nearest,28.2065,-1
cover,28.2394,0,0,0,0
nearest,28.2394,-1
cover,28.2727,0,0,0,0
nearest,28.2727,-1
cover,28.3088,0,0,0,0
nearest,28.3088,-1
cover,28.3398,0,0,0,0
nearest,28.3398,-1
cover,28.373,0,0,0,0
nearest,28.3731,-1
cover,28.41,0,0,0,0
nearest,28.41,-1
cover,28.4419,0,0,0,0
nearest,28.4419,-1
cover,28.4805,0,0,0,0
nearest,28.4805,-1
cover,28.5218,0,0,0,0
nearest,28.5218,-1
cover,28.5564,0,0,0,0
nearest,28.5565,-1
cover,28.5901,0,0,0,0
nearest,28.5902,-1
cover,28.6249,0,0,0,0
nearest,28.6249,-1
cover,28.659,0,0,0,0
nearest,28.659,-1
cover,28.6908,0,0,0,0
nearest,28.6908,-1
cover,28.7259,0,0,0,0
nearest,28.7259,-1
cover,28.7589,0,0,0,0
nearest,28.7589,-1
cover,28.7926,0,0,0,0
nearest,28.7926,-1
cover,28.8263,0,0,0,0
nearest,28.8263,-1
cover,28.8588,0,0,0,0
nearest,28.8588,-1
cover,28.8915,0,0,0,0
nearest,28.8916,-1
cover,28.9323,0,0,0,0
nearest,28.9324,-1
cover,28.9685,0,0,0,0
nearest,28.9686,-1
cover,29.003,0,0,0,0
nearest,29.003,-1
cover,29.0366,0,0,0,0
nearest,29.0366,-1
cover,29.0723,0,0,0,0
nearest,29.0723,-1
cover,29.1086,0,0,0,0
nearest,29.1087,-1
cover,29.1426,0,0,0,0
nearest,29.1426,-1
cover,29.178,0,0,0,0
nearest,29.178,-1
cover,29.2149,0,0,0,0
nearest,29.2149,-1
cover,29.2526,0,0,0,0
nearest,29.2526,-1
cover,29.2865,0,0,0,0
nearest,29.2865,-1
cover,29.32,0,0,0,0
nearest,29.32,-1
cover,29.3559,0,0,0,0
nearest,29.3559,-1
cover,29.3918,0,0,0,0
nearest,29.3919,-1
cover,29.4233,0,0,0,0
nearest,29.4234,-1
cover,29.4658,0,0,0,0
nearest,29.4658,-1
cover,29.5022,0,0,0,0
nearest,29.5022,-1
cover,29.5391,0,0,0,0
nearest,29.5392,-1
cover,29.5723,0,0,0,0
nearest,29.5723,-1
cover,29.6091,0,0,0,0
nearest,29.6091,-1
cover,29.6421,0,0,0,0
nearest,29.6421,-1
cover,29.6775,0,0,0,0
nearest,29.6775,-1
cover,29.7161,0,0,0,0
nearest,29.7161,-1
cover,29.7543,0,0,0,0
nearest,29.7543,-1
cover,29.7923,0,0,0,0
nearest,29.7923,-1
cover,29.8279,0,0,0,0
nearest,29.8279,-1
cover,29.8609,0,0,0,0
nearest,29.8609,-1
cover,29.8957,0,0,0,0
nearest,29.8957,-1
cover,29.9322,0,0,0,0
nearest,29.9322,-1
cover,29.974,0,0,0,0
nearest,29.9741,-1
cover,30.0106,0,0,0,0
nearest,30.0106,-1
cover,30.0461,0,0,0,0
nearest,30.0461,-1
cover,30.0771,0,0,0,0
nearest,30.0771,-1
cover,30.1119,0,0,0,0
nearest,30.1119,-1
cover,30.1471,0,0,0,0
nearest,30.1471,-1
cover,30.1862,0,0,0,0
nearest,30.1862,-1
cover,30.2243,0,0,0,0
nearest,30.2243,-1
cover,30.2753,0,0,0,0
nearest,30.2806,-1
cover,30.3214,0,0,0,0
nearest,30.3214,-1
cover,30.3552,0,0,0,0
nearest,30.3553,-1
cover,30.3873,0,0,0,0
nearest,30.3873,-1
cover,30.4203,0,0,0,0
nearest,30.4203,-1
cover,30.4617,0,0,0,0
nearest,30.4617,-1
cover,30.5053,0,0,0,0
nearest,30.5053,-1
cover,30.5414,0,0,0,0
nearest,30.5414,-1
cover,30.5764,0,0,0,0
nearest,30.5764,-1
cover,30.6167,1,0,1,0
nearest,30.6167,-1
cover,30.6539,0,0,0,0
nearest,30.654,-1
cover,30.6864,0,0,0,0
nearest,30.6865,-1
cover,30.7214,0,0,0,0
nearest,30.7214,-1
cover,30.7583,0,0,0,0
nearest,30.7584,-1
cover,30.7911,0,0,0,0
nearest,30.7911,-1
cover,30.824,0,0,0,0
nearest,30.824,-1
cover,30.8569,0,0,0,0
nearest,30.8569,-1
cover,30.8959,0,0,0,0
nearest,30.896,-1
cover,30.9325,1,0,1,0
nearest,30.9326,-1
cover,30.9661,0,0,0,0
nearest,30.9661,-1
cover,31.001,0,0,0,0
nearest,31.001,-1
cover,31.0364,0,0,0,0
nearest,31.0364,-1
cover,31.0704,0,0,0,0
nearest,31.0704,-1
cover,31.1031,0,0,0,0
nearest,31.1031,-1
cover,31.1366,0,0,0,0
nearest,31.1366,-1
cover,31.1705,1,0,1,0
nearest,31.1705,-1
cover,31.2043,0,0,0,0
nearest,31.2043,-1
cover,31.238,0,0,0,0
nearest,31.238,-1
cover,31.2721,0,0,0,0
nearest,31.2721,-1
cover,31.3051,1,0,1,0
nearest,31.3051,-1
cover,31.3375,0,0,0,0
nearest,31.3375,-1
cover,31.3756,0,0,0,0
nearest,31.3757,-1
cover,31.4169,0,0,0,0
nearest,31.417,-1
cover,31.4533,0,0,0,0
nearest,31.4533,-1
cover,31.4874,0,0,0,0
nearest,31.4875,-1
cover,31.5214,0,0,0,0
nearest,31.5214,-1
cover,31.5564,0,0,0,0
nearest,31.5564,-1
cover,31.5909,0,0,0,0
nearest,31.5909,-1
cover,31.6253,0,0,0,0
nearest,31.6253,-1
cover,31.6622,0,0,0,0
nearest,31.6622,-1
cover,31.6975,0,0,0,0
nearest,31.6976,-1
cover,31.7367,0,0,0,0
nearest,31.7367,-1
cover,31.7675,0,0,0,0
nearest,31.7675,-1
cover,31.7987,0,0,0,0
nearest,31.7987,-1
cover,31.8335,0,0,0,0
nearest,31.8335,-1
cover,31.8649,0,0,0,0
nearest,31.865,-1
cover,31.9021,0,0,0,0
nearest,31.9021,-1
cover,31.9366,0,0,0,0
nearest,31.9366,-1
cover,31.9702,0,0,0,0
nearest,31.9702,-1
cover,32.0035,0,0,0,0
nearest,32.0035,-1
cover,32.039,0,0,0,0
nearest,32.039,-1
cover,32.0731,0,0,0,0
nearest,32.0731,-1
cover,32.1066,1,0,1,0
nearest,32.1066,-1
cover,32.1404,0,0,0,0
nearest,32.1404,-1
cover,32.1852,0,0,0,0
nearest,32.1852,-1
cover,32.2247,0,0,0,0
nearest,32.2247,-1
cover,32.2594,0,0,0,0
nearest,32.2594,-1
cover,32.2973,0,0,0,0
nearest,32.2973,-1
cover,32.3377,0,0,0,0
nearest,32.3378,-1
cover,32.3715,0,0,0,0
nearest,32.3715,-1
cover,32.4054,0,0,0,0
nearest,32.4054,-1
cover,32.4391,0,0,0,0
nearest,32.4391,-1
cover,32.4731,0,0,0,0
nearest,32.4731,-1
cover,32.5067,0,0,0,0
nearest,32.5068,-1
cover,32.5412,0,0,0,0
nearest,32.5412,-1
cover,32.5748,0,0,0,0
nearest,32.5748,-1
cover,32.6081,1,0,1,0
nearest,32.6081,-1
cover,32.6414,0,0,0,0
nearest,32.6414,-1
cover,32.6747,0,0,0,0
nearest,32.6747,-1
cover,32.7097,0,0,0,0
nearest,32.7097,-1
cover,32.7462,0,0,0,0
nearest,32.7463,-1
cover,32.7806,0,0,0,0
nearest,32.7806,-1
cover,32.8183,0,0,0,0
nearest,32.8183,-1
cover,32.8513,0,0,0,0
nearest,32.8513,-1
cover,32.8844,0,0,0,0
nearest,32.8844,-1
cover,32.9139,0,0,0,0
nearest,32.9139,-1
cover,32.951,0,0,0,0
nearest,32.9511,-1
cover,32.9847,0,0,0,0
nearest,32.9847,-1
cover,33.0186,0,0,0,0
nearest,33.0186,-1
cover,33.0522,0,0,0,0
nearest,33.0522,-1
cover,33.0852,1,0,1,0
nearest,33.0852,-1
cover,33.1196,0,0,0,0
nearest,33.1196,-1
cover,33.1534,0,0,0,0
nearest,33.1534,-1
cover,33.187,0,0,0,0
nearest,33.187,-1
cover,33.2198,0,0,0,0
nearest,33.2198,-1
cover,33.2554,0,0,0,0
nearest,33.2554,-1
cover,33.2891,0,0,0,0
nearest,33.2891,-1
cover,33.323,0,0,0,0
nearest,33.323,-1
cover,33.3561,0,0,0,0
nearest,33.3562,-1
cover,33.389,0,0,0,0
nearest,33.3891,-1
cover,33.4251,0,0,0,0
nearest,33.4251,-1
cover,33.4564,0,0,0,0
nearest,33.4564,-1
cover,33.489,0,0,0,0
nearest,33.489,-1
cover,33.5218,0,0,0,0
nearest,33.5218,-1
cover,33.5548,0,0,0,0
nearest,33.5548,-1
cover,33.588,0,0,0,0
nearest,33.588,-1
cover,33.6207,0,0,0,0
nearest,33.6207,-1
cover,33.655,0,0,0,0
nearest,33.655,-1
cover,33.6895,0,0,0,0
nearest,33.6896,-1
cover,33.7237,0,0,0,0
nearest,33.7238,-1
cover,33.7561,0,0,0,0
nearest,33.7561,-1
cover,33.7908,0,0,0,0
nearest,33.7908,-1
cover,33.8252,0,0,0,0
nearest,33.8253,-1
cover,33.8654,0,0,0,0
nearest,33.8654,-1
cover,33.9031,0,0,0,0
nearest,33.9032,-1
cover,33.9372,0,0,0,0
nearest,33.9372,-1
cover,33.9698,0,0,0,0
nearest,33.9698,-1
cover,34.0047,0,0,0,0
nearest,34.0048,-1
cover,34.0376,0,0,0,0
nearest,34.0376,-1
cover,34.0703,0,0,0,0
nearest,34.0703,-1
cover,34.1035,0,0,0,0
nearest,34.1035,-1
cover,34.1371,0,0,0,0
nearest,34.1371,-1
cover,34.1707,0,0,0,0
nearest,34.1707,-1
cover,34.2047,0,0,0,0
nearest,34.2048,-1
cover,34.2479,0,0,0,0
nearest,34.2479,-1
cover,34.2835,0,0,0,0
nearest,34.2835,-1
cover,34.3151,0,0,0,0
nearest,34.3151,-1
cover,34.3513,0,0,0,0
nearest,34.3513,-1
cover,34.3823,0,0,0,0
nearest,34.3823,-1
cover,34.4187,0,0,0,0
nearest,34.4187,-1
cover,34.4512,0,0,0,0
nearest,34.4513,-1
cover,34.483,0,0,0,0
nearest,34.4831,-1
cover,34.5212,0,0,0,0
nearest,34.5212,-1
cover,34.5563,0,0,0,0
nearest,34.5564,-1
cover,34.5886,0,0,0,0
nearest,34.5886,-1
cover,34.6208,0,0,0,0
nearest,34.6208,-1
cover,34.6536,0,0,0,0
nearest,34.6537,-1
cover,34.6867,0,0,0,0
nearest,34.6867,-1
cover,34.719,0,0,0,0
nearest,34.719,-1
cover,34.7515,0,0,0,0
nearest,34.7515,-1
cover,34.7844,0,0,0,0
nearest,34.7844,-1
cover,34.8148,0,0,0,0
nearest,34.8149,-1
cover,34.8525,0,0,0,0
nearest,34.8525,-1
cover,34.8881,0,0,0,0
nearest,34.8881,-1
cover,34.9198,0,0,0,0
nearest,34.9198,-1
cover,34.9523,0,0,0,0
nearest,34.9523,-1
cover,34.9848,0,0,0,0
nearest,34.9848,-1
cover,35.0186,0,0,0,0
nearest,35.0186,-1
cover,35.0523,0,0,0,0
nearest,35.0523,-1
cover,35.0869,0,0,0,0
nearest,35.0869,-1
cover,35.1204,0,0,0,0
nearest,35.1204,-1
cover,35.1548,0,0,0,0
nearest,35.1548,-1
cover,35.1881,0,0,0,0
nearest,35.1881,-1
cover,35.2234,0,0,0,0
nearest,35.2234,-1
cover,35.2599,0,0,0,0
nearest,35.2599,-1
cover,35.297,0,0,0,0
nearest,35.297,-1
cover,35.3286,0,0,0,0
nearest,35.3286,-1
cover,35.3645,0,0,0,0
nearest,35.3645,-1
cover,35.4034,0,0,0,0
nearest,35.4034,-1
cover,35.4405,0,0,0,0
nearest,35.4405,-1
cover,35.4768,0,0,0,0
nearest,35.4768,-1
cover,35.51,0,0,0,0
nearest,35.51,-1
cover,35.5455,0,0,0,0
nearest,35.5455,-1
cover,35.5829,0,0,0,0
nearest,35.5829,-1
cover,35.6247,0,0,0,0
nearest,35.6247,-1
cover,35.6575,0,0,0,0
nearest,35.6575,-1
cover,35.6941,0,0,0,0
nearest,35.6941,-1
cover,35.7303,0,0,0,0
nearest,35.7303,-1
cover,35.7699,0,0,0,0
nearest,35.7699,-1
cover,35.8023,0,0,0,0
nearest,35.8023,-1
cover,35.8407,0,0,0,0
nearest,35.8407,-1
cover,35.8749,1,1,0,1
err,35.875,-229.88,-34.92
timing,35.875,8.0,25.4
det,35.875,1028.47,734.0,43.31,56.5,0.546,Head
cover,35.9102,0,0,0,0
nearest,35.9103,-1
cover,35.95,0,0,0,0
nearest,35.95,-1
cover,35.9836,0,0,0,0
nearest,35.9836,-1
cover,36.0148,1,0,1,0
nearest,36.0148,-1
cover,36.0525,0,0,0,0
nearest,36.0525,-1
cover,36.0842,0,0,0,0
nearest,36.0842,-1
cover,36.1187,0,0,0,0
nearest,36.1187,-1
cover,36.1548,0,0,0,0
nearest,36.1548,-1
cover,36.1883,0,0,0,0
nearest,36.1883,-1
cover,36.2326,0,0,0,0
nearest,36.2326,-1
cover,36.2703,0,0,0,0
nearest,36.2703,-1
cover,36.3036,0,0,0,0
nearest,36.3036,-1
cover,36.3386,0,0,0,0
nearest,36.3387,-1
cover,36.3733,0,0,0,0
nearest,36.3733,-1
cover,36.4062,0,0,0,0
nearest,36.4062,-1
cover,36.4398,1,0,1,0
nearest,36.4399,-1
cover,36.4736,1,0,1,0
nearest,36.4736,-1
cover,36.5063,1,0,1,0
nearest,36.5063,-1
cover,36.5393,0,0,0,0
nearest,36.5393,-1
cover,36.5733,0,0,0,0
nearest,36.5734,-1
cover,36.6065,0,0,0,0
nearest,36.6065,-1
cover,36.6406,0,0,0,0
nearest,36.6407,-1
cover,36.6748,0,0,0,0
nearest,36.6748,-1
cover,36.7075,0,0,0,0
nearest,36.7075,-1
cover,36.7395,0,0,0,0
nearest,36.7395,-1
cover,36.7756,1,0,1,0
nearest,36.7756,-1
cover,36.8079,0,0,0,0
nearest,36.8079,-1
cover,36.8462,0,0,0,0
nearest,36.8462,-1
lmb,36.886,1
cover,36.8874,0,0,0,0
nearest,36.8874,-1
cover,36.9271,0,0,0,0
nearest,36.9271,-1
cover,36.9602,0,0,0,0
nearest,36.9603,-1
cover,36.9921,0,0,0,0
nearest,36.9921,-1
nail,37.0245,1
cover,37.0256,0,0,0,0
nearest,37.0256,-1
lmb,37.0583,0
cover,37.0594,0,0,0,0
nearest,37.0594,-1
cover,37.0984,0,0,0,0
nearest,37.0984,-1
cover,37.1338,0,0,0,0
nearest,37.1338,-1
cover,37.1694,0,0,0,0
nearest,37.1694,-1
cover,37.2045,0,0,0,0
nearest,37.2045,-1
cover,37.2338,0,0,0,0
nearest,37.2338,-1
cover,37.271,0,0,0,0
nearest,37.271,-1
cover,37.3017,0,0,0,0
nearest,37.3017,-1
cover,37.3389,0,0,0,0
nearest,37.3389,-1
cover,37.37,0,0,0,0
nearest,37.37,-1
nail,37.4035,0
cover,37.4046,0,0,0,0
nearest,37.4046,-1
cover,37.436,0,0,0,0
nearest,37.436,-1
cover,37.4687,0,0,0,0
nearest,37.4687,-1
cover,37.5085,0,0,0,0
nearest,37.5086,-1
cover,37.5434,0,0,0,0
nearest,37.5434,-1
cover,37.5755,0,0,0,0
nearest,37.5755,-1
cover,37.6071,0,0,0,0
nearest,37.6071,-1
cover,37.6396,0,0,0,0
nearest,37.6396,-1
cover,37.6729,0,0,0,0
nearest,37.6729,-1
cover,37.7056,0,0,0,0
nearest,37.7056,-1
cover,37.7403,0,0,0,0
nearest,37.7404,-1
cover,37.7749,1,0,1,0
nearest,37.775,-1
cover,37.8204,0,0,0,0
nearest,37.8204,-1
cover,37.8539,0,0,0,0
nearest,37.8539,-1
cover,37.8881,0,0,0,0
nearest,37.8881,-1
cover,37.9214,0,0,0,0
nearest,37.9215,-1
cover,37.9546,0,0,0,0
nearest,37.9547,-1
cover,37.9862,0,0,0,0
nearest,37.9862,-1
cover,38.0197,0,0,0,0
nearest,38.0197,-1
cover,38.0521,0,0,0,0
nearest,38.0522,-1
cover,38.0899,0,0,0,0
nearest,38.0899,-1
cover,38.1227,0,0,0,0
nearest,38.1227,-1
cover,38.1536,0,0,0,0
nearest,38.1537,-1
cover,38.1864,1,0,1,0
nearest,38.1864,-1
cover,38.2237,0,0,0,0
nearest,38.2238,-1
cover,38.2812,0,0,0,0
nearest,38.2813,-1
cover,38.3146,0,0,0,0
nearest,38.3146,-1
cover,38.3463,0,0,0,0
nearest,38.3463,-1
cover,38.3782,0,0,0,0
nearest,38.3782,-1
cover,38.4156,0,0,0,0
nearest,38.4156,-1
cover,38.4543,0,0,0,0
nearest,38.4544,-1
cover,38.4944,0,0,0,0
nearest,38.4944,-1
cover,38.5276,0,0,0,0
nearest,38.5276,-1
cover,38.5594,0,0,0,0
nearest,38.5594,-1
cover,38.593,0,0,0,0
nearest,38.593,-1
cover,38.6243,0,0,0,0
nearest,38.6243,-1
cover,38.6573,0,0,0,0
nearest,38.6573,-1
cover,38.6902,0,0,0,0
nearest,38.6902,-1
cover,38.7231,0,0,0,0
nearest,38.7231,-1
cover,38.7553,0,0,0,0
nearest,38.7553,-1
cover,38.787,0,0,0,0
nearest,38.787,-1
cover,38.8227,0,0,0,0
nearest,38.8227,-1
cover,38.8595,0,0,0,0
nearest,38.8595,-1
cover,38.8943,0,0,0,0
nearest,38.8943,-1
cover,38.9267,0,0,0,0
nearest,38.9267,-1
cover,38.9606,0,0,0,0
nearest,38.9606,-1
cover,38.9929,0,0,0,0
nearest,38.993,-1
cover,39.0297,0,0,0,0
nearest,39.0297,-1
cover,39.0648,0,0,0,0
nearest,39.0648,-1
cover,39.0971,0,0,0,0
nearest,39.0971,-1
cover,39.1292,0,0,0,0
nearest,39.1292,-1
cover,39.1668,0,0,0,0
nearest,39.1668,-1
cover,39.204,0,0,0,0
nearest,39.204,-1
cover,39.2433,0,0,0,0
nearest,39.2434,-1
lmb,39.2759,1
cover,39.2773,0,0,0,0
nearest,39.2773,-1
cover,39.3103,0,0,0,0
nearest,39.3104,-1
cover,39.3456,0,0,0,0
nearest,39.3456,-1
lmb,39.3824,0
cover,39.3836,0,0,0,0
nearest,39.3836,-1
nail,39.4183,1
cover,39.419,0,0,0,0
nearest,39.419,-1
cover,39.4533,0,0,0,0
nearest,39.4533,-1
cover,39.4895,0,0,0,0
nearest,39.4895,-1
cover,39.5245,0,0,0,0
nearest,39.5245,-1
cover,39.5582,0,0,0,0
nearest,39.5582,-1
cover,39.592,0,0,0,0
nearest,39.592,-1
cover,39.6248,0,0,0,0
nearest,39.6249,-1
cover,39.6583,0,0,0,0
nearest,39.6583,-1
cover,39.6908,0,0,0,0
nearest,39.6908,-1
cover,39.7247,0,0,0,0
nearest,39.7247,-1
cover,39.7634,0,0,0,0
nearest,39.7635,-1
nail,39.8061,0
cover,39.8071,1,0,1,0
nearest,39.8071,-1
cover,39.8423,0,0,0,0
nearest,39.8423,-1
cover,39.8803,0,0,0,0
nearest,39.8803,-1
cover,39.9151,0,0,0,0
nearest,39.9152,-1
cover,39.9568,0,0,0,0
nearest,39.9568,-1
cover,39.9975,0,0,0,0
nearest,39.9975,-1
cover,40.0325,0,0,0,0
nearest,40.0326,-1
cover,40.066,0,0,0,0
nearest,40.066,-1
cover,40.1,0,0,0,0
nearest,40.1,-1
cover,40.1328,1,0,1,0
nearest,40.1328,-1
cover,40.1771,0,0,0,0
nearest,40.1771,-1
cover,40.2133,0,0,0,0
nearest,40.2133,-1
cover,40.2496,0,0,0,0
nearest,40.2496,-1
cover,40.2875,1,0,1,0
nearest,40.2875,-1
cover,40.3244,0,0,0,0
nearest,40.3244,-1
cover,40.3639,0,0,0,0
nearest,40.3639,-1
cover,40.4006,0,0,0,0
nearest,40.4006,-1
cover,40.439,0,0,0,0
nearest,40.439,-1
cover,40.4837,0,0,0,0
nearest,40.4837,-1
cover,40.5246,0,0,0,0
nearest,40.5246,-1
cover,40.5687,0,0,0,0
nearest,40.5688,-1
cover,40.6049,0,0,0,0
nearest,40.6049,-1
cover,40.6451,0,0,0,0
nearest,40.6451,-1
cover,40.6878,0,0,0,0
nearest,40.6878,-1
cover,40.7264,1,0,1,0
nearest,40.7264,-1
cover,40.7606,1,0,1,0
nearest,40.7606,-1
cover,40.796,1,0,1,0
nearest,40.796,-1
cover,40.8302,1,0,1,0
nearest,40.8302,-1
cover,40.8654,1,0,1,0
nearest,40.8654,-1
cover,40.9002,0,0,0,0
nearest,40.9002,-1
cover,40.9402,0,0,0,0
nearest,40.9402,-1
cover,40.9765,0,0,0,0
nearest,40.9765,-1
cover,41.0216,0,0,0,0
nearest,41.0216,-1
cover,41.0642,0,0,0,0
nearest,41.0642,-1
cover,41.104,1,0,1,0
nearest,41.1041,-1
cover,41.1385,0,0,0,0
nearest,41.1385,-1
cover,41.1738,1,0,1,0
nearest,41.1739,-1
cover,41.2164,1,0,1,0
nearest,41.2164,-1
cover,41.2516,1,0,1,0
nearest,41.2516,-1
cover,41.2897,2,1,1,1
err,41.2898,-298.75,238.0
timing,41.2898,9.6,27.9
det,41.2898,959.38,993.5,94.25,127.0,0.782,Body
det,41.2898,959.31,1005.0,43.88,60.0,0.699,Head
cover,41.3325,1,0,1,0
nearest,41.3325,-1
cover,41.3659,1,0,1,0
nearest,41.3659,-1
cover,41.4112,1,0,1,0
nearest,41.4112,-1
cover,41.4454,2,0,2,0
nearest,41.4454,-1
cover,41.4804,2,0,2,0
nearest,41.4804,-1
cover,41.5227,3,1,2,1
err,41.5227,-283.62,137.85
timing,41.5227,11.9,29.8
det,41.5227,957.88,896.25,110.69,227.5,0.739,Body
det,41.5227,971.67,901.0,49.41,67.0,0.708,Head
det,41.5227,1514.75,870.38,8.5,20.25,0.619,Body
cover,41.5611,2,1,1,1
err,41.5612,-258.69,137.29
timing,41.5612,8.3,27.9
det,41.5612,996.02,901.12,50.59,65.75,0.776,Head
det,41.5612,956.62,894.75,136.0,234.5,0.691,Body
cover,41.6,0,0,0,0
nearest,41.6001,-1
cover,41.6455,0,0,0,0
nearest,41.6455,-1
cover,41.6862,1,0,1,0
nearest,41.6862,-1
cover,41.7198,0,0,0,0
nearest,41.7198,-1
cover,41.7579,0,0,0,0
nearest,41.7579,-1
cover,41.7984,0,0,0,0
nearest,41.7985,-1
cover,41.8323,0,0,0,0
nearest,41.8323,-1
cover,41.8664,1,0,1,0
nearest,41.8665,-1
cover,41.9026,1,1,0,1
err,41.9027,-144.12,145.39
timing,41.9027,6.5,28.4
det,41.9027,1110.25,908.12,51.25,67.75,0.424,Head
cover,41.9465,2,1,1,1
err,41.9465,-163.12,120.45
timing,41.9465,13.7,27.7
det,41.9465,1007.38,888.88,180.25,234.25,0.574,Body
det,41.9465,1092.0,882.5,49.75,69.0,0.513,Head
cover,41.9866,1,1,0,1
err,41.9867,-172.5,70.85
timing,41.9867,10.2,27.4
det,41.9867,1082.81,834.0,49.38,67.0,0.711,Head
cover,42.0309,1,1,0,1
err,42.0309,-172.12,41.79
timing,42.0309,14.7,27.0
det,42.0309,1083.41,805.62,48.94,65.75,0.704,Head
cover,42.0654,0,0,0,0
nearest,42.0654,-1
cover,42.1011,0,0,0,0
nearest,42.1012,-1
cover,42.1369,1,1,0,1
err,42.137,-172.62,26.9
timing,42.137,7.8,27.2
det,42.137,1083.12,789.5,48.5,68.0,0.795,Head
cover,42.18,1,1,0,1
err,42.18,-171.75,21.08
timing,42.18,12.3,28.1
det,42.18,1083.69,784.5,49.12,66.5,0.438,Head
cover,42.2181,0,0,0,0
nearest,42.2182,-1
cover,42.2574,1,1,0,1
err,42.2574,-171.62,-16.12
timing,42.2574,9.8,28.1
det,42.2574,1083.75,746.75,49.25,67.5,0.503,Head
cover,42.2972,1,1,0,1
err,42.2972,-171.75,-16.12
timing,42.2972,10.6,26.8
det,42.2972,1083.47,746.75,49.56,67.5,0.567,Head
cover,42.3374,1,1,0,1
err,42.3375,-171.88,-16.15
timing,42.3375,10.5,27.6
det,42.3375,1083.25,747.0,49.75,67.0,0.6,Head
cover,42.3846,1,1,0,1
err,42.3847,-172.75,-7.54
timing,42.3847,18.2,26.8
det,42.3847,1083.0,754.38,48.5,69.25,0.421,Head
cover,42.4254,0,0,0,0
nearest,42.4254,-1
cover,42.4596,0,0,0,0
nearest,42.4596,-1
cover,42.4938,0,0,0,0
nearest,42.4939,-1
cover,42.533,0,0,0,0
nearest,42.533,-1
cover,42.5694,0,0,0,0
nearest,42.5695,-1
cover,42.6159,0,0,0,0
nearest,42.6159,-1
cover,42.6503,0,0,0,0
nearest,42.6503,-1
cover,42.6846,0,0,0,0
nearest,42.6846,-1
cover,42.7249,1,1,0,1
err,42.725,-173.25,-7.11
timing,42.725,9.0,30.5
det,42.725,1082.69,755.62,48.12,67.75,0.645,Head
cover,42.7634,1,1,0,1
err,42.7634,-173.25,-7.11
timing,42.7634,6.6,29.1
det,42.7634,1082.56,755.62,48.38,67.75,0.612,Head
cover,42.8032,0,0,0,0
nearest,42.8032,-1
cover,42.8415,1,1,0,1
err,42.8415,-172.75,-7.09
timing,42.8415,9.1,28.0
det,42.8415,1083.31,755.38,47.88,68.25,0.409,Head
cover,42.8824,0,0,0,0
nearest,42.8824,-1
cover,42.9184,0,0,0,0
nearest,42.9184,-1
cover,42.9557,0,0,0,0
nearest,42.9557,-1
cover,42.9905,0,0,0,0
nearest,42.9905,-1
cover,43.0254,0,0,0,0
nearest,43.0254,-1
cover,43.0631,0,0,0,0
nearest,43.0631,-1
cover,43.0997,2,1,1,1
err,43.0998,-172.5,10.89
timing,43.0998,8.6,27.3
det,43.0998,1523.25,886.5,9.5,21.0,0.717,Body
det,43.0998,1083.72,773.62,47.56,67.75,0.598,Head
cover,43.1403,0,0,0,0
nearest,43.1403,-1
cover,43.1772,1,1,0,1
err,43.1772,-173.0,-22.19
timing,43.1772,10.5,25.0
det,43.1772,1082.72,741.38,48.56,66.25,0.6,Head
cover,43.2135,1,1,0,1
err,43.2136,-172.62,-27.2
timing,43.2136,6.3,27.6
det,43.2136,1082.75,736.5,49.25,66.0,0.708,Head
cover,43.2535,0,0,0,0
nearest,43.2535,-1
cover,43.2907,0,0,0,0
nearest,43.2907,-1
cover,43.3294,1,1,0,1
err,43.3294,-172.5,-33.4
timing,43.3294,10.6,27.2
det,43.3294,1082.81,729.75,49.38,67.0,0.622,Head
cover,43.3688,1,0,1,0
nearest,43.3688,-1
cover,43.4027,1,1,0,1
err,43.4028,-172.62,-34.67
timing,43.4028,6.9,25.7
det,43.4028,1082.62,728.75,49.5,66.5,0.607,Head
cover,43.4446,1,0,1,0
nearest,43.4447,-1
cover,43.4798,1,0,1,0
nearest,43.4798,-1
cover,43.5166,1,0,1,0
nearest,43.5166,-1
cover,43.5512,1,1,0,1
err,43.5513,-172.5,-33.14
timing,43.5513,6.7,27.1
det,43.5513,1083.06,729.88,48.88,67.25,0.445,Head
cover,43.5933,1,1,0,1
err,43.5934,-172.62,-33.38
timing,43.5934,13.4,25.7
det,43.5934,1082.91,729.5,48.94,67.5,0.566,Head
cover,43.6372,1,1,0,1
err,43.6372,-172.5,-33.38
timing,43.6372,13.8,27.0
det,43.6372,1082.97,729.56,49.06,67.38,0.534,Head
cover,43.6743,1,1,0,1
err,43.6744,-173.5,-32.66
timing,43.6744,8.2,26.8
det,43.6744,1082.31,730.62,48.38,66.75,0.445,Head
cover,43.7107,1,1,0,1
err,43.7108,-173.5,-32.66
timing,43.7108,7.5,26.6
det,43.7108,1082.31,730.62,48.38,66.75,0.418,Head
cover,43.7501,1,1,0,1
err,43.7501,-173.5,-32.66
timing,43.7501,12.4,24.1
det,43.7501,1082.28,730.62,48.44,66.75,0.435,Head
cover,43.7847,1,1,0,1
err,43.7848,-173.5,-32.66
timing,43.7848,8.2,24.2
det,43.7848,1082.31,730.62,48.38,66.75,0.441,Head
cover,43.8289,1,1,0,1
err,43.8289,-173.5,-32.67
timing,43.8289,15.7,26.4
det,43.8289,1082.41,730.75,48.19,66.5,0.478,Head
cover,43.87,1,1,0,1
err,43.87,-173.5,-32.67
timing,43.87,11.5,27.0
det,43.87,1082.28,730.75,48.44,66.5,0.494,Head
cover,43.9132,1,1,0,1
err,43.9132,-173.5,-32.67
timing,43.9132,14.3,26.5
det,43.9132,1082.25,730.75,48.5,66.5,0.535,Head
cover,43.9512,1,1,0,1
err,43.9512,-173.5,-32.67
timing,43.9512,8.9,26.9
det,43.9512,1082.25,730.75,48.5,66.5,0.578,Head
cover,43.9869,1,1,0,1
err,43.9869,-173.5,-32.67
timing,43.9869,7.1,26.2
det,43.9869,1082.22,730.69,48.56,66.62,0.603,Head
cover,44.0312,1,1,0,1
err,44.0314,-173.5,-32.66
timing,44.0314,14.1,27.8
det,44.0314,1082.31,730.62,48.38,66.75,0.579,Head
cover,44.0812,1,1,0,1
err,44.0812,-173.38,-32.66
timing,44.0812,16.9,30.0
det,44.0812,1082.53,730.56,48.19,66.88,0.528,Head
cover,44.129,1,1,0,1
err,44.1291,-185.12,-23.62
timing,44.1291,16.5,28.8
det,44.1291,1069.12,739.25,51.5,67.5,0.553,Head
cover,44.1836,1,1,0,1
err,44.1836,-189.25,-22.92
timing,44.1836,23.1,29.1
det,44.1836,1066.44,740.5,48.62,66.5,0.42,Head
cover,44.2312,1,1,0,1
err,44.2312,-189.75,-23.21
timing,44.2312,16.7,28.3
det,44.2312,1065.72,740.62,49.06,65.75,0.717,Head
cover,44.2754,1,1,0,1
err,44.2754,-189.75,-23.42
timing,44.2754,14.2,27.6
det,44.2754,1065.62,740.0,49.25,66.5,0.725,Head
cover,44.3142,1,1,0,1
err,44.3143,-189.75,-23.69
timing,44.3143,9.6,26.7
det,44.3143,1065.81,739.88,48.88,66.25,0.711,Head
cover,44.3598,1,1,0,1
err,44.3599,-171.88,-28.04
timing,44.3599,16.5,26.3
det,44.3599,1083.47,733.88,49.31,69.25,0.767,Head
cover,44.3971,0,0,0,0
nearest,44.3971,-1
cover,44.4317,0,0,0,0
nearest,44.4317,-1
cover,44.467,1,0,1,0
nearest,44.4671,-1
cover,44.5018,1,0,1,0
nearest,44.5018,-1
cover,44.5412,1,0,1,0
nearest,44.5412,-1
cover,44.583,2,1,1,1
err,44.5831,-188.12,-103.84
timing,44.5831,10.9,29.9
det,44.5831,1067.25,658.69,49.25,68.12,0.656,Head
det,44.5831,962.06,833.12,115.62,293.75,0.508,Body
cover,44.6337,2,1,1,1
err,44.6337,-188.12,-103.96
timing,44.6337,16.5,31.4
det,44.6337,1067.22,658.5,49.31,68.25,0.646,Head
det,44.6337,962.19,834.0,114.69,293.5,0.508,Body
cover,44.6758,2,1,1,1
err,44.6758,-188.25,-103.96
timing,44.6758,13.4,26.2
det,44.6758,1067.16,658.5,49.19,68.25,0.681,Head
det,44.6758,962.19,833.0,114.31,294.5,0.512,Body
cover,44.7144,2,1,1,1
err,44.7145,-188.25,-103.84
timing,44.7145,8.9,27.3
det,44.7145,1067.16,658.62,49.19,68.25,0.739,Head
det,44.7145,962.12,833.0,114.31,294.5,0.521,Body
cover,44.7583,2,1,1,1
err,44.7584,-188.25,-104.11
timing,44.7584,14.6,26.6
det,44.7584,1067.19,658.56,49.12,67.88,0.757,Head
det,44.7584,962.12,833.5,114.0,294.0,0.531,Body
cover,44.8012,2,1,1,1
err,44.8013,-188.5,-104.11
timing,44.8013,11.2,29.1
det,44.8013,1067.03,658.56,48.94,67.88,0.744,Head
det,44.8013,962.19,833.0,114.19,294.5,0.506,Body
cover,44.848,1,0,1,0
nearest,44.848,-1
cover,44.8921,1,0,1,0
nearest,44.8921,-1
cover,44.9305,2,1,1,1
err,44.9306,-182.62,-88.65
timing,44.9306,10.4,27.2
det,44.9306,1072.5,674.5,49.75,67.0,0.594,Head
det,44.9306,963.12,855.5,116.62,270.0,0.443,Body
cover,44.9773,1,0,1,0
nearest,44.9774,-1
cover,45.0128,1,0,1,0
nearest,45.0128,-1
cover,45.0475,2,0,2,0
nearest,45.0475,-1
cover,45.0815,1,0,1,0
nearest,45.0815,-1
cover,45.118,1,1,0,1
err,45.118,-171.38,-118.23
timing,45.118,8.1,27.1
det,45.118,1083.28,644.38,50.69,68.0,0.458,Head
cover,45.1681,1,0,1,0
nearest,45.1681,-1
cover,45.2097,1,0,1,0
nearest,45.2097,-1
cover,45.2479,0,0,0,0
nearest,45.2479,-1
cover,45.2848,0,0,0,0
nearest,45.2848,-1
cover,45.3194,0,0,0,0
nearest,45.3194,-1
cover,45.356,0,0,0,0
nearest,45.356,-1
cover,45.3921,0,0,0,0
nearest,45.3922,-1
cover,45.4292,0,0,0,0
nearest,45.4292,-1
cover,45.4714,2,1,1,1
err,45.4715,-269.66,96.67
timing,45.4715,14.1,27.4
det,45.4715,956.0,858.12,133.0,266.75,0.687,Body
det,45.4715,984.94,859.0,50.81,68.5,0.637,Head
cover,45.5132,0,0,0,0
nearest,45.5132,-1
cover,45.5607,1,0,1,0
nearest,45.5608,-1
cover,45.6014,0,0,0,0
nearest,45.6014,-1
cover,45.6378,1,0,1,0
nearest,45.6378,-1
cover,45.6777,0,0,0,0
nearest,45.6778,-1
cover,45.7206,2,1,1,1
err,45.7206,-166.62,87.08
timing,45.7206,11.8,29.8
det,45.7206,1012.38,865.25,148.0,259.5,0.533,Body
det,45.7206,1088.75,850.5,49.25,66.5,0.522,Head
cover,45.7673,1,1,0,1
err,45.7673,-165.88,83.67
timing,45.7673,16.6,27.6
det,45.7673,1089.0,846.0,50.25,68.5,0.496,Head
cover,45.803,2,1,1,1
err,45.803,-166.75,81.86
timing,45.803,6.8,26.6
det,45.803,1088.0,844.88,50.5,67.25,0.642,Head
det,45.803,1011.5,859.0,183.0,269.0,0.438,Body
cover,45.8444,2,1,1,1
err,45.8444,-165.75,79.62
timing,45.8444,11.3,27.9
det,45.8444,1088.5,842.5,51.5,67.5,0.691,Head
det,45.8444,1014.31,853.88,177.88,274.25,0.575,Body
cover,45.8826,2,1,1,1
err,45.8827,-165.75,78.84
timing,45.8827,8.5,27.2
det,45.8827,1089.06,842.12,50.38,66.75,0.772,Head
det,45.8827,1013.81,855.38,177.88,273.25,0.579,Body
cover,45.9279,2,1,1,1
err,45.928,-165.0,78.12
timing,45.928,16.1,27.1
det,45.928,1090.31,841.0,49.38,67.5,0.505,Head
det,45.928,1013.31,854.5,178.38,274.5,0.48,Body
cover,45.9628,2,1,1,1
err,45.9629,-165.0,78.12
timing,45.9629,7.2,25.3
det,45.9629,1013.62,854.62,178.0,273.75,0.488,Body
det,45.9629,1090.31,841.0,49.38,67.5,0.441,Head
cover,45.999,2,1,1,1
err,45.999,-165.38,78.12
timing,45.999,7.6,25.7
det,45.999,1089.75,841.0,49.75,67.5,0.538,Head
det,45.999,1013.06,855.0,179.38,273.5,0.416,Body
cover,46.0342,3,1,2,1
err,46.0342,-165.62,77.1
timing,46.0342,6.2,26.5
det,46.0342,1089.12,840.25,50.5,67.0,0.668,Head
det,46.0342,1015.75,853.0,177.0,275.5,0.618,Body
det,46.0342,1510.25,855.12,7.5,20.75,0.425,Body
cover,46.0709,3,1,2,1
err,46.0709,-173.38,75.46
timing,46.0709,6.2,28.2
det,46.0709,1081.97,837.38,49.31,69.25,0.663,Head
det,46.0709,1511.5,855.88,8.0,20.25,0.604,Body
det,46.0709,1005.25,850.0,185.5,279.0,0.544,Body
cover,46.1173,3,1,2,1
err,46.1173,-179.75,77.39
timing,46.1173,17.2,26.9
det,46.1173,999.25,854.5,179.75,273.5,0.633,Body
det,46.1173,1511.0,852.38,9.0,24.25,0.493,Body
det,46.1173,1074.38,840.12,51.75,67.75,0.465,Head
cover,46.1531,3,1,2,1
err,46.1531,-179.62,77.36
timing,46.1531,6.7,26.8
det,46.1531,1510.5,854.25,8.0,22.5,0.625,Body
det,46.1531,999.75,855.0,178.75,272.5,0.619,Body
det,46.1531,1074.72,840.38,51.31,67.25,0.439,Head
cover,46.1911,1,0,1,0
nearest,46.1911,-1
cover,46.2341,1,0,1,0
nearest,46.2342,-1
cover,46.2703,1,0,1,0
nearest,46.2704,-1
cover,46.3087,1,0,1,0
nearest,46.3087,-1
cover,46.3485,1,0,1,0
nearest,46.3486,-1
cover,46.3859,1,0,1,0
nearest,46.3859,-1
cover,46.4228,0,0,0,0
nearest,46.4229,-1
cover,46.4617,0,0,0,0
nearest,46.4617,-1
cover,46.5005,1,1,0,1
err,46.5006,-166.0,23.49
timing,46.5006,11.4,26.7
det,46.5006,1089.56,785.12,48.88,69.75,0.521,Head
cover,46.5372,0,0,0,0
nearest,46.5372,-1
cover,46.5713,2,1,1,1
err,46.5713,-166.12,-56.05
timing,46.5713,6.6,26.1
det,46.5713,1089.25,706.0,49.25,69.0,0.497,Head
det,46.5713,972.62,880.75,121.62,242.5,0.45,Body
cover,46.6162,2,1,1,1
err,46.6162,-210.56,-95.41
timing,46.6162,16.4,25.4
det,46.6162,1043.5,666.5,51.88,69.25,0.558,Head
det,46.6162,958.56,842.38,91.25,287.25,0.484,Body
cover,46.6668,0,0,0,0
nearest,46.6668,-1
cover,46.705,0,0,0,0
nearest,46.705,-1
cover,46.7526,0,0,0,0
nearest,46.7527,-1
cover,46.8002,1,1,0,1
err,46.8002,-164.75,130.44
timing,46.8002,17.5,29.2
det,46.8002,1089.81,892.62,50.88,68.75,0.459,Head
cover,46.8524,0,0,0,0
nearest,46.8524,-1
cover,46.9093,0,0,0,0
nearest,46.9093,-1
cover,46.9571,0,0,0,0
nearest,46.9571,-1
cover,47.0026,0,0,0,0
nearest,47.0026,-1
cover,47.0385,0,0,0,0
nearest,47.0385,-1
cover,47.0733,1,0,1,0
nearest,47.0733,-1
cover,47.1088,2,1,1,1
err,47.1088,-174.75,184.44
timing,47.1088,7.0,27.0
det,47.1088,1079.28,946.62,51.94,68.75,0.771,Head
det,47.1088,1004.25,935.38,179.0,186.25,0.625,Body
cover,47.1512,0,0,0,0
nearest,47.1512,-1
cover,47.1867,0,0,0,0
nearest,47.1867,-1
cover,47.2313,0,0,0,0
nearest,47.2313,-1
cover,47.2764,0,0,0,0
nearest,47.2765,-1
cover,47.3106,1,1,0,1
err,47.3106,-168.0,-11.66
timing,47.3106,7.8,25.5
det,47.3106,1086.38,751.62,51.25,66.75,0.404,Head
cover,47.344,1,1,0,1
err,47.344,-168.0,-11.21
timing,47.344,7.6,23.6
det,47.344,1086.44,752.62,51.12,65.75,0.56,Head
cover,47.3775,1,1,0,1
err,47.3775,-167.88,-11.2
timing,47.3775,6.5,24.5
det,47.3775,1086.47,752.5,51.31,66.0,0.499,Head
cover,47.4265,1,1,0,1
err,47.4265,-167.75,-10.74
timing,47.4265,18.0,28.2
det,47.4265,1086.62,753.38,51.25,65.25,0.533,Head
cover,47.4665,1,1,0,1
err,47.4666,-167.75,-10.74
timing,47.4666,12.3,25.5
det,47.4666,1086.62,753.38,51.25,65.25,0.507,Head
cover,47.5044,1,1,0,1
err,47.5044,-167.75,-10.75
timing,47.5044,10.5,25.1
det,47.5044,1086.59,753.5,51.31,65.0,0.469,Head
cover,47.5435,1,1,0,1
err,47.5436,-167.75,-10.75
timing,47.5436,12.9,23.8
det,47.5436,1086.62,753.5,51.25,65.0,0.491,Head
cover,47.5835,1,1,0,1
err,47.5835,-168.0,-11.21
timing,47.5835,9.6,27.7
det,47.5835,1086.28,752.62,51.44,65.75,0.42,Head
cover,47.6252,1,1,0,1
err,47.6253,-167.88,-10.45
timing,47.6253,10.8,28.1
det,47.6253,1086.41,753.25,51.44,66.0,0.422,Head
cover,47.6677,0,0,0,0
nearest,47.6677,-1
cover,47.7076,1,1,0,1
err,47.7076,-167.62,-10.48
timing,47.7076,8.1,28.7
det,47.7076,1086.75,753.5,51.25,65.5,0.433,Head
cover,47.759,1,1,0,1
err,47.759,-151.25,-10.11
timing,47.759,20.4,28.9
det,47.759,1103.31,752.62,50.88,67.75,0.634,Head
cover,47.8071,2,1,1,1
err,47.8071,-135.25,-6.59
timing,47.8071,16.2,29.6
det,47.8071,1119.81,755.88,49.88,68.25,0.438,Head
det,47.8071,1045.81,764.5,160.38,314.5,0.426,Body
cover,47.8476,0,0,0,0
nearest,47.8476,-1
cover,47.8857,1,0,1,0
nearest,47.8857,-1
cover,47.9312,1,0,1,0
nearest,47.9312,-1
cover,47.9823,1,0,1,0
nearest,47.9823,-1
cover,48.0182,1,0,1,0
nearest,48.0182,-1
cover,48.0539,1,0,1,0
nearest,48.054,-1
cover,48.089,1,0,1,0
nearest,48.089,-1
cover,48.1259,1,0,1,0
nearest,48.1259,-1
cover,48.1645,0,0,0,0
nearest,48.1646,-1
cover,48.2032,0,0,0,0
nearest,48.2032,-1
cover,48.2374,1,0,1,0
nearest,48.2374,-1
cover,48.2745,0,0,0,0
nearest,48.2745,-1
cover,48.3098,0,0,0,0
nearest,48.3098,-1
cover,48.3467,1,0,1,0
nearest,48.3467,-1
cover,48.3822,0,0,0,0
nearest,48.3822,-1
cover,48.4251,1,0,1,0
nearest,48.4251,-1
cover,48.4657,0,0,0,0
nearest,48.4658,-1
cover,48.5126,0,0,0,0
nearest,48.5126,-1
cover,48.5477,0,0,0,0
nearest,48.5478,-1
cover,48.5847,0,0,0,0
nearest,48.5847,-1
cover,48.6208,0,0,0,0
nearest,48.6208,-1
cover,48.6542,0,0,0,0
nearest,48.6542,-1
cover,48.6922,0,0,0,0
nearest,48.6922,-1
cover,48.7392,1,0,1,0
nearest,48.7392,-1
cover,48.7806,0,0,0,0
nearest,48.7806,-1
cover,48.8279,0,0,0,0
nearest,48.828,-1
cover,48.8656,0,0,0,0
nearest,48.8656,-1
cover,48.9007,0,0,0,0
nearest,48.9007,-1
cover,48.936,0,0,0,0
nearest,48.936,-1
cover,48.9704,0,0,0,0
nearest,48.9704,-1
cover,49.0055,0,0,0,0
nearest,49.0055,-1
cover,49.0404,0,0,0,0
nearest,49.0404,-1
cover,49.0777,0,0,0,0
nearest,49.0778,-1
cover,49.1173,0,0,0,0
nearest,49.1174,-1
cover,49.1508,0,0,0,0
nearest,49.1508,-1
cover,49.1851,0,0,0,0
nearest,49.1851,-1
cover,49.2198,0,0,0,0
nearest,49.2198,-1
cover,49.2555,0,0,0,0
nearest,49.2556,-1
cover,49.2884,0,0,0,0
nearest,49.2884,-1
cover,49.3264,0,0,0,0
nearest,49.3264,-1
cover,49.3645,0,0,0,0
nearest,49.3646,-1
cover,49.4047,2,0,2,0
nearest,49.4047,-1
cover,49.442,0,0,0,0
nearest,49.442,-1
cover,49.4794,2,0,2,0
nearest,49.4794,-1
cover,49.5157,0,0,0,0
nearest,49.5157,-1
cover,49.5509,2,0,2,0
nearest,49.5509,-1
cover,49.5932,1,0,1,0
nearest,49.5932,-1
cover,49.6306,0,0,0,0
nearest,49.6306,-1
cover,49.6673,0,0,0,0
nearest,49.6674,-1
cover,49.7026,0,0,0,0
nearest,49.7026,-1
cover,49.7418,0,0,0,0
nearest,49.7418,-1
cover,49.7833,0,0,0,0
nearest,49.7834,-1
cover,49.8261,0,0,0,0
nearest,49.8261,-1
cover,49.866,0,0,0,0
nearest,49.866,-1
cover,49.909,0,0,0,0
nearest,49.909,-1
cover,49.9502,0,0,0,0
nearest,49.9502,-1
cover,49.9923,0,0,0,0
nearest,49.9923,-1
cover,50.0306,0,0,0,0
nearest,50.0306,-1
cover,50.071,0,0,0,0
nearest,50.0711,-1
cover,50.1107,1,0,1,0
nearest,50.1107,-1
cover,50.1511,0,0,0,0
nearest,50.1511,-1
cover,50.1872,0,0,0,0
nearest,50.1872,-1
cover,50.2218,0,0,0,0
nearest,50.2218,-1
cover,50.265,0,0,0,0
nearest,50.265,-1
cover,50.3034,0,0,0,0
nearest,50.3034,-1
cover,50.3406,0,0,0,0
nearest,50.3406,-1
cover,50.3751,0,0,0,0
nearest,50.3751,-1
cover,50.415,0,0,0,0
nearest,50.4151,-1
cover,50.4504,0,0,0,0
nearest,50.4504,-1
cover,50.4879,0,0,0,0
nearest,50.4879,-1
cover,50.5315,0,0,0,0
nearest,50.5315,-1
cover,50.5753,0,0,0,0
nearest,50.5753,-1
cover,50.6171,0,0,0,0
nearest,50.6171,-1
cover,50.6523,0,0,0,0
nearest,50.6523,-1
cover,50.6919,0,0,0,0
nearest,50.6919,-1
cover,50.7326,0,0,0,0
nearest,50.7327,-1
cover,50.7745,1,0,1,0
nearest,50.7745,-1
cover,50.8203,0,0,0,0
nearest,50.8203,-1
cover,50.8673,0,0,0,0
nearest,50.8674,-1
cover,50.9056,0,0,0,0
nearest,50.9056,-1
cover,50.9474,0,0,0,0
nearest,50.9474,-1
cover,50.9906,0,0,0,0
nearest,50.9906,-1
cover,51.0291,0,0,0,0
nearest,51.0291,-1
cover,51.0699,0,0,0,0
nearest,51.0699,-1
cover,51.1053,0,0,0,0
nearest,51.1054,-1
cover,51.1409,0,0,0,0
nearest,51.1409,-1
cover,51.1795,0,0,0,0
nearest,51.1795,-1
cover,51.2188,0,0,0,0
nearest,51.2188,-1
cover,51.2532,0,0,0,0
nearest,51.2532,-1
cover,51.2921,0,0,0,0
nearest,51.2921,-1
cover,51.3309,0,0,0,0
nearest,51.3309,-1
cover,51.3682,0,0,0,0
nearest,51.3682,-1
cover,51.403,0,0,0,0
nearest,51.4031,-1
cover,51.4382,0,0,0,0
nearest,51.4382,-1
cover,51.479,0,0,0,0
nearest,51.479,-1
cover,51.5127,0,0,0,0
nearest,51.5128,-1
cover,51.5547,0,0,0,0
nearest,51.5547,-1
cover,51.5911,0,0,0,0
nearest,51.5911,-1
cover,51.6371,0,0,0,0
nearest,51.6371,-1
cover,51.6719,0,0,0,0
nearest,51.6719,-1
cover,51.7062,0,0,0,0
nearest,51.7063,-1
cover,51.7396,0,0,0,0
nearest,51.7396,-1
cover,51.7767,1,1,0,1
err,51.7767,132.0,-56.27
timing,51.7767,9.8,26.6
det,51.7767,1383.38,699.94,57.25,79.62,0.616,Head
cover,51.814,1,1,0,1
err,51.8141,132.0,-51.54
timing,51.8141,9.5,25.5
det,51.8141,1383.5,704.88,57.0,79.25,0.476,Head
cover,51.8546,1,1,0,1
err,51.8547,131.25,-51.01
timing,51.8547,10.3,27.7
det,51.8547,1381.75,705.06,59.0,79.88,0.517,Head
cover,51.8925,1,1,0,1
err,51.8926,131.5,-51.01
timing,51.8926,7.6,28.2
det,51.8926,1382.12,705.12,58.75,79.75,0.508,Head
cover,51.9358,1,1,0,1
err,51.9359,131.5,-51.08
timing,51.9359,13.6,27.4
det,51.9359,1382.38,705.75,58.25,78.5,0.604,Head
cover,51.9701,1,1,0,1
err,51.9701,131.5,-50.79
timing,51.9701,7.1,24.8
det,51.9701,1382.5,705.69,58.0,79.12,0.567,Head
cover,52.014,1,1,0,1
err,52.014,132.0,-51.05
timing,52.014,15.2,26.4
det,52.014,1383.12,705.5,57.75,79.0,0.478,Head
cover,52.0632,1,1,0,1
err,52.0632,132.0,-51.04
timing,52.0632,20.6,25.9
det,52.0632,1383.12,705.38,57.75,79.25,0.504,Head
cover,52.1048,1,1,0,1
err,52.1049,131.5,-51.03
timing,52.1049,12.6,26.4
det,52.1049,1382.38,705.31,58.25,79.38,0.464,Head
cover,52.149,0,0,0,0
nearest,52.1491,-1
cover,52.1849,1,1,0,1
err,52.185,131.75,-51.02
timing,52.185,6.7,27.6
det,52.185,1383.25,705.25,57.0,79.5,0.403,Head
cover,52.2281,1,1,0,1
err,52.2281,131.5,-50.76
timing,52.2281,15.0,25.9
det,52.2281,1383.0,705.31,57.0,79.88,0.48,Head
cover,52.266,0,0,0,0
nearest,52.266,-1
cover,52.3091,0,0,0,0
nearest,52.3091,-1
cover,52.3464,1,1,0,1
err,52.3464,97.0,-23.6
timing,52.3464,11.0,25.6
det,52.3464,1349.5,733.5,55.0,78.0,0.471,Head
cover,52.3803,0,0,0,0
nearest,52.3803,-1
cover,52.4155,0,0,0,0
nearest,52.4155,-1
cover,52.4517,0,0,0,0
nearest,52.4517,-1
cover,52.4856,0,0,0,0
nearest,52.4857,-1
cover,52.5195,0,0,0,0
nearest,52.5195,-1
cover,52.5642,1,0,1,0
nearest,52.5643,-1
cover,52.599,2,0,2,0
nearest,52.5991,-1
cover,52.6352,0,0,0,0
nearest,52.6352,-1
cover,52.6691,0,0,0,0
nearest,52.6691,-1
lmb,52.7033,1
cover,52.7044,0,0,0,0
nearest,52.7044,-1
cover,52.7407,0,0,0,0
nearest,52.7407,-1
cover,52.7759,0,0,0,0
nearest,52.7759,-1
lmb,52.8169,0
cover,52.8187,0,0,0,0
nearest,52.8187,-1
nail,52.8646,1
cover,52.8665,1,0,1,0
nearest,52.8665,-1
cover,52.9055,1,0,1,0
nearest,52.9056,-1
cover,52.9446,1,0,1,0
nearest,52.9446,-1
cover,52.9775,1,0,1,0
nearest,52.9775,-1
cover,53.0166,1,0,1,0
nearest,53.0166,-1
cover,53.0528,1,0,1,0
nearest,53.0528,-1
cover,53.086,1,0,1,0
nearest,53.0861,-1
cover,53.1204,1,0,1,0
nearest,53.1204,-1
cover,53.1554,1,0,1,0
nearest,53.1554,-1
cover,53.1957,1,0,1,0
nearest,53.1957,-1
nail,53.2335,0
cover,53.2346,0,0,0,0
nearest,53.2347,-1
cover,53.2692,1,0,1,0
nearest,53.2692,-1
lmb,53.3033,1
cover,53.3046,1,0,1,0
nearest,53.3046,-1
cover,53.3382,1,0,1,0
nearest,53.3382,-1
cover,53.3719,1,0,1,0
nearest,53.372,-1
cover,53.4045,0,0,0,0
nearest,53.4045,-1
lmb,53.439,0
nail,53.439,1
cover,53.4406,0,0,0,0
nearest,53.4406,-1
cover,53.4753,1,0,1,0
nearest,53.4753,-1
lmb,53.5169,1
nail,53.5169,0
cover,53.5187,1,0,1,0
nearest,53.5187,-1
cover,53.5521,0,0,0,0
nearest,53.5521,-1
cover,53.5859,1,0,1,0
nearest,53.5859,-1
lmb,53.6217,0
cover,53.6226,1,0,1,0
nearest,53.6226,-1
nail,53.6535,1
cover,53.6548,0,0,0,0
nearest,53.6548,-1
cover,53.6888,0,0,0,0
nearest,53.6888,-1
lmb,53.7216,1
nail,53.7216,0
cover,53.7232,1,0,1,0
nearest,53.7233,-1
cover,53.7666,1,0,1,0
nearest,53.7666,-1
cover,53.8016,2,0,2,0
nearest,53.8016,-1
lmb,53.8368,0
cover,53.838,1,0,1,0
nearest,53.838,-1
nail,53.8796,1
cover,53.8809,0,0,0,0
nearest,53.8809,-1
cover,53.9164,1,0,1,0
nearest,53.9164,-1
lmb,53.953,1
nail,53.953,0
cover,53.9551,0,0,0,0
nearest,53.9551,-1
cover,53.9949,1,0,1,0
nearest,53.9949,-1
lmb,54.0339,0
cover,54.0351,1,0,1,0
nearest,54.0351,-1
nail,54.0775,1
cover,54.0784,1,0,1,0
nearest,54.0785,-1
lmb,54.1173,1
nail,54.1173,0
cover,54.119,0,0,0,0
nearest,54.119,-1
cover,54.1643,0,0,0,0
nearest,54.1643,-1
lmb,54.2007,0
cover,54.2018,1,0,1,0
nearest,54.2019,-1
nail,54.2477,1
cover,54.2488,1,0,1,0
nearest,54.2488,-1
cover,54.2835,1,0,1,0
nearest,54.2835,-1
cover,54.3177,1,0,1,0
nearest,54.3177,-1
cover,54.3543,1,0,1,0
nearest,54.3543,-1
cover,54.3887,2,0,2,0
nearest,54.3888,-1
cover,54.4229,1,0,1,0
nearest,54.4229,-1
cover,54.461,1,0,1,0
nearest,54.4611,-1
cover,54.4978,1,0,1,0
nearest,54.4979,-1
cover,54.538,0,0,0,0
nearest,54.538,-1
cover,54.5713,0,0,0,0
nearest,54.5714,-1
cover,54.6063,1,0,1,0
nearest,54.6063,-1
nail,54.6408,0
cover,54.6417,0,0,0,0
nearest,54.6417,-1
cover,54.6784,1,0,1,0
nearest,54.6784,-1
cover,54.7156,1,0,1,0
nearest,54.7156,-1
cover,54.7564,1,0,1,0
nearest,54.7564,-1
cover,54.7957,1,0,1,0
nearest,54.7957,-1
cover,54.8393,1,0,1,0
nearest,54.8393,-1
cover,54.8742,1,0,1,0
nearest,54.8743,-1
cover,54.9129,1,0,1,0
nearest,54.913,-1
cover,54.9649,1,0,1,0
nearest,54.9649,-1
cover,55.0127,1,0,1,0
nearest,55.0127,-1
cover,55.0649,0,0,0,0
nearest,55.0649,-1
cover,55.1077,0,0,0,0
nearest,55.1077,-1
cover,55.1561,0,0,0,0
nearest,55.1562,-1
cover,55.2102,0,0,0,0
nearest,55.2103,-1
cover,55.255,0,0,0,0
nearest,55.2551,-1
cover,55.2947,0,0,0,0
nearest,55.2947,-1
cover,55.3385,0,0,0,0
nearest,55.3386,-1
cover,55.3774,0,0,0,0
nearest,55.3774,-1
cover,55.4211,0,0,0,0
nearest,55.4211,-1
cover,55.4657,0,0,0,0
nearest,55.4657,-1
cover,55.509,0,0,0,0
nearest,55.509,-1
cover,55.5543,0,0,0,0
nearest,55.5543,-1
cover,55.5966,0,0,0,0
nearest,55.5966,-1
cover,55.6407,0,0,0,0
nearest,55.6407,-1
cover,55.6797,0,0,0,0
nearest,55.6798,-1
cover,55.7264,0,0,0,0
nearest,55.7265,-1
cover,55.7724,0,0,0,0
nearest,55.7725,-1
cover,55.8137,0,0,0,0
nearest,55.8137,-1
cover,55.8543,0,0,0,0
nearest,55.8543,-1
cover,55.8959,0,0,0,0
nearest,55.896,-1
cover,55.9312,0,0,0,0
nearest,55.9312,-1
cover,55.9674,0,0,0,0
nearest,55.9674,-1
cover,56.0099,0,0,0,0
nearest,56.0099,-1
cover,56.0592,0,0,0,0
nearest,56.0592,-1
cover,56.1041,0,0,0,0
nearest,56.1041,-1
cover,56.1442,0,0,0,0
nearest,56.1442,-1
cover,56.1833,0,0,0,0
nearest,56.1833,-1
cover,56.2271,0,0,0,0
nearest,56.2271,-1
cover,56.2702,0,0,0,0
nearest,56.2702,-1
cover,56.3095,0,0,0,0
nearest,56.3095,-1
cover,56.3533,0,0,0,0
nearest,56.3533,-1
cover,56.3959,0,0,0,0
nearest,56.3959,-1
cover,56.4347,0,0,0,0
nearest,56.4348,-1
cover,56.4772,0,0,0,0
nearest,56.4772,-1
cover,56.5222,0,0,0,0
nearest,56.5222,-1
cover,56.5663,0,0,0,0
nearest,56.5663,-1
cover,56.6173,0,0,0,0
nearest,56.6173,-1
cover,56.6574,0,0,0,0
nearest,56.6574,-1
cover,56.6924,0,0,0,0
nearest,56.6924,-1
cover,56.7377,0,0,0,0
nearest,56.7377,-1
cover,56.7782,0,0,0,0
nearest,56.7782,-1
cover,56.8184,0,0,0,0
nearest,56.8184,-1
cover,56.8603,0,0,0,0
nearest,56.8603,-1
cover,56.9016,0,0,0,0
nearest,56.9016,-1
cover,56.9458,0,0,0,0
nearest,56.9458,-1
cover,56.9841,0,0,0,0
nearest,56.9841,-1
cover,57.027,0,0,0,0
nearest,57.027,-1
cover,57.0654,0,0,0,0
nearest,57.0655,-1
cover,57.1104,0,0,0,0
nearest,57.1105,-1
cover,57.1567,0,0,0,0
nearest,57.1567,-1
cover,57.196,0,0,0,0
nearest,57.196,-1
cover,57.2374,0,0,0,0
nearest,57.2374,-1
cover,57.277,0,0,0,0
nearest,57.277,-1
cover,57.3213,0,0,0,0
nearest,57.3213,-1
cover,57.3628,0,0,0,0
nearest,57.3628,-1
cover,57.4096,0,0,0,0
nearest,57.4096,-1
cover,57.4524,0,0,0,0
nearest,57.4524,-1
cover,57.4913,0,0,0,0
nearest,57.4913,-1
cover,57.5328,0,0,0,0
nearest,57.5328,-1
cover,57.5808,0,0,0,0
nearest,57.5808,-1
cover,57.6233,0,0,0,0
nearest,57.6233,-1
cover,57.6619,0,0,0,0
nearest,57.6619,-1
cover,57.7042,0,0,0,0
nearest,57.7042,-1
cover,57.7442,0,0,0,0
nearest,57.7443,-1
cover,57.7876,0,0,0,0
nearest,57.7876,-1
cover,57.8259,0,0,0,0
nearest,57.8259,-1
cover,57.8706,0,0,0,0
nearest,57.8707,-1
cover,57.9134,0,0,0,0
nearest,57.9134,-1
cover,57.9612,0,0,0,0
nearest,57.9612,-1
cover,58.0065,0,0,0,0
nearest,58.0065,-1
cover,58.0486,0,0,0,0
nearest,58.0486,-1
cover,58.1055,0,0,0,0
nearest,58.1055,-1
cover,58.1611,0,0,0,0
nearest,58.1611,-1
cover,58.2119,0,0,0,0
nearest,58.212,-1
cover,58.2565,0,0,0,0
nearest,58.2565,-1
cover,58.2931,0,0,0,0
nearest,58.2931,-1
cover,58.3339,0,0,0,0
nearest,58.3339,-1
cover,58.3824,0,0,0,0
nearest,58.3824,-1
cover,58.4206,0,0,0,0
nearest,58.4206,-1
cover,58.4634,0,0,0,0
nearest,58.4634,-1
cover,58.5075,0,0,0,0
nearest,58.5076,-1
cover,58.5503,0,0,0,0
nearest,58.5503,-1
cover,58.5986,0,0,0,0
nearest,58.5986,-1
cover,58.6406,0,0,0,0
nearest,58.6406,-1
cover,58.6815,0,0,0,0
nearest,58.6815,-1
cover,58.7263,0,0,0,0
nearest,58.7263,-1
cover,58.7714,0,0,0,0
nearest,58.7714,-1
cover,58.8096,0,0,0,0
nearest,58.8097,-1
cover,58.8587,0,0,0,0
nearest,58.8587,-1
cover,58.9167,0,0,0,0
nearest,58.9168,-1
cover,58.9681,0,0,0,0
nearest,58.9681,-1
cover,59.018,0,0,0,0
nearest,59.018,-1
cover,59.0627,0,0,0,0
nearest,59.0627,-1
cover,59.1069,0,0,0,0
nearest,59.107,-1
cover,59.1473,0,0,0,0
nearest,59.1473,-1
cover,59.1884,0,0,0,0
nearest,59.1884,-1
cover,59.2289,0,0,0,0
nearest,59.2289,-1
cover,59.27,0,0,0,0
nearest,59.2701,-1
cover,59.3189,0,0,0,0
nearest,59.3189,-1
cover,59.3626,0,0,0,0
nearest,59.3626,-1
cover,59.403,0,0,0,0
nearest,59.403,-1
cover,59.4448,0,0,0,0
nearest,59.4448,-1
cover,59.4868,0,0,0,0
nearest,59.4868,-1
cover,59.5277,0,0,0,0
nearest,59.5277,-1
cover,59.5745,0,0,0,0
nearest,59.5746,-1
cover,59.6203,0,0,0,0
nearest,59.6203,-1
cover,59.6634,0,0,0,0
nearest,59.6634,-1
cover,59.7045,0,0,0,0
nearest,59.7045,-1
cover,59.7431,0,0,0,0
nearest,59.7431,-1
cover,59.7889,0,0,0,0
nearest,59.7889,-1
cover,59.8409,0,0,0,0
nearest,59.8409,-1
cover,59.8797,0,0,0,0
nearest,59.8797,-1
cover,59.9221,0,0,0,0
nearest,59.9221,-1
cover,59.9675,0,0,0,0
nearest,59.9675,-1
cover,60.0126,0,0,0,0
nearest,60.0126,-1
cover,60.0559,0,0,0,0
nearest,60.0559,-1
cover,60.0964,0,0,0,0
nearest,60.0964,-1
cover,60.1343,0,0,0,0
nearest,60.1343,-1
cover,60.1769,0,0,0,0
nearest,60.1769,-1
cover,60.2183,0,0,0,0
nearest,60.2183,-1
cover,60.2654,0,0,0,0
nearest,60.2655,-1
cover,60.3049,0,0,0,0
nearest,60.305,-1
cover,60.3496,0,0,0,0
nearest,60.3496,-1
cover,60.4009,0,0,0,0
nearest,60.401,-1
cover,60.4474,0,0,0,0
nearest,60.4475,-1
cover,60.4875,0,0,0,0
nearest,60.4875,-1
cover,60.5334,0,0,0,0
nearest,60.5334,-1
cover,60.5793,0,0,0,0
nearest,60.5793,-1
cover,60.6195,0,0,0,0
nearest,60.6195,-1
cover,60.6591,0,0,0,0
nearest,60.6591,-1
cover,60.7085,0,0,0,0
nearest,60.7085,-1
cover,60.7521,0,0,0,0
nearest,60.7521,-1
cover,60.7978,0,0,0,0
nearest,60.7979,-1
cover,60.8406,0,0,0,0
nearest,60.8407,-1
cover,60.8811,0,0,0,0
nearest,60.8812,-1
cover,60.9226,0,0,0,0
nearest,60.9226,-1
cover,60.9654,0,0,0,0
nearest,60.9654,-1
cover,61.0014,0,0,0,0
nearest,61.0015,-1
cover,61.042,0,0,0,0
nearest,61.042,-1
cover,61.0918,0,0,0,0
nearest,61.0919,-1
cover,61.1362,0,0,0,0
nearest,61.1362,-1
cover,61.1792,0,0,0,0
nearest,61.1792,-1
cover,61.2238,0,0,0,0
nearest,61.2238,-1
cover,61.2594,0,0,0,0
nearest,61.2594,-1
cover,61.3063,0,0,0,0
nearest,61.3063,-1
cover,61.346,0,0,0,0
nearest,61.346,-1
cover,61.3855,0,0,0,0
nearest,61.3855,-1
cover,61.4294,0,0,0,0
nearest,61.4294,-1
cover,61.4668,0,0,0,0
nearest,61.4669,-1
cover,61.5137,0,0,0,0
nearest,61.5137,-1
cover,61.5645,0,0,0,0
nearest,61.5645,-1
cover,61.6096,0,0,0,0
nearest,61.6096,-1
cover,61.6549,0,0,0,0
nearest,61.655,-1
cover,61.6933,0,0,0,0
nearest,61.6933,-1
cover,61.7365,0,0,0,0
nearest,61.7365,-1
cover,61.7813,0,0,0,0
nearest,61.7813,-1
cover,61.8221,0,0,0,0
nearest,61.8222,-1
cover,61.8643,0,0,0,0
nearest,61.8643,-1
cover,61.9099,0,0,0,0
nearest,61.9099,-1
cover,61.953,0,0,0,0
nearest,61.953,-1
cover,61.995,0,0,0,0
nearest,61.9951,-1
cover,62.0422,0,0,0,0
nearest,62.0422,-1
cover,62.0863,0,0,0,0
nearest,62.0863,-1
cover,62.1274,0,0,0,0
nearest,62.1274,-1
cover,62.1699,0,0,0,0
nearest,62.1699,-1
cover,62.211,0,0,0,0
nearest,62.211,-1
cover,62.2537,0,0,0,0
nearest,62.2537,-1
cover,62.2926,0,0,0,0
nearest,62.2927,-1
cover,62.3436,0,0,0,0
nearest,62.3436,-1
cover,62.3923,0,0,0,0
nearest,62.3923,-1
cover,62.4411,0,0,0,0
nearest,62.4412,-1
cover,62.4897,0,0,0,0
nearest,62.4897,-1
cover,62.5349,0,0,0,0
nearest,62.5349,-1
cover,62.581,0,0,0,0
nearest,62.5811,-1
cover,62.6243,0,0,0,0
nearest,62.6244,-1
cover,62.678,0,0,0,0
nearest,62.678,-1
cover,62.7236,0,0,0,0
nearest,62.7237,-1
cover,62.7674,0,0,0,0
nearest,62.7674,-1
cover,62.8228,0,0,0,0
nearest,62.8228,-1
cover,62.8676,0,0,0,0
nearest,62.8677,-1
cover,62.9166,0,0,0,0
nearest,62.9166,-1
cover,62.9677,0,0,0,0
nearest,62.9677,-1
cover,63.0149,0,0,0,0
nearest,63.0149,-1
cover,63.0581,0,0,0,0
nearest,63.0581,-1
cover,63.1093,0,0,0,0
nearest,63.1093,-1
cover,63.1561,0,0,0,0
nearest,63.1561,-1
cover,63.1965,0,0,0,0
nearest,63.1966,-1
cover,63.2341,0,0,0,0
nearest,63.2341,-1
cover,63.2779,0,0,0,0
nearest,63.278,-1
cover,63.3187,0,0,0,0
nearest,63.3187,-1
cover,63.3607,0,0,0,0
nearest,63.3607,-1
cover,63.4029,0,0,0,0
nearest,63.4029,-1
cover,63.444,0,0,0,0
nearest,63.444,-1
cover,63.4877,0,0,0,0
nearest,63.4877,-1
cover,63.5266,0,0,0,0
nearest,63.5266,-1
cover,63.5675,0,0,0,0
nearest,63.5675,-1
cover,63.6088,0,0,0,0
nearest,63.6088,-1
cover,63.6531,0,0,0,0
nearest,63.6532,-1
cover,63.692,0,0,0,0
nearest,63.692,-1
cover,63.7371,0,0,0,0
nearest,63.7371,-1
cover,63.7831,0,0,0,0
nearest,63.7831,-1
cover,63.8268,0,0,0,0
nearest,63.8268,-1
cover,63.8719,0,0,0,0
nearest,63.8719,-1
cover,63.9115,0,0,0,0
nearest,63.9115,-1
cover,63.9545,0,0,0,0
nearest,63.9545,-1
cover,63.9958,0,0,0,0
nearest,63.9959,-1
cover,64.0375,0,0,0,0
nearest,64.0375,-1
cover,64.0788,0,0,0,0
nearest,64.0789,-1
cover,64.1167,0,0,0,0
nearest,64.1167,-1
cover,64.1623,0,0,0,0
nearest,64.1623,-1
cover,64.2008,0,0,0,0
nearest,64.2008,-1
cover,64.2427,0,0,0,0
nearest,64.2427,-1
cover,64.2867,0,0,0,0
nearest,64.2867,-1
cover,64.3251,0,0,0,0
nearest,64.3252,-1
cover,64.3684,0,0,0,0
nearest,64.3684,-1
cover,64.4137,0,0,0,0
nearest,64.4137,-1
cover,64.4508,0,0,0,0
nearest,64.4509,-1
cover,64.4974,0,0,0,0
nearest,64.4974,-1
cover,64.5385,0,0,0,0
nearest,64.5385,-1
cover,64.5788,0,0,0,0
nearest,64.5789,-1
cover,64.6231,0,0,0,0
nearest,64.6231,-1
cover,64.6607,0,0,0,0
nearest,64.6607,-1
cover,64.7059,0,0,0,0
nearest,64.7059,-1
cover,64.7439,0,0,0,0
nearest,64.7439,-1
cover,64.7894,0,0,0,0
nearest,64.7894,-1
cover,64.8337,0,0,0,0
nearest,64.8337,-1
cover,64.8797,0,0,0,0
nearest,64.8798,-1
cover,64.9214,0,0,0,0
nearest,64.9214,-1
cover,64.9653,0,0,0,0
nearest,64.9654,-1
cover,65.0058,0,0,0,0
nearest,65.0059,-1
cover,65.051,0,0,0,0
nearest,65.051,-1
cover,65.097,0,0,0,0
nearest,65.0971,-1
cover,65.141,0,0,0,0
nearest,65.141,-1
cover,65.1851,0,0,0,0
nearest,65.1852,-1
cover,65.2346,0,0,0,0
nearest,65.2346,-1
cover,65.2788,0,0,0,0
nearest,65.2788,-1
cover,65.328,0,0,0,0
nearest,65.3281,-1
cover,65.3758,0,0,0,0
nearest,65.3758,-1
cover,65.4203,0,0,0,0
nearest,65.4203,-1
cover,65.466,0,0,0,0
nearest,65.466,-1
cover,65.5133,0,0,0,0
nearest,65.5134,-1
cover,65.5527,0,0,0,0
nearest,65.5527,-1
cover,65.6013,0,0,0,0
nearest,65.6013,-1
cover,65.6432,0,0,0,0
nearest,65.6432,-1
cover,65.6855,0,0,0,0
nearest,65.6855,-1
cover,65.7335,0,0,0,0
nearest,65.7335,-1
cover,65.78,0,0,0,0
nearest,65.78,-1
cover,65.8229,0,0,0,0
nearest,65.8229,-1
cover,65.9218,0,0,0,0
nearest,65.9218,-1
cover,65.9607,0,0,0,0
nearest,65.9607,-1
cover,66.0021,0,0,0,0
nearest,66.0021,-1
cover,66.0467,0,0,0,0
nearest,66.0467,-1
cover,66.0895,0,0,0,0
nearest,66.0895,-1
cover,66.1288,0,0,0,0
nearest,66.1288,-1
cover,66.1666,0,0,0,0
nearest,66.1666,-1
cover,66.2134,0,0,0,0
nearest,66.2135,-1
cover,66.2561,0,0,0,0
nearest,66.2561,-1
cover,66.2924,0,0,0,0
nearest,66.2924,-1
cover,66.3365,0,0,0,0
nearest,66.3365,-1
cover,66.3807,0,0,0,0
nearest,66.3807,-1
cover,66.4212,0,0,0,0
nearest,66.4212,-1
cover,66.4644,0,0,0,0
nearest,66.4644,-1
cover,66.5015,0,0,0,0
nearest,66.5015,-1
cover,66.546,0,0,0,0
nearest,66.546,-1
cover,66.5881,0,0,0,0
nearest,66.5881,-1
cover,66.6285,0,0,0,0
nearest,66.6285,-1
cover,66.6675,0,0,0,0
nearest,66.6675,-1
cover,66.7113,0,0,0,0
nearest,66.7114,-1
cover,66.7568,0,0,0,0
nearest,66.7569,-1
cover,66.7962,0,0,0,0
nearest,66.7962,-1
cover,66.8336,0,0,0,0
nearest,66.8337,-1
cover,66.877,0,0,0,0
nearest,66.8771,-1
cover,66.9205,0,0,0,0
nearest,66.9205,-1
cover,66.965,0,0,0,0
nearest,66.965,-1
cover,67.0043,0,0,0,0
nearest,67.0044,-1
cover,67.0521,0,0,0,0
nearest,67.0521,-1
cover,67.0919,0,0,0,0
nearest,67.0919,-1
cover,67.1392,0,0,0,0
nearest,67.1393,-1
cover,67.1865,0,0,0,0
nearest,67.1865,-1
cover,67.2245,0,0,0,0
nearest,67.2245,-1
cover,67.2619,0,0,0,0
nearest,67.2619,-1
cover,67.3029,0,0,0,0
nearest,67.303,-1
cover,67.3554,0,0,0,0
nearest,67.3554,-1
cover,67.4038,0,0,0,0
nearest,67.4038,-1
cover,67.4516,0,0,0,0
nearest,67.4517,-1
cover,67.4906,0,0,0,0
nearest,67.4906,-1
cover,67.5502,0,0,0,0
nearest,67.5502,-1
cover,67.5941,0,0,0,0
nearest,67.5941,-1
cover,67.6614,0,0,0,0
nearest,67.6614,-1
cover,67.7174,0,0,0,0
nearest,67.7174,-1
cover,67.7703,0,0,0,0
nearest,67.7703,-1
cover,67.8228,0,0,0,0
nearest,67.8228,-1
cover,67.8684,0,0,0,0
nearest,67.8684,-1
cover,67.9198,0,0,0,0
nearest,67.9199,-1
cover,67.9637,0,0,0,0
nearest,67.9637,-1
cover,68.0174,0,0,0,0
nearest,68.0174,-1
cover,68.0641,0,0,0,0
nearest,68.0641,-1
cover,68.1191,0,0,0,0
nearest,68.1191,-1
cover,68.1602,0,0,0,0
nearest,68.1602,-1
cover,68.2152,0,0,0,0
nearest,68.2153,-1
cover,68.272,0,0,0,0
nearest,68.272,-1
cover,68.3273,0,0,0,0
nearest,68.3273,-1
cover,68.383,0,0,0,0
nearest,68.383,-1
cover,68.4388,0,0,0,0
nearest,68.4388,-1
cover,68.4897,0,0,0,0
nearest,68.4897,-1
cover,68.5407,0,0,0,0
nearest,68.5407,-1
cover,68.5861,0,0,0,0
nearest,68.5861,-1
cover,68.6277,0,0,0,0
nearest,68.6277,-1
cover,68.671,0,0,0,0
nearest,68.671,-1
cover,68.72,0,0,0,0
nearest,68.7201,-1
cover,68.763,0,0,0,0
nearest,68.763,-1
cover,68.8185,0,0,0,0
nearest,68.8186,-1
cover,68.8605,0,0,0,0
nearest,68.8605,-1
cover,68.9173,0,0,0,0
nearest,68.9173,-1
cover,68.9757,0,0,0,0
nearest,68.9758,-1
cover,69.0267,0,0,0,0
nearest,69.0268,-1
cover,69.0628,0,0,0,0
nearest,69.0628,-1
cover,69.1146,0,0,0,0
nearest,69.1147,-1
cover,69.1571,0,0,0,0
nearest,69.1571,-1
cover,69.2149,0,0,0,0
nearest,69.2149,-1
cover,69.256,0,0,0,0
nearest,69.256,-1
cover,69.3087,0,0,0,0
nearest,69.3087,-1
cover,69.3578,0,0,0,0
nearest,69.3578,-1
cover,69.4081,0,0,0,0
nearest,69.4081,-1
cover,69.4678,0,0,0,0
nearest,69.4679,-1
cover,69.5134,0,0,0,0
nearest,69.5134,-1
cover,69.5594,0,0,0,0
nearest,69.5594,-1
cover,69.6039,0,0,0,0
nearest,69.6039,-1
cover,69.6591,0,0,0,0
nearest,69.6591,-1
cover,69.7062,0,0,0,0
nearest,69.7063,-1
cover,69.7582,0,0,0,0
nearest,69.7583,-1
cover,69.8033,0,0,0,0
nearest,69.8034,-1
cover,69.8558,0,0,0,0
nearest,69.8559,-1
cover,69.9236,0,0,0,0
nearest,69.9237,-1
cover,69.9672,0,0,0,0
nearest,69.9673,-1
cover,70.0182,0,0,0,0
nearest,70.0182,-1
cover,70.0672,0,0,0,0
nearest,70.0672,-1
cover,70.1165,0,0,0,0
nearest,70.1165,-1
cover,70.1571,0,0,0,0
nearest,70.1571,-1
cover,70.2196,0,0,0,0
nearest,70.2196,-1
cover,70.2749,0,0,0,0
nearest,70.2749,-1
cover,70.3221,0,0,0,0
nearest,70.3221,-1
cover,70.3839,0,0,0,0
nearest,70.3839,-1
cover,70.4314,0,0,0,0
nearest,70.4315,-1
cover,70.4894,0,0,0,0
nearest,70.4895,-1
cover,70.541,0,0,0,0
nearest,70.541,-1
cover,70.5814,0,0,0,0
nearest,70.5815,-1
cover,70.6298,0,0,0,0
nearest,70.6298,-1
cover,70.6763,0,0,0,0
nearest,70.6763,-1
cover,70.7137,0,0,0,0
nearest,70.7137,-1
cover,70.7652,0,0,0,0
nearest,70.7652,-1
cover,70.81,0,0,0,0
nearest,70.81,-1
cover,70.8475,0,0,0,0
nearest,70.8475,-1
cover,70.9108,0,0,0,0
nearest,70.9108,-1
cover,70.9603,0,0,0,0
nearest,70.9603,-1
cover,71.0139,0,0,0,0
nearest,71.014,-1
cover,71.0609,0,0,0,0
nearest,71.0609,-1
cover,71.1054,0,0,0,0
nearest,71.1054,-1
cover,71.1557,0,0,0,0
nearest,71.1557,-1
cover,71.2185,0,0,0,0
nearest,71.2185,-1
cover,71.2688,0,0,0,0
nearest,71.2688,-1
cover,71.3148,0,0,0,0
nearest,71.3148,-1
cover,71.3584,0,0,0,0
nearest,71.3584,-1
cover,71.3996,0,0,0,0
nearest,71.3996,-1
cover,71.4549,0,0,0,0
nearest,71.4549,-1
cover,71.4967,0,0,0,0
nearest,71.4967,-1
cover,71.5421,0,0,0,0
nearest,71.5422,-1
cover,71.588,0,0,0,0
nearest,71.5881,-1
cover,71.6319,0,0,0,0
nearest,71.6319,-1
cover,71.6708,0,0,0,0
nearest,71.6708,-1
cover,71.725,0,0,0,0
nearest,71.7251,-1
cover,71.7826,0,0,0,0
nearest,71.7826,-1
cover,71.8377,0,0,0,0
nearest,71.8377,-1
cover,71.8814,0,0,0,0
nearest,71.8814,-1
cover,71.9231,0,0,0,0
nearest,71.9231,-1
cover,71.9838,0,0,0,0
nearest,71.9838,-1
cover,72.0223,0,0,0,0
nearest,72.0223,-1
cover,72.0681,0,0,0,0
nearest,72.0681,-1
cover,72.1221,0,0,0,0
nearest,72.1221,-1
cover,72.1643,0,0,0,0
nearest,72.1643,-1
cover,72.2176,0,0,0,0
nearest,72.2176,-1
cover,72.2604,0,0,0,0
nearest,72.2604,-1
cover,72.3179,0,0,0,0
nearest,72.318,-1
cover,72.3585,0,0,0,0
nearest,72.3585,-1
cover,72.4166,0,0,0,0
nearest,72.4166,-1
cover,72.459,0,0,0,0
nearest,72.459,-1
cover,72.5148,0,0,0,0
nearest,72.5148,-1
cover,72.5577,0,0,0,0
nearest,72.5577,-1
cover,72.6253,0,0,0,0
nearest,72.6253,-1
cover,72.6789,0,0,0,0
nearest,72.6789,-1
cover,72.7266,0,0,0,0
nearest,72.7266,-1
cover,72.7701,0,0,0,0
nearest,72.7701,-1
cover,72.8196,0,0,0,0
nearest,72.8196,-1
cover,72.8629,0,0,0,0
nearest,72.8629,-1
cover,72.9053,0,0,0,0
nearest,72.9054,-1
cover,72.947,0,0,0,0
nearest,72.947,-1
cover,72.994,0,0,0,0
nearest,72.9941,-1
cover,73.0403,0,0,0,0
nearest,73.0403,-1
cover,73.0859,0,0,0,0
nearest,73.0859,-1
cover,73.1313,0,0,0,0
nearest,73.1314,-1
cover,73.1733,0,0,0,0
nearest,73.1733,-1
cover,73.2184,0,0,0,0
nearest,73.2184,-1
cover,73.2627,0,0,0,0
nearest,73.2628,-1
cover,73.306,0,0,0,0
nearest,73.306,-1
cover,73.3513,0,0,0,0
nearest,73.3513,-1
cover,73.392,0,0,0,0
nearest,73.392,-1
cover,73.4353,0,0,0,0
nearest,73.4353,-1
cover,73.4809,0,0,0,0
nearest,73.4809,-1
cover,73.525,0,0,0,0
nearest,73.525,-1
cover,73.5714,0,0,0,0
nearest,73.5714,-1
cover,73.6162,0,0,0,0
nearest,73.6162,-1
cover,73.657,0,0,0,0
nearest,73.657,-1
cover,73.6994,0,0,0,0
nearest,73.6995,-1
cover,73.7464,0,0,0,0
nearest,73.7464,-1
cover,73.7893,0,0,0,0
nearest,73.7893,-1
cover,73.8295,0,0,0,0
nearest,73.8295,-1
cover,73.8706,0,0,0,0
nearest,73.8707,-1
cover,73.9196,0,0,0,0
nearest,73.9196,-1
cover,73.9596,0,0,0,0
nearest,73.9597,-1
cover,74.0075,0,0,0,0
nearest,74.0075,-1
cover,74.0472,0,0,0,0
nearest,74.0472,-1
cover,74.0941,0,0,0,0
nearest,74.0942,-1
cover,74.1391,0,0,0,0
nearest,74.1391,-1
cover,74.1798,0,0,0,0
nearest,74.1798,-1
cover,74.2233,0,0,0,0
nearest,74.2233,-1
cover,74.265,0,0,0,0
nearest,74.265,-1
cover,74.3122,0,0,0,0
nearest,74.3122,-1
cover,74.3562,0,0,0,0
nearest,74.3562,-1
cover,74.3923,0,0,0,0
nearest,74.3924,-1
cover,74.4403,0,0,0,0
nearest,74.4404,-1
cover,74.4841,0,0,0,0
nearest,74.4841,-1
cover,74.5326,0,0,0,0
nearest,74.5326,-1
cover,74.5718,0,0,0,0
nearest,74.5718,-1
cover,74.613,0,0,0,0
nearest,74.613,-1
cover,74.6581,0,0,0,0
nearest,74.6581,-1
cover,74.7059,0,0,0,0
nearest,74.7059,-1
cover,74.7485,0,0,0,0
nearest,74.7485,-1
cover,74.7894,0,0,0,0
nearest,74.7894,-1
cover,74.8304,0,0,0,0
nearest,74.8304,-1
cover,74.8722,0,0,0,0
nearest,74.8722,-1
cover,74.9154,0,0,0,0
nearest,74.9154,-1
cover,74.9574,0,0,0,0
nearest,74.9574,-1
cover,74.9959,0,0,0,0
nearest,74.996,-1
cover,75.0406,0,0,0,0
nearest,75.0407,-1
cover,75.1365,0,0,0,0
nearest,75.1365,-1
cover,75.1825,0,0,0,0
nearest,75.1825,-1
cover,75.2277,0,0,0,0
nearest,75.2277,-1
cover,75.2701,0,0,0,0
nearest,75.2702,-1
cover,75.3124,0,0,0,0
nearest,75.3124,-1
cover,75.3586,0,0,0,0
nearest,75.3586,-1
cover,75.4057,0,0,0,0
nearest,75.4057,-1
cover,75.4464,0,0,0,0
nearest,75.4464,-1
cover,75.4848,0,0,0,0
nearest,75.4848,-1
cover,75.5317,0,0,0,0
nearest,75.5318,-1
cover,75.5742,0,0,0,0
nearest,75.5742,-1
cover,75.6136,0,0,0,0
nearest,75.6136,-1
cover,75.656,0,0,0,0
nearest,75.656,-1
cover,75.6983,0,0,0,0
nearest,75.6983,-1
cover,75.7441,0,0,0,0
nearest,75.7442,-1
cover,75.7905,0,0,0,0
nearest,75.7905,-1
cover,75.8276,0,0,0,0
nearest,75.8276,-1
cover,75.8715,0,0,0,0
nearest,75.8715,-1
cover,75.9114,0,0,0,0
nearest,75.9115,-1
cover,75.9512,0,0,0,0
nearest,75.9512,-1
cover,75.9989,0,0,0,0
nearest,75.9989,-1
cover,76.0383,0,0,0,0
nearest,76.0383,-1
cover,76.0777,0,0,0,0
nearest,76.0778,-1
cover,76.1215,0,0,0,0
nearest,76.1216,-1
cover,76.1616,0,0,0,0
nearest,76.1616,-1
cover,76.2053,0,0,0,0
nearest,76.2054,-1
cover,76.2484,0,0,0,0
nearest,76.2484,-1
cover,76.2967,0,0,0,0
nearest,76.2967,-1
cover,76.3423,0,0,0,0
nearest,76.3423,-1
cover,76.3961,2,1,1,1
err,76.3962,-52.5,-213.89
timing,76.3962,24.7,28.4
det,76.3962,1195.94,576.19,58.62,127.12,0.914,Body
det,76.3962,1221.0,578.03,13.0,14.69,0.768,Head
cover,76.4345,0,0,0,0
nearest,76.4345,-1
cover,76.4744,0,0,0,0
nearest,76.4744,-1
cover,76.5093,0,0,0,0
nearest,76.5093,-1
cover,76.5769,0,0,0,0
nearest,76.5769,-1
cover,76.6237,2,0,2,0
nearest,76.6237,-1
cover,76.667,1,0,1,0
nearest,76.667,-1
cover,76.7092,1,0,1,0
nearest,76.7092,-1
cover,76.7508,1,0,1,0
nearest,76.7508,-1
cover,76.7883,1,0,1,0
nearest,76.7883,-1
cover,76.827,1,0,1,0
nearest,76.8271,-1
cover,76.8667,0,0,0,0
nearest,76.8667,-1
cover,76.9057,0,0,0,0
nearest,76.9057,-1
cover,76.9448,0,0,0,0
nearest,76.9448,-1
cover,76.9844,0,0,0,0
nearest,76.9844,-1
cover,77.0263,0,0,0,0
nearest,77.0264,-1
cover,77.0661,0,0,0,0
nearest,77.0662,-1
cover,77.1044,1,0,1,0
nearest,77.1044,-1
cover,77.1404,0,0,0,0
nearest,77.1405,-1
cover,77.1783,1,0,1,0
nearest,77.1783,-1
cover,77.2162,0,0,0,0
nearest,77.2162,-1
cover,77.255,0,0,0,0
nearest,77.255,-1
cover,77.2924,0,0,0,0
nearest,77.2925,-1
lmb,77.3299,1
cover,77.3312,0,0,0,0
nearest,77.3312,-1
cover,77.3719,0,0,0,0
nearest,77.372,-1
cover,77.4058,1,0,1,0
nearest,77.4058,-1
lmb,77.4448,0
cover,77.4459,1,0,1,0
nearest,77.4459,-1
nail,77.4858,1
cover,77.4868,0,0,0,0
nearest,77.4868,-1
cover,77.5294,0,0,0,0
nearest,77.5294,-1
cover,77.5713,0,0,0,0
nearest,77.5713,-1
cover,77.612,0,0,0,0
nearest,77.612,-1
cover,77.6502,0,0,0,0
nearest,77.6503,-1
cover,77.696,0,0,0,0
nearest,77.696,-1
cover,77.7346,0,0,0,0
nearest,77.7346,-1
cover,77.7705,0,0,0,0
nearest,77.7705,-1
cover,77.8049,1,0,1,0
nearest,77.8049,-1
nail,77.8387,0
cover,77.8398,0,0,0,0
nearest,77.8398,-1
cover,77.8772,0,0,0,0
nearest,77.8772,-1
cover,77.9127,0,0,0,0
nearest,77.9127,-1
cover,77.9547,0,0,0,0
nearest,77.9548,-1
cover,77.9887,0,0,0,0
nearest,77.9887,-1
cover,78.0285,0,0,0,0
nearest,78.0285,-1
lmb,78.0632,1
cover,78.0646,0,0,0,0
nearest,78.0646,-1
cover,78.1024,0,0,0,0
nearest,78.1024,-1
cover,78.1374,0,0,0,0
nearest,78.1374,-1
lmb,78.181,0
cover,78.1824,0,0,0,0
nearest,78.1824,-1
nail,78.2157,1
cover,78.2166,0,0,0,0
nearest,78.2166,-1
lmb,78.251,1
nail,78.251,0
cover,78.2526,0,0,0,0
nearest,78.2526,-1
cover,78.2982,0,0,0,0
nearest,78.2982,-1
lmb,78.3418,0
cover,78.3429,0,0,0,0
nearest,78.343,-1
nail,78.3851,1
cover,78.3862,0,0,0,0
nearest,78.3863,-1
cover,78.4291,0,0,0,0
nearest,78.4291,-1
lmb,78.4711,1
nail,78.4711,0
cover,78.4732,0,0,0,0
nearest,78.4732,-1
cover,78.5135,0,0,0,0
nearest,78.5135,-1
lmb,78.555,0
cover,78.5561,1,0,1,0
nearest,78.5561,-1
lmb,78.5963,1
cover,78.5973,0,0,0,0
nearest,78.5974,-1
cover,78.6377,0,0,0,0
nearest,78.6377,-1
cover,78.677,0,0,0,0
nearest,78.677,-1
cover,78.7115,0,0,0,0
nearest,78.7115,-1
nail,78.7515,1
cover,78.7525,0,0,0,0
nearest,78.7525,-1
cover,78.7893,0,0,0,0
nearest,78.7893,-1
lmb,78.8238,0
cover,78.8251,0,0,0,0
nearest,78.8252,-1
cover,78.858,0,0,0,0
nearest,78.858,-1
cover,78.8936,1,0,1,0
nearest,78.8937,-1
cover,78.9328,1,0,1,0
nearest,78.9328,-1
cover,78.9721,0,0,0,0
nearest,78.9721,-1
cover,79.0131,0,0,0,0
nearest,79.0131,-1
cover,79.0498,1,0,1,0
nearest,79.0498,-1
cover,79.0886,0,0,0,0
nearest,79.0887,-1
nail,79.1218,0
cover,79.1228,0,0,0,0
nearest,79.1229,-1
cover,79.1664,0,0,0,0
nearest,79.1665,-1
cover,79.2019,1,0,1,0
nearest,79.2019,-1
cover,79.2374,1,0,1,0
nearest,79.2374,-1
cover,79.2726,0,0,0,0
nearest,79.2726,-1
cover,79.3061,0,0,0,0
nearest,79.3061,-1
cover,79.3422,1,0,1,0
nearest,79.3422,-1
cover,79.3791,1,0,1,0
nearest,79.3791,-1
cover,79.4202,0,0,0,0
nearest,79.4203,-1
cover,79.4636,0,0,0,0
nearest,79.4637,-1
cover,79.5034,0,0,0,0
nearest,79.5034,-1
cover,79.5471,0,0,0,0
nearest,79.5471,-1
cover,79.5876,0,0,0,0
nearest,79.5876,-1
cover,79.6318,1,0,1,0
nearest,79.6319,-1
cover,79.6703,1,0,1,0
nearest,79.6704,-1
cover,79.7136,1,0,1,0
nearest,79.7136,-1
cover,79.7524,1,0,1,0
nearest,79.7524,-1
cover,79.7967,0,0,0,0
nearest,79.7967,-1
cover,79.8349,1,0,1,0
nearest,79.8349,-1
cover,79.8692,1,0,1,0
nearest,79.8692,-1
cover,79.9028,0,0,0,0
nearest,79.9028,-1
cover,79.9375,0,0,0,0
nearest,79.9375,-1
cover,79.9731,0,0,0,0
nearest,79.9732,-1
cover,80.0042,0,0,0,0
nearest,80.0043,-1
cover,80.0381,0,0,0,0
nearest,80.0382,-1
cover,80.0799,1,0,1,0
nearest,80.0799,-1
cover,80.1156,0,0,0,0
nearest,80.1157,-1
cover,80.1482,1,0,1,0
nearest,80.1482,-1
cover,80.1837,0,0,0,0
nearest,80.1837,-1
cover,80.2211,0,0,0,0
nearest,80.2211,-1
cover,80.2621,0,0,0,0
nearest,80.2621,-1
cover,80.3006,1,0,1,0
nearest,80.3006,-1
cover,80.3455,2,0,2,0
nearest,80.3455,-1
cover,80.3861,1,0,1,0
nearest,80.3861,-1
cover,80.42,1,0,1,0
nearest,80.42,-1
cover,80.4537,1,0,1,0
nearest,80.4538,-1
lmb,80.4896,1
cover,80.4907,1,0,1,0
nearest,80.4907,-1
cover,80.5238,1,0,1,0
nearest,80.5238,-1
lmb,80.5608,0
cover,80.5622,0,0,0,0
nearest,80.5622,-1
cover,80.6011,0,0,0,0
nearest,80.6011,-1
nail,80.6385,1
cover,80.6394,0,0,0,0
nearest,80.6394,-1
cover,80.6716,0,0,0,0
nearest,80.6716,-1
cover,80.7167,0,0,0,0
nearest,80.7167,-1
cover,80.7505,0,0,0,0
nearest,80.7505,-1
cover,80.7905,0,0,0,0
nearest,80.7905,-1
cover,80.8261,0,0,0,0
nearest,80.8261,-1
cover,80.8615,0,0,0,0
nearest,80.8615,-1
cover,80.8975,0,0,0,0
nearest,80.8975,-1
cover,80.9377,0,0,0,0
nearest,80.9377,-1
cover,80.9734,0,0,0,0
nearest,80.9734,-1
nail,81.014,0
cover,81.0152,0,0,0,0
nearest,81.0152,-1
cover,81.0494,0,0,0,0
nearest,81.0494,-1
cover,81.0901,0,0,0,0
nearest,81.0901,-1
cover,81.1283,0,0,0,0
nearest,81.1283,-1
cover,81.1681,0,0,0,0
nearest,81.1681,-1
cover,81.2043,0,0,0,0
nearest,81.2043,-1
cover,81.2398,0,0,0,0
nearest,81.2398,-1
cover,81.2772,0,0,0,0
nearest,81.2772,-1
cover,81.3173,0,0,0,0
nearest,81.3174,-1
cover,81.3512,0,0,0,0
nearest,81.3512,-1
cover,81.3893,0,0,0,0
nearest,81.3893,-1
cover,81.4256,0,0,0,0
nearest,81.4256,-1
cover,81.4627,0,0,0,0
nearest,81.4627,-1
cover,81.5018,0,0,0,0
nearest,81.5018,-1
cover,81.5373,0,0,0,0
nearest,81.5374,-1
cover,81.5745,0,0,0,0
nearest,81.5745,-1
cover,81.616,0,0,0,0
nearest,81.616,-1
cover,81.6509,0,0,0,0
nearest,81.6509,-1
cover,81.6926,0,0,0,0
nearest,81.6926,-1
cover,81.7401,0,0,0,0
nearest,81.7401,-1
cover,81.7957,0,0,0,0
nearest,81.7957,-1
cover,81.8456,0,0,0,0
nearest,81.8456,-1
cover,81.8891,0,0,0,0
nearest,81.8892,-1
cover,81.9345,0,0,0,0
nearest,81.9345,-1
cover,81.9799,0,0,0,0
nearest,81.9799,-1
cover,82.0204,0,0,0,0
nearest,82.0204,-1
cover,82.0631,0,0,0,0
nearest,82.0632,-1
cover,82.1059,0,0,0,0
nearest,82.1059,-1
cover,82.1533,0,0,0,0
nearest,82.1533,-1
cover,82.1947,0,0,0,0
nearest,82.1947,-1
cover,82.2314,0,0,0,0
nearest,82.2315,-1
cover,82.2766,0,0,0,0
nearest,82.2766,-1
cover,82.3175,0,0,0,0
nearest,82.3175,-1
cover,82.3614,0,0,0,0
nearest,82.3614,-1
cover,82.4047,0,0,0,0
nearest,82.4048,-1
cover,82.447,0,0,0,0
nearest,82.4471,-1
cover,82.4959,0,0,0,0
nearest,82.4959,-1
cover,82.5339,0,0,0,0
nearest,82.5339,-1
cover,82.5773,0,0,0,0
nearest,82.5773,-1
cover,82.6175,0,0,0,0
nearest,82.6175,-1
cover,82.6603,0,0,0,0
nearest,82.6603,-1
cover,82.701,0,0,0,0
nearest,82.701,-1
cover,82.745,0,0,0,0
nearest,82.745,-1
cover,82.7888,0,0,0,0
nearest,82.7888,-1
cover,82.8367,0,0,0,0
nearest,82.8367,-1
cover,82.8776,0,0,0,0
nearest,82.8776,-1
cover,82.9192,0,0,0,0
nearest,82.9192,-1
cover,82.963,0,0,0,0
nearest,82.963,-1
cover,83.0051,0,0,0,0
nearest,83.0051,-1
cover,83.0527,0,0,0,0
nearest,83.0527,-1
cover,83.0945,0,0,0,0
nearest,83.0946,-1
cover,83.1349,0,0,0,0
nearest,83.1349,-1
cover,83.1771,0,0,0,0
nearest,83.1772,-1
cover,83.2187,0,0,0,0
nearest,83.2188,-1
cover,83.2682,0,0,0,0
nearest,83.2683,-1
cover,83.3158,0,0,0,0
nearest,83.3159,-1
cover,83.3723,0,0,0,0
nearest,83.3723,-1
cover,83.4188,0,0,0,0
nearest,83.4188,-1
cover,83.4624,0,0,0,0
nearest,83.4624,-1
cover,83.506,0,0,0,0
nearest,83.506,-1
cover,83.5529,0,0,0,0
nearest,83.553,-1
cover,83.5993,0,0,0,0
nearest,83.5993,-1
cover,83.6427,0,0,0,0
nearest,83.6427,-1
cover,83.686,0,0,0,0
nearest,83.686,-1
cover,83.7274,0,0,0,0
nearest,83.7274,-1
cover,83.7692,0,0,0,0
nearest,83.7692,-1
cover,83.8126,0,0,0,0
nearest,83.8127,-1
cover,83.8592,0,0,0,0
nearest,83.8592,-1
cover,83.9,0,0,0,0
nearest,83.9,-1
cover,83.9455,0,0,0,0
nearest,83.9455,-1
cover,83.9861,0,0,0,0
nearest,83.9862,-1
cover,84.0303,0,0,0,0
nearest,84.0304,-1
cover,84.0735,0,0,0,0
nearest,84.0735,-1
cover,84.1241,0,0,0,0
nearest,84.1242,-1
cover,84.1685,0,0,0,0
nearest,84.1685,-1
cover,84.2116,0,0,0,0
nearest,84.2117,-1
cover,84.2591,0,0,0,0
nearest,84.2591,-1
cover,84.3036,0,0,0,0
nearest,84.3036,-1
cover,84.3474,0,0,0,0
nearest,84.3474,-1
cover,84.3963,0,0,0,0
nearest,84.3963,-1
cover,84.4356,0,0,0,0
nearest,84.4356,-1
cover,84.4807,0,0,0,0
nearest,84.4808,-1
cover,84.5304,0,0,0,0
nearest,84.5304,-1
cover,84.578,0,0,0,0
nearest,84.578,-1
cover,84.6189,0,0,0,0
nearest,84.6189,-1
cover,84.6618,0,0,0,0
nearest,84.6618,-1
cover,84.7016,0,0,0,0
nearest,84.7016,-1
cover,84.7471,0,0,0,0
nearest,84.7471,-1
cover,84.8044,0,0,0,0
nearest,84.8044,-1
cover,84.8419,0,0,0,0
nearest,84.842,-1
cover,84.8855,0,0,0,0
nearest,84.8856,-1
cover,84.9307,0,0,0,0
nearest,84.9307,-1
cover,84.9795,0,0,0,0
nearest,84.9795,-1
cover,85.0141,0,0,0,0
nearest,85.0142,-1
cover,85.0618,0,0,0,0
nearest,85.0618,-1
cover,85.0997,0,0,0,0
nearest,85.0998,-1
cover,85.1467,0,0,0,0
nearest,85.1467,-1
cover,85.1947,0,0,0,0
nearest,85.1947,-1
cover,85.2355,0,0,0,0
nearest,85.2355,-1
cover,85.2761,0,0,0,0
nearest,85.2761,-1
cover,85.3185,0,0,0,0
nearest,85.3185,-1
cover,85.3668,0,0,0,0
nearest,85.3668,-1
cover,85.4134,0,0,0,0
nearest,85.4134,-1
cover,85.4604,0,0,0,0
nearest,85.4604,-1
cover,85.5004,0,0,0,0
nearest,85.5004,-1
cover,85.543,0,0,0,0
nearest,85.543,-1
cover,85.5889,0,0,0,0
nearest,85.5889,-1
cover,85.635,0,0,0,0
nearest,85.635,-1
cover,85.6771,0,0,0,0
nearest,85.6771,-1
cover,85.7244,0,0,0,0
nearest,85.7245,-1
cover,85.7677,0,0,0,0
nearest,85.7677,-1
cover,85.807,0,0,0,0
nearest,85.807,-1
cover,85.8565,0,0,0,0
nearest,85.8566,-1
cover,85.9079,0,0,0,0
nearest,85.9079,-1
cover,85.9508,0,0,0,0
nearest,85.9508,-1
cover,85.9926,0,0,0,0
nearest,85.9927,-1
cover,86.0339,0,0,0,0
nearest,86.0339,-1
cover,86.0763,0,0,0,0
nearest,86.0763,-1
cover,86.1193,0,0,0,0
nearest,86.1193,-1
cover,86.1609,0,0,0,0
nearest,86.1609,-1
cover,86.1978,0,0,0,0
nearest,86.1978,-1
cover,86.2477,0,0,0,0
nearest,86.2477,-1
cover,86.2927,0,0,0,0
nearest,86.2927,-1
cover,86.3348,0,0,0,0
nearest,86.3349,-1
cover,86.3765,0,0,0,0
nearest,86.3765,-1
cover,86.4214,0,0,0,0
nearest,86.4214,-1
cover,86.4678,0,0,0,0
nearest,86.4678,-1
cover,86.5174,0,0,0,0
nearest,86.5174,-1
cover,86.5601,0,0,0,0
nearest,86.5601,-1
cover,86.6032,0,0,0,0
nearest,86.6032,-1
cover,86.6496,0,0,0,0
nearest,86.6497,-1
cover,86.694,0,0,0,0
nearest,86.6941,-1
cover,86.7332,0,0,0,0
nearest,86.7333,-1
cover,86.778,0,0,0,0
nearest,86.778,-1
cover,86.8181,0,0,0,0
nearest,86.8181,-1
cover,86.8617,0,0,0,0
nearest,86.8617,-1
cover,86.9033,0,0,0,0
nearest,86.9033,-1
cover,86.9508,0,0,0,0
nearest,86.9508,-1
cover,86.9969,0,0,0,0
nearest,86.9969,-1
cover,87.0447,0,0,0,0
nearest,87.0447,-1
cover,87.088,0,0,0,0
nearest,87.0881,-1
cover,87.1268,0,0,0,0
nearest,87.1268,-1
cover,87.1682,0,0,0,0
nearest,87.1682,-1
cover,87.2066,0,0,0,0
nearest,87.2066,-1
cover,87.2528,0,0,0,0
nearest,87.2528,-1
cover,87.2952,0,0,0,0
nearest,87.2952,-1
cover,87.3318,0,0,0,0
nearest,87.3318,-1
cover,87.3785,0,0,0,0
nearest,87.3785,-1
cover,87.4203,0,0,0,0
nearest,87.4203,-1
cover,87.4616,0,0,0,0
nearest,87.4616,-1
cover,87.4994,0,0,0,0
nearest,87.4994,-1
cover,87.5484,0,0,0,0
nearest,87.5484,-1
cover,87.5931,0,0,0,0
nearest,87.5931,-1
cover,87.6345,0,0,0,0
nearest,87.6345,-1
cover,87.676,0,0,0,0
nearest,87.676,-1
cover,87.7136,0,0,0,0
nearest,87.7136,-1
cover,87.7584,0,0,0,0
nearest,87.7584,-1
cover,87.7985,0,0,0,0
nearest,87.7985,-1
cover,87.8475,0,0,0,0
nearest,87.8475,-1
cover,87.891,0,0,0,0
nearest,87.891,-1
cover,87.9343,0,0,0,0
nearest,87.9343,-1
cover,87.9817,0,0,0,0
nearest,87.9817,-1
cover,88.0306,0,0,0,0
nearest,88.0306,-1
cover,88.0725,0,0,0,0
nearest,88.0725,-1
cover,88.1198,0,0,0,0
nearest,88.1198,-1
cover,88.167,0,0,0,0
nearest,88.167,-1
cover,88.2101,0,0,0,0
nearest,88.2101,-1
cover,88.2542,0,0,0,0
nearest,88.2542,-1
cover,88.2916,0,0,0,0
nearest,88.2917,-1
cover,88.3318,0,0,0,0
nearest,88.3318,-1
cover,88.3787,0,0,0,0
nearest,88.3787,-1
cover,88.419,0,0,0,0
nearest,88.4199,-1
cover,88.4617,0,0,0,0
nearest,88.4617,-1
cover,88.5025,0,0,0,0
nearest,88.5025,-1
cover,88.545,0,0,0,0
nearest,88.545,-1
cover,88.5908,0,0,0,0
nearest,88.5908,-1
cover,88.6363,0,0,0,0
nearest,88.6364,-1
cover,88.682,0,0,0,0
nearest,88.682,-1
cover,88.7259,0,0,0,0
nearest,88.7259,-1
cover,88.7664,0,0,0,0
nearest,88.7665,-1
cover,88.8122,0,0,0,0
nearest,88.8122,-1
cover,88.8503,0,0,0,0
nearest,88.8504,-1
cover,88.8917,0,0,0,0
nearest,88.8918,-1
cover,88.9319,0,0,0,0
nearest,88.9319,-1
cover,88.9754,0,0,0,0
nearest,88.9754,-1
cover,89.0174,0,0,0,0
nearest,89.0174,-1
cover,89.0638,0,0,0,0
nearest,89.0638,-1
cover,89.1109,0,0,0,0
nearest,89.1109,-1
cover,89.1548,0,0,0,0
nearest,89.1548,-1
cover,89.1981,0,0,0,0
nearest,89.1981,-1
cover,89.2421,0,0,0,0
nearest,89.2421,-1
cover,89.2865,0,0,0,0
nearest,89.2866,-1
cover,89.3291,0,0,0,0
nearest,89.3291,-1
cover,89.3689,0,0,0,0
nearest,89.3689,-1
cover,89.4106,0,0,0,0
nearest,89.4106,-1
cover,89.4497,0,0,0,0
nearest,89.4497,-1
cover,89.4944,0,0,0,0
nearest,89.4945,-1
cover,89.5356,0,0,0,0
nearest,89.5356,-1
cover,89.5793,0,0,0,0
nearest,89.5793,-1
cover,89.6198,0,0,0,0
nearest,89.6198,-1
cover,89.6619,0,0,0,0
nearest,89.6619,-1
cover,89.6994,0,0,0,0
nearest,89.6994,-1
cover,89.7454,0,0,0,0
nearest,89.7454,-1
cover,89.7866,0,0,0,0
nearest,89.7866,-1
cover,89.8248,0,0,0,0
nearest,89.8248,-1
cover,89.8704,0,0,0,0
nearest,89.8704,-1
cover,89.9096,0,0,0,0
nearest,89.9097,-1
cover,89.9528,0,0,0,0
nearest,89.9528,-1
cover,89.9992,0,0,0,0
nearest,89.9992,-1
cover,90.0414,0,0,0,0
nearest,90.0415,-1
cover,90.0869,0,0,0,0
nearest,90.0869,-1
cover,90.1272,0,0,0,0
nearest,90.1272,-1
cover,90.1694,0,0,0,0
nearest,90.1694,-1
cover,90.2066,0,0,0,0
nearest,90.2066,-1
cover,90.2507,0,0,0,0
nearest,90.2507,-1
cover,90.2892,0,0,0,0
nearest,90.2892,-1
cover,90.3352,0,0,0,0
nearest,90.3352,-1
cover,90.377,0,0,0,0
nearest,90.377,-1
cover,90.4186,0,0,0,0
nearest,90.4186,-1
cover,90.459,0,0,0,0
nearest,90.459,-1
cover,90.5025,0,0,0,0
nearest,90.5025,-1
cover,90.5422,0,0,0,0
nearest,90.5422,-1
cover,90.5874,0,0,0,0
nearest,90.5874,-1
cover,90.6242,0,0,0,0
nearest,90.6242,-1
cover,90.6659,0,0,0,0
nearest,90.6659,-1
cover,90.7068,0,0,0,0
nearest,90.7068,-1
cover,90.7477,0,0,0,0
nearest,90.7477,-1
cover,90.8007,0,0,0,0
nearest,90.8008,-1
cover,90.8389,0,0,0,0
nearest,90.8389,-1
cover,90.8814,0,0,0,0
nearest,90.8814,-1
cover,90.927,0,0,0,0
nearest,90.927,-1
cover,90.9728,0,0,0,0
nearest,90.9728,-1
cover,91.0179,0,0,0,0
nearest,91.018,-1
cover,91.0613,0,0,0,0
nearest,91.0613,-1
cover,91.1008,0,0,0,0
nearest,91.1009,-1
cover,91.1465,0,0,0,0
nearest,91.1465,-1
cover,91.1951,0,0,0,0
nearest,91.1951,-1
cover,91.2333,0,0,0,0
nearest,91.2333,-1
cover,91.2804,0,0,0,0
nearest,91.2804,-1
cover,91.3259,0,0,0,0
nearest,91.3259,-1
cover,91.3669,0,0,0,0
nearest,91.3669,-1
cover,91.406,0,0,0,0
nearest,91.406,-1
cover,91.4589,0,0,0,0
nearest,91.459,-1
cover,91.4997,0,0,0,0
nearest,91.4997,-1
cover,91.5448,0,0,0,0
nearest,91.5448,-1
cover,91.5882,0,0,0,0
nearest,91.5882,-1
cover,91.6331,0,0,0,0
nearest,91.6332,-1
cover,91.6787,0,0,0,0
nearest,91.6787,-1
cover,91.7168,0,0,0,0
nearest,91.7169,-1
cover,91.7593,0,0,0,0
nearest,91.7593,-1
cover,91.7982,0,0,0,0
nearest,91.7983,-1
cover,91.8446,0,0,0,0
nearest,91.8446,-1
cover,91.8828,0,0,0,0
nearest,91.8828,-1
cover,91.9389,0,0,0,0
nearest,91.9389,-1
cover,91.9843,0,0,0,0
nearest,91.9844,-1
cover,92.031,0,0,0,0
nearest,92.031,-1
cover,92.0834,0,0,0,0
nearest,92.0834,-1
cover,92.1296,0,0,0,0
nearest,92.1296,-1
cover,92.1812,0,0,0,0
nearest,92.1812,-1
cover,92.2266,0,0,0,0
nearest,92.2266,-1
cover,92.2652,0,0,0,0
nearest,92.2652,-1
cover,92.3111,0,0,0,0
nearest,92.3111,-1
cover,92.3552,0,0,0,0
nearest,92.3552,-1
cover,92.4079,0,0,0,0
nearest,92.4079,-1
cover,92.4553,0,0,0,0
nearest,92.4553,-1
cover,92.4991,0,0,0,0
nearest,92.4991,-1
cover,92.5406,0,0,0,0
nearest,92.5406,-1
cover,92.585,0,0,0,0
nearest,92.5851,-1
cover,92.6248,0,0,0,0
nearest,92.6249,-1
cover,92.6709,0,0,0,0
nearest,92.671,-1
cover,92.7085,0,0,0,0
nearest,92.7085,-1
cover,92.7532,0,0,0,0
nearest,92.7533,-1
cover,92.7951,0,0,0,0
nearest,92.7951,-1
cover,92.8326,0,0,0,0
nearest,92.8326,-1
cover,92.8757,0,0,0,0
nearest,92.8757,-1
cover,92.9157,0,0,0,0
nearest,92.9157,-1
cover,92.9588,0,0,0,0
nearest,92.9588,-1
cover,92.9982,0,0,0,0
nearest,92.9982,-1
cover,93.043,0,0,0,0
nearest,93.0432,-1
cover,93.0861,0,0,0,0
nearest,93.0862,-1
cover,93.1274,0,0,0,0
nearest,93.1274,-1
cover,93.1654,0,0,0,0
nearest,93.1654,-1
cover,93.2093,0,0,0,0
nearest,93.2093,-1
cover,93.2561,0,0,0,0
nearest,93.2561,-1
cover,93.3028,0,0,0,0
nearest,93.3028,-1
cover,93.3463,0,0,0,0
nearest,93.3463,-1
cover,93.3957,0,0,0,0
nearest,93.3957,-1
cover,93.4349,0,0,0,0
nearest,93.4349,-1
cover,93.4801,0,0,0,0
nearest,93.4801,-1
cover,93.5256,0,0,0,0
nearest,93.5256,-1
cover,93.5665,0,0,0,0
nearest,93.5665,-1
cover,93.6585,0,0,0,0
nearest,93.6585,-1
cover,93.7012,0,0,0,0
nearest,93.7012,-1
cover,93.744,0,0,0,0
nearest,93.744,-1
cover,93.7831,0,0,0,0
nearest,93.7831,-1
cover,93.8278,0,0,0,0
nearest,93.8278,-1
cover,93.8657,0,0,0,0
nearest,93.8657,-1
cover,93.9123,0,0,0,0
nearest,93.9123,-1
cover,93.9519,0,0,0,0
nearest,93.9519,-1
cover,93.9955,0,0,0,0
nearest,93.9955,-1
cover,94.0367,0,0,0,0
nearest,94.0367,-1
cover,94.0742,0,0,0,0
nearest,94.0742,-1
cover,94.1197,0,0,0,0
nearest,94.1198,-1
cover,94.1612,0,0,0,0
nearest,94.1612,-1
cover,94.1993,0,0,0,0
nearest,94.1993,-1
cover,94.2444,0,0,0,0
nearest,94.2444,-1
cover,94.2892,0,0,0,0
nearest,94.2892,-1
cover,94.3359,0,0,0,0
nearest,94.3359,-1
cover,94.3744,0,0,0,0
nearest,94.3745,-1
cover,94.42,0,0,0,0
nearest,94.42,-1
cover,94.4647,0,0,0,0
nearest,94.4647,-1
cover,94.5102,0,0,0,0
nearest,94.5102,-1
cover,94.5511,0,0,0,0
nearest,94.5511,-1
cover,94.5983,0,0,0,0
nearest,94.5984,-1
cover,94.6409,0,0,0,0
nearest,94.6409,-1
cover,94.6851,0,0,0,0
nearest,94.6851,-1
cover,94.7272,0,0,0,0
nearest,94.7272,-1
cover,94.7656,0,0,0,0
nearest,94.7656,-1
cover,94.8142,0,0,0,0
nearest,94.8142,-1
cover,94.8629,0,0,0,0
nearest,94.8629,-1
cover,94.9022,0,0,0,0
nearest,94.9022,-1
cover,94.9436,0,0,0,0
nearest,94.9436,-1
cover,94.9922,0,0,0,0
nearest,94.9922,-1
cover,95.0322,0,0,0,0
nearest,95.0322,-1
cover,95.0765,0,0,0,0
nearest,95.0765,-1
cover,95.1171,0,0,0,0
nearest,95.1171,-1
cover,95.161,0,0,0,0
nearest,95.1611,-1
cover,95.2036,0,0,0,0
nearest,95.2036,-1
cover,95.2454,0,0,0,0
nearest,95.2454,-1
cover,95.2852,0,0,0,0
nearest,95.2852,-1
cover,95.3288,0,0,0,0
nearest,95.3289,-1
cover,95.3792,0,0,0,0
nearest,95.3792,-1
cover,95.4186,0,0,0,0
nearest,95.4186,-1
cover,95.4704,0,0,0,0
nearest,95.4704,-1
cover,95.5189,0,0,0,0
nearest,95.519,-1
cover,95.5582,0,0,0,0
nearest,95.5582,-1
cover,95.5976,0,0,0,0
nearest,95.5976,-1
cover,95.646,0,0,0,0
nearest,95.6461,-1
cover,95.7035,0,0,0,0
nearest,95.7035,-1
cover,95.7524,0,0,0,0
nearest,95.7524,-1
cover,95.7918,0,0,0,0
nearest,95.7918,-1
cover,95.8416,0,0,0,0
nearest,95.8416,-1
cover,95.8825,0,0,0,0
nearest,95.8826,-1
cover,95.9325,0,0,0,0
nearest,95.9325,-1
cover,95.9842,0,0,0,0
nearest,95.9843,-1
cover,96.0362,0,0,0,0
nearest,96.0362,-1
cover,96.0806,1,0,1,0
nearest,96.0806,-1
cover,96.1258,0,0,0,0
nearest,96.1258,-1
cover,96.1712,0,0,0,0
nearest,96.1712,-1
cover,96.2205,0,0,0,0
nearest,96.2205,-1
cover,96.2669,0,0,0,0
nearest,96.2669,-1
cover,96.3143,0,0,0,0
nearest,96.3143,-1
cover,96.3519,0,0,0,0
nearest,96.3519,-1
cover,96.4036,0,0,0,0
nearest,96.4036,-1
cover,96.4448,0,0,0,0
nearest,96.4448,-1
cover,96.491,1,1,0,1
err,96.491,-192.25,23.59
timing,96.491,13.1,32.3
det,96.491,1058.34,778.62,58.81,81.75,0.51,Head
cover,96.5446,1,1,0,1
err,96.5447,-174.25,-7.46
timing,96.5447,21.3,29.1
det,96.5447,1075.94,748.12,59.62,80.75,0.535,Head
cover,96.5973,1,1,0,1
err,96.5973,-165.88,-8.12
timing,96.5973,17.6,32.1
det,96.5973,1084.09,746.5,60.06,82.5,0.464,Head
lmb,96.644,1
cover,96.6454,1,1,0,1
err,96.6455,-166.12,-8.39
timing,96.6455,11.0,33.2
gate,96.6455,166.3,1.0,0.0,0.0
det,96.6455,1083.75,746.38,60.25,82.25,0.547,Head
cmd,96.6455,-223,-11
cover,96.6965,1,1,0,1
err,96.6966,-167.0,-6.91
timing,96.6966,17.2,31.6
gate,96.6966,166.8,1.0,0.229,0.0
det,96.6966,1082.56,748.12,60.88,81.75,0.613,Head
cover,96.7453,1,1,0,1
err,96.7454,-166.75,-6.67
timing,96.7454,15.6,29.3
gate,96.7454,166.8,1.0,0.18,0.0
det,96.7454,1082.81,748.5,60.88,81.5,0.583,Head
lmb,96.7974,0
cover,96.7987,0,0,0,0
nearest,96.7988,-1
cover,96.8419,0,0,0,0
nearest,96.8419,-1
cover,96.8863,0,0,0,0
nearest,96.8863,-1
cover,96.9275,0,0,0,0
nearest,96.9275,-1
cover,96.9654,0,0,0,0
nearest,96.9655,-1
cover,97.0063,0,0,0,0
nearest,97.0063,-1
cover,97.0399,0,0,0,0
nearest,97.0399,-1
cover,97.0804,0,0,0,0
nearest,97.0805,-1
cover,97.1204,1,0,1,0
nearest,97.1204,-1
cover,97.1614,0,0,0,0
nearest,97.1614,-1
cover,97.2081,0,0,0,0
nearest,97.2081,-1
cover,97.2527,0,0,0,0
nearest,97.2527,-1
cover,97.2932,0,0,0,0
nearest,97.2932,-1
cover,97.3322,0,0,0,0
nearest,97.3322,-1
cover,97.3771,0,0,0,0
nearest,97.3772,-1
cover,97.4238,1,0,1,0
nearest,97.4238,-1
cover,97.469,1,0,1,0
nearest,97.4691,-1
cover,97.5191,0,0,0,0
nearest,97.5191,-1
cover,97.576,0,0,0,0
nearest,97.576,-1
cover,97.6184,1,0,1,0
nearest,97.6184,-1
cover,97.6621,1,0,1,0
nearest,97.6621,-1
cover,97.7081,0,0,0,0
nearest,97.7082,-1
cover,97.7562,0,0,0,0
nearest,97.7562,-1
cover,97.7956,0,0,0,0
nearest,97.7956,-1
cover,97.8359,0,0,0,0
nearest,97.8359,-1
cover,97.8781,0,0,0,0
nearest,97.8782,-1
cover,97.9224,0,0,0,0
nearest,97.9224,-1
cover,97.9677,1,0,1,0
nearest,97.9677,-1
cover,98.0113,1,0,1,0
nearest,98.0113,-1
cover,98.0533,0,0,0,0
nearest,98.0533,-1
cover,98.099,0,0,0,0
nearest,98.0991,-1
cover,98.1372,0,0,0,0
nearest,98.1372,-1
cover,98.1725,0,0,0,0
nearest,98.1725,-1
cover,98.2112,1,0,1,0
nearest,98.2113,-1
cover,98.2545,1,0,1,0
nearest,98.2545,-1
cover,98.2917,2,1,1,1
err,98.2917,310.0,-23.05
timing,98.2917,7.8,28.5
gate,98.2917,166.8,1.0,0.18,0.0
det,98.2917,1536.75,761.62,62.5,185.75,0.848,Body
det,98.2917,1580.0,761.0,20.0,29.0,0.801,Head
cover,98.3458,2,1,1,1
err,98.3458,284.5,-20.51
timing,98.3458,19.3,32.1
gate,98.3458,166.8,1.0,0.18,0.0
det,98.3458,1552.0,763.12,25.0,29.75,0.917,Head
det,98.3458,1517.0,757.88,83.0,224.25,0.823,Body
cover,98.3859,2,1,1,1
err,98.386,259.0,-16.51
timing,98.386,8.8,28.5
gate,98.386,166.8,1.0,0.18,0.0
det,98.386,1494.5,769.38,88.0,172.25,0.854,Body
det,98.386,1526.5,767.12,25.0,29.75,0.816,Head
cover,98.4275,2,1,1,1
err,98.4276,242.5,-16.46
timing,98.4276,12.5,26.2
gate,98.4276,166.8,1.0,0.18,0.0
det,98.4276,1476.25,765.38,87.5,163.25,0.753,Body
det,98.4276,1510.0,766.62,25.0,30.75,0.498,Head
cover,98.4703,2,1,1,1
err,98.4704,218.0,-16.75
timing,98.4704,11.0,29.6
gate,98.4704,166.8,1.0,0.18,0.0
det,98.4704,1485.5,766.75,25.0,30.0,0.833,Head
det,98.4704,1435.88,765.62,100.25,230.75,0.736,Body
cover,98.5158,2,1,1,1
err,98.5159,202.5,-16.2
timing,98.5159,12.0,29.9
gate,98.5159,166.8,1.0,0.18,0.0
det,98.5159,1470.12,766.75,24.75,31.0,0.855,Head
det,98.5159,1419.5,764.5,100.0,248.5,0.827,Body
cover,98.5638,2,1,1,1
err,98.5638,201.0,-13.96
timing,98.5638,14.6,30.2
gate,98.5638,166.8,1.0,0.18,0.0
det,98.5638,1468.25,769.12,25.5,30.75,0.82,Head
det,98.5638,1416.62,765.5,103.75,246.5,0.714,Body
cover,98.6074,2,1,1,1
err,98.6074,263.5,-8.52
timing,98.6074,9.5,29.6
gate,98.6074,166.8,1.0,0.18,0.0
det,98.6074,1495.75,773.0,98.5,193.0,0.835,Body
det,98.6074,1531.0,775.25,25.0,29.5,0.779,Head
cover,98.6577,2,1,1,1
err,98.6577,241.5,-8.73
timing,98.6577,16.3,30.6
gate,98.6577,166.8,1.0,0.18,0.0
det,98.6577,1475.25,769.12,93.5,190.75,0.871,Body
det,98.6577,1508.5,774.5,26.0,30.5,0.763,Head
cover,98.7041,2,1,1,1
err,98.7042,220.0,-7.95
timing,98.7042,15.3,27.9
gate,98.7042,166.8,1.0,0.18,0.0
det,98.7042,1487.25,775.0,25.5,31.0,0.848,Head
det,98.7042,1433.75,770.5,116.5,261.5,0.53,Body
cover,98.7509,2,1,1,1
err,98.7509,198.0,-8.12
timing,98.7509,15.5,27.5
gate,98.7509,166.8,1.0,0.18,0.0
det,98.7509,1464.62,774.0,26.75,32.5,0.818,Head
det,98.7509,1407.88,782.5,106.25,249.0,0.717,Body
cover,98.7911,2,1,1,1
err,98.7912,183.5,-8.44
timing,98.7912,7.4,30.3
gate,98.7912,166.8,1.0,0.18,0.0
det,98.7912,1391.38,782.5,105.25,246.5,0.752,Body
det,98.7912,1450.88,774.38,25.25,31.25,0.665,Head
cover,98.8396,2,1,1,1
err,98.8396,162.0,-9.29
timing,98.8396,18.9,26.9
gate,98.8396,166.8,1.0,0.18,0.0
det,98.8396,1428.38,771.88,27.25,34.25,0.837,Head
det,98.8396,1371.88,772.88,112.25,270.25,0.808,Body
cover,98.8897,3,1,2,1
err,98.8898,153.25,-5.79
timing,98.8898,16.0,31.4
gate,98.8898,166.8,1.0,0.18,0.0
det,98.8898,1366.5,779.0,112.0,265.5,0.734,Body
det,98.8898,1419.5,775.38,27.5,34.25,0.73,Head
det,98.8898,1515.5,902.38,8.0,19.25,0.595,Body
cover,98.9368,2,1,1,1
err,98.9368,135.5,-5.29
timing,98.9368,14.3,29.7
gate,98.9368,166.8,1.0,0.18,0.0
det,98.9368,1401.12,775.88,28.75,34.25,0.828,Head
det,98.9368,1346.12,788.0,120.75,267.0,0.787,Body
cover,98.9756,2,1,1,1
err,98.9756,110.0,-4.7
timing,98.9756,6.8,28.8
gate,98.9756,166.8,1.0,0.18,0.0
det,98.9756,1317.62,788.5,122.75,275.0,0.755,Body
det,98.9756,1375.62,775.5,28.75,36.0,0.63,Head
cover,99.0201,2,1,1,1
err,99.0202,93.5,-5.23
timing,99.0202,12.7,29.0
gate,99.0201,166.8,1.0,0.18,0.0
det,99.0202,1302.0,785.12,123.0,284.75,0.736,Body
det,99.0202,1359.12,775.25,28.75,35.5,0.699,Head
cover,99.0642,2,1,1,1
err,99.0642,68.5,-6.23
timing,99.0642,10.2,30.8
gate,99.0642,166.8,1.0,0.18,0.0
det,99.0642,1333.88,774.25,29.25,35.5,0.843,Head
det,99.0642,1275.5,780.88,126.0,289.25,0.748,Body
cover,99.1049,2,1,1,1
err,99.105,51.0,-6.15
timing,99.105,9.3,28.2
gate,99.1049,166.8,1.0,0.18,0.0
det,99.105,1315.62,773.5,30.75,37.0,0.859,Head
det,99.105,1262.12,771.5,125.75,290.0,0.734,Body
cover,99.1456,2,1,1,1
err,99.1456,24.25,-5.83
timing,99.1456,10.3,26.0
gate,99.1456,166.8,1.0,0.18,0.0
det,99.1456,1288.75,773.0,31.0,38.5,0.785,Head
det,99.1456,1233.88,784.0,128.25,296.0,0.756,Body
cover,99.1907,2,1,1,1
err,99.1907,-3.0,-7.05
timing,99.1907,12.5,30.2
gate,99.1907,166.8,1.0,0.18,0.0
det,99.1907,1260.38,771.5,33.25,39.0,0.801,Head
det,99.1907,1204.88,784.0,124.25,292.0,0.663,Body
cover,99.2432,2,1,1,1
err,99.2433,-33.5,-6.46
timing,99.2433,15.5,33.2
gate,99.2433,166.8,1.0,0.18,0.0
det,99.2433,1230.38,771.12,32.25,40.75,0.833,Head
det,99.2433,1170.0,781.5,137.0,310.5,0.695,Body
cover,99.2958,3,1,2,1
err,99.2958,-60.75,-4.74
timing,99.2958,14.8,34.6
gate,99.2958,166.8,1.0,0.18,0.0
det,99.2958,1202.0,770.38,34.5,45.25,0.716,Head
det,99.2958,1141.75,787.12,127.5,302.75,0.712,Body
det,99.2958,1499.5,896.0,9.0,20.5,0.536,Body
cover,99.3468,2,1,1,1
err,99.3469,-76.5,-6.14
timing,99.3469,12.1,35.8
gate,99.3469,166.8,1.0,0.18,0.0
det,99.3469,1185.69,767.88,35.62,47.25,0.786,Head
det,99.3469,1126.19,780.5,133.12,313.0,0.726,Body
cover,99.3965,2,1,1,1
err,99.3967,-105.88,-6.5
timing,99.3967,12.1,34.2
gate,99.3967,166.8,1.0,0.18,0.0
det,99.3967,1095.0,778.88,136.0,318.25,0.7,Body
det,99.3967,1155.75,766.0,36.75,50.0,0.699,Head
cover,99.4469,1,0,1,0
nearest,99.447,-1
cover,99.503,2,1,1,1
err,99.5031,-141.88,-7.05
timing,99.5031,14.7,39.8
gate,99.5031,166.8,1.0,0.18,0.0
det,99.5031,1053.75,789.0,153.25,302.0,0.465,Body
det,99.5031,1119.0,763.25,38.25,54.0,0.457,Head
cover,99.5973,0,0,0,0
nearest,99.5973,-1
cover,99.6417,1,0,1,0
nearest,99.6417,-1
cover,99.6878,1,0,1,0
nearest,99.6878,-1
cover,99.733,1,1,0,1
err,99.7331,-204.88,-9.95
timing,99.7331,17.7,26.8
gate,99.7331,166.8,1.0,0.18,0.0
det,99.7331,1047.91,751.0,54.44,71.0,0.576,Head
cover,99.7736,2,1,1,1
err,99.7737,-208.19,-5.17
timing,99.7737,7.7,29.5
gate,99.7737,166.8,1.0,0.18,0.0
det,99.7737,1043.75,752.75,56.12,76.5,0.649,Head
det,99.7737,959.75,778.5,195.5,273.5,0.407,Body
cover,99.8157,1,0,1,0
nearest,99.8157,-1
cover,99.8578,1,0,1,0
nearest,99.8579,-1
cover,99.8994,1,0,1,0
nearest,99.8994,-1
cover,99.9409,1,0,1,0
nearest,99.9409,-1
cover,99.9764,0,0,0,0
nearest,99.9764,-1
cover,100.0158,1,0,1,0
nearest,100.0158,-1
cover,100.0571,1,0,1,0
nearest,100.0571,-1
cover,100.1011,1,0,1,0
nearest,100.1011,-1
cover,100.1404,0,0,0,0
nearest,100.1405,-1
cover,100.1851,0,0,0,0
nearest,100.1852,-1
cover,100.2236,1,0,1,0
nearest,100.2236,-1
cover,100.2773,1,0,1,0
nearest,100.2774,-1
lmb,100.33,1
cover,100.3313,1,0,1,0
nearest,100.3313,-1
cover,100.3737,0,0,0,0
nearest,100.3737,-1
lmb,100.4123,0
cover,100.4138,1,0,1,0
nearest,100.4139,-1
nail,100.4568,1
cover,100.4581,1,0,1,0
nearest,100.4581,-1
cover,100.5017,1,0,1,0
nearest,100.5017,-1
cover,100.5461,1,0,1,0
nearest,100.5462,-1
cover,100.5958,1,0,1,0
nearest,100.5958,-1
cover,100.6403,1,0,1,0
nearest,100.6403,-1
cover,100.6828,1,0,1,0
nearest,100.6828,-1
cover,100.728,0,0,0,0
nearest,100.728,-1
cover,100.7745,0,0,0,0
nearest,100.7745,-1
cover,100.8164,0,0,0,0
nearest,100.8164,-1
nail,100.8588,0
cover,100.8601,0,0,0,0
nearest,100.8601,-1
cover,100.9053,0,0,0,0
nearest,100.9053,-1
cover,100.9502,0,0,0,0
nearest,100.9502,-1
cover,100.9898,0,0,0,0
nearest,100.9898,-1
cover,101.0283,0,0,0,0
nearest,101.0283,-1
cover,101.0766,0,0,0,0
nearest,101.0766,-1
cover,101.1155,0,0,0,0
nearest,101.1155,-1
cover,101.1574,0,0,0,0
nearest,101.1575,-1
cover,101.1952,0,0,0,0
nearest,101.1952,-1
cover,101.2323,0,0,0,0
nearest,101.2323,-1
cover,101.2752,0,0,0,0
nearest,101.2753,-1
cover,101.3119,1,0,1,0
nearest,101.3119,-1
lmb,101.3565,1
cover,101.3583,1,0,1,0
nearest,101.3583,-1
cover,101.4001,1,0,1,0
nearest,101.4001,-1
cover,101.4407,1,0,1,0
nearest,101.4407,-1
lmb,101.4899,0
nail,101.4899,1
cover,101.4945,1,0,1,0
nearest,101.4946,-1
cover,101.5417,1,0,1,0
nearest,101.5417,-1
cover,101.5821,1,0,1,0
nearest,101.5821,-1
cover,101.6251,1,0,1,0
nearest,101.6251,-1
cover,101.6653,1,0,1,0
nearest,101.6653,-1
cover,101.7065,1,0,1,0
nearest,101.7065,-1
cover,101.7486,1,0,1,0
nearest,101.7486,-1
cover,101.7864,1,0,1,0
nearest,101.7864,-1
cover,101.8297,0,0,0,0
nearest,101.8297,-1
nail,101.8688,0
cover,101.8698,0,0,0,0
nearest,101.8698,-1
cover,101.9106,0,0,0,0
nearest,101.9107,-1
cover,101.953,0,0,0,0
nearest,101.9531,-1
cover,101.9937,0,0,0,0
nearest,101.9937,-1
cover,102.0313,0,0,0,0
nearest,102.0313,-1
cover,102.0747,0,0,0,0
nearest,102.0747,-1
cover,102.1145,0,0,0,0
nearest,102.1145,-1
cover,102.1522,1,0,1,0
nearest,102.1522,-1
cover,102.1932,1,0,1,0
nearest,102.1933,-1
cover,102.2314,1,0,1,0
nearest,102.2314,-1
lmb,102.2685,1
cover,102.2702,1,0,1,0
nearest,102.2702,-1
cover,102.3114,1,0,1,0
nearest,102.3114,-1
cover,102.3522,1,0,1,0
nearest,102.3522,-1
nail,102.3955,1
cover,102.3965,1,0,1,0
nearest,102.3965,-1
lmb,102.4395,0
cover,102.4412,1,0,1,0
nearest,102.4412,-1
cover,102.4868,1,0,1,0
nearest,102.4868,-1
cover,102.5275,1,0,1,0
nearest,102.5275,-1
cover,102.565,1,0,1,0
nearest,102.5651,-1
cover,102.6128,1,0,1,0
nearest,102.6129,-1
cover,102.6564,1,0,1,0
nearest,102.6564,-1
cover,102.6964,1,0,1,0
nearest,102.6964,-1
cover,102.7416,1,0,1,0
nearest,102.7416,-1
nail,102.7898,0
cover,102.7907,1,0,1,0
nearest,102.7907,-1
cover,102.8279,1,0,1,0
nearest,102.8279,-1
cover,102.8701,0,0,0,0
nearest,102.8701,-1
cover,102.9126,0,0,0,0
nearest,102.9126,-1
cover,102.9608,0,0,0,0
nearest,102.9608,-1
cover,103.008,1,0,1,0
nearest,103.008,-1
cover,103.0483,1,0,1,0
nearest,103.0483,-1
cover,103.0919,1,0,1,0
nearest,103.0919,-1
cover,103.137,1,0,1,0
nearest,103.137,-1
cover,103.1827,1,0,1,0
nearest,103.1827,-1
cover,103.2251,1,0,1,0
nearest,103.2252,-1
cover,103.2657,0,0,0,0
nearest,103.2657,-1
cover,103.3146,0,0,0,0
nearest,103.3146,-1
cover,103.3574,1,0,1,0
nearest,103.3575,-1
cover,103.4047,0,0,0,0
nearest,103.4047,-1
cover,103.448,0,0,0,0
nearest,103.4481,-1
cover,103.4879,0,0,0,0
nearest,103.4879,-1
cover,103.5292,0,0,0,0
nearest,103.5292,-1
cover,103.5717,0,0,0,0
nearest,103.5718,-1
cover,103.6162,0,0,0,0
nearest,103.6162,-1
cover,103.6593,0,0,0,0
nearest,103.6593,-1
cover,103.7041,0,0,0,0
nearest,103.7041,-1
cover,103.7471,1,0,1,0
nearest,103.7472,-1
cover,103.7883,0,0,0,0
nearest,103.7884,-1
cover,103.8293,0,0,0,0
nearest,103.8294,-1
cover,103.8718,0,0,0,0
nearest,103.8718,-1
cover,103.9113,0,0,0,0
nearest,103.9113,-1
cover,103.9548,0,0,0,0
nearest,103.9549,-1
lmb,103.9951,1
cover,103.9965,0,0,0,0
nearest,103.9965,-1
cover,104.0421,0,0,0,0
nearest,104.0422,-1
cover,104.0797,0,0,0,0
nearest,104.0797,-1
lmb,104.1217,0
nail,104.1217,1
cover,104.1244,0,0,0,0
nearest,104.1244,-1
cover,104.1712,1,0,1,0
nearest,104.1712,-1
cover,104.2222,0,0,0,0
nearest,104.2222,-1
cover,104.275,1,0,1,0
nearest,104.275,-1
cover,104.3211,0,0,0,0
nearest,104.3211,-1
cover,104.3666,0,0,0,0
nearest,104.3666,-1
cover,104.4152,1,0,1,0
nearest,104.4152,-1
cover,104.46,1,0,1,0
nearest,104.46,-1
nail,104.5086,0
cover,104.5099,0,0,0,0
nearest,104.5099,-1
cover,104.559,1,0,1,0
nearest,104.5591,-1
cover,104.6047,1,0,1,0
nearest,104.6047,-1
cover,104.65,1,0,1,0
nearest,104.6501,-1
lmb,104.6997,1
cover,104.7009,1,0,1,0
nearest,104.7009,-1
cover,104.7411,1,0,1,0
nearest,104.7411,-1
cover,104.7822,1,0,1,0
nearest,104.7822,-1
nail,104.8211,1
cover,104.822,1,0,1,0
nearest,104.822,-1
lmb,104.8654,0
cover,104.8669,1,0,1,0
nearest,104.8669,-1
cover,104.913,1,0,1,0
nearest,104.9131,-1
cover,104.9517,1,0,1,0
nearest,104.9517,-1
cover,104.9928,1,0,1,0
nearest,104.9929,-1
cover,105.0532,1,0,1,0
nearest,105.0532,-1
cover,105.1046,0,0,0,0
nearest,105.1046,-1
cover,105.1498,1,0,1,0
nearest,105.1498,-1
cover,105.1935,1,0,1,0
nearest,105.1936,-1
nail,105.2328,0
cover,105.2341,1,0,1,0
nearest,105.2341,-1
cover,105.2734,1,0,1,0
nearest,105.2735,-1
cover,105.3124,1,0,1,0
nearest,105.3124,-1
cover,105.3502,1,0,1,0
nearest,105.3502,-1
cover,105.3953,1,0,1,0
nearest,105.3953,-1
cover,105.4567,1,0,1,0
nearest,105.4567,-1
cover,105.5053,1,0,1,0
nearest,105.5053,-1
cover,105.546,1,0,1,0
nearest,105.546,-1
cover,105.5975,0,0,0,0
nearest,105.5975,-1
cover,105.6582,0,0,0,0
nearest,105.6583,-1
cover,105.7058,0,0,0,0
nearest,105.7058,-1
cover,105.7583,0,0,0,0
nearest,105.7583,-1
cover,105.8116,0,0,0,0
nearest,105.8116,-1
cover,105.8546,0,0,0,0
nearest,105.8546,-1
cover,105.9012,0,0,0,0
nearest,105.9012,-1
cover,105.9524,0,0,0,0
nearest,105.9525,-1
cover,106.0051,0,0,0,0
nearest,106.0051,-1
cover,106.0524,0,0,0,0
nearest,106.0525,-1
cover,106.095,0,0,0,0
nearest,106.095,-1
cover,106.1416,0,0,0,0
nearest,106.1416,-1
cover,106.1855,0,0,0,0
nearest,106.1855,-1
cover,106.2421,0,0,0,0
nearest,106.2421,-1
cover,106.2921,0,0,0,0
nearest,106.2922,-1
cover,106.345,0,0,0,0
nearest,106.3451,-1
cover,106.3986,0,0,0,0
nearest,106.3986,-1
cover,106.4511,0,0,0,0
nearest,106.4511,-1
cover,106.5099,0,0,0,0
nearest,106.5099,-1
cover,106.5583,0,0,0,0
nearest,106.5583,-1
cover,106.6052,0,0,0,0
nearest,106.6053,-1
cover,106.646,0,0,0,0
nearest,106.646,-1
cover,106.6956,0,0,0,0
nearest,106.6956,-1
cover,106.7418,0,0,0,0
nearest,106.7419,-1
cover,106.7814,0,0,0,0
nearest,106.7814,-1
cover,106.8249,0,0,0,0
nearest,106.825,-1
cover,106.8773,0,0,0,0
nearest,106.8774,-1
cover,106.9309,0,0,0,0
nearest,106.931,-1
cover,106.9826,0,0,0,0
nearest,106.9826,-1
cover,107.0256,0,0,0,0
nearest,107.0257,-1
cover,107.0724,0,0,0,0
nearest,107.0724,-1
cover,107.1154,0,0,0,0
nearest,107.1154,-1
cover,107.1597,0,0,0,0
nearest,107.1597,-1
cover,107.201,0,0,0,0
nearest,107.201,-1
cover,107.2383,0,0,0,0
nearest,107.2383,-1
cover,107.2953,0,0,0,0
nearest,107.2953,-1
cover,107.342,0,0,0,0
nearest,107.342,-1
cover,107.3824,0,0,0,0
nearest,107.3824,-1
cover,107.4405,0,0,0,0
nearest,107.4405,-1
cover,107.48,0,0,0,0
nearest,107.48,-1
cover,107.5445,0,0,0,0
nearest,107.5445,-1
cover,107.5929,0,0,0,0
nearest,107.5929,-1
cover,107.6449,0,0,0,0
nearest,107.645,-1
cover,107.6943,0,0,0,0
nearest,107.6943,-1
cover,107.7367,0,0,0,0
nearest,107.7367,-1
cover,107.7834,0,0,0,0
nearest,107.7835,-1
cover,107.8276,0,0,0,0
nearest,107.8276,-1
cover,107.871,0,0,0,0
nearest,107.8711,-1
cover,107.9168,0,0,0,0
nearest,107.9168,-1
cover,107.9655,0,0,0,0
nearest,107.9655,-1
cover,108.0104,0,0,0,0
nearest,108.0104,-1
cover,108.0538,0,0,0,0
nearest,108.0538,-1
cover,108.11,0,0,0,0
nearest,108.11,-1
cover,108.1579,0,0,0,0
nearest,108.1579,-1
cover,108.2122,0,0,0,0
nearest,108.2122,-1
cover,108.2558,0,0,0,0
nearest,108.2558,-1
cover,108.302,0,0,0,0
nearest,108.3021,-1
cover,108.3532,0,0,0,0
nearest,108.3532,-1
cover,108.4073,0,0,0,0
nearest,108.4073,-1
cover,108.4574,0,0,0,0
nearest,108.4575,-1
cover,108.5049,0,0,0,0
nearest,108.5049,-1
cover,108.5558,0,0,0,0
nearest,108.5559,-1
cover,108.6033,0,0,0,0
nearest,108.6033,-1
cover,108.651,0,0,0,0
nearest,108.651,-1
cover,108.7031,0,0,0,0
nearest,108.7031,-1
cover,108.7492,0,0,0,0
nearest,108.7493,-1
cover,108.793,0,0,0,0
nearest,108.793,-1
cover,108.8407,0,0,0,0
nearest,108.8407,-1
cover,108.8814,0,0,0,0
nearest,108.8814,-1
cover,108.9274,0,0,0,0
nearest,108.9274,-1
cover,108.9727,0,0,0,0
nearest,108.9727,-1
cover,109.0229,0,0,0,0
nearest,109.0229,-1
cover,109.0701,0,0,0,0
nearest,109.0701,-1
cover,109.107,0,0,0,0
nearest,109.107,-1
cover,109.1538,0,0,0,0
nearest,109.1539,-1
cover,109.1942,0,0,0,0
nearest,109.1942,-1
cover,109.2391,0,0,0,0
nearest,109.2392,-1
cover,109.2772,0,0,0,0
nearest,109.2772,-1
cover,109.3284,0,0,0,0
nearest,109.3284,-1
cover,109.3746,0,0,0,0
nearest,109.3747,-1
cover,109.4168,0,0,0,0
nearest,109.4169,-1
cover,109.4679,0,0,0,0
nearest,109.4679,-1
cover,109.5164,0,0,0,0
nearest,109.5164,-1
cover,109.5729,0,0,0,0
nearest,109.573,-1
cover,109.626,0,0,0,0
nearest,109.626,-1
cover,109.6676,0,0,0,0
nearest,109.6676,-1
cover,109.7125,0,0,0,0
nearest,109.7125,-1
cover,109.7563,0,0,0,0
nearest,109.7563,-1
cover,109.8051,0,0,0,0
nearest,109.8051,-1
cover,109.8548,0,0,0,0
nearest,109.8548,-1
cover,109.9106,0,0,0,0
nearest,109.9106,-1
cover,109.9536,0,0,0,0
nearest,109.9536,-1
cover,110.0119,0,0,0,0
nearest,110.0119,-1
cover,110.0612,0,0,0,0
nearest,110.0612,-1
cover,110.0977,0,0,0,0
nearest,110.0977,-1
cover,110.147,0,0,0,0
nearest,110.147,-1
cover,110.1934,0,0,0,0
nearest,110.1934,-1
cover,110.2425,0,0,0,0
nearest,110.2425,-1
cover,110.2945,0,0,0,0
nearest,110.2946,-1
cover,110.3473,0,0,0,0
nearest,110.3473,-1
cover,110.4059,0,0,0,0
nearest,110.4059,-1
cover,110.4462,0,0,0,0
nearest,110.4462,-1
cover,110.4968,0,0,0,0
nearest,110.4968,-1
cover,110.5437,0,0,0,0
nearest,110.5437,-1
cover,110.6003,0,0,0,0
nearest,110.6003,-1
cover,110.6513,0,0,0,0
nearest,110.6513,-1
cover,110.713,0,0,0,0
nearest,110.713,-1
cover,110.7556,0,0,0,0
nearest,110.7556,-1
cover,110.8102,0,0,0,0
nearest,110.8103,-1
cover,110.8528,0,0,0,0
nearest,110.8528,-1
cover,110.8986,0,0,0,0
nearest,110.8986,-1
cover,110.9422,0,0,0,0
nearest,110.9423,-1
cover,110.9897,0,0,0,0
nearest,110.9898,-1
cover,111.0501,0,0,0,0
nearest,111.0501,-1
cover,111.0917,0,0,0,0
nearest,111.0917,-1
cover,111.1436,0,0,0,0
nearest,111.1437,-1
cover,111.1861,0,0,0,0
nearest,111.1862,-1
cover,111.2327,0,0,0,0
nearest,111.2327,-1
cover,111.2791,0,0,0,0
nearest,111.2791,-1
cover,111.3227,0,0,0,0
nearest,111.3227,-1
cover,111.3663,0,0,0,0
nearest,111.3663,-1
cover,111.4093,0,0,0,0
nearest,111.4093,-1
cover,111.4511,0,0,0,0
nearest,111.4511,-1
cover,111.4888,0,0,0,0
nearest,111.4888,-1
cover,111.5429,0,0,0,0
nearest,111.5429,-1
cover,111.5863,0,0,0,0
nearest,111.5863,-1
cover,111.6383,0,0,0,0
nearest,111.6384,-1
cover,111.6927,0,0,0,0
nearest,111.6927,-1
cover,111.7543,0,0,0,0
nearest,111.7545,-1
cover,111.825,0,0,0,0
nearest,111.825,-1
cover,111.8685,0,0,0,0
nearest,111.8685,-1
cover,111.9052,0,0,0,0
nearest,111.9052,-1
cover,111.9462,0,0,0,0
nearest,111.9462,-1
cover,111.9927,0,0,0,0
nearest,111.9927,-1
cover,112.0313,0,0,0,0
nearest,112.0313,-1
cover,112.0729,0,0,0,0
nearest,112.073,-1
cover,112.118,0,0,0,0
nearest,112.118,-1
cover,112.1595,0,0,0,0
nearest,112.1595,-1
cover,112.1972,0,0,0,0
nearest,112.1973,-1
cover,112.2427,0,0,0,0
nearest,112.2427,-1
cover,112.284,0,0,0,0
nearest,112.2841,-1
cover,112.3225,0,0,0,0
nearest,112.3225,-1
cover,112.3659,0,0,0,0
nearest,112.366,-1
cover,112.4078,0,0,0,0
nearest,112.4078,-1
cover,112.4565,0,0,0,0
nearest,112.4565,-1
cover,112.5031,0,0,0,0
nearest,112.5031,-1
cover,112.5481,0,0,0,0
nearest,112.5481,-1
cover,112.6024,0,0,0,0
nearest,112.6024,-1
cover,112.6535,0,0,0,0
nearest,112.6535,-1
cover,112.7031,0,0,0,0
nearest,112.7031,-1
cover,112.7503,0,0,0,0
nearest,112.7504,-1
cover,112.7899,0,0,0,0
nearest,112.7899,-1
cover,112.8323,0,0,0,0
nearest,112.8323,-1
cover,112.8751,0,0,0,0
nearest,112.8752,-1
cover,112.9194,0,0,0,0
nearest,112.9194,-1
cover,112.9659,0,0,0,0
nearest,112.966,-1
cover,113.0075,0,0,0,0
nearest,113.0075,-1
cover,113.0527,0,0,0,0
nearest,113.0527,-1
cover,113.0993,0,0,0,0
nearest,113.0993,-1
cover,113.1432,0,0,0,0
nearest,113.1432,-1
cover,113.1846,0,0,0,0
nearest,113.1847,-1
cover,113.2242,0,0,0,0
nearest,113.2242,-1
cover,113.2638,0,0,0,0
nearest,113.2638,-1
cover,113.3034,0,0,0,0
nearest,113.3034,-1
cover,113.3468,0,0,0,0
nearest,113.3468,-1
cover,113.3892,0,0,0,0
nearest,113.3893,-1
cover,113.4343,0,0,0,0
nearest,113.4343,-1
cover,113.4743,0,0,0,0
nearest,113.4743,-1
cover,113.5202,0,0,0,0
nearest,113.5202,-1
cover,113.5688,0,0,0,0
nearest,113.5688,-1
cover,113.6123,0,0,0,0
nearest,113.6123,-1
cover,113.6575,0,0,0,0
nearest,113.6575,-1
cover,113.7006,0,0,0,0
nearest,113.7007,-1
cover,113.7456,0,0,0,0
nearest,113.7456,-1
cover,113.7908,0,0,0,0
nearest,113.7908,-1
cover,113.8367,0,0,0,0
nearest,113.8367,-1
cover,113.8829,0,0,0,0
nearest,113.8829,-1
cover,113.9213,0,0,0,0
nearest,113.9213,-1
cover,113.9667,0,0,0,0
nearest,113.9667,-1
cover,114.0071,0,0,0,0
nearest,114.0071,-1
cover,114.0526,0,0,0,0
nearest,114.0526,-1
cover,114.0985,0,0,0,0
nearest,114.0985,-1
cover,114.1432,0,0,0,0
nearest,114.1432,-1
cover,114.1815,0,0,0,0
nearest,114.1815,-1
cover,114.2216,0,0,0,0
nearest,114.2216,-1
cover,114.2648,0,0,0,0
nearest,114.2648,-1
cover,114.3096,0,0,0,0
nearest,114.3097,-1
cover,114.3536,0,0,0,0
nearest,114.3536,-1
cover,114.3998,0,0,0,0
nearest,114.3999,-1
cover,114.4399,0,0,0,0
nearest,114.4399,-1
cover,114.4852,0,0,0,0
nearest,114.4852,-1
cover,114.5239,0,0,0,0
nearest,114.5239,-1
cover,114.566,0,0,0,0
nearest,114.566,-1
cover,114.6068,0,0,0,0
nearest,114.6068,-1
cover,114.6542,0,0,0,0
nearest,114.6543,-1
cover,114.696,0,0,0,0
nearest,114.6961,-1
cover,114.7439,0,0,0,0
nearest,114.744,-1
cover,114.7908,0,0,0,0
nearest,114.7908,-1
cover,114.8316,0,0,0,0
nearest,114.8316,-1
cover,114.8768,0,0,0,0
nearest,114.8768,-1
cover,114.9181,0,0,0,0
nearest,114.9181,-1
cover,114.9563,0,0,0,0
nearest,114.9563,-1
cover,114.9976,0,0,0,0
nearest,114.9976,-1
cover,115.044,0,0,0,0
nearest,115.044,-1
cover,115.094,0,0,0,0
nearest,115.094,-1
cover,115.1463,0,0,0,0
nearest,115.1464,-1
cover,115.1914,0,0,0,0
nearest,115.1914,-1
cover,115.2389,0,0,0,0
nearest,115.2389,-1
cover,115.2834,0,0,0,0
nearest,115.2834,-1
cover,115.3245,0,0,0,0
nearest,115.3246,-1
cover,115.3709,0,0,0,0
nearest,115.371,-1
cover,115.4136,0,0,0,0
nearest,115.4136,-1
cover,115.4561,0,0,0,0
nearest,115.4562,-1
cover,115.5008,0,0,0,0
nearest,115.5008,-1
cover,115.5441,0,0,0,0
nearest,115.5441,-1
cover,115.5905,0,0,0,0
nearest,115.5906,-1
cover,115.6405,0,0,0,0
nearest,115.6405,-1
cover,115.6856,0,0,0,0
nearest,115.6858,-1
cover,115.7367,0,0,0,0
nearest,115.7367,-1
cover,115.7849,0,0,0,0
nearest,115.7849,-1
cover,115.8224,0,0,0,0
nearest,115.8224,-1
cover,115.8631,0,0,0,0
nearest,115.8632,-1
cover,115.9066,0,0,0,0
nearest,115.9067,-1
cover,115.9461,0,0,0,0
nearest,115.9462,-1
cover,115.9906,0,0,0,0
nearest,115.9906,-1
cover,116.034,0,0,0,0
nearest,116.0341,-1
cover,116.0767,0,0,0,0
nearest,116.0767,-1
cover,116.1138,0,0,0,0
nearest,116.1139,-1
cover,116.155,0,0,0,0
nearest,116.155,-1
cover,116.1989,0,0,0,0
nearest,116.1989,-1
cover,116.2458,0,0,0,0
nearest,116.2458,-1
cover,116.2916,0,0,0,0
nearest,116.2916,-1
cover,116.3321,0,0,0,0
nearest,116.3321,-1
cover,116.3729,0,0,0,0
nearest,116.3729,-1
cover,116.4166,0,0,0,0
nearest,116.4167,-1
cover,116.4575,0,0,0,0
nearest,116.4575,-1
cover,116.5015,0,0,0,0
nearest,116.5015,-1
cover,116.5391,0,0,0,0
nearest,116.5392,-1
cover,116.5845,0,0,0,0
nearest,116.5845,-1
cover,116.6261,0,0,0,0
nearest,116.6261,-1
cover,116.6637,0,0,0,0
nearest,116.6638,-1
cover,116.7066,0,0,0,0
nearest,116.7066,-1
cover,116.8208,0,0,0,0
nearest,116.8209,-1
cover,116.8651,0,0,0,0
nearest,116.8651,-1
cover,116.9096,0,0,0,0
nearest,116.9096,-1
cover,116.9477,0,0,0,0
nearest,116.9478,-1
cover,116.9918,0,0,0,0
nearest,116.9918,-1
cover,117.0317,0,0,0,0
nearest,117.0318,-1
cover,117.0723,0,0,0,0
nearest,117.0724,-1
cover,117.1178,0,0,0,0
nearest,117.1178,-1
cover,117.1578,0,0,0,0
nearest,117.1578,-1
cover,117.1967,0,0,0,0
nearest,117.1968,-1
cover,117.2432,0,0,0,0
nearest,117.2433,-1
cover,117.2801,0,0,0,0
nearest,117.2801,-1
cover,117.3264,0,0,0,0
nearest,117.3264,-1
cover,117.3668,0,0,0,0
nearest,117.3668,-1
cover,117.4152,0,0,0,0
nearest,117.4152,-1
cover,117.4555,0,0,0,0
nearest,117.4555,-1
cover,117.4988,0,0,0,0
nearest,117.4988,-1
cover,117.5384,0,0,0,0
nearest,117.5384,-1
cover,117.5842,0,0,0,0
nearest,117.5842,-1
cover,117.6251,0,0,0,0
nearest,117.6251,-1
cover,117.666,0,0,0,0
nearest,117.666,-1
cover,117.7097,0,0,0,0
nearest,117.7098,-1
cover,117.7501,0,0,0,0
nearest,117.7501,-1
cover,117.7905,0,0,0,0
nearest,117.7905,-1
cover,117.8354,0,0,0,0
nearest,117.8355,-1
cover,117.8701,0,0,0,0
nearest,117.8701,-1
cover,117.913,0,0,0,0
nearest,117.913,-1
cover,117.958,0,0,0,0
nearest,117.958,-1
cover,117.9972,0,0,0,0
nearest,117.9973,-1
cover,118.0441,0,0,0,0
nearest,118.0441,-1
cover,118.0902,0,0,0,0
nearest,118.0902,-1
cover,118.1316,0,0,0,0
nearest,118.1317,-1
cover,118.1784,0,0,0,0
nearest,118.1784,-1
cover,118.2235,0,0,0,0
nearest,118.2235,-1
cover,118.265,0,0,0,0
nearest,118.265,-1
cover,118.3093,0,0,0,0
nearest,118.3093,-1
cover,118.3504,0,0,0,0
nearest,118.3504,-1
cover,118.392,0,0,0,0
nearest,118.392,-1
cover,118.4302,0,0,0,0
nearest,118.4302,-1
cover,118.485,0,0,0,0
nearest,118.4851,-1
cover,118.5258,0,0,0,0
nearest,118.5258,-1
cover,118.5635,0,0,0,0
nearest,118.5635,-1
cover,118.6094,0,0,0,0
nearest,118.6095,-1
cover,118.6529,0,0,0,0
nearest,118.6529,-1
cover,118.6997,0,0,0,0
nearest,118.6997,-1
cover,118.7389,0,0,0,0
nearest,118.7389,-1
cover,118.7914,0,0,0,0
nearest,118.7914,-1
cover,118.8308,0,0,0,0
nearest,118.8308,-1
cover,118.8772,0,0,0,0
nearest,118.8772,-1
cover,118.926,0,0,0,0
nearest,118.926,-1
cover,118.9672,0,0,0,0
nearest,118.9672,-1
cover,119.0059,0,0,0,0
nearest,119.0059,-1
cover,119.0449,0,0,0,0
nearest,119.045,-1
cover,119.0907,0,0,0,0
nearest,119.0908,-1
cover,119.1293,0,0,0,0
nearest,119.1293,-1
cover,119.1715,0,0,0,0
nearest,119.1715,-1
cover,119.2153,0,0,0,0
nearest,119.2153,-1
cover,119.2565,0,0,0,0
nearest,119.2565,-1
cover,119.2977,0,0,0,0
nearest,119.2977,-1
cover,119.3402,0,0,0,0
nearest,119.3403,-1
cover,119.3852,0,0,0,0
nearest,119.3852,-1
cover,119.4286,0,0,0,0
nearest,119.4286,-1
cover,119.4824,0,0,0,0
nearest,119.4824,-1
cover,119.5248,0,0,0,0
nearest,119.5249,-1
cover,119.5627,0,0,0,0
nearest,119.5627,-1
cover,119.6108,0,0,0,0
nearest,119.6109,-1
cover,119.6574,0,0,0,0
nearest,119.6574,-1
cover,119.7017,0,0,0,0
nearest,119.7018,-1
cover,119.755,0,0,0,0
nearest,119.755,-1
cover,119.7979,0,0,0,0
nearest,119.7979,-1
cover,119.8445,0,0,0,0
nearest,119.8445,-1
cover,119.8899,0,0,0,0
nearest,119.8899,-1
cover,119.9302,0,0,0,0
nearest,119.9302,-1
cover,119.9752,0,0,0,0
nearest,119.9752,-1
cover,120.0125,0,0,0,0
nearest,120.0125,-1
cover,120.0532,0,0,0,0
nearest,120.0532,-1
cover,120.0949,0,0,0,0
nearest,120.0949,-1
cover,120.1361,0,0,0,0
nearest,120.1361,-1
cover,120.1886,0,0,0,0
nearest,120.1886,-1
cover,120.2324,0,0,0,0
nearest,120.2325,-1
cover,120.2723,0,0,0,0
nearest,120.2723,-1
cover,120.3123,0,0,0,0
nearest,120.3123,-1
cover,120.3546,0,0,0,0
nearest,120.3546,-1
cover,120.3999,0,0,0,0
nearest,120.3999,-1
cover,120.438,0,0,0,0
nearest,120.438,-1
cover,120.4789,0,0,0,0
nearest,120.4789,-1
cover,120.5219,0,0,0,0
nearest,120.522,-1
cover,120.563,0,0,0,0
nearest,120.563,-1
cover,120.6059,0,0,0,0
nearest,120.6059,-1
cover,120.6498,0,0,0,0
nearest,120.6499,-1
cover,120.6915,0,0,0,0
nearest,120.6915,-1
cover,120.7288,0,0,0,0
nearest,120.7288,-1
cover,120.7727,0,0,0,0
nearest,120.7728,-1
cover,120.8261,0,0,0,0
nearest,120.8261,-1
cover,120.8667,0,0,0,0
nearest,120.8667,-1
cover,120.9161,0,0,0,0
nearest,120.9162,-1
cover,120.9608,0,0,0,0
nearest,120.9608,-1
cover,121.0061,0,0,0,0
nearest,121.0062,-1
cover,121.0551,0,0,0,0
nearest,121.0552,-1
cover,121.1033,0,0,0,0
nearest,121.1033,-1
cover,121.1453,0,0,0,0
nearest,121.1453,-1
cover,121.1924,0,0,0,0
nearest,121.1924,-1
cover,121.2309,0,0,0,0
nearest,121.2309,-1
cover,121.2781,0,0,0,0
nearest,121.2781,-1
cover,121.3221,0,0,0,0
nearest,121.3221,-1
cover,121.3649,0,0,0,0
nearest,121.3649,-1
cover,121.4074,0,0,0,0
nearest,121.4075,-1
cover,121.4499,0,0,0,0
nearest,121.4499,-1
cover,121.4916,0,0,0,0
nearest,121.4916,-1
cover,121.5374,0,0,0,0
nearest,121.5374,-1
cover,121.5852,0,0,0,0
nearest,121.5852,-1
cover,121.636,0,0,0,0
nearest,121.6361,-1
cover,121.6827,0,0,0,0
nearest,121.6827,-1
cover,121.7219,0,0,0,0
nearest,121.7219,-1
cover,121.7655,0,0,0,0
nearest,121.7656,-1
cover,121.81,0,0,0,0
nearest,121.8101,-1
cover,121.8497,0,0,0,0
nearest,121.8497,-1
cover,121.8877,0,0,0,0
nearest,121.8877,-1
cover,121.9345,0,0,0,0
nearest,121.9346,-1
cover,121.976,0,0,0,0
nearest,121.976,-1
cover,122.0184,0,0,0,0
nearest,122.0184,-1
cover,122.0548,0,0,0,0
nearest,122.0548,-1
cover,122.0982,0,0,0,0
nearest,122.0982,-1
cover,122.1494,0,0,0,0
nearest,122.1495,-1
cover,122.1914,0,0,0,0
nearest,122.1914,-1
cover,122.231,0,0,0,0
nearest,122.231,-1
cover,122.2718,0,0,0,0
nearest,122.2718,-1
cover,122.3144,0,0,0,0
nearest,122.3144,-1
cover,122.3565,0,0,0,0
nearest,122.3565,-1
cover,122.3988,0,0,0,0
nearest,122.3988,-1
cover,122.445,0,0,0,0
nearest,122.4451,-1
cover,122.4893,0,0,0,0
nearest,122.4893,-1
cover,122.5306,0,0,0,0
nearest,122.5306,-1
cover,122.5777,0,0,0,0
nearest,122.5777,-1
cover,122.6346,0,0,0,0
nearest,122.6346,-1
cover,122.683,0,0,0,0
nearest,122.6831,-1
cover,122.7217,0,0,0,0
nearest,122.7217,-1
cover,122.7707,0,0,0,0
nearest,122.7707,-1
cover,122.8083,0,0,0,0
nearest,122.8084,-1
cover,122.8459,0,0,0,0
nearest,122.8459,-1
cover,122.8913,0,0,0,0
nearest,122.8913,-1
cover,122.9301,0,0,0,0
nearest,122.9301,-1
cover,122.9772,0,0,0,0
nearest,122.9772,-1
cover,123.0255,0,0,0,0
nearest,123.0255,-1
cover,123.0691,0,0,0,0
nearest,123.0691,-1
cover,123.1145,0,0,0,0
nearest,123.1145,-1
cover,123.1626,0,0,0,0
nearest,123.1626,-1
cover,123.2147,0,0,0,0
nearest,123.2147,-1
cover,123.2588,0,0,0,0
nearest,123.2589,-1
cover,123.3002,0,0,0,0
nearest,123.3002,-1
cover,123.3479,0,0,0,0
nearest,123.3479,-1
cover,123.393,0,0,0,0
nearest,123.393,-1
cover,123.4317,0,0,0,0
nearest,123.4317,-1
cover,123.4756,0,0,0,0
nearest,123.4756,-1
cover,123.516,0,0,0,0
nearest,123.516,-1
cover,123.5611,0,0,0,0
nearest,123.5611,-1
cover,123.609,0,0,0,0
nearest,123.609,-1
cover,123.6556,0,0,0,0
nearest,123.6556,-1
cover,123.6988,0,0,0,0
nearest,123.6988,-1
cover,123.747,0,0,0,0
nearest,123.747,-1
cover,123.7889,0,0,0,0
nearest,123.7889,-1
cover,123.8319,0,0,0,0
nearest,123.8319,-1
cover,123.8751,0,0,0,0
nearest,123.8751,-1
cover,123.9164,0,0,0,0
nearest,123.9164,-1
cover,123.9565,0,0,0,0
nearest,123.9565,-1
cover,124.0013,0,0,0,0
nearest,124.0013,-1
cover,124.0431,0,0,0,0
nearest,124.0431,-1
cover,124.0805,0,0,0,0
nearest,124.0805,-1
cover,124.1182,0,0,0,0
nearest,124.1182,-1
cover,124.1556,0,0,0,0
nearest,124.1556,-1
cover,124.1999,0,0,0,0
nearest,124.1999,-1
cover,124.2472,0,0,0,0
nearest,124.2472,-1
cover,124.2906,0,0,0,0
nearest,124.2906,-1
cover,124.3356,0,0,0,0
nearest,124.3357,-1
cover,124.386,0,0,0,0
nearest,124.386,-1
cover,124.4345,0,0,0,0
nearest,124.4345,-1
cover,124.4733,0,0,0,0
nearest,124.4733,-1
cover,124.5125,0,0,0,0
nearest,124.5125,-1
cover,124.5568,0,0,0,0
nearest,124.5569,-1
cover,124.5997,0,0,0,0
nearest,124.5997,-1
cover,124.6478,0,0,0,0
nearest,124.6478,-1
cover,124.6907,0,0,0,0
nearest,124.6907,-1
cover,124.7292,0,0,0,0
nearest,124.7292,-1
cover,124.7797,0,0,0,0
nearest,124.7797,-1
cover,124.8258,0,0,0,0
nearest,124.8259,-1
cover,124.8667,0,0,0,0
nearest,124.8667,-1
cover,124.9067,0,0,0,0
nearest,124.9067,-1
cover,124.9499,0,0,0,0
nearest,124.9499,-1
cover,124.9924,0,0,0,0
nearest,124.9925,-1
cover,125.0292,0,0,0,0
nearest,125.0293,-1
cover,125.0754,0,0,0,0
nearest,125.0754,-1
cover,125.1134,0,0,0,0
nearest,125.1134,-1
cover,125.1519,0,0,0,0
nearest,125.1519,-1
cover,125.1992,0,0,0,0
nearest,125.1992,-1
cover,125.236,0,0,0,0
nearest,125.236,-1
cover,125.2855,0,0,0,0
nearest,125.2855,-1
cover,125.3348,0,0,0,0
nearest,125.3348,-1
cover,125.3794,0,0,0,0
nearest,125.3794,-1
cover,125.4227,2,1,1,1
err,125.423,-83.5,-207.79
timing,125.423,15.5,26.3
gate,125.423,166.8,1.0,0.18,0.0
det,125.423,1157.5,579.75,73.75,168.25,0.897,Body
det,125.423,1188.0,580.25,17.0,21.75,0.826,Head
cover,125.4624,0,0,0,0
nearest,125.4624,-1
cover,125.503,0,0,0,0
nearest,125.503,-1
cover,125.5467,0,0,0,0
nearest,125.5467,-1
cover,125.6021,0,0,0,0
nearest,125.6021,-1
cover,125.6551,1,0,1,0
nearest,125.6551,-1
cover,125.7142,1,0,1,0
nearest,125.7143,-1
cover,125.7571,1,0,1,0
nearest,125.7571,-1
cover,125.8066,1,0,1,0
nearest,125.8066,-1
cover,125.8498,1,0,1,0
nearest,125.8498,-1
cover,125.8953,0,0,0,0
nearest,125.8953,-1
cover,125.938,0,0,0,0
nearest,125.9381,-1
cover,125.9814,0,0,0,0
nearest,125.9815,-1
cover,126.02,1,0,1,0
nearest,126.0201,-1
cover,126.0619,0,0,0,0
nearest,126.0619,-1
cover,126.1067,0,0,0,0
nearest,126.1067,-1
cover,126.1617,0,0,0,0
nearest,126.1617,-1
cover,126.2052,0,0,0,0
nearest,126.2052,-1
cover,126.2555,0,0,0,0
nearest,126.2555,-1
cover,126.2991,0,0,0,0
nearest,126.2992,-1
cover,126.358,0,0,0,0
nearest,126.358,-1
cover,126.4108,0,0,0,0
nearest,126.4108,-1
cover,126.4554,0,0,0,0
nearest,126.4554,-1
cover,126.4994,0,0,0,0
nearest,126.4995,-1
cover,126.5498,0,0,0,0
nearest,126.5499,-1
cover,126.5971,0,0,0,0
nearest,126.5971,-1
cover,126.6399,0,0,0,0
nearest,126.6399,-1
cover,126.6773,0,0,0,0
nearest,126.6773,-1
cover,126.7196,0,0,0,0
nearest,126.7196,-1
cover,126.7641,0,0,0,0
nearest,126.7641,-1
cover,126.8082,0,0,0,0
nearest,126.8083,-1
cover,126.8468,0,0,0,0
nearest,126.8468,-1
cover,126.8844,0,0,0,0
nearest,126.8845,-1
cover,126.9281,0,0,0,0
nearest,126.9281,-1
cover,126.964,0,0,0,0
nearest,126.964,-1
cover,127.0007,0,0,0,0
nearest,127.0007,-1
cover,127.0432,0,0,0,0
nearest,127.0433,-1
cover,127.0812,0,0,0,0
nearest,127.0812,-1
cover,127.1213,0,0,0,0
nearest,127.1214,-1
cover,127.1674,0,0,0,0
nearest,127.1675,-1
cover,127.2288,0,0,0,0
nearest,127.2288,-1
cover,127.2696,0,0,0,0
nearest,127.2696,-1
cover,127.3251,0,0,0,0
nearest,127.3252,-1
cover,127.3751,0,0,0,0
nearest,127.3751,-1
cover,127.425,2,1,1,1
err,127.4251,-25.5,-207.49
timing,127.4251,21.8,27.4
gate,127.4251,166.8,1.0,0.18,0.0
det,127.4251,1215.94,579.0,72.12,170.0,0.902,Body
det,127.4251,1245.88,580.06,17.25,22.62,0.831,Head
cover,127.4618,0,0,0,0
nearest,127.4618,-1
cover,127.4982,0,0,0,0
nearest,127.4982,-1
cover,127.5385,0,0,0,0
nearest,127.5385,-1
cover,127.5934,0,0,0,0
nearest,127.5934,-1
cover,127.6325,1,0,1,0
nearest,127.6326,-1
cover,127.6908,1,0,1,0
nearest,127.6908,-1
cover,127.7432,1,0,1,0
nearest,127.7432,-1
cover,127.7843,1,0,1,0
nearest,127.7843,-1
cover,127.8441,0,0,0,0
nearest,127.8442,-1
cover,127.901,0,0,0,0
nearest,127.9011,-1
cover,127.9483,0,0,0,0
nearest,127.9483,-1
cover,127.9883,0,0,0,0
nearest,127.9883,-1
cover,128.0281,0,0,0,0
nearest,128.0281,-1
cover,128.0719,0,0,0,0
nearest,128.0719,-1
cover,128.114,0,0,0,0
nearest,128.114,-1
cover,128.1528,0,0,0,0
nearest,128.1528,-1
cover,128.1929,0,0,0,0
nearest,128.1929,-1
cover,128.2392,0,0,0,0
nearest,128.2392,-1
cover,128.2803,0,0,0,0
nearest,128.2803,-1
cover,128.3192,0,0,0,0
nearest,128.3193,-1
cover,128.3671,0,0,0,0
nearest,128.3671,-1
cover,128.4107,0,0,0,0
nearest,128.4107,-1
cover,128.4529,0,0,0,0
nearest,128.4529,-1
cover,128.4964,0,0,0,0
nearest,128.4965,-1
cover,128.5477,0,0,0,0
nearest,128.5477,-1
cover,128.5865,0,0,0,0
nearest,128.5865,-1
cover,128.6297,0,0,0,0
nearest,128.6297,-1
cover,128.6919,0,0,0,0
nearest,128.6919,-1
cover,128.7449,0,0,0,0
nearest,128.745,-1
cover,128.7923,0,0,0,0
nearest,128.7924,-1
cover,128.8498,0,0,0,0
nearest,128.8499,-1
cover,128.9257,0,0,0,0
nearest,128.9257,-1
cover,128.9811,0,0,0,0
nearest,128.9811,-1
cover,129.0277,0,0,0,0
nearest,129.0277,-1
cover,129.0747,0,0,0,0
nearest,129.0747,-1
cover,129.1171,0,0,0,0
nearest,129.1172,-1
cover,129.1681,0,0,0,0
nearest,129.1681,-1
cover,129.2176,0,0,0,0
nearest,129.2176,-1
cover,129.2666,0,0,0,0
nearest,129.2666,-1
cover,129.3271,1,0,1,0
nearest,129.3272,-1
cover,129.3768,0,0,0,0
nearest,129.3768,-1
cover,129.4289,0,0,0,0
nearest,129.4289,-1
cover,129.4962,2,1,1,0
nearest,129.4963,225.8
cover,129.554,2,1,1,0
nearest,129.554,225.8
cover,129.6167,2,1,1,0
nearest,129.6167,225.8
cover,129.6766,2,1,1,0
nearest,129.6767,225.8
cover,129.7388,2,1,1,0
nearest,129.7389,225.8
cover,129.7996,2,1,1,0
nearest,129.7997,225.8
cover,129.8575,2,1,1,0
nearest,129.8576,225.8
cover,129.9122,2,1,1,0
nearest,129.9122,225.8
cover,129.9705,2,1,1,0
nearest,129.9705,225.8
cover,130.0235,2,1,1,0
nearest,130.0236,225.8
cover,130.0729,2,1,1,0
nearest,130.0729,225.8
cover,130.1223,2,1,1,0
nearest,130.1223,226.0
cover,130.1733,2,1,1,0
nearest,130.1734,225.7
cover,130.2268,2,1,1,0
nearest,130.2268,225.9
cover,130.2832,2,1,1,0
nearest,130.2832,225.9
cover,130.3432,0,0,0,0
nearest,130.3432,-1
cover,130.3915,0,0,0,0
nearest,130.3915,-1
cover,130.4301,0,0,0,0
nearest,130.4301,-1
cover,130.4711,0,0,0,0
nearest,130.4711,-1
cover,130.5151,0,0,0,0
nearest,130.5151,-1
cover,130.5609,0,0,0,0
nearest,130.561,-1
cover,130.6081,0,0,0,0
nearest,130.6081,-1
cover,130.6457,0,0,0,0
nearest,130.6457,-1
cover,130.6881,0,0,0,0
nearest,130.6882,-1
cover,130.7274,0,0,0,0
nearest,130.7274,-1
cover,130.7758,0,0,0,0
nearest,130.7759,-1
cover,130.8296,0,0,0,0
nearest,130.8296,-1
cover,130.8901,0,0,0,0
nearest,130.8901,-1
cover,131.0485,0,0,0,0
nearest,131.0485,-1
cover,131.1204,0,0,0,0
nearest,131.1204,-1
cover,131.1785,0,0,0,0
nearest,131.1785,-1
cover,131.24,0,0,0,0
nearest,131.24,-1
cover,131.29,0,0,0,0
nearest,131.29,-1
cover,131.3414,0,0,0,0
nearest,131.3414,-1
cover,131.3913,0,0,0,0
nearest,131.3913,-1
cover,131.4387,0,0,0,0
nearest,131.4388,-1
cover,131.4876,0,0,0,0
nearest,131.4877,-1
cover,131.5399,0,0,0,0
nearest,131.5399,-1
cover,131.5889,0,0,0,0
nearest,131.589,-1
cover,131.6418,0,0,0,0
nearest,131.6418,-1
cover,131.6998,0,0,0,0
nearest,131.6998,-1
cover,131.7472,0,0,0,0
nearest,131.7473,-1
cover,131.799,0,0,0,0
nearest,131.799,-1
cover,131.8465,0,0,0,0
nearest,131.8465,-1
cover,131.9037,0,0,0,0
nearest,131.9037,-1
cover,131.9735,0,0,0,0
nearest,131.9738,-1
cover,132.0226,0,0,0,0
nearest,132.0226,-1
cover,132.072,0,0,0,0
nearest,132.072,-1
cover,132.1174,0,0,0,0
nearest,132.1175,-1
cover,132.17,0,0,0,0
nearest,132.1701,-1
cover,132.2161,0,0,0,0
nearest,132.2161,-1
cover,132.2597,0,0,0,0
nearest,132.2597,-1
cover,132.3083,0,0,0,0
nearest,132.3083,-1
cover,132.3623,0,0,0,0
nearest,132.3623,-1
cover,132.4133,0,0,0,0
nearest,132.4133,-1
cover,132.4704,0,0,0,0
nearest,132.4704,-1
cover,132.5266,0,0,0,0
nearest,132.5267,-1
cover,132.5834,0,0,0,0
nearest,132.5835,-1
cover,132.647,0,0,0,0
nearest,132.647,-1
cover,132.6904,0,0,0,0
nearest,132.6904,-1
cover,132.738,0,0,0,0
nearest,132.7381,-1
cover,132.792,0,0,0,0
nearest,132.7921,-1
cover,132.8414,0,0,0,0
nearest,132.8415,-1
cover,132.8804,0,0,0,0
nearest,132.8804,-1
cover,132.9273,0,0,0,0
nearest,132.9273,-1
cover,132.9789,0,0,0,0
nearest,132.9789,-1
cover,133.0295,0,0,0,0
nearest,133.0295,-1
cover,133.0795,0,0,0,0
nearest,133.0795,-1
cover,133.1228,0,0,0,0
nearest,133.1228,-1
cover,133.1676,0,0,0,0
nearest,133.1677,-1
cover,133.2153,0,0,0,0
nearest,133.2153,-1
cover,133.2581,0,0,0,0
nearest,133.2581,-1
cover,133.304,0,0,0,0
nearest,133.304,-1
cover,133.3537,0,0,0,0
nearest,133.3537,-1
cover,133.402,0,0,0,0
nearest,133.402,-1
cover,133.4496,0,0,0,0
nearest,133.4496,-1
cover,133.487,0,0,0,0
nearest,133.4871,-1
cover,133.5342,0,0,0,0
nearest,133.5343,-1
cover,133.5819,0,0,0,0
nearest,133.5819,-1
cover,133.6283,0,0,0,0
nearest,133.6284,-1
cover,133.6832,0,0,0,0
nearest,133.6832,-1
cover,133.7265,0,0,0,0
nearest,133.7266,-1
cover,133.7801,0,0,0,0
nearest,133.7801,-1
cover,133.8251,0,0,0,0
nearest,133.8251,-1
cover,133.8733,0,0,0,0
nearest,133.8733,-1
cover,133.914,0,0,0,0
nearest,133.914,-1
cover,133.9592,0,0,0,0
nearest,133.9592,-1
cover,134.0094,0,0,0,0
nearest,134.0094,-1
cover,134.0582,0,0,0,0
nearest,134.0582,-1
cover,134.1115,0,0,0,0
nearest,134.1115,-1
cover,134.1571,0,0,0,0
nearest,134.1571,-1
cover,134.1963,0,0,0,0
nearest,134.1964,-1
cover,134.2434,0,0,0,0
nearest,134.2434,-1
cover,134.2932,0,0,0,0
nearest,134.2932,-1
cover,134.3428,0,0,0,0
nearest,134.3428,-1
cover,134.3882,0,0,0,0
nearest,134.3883,-1
cover,134.4353,0,0,0,0
nearest,134.4353,-1
cover,134.481,0,0,0,0
nearest,134.481,-1
cover,134.5255,0,0,0,0
nearest,134.5255,-1
cover,134.5806,0,0,0,0
nearest,134.5806,-1
cover,134.628,0,0,0,0
nearest,134.628,-1
cover,134.6797,0,0,0,0
nearest,134.6797,-1
cover,134.7282,0,0,0,0
nearest,134.7282,-1
cover,134.7789,0,0,0,0
nearest,134.7789,-1
cover,134.8274,0,0,0,0
nearest,134.8274,-1
cover,134.8775,0,0,0,0
nearest,134.8775,-1
cover,134.9324,0,0,0,0
nearest,134.9324,-1
cover,134.9791,0,0,0,0
nearest,134.9791,-1
cover,135.0276,0,0,0,0
nearest,135.0276,-1
cover,135.0818,0,0,0,0
nearest,135.0819,-1
cover,135.1257,1,0,1,0
nearest,135.1257,-1
cover,135.1749,1,0,1,0
nearest,135.1749,-1
cover,135.2236,1,0,1,0
nearest,135.2236,-1
cover,135.2681,1,0,1,0
nearest,135.2681,-1
cover,135.319,0,0,0,0
nearest,135.319,-1
cover,135.3691,0,0,0,0
nearest,135.3691,-1
cover,135.4164,0,0,0,0
nearest,135.4164,-1
cover,135.4597,1,0,1,0
nearest,135.4597,-1
cover,135.5076,0,0,0,0
nearest,135.5077,-1
cover,135.5525,0,0,0,0
nearest,135.5526,-1
cover,135.6023,0,0,0,0
nearest,135.6023,-1
cover,135.6519,0,0,0,0
nearest,135.652,-1
cover,135.7027,0,0,0,0
nearest,135.7027,-1
cover,135.7557,0,0,0,0
nearest,135.7557,-1
cover,135.8062,0,0,0,0
nearest,135.8063,-1
cover,135.8558,0,0,0,0
nearest,135.8558,-1
cover,135.9038,1,0,1,0
nearest,135.9038,-1
cover,135.9616,0,0,0,0
nearest,135.9617,-1
cover,136.0164,0,0,0,0
nearest,136.0164,-1
cover,136.0747,0,0,0,0
nearest,136.0747,-1
cover,136.1251,0,0,0,0
nearest,136.1251,-1
cover,136.1822,0,0,0,0
nearest,136.1822,-1
cover,136.2285,0,0,0,0
nearest,136.2286,-1
cover,136.2789,0,0,0,0
nearest,136.2789,-1
cover,136.3248,0,0,0,0
nearest,136.3248,-1
cover,136.3775,0,0,0,0
nearest,136.3775,-1
cover,136.4274,1,0,1,0
nearest,136.4274,-1
cover,136.4777,0,0,0,0
nearest,136.4778,-1
cover,136.5281,0,0,0,0
nearest,136.5281,-1
cover,136.5789,0,0,0,0
nearest,136.5789,-1
cover,136.6358,0,0,0,0
nearest,136.6358,-1
cover,136.6864,0,0,0,0
nearest,136.6864,-1
cover,136.7406,0,0,0,0
nearest,136.7406,-1
cover,136.7933,0,0,0,0
nearest,136.7934,-1
cover,136.8545,0,0,0,0
nearest,136.8545,-1
cover,136.9118,0,0,0,0
nearest,136.9118,-1
cover,136.9765,0,0,0,0
nearest,136.9765,-1
cover,137.0364,0,0,0,0
nearest,137.0365,-1
cover,137.0916,0,0,0,0
nearest,137.0916,-1
cover,137.1475,0,0,0,0
nearest,137.1475,-1
cover,137.2018,0,0,0,0
nearest,137.2019,-1
cover,137.256,0,0,0,0
nearest,137.256,-1
cover,137.3072,0,0,0,0
nearest,137.3072,-1
cover,137.3595,0,0,0,0
nearest,137.3595,-1
cover,137.4219,0,0,0,0
nearest,137.4219,-1
cover,137.4757,0,0,0,0
nearest,137.4757,-1
cover,137.5319,0,0,0,0
nearest,137.5319,-1
cover,137.581,0,0,0,0
nearest,137.5811,-1
cover,137.6337,0,0,0,0
nearest,137.6337,-1
cover,137.6877,0,0,0,0
nearest,137.6878,-1
cover,137.7423,0,0,0,0
nearest,137.7423,-1
cover,137.798,0,0,0,0
nearest,137.7981,-1
cover,137.8613,0,0,0,0
nearest,137.8614,-1
cover,137.9294,0,0,0,0
nearest,137.9295,-1
cover,137.9809,0,0,0,0
nearest,137.9809,-1
cover,138.0385,0,0,0,0
nearest,138.0385,-1
cover,138.0921,0,0,0,0
nearest,138.0921,-1
cover,138.1498,0,0,0,0
nearest,138.1498,-1
cover,138.2042,0,0,0,0
nearest,138.2043,-1
cover,138.2554,0,0,0,0
nearest,138.2555,-1
cover,138.3065,0,0,0,0
nearest,138.3065,-1
cover,138.3617,0,0,0,0
nearest,138.3617,-1
cover,138.4164,0,0,0,0
nearest,138.4164,-1
cover,138.4701,0,0,0,0
nearest,138.4701,-1
cover,138.5203,0,0,0,0
nearest,138.5204,-1
cover,138.5694,0,0,0,0
nearest,138.5694,-1
cover,138.6182,0,0,0,0
nearest,138.6182,-1
cover,138.6653,0,0,0,0
nearest,138.6653,-1
cover,138.7135,0,0,0,0
nearest,138.7136,-1
cover,138.7704,0,0,0,0
nearest,138.7705,-1
cover,138.8228,0,0,0,0
nearest,138.8228,-1
cover,138.8732,0,0,0,0
nearest,138.8732,-1
cover,138.9207,0,0,0,0
nearest,138.9207,-1
cover,138.9695,0,0,0,0
nearest,138.9695,-1
cover,139.0357,0,0,0,0
nearest,139.0357,-1
cover,139.0915,0,0,0,0
nearest,139.0918,-1
cover,139.146,0,0,0,0
nearest,139.146,-1
cover,139.2025,0,0,0,0
nearest,139.2026,-1
cover,139.2583,0,0,0,0
nearest,139.2586,-1
cover,139.3114,0,0,0,0
nearest,139.3114,-1
cover,139.3667,0,0,0,0
nearest,139.3668,-1
cover,139.4257,0,0,0,0
nearest,139.4257,-1
cover,139.4802,0,0,0,0
nearest,139.4802,-1
cover,139.5362,0,0,0,0
nearest,139.5363,-1
cover,139.6007,0,0,0,0
nearest,139.6007,-1
cover,139.6586,1,0,1,0
nearest,139.6587,-1
cover,139.7121,0,0,0,0
nearest,139.7121,-1
cover,139.7627,0,0,0,0
nearest,139.7628,-1
cover,139.8173,1,0,1,0
nearest,139.8174,-1
cover,139.876,0,0,0,0
nearest,139.876,-1
cover,139.9326,0,0,0,0
nearest,139.9326,-1
cover,139.9853,0,0,0,0
nearest,139.9853,-1
cover,140.0386,0,0,0,0
nearest,140.0386,-1
cover,140.0934,0,0,0,0
nearest,140.0935,-1
cover,140.146,0,0,0,0
nearest,140.146,-1
cover,140.1972,0,0,0,0
nearest,140.1972,-1
cover,140.245,0,0,0,0
nearest,140.2451,-1
cover,140.3029,0,0,0,0
nearest,140.3029,-1
cover,140.3554,0,0,0,0
nearest,140.3554,-1
cover,140.4068,0,0,0,0
nearest,140.4068,-1
cover,140.4519,0,0,0,0
nearest,140.4519,-1
cover,140.5,1,0,1,0
nearest,140.5,-1
cover,140.5537,0,0,0,0
nearest,140.5538,-1
cover,140.6031,0,0,0,0
nearest,140.6031,-1
cover,140.6529,0,0,0,0
nearest,140.6529,-1
cover,140.7023,0,0,0,0
nearest,140.7024,-1
cover,140.7496,0,0,0,0
nearest,140.7496,-1
cover,140.7908,1,0,1,0
nearest,140.7908,-1
cover,140.851,0,0,0,0
nearest,140.851,-1
cover,140.8991,0,0,0,0
nearest,140.8991,-1
cover,140.9458,0,0,0,0
nearest,140.9458,-1
cover,140.9971,0,0,0,0
nearest,140.9971,-1
cover,141.0506,0,0,0,0
nearest,141.0507,-1
cover,141.1046,0,0,0,0
nearest,141.1047,-1
cover,141.157,0,0,0,0
nearest,141.157,-1
cover,141.2123,0,0,0,0
nearest,141.2123,-1
cover,141.2665,0,0,0,0
nearest,141.2665,-1
cover,141.3222,0,0,0,0
nearest,141.3223,-1
cover,141.3691,0,0,0,0
nearest,141.3692,-1
cover,141.423,0,0,0,0
nearest,141.423,-1
cover,141.4704,0,0,0,0
nearest,141.4704,-1
cover,141.521,0,0,0,0
nearest,141.5211,-1
cover,141.5722,0,0,0,0
nearest,141.5722,-1
cover,141.6199,0,0,0,0
nearest,141.62,-1
cover,141.6682,0,0,0,0
nearest,141.6683,-1
cover,141.7226,0,0,0,0
nearest,141.7226,-1
cover,141.7742,0,0,0,0
nearest,141.7742,-1
cover,141.8208,0,0,0,0
nearest,141.8208,-1
cover,141.8718,0,0,0,0
nearest,141.8719,-1
cover,141.928,0,0,0,0
nearest,141.9281,-1
cover,141.9801,0,0,0,0
nearest,141.9802,-1
cover,142.0373,0,0,0,0
nearest,142.0374,-1
cover,142.0865,0,0,0,0
nearest,142.0865,-1
cover,142.1383,0,0,0,0
nearest,142.1383,-1
cover,142.1905,0,0,0,0
nearest,142.1905,-1
cover,142.2398,1,0,1,0
nearest,142.2398,-1
cover,142.2915,0,0,0,0
nearest,142.2915,-1
cover,142.3467,0,0,0,0
nearest,142.3467,-1
cover,142.3958,1,0,1,0
nearest,142.3959,-1
cover,142.4587,0,0,0,0
nearest,142.4589,-1
cover,142.5114,1,0,1,0
nearest,142.5114,-1
cover,142.5625,1,0,1,0
nearest,142.5626,-1
cover,142.6128,0,0,0,0
nearest,142.6128,-1
cover,142.6666,0,0,0,0
nearest,142.6667,-1
cover,142.7226,0,0,0,0
nearest,142.7226,-1
cover,142.7724,0,0,0,0
nearest,142.7725,-1
cover,142.8317,0,0,0,0
nearest,142.8318,-1
cover,142.8928,0,0,0,0
nearest,142.8928,-1
cover,142.9476,0,0,0,0
nearest,142.9476,-1
cover,142.996,0,0,0,0
nearest,142.996,-1
cover,143.0523,0,0,0,0
nearest,143.0523,-1
cover,143.1115,1,0,1,0
nearest,143.1115,-1
cover,143.1682,0,0,0,0
nearest,143.1682,-1
cover,143.2283,0,0,0,0
nearest,143.2283,-1
cover,143.284,0,0,0,0
nearest,143.2841,-1
cover,143.34,0,0,0,0
nearest,143.34,-1
cover,143.3895,0,0,0,0
nearest,143.3895,-1
cover,143.442,0,0,0,0
nearest,143.442,-1
cover,143.4961,0,0,0,0
nearest,143.4961,-1
cover,143.5501,0,0,0,0
nearest,143.5502,-1
cover,143.6108,0,0,0,0
nearest,143.6108,-1
cover,143.6658,0,0,0,0
nearest,143.6659,-1
cover,143.7139,0,0,0,0
nearest,143.7139,-1
cover,143.7667,0,0,0,0
nearest,143.7668,-1
cover,143.825,0,0,0,0
nearest,143.825,-1
cover,143.8814,0,0,0,0
nearest,143.8814,-1
cover,143.9332,0,0,0,0
nearest,143.9332,-1
cover,143.9896,0,0,0,0
nearest,143.9896,-1
cover,144.0373,0,0,0,0
nearest,144.0373,-1
cover,144.0935,0,0,0,0
nearest,144.0936,-1
cover,144.1471,0,0,0,0
nearest,144.1472,-1
cover,144.201,0,0,0,0
nearest,144.2011,-1
cover,144.2555,0,0,0,0
nearest,144.2556,-1
cover,144.3095,0,0,0,0
nearest,144.3095,-1
cover,144.367,0,0,0,0
nearest,144.3671,-1
cover,144.4289,0,0,0,0
nearest,144.429,-1
cover,144.4872,1,0,1,0
nearest,144.4872,-1
cover,144.5418,1,0,1,0
nearest,144.5418,-1
cover,144.5997,0,0,0,0
nearest,144.5997,-1
cover,144.6632,0,0,0,0
nearest,144.6632,-1
cover,144.7184,0,0,0,0
nearest,144.7184,-1
cover,144.7741,0,0,0,0
nearest,144.7741,-1
cover,144.8313,0,0,0,0
nearest,144.8313,-1
cover,144.8846,0,0,0,0
nearest,144.8847,-1
cover,144.9429,0,0,0,0
nearest,144.9429,-1
cover,145.0022,0,0,0,0
nearest,145.0022,-1
cover,145.0536,0,0,0,0
nearest,145.0537,-1
cover,145.1046,0,0,0,0
nearest,145.1046,-1
cover,145.1541,0,0,0,0
nearest,145.1541,-1
cover,145.2051,0,0,0,0
nearest,145.2051,-1
cover,145.2534,0,0,0,0
nearest,145.2534,-1
cover,145.3067,0,0,0,0
nearest,145.3067,-1
cover,145.3599,0,0,0,0
nearest,145.3599,-1
cover,145.4134,0,0,0,0
nearest,145.4134,-1
cover,145.465,1,1,0,0
nearest,145.465,270.4
cover,145.5176,0,0,0,0
nearest,145.5176,-1
cover,145.5673,0,0,0,0
nearest,145.5673,-1
cover,145.6201,0,0,0,0
nearest,145.6201,-1
cover,145.6748,0,0,0,0
nearest,145.6748,-1
cover,145.7302,0,0,0,0
nearest,145.7302,-1
cover,145.7812,1,0,1,0
nearest,145.7813,-1
cover,145.8322,0,0,0,0
nearest,145.8322,-1
cover,145.8831,0,0,0,0
nearest,145.8831,-1
cover,145.9453,0,0,0,0
nearest,145.9453,-1
cover,145.9984,0,0,0,0
nearest,145.9984,-1
cover,146.0513,0,0,0,0
nearest,146.0513,-1
cover,146.1052,0,0,0,0
nearest,146.1052,-1
cover,146.1761,0,0,0,0
nearest,146.1762,-1
cover,146.2275,1,0,1,0
nearest,146.2275,-1
cover,146.2856,0,0,0,0
nearest,146.2856,-1
cover,146.3379,0,0,0,0
nearest,146.3379,-1
cover,146.3935,0,0,0,0
nearest,146.3936,-1
cover,146.4456,0,0,0,0
nearest,146.4456,-1
cover,146.4971,0,0,0,0
nearest,146.4971,-1
cover,146.5457,0,0,0,0
nearest,146.5458,-1
cover,146.5994,0,0,0,0
nearest,146.5995,-1
cover,146.6592,0,0,0,0
nearest,146.6592,-1
cover,146.7107,1,0,1,0
nearest,146.7108,-1
cover,146.7647,0,0,0,0
nearest,146.7647,-1
cover,146.8162,1,0,1,0
nearest,146.8163,-1
cover,146.8721,0,0,0,0
nearest,146.8721,-1
cover,146.9244,0,0,0,0
nearest,146.9245,-1
cover,146.9745,0,0,0,0
nearest,146.9746,-1
cover,147.0278,0,0,0,0
nearest,147.0279,-1
cover,147.0774,0,0,0,0
nearest,147.0774,-1
cover,147.1298,0,0,0,0
nearest,147.1299,-1
cover,147.1808,0,0,0,0
nearest,147.1808,-1
cover,147.2314,0,0,0,0
nearest,147.2315,-1
cover,147.2838,0,0,0,0
nearest,147.2838,-1
cover,147.337,0,0,0,0
nearest,147.3371,-1
cover,147.3912,0,0,0,0
nearest,147.3912,-1
cover,147.4525,0,0,0,0
nearest,147.4527,-1
cover,147.5054,0,0,0,0
nearest,147.5054,-1
cover,147.5607,0,0,0,0
nearest,147.5607,-1
cover,147.6121,0,0,0,0
nearest,147.6121,-1
cover,147.6747,0,0,0,0
nearest,147.6748,-1
cover,147.7344,0,0,0,0
nearest,147.7344,-1
cover,147.7878,0,0,0,0
nearest,147.7878,-1
cover,147.8395,0,0,0,0
nearest,147.8395,-1
cover,147.8889,0,0,0,0
nearest,147.889,-1
cover,147.9387,0,0,0,0
nearest,147.9388,-1
cover,147.9862,0,0,0,0
nearest,147.9863,-1
cover,148.0396,0,0,0,0
nearest,148.0397,-1
cover,148.0986,0,0,0,0
nearest,148.0986,-1
cover,148.1557,0,0,0,0
nearest,148.1557,-1
cover,148.2146,0,0,0,0
nearest,148.2147,-1
cover,148.2624,0,0,0,0
nearest,148.2624,-1
cover,148.3111,0,0,0,0
nearest,148.3111,-1
cover,148.3627,1,0,1,0
nearest,148.3627,-1
cover,148.433,1,0,1,0
nearest,148.433,-1
cover,148.4901,0,0,0,0
nearest,148.4901,-1
cover,148.541,0,0,0,0
nearest,148.5411,-1
cover,148.5938,0,0,0,0
nearest,148.5938,-1
cover,148.6505,1,0,1,0
nearest,148.6506,-1
cover,148.7036,0,0,0,0
nearest,148.7038,-1
cover,148.7539,0,0,0,0
nearest,148.7539,-1
cover,148.8101,0,0,0,0
nearest,148.8101,-1
cover,148.8644,0,0,0,0
nearest,148.8644,-1
cover,148.9141,0,0,0,0
nearest,148.9142,-1
cover,148.9688,0,0,0,0
nearest,148.9688,-1
cover,149.0204,0,0,0,0
nearest,149.0204,-1
cover,149.0741,0,0,0,0
nearest,149.0741,-1
cover,149.1203,0,0,0,0
nearest,149.1203,-1
cover,149.1707,0,0,0,0
nearest,149.1707,-1
cover,149.221,0,0,0,0
nearest,149.2211,-1
cover,149.2724,0,0,0,0
nearest,149.2725,-1
cover,149.3189,0,0,0,0
nearest,149.3189,-1
cover,149.3749,0,0,0,0
nearest,149.3749,-1
cover,149.432,0,0,0,0
nearest,149.432,-1
cover,149.4808,0,0,0,0
nearest,149.4808,-1
cover,149.5342,0,0,0,0
nearest,149.5342,-1
cover,149.5918,0,0,0,0
nearest,149.5918,-1
cover,149.6518,0,0,0,0
nearest,149.6518,-1
cover,149.7108,0,0,0,0
nearest,149.7108,-1
cover,149.7644,0,0,0,0
nearest,149.7644,-1
cover,149.8127,0,0,0,0
nearest,149.8128,-1
cover,149.8624,0,0,0,0
nearest,149.8624,-1
cover,149.9241,0,0,0,0
nearest,149.9241,-1
cover,149.9862,1,0,1,0
nearest,149.9862,-1
cover,150.0437,0,0,0,0
nearest,150.0437,-1
cover,150.1002,0,0,0,0
nearest,150.1002,-1
cover,150.1545,1,0,1,0
nearest,150.1545,-1
cover,150.2044,0,0,0,0
nearest,150.2045,-1
cover,150.2555,1,0,1,0
nearest,150.2556,-1
cover,150.3075,0,0,0,0
nearest,150.3075,-1
cover,150.357,0,0,0,0
nearest,150.357,-1
cover,150.4042,1,0,1,0
nearest,150.4042,-1
cover,150.4563,0,0,0,0
nearest,150.4564,-1
cover,150.5048,0,0,0,0
nearest,150.5049,-1
cover,150.5542,0,0,0,0
nearest,150.5542,-1
cover,150.6103,0,0,0,0
nearest,150.6104,-1
cover,150.664,1,0,1,0
nearest,150.664,-1
cover,150.7145,0,0,0,0
nearest,150.7145,-1
cover,150.7629,0,0,0,0
nearest,150.7629,-1
cover,150.811,0,0,0,0
nearest,150.811,-1
cover,150.8625,0,0,0,0
nearest,150.8625,-1
cover,150.9113,0,0,0,0
nearest,150.9113,-1
cover,150.9623,0,0,0,0
nearest,150.9623,-1
cover,151.0125,0,0,0,0
nearest,151.0126,-1
cover,151.0656,0,0,0,0
nearest,151.0657,-1
cover,151.1279,0,0,0,0
nearest,151.128,-1
cover,151.1853,0,0,0,0
nearest,151.1853,-1
cover,151.2453,0,0,0,0
nearest,151.2454,-1
cover,151.3169,0,0,0,0
nearest,151.317,-1
cover,151.3784,0,0,0,0
nearest,151.3784,-1
cover,151.4306,0,0,0,0
nearest,151.4306,-1
cover,151.4788,0,0,0,0
nearest,151.4788,-1
cover,151.5317,0,0,0,0
nearest,151.5317,-1
cover,151.5797,0,0,0,0
nearest,151.5797,-1
cover,151.6378,0,0,0,0
nearest,151.6378,-1
cover,151.694,0,0,0,0
nearest,151.694,-1
cover,151.7473,0,0,0,0
nearest,151.7473,-1
cover,151.7965,1,0,1,0
nearest,151.7965,-1
cover,151.8472,0,0,0,0
nearest,151.8473,-1
cover,151.8977,0,0,0,0
nearest,151.8977,-1
cover,151.9526,0,0,0,0
nearest,151.9526,-1
cover,152.012,0,0,0,0
nearest,152.012,-1
cover,152.0683,0,0,0,0
nearest,152.0683,-1
cover,152.1274,0,0,0,0
nearest,152.1274,-1
cover,152.1837,0,0,0,0
nearest,152.1837,-1
cover,152.2399,0,0,0,0
nearest,152.24,-1
cover,152.2912,0,0,0,0
nearest,152.2913,-1
cover,152.3515,0,0,0,0
nearest,152.3515,-1
cover,152.4069,1,0,1,0
nearest,152.4069,-1
cover,152.4592,0,0,0,0
nearest,152.4592,-1
cover,152.523,0,0,0,0
nearest,152.523,-1
cover,152.5805,0,0,0,0
nearest,152.5805,-1
cover,152.6322,0,0,0,0
nearest,152.6323,-1
cover,152.6805,1,0,1,0
nearest,152.6806,-1
cover,152.7327,0,0,0,0
nearest,152.7328,-1
cover,152.7977,0,0,0,0
nearest,152.7977,-1
cover,152.8652,0,0,0,0
nearest,152.8652,-1
cover,152.9378,0,0,0,0
nearest,152.9378,-1
cover,153.0203,0,0,0,0
nearest,153.0203,-1
cover,153.0748,0,0,0,0
nearest,153.0749,-1
cover,153.1365,0,0,0,0
nearest,153.1365,-1
cover,153.204,0,0,0,0
nearest,153.204,-1
cover,153.2778,0,0,0,0
nearest,153.2778,-1
cover,153.3599,1,0,1,0
nearest,153.3599,-1
cover,153.4342,0,0,0,0
nearest,153.4342,-1
cover,153.5088,0,0,0,0
nearest,153.5088,-1
cover,153.5873,0,0,0,0
nearest,153.5874,-1
cover,153.6497,0,0,0,0
nearest,153.6497,-1
cover,153.7095,0,0,0,0
nearest,153.7095,-1
cover,153.7627,0,0,0,0
nearest,153.7627,-1
cover,153.831,1,0,1,0
nearest,153.8311,-1
cover,153.8863,0,0,0,0
nearest,153.8863,-1
cover,153.9452,0,0,0,0
nearest,153.9452,-1
cover,154.003,0,0,0,0
nearest,154.0031,-1
cover,154.0539,0,0,0,0
nearest,154.0539,-1
cover,154.1056,0,0,0,0
nearest,154.1056,-1
cover,154.1583,0,0,0,0
nearest,154.1584,-1
cover,154.2185,0,0,0,0
nearest,154.2186,-1
cover,154.2789,0,0,0,0
nearest,154.2789,-1
cover,154.3319,0,0,0,0
nearest,154.332,-1
cover,154.3825,0,0,0,0
nearest,154.3825,-1
cover,154.4335,0,0,0,0
nearest,154.4335,-1
cover,154.4925,0,0,0,0
nearest,154.4925,-1
cover,154.551,0,0,0,0
nearest,154.5511,-1
cover,154.6189,2,0,2,0
nearest,154.619,-1
cover,154.6802,2,0,2,0
nearest,154.6803,-1
cover,154.7348,1,0,1,0
nearest,154.7349,-1
cover,154.7896,0,0,0,0
nearest,154.7896,-1
cover,154.8444,0,0,0,0
nearest,154.8444,-1
cover,154.8973,0,0,0,0
nearest,154.8973,-1
cover,154.9498,0,0,0,0
nearest,154.9498,-1
cover,155.009,0,0,0,0
nearest,155.009,-1
cover,155.0639,0,0,0,0
nearest,155.064,-1
cover,155.1116,0,0,0,0
nearest,155.1116,-1
cover,155.1624,0,0,0,0
nearest,155.1624,-1
cover,155.2161,0,0,0,0
nearest,155.2162,-1
cover,155.279,0,0,0,0
nearest,155.279,-1
cover,155.335,0,0,0,0
nearest,155.335,-1
cover,155.4024,0,0,0,0
nearest,155.4024,-1
cover,155.4544,1,1,0,0
nearest,155.4544,30.3
cover,155.5064,1,1,0,0
nearest,155.5064,31.4
cover,155.5569,1,1,0,0
nearest,155.5569,36.4
cover,155.6086,1,1,0,0
nearest,155.6087,37.1
cover,155.6669,0,0,0,0
nearest,155.6669,-1
cover,155.7221,0,0,0,0
nearest,155.7221,-1
cover,155.7723,0,0,0,0
nearest,155.7723,-1
cover,155.8229,0,0,0,0
nearest,155.823,-1
cover,155.8762,0,0,0,0
nearest,155.8762,-1
cover,155.9291,0,0,0,0
nearest,155.9291,-1
cover,155.9795,0,0,0,0
nearest,155.9796,-1
cover,156.0378,0,0,0,0
nearest,156.0379,-1
cover,156.117,0,0,0,0
nearest,156.117,-1
cover,156.1806,0,0,0,0
nearest,156.1806,-1
cover,156.2384,0,0,0,0
nearest,156.2384,-1
cover,156.2951,0,0,0,0
nearest,156.2951,-1
cover,156.3486,0,0,0,0
nearest,156.3486,-1
cover,156.4,0,0,0,0
nearest,156.4,-1
cover,156.455,0,0,0,0
nearest,156.455,-1
cover,156.5033,0,0,0,0
nearest,156.5033,-1
cover,156.5541,0,0,0,0
nearest,156.5541,-1
cover,156.6026,0,0,0,0
nearest,156.6026,-1
cover,156.6551,0,0,0,0
nearest,156.6551,-1
cover,156.7072,0,0,0,0
nearest,156.7073,-1
cover,156.7544,0,0,0,0
nearest,156.7545,-1
cover,156.8052,0,0,0,0
nearest,156.8052,-1
cover,156.8553,0,0,0,0
nearest,156.8554,-1
cover,156.8995,0,0,0,0
nearest,156.8995,-1
cover,156.953,0,0,0,0
nearest,156.953,-1
cover,157.002,0,0,0,0
nearest,157.0021,-1
cover,157.0541,0,0,0,0
nearest,157.0542,-1
cover,157.1051,0,0,0,0
nearest,157.1051,-1
cover,157.1499,0,0,0,0
nearest,157.1499,-1
cover,157.203,0,0,0,0
nearest,157.203,-1
cover,157.2519,0,0,0,0
nearest,157.252,-1
cover,157.3,0,0,0,0
nearest,157.3,-1
cover,157.3606,0,0,0,0
nearest,157.3606,-1
cover,157.4164,0,0,0,0
nearest,157.4164,-1
cover,157.485,0,0,0,0
nearest,157.485,-1
cover,157.539,0,0,0,0
nearest,157.5391,-1
cover,157.5908,0,0,0,0
nearest,157.5908,-1
cover,157.6391,0,0,0,0
nearest,157.6391,-1
cover,157.6961,1,0,1,0
nearest,157.6961,-1
cover,157.7458,1,0,1,0
nearest,157.7459,-1
cover,157.7962,0,0,0,0
nearest,157.7962,-1
cover,157.8508,1,0,1,0
nearest,157.8509,-1
cover,157.9092,0,0,0,0
nearest,157.9092,-1
cover,157.9628,0,0,0,0
nearest,157.9629,-1
cover,158.0143,0,0,0,0
nearest,158.0143,-1
cover,158.0643,1,0,1,0
nearest,158.0643,-1
cover,158.1146,0,0,0,0
nearest,158.1146,-1
cover,158.1663,0,0,0,0
nearest,158.1664,-1
cover,158.221,0,0,0,0
nearest,158.221,-1
cover,158.2707,1,0,1,0
nearest,158.2708,-1
cover,158.319,1,0,1,0
nearest,158.319,-1
cover,158.3764,0,0,0,0
nearest,158.3764,-1
cover,158.4474,0,0,0,0
nearest,158.4474,-1
cover,158.5052,0,0,0,0
nearest,158.5053,-1
cover,158.5576,0,0,0,0
nearest,158.5576,-1
cover,158.613,1,0,1,0
nearest,158.613,-1
cover,158.667,1,0,1,0
nearest,158.6671,-1
cover,158.7317,0,0,0,0
nearest,158.7317,-1
cover,158.7814,0,0,0,0
nearest,158.7814,-1
cover,158.8292,0,0,0,0
nearest,158.8292,-1
cover,158.8801,1,0,1,0
nearest,158.8802,-1
cover,158.9297,1,0,1,0
nearest,158.9297,-1
cover,158.9811,0,0,0,0
nearest,158.9812,-1
cover,159.0282,0,0,0,0
nearest,159.0283,-1
cover,159.0796,0,0,0,0
nearest,159.0796,-1
cover,159.129,0,0,0,0
nearest,159.1291,-1
cover,159.1777,0,0,0,0
nearest,159.1777,-1
cover,159.2286,0,0,0,0
nearest,159.2286,-1
cover,159.2859,0,0,0,0
nearest,159.2859,-1
cover,159.3392,0,0,0,0
nearest,159.3392,-1
cover,159.3909,0,0,0,0
nearest,159.3909,-1
cover,159.4411,0,0,0,0
nearest,159.4412,-1
cover,159.4911,0,0,0,0
nearest,159.4911,-1
cover,159.5411,0,0,0,0
nearest,159.5412,-1
cover,159.5955,0,0,0,0
nearest,159.5955,-1
cover,159.649,0,0,0,0
nearest,159.649,-1
cover,159.7032,0,0,0,0
nearest,159.7032,-1
cover,159.7536,0,0,0,0
nearest,159.7536,-1
cover,159.8064,0,0,0,0
nearest,159.8064,-1
cover,159.8589,0,0,0,0
nearest,159.8589,-1
cover,159.9163,0,0,0,0
nearest,159.9163,-1
cover,159.9732,0,0,0,0
nearest,159.9733,-1
cover,160.0173,0,0,0,0
nearest,160.0173,-1
cover,160.0745,0,0,0,0
nearest,160.0745,-1
cover,160.1294,0,0,0,0
nearest,160.1294,-1
cover,160.1785,0,0,0,0
nearest,160.1785,-1
cover,160.2315,0,0,0,0
nearest,160.2315,-1
cover,160.276,0,0,0,0
nearest,160.276,-1
cover,160.3259,0,0,0,0
nearest,160.3259,-1
cover,160.3748,0,0,0,0
nearest,160.3748,-1
cover,160.4304,0,0,0,0
nearest,160.4304,-1
cover,160.4803,0,0,0,0
nearest,160.4803,-1
cover,160.5338,0,0,0,0
nearest,160.5339,-1
cover,160.5891,0,0,0,0
nearest,160.5892,-1
cover,160.649,0,0,0,0
nearest,160.649,-1
cover,160.695,0,0,0,0
nearest,160.695,-1
cover,160.7475,0,0,0,0
nearest,160.7475,-1
cover,160.7912,0,0,0,0
nearest,160.7913,-1
cover,160.8441,0,0,0,0
nearest,160.8441,-1
cover,160.8972,0,0,0,0
nearest,160.8972,-1
cover,160.9455,0,0,0,0
nearest,160.9455,-1
cover,160.9952,0,0,0,0
nearest,160.9953,-1
cover,161.0442,0,0,0,0
nearest,161.0442,-1
cover,161.0947,0,0,0,0
nearest,161.0947,-1
cover,161.1439,0,0,0,0
nearest,161.1439,-1
cover,161.1951,0,0,0,0
nearest,161.1951,-1
cover,161.2458,0,0,0,0
nearest,161.2458,-1
cover,161.2996,0,0,0,0
nearest,161.2996,-1
cover,161.3594,0,0,0,0
nearest,161.3594,-1
cover,161.412,0,0,0,0
nearest,161.412,-1
cover,161.4629,0,0,0,0
nearest,161.4629,-1
cover,161.5177,0,0,0,0
nearest,161.5177,-1
cover,161.5706,0,0,0,0
nearest,161.5706,-1
cover,161.6232,0,0,0,0
nearest,161.6233,-1
cover,161.6822,0,0,0,0
nearest,161.6822,-1
cover,161.7299,0,0,0,0
nearest,161.7299,-1
cover,161.7826,0,0,0,0
nearest,161.7827,-1
cover,161.8404,0,0,0,0
nearest,161.8405,-1
cover,161.8923,0,0,0,0
nearest,161.8923,-1
cover,161.9492,0,0,0,0
nearest,161.9492,-1
cover,162.0053,0,0,0,0
nearest,162.0054,-1
cover,162.058,0,0,0,0
nearest,162.058,-1
cover,162.1142,0,0,0,0
nearest,162.1142,-1
cover,162.1645,0,0,0,0
nearest,162.1645,-1
cover,162.2109,0,0,0,0
nearest,162.2109,-1
cover,162.2613,0,0,0,0
nearest,162.2613,-1
cover,162.3107,0,0,0,0
nearest,162.3107,-1
cover,162.3596,0,0,0,0
nearest,162.3596,-1
cover,162.4106,0,0,0,0
nearest,162.4106,-1
cover,162.4625,0,0,0,0
nearest,162.4626,-1
cover,162.5121,0,0,0,0
nearest,162.5121,-1
cover,162.5624,0,0,0,0
nearest,162.5624,-1
cover,162.6179,0,0,0,0
nearest,162.6179,-1
cover,162.6735,0,0,0,0
nearest,162.6735,-1
cover,162.7319,0,0,0,0
nearest,162.7319,-1
cover,162.7816,0,0,0,0
nearest,162.7816,-1
cover,162.8278,0,0,0,0
nearest,162.8278,-1
cover,162.8788,0,0,0,0
nearest,162.8788,-1
cover,162.9271,0,0,0,0
nearest,162.9272,-1
cover,162.98,0,0,0,0
nearest,162.98,-1
cover,163.0357,0,0,0,0
nearest,163.0357,-1
cover,163.0852,0,0,0,0
nearest,163.0852,-1
cover,163.1368,0,0,0,0
nearest,163.1369,-1
cover,163.1867,0,0,0,0
nearest,163.1867,-1
cover,163.2382,0,0,0,0
nearest,163.2382,-1
cover,163.2899,0,0,0,0
nearest,163.2899,-1
cover,163.3346,0,0,0,0
nearest,163.3346,-1
cover,163.3852,0,0,0,0
nearest,163.3852,-1
cover,163.438,0,0,0,0
nearest,163.4381,-1
cover,163.4922,0,0,0,0
nearest,163.4922,-1
cover,163.5459,0,0,0,0
nearest,163.5459,-1
cover,163.5957,0,0,0,0
nearest,163.5958,-1
cover,163.649,0,0,0,0
nearest,163.649,-1
cover,163.7011,0,0,0,0
nearest,163.7012,-1
cover,163.7524,0,0,0,0
nearest,163.7524,-1
cover,163.8082,0,0,0,0
nearest,163.8082,-1
cover,163.8594,0,0,0,0
nearest,163.8595,-1
cover,163.9091,0,0,0,0
nearest,163.9091,-1
cover,163.9616,0,0,0,0
nearest,163.9616,-1
cover,164.0116,0,0,0,0
nearest,164.0116,-1
cover,164.0754,0,0,0,0
nearest,164.0754,-1
cover,164.1307,0,0,0,0
nearest,164.1307,-1
cover,164.178,0,0,0,0
nearest,164.178,-1
cover,164.2292,0,0,0,0
nearest,164.2293,-1
cover,164.279,0,0,0,0
nearest,164.279,-1
cover,164.3268,0,0,0,0
nearest,164.3269,-1
cover,164.3775,0,0,0,0
nearest,164.3775,-1
cover,164.425,0,0,0,0
nearest,164.4251,-1
cover,164.478,0,0,0,0
nearest,164.478,-1
cover,164.5297,0,0,0,0
nearest,164.5297,-1
cover,164.5801,0,0,0,0
nearest,164.5802,-1
cover,164.6334,0,0,0,0
nearest,164.6334,-1
cover,164.6879,0,0,0,0
nearest,164.6879,-1
cover,164.7348,0,0,0,0
nearest,164.7348,-1
cover,164.7873,0,0,0,0
nearest,164.7873,-1
cover,164.8475,0,0,0,0
nearest,164.8475,-1
cover,164.9052,0,0,0,0
nearest,164.9052,-1
cover,164.9591,0,0,0,0
nearest,164.9592,-1
cover,165.0115,0,0,0,0
nearest,165.0115,-1
cover,165.0608,0,0,0,0
nearest,165.0609,-1
cover,165.1128,0,0,0,0
nearest,165.1128,-1
cover,165.162,0,0,0,0
nearest,165.1621,-1
cover,165.2119,0,0,0,0
nearest,165.2119,-1
cover,165.2667,0,0,0,0
nearest,165.2668,-1
cover,165.3212,0,0,0,0
nearest,165.3212,-1
cover,165.3709,0,0,0,0
nearest,165.3709,-1
cover,165.4173,0,0,0,0
nearest,165.4173,-1
cover,165.4701,0,0,0,0
nearest,165.4701,-1
cover,165.521,0,0,0,0
nearest,165.521,-1
cover,165.5661,0,0,0,0
nearest,165.5661,-1
cover,165.6208,0,0,0,0
nearest,165.6209,-1
cover,165.6699,0,0,0,0
nearest,165.6699,-1
cover,165.722,0,0,0,0
nearest,165.7221,-1
cover,165.7701,0,0,0,0
nearest,165.7702,-1
cover,165.8206,0,0,0,0
nearest,165.8206,-1
cover,165.8691,0,0,0,0
nearest,165.8691,-1
cover,165.9181,0,0,0,0
nearest,165.9181,-1
cover,165.9692,0,0,0,0
nearest,165.9692,-1
cover,166.0234,0,0,0,0
nearest,166.0235,-1
cover,166.0878,0,0,0,0
nearest,166.0878,-1
cover,166.1385,0,0,0,0
nearest,166.1386,-1
cover,166.2096,0,0,0,0
nearest,166.2097,-1
cover,166.2646,0,0,0,0
nearest,166.2646,-1
cover,166.3132,0,0,0,0
nearest,166.3132,-1
cover,166.3708,0,0,0,0
nearest,166.3708,-1
cover,166.4277,0,0,0,0
nearest,166.4277,-1
cover,166.4814,0,0,0,0
nearest,166.4814,-1
cover,166.5394,0,0,0,0
nearest,166.5394,-1
cover,166.5907,0,0,0,0
nearest,166.5907,-1
cover,166.6489,0,0,0,0
nearest,166.6489,-1
cover,166.7045,0,0,0,0
nearest,166.7045,-1
cover,166.7568,0,0,0,0
nearest,166.7568,-1
cover,166.8133,0,0,0,0
nearest,166.8133,-1
cover,166.8664,0,0,0,0
nearest,166.8664,-1
cover,166.9239,0,0,0,0
nearest,166.9239,-1
cover,166.9812,0,0,0,0
nearest,166.9813,-1
cover,167.0282,0,0,0,0
nearest,167.0283,-1
cover,167.0821,0,0,0,0
nearest,167.0821,-1
cover,167.1361,0,0,0,0
nearest,167.1361,-1
cover,167.2026,0,0,0,0
nearest,167.2026,-1
cover,167.2614,0,0,0,0
nearest,167.2614,-1
cover,167.317,0,0,0,0
nearest,167.317,-1
cover,167.3763,0,0,0,0
nearest,167.3763,-1
cover,167.4327,0,0,0,0
nearest,167.4327,-1
cover,167.4909,0,0,0,0
nearest,167.4909,-1
cover,167.5446,0,0,0,0
nearest,167.5447,-1
cover,167.6018,0,0,0,0
nearest,167.6018,-1
cover,167.6611,0,0,0,0
nearest,167.6612,-1
cover,167.7198,0,0,0,0
nearest,167.7198,-1
cover,167.7822,0,0,0,0
nearest,167.7822,-1
cover,167.85,0,0,0,0
nearest,167.85,-1
cover,167.9096,0,0,0,0
nearest,167.9097,-1
cover,167.9675,0,0,0,0
nearest,167.9675,-1
cover,168.0289,0,0,0,0
nearest,168.0289,-1
cover,168.0828,0,0,0,0
nearest,168.0828,-1
cover,168.1428,0,0,0,0
nearest,168.1428,-1
cover,168.2066,0,0,0,0
nearest,168.2066,-1
cover,168.2624,1,1,0,0
nearest,168.2624,218.5
cover,168.3202,0,0,0,0
nearest,168.3202,-1
cover,168.3851,0,0,0,0
nearest,168.3852,-1
cover,168.4465,0,0,0,0
nearest,168.4466,-1
cover,168.5086,0,0,0,0
nearest,168.5086,-1
cover,168.5665,0,0,0,0
nearest,168.5665,-1
cover,168.6298,0,0,0,0
nearest,168.6298,-1
cover,168.6872,0,0,0,0
nearest,168.6872,-1
cover,168.7472,0,0,0,0
nearest,168.7473,-1
cover,168.8052,0,0,0,0
nearest,168.8052,-1
cover,168.86,0,0,0,0
nearest,168.86,-1
cover,168.9152,0,0,0,0
nearest,168.9152,-1
cover,168.9643,0,0,0,0
nearest,168.9643,-1
cover,169.0154,0,0,0,0
nearest,169.0154,-1
cover,169.063,0,0,0,0
nearest,169.063,-1
cover,169.1139,0,0,0,0
nearest,169.1139,-1
cover,169.1612,0,0,0,0
nearest,169.1612,-1
cover,169.2136,0,0,0,0
nearest,169.2136,-1
cover,169.2707,0,0,0,0
nearest,169.2708,-1
cover,169.3518,0,0,0,0
nearest,169.3518,-1
cover,169.4138,0,0,0,0
nearest,169.4138,-1
cover,169.4625,0,0,0,0
nearest,169.4625,-1
cover,169.5135,0,0,0,0
nearest,169.5135,-1
cover,169.5604,0,0,0,0
nearest,169.5604,-1
cover,169.6125,0,0,0,0
nearest,169.6125,-1
cover,169.6679,0,0,0,0
nearest,169.6679,-1
cover,169.7286,0,0,0,0
nearest,169.7286,-1
cover,169.8052,0,0,0,0
nearest,169.8053,-1
cover,169.8552,0,0,0,0
nearest,169.8552,-1
cover,169.905,0,0,0,0
nearest,169.905,-1
cover,169.9698,0,0,0,0
nearest,169.9698,-1
cover,170.0165,0,0,0,0
nearest,170.0166,-1
cover,170.0707,0,0,0,0
nearest,170.0708,-1
cover,170.1264,0,0,0,0
nearest,170.1264,-1
cover,170.1745,0,0,0,0
nearest,170.1745,-1
cover,170.2329,0,0,0,0
nearest,170.2329,-1
cover,170.2879,0,0,0,0
nearest,170.2879,-1
cover,170.3422,0,0,0,0
nearest,170.3422,-1
cover,170.397,0,0,0,0
nearest,170.397,-1
cover,170.4481,0,0,0,0
nearest,170.4481,-1
cover,170.5023,0,0,0,0
nearest,170.5023,-1
cover,170.5533,0,0,0,0
nearest,170.5533,-1
cover,170.6036,0,0,0,0
nearest,170.6036,-1
cover,170.6504,0,0,0,0
nearest,170.6505,-1
cover,170.7002,0,0,0,0
nearest,170.7002,-1
cover,170.7549,0,0,0,0
nearest,170.7549,-1
cover,170.8044,0,0,0,0
nearest,170.8045,-1
cover,170.8533,0,0,0,0
nearest,170.8534,-1
cover,170.9008,0,0,0,0
nearest,170.9008,-1
cover,170.954,0,0,0,0
nearest,170.954,-1
cover,171.0086,0,0,0,0
nearest,171.0086,-1
cover,171.0587,0,0,0,0
nearest,171.0587,-1
cover,171.1078,0,0,0,0
nearest,171.1079,-1
cover,171.1553,0,0,0,0
nearest,171.1553,-1
cover,171.2063,0,0,0,0
nearest,171.2063,-1
cover,171.2575,0,0,0,0
nearest,171.2576,-1
cover,171.3076,0,0,0,0
nearest,171.3076,-1
cover,171.3597,0,0,0,0
nearest,171.3597,-1
cover,171.4079,0,0,0,0
nearest,171.4079,-1
cover,171.454,0,0,0,0
nearest,171.454,-1
cover,171.5006,0,0,0,0
nearest,171.5006,-1
cover,171.5492,0,0,0,0
nearest,171.5492,-1
cover,171.599,0,0,0,0
nearest,171.599,-1
cover,171.6476,0,0,0,0
nearest,171.6476,-1
cover,171.6913,0,0,0,0
nearest,171.6914,-1
cover,171.7513,0,0,0,0
nearest,171.7513,-1
cover,171.8018,0,0,0,0
nearest,171.8018,-1
cover,171.8601,0,0,0,0
nearest,171.8601,-1
cover,171.9247,0,0,0,0
nearest,171.9247,-1
cover,171.986,0,0,0,0
nearest,171.986,-1
cover,172.0467,0,0,0,0
nearest,172.0467,-1
cover,172.1048,0,0,0,0
nearest,172.1048,-1
cover,172.1571,0,0,0,0
nearest,172.1572,-1
cover,172.2059,0,0,0,0
nearest,172.2059,-1
cover,172.2565,0,0,0,0
nearest,172.2565,-1
cover,172.3066,0,0,0,0
nearest,172.3066,-1
cover,172.3659,0,0,0,0
nearest,172.3659,-1
cover,172.4273,0,0,0,0
nearest,172.4274,-1
cover,172.4978,0,0,0,0
nearest,172.4978,-1
cover,172.5665,0,0,0,0
nearest,172.5665,-1
cover,172.6408,0,0,0,0
nearest,172.6408,-1
cover,172.6905,0,0,0,0
nearest,172.6905,-1
cover,172.7488,0,0,0,0
nearest,172.7488,-1
cover,172.8331,0,0,0,0
nearest,172.8331,-1
cover,172.885,0,0,0,0
nearest,172.885,-1
cover,172.9402,0,0,0,0
nearest,172.9402,-1
cover,172.9898,0,0,0,0
nearest,172.9898,-1
cover,173.037,0,0,0,0
nearest,173.037,-1
cover,173.0893,0,0,0,0
nearest,173.0894,-1
cover,173.1367,0,0,0,0
nearest,173.1367,-1
cover,173.1894,0,0,0,0
nearest,173.1894,-1
cover,173.235,0,0,0,0
nearest,173.235,-1
cover,173.2764,0,0,0,0
nearest,173.2764,-1
cover,173.3275,0,0,0,0
nearest,173.3275,-1
cover,173.3828,0,0,0,0
nearest,173.3828,-1
cover,173.4453,0,0,0,0
nearest,173.4453,-1
cover,173.4991,0,0,0,0
nearest,173.4992,-1
cover,173.5522,0,0,0,0
nearest,173.5523,-1
cover,173.6081,0,0,0,0
nearest,173.6081,-1
cover,173.6556,0,0,0,0
nearest,173.6557,-1
cover,173.7377,0,0,0,0
nearest,173.7377,-1
cover,173.7963,0,0,0,0
nearest,173.7964,-1
cover,173.8529,0,0,0,0
nearest,173.853,-1
cover,173.9061,0,0,0,0
nearest,173.9061,-1
cover,173.9538,0,0,0,0
nearest,173.9538,-1
cover,174.0049,0,0,0,0
nearest,174.005,-1
cover,174.0547,0,0,0,0
nearest,174.0547,-1
cover,174.1062,0,0,0,0
nearest,174.1062,-1
cover,174.1514,0,0,0,0
nearest,174.1514,-1
cover,174.1945,0,0,0,0
nearest,174.1945,-1
cover,174.2427,0,0,0,0
nearest,174.2427,-1
cover,174.2834,0,0,0,0
nearest,174.2835,-1
cover,174.3289,0,0,0,0
nearest,174.3289,-1
cover,174.3807,0,0,0,0
nearest,174.3808,-1
cover,174.4305,0,0,0,0
nearest,174.4305,-1
cover,174.4817,0,0,0,0
nearest,174.4817,-1
cover,174.5303,0,0,0,0
nearest,174.5303,-1
cover,174.58,0,0,0,0
nearest,174.5801,-1
cover,174.6264,0,0,0,0
nearest,174.6264,-1
cover,174.6691,0,0,0,0
nearest,174.6691,-1
cover,174.7239,0,0,0,0
nearest,174.724,-1
cover,174.7693,0,0,0,0
nearest,174.7693,-1
cover,174.8151,0,0,0,0
nearest,174.8151,-1
cover,174.86,0,0,0,0
nearest,174.8601,-1
cover,174.9193,0,0,0,0
nearest,174.9194,-1
cover,174.9935,0,0,0,0
nearest,174.9936,-1
cover,175.0545,0,0,0,0
nearest,175.0545,-1
cover,175.1096,0,0,0,0
nearest,175.1096,-1
cover,175.1709,0,0,0,0
nearest,175.171,-1
cover,175.2325,0,0,0,0
nearest,175.2325,-1
cover,175.3016,0,0,0,0
nearest,175.3016,-1
cover,175.3666,0,0,0,0
nearest,175.3666,-1
cover,175.422,3,0,3,0
nearest,175.4221,-1
cover,175.4914,3,0,3,0
nearest,175.4914,-1
cover,175.5371,3,0,3,0
nearest,175.5371,-1
cover,175.5813,3,0,3,0
nearest,175.5813,-1
cover,175.6329,3,0,3,0
nearest,175.633,-1
cover,175.6882,3,0,3,0
nearest,175.6882,-1
cover,175.7445,3,0,3,0
nearest,175.7445,-1
cover,175.8009,3,0,3,0
nearest,175.8009,-1
cover,175.8653,3,0,3,0
nearest,175.8654,-1
cover,175.9261,3,0,3,0
nearest,175.9261,-1
cover,175.9743,3,0,3,0
nearest,175.9744,-1
cover,176.0253,3,0,3,0
nearest,176.0253,-1
cover,176.0757,3,0,3,0
nearest,176.0757,-1
cover,176.1252,3,0,3,0
nearest,176.1252,-1
cover,176.176,3,0,3,0
nearest,176.176,-1
cover,176.2268,3,0,3,0
nearest,176.2268,-1
cover,176.2718,3,0,3,0
nearest,176.2718,-1
cover,176.3332,3,0,3,0
nearest,176.3333,-1
cover,176.3944,3,0,3,0
nearest,176.3944,-1
cover,176.4495,3,0,3,0
nearest,176.4495,-1
cover,176.4982,3,0,3,0
nearest,176.4983,-1
cover,176.5526,3,0,3,0
nearest,176.5526,-1
cover,176.6055,3,0,3,0
nearest,176.6055,-1
cover,176.6653,3,0,3,0
nearest,176.6654,-1
cover,176.7205,3,0,3,0
nearest,176.7206,-1
cover,176.7678,3,0,3,0
nearest,176.7678,-1
cover,176.8108,3,0,3,0
nearest,176.8108,-1
cover,176.8613,3,0,3,0
nearest,176.8614,-1
cover,176.9097,3,0,3,0
nearest,176.9097,-1
cover,176.965,3,0,3,0
nearest,176.965,-1
cover,177.0188,3,0,3,0
nearest,177.0188,-1
cover,177.0754,3,0,3,0
nearest,177.0754,-1
cover,177.1344,3,0,3,0
nearest,177.1344,-1
cover,177.1921,3,0,3,0
nearest,177.1921,-1
cover,177.2487,0,0,0,0
nearest,177.2487,-1
cover,177.2998,0,0,0,0
nearest,177.2999,-1
cover,177.3563,0,0,0,0
nearest,177.3563,-1
cover,177.4162,0,0,0,0
nearest,177.4162,-1
cover,177.4699,0,0,0,0
nearest,177.4699,-1
cover,177.5359,0,0,0,0
nearest,177.536,-1
cover,177.5883,0,0,0,0
nearest,177.5883,-1
cover,177.6371,0,0,0,0
nearest,177.6371,-1
cover,177.6905,0,0,0,0
nearest,177.6905,-1
cover,177.7365,0,0,0,0
nearest,177.7365,-1
cover,177.8028,0,0,0,0
nearest,177.8028,-1
cover,177.8576,0,0,0,0
nearest,177.8576,-1
cover,177.9142,0,0,0,0
nearest,177.9142,-1
cover,177.9655,0,0,0,0
nearest,177.9655,-1
cover,178.0336,0,0,0,0
nearest,178.0336,-1
cover,178.0885,0,0,0,0
nearest,178.0885,-1
cover,178.1476,0,0,0,0
nearest,178.1477,-1
cover,178.2,0,0,0,0
nearest,178.2,-1
cover,178.2491,0,0,0,0
nearest,178.2491,-1
cover,178.2985,0,0,0,0
nearest,178.2985,-1
cover,178.3522,0,0,0,0
nearest,178.3522,-1
cover,178.3991,0,0,0,0
nearest,178.3991,-1
cover,178.4571,0,0,0,0
nearest,178.4571,-1
cover,178.5046,0,0,0,0
nearest,178.5046,-1
cover,178.5658,0,0,0,0
nearest,178.5659,-1
cover,178.6294,0,0,0,0
nearest,178.6294,-1
cover,178.6792,0,0,0,0
nearest,178.6792,-1
cover,178.7236,0,0,0,0
nearest,178.7236,-1
cover,178.7786,0,0,0,0
nearest,178.7786,-1
cover,178.8366,0,0,0,0
nearest,178.8366,-1
cover,178.8967,1,0,1,0
nearest,178.8967,-1
cover,178.9495,0,0,0,0
nearest,178.9495,-1
cover,179.0013,0,0,0,0
nearest,179.0013,-1
cover,179.0504,0,0,0,0
nearest,179.0504,-1
cover,179.0981,0,0,0,0
nearest,179.0981,-1
cover,179.1544,0,0,0,0
nearest,179.1544,-1
cover,179.1995,0,0,0,0
nearest,179.1995,-1
cover,179.243,0,0,0,0
nearest,179.243,-1
cover,179.2883,0,0,0,0
nearest,179.2884,-1
cover,179.3347,0,0,0,0
nearest,179.3347,-1
cover,179.378,0,0,0,0
nearest,179.378,-1
cover,179.4293,0,0,0,0
nearest,179.4293,-1
cover,179.4848,0,0,0,0
nearest,179.4848,-1
cover,179.5328,0,0,0,0
nearest,179.5328,-1
cover,179.5926,0,0,0,0
nearest,179.5926,-1
cover,179.6379,0,0,0,0
nearest,179.6379,-1
cover,179.6872,0,0,0,0
nearest,179.6872,-1
cover,179.741,0,0,0,0
nearest,179.741,-1
cover,179.7989,0,0,0,0
nearest,179.7989,-1
cover,179.841,0,0,0,0
nearest,179.841,-1
cover,179.8922,0,0,0,0
nearest,179.8922,-1
cover,179.946,0,0,0,0
nearest,179.946,-1
cover,179.9935,0,0,0,0
nearest,179.9935,-1
cover,180.0539,0,0,0,0
nearest,180.0539,-1
cover,180.1008,0,0,0,0
nearest,180.1008,-1
cover,180.1601,0,0,0,0
nearest,180.1601,-1
cover,180.2158,0,0,0,0
nearest,180.2158,-1
cover,180.2664,0,0,0,0
nearest,180.2664,-1
cover,180.3147,0,0,0,0
nearest,180.3148,-1
cover,180.3658,0,0,0,0
nearest,180.3659,-1
cover,180.42,0,0,0,0
nearest,180.4201,-1
cover,180.4682,0,0,0,0
nearest,180.4682,-1
cover,180.5229,0,0,0,0
nearest,180.5229,-1
cover,180.569,0,0,0,0
nearest,180.569,-1
cover,180.637,0,0,0,0
nearest,180.637,-1
cover,180.6902,0,0,0,0
nearest,180.6902,-1
cover,180.7365,0,0,0,0
nearest,180.7365,-1
cover,180.7778,0,0,0,0
nearest,180.7778,-1
cover,180.8335,0,0,0,0
nearest,180.8335,-1
cover,180.8885,0,0,0,0
nearest,180.8885,-1
cover,180.9461,0,0,0,0
nearest,180.9462,-1
cover,180.9971,0,0,0,0
nearest,180.9972,-1
cover,181.0447,0,0,0,0
nearest,181.0447,-1
cover,181.0995,0,0,0,0
nearest,181.0995,-1
cover,181.1508,0,0,0,0
nearest,181.1509,-1
cover,181.1999,0,0,0,0
nearest,181.1999,-1
cover,181.2531,0,0,0,0
nearest,181.2532,-1
cover,181.3115,0,0,0,0
nearest,181.3116,-1
cover,181.3696,0,0,0,0
nearest,181.3696,-1
cover,181.4168,0,0,0,0
nearest,181.4168,-1
cover,181.4657,0,0,0,0
nearest,181.4657,-1
cover,181.5195,0,0,0,0
nearest,181.5195,-1
cover,181.5661,0,0,0,0
nearest,181.5661,-1
cover,181.6193,0,0,0,0
nearest,181.6194,-1
cover,181.6666,0,0,0,0
nearest,181.6666,-1
cover,181.72,0,0,0,0
nearest,181.72,-1
cover,181.7749,0,0,0,0
nearest,181.775,-1
cover,181.8252,0,0,0,0
nearest,181.8252,-1
cover,181.8703,0,0,0,0
nearest,181.8703,-1
cover,181.927,0,0,0,0
nearest,181.927,-1
cover,181.9694,0,0,0,0
nearest,181.9694,-1
cover,182.0119,0,0,0,0
nearest,182.0119,-1
cover,182.0564,0,0,0,0
nearest,182.0565,-1
cover,182.103,0,0,0,0
nearest,182.103,-1
cover,182.1609,0,0,0,0
nearest,182.1609,-1
cover,182.2096,0,0,0,0
nearest,182.2096,-1
cover,182.2664,0,0,0,0
nearest,182.2664,-1
cover,182.3342,0,0,0,0
nearest,182.3342,-1
cover,182.3922,0,0,0,0
nearest,182.3922,-1
cover,182.4406,0,0,0,0
nearest,182.4406,-1
cover,182.4994,0,0,0,0
nearest,182.4994,-1
cover,182.5508,0,0,0,0
nearest,182.5509,-1
cover,182.5943,0,0,0,0
nearest,182.5944,-1
cover,182.655,0,0,0,0
nearest,182.655,-1
cover,182.7037,0,0,0,0
nearest,182.7038,-1
cover,182.7477,0,0,0,0
nearest,182.7478,-1
cover,182.795,0,0,0,0
nearest,182.795,-1
cover,182.8514,0,0,0,0
nearest,182.8514,-1
cover,182.8988,0,0,0,0
nearest,182.8988,-1
cover,182.9502,0,0,0,0
nearest,182.9502,-1
cover,182.9903,0,0,0,0
nearest,182.9903,-1
cover,183.0369,0,0,0,0
nearest,183.0369,-1
cover,183.0992,0,0,0,0
nearest,183.0992,-1
cover,183.156,0,0,0,0
nearest,183.156,-1
cover,183.2017,0,0,0,0
nearest,183.2018,-1
cover,183.2507,0,0,0,0
nearest,183.2508,-1
cover,183.2991,0,0,0,0
nearest,183.2992,-1
cover,183.3573,0,0,0,0
nearest,183.3574,-1
cover,183.4061,0,0,0,0
nearest,183.4061,-1
cover,183.4681,0,0,0,0
nearest,183.4682,-1
cover,183.5253,0,0,0,0
nearest,183.5253,-1
cover,183.5742,0,0,0,0
nearest,183.5742,-1
cover,183.6295,0,0,0,0
nearest,183.6296,-1
cover,183.6816,0,0,0,0
nearest,183.6816,-1
cover,183.755,0,0,0,0
nearest,183.755,-1
cover,183.8106,0,0,0,0
nearest,183.8106,-1
cover,183.8752,0,0,0,0
nearest,183.8752,-1
cover,183.9458,0,0,0,0
nearest,183.9458,-1
cover,184.0089,0,0,0,0
nearest,184.009,-1
cover,184.0799,0,0,0,0
nearest,184.0799,-1
cover,184.1509,0,0,0,0
nearest,184.1509,-1
cover,184.2062,0,0,0,0
nearest,184.2063,-1
cover,184.2631,0,0,0,0
nearest,184.2631,-1
cover,184.3286,0,0,0,0
nearest,184.3287,-1
cover,184.4037,0,0,0,0
nearest,184.4038,-1
cover,184.4772,0,0,0,0
nearest,184.4772,-1
cover,184.5332,0,0,0,0
nearest,184.5333,-1
cover,184.5903,0,0,0,0
nearest,184.5903,-1
cover,184.6519,0,0,0,0
nearest,184.6519,-1
cover,184.7083,0,0,0,0
nearest,184.7083,-1
cover,184.7681,0,0,0,0
nearest,184.7681,-1
cover,184.8344,0,0,0,0
nearest,184.8344,-1
cover,184.8878,0,0,0,0
nearest,184.8879,-1
cover,184.9458,0,0,0,0
nearest,184.9458,-1
cover,185.009,0,0,0,0
nearest,185.009,-1
cover,185.0688,0,0,0,0
nearest,185.0688,-1
cover,185.1311,0,0,0,0
nearest,185.1312,-1
cover,185.1889,0,0,0,0
nearest,185.1889,-1
cover,185.252,0,0,0,0
nearest,185.252,-1
cover,185.3084,0,0,0,0
nearest,185.3084,-1
cover,185.3757,0,0,0,0
nearest,185.3758,-1
cover,185.4346,0,0,0,0
nearest,185.4346,-1
cover,185.4919,0,0,0,0
nearest,185.4919,-1
cover,185.5492,0,0,0,0
nearest,185.5492,-1
cover,185.604,0,0,0,0
nearest,185.604,-1
cover,185.6701,0,0,0,0
nearest,185.6701,-1
cover,185.7276,0,0,0,0
nearest,185.7276,-1
cover,185.7891,0,0,0,0
nearest,185.7891,-1
cover,185.8559,0,0,0,0
nearest,185.8559,-1
cover,185.9207,0,0,0,0
nearest,185.9207,-1
cover,185.9836,0,0,0,0
nearest,185.9837,-1
cover,186.0482,0,0,0,0
nearest,186.0482,-1
cover,186.0953,0,0,0,0
nearest,186.0954,-1
cover,186.1579,0,0,0,0
nearest,186.158,-1
cover,186.2136,0,0,0,0
nearest,186.2136,-1
cover,186.2721,0,0,0,0
nearest,186.2721,-1
cover,186.3307,0,0,0,0
nearest,186.3307,-1
cover,186.3785,0,0,0,0
nearest,186.3785,-1
cover,186.4281,0,0,0,0
nearest,186.4281,-1
cover,186.474,0,0,0,0
nearest,186.474,-1
cover,186.5259,0,0,0,0
nearest,186.5259,-1
cover,186.5766,0,0,0,0
nearest,186.5766,-1
cover,186.6311,0,0,0,0
nearest,186.6311,-1
cover,186.6772,0,0,0,0
nearest,186.6773,-1
cover,186.7242,0,0,0,0
nearest,186.7242,-1
cover,186.7698,0,0,0,0
nearest,186.7698,-1
cover,186.8333,0,0,0,0
nearest,186.8333,-1
cover,186.9002,0,0,0,0
nearest,186.9002,-1
cover,186.9656,0,0,0,0
nearest,186.9656,-1
cover,187.0347,0,0,0,0
nearest,187.0347,-1
cover,187.1048,0,0,0,0
nearest,187.1049,-1
cover,187.1638,0,0,0,0
nearest,187.1638,-1
cover,187.2089,0,0,0,0
nearest,187.2089,-1
cover,187.2633,0,0,0,0
nearest,187.2633,-1
cover,187.3131,0,0,0,0
nearest,187.3132,-1
cover,187.3734,0,0,0,0
nearest,187.3734,-1
cover,187.4317,0,0,0,0
nearest,187.4318,-1
cover,187.4891,0,0,0,0
nearest,187.4891,-1
cover,187.5389,0,0,0,0
nearest,187.5389,-1
cover,187.6165,0,0,0,0
nearest,187.6166,-1
cover,187.6908,0,0,0,0
nearest,187.6908,-1
cover,187.7651,0,0,0,0
nearest,187.7651,-1
cover,187.8363,0,0,0,0
nearest,187.8364,-1
cover,187.9039,0,0,0,0
nearest,187.9042,-1
cover,187.9632,0,0,0,0
nearest,187.9632,-1
cover,188.0214,0,0,0,0
nearest,188.0214,-1
cover,188.0918,0,0,0,0
nearest,188.0919,-1
cover,188.1773,0,0,0,0
nearest,188.1774,-1
cover,188.2283,0,0,0,0
nearest,188.2283,-1
cover,188.2777,0,0,0,0
nearest,188.2777,-1
cover,188.3376,0,0,0,0
nearest,188.3376,-1
cover,188.4002,0,0,0,0
nearest,188.4002,-1
cover,188.4553,0,0,0,0
nearest,188.4553,-1
cover,188.5022,0,0,0,0
nearest,188.5022,-1
cover,188.553,0,0,0,0
nearest,188.553,-1
cover,188.6137,0,0,0,0
nearest,188.6137,-1
cover,188.6711,0,0,0,0
nearest,188.6712,-1
cover,188.7254,0,0,0,0
nearest,188.7254,-1
cover,188.7767,0,0,0,0
nearest,188.7768,-1
cover,188.8303,0,0,0,0
nearest,188.8303,-1
cover,188.8859,0,0,0,0
nearest,188.8859,-1
cover,188.9708,0,0,0,0
nearest,188.9708,-1
cover,189.0395,0,0,0,0
nearest,189.0396,-1
cover,189.0995,0,0,0,0
nearest,189.0995,-1
cover,189.1612,0,0,0,0
nearest,189.1612,-1
cover,189.2109,0,0,0,0
nearest,189.211,-1
cover,189.2666,0,0,0,0
nearest,189.2666,-1
cover,189.3137,0,0,0,0
nearest,189.3137,-1
cover,189.3619,0,0,0,0
nearest,189.3619,-1
cover,189.426,0,0,0,0
nearest,189.426,-1
cover,189.4736,0,0,0,0
nearest,189.4737,-1
cover,189.5226,0,0,0,0
nearest,189.5226,-1
cover,189.5939,0,0,0,0
nearest,189.5939,-1
cover,189.661,0,0,0,0
nearest,189.661,-1
cover,189.7182,0,0,0,0
nearest,189.7183,-1
cover,189.7644,0,0,0,0
nearest,189.7644,-1
cover,189.8146,0,0,0,0
nearest,189.8146,-1
cover,189.8637,0,0,0,0
nearest,189.8637,-1
cover,189.9099,0,0,0,0
nearest,189.9099,-1
cover,189.9578,0,0,0,0
nearest,189.9578,-1
cover,190.0045,0,0,0,0
nearest,190.0045,-1
cover,190.0505,0,0,0,0
nearest,190.0505,-1
cover,190.0997,0,0,0,0
nearest,190.0997,-1
cover,190.1443,0,0,0,0
nearest,190.1444,-1
cover,190.1953,0,0,0,0
nearest,190.1953,-1
cover,190.2489,0,0,0,0
nearest,190.249,-1
cover,190.2965,0,0,0,0
nearest,190.2966,-1
cover,190.3463,0,0,0,0
nearest,190.3463,-1
cover,190.3951,0,0,0,0
nearest,190.3951,-1
cover,190.4417,0,0,0,0
nearest,190.4417,-1
cover,190.492,0,0,0,0
nearest,190.492,-1
cover,190.5423,0,0,0,0
nearest,190.5423,-1
cover,190.5831,0,0,0,0
nearest,190.5831,-1
cover,190.6244,0,0,0,0
nearest,190.6244,-1
cover,190.6704,0,0,0,0
nearest,190.6704,-1
cover,190.7186,0,0,0,0
nearest,190.7187,-1
cover,190.7612,0,0,0,0
nearest,190.7612,-1
cover,190.8085,0,0,0,0
nearest,190.8085,-1
cover,190.8584,0,0,0,0
nearest,190.8584,-1
cover,190.9112,0,0,0,0
nearest,190.9112,-1
cover,190.9707,0,0,0,0
nearest,190.9708,-1
cover,191.0227,0,0,0,0
nearest,191.0227,-1
cover,191.0697,0,0,0,0
nearest,191.0697,-1
cover,191.1165,0,0,0,0
nearest,191.1166,-1
cover,191.1639,0,0,0,0
nearest,191.1639,-1
cover,191.214,0,0,0,0
nearest,191.214,-1
cover,191.2613,0,0,0,0
nearest,191.2613,-1
cover,191.3114,0,0,0,0
nearest,191.3115,-1
cover,191.3698,0,0,0,0
nearest,191.3699,-1
cover,191.4222,0,0,0,0
nearest,191.4222,-1
cover,191.4761,0,0,0,0
nearest,191.4761,-1
cover,191.524,0,0,0,0
nearest,191.524,-1
cover,191.5719,0,0,0,0
nearest,191.5719,-1
cover,191.6155,0,0,0,0
nearest,191.6156,-1
cover,191.6613,0,0,0,0
nearest,191.6613,-1
cover,191.7073,0,0,0,0
nearest,191.7074,-1
cover,191.7592,0,0,0,0
nearest,191.7592,-1
cover,191.8477,0,0,0,0
nearest,191.8477,-1
cover,191.8936,0,0,0,0
nearest,191.8936,-1
cover,191.933,0,0,0,0
nearest,191.933,-1
cover,191.9718,0,0,0,0
nearest,191.9718,-1
cover,192.017,0,0,0,0
nearest,192.017,-1
cover,192.0584,0,0,0,0
nearest,192.0584,-1
cover,192.0982,0,0,0,0
nearest,192.0982,-1
cover,192.1392,0,0,0,0
nearest,192.1392,-1
cover,192.183,0,0,0,0
nearest,192.183,-1
cover,192.2307,0,0,0,0
nearest,192.2307,-1
cover,192.274,0,0,0,0
nearest,192.2741,-1
cover,192.315,0,0,0,0
nearest,192.3151,-1
cover,192.3548,0,0,0,0
nearest,192.3548,-1
cover,192.405,0,0,0,0
nearest,192.405,-1
cover,192.4477,0,0,0,0
nearest,192.4478,-1
cover,192.4914,0,0,0,0
nearest,192.4915,-1
cover,192.5385,0,0,0,0
nearest,192.5385,-1
cover,192.5909,0,0,0,0
nearest,192.5909,-1
cover,192.6306,0,0,0,0
nearest,192.6306,-1
cover,192.6815,0,0,0,0
nearest,192.6816,-1
cover,192.7287,0,0,0,0
nearest,192.7287,-1
cover,192.7805,0,0,0,0
nearest,192.7805,-1
cover,192.8226,0,0,0,0
nearest,192.8226,-1
cover,192.8623,0,0,0,0
nearest,192.8623,-1
cover,192.907,0,0,0,0
nearest,192.9071,-1
cover,192.9529,0,0,0,0
nearest,192.9529,-1
cover,193.0077,0,0,0,0
nearest,193.0077,-1
cover,193.0591,0,0,0,0
nearest,193.0591,-1
cover,193.1089,0,0,0,0
nearest,193.1089,-1
cover,193.1598,0,0,0,0
nearest,193.1599,-1
cover,193.1977,0,0,0,0
nearest,193.1978,-1
cover,193.2401,0,0,0,0
nearest,193.2401,-1
cover,193.2851,0,0,0,0
nearest,193.2851,-1
cover,193.324,0,0,0,0
nearest,193.324,-1
cover,193.3684,0,0,0,0
nearest,193.3685,-1
cover,193.4072,0,0,0,0
nearest,193.4072,-1
cover,193.4601,0,0,0,0
nearest,193.4602,-1
cover,193.4995,0,0,0,0
nearest,193.4995,-1
cover,193.5378,0,0,0,0
nearest,193.5378,-1
cover,193.5797,0,0,0,0
nearest,193.5798,-1
cover,193.6253,0,0,0,0
nearest,193.6253,-1
cover,193.6756,0,0,0,0
nearest,193.6756,-1
cover,193.7255,0,0,0,0
nearest,193.7255,-1
cover,193.7707,0,0,0,0
nearest,193.7707,-1
cover,193.8141,0,0,0,0
nearest,193.8141,-1
cover,193.8572,0,0,0,0
nearest,193.8573,-1
cover,193.8976,0,0,0,0
nearest,193.8976,-1
cover,193.9494,0,0,0,0
nearest,193.9494,-1
cover,193.9975,0,0,0,0
nearest,193.9975,-1
cover,194.0396,0,0,0,0
nearest,194.0396,-1
cover,194.0858,0,0,0,0
nearest,194.0858,-1
cover,194.1327,0,0,0,0
nearest,194.1327,-1
cover,194.173,0,0,0,0
nearest,194.173,-1
cover,194.217,0,0,0,0
nearest,194.217,-1
cover,194.2577,0,0,0,0
nearest,194.2577,-1
cover,194.3002,0,0,0,0
nearest,194.3002,-1
cover,194.3413,0,0,0,0
nearest,194.3413,-1
cover,194.3929,0,0,0,0
nearest,194.3929,-1
cover,194.4399,0,0,0,0
nearest,194.4399,-1
cover,194.4896,0,0,0,0
nearest,194.4896,-1
cover,194.5291,0,0,0,0
nearest,194.5291,-1
cover,194.5774,0,0,0,0
nearest,194.5774,-1
cover,194.6257,0,0,0,0
nearest,194.6257,-1
cover,194.6725,0,0,0,0
nearest,194.6725,-1
cover,194.7221,0,0,0,0
nearest,194.7222,-1
cover,194.7669,0,0,0,0
nearest,194.7669,-1
cover,194.809,0,0,0,0
nearest,194.809,-1
cover,194.858,0,0,0,0
nearest,194.858,-1
cover,194.9009,0,0,0,0
nearest,194.9009,-1
cover,194.9485,0,0,0,0
nearest,194.9485,-1
cover,194.9955,0,0,0,0
nearest,194.9955,-1
cover,195.0413,0,0,0,0
nearest,195.0413,-1
cover,195.086,0,0,0,0
nearest,195.0861,-1
cover,195.1355,0,0,0,0
nearest,195.1355,-1
cover,195.1865,0,0,0,0
nearest,195.1866,-1
cover,195.2336,0,0,0,0
nearest,195.2336,-1
cover,195.2753,0,0,0,0
nearest,195.2753,-1
cover,195.3173,0,0,0,0
nearest,195.3173,-1
cover,195.3634,0,0,0,0
nearest,195.3635,-1
cover,195.4049,0,0,0,0
nearest,195.4049,-1
cover,195.4624,0,0,0,0
nearest,195.4624,-1
cover,195.5134,0,0,0,0
nearest,195.5135,-1
cover,195.5612,0,0,0,0
nearest,195.5612,-1
cover,195.6113,0,0,0,0
nearest,195.6113,-1
cover,195.665,0,0,0,0
nearest,195.665,-1
cover,195.7081,1,0,1,0
nearest,195.7082,-1
cover,195.7543,1,0,1,0
nearest,195.7544,-1
cover,195.8053,1,0,1,0
nearest,195.8053,-1
cover,195.8556,1,0,1,0
nearest,195.8556,-1
cover,195.935,1,0,1,0
nearest,195.935,-1
cover,195.9895,1,0,1,0
nearest,195.9896,-1
cover,196.0405,1,0,1,0
nearest,196.0405,-1
cover,196.0852,1,0,1,0
nearest,196.0852,-1
cover,196.1299,1,0,1,0
nearest,196.1299,-1
cover,196.1745,1,0,1,0
nearest,196.1745,-1
cover,196.2224,1,0,1,0
nearest,196.2224,-1
cover,196.2707,0,0,0,0
nearest,196.2708,-1
cover,196.3142,1,0,1,0
nearest,196.3142,-1
cover,196.3582,1,0,1,0
nearest,196.3582,-1
cover,196.4003,0,0,0,0
nearest,196.4003,-1
cover,196.4504,2,0,2,0
nearest,196.4505,-1
cover,196.4941,1,0,1,0
nearest,196.4941,-1
cover,196.5387,0,0,0,0
nearest,196.5388,-1
cover,196.579,1,0,1,0
nearest,196.579,-1
cover,196.6245,1,0,1,0
nearest,196.6246,-1
cover,196.6656,1,0,1,0
nearest,196.6656,-1
cover,196.7117,1,0,1,0
nearest,196.7117,-1
cover,196.7572,1,0,1,0
nearest,196.7572,-1
cover,196.8072,1,0,1,0
nearest,196.8072,-1
cover,196.8583,1,0,1,0
nearest,196.8583,-1
cover,196.9014,1,0,1,0
nearest,196.9014,-1
cover,196.9406,1,0,1,0
nearest,196.9406,-1
cover,196.9855,1,0,1,0
nearest,196.9855,-1
cover,197.0322,1,0,1,0
nearest,197.0323,-1
cover,197.0725,1,0,1,0
nearest,197.0725,-1
cover,197.1123,1,0,1,0
nearest,197.1123,-1
cover,197.1572,1,0,1,0
nearest,197.1572,-1
cover,197.1976,1,0,1,0
nearest,197.1976,-1
cover,197.24,0,0,0,0
nearest,197.24,-1
cover,197.2843,0,0,0,0
nearest,197.2843,-1
cover,197.3324,0,0,0,0
nearest,197.3325,-1
cover,197.3738,0,0,0,0
nearest,197.3738,-1
cover,197.4251,0,0,0,0
nearest,197.4252,-1
cover,197.4723,0,0,0,0
nearest,197.4723,-1
cover,197.5135,0,0,0,0
nearest,197.5135,-1
cover,197.5526,0,0,0,0
nearest,197.5526,-1
cover,197.5913,0,0,0,0
nearest,197.5913,-1
cover,197.6355,0,0,0,0
nearest,197.6355,-1
cover,197.6809,1,0,1,0
nearest,197.6809,-1
cover,197.7223,0,0,0,0
nearest,197.7223,-1
cover,197.7702,0,0,0,0
nearest,197.7703,-1
cover,197.8138,0,0,0,0
nearest,197.8138,-1
cover,197.851,0,0,0,0
nearest,197.851,-1
cover,197.8834,0,0,0,0
nearest,197.8834,-1
cover,197.9211,0,0,0,0
nearest,197.9211,-1
cover,197.9588,1,0,1,0
nearest,197.9589,-1
cover,198.0039,1,0,1,0
nearest,198.0039,-1
cover,198.0468,1,0,1,0
nearest,198.0468,-1
cover,198.086,2,0,2,0
nearest,198.086,-1
cover,198.1312,1,0,1,0
nearest,198.1312,-1
cover,198.1802,2,0,2,0
nearest,198.1802,-1
cover,198.2301,1,0,1,0
nearest,198.2302,-1
cover,198.2706,0,0,0,0
nearest,198.2707,-1
cover,198.3186,1,0,1,0
nearest,198.3186,-1
cover,198.3617,0,0,0,0
nearest,198.3617,-1
cover,198.404,0,0,0,0
nearest,198.404,-1
cover,198.4463,0,0,0,0
nearest,198.4463,-1
cover,198.4872,2,0,2,0
nearest,198.4872,-1
cover,198.5309,1,0,1,0
nearest,198.531,-1
cover,198.5706,0,0,0,0
nearest,198.5707,-1
cover,198.6147,0,0,0,0
nearest,198.6147,-1
cover,198.6604,0,0,0,0
nearest,198.6604,-1
cover,198.6988,0,0,0,0
nearest,198.6988,-1
cover,198.7407,0,0,0,0
nearest,198.7407,-1
cover,198.7767,1,0,1,0
nearest,198.7767,-1
cover,198.8172,3,0,3,0
nearest,198.8172,-1
cover,198.8511,0,0,0,0
nearest,198.8511,-1
cover,198.8907,0,0,0,0
nearest,198.8907,-1
cover,198.9377,0,0,0,0
nearest,198.9377,-1
cover,198.9797,0,0,0,0
nearest,198.9797,-1
cover,199.0201,0,0,0,0
nearest,199.0201,-1
cover,199.0551,0,0,0,0
nearest,199.0552,-1
cover,199.0877,0,0,0,0
nearest,199.0877,-1
cover,199.1228,0,0,0,0
nearest,199.1228,-1
cover,199.1592,0,0,0,0
nearest,199.1592,-1
cover,199.1985,0,0,0,0
nearest,199.1985,-1
cover,199.2419,0,0,0,0
nearest,199.2419,-1
cover,199.2752,0,0,0,0
nearest,199.2752,-1
cover,199.3093,0,0,0,0
nearest,199.3093,-1
cover,199.3428,0,0,0,0
nearest,199.3429,-1
cover,199.3808,0,0,0,0
nearest,199.3808,-1
cover,199.4203,0,0,0,0
nearest,199.4203,-1
cover,199.456,0,0,0,0
nearest,199.456,-1
cover,199.4946,0,0,0,0
nearest,199.4946,-1
cover,199.5368,0,0,0,0
nearest,199.5369,-1
cover,199.5762,0,0,0,0
nearest,199.5762,-1
cover,199.6108,0,0,0,0
nearest,199.6109,-1
cover,199.6491,0,0,0,0
nearest,199.6491,-1
cover,199.6876,0,0,0,0
nearest,199.6876,-1
cover,199.7273,0,0,0,0
nearest,199.7274,-1
cover,199.7617,1,0,1,0
nearest,199.7617,-1
cover,199.8007,1,0,1,0
nearest,199.8008,-1
cover,199.8389,0,0,0,0
nearest,199.8389,-1
cover,199.8785,0,0,0,0
nearest,199.8786,-1
cover,199.9163,0,0,0,0
nearest,199.9163,-1
cover,199.9555,0,0,0,0
nearest,199.9555,-1
cover,199.9882,0,0,0,0
nearest,199.9882,-1
cover,200.0238,0,0,0,0
nearest,200.0238,-1
cover,200.0582,0,0,0,0
nearest,200.0582,-1
cover,200.0958,0,0,0,0
nearest,200.0958,-1
cover,200.129,0,0,0,0
nearest,200.129,-1
cover,200.1715,0,0,0,0
nearest,200.1715,-1
cover,200.2066,1,0,1,0
nearest,200.2066,-1
cover,200.2433,0,0,0,0
nearest,200.2433,-1
cover,200.2783,0,0,0,0
nearest,200.2783,-1
cover,200.3155,0,0,0,0
nearest,200.3155,-1
cover,200.352,0,0,0,0
nearest,200.352,-1
cover,200.3906,0,0,0,0
nearest,200.3906,-1
cover,200.4261,0,0,0,0
nearest,200.4261,-1
cover,200.4601,0,0,0,0
nearest,200.4602,-1
cover,200.4952,0,0,0,0
nearest,200.4952,-1
cover,200.5312,0,0,0,0
nearest,200.5313,-1
cover,200.5683,0,0,0,0
nearest,200.5683,-1
cover,200.6127,0,0,0,0
nearest,200.6128,-1
cover,200.6582,1,0,1,0
nearest,200.6583,-1
cover,200.7011,0,0,0,0
nearest,200.7011,-1
cover,200.7421,0,0,0,0
nearest,200.7421,-1
cover,200.7851,0,0,0,0
nearest,200.7851,-1
cover,200.8224,0,0,0,0
nearest,200.8224,-1
cover,200.8666,0,0,0,0
nearest,200.8666,-1
cover,200.9114,0,0,0,0
nearest,200.9114,-1
cover,200.9578,0,0,0,0
nearest,200.9578,-1
cover,200.9966,0,0,0,0
nearest,200.9966,-1
cover,201.0425,0,0,0,0
nearest,201.0425,-1
cover,201.0817,0,0,0,0
nearest,201.0817,-1
cover,201.1191,0,0,0,0
nearest,201.1191,-1
cover,201.1568,2,1,1,1
err,201.1568,-142.75,38.74
timing,201.1568,9.1,27.8
gate,201.1568,166.8,1.0,0.18,0.0
det,201.1568,1117.75,814.12,39.0,44.75,0.893,Head
det,201.1568,1073.0,819.12,144.75,322.75,0.704,Body
cover,201.1978,2,1,1,1
err,201.1979,-80.88,40.66
timing,201.1979,10.2,28.2
gate,201.1979,166.8,1.0,0.18,0.0
det,201.1979,1180.25,816.88,37.75,43.25,0.891,Head
det,201.1979,1132.0,813.5,147.5,311.0,0.706,Body
cover,201.2466,2,1,1,1
err,201.2467,-80.88,40.92
timing,201.2467,16.1,30.0
gate,201.2467,166.8,1.0,0.18,0.0
det,201.2467,1180.0,817.0,38.25,43.5,0.89,Head
det,201.2467,1131.5,814.0,148.5,310.5,0.708,Body
cover,201.2919,2,1,1,1
err,201.2919,-81.25,41.17
timing,201.2919,11.1,30.9
gate,201.2919,166.8,1.0,0.18,0.0
det,201.2919,1180.25,817.25,37.0,43.5,0.879,Head
det,201.2919,1131.75,814.0,147.75,309.0,0.704,Body
cover,201.3467,2,1,1,1
err,201.3467,-81.25,41.16
timing,201.3467,18.7,33.3
gate,201.3467,166.8,1.0,0.18,0.0
det,201.3467,1180.19,817.38,37.12,43.25,0.896,Head
det,201.3467,1131.5,813.5,147.5,308.5,0.712,Body
cover,201.3884,2,1,1,1
err,201.3885,-81.25,41.19
timing,201.3885,13.4,25.9
gate,201.3885,166.8,1.0,0.18,0.0
det,201.3885,1180.19,817.12,37.12,43.75,0.898,Head
det,201.3885,1131.44,813.5,148.12,309.5,0.687,Body
cover,201.4278,2,1,1,1
err,201.4278,-81.62,41.19
timing,201.4278,10.0,27.4
gate,201.4278,166.8,1.0,0.18,0.0
det,201.4278,1179.75,817.12,37.25,43.75,0.91,Head
det,201.4278,1131.0,814.0,149.5,309.0,0.694,Body
cover,201.4679,2,1,1,1
err,201.468,-75.0,40.08
timing,201.468,10.6,26.5
gate,201.468,166.8,1.0,0.18,0.0
det,201.468,1186.31,817.25,37.38,41.5,0.894,Head
det,201.468,1142.0,817.5,150.5,316.0,0.733,Body
cover,201.5104,2,1,1,1
err,201.5105,-15.0,46.65
timing,201.5105,13.4,26.7
gate,201.5104,166.8,1.0,0.18,0.0
det,201.5105,1245.88,823.0,38.25,43.0,0.867,Head
det,201.5105,1196.56,819.0,150.38,308.0,0.711,Body
cover,201.5482,3,1,2,1
err,201.5482,17.5,32.74
timing,201.5482,7.9,26.7
gate,201.5482,166.8,1.0,0.18,0.0
det,201.5482,1229.5,812.5,150.5,295.5,0.703,Body
det,201.5482,1278.75,808.12,37.5,44.75,0.666,Head
det,201.5482,961.53,654.25,37.88,85.0,0.592,Body
cover,201.5908,3,1,2,1
err,201.5909,28.25,22.54
timing,201.5909,8.9,31.5
gate,201.5909,166.8,1.0,0.18,0.0
det,201.5909,1289.5,800.12,37.5,40.75,0.899,Head
det,201.5909,1240.5,805.38,145.5,301.25,0.696,Body
det,201.5909,969.31,643.69,44.0,85.12,0.691,Body
cover,201.6424,3,1,2,1
err,201.6424,30.0,16.11
timing,201.6424,11.6,36.1
gate,201.6424,166.8,1.0,0.18,0.0
det,201.6424,1292.12,792.88,35.75,42.25,0.834,Head
det,201.6424,1243.88,799.5,144.25,298.5,0.739,Body
det,201.6424,970.97,653.62,40.69,69.75,0.474,Body
cover,201.6911,2,1,1,1
err,201.6912,27.5,14.62
timing,201.6912,9.1,36.2
gate,201.6912,166.8,1.0,0.18,0.0
det,201.6912,1289.88,791.25,35.25,42.5,0.744,Head
det,201.6912,1241.25,799.5,144.5,301.0,0.709,Body
cover,201.7474,3,1,2,1
err,201.7474,25.25,13.51
timing,201.7474,21.2,31.0
gate,201.7474,166.8,1.0,0.18,0.0
det,201.7474,1287.25,791.38,36.0,40.25,0.721,Head
det,201.7474,1240.0,800.5,147.5,299.5,0.674,Body
det,201.7474,964.34,637.5,41.22,82.75,0.599,Body
cover,201.7939,3,1,2,1
err,201.7939,22.25,14.66
timing,201.7939,15.0,28.7
gate,201.7939,166.8,1.0,0.18,0.0
det,201.7939,1283.5,790.88,37.5,43.25,0.778,Head
det,201.7939,1240.0,800.38,141.5,297.25,0.72,Body
det,201.7939,962.06,639.12,42.19,81.75,0.638,Body
cover,201.8325,2,0,2,0
nearest,201.8325,-1
cover,201.8819,2,1,1,1
err,201.882,5.75,11.92
timing,201.882,16.2,31.4
gate,201.8819,166.8,1.0,0.18,0.0
det,201.882,1221.38,795.12,163.25,305.75,0.675,Body
det,201.882,1265.75,785.25,40.0,48.5,0.401,Head
cover,201.9272,2,1,1,1
err,201.9273,-2.5,8.79
timing,201.9273,9.7,31.4
gate,201.9273,166.8,1.0,0.18,0.0
det,201.9273,1258.38,783.62,38.25,45.75,0.706,Head
det,201.9273,1212.5,791.5,149.5,298.0,0.695,Body
cover,201.9691,2,1,1,1
err,201.9691,-15.0,5.24
timing,201.9691,8.6,30.4
gate,201.9691,166.8,1.0,0.18,0.0
det,201.9691,1245.38,780.62,39.25,44.75,0.827,Head
det,201.9691,1203.56,786.5,144.88,318.5,0.659,Body
cover,202.0162,2,1,1,1
err,202.0162,-16.5,4.61
timing,202.0162,13.5,30.9
gate,202.0162,166.8,1.0,0.18,0.0
det,202.0162,1244.62,781.38,37.75,42.25,0.85,Head
det,202.0162,1196.0,778.88,151.5,309.25,0.694,Body
cover,202.0575,2,1,1,1
err,202.0575,-16.0,23.59
timing,202.0575,10.4,28.5
gate,202.0575,166.8,1.0,0.18,0.0
det,202.0575,1244.88,800.62,38.25,41.75,0.873,Head
det,202.0575,1195.5,802.0,147.5,305.5,0.524,Body
cover,202.101,0,0,0,0
nearest,202.101,-1
cover,202.1387,0,0,0,0
nearest,202.1388,-1
cover,202.1794,0,0,0,0
nearest,202.1794,-1
cover,202.2175,0,0,0,0
nearest,202.2175,-1
cover,202.2636,0,0,0,0
nearest,202.2636,-1
cover,202.3042,1,0,1,0
nearest,202.3042,-1
cover,202.3459,0,0,0,0
nearest,202.3459,-1
cover,202.3872,0,0,0,0
nearest,202.3872,-1
cover,202.427,1,0,1,0
nearest,202.427,-1
cover,202.4659,0,0,0,0
nearest,202.466,-1
cover,202.5041,0,0,0,0
nearest,202.5041,-1
cover,202.5384,0,0,0,0
nearest,202.5385,-1
cover,202.5799,0,0,0,0
nearest,202.5799,-1
cover,202.6259,0,0,0,0
nearest,202.626,-1
cover,202.6681,0,0,0,0
nearest,202.6681,-1
cover,202.7111,1,0,1,0
nearest,202.7111,-1
cover,202.7528,0,0,0,0
nearest,202.7528,-1
cover,202.7948,1,0,1,0
nearest,202.7948,-1
cover,202.8348,1,0,1,0
nearest,202.8348,-1
cover,202.8776,0,0,0,0
nearest,202.8776,-1
cover,202.914,0,0,0,0
nearest,202.914,-1
cover,202.9538,0,0,0,0
nearest,202.9539,-1
cover,203.0004,0,0,0,0
nearest,203.0005,-1
cover,203.0447,0,0,0,0
nearest,203.0447,-1
cover,203.0813,0,0,0,0
nearest,203.0813,-1
cover,203.1221,0,0,0,0
nearest,203.1222,-1
cover,203.1616,0,0,0,0
nearest,203.1616,-1
cover,203.203,0,0,0,0
nearest,203.203,-1
cover,203.2397,0,0,0,0
nearest,203.2397,-1
cover,203.2792,1,0,1,0
nearest,203.2793,-1
cover,203.3191,0,0,0,0
nearest,203.3191,-1
cover,203.3558,0,0,0,0
nearest,203.3558,-1
cover,203.3948,1,0,1,0
nearest,203.3948,-1
cover,203.443,1,0,1,0
nearest,203.443,-1
cover,203.481,0,0,0,0
nearest,203.481,-1
cover,203.52,0,0,0,0
nearest,203.52,-1
cover,203.5639,0,0,0,0
nearest,203.5639,-1
cover,203.6035,0,0,0,0
nearest,203.6035,-1
cover,203.6502,0,0,0,0
nearest,203.6502,-1
cover,203.6859,0,0,0,0
nearest,203.686,-1
cover,203.724,1,0,1,0
nearest,203.724,-1
cover,203.7589,1,0,1,0
nearest,203.7589,-1
cover,203.7988,0,0,0,0
nearest,203.7988,-1
cover,203.8396,1,0,1,0
nearest,203.8396,-1
cover,203.8785,1,0,1,0
nearest,203.8785,-1
cover,203.9191,1,0,1,0
nearest,203.9191,-1
cover,203.9567,0,0,0,0
nearest,203.9567,-1
cover,203.9938,0,0,0,0
nearest,203.9938,-1
cover,204.0341,0,0,0,0
nearest,204.0341,-1
cover,204.0746,0,0,0,0
nearest,204.0746,-1
cover,204.1198,0,0,0,0
nearest,204.1199,-1
cover,204.1673,0,0,0,0
nearest,204.1674,-1
cover,204.2114,0,0,0,0
nearest,204.2114,-1
cover,204.2947,0,0,0,0
nearest,204.2947,-1
cover,204.3401,2,1,1,1
err,204.3401,-201.75,14.88
timing,204.3401,13.2,30.5
gate,204.3401,166.8,1.0,0.18,0.0
det,204.3401,1054.88,780.5,46.75,62.5,0.438,Head
det,204.3401,1021.5,792.0,142.5,327.0,0.43,Body
cover,204.3813,2,1,1,1
err,204.3814,-239.81,-2.86
timing,204.3814,9.6,29.6
gate,204.3814,166.8,1.0,0.18,0.0
det,204.3814,1015.75,762.62,48.88,62.75,0.737,Head
det,204.3814,990.75,778.0,134.25,323.5,0.62,Body
cover,204.4271,2,1,1,1
err,204.4272,-239.88,-2.85
timing,204.4272,12.9,30.3
gate,204.4271,166.8,1.0,0.18,0.0
det,204.4272,1015.61,762.5,49.03,63.0,0.707,Head
det,204.4272,989.38,781.0,135.62,321.5,0.638,Body
cover,204.4753,2,1,1,1
err,204.4754,-240.0,-2.84
timing,204.4754,16.2,29.3
gate,204.4753,166.8,1.0,0.18,0.0
det,204.4754,1015.34,762.38,49.31,63.25,0.659,Head
det,204.4754,989.62,781.5,135.25,320.5,0.599,Body
cover,204.5222,2,1,1,1
err,204.5222,-239.88,-2.58
timing,204.5222,15.6,28.1
gate,204.5222,166.8,1.0,0.18,0.0
det,204.5222,1015.66,762.5,48.94,63.5,0.649,Head
det,204.5222,989.75,780.0,135.75,322.5,0.605,Body
cover,204.5665,1,0,1,0
nearest,204.5665,-1
cover,204.6081,1,0,1,0
nearest,204.6081,-1
cover,204.6471,2,1,1,1
err,204.6472,-304.95,14.62
timing,204.6472,7.5,30.7
gate,204.6472,166.8,1.0,0.18,0.0
det,204.6472,956.19,800.88,96.31,326.25,0.567,Body
det,204.6472,959.09,780.25,31.91,62.5,0.472,Head
cover,204.6895,2,1,1,1
err,204.6895,-290.88,7.04
timing,204.6895,11.9,28.1
gate,204.6895,166.8,1.0,0.18,0.0
det,204.6895,965.0,773.62,48.25,60.75,0.645,Head
det,204.6895,956.5,792.12,119.12,327.75,0.568,Body
cover,204.7349,2,1,1,1
err,204.7349,-184.0,15.59
timing,204.7349,12.6,30.5
gate,204.7349,166.8,1.0,0.18,0.0
det,204.7349,1039.75,786.0,141.0,346.0,0.537,Body
det,204.7349,1071.56,781.62,48.88,61.75,0.507,Head
cover,204.7788,2,1,1,1
err,204.7789,-111.25,15.94
timing,204.7789,10.1,31.0
gate,204.7789,166.8,1.0,0.18,0.0
det,204.7789,1145.06,783.62,47.38,58.75,0.652,Head
det,204.7789,1115.5,794.62,136.0,332.75,0.577,Body
cover,204.8219,1,1,0,1
err,204.8219,-87.5,17.96
timing,204.8219,11.7,28.8
gate,204.8219,166.8,1.0,0.18,0.0
det,204.8219,1169.06,785.38,46.88,59.25,0.598,Head
cover,204.8683,2,1,1,1
err,204.8684,-54.5,16.94
timing,204.8684,10.3,33.2
gate,204.8684,166.8,1.0,0.18,0.0
det,204.8684,1171.5,791.12,138.5,342.75,0.549,Body
det,204.8684,1202.38,784.62,46.25,58.75,0.508,Head
cover,204.9095,2,1,1,1
err,204.9095,-57.75,15.7
timing,204.9095,8.8,28.9
gate,204.9095,166.8,1.0,0.18,0.0
det,204.9095,1200.0,783.25,44.5,59.0,0.601,Head
det,204.9095,1166.69,790.5,137.12,339.5,0.533,Body
cover,204.9669,1,1,0,1
err,204.9669,-57.25,37.83
timing,204.9669,17.9,35.8
gate,204.9669,166.8,1.0,0.18,0.0
det,204.9669,1199.94,804.0,45.62,61.5,0.66,Head
cover,205.0236,1,0,1,0
nearest,205.0236,-1
cover,205.0812,2,1,1,1
err,205.0813,-50.0,12.83
timing,205.0813,22.9,32.9
gate,205.0813,166.8,1.0,0.18,0.0
det,205.0813,1207.19,779.0,45.62,61.5,0.602,Head
det,205.0813,1175.44,786.5,137.12,356.5,0.47,Body
cover,205.135,1,0,1,0
nearest,205.135,-1
cover,205.1871,1,0,1,0
nearest,205.1872,-1
cover,205.2374,1,0,1,0
nearest,205.2375,-1
cover,205.2938,1,0,1,0
nearest,205.2938,-1
cover,205.3546,0,0,0,0
nearest,205.3546,-1
cover,205.4137,0,0,0,0
nearest,205.4137,-1
cover,205.477,0,0,0,0
nearest,205.477,-1
cover,205.5323,0,0,0,0
nearest,205.5323,-1
cover,205.5993,0,0,0,0
nearest,205.5994,-1
cover,205.651,1,0,1,0
nearest,205.651,-1
cover,205.7126,0,0,0,0
nearest,205.7127,-1
cover,205.7584,0,0,0,0
nearest,205.7584,-1
cover,205.8029,0,0,0,0
nearest,205.8029,-1
cover,205.848,0,0,0,0
nearest,205.848,-1
cover,205.8916,0,0,0,0
nearest,205.8916,-1
cover,205.9431,0,0,0,0
nearest,205.9431,-1
cover,205.9932,0,0,0,0
nearest,205.9932,-1
cover,206.0447,0,0,0,0
nearest,206.0447,-1
cover,206.0987,0,0,0,0
nearest,206.0988,-1
cover,206.1428,1,0,1,0
nearest,206.1429,-1
cover,206.1923,1,0,1,0
nearest,206.1923,-1
cover,206.2343,0,0,0,0
nearest,206.2343,-1
cover,206.2772,1,0,1,0
nearest,206.2772,-1
cover,206.3232,0,0,0,0
nearest,206.3233,-1
cover,206.3705,0,0,0,0
nearest,206.3705,-1
cover,206.415,0,0,0,0
nearest,206.4151,-1
cover,206.4607,0,0,0,0
nearest,206.4607,-1
cover,206.5038,2,1,1,1
err,206.5039,171.5,33.45
timing,206.5039,10.6,30.5
gate,206.5039,166.8,1.0,0.18,0.0
det,206.5039,1413.38,821.88,67.25,144.25,0.914,Body
det,206.5039,1443.12,823.0,16.75,19.0,0.829,Head
cover,206.5552,2,1,1,1
err,206.5553,-15.0,24.52
timing,206.5553,16.9,32.0
gate,206.5553,166.8,1.0,0.18,0.0
det,206.5553,1228.12,812.88,65.75,141.25,0.913,Body
det,206.5553,1256.5,813.25,17.0,20.5,0.845,Head
cover,206.6026,2,1,1,1
err,206.6027,-62.25,25.7
timing,206.6027,14.2,30.6
gate,206.6026,166.8,1.0,0.18,0.0
det,206.6027,1180.56,813.88,65.38,141.25,0.901,Body
det,206.6027,1209.31,815.25,16.88,19.0,0.799,Head
cover,206.6476,2,1,1,1
err,206.6477,-69.5,24.48
timing,206.6477,10.6,31.6
gate,206.6477,166.8,1.0,0.18,0.0
det,206.6477,1173.25,812.38,66.0,143.25,0.904,Body
det,206.6477,1202.5,813.75,16.0,19.5,0.823,Head
cover,206.6928,3,1,2,1
err,206.6928,-44.5,7.62
timing,206.6928,7.3,33.8
gate,206.6928,166.8,1.0,0.18,0.0
det,206.6928,1199.81,797.25,63.88,140.5,0.896,Body
det,206.6928,1227.88,798.0,15.25,17.5,0.794,Head
det,206.6928,1511.0,859.75,8.0,20.0,0.587,Body
cover,206.7398,2,1,1,1
err,206.7398,4.5,4.49
timing,206.7398,13.1,30.8
gate,206.7398,166.8,1.0,0.18,0.0
det,206.7398,1247.5,794.38,64.5,140.25,0.898,Body
det,206.7398,1276.38,793.62,16.25,19.75,0.792,Head
cover,206.7915,2,1,1,1
err,206.7915,18.75,-0.04
timing,206.7915,15.2,33.0
gate,206.7915,166.8,1.0,0.18,0.0
det,206.7915,1263.5,788.88,63.5,139.25,0.891,Body
det,206.7915,1290.75,789.38,16.0,19.25,0.851,Head
cover,206.8372,2,1,1,1
err,206.8373,18.75,-2.49
timing,206.8373,10.5,31.2
gate,206.8373,166.8,1.0,0.18,0.0
det,206.8373,1263.38,787.0,63.25,140.0,0.892,Body
det,206.8373,1290.75,786.38,16.0,20.25,0.805,Head
cover,206.8795,2,1,1,1
err,206.8796,18.75,-2.5
timing,206.8796,8.0,31.2
gate,206.8796,166.8,1.0,0.18,0.0
det,206.8796,1263.38,787.0,63.25,140.0,0.893,Body
det,206.8796,1290.75,786.5,16.0,20.0,0.812,Head
cover,206.9318,2,1,1,1
err,206.9318,19.0,16.06
timing,206.9318,13.4,35.8
gate,206.9318,166.8,1.0,0.18,0.0
det,206.9318,1263.0,805.38,63.5,139.25,0.887,Body
det,206.9318,1290.62,804.38,16.75,21.25,0.813,Head
cover,206.983,2,1,1,1
err,206.9831,18.75,9.2
timing,206.9831,17.3,30.7
gate,206.9831,166.8,1.0,0.18,0.0
det,206.9831,1262.75,798.88,64.0,138.25,0.898,Body
det,206.9831,1290.75,798.75,16.0,19.0,0.638,Head
cover,207.0269,2,1,1,1
err,207.027,5.5,8.46
timing,207.027,9.4,32.1
gate,207.027,166.8,1.0,0.18,0.0
det,207.027,1249.38,796.75,64.25,140.0,0.887,Body
det,207.027,1277.25,797.88,16.5,19.25,0.77,Head
cover,207.0748,2,1,1,1
err,207.0748,-6.5,9.54
timing,207.0748,13.3,30.8
gate,207.0748,166.8,1.0,0.18,0.0
det,207.0748,1237.0,797.62,65.5,139.75,0.908,Body
det,207.0748,1264.5,798.12,18.0,20.75,0.678,Head
cover,207.1211,2,1,1,1
err,207.1211,-21.0,9.7
timing,207.1211,10.6,32.7
gate,207.1211,166.8,1.0,0.18,0.0
det,207.1211,1222.0,798.5,67.0,140.5,0.911,Body
det,207.1211,1251.75,799.25,14.5,19.0,0.691,Head
cover,207.1658,2,1,1,1
err,207.1659,-20.5,7.41
timing,207.1659,8.9,32.4
gate,207.1659,166.8,1.0,0.18,0.0
det,207.1659,1222.88,796.88,66.25,140.25,0.892,Body
det,207.1659,1251.62,797.38,15.75,18.25,0.748,Head
cover,207.2178,2,1,1,1
err,207.2179,-20.0,6.96
timing,207.2179,16.7,31.3
gate,207.2179,166.8,1.0,0.18,0.0
det,207.2179,1223.5,796.62,66.0,137.75,0.885,Body
det,207.2179,1251.62,796.38,16.75,19.25,0.546,Head
cover,207.2654,2,1,1,1
err,207.2654,-16.25,5.73
timing,207.2654,8.6,36.0
gate,207.2654,166.8,1.0,0.18,0.0
det,207.2654,1226.38,795.62,66.25,136.75,0.895,Body
det,207.2654,1255.25,795.0,17.0,19.5,0.803,Head
cover,207.3094,2,1,1,1
err,207.3095,-9.75,4.49
timing,207.3095,9.8,31.1
gate,207.3094,166.8,1.0,0.18,0.0
det,207.3095,1233.75,794.5,64.5,139.5,0.889,Body
det,207.3095,1262.75,793.62,15.0,19.75,0.82,Head
cover,207.3563,2,1,1,1
err,207.3564,-8.0,4.23
timing,207.3564,14.6,29.7
gate,207.3564,166.8,1.0,0.18,0.0
det,207.3564,1235.0,793.25,65.5,140.0,0.912,Body
det,207.3564,1264.5,793.5,15.0,19.5,0.815,Head
cover,207.4035,2,1,1,1
err,207.4035,-5.0,2.44
timing,207.4035,10.7,34.0
gate,207.4035,166.8,1.0,0.18,0.0
det,207.4035,1238.62,791.75,65.75,139.5,0.9,Body
det,207.4035,1266.88,792.12,16.25,18.75,0.685,Head
cover,207.4516,2,1,1,1
err,207.4516,-0.5,0.46
timing,207.4516,13.0,31.9
gate,207.4516,166.8,1.0,0.18,0.0
det,207.4516,1240.62,790.5,67.75,139.5,0.914,Body
det,207.4516,1271.75,789.88,15.5,19.25,0.691,Head
cover,207.4979,2,1,1,1
err,207.498,-0.5,0.46
timing,207.498,9.2,32.8
gate,207.498,166.8,1.0,0.18,0.0
det,207.498,1240.62,790.12,67.75,139.75,0.914,Body
det,207.498,1271.88,789.88,15.25,19.25,0.689,Head
cover,207.5682,2,1,1,1
err,207.5682,-1.5,18.85
timing,207.5682,11.1,56.7
gate,207.5682,166.8,1.0,0.18,0.0
det,207.5682,1242.38,809.88,65.25,140.25,0.877,Body
det,207.5682,1270.88,809.5,15.25,17.0,0.778,Head
cover,207.6356,2,1,1,1
err,207.6356,-1.5,9.94
timing,207.6356,20.3,40.4
gate,207.6356,166.8,1.0,0.18,0.0
det,207.6356,1239.12,797.88,67.75,143.25,0.912,Body
det,207.6356,1270.62,799.62,15.75,18.75,0.778,Head
cover,207.6915,2,1,1,1
err,207.6917,-49.0,8.25
timing,207.6917,13.8,37.6
gate,207.6916,166.8,1.0,0.18,0.0
det,207.6917,1191.81,795.75,66.88,138.5,0.911,Body
det,207.6917,1222.88,797.25,16.25,20.0,0.822,Head
cover,207.7505,0,0,0,0
nearest,207.7506,-1
cover,207.8041,2,1,1,1
err,207.8041,-292.95,-1.81
timing,207.8041,15.7,36.2
gate,207.8041,166.8,1.0,0.18,0.0
det,207.8041,961.5,789.62,47.88,101.75,0.747,Body
det,207.8041,981.69,790.62,10.72,13.75,0.523,Head
cover,207.8533,2,1,1,1
err,207.8533,-295.16,-1.35
timing,207.8533,11.0,34.8
gate,207.8533,166.8,1.0,0.18,0.0
det,207.8533,979.41,791.5,10.86,13.0,0.835,Head
det,207.8533,961.5,790.62,45.88,102.75,0.823,Body
cover,207.8969,2,1,1,1
err,207.897,-160.0,11.2
timing,207.897,9.3,31.4
gate,207.897,166.8,1.0,0.18,0.0
det,207.897,1097.25,803.75,44.75,97.5,0.872,Body
det,207.897,1113.94,803.5,12.12,14.0,0.825,Head
cover,207.9441,2,1,1,1
err,207.9442,-63.25,14.4
timing,207.9442,13.6,31.0
gate,207.9442,166.8,1.0,0.18,0.0
det,207.9442,1192.94,806.88,44.62,98.25,0.89,Body
det,207.9442,1211.25,807.25,11.0,13.0,0.797,Head
cover,207.9913,3,1,2,1
err,207.9913,-11.0,19.61
timing,207.9913,10.4,34.3
gate,207.9913,166.8,1.0,0.18,0.0
det,207.9913,1246.75,812.12,42.5,98.75,0.856,Body
det,207.9913,1263.62,812.88,10.75,12.25,0.846,Head
det,207.9913,1509.5,857.5,9.0,22.0,0.499,Body
cover,208.0373,2,1,1,1
err,208.0374,-3.0,22.14
timing,208.0374,10.4,32.3
gate,208.0374,166.8,1.0,0.18,0.0
det,208.0374,1253.12,814.75,45.75,100.0,0.897,Body
det,208.0374,1271.62,815.12,10.75,12.75,0.788,Head
cover,208.114,2,1,1,1
err,208.1141,-3.0,22.11
timing,208.1141,26.3,47.5
gate,208.1141,166.8,1.0,0.18,0.0
det,208.1141,1254.25,814.5,44.5,99.5,0.909,Body
det,208.1141,1271.88,815.38,10.25,12.25,0.825,Head
cover,208.1878,2,1,1,1
err,208.1878,-2.25,18.69
timing,208.1878,21.6,37.8
gate,208.1878,166.8,1.0,0.18,0.0
det,208.1878,1253.0,811.88,46.5,98.25,0.833,Body
det,208.1878,1272.5,811.12,10.5,13.75,0.71,Head
cover,208.2366,2,1,1,1
err,208.2366,-94.5,9.16
timing,208.2366,9.1,34.0
gate,208.2366,166.8,1.0,0.18,0.0
det,208.2366,1163.69,800.75,43.12,101.0,0.847,Body
det,208.2366,1179.81,801.88,11.38,13.25,0.751,Head
cover,208.288,2,1,1,1
err,208.2881,-193.62,11.17
timing,208.2881,14.6,34.4
gate,208.2881,166.8,1.0,0.18,0.0
det,208.2881,1063.0,803.12,46.0,99.75,0.909,Body
det,208.2881,1080.22,803.75,12.31,13.5,0.891,Head
cover,208.337,2,1,1,1
err,208.337,-311.23,30.21
timing,208.337,14.4,31.6
gate,208.337,166.8,1.0,0.18,0.0
det,208.337,959.73,820.75,30.44,102.5,0.802,Body
det,208.337,962.69,822.38,12.15,14.25,0.772,Head
cover,208.3846,0,0,0,0
nearest,208.3846,-1
cover,208.4303,2,1,1,1
err,208.4303,-302.97,17.69
timing,208.4303,14.6,29.5
gate,208.4303,166.8,1.0,0.18,0.0
det,208.4303,971.18,810.12,11.7,13.75,0.83,Head
det,208.4303,960.19,810.5,38.56,98.5,0.773,Body
cover,208.4817,2,1,1,1
err,208.4818,-158.12,25.71
timing,208.4818,17.6,31.3
gate,208.4818,166.8,1.0,0.18,0.0
det,208.4818,1099.38,817.75,43.5,98.0,0.877,Body
det,208.4818,1116.0,817.88,11.75,14.25,0.849,Head
cover,208.528,3,1,2,1
err,208.528,-98.5,17.4
timing,208.528,12.8,30.6
gate,208.528,166.8,1.0,0.18,0.0
det,208.528,1158.94,810.0,43.62,98.5,0.896,Body
det,208.528,1175.69,810.25,11.62,13.0,0.758,Head
det,208.528,1507.75,857.25,8.5,20.5,0.516,Body
cover,208.5684,3,1,2,1
err,208.5684,-38.5,14.61
timing,208.5684,7.8,30.0
gate,208.5684,166.8,1.0,0.18,0.0
det,208.5684,1219.0,806.5,44.0,99.0,0.872,Body
det,208.5684,1236.0,807.88,11.0,12.25,0.775,Head
det,208.5684,1509.25,857.5,9.5,21.0,0.435,Body
cover,208.6121,2,1,1,1
err,208.6121,-17.5,14.64
timing,208.6121,12.6,28.8
gate,208.6121,166.8,1.0,0.18,0.0
det,208.6121,1240.0,806.88,44.0,99.25,0.9,Body
det,208.6121,1256.75,807.62,11.5,12.75,0.776,Head
cover,208.6622,1,0,1,0
nearest,208.6622,-1
cover,208.7033,2,0,2,0
nearest,208.7034,-1
cover,208.7421,2,1,1,1
err,208.7422,12.5,0.1
timing,208.7422,9.0,28.3
gate,208.7422,166.8,1.0,0.18,0.0
det,208.7422,1270.0,792.88,45.0,98.25,0.897,Body
det,208.7422,1286.38,793.5,12.25,12.0,0.687,Head
cover,208.7877,2,1,1,1
err,208.7877,12.75,0.12
timing,208.7877,15.5,27.4
gate,208.7877,166.8,1.0,0.18,0.0
det,208.7877,1270.0,792.88,45.0,98.25,0.898,Body
det,208.7877,1286.75,793.25,12.0,12.5,0.716,Head
cover,208.828,2,1,1,1
err,208.8281,12.0,0.11
timing,208.8281,9.5,27.9
gate,208.8281,166.8,1.0,0.18,0.0
det,208.8281,1270.5,793.0,43.5,97.5,0.896,Body
det,208.8281,1286.38,793.38,11.25,12.25,0.72,Head
cover,208.8769,3,1,2,1
err,208.877,6.75,3.4
timing,208.877,16.9,29.2
gate,208.877,166.8,1.0,0.18,0.0
det,208.877,1265.5,795.5,41.5,97.0,0.842,Body
det,208.877,1511.75,856.12,8.5,20.75,0.658,Body
det,208.877,1280.75,796.25,12.0,13.0,0.641,Head
cover,208.9226,2,1,1,1
err,208.9227,5.0,4.6
timing,208.9227,14.7,28.5
gate,208.9227,166.8,1.0,0.18,0.0
det,208.9227,1262.75,797.62,44.5,96.75,0.822,Body
det,208.9227,1279.25,798.0,11.5,12.0,0.41,Head
cover,208.9616,2,1,1,1
err,208.9616,2.5,19.19
timing,208.9616,8.2,27.8
gate,208.9616,166.8,1.0,0.18,0.0
det,208.9616,1262.5,811.0,44.5,100.5,0.854,Body
det,208.9616,1275.12,811.62,14.75,13.75,0.583,Head
cover,209.0103,1,0,1,0
nearest,209.0103,-1
cover,209.047,2,1,1,1
err,209.047,1.5,12.19
timing,209.047,9.1,26.2
gate,209.047,166.8,1.0,0.18,0.0
det,209.047,1260.12,803.5,42.75,98.5,0.876,Body
det,209.047,1275.75,804.62,11.5,13.75,0.774,Head
cover,209.0812,2,1,1,1
err,209.0813,1.0,6.38
timing,209.0813,7.4,24.5
gate,209.0813,166.8,1.0,0.18,0.0
det,209.0813,1259.12,798.12,42.75,99.75,0.857,Body
det,209.0813,1275.62,799.5,10.75,12.5,0.807,Head
cover,209.1241,2,1,1,1
err,209.1241,1.0,5.38
timing,209.1241,6.7,33.5
gate,209.1241,166.8,1.0,0.18,0.0
det,209.1241,1258.62,798.0,42.75,96.5,0.809,Body
det,209.1241,1275.5,798.5,11.0,12.5,0.66,Head
cover,209.1667,2,1,1,1
err,209.1667,1.0,25.74
timing,209.1667,10.2,29.4
gate,209.1667,166.8,1.0,0.18,0.0
det,209.1667,1259.62,816.88,42.75,98.25,0.841,Body
det,209.1667,1275.25,817.62,11.5,14.75,0.624,Head
cover,209.2071,2,1,1,1
err,209.2071,1.25,19.15
timing,209.2071,11.8,26.3
gate,209.2071,166.8,1.0,0.18,0.0
det,209.2071,1259.12,809.5,42.75,100.0,0.883,Body
det,209.2071,1274.75,809.25,13.0,18.0,0.836,Head
cover,209.2572,2,1,1,1
err,209.2573,1.0,17.19
timing,209.2573,15.8,31.4
gate,209.2573,166.8,1.0,0.18,0.0
det,209.2573,1258.75,809.12,44.0,97.75,0.872,Body
det,209.2573,1275.12,809.62,11.75,13.75,0.774,Head
cover,209.2996,2,1,1,1
err,209.2997,1.75,13.66
timing,209.2997,9.6,29.9
gate,209.2997,166.8,1.0,0.18,0.0
det,209.2997,1259.25,805.62,43.5,96.75,0.868,Body
det,209.2997,1275.75,806.38,12.0,13.25,0.813,Head
cover,209.3421,3,1,2,1
err,209.3422,1.0,11.17
timing,209.3422,11.9,27.9
gate,209.3421,166.8,1.0,0.18,0.0
det,209.3422,1259.5,803.25,43.0,96.5,0.866,Body
det,209.3422,1275.38,803.75,11.25,13.5,0.695,Head
det,209.3422,1583.25,812.75,11.5,17.0,0.416,Body
cover,209.3841,3,1,2,1
err,209.3841,1.0,8.66
timing,209.3841,12.5,26.9
gate,209.3841,166.8,1.0,0.18,0.0
det,209.3841,1259.0,800.75,43.0,98.5,0.881,Body
det,209.3841,1275.12,801.38,11.75,13.25,0.723,Head
det,209.3841,1509.75,857.38,8.5,20.25,0.465,Body
cover,209.4222,2,1,1,1
err,209.4222,1.0,7.14
timing,209.4222,7.6,28.0
gate,209.4222,166.8,1.0,0.18,0.0
det,209.4222,1259.75,799.25,42.0,98.0,0.853,Body
det,209.4222,1275.62,800.12,10.75,12.75,0.765,Head
cover,209.4643,2,0,2,0
nearest,209.4643,-1
cover,209.5007,1,0,1,0
nearest,209.5007,-1
cover,209.5352,1,0,1,0
nearest,209.5352,-1
cover,209.5673,1,0,1,0
nearest,209.5674,-1
cover,209.6023,2,0,2,0
nearest,209.6023,-1
cover,209.6355,1,0,1,0
nearest,209.6355,-1
cover,209.6761,2,1,1,1
err,209.6762,1.5,15.55
timing,209.6762,9.7,29.5
gate,209.6762,166.8,1.0,0.18,0.0
det,209.6762,1260.38,808.5,43.25,97.0,0.855,Body
det,209.6762,1275.75,809.5,11.5,11.0,0.656,Head
cover,209.7126,2,1,1,1
err,209.7127,2.0,11.42
timing,209.7127,6.4,27.4
gate,209.7127,166.8,1.0,0.18,0.0
det,209.7127,1261.38,803.38,42.25,98.25,0.875,Body
det,209.7127,1275.88,804.0,12.25,13.5,0.806,Head
cover,209.7563,1,0,1,0
nearest,209.7563,-1
cover,209.7943,1,0,1,0
nearest,209.7943,-1
cover,209.8357,1,0,1,0
nearest,209.8357,-1
cover,209.8811,1,0,1,0
nearest,209.8811,-1
cover,209.9254,1,0,1,0
nearest,209.9254,-1
cover,209.9695,3,1,2,1
err,209.9696,-85.75,0.96
timing,209.9696,10.6,32.6
gate,209.9696,166.8,1.0,0.18,0.0
det,209.9696,1159.5,787.75,65.0,141.0,0.57,Body
det,209.9696,1577.0,805.0,11.0,17.0,0.418,Body
det,209.9696,1186.12,790.38,16.25,19.25,0.417,Head
cover,210.0119,2,1,1,1
err,210.0119,-97.75,-0.06
timing,210.0119,9.0,30.2
gate,210.0119,166.8,1.0,0.18,0.0
det,210.0119,1143.75,789.12,67.75,144.75,0.909,Body
det,210.0119,1174.19,789.62,16.12,18.75,0.824,Head
cover,210.0574,3,1,2,1
err,210.0575,-106.25,0.2
timing,210.0575,10.5,32.2
gate,210.0575,166.8,1.0,0.18,0.0
det,210.0575,1136.81,789.75,65.38,145.0,0.894,Body
det,210.0575,1165.56,789.75,16.38,19.0,0.831,Head
det,210.0575,1554.0,804.25,12.0,17.5,0.503,Body
cover,210.1042,3,1,2,1
err,210.1053,-107.12,0.49
timing,210.1053,10.7,31.3
gate,210.1053,166.8,1.0,0.18,0.0
det,210.1053,1134.94,789.12,65.62,144.75,0.887,Body
det,210.1053,1164.62,789.62,16.5,19.75,0.818,Head
det,210.1053,1552.75,805.38,12.5,16.25,0.452,Body
cover,210.182,2,1,1,1
err,210.1821,-122.5,-3.09
timing,210.1821,11.1,39.1
gate,210.1821,166.8,1.0,0.18,0.0
det,210.1821,1120.81,786.5,65.38,142.5,0.898,Body
det,210.1821,1149.19,786.88,16.62,18.25,0.797,Head
cover,210.247,2,1,1,1
err,210.247,-135.25,-10.83
timing,210.247,21.5,36.7
gate,210.247,166.8,1.0,0.18,0.0
det,210.247,1107.19,778.88,64.62,144.25,0.901,Body
det,210.247,1136.88,779.0,15.75,18.5,0.836,Head
cover,210.302,2,1,1,1
err,210.302,-135.25,-10.56
timing,210.302,22.1,28.8
gate,210.302,166.8,1.0,0.18,0.0
det,210.302,1107.25,778.75,64.5,144.0,0.9,Body
det,210.302,1136.75,779.12,16.0,18.75,0.822,Head
cover,210.3556,3,1,2,1
err,210.3557,-137.5,-13.83
timing,210.3557,8.3,38.7
gate,210.3557,166.8,1.0,0.18,0.0
det,210.3557,1105.19,775.38,68.62,145.25,0.895,Body
det,210.3557,1134.56,776.0,15.88,18.5,0.814,Head
det,210.3557,1523.25,791.38,9.5,15.25,0.465,Body
cover,210.4093,2,1,1,1
err,210.4094,-141.75,-14.05
timing,210.4094,17.1,33.4
gate,210.4094,166.8,1.0,0.18,0.0
det,210.4094,1101.0,775.38,66.5,144.25,0.872,Body
det,210.4094,1130.06,775.5,16.38,19.0,0.795,Head
cover,210.473,2,1,1,1
err,210.473,-143.25,-14.8
timing,210.473,17.0,41.6
gate,210.473,166.8,1.0,0.18,0.0
det,210.473,1097.88,774.12,68.75,145.75,0.889,Body
det,210.473,1128.62,774.75,16.25,19.0,0.844,Head
cover,210.6398,2,1,1,1
err,210.6399,-142.5,-14.04
timing,210.6399,10.6,140.8
gate,210.6399,166.8,1.0,0.18,0.0
det,210.6399,1099.44,774.62,69.12,144.75,0.875,Body
det,210.6399,1129.06,775.38,16.88,19.25,0.831,Head
cover,210.7025,2,1,1,1
err,210.7027,-145.0,-14.11
timing,210.7027,17.7,36.8
gate,210.7027,166.8,1.0,0.18,0.0
det,210.7027,1096.31,775.5,68.88,144.0,0.897,Body
det,210.7027,1126.94,776.12,16.12,17.75,0.801,Head
cover,210.7722,2,1,1,1
err,210.7723,-147.75,-9.83
timing,210.7723,20.0,43.5
gate,210.7722,166.8,1.0,0.18,0.0
det,210.7723,1093.75,778.88,68.0,145.25,0.896,Body
det,210.7723,1124.06,780.0,16.38,18.5,0.812,Head
cover,210.8402,2,1,1,1
err,210.8403,-145.25,-4.59
timing,210.8403,22.3,42.7
gate,210.8402,166.8,1.0,0.18,0.0
det,210.8403,1095.38,784.38,69.75,143.25,0.907,Body
det,210.8403,1126.31,785.38,16.88,18.25,0.838,Head
cover,210.8948,2,1,1,1
err,210.8948,-145.12,-4.59
timing,210.8948,21.9,30.5
gate,210.8948,166.8,1.0,0.18,0.0
det,210.8948,1095.25,784.0,70.0,143.5,0.91,Body
det,210.8948,1126.38,785.38,17.0,18.25,0.816,Head
cover,210.9462,2,1,1,1
err,210.9463,-145.0,-4.59
timing,210.9463,14.9,33.7
gate,210.9463,166.8,1.0,0.18,0.0
det,210.9463,1095.44,784.0,70.12,143.5,0.908,Body
det,210.9463,1126.44,785.38,17.12,18.25,0.812,Head
cover,211.0002,2,1,1,1
err,211.0002,-142.0,-5.51
timing,211.0002,15.4,34.7
gate,211.0002,166.8,1.0,0.18,0.0
det,211.0002,1098.5,782.5,69.0,143.5,0.899,Body
det,211.0002,1129.44,783.62,17.12,19.75,0.814,Head
cover,211.0786,2,1,1,1
err,211.0787,-145.12,-5.11
timing,211.0787,10.9,45.5
gate,211.0787,166.8,1.0,0.18,0.0
det,211.0787,1095.5,784.0,69.75,143.5,0.911,Body
det,211.0787,1126.38,785.12,17.0,17.75,0.818,Head
cover,211.158,2,1,1,1
err,211.1581,-145.0,-4.59
timing,211.1581,18.1,41.8
gate,211.1581,166.8,1.0,0.18,0.0
det,211.1581,1095.25,784.0,70.0,143.5,0.909,Body
det,211.1581,1126.44,785.38,17.12,18.25,0.823,Head
cover,211.2082,2,1,1,1
err,211.2088,-145.25,-4.85
timing,211.2088,9.6,38.5
gate,211.2084,166.8,1.0,0.18,0.0
det,211.2088,1095.38,784.0,70.0,143.5,0.91,Body
det,211.2088,1126.19,785.25,17.12,18.0,0.79,Head
cover,211.2659,2,1,1,1
err,211.266,-144.88,-4.01
timing,211.266,21.9,32.2
gate,211.2659,166.8,1.0,0.18,0.0
det,211.266,1095.88,784.5,69.0,143.5,0.901,Body
det,211.266,1126.62,785.12,17.0,19.75,0.77,Head
cover,211.3307,3,1,2,1
err,211.3308,-145.0,-4.02
timing,211.3308,14.5,46.9
gate,211.3308,166.8,1.0,0.18,0.0
det,211.3308,1096.06,784.88,68.88,143.25,0.901,Body
det,211.3308,1126.62,785.25,16.75,19.5,0.75,Head
det,211.3308,1515.25,801.5,9.5,14.5,0.419,Body
cover,211.3794,3,1,2,1
err,211.3795,-145.0,-4.01
timing,211.3795,12.2,31.4
gate,211.3795,166.8,1.0,0.18,0.0
det,211.3795,1096.0,784.88,68.75,143.25,0.896,Body
det,211.3795,1126.56,785.12,16.88,19.75,0.727,Head
det,211.3795,1515.5,801.12,9.0,14.75,0.452,Body
cover,211.4257,3,1,2,1
err,211.4257,-144.88,-4.01
timing,211.4257,10.7,32.6
gate,211.4257,166.8,1.0,0.18,0.0
det,211.4257,1095.81,784.88,68.88,143.25,0.895,Body
det,211.4257,1126.5,785.12,17.25,19.75,0.663,Head
det,211.4257,1515.5,801.5,9.0,14.5,0.404,Body
cover,211.4674,3,1,2,1
err,211.4674,-145.0,-4.01
timing,211.4674,7.9,31.3
gate,211.4674,166.8,1.0,0.18,0.0
det,211.4674,1096.06,784.75,68.88,143.5,0.896,Body
det,211.4674,1126.31,785.12,17.38,19.75,0.681,Head
det,211.4674,1515.5,801.5,9.0,14.5,0.434,Body
cover,211.5225,3,1,2,1
err,211.5225,-145.0,-4.01
timing,211.5225,20.4,32.1
gate,211.5225,166.8,1.0,0.18,0.0
det,211.5225,1096.06,784.88,68.88,143.25,0.899,Body
det,211.5225,1126.31,785.12,17.38,19.75,0.693,Head
det,211.5225,1515.25,801.12,9.5,14.75,0.516,Body
cover,211.575,2,1,1,1
err,211.575,-145.5,-4.27
timing,211.575,13.7,32.7
gate,211.575,166.8,1.0,0.18,0.0
det,211.575,1096.06,785.0,68.88,143.0,0.898,Body
det,211.575,1126.0,785.0,17.0,19.5,0.638,Head
cover,211.6296,3,1,2,1
err,211.6296,-145.5,-4.27
timing,211.6296,9.2,40.7
gate,211.6296,166.8,1.0,0.18,0.0
det,211.6296,1095.88,785.0,69.0,143.0,0.896,Body
det,211.6296,1126.06,785.0,16.88,19.5,0.652,Head
det,211.6296,1508.0,836.0,8.0,21.0,0.506,Body
cover,211.6903,3,1,2,1
err,211.6903,-145.5,-4.01
timing,211.6903,16.6,34.1
gate,211.6903,166.8,1.0,0.18,0.0
det,211.6903,1095.81,785.0,68.88,143.0,0.904,Body
det,211.6903,1505.0,845.75,8.0,20.5,0.818,Body
det,211.6903,1125.81,785.12,17.38,19.75,0.668,Head
cover,211.7822,2,1,1,1
err,211.7822,-145.5,-4.05
timing,211.7822,9.2,75.5
gate,211.7822,166.8,1.0,0.18,0.0
det,211.7822,1095.31,784.25,69.38,143.5,0.911,Body
det,211.7822,1125.94,785.5,17.12,19.0,0.776,Head
cover,211.8303,2,1,1,1
err,211.8304,-145.5,-4.05
timing,211.8304,10.0,33.4
gate,211.8304,166.8,1.0,0.18,0.0
det,211.8304,1095.75,784.88,69.25,143.25,0.905,Body
det,211.8304,1126.0,785.5,17.0,19.0,0.706,Head
cover,211.8825,2,1,1,1
err,211.8825,-145.5,-4.05
timing,211.8825,14.9,32.5
gate,211.8825,166.8,1.0,0.18,0.0
det,211.8825,1095.75,784.88,69.25,143.25,0.905,Body
det,211.8825,1126.06,785.5,16.88,19.0,0.702,Head
cover,211.9299,3,1,2,1
err,211.93,-145.5,-4.05
timing,211.93,10.6,32.0
gate,211.93,166.8,1.0,0.18,0.0
det,211.93,1095.75,784.88,69.25,143.25,0.906,Body
det,211.93,1126.0,785.5,17.0,19.0,0.686,Head
det,211.93,1515.0,801.0,10.0,15.0,0.443,Body
cover,211.9786,2,1,1,1
err,211.9786,-145.5,-4.05
timing,211.9786,13.8,31.8
gate,211.9786,166.8,1.0,0.18,0.0
det,211.9786,1095.75,784.88,69.25,143.25,0.908,Body
det,211.9786,1126.0,785.5,17.0,19.0,0.691,Head
cover,212.0248,2,1,1,1
err,212.0249,-145.5,-4.05
timing,212.0249,12.8,30.6
gate,212.0249,166.8,1.0,0.18,0.0
det,212.0249,1095.62,784.88,69.5,143.25,0.908,Body
det,212.0249,1126.06,785.5,16.88,19.0,0.727,Head
cover,212.0859,2,1,1,1
err,212.0859,-145.5,-4.05
timing,212.0859,24.8,33.1
gate,212.0859,166.8,1.0,0.18,0.0
det,212.0859,1095.81,784.88,69.38,143.25,0.909,Body
det,212.0859,1126.06,785.5,16.88,19.0,0.721,Head
cover,212.134,2,1,1,1
err,212.1341,-145.62,-4.05
timing,212.1341,11.6,32.3
gate,212.1341,166.8,1.0,0.18,0.0
det,212.1341,1095.81,784.5,69.38,143.5,0.909,Body
det,212.1341,1126.0,785.5,16.75,19.0,0.731,Head
cover,212.1793,2,1,1,1
err,212.1794,-145.5,-4.05
timing,212.1794,9.4,33.0
gate,212.1794,166.8,1.0,0.18,0.0
det,212.1794,1095.81,784.5,69.38,143.5,0.91,Body
det,212.1794,1126.06,785.5,16.88,19.0,0.729,Head
cover,212.2253,2,1,1,1
err,212.2254,-143.5,-6.54
timing,212.2254,10.6,33.7
gate,212.2254,166.8,1.0,0.18,0.0
det,212.2254,1095.81,780.88,68.88,143.25,0.895,Body
det,212.2254,1128.12,782.88,16.75,19.25,0.812,Head
cover,212.2673,2,1,1,1
err,212.2673,-141.88,-6.55
timing,212.2673,9.2,29.9
gate,212.2673,166.8,1.0,0.18,0.0
det,212.2673,1100.06,782.5,66.88,142.5,0.879,Body
det,212.2673,1129.88,783.0,16.5,19.0,0.732,Head
cover,212.3131,2,1,1,1
err,212.3131,-141.88,-6.55
timing,212.3131,10.1,32.5
gate,212.3131,166.8,1.0,0.18,0.0
det,212.3131,1100.0,782.38,67.0,142.25,0.882,Body
det,212.3131,1129.88,783.0,16.5,19.0,0.731,Head
cover,212.3576,2,1,1,1
err,212.3577,-141.88,-6.56
timing,212.3577,7.5,34.8
gate,212.3577,166.8,1.0,0.18,0.0
det,212.3577,1100.06,782.38,66.88,142.25,0.877,Body
det,212.3577,1129.75,783.12,16.75,18.75,0.729,Head
cover,212.4022,2,1,1,1
err,212.4023,-142.0,-6.55
timing,212.4023,10.6,31.3
gate,212.4023,166.8,1.0,0.18,0.0
det,212.4023,1100.06,782.38,66.88,142.25,0.874,Body
det,212.4023,1129.81,783.0,16.38,19.0,0.724,Head
cover,212.452,2,1,1,1
err,212.452,-142.0,-6.56
timing,212.452,15.2,31.1
gate,212.452,166.8,1.0,0.18,0.0
det,212.452,1100.25,782.38,67.0,142.25,0.872,Body
det,212.452,1129.81,783.12,16.38,18.75,0.72,Head
cover,212.4946,2,1,1,1
err,212.4946,-142.0,-6.56
timing,212.4946,9.3,31.0
gate,212.4946,166.8,1.0,0.18,0.0
det,212.4946,1100.25,782.38,67.0,142.25,0.874,Body
det,212.4946,1129.81,783.12,16.38,18.75,0.724,Head
cover,212.5451,2,1,1,1
err,212.5452,-132.62,-15.75
timing,212.5452,14.0,33.5
gate,212.5452,166.8,1.0,0.18,0.0
det,212.5452,1109.44,772.12,68.12,143.75,0.928,Body
det,212.5452,1139.12,773.25,16.5,20.0,0.782,Head
cover,212.5954,2,1,1,1
err,212.5954,-129.75,-16.61
timing,212.5954,15.9,30.7
gate,212.5954,166.8,1.0,0.18,0.0
det,212.5954,1112.12,772.12,67.75,143.75,0.908,Body
det,212.5954,1142.44,773.62,15.62,17.75,0.833,Head
cover,212.6368,2,1,1,1
err,212.6368,-129.5,-16.59
timing,212.6368,8.2,30.5
gate,212.6368,166.8,1.0,0.18,0.0
det,212.6368,1111.56,772.38,68.38,144.25,0.912,Body
det,212.6368,1142.69,773.38,15.62,18.25,0.826,Head
cover,212.6881,2,1,1,1
err,212.6881,-129.75,-16.61
timing,212.6881,14.6,33.8
gate,212.6881,166.8,1.0,0.18,0.0
det,212.6881,1111.81,772.38,68.38,144.25,0.905,Body
det,212.6881,1142.38,773.62,15.75,17.75,0.828,Head
cover,212.7308,2,1,1,1
err,212.7308,-139.5,-15.5
timing,212.7308,11.2,29.0
gate,212.7308,166.8,1.0,0.18,0.0
det,212.7308,1103.75,773.88,66.0,144.25,0.896,Body
det,212.7308,1132.38,773.5,16.25,20.0,0.788,Head
cover,212.778,2,1,1,0
nearest,212.7781,154.7
cover,212.8531,3,1,2,0
nearest,212.8531,185.4
cover,212.9252,3,1,2,0
nearest,212.9253,185.4
cover,212.9755,3,1,2,0
nearest,212.9756,185.4
cover,213.0259,3,1,2,0
nearest,213.026,185.4
cover,213.1267,3,1,2,0
nearest,213.1268,185.4
cover,213.2083,0,0,0,0
nearest,213.2083,-1
cover,213.2615,0,0,0,0
nearest,213.2615,-1
cover,213.3181,0,0,0,0
nearest,213.3182,-1
cover,213.3789,0,0,0,0
nearest,213.379,-1
cover,213.4301,0,0,0,0
nearest,213.4301,-1
cover,213.4786,0,0,0,0
nearest,213.4787,-1
cover,213.5301,0,0,0,0
nearest,213.5301,-1
cover,213.5787,0,0,0,0
nearest,213.5787,-1
cover,213.63,0,0,0,0
nearest,213.63,-1
cover,213.6822,0,0,0,0
nearest,213.6822,-1
cover,213.7345,0,0,0,0
nearest,213.7345,-1
cover,213.7899,0,0,0,0
nearest,213.7899,-1
cover,213.8426,0,0,0,0
nearest,213.8426,-1
cover,213.8947,0,0,0,0
nearest,213.8948,-1
cover,213.9492,0,0,0,0
nearest,213.9493,-1
cover,214.0006,0,0,0,0
nearest,214.0006,-1
cover,214.0442,0,0,0,0
nearest,214.0442,-1
cover,214.0952,0,0,0,0
nearest,214.0952,-1
cover,214.1452,0,0,0,0
nearest,214.1452,-1
cover,214.1938,0,0,0,0
nearest,214.1939,-1
cover,214.2471,0,0,0,0
nearest,214.2471,-1
cover,214.2932,0,0,0,0
nearest,214.2933,-1
cover,214.3362,0,0,0,0
nearest,214.3362,-1
cover,214.388,0,0,0,0
nearest,214.3881,-1
cover,214.4371,0,0,0,0
nearest,214.4371,-1
cover,214.4841,0,0,0,0
nearest,214.4842,-1
cover,214.5301,0,0,0,0
nearest,214.5301,-1
cover,214.5808,0,0,0,0
nearest,214.5809,-1
cover,214.6316,0,0,0,0
nearest,214.6316,-1
cover,214.6792,0,0,0,0
nearest,214.6792,-1
cover,214.7308,0,0,0,0
nearest,214.7309,-1
cover,214.7888,0,0,0,0
nearest,214.7888,-1
cover,214.8475,0,0,0,0
nearest,214.8476,-1
cover,214.8978,0,0,0,0
nearest,214.8979,-1
cover,214.9563,0,0,0,0
nearest,214.9563,-1
cover,215.0299,0,0,0,0
nearest,215.03,-1
cover,215.0817,0,0,0,0
nearest,215.0817,-1
cover,215.1322,0,0,0,0
nearest,215.1323,-1
cover,215.1788,0,0,0,0
nearest,215.1788,-1
cover,215.2294,0,0,0,0
nearest,215.2294,-1
cover,215.2781,0,0,0,0
nearest,215.2782,-1
cover,215.3298,0,0,0,0
nearest,215.3298,-1
cover,215.3802,0,0,0,0
nearest,215.3802,-1
cover,215.4275,0,0,0,0
nearest,215.4275,-1
cover,215.4777,0,0,0,0
nearest,215.4777,-1
cover,215.5524,0,0,0,0
nearest,215.5524,-1
cover,215.6097,0,0,0,0
nearest,215.6097,-1
cover,215.6619,0,0,0,0
nearest,215.662,-1
cover,215.716,0,0,0,0
nearest,215.716,-1
cover,215.7589,0,0,0,0
nearest,215.7589,-1
cover,215.8021,0,0,0,0
nearest,215.8022,-1
cover,215.853,0,0,0,0
nearest,215.853,-1
cover,215.9015,0,0,0,0
nearest,215.9015,-1
cover,215.952,0,0,0,0
nearest,215.952,-1
cover,215.9993,0,0,0,0
nearest,215.9993,-1
cover,216.0419,0,0,0,0
nearest,216.0419,-1
cover,216.1003,0,0,0,0
nearest,216.1003,-1
cover,216.1493,0,0,0,0
nearest,216.1493,-1
cover,216.1947,0,0,0,0
nearest,216.1947,-1
cover,216.2407,0,0,0,0
nearest,216.2407,-1
cover,216.2885,0,0,0,0
nearest,216.2885,-1
cover,216.3357,0,0,0,0
nearest,216.3357,-1
cover,216.3811,0,0,0,0
nearest,216.3811,-1
cover,216.4273,0,0,0,0
nearest,216.4273,-1
cover,216.4793,0,0,0,0
nearest,216.4793,-1
cover,216.5306,0,0,0,0
nearest,216.5306,-1
cover,216.5876,0,0,0,0
nearest,216.5876,-1
cover,216.6423,0,0,0,0
nearest,216.6423,-1
cover,216.6939,0,0,0,0
nearest,216.694,-1
cover,216.7611,0,0,0,0
nearest,216.7611,-1
cover,216.8256,0,0,0,0
nearest,216.8257,-1
cover,216.8891,0,0,0,0
nearest,216.8891,-1
cover,216.9463,0,0,0,0
nearest,216.9463,-1
cover,216.9978,0,0,0,0
nearest,216.9979,-1
cover,217.0439,0,0,0,0
nearest,217.044,-1
cover,217.0909,0,0,0,0
nearest,217.0909,-1
cover,217.141,0,0,0,0
nearest,217.1411,-1
cover,217.1974,0,0,0,0
nearest,217.1974,-1
cover,217.2531,0,0,0,0
nearest,217.2532,-1
cover,217.2985,0,0,0,0
nearest,217.2985,-1
cover,217.3415,0,0,0,0
nearest,217.3415,-1
cover,217.3866,0,0,0,0
nearest,217.3866,-1
cover,217.4412,0,0,0,0
nearest,217.4413,-1
cover,217.4851,0,0,0,0
nearest,217.4851,-1
cover,217.5389,0,0,0,0
nearest,217.5389,-1
cover,217.5959,0,0,0,0
nearest,217.5959,-1
cover,217.6517,0,0,0,0
nearest,217.6517,-1
cover,217.715,0,0,0,0
nearest,217.715,-1
cover,217.7609,0,0,0,0
nearest,217.7609,-1
cover,217.8132,0,0,0,0
nearest,217.8133,-1
cover,217.8604,0,0,0,0
nearest,217.8604,-1
cover,217.9069,0,0,0,0
nearest,217.9069,-1
cover,217.955,0,0,0,0
nearest,217.955,-1
cover,218.0076,0,0,0,0
nearest,218.0077,-1
cover,218.0557,0,0,0,0
nearest,218.0557,-1
cover,218.1104,0,0,0,0
nearest,218.1104,-1
cover,218.1531,0,0,0,0
nearest,218.1531,-1
cover,218.21,0,0,0,0
nearest,218.21,-1
cover,218.2519,0,0,0,0
nearest,218.2519,-1
cover,218.3063,0,0,0,0
nearest,218.3064,-1
cover,218.3635,0,0,0,0
nearest,218.3636,-1
cover,218.4071,0,0,0,0
nearest,218.4071,-1
cover,218.4571,0,0,0,0
nearest,218.4571,-1
cover,218.5108,0,0,0,0
nearest,218.5108,-1
cover,218.5652,0,0,0,0
nearest,218.5653,-1
cover,218.6117,0,0,0,0
nearest,218.6117,-1
cover,218.6711,0,0,0,0
nearest,218.6711,-1
cover,218.7301,0,0,0,0
nearest,218.7301,-1
cover,218.7783,0,0,0,0
nearest,218.7783,-1
cover,218.8317,0,0,0,0
nearest,218.8317,-1
cover,218.8752,0,0,0,0
nearest,218.8752,-1
cover,218.9328,0,0,0,0
nearest,218.9328,-1
cover,218.9866,0,0,0,0
nearest,218.9866,-1
cover,219.0318,0,0,0,0
nearest,219.0318,-1
cover,219.0861,0,0,0,0
nearest,219.0861,-1
cover,219.1376,0,0,0,0
nearest,219.1376,-1
cover,219.2033,0,0,0,0
nearest,219.2034,-1
cover,219.2518,0,0,0,0
nearest,219.2518,-1
cover,219.3048,0,0,0,0
nearest,219.3048,-1
cover,219.3487,0,0,0,0
nearest,219.3488,-1
cover,219.3985,0,0,0,0
nearest,219.3985,-1
cover,219.4434,0,0,0,0
nearest,219.4434,-1
cover,219.4947,0,0,0,0
nearest,219.4947,-1
cover,219.5454,0,0,0,0
nearest,219.5454,-1
cover,219.5967,0,0,0,0
nearest,219.5967,-1
cover,219.6449,0,0,0,0
nearest,219.645,-1
cover,219.6998,0,0,0,0
nearest,219.6998,-1
cover,219.7555,0,0,0,0
nearest,219.7555,-1
cover,219.7991,0,0,0,0
nearest,219.7992,-1
cover,219.8539,0,0,0,0
nearest,219.8539,-1
cover,219.902,0,0,0,0
nearest,219.902,-1
cover,219.9534,0,0,0,0
nearest,219.9535,-1
cover,220.0024,0,0,0,0
nearest,220.0024,-1
cover,220.0483,0,0,0,0
nearest,220.0484,-1
cover,220.0957,0,0,0,0
nearest,220.0957,-1
cover,220.136,0,0,0,0
nearest,220.136,-1
cover,220.1883,0,0,0,0
nearest,220.1883,-1
cover,220.2376,0,0,0,0
nearest,220.2376,-1
cover,220.282,0,0,0,0
nearest,220.282,-1
cover,220.3248,0,0,0,0
nearest,220.3248,-1
cover,220.3664,0,0,0,0
nearest,220.3664,-1
cover,220.4122,0,0,0,0
nearest,220.4122,-1
cover,220.465,0,0,0,0
nearest,220.4651,-1
cover,220.5071,0,0,0,0
nearest,220.5071,-1
cover,220.556,0,0,0,0
nearest,220.5561,-1
cover,220.6028,0,0,0,0
nearest,220.6028,-1
cover,220.647,0,0,0,0
nearest,220.647,-1
cover,220.694,0,0,0,0
nearest,220.694,-1
cover,220.7454,0,0,0,0
nearest,220.7455,-1
cover,220.7994,0,0,0,0
nearest,220.7994,-1
cover,220.8618,0,0,0,0
nearest,220.8619,-1
cover,220.9106,0,0,0,0
nearest,220.9106,-1
cover,220.9637,0,0,0,0
nearest,220.9638,-1
cover,221.0096,0,0,0,0
nearest,221.0096,-1
cover,221.0604,0,0,0,0
nearest,221.0604,-1
cover,221.1092,0,0,0,0
nearest,221.1093,-1
cover,221.1543,0,0,0,0
nearest,221.1543,-1
cover,221.216,0,0,0,0
nearest,221.216,-1
cover,221.2682,0,0,0,0
nearest,221.2682,-1
cover,221.3191,0,0,0,0
nearest,221.3191,-1
cover,221.3744,0,0,0,0
nearest,221.3744,-1
cover,221.4264,0,0,0,0
nearest,221.4264,-1
cover,221.4883,0,0,0,0
nearest,221.4884,-1
cover,221.5407,0,0,0,0
nearest,221.5407,-1
cover,221.6036,0,0,0,0
nearest,221.6037,-1
cover,221.6684,0,0,0,0
nearest,221.6684,-1
cover,221.7281,0,0,0,0
nearest,221.7282,-1
cover,221.8001,0,0,0,0
nearest,221.8001,-1
cover,221.8561,0,0,0,0
nearest,221.8562,-1
cover,221.9244,0,0,0,0
nearest,221.9244,-1
cover,221.9717,0,0,0,0
nearest,221.9717,-1
cover,222.0166,0,0,0,0
nearest,222.0166,-1
cover,222.0703,0,0,0,0
nearest,222.0703,-1
cover,222.1198,0,0,0,0
nearest,222.1199,-1
cover,222.1856,0,0,0,0
nearest,222.1856,-1
cover,222.2448,0,0,0,0
nearest,222.2448,-1
cover,222.3033,0,0,0,0
nearest,222.3033,-1
cover,222.3556,0,0,0,0
nearest,222.3556,-1
cover,222.4253,0,0,0,0
nearest,222.4253,-1
cover,222.5002,0,0,0,0
nearest,222.5002,-1
cover,222.555,0,0,0,0
nearest,222.5551,-1
cover,222.6167,0,0,0,0
nearest,222.6167,-1
cover,222.6669,0,0,0,0
nearest,222.667,-1
cover,222.7189,0,0,0,0
nearest,222.7189,-1
cover,222.7864,0,0,0,0
nearest,222.7864,-1
cover,222.8487,0,0,0,0
nearest,222.8489,-1
cover,222.9103,0,0,0,0
nearest,222.9104,-1
cover,222.9823,0,0,0,0
nearest,222.9823,-1
cover,223.0605,0,0,0,0
nearest,223.0605,-1
cover,223.1285,0,0,0,0
nearest,223.1285,-1
cover,223.1769,0,0,0,0
nearest,223.177,-1
cover,223.2425,0,0,0,0
nearest,223.2425,-1
cover,223.3044,0,0,0,0
nearest,223.3044,-1
cover,223.3652,0,0,0,0
nearest,223.3652,-1
cover,223.4204,0,0,0,0
nearest,223.4204,-1
cover,223.4847,0,0,0,0
nearest,223.4848,-1
cover,223.5471,0,0,0,0
nearest,223.5471,-1
cover,223.6345,0,0,0,0
nearest,223.6351,-1
cover,223.7363,0,0,0,0
nearest,223.7363,-1
cover,223.8078,0,0,0,0
nearest,223.8078,-1
cover,223.8626,0,0,0,0
nearest,223.8626,-1
cover,223.9163,0,0,0,0
nearest,223.9164,-1
cover,223.9712,0,0,0,0
nearest,223.9712,-1
cover,224.034,0,0,0,0
nearest,224.034,-1
cover,224.0939,0,0,0,0
nearest,224.0939,-1
cover,224.1474,0,0,0,0
nearest,224.1474,-1
cover,224.1956,0,0,0,0
nearest,224.1957,-1
cover,224.2419,0,0,0,0
nearest,224.2421,-1
cover,224.3091,0,0,0,0
nearest,224.3091,-1
cover,224.3695,0,0,0,0
nearest,224.3695,-1
cover,224.4267,0,0,0,0
nearest,224.4267,-1
cover,224.4886,0,0,0,0
nearest,224.4887,-1
cover,224.5521,0,0,0,0
nearest,224.5521,-1
cover,224.6125,0,0,0,0
nearest,224.6125,-1
cover,224.6702,0,0,0,0
nearest,224.6703,-1
cover,224.7333,0,0,0,0
nearest,224.7333,-1
cover,224.7772,0,0,0,0
nearest,224.7772,-1
cover,224.8286,0,0,0,0
nearest,224.8287,-1
cover,224.8866,0,0,0,0
nearest,224.8866,-1
cover,224.9352,0,0,0,0
nearest,224.9352,-1
cover,224.9902,0,0,0,0
nearest,224.9902,-1
cover,225.0448,0,0,0,0
nearest,225.0448,-1
cover,225.0958,0,0,0,0
nearest,225.0958,-1
cover,225.144,0,0,0,0
nearest,225.144,-1
cover,225.1931,0,0,0,0
nearest,225.1931,-1
cover,225.2437,0,0,0,0
nearest,225.2438,-1
cover,225.2944,0,0,0,0
nearest,225.2944,-1
cover,225.3381,0,0,0,0
nearest,225.3381,-1
cover,225.3865,0,0,0,0
nearest,225.3865,-1
cover,225.4443,0,0,0,0
nearest,225.4443,-1
cover,225.491,0,0,0,0
nearest,225.491,-1
cover,225.543,0,0,0,0
nearest,225.543,-1
cover,225.5912,0,0,0,0
nearest,225.5913,-1
cover,225.647,0,0,0,0
nearest,225.647,-1
cover,225.6977,0,0,0,0
nearest,225.6977,-1
cover,225.7487,0,0,0,0
nearest,225.7487,-1
cover,225.8041,0,0,0,0
nearest,225.8041,-1
cover,225.8621,0,0,0,0
nearest,225.8621,-1
cover,225.9103,0,0,0,0
nearest,225.9103,-1
cover,225.9638,0,0,0,0
nearest,225.9639,-1
cover,226.0128,0,0,0,0
nearest,226.0128,-1
cover,226.0728,0,0,0,0
nearest,226.0728,-1
cover,226.1222,0,0,0,0
nearest,226.1222,-1
cover,226.1804,0,0,0,0
nearest,226.1804,-1
cover,226.2419,0,0,0,0
nearest,226.2419,-1
cover,226.312,0,0,0,0
nearest,226.312,-1
cover,226.3623,2,1,1,1
err,226.3624,-184.62,-26.55
timing,226.3624,17.0,31.7
gate,226.3624,166.8,1.0,0.18,0.0
det,226.3624,1058.06,762.5,66.88,161.5,0.903,Body
det,226.3624,1087.38,763.0,16.0,19.0,0.841,Head
cover,226.4056,2,1,1,1
err,226.4057,-184.62,-26.55
timing,226.4057,10.8,30.2
gate,226.4056,166.8,1.0,0.18,0.0
det,226.4057,1058.06,762.5,66.88,161.5,0.903,Body
det,226.4057,1087.38,763.0,16.0,19.0,0.841,Head
cover,226.4491,2,1,1,1
err,226.4492,-184.62,-26.55
timing,226.4492,11.9,29.9
gate,226.4491,166.8,1.0,0.18,0.0
det,226.4492,1058.06,762.5,66.88,161.5,0.903,Body
det,226.4492,1087.38,763.0,16.0,19.0,0.841,Head
cover,226.515,2,1,1,1
err,226.5151,-184.62,-26.55
timing,226.5151,26.3,37.6
gate,226.5151,166.8,1.0,0.18,0.0
det,226.5151,1058.06,762.5,66.88,161.5,0.903,Body
det,226.5151,1087.38,763.0,16.0,19.0,0.841,Head
cover,226.575,2,1,1,1
err,226.5751,-194.0,-22.06
timing,226.5751,25.2,32.8
gate,226.5751,166.8,1.0,0.18,0.0
det,226.5751,1047.12,766.5,68.88,145.0,0.911,Body
det,226.5751,1077.75,767.62,16.5,18.75,0.77,Head
cover,226.6233,2,1,1,1
err,226.6233,-209.88,-25.54
timing,226.6233,14.6,30.2
gate,226.6233,166.8,1.0,0.18,0.0
det,226.6233,1030.25,763.0,71.5,146.5,0.909,Body
det,226.6233,1061.66,763.88,16.94,19.25,0.819,Head
cover,226.6782,2,1,1,1
err,226.6783,-227.88,-28.06
timing,226.6783,15.8,35.7
gate,226.6783,166.8,1.0,0.18,0.0
det,226.6783,1013.75,762.5,66.12,145.5,0.893,Body
det,226.6783,1043.94,761.62,16.38,18.75,0.802,Head
cover,226.7329,2,1,1,1
err,226.733,-239.94,-12.01
timing,226.733,20.6,31.0
gate,226.733,166.8,1.0,0.18,0.0
det,226.733,1001.19,777.5,70.12,146.5,0.871,Body
det,226.733,1031.88,777.12,16.38,19.75,0.78,Head
cover,226.7788,2,1,1,1
err,226.7789,-246.12,-6.55
timing,226.7789,7.9,34.9
gate,226.7789,166.8,1.0,0.18,0.0
det,226.7789,993.38,781.75,69.12,148.5,0.905,Body
det,226.7789,1025.47,783.0,16.81,19.0,0.82,Head
cover,226.8341,2,1,1,1
err,226.8341,-268.84,2.7
timing,226.8341,19.2,32.2
gate,226.8341,166.8,1.0,0.18,0.0
det,226.8341,971.0,791.5,70.38,145.0,0.877,Body
det,226.8341,1002.75,792.25,16.81,19.0,0.824,Head
cover,226.8855,2,1,1,1
err,226.8858,-289.16,3.96
timing,226.8858,14.3,33.0
gate,226.8858,166.8,1.0,0.18,0.0
det,226.8858,960.38,793.5,60.75,146.0,0.888,Body
det,226.8858,982.12,793.38,17.44,19.25,0.808,Head
cover,226.9418,1,0,1,0
nearest,226.9418,-1
cover,226.9926,1,0,1,0
nearest,226.9926,-1
cover,227.0364,1,0,1,0
nearest,227.0364,-1
cover,227.0809,2,1,1,1
err,227.081,-314.82,18.25
timing,227.081,12.2,31.4
gate,227.081,166.8,1.0,0.18,0.0
det,227.081,960.09,808.12,24.06,130.75,0.825,Body
det,227.081,960.05,810.0,10.27,15.0,0.478,Head
cover,227.1236,1,0,1,0
nearest,227.1236,-1
cover,227.1723,0,0,0,0
nearest,227.1723,-1
cover,227.2259,0,0,0,0
nearest,227.226,-1
cover,227.2747,0,0,0,0
nearest,227.2747,-1
cover,227.3203,0,0,0,0
nearest,227.3204,-1
cover,227.3653,0,0,0,0
nearest,227.3653,-1
cover,227.4125,0,0,0,0
nearest,227.4125,-1
cover,227.4516,0,0,0,0
nearest,227.4516,-1
cover,227.4979,0,0,0,0
nearest,227.4979,-1
cover,227.5473,0,0,0,0
nearest,227.5474,-1
cover,227.5944,0,0,0,0
nearest,227.5944,-1
cover,227.6361,0,0,0,0
nearest,227.6362,-1
cover,227.6776,0,0,0,0
nearest,227.6777,-1
cover,227.7255,0,0,0,0
nearest,227.7256,-1
cover,227.7696,0,0,0,0
nearest,227.7696,-1
cover,227.8075,0,0,0,0
nearest,227.8076,-1
cover,227.849,0,0,0,0
nearest,227.8491,-1
cover,227.8917,0,0,0,0
nearest,227.8917,-1
cover,227.9332,0,0,0,0
nearest,227.9332,-1
cover,227.9743,0,0,0,0
nearest,227.9743,-1
cover,228.0179,0,0,0,0
nearest,228.0179,-1
cover,228.058,0,0,0,0
nearest,228.0581,-1
cover,228.1063,0,0,0,0
nearest,228.1063,-1
cover,228.1529,0,0,0,0
nearest,228.153,-1
cover,228.1943,2,1,1,1
err,228.1944,-301.8,-183.46
timing,228.1944,10.7,29.8
gate,228.1944,166.8,1.0,0.18,0.0
det,228.1944,960.94,603.5,53.5,144.75,0.892,Body
det,228.1944,969.09,605.06,18.22,20.88,0.828,Head
cover,228.2388,2,1,1,1
err,228.2388,-266.28,-294.68
timing,228.2388,11.8,29.8
gate,228.2388,166.8,1.0,0.18,0.0
det,228.2388,979.62,492.5,72.62,155.0,0.885,Body
det,228.2388,1004.25,493.85,18.94,20.86,0.761,Head
cover,228.28,2,0,2,0
nearest,228.28,-1
cover,228.3282,0,0,0,0
nearest,228.3283,-1
cover,228.383,0,0,0,0
nearest,228.383,-1
cover,228.4334,0,0,0,0
nearest,228.4334,-1
cover,228.4773,0,0,0,0
nearest,228.4773,-1
cover,228.5194,0,0,0,0
nearest,228.5194,-1
cover,228.5601,0,0,0,0
nearest,228.5602,-1
cover,228.6042,0,0,0,0
nearest,228.6042,-1
cover,228.6417,0,0,0,0
nearest,228.6417,-1
cover,228.6875,0,0,0,0
nearest,228.6875,-1
cover,228.7306,0,0,0,0
nearest,228.7306,-1
cover,228.7751,0,0,0,0
nearest,228.7751,-1
cover,228.8204,0,0,0,0
nearest,228.8204,-1
cover,228.8643,0,0,0,0
nearest,228.8643,-1
cover,228.9112,0,0,0,0
nearest,228.9112,-1
cover,228.9529,0,0,0,0
nearest,228.9529,-1
cover,228.9966,0,0,0,0
nearest,228.9967,-1
cover,229.0347,0,0,0,0
nearest,229.0348,-1
cover,229.0803,0,0,0,0
nearest,229.0803,-1
cover,229.1256,0,0,0,0
nearest,229.1256,-1
cover,229.1692,0,0,0,0
nearest,229.1692,-1
cover,229.2131,0,0,0,0
nearest,229.2131,-1
cover,229.2527,0,0,0,0
nearest,229.2527,-1
cover,229.2965,0,0,0,0
nearest,229.2966,-1
cover,229.3373,0,0,0,0
nearest,229.3373,-1
cover,229.3811,0,0,0,0
nearest,229.3811,-1
cover,229.4227,0,0,0,0
nearest,229.4227,-1
cover,229.4655,0,0,0,0
nearest,229.4655,-1
cover,229.5165,0,0,0,0
nearest,229.5165,-1
cover,229.6191,0,0,0,0
nearest,229.6192,-1
cover,229.6653,0,0,0,0
nearest,229.6654,-1
cover,229.7083,0,0,0,0
nearest,229.7084,-1
cover,229.7503,1,0,1,0
nearest,229.7504,-1
cover,229.8009,0,0,0,0
nearest,229.8009,-1
cover,229.8492,0,0,0,0
nearest,229.8493,-1
cover,229.891,1,0,1,0
nearest,229.8911,-1
cover,229.9399,2,0,2,0
nearest,229.9399,-1
cover,229.9858,1,0,1,0
nearest,229.9858,-1
cover,230.0261,1,0,1,0
nearest,230.0261,-1
cover,230.0709,1,0,1,0
nearest,230.0709,-1
cover,230.1161,1,0,1,0
nearest,230.1161,-1
cover,230.1588,1,0,1,0
nearest,230.1589,-1
cover,230.2034,1,0,1,0
nearest,230.2035,-1
cover,230.2471,2,0,2,0
nearest,230.2471,-1
cover,230.2908,2,0,2,0
nearest,230.2909,-1
cover,230.332,1,0,1,0
nearest,230.332,-1
cover,230.3774,1,0,1,0
nearest,230.3774,-1
cover,230.4235,1,0,1,0
nearest,230.4235,-1
cover,230.473,1,0,1,0
nearest,230.473,-1
cover,230.5148,1,0,1,0
nearest,230.5148,-1
cover,230.5627,1,0,1,0
nearest,230.5627,-1
cover,230.6089,1,0,1,0
nearest,230.609,-1
cover,230.6537,1,0,1,0
nearest,230.6537,-1
cover,230.6951,1,0,1,0
nearest,230.6951,-1
cover,230.7361,1,0,1,0
nearest,230.7362,-1
cover,230.7814,1,0,1,0
nearest,230.7815,-1
cover,230.821,1,0,1,0
nearest,230.821,-1
cover,230.8679,0,0,0,0
nearest,230.8679,-1
cover,230.9154,0,0,0,0
nearest,230.9154,-1
cover,230.9599,0,0,0,0
nearest,230.9599,-1
cover,231.0042,0,0,0,0
nearest,231.0042,-1
cover,231.0466,0,0,0,0
nearest,231.0466,-1
cover,231.0866,0,0,0,0
nearest,231.0866,-1
cover,231.1346,0,0,0,0
nearest,231.1346,-1
cover,231.1786,0,0,0,0
nearest,231.1786,-1
cover,231.2382,0,0,0,0
nearest,231.2382,-1
cover,231.2928,0,0,0,0
nearest,231.2928,-1
cover,231.3376,0,0,0,0
nearest,231.3376,-1
cover,231.3852,0,0,0,0
nearest,231.3853,-1
cover,231.4323,0,0,0,0
nearest,231.4324,-1
cover,231.4788,0,0,0,0
nearest,231.4789,-1
cover,231.5254,0,0,0,0
nearest,231.5254,-1
cover,231.5707,0,0,0,0
nearest,231.5707,-1
cover,231.613,0,0,0,0
nearest,231.6131,-1
cover,231.6592,0,0,0,0
nearest,231.6592,-1
cover,231.7062,0,0,0,0
nearest,231.7062,-1
cover,231.7545,0,0,0,0
nearest,231.7545,-1
cover,231.8035,0,0,0,0
nearest,231.8035,-1
cover,231.8549,0,0,0,0
nearest,231.855,-1
cover,231.907,0,0,0,0
nearest,231.9071,-1
cover,231.9552,0,0,0,0
nearest,231.9553,-1
cover,232.0045,0,0,0,0
nearest,232.0045,-1
cover,232.0517,0,0,0,0
nearest,232.0517,-1
cover,232.0999,0,0,0,0
nearest,232.0999,-1
cover,232.1462,0,0,0,0
nearest,232.1462,-1
cover,232.193,0,0,0,0
nearest,232.193,-1
cover,232.2397,0,0,0,0
nearest,232.2397,-1
cover,232.2924,0,0,0,0
nearest,232.2924,-1
cover,232.3398,0,0,0,0
nearest,232.3398,-1
cover,232.3864,0,0,0,0
nearest,232.3865,-1
cover,232.4341,0,0,0,0
nearest,232.4341,-1
cover,232.4829,0,0,0,0
nearest,232.483,-1
cover,232.5267,1,1,0,1
err,232.5267,-305.4,-114.41
timing,232.5267,11.0,31.9
gate,232.5267,166.8,1.0,0.18,0.0
det,232.5267,965.73,675.0,17.73,19.25,0.487,Head
cover,232.5767,2,1,1,1
err,232.5768,-300.72,-107.77
timing,232.5768,14.7,31.7
gate,232.5768,166.8,1.0,0.18,0.0
det,232.5768,969.97,681.44,18.62,19.62,0.716,Head
det,232.5768,959.53,681.44,52.09,140.12,0.485,Body
cover,232.6225,1,1,0,1
err,232.6225,-298.81,-102.77
timing,232.6225,9.3,33.1
gate,232.6225,166.8,1.0,0.18,0.0
det,232.6225,972.16,686.44,18.05,19.62,0.654,Head
cover,232.6755,1,1,0,1
err,232.6755,-299.09,-100.28
timing,232.6755,14.5,35.7
gate,232.6755,166.8,1.0,0.18,0.0
det,232.6755,971.75,689.06,18.31,19.38,0.463,Head
cover,232.7275,1,1,0,1
err,232.7276,-299.19,-100.41
timing,232.7276,13.3,35.0
gate,232.7276,166.8,1.0,0.18,0.0
det,232.7276,971.74,689.0,18.14,19.25,0.445,Head
cover,232.7825,1,1,0,1
err,232.7826,-299.19,-100.56
timing,232.7826,18.3,31.3
gate,232.7826,166.8,1.0,0.18,0.0
det,232.7826,971.8,689.06,18.03,18.88,0.427,Head
cover,232.8371,0,0,0,0
nearest,232.8371,-1
cover,232.8883,2,1,1,1
err,232.8883,-298.84,-100.67
timing,232.8883,13.7,34.6
gate,232.8883,166.8,1.0,0.18,0.0
det,232.8883,972.7,688.88,16.92,19.0,0.443,Head
det,232.8883,959.59,687.88,51.31,130.25,0.423,Body
cover,232.9346,2,1,1,1
err,232.9347,-298.84,-100.67
timing,232.9347,9.7,33.6
gate,232.9347,166.8,1.0,0.18,0.0
det,232.9347,959.69,688.12,51.94,130.75,0.61,Body
det,232.9347,972.71,688.88,16.89,19.0,0.529,Head
cover,232.9799,2,1,1,1
err,232.98,-298.81,-100.56
timing,232.98,9.1,33.4
gate,232.98,166.8,1.0,0.18,0.0
det,232.98,959.78,687.94,53.09,132.62,0.724,Body
det,232.98,972.77,689.06,16.84,18.88,0.569,Head
cover,233.0314,2,1,1,1
err,233.0314,-291.61,-98.53
timing,233.0314,8.6,40.0
gate,233.0314,166.8,1.0,0.18,0.0
det,233.0314,960.5,689.06,62.31,131.88,0.855,Body
det,233.0314,979.75,690.81,17.28,19.38,0.743,Head
cover,233.0794,2,1,1,1
err,233.0795,-302.05,-98.79
timing,233.0795,15.2,29.8
gate,233.0795,166.8,1.0,0.18,0.0
det,233.0795,960.03,689.75,51.41,141.0,0.853,Body
det,233.0795,968.98,690.62,17.94,19.25,0.808,Head
cover,233.1342,0,0,0,0
nearest,233.1342,-1
cover,233.186,1,0,1,0
nearest,233.186,-1
cover,233.2394,1,0,1,0
nearest,233.2394,-1
cover,233.3009,2,1,1,1
err,233.301,-310.42,-100.52
timing,233.301,19.2,41.3
gate,233.301,166.8,1.0,0.18,0.0
det,233.301,960.16,688.62,41.78,138.75,0.656,Body
det,233.301,961.14,688.69,16.88,19.62,0.622,Head
cover,233.3569,2,1,1,1
err,233.357,-296.33,-99.48
timing,233.357,21.8,30.4
gate,233.357,166.8,1.0,0.18,0.0
det,233.357,959.91,688.75,57.78,144.5,0.902,Body
det,233.357,974.78,689.25,17.78,20.5,0.818,Head
cover,233.4049,2,1,1,1
err,233.4049,-201.5,-103.74
timing,233.4049,10.3,34.1
gate,233.4049,166.8,1.0,0.18,0.0
det,233.4049,1042.25,684.75,66.25,145.0,0.906,Body
det,233.4049,1070.19,685.19,16.62,20.12,0.857,Head
cover,233.462,0,0,0,0
nearest,233.4621,-1
cover,233.5077,0,0,0,0
nearest,233.5077,-1
cover,233.5581,0,0,0,0
nearest,233.5582,-1
cover,233.6017,0,0,0,0
nearest,233.6018,-1
cover,233.6458,0,0,0,0
nearest,233.6458,-1
cover,233.689,0,0,0,0
nearest,233.689,-1
cover,233.7353,0,0,0,0
nearest,233.7353,-1
cover,233.7813,0,0,0,0
nearest,233.7813,-1
cover,233.8292,1,0,1,0
nearest,233.8292,-1
cover,233.9013,1,0,1,0
nearest,233.9013,-1
cover,233.9586,2,1,1,1
err,233.9586,-220.81,-31.64
timing,233.9586,24.5,31.9
gate,233.9586,166.8,1.0,0.18,0.0
det,233.9586,1019.25,755.25,67.62,146.5,0.686,Body
det,233.9586,1044.75,753.38,28.88,27.25,0.527,Head
cover,234.0078,2,1,1,1
err,234.0079,-220.75,-31.16
timing,234.0079,12.8,33.4
gate,234.0078,166.8,1.0,0.18,0.0
det,234.0079,1020.25,756.0,66.38,145.0,0.731,Body
det,234.0079,1045.0,754.12,28.5,26.75,0.493,Head
cover,234.0654,2,1,1,1
err,234.0655,-221.19,-25.71
timing,234.0655,17.1,36.7
gate,234.0655,166.8,1.0,0.18,0.0
det,234.0655,1018.94,759.62,67.5,149.75,0.76,Body
det,234.0655,1045.31,760.12,27.0,25.75,0.562,Head
cover,234.1254,1,0,1,0
nearest,234.1254,-1
cover,234.1787,1,0,1,0
nearest,234.1787,-1
cover,234.2317,0,0,0,0
nearest,234.2317,-1
cover,234.2852,0,0,0,0
nearest,234.2852,-1
cover,234.3347,0,0,0,0
nearest,234.3347,-1
cover,234.3844,0,0,0,0
nearest,234.3845,-1
cover,234.4352,0,0,0,0
nearest,234.4352,-1
cover,234.4864,1,0,1,0
nearest,234.4865,-1
cover,234.5339,1,0,1,0
nearest,234.5339,-1
cover,234.585,1,0,1,0
nearest,234.585,-1
cover,234.6344,0,0,0,0
nearest,234.6344,-1
cover,234.687,2,1,1,1
err,234.687,-255.94,-40.52
timing,234.687,16.7,33.0
gate,234.687,166.8,1.0,0.18,0.0
det,234.687,985.25,747.12,71.25,148.75,0.886,Body
det,234.687,1011.0,746.0,26.12,24.5,0.581,Head
cover,234.7378,1,0,1,0
nearest,234.7378,-1
cover,234.7853,2,1,1,1
err,234.7853,-225.75,-37.75
timing,234.7853,11.7,34.1
gate,234.7853,166.8,1.0,0.18,0.0
det,234.7853,1013.62,747.62,71.38,147.75,0.905,Body
det,234.7853,1041.47,748.5,25.56,25.0,0.515,Head
cover,234.8346,2,1,1,1
err,234.8348,-227.75,-34.84
timing,234.8348,10.5,35.1
gate,234.8348,166.8,1.0,0.18,0.0
det,234.8348,1014.88,753.75,70.0,146.0,0.92,Body
det,234.8348,1039.25,752.38,26.0,23.25,0.409,Head
cover,234.8827,2,1,1,1
err,234.8827,-227.12,-36.84
timing,234.8827,11.5,32.9
gate,234.8827,166.8,1.0,0.18,0.0
det,234.8827,1013.0,752.0,70.38,146.0,0.919,Body
det,234.8827,1041.16,750.38,23.44,23.25,0.53,Head
cover,234.9332,2,1,1,1
err,234.9333,-227.88,-36.8
timing,234.9333,13.0,34.0
gate,234.9333,166.8,1.0,0.18,0.0
det,234.9333,1011.75,751.0,70.12,147.5,0.907,Body
det,234.9333,1039.66,750.0,24.94,24.0,0.514,Head
cover,234.9848,1,0,1,0
nearest,234.9849,-1
cover,235.0346,2,1,1,1
err,235.0347,-227.62,-36.84
timing,235.0347,13.0,34.8
gate,235.0347,166.8,1.0,0.18,0.0
det,235.0347,1011.88,750.75,71.12,147.5,0.917,Body
det,235.0347,1040.25,750.38,24.25,23.25,0.588,Head
cover,235.085,1,0,1,0
nearest,235.0851,-1
cover,235.1374,2,1,1,1
err,235.1375,-193.88,-35.81
timing,235.1375,14.9,35.6
gate,235.1375,166.8,1.0,0.18,0.0
det,235.1375,1046.25,752.12,70.25,144.75,0.914,Body
det,235.1375,1073.25,751.12,25.75,23.75,0.561,Head
cover,235.1908,1,0,1,0
nearest,235.1908,-1
cover,235.2383,1,0,1,0
nearest,235.2383,-1
cover,235.289,2,1,1,1
err,235.2891,-220.0,-36.66
timing,235.2891,13.4,35.6
gate,235.2891,166.8,1.0,0.18,0.0
det,235.2891,1018.91,751.0,70.19,148.0,0.897,Body
det,235.2891,1047.47,748.62,25.06,26.75,0.538,Head
cover,235.3447,2,1,1,1
err,235.3447,-268.03,-37.19
timing,235.3447,18.0,32.7
gate,235.3447,166.8,1.0,0.18,0.0
det,235.3447,970.75,747.5,71.56,152.5,0.885,Body
det,235.3447,999.94,748.38,24.06,26.25,0.687,Head
cover,235.3966,0,0,0,0
nearest,235.3967,-1
cover,235.4419,1,0,1,0
nearest,235.4419,-1
cover,235.4943,1,0,1,0
nearest,235.4944,-1
cover,235.541,0,0,0,0
nearest,235.541,-1
cover,235.5878,0,0,0,0
nearest,235.5878,-1
cover,235.6335,0,0,0,0
nearest,235.6336,-1
cover,235.6803,0,0,0,0
nearest,235.6803,-1
cover,235.7269,0,0,0,0
nearest,235.7269,-1
cover,235.7726,0,0,0,0
nearest,235.7727,-1
cover,235.8299,0,0,0,0
nearest,235.83,-1
cover,235.8753,2,1,1,1
err,235.8754,-223.38,-43.09
timing,235.8754,9.2,35.1
gate,235.8753,166.8,1.0,0.18,0.0
det,235.8754,1016.06,742.88,70.62,150.25,0.618,Body
det,235.8754,1041.91,741.38,29.44,28.25,0.544,Head
cover,235.9261,2,1,1,1
err,235.9262,-149.5,-25.64
timing,235.9262,9.9,36.6
gate,235.9261,166.8,1.0,0.18,0.0
det,235.9262,1092.25,761.0,64.5,149.5,0.777,Body
det,235.9262,1116.12,759.38,28.75,27.25,0.514,Head
cover,235.975,1,0,1,0
nearest,235.9751,-1
cover,236.0247,2,1,1,1
err,236.0248,-59.5,6.79
timing,236.0248,12.7,34.9
gate,236.0248,166.8,1.0,0.18,0.0
det,236.0248,1182.0,793.5,64.5,145.0,0.746,Body
det,236.0248,1206.88,792.62,27.25,25.75,0.422,Head
cover,236.0855,2,1,1,1
err,236.0856,-52.5,6.58
timing,236.0856,17.6,39.9
gate,236.0856,166.8,1.0,0.18,0.0
det,236.0856,1187.94,792.25,65.62,148.0,0.833,Body
det,236.0856,1213.88,792.0,27.25,26.5,0.716,Head
cover,236.14,2,1,1,1
err,236.14,-53.0,7.24
timing,236.14,17.9,34.4
gate,236.14,166.8,1.0,0.18,0.0
det,236.14,1189.5,794.5,64.0,146.5,0.887,Body
det,236.14,1214.25,793.62,25.5,24.75,0.76,Head
cover,236.2065,2,1,1,1
err,236.2065,-51.5,6.26
timing,236.2065,15.5,33.6
gate,236.2065,166.8,1.0,0.18,0.0
det,236.2065,1191.69,790.88,65.62,146.25,0.879,Body
det,236.2065,1217.0,792.38,23.0,25.25,0.653,Head
cover,236.2611,2,1,1,1
err,236.2612,-43.5,2.52
timing,236.2612,17.3,33.7
gate,236.2612,166.8,1.0,0.18,0.0
det,236.2612,1199.0,789.38,63.0,144.25,0.874,Body
det,236.2612,1224.88,788.5,23.25,25.5,0.736,Head
cover,236.311,2,1,1,1
err,236.3111,-44.5,0.21
timing,236.3111,14.9,31.9
gate,236.3111,166.8,1.0,0.18,0.0
det,236.3111,1199.31,788.38,63.38,142.25,0.893,Body
det,236.3111,1224.62,786.88,21.75,24.25,0.626,Head
cover,236.3548,2,1,1,0
nearest,236.3548,44.5
cover,236.4163,2,1,1,0
nearest,236.4164,44.5
cover,236.4603,2,1,1,0
nearest,236.4604,44.5
cover,236.5031,2,1,1,0
nearest,236.5032,44.5
cover,236.5577,0,0,0,0
nearest,236.5577,-1
cover,236.622,0,0,0,0
nearest,236.6221,-1
cover,236.6717,0,0,0,0
nearest,236.6717,-1
cover,236.723,0,0,0,0
nearest,236.7231,-1
cover,236.7715,0,0,0,0
nearest,236.7715,-1
cover,236.8373,0,0,0,0
nearest,236.8373,-1
cover,236.8922,0,0,0,0
nearest,236.8922,-1
cover,236.9414,0,0,0,0
nearest,236.9415,-1
cover,237.0036,0,0,0,0
nearest,237.0036,-1
cover,237.0598,0,0,0,0
nearest,237.0599,-1
cover,237.1095,0,0,0,0
nearest,237.1096,-1
cover,237.16,0,0,0,0
nearest,237.16,-1
cover,237.2116,0,0,0,0
nearest,237.2116,-1
cover,237.2658,0,0,0,0
nearest,237.2658,-1
cover,237.321,0,0,0,0
nearest,237.321,-1
cover,237.3805,1,0,1,0
nearest,237.3805,-1
cover,237.4391,1,0,1,0
nearest,237.4391,-1
cover,237.4918,0,0,0,0
nearest,237.4918,-1
cover,237.5414,0,0,0,0
nearest,237.5414,-1
cover,237.5915,0,0,0,0
nearest,237.5915,-1
cover,237.6367,1,0,1,0
nearest,237.6367,-1
cover,237.6887,0,0,0,0
nearest,237.6888,-1
cover,237.7438,0,0,0,0
nearest,237.7438,-1
cover,237.7942,0,0,0,0
nearest,237.7942,-1
cover,237.8465,0,0,0,0
nearest,237.8465,-1
cover,237.8957,0,0,0,0
nearest,237.8958,-1
cover,237.9484,0,0,0,0
nearest,237.9484,-1
cover,238.0079,0,0,0,0
nearest,238.008,-1
cover,238.0768,0,0,0,0
nearest,238.0768,-1
cover,238.134,0,0,0,0
nearest,238.134,-1
cover,238.1944,0,0,0,0
nearest,238.1944,-1
cover,238.2413,0,0,0,0
nearest,238.2413,-1
cover,238.2856,0,0,0,0
nearest,238.2856,-1
cover,238.3293,0,0,0,0
nearest,238.3293,-1
cover,238.3811,0,0,0,0
nearest,238.3811,-1
cover,238.4291,0,0,0,0
nearest,238.4291,-1
cover,238.4785,0,0,0,0
nearest,238.4785,-1
cover,238.5302,0,0,0,0
nearest,238.5302,-1
cover,238.5827,0,0,0,0
nearest,238.5827,-1
cover,238.6372,0,0,0,0
nearest,238.6372,-1
cover,238.6861,0,0,0,0
nearest,238.6861,-1
cover,238.7426,0,0,0,0
nearest,238.7426,-1
cover,238.7975,0,0,0,0
nearest,238.7975,-1
cover,238.8499,0,0,0,0
nearest,238.85,-1
cover,238.9044,0,0,0,0
nearest,238.9044,-1
cover,238.9624,0,0,0,0
nearest,238.9624,-1
cover,239.0194,0,0,0,0
nearest,239.0195,-1
cover,239.0715,0,0,0,0
nearest,239.0715,-1
cover,239.1368,0,0,0,0
nearest,239.1368,-1
cover,239.1913,0,0,0,0
nearest,239.1913,-1
cover,239.2449,0,0,0,0
nearest,239.2449,-1
cover,239.314,0,0,0,0
nearest,239.314,-1
cover,239.3689,0,0,0,0
nearest,239.369,-1
cover,239.4248,0,0,0,0
nearest,239.4248,-1
cover,239.474,0,0,0,0
nearest,239.474,-1
cover,239.5264,0,0,0,0
nearest,239.5264,-1
cover,239.5794,0,0,0,0
nearest,239.5794,-1
cover,239.6288,0,0,0,0
nearest,239.6288,-1
cover,239.6727,0,0,0,0
nearest,239.6727,-1
cover,239.7228,0,0,0,0
nearest,239.7228,-1
cover,239.7744,0,0,0,0
nearest,239.7744,-1
cover,239.8328,0,0,0,0
nearest,239.8328,-1
cover,239.8846,0,0,0,0
nearest,239.8846,-1
cover,239.9509,0,0,0,0
nearest,239.951,-1
cover,240.0186,0,0,0,0
nearest,240.0187,-1
cover,240.0754,0,0,0,0
nearest,240.0754,-1
cover,240.1314,0,0,0,0
nearest,240.1314,-1
cover,240.1854,0,0,0,0
nearest,240.1854,-1
cover,240.234,0,0,0,0
nearest,240.2341,-1
cover,240.2833,0,0,0,0
nearest,240.2833,-1
cover,240.3282,0,0,0,0
nearest,240.3282,-1
cover,240.3735,0,0,0,0
nearest,240.3735,-1
cover,240.4249,0,0,0,0
nearest,240.425,-1
cover,240.4781,0,0,0,0
nearest,240.4781,-1
cover,240.5314,0,0,0,0
nearest,240.5314,-1
cover,240.5744,0,0,0,0
nearest,240.5744,-1
cover,240.6264,0,0,0,0
nearest,240.6264,-1
cover,240.6796,0,0,0,0
nearest,240.6797,-1
cover,240.735,0,0,0,0
nearest,240.7351,-1
cover,240.7935,0,0,0,0
nearest,240.7935,-1
cover,240.8409,0,0,0,0
nearest,240.8409,-1
cover,240.9002,0,0,0,0
nearest,240.9002,-1
cover,240.9595,0,0,0,0
nearest,240.9596,-1
cover,241.0073,0,0,0,0
nearest,241.0073,-1
cover,241.0725,0,0,0,0
nearest,241.0726,-1
cover,241.1341,0,0,0,0
nearest,241.1342,-1
cover,241.184,0,0,0,0
nearest,241.184,-1
cover,241.233,0,0,0,0
nearest,241.233,-1
cover,241.2968,0,0,0,0
nearest,241.2968,-1
cover,241.3517,0,0,0,0
nearest,241.3518,-1
cover,241.4011,0,0,0,0
nearest,241.4011,-1
cover,241.4592,0,0,0,0
nearest,241.4592,-1
cover,241.5085,0,0,0,0
nearest,241.5086,-1
cover,241.563,0,0,0,0
nearest,241.563,-1
cover,241.6219,0,0,0,0
nearest,241.6219,-1
cover,241.6737,0,0,0,0
nearest,241.6737,-1
cover,241.728,0,0,0,0
nearest,241.728,-1
cover,241.778,0,0,0,0
nearest,241.778,-1
cover,241.8239,0,0,0,0
nearest,241.8239,-1
cover,241.8717,0,0,0,0
nearest,241.8717,-1
cover,241.9229,0,0,0,0
nearest,241.9229,-1
cover,241.9706,0,0,0,0
nearest,241.9706,-1
cover,242.0242,0,0,0,0
nearest,242.0242,-1
cover,242.0755,0,0,0,0
nearest,242.0755,-1
cover,242.127,0,0,0,0
nearest,242.1271,-1
cover,242.1747,0,0,0,0
nearest,242.1747,-1
cover,242.2204,0,0,0,0
nearest,242.2204,-1
cover,242.2639,0,0,0,0
nearest,242.2639,-1
cover,242.3294,0,0,0,0
nearest,242.3294,-1
cover,242.3809,0,0,0,0
nearest,242.3809,-1
cover,242.4423,0,0,0,0
nearest,242.4424,-1
cover,242.4948,0,0,0,0
nearest,242.4948,-1
cover,242.543,0,0,0,0
nearest,242.543,-1
cover,242.5957,0,0,0,0
nearest,242.5957,-1
cover,242.6526,0,0,0,0
nearest,242.6527,-1
cover,242.7067,0,0,0,0
nearest,242.7067,-1
cover,242.7617,0,0,0,0
nearest,242.7617,-1
cover,242.8113,0,0,0,0
nearest,242.8113,-1
cover,242.8674,0,0,0,0
nearest,242.8675,-1
cover,242.9183,0,0,0,0
nearest,242.9183,-1
cover,242.967,0,0,0,0
nearest,242.967,-1
cover,243.0173,0,0,0,0
nearest,243.0173,-1
cover,243.0698,0,0,0,0
nearest,243.0699,-1
cover,243.1139,0,0,0,0
nearest,243.1139,-1
cover,243.1556,0,0,0,0
nearest,243.1556,-1
cover,243.1993,0,0,0,0
nearest,243.1993,-1
cover,243.2524,0,0,0,0
nearest,243.2524,-1
cover,243.3025,0,0,0,0
nearest,243.3025,-1
cover,243.3558,0,0,0,0
nearest,243.3559,-1
cover,243.4061,0,0,0,0
nearest,243.4061,-1
cover,243.4602,0,0,0,0
nearest,243.4603,-1
cover,243.5084,0,0,0,0
nearest,243.5084,-1
cover,243.5637,0,0,0,0
nearest,243.5637,-1
cover,243.6113,0,0,0,0
nearest,243.6113,-1
cover,243.6579,0,0,0,0
nearest,243.658,-1
cover,243.7132,0,0,0,0
nearest,243.7132,-1
cover,243.7591,0,0,0,0
nearest,243.7592,-1
cover,243.8114,0,0,0,0
nearest,243.8115,-1
cover,243.8666,0,0,0,0
nearest,243.8666,-1
cover,243.9134,0,0,0,0
nearest,243.9134,-1
cover,243.9759,0,0,0,0
nearest,243.9759,-1
cover,244.0412,0,0,0,0
nearest,244.0413,-1
cover,244.0879,0,0,0,0
nearest,244.0879,-1
cover,244.1335,1,0,1,0
nearest,244.1335,-1
cover,244.1789,0,0,0,0
nearest,244.179,-1
cover,244.2234,0,0,0,0
nearest,244.2236,-1
cover,244.2707,0,0,0,0
nearest,244.2707,-1
cover,244.3182,1,0,1,0
nearest,244.3182,-1
cover,244.3581,2,1,1,1
err,244.3581,-305.23,137.44
timing,244.3581,7.0,30.7
gate,244.3581,166.8,1.0,0.18,0.0
det,244.3581,960.31,927.25,42.25,143.5,0.853,Body
det,244.3581,966.3,927.12,16.94,18.75,0.792,Head
cover,244.4065,2,1,1,1
err,244.4065,-269.38,134.7
timing,244.4065,14.9,31.0
gate,244.4065,166.8,1.0,0.18,0.0
det,244.4065,964.0,923.75,76.12,152.5,0.895,Body
det,244.4065,1001.94,924.25,17.38,19.0,0.846,Head
cover,244.4487,2,1,1,1
err,244.4488,-136.0,121.45
timing,244.4488,9.4,30.2
gate,244.4488,166.8,1.0,0.18,0.0
det,244.4488,1103.88,910.0,68.5,149.0,0.89,Body
det,244.4488,1136.06,911.0,15.88,19.0,0.805,Head
cover,244.4958,2,1,1,1
err,244.4958,-34.75,99.95
timing,244.4958,14.5,29.1
gate,244.4958,166.8,1.0,0.18,0.0
det,244.4958,1207.5,889.5,67.5,146.0,0.889,Body
det,244.4958,1237.0,889.5,16.5,19.0,0.835,Head
cover,244.5395,2,1,1,1
err,244.5396,-3.0,93.98
timing,244.5396,12.7,28.6
gate,244.5396,166.8,1.0,0.18,0.0
det,244.5396,1238.88,882.88,69.25,145.25,0.922,Body
det,244.5396,1268.75,883.25,16.5,19.5,0.761,Head
cover,244.5846,2,1,1,1
err,244.5846,-0.5,88.46
timing,244.5846,14.6,27.9
gate,244.5846,166.8,1.0,0.18,0.0
det,244.5846,1242.12,877.0,67.75,144.5,0.886,Body
det,244.5846,1271.62,877.88,15.75,19.25,0.814,Head
cover,244.631,2,1,1,1
err,244.6311,0.5,98.91
timing,244.6311,14.1,29.9
gate,244.6311,166.8,1.0,0.18,0.0
det,244.6311,1242.88,888.88,67.25,144.25,0.887,Body
det,244.6311,1272.5,888.88,16.0,18.25,0.825,Head
cover,244.6747,2,1,1,1
err,244.6748,7.5,104.49
timing,244.6748,8.0,31.6
gate,244.6748,166.8,1.0,0.18,0.0
det,244.6748,1249.5,892.12,66.0,145.75,0.918,Body
det,244.6748,1279.62,893.62,15.75,19.75,0.851,Head
cover,244.722,2,1,1,1
err,244.7221,41.0,97.42
timing,244.7221,12.5,30.8
gate,244.722,166.8,1.0,0.18,0.0
det,244.7221,1284.0,886.0,67.5,147.0,0.914,Body
det,244.7221,1313.12,887.25,15.75,18.5,0.836,Head
cover,244.7728,2,1,1,1
err,244.7728,94.5,89.67
timing,244.7728,17.8,29.9
gate,244.7728,166.8,1.0,0.18,0.0
det,244.7728,1336.38,878.0,69.25,146.0,0.891,Body
det,244.7728,1365.88,879.5,17.25,18.5,0.786,Head
cover,244.809,2,1,1,1
err,244.809,103.75,81.42
timing,244.809,6.9,26.6
gate,244.809,166.8,1.0,0.18,0.0
det,244.809,1346.38,870.0,68.25,147.0,0.908,Body
det,244.809,1375.75,871.25,16.0,18.5,0.808,Head
cover,244.851,2,1,1,1
err,244.8511,99.25,67.7
timing,244.8511,9.1,30.5
gate,244.8511,166.8,1.0,0.18,0.0
det,244.8511,1343.0,857.0,65.5,144.0,0.89,Body
det,244.8511,1371.0,857.25,16.5,19.0,0.827,Head
cover,244.8909,2,1,1,1
err,244.891,59.75,42.41
timing,244.891,6.7,30.5
gate,244.8909,166.8,1.0,0.18,0.0
det,244.891,1300.88,830.88,68.25,144.25,0.91,Body
det,244.891,1332.0,832.38,15.5,18.25,0.761,Head
cover,244.9349,2,1,1,1
err,244.9349,45.0,33.73
timing,244.9349,12.1,28.4
gate,244.9349,166.8,1.0,0.18,0.0
det,244.9349,1287.25,822.38,67.0,144.25,0.92,Body
det,244.9349,1316.88,823.0,16.25,19.5,0.775,Head
cover,244.9763,2,1,1,1
err,244.9764,42.0,33.15
timing,244.9764,12.3,26.0
gate,244.9764,166.8,1.0,0.18,0.0
det,244.9764,1284.62,821.75,67.75,144.5,0.919,Body
det,244.9764,1314.0,823.25,16.0,18.0,0.805,Head
cover,245.0154,2,1,1,1
err,245.0154,39.0,32.98
timing,245.0154,9.0,27.7
gate,245.0154,166.8,1.0,0.18,0.0
det,245.0154,1281.12,821.38,68.75,145.25,0.905,Body
det,245.0154,1310.88,822.25,16.25,19.5,0.857,Head
cover,245.058,2,1,1,1
err,245.0581,21.0,20.44
timing,245.0581,13.1,26.7
gate,245.0581,166.8,1.0,0.18,0.0
det,245.0581,1265.25,809.62,64.0,142.75,0.885,Body
det,245.0581,1292.75,810.12,16.5,18.75,0.821,Head
cover,245.0969,2,1,1,1
err,245.0969,19.0,20.49
timing,245.0969,8.2,28.4
gate,245.0969,166.8,1.0,0.18,0.0
det,245.0969,1262.5,810.25,65.5,141.0,0.88,Body
det,245.0969,1291.0,809.62,16.0,19.75,0.816,Head
cover,245.1378,2,1,1,1
err,245.1378,19.0,20.23
timing,245.1378,11.1,27.4
gate,245.1378,166.8,1.0,0.18,0.0
det,245.1378,1262.5,810.0,65.5,141.0,0.878,Body
det,245.1378,1291.0,809.5,16.0,19.5,0.814,Head
cover,245.1758,2,1,1,1
err,245.1759,19.0,19.45
timing,245.1759,8.0,27.7
gate,245.1759,166.8,1.0,0.18,0.0
det,245.1759,1261.75,808.5,67.0,143.5,0.884,Body
det,245.1759,1291.12,809.0,15.75,19.0,0.834,Head
cover,245.224,2,1,1,1
err,245.2241,18.5,34.49
timing,245.2241,15.6,29.8
gate,245.2241,166.8,1.0,0.18,0.0
det,245.2241,1261.75,823.0,64.5,144.0,0.875,Body
det,245.2241,1289.5,823.62,18.0,19.75,0.648,Head
cover,245.269,2,1,1,1
err,245.2691,18.5,31.46
timing,245.2691,14.5,27.7
gate,245.269,166.8,1.0,0.18,0.0
det,245.2691,1261.25,820.0,67.0,143.5,0.897,Body
det,245.2691,1290.0,820.88,17.0,19.25,0.849,Head
cover,245.3189,2,1,1,1
err,245.319,17.0,18.44
timing,245.319,16.9,30.0
gate,245.319,166.8,1.0,0.18,0.0
det,245.319,1259.12,807.62,67.75,143.75,0.896,Body
det,245.319,1289.0,808.12,16.0,18.75,0.867,Head
cover,245.3561,2,1,1,1
err,245.3561,15.5,9.27
timing,245.3561,6.7,28.1
gate,245.3561,166.8,1.0,0.18,0.0
det,245.3561,1257.38,796.62,67.25,143.75,0.905,Body
det,245.3561,1287.25,798.0,16.5,20.5,0.711,Head
cover,245.4011,2,1,1,1
err,245.4012,15.0,6.4
timing,245.4012,15.1,27.2
gate,245.4012,166.8,1.0,0.18,0.0
det,245.4012,1255.88,795.0,67.25,142.0,0.901,Body
det,245.4012,1286.62,796.5,16.75,18.0,0.861,Head
cover,245.4389,2,1,1,1
err,245.4389,12.0,1.67
timing,245.4389,8.7,26.6
gate,245.4389,166.8,1.0,0.18,0.0
det,245.4389,1253.5,791.0,68.0,144.0,0.914,Body
det,245.4389,1284.12,791.5,15.75,18.5,0.792,Head
cover,245.4778,2,1,1,1
err,245.4779,8.5,-4.83
timing,245.4779,11.8,24.8
gate,245.4779,166.8,1.0,0.18,0.0
det,245.4779,1249.88,785.25,67.25,142.0,0.905,Body
det,245.4779,1280.62,785.0,15.75,18.5,0.695,Head
cover,245.524,2,1,1,1
err,245.5241,7.5,-5.59
timing,245.5241,16.4,27.4
gate,245.5241,166.8,1.0,0.18,0.0
det,245.5241,1249.5,784.38,66.0,143.25,0.911,Body
det,245.5241,1279.62,784.38,15.75,18.25,0.745,Head
cover,245.5614,2,1,1,1
err,245.5615,7.5,-5.6
timing,245.5615,8.0,26.9
gate,245.5614,166.8,1.0,0.18,0.0
det,245.5615,1249.38,784.0,66.25,143.5,0.912,Body
det,245.5615,1279.62,784.5,15.75,18.0,0.765,Head
cover,245.609,2,1,1,1
err,245.609,6.5,11.94
timing,245.609,15.4,29.1
gate,245.609,166.8,1.0,0.18,0.0
det,245.609,1250.88,800.5,64.25,143.5,0.888,Body
det,245.609,1278.38,801.62,16.25,18.75,0.784,Head
cover,245.6506,0,0,0,0
nearest,245.6506,-1
cover,245.6938,1,0,1,0
nearest,245.6938,-1
cover,245.7376,1,0,1,0
nearest,245.7376,-1
cover,245.7771,0,0,0,0
nearest,245.7771,-1
cover,245.8243,0,0,0,0
nearest,245.8243,-1
cover,245.8668,0,0,0,0
nearest,245.8668,-1
cover,245.9102,0,0,0,0
nearest,245.9102,-1
cover,245.9511,0,0,0,0
nearest,245.9511,-1
cover,245.9923,0,0,0,0
nearest,245.9923,-1
cover,246.0347,0,0,0,0
nearest,246.0347,-1
cover,246.0716,1,0,1,0
nearest,246.0717,-1
cover,246.1187,2,1,1,1
err,246.1188,-203.12,96.16
timing,246.1188,15.7,29.2
gate,246.1188,166.8,1.0,0.18,0.0
det,246.1188,1024.88,885.38,89.12,183.25,0.825,Body
det,246.1188,1066.84,883.38,20.06,23.25,0.745,Head
cover,246.16,2,1,1,1
err,246.1601,-52.0,145.9
timing,246.1601,9.2,28.5
gate,246.1601,166.8,1.0,0.18,0.0
det,246.1601,1181.94,932.5,82.62,184.0,0.846,Body
det,246.1601,1218.12,933.25,19.75,23.0,0.792,Head
cover,246.2066,3,1,2,1
err,246.2066,-60.75,146.75
timing,246.2066,15.4,28.6
gate,246.2066,166.8,1.0,0.18,0.0
det,246.2066,1169.5,932.5,86.75,186.0,0.857,Body
det,246.2066,1209.19,933.0,20.12,25.0,0.854,Head
det,246.2066,1511.25,857.62,9.5,20.75,0.403,Body
cover,246.2474,2,1,1,1
err,246.2474,-60.75,147.02
timing,246.2474,11.9,26.5
gate,246.2474,166.8,1.0,0.18,0.0
det,246.2474,1169.5,932.5,86.75,186.0,0.857,Body
det,246.2474,1209.19,933.0,20.12,25.5,0.855,Head
cover,246.2939,2,1,1,1
err,246.294,-60.75,147.02
timing,246.294,14.7,28.8
gate,246.294,166.8,1.0,0.18,0.0
det,246.294,1169.5,932.75,86.75,186.5,0.857,Body
det,246.294,1209.19,933.0,20.12,25.5,0.854,Head
cover,246.3341,2,1,1,1
err,246.3342,-60.75,147.02
timing,246.3342,7.1,30.7
gate,246.3342,166.8,1.0,0.18,0.0
det,246.3342,1169.0,931.0,88.75,187.0,0.857,Body
det,246.3342,1209.19,933.0,20.12,25.5,0.853,Head
cover,246.3704,2,1,1,1
err,246.3704,-60.75,147.02
timing,246.3704,7.9,26.4
gate,246.3704,166.8,1.0,0.18,0.0
det,246.3704,1169.5,932.5,86.75,186.0,0.857,Body
det,246.3704,1209.19,933.0,20.12,25.5,0.852,Head
cover,246.4097,2,1,1,1
err,246.4098,-56.75,144.15
timing,246.4098,7.4,30.0
gate,246.4098,166.8,1.0,0.18,0.0
det,246.4098,1173.25,936.38,86.5,180.25,0.84,Body
det,246.4098,1213.75,931.5,19.0,23.0,0.667,Head
cover,246.4531,2,1,1,1
err,246.4532,-33.0,125.34
timing,246.4532,13.5,27.8
gate,246.4531,166.8,1.0,0.18,0.0
det,246.4532,1201.81,909.88,82.38,183.25,0.857,Body
det,246.4532,1237.25,910.62,19.5,26.75,0.851,Head
cover,246.4942,2,1,1,1
err,246.4943,6.75,77.31
timing,246.4943,9.6,28.8
gate,246.4943,166.8,1.0,0.18,0.0
det,246.4943,1244.0,863.5,80.0,179.5,0.866,Body
det,246.4943,1277.0,862.88,19.5,26.25,0.778,Head
cover,246.5344,2,1,1,1
err,246.5344,19.75,49.67
timing,246.5344,12.5,25.5
gate,246.5344,166.8,1.0,0.18,0.0
det,246.5344,1290.0,836.75,19.5,23.5,0.855,Head
det,246.5344,1252.25,835.5,89.0,179.0,0.851,Body
cover,246.575,2,1,1,1
err,246.575,36.0,32.66
timing,246.575,10.4,27.7
gate,246.575,166.8,1.0,0.18,0.0
det,246.575,1267.88,817.62,90.25,178.75,0.854,Body
det,246.575,1306.62,819.88,18.75,23.25,0.841,Head
cover,246.6188,2,1,1,1
err,246.6189,34.5,30.71
timing,246.6189,12.5,29.0
gate,246.6188,166.8,1.0,0.18,0.0
det,246.6189,1269.38,820.0,83.25,175.0,0.872,Body
det,246.6189,1304.62,817.38,19.75,24.25,0.8,Head
cover,246.6594,2,1,1,1
err,246.6594,26.0,30.23
timing,246.6594,9.5,28.5
gate,246.6594,166.8,1.0,0.18,0.0
det,246.6594,1263.5,817.38,77.5,176.25,0.864,Body
det,246.6594,1296.12,816.75,19.75,24.5,0.796,Head
cover,246.7081,2,1,1,1
err,246.7081,11.0,26.59
timing,246.7081,15.9,30.5
gate,246.7081,166.8,1.0,0.18,0.0
det,246.7081,1247.5,814.62,78.0,177.75,0.86,Body
det,246.7081,1281.75,814.62,18.5,21.75,0.631,Head
cover,246.7532,2,1,1,1
err,246.7532,-1.5,25.11
timing,246.7532,10.9,31.0
gate,246.7532,166.8,1.0,0.18,0.0
det,246.7532,1269.38,812.88,18.25,22.25,0.857,Head
det,246.7532,1233.88,810.25,81.25,176.5,0.838,Body
cover,246.7939,2,1,1,1
err,246.7939,0.0,21.21
timing,246.7939,8.9,28.4
gate,246.7939,166.8,1.0,0.18,0.0
det,246.7939,1232.88,812.0,88.25,170.0,0.828,Body
det,246.7939,1270.88,807.88,18.25,24.25,0.719,Head
cover,246.8413,2,1,1,1
err,246.8414,-0.5,20.74
timing,246.8414,16.3,28.5
gate,246.8414,166.8,1.0,0.18,0.0
det,246.8414,1233.25,809.88,87.5,171.25,0.857,Body
det,246.8414,1270.5,807.12,18.0,24.75,0.673,Head
cover,246.886,1,0,1,0
nearest,246.886,-1
cover,246.9319,2,1,1,1
err,246.932,3.5,34.29
timing,246.932,10.8,33.5
gate,246.932,166.8,1.0,0.18,0.0
det,246.932,1235.5,821.12,86.5,177.75,0.839,Body
det,246.932,1273.38,820.12,20.25,25.75,0.682,Head
cover,246.9771,0,0,0,0
nearest,246.9772,-1
cover,247.0229,1,0,1,0
nearest,247.0229,-1
cover,247.0618,0,0,0,0
nearest,247.0618,-1
cover,247.1076,1,0,1,0
nearest,247.1076,-1
cover,247.1557,2,1,1,1
err,247.1558,-180.25,12.04
timing,247.1558,14.3,32.1
gate,247.1558,166.8,1.0,0.18,0.0
det,247.1558,1087.44,795.12,24.62,30.75,0.876,Head
det,247.1558,1035.44,793.0,116.12,237.5,0.806,Body
cover,247.1921,2,1,1,1
err,247.1922,-185.25,10.25
timing,247.1922,6.5,27.3
gate,247.1922,166.8,1.0,0.18,0.0
det,247.1922,1030.38,798.88,114.88,229.25,0.789,Body
det,247.1922,1082.56,793.75,24.38,30.0,0.763,Head
cover,247.24,2,1,1,1
err,247.24,-211.38,12.3
timing,247.24,16.5,28.7
gate,247.24,166.8,1.0,0.18,0.0
det,247.24,1056.22,795.25,24.81,31.0,0.824,Head
det,247.24,1003.5,797.38,115.62,238.25,0.801,Body
cover,247.2771,1,0,1,0
nearest,247.2771,-1
cover,247.3189,0,0,0,0
nearest,247.3189,-1
cover,247.3621,0,0,0,0
nearest,247.3621,-1
cover,247.4055,2,1,1,1
err,247.4055,-301.69,38.49
timing,247.4055,13.7,29.0
gate,247.4055,166.8,1.0,0.18,0.0
det,247.4055,965.15,822.12,26.33,29.75,0.854,Head
det,247.4055,958.94,816.0,71.75,252.0,0.84,Body
cover,247.4477,2,1,1,1
err,247.4478,-85.0,36.06
timing,247.4478,12.8,26.6
gate,247.4478,166.8,1.0,0.18,0.0
det,247.4478,1183.0,818.88,24.0,31.25,0.887,Head
det,247.4478,1133.94,813.0,112.12,243.0,0.797,Body
cover,247.4918,2,1,1,1
err,247.4918,-38.25,28.94
timing,247.4918,15.0,26.5
gate,247.4918,166.8,1.0,0.18,0.0
det,247.4918,1230.0,813.12,23.5,28.75,0.866,Head
det,247.4918,1180.0,813.38,113.0,233.25,0.818,Body
cover,247.5424,2,1,1,1
err,247.5424,-41.0,28.54
timing,247.5424,20.1,27.2
gate,247.5424,166.8,1.0,0.18,0.0
det,247.5424,1226.88,811.62,24.25,30.75,0.877,Head
det,247.5424,1177.75,815.12,110.5,226.75,0.843,Body
cover,247.5847,2,1,1,1
err,247.5847,-43.0,25.96
timing,247.5847,10.6,29.3
gate,247.5847,166.8,1.0,0.18,0.0
det,247.5847,1225.12,809.88,23.75,29.25,0.9,Head
det,247.5847,1177.12,814.0,109.75,228.0,0.833,Body
cover,247.6293,2,1,1,1
err,247.6294,-27.0,22.89
timing,247.6294,11.6,29.0
gate,247.6294,166.8,1.0,0.18,0.0
det,247.6294,1240.75,807.62,24.5,27.75,0.857,Head
det,247.6294,1191.69,814.0,109.62,222.0,0.802,Body
cover,247.6656,3,1,2,1
err,247.6657,-24.0,22.05
timing,247.6657,6.3,27.8
gate,247.6657,166.8,1.0,0.18,0.0
det,247.6657,1194.56,814.5,113.38,221.0,0.821,Body
det,247.6657,1242.88,805.0,26.25,31.0,0.765,Head
det,247.6657,1511.75,858.0,8.5,19.5,0.459,Body
cover,247.7055,2,1,1,1
err,247.7056,-26.5,22.49
timing,247.7056,9.3,28.4
gate,247.7056,166.8,1.0,0.18,0.0
det,247.7056,1241.0,806.12,25.0,29.75,0.842,Head
det,247.7056,1195.75,803.5,104.5,238.0,0.811,Body
cover,247.7469,2,1,1,1
err,247.7469,-28.0,39.46
timing,247.7469,10.4,28.0
gate,247.7469,166.8,1.0,0.18,0.0
det,247.7469,1239.88,823.38,24.25,29.25,0.861,Head
det,247.7469,1188.69,828.5,113.62,226.5,0.822,Body
cover,247.7829,2,1,1,1
err,247.783,-28.0,36.46
timing,247.783,8.0,25.8
gate,247.783,166.8,1.0,0.18,0.0
det,247.783,1240.0,820.38,24.0,29.25,0.825,Head
det,247.783,1192.38,814.0,111.25,243.0,0.797,Body
cover,247.8237,2,1,1,1
err,247.8238,-28.25,33.42
timing,247.8238,9.2,28.2
gate,247.8237,166.8,1.0,0.18,0.0
det,247.8238,1239.75,817.75,24.0,28.5,0.854,Head
det,247.8238,1193.38,815.5,111.25,236.0,0.825,Body
cover,247.8656,2,1,1,1
err,247.8656,-28.0,28.02
timing,247.8656,9.9,29.2
gate,247.8656,166.8,1.0,0.18,0.0
det,247.8656,1239.88,811.25,24.25,30.5,0.862,Head
det,247.8656,1190.25,815.0,112.0,228.0,0.827,Body
cover,247.9079,2,1,1,1
err,247.9079,-22.25,20.54
timing,247.9079,12.2,27.7
gate,247.9079,166.8,1.0,0.18,0.0
det,247.9079,1245.5,803.62,24.5,30.75,0.878,Head
det,247.9079,1195.62,809.5,116.75,226.0,0.789,Body
cover,247.9537,2,1,1,1
err,247.9538,-8.25,10.55
timing,247.9538,11.4,32.2
gate,247.9538,166.8,1.0,0.18,0.0
det,247.9538,1210.31,801.0,110.38,221.0,0.83,Body
det,247.9538,1259.75,793.5,24.0,31.0,0.703,Head
cover,247.9982,1,0,1,0
nearest,247.9983,-1
cover,248.0404,1,0,1,0
nearest,248.0404,-1
cover,248.0812,1,0,1,0
nearest,248.0812,-1
cover,248.1262,0,0,0,0
nearest,248.1263,-1
cover,248.166,0,0,0,0
nearest,248.166,-1
cover,248.2049,0,0,0,0
nearest,248.2049,-1
cover,248.2476,0,0,0,0
nearest,248.2477,-1
cover,248.2887,0,0,0,0
nearest,248.2887,-1
cover,248.3288,0,0,0,0
nearest,248.3288,-1
cover,248.3709,0,0,0,0
nearest,248.371,-1
cover,248.4116,1,0,1,0
nearest,248.4116,-1
cover,248.4576,1,0,1,0
nearest,248.4576,-1
cover,248.4962,1,0,1,0
nearest,248.4962,-1
cover,248.5359,0,0,0,0
nearest,248.536,-1
cover,248.5797,3,1,2,1
err,248.5798,294.0,41.64
timing,248.5798,12.4,28.5
gate,248.5798,166.8,1.0,0.18,0.0
det,248.5798,1521.75,856.12,8.5,21.75,0.58,Body
det,248.5798,1563.25,829.12,21.5,22.75,0.504,Head
det,248.5798,1546.5,827.62,45.0,73.75,0.404,Body
cover,248.6258,2,1,1,1
err,248.6259,-258.72,79.8
timing,248.6259,10.9,33.0
gate,248.6259,166.8,1.0,0.18,0.0
det,248.6259,961.94,862.62,100.31,197.75,0.831,Body
det,248.6259,1010.5,865.5,21.56,26.0,0.809,Head
cover,248.6735,0,0,0,0
nearest,248.6735,-1
cover,248.727,2,1,1,1
err,248.7271,-253.88,32.31
timing,248.7271,14.6,36.4
gate,248.7271,166.8,1.0,0.18,0.0
det,248.7271,1015.22,817.88,21.81,26.25,0.834,Head
det,248.7271,973.94,817.5,91.06,193.0,0.806,Body
cover,248.773,2,1,1,1
err,248.7731,-253.81,32.85
timing,248.7731,9.7,33.6
gate,248.7731,166.8,1.0,0.18,0.0
det,248.7731,1015.38,818.0,21.62,27.0,0.834,Head
det,248.7731,973.75,817.38,91.38,193.25,0.81,Body
cover,248.8165,2,1,1,1
err,248.8166,-253.81,32.84
timing,248.8166,11.4,29.8
gate,248.8166,166.8,1.0,0.18,0.0
det,248.8166,1015.38,818.12,21.62,26.75,0.833,Head
det,248.8166,973.0,817.38,92.12,193.25,0.814,Body
cover,248.8597,2,1,1,1
err,248.8598,-253.75,32.84
timing,248.8598,12.0,29.1
gate,248.8598,166.8,1.0,0.18,0.0
det,248.8598,1015.47,818.12,21.56,26.75,0.821,Head
det,248.8598,972.88,817.5,92.12,193.0,0.805,Body
cover,248.9032,2,1,1,1
err,248.9032,-245.69,32.86
timing,248.9032,11.8,27.9
gate,248.9032,166.8,1.0,0.18,0.0
det,248.9032,976.81,819.0,94.0,190.5,0.819,Body
det,248.9032,1023.64,817.88,21.34,27.25,0.802,Head
cover,248.951,2,1,1,1
err,248.951,-207.25,19.76
timing,248.951,16.9,27.4
gate,248.951,166.8,1.0,0.18,0.0
det,248.951,1016.38,805.88,93.12,192.25,0.815,Body
det,248.951,1062.72,805.88,20.06,25.25,0.765,Head
cover,248.9894,2,1,1,1
err,248.9894,-143.5,3.02
timing,248.9894,8.0,27.8
gate,248.9894,166.8,1.0,0.18,0.0
det,248.9894,1088.25,788.12,86.25,188.75,0.835,Body
det,248.9894,1125.69,789.0,21.62,25.5,0.8,Head
cover,249.0393,2,1,1,1
err,249.0394,-30.0,-0.79
timing,249.0394,18.7,28.5
gate,249.0394,166.8,1.0,0.18,0.0
det,249.0394,1239.88,785.88,20.25,24.25,0.831,Head
det,249.0394,1197.94,783.0,91.62,186.5,0.83,Body
cover,249.081,1,0,1,0
nearest,249.081,-1
cover,249.124,2,1,1,1
err,249.124,5.0,7.31
timing,249.124,14.5,27.0
gate,249.124,166.8,1.0,0.18,0.0
det,249.124,1231.88,791.75,89.25,186.5,0.865,Body
det,249.124,1274.88,792.88,20.25,26.25,0.691,Head
cover,249.1597,2,1,1,1
err,249.1598,4.75,7.29
timing,249.1598,7.4,26.0
gate,249.1598,166.8,1.0,0.18,0.0
det,249.1598,1231.88,792.0,89.25,186.5,0.864,Body
det,249.1598,1274.5,793.12,20.5,25.75,0.7,Head
cover,249.1966,2,1,1,1
err,249.1966,12.25,9.48
timing,249.1966,7.5,26.3
gate,249.1966,166.8,1.0,0.18,0.0
det,249.1966,1238.38,793.5,92.25,186.5,0.85,Body
det,249.1966,1281.5,793.25,21.5,29.5,0.579,Head
cover,249.2414,2,1,1,1
err,249.2414,15.0,8.08
timing,249.2414,11.9,30.4
gate,249.2414,166.8,1.0,0.18,0.0
det,249.2414,1244.0,794.5,86.0,184.5,0.831,Body
det,249.2414,1284.62,793.5,20.75,26.5,0.491,Head
cover,249.2861,3,1,2,1
err,249.2861,10.25,20.9
timing,249.2861,13.5,28.7
gate,249.2861,166.8,1.0,0.18,0.0
det,249.2861,1236.5,806.38,97.0,189.25,0.852,Body
det,249.2861,1280.5,811.0,19.5,18.0,0.513,Head
det,249.2861,1523.25,887.62,9.5,20.75,0.426,Body
cover,249.3344,2,1,1,1
err,249.3344,8.75,19.02
timing,249.3344,17.6,28.1
gate,249.3344,166.8,1.0,0.18,0.0
det,249.3344,1237.12,804.5,89.75,188.0,0.864,Body
det,249.3344,1276.0,805.0,25.5,25.5,0.618,Head
cover,249.3759,2,1,1,1
err,249.3759,10.0,12.05
timing,249.3759,10.8,28.2
gate,249.3759,166.8,1.0,0.18,0.0
det,249.3759,1237.0,797.75,92.5,187.0,0.867,Body
det,249.3759,1279.75,797.75,20.5,26.0,0.626,Head
cover,249.4187,2,1,1,1
err,249.4187,9.25,4.73
timing,249.4187,9.5,30.0
gate,249.4187,166.8,1.0,0.18,0.0
det,249.4187,1235.75,788.38,93.0,187.25,0.851,Body
det,249.4187,1278.0,791.25,22.5,24.5,0.687,Head
cover,249.46,2,1,1,1
err,249.46,6.25,1.7
timing,249.46,12.2,26.7
gate,249.46,166.8,1.0,0.18,0.0
det,249.46,1234.0,788.5,93.0,182.5,0.872,Body
det,249.46,1275.5,788.5,21.5,24.0,0.63,Head
cover,249.4995,2,1,1,1
err,249.4996,5.5,0.3
timing,249.4996,9.4,27.2
gate,249.4996,166.8,1.0,0.18,0.0
det,249.4996,1233.75,786.5,90.0,185.0,0.86,Body
det,249.4996,1274.88,786.0,21.25,26.0,0.601,Head
cover,249.5448,2,1,1,1
err,249.5448,4.75,0.4
timing,249.5448,10.6,31.1
gate,249.5448,166.8,1.0,0.18,0.0
det,249.5448,1231.5,783.75,92.5,187.0,0.857,Body
det,249.5448,1273.75,785.0,22.0,28.0,0.564,Head
cover,249.584,2,1,1,1
err,249.5841,3.5,-0.45
timing,249.5841,7.5,29.1
gate,249.5841,166.8,1.0,0.18,0.0
det,249.5841,1231.88,787.12,90.25,182.75,0.801,Body
det,249.5841,1272.75,785.25,21.5,26.0,0.491,Head
cover,249.6324,2,1,1,1
err,249.6324,1.75,15.33
timing,249.6324,17.3,28.5
gate,249.6324,166.8,1.0,0.18,0.0
det,249.6324,1271.5,803.5,20.5,21.5,0.828,Head
det,249.6324,1230.25,801.25,91.0,188.5,0.808,Body
cover,249.6795,0,0,0,0
nearest,249.6795,-1
cover,249.7205,0,0,0,0
nearest,249.7206,-1
cover,249.7676,0,0,0,0
nearest,249.7676,-1
cover,249.808,0,0,0,0
nearest,249.808,-1
cover,249.8468,0,0,0,0
nearest,249.8469,-1
cover,249.8878,1,0,1,0
nearest,249.8878,-1
cover,249.9284,0,0,0,0
nearest,249.9284,-1
cover,249.9675,1,0,1,0
nearest,249.9675,-1
cover,250.0108,1,0,1,0
nearest,250.0109,-1
cover,250.0547,2,0,2,0
nearest,250.0547,-1
cover,250.1008,0,0,0,0
nearest,250.1008,-1
cover,250.1367,0,0,0,0
nearest,250.1368,-1
cover,250.1774,1,0,1,0
nearest,250.1774,-1
cover,250.2214,1,0,1,0
nearest,250.2214,-1
cover,250.2603,1,0,1,0
nearest,250.2603,-1
cover,250.2979,1,0,1,0
nearest,250.2979,-1
cover,250.3375,1,0,1,0
nearest,250.3375,-1
cover,250.3751,1,0,1,0
nearest,250.3751,-1
cover,250.415,2,0,2,0
nearest,250.415,-1
cover,250.4558,0,0,0,0
nearest,250.4559,-1
cover,250.497,1,0,1,0
nearest,250.4971,-1
cover,250.5378,0,0,0,0
nearest,250.5378,-1
cover,250.5801,0,0,0,0
nearest,250.5801,-1
cover,250.6195,0,0,0,0
nearest,250.6195,-1
cover,250.6603,1,0,1,0
nearest,250.6603,-1
cover,250.7012,0,0,0,0
nearest,250.7013,-1
cover,250.7459,1,0,1,0
nearest,250.7459,-1
cover,250.7883,1,0,1,0
nearest,250.7883,-1
cover,250.8267,1,0,1,0
nearest,250.8268,-1
cover,250.8748,1,0,1,0
nearest,250.8748,-1
cover,250.9212,1,0,1,0
nearest,250.9212,-1
cover,250.9619,0,0,0,0
nearest,250.9619,-1
cover,251.0013,1,0,1,0
nearest,251.0014,-1
cover,251.0359,0,0,0,0
nearest,251.0359,-1
cover,251.0704,0,0,0,0
nearest,251.0704,-1
cover,251.105,0,0,0,0
nearest,251.1051,-1
cover,251.1378,0,0,0,0
nearest,251.1378,-1
cover,251.1759,0,0,0,0
nearest,251.1759,-1
cover,251.2125,0,0,0,0
nearest,251.2126,-1
cover,251.2488,0,0,0,0
nearest,251.2488,-1
cover,251.286,0,0,0,0
nearest,251.286,-1
cover,251.3192,0,0,0,0
nearest,251.3192,-1
cover,251.3533,0,0,0,0
nearest,251.3533,-1
cover,251.3874,0,0,0,0
nearest,251.3874,-1
cover,251.4258,1,0,1,0
nearest,251.4258,-1
cover,251.4617,3,1,2,1
err,251.4617,37.0,13.27
timing,251.4617,10.9,23.7
gate,251.4617,166.8,1.0,0.18,0.0
det,251.4617,1336.75,972.5,51.0,142.0,0.77,Body
det,251.4617,1246.75,805.0,130.5,279.5,0.574,Body
det,251.4617,1300.25,788.25,33.5,45.5,0.559,Head
cover,251.5008,2,1,1,1
err,251.5008,22.0,8.76
timing,251.5008,8.7,27.5
gate,251.5008,166.8,1.0,0.18,0.0
det,251.5008,1231.5,800.5,133.5,289.5,0.642,Body
det,251.5008,1285.88,783.88,32.25,45.25,0.416,Head
cover,251.5421,1,0,1,0
nearest,251.5421,-1
cover,251.5766,2,0,2,0
nearest,251.5766,-1
cover,251.61,1,0,1,0
nearest,251.61,-1
cover,251.6515,1,0,1,0
nearest,251.6516,-1
cover,251.6862,2,0,2,0
nearest,251.6863,-1
cover,251.7251,2,0,2,0
nearest,251.7251,-1
cover,251.7573,1,0,1,0
nearest,251.7573,-1
cover,251.7927,1,0,1,0
nearest,251.7927,-1
cover,251.8271,2,0,2,0
nearest,251.8271,-1
cover,251.8649,2,0,2,0
nearest,251.8649,-1
cover,251.9068,0,0,0,0
nearest,251.9068,-1
cover,251.946,0,0,0,0
nearest,251.946,-1
cover,251.9903,1,0,1,0
nearest,251.9904,-1
cover,252.0234,1,0,1,0
nearest,252.0235,-1
cover,252.0574,0,0,0,0
nearest,252.0575,-1
cover,252.0932,0,0,0,0
nearest,252.0933,-1
cover,252.126,0,0,0,0
nearest,252.126,-1
cover,252.1592,1,0,1,0
nearest,252.1592,-1
cover,252.1931,0,0,0,0
nearest,252.1931,-1
cover,252.2265,0,0,0,0
nearest,252.2265,-1
cover,252.2618,0,0,0,0
nearest,252.2618,-1
cover,252.2956,1,0,1,0
nearest,252.2956,-1
cover,252.339,0,0,0,0
nearest,252.339,-1
cover,252.3737,0,0,0,0
nearest,252.3737,-1
cover,252.4127,0,0,0,0
nearest,252.4127,-1
cover,252.4604,2,1,1,1
err,252.4604,35.5,90.39
timing,252.4604,15.7,31.2
gate,252.4604,166.8,1.0,0.18,0.0
det,252.4604,1303.88,875.12,23.25,27.75,0.881,Head
det,252.4604,1257.62,874.88,102.75,212.25,0.834,Body
cover,252.4972,2,1,1,1
err,252.4972,-27.5,85.62
timing,252.4972,8.3,26.0
gate,252.4972,166.8,1.0,0.18,0.0
det,252.4972,1241.25,870.5,22.5,27.5,0.851,Head
det,252.4972,1192.88,867.0,103.25,217.0,0.839,Body
cover,252.5357,2,1,1,1
err,252.5358,-27.5,85.88
timing,252.5358,8.4,28.0
gate,252.5357,166.8,1.0,0.18,0.0
det,252.5358,1192.75,867.5,103.0,216.5,0.839,Body
det,252.5358,1241.38,870.75,22.25,27.5,0.839,Head
cover,252.5759,2,1,1,1
err,252.576,-27.0,85.89
timing,252.576,12.6,24.9
gate,252.576,166.8,1.0,0.18,0.0
det,252.576,1241.75,870.62,22.5,27.75,0.842,Head
det,252.576,1192.75,867.12,103.0,216.75,0.836,Body
cover,252.6104,2,1,1,1
err,252.6104,-27.0,85.89
timing,252.6104,7.4,24.8
gate,252.6104,166.8,1.0,0.18,0.0
det,252.6104,1192.88,867.0,103.25,217.0,0.838,Body
det,252.6104,1241.75,870.62,22.5,27.75,0.835,Head
cover,252.6451,2,1,1,1
err,252.6452,-27.0,85.89
timing,252.6452,6.2,25.7
gate,252.6451,166.8,1.0,0.18,0.0
det,252.6452,1241.75,870.62,22.5,27.75,0.839,Head
det,252.6452,1192.56,867.0,103.38,217.0,0.838,Body
cover,252.6835,2,1,1,1
err,252.6836,-27.0,85.89
timing,252.6836,10.1,26.8
gate,252.6836,166.8,1.0,0.18,0.0
det,252.6836,1241.75,870.62,22.5,27.75,0.839,Head
det,252.6836,1192.69,866.88,103.12,217.25,0.838,Body
cover,252.7224,2,1,1,1
err,252.7224,-27.0,85.89
timing,252.7224,9.0,28.0
gate,252.7224,166.8,1.0,0.18,0.0
det,252.7224,1192.69,867.0,103.12,217.0,0.837,Body
det,252.7224,1241.75,870.62,22.5,27.75,0.836,Head
cover,252.763,2,1,1,1
err,252.7631,-61.0,72.79
timing,252.7631,11.6,27.1
gate,252.7631,166.8,1.0,0.18,0.0
det,252.7631,1207.75,858.62,22.5,25.75,0.862,Head
det,252.7631,1160.94,856.0,102.12,219.5,0.825,Body
cover,252.8082,2,1,1,1
err,252.8083,-87.0,35.27
timing,252.8083,14.4,28.0
gate,252.8083,166.8,1.0,0.18,0.0
det,252.8083,1182.31,821.25,21.38,25.5,0.854,Head
det,252.8083,1133.5,819.62,102.5,210.75,0.846,Body
cover,252.847,2,1,1,1
err,252.847,-64.5,17.12
timing,252.847,5.5,30.6
gate,252.847,166.8,1.0,0.18,0.0
det,252.847,1204.44,802.0,22.12,27.5,0.86,Head
det,252.847,1153.0,806.5,103.5,205.5,0.853,Body
cover,252.8939,2,1,1,1
err,252.894,-34.5,6.39
timing,252.894,14.5,29.8
gate,252.894,166.8,1.0,0.18,0.0
det,252.894,1184.62,789.5,106.75,210.5,0.835,Body
det,252.894,1234.38,791.12,22.25,27.75,0.726,Head
cover,252.9347,2,1,1,1
err,252.9348,-27.5,7.21
timing,252.9348,8.8,29.5
gate,252.9347,166.8,1.0,0.18,0.0
det,252.9348,1195.5,789.12,100.0,210.75,0.835,Body
det,252.9348,1241.5,793.88,22.0,24.25,0.767,Head
cover,252.976,2,1,1,1
err,252.9761,-17.0,16.34
timing,252.9761,11.4,27.1
gate,252.9761,166.8,1.0,0.18,0.0
det,252.9761,1202.94,812.12,102.62,198.75,0.854,Body
det,252.9761,1252.12,801.62,21.75,26.75,0.539,Head
cover,253.0205,2,1,1,1
err,253.0206,-5.0,27.48
timing,253.0206,13.8,28.2
gate,253.0206,166.8,1.0,0.18,0.0
det,253.0206,1216.38,811.88,103.25,209.25,0.855,Body
det,253.0206,1264.38,814.0,21.25,24.5,0.841,Head
cover,253.0624,2,1,1,1
err,253.0624,-5.0,27.48
timing,253.0624,10.7,28.8
gate,253.0624,166.8,1.0,0.18,0.0
det,253.0624,1216.38,811.88,103.25,209.25,0.855,Body
det,253.0624,1264.38,814.0,21.25,24.5,0.836,Head
cover,253.1081,2,1,1,1
err,253.1081,-5.0,27.48
timing,253.1081,15.0,28.2
gate,253.1081,166.8,1.0,0.18,0.0
det,253.1081,1216.5,812.12,103.5,208.75,0.855,Body
det,253.1081,1264.38,814.0,21.25,24.5,0.828,Head
cover,253.1446,2,1,1,1
err,253.1446,-4.75,44.55
timing,253.1446,6.8,27.0
gate,253.1446,166.8,1.0,0.18,0.0
det,253.1446,1215.94,825.38,107.62,213.25,0.855,Body
det,253.1446,1264.5,830.25,21.5,26.0,0.812,Head
cover,253.1884,2,1,1,1
err,253.1884,-4.5,41.29
timing,253.1884,13.4,27.9
gate,253.1884,166.8,1.0,0.18,0.0
det,253.1884,1215.69,828.5,107.62,205.5,0.836,Body
det,253.1884,1264.88,827.12,21.25,25.75,0.756,Head
cover,253.2262,2,1,1,1
err,253.2264,-4.5,34.62
timing,253.2264,8.0,27.3
gate,253.2264,166.8,1.0,0.18,0.0
det,253.2264,1216.0,823.5,102.5,204.0,0.865,Body
det,253.2264,1264.75,819.5,21.5,27.5,0.722,Head
cover,253.272,2,1,1,1
err,253.272,-3.25,26.86
timing,253.272,17.5,25.9
gate,253.272,166.8,1.0,0.18,0.0
det,253.272,1217.38,818.0,108.25,203.0,0.846,Body
det,253.272,1266.5,811.88,20.5,27.25,0.564,Head
cover,253.3156,2,1,1,1
err,253.3156,2.5,19.94
timing,253.3156,9.0,31.0
gate,253.3156,166.8,1.0,0.18,0.0
det,253.3156,1225.75,807.12,98.5,204.75,0.827,Body
det,253.3156,1271.5,804.12,22.0,28.75,0.642,Head
cover,253.367,2,1,1,1
err,253.367,1.75,18.41
timing,253.367,14.9,31.9
gate,253.367,166.8,1.0,0.18,0.0
det,253.367,1225.0,809.12,100.0,199.75,0.841,Body
det,253.367,1270.75,802.88,22.0,28.25,0.49,Head
cover,253.4091,1,0,1,0
nearest,253.4091,-1
cover,253.4508,2,1,1,1
err,253.4508,2.75,32.91
timing,253.4508,13.6,26.4
gate,253.4508,166.8,1.0,0.18,0.0
det,253.4508,1223.88,820.12,102.25,204.75,0.838,Body
det,253.4508,1272.0,817.38,21.5,28.25,0.542,Head
cover,253.4971,2,1,1,1
err,253.4971,2.5,25.9
timing,253.4971,15.9,27.2
gate,253.4971,166.8,1.0,0.18,0.0
det,253.4971,1226.5,817.5,100.5,204.5,0.825,Body
det,253.4971,1272.0,810.5,21.0,28.0,0.453,Head
cover,253.535,2,1,1,1
err,253.5351,3.25,22.94
timing,253.5351,7.9,27.5
gate,253.5351,166.8,1.0,0.18,0.0
det,253.5351,1227.12,809.0,99.75,209.5,0.827,Body
det,253.5351,1271.25,807.12,24.0,28.75,0.683,Head
cover,253.5793,2,1,1,1
err,253.5794,2.5,19.91
timing,253.5794,12.4,29.1
gate,253.5794,166.8,1.0,0.18,0.0
det,253.5794,1225.75,805.5,100.5,207.0,0.831,Body
det,253.5794,1271.12,804.38,22.75,28.25,0.698,Head
cover,253.6228,2,1,1,1
err,253.6229,-1.75,14.77
timing,253.6229,11.6,29.6
gate,253.6229,166.8,1.0,0.18,0.0
det,253.6229,1219.75,807.5,102.5,202.0,0.843,Body
det,253.6229,1267.0,800.75,22.5,25.5,0.424,Head
cover,253.6649,1,0,1,0
nearest,253.6649,-1
cover,253.7121,1,0,1,0
nearest,253.7121,-1
cover,253.759,1,0,1,0
nearest,253.7591,-1
cover,253.8016,1,0,1,0
nearest,253.8017,-1
cover,253.8509,2,1,1,1
err,253.851,-3.0,21.6
timing,253.851,15.8,32.5
gate,253.851,166.8,1.0,0.18,0.0
det,253.851,1217.0,803.62,105.5,212.75,0.834,Body
det,253.851,1265.88,806.75,22.25,27.0,0.747,Head
cover,253.9055,0,0,0,0
nearest,253.9055,-1
cover,253.9478,0,0,0,0
nearest,253.9478,-1
cover,253.9861,0,0,0,0
nearest,253.9861,-1
cover,254.0279,0,0,0,0
nearest,254.0279,-1
cover,254.0658,0,0,0,0
nearest,254.0658,-1
cover,254.1072,1,0,1,0
nearest,254.1072,-1
cover,254.1484,1,0,1,0
nearest,254.1484,-1
cover,254.1926,0,0,0,0
nearest,254.1927,-1
cover,254.2367,1,0,1,0
nearest,254.2367,-1
cover,254.2842,1,0,1,0
nearest,254.2842,-1
cover,254.3215,0,0,0,0
nearest,254.3215,-1
cover,254.3655,1,0,1,0
nearest,254.3655,-1
cover,254.4137,0,0,0,0
nearest,254.4137,-1
cover,254.4587,0,0,0,0
nearest,254.4587,-1
cover,254.5054,1,0,1,0
nearest,254.5054,-1
cover,254.5436,0,0,0,0
nearest,254.5436,-1
cover,254.5843,2,1,1,1
err,254.5843,-235.06,22.17
timing,254.5843,11.2,28.1
gate,254.5843,166.8,1.0,0.18,0.0
det,254.5843,1032.81,806.5,24.25,28.5,0.835,Head
det,254.5843,988.84,804.38,106.31,229.25,0.812,Body
cover,254.6199,2,1,1,1
err,254.6199,-164.5,17.89
timing,254.6199,8.4,24.9
gate,254.6199,166.8,1.0,0.18,0.0
det,254.6199,1103.56,802.62,23.88,27.75,0.917,Head
det,254.6199,1057.88,800.62,106.25,222.75,0.816,Body
cover,254.6538,2,1,1,1
err,254.6538,-123.75,3.96
timing,254.6538,6.2,25.4
gate,254.6538,166.8,1.0,0.18,0.0
det,254.6538,1144.5,787.88,23.5,29.25,0.895,Head
det,254.6538,1101.62,783.88,105.5,223.25,0.84,Body
cover,254.6865,2,1,1,1
err,254.6865,-114.25,-4.02
timing,254.6865,5.6,25.1
gate,254.6865,166.8,1.0,0.18,0.0
det,254.6865,1153.88,779.75,23.75,29.5,0.885,Head
det,254.6865,1113.56,776.5,100.38,224.0,0.824,Body
cover,254.7312,2,1,1,1
err,254.7313,-98.75,-16.09
timing,254.7313,17.4,25.0
gate,254.7313,166.8,1.0,0.18,0.0
det,254.7313,1169.56,768.38,23.38,28.25,0.883,Head
det,254.7313,1127.44,763.75,101.12,220.0,0.803,Body
cover,254.7698,2,1,1,1
err,254.7698,-99.12,3.89
timing,254.7698,10.8,25.1
gate,254.7698,166.8,1.0,0.18,0.0
det,254.7698,1169.0,788.62,23.75,27.75,0.876,Head
det,254.7698,1127.44,787.0,104.62,220.5,0.852,Body
cover,254.8114,2,1,1,1
err,254.8114,-98.88,0.85
timing,254.8114,10.1,28.7
gate,254.8114,166.8,1.0,0.18,0.0
det,254.8114,1169.62,786.0,23.0,27.0,0.88,Head
det,254.8114,1125.75,781.88,107.0,220.25,0.821,Body
cover,254.8533,4,1,3,1
err,254.8534,-94.62,-5.58
timing,254.8534,15.5,24.5
gate,254.8534,166.8,1.0,0.18,0.0
det,254.8534,1173.75,778.75,23.25,28.5,0.896,Head
det,254.8534,1130.75,779.0,101.75,219.5,0.804,Body
det,254.8534,1198.06,891.88,39.88,95.25,0.529,Body
det,254.8534,1511.75,846.25,8.5,20.0,0.521,Body
cover,254.8964,2,1,1,1
err,254.8964,-69.25,-8.09
timing,254.8964,16.4,24.5
gate,254.8964,166.8,1.0,0.18,0.0
det,254.8964,1159.75,776.38,100.5,218.25,0.836,Body
det,254.8964,1198.94,776.38,23.62,28.25,0.749,Head
cover,254.9308,2,1,1,1
err,254.9308,-35.0,-2.56
timing,254.9308,6.1,26.1
gate,254.9308,166.8,1.0,0.18,0.0
det,254.9308,1191.0,776.0,103.0,226.0,0.82,Body
det,254.9308,1233.12,781.62,23.75,28.75,0.807,Head
cover,254.9666,2,1,1,1
err,254.9667,-17.0,1.96
timing,254.9667,6.5,26.7
gate,254.9667,166.8,1.0,0.18,0.0
det,254.9667,1250.5,785.88,25.0,29.25,0.898,Head
det,254.9667,1209.06,783.88,105.38,218.25,0.867,Body
cover,255.0099,2,1,1,1
err,255.0099,-16.5,1.44
timing,255.0099,13.9,27.2
gate,255.0099,166.8,1.0,0.18,0.0
det,255.0099,1209.75,786.12,105.0,215.75,0.857,Body
det,255.0099,1250.0,785.62,27.0,28.75,0.702,Head
cover,255.0479,2,1,1,1
err,255.0479,-17.0,2.01
timing,255.0479,9.2,26.2
gate,255.0479,166.8,1.0,0.18,0.0
det,255.0479,1209.31,790.5,104.88,210.0,0.848,Body
det,255.0479,1249.62,785.38,26.75,30.25,0.546,Head
cover,255.0861,2,1,1,1
err,255.0862,-15.5,20.99
timing,255.0862,6.8,29.2
gate,255.0862,166.8,1.0,0.18,0.0
det,255.0862,1209.69,802.0,102.62,221.0,0.854,Body
det,255.0862,1250.5,804.62,28.0,29.75,0.8,Head
cover,255.1209,2,1,1,1
err,255.1209,-17.0,17.99
timing,255.1209,6.0,26.4
gate,255.1209,166.8,1.0,0.18,0.0
det,255.1209,1210.0,800.0,104.0,218.0,0.866,Body
det,255.1209,1249.88,801.62,26.25,29.75,0.667,Head
cover,255.1557,2,1,1,1
err,255.1557,-17.25,14.0
timing,255.1557,8.3,24.2
gate,255.1557,166.8,1.0,0.18,0.0
det,255.1557,1208.38,804.0,106.25,210.5,0.836,Body
det,255.1557,1250.0,797.5,25.5,30.0,0.589,Head
cover,255.1932,2,1,1,1
err,255.1933,-16.0,12.3
timing,255.1933,8.0,27.5
gate,255.1933,166.8,1.0,0.18,0.0
det,255.1933,1209.44,795.0,101.12,218.0,0.838,Body
det,255.1933,1250.38,795.25,27.25,31.0,0.74,Head
cover,255.2316,2,1,1,1
err,255.2316,-15.5,5.51
timing,255.2316,10.8,25.3
gate,255.2316,166.8,1.0,0.18,0.0
det,255.2316,1208.75,787.0,104.0,220.0,0.853,Body
det,255.2316,1250.62,788.88,27.75,30.25,0.851,Head
cover,255.2718,2,1,1,1
err,255.2719,-9.0,2.88
timing,255.2719,10.5,26.3
gate,255.2719,166.8,1.0,0.18,0.0
det,255.2719,1216.62,793.5,103.75,209.0,0.831,Body
det,255.2719,1258.5,785.0,25.0,32.5,0.536,Head
cover,255.3122,1,0,1,0
nearest,255.3122,-1
cover,255.3515,2,1,1,1
err,255.3516,-5.0,1.21
timing,255.3516,9.2,28.7
gate,255.3516,166.8,1.0,0.18,0.0
det,255.3516,1219.5,789.5,103.5,207.0,0.81,Body
det,255.3516,1260.38,782.38,29.25,34.25,0.449,Head
cover,255.3944,2,1,1,1
err,255.3944,-5.25,0.74
timing,255.3944,13.6,26.3
gate,255.3944,166.8,1.0,0.18,0.0
det,255.3944,1219.75,785.88,103.5,210.25,0.815,Body
det,255.3944,1260.5,781.62,28.5,34.75,0.62,Head
cover,255.4326,2,1,1,1
err,255.4327,-6.0,16.38
timing,255.4327,9.1,26.8
gate,255.4327,166.8,1.0,0.18,0.0
det,255.4327,1262.12,801.25,23.75,27.5,0.895,Head
det,255.4327,1219.88,800.0,103.25,217.0,0.809,Body
cover,255.4699,0,0,0,0
nearest,255.4699,-1
cover,255.5152,0,0,0,0
nearest,255.5153,-1
cover,255.5562,0,0,0,0
nearest,255.5562,-1
cover,255.5906,0,0,0,0
nearest,255.5906,-1
cover,255.6266,0,0,0,0
nearest,255.6266,-1
cover,255.6587,0,0,0,0
nearest,255.6587,-1
cover,255.6943,0,0,0,0
nearest,255.6943,-1
cover,255.7316,0,0,0,0
nearest,255.7316,-1
cover,255.7692,1,0,1,0
nearest,255.7692,-1
cover,255.8047,0,0,0,0
nearest,255.8047,-1
cover,255.8374,1,0,1,0
nearest,255.8374,-1
cover,255.8708,1,0,1,0
nearest,255.8708,-1
cover,255.9037,0,0,0,0
nearest,255.9038,-1
cover,255.9466,1,0,1,0
nearest,255.9466,-1
cover,255.9878,2,1,1,1
err,255.9879,37.5,-1.89
timing,255.9879,12.4,27.3
gate,255.9879,166.8,1.0,0.18,0.0
det,255.9879,1294.38,791.38,45.25,98.25,0.869,Body
det,255.9879,1312.0,791.38,11.0,12.25,0.794,Head
cover,256.0262,3,1,2,1
err,256.0263,-227.0,25.19
timing,256.0263,9.0,26.5
gate,256.0262,166.8,1.0,0.18,0.0
det,256.0263,1028.38,817.38,47.75,102.25,0.917,Body
det,256.0263,1047.12,817.62,11.75,13.75,0.765,Head
det,256.0263,1522.75,855.12,8.5,18.75,0.53,Body
cover,256.0711,0,0,0,0
nearest,256.0711,-1
cover,256.1155,2,1,1,1
err,256.1155,-294.62,54.4
timing,256.1155,14.6,28.4
gate,256.1155,166.8,1.0,0.18,0.0
det,256.1155,960.59,845.75,47.88,104.0,0.878,Body
det,256.1155,979.43,847.25,11.89,13.0,0.827,Head
cover,256.1529,2,1,1,1
err,256.1529,-83.25,62.64
timing,256.1529,8.2,26.6
gate,256.1529,166.8,1.0,0.18,0.0
det,256.1529,1172.0,854.5,46.5,102.0,0.9,Body
det,256.1529,1191.44,855.62,10.62,12.75,0.773,Head
cover,256.1905,3,1,2,1
err,256.1905,42.25,66.7
timing,256.1905,6.0,29.3
gate,256.1905,166.8,1.0,0.18,0.0
det,256.1905,1298.88,858.62,46.25,99.75,0.888,Body
det,256.1905,1316.25,859.0,12.0,14.0,0.829,Head
det,256.1905,1506.5,852.25,8.0,21.0,0.466,Body
cover,256.2301,2,1,1,1
err,256.2302,105.5,67.69
timing,256.2302,9.3,27.4
gate,256.2302,166.8,1.0,0.18,0.0
det,256.2302,1361.0,859.62,48.5,100.75,0.896,Body
det,256.2302,1379.62,860.12,11.75,13.75,0.834,Head
cover,256.274,2,1,1,1
err,256.274,117.5,67.64
timing,256.274,11.9,29.5
gate,256.274,166.8,1.0,0.18,0.0
det,256.274,1374.12,860.0,45.75,101.5,0.886,Body
det,256.274,1391.88,860.62,11.25,12.75,0.879,Head
cover,256.3144,2,1,1,1
err,256.3144,101.25,60.61
timing,256.3144,8.4,29.8
gate,256.3144,166.8,1.0,0.18,0.0
det,256.3144,1358.62,852.62,45.75,100.75,0.881,Body
det,256.3144,1375.75,853.88,11.0,12.25,0.873,Head
cover,256.3523,2,1,1,1
err,256.3523,79.75,48.16
timing,256.3523,9.3,26.4
gate,256.3523,166.8,1.0,0.18,0.0
det,256.3523,1335.75,840.0,46.5,101.5,0.918,Body
det,256.3523,1354.25,840.88,11.0,13.25,0.839,Head
cover,256.3865,2,1,1,1
err,256.3866,74.0,40.11
timing,256.3866,5.5,25.8
gate,256.3866,166.8,1.0,0.18,0.0
det,256.3866,1331.12,832.25,46.75,101.0,0.903,Body
det,256.3866,1348.38,833.38,11.25,12.25,0.801,Head
cover,256.4237,2,1,1,1
err,256.4238,62.5,30.4
timing,256.4238,6.5,28.5
gate,256.4238,166.8,1.0,0.18,0.0
det,256.4238,1318.75,821.88,46.0,101.25,0.909,Body
det,256.4238,1336.5,823.25,12.0,13.0,0.799,Head
cover,256.4679,2,1,1,1
err,256.468,57.75,28.19
timing,256.468,14.3,27.6
gate,256.468,166.8,1.0,0.18,0.0
det,256.468,1314.88,819.5,46.25,101.0,0.91,Body
det,256.468,1332.0,820.62,11.5,13.75,0.806,Head
cover,256.51,2,1,1,1
err,256.5101,53.5,24.12
timing,256.5101,14.5,24.9
gate,256.5101,166.8,1.0,0.18,0.0
det,256.5101,1311.25,815.88,44.0,100.25,0.875,Body
det,256.5101,1328.25,817.25,10.5,12.5,0.76,Head
cover,256.5495,2,1,1,1
err,256.5495,46.5,21.14
timing,256.5495,8.7,28.4
gate,256.5495,166.8,1.0,0.18,0.0
det,256.5495,1303.62,813.5,45.75,100.0,0.909,Body
det,256.5495,1320.62,814.12,11.75,12.75,0.87,Head
cover,256.5948,2,1,1,1
err,256.5948,41.0,14.88
timing,256.5948,13.6,28.2
gate,256.5948,166.8,1.0,0.18,0.0
det,256.5948,1296.75,806.5,47.5,101.0,0.897,Body
det,256.5948,1315.5,808.0,11.0,12.5,0.774,Head
cover,256.6353,2,1,1,1
err,256.6353,22.0,2.66
timing,256.6353,9.9,27.6
gate,256.6353,166.8,1.0,0.18,0.0
det,256.6353,1278.62,795.12,44.75,99.75,0.874,Body
det,256.6353,1296.12,795.38,11.75,13.25,0.774,Head
cover,256.6736,2,1,1,1
err,256.6736,-5.0,-6.55
timing,256.6736,9.5,26.3
gate,256.6736,166.8,1.0,0.18,0.0
det,256.6736,1251.0,785.38,46.5,100.25,0.905,Body
det,256.6736,1268.62,785.75,12.75,14.0,0.796,Head
cover,256.7134,2,1,1,1
err,256.7134,-6.5,-6.05
timing,256.7134,7.4,30.1
gate,256.7134,166.8,1.0,0.18,0.0
det,256.7134,1250.0,786.12,46.5,98.75,0.892,Body
det,256.7134,1267.75,786.25,11.5,14.0,0.815,Head
cover,256.7561,1,0,1,0
nearest,256.7562,-1
cover,256.7937,2,1,1,1
err,256.7938,-1.25,-5.79
timing,256.7938,12.8,23.5
gate,256.7937,166.8,1.0,0.18,0.0
det,256.7938,1255.25,786.25,45.5,101.0,0.879,Body
det,256.7938,1273.25,786.38,11.0,14.25,0.484,Head
cover,256.8373,2,1,1,1
err,256.8374,0.0,14.65
timing,256.8374,13.9,27.2
gate,256.8374,166.8,1.0,0.18,0.0
det,256.8374,1254.62,807.25,47.75,99.0,0.911,Body
det,256.8374,1274.62,807.5,10.75,13.0,0.789,Head
cover,256.8838,1,0,1,0
nearest,256.8838,-1
cover,256.9233,0,0,0,0
nearest,256.9233,-1
cover,256.9601,0,0,0,0
nearest,256.9601,-1
cover,256.9951,2,0,2,0
nearest,256.9951,-1
cover,257.0287,0,0,0,0
nearest,257.0288,-1
cover,257.0623,1,0,1,0
nearest,257.0623,-1
cover,257.1064,0,0,0,0
nearest,257.1064,-1
cover,257.145,0,0,0,0
nearest,257.145,-1
cover,257.1838,0,0,0,0
nearest,257.1838,-1
cover,257.2231,0,0,0,0
nearest,257.2231,-1
cover,257.2577,0,0,0,0
nearest,257.2577,-1
cover,257.2993,0,0,0,0
nearest,257.2993,-1
cover,257.3362,0,0,0,0
nearest,257.3362,-1
cover,257.3749,0,0,0,0
nearest,257.3749,-1
cover,257.4123,0,0,0,0
nearest,257.4123,-1
cover,257.4493,0,0,0,0
nearest,257.4493,-1
cover,257.4912,0,0,0,0
nearest,257.4912,-1
cover,257.5249,0,0,0,0
nearest,257.5249,-1
cover,257.5575,0,0,0,0
nearest,257.5575,-1
cover,257.5925,0,0,0,0
nearest,257.5925,-1
cover,257.6277,0,0,0,0
nearest,257.6278,-1
cover,257.6623,0,0,0,0
nearest,257.6623,-1
cover,257.6987,0,0,0,0
nearest,257.6987,-1
cover,257.738,1,0,1,0
nearest,257.7381,-1
cover,257.7895,0,0,0,0
nearest,257.7896,-1
cover,257.8349,0,0,0,0
nearest,257.8349,-1
cover,257.8699,0,0,0,0
nearest,257.8699,-1
cover,257.9088,1,0,1,0
nearest,257.9088,-1
cover,257.9435,2,1,1,1
err,257.9436,19.75,-18.34
timing,257.9436,6.8,26.5
gate,257.9436,166.8,1.0,0.18,0.0
det,257.9436,1261.0,770.12,89.0,236.75,0.868,Body
det,257.9436,1286.5,763.38,26.5,33.25,0.743,Head
cover,257.9819,2,1,1,1
err,257.9819,-37.25,-11.17
timing,257.9819,11.4,24.7
gate,257.9819,166.8,1.0,0.18,0.0
det,257.9819,1203.56,770.0,86.88,244.5,0.868,Body
det,257.9819,1229.5,768.75,26.5,36.5,0.729,Head
cover,258.0195,2,1,1,1
err,258.0195,-37.25,-10.61
timing,258.0195,9.2,26.3
gate,258.0195,166.8,1.0,0.18,0.0
det,258.0195,1203.56,771.0,86.88,244.0,0.867,Body
det,258.0195,1229.5,768.62,26.5,37.75,0.742,Head
cover,258.0626,2,1,1,1
err,258.0626,-37.25,-10.64
timing,258.0626,14.1,26.7
gate,258.0626,166.8,1.0,0.18,0.0
det,258.0626,1203.69,769.62,86.62,244.75,0.87,Body
det,258.0626,1229.5,768.88,26.5,37.25,0.776,Head
cover,258.1052,2,1,1,1
err,258.1053,-37.25,-10.4
timing,258.1053,7.3,32.8
gate,258.1052,166.8,1.0,0.18,0.0
det,258.1053,1203.75,770.0,86.5,244.0,0.868,Body
det,258.1053,1229.5,769.25,26.5,37.0,0.773,Head
cover,258.1432,2,1,1,1
err,258.1433,-37.5,-10.4
timing,258.1433,6.4,29.0
gate,258.1433,166.8,1.0,0.18,0.0
det,258.1433,1203.75,770.62,86.5,243.75,0.867,Body
det,258.1433,1229.38,769.25,26.25,37.0,0.776,Head
cover,258.1775,2,1,1,1
err,258.1775,-37.25,-10.66
timing,258.1775,5.8,26.1
gate,258.1775,166.8,1.0,0.18,0.0
det,258.1775,1203.56,770.38,86.88,244.25,0.868,Body
det,258.1775,1229.5,769.12,26.5,36.75,0.774,Head
cover,258.2135,2,1,1,1
err,258.2135,-40.75,-10.29
timing,258.2135,9.0,24.9
gate,258.2135,166.8,1.0,0.18,0.0
det,258.2135,1200.44,772.62,87.62,246.75,0.863,Body
det,258.2135,1226.5,770.88,25.5,34.25,0.833,Head
cover,258.2562,2,1,1,1
err,258.2563,-54.5,-3.21
timing,258.2563,14.0,25.5
gate,258.2563,166.8,1.0,0.18,0.0
det,258.2563,1186.69,783.0,88.12,241.0,0.87,Body
det,258.2563,1211.88,777.12,27.25,35.75,0.711,Head
cover,258.296,2,1,1,1
err,258.2961,-55.5,-7.94
timing,258.2961,14.2,22.7
gate,258.2961,166.8,1.0,0.18,0.0
det,258.2961,1186.31,782.62,87.88,239.75,0.858,Body
det,258.2961,1211.88,774.88,25.25,31.25,0.805,Head
cover,258.3349,2,1,1,1
err,258.335,-33.5,-9.7
timing,258.335,8.8,28.0
gate,258.335,166.8,1.0,0.18,0.0
det,258.335,1207.25,777.5,88.0,241.0,0.854,Body
det,258.335,1233.5,773.25,26.0,31.0,0.778,Head
cover,258.3869,2,1,1,1
err,258.387,-5.0,-3.92
timing,258.387,19.6,30.2
gate,258.387,166.8,1.0,0.18,0.0
det,258.387,1236.25,776.0,88.0,252.0,0.871,Body
det,258.387,1262.25,778.75,25.5,31.5,0.708,Head
cover,258.426,1,0,1,0
nearest,258.426,-1
cover,258.4635,2,1,1,1
err,258.4636,19.5,2.05
timing,258.4636,9.7,26.3
gate,258.4636,166.8,1.0,0.18,0.0
det,258.4636,1260.0,788.5,89.5,244.5,0.851,Body
det,258.4636,1285.62,782.25,27.75,36.0,0.423,Head
cover,258.5056,2,1,1,1
err,258.5057,19.5,2.08
timing,258.5057,7.9,31.6
gate,258.5057,166.8,1.0,0.18,0.0
det,258.5057,1259.88,788.38,89.25,244.25,0.853,Body
det,258.5057,1285.62,782.0,27.75,36.5,0.432,Head
cover,258.5434,1,0,1,0
nearest,258.5434,-1
cover,258.5787,2,1,1,1
err,258.5787,17.5,17.15
timing,258.5787,6.8,27.1
gate,258.5787,166.8,1.0,0.18,0.0
det,258.5787,1259.25,805.0,87.0,243.0,0.831,Body
det,258.5787,1284.5,801.75,26.0,28.0,0.704,Head
cover,258.6215,2,1,1,1
err,258.6215,5.0,16.08
timing,258.6215,11.7,28.6
gate,258.6215,166.8,1.0,0.18,0.0
det,258.6215,1245.5,807.0,88.5,240.0,0.875,Body
det,258.6215,1272.12,798.75,25.75,31.5,0.747,Head
cover,258.6624,1,0,1,0
nearest,258.6624,-1
cover,258.6991,2,1,1,1
err,258.6991,-9.25,8.14
timing,258.6991,8.5,26.7
gate,258.6991,166.8,1.0,0.18,0.0
det,258.6991,1234.75,802.0,87.5,236.5,0.86,Body
det,258.6991,1256.5,790.12,28.5,32.75,0.645,Head
cover,258.7439,1,0,1,0
nearest,258.7439,-1
cover,258.7831,2,1,1,1
err,258.7832,-7.75,23.08
timing,258.7832,11.2,26.8
gate,258.7832,166.8,1.0,0.18,0.0
det,258.7832,1234.62,811.0,87.75,245.0,0.853,Body
det,258.7832,1259.0,805.75,26.5,31.5,0.795,Head
cover,258.8219,0,0,0,0
nearest,258.8219,-1
cover,258.8645,0,0,0,0
nearest,258.8646,-1
cover,258.8987,0,0,0,0
nearest,258.8987,-1
cover,258.932,0,0,0,0
nearest,258.932,-1
cover,258.9708,0,0,0,0
nearest,258.9708,-1
cover,259.0097,0,0,0,0
nearest,259.0097,-1
cover,259.0547,1,0,1,0
nearest,259.0547,-1
cover,259.0923,1,0,1,0
nearest,259.0923,-1
cover,259.1267,1,0,1,0
nearest,259.1267,-1
cover,259.16,0,0,0,0
nearest,259.16,-1
cover,259.1943,0,0,0,0
nearest,259.1943,-1
cover,259.2282,0,0,0,0
nearest,259.2282,-1
cover,259.2628,0,0,0,0
nearest,259.2628,-1
cover,259.2946,0,0,0,0
nearest,259.2946,-1
cover,259.3268,0,0,0,0
nearest,259.3268,-1
cover,259.3603,0,0,0,0
nearest,259.3603,-1
cover,259.3963,0,0,0,0
nearest,259.3963,-1
cover,259.431,0,0,0,0
nearest,259.431,-1
cover,259.4673,0,0,0,0
nearest,259.4673,-1
cover,259.5085,0,0,0,0
nearest,259.5085,-1
cover,259.5476,1,0,1,0
nearest,259.5476,-1
cover,259.583,0,0,0,0
nearest,259.583,-1
cover,259.6192,0,0,0,0
nearest,259.6192,-1
cover,259.6546,0,0,0,0
nearest,259.6546,-1
cover,259.6936,0,0,0,0
nearest,259.6936,-1
cover,259.7375,0,0,0,0
nearest,259.7376,-1
cover,259.7823,0,0,0,0
nearest,259.7823,-1
cover,259.8162,0,0,0,0
nearest,259.8162,-1
cover,259.8673,0,0,0,0
nearest,259.8674,-1
cover,259.916,0,0,0,0
nearest,259.9161,-1
cover,259.9556,0,0,0,0
nearest,259.9557,-1
cover,259.9948,1,0,1,0
nearest,259.9948,-1
cover,260.0335,2,1,1,1
err,260.0335,207.0,46.08
timing,260.0335,12.7,24.5
gate,260.0335,166.8,1.0,0.18,0.0
det,260.0335,1416.0,839.5,85.5,245.5,0.546,Body
det,260.0335,1474.75,828.75,24.5,31.5,0.402,Head
cover,260.0738,2,1,1,1
err,260.0738,109.5,36.11
timing,260.0738,9.2,28.8
gate,260.0738,166.8,1.0,0.18,0.0
det,260.0738,1319.62,817.5,114.75,249.5,0.838,Body
det,260.0738,1376.12,818.38,26.75,32.25,0.725,Head
cover,260.1127,2,1,1,1
err,260.1127,85.5,24.51
timing,260.1127,9.5,26.5
gate,260.1127,166.8,1.0,0.18,0.0
det,260.1127,1295.88,808.12,116.25,248.75,0.808,Body
det,260.1127,1352.75,807.88,25.5,30.25,0.774,Head
cover,260.1516,2,1,1,1
err,260.1516,96.75,14.54
timing,260.1516,11.0,25.6
gate,260.1516,166.8,1.0,0.18,0.0
det,260.1516,1306.38,793.0,116.25,251.5,0.779,Body
det,260.1516,1363.5,797.62,26.5,30.75,0.632,Head
cover,260.1915,1,0,1,0
nearest,260.1915,-1
cover,260.2317,2,1,1,1
err,260.2317,106.0,11.33
timing,260.2317,12.1,26.3
gate,260.2317,166.8,1.0,0.18,0.0
det,260.2317,1315.38,790.0,118.25,252.5,0.793,Body
det,260.2317,1373.25,794.0,25.5,31.5,0.744,Head
cover,260.2724,2,1,1,1
err,260.2724,106.0,15.65
timing,260.2724,8.1,30.1
gate,260.2724,166.8,1.0,0.18,0.0
det,260.2724,1317.88,789.62,112.25,255.75,0.77,Body
det,260.2724,1373.38,797.5,25.25,33.0,0.588,Head
cover,260.312,2,1,1,1
err,260.312,103.5,20.17
timing,260.312,10.6,26.7
gate,260.312,166.8,1.0,0.18,0.0
det,260.312,1312.88,799.5,114.25,251.5,0.78,Body
det,260.312,1370.38,801.75,26.25,33.5,0.636,Head
cover,260.352,2,1,1,1
err,260.352,80.0,22.88
timing,260.352,14.2,23.2
gate,260.352,166.8,1.0,0.18,0.0
det,260.352,1290.38,805.62,117.25,246.75,0.815,Body
det,260.352,1346.88,805.0,26.25,32.5,0.725,Head
cover,260.3886,2,1,1,1
err,260.3886,56.0,25.88
timing,260.3886,8.3,26.3
gate,260.3886,166.8,1.0,0.18,0.0
det,260.3886,1265.88,802.5,118.25,254.5,0.792,Body
det,260.3886,1323.12,808.0,25.75,32.5,0.752,Head
cover,260.4304,2,1,1,1
err,260.4305,48.0,27.16
timing,260.4305,10.5,29.0
gate,260.4305,166.8,1.0,0.18,0.0
det,260.4305,1259.75,801.0,115.5,258.0,0.792,Body
det,260.4305,1314.62,808.88,26.75,33.25,0.674,Head
cover,260.4702,2,1,1,1
err,260.4702,48.0,26.66
timing,260.4702,7.3,29.9
gate,260.4702,166.8,1.0,0.18,0.0
det,260.4702,1260.0,801.0,115.0,258.0,0.791,Body
det,260.4702,1315.0,808.38,26.0,33.25,0.59,Head
cover,260.5137,1,0,1,0
nearest,260.5137,-1
cover,260.5574,2,1,1,1
err,260.5575,47.75,40.69
timing,260.5575,15.8,26.6
gate,260.5575,166.8,1.0,0.18,0.0
det,260.5575,1258.0,821.12,117.5,250.75,0.815,Body
det,260.5575,1315.0,822.12,25.5,33.75,0.794,Head
cover,260.5959,2,1,1,1
err,260.596,48.0,35.38
timing,260.596,9.8,26.4
gate,260.596,166.8,1.0,0.18,0.0
det,260.596,1257.5,810.5,116.5,254.0,0.802,Body
det,260.596,1314.5,817.5,27.0,32.5,0.643,Head
cover,260.6443,2,1,1,1
err,260.6443,46.0,29.59
timing,260.6443,18.7,26.0
gate,260.6443,166.8,1.0,0.18,0.0
det,260.6443,1258.88,808.38,113.25,251.25,0.818,Body
det,260.6443,1313.0,812.12,26.0,31.75,0.718,Head
cover,260.6842,2,1,1,1
err,260.6842,38.0,25.08
timing,260.6842,9.0,27.8
gate,260.6842,166.8,1.0,0.18,0.0
det,260.6842,1248.62,801.5,116.75,255.5,0.804,Body
det,260.6842,1305.88,807.75,24.25,31.5,0.578,Head
cover,260.73,2,1,1,1
err,260.73,31.0,22.61
timing,260.73,15.8,27.3
gate,260.73,166.8,1.0,0.18,0.0
det,260.73,1242.5,803.0,115.0,247.5,0.83,Body
det,260.73,1297.88,804.88,26.25,32.25,0.799,Head
cover,260.7739,2,1,1,1
err,260.774,23.5,18.14
timing,260.774,12.7,28.8
gate,260.774,166.8,1.0,0.18,0.0
det,260.774,1231.38,798.0,117.25,251.0,0.785,Body
det,260.774,1290.5,800.12,26.0,32.75,0.731,Head
cover,260.8125,1,0,1,0
nearest,260.8125,-1
cover,260.8488,2,1,1,1
err,260.8489,17.0,35.14
timing,260.8489,7.3,27.7
gate,260.8489,166.8,1.0,0.18,0.0
det,260.8489,1226.88,810.5,116.25,254.5,0.807,Body
det,260.8489,1283.5,817.12,27.0,32.75,0.682,Head
cover,260.8915,1,0,1,0
nearest,260.8916,-1
cover,260.931,2,1,1,1
err,260.931,16.5,26.14
timing,260.931,11.6,26.4
gate,260.931,166.8,1.0,0.18,0.0
det,260.931,1228.75,798.5,114.0,258.0,0.816,Body
det,260.931,1283.25,808.12,26.5,32.75,0.659,Head
cover,260.9758,2,1,1,1
err,260.9758,17.0,23.42
timing,260.9758,15.7,25.9
gate,260.9758,166.8,1.0,0.18,0.0
det,260.9758,1226.5,802.88,117.0,249.25,0.816,Body
det,260.9758,1283.88,805.0,26.25,33.5,0.655,Head
cover,261.015,2,1,1,1
err,261.0151,8.25,10.16
timing,261.0151,9.5,27.3
gate,261.015,166.8,1.0,0.18,0.0
det,261.0151,1218.75,785.5,115.5,253.5,0.81,Body
det,261.0151,1275.25,791.88,26.0,33.25,0.569,Head
cover,261.0625,1,0,1,0
nearest,261.0626,-1
cover,261.0966,1,0,1,0
nearest,261.0966,-1
cover,261.1313,1,0,1,0
nearest,261.1313,-1
cover,261.1676,1,0,1,0
nearest,261.1676,-1
cover,261.2031,2,1,1,1
err,261.2031,-7.75,18.35
timing,261.2031,7.9,26.8
gate,261.2031,166.8,1.0,0.18,0.0
det,261.2031,1200.62,795.0,117.75,253.0,0.784,Body
det,261.2031,1259.25,800.75,26.0,32.0,0.686,Head
cover,261.2469,0,0,0,0
nearest,261.247,-1
cover,261.2882,1,0,1,0
nearest,261.2882,-1
cover,261.3272,1,0,1,0
nearest,261.3273,-1
cover,261.3697,1,0,1,0
nearest,261.3698,-1
cover,261.4092,0,0,0,0
nearest,261.4093,-1
cover,261.4503,0,0,0,0
nearest,261.4503,-1
cover,261.4861,1,0,1,0
nearest,261.4861,-1
cover,261.5241,1,0,1,0
nearest,261.5241,-1
cover,261.5628,3,0,3,0
nearest,261.5628,-1
cover,261.6027,1,0,1,0
nearest,261.6028,-1
cover,261.6394,2,0,2,0
nearest,261.6395,-1
cover,261.6849,1,0,1,0
nearest,261.685,-1
cover,261.7301,0,0,0,0
nearest,261.7301,-1
cover,261.7693,0,0,0,0
nearest,261.7694,-1
cover,261.8036,1,0,1,0
nearest,261.8036,-1
cover,261.8404,1,0,1,0
nearest,261.8404,-1
cover,261.8793,1,0,1,0
nearest,261.8793,-1
cover,261.9129,1,0,1,0
nearest,261.9129,-1
cover,261.9526,1,0,1,0
nearest,261.9526,-1
cover,261.9876,1,0,1,0
nearest,261.9876,-1
cover,262.0242,1,0,1,0
nearest,262.0243,-1
cover,262.0615,1,0,1,0
nearest,262.0615,-1
cover,262.1028,0,0,0,0
nearest,262.1029,-1
cover,262.1468,1,0,1,0
nearest,262.1469,-1
cover,262.1871,1,0,1,0
nearest,262.1871,-1
cover,262.2242,0,0,0,0
nearest,262.2242,-1
cover,262.2598,0,0,0,0
nearest,262.2599,-1
cover,262.2952,0,0,0,0
nearest,262.2952,-1
cover,262.333,1,0,1,0
nearest,262.3331,-1
cover,262.366,0,0,0,0
nearest,262.366,-1
cover,262.3999,0,0,0,0
nearest,262.4,-1
cover,262.4357,1,0,1,0
nearest,262.4357,-1
cover,262.4711,1,0,1,0
nearest,262.4711,-1
cover,262.5056,1,0,1,0
nearest,262.5056,-1
cover,262.5501,1,0,1,0
nearest,262.5501,-1
cover,262.5854,0,0,0,0
nearest,262.5855,-1
cover,262.622,0,0,0,0
nearest,262.622,-1
cover,262.6562,0,0,0,0
nearest,262.6562,-1
cover,262.6927,0,0,0,0
nearest,262.6927,-1
cover,262.7356,0,0,0,0
nearest,262.7357,-1
cover,262.7696,0,0,0,0
nearest,262.7696,-1
cover,262.8072,0,0,0,0
nearest,262.8072,-1
cover,262.8481,0,0,0,0
nearest,262.8481,-1
cover,262.8827,0,0,0,0
nearest,262.8827,-1
cover,262.9177,0,0,0,0
nearest,262.9177,-1
cover,262.9541,0,0,0,0
nearest,262.9542,-1
cover,262.9885,0,0,0,0
nearest,262.9885,-1
cover,263.0312,0,0,0,0
nearest,263.0312,-1
cover,263.0677,2,1,1,1
err,263.0678,81.0,28.81
timing,263.0678,10.9,24.9
gate,263.0678,166.8,1.0,0.18,0.0
det,263.0678,1283.88,805.0,148.25,322.5,0.762,Body
det,263.0678,1343.62,803.38,34.75,46.25,0.677,Head
cover,263.1098,2,1,1,1
err,263.1099,-76.75,18.52
timing,263.1099,15.4,24.6
gate,263.1099,166.8,1.0,0.18,0.0
det,263.1099,1124.81,806.5,147.88,312.5,0.751,Body
det,263.1099,1186.0,790.75,34.5,50.5,0.507,Head
cover,263.1537,2,1,1,1
err,263.1538,-160.75,7.02
timing,263.1538,12.8,28.6
gate,263.1538,166.8,1.0,0.18,0.0
det,263.1538,1039.5,804.5,149.25,305.0,0.736,Body
det,263.1538,1101.56,782.0,35.38,45.5,0.505,Head
cover,263.1924,2,1,1,1
err,263.1925,-187.0,-3.04
timing,263.1925,9.0,26.9
gate,263.1925,166.8,1.0,0.18,0.0
det,263.1925,1013.81,776.0,151.88,328.0,0.77,Body
det,263.1925,1075.09,769.88,35.81,49.25,0.471,Head
cover,263.2267,1,0,1,0
nearest,263.2267,-1
cover,263.2634,2,1,1,1
err,263.2635,-115.25,0.39
timing,263.2635,8.8,26.8
gate,263.2635,166.8,1.0,0.18,0.0
det,263.2635,1085.75,784.0,143.25,313.5,0.748,Body
det,263.2635,1146.25,774.12,37.0,47.75,0.612,Head
cover,263.3051,1,0,1,0
nearest,263.3051,-1
cover,263.3384,1,0,1,0
nearest,263.3385,-1
cover,263.373,1,0,1,0
nearest,263.373,-1
cover,263.407,2,1,1,1
err,263.4071,-49.25,7.84
timing,263.4071,7.5,25.9
gate,263.4071,166.8,1.0,0.18,0.0
det,263.4071,1154.44,800.88,145.62,304.25,0.753,Body
det,263.4071,1213.25,782.12,35.0,46.75,0.448,Head
cover,263.443,1,0,1,0
nearest,263.443,-1
cover,263.4797,1,0,1,0
nearest,263.4798,-1
cover,263.5169,1,0,1,0
nearest,263.517,-1
cover,263.5511,1,0,1,0
nearest,263.5512,-1
cover,263.5864,3,1,2,1
err,263.5864,-6.5,33.23
timing,263.5864,7.5,26.8
gate,263.5864,166.8,1.0,0.18,0.0
det,263.5864,1200.06,820.5,123.38,313.5,0.675,Body
det,263.5864,1286.88,840.5,55.25,90.5,0.504,Body
det,263.5864,1256.38,806.0,34.25,49.5,0.422,Head
cover,263.6192,0,0,0,0
nearest,263.6192,-1
cover,263.6543,0,0,0,0
nearest,263.6543,-1
cover,263.692,0,0,0,0
nearest,263.692,-1
cover,263.7313,0,0,0,0
nearest,263.7313,-1
cover,263.7711,0,0,0,0
nearest,263.7711,-1
cover,263.8048,0,0,0,0
nearest,263.8048,-1
cover,263.8405,0,0,0,0
nearest,263.8405,-1
cover,263.8745,0,0,0,0
nearest,263.8745,-1
cover,263.9096,0,0,0,0
nearest,263.9096,-1
cover,263.9443,1,0,1,0
nearest,263.9443,-1
cover,263.9801,1,0,1,0
nearest,263.9801,-1
cover,264.0209,0,0,0,0
nearest,264.021,-1
cover,264.0573,0,0,0,0
nearest,264.0573,-1
cover,264.0905,0,0,0,0
nearest,264.0905,-1
cover,264.1253,0,0,0,0
nearest,264.1253,-1
cover,264.1697,0,0,0,0
nearest,264.1698,-1
cover,264.2043,0,0,0,0
nearest,264.2043,-1
cover,264.2387,0,0,0,0
nearest,264.2387,-1
cover,264.2758,1,0,1,0
nearest,264.2758,-1
cover,264.3111,1,0,1,0
nearest,264.3111,-1
cover,264.344,0,0,0,0
nearest,264.3442,-1
cover,264.3839,0,0,0,0
nearest,264.3839,-1
cover,264.4317,0,0,0,0
nearest,264.4317,-1
cover,264.4674,0,0,0,0
nearest,264.4674,-1
cover,264.5005,0,0,0,0
nearest,264.5005,-1
cover,264.5374,0,0,0,0
nearest,264.5374,-1
cover,264.5758,0,0,0,0
nearest,264.5758,-1
cover,264.6115,0,0,0,0
nearest,264.6115,-1
cover,264.6454,1,0,1,0
nearest,264.6454,-1
cover,264.6884,0,0,0,0
nearest,264.6885,-1
cover,264.7282,1,0,1,0
nearest,264.7282,-1
cover,264.7692,2,1,1,1
err,264.7692,285.0,2.16
timing,264.7692,10.5,29.0
gate,264.7692,166.8,1.0,0.18,0.0
det,264.7692,1543.0,794.62,44.0,97.75,0.902,Body
det,264.7692,1559.25,794.88,11.5,13.25,0.818,Head
cover,264.8082,2,1,1,1
err,264.8082,182.75,-4.89
timing,264.8082,7.9,28.5
gate,264.8082,166.8,1.0,0.18,0.0
det,264.8082,1441.88,789.12,42.25,89.75,0.855,Body
det,264.8082,1457.0,788.38,11.5,12.25,0.627,Head
cover,264.8477,2,1,1,1
err,264.8477,61.75,-4.41
timing,264.8477,13.8,23.6
gate,264.8477,166.8,1.0,0.18,0.0
det,264.8477,1321.0,787.62,41.0,94.75,0.887,Body
det,264.8477,1336.25,789.12,11.0,11.75,0.808,Head
cover,264.8869,2,1,1,1
err,264.8869,39.0,0.61
timing,264.8869,8.9,28.1
gate,264.8869,166.8,1.0,0.18,0.0
det,264.8869,1298.38,793.5,41.25,91.5,0.872,Body
det,264.8869,1314.0,793.88,10.0,12.25,0.73,Head
cover,264.931,2,1,1,1
err,264.931,39.5,2.61
timing,264.931,12.8,28.8
gate,264.931,166.8,1.0,0.18,0.0
det,264.931,1298.88,795.12,40.25,90.75,0.858,Body
det,264.931,1314.12,795.88,10.75,12.25,0.822,Head
cover,264.9736,2,1,1,1
err,264.9736,42.25,1.88
timing,264.9736,8.4,31.0
gate,264.9736,166.8,1.0,0.18,0.0
det,264.9736,1300.62,794.62,42.75,91.75,0.875,Body
det,264.9736,1317.0,795.0,10.5,12.5,0.756,Head
cover,265.0161,2,1,1,1
err,265.0162,42.25,3.85
timing,265.0162,8.0,31.7
gate,265.0162,166.8,1.0,0.18,0.0
det,265.0162,1299.75,796.5,42.5,93.5,0.854,Body
det,265.0162,1317.0,797.25,10.5,12.0,0.732,Head
cover,265.0558,2,1,1,1
err,265.0558,36.75,6.83
timing,265.0558,8.7,28.7
gate,265.0558,166.8,1.0,0.18,0.0
det,265.0558,1296.62,799.5,39.75,92.5,0.857,Body
det,265.0558,1311.75,800.5,10.0,11.5,0.765,Head
cover,265.0974,2,1,1,1
err,265.0974,26.5,9.75
timing,265.0974,14.2,24.9
gate,265.0974,166.8,1.0,0.18,0.0
det,265.0974,1283.25,801.12,46.5,104.75,0.897,Body
det,265.0974,1300.62,801.5,11.75,15.0,0.79,Head
cover,265.1367,2,1,1,1
err,265.1367,25.0,14.52
timing,265.1367,8.8,28.0
gate,265.1367,166.8,1.0,0.18,0.0
det,265.1367,1297.38,803.25,15.25,20.5,0.863,Head
det,265.1367,1273.5,802.88,64.0,143.25,0.849,Body
cover,265.1783,2,1,1,1
err,265.1784,18.5,16.69
timing,265.1784,10.6,28.5
gate,265.1784,166.8,1.0,0.18,0.0
det,265.1784,1261.5,802.5,75.0,171.0,0.822,Body
det,265.1784,1288.88,803.62,19.25,23.75,0.812,Head
cover,265.2167,1,0,1,0
nearest,265.2167,-1
cover,265.2548,2,1,1,1
err,265.2548,-14.5,4.38
timing,265.2548,10.9,26.0
gate,265.2548,166.8,1.0,0.18,0.0
det,265.2548,1228.75,790.38,73.5,170.25,0.803,Body
det,265.2548,1254.88,789.25,21.25,27.5,0.771,Head
cover,265.2932,2,1,1,1
err,265.2932,-17.5,1.66
timing,265.2932,8.8,27.1
gate,265.2932,166.8,1.0,0.18,0.0
det,265.2932,1226.38,797.25,73.25,160.0,0.722,Body
det,265.2932,1253.88,788.88,17.25,23.25,0.579,Head
cover,265.3332,2,1,1,1
err,265.3332,-13.5,31.69
timing,265.3332,11.1,26.6
gate,265.3332,166.8,1.0,0.18,0.0
det,265.3332,1255.88,818.62,21.25,23.75,0.816,Head
det,265.3332,1228.88,818.0,73.25,175.0,0.801,Body
cover,265.379,2,1,1,1
err,265.3791,-11.0,23.64
timing,265.3791,15.0,28.4
gate,265.3791,166.8,1.0,0.18,0.0
det,265.3791,1232.38,810.38,73.25,168.25,0.857,Body
det,265.3791,1260.25,811.12,17.5,22.75,0.729,Head
cover,265.4218,2,1,1,1
err,265.4219,-4.5,14.74
timing,265.4219,13.1,27.5
gate,265.4219,166.8,1.0,0.18,0.0
det,265.4219,1237.62,798.75,75.75,174.5,0.822,Body
det,265.4219,1266.5,801.12,18.0,24.75,0.795,Head
cover,265.4548,2,1,1,1
err,265.4548,-2.5,6.21
timing,265.4548,6.1,24.6
gate,265.4548,166.8,1.0,0.18,0.0
det,265.4548,1241.38,793.88,74.25,173.25,0.857,Body
det,265.4548,1268.62,792.88,17.75,24.25,0.784,Head
cover,265.4945,2,1,1,1
err,265.4946,-2.0,0.16
timing,265.4946,9.9,27.1
gate,265.4946,166.8,1.0,0.18,0.0
det,265.4946,1244.12,785.5,72.75,171.0,0.834,Body
det,265.4946,1268.25,787.38,19.5,23.25,0.765,Head
cover,265.5424,2,1,1,1
err,265.5425,-1.5,-1.64
timing,265.5425,19.6,25.9
gate,265.5425,166.8,1.0,0.18,0.0
det,265.5425,1242.75,781.88,74.0,173.25,0.799,Body
det,265.5425,1268.88,783.38,19.25,27.25,0.523,Head
cover,265.5759,2,1,1,1
err,265.5759,-1.5,-4.42
timing,265.5759,6.2,24.9
gate,265.5759,166.8,1.0,0.18,0.0
det,265.5759,1243.5,781.62,73.0,172.75,0.829,Body
det,265.5759,1269.38,783.75,18.25,21.5,0.562,Head
cover,265.6141,2,1,1,1
err,265.6142,-1.5,34.16
timing,265.6142,7.2,28.9
gate,265.6141,166.8,1.0,0.18,0.0
det,265.6142,1243.12,819.38,73.75,172.25,0.78,Body
det,265.6142,1269.38,821.38,18.25,23.25,0.763,Head
cover,265.6601,0,0,0,0
nearest,265.6601,-1
cover,265.6956,0,0,0,0
nearest,265.6956,-1
cover,265.7342,0,0,0,0
nearest,265.7342,-1
cover,265.7725,0,0,0,0
nearest,265.7725,-1
cover,265.8139,0,0,0,0
nearest,265.8139,-1
cover,265.8505,0,0,0,0
nearest,265.8505,-1
cover,265.8912,0,0,0,0
nearest,265.8912,-1
cover,265.9294,0,0,0,0
nearest,265.9294,-1
cover,265.9685,0,0,0,0
nearest,265.9685,-1
cover,266.003,0,0,0,0
nearest,266.003,-1
cover,266.0408,1,0,1,0
nearest,266.0409,-1
cover,266.0863,0,0,0,0
nearest,266.0863,-1
cover,266.1245,1,0,1,0
nearest,266.1246,-1
cover,266.1676,0,0,0,0
nearest,266.1676,-1
cover,266.2042,0,0,0,0
nearest,266.2042,-1
cover,266.2422,1,0,1,0
nearest,266.2422,-1
cover,266.287,0,0,0,0
nearest,266.287,-1
cover,266.3275,0,0,0,0
nearest,266.3275,-1
cover,266.3671,0,0,0,0
nearest,266.3671,-1
cover,266.4128,0,0,0,0
nearest,266.4128,-1
cover,266.4546,0,0,0,0
nearest,266.4546,-1
cover,266.491,0,0,0,0
nearest,266.4911,-1
cover,266.5361,0,0,0,0
nearest,266.5361,-1
cover,266.5781,0,0,0,0
nearest,266.5781,-1
cover,266.6182,0,0,0,0
nearest,266.6182,-1
cover,266.6595,0,0,0,0
nearest,266.6595,-1
cover,266.6969,0,0,0,0
nearest,266.6969,-1
cover,266.7425,0,0,0,0
nearest,266.7425,-1
cover,266.7805,0,0,0,0
nearest,266.7805,-1
cover,266.8175,1,0,1,0
nearest,266.8175,-1
cover,266.867,1,0,1,0
nearest,266.867,-1
cover,266.9108,1,0,1,0
nearest,266.9108,-1
cover,266.9525,1,0,1,0
nearest,266.9525,-1
cover,266.9952,0,0,0,0
nearest,266.9952,-1
cover,267.0384,1,0,1,0
nearest,267.0385,-1
cover,267.0815,1,0,1,0
nearest,267.0816,-1
cover,267.1285,1,0,1,0
nearest,267.1285,-1
cover,267.1793,1,0,1,0
nearest,267.1794,-1
cover,267.2288,1,0,1,0
nearest,267.2289,-1
cover,267.2695,0,0,0,0
nearest,267.2695,-1
cover,267.3149,2,1,1,1
err,267.315,-132.75,9.66
timing,267.315,15.4,28.5
gate,267.315,166.8,1.0,0.18,0.0
det,267.315,1133.81,791.38,26.88,33.25,0.831,Head
det,267.315,1075.22,781.0,123.81,285.0,0.827,Body
cover,267.3564,2,1,1,1
err,267.3564,6.0,19.25
timing,267.3564,12.5,26.5
gate,267.3564,166.8,1.0,0.18,0.0
det,267.3564,1213.44,812.5,120.12,248.5,0.796,Body
det,267.3564,1272.5,800.0,27.0,35.0,0.741,Head
cover,267.3946,1,0,1,0
nearest,267.3946,-1
cover,267.4382,2,1,1,1
err,267.4382,35.5,-5.84
timing,267.4382,13.0,29.1
gate,267.4382,166.8,1.0,0.18,0.0
det,267.4382,1302.38,775.88,26.25,33.25,0.865,Head
det,267.4382,1247.12,774.88,118.75,268.25,0.757,Body
cover,267.4786,2,1,1,1
err,267.4786,52.75,-17.4
timing,267.4786,8.7,29.2
gate,267.4786,166.8,1.0,0.18,0.0
det,267.4786,1261.25,774.0,121.0,249.5,0.794,Body
det,267.4786,1319.5,765.0,26.5,32.0,0.752,Head
cover,267.5208,2,1,1,1
err,267.5209,54.0,-18.36
timing,267.5209,9.7,29.7
gate,267.5208,166.8,1.0,0.18,0.0
det,267.5209,1320.38,763.62,27.25,32.75,0.804,Head
det,267.5209,1262.5,775.0,123.0,246.5,0.799,Body
cover,267.5635,2,1,1,1
err,267.5635,54.0,-18.35
timing,267.5635,11.4,28.7
gate,267.5635,166.8,1.0,0.18,0.0
det,267.5635,1262.25,774.62,123.5,246.75,0.799,Body
det,267.5635,1320.38,763.5,27.25,33.0,0.796,Head
cover,267.6034,2,1,1,1
err,267.6035,54.0,-1.84
timing,267.6035,7.8,29.3
gate,267.6035,166.8,1.0,0.18,0.0
det,267.6035,1320.62,779.88,26.75,33.25,0.758,Head
det,267.6035,1260.5,796.38,118.5,242.25,0.529,Body
cover,267.6471,2,1,1,1
err,267.6472,52.25,-4.65
timing,267.6472,15.0,26.1
gate,267.6472,166.8,1.0,0.18,0.0
det,267.6472,1318.75,777.75,27.0,32.0,0.828,Head
det,267.6472,1264.0,777.5,119.5,269.0,0.795,Body
cover,267.685,2,1,1,1
err,267.6851,31.25,-2.88
timing,267.6851,9.1,26.3
gate,267.6851,166.8,1.0,0.18,0.0
det,267.6851,1297.75,779.25,27.0,32.5,0.836,Head
det,267.6851,1238.38,781.0,124.25,258.0,0.795,Body
cover,267.722,2,1,1,1
err,267.7221,19.5,-1.12
timing,267.7221,8.3,26.2
gate,267.7221,166.8,1.0,0.18,0.0
det,267.7221,1227.38,788.5,121.25,252.0,0.796,Body
det,267.7221,1286.25,781.0,26.5,32.5,0.782,Head
cover,267.7673,1,0,1,0
nearest,267.7673,-1
cover,267.8103,1,0,1,0
nearest,267.8103,-1
cover,267.8455,1,0,1,0
nearest,267.8455,-1
cover,267.8883,2,1,1,1
err,267.8883,-6.25,21.16
timing,267.8883,12.7,29.4
gate,267.8883,166.8,1.0,0.18,0.0
det,267.8883,1199.94,809.88,127.12,256.25,0.779,Body
det,267.8883,1260.5,802.88,26.5,33.25,0.764,Head
cover,267.935,0,0,0,0
nearest,267.9351,-1
cover,267.9803,0,0,0,0
nearest,267.9803,-1
cover,268.0201,0,0,0,0
nearest,268.0201,-1
cover,268.0524,0,0,0,0
nearest,268.0524,-1
cover,268.087,0,0,0,0
nearest,268.087,-1
cover,268.1206,0,0,0,0
nearest,268.1207,-1
cover,268.1585,0,0,0,0
nearest,268.1586,-1
cover,268.195,2,0,2,0
nearest,268.195,-1
cover,268.2352,0,0,0,0
nearest,268.2353,-1
cover,268.2728,0,0,0,0
nearest,268.2728,-1
cover,268.3069,0,0,0,0
nearest,268.3069,-1
cover,268.3401,0,0,0,0
nearest,268.3401,-1
cover,268.3807,0,0,0,0
nearest,268.3807,-1
cover,268.4215,0,0,0,0
nearest,268.4216,-1
cover,268.4646,0,0,0,0
nearest,268.4646,-1
cover,268.5076,0,0,0,0
nearest,268.5076,-1
cover,268.5429,0,0,0,0
nearest,268.5429,-1
cover,268.5779,1,0,1,0
nearest,268.5779,-1
cover,268.6154,1,0,1,0
nearest,268.6154,-1
cover,268.6526,1,0,1,0
nearest,268.6527,-1
cover,268.6896,0,0,0,0
nearest,268.6896,-1
cover,268.729,0,0,0,0
nearest,268.729,-1
cover,268.766,0,0,0,0
nearest,268.7661,-1
cover,268.8091,1,0,1,0
nearest,268.8092,-1
cover,268.8499,1,0,1,0
nearest,268.8499,-1
cover,268.889,0,0,0,0
nearest,268.8891,-1
cover,268.9304,0,0,0,0
nearest,268.9304,-1
cover,268.9714,0,0,0,0
nearest,268.9714,-1
cover,269.0179,0,0,0,0
nearest,269.018,-1
cover,269.0635,1,0,1,0
nearest,269.0636,-1
cover,269.1072,0,0,0,0
nearest,269.1072,-1
cover,269.1613,1,0,1,0
nearest,269.1614,-1
cover,269.2042,0,0,0,0
nearest,269.2042,-1
cover,269.2444,0,0,0,0
nearest,269.2445,-1
cover,269.2823,0,0,0,0
nearest,269.2823,-1
cover,269.3242,0,0,0,0
nearest,269.3242,-1
cover,269.3675,0,0,0,0
nearest,269.3675,-1
cover,269.409,0,0,0,0
nearest,269.409,-1
cover,269.4452,0,0,0,0
nearest,269.4452,-1
cover,269.4792,0,0,0,0
nearest,269.4792,-1
cover,269.518,0,0,0,0
nearest,269.518,-1
cover,269.5599,0,0,0,0
nearest,269.5599,-1
cover,269.6041,1,0,1,0
nearest,269.6041,-1
cover,269.6523,2,1,1,1
err,269.6523,301.5,-34.59
timing,269.6523,13.5,33.2
gate,269.6523,166.8,1.0,0.18,0.0
det,269.6523,1549.75,746.0,50.5,170.5,0.729,Body
det,269.6523,1566.0,744.38,31.0,38.25,0.617,Head
cover,269.6946,2,1,1,1
err,269.6947,22.5,-5.26
timing,269.6947,10.8,28.5
gate,269.6947,166.8,1.0,0.18,0.0
det,269.6947,1257.5,785.0,100.0,284.0,0.82,Body
det,269.6947,1287.88,775.62,29.25,34.75,0.758,Head
cover,269.74,2,1,1,1
err,269.7401,-84.75,12.08
timing,269.7401,13.3,29.3
gate,269.7401,166.8,1.0,0.18,0.0
det,269.7401,1150.0,794.5,102.0,297.0,0.841,Body
det,269.7401,1180.81,792.0,28.88,36.5,0.77,Head
cover,269.7828,2,1,1,1
err,269.7828,-122.0,20.77
timing,269.7828,14.0,26.0
gate,269.7828,166.8,1.0,0.18,0.0
det,269.7828,1111.5,804.12,103.0,278.75,0.818,Body
det,269.7828,1143.19,798.5,29.62,40.5,0.564,Head
cover,269.8211,2,1,1,1
err,269.8211,-103.62,21.12
timing,269.8211,8.2,27.7
gate,269.8211,166.8,1.0,0.18,0.0
det,269.8211,1162.0,800.5,28.75,37.5,0.876,Head
det,269.8211,1131.5,804.12,101.5,286.75,0.812,Body
cover,269.8629,2,1,1,1
err,269.8629,-37.25,28.62
timing,269.8629,12.4,26.6
gate,269.8629,166.8,1.0,0.18,0.0
det,269.8629,1198.62,813.12,98.75,298.75,0.811,Body
det,269.8629,1228.25,808.0,29.0,37.5,0.694,Head
cover,269.9089,2,1,1,1
err,269.9089,-17.5,27.84
timing,269.9089,16.6,27.1
gate,269.9089,166.8,1.0,0.18,0.0
det,269.9089,1218.75,816.5,100.0,293.0,0.83,Body
det,269.9089,1248.25,807.62,28.5,36.75,0.71,Head
cover,269.946,2,1,1,1
err,269.9461,-17.5,27.83
timing,269.9461,6.4,28.4
gate,269.9461,166.8,1.0,0.18,0.0
det,269.9461,1218.38,815.5,100.25,294.0,0.829,Body
det,269.9461,1248.25,807.75,28.5,36.5,0.705,Head
cover,269.9886,2,1,1,1
err,269.9887,-17.5,27.84
timing,269.9887,8.7,31.8
gate,269.9887,166.8,1.0,0.18,0.0
det,269.9887,1218.75,813.5,100.0,297.0,0.827,Body
det,269.9887,1248.25,807.62,28.5,36.75,0.68,Head
cover,270.029,1,0,1,0
nearest,270.029,-1
cover,270.0715,2,1,1,1
err,270.0715,-17.5,40.15
timing,270.0715,15.0,26.1
gate,270.0715,166.8,1.0,0.18,0.0
det,270.0715,1218.62,818.12,99.75,292.75,0.802,Body
det,270.0715,1248.38,819.25,28.25,38.0,0.751,Head
cover,270.1117,1,0,1,0
nearest,270.1117,-1
cover,270.1536,2,1,1,1
err,270.1536,-16.5,27.81
timing,270.1536,12.6,27.9
gate,270.1536,166.8,1.0,0.18,0.0
det,270.1536,1219.75,823.12,98.5,283.75,0.812,Body
det,270.1536,1248.88,807.88,29.25,36.25,0.517,Head
cover,270.2042,2,1,1,1
err,270.2044,-15.25,20.51
timing,270.2044,14.2,34.1
gate,270.2044,166.8,1.0,0.18,0.0
det,270.2044,1218.38,801.0,102.25,289.0,0.799,Body
det,270.2044,1250.25,798.38,29.0,40.25,0.788,Head
cover,270.2471,2,1,1,1
err,270.2472,-12.5,16.88
timing,270.2472,10.6,29.2
gate,270.2472,166.8,1.0,0.18,0.0
det,270.2472,1223.88,807.5,99.25,288.0,0.776,Body
det,270.2472,1252.62,796.25,29.75,37.5,0.41,Head
cover,270.2962,1,0,1,0
nearest,270.2962,-1
cover,270.3406,1,0,1,0
nearest,270.3406,-1
cover,270.3789,0,0,0,0
nearest,270.3789,-1
cover,270.4223,3,0,3,0
nearest,270.4223,-1
cover,270.4587,1,0,1,0
nearest,270.4587,-1
cover,270.498,0,0,0,0
nearest,270.498,-1
cover,270.5375,0,0,0,0
nearest,270.5375,-1
cover,270.5809,2,1,1,1
err,270.5809,-172.75,75.34
timing,270.5809,12.5,30.1
gate,270.5809,166.8,1.0,0.18,0.0
det,270.5809,1021.69,862.5,181.62,286.0,0.668,Body
det,270.5809,1085.56,844.12,43.38,56.75,0.406,Head
cover,270.6168,1,0,1,0
nearest,270.6168,-1
cover,270.6558,2,1,1,1
err,270.6558,-255.25,36.04
timing,270.6558,8.8,28.9
gate,270.6558,166.8,1.0,0.18,0.0
det,270.6558,954.5,815.0,169.5,339.0,0.564,Body
det,270.6558,1001.89,802.62,45.72,60.75,0.499,Head
cover,270.6938,1,0,1,0
nearest,270.6938,-1
cover,270.7392,1,0,1,0
nearest,270.7392,-1
cover,270.7791,2,1,1,1
err,270.7792,-255.75,36.05
timing,270.7792,12.5,26.7
gate,270.7792,166.8,1.0,0.18,0.0
det,270.7792,955.0,815.0,167.75,339.0,0.535,Body
det,270.7792,1001.09,802.5,46.31,61.0,0.428,Head
cover,270.8228,2,1,1,1
err,270.8228,-255.94,36.06
timing,270.8228,16.0,25.2
gate,270.8228,166.8,1.0,0.18,0.0
det,270.8228,954.75,813.0,168.0,341.5,0.513,Body
det,270.8228,1000.94,802.38,46.25,61.25,0.493,Head
cover,270.8659,2,1,1,1
err,270.866,-255.94,36.3
timing,270.866,9.7,30.4
gate,270.866,166.8,1.0,0.18,0.0
det,270.866,1000.83,802.75,46.47,61.0,0.502,Head
det,270.866,955.0,814.0,167.75,339.0,0.474,Body
cover,270.9132,1,0,1,0
nearest,270.9133,-1
cover,270.9568,1,0,1,0
nearest,270.9568,-1
cover,270.9999,2,1,1,1
err,271.0,-65.12,11.38
timing,271.0,11.4,30.7
gate,271.0,166.8,1.0,0.18,0.0
det,271.0,1136.0,790.12,164.5,346.75,0.63,Body
det,271.0,1192.5,777.0,44.75,62.5,0.413,Head
cover,271.0478,1,0,1,0
nearest,271.0478,-1
cover,271.0885,1,0,1,0
nearest,271.0886,-1
cover,271.1249,1,0,1,0
nearest,271.125,-1
cover,271.1603,1,0,1,0
nearest,271.1603,-1
cover,271.195,1,0,1,0
nearest,271.195,-1
cover,271.2297,1,0,1,0
nearest,271.2297,-1
cover,271.2651,1,0,1,0
nearest,271.2651,-1
cover,271.3002,1,0,1,0
nearest,271.3003,-1
cover,271.3424,1,0,1,0
nearest,271.3425,-1
cover,271.382,1,0,1,0
nearest,271.382,-1
cover,271.4171,1,0,1,0
nearest,271.4171,-1
cover,271.4604,1,0,1,0
nearest,271.4605,-1
cover,271.5072,0,0,0,0
nearest,271.5073,-1
cover,271.556,0,0,0,0
nearest,271.556,-1
cover,271.6053,0,0,0,0
nearest,271.6053,-1
cover,271.6474,0,0,0,0
nearest,271.6474,-1
cover,271.6901,0,0,0,0
nearest,271.6901,-1
cover,271.7314,0,0,0,0
nearest,271.7314,-1
cover,271.7773,0,0,0,0
nearest,271.7774,-1
cover,271.8144,0,0,0,0
nearest,271.8144,-1
cover,271.8598,0,0,0,0
nearest,271.8599,-1
cover,271.8962,0,0,0,0
nearest,271.8962,-1
cover,271.9396,0,0,0,0
nearest,271.9396,-1
cover,271.9796,0,0,0,0
nearest,271.9796,-1
cover,272.0159,0,0,0,0
nearest,272.016,-1
cover,272.0571,0,0,0,0
nearest,272.0571,-1
cover,272.0952,0,0,0,0
nearest,272.0952,-1
cover,272.1349,0,0,0,0
nearest,272.1349,-1
cover,272.1727,0,0,0,0
nearest,272.1727,-1
cover,272.2122,2,1,1,1
err,272.2122,161.75,-5.69
timing,272.2122,14.1,24.6
gate,272.2122,166.8,1.0,0.18,0.0
det,272.2122,1412.12,784.5,55.75,120.0,0.899,Body
det,272.2122,1434.75,785.38,14.0,16.25,0.842,Head
cover,272.2544,3,1,2,1
err,272.2544,56.25,7.77
timing,272.2544,11.2,28.5
gate,272.2544,166.8,1.0,0.18,0.0
det,272.2544,1307.62,797.62,55.75,120.75,0.914,Body
det,272.2544,1329.5,799.25,13.5,15.5,0.787,Head
det,272.2544,1515.75,852.25,8.5,20.5,0.533,Body
cover,272.293,2,1,1,1
err,272.293,51.5,10.33
timing,272.293,10.3,25.9
gate,272.293,166.8,1.0,0.18,0.0
det,272.293,1302.12,800.25,55.75,119.0,0.891,Body
det,272.293,1324.5,801.25,14.0,16.5,0.82,Head
cover,272.3354,2,1,1,1
err,272.3354,93.75,11.26
timing,272.3354,11.6,28.0
gate,272.3354,166.8,1.0,0.18,0.0
det,272.3354,1344.88,802.5,56.25,119.5,0.913,Body
det,272.3354,1367.0,802.88,13.5,15.25,0.849,Head
cover,272.3783,2,1,1,1
err,272.3783,97.0,12.79
timing,272.3783,12.5,27.9
gate,272.3783,166.8,1.0,0.18,0.0
det,272.3783,1348.12,803.12,55.75,120.75,0.904,Body
det,272.3783,1370.75,804.12,12.5,15.75,0.86,Head
cover,272.4205,2,1,1,1
err,272.4206,67.75,20.58
timing,272.4206,11.5,27.9
gate,272.4206,166.8,1.0,0.18,0.0
det,272.4206,1317.38,811.38,58.25,118.25,0.909,Body
det,272.4206,1341.25,811.5,13.0,16.5,0.855,Head
cover,272.4572,2,1,1,1
err,272.4574,64.5,22.8
timing,272.4574,9.6,24.7
gate,272.4574,166.8,1.0,0.18,0.0
det,272.4574,1315.25,813.38,56.5,119.25,0.917,Body
det,272.4574,1337.38,814.0,14.25,16.0,0.843,Head
cover,272.5004,2,1,1,1
err,272.5005,65.5,22.27
timing,272.5005,12.8,27.2
gate,272.5004,166.8,1.0,0.18,0.0
det,272.5005,1317.5,813.0,55.5,119.5,0.907,Body
det,272.5005,1338.88,813.75,13.25,15.5,0.888,Head
cover,272.5355,2,1,1,1
err,272.5355,65.5,22.26
timing,272.5355,6.7,25.7
gate,272.5355,166.8,1.0,0.18,0.0
det,272.5355,1317.5,813.0,55.5,119.5,0.906,Body
det,272.5355,1338.88,813.88,13.25,15.25,0.887,Head
cover,272.5749,2,1,1,1
err,272.5749,53.5,19.26
timing,272.5749,8.8,28.9
gate,272.5749,166.8,1.0,0.18,0.0
det,272.5749,1327.12,810.88,12.75,15.25,0.887,Head
det,272.5749,1305.75,811.0,53.0,117.0,0.857,Body
cover,272.6132,2,1,1,1
err,272.6132,30.5,17.83
timing,272.6132,10.8,24.9
gate,272.6132,166.8,1.0,0.18,0.0
det,272.6132,1282.38,808.75,54.25,118.5,0.9,Body
det,272.6132,1303.62,808.75,13.75,16.5,0.852,Head
cover,272.6543,2,1,1,1
err,272.6543,8.0,15.29
timing,272.6543,14.2,24.6
gate,272.6543,166.8,1.0,0.18,0.0
det,272.6543,1260.12,805.5,54.75,121.0,0.892,Body
det,272.6543,1281.5,806.62,13.0,15.75,0.788,Head
cover,272.693,2,1,1,1
err,272.693,7.5,15.79
timing,272.693,9.3,27.0
gate,272.693,166.8,1.0,0.18,0.0
det,272.693,1259.0,805.75,55.0,120.5,0.884,Body
det,272.693,1281.0,807.12,13.0,15.75,0.749,Head
cover,272.7353,2,1,1,1
err,272.7353,8.0,11.8
timing,272.7353,10.6,29.3
gate,272.7353,166.8,1.0,0.18,0.0
det,272.7353,1261.5,801.88,55.0,120.25,0.907,Body
det,272.7353,1281.38,803.0,13.25,16.0,0.74,Head
cover,272.7745,3,1,2,1
err,272.7746,9.0,27.8
timing,272.7746,10.3,26.5
gate,272.7746,166.8,1.0,0.18,0.0
det,272.7746,1261.5,818.25,54.0,120.0,0.903,Body
det,272.7746,1282.38,819.0,13.25,16.0,0.776,Head
det,272.7746,1505.0,886.0,9.0,21.0,0.515,Body
cover,272.8142,2,1,1,1
err,272.8142,3.0,17.45
timing,272.8142,8.7,28.3
gate,272.8142,166.8,1.0,0.18,0.0
det,272.8142,1262.5,806.62,56.0,123.75,0.905,Body
det,272.8142,1275.62,807.0,14.75,19.0,0.577,Head
cover,272.8535,2,1,1,1
err,272.8536,11.5,12.5
timing,272.8536,10.6,26.3
gate,272.8536,166.8,1.0,0.18,0.0
det,272.8536,1262.12,802.62,56.75,119.75,0.909,Body
det,272.8536,1285.38,804.25,12.25,15.0,0.659,Head
cover,272.8867,2,1,1,1
err,272.8867,12.0,10.1
timing,272.8867,7.1,23.6
gate,272.8867,166.8,1.0,0.18,0.0
det,272.8867,1262.38,800.12,57.25,119.75,0.926,Body
det,272.8867,1285.0,800.75,14.0,17.0,0.719,Head
cover,272.9223,2,1,1,1
err,272.9223,11.75,5.79
timing,272.9223,8.9,24.5
gate,272.9223,166.8,1.0,0.18,0.0
det,272.9223,1262.0,796.25,58.0,119.5,0.932,Body
det,272.9223,1284.25,797.12,15.0,15.75,0.779,Head
cover,272.964,2,1,1,1
err,272.9641,11.5,4.29
timing,272.9641,7.4,31.7
gate,272.9641,166.8,1.0,0.18,0.0
det,272.9641,1261.5,794.75,58.0,119.5,0.926,Body
det,272.9641,1284.5,795.62,14.0,15.75,0.795,Head
cover,273.0061,2,1,1,1
err,273.0062,10.0,3.05
timing,273.0062,12.4,26.9
gate,273.0062,166.8,1.0,0.18,0.0
det,273.0062,1260.25,793.62,57.0,119.75,0.909,Body
det,273.0062,1282.38,794.25,15.25,16.0,0.797,Head
cover,273.0456,2,1,1,1
err,273.0457,9.25,0.5
timing,273.0457,8.7,28.3
gate,273.0457,166.8,1.0,0.18,0.0
det,273.0457,1260.62,791.12,56.75,119.75,0.894,Body
det,273.0457,1282.25,792.25,14.0,15.0,0.788,Head
cover,273.0848,2,1,1,1
err,273.0848,4.0,-5.5
timing,273.0848,9.3,27.5
gate,273.0848,166.8,1.0,0.18,0.0
det,273.0848,1255.5,784.88,54.0,120.25,0.865,Body
det,273.0848,1277.5,786.25,13.0,15.0,0.72,Head
cover,273.1285,2,1,1,1
err,273.1286,0.5,-5.74
timing,273.1286,14.4,26.8
gate,273.1286,166.8,1.0,0.18,0.0
det,273.1286,1252.62,785.62,55.75,119.75,0.859,Body
det,273.1286,1274.38,785.88,12.25,15.25,0.561,Head
cover,273.1763,2,1,1,1
err,273.1763,4.5,13.24
timing,273.1763,20.0,25.4
gate,273.1763,166.8,1.0,0.18,0.0
det,273.1763,1255.12,804.25,55.75,117.5,0.887,Body
det,273.1763,1278.38,805.12,12.25,14.75,0.812,Head
cover,273.2135,1,0,1,0
nearest,273.2136,-1
cover,273.2561,1,0,1,0
nearest,273.2561,-1
cover,273.2949,0,0,0,0
nearest,273.2949,-1
cover,273.3362,1,0,1,0
nearest,273.3362,-1
cover,273.3749,0,0,0,0
nearest,273.3749,-1
cover,273.4097,1,0,1,0
nearest,273.4098,-1
cover,273.4479,1,0,1,0
nearest,273.448,-1
cover,273.4868,0,0,0,0
nearest,273.4868,-1
cover,273.5256,0,0,0,0
nearest,273.5256,-1
cover,273.5654,0,0,0,0
nearest,273.5654,-1
cover,273.6066,1,0,1,0
nearest,273.6066,-1
cover,273.6436,0,0,0,0
nearest,273.6436,-1
cover,273.6834,1,0,1,0
nearest,273.6835,-1
cover,273.7219,0,0,0,0
nearest,273.7219,-1
cover,273.7577,0,0,0,0
nearest,273.7577,-1
cover,273.7931,0,0,0,0
nearest,273.7931,-1
cover,273.8308,0,0,0,0
nearest,273.8309,-1
cover,273.8745,0,0,0,0
nearest,273.8745,-1
cover,273.9101,0,0,0,0
nearest,273.9101,-1
cover,273.9544,0,0,0,0
nearest,273.9544,-1
cover,274.0055,2,0,2,0
nearest,274.0056,-1
cover,274.0428,0,0,0,0
nearest,274.0429,-1
cover,274.0827,0,0,0,0
nearest,274.0827,-1
cover,274.1277,0,0,0,0
nearest,274.1277,-1
cover,274.1676,1,0,1,0
nearest,274.1676,-1
cover,274.2049,1,0,1,0
nearest,274.2049,-1
cover,274.2422,0,0,0,0
nearest,274.2422,-1
cover,274.2827,1,0,1,0
nearest,274.2828,-1
cover,274.3273,0,0,0,0
nearest,274.3273,-1
cover,274.3698,1,0,1,0
nearest,274.3698,-1
cover,274.4117,0,0,0,0
nearest,274.4117,-1
cover,274.4509,0,0,0,0
nearest,274.451,-1
cover,274.4917,1,0,1,0
nearest,274.4917,-1
cover,274.5279,1,0,1,0
nearest,274.528,-1
cover,274.5665,1,0,1,0
nearest,274.5665,-1
cover,274.6036,1,0,1,0
nearest,274.6036,-1
cover,274.6456,1,0,1,0
nearest,274.6457,-1
cover,274.682,0,0,0,0
nearest,274.682,-1
cover,274.722,0,0,0,0
nearest,274.7221,-1
cover,274.7575,2,0,2,0
nearest,274.7575,-1
cover,274.7966,1,0,1,0
nearest,274.7966,-1
cover,274.8393,0,0,0,0
nearest,274.8393,-1
cover,274.8828,2,0,2,0
nearest,274.8828,-1
cover,274.9229,0,0,0,0
nearest,274.9229,-1
cover,274.9641,1,0,1,0
nearest,274.9641,-1
cover,275.007,1,0,1,0
nearest,275.0071,-1
cover,275.0507,1,0,1,0
nearest,275.0507,-1
cover,275.0929,0,0,0,0
nearest,275.0929,-1
cover,275.1404,1,0,1,0
nearest,275.1405,-1
cover,275.1832,0,0,0,0
nearest,275.1832,-1
cover,275.2273,0,0,0,0
nearest,275.2273,-1
cover,275.2745,0,0,0,0
nearest,275.2746,-1
cover,275.3182,1,0,1,0
nearest,275.3182,-1
cover,275.3588,0,0,0,0
nearest,275.3589,-1
cover,275.4045,1,0,1,0
nearest,275.4045,-1
cover,275.4429,0,0,0,0
nearest,275.443,-1
cover,275.4839,0,0,0,0
nearest,275.4839,-1
cover,275.5266,0,0,0,0
nearest,275.5266,-1
cover,275.566,0,0,0,0
nearest,275.566,-1
cover,275.6055,0,0,0,0
nearest,275.6055,-1
cover,275.6506,0,0,0,0
nearest,275.6506,-1
cover,275.6903,0,0,0,0
nearest,275.6904,-1
cover,275.7349,0,0,0,0
nearest,275.7349,-1
cover,275.7745,0,0,0,0
nearest,275.7745,-1
cover,275.8112,2,1,1,1
err,275.8112,230.0,-39.88
timing,275.8112,8.1,27.9
gate,275.8112,166.8,1.0,0.18,0.0
det,275.8112,1473.75,749.38,64.5,135.25,0.894,Body
det,275.8112,1502.5,750.5,15.0,17.5,0.804,Head
cover,275.8575,2,1,1,1
err,275.8576,-155.75,-25.19
timing,275.8576,16.3,27.3
gate,275.8576,166.8,1.0,0.18,0.0
det,275.8576,1089.06,764.0,65.38,134.0,0.895,Body
det,275.8576,1117.44,765.88,13.62,16.25,0.818,Head
cover,275.9011,2,1,1,1
err,275.9012,-215.31,-21.64
timing,275.9012,13.0,28.2
gate,275.9012,166.8,1.0,0.18,0.0
det,275.9012,1029.72,767.62,61.56,133.75,0.905,Body
det,275.9012,1057.0,768.88,15.38,17.25,0.815,Head
cover,275.9489,2,1,1,1
err,275.949,-185.25,-24.16
timing,275.949,15.1,29.8
gate,275.949,166.8,1.0,0.18,0.0
det,275.949,1059.84,764.88,65.81,135.25,0.913,Body
det,275.949,1087.09,766.62,15.31,16.75,0.799,Head
cover,275.9923,2,1,1,1
err,275.9924,-185.25,-24.17
timing,275.9924,9.4,30.9
gate,275.9924,166.8,1.0,0.18,0.0
det,275.9924,1059.75,765.0,65.75,135.5,0.914,Body
det,275.9924,1087.09,766.75,15.31,16.5,0.792,Head
cover,276.035,2,1,1,1
err,276.035,-185.38,-24.16
timing,276.035,13.2,26.9
gate,276.035,166.8,1.0,0.18,0.0
det,276.035,1059.81,765.0,65.88,135.5,0.914,Body
det,276.035,1086.91,766.62,15.44,16.75,0.794,Head
cover,276.0742,2,1,1,1
err,276.0742,-185.38,-23.9
timing,276.0742,10.8,26.3
gate,276.0742,166.8,1.0,0.18,0.0
det,276.0742,1059.78,764.88,65.94,135.25,0.913,Body
det,276.0742,1086.91,766.75,15.44,17.0,0.802,Head
cover,276.111,2,1,1,1
err,276.111,-185.25,-23.9
timing,276.111,9.3,25.2
gate,276.111,166.8,1.0,0.18,0.0
det,276.111,1059.81,765.0,65.88,135.5,0.912,Body
det,276.111,1087.06,766.75,15.38,17.0,0.805,Head
cover,276.1466,2,1,1,1
err,276.1466,-191.25,-8.9
timing,276.1466,6.8,25.9
gate,276.1466,166.8,1.0,0.18,0.0
det,276.1466,1052.88,781.5,65.5,134.0,0.897,Body
det,276.1466,1081.06,781.75,15.38,17.0,0.833,Head
cover,276.191,2,1,1,1
err,276.191,-198.25,1.39
timing,276.191,16.3,25.7
gate,276.191,166.8,1.0,0.18,0.0
det,276.191,1045.0,791.0,67.25,134.0,0.922,Body
det,276.191,1073.97,791.62,15.56,17.75,0.792,Head
cover,276.2391,2,1,1,1
err,276.2392,-162.12,-1.69
timing,276.2392,14.5,30.7
gate,276.2391,166.8,1.0,0.18,0.0
det,276.2392,1083.75,788.5,64.25,134.0,0.913,Body
det,276.2392,1110.0,789.38,15.75,16.25,0.816,Head
cover,276.2813,2,1,1,1
err,276.2813,-53.5,-0.64
timing,276.2813,8.1,31.1
gate,276.2813,166.8,1.0,0.18,0.0
det,276.2813,1192.0,788.62,62.0,132.75,0.913,Body
det,276.2813,1219.0,789.88,15.0,17.25,0.84,Head
cover,276.3212,2,1,1,1
err,276.3212,-13.75,5.41
timing,276.3212,9.3,27.8
gate,276.3212,166.8,1.0,0.18,0.0
det,276.3212,1230.88,795.62,62.25,129.75,0.902,Body
det,276.3212,1258.5,795.38,15.5,18.25,0.719,Head
cover,276.3626,2,1,1,1
err,276.3626,-0.5,9.94
timing,276.3626,12.9,25.9
gate,276.3626,166.8,1.0,0.18,0.0
det,276.3626,1244.12,798.75,64.75,132.5,0.891,Body
det,276.3626,1271.62,799.62,15.75,18.75,0.476,Head
cover,276.3989,2,1,1,1
err,276.3989,-1.0,10.17
timing,276.3989,7.8,26.0
gate,276.3989,166.8,1.0,0.18,0.0
det,276.3989,1244.5,798.75,64.5,132.5,0.891,Body
det,276.3989,1271.5,800.0,15.0,18.5,0.526,Head
cover,276.4434,2,1,1,1
err,276.4434,6.75,9.41
timing,276.4434,14.4,27.6
gate,276.4434,166.8,1.0,0.18,0.0
det,276.4434,1253.5,798.12,62.5,132.75,0.906,Body
det,276.4434,1279.0,799.38,15.5,18.25,0.696,Head
cover,276.488,2,1,1,1
err,276.488,27.0,9.44
timing,276.488,11.7,30.1
gate,276.488,166.8,1.0,0.18,0.0
det,276.488,1271.88,798.38,66.25,133.25,0.895,Body
det,276.488,1298.88,799.12,16.25,18.75,0.737,Head
cover,276.5328,2,1,1,1
err,276.5328,27.0,29.34
timing,276.5328,11.6,30.1
gate,276.5328,166.8,1.0,0.18,0.0
det,276.5328,1274.62,818.5,59.75,126.0,0.886,Body
det,276.5328,1299.88,820.12,14.25,16.75,0.778,Head
cover,276.5756,2,1,1,1
err,276.5756,27.5,23.58
timing,276.5756,12.4,27.3
gate,276.5756,166.8,1.0,0.18,0.0
det,276.5756,1271.75,813.12,65.0,132.75,0.906,Body
det,276.5756,1300.62,814.5,13.75,16.5,0.768,Head
cover,276.6168,2,1,1,1
err,276.6169,11.5,17.36
timing,276.6169,11.9,26.8
gate,276.6169,166.8,1.0,0.18,0.0
det,276.6169,1256.0,807.0,65.5,133.5,0.924,Body
det,276.6169,1283.75,807.88,15.5,17.25,0.762,Head
cover,276.6587,2,1,1,1
err,276.6588,0.5,13.41
timing,276.6588,10.1,29.2
gate,276.6588,166.8,1.0,0.18,0.0
det,276.6588,1246.75,802.88,62.0,132.25,0.902,Body
det,276.6588,1273.12,803.38,14.75,18.25,0.799,Head
cover,276.7008,2,1,1,1
err,276.7009,-1.5,8.41
timing,276.7009,13.8,25.4
gate,276.7009,166.8,1.0,0.18,0.0
det,276.7009,1246.0,798.88,61.5,130.25,0.901,Body
det,276.7009,1271.5,798.38,14.0,18.25,0.648,Head
cover,276.7429,2,1,1,1
err,276.743,-1.5,7.81
timing,276.743,8.1,31.0
gate,276.743,166.8,1.0,0.18,0.0
det,276.743,1245.88,798.5,61.25,130.5,0.909,Body
det,276.743,1271.38,798.88,14.25,16.25,0.584,Head
cover,276.7886,2,1,1,1
err,276.7886,0.5,24.39
timing,276.7886,11.9,30.2
gate,276.7886,166.8,1.0,0.18,0.0
det,276.7886,1245.88,814.12,62.25,127.75,0.91,Body
det,276.7886,1272.75,814.62,15.5,17.75,0.8,Head
cover,276.83,2,1,1,1
err,276.83,-1.0,15.67
timing,276.83,11.3,27.3
gate,276.83,166.8,1.0,0.18,0.0
det,276.83,1247.25,807.38,62.0,134.25,0.917,Body
det,276.83,1273.12,808.25,11.75,13.5,0.646,Head
cover,276.8817,2,1,1,1
err,276.8817,0.25,16.89
timing,276.8817,17.2,31.4
gate,276.8817,166.8,1.0,0.18,0.0
det,276.8817,1246.62,806.12,61.75,131.75,0.916,Body
det,276.8817,1273.0,807.12,14.5,17.75,0.696,Head
cover,276.9306,1,0,1,0
nearest,276.9306,-1
cover,276.9765,1,0,1,0
nearest,276.9765,-1
cover,277.0166,1,0,1,0
nearest,277.0166,-1
cover,277.0601,0,0,0,0
nearest,277.0601,-1
cover,277.1034,0,0,0,0
nearest,277.1034,-1
cover,277.1429,1,0,1,0
nearest,277.1429,-1
cover,277.1928,2,0,2,0
nearest,277.1928,-1
cover,277.2569,0,0,0,0
nearest,277.257,-1
cover,277.2999,1,0,1,0
nearest,277.2999,-1
cover,277.342,0,0,0,0
nearest,277.342,-1
cover,277.3884,0,0,0,0
nearest,277.3884,-1
cover,277.4338,2,0,2,0
nearest,277.4339,-1
cover,277.4798,1,0,1,0
nearest,277.4798,-1
cover,277.5176,1,0,1,0
nearest,277.5176,-1
cover,277.564,1,0,1,0
nearest,277.564,-1
cover,277.6007,1,0,1,0
nearest,277.6007,-1
cover,277.6399,1,0,1,0
nearest,277.6399,-1
cover,277.6803,0,0,0,0
nearest,277.6803,-1
cover,277.7216,1,0,1,0
nearest,277.7216,-1
cover,277.7635,0,0,0,0
nearest,277.7636,-1
cover,277.8036,0,0,0,0
nearest,277.8036,-1
cover,277.8457,1,0,1,0
nearest,277.8457,-1
cover,277.8843,1,1,0,1
err,277.8843,277.0,26.95
timing,277.8843,11.1,26.0
gate,277.8843,166.8,1.0,0.18,0.0
det,277.8843,1540.75,808.25,32.5,34.0,0.489,Head
cover,277.9269,2,1,1,1
err,277.927,277.0,25.05
timing,277.927,11.8,28.4
gate,277.927,166.8,1.0,0.18,0.0
det,277.927,1541.5,805.25,31.0,36.0,0.66,Head
det,277.927,1522.75,803.38,72.5,93.25,0.424,Body
cover,277.9736,2,1,1,1
err,277.9737,277.0,25.05
timing,277.9737,18.5,25.3
gate,277.9737,166.8,1.0,0.18,0.0
det,277.9737,1541.5,805.25,31.0,36.0,0.663,Head
det,277.9737,1521.5,803.0,74.0,92.5,0.465,Body
cover,278.0174,2,1,1,1
err,278.0174,277.0,25.31
timing,278.0174,13.8,28.0
gate,278.0174,166.8,1.0,0.18,0.0
det,278.0174,1541.25,805.38,31.5,36.25,0.65,Head
det,278.0174,1521.5,803.0,74.0,93.0,0.546,Body
cover,278.0568,2,1,1,1
err,278.0569,291.0,24.8
timing,278.0569,11.6,25.4
gate,278.0569,166.8,1.0,0.18,0.0
det,278.0569,1555.25,805.0,31.5,36.0,0.667,Head
det,278.0569,1541.75,803.88,58.5,165.25,0.407,Body
cover,278.0994,0,0,0,0
nearest,278.0994,-1
cover,278.1388,2,1,1,1
err,278.1388,177.0,54.6
timing,278.1388,12.5,25.4
gate,278.1388,166.8,1.0,0.18,0.0
det,278.1388,1411.62,832.0,83.75,254.0,0.794,Body
det,278.1388,1441.88,834.25,30.25,37.0,0.745,Head
cover,278.1761,2,1,1,1
err,278.1761,18.5,58.36
timing,278.1761,7.4,27.6
gate,278.1761,166.8,1.0,0.18,0.0
det,278.1761,1254.62,840.0,105.75,326.0,0.733,Body
det,278.1761,1283.0,837.88,31.0,37.25,0.711,Head
cover,278.2201,3,1,2,1
err,278.2202,-146.75,59.35
timing,278.2202,12.9,28.7
gate,278.2202,166.8,1.0,0.18,0.0
det,278.2202,1085.72,856.0,109.31,289.0,0.743,Body
det,278.2202,1118.0,839.0,30.5,37.0,0.703,Head
det,278.2202,1515.75,854.75,8.5,21.0,0.416,Body
cover,278.2677,2,1,1,1
err,278.2678,-167.5,60.5
timing,278.2678,15.6,28.3
gate,278.2678,166.8,1.0,0.18,0.0
det,278.2678,1064.5,846.5,102.5,287.0,0.688,Body
det,278.2678,1097.25,841.25,30.5,35.0,0.575,Head
cover,278.3093,2,1,1,1
err,278.3093,-133.0,60.02
timing,278.3093,12.1,27.1
gate,278.3093,166.8,1.0,0.18,0.0
det,278.3093,1098.88,843.5,110.25,300.0,0.69,Body
det,278.3093,1131.31,840.5,31.38,35.5,0.62,Head
cover,278.3513,2,1,1,1
err,278.3514,-52.5,59.69
timing,278.3514,12.7,26.5
gate,278.3514,166.8,1.0,0.18,0.0
det,278.3514,1212.88,841.12,29.25,33.75,0.744,Head
det,278.3514,1182.62,852.75,105.75,292.5,0.687,Body
cover,278.39,2,1,1,1
err,278.3901,-15.0,59.33
timing,278.3901,8.1,27.6
gate,278.3901,166.8,1.0,0.18,0.0
det,278.3901,1220.75,843.62,107.0,294.75,0.768,Body
det,278.3901,1249.88,839.25,30.25,36.5,0.727,Head
cover,278.4347,2,1,1,1
err,278.4347,7.75,56.81
timing,278.4347,13.4,28.0
gate,278.4347,166.8,1.0,0.18,0.0
det,278.4347,1273.0,836.88,29.5,36.25,0.797,Head
det,278.4347,1241.75,836.88,107.5,305.25,0.719,Body
cover,278.4748,2,1,1,1
err,278.4749,17.25,52.39
timing,278.4749,6.6,31.1
gate,278.4749,166.8,1.0,0.18,0.0
det,278.4749,1282.0,831.62,30.5,37.75,0.809,Head
det,278.4749,1253.12,836.0,105.75,327.0,0.702,Body
cover,278.5206,1,0,1,0
nearest,278.5206,-1
cover,278.5635,2,1,1,1
err,278.5635,19.5,55.81
timing,278.5635,12.6,28.8
gate,278.5635,166.8,1.0,0.18,0.0
det,278.5635,1284.5,835.88,30.0,36.25,0.727,Head
det,278.5635,1255.62,833.38,104.75,327.25,0.661,Body
cover,278.6057,2,1,1,1
err,278.6058,10.25,46.31
timing,278.6058,12.8,26.3
gate,278.6058,166.8,1.0,0.18,0.0
det,278.6058,1247.25,832.38,103.5,311.25,0.593,Body
det,278.6058,1275.0,826.38,30.5,36.25,0.433,Head
cover,278.6403,2,1,1,1
err,278.6404,6.25,41.34
timing,278.6404,8.2,23.9
gate,278.6404,166.8,1.0,0.18,0.0
det,278.6404,1270.75,821.12,31.0,36.75,0.783,Head
det,278.6404,1240.75,821.0,107.0,312.0,0.777,Body
cover,278.681,2,1,1,1
err,278.681,5.0,36.38
timing,278.681,9.3,29.0
gate,278.681,166.8,1.0,0.18,0.0
det,278.681,1237.38,817.0,107.25,309.5,0.711,Body
det,278.681,1270.5,815.75,29.0,37.5,0.692,Head
cover,278.723,2,1,1,1
err,278.723,8.25,26.79
timing,278.723,10.0,28.4
gate,278.723,166.8,1.0,0.18,0.0
det,278.723,1244.0,816.12,99.5,287.75,0.662,Body
det,278.723,1273.5,807.12,29.5,35.75,0.463,Head
cover,278.7636,2,1,1,1
err,278.7636,9.0,22.01
timing,278.7636,13.7,24.8
gate,278.7636,166.8,1.0,0.18,0.0
det,278.7636,1246.12,814.0,103.75,306.5,0.725,Body
det,278.7636,1272.88,799.88,32.25,40.25,0.417,Head
cover,278.8053,1,0,1,0
nearest,278.8053,-1
cover,278.8399,1,1,0,1
err,278.84,9.75,36.65
timing,278.84,8.4,24.9
gate,278.84,166.8,1.0,0.18,0.0
det,278.84,1274.75,815.75,30.0,38.0,0.67,Head
cover,278.8862,1,0,1,0
nearest,278.8862,-1
cover,278.9231,2,1,1,1
err,278.9232,9.5,26.76
timing,278.9232,7.9,27.6
gate,278.9231,166.8,1.0,0.18,0.0
det,278.9232,1244.38,818.88,106.25,294.25,0.77,Body
det,278.9232,1274.38,807.38,30.25,35.25,0.654,Head
cover,278.9721,0,0,0,0
nearest,278.9722,-1
cover,279.0179,0,0,0,0
nearest,279.0179,-1
cover,279.0612,0,0,0,0
nearest,279.0613,-1
cover,279.1163,0,0,0,0
nearest,279.1164,-1
cover,279.1561,0,0,0,0
nearest,279.1562,-1
cover,279.2272,0,0,0,0
nearest,279.2273,-1
cover,279.2724,0,0,0,0
nearest,279.2724,-1
cover,279.3085,0,0,0,0
nearest,279.3085,-1
cover,279.3438,0,0,0,0
nearest,279.3438,-1
cover,279.3857,0,0,0,0
nearest,279.3857,-1
cover,279.4246,0,0,0,0
nearest,279.4247,-1
cover,279.4595,0,0,0,0
nearest,279.4595,-1
cover,279.4989,0,0,0,0
nearest,279.4989,-1
cover,279.5402,1,0,1,0
nearest,279.5402,-1
cover,279.5813,1,1,0,1
err,279.5814,242.5,-23.86
timing,279.5814,8.4,31.4
gate,279.5814,166.8,1.0,0.18,0.0
det,279.5814,1504.5,752.62,36.0,42.75,0.904,Head
cover,279.6216,2,1,1,1
err,279.6217,-166.5,-8.94
timing,279.6217,11.1,26.7
gate,279.6216,166.8,1.0,0.18,0.0
det,279.6217,1096.56,768.38,33.88,41.25,0.859,Head
det,279.6217,1038.44,774.5,137.12,302.0,0.704,Body
cover,279.6606,2,1,1,1
err,279.6606,-205.38,2.38
timing,279.6606,8.6,27.0
gate,279.6606,166.8,1.0,0.18,0.0
det,279.6606,1057.97,779.0,33.31,42.5,0.798,Head
det,279.6606,999.12,788.5,142.75,291.0,0.552,Body
cover,279.7018,3,1,2,1
err,279.7018,-196.5,4.06
timing,279.7018,13.0,25.4
gate,279.7018,166.8,1.0,0.18,0.0
det,279.7018,1066.78,781.38,33.44,41.25,0.828,Head
det,279.7018,1005.5,780.0,136.75,317.0,0.59,Body
det,279.7018,1102.0,952.38,59.25,137.25,0.494,Body
cover,279.7471,2,1,1,1
err,279.7472,-92.38,2.99
timing,279.7472,13.9,28.5
gate,279.7472,166.8,1.0,0.18,0.0
det,279.7472,1112.0,787.12,132.0,304.75,0.681,Body
det,279.7472,1171.0,781.12,33.25,39.75,0.605,Head
cover,279.7902,2,1,1,1
err,279.7902,12.0,-9.55
timing,279.7902,11.5,29.3
gate,279.7902,166.8,1.0,0.18,0.0
det,279.7902,1275.38,769.0,33.25,39.0,0.768,Head
det,279.7902,1224.62,780.0,129.75,282.0,0.527,Body
cover,279.8378,2,1,1,1
err,279.8379,35.5,-14.5
timing,279.8379,16.7,28.4
gate,279.8379,166.8,1.0,0.18,0.0
det,279.8379,1299.0,763.5,33.0,40.0,0.829,Head
det,279.8379,1244.38,771.0,132.25,287.0,0.685,Body
cover,279.8836,2,1,1,1
err,279.8836,40.5,-18.23
timing,279.8836,14.3,29.1
gate,279.8836,166.8,1.0,0.18,0.0
det,279.8836,1303.88,759.5,33.25,40.5,0.913,Head
det,279.8836,1249.38,766.0,136.25,304.0,0.772,Body
cover,279.923,2,1,1,1
err,279.9231,40.0,-19.01
timing,279.9231,11.1,26.2
gate,279.9231,166.8,1.0,0.18,0.0
det,279.9231,1303.12,759.12,33.75,39.75,0.805,Head
det,279.9231,1246.62,767.0,137.75,297.0,0.765,Body
cover,279.9659,1,1,0,1
err,279.9659,33.5,-20.04
timing,279.9659,15.9,24.5
gate,279.9659,166.8,1.0,0.18,0.0
det,279.9659,1297.38,758.38,32.25,39.25,0.812,Head
cover,280.008,2,1,1,1
err,280.0081,5.25,-20.75
timing,280.0081,12.5,27.6
gate,280.0081,166.8,1.0,0.18,0.0
det,280.0081,1213.0,768.0,138.0,296.0,0.747,Body
det,280.0081,1268.25,757.25,34.0,40.0,0.726,Head
cover,280.0495,2,1,1,1
err,280.0496,4.5,-20.06
timing,280.0496,13.8,25.5
gate,280.0496,166.8,1.0,0.18,0.0
det,280.0496,1267.88,758.62,33.25,38.75,0.74,Head
det,280.0496,1210.5,769.0,138.0,295.5,0.699,Body
cover,280.0888,1,1,0,1
err,280.0889,3.75,-2.94
timing,280.0889,10.8,26.3
gate,280.0889,166.8,1.0,0.18,0.0
det,280.0889,1266.25,774.38,35.0,41.25,0.808,Head
cover,280.141,0,0,0,0
nearest,280.1411,-1
cover,280.1924,0,0,0,0
nearest,280.1924,-1
cover,280.2344,0,0,0,0
nearest,280.2344,-1
cover,280.2741,0,0,0,0
nearest,280.2741,-1
cover,280.3179,0,0,0,0
nearest,280.3179,-1
cover,280.3561,0,0,0,0
nearest,280.3561,-1
cover,280.391,0,0,0,0
nearest,280.391,-1
cover,280.4268,0,0,0,0
nearest,280.4269,-1
cover,280.4628,2,1,1,1
err,280.4629,202.0,27.64
timing,280.4629,9.5,25.6
gate,280.4629,166.8,1.0,0.18,0.0
det,280.4629,1436.88,813.25,74.25,177.5,0.831,Body
det,280.4629,1472.75,815.12,18.5,22.75,0.752,Head
cover,280.5083,2,1,1,1
err,280.5083,-105.75,49.06
timing,280.5083,13.1,29.1
gate,280.5083,166.8,1.0,0.18,0.0
det,280.5083,1127.69,836.5,83.62,173.0,0.883,Body
det,280.5083,1165.12,837.38,18.25,21.25,0.804,Head
cover,280.5498,1,0,1,0
nearest,280.5498,-1
cover,280.5898,1,0,1,0
nearest,280.5898,-1
cover,280.6332,0,0,0,0
nearest,280.6332,-1
cover,280.681,2,1,1,1
err,280.681,-131.88,-8.39
timing,280.681,14.9,30.9
gate,280.681,166.8,1.0,0.18,0.0
det,280.681,1104.31,777.62,79.38,170.75,0.851,Body
det,280.681,1138.62,779.38,19.0,22.25,0.785,Head
cover,280.7302,2,1,1,1
err,280.7302,44.75,-12.91
timing,280.7302,15.0,30.9
gate,280.7302,166.8,1.0,0.18,0.0
det,280.7302,1281.38,773.5,80.25,168.5,0.868,Body
det,280.7302,1315.5,775.12,18.5,21.75,0.788,Head
cover,280.7808,2,1,1,1
err,280.7809,65.75,-6.34
timing,280.7809,16.5,31.4
gate,280.7809,166.8,1.0,0.18,0.0
det,280.7809,1299.88,781.25,82.25,169.5,0.879,Body
det,280.7809,1336.0,780.88,19.5,23.25,0.866,Head
cover,280.8257,2,1,1,1
err,280.8257,55.75,-4.89
timing,280.8257,13.7,28.5
gate,280.8257,166.8,1.0,0.18,0.0
det,280.8257,1293.88,780.38,77.25,170.25,0.854,Body
det,280.8257,1326.5,782.88,18.5,22.25,0.826,Head
cover,280.8677,2,1,1,1
err,280.8677,58.5,-4.62
timing,280.8677,11.1,28.0
gate,280.8677,166.8,1.0,0.18,0.0
det,280.8677,1296.0,780.0,77.0,170.5,0.862,Body
det,280.8677,1329.38,783.0,18.25,22.5,0.852,Head
cover,280.9193,2,1,1,1
err,280.9194,63.5,-4.9
timing,280.9194,17.9,31.5
gate,280.9194,166.8,1.0,0.18,0.0
det,280.9194,1300.12,780.62,83.75,168.75,0.874,Body
det,280.9194,1334.5,783.0,18.0,22.0,0.822,Head
cover,280.9634,2,1,1,1
err,280.9635,68.75,-4.91
timing,280.9635,12.1,29.5
gate,280.9635,166.8,1.0,0.18,0.0
det,280.9635,1302.38,779.38,86.25,171.25,0.855,Body
det,280.9635,1339.5,783.12,18.5,21.75,0.787,Head
cover,281.0055,2,1,1,1
err,281.0056,59.25,-6.91
timing,281.0056,8.3,31.2
gate,281.0056,166.8,1.0,0.18,0.0
det,281.0056,1295.62,778.88,77.75,171.25,0.869,Body
det,281.0056,1330.0,781.12,18.5,21.75,0.841,Head
cover,281.0573,2,1,1,1
err,281.0573,38.75,15.85
timing,281.0573,13.7,34.8
gate,281.0573,166.8,1.0,0.18,0.0
det,281.0573,1276.0,803.5,79.5,169.5,0.863,Body
det,281.0573,1309.5,803.75,18.5,22.0,0.816,Head
cover,281.0986,2,1,1,1
err,281.0987,38.0,9.62
timing,281.0987,8.2,30.0
gate,281.0987,166.8,1.0,0.18,0.0
det,281.0987,1271.75,794.25,86.0,172.0,0.86,Body
det,281.0987,1309.12,797.25,17.75,22.5,0.842,Head
cover,281.1451,2,1,1,1
err,281.1451,37.5,7.09
timing,281.1451,14.7,28.9
gate,281.1451,166.8,1.0,0.18,0.0
det,281.1451,1273.5,794.0,83.0,167.0,0.864,Body
det,281.1451,1308.38,795.12,18.25,21.75,0.784,Head
cover,281.1906,2,1,1,1
err,281.1906,38.0,1.35
timing,281.1906,12.3,30.6
gate,281.1906,166.8,1.0,0.18,0.0
det,281.1906,1272.88,788.25,82.25,171.0,0.889,Body
det,281.1906,1308.88,789.25,18.25,22.0,0.855,Head
cover,281.2299,2,1,1,1
err,281.2302,32.5,-2.4
timing,281.2302,7.2,28.9
gate,281.2302,166.8,1.0,0.18,0.0
det,281.2302,1267.12,784.0,82.75,170.5,0.891,Body
det,281.2302,1302.88,785.5,19.25,22.0,0.814,Head
cover,281.2766,2,1,1,1
err,281.2767,32.5,-1.83
timing,281.2767,15.4,27.5
gate,281.2767,166.8,1.0,0.18,0.0
det,281.2767,1267.0,785.75,82.5,168.0,0.892,Body
det,281.2767,1303.12,785.25,18.75,23.5,0.804,Head
cover,281.3155,2,1,1,1
err,281.3156,32.5,-3.31
timing,281.3156,11.9,24.3
gate,281.3156,166.8,1.0,0.18,0.0
det,281.3156,1267.5,784.62,82.5,167.75,0.889,Body
det,281.3156,1303.12,783.62,18.75,23.75,0.792,Head
cover,281.3564,2,1,1,1
err,281.3564,31.75,-3.88
timing,281.3564,9.0,29.4
gate,281.3564,166.8,1.0,0.18,0.0
det,281.3564,1267.5,788.38,81.0,162.25,0.866,Body
det,281.3564,1302.5,783.75,18.5,22.5,0.625,Head
cover,281.4047,2,1,1,1
err,281.4047,26.0,13.0
timing,281.4047,13.9,31.3
gate,281.4047,166.8,1.0,0.18,0.0
det,281.4047,1264.38,799.62,75.25,166.75,0.851,Body
det,281.4047,1296.75,799.25,18.5,25.0,0.665,Head
cover,281.4473,2,1,1,1
err,281.4474,12.0,10.09
timing,281.4474,11.9,28.1
gate,281.4474,166.8,1.0,0.18,0.0
det,281.4474,1247.62,797.88,82.75,167.25,0.874,Body
det,281.4474,1282.62,798.12,18.75,21.75,0.477,Head
cover,281.4893,2,1,1,1
err,281.4893,12.0,9.21
timing,281.4893,7.8,31.7
gate,281.4893,166.8,1.0,0.18,0.0
det,281.4893,1248.25,794.88,78.0,169.25,0.848,Body
det,281.4893,1282.0,795.88,20.0,24.25,0.5,Head
cover,281.5303,2,1,1,1
err,281.5304,12.5,1.61
timing,281.5304,7.8,28.9
gate,281.5304,166.8,1.0,0.18,0.0
det,281.5304,1248.0,789.38,79.5,168.25,0.882,Body
det,281.5304,1282.88,789.38,19.25,22.25,0.765,Head
cover,281.5815,2,1,1,1
err,281.5815,11.75,1.09
timing,281.5815,15.0,32.4
gate,281.5815,166.8,1.0,0.18,0.0
det,281.5815,1247.62,788.88,80.75,168.25,0.882,Body
det,281.5815,1282.5,789.12,18.5,21.75,0.711,Head
cover,281.6323,1,0,1,0
nearest,281.6323,-1
cover,281.6729,2,1,1,1
err,281.6729,10.5,-1.51
timing,281.6729,12.9,26.5
gate,281.6729,166.8,1.0,0.18,0.0
det,281.6729,1247.12,785.38,80.75,169.25,0.854,Body
det,281.6729,1281.88,787.62,17.25,19.75,0.545,Head
cover,281.7141,2,1,1,1
err,281.7142,10.5,-1.51
timing,281.7142,11.2,27.4
gate,281.7142,166.8,1.0,0.18,0.0
det,281.7142,1246.88,785.88,81.25,169.25,0.857,Body
det,281.7142,1282.0,787.62,17.0,19.75,0.543,Head
cover,281.758,1,0,1,0
nearest,281.758,-1
cover,281.7963,2,1,1,1
err,281.7963,-15.0,1.24
timing,281.7963,7.7,28.8
gate,281.7963,166.8,1.0,0.18,0.0
det,281.7963,1220.0,787.75,79.5,167.0,0.887,Body
det,281.7963,1254.38,787.62,21.25,24.75,0.718,Head
cover,281.8402,2,1,1,1
err,281.8402,-16.75,0.65
timing,281.8402,15.1,26.4
gate,281.8402,166.8,1.0,0.18,0.0
det,281.8402,1219.5,789.0,79.0,165.0,0.88,Body
det,281.8402,1253.0,788.0,20.5,23.0,0.625,Head
cover,281.8796,2,1,1,1
err,281.8796,-16.0,19.74
timing,281.8796,10.5,26.1
gate,281.8796,166.8,1.0,0.18,0.0
det,281.8796,1220.25,807.25,78.5,167.0,0.889,Body
det,281.8796,1254.38,806.12,19.25,24.75,0.779,Head
cover,281.9154,2,1,1,1
err,281.9156,-16.25,16.16
timing,281.9156,6.6,26.9
gate,281.9156,166.8,1.0,0.18,0.0
det,281.9156,1219.62,802.88,80.75,168.25,0.883,Body
det,281.9156,1254.25,803.38,19.0,23.25,0.78,Head
cover,281.9625,2,1,1,1
err,281.9626,-15.0,12.24
timing,281.9626,17.0,27.5
gate,281.9626,166.8,1.0,0.18,0.0
det,281.9626,1219.0,799.5,82.5,168.5,0.887,Body
det,281.9626,1255.25,798.62,19.5,24.75,0.59,Head
cover,282.0129,2,1,1,1
err,282.0129,-13.25,7.17
timing,282.0129,19.1,28.5
gate,282.0129,166.8,1.0,0.18,0.0
det,282.0129,1221.62,795.25,79.75,166.5,0.877,Body
det,282.0129,1257.0,794.25,19.5,23.5,0.74,Head
cover,282.0497,2,1,1,1
err,282.0497,-13.5,6.69
timing,282.0497,6.3,28.2
gate,282.0497,166.8,1.0,0.18,0.0
det,282.0497,1221.38,794.88,79.25,166.25,0.877,Body
det,282.0497,1257.0,793.62,19.0,23.75,0.736,Head
cover,282.0924,1,0,1,0
nearest,282.0924,-1
cover,282.1302,2,1,1,1
err,282.1302,-123.75,11.59
timing,282.1302,10.7,25.4
gate,282.1302,166.8,1.0,0.18,0.0
det,282.1302,1109.25,799.5,86.25,171.0,0.863,Body
det,282.1302,1146.75,799.62,19.0,21.75,0.703,Head
cover,282.1745,2,1,1,1
err,282.1746,-251.38,21.14
timing,282.1746,14.7,27.0
gate,282.1746,166.8,1.0,0.18,0.0
det,282.1746,978.5,805.88,90.69,173.25,0.856,Body
det,282.1746,1019.02,808.62,19.22,22.75,0.806,Head
cover,282.2143,2,1,1,1
err,282.2143,-307.06,21.65
timing,282.2143,9.3,28.1
gate,282.2143,166.8,1.0,0.18,0.0
det,282.2143,960.0,806.62,55.25,171.75,0.868,Body
det,282.2143,963.19,809.0,19.5,23.0,0.784,Head
cover,282.2572,3,1,2,1
err,282.2572,-202.25,5.9
timing,282.2572,13.0,27.4
gate,282.2572,166.8,1.0,0.18,0.0
det,282.2572,1030.0,794.12,84.38,171.75,0.851,Body
det,282.2572,1068.16,793.25,19.19,23.0,0.738,Head
det,282.2572,1523.25,848.62,11.5,30.75,0.577,Body
cover,282.3008,1,0,1,0
nearest,282.3009,-1
cover,282.3381,2,1,1,1
err,282.3381,43.75,6.64
timing,282.3381,8.4,27.5
gate,282.3381,166.8,1.0,0.18,0.0
det,282.3381,1280.5,792.62,80.5,170.75,0.847,Body
det,282.3381,1314.25,794.12,19.0,22.75,0.836,Head
cover,282.3793,3,1,2,1
err,282.3793,56.25,8.16
timing,282.3793,12.9,25.9
gate,282.3793,166.8,1.0,0.18,0.0
det,282.3793,1295.25,794.75,76.5,168.5,0.851,Body
det,282.3793,1326.75,795.38,19.0,23.25,0.788,Head
det,282.3793,1510.0,857.25,9.0,21.0,0.614,Body
cover,282.4183,2,1,1,1
err,282.4183,55.75,8.8
timing,282.4183,8.0,27.9
gate,282.4183,166.8,1.0,0.18,0.0
det,282.4183,1292.62,795.62,81.75,165.75,0.843,Body
det,282.4183,1326.25,797.25,19.0,21.0,0.701,Head
cover,282.4622,2,1,1,1
err,282.4623,52.25,9.38
timing,282.4623,14.8,26.6
gate,282.4623,166.8,1.0,0.18,0.0
det,282.4623,1287.75,795.62,81.5,168.75,0.872,Body
det,282.4623,1323.0,797.0,18.5,22.5,0.763,Head
cover,282.5035,2,1,1,1
err,282.5035,45.0,9.59
timing,282.5035,12.4,26.5
gate,282.5035,166.8,1.0,0.18,0.0
det,282.5035,1279.12,794.62,83.75,170.75,0.869,Body
det,282.5035,1315.38,797.62,19.25,21.75,0.841,Head
cover,282.5369,2,1,1,1
err,282.5369,39.0,12.74
timing,282.5369,7.5,23.3
gate,282.5369,166.8,1.0,0.18,0.0
det,282.5369,1275.38,798.5,80.25,169.5,0.864,Body
det,282.5369,1309.5,799.12,19.0,24.75,0.81,Head
cover,282.5759,2,1,1,1
err,282.5759,39.0,12.75
timing,282.5759,8.9,27.7
gate,282.5759,166.8,1.0,0.18,0.0
det,282.5759,1275.12,798.12,79.75,169.75,0.867,Body
det,282.5759,1309.38,799.0,19.25,25.0,0.812,Head
cover,282.6177,2,1,1,1
err,282.6177,26.25,12.62
timing,282.6177,10.7,29.5
gate,282.6177,166.8,1.0,0.18,0.0
det,282.6177,1263.88,801.12,76.25,165.75,0.872,Body
det,282.6177,1297.0,800.25,18.5,22.5,0.687,Head
cover,282.6595,2,1,1,1
err,282.6595,17.5,13.11
timing,282.6595,11.0,28.3
gate,282.6595,166.8,1.0,0.18,0.0
det,282.6595,1252.38,802.0,82.25,167.5,0.872,Body
det,282.6595,1288.38,800.88,18.25,22.25,0.685,Head
cover,282.699,1,0,1,0
nearest,282.6991,-1
cover,282.7441,1,0,1,0
nearest,282.7441,-1
cover,282.7824,1,0,1,0
nearest,282.7824,-1
cover,282.8202,1,0,1,0
nearest,282.8203,-1
cover,282.8588,3,1,2,1
err,282.8589,0.75,29.61
timing,282.8589,8.2,29.7
gate,282.8589,166.8,1.0,0.18,0.0
det,282.8589,1236.88,815.5,82.25,168.5,0.858,Body
det,282.8589,1271.25,817.38,19.0,22.25,0.651,Head
det,282.8589,1506.0,885.62,9.0,20.75,0.471,Body
cover,282.9027,0,0,0,0
nearest,282.9027,-1
cover,282.9442,0,0,0,0
nearest,282.9442,-1
cover,282.9828,0,0,0,0
nearest,282.9829,-1
cover,283.0234,1,0,1,0
nearest,283.0234,-1
cover,283.065,1,0,1,0
nearest,283.065,-1
cover,283.1033,0,0,0,0
nearest,283.1033,-1
cover,283.1392,1,0,1,0
nearest,283.1393,-1
cover,283.1799,1,0,1,0
nearest,283.1799,-1
cover,283.2169,1,0,1,0
nearest,283.2169,-1
cover,283.2517,0,0,0,0
nearest,283.2518,-1
cover,283.2943,2,1,1,1
err,283.2943,277.0,42.89
timing,283.2943,13.6,27.3
gate,283.2943,166.8,1.0,0.18,0.0
det,283.2943,1531.75,831.88,50.5,62.25,0.788,Body
det,283.2943,1549.75,833.12,14.5,17.75,0.785,Head
cover,283.3363,2,1,1,1
err,283.3363,277.5,21.34
timing,283.3363,12.6,27.1
gate,283.3363,166.8,1.0,0.18,0.0
det,283.3363,1529.25,811.38,55.5,95.25,0.865,Body
det,283.3363,1551.0,812.12,13.0,16.75,0.852,Head
cover,283.3726,2,1,1,1
err,283.3727,277.5,21.34
timing,283.3727,7.0,26.7
gate,283.3727,166.8,1.0,0.18,0.0
det,283.3727,1551.0,812.12,13.0,16.75,0.855,Head
det,283.3727,1530.0,811.5,55.0,94.0,0.854,Body
cover,283.4134,2,1,1,1
err,283.4135,277.5,21.34
timing,283.4135,7.6,31.0
gate,283.4135,166.8,1.0,0.18,0.0
det,283.4135,1530.0,811.5,55.0,96.0,0.856,Body
det,283.4135,1551.0,812.12,13.0,16.75,0.854,Head
cover,283.4547,2,1,1,1
err,283.4547,277.5,21.35
timing,283.4547,8.2,30.6
gate,283.4547,166.8,1.0,0.18,0.0
det,283.4547,1529.25,811.62,55.5,92.75,0.86,Body
det,283.4547,1551.0,812.0,13.0,17.0,0.856,Head
cover,283.4959,2,1,1,1
err,283.496,277.5,21.35
timing,283.496,7.4,31.4
gate,283.496,166.8,1.0,0.18,0.0
det,283.496,1529.25,811.5,55.5,91.5,0.86,Body
det,283.496,1551.0,812.0,13.0,17.0,0.855,Head
cover,283.539,2,1,1,1
err,283.5391,284.0,23.62
timing,283.5391,12.8,28.6
gate,283.5391,166.8,1.0,0.18,0.0
det,283.5391,1537.5,813.0,54.0,86.0,0.876,Body
det,283.5391,1556.25,814.0,15.5,17.5,0.84,Head
cover,283.582,2,1,1,1
err,283.5821,310.0,34.92
timing,283.5821,14.7,25.8
gate,283.582,166.8,1.0,0.18,0.0
det,283.5821,1582.5,824.75,15.0,18.5,0.877,Head
det,283.5821,1563.0,825.75,37.0,73.0,0.833,Body
cover,283.6212,2,1,1,1
err,283.6212,205.0,27.62
timing,283.6212,7.6,28.3
gate,283.6212,166.8,1.0,0.18,0.0
det,283.6212,1453.12,817.38,56.75,132.25,0.867,Body
det,283.6212,1478.0,818.0,14.0,17.5,0.856,Head
cover,283.6648,2,1,1,1
err,283.6648,-27.75,-0.4
timing,283.6648,9.4,31.6
gate,283.6648,166.8,1.0,0.18,0.0
det,283.6648,1220.62,789.5,59.75,130.0,0.901,Body
det,283.6648,1245.5,790.25,13.5,17.0,0.887,Head
cover,283.7082,2,1,1,1
err,283.7082,-162.0,-14.64
timing,283.7082,11.6,29.2
gate,283.7082,166.8,1.0,0.18,0.0
det,283.7082,1087.38,775.88,60.75,131.25,0.916,Body
det,283.7082,1110.69,775.88,14.62,17.25,0.901,Head
cover,283.7535,2,1,1,1
err,283.7536,-164.25,-14.59
timing,283.7536,8.6,33.2
gate,283.7536,166.8,1.0,0.18,0.0
det,283.7536,1084.25,774.62,59.75,131.75,0.925,Body
det,283.7536,1108.31,775.38,14.88,18.25,0.804,Head
cover,283.8038,2,1,1,1
err,283.8038,-113.75,-11.65
timing,283.8038,17.8,29.0
gate,283.8038,166.8,1.0,0.18,0.0
det,283.8038,1135.0,779.0,60.25,131.5,0.923,Body
det,283.8038,1159.25,779.0,14.0,17.0,0.874,Head
cover,283.8408,2,1,1,1
err,283.8408,-53.0,-9.69
timing,283.8408,7.4,26.9
gate,283.8408,166.8,1.0,0.18,0.0
det,283.8408,1196.75,780.5,59.0,131.0,0.924,Body
det,283.8408,1219.88,781.38,14.25,16.25,0.818,Head
cover,283.8851,2,1,1,1
err,283.8852,-37.5,-8.66
timing,283.8852,15.2,26.3
gate,283.8852,166.8,1.0,0.18,0.0
det,283.8852,1212.12,780.62,58.75,129.75,0.923,Body
det,283.8852,1235.25,782.12,14.5,16.75,0.797,Head
cover,283.9209,2,1,1,1
err,283.9209,-27.5,-6.66
timing,283.9209,7.5,26.1
gate,283.9209,166.8,1.0,0.18,0.0
det,283.9209,1220.0,783.25,60.5,130.0,0.895,Body
det,283.9209,1245.75,784.12,13.5,16.75,0.825,Head
cover,283.9679,2,1,1,1
err,283.968,-23.5,-5.66
timing,283.968,17.2,27.1
gate,283.968,166.8,1.0,0.18,0.0
det,283.968,1226.12,785.0,58.75,128.0,0.9,Body
det,283.968,1249.62,785.12,13.75,16.75,0.786,Head
cover,284.0088,2,1,1,1
err,284.0089,-24.0,12.85
timing,284.0089,9.6,28.5
gate,284.0089,166.8,1.0,0.18,0.0
det,284.0089,1227.25,802.75,56.5,125.0,0.891,Body
det,284.0089,1249.12,803.5,13.75,17.0,0.846,Head
cover,284.0614,2,1,1,1
err,284.0614,-24.0,8.84
timing,284.0614,17.5,32.1
gate,284.0614,166.8,1.0,0.18,0.0
det,284.0614,1225.75,798.62,59.0,129.75,0.915,Body
det,284.0614,1249.0,799.62,14.0,16.75,0.633,Head
cover,284.1082,2,1,1,1
err,284.1083,-20.0,3.86
timing,284.1083,10.6,32.9
gate,284.1083,166.8,1.0,0.18,0.0
det,284.1083,1228.88,794.38,58.25,129.25,0.925,Body
det,284.1083,1252.62,794.38,14.75,17.25,0.736,Head
cover,284.1535,2,1,1,1
err,284.1536,-15.25,-0.66
timing,284.1536,8.2,33.5
gate,284.1535,166.8,1.0,0.18,0.0
det,284.1536,1234.5,790.38,58.5,126.25,0.883,Body
det,284.1536,1257.75,790.12,14.0,16.75,0.768,Head
cover,284.1988,2,1,1,1
err,284.1988,-12.0,-3.62
timing,284.1988,8.4,34.2
gate,284.1988,166.8,1.0,0.18,0.0
det,284.1988,1238.62,786.38,57.75,128.25,0.856,Body
det,284.1988,1261.12,786.75,13.75,17.5,0.758,Head
cover,284.2503,2,1,1,1
err,284.2503,-6.5,1.44
timing,284.2503,15.4,32.1
gate,284.2503,166.8,1.0,0.18,0.0
det,284.2503,1243.0,790.75,60.5,129.5,0.912,Body
det,284.2503,1266.38,791.12,14.25,18.75,0.718,Head
cover,284.2954,2,1,1,1
err,284.2955,4.0,2.88
timing,284.2955,11.9,30.4
gate,284.2954,166.8,1.0,0.18,0.0
det,284.2955,1253.12,793.5,57.75,128.0,0.896,Body
det,284.2955,1276.25,793.25,15.5,17.5,0.753,Head
cover,284.3373,2,1,1,1
err,284.3373,6.0,3.38
timing,284.3373,9.3,29.9
gate,284.3373,166.8,1.0,0.18,0.0
det,284.3373,1254.12,794.62,58.75,126.75,0.919,Body
det,284.3373,1278.62,793.75,14.75,17.5,0.843,Head
cover,284.387,2,1,1,1
err,284.387,12.0,3.1
timing,284.387,15.9,31.0
gate,284.387,166.8,1.0,0.18,0.0
det,284.387,1262.75,794.12,58.0,128.75,0.928,Body
det,284.387,1284.12,793.75,15.75,17.0,0.766,Head
cover,284.4298,2,1,1,1
err,284.4298,17.0,3.84
timing,284.4298,9.4,29.5
gate,284.4298,166.8,1.0,0.18,0.0
det,284.4298,1268.12,794.88,56.75,127.25,0.895,Body
det,284.4298,1290.12,794.62,13.75,16.75,0.828,Head
cover,284.4757,2,1,1,1
err,284.4757,17.5,21.34
timing,284.4757,12.4,31.0
gate,284.4757,166.8,1.0,0.18,0.0
det,284.4757,1268.12,811.75,55.75,127.5,0.869,Body
det,284.4757,1290.88,812.12,13.25,16.75,0.675,Head
cover,284.5204,2,1,1,1
err,284.5204,16.25,17.65
timing,284.5204,14.2,28.2
gate,284.5204,166.8,1.0,0.18,0.0
det,284.5204,1267.0,807.62,59.0,128.75,0.877,Body
det,284.5204,1289.25,807.75,14.0,18.0,0.634,Head
cover,284.5606,2,1,1,1
err,284.5607,6.5,10.36
timing,284.5607,9.3,27.6
gate,284.5607,166.8,1.0,0.18,0.0
det,284.5607,1255.88,800.25,60.25,130.5,0.903,Body
det,284.5607,1278.88,800.88,15.25,17.25,0.792,Head
cover,284.6066,2,1,1,1
err,284.6067,1.0,5.84
timing,284.6067,15.4,28.0
gate,284.6067,166.8,1.0,0.18,0.0
det,284.6067,1251.5,797.0,59.0,129.5,0.891,Body
det,284.6067,1274.62,796.62,12.75,16.75,0.82,Head
cover,284.6533,2,1,1,1
err,284.6534,1.0,3.6
timing,284.6534,15.7,28.5
gate,284.6534,166.8,1.0,0.18,0.0
det,284.6534,1249.88,794.38,60.25,129.25,0.9,Body
det,284.6534,1274.12,794.25,13.75,17.0,0.866,Head
cover,284.7033,2,1,1,1
err,284.7033,2.0,2.84
timing,284.7033,12.5,34.7
gate,284.7033,166.8,1.0,0.18,0.0
det,284.7033,1251.25,793.38,59.0,128.25,0.891,Body
det,284.7033,1274.88,793.62,14.25,16.75,0.857,Head
cover,284.7601,2,1,1,1
err,284.7601,0.25,20.6
timing,284.7601,20.7,33.6
gate,284.7601,166.8,1.0,0.18,0.0
det,284.7601,1250.62,811.88,56.75,127.25,0.909,Body
det,284.7601,1273.25,811.25,14.0,17.0,0.832,Head
cover,284.8129,0,0,0,0
nearest,284.8129,-1
cover,284.8546,0,0,0,0
nearest,284.8547,-1
cover,284.8948,0,0,0,0
nearest,284.8948,-1
cover,284.9373,0,0,0,0
nearest,284.9373,-1
cover,284.9745,0,0,0,0
nearest,284.9745,-1
cover,285.0125,0,0,0,0
nearest,285.0125,-1
cover,285.0458,0,0,0,0
nearest,285.0458,-1
cover,285.0803,1,0,1,0
nearest,285.0803,-1
cover,285.1154,1,0,1,0
nearest,285.1154,-1
cover,285.153,0,0,0,0
nearest,285.153,-1
cover,285.1907,0,0,0,0
nearest,285.1907,-1
cover,285.2269,1,0,1,0
nearest,285.2269,-1
cover,285.2702,0,0,0,0
nearest,285.2702,-1
cover,285.3131,0,0,0,0
nearest,285.3131,-1
cover,285.3455,0,0,0,0
nearest,285.3455,-1
cover,285.381,0,0,0,0
nearest,285.381,-1
cover,285.418,0,0,0,0
nearest,285.418,-1
cover,285.4539,0,0,0,0
nearest,285.4539,-1
cover,285.4883,0,0,0,0
nearest,285.4883,-1
cover,285.5257,0,0,0,0
nearest,285.5257,-1
cover,285.5664,0,0,0,0
nearest,285.5664,-1
cover,285.5976,0,0,0,0
nearest,285.5976,-1
cover,285.632,0,0,0,0
nearest,285.632,-1
cover,285.6649,0,0,0,0
nearest,285.665,-1
cover,285.6989,0,0,0,0
nearest,285.6989,-1
cover,285.7349,0,0,0,0
nearest,285.7349,-1
cover,285.7725,0,0,0,0
nearest,285.7725,-1
cover,285.8149,0,0,0,0
nearest,285.815,-1
cover,285.8557,0,0,0,0
nearest,285.8557,-1
cover,285.8978,0,0,0,0
nearest,285.8978,-1
cover,285.9369,0,0,0,0
nearest,285.937,-1
cover,285.9745,0,0,0,0
nearest,285.9745,-1
cover,286.0137,1,0,1,0
nearest,286.0137,-1
cover,286.0522,0,0,0,0
nearest,286.0523,-1
cover,286.0887,0,0,0,0
nearest,286.0887,-1
cover,286.1284,0,0,0,0
nearest,286.1284,-1
cover,286.172,0,0,0,0
nearest,286.172,-1
cover,286.2052,0,0,0,0
nearest,286.2052,-1
cover,286.2411,0,0,0,0
nearest,286.2412,-1
cover,286.2793,1,0,1,0
nearest,286.2793,-1
cover,286.3227,1,0,1,0
nearest,286.3228,-1
cover,286.3675,2,0,2,0
nearest,286.3675,-1
cover,286.405,0,0,0,0
nearest,286.405,-1
cover,286.4474,0,0,0,0
nearest,286.4474,-1
cover,286.4879,0,0,0,0
nearest,286.488,-1
cover,286.5275,0,0,0,0
nearest,286.5275,-1
cover,286.5612,0,0,0,0
nearest,286.5613,-1
cover,286.5959,0,0,0,0
nearest,286.596,-1
cover,286.6324,0,0,0,0
nearest,286.6325,-1
cover,286.6689,0,0,0,0
nearest,286.6689,-1
cover,286.7048,0,0,0,0
nearest,286.7048,-1
cover,286.753,0,0,0,0
nearest,286.753,-1
cover,286.797,2,1,1,0
nearest,286.7971,315.3
cover,286.8363,2,1,1,1
err,286.8364,-118.12,13.05
timing,286.8364,9.6,28.2
gate,286.8364,166.8,1.0,0.18,0.0
det,286.8364,1121.0,800.5,76.25,158.5,0.866,Body
det,286.8364,1153.0,801.5,17.75,21.0,0.795,Head
cover,286.8725,2,1,1,1
err,286.8726,-58.0,25.33
timing,286.8726,7.0,26.6
gate,286.8726,166.8,1.0,0.18,0.0
det,286.8726,1180.12,811.38,77.75,158.25,0.872,Body
det,286.8726,1213.31,813.5,17.38,21.5,0.761,Head
cover,286.9124,2,1,1,1
err,286.9125,-46.5,28.61
timing,286.9125,9.0,27.9
gate,286.9125,166.8,1.0,0.18,0.0
det,286.9125,1190.88,817.38,79.25,156.25,0.873,Body
det,286.9125,1224.62,816.38,17.75,22.25,0.667,Head
cover,286.9531,2,1,1,1
err,286.9531,-49.0,28.04
timing,286.9531,8.5,29.3
gate,286.9531,166.8,1.0,0.18,0.0
det,286.9531,1188.94,815.25,80.12,157.0,0.882,Body
det,286.9531,1222.5,816.62,17.0,20.75,0.691,Head
cover,286.9881,2,1,1,1
err,286.9881,-52.75,28.06
timing,286.9881,6.6,26.1
gate,286.9881,166.8,1.0,0.18,0.0
det,286.9881,1186.12,816.12,75.75,157.75,0.849,Body
det,286.9881,1218.75,816.38,17.0,21.25,0.792,Head
cover,287.028,2,1,1,1
err,287.028,-52.75,28.06
timing,287.028,9.0,28.4
gate,287.028,166.8,1.0,0.18,0.0
det,287.028,1186.12,816.12,75.75,157.75,0.848,Body
det,287.028,1218.75,816.38,17.0,21.25,0.794,Head
cover,287.0666,2,1,1,1
err,287.0666,-52.75,28.06
timing,287.0666,9.7,27.1
gate,287.0666,166.8,1.0,0.18,0.0
det,287.0666,1186.12,816.12,75.75,157.75,0.849,Body
det,287.0666,1218.75,816.38,17.0,21.25,0.792,Head
cover,287.1032,2,1,1,1
err,287.1033,-49.75,25.98
timing,287.1033,9.4,25.5
gate,287.1033,166.8,1.0,0.18,0.0
det,287.1033,1188.38,813.5,80.25,158.5,0.891,Body
det,287.1033,1221.5,815.25,17.5,19.5,0.744,Head
cover,287.1375,2,1,1,1
err,287.1375,-41.5,22.45
timing,287.1375,8.3,23.5
gate,287.1375,166.8,1.0,0.18,0.0
det,287.1375,1197.62,811.38,78.75,157.25,0.864,Body
det,287.1375,1230.0,812.0,17.0,19.0,0.76,Head
cover,287.1733,2,1,1,1
err,287.1733,-41.0,22.5
timing,287.1733,7.8,25.6
gate,287.1733,166.8,1.0,0.18,0.0
det,287.1733,1198.81,811.62,76.88,156.75,0.88,Body
det,287.1733,1230.5,811.5,17.0,20.0,0.758,Head
cover,287.2206,2,1,1,1
err,287.2206,-41.0,22.5
timing,287.2206,18.3,26.5
gate,287.2206,166.8,1.0,0.18,0.0
det,287.2206,1198.81,811.62,76.88,156.75,0.883,Body
det,287.2206,1230.5,811.5,17.0,20.0,0.759,Head
cover,287.2564,2,1,1,1
err,287.2564,-41.0,22.77
timing,287.2564,5.9,26.9
gate,287.2564,166.8,1.0,0.18,0.0
det,287.2564,1198.62,811.12,76.75,156.75,0.883,Body
det,287.2564,1230.5,811.5,17.0,20.5,0.774,Head
cover,287.2946,2,1,1,1
err,287.2946,-41.0,22.77
timing,287.2946,8.1,27.9
gate,287.2946,166.8,1.0,0.18,0.0
det,287.2946,1198.81,811.62,76.88,156.75,0.883,Body
det,287.2946,1230.5,811.5,17.0,20.5,0.768,Head
cover,287.336,2,1,1,1
err,287.336,-41.0,22.51
timing,287.336,10.6,28.1
gate,287.336,166.8,1.0,0.18,0.0
det,287.336,1198.81,811.5,76.88,156.5,0.884,Body
det,287.336,1230.62,811.38,16.75,20.25,0.76,Head
cover,287.379,2,1,1,1
err,287.379,-41.0,23.01
timing,287.379,10.4,29.8
gate,287.379,166.8,1.0,0.18,0.0
det,287.379,1198.75,811.62,77.0,156.75,0.886,Body
det,287.379,1230.5,811.88,17.0,20.25,0.758,Head
cover,287.4161,2,1,1,1
err,287.4161,-41.0,23.01
timing,287.4161,7.2,26.6
gate,287.4161,166.8,1.0,0.18,0.0
det,287.4161,1198.75,811.62,77.0,156.75,0.885,Body
det,287.4161,1230.5,811.88,17.0,20.25,0.758,Head
cover,287.4538,2,1,1,1
err,287.4539,-41.0,22.75
timing,287.4539,8.7,27.3
gate,287.4539,166.8,1.0,0.18,0.0
det,287.4539,1198.69,811.62,77.12,156.75,0.884,Body
det,287.4539,1230.62,811.75,16.75,20.0,0.753,Head
cover,287.4973,2,1,1,1
err,287.4973,-37.25,20.46
timing,287.4973,16.3,24.6
gate,287.4973,166.8,1.0,0.18,0.0
det,287.4973,1201.94,809.75,78.12,156.0,0.882,Body
det,287.4973,1234.25,809.88,17.0,19.25,0.821,Head
cover,287.5372,1,0,1,0
nearest,287.5373,-1
cover,287.5834,2,1,1,1
err,287.5835,6.5,17.59
timing,287.5835,18.3,26.3
gate,287.5835,166.8,1.0,0.18,0.0
det,287.5835,1246.5,804.75,76.0,155.0,0.848,Body
det,287.5835,1277.12,805.62,18.75,21.75,0.583,Head
cover,287.6246,2,1,1,1
err,287.6247,7.0,12.38
timing,287.6247,13.4,25.5
gate,287.6247,166.8,1.0,0.18,0.0
det,287.6247,1247.0,797.38,78.0,157.25,0.859,Body
det,287.6247,1278.25,800.0,17.5,22.5,0.688,Head
cover,287.6638,1,0,1,0
nearest,287.6638,-1
cover,287.7048,2,1,1,1
err,287.7049,8.75,3.6
timing,287.7049,13.7,25.8
gate,287.7049,166.8,1.0,0.18,0.0
det,287.7049,1248.12,791.62,74.75,156.75,0.887,Body
det,287.7049,1279.0,791.5,19.5,22.0,0.517,Head
cover,287.7559,2,1,1,1
err,287.7559,8.5,3.0
timing,287.7559,17.8,30.5
gate,287.7559,166.8,1.0,0.18,0.0
det,287.7559,1248.12,791.75,74.75,155.5,0.888,Body
det,287.7559,1279.62,792.0,17.75,20.0,0.577,Head
cover,287.7955,2,1,1,1
err,287.7956,8.5,2.96
timing,287.7956,13.6,23.6
gate,287.7956,166.8,1.0,0.18,0.0
det,287.7956,1247.62,791.5,73.75,154.5,0.891,Body
det,287.7956,1279.62,792.38,17.75,19.25,0.533,Head
cover,287.8321,1,0,1,0
nearest,287.8322,-1
cover,287.8674,1,0,1,0
nearest,287.8674,-1
cover,287.9018,1,0,1,0
nearest,287.9018,-1
cover,287.9358,1,0,1,0
nearest,287.9358,-1
cover,287.9753,2,1,1,1
err,287.9753,6.75,20.54
timing,287.9753,8.1,30.6
gate,287.9753,166.8,1.0,0.18,0.0
det,287.9753,1246.88,809.0,78.25,155.0,0.866,Body
det,287.9753,1277.25,809.12,19.0,20.75,0.585,Head
cover,288.0195,0,0,0,0
nearest,288.0195,-1
cover,288.0632,0,0,0,0
nearest,288.0632,-1
cover,288.1007,0,0,0,0
nearest,288.1007,-1
cover,288.1338,0,0,0,0
nearest,288.1338,-1
cover,288.1707,0,0,0,0
nearest,288.1707,-1
cover,288.2117,0,0,0,0
nearest,288.2118,-1
cover,288.2512,0,0,0,0
nearest,288.2512,-1
cover,288.2903,0,0,0,0
nearest,288.2903,-1
cover,288.3329,0,0,0,0
nearest,288.3329,-1
cover,288.3723,2,0,2,0
nearest,288.3724,-1
cover,288.4075,1,0,1,0
nearest,288.4075,-1
cover,288.4424,1,0,1,0
nearest,288.4425,-1
cover,288.4821,3,0,3,0
nearest,288.4822,-1
cover,288.5174,1,0,1,0
nearest,288.5175,-1
cover,288.5549,0,0,0,0
nearest,288.5549,-1
cover,288.5942,0,0,0,0
nearest,288.5942,-1
cover,288.6363,0,0,0,0
nearest,288.6363,-1
cover,288.6726,0,0,0,0
nearest,288.6726,-1
cover,288.7088,0,0,0,0
nearest,288.7089,-1
cover,288.7483,0,0,0,0
nearest,288.7483,-1
cover,288.7877,0,0,0,0
nearest,288.7877,-1
cover,288.8302,0,0,0,0
nearest,288.8302,-1
cover,288.8683,0,0,0,0
nearest,288.8683,-1
cover,288.9083,0,0,0,0
nearest,288.9083,-1
cover,288.9527,1,0,1,0
nearest,288.9527,-1
cover,288.9994,0,0,0,0
nearest,288.9994,-1
cover,289.0512,0,0,0,0
nearest,289.0512,-1
cover,289.0931,0,0,0,0
nearest,289.0931,-1
cover,289.1298,1,0,1,0
nearest,289.1298,-1
cover,289.1725,1,0,1,0
nearest,289.1725,-1
cover,289.2127,1,0,1,0
nearest,289.2128,-1
cover,289.2522,1,0,1,0
nearest,289.2522,-1
cover,289.2958,1,0,1,0
nearest,289.2958,-1
cover,289.3351,0,0,0,0
nearest,289.3351,-1
cover,289.3846,0,0,0,0
nearest,289.3847,-1
cover,289.4273,1,0,1,0
nearest,289.4273,-1
cover,289.4697,0,0,0,0
nearest,289.4698,-1
cover,289.512,0,0,0,0
nearest,289.512,-1
cover,289.546,2,1,1,1
err,289.5461,88.25,69.94
timing,289.5461,7.5,25.6
gate,289.5461,166.8,1.0,0.18,0.0
det,289.5461,1293.0,861.88,145.5,293.25,0.878,Body
det,289.5461,1350.75,843.12,35.0,48.75,0.477,Head
cover,289.593,2,1,1,1
err,289.5931,-167.5,107.33
timing,289.5931,16.0,27.9
gate,289.5931,166.8,1.0,0.18,0.0
det,289.5931,1035.25,895.0,136.0,232.0,0.851,Body
det,289.5931,1094.06,879.0,36.88,51.5,0.626,Head
cover,289.6415,1,0,1,0
nearest,289.6415,-1
cover,289.6958,1,0,1,0
nearest,289.6958,-1
cover,289.7359,1,0,1,0
nearest,289.7359,-1
cover,289.7772,2,0,2,0
nearest,289.7772,-1
cover,289.8178,1,0,1,0
nearest,289.8178,-1
cover,289.862,1,0,1,0
nearest,289.8621,-1
cover,289.9039,1,0,1,0
nearest,289.904,-1
cover,289.9421,1,0,1,0
nearest,289.9421,-1
cover,289.9787,1,0,1,0
nearest,289.9787,-1
cover,290.0123,2,1,1,1
err,290.0123,-135.0,47.8
timing,290.0123,6.9,25.9
gate,290.0123,166.8,1.0,0.18,0.0
det,290.0123,1066.25,824.0,143.75,330.5,0.841,Body
det,290.0123,1127.94,822.5,34.12,46.0,0.654,Head
cover,290.0593,1,0,1,0
nearest,290.0593,-1
cover,290.1015,1,0,1,0
nearest,290.1016,-1
cover,290.1452,1,0,1,0
nearest,290.1453,-1
cover,290.1838,2,1,1,1
err,290.1838,-102.62,34.25
timing,290.1838,9.7,28.0
gate,290.1838,166.8,1.0,0.18,0.0
det,290.1838,1101.06,826.0,142.88,319.0,0.837,Body
det,290.1838,1160.0,806.75,34.75,50.0,0.485,Head
cover,290.2347,1,0,1,0
nearest,290.2348,-1
cover,290.2774,1,0,1,0
nearest,290.2775,-1
cover,290.3164,1,0,1,0
nearest,290.3165,-1
cover,290.36,1,0,1,0
nearest,290.3601,-1
cover,290.4018,1,0,1,0
nearest,290.4018,-1
cover,290.443,1,0,1,0
nearest,290.443,-1
cover,290.4892,1,0,1,0
nearest,290.4893,-1
cover,290.5254,1,0,1,0
nearest,290.5254,-1
cover,290.5596,1,0,1,0
nearest,290.5597,-1
cover,290.5971,1,0,1,0
nearest,290.5971,-1
cover,290.6373,1,0,1,0
nearest,290.6373,-1
cover,290.6773,1,0,1,0
nearest,290.6773,-1
cover,290.716,1,0,1,0
nearest,290.7161,-1
cover,290.7627,1,0,1,0
nearest,290.7632,-1
cover,290.8047,1,0,1,0
nearest,290.8047,-1
cover,290.8502,0,0,0,0
nearest,290.8502,-1
cover,290.8941,0,0,0,0
nearest,290.8941,-1
cover,290.9394,1,0,1,0
nearest,290.9394,-1
cover,290.9813,0,0,0,0
nearest,290.9813,-1
cover,291.0263,0,0,0,0
nearest,291.0263,-1
cover,291.0663,0,0,0,0
nearest,291.0663,-1
cover,291.106,1,0,1,0
nearest,291.1061,-1
cover,291.148,2,0,2,0
nearest,291.148,-1
cover,291.1896,2,0,2,0
nearest,291.1896,-1
cover,291.2322,0,0,0,0
nearest,291.2322,-1
cover,291.2715,0,0,0,0
nearest,291.2715,-1
cover,291.3098,1,0,1,0
nearest,291.3098,-1
cover,291.3504,0,0,0,0
nearest,291.3504,-1
cover,291.3912,0,0,0,0
nearest,291.3912,-1
cover,291.4299,0,0,0,0
nearest,291.4299,-1
cover,291.4747,0,0,0,0
nearest,291.4747,-1
cover,291.5162,0,0,0,0
nearest,291.5163,-1
cover,291.5575,0,0,0,0
nearest,291.5575,-1
cover,291.5982,0,0,0,0
nearest,291.5982,-1
cover,291.6371,0,0,0,0
nearest,291.6371,-1
cover,291.6737,0,0,0,0
nearest,291.6737,-1
cover,291.7131,1,0,1,0
nearest,291.7131,-1
cover,291.7589,2,1,1,1
err,291.7589,264.0,-23.36
timing,291.7589,11.3,32.9
gate,291.7589,166.8,1.0,0.18,0.0
det,291.7589,1523.25,769.12,43.5,96.75,0.826,Body
det,291.7589,1538.75,769.62,10.5,12.75,0.808,Head
cover,291.7997,2,1,1,1
err,291.7997,142.5,-38.12
timing,291.7997,9.3,28.3
gate,291.7997,166.8,1.0,0.18,0.0
det,291.7997,1401.5,754.12,42.0,91.75,0.887,Body
det,291.7997,1417.0,755.0,11.0,12.5,0.656,Head
cover,291.8462,2,1,1,1
err,291.8463,96.25,-32.39
timing,291.8463,15.1,28.6
gate,291.8463,166.8,1.0,0.18,0.0
det,291.8463,1354.12,760.0,42.75,90.0,0.896,Body
det,291.8463,1371.0,760.88,10.5,12.25,0.703,Head
cover,291.8899,2,1,1,1
err,291.8899,70.0,-28.92
timing,291.8899,11.0,29.9
gate,291.8899,166.8,1.0,0.18,0.0
det,291.8899,1344.88,764.75,10.25,11.5,0.845,Head
det,291.8899,1330.0,763.38,40.0,92.25,0.836,Body
cover,291.9334,2,1,1,1
err,291.9335,27.5,-30.91
timing,291.9335,13.6,27.1
gate,291.9335,166.8,1.0,0.18,0.0
det,291.9335,1285.38,762.5,42.25,89.5,0.893,Body
det,291.9335,1302.12,762.62,10.75,11.75,0.805,Head
cover,291.9791,2,1,1,1
err,291.9791,9.5,-26.41
timing,291.9791,16.6,26.3
gate,291.9791,166.8,1.0,0.18,0.0
det,291.9791,1266.5,764.0,44.5,93.0,0.876,Body
det,291.9791,1283.75,767.12,11.5,11.75,0.785,Head
cover,292.0167,2,1,1,1
err,292.0167,4.5,-23.89
timing,292.0167,7.8,27.2
gate,292.0167,166.8,1.0,0.18,0.0
det,292.0167,1262.5,768.75,42.5,93.5,0.884,Body
det,292.0167,1279.38,769.38,10.25,12.25,0.805,Head
cover,292.0591,2,1,1,1
err,292.0592,2.0,-15.41
timing,292.0592,10.3,28.8
gate,292.0592,166.8,1.0,0.18,0.0
det,292.0592,1262.0,777.5,42.0,89.0,0.887,Body
det,292.0592,1276.88,778.12,10.25,11.75,0.78,Head
cover,292.1016,1,0,1,0
nearest,292.1017,-1
cover,292.1518,2,1,1,1
err,292.1519,4.5,0.01
timing,292.1519,16.6,31.7
gate,292.1519,166.8,1.0,0.18,0.0
det,292.1519,1261.75,793.88,43.5,89.25,0.889,Body
det,292.1519,1278.88,794.38,11.25,10.25,0.668,Head
cover,292.1946,2,1,1,1
err,292.1946,3.5,5.61
timing,292.1946,13.2,26.8
gate,292.1946,166.8,1.0,0.18,0.0
det,292.1946,1261.12,798.0,42.75,90.5,0.889,Body
det,292.1946,1278.12,798.88,10.75,12.25,0.694,Head
cover,292.2363,1,0,1,0
nearest,292.2363,-1
cover,292.2803,1,0,1,0
nearest,292.2803,-1
cover,292.3169,2,1,1,1
err,292.317,-19.75,4.56
timing,292.317,8.4,26.5
gate,292.317,166.8,1.0,0.18,0.0
det,292.317,1240.0,798.25,42.0,89.0,0.896,Body
det,292.317,1255.25,798.38,10.0,11.25,0.799,Head
cover,292.361,2,1,1,1
err,292.3611,-37.0,3.83
timing,292.3611,12.5,29.4
gate,292.3611,166.8,1.0,0.18,0.0
det,292.3611,1222.0,796.62,43.0,90.75,0.896,Body
det,292.3611,1237.88,797.5,10.25,11.5,0.836,Head
cover,292.4014,2,1,1,0
nearest,292.4014,52.4
cover,292.4488,2,1,1,0
nearest,292.4488,52.4
cover,292.4895,2,1,1,1
err,292.4895,-53.25,4.85
timing,292.4895,14.4,25.6
gate,292.4895,166.8,1.0,0.18,0.0
det,292.4895,1204.12,797.12,43.75,90.75,0.888,Body
det,292.4895,1221.25,798.25,11.0,12.0,0.848,Head
cover,292.5347,2,1,1,1
err,292.5348,-47.0,5.59
timing,292.5348,13.2,27.7
gate,292.5348,166.8,1.0,0.18,0.0
det,292.5348,1211.44,798.25,42.12,90.5,0.902,Body
det,292.5348,1227.38,799.12,11.25,11.75,0.869,Head
cover,292.5811,2,1,1,1
err,292.5812,-43.5,5.33
timing,292.5812,17.7,26.0
gate,292.5812,166.8,1.0,0.18,0.0
det,292.5812,1216.0,798.38,41.5,90.25,0.884,Body
det,292.5812,1231.38,799.0,10.25,11.5,0.883,Head
cover,292.6175,2,1,1,1
err,292.6176,-43.25,5.06
timing,292.6176,6.9,26.9
gate,292.6176,166.8,1.0,0.18,0.0
det,292.6176,1216.62,798.5,40.75,90.0,0.886,Body
det,292.6176,1231.75,798.88,10.0,11.25,0.879,Head
cover,292.6635,2,1,1,1
err,292.6635,-36.75,5.56
timing,292.6635,16.1,27.8
gate,292.6635,166.8,1.0,0.18,0.0
det,292.6635,1222.0,798.62,42.5,89.75,0.883,Body
det,292.6635,1238.0,799.38,10.5,11.25,0.815,Head
cover,292.7018,2,1,1,1
err,292.702,-16.0,7.61
timing,292.702,8.0,27.8
gate,292.702,166.8,1.0,0.18,0.0
det,292.702,1243.0,800.0,41.5,91.0,0.891,Body
det,292.702,1258.88,800.88,10.25,12.25,0.708,Head
cover,292.7484,2,1,1,1
err,292.7485,-4.0,8.11
timing,292.7485,15.0,28.8
gate,292.7485,166.8,1.0,0.18,0.0
det,292.7485,1254.62,800.0,41.75,91.0,0.895,Body
det,292.7485,1269.88,801.38,12.25,12.25,0.721,Head
cover,292.7843,2,1,1,1
err,292.7844,-4.0,8.11
timing,292.7844,6.9,26.4
gate,292.7844,166.8,1.0,0.18,0.0
det,292.7844,1254.62,800.12,41.75,90.75,0.895,Body
det,292.7844,1269.88,801.38,12.25,12.25,0.723,Head
cover,292.8254,3,1,2,1
err,292.8255,-4.0,8.11
timing,292.8255,13.9,25.4
gate,292.8255,166.8,1.0,0.18,0.0
det,292.8255,1254.62,800.0,41.75,91.0,0.896,Body
det,292.8255,1269.88,801.38,12.25,12.25,0.723,Head
det,292.8255,1512.0,858.38,8.0,19.25,0.552,Body
cover,292.8688,2,1,1,1
err,292.8688,-3.0,25.27
timing,292.8688,14.1,26.7
gate,292.8688,166.8,1.0,0.18,0.0
det,292.8688,1254.12,816.75,42.75,93.5,0.891,Body
det,292.8688,1271.12,816.75,11.75,15.5,0.601,Head
cover,292.912,2,1,1,1
err,292.912,-2.5,20.14
timing,292.912,13.6,27.2
gate,292.912,166.8,1.0,0.18,0.0
det,292.912,1254.12,812.75,42.75,91.5,0.902,Body
det,292.912,1271.88,813.12,11.25,12.75,0.691,Head
cover,292.952,2,1,1,1
err,292.952,-7.0,15.59
timing,292.952,11.0,26.2
gate,292.952,166.8,1.0,0.18,0.0
det,292.952,1250.12,808.88,42.75,89.25,0.877,Body
det,292.952,1267.12,809.12,11.75,11.75,0.579,Head
cover,292.9906,2,1,1,1
err,292.9906,-9.5,12.58
timing,292.9906,7.3,27.9
gate,292.9906,166.8,1.0,0.18,0.0
det,292.9906,1249.88,805.5,42.25,91.0,0.855,Body
det,292.9906,1265.38,806.25,10.25,11.5,0.696,Head
cover,293.0687,2,1,1,1
err,293.0688,-23.5,8.6
timing,293.0688,12.0,58.7
gate,293.0688,166.8,1.0,0.18,0.0
det,293.0688,1234.75,801.0,43.5,92.0,0.872,Body
det,293.0688,1251.38,802.0,10.25,12.0,0.671,Head
cover,293.1228,2,1,1,1
err,293.1229,-38.0,11.16
timing,293.1229,21.7,29.4
gate,293.1229,166.8,1.0,0.18,0.0
det,293.1229,1221.12,803.0,41.75,91.5,0.87,Body
det,293.1229,1236.38,803.88,11.25,13.25,0.798,Head
cover,293.1658,2,1,1,1
err,293.1658,-67.0,10.19
timing,293.1658,10.1,29.8
gate,293.1658,166.8,1.0,0.18,0.0
det,293.1658,1190.75,802.0,43.0,93.5,0.9,Body
det,293.1658,1207.19,802.62,11.62,13.75,0.809,Head
cover,293.2048,2,1,1,1
err,293.2048,-82.0,13.09
timing,293.2048,8.3,27.8
gate,293.2048,166.8,1.0,0.18,0.0
det,293.2048,1178.0,805.12,41.5,93.75,0.875,Body
det,293.2048,1192.75,806.62,10.5,11.75,0.748,Head
cover,293.2426,2,1,1,1
err,293.2426,-82.0,13.09
timing,293.2426,8.0,27.3
gate,293.2426,166.8,1.0,0.18,0.0
det,293.2426,1177.94,805.12,41.62,93.75,0.876,Body
det,293.2426,1192.75,806.62,10.5,11.75,0.751,Head
cover,293.2848,2,1,1,1
err,293.2849,-78.5,13.09
timing,293.2849,9.7,30.4
gate,293.2848,166.8,1.0,0.18,0.0
det,293.2849,1179.25,805.62,42.75,91.75,0.895,Body
det,293.2849,1196.06,806.62,10.88,11.75,0.765,Head
cover,293.332,2,1,1,1
err,293.3321,-51.75,11.09
timing,293.3321,15.4,28.7
gate,293.3321,166.8,1.0,0.18,0.0
det,293.3321,1207.62,803.38,41.75,91.25,0.883,Body
det,293.3321,1223.25,804.62,10.0,11.75,0.645,Head
cover,293.3734,3,1,2,1
err,293.3735,-42.0,8.11
timing,293.3735,9.1,29.1
gate,293.3735,166.8,1.0,0.18,0.0
det,293.3735,1217.88,800.75,40.25,92.0,0.872,Body
det,293.3735,1233.0,801.38,10.0,12.25,0.734,Head
det,293.3735,1510.5,857.88,8.0,20.25,0.491,Body
cover,293.4171,2,1,1,1
err,293.4171,-42.0,8.11
timing,293.4171,14.5,26.7
gate,293.4171,166.8,1.0,0.18,0.0
det,293.4171,1218.0,800.75,40.5,92.0,0.872,Body
det,293.4171,1233.0,801.38,10.0,12.25,0.734,Head
cover,293.46,2,1,1,1
err,293.46,-42.0,8.11
timing,293.46,14.4,25.6
gate,293.46,166.8,1.0,0.18,0.0
det,293.46,1217.88,800.88,40.25,92.25,0.874,Body
det,293.46,1233.0,801.38,10.0,12.25,0.739,Head
cover,293.5072,2,1,1,1
err,293.5073,-39.5,5.88
timing,293.5073,15.5,28.4
gate,293.5073,166.8,1.0,0.18,0.0
det,293.5073,1219.62,798.12,41.75,93.75,0.869,Body
det,293.5073,1235.0,799.0,11.0,12.5,0.81,Head
cover,293.5467,2,1,1,1
err,293.5467,-38.5,5.62
timing,293.5467,7.5,29.4
gate,293.5467,166.8,1.0,0.18,0.0
det,293.5467,1218.88,797.62,43.25,93.75,0.872,Body
det,293.5467,1236.0,798.75,11.0,12.5,0.799,Head
cover,293.5939,2,1,1,1
err,293.5939,-37.75,6.06
timing,293.5939,16.8,27.8
gate,293.5939,166.8,1.0,0.18,0.0
det,293.5939,1219.12,796.38,43.75,94.25,0.88,Body
det,293.5939,1237.0,799.88,10.5,11.25,0.815,Head
cover,293.6324,2,1,1,0
nearest,293.6325,37.0
cover,293.673,2,1,1,1
err,293.673,-33.0,6.38
timing,293.673,12.0,27.2
gate,293.673,166.8,1.0,0.18,0.0
det,293.673,1225.62,798.5,42.75,92.5,0.891,Body
det,293.673,1241.75,799.5,10.5,12.5,0.839,Head
cover,293.7113,2,1,1,1
err,293.7114,-21.5,8.58
timing,293.7114,12.5,23.5
gate,293.7114,166.8,1.0,0.18,0.0
det,293.7114,1238.12,801.62,41.75,89.75,0.872,Body
det,293.7114,1253.38,802.25,10.25,11.5,0.613,Head
cover,293.7547,1,0,1,0
nearest,293.7547,-1
cover,293.7927,2,1,1,1
err,293.7927,5.5,6.42
timing,293.7927,11.6,24.9
gate,293.7927,166.8,1.0,0.18,0.0
det,293.7927,1265.5,798.62,40.5,92.75,0.877,Body
det,293.7927,1279.75,799.0,11.5,13.5,0.74,Head
cover,293.851,2,1,1,1
err,293.851,5.5,6.42
timing,293.851,20.7,35.1
gate,293.851,166.8,1.0,0.18,0.0
det,293.851,1265.5,798.5,40.5,92.5,0.878,Body
det,293.851,1279.75,799.0,11.5,13.5,0.737,Head
cover,293.8966,2,1,1,1
err,293.8966,5.5,6.42
timing,293.8966,10.2,32.2
gate,293.8966,166.8,1.0,0.18,0.0
det,293.8966,1265.5,798.62,40.5,92.75,0.877,Body
det,293.8966,1279.75,799.0,11.5,13.5,0.727,Head
cover,293.9344,2,1,1,1
err,293.9345,3.0,23.67
timing,293.9345,7.9,27.7
gate,293.9345,166.8,1.0,0.18,0.0
det,293.9345,1265.62,815.5,40.75,95.0,0.845,Body
det,293.9345,1277.5,816.25,11.0,13.5,0.449,Head
cover,293.9784,1,0,1,0
nearest,293.9784,-1
cover,294.0179,2,1,1,1
err,294.018,-11.25,12.33
timing,294.018,10.8,27.4
gate,294.018,166.8,1.0,0.18,0.0
det,294.018,1247.88,805.0,42.25,91.0,0.88,Body
det,294.018,1263.5,806.0,10.5,11.5,0.743,Head
cover,294.0609,2,1,1,1
err,294.0609,-22.0,7.62
timing,294.0609,11.8,27.5
gate,294.0609,166.8,1.0,0.18,0.0
det,294.0609,1235.62,798.38,42.75,93.25,0.876,Body
det,294.0609,1252.88,800.75,10.25,12.5,0.654,Head
cover,294.0992,2,1,1,1
err,294.0993,-27.0,3.59
timing,294.0993,8.4,27.3
gate,294.0993,166.8,1.0,0.18,0.0
det,294.0993,1233.12,796.12,40.75,91.75,0.871,Body
det,294.0993,1247.88,797.12,10.25,11.75,0.776,Head
cover,294.1417,2,1,1,1
err,294.1418,-39.0,4.42
timing,294.1418,11.8,27.6
gate,294.1418,166.8,1.0,0.18,0.0
det,294.1418,1220.38,794.88,43.25,93.25,0.892,Body
det,294.1418,1235.12,797.0,11.75,13.5,0.722,Head
cover,294.1764,2,1,1,1
err,294.1764,-53.0,3.11
timing,294.1764,7.4,24.9
gate,294.1764,166.8,1.0,0.18,0.0
det,294.1764,1204.12,796.0,43.75,91.5,0.88,Body
det,294.1764,1221.62,796.38,10.75,12.25,0.745,Head
cover,294.2124,2,1,1,1
err,294.2124,-59.25,1.12
timing,294.2124,9.3,24.5
gate,294.2124,166.8,1.0,0.18,0.0
det,294.2124,1201.31,793.75,40.88,92.5,0.859,Body
det,294.2124,1215.06,794.25,11.38,12.5,0.709,Head
cover,294.2557,2,1,1,1
err,294.2557,-59.5,1.61
timing,294.2557,10.6,30.4
gate,294.2557,166.8,1.0,0.18,0.0
det,294.2557,1199.62,795.0,41.75,90.5,0.891,Body
det,294.2557,1214.94,794.88,11.12,12.25,0.799,Head
cover,294.2926,2,1,1,1
err,294.2927,-59.5,1.38
timing,294.2927,6.7,27.3
gate,294.2927,166.8,1.0,0.18,0.0
det,294.2927,1199.62,794.62,41.75,90.75,0.893,Body
det,294.2927,1214.94,794.5,11.12,12.5,0.843,Head
cover,294.3361,2,1,1,1
err,294.3362,-52.75,2.64
timing,294.3362,16.7,24.2
gate,294.3362,166.8,1.0,0.18,0.0
det,294.3362,1204.94,795.38,43.12,91.25,0.886,Body
det,294.3362,1221.75,795.62,11.0,12.75,0.753,Head
cover,294.3748,2,1,1,1
err,294.3749,-44.75,2.09
timing,294.3749,8.5,27.0
gate,294.3749,166.8,1.0,0.18,0.0
det,294.3749,1214.94,795.5,41.62,89.0,0.887,Body
det,294.3749,1230.0,795.62,10.5,11.75,0.705,Head
cover,294.4196,2,1,1,1
err,294.4196,-42.75,-0.6
timing,294.4196,13.5,28.4
gate,294.4196,166.8,1.0,0.18,0.0
det,294.4196,1216.12,791.75,42.75,92.0,0.863,Body
det,294.4196,1231.75,792.25,11.0,13.0,0.746,Head
cover,294.4728,2,1,1,1
err,294.4728,-42.75,-0.6
timing,294.4728,19.9,29.8
gate,294.4728,166.8,1.0,0.18,0.0
det,294.4728,1216.12,792.12,42.75,91.75,0.862,Body
det,294.4728,1231.75,792.25,11.0,13.0,0.755,Head
cover,294.5101,2,1,1,1
err,294.5101,-42.5,-0.84
timing,294.5101,8.1,26.6
gate,294.5101,166.8,1.0,0.18,0.0
det,294.5101,1216.38,792.0,42.25,92.5,0.863,Body
det,294.5101,1231.88,791.88,11.25,13.25,0.768,Head
cover,294.5529,2,1,1,1
err,294.553,-42.75,-0.84
timing,294.553,8.5,31.5
gate,294.553,166.8,1.0,0.18,0.0
det,294.553,1216.12,791.75,42.75,92.0,0.863,Body
det,294.553,1231.75,791.88,11.0,13.25,0.768,Head
cover,294.5926,2,1,1,1
err,294.5926,-43.0,-0.84
timing,294.5926,10.7,26.5
gate,294.5926,166.8,1.0,0.18,0.0
det,294.5926,1216.38,792.0,42.25,92.5,0.869,Body
det,294.5926,1231.38,791.88,11.25,13.25,0.771,Head
cover,294.6373,2,1,1,1
err,294.6374,-40.5,0.08
timing,294.6374,14.5,28.5
gate,294.6374,166.8,1.0,0.18,0.0
det,294.6374,1218.12,792.88,41.75,92.25,0.877,Body
det,294.6374,1234.38,793.75,10.25,11.5,0.74,Head
cover,294.6864,2,1,1,1
err,294.6865,-19.5,-0.12
timing,294.6865,19.3,26.9
gate,294.6865,166.8,1.0,0.18,0.0
det,294.6865,1239.12,793.0,42.75,91.5,0.895,Body
det,294.6865,1255.0,793.0,11.0,12.5,0.638,Head
cover,294.7292,2,1,1,1
err,294.7293,-8.0,1.58
timing,294.7293,10.9,29.2
gate,294.7293,166.8,1.0,0.18,0.0
det,294.7293,1253.12,795.0,41.75,89.0,0.853,Body
det,294.7293,1266.62,795.25,10.75,11.5,0.48,Head
cover,294.7775,2,1,1,1
err,294.7776,7.25,2.11
timing,294.7776,13.1,32.3
gate,294.7775,166.8,1.0,0.18,0.0
det,294.7776,1265.5,795.12,41.5,91.75,0.875,Body
det,294.7776,1281.25,795.38,12.0,12.25,0.599,Head
cover,294.827,2,1,1,1
err,294.827,4.5,3.11
timing,294.827,15.6,31.1
gate,294.827,166.8,1.0,0.18,0.0
det,294.827,1263.0,795.0,43.0,93.0,0.874,Body
det,294.827,1278.88,796.38,11.25,12.25,0.711,Head
cover,294.8733,2,1,1,1
err,294.8733,4.5,23.11
timing,294.8733,13.4,30.3
gate,294.8733,166.8,1.0,0.18,0.0
det,294.8733,1263.5,815.25,42.0,92.0,0.884,Body
det,294.8733,1279.12,816.38,10.75,12.25,0.66,Head
cover,294.9141,1,0,1,0
nearest,294.9142,-1
cover,294.9619,3,1,2,1
err,294.962,4.0,13.58
timing,294.962,16.6,29.7
gate,294.962,166.8,1.0,0.18,0.0
det,294.962,1263.5,807.0,42.5,90.5,0.868,Body
det,294.962,1277.88,807.25,12.25,11.5,0.615,Head
det,294.962,1511.5,846.38,9.0,20.25,0.448,Body
cover,294.9989,2,1,1,1
err,294.9989,0.5,10.88
timing,294.9989,9.7,24.3
gate,294.9989,166.8,1.0,0.18,0.0
det,294.9989,1260.0,803.25,42.0,91.0,0.867,Body
det,294.9989,1275.38,804.0,10.25,12.5,0.522,Head
cover,295.0395,2,1,1,1
err,295.0395,-11.0,4.62
timing,295.0395,10.3,28.1
gate,295.0395,166.8,1.0,0.18,0.0
det,295.0395,1249.38,796.62,41.25,92.75,0.884,Body
det,295.0395,1263.12,797.75,11.75,12.5,0.687,Head
cover,295.0816,2,1,1,1
err,295.0817,-27.0,5.06
timing,295.0817,13.3,25.8
gate,295.0817,166.8,1.0,0.18,0.0
det,295.0817,1232.5,797.75,41.5,92.5,0.882,Body
det,295.0817,1248.0,798.88,10.0,11.25,0.783,Head
cover,295.1219,2,1,1,1
err,295.122,-29.25,5.09
timing,295.122,7.4,30.5
gate,295.122,166.8,1.0,0.18,0.0
det,295.122,1229.75,798.12,43.0,91.75,0.88,Body
det,295.122,1245.5,798.62,10.5,11.75,0.732,Head
cover,295.1669,2,1,1,1
err,295.167,-31.5,4.19
timing,295.167,12.4,29.8
gate,295.167,166.8,1.0,0.18,0.0
det,295.167,1226.88,796.25,42.25,92.5,0.903,Body
det,295.167,1242.38,796.62,12.25,13.75,0.736,Head
cover,295.2052,2,1,1,1
err,295.2053,-31.5,4.19
timing,295.2053,8.1,28.0
gate,295.2053,166.8,1.0,0.18,0.0
det,295.2053,1226.88,796.12,43.25,92.75,0.9,Body
det,295.2053,1242.38,796.62,12.25,13.75,0.698,Head
cover,295.2485,2,1,1,1
err,295.2485,-31.5,4.19
timing,295.2485,14.2,26.5
gate,295.2485,166.8,1.0,0.18,0.0
det,295.2485,1226.88,796.12,43.25,92.75,0.901,Body
det,295.2485,1242.38,796.62,12.25,13.75,0.705,Head
cover,295.2872,2,1,1,1
err,295.2873,-31.5,3.95
timing,295.2873,9.1,27.3
gate,295.2873,166.8,1.0,0.18,0.0
det,295.2873,1226.88,796.12,43.25,92.75,0.901,Body
det,295.2873,1242.38,796.25,12.25,14.0,0.704,Head
cover,295.3324,2,1,1,1
err,295.3325,-31.5,4.19
timing,295.3325,14.6,28.0
gate,295.3325,166.8,1.0,0.18,0.0
det,295.3325,1226.88,796.12,43.25,92.75,0.9,Body
det,295.3325,1242.38,796.62,12.25,13.75,0.699,Head
cover,295.3723,2,1,1,1
err,295.3724,-31.5,3.95
timing,295.3724,7.8,29.8
gate,295.3724,166.8,1.0,0.18,0.0
det,295.3724,1226.88,796.12,43.25,92.75,0.901,Body
det,295.3724,1242.38,796.25,12.25,14.0,0.702,Head
cover,295.4111,2,1,1,1
err,295.4111,-31.5,3.95
timing,295.4111,10.1,26.0
gate,295.4111,166.8,1.0,0.18,0.0
det,295.4111,1226.88,796.0,43.25,93.0,0.903,Body
det,295.4111,1242.38,796.25,12.25,14.0,0.713,Head
cover,295.4521,2,1,1,1
err,295.4522,-31.5,3.95
timing,295.4522,7.9,29.8
gate,295.4522,166.8,1.0,0.18,0.0
det,295.4522,1226.88,796.0,43.25,93.0,0.902,Body
det,295.4522,1242.38,796.25,12.25,14.0,0.711,Head
cover,295.4931,2,1,1,1
err,295.4932,-31.5,4.19
timing,295.4932,8.4,30.8
gate,295.4932,166.8,1.0,0.18,0.0
det,295.4932,1226.88,796.12,43.25,92.75,0.9,Body
det,295.4932,1242.38,796.62,12.25,13.75,0.698,Head
cover,295.5409,2,1,1,1
err,295.5409,-15.5,6.09
timing,295.5409,14.4,30.7
gate,295.5409,166.8,1.0,0.18,0.0
det,295.5409,1243.5,799.12,41.5,89.75,0.89,Body
det,295.5409,1258.88,799.62,11.25,11.75,0.544,Head
cover,295.5957,1,0,1,0
nearest,295.5958,-1
cover,295.6423,1,0,1,0
nearest,295.6424,-1
cover,295.681,1,0,1,0
nearest,295.681,-1
cover,295.7211,2,1,1,1
err,295.7212,-6.75,21.85
timing,295.7212,8.6,30.5
gate,295.7212,166.8,1.0,0.18,0.0
det,295.7212,1251.5,814.38,42.5,93.25,0.869,Body
det,295.7212,1267.5,815.25,11.5,12.0,0.731,Head
cover,295.7645,1,0,1,0
nearest,295.7645,-1
cover,295.8085,2,1,1,1
err,295.8085,-7.75,13.33
timing,295.8085,14.4,28.1
gate,295.8085,166.8,1.0,0.18,0.0
det,295.8085,1249.5,805.5,42.5,92.0,0.869,Body
det,295.8085,1266.75,807.0,11.0,11.5,0.606,Head
cover,295.851,2,1,1,1
err,295.851,-21.25,8.15
timing,295.851,11.7,27.6
gate,295.851,166.8,1.0,0.18,0.0
det,295.851,1236.5,801.12,41.5,93.75,0.863,Body
det,295.851,1252.75,801.0,12.0,13.0,0.7,Head
cover,295.8986,2,1,1,1
err,295.8986,-57.25,7.59
timing,295.8986,17.3,26.6
gate,295.8986,166.8,1.0,0.18,0.0
det,295.8986,1201.88,799.88,41.25,93.25,0.876,Body
det,295.8986,1217.5,801.12,10.5,11.75,0.75,Head
cover,295.9383,2,1,1,1
err,295.9384,-72.25,7.61
timing,295.9384,12.3,24.7
gate,295.9384,166.8,1.0,0.18,0.0
det,295.9384,1187.0,800.0,41.5,93.0,0.875,Body
det,295.9384,1201.56,800.88,12.38,12.25,0.667,Head
cover,295.9755,2,1,1,1
err,295.9755,-73.75,7.11
timing,295.9755,8.4,25.8
gate,295.9755,166.8,1.0,0.18,0.0
det,295.9755,1184.75,799.0,41.75,94.0,0.879,Body
det,295.9755,1200.5,800.38,11.5,12.25,0.699,Head
cover,296.0221,2,1,1,1
err,296.0221,-74.0,5.6
timing,296.0221,19.5,25.0
gate,296.0221,166.8,1.0,0.18,0.0
det,296.0221,1184.69,797.88,41.62,93.25,0.88,Body
det,296.0221,1200.12,799.0,11.75,12.0,0.803,Head
cover,296.0697,2,1,1,1
err,296.0698,-73.25,7.61
timing,296.0698,14.4,30.3
gate,296.0698,166.8,1.0,0.18,0.0
det,296.0698,1184.94,799.25,42.62,93.5,0.883,Body
det,296.0698,1200.94,800.88,11.62,12.25,0.792,Head
cover,296.1111,2,1,1,1
err,296.1112,-66.25,7.38
timing,296.1112,10.8,27.5
gate,296.1112,166.8,1.0,0.18,0.0
det,296.1112,1192.69,799.25,41.62,93.0,0.897,Body
det,296.1112,1207.44,800.5,12.62,12.5,0.694,Head
cover,296.1552,2,1,1,1
err,296.1552,-49.5,7.38
timing,296.1552,15.0,26.2
gate,296.1552,166.8,1.0,0.18,0.0
det,296.1552,1208.0,799.0,43.0,93.0,0.902,Body
det,296.1552,1224.38,800.5,12.25,12.5,0.796,Head
cover,296.1964,2,1,1,1
err,296.1964,-42.0,5.35
timing,296.1964,8.5,29.9
gate,296.1964,166.8,1.0,0.18,0.0
det,296.1964,1217.5,797.5,40.5,94.0,0.88,Body
det,296.1964,1232.12,798.75,11.75,12.0,0.757,Head
cover,296.244,2,1,1,1
err,296.244,-38.0,6.08
timing,296.244,15.2,29.7
gate,296.244,166.8,1.0,0.18,0.0
det,296.244,1219.12,796.38,43.75,94.25,0.88,Body
det,296.244,1236.38,799.75,11.25,11.5,0.792,Head
cover,296.2847,2,1,1,1
err,296.2848,-38.0,6.08
timing,296.2848,12.1,26.3
gate,296.2847,166.8,1.0,0.18,0.0
det,296.2848,1219.12,796.38,43.75,94.25,0.88,Body
det,296.2848,1236.38,799.75,11.25,11.5,0.793,Head
cover,296.3205,2,1,1,1
err,296.3206,-37.75,6.08
timing,296.3206,9.4,24.9
gate,296.3206,166.8,1.0,0.18,0.0
det,296.3206,1219.25,796.38,43.5,94.25,0.88,Body
det,296.3206,1236.5,799.75,11.5,11.5,0.794,Head
cover,296.3559,2,1,1,1
err,296.3559,-36.5,6.09
timing,296.3559,8.8,24.8
gate,296.3559,166.8,1.0,0.18,0.0
det,296.3559,1220.5,798.5,43.0,92.5,0.889,Body
det,296.3559,1237.88,799.62,11.25,11.75,0.801,Head
cover,296.3963,2,1,1,1
err,296.3964,-26.5,5.58
timing,296.3964,8.2,29.3
gate,296.3964,166.8,1.0,0.18,0.0
det,296.3964,1232.38,798.38,42.25,93.25,0.883,Body
det,296.3964,1248.12,799.25,10.75,11.5,0.804,Head
cover,296.4431,2,1,1,1
err,296.4432,5.5,4.92
timing,296.4432,17.9,26.4
gate,296.4432,166.8,1.0,0.18,0.0
det,296.4432,1261.5,796.75,44.0,92.5,0.899,Body
det,296.4432,1279.25,797.5,12.5,13.5,0.825,Head
cover,296.4831,2,1,1,1
err,296.4832,6.25,4.59
timing,296.4832,11.7,25.9
gate,296.4832,166.8,1.0,0.18,0.0
det,296.4832,1267.0,797.5,41.0,91.5,0.869,Body
det,296.4832,1281.0,798.12,10.5,11.75,0.618,Head
cover,296.529,2,1,1,1
err,296.529,6.5,4.59
timing,296.529,14.7,28.5
gate,296.529,166.8,1.0,0.18,0.0
det,296.529,1267.12,797.5,40.75,91.5,0.869,Body
det,296.529,1281.12,798.12,10.75,11.75,0.628,Head
cover,296.5689,2,1,1,1
err,296.5689,6.5,4.59
timing,296.5689,11.5,26.1
gate,296.5689,166.8,1.0,0.18,0.0
det,296.5689,1267.0,797.62,40.5,91.75,0.869,Body
det,296.5689,1281.12,798.12,10.75,11.75,0.615,Head
cover,296.6072,2,1,1,1
err,296.6072,6.5,25.67
timing,296.6072,8.4,27.6
gate,296.6072,166.8,1.0,0.18,0.0
det,296.6072,1267.0,816.38,42.0,94.25,0.861,Body
det,296.6072,1281.12,818.25,10.75,13.5,0.543,Head
cover,296.6575,2,1,1,1
err,296.6575,3.75,18.64
timing,296.6575,16.3,31.7
gate,296.6575,166.8,1.0,0.18,0.0
det,296.6575,1266.12,810.5,42.75,95.0,0.879,Body
det,296.6575,1278.25,811.62,11.0,12.75,0.534,Head
cover,296.6995,2,1,1,1
err,296.6996,7.5,16.62
timing,296.6996,9.7,29.8
gate,296.6996,166.8,1.0,0.18,0.0
det,296.6996,1265.38,809.12,43.25,91.75,0.875,Body
det,296.6996,1282.25,809.75,10.5,12.5,0.6,Head
cover,296.7389,2,1,1,1
err,296.739,4.0,10.35
timing,296.739,8.4,28.6
gate,296.739,166.8,1.0,0.18,0.0
det,296.739,1262.5,802.88,41.5,91.25,0.883,Body
det,296.739,1278.5,803.75,11.0,12.0,0.696,Head
cover,296.7884,2,1,1,1
err,296.7884,-2.25,5.33
timing,296.7884,15.6,30.8
gate,296.7884,166.8,1.0,0.18,0.0
det,296.7884,1256.25,797.75,42.5,92.0,0.89,Body
det,296.7884,1272.75,799.0,10.0,11.5,0.821,Head
cover,296.8333,1,0,1,0
nearest,296.8333,-1
cover,296.8765,2,1,1,1
err,296.8766,-17.5,3.11
timing,296.8766,13.4,28.3
gate,296.8766,166.8,1.0,0.18,0.0
det,296.8766,1241.5,796.75,43.0,91.0,0.886,Body
det,296.8766,1257.38,796.38,10.25,12.25,0.588,Head
cover,296.9153,2,1,1,1
err,296.9154,-18.5,3.35
timing,296.9154,9.1,27.4
gate,296.9154,166.8,1.0,0.18,0.0
det,296.9154,1240.88,795.88,43.25,90.25,0.891,Body
det,296.9154,1256.38,796.75,10.25,12.0,0.615,Head
cover,296.9639,1,0,1,0
nearest,296.9639,-1
cover,297.005,1,0,1,0
nearest,297.005,-1
cover,297.0469,1,0,1,0
nearest,297.0469,-1
cover,297.0831,1,0,1,0
nearest,297.0831,-1
cover,297.122,1,0,1,0
nearest,297.122,-1
cover,297.1636,1,0,1,0
nearest,297.1636,-1
cover,297.2043,2,1,1,0
nearest,297.2043,19.2
cover,297.2452,2,1,1,0
nearest,297.2452,19.2
cover,297.2892,1,0,1,0
nearest,297.2892,-1
cover,297.3321,1,0,1,0
nearest,297.3321,-1
cover,297.3734,1,0,1,0
nearest,297.3735,-1
cover,297.4191,1,0,1,0
nearest,297.4192,-1
cover,297.4579,1,0,1,0
nearest,297.4579,-1
cover,297.5021,2,1,1,1
err,297.5022,9.25,16.66
timing,297.5022,16.0,27.4
gate,297.5022,166.8,1.0,0.18,0.0
det,297.5022,1266.38,809.0,42.25,92.5,0.874,Body
det,297.5022,1282.75,809.38,13.0,13.25,0.451,Head
cover,297.5431,2,1,1,0
nearest,297.5431,12.6
cover,297.5868,2,1,1,1
err,297.5869,4.75,8.83
timing,297.5869,12.7,28.6
gate,297.5869,166.8,1.0,0.18,0.0
det,297.5869,1263.25,800.88,42.5,91.25,0.884,Body
det,297.5869,1279.5,802.5,10.5,11.5,0.709,Head
cover,297.6289,2,1,1,1
err,297.6289,2.0,3.14
timing,297.6289,13.8,26.0
gate,297.6289,166.8,1.0,0.18,0.0
det,297.6289,1260.75,795.25,42.0,91.0,0.875,Body
det,297.6289,1276.62,796.12,10.75,12.75,0.757,Head
cover,297.6682,1,0,1,0
nearest,297.6683,-1
cover,297.7087,2,1,1,1
err,297.7088,-12.5,4.88
timing,297.7088,14.4,24.8
gate,297.7088,166.8,1.0,0.18,0.0
det,297.7088,1245.0,794.88,41.5,92.25,0.869,Body
det,297.7088,1261.12,798.0,12.75,12.5,0.508,Head
cover,297.7455,2,1,1,1
err,297.7456,-19.5,4.09
timing,297.7456,7.0,27.4
gate,297.7456,166.8,1.0,0.18,0.0
det,297.7456,1238.5,797.38,43.5,91.25,0.896,Body
det,297.7456,1255.25,797.62,10.5,11.75,0.799,Head
cover,297.7929,2,1,1,0
nearest,297.7929,24.2
cover,297.8349,2,1,1,0
nearest,297.8349,26.0
cover,297.8774,2,1,1,1
err,297.8775,-27.5,4.83
timing,297.8775,11.8,30.1
gate,297.8775,166.8,1.0,0.18,0.0
det,297.8775,1232.38,798.25,41.25,90.0,0.872,Body
det,297.8775,1247.38,798.5,10.25,11.5,0.758,Head
cover,297.918,2,1,1,1
err,297.918,-28.75,5.11
timing,297.918,12.7,25.3
gate,297.918,166.8,1.0,0.18,0.0
det,297.918,1229.38,796.5,43.25,92.0,0.897,Body
det,297.918,1245.5,798.38,11.5,12.25,0.811,Head
cover,297.9571,2,1,1,1
err,297.9571,-30.5,6.11
timing,297.9571,7.0,28.5
gate,297.9571,166.8,1.0,0.18,0.0
det,297.9571,1228.38,797.38,42.25,91.25,0.887,Body
det,297.9571,1243.62,799.38,11.75,12.25,0.697,Head
cover,298.0024,2,1,1,1
err,298.0024,-30.5,6.11
timing,298.0024,12.8,29.8
gate,298.0024,166.8,1.0,0.18,0.0
det,298.0024,1228.38,797.38,42.25,91.25,0.887,Body
det,298.0024,1243.62,799.38,11.75,12.25,0.71,Head
cover,298.0431,2,1,1,1
err,298.0431,-30.5,6.11
timing,298.0431,9.8,27.9
gate,298.0431,166.8,1.0,0.18,0.0
det,298.0431,1228.38,797.38,42.25,91.25,0.884,Body
det,298.0431,1243.62,799.38,11.75,12.25,0.699,Head
cover,298.0788,2,1,1,1
err,298.0789,-30.5,5.61
timing,298.0789,8.1,25.4
gate,298.0789,166.8,1.0,0.18,0.0
det,298.0789,1228.75,797.0,42.0,91.5,0.887,Body
det,298.0789,1243.75,798.88,11.5,12.25,0.716,Head
cover,298.1221,2,1,1,1
err,298.1221,-30.5,5.61
timing,298.1221,8.8,32.1
gate,298.1221,166.8,1.0,0.18,0.0
det,298.1221,1228.75,797.0,42.0,91.5,0.887,Body
det,298.1221,1243.62,798.88,11.75,12.25,0.735,Head
cover,298.1621,2,1,1,1
err,298.1622,-30.25,5.6
timing,298.1622,7.4,29.5
gate,298.1622,166.8,1.0,0.18,0.0
det,298.1622,1228.62,797.0,41.75,91.5,0.887,Body
det,298.1622,1244.0,799.0,11.5,12.0,0.72,Head
cover,298.2029,2,1,1,1
err,298.2029,-22.5,5.58
timing,298.2029,9.2,28.6
gate,298.2029,166.8,1.0,0.18,0.0
det,298.2029,1236.75,796.0,43.5,92.5,0.881,Body
det,298.2029,1252.38,799.25,10.25,11.5,0.706,Head
cover,298.2535,2,1,1,1
err,298.2535,-11.5,2.09
timing,298.2535,19.9,28.5
gate,298.2535,166.8,1.0,0.18,0.0
det,298.2535,1247.5,794.12,42.5,91.75,0.865,Body
det,298.2535,1262.5,795.62,12.0,11.75,0.471,Head
cover,298.2923,1,0,1,0
nearest,298.2924,-1
cover,298.3368,1,0,1,0
nearest,298.3368,-1
cover,298.377,1,0,1,0
nearest,298.377,-1
cover,298.4178,1,0,1,0
nearest,298.4178,-1
cover,298.4603,2,1,1,1
err,298.4604,-1.0,22.16
timing,298.4604,11.3,30.5
gate,298.4604,166.8,1.0,0.18,0.0
det,298.4604,1257.25,814.25,42.0,92.0,0.895,Body
det,298.4604,1273.12,814.88,11.75,13.25,0.756,Head
cover,298.5092,1,0,1,0
nearest,298.5092,-1
cover,298.5481,2,0,2,0
nearest,298.5481,-1
cover,298.5971,0,0,0,0
nearest,298.5971,-1
cover,298.6424,1,0,1,0
nearest,298.6424,-1
cover,298.6793,1,0,1,0
nearest,298.6793,-1
cover,298.7219,1,0,1,0
nearest,298.7219,-1
cover,298.7635,2,1,1,1
err,298.7635,-47.25,41.11
timing,298.7635,11.1,29.7
gate,298.7635,166.8,1.0,0.18,0.0
det,298.7635,1125.5,765.0,129.25,323.0,0.714,Body
det,298.7635,1226.75,834.38,12.0,12.25,0.532,Head
cover,298.8061,1,0,1,0
nearest,298.8062,-1
cover,298.8441,1,0,1,0
nearest,298.8441,-1
cover,298.8828,1,0,1,0
nearest,298.8828,-1
cover,298.923,1,0,1,0
nearest,298.923,-1
cover,298.9664,1,0,1,0
nearest,298.9664,-1
cover,299.0011,1,0,1,0
nearest,299.0012,-1
cover,299.0357,1,0,1,0
nearest,299.0357,-1
cover,299.0763,1,0,1,0
nearest,299.0763,-1
cover,299.1151,1,0,1,0
nearest,299.1151,-1
cover,299.1504,1,0,1,0
nearest,299.1504,-1
cover,299.1865,2,0,2,0
nearest,299.1865,-1
cover,299.2315,1,0,1,0
nearest,299.2315,-1
cover,299.2758,1,0,1,0
nearest,299.2758,-1
cover,299.3135,1,0,1,0
nearest,299.3135,-1
cover,299.3523,1,0,1,0
nearest,299.3523,-1
cover,299.3916,1,0,1,0
nearest,299.3916,-1
cover,299.4325,1,0,1,0
nearest,299.4325,-1
cover,299.4705,1,0,1,0
nearest,299.4705,-1
cover,299.5082,1,0,1,0
nearest,299.5083,-1
cover,299.5456,1,0,1,0
nearest,299.5457,-1
cover,299.5791,1,0,1,0
nearest,299.5791,-1
cover,299.6151,1,0,1,0
nearest,299.6151,-1
cover,299.6518,1,0,1,0
nearest,299.6519,-1
cover,299.695,1,0,1,0
nearest,299.695,-1
cover,299.7392,1,0,1,0
nearest,299.7392,-1
cover,299.7857,0,0,0,0
nearest,299.7857,-1
cover,299.8293,3,1,2,1
err,299.8293,95.5,28.04
timing,299.8293,9.5,32.8
gate,299.8293,166.8,1.0,0.18,0.0
det,299.8293,1358.25,820.88,36.5,80.25,0.816,Body
det,299.8293,1370.38,822.12,10.25,10.75,0.67,Head
det,299.8293,1197.75,808.88,15.5,29.25,0.453,Body
cover,299.8679,3,1,2,0
nearest,299.868,74.8
cover,299.9095,3,1,2,0
nearest,299.9095,57.3
cover,299.9526,3,1,2,0
nearest,299.9526,50.4
cover,299.9956,2,1,1,0
nearest,299.9956,49.5
cover,300.0334,2,1,1,0
nearest,300.0334,49.5
cover,300.075,2,1,1,0
nearest,300.075,49.5
cover,300.114,3,1,2,0
nearest,300.114,49.5
cover,300.1548,3,1,2,0
nearest,300.1548,50.1
cover,300.1923,3,1,2,0
nearest,300.1923,50.3
cover,300.2335,3,1,2,0
nearest,300.2335,46.5
cover,300.2792,3,1,2,0
nearest,300.2792,42.4
cover,300.3196,2,1,1,0
nearest,300.3196,17.6
cover,300.3556,3,1,2,1
err,300.3556,9.0,8.62
timing,300.3556,8.3,26.2
gate,300.3556,166.8,1.0,0.18,0.0
det,300.3556,1271.12,799.5,34.75,81.0,0.858,Body
det,300.3556,1283.75,801.75,10.5,12.5,0.524,Head
det,300.3556,973.31,989.75,18.59,26.5,0.429,Body
cover,300.394,2,1,1,1
err,300.3941,7.75,7.17
timing,300.3941,8.2,27.9
gate,300.3941,166.8,1.0,0.18,0.0
det,300.3941,1270.75,799.75,35.0,80.5,0.863,Body
det,300.3941,1282.25,799.75,11.0,13.5,0.623,Head
cover,300.4351,2,1,1,1
err,300.4351,6.75,5.01
timing,300.4351,11.2,27.5
gate,300.4351,166.8,1.0,0.18,0.0
det,300.4351,1270.38,799.88,34.25,77.25,0.857,Body
det,300.4351,1281.5,799.38,10.5,10.25,0.593,Head
cover,300.4808,1,0,1,0
nearest,300.4809,-1
cover,300.5216,1,0,1,0
nearest,300.5217,-1
cover,300.5637,1,0,1,0
nearest,300.5637,-1
cover,300.6043,1,0,1,0
nearest,300.6044,-1
cover,300.6456,2,1,1,1
err,300.6456,8.5,19.58
timing,300.6456,15.4,25.0
gate,300.6456,166.8,1.0,0.18,0.0
det,300.6456,1271.75,812.12,34.0,79.75,0.859,Body
det,300.6456,1283.38,813.25,10.25,11.5,0.729,Head
cover,300.6831,2,1,1,1
err,300.6831,7.5,17.83
timing,300.6831,8.9,25.4
gate,300.6831,166.8,1.0,0.18,0.0
det,300.6831,1272.12,810.25,34.75,78.0,0.85,Body
det,300.6831,1281.75,811.5,11.5,11.5,0.615,Head
cover,300.7301,2,1,1,1
err,300.7301,9.0,11.09
timing,300.7301,13.2,31.0
gate,300.7301,166.8,1.0,0.18,0.0
det,300.7301,1272.0,803.5,34.5,78.5,0.875,Body
det,300.7301,1283.62,804.62,10.75,11.75,0.773,Head
cover,300.7738,2,1,1,0
nearest,300.7738,12.8
cover,300.8142,2,1,1,1
err,300.8142,7.25,5.06
timing,300.8142,8.4,30.6
gate,300.8142,166.8,1.0,0.18,0.0
det,300.8142,1271.0,798.5,34.0,79.0,0.872,Body
det,300.8142,1282.25,798.88,10.0,11.25,0.715,Head
cover,300.8571,2,1,1,0
nearest,300.8571,23.3
cover,300.8981,2,1,1,0
nearest,300.8982,38.9
cover,300.9384,2,1,1,0
nearest,300.9384,48.0
cover,300.9822,2,1,1,0
nearest,300.9823,48.1
cover,301.0178,2,1,1,0
nearest,301.0178,48.2
cover,301.0562,2,1,1,0
nearest,301.0562,46.6
cover,301.0942,3,1,2,1
err,301.0943,44.5,10.56
timing,301.0943,9.8,27.6
gate,301.0943,166.8,1.0,0.18,0.0
det,301.0943,1306.75,803.0,35.5,79.5,0.882,Body
det,301.0943,1319.5,804.38,10.0,11.25,0.843,Head
det,301.0943,1512.0,857.62,8.0,19.75,0.516,Body
cover,301.1407,2,1,1,1
err,301.1408,38.5,9.56
timing,301.1408,13.9,29.7
gate,301.1408,166.8,1.0,0.18,0.0
det,301.1408,1301.0,801.88,35.5,79.25,0.864,Body
det,301.1408,1313.5,803.38,10.0,11.25,0.771,Head
cover,301.1845,2,1,1,0
nearest,301.1845,31.3
cover,301.2263,2,1,1,0
nearest,301.2263,27.2
cover,301.2683,2,1,1,0
nearest,301.2684,24.1
cover,301.3061,2,1,1,0
nearest,301.3061,22.3
cover,301.3457,1,0,1,0
nearest,301.3457,-1
cover,301.3841,1,0,1,0
nearest,301.3842,-1
cover,301.4207,1,0,1,0
nearest,301.4207,-1
cover,301.4584,2,1,1,0
nearest,301.4585,27.1
cover,301.4947,1,0,1,0
nearest,301.4947,-1
cover,301.5351,2,1,1,1
err,301.5351,13.5,14.85
timing,301.5351,12.9,26.2
gate,301.5351,166.8,1.0,0.18,0.0
det,301.5351,1277.75,806.38,34.5,81.25,0.858,Body
det,301.5351,1288.25,808.25,10.5,12.0,0.588,Head
cover,301.576,2,1,1,1
err,301.5761,14.25,11.04
timing,301.5761,8.9,28.6
gate,301.5761,166.8,1.0,0.18,0.0
det,301.5761,1277.25,804.0,35.5,78.5,0.887,Body
det,301.5761,1289.0,805.12,10.5,10.75,0.751,Head
cover,301.6269,2,1,1,0
nearest,301.6269,32.8
cover,301.6703,2,1,1,0
nearest,301.6703,64.1
cover,301.7181,2,1,1,1
err,301.7182,70.5,11.04
timing,301.7182,11.8,34.7
gate,301.7182,166.8,1.0,0.18,0.0
det,301.7182,1333.25,804.0,34.5,79.0,0.863,Body
det,301.7182,1345.38,805.12,10.25,10.75,0.839,Head
cover,301.7702,2,1,1,1
err,301.7703,70.25,11.04
timing,301.7703,12.8,34.6
gate,301.7703,166.8,1.0,0.18,0.0
det,301.7703,1345.0,805.12,10.5,10.75,0.875,Head
det,301.7703,1333.12,803.75,34.75,79.5,0.865,Body
cover,301.819,2,1,1,1
err,301.8191,70.0,11.04
timing,301.8191,9.7,35.8
gate,301.8191,166.8,1.0,0.18,0.0
det,301.8191,1344.62,805.12,10.75,10.75,0.873,Head
det,301.8191,1333.12,803.88,34.75,79.25,0.863,Body
cover,301.8708,2,1,1,0
nearest,301.8708,67.4
cover,301.9129,2,1,1,0
nearest,301.913,52.6
cover,301.9701,2,1,1,0
nearest,301.9702,28.6
cover,302.0192,2,1,1,1
err,302.0194,8.0,7.16
timing,302.0194,14.1,33.8
gate,302.0194,166.8,1.0,0.18,0.0
det,302.0194,1270.38,799.25,35.25,82.0,0.873,Body
det,302.0194,1282.5,799.88,11.0,13.25,0.644,Head
cover,302.0632,2,1,1,1
err,302.0632,8.0,7.16
timing,302.0632,10.4,29.4
gate,302.0632,166.8,1.0,0.18,0.0
det,302.0632,1270.25,799.38,35.5,82.25,0.875,Body
det,302.0632,1282.62,799.88,10.75,13.25,0.65,Head
cover,302.1107,2,1,1,1
err,302.1108,8.0,7.14
timing,302.1108,12.3,32.6
gate,302.1108,166.8,1.0,0.18,0.0
det,302.1108,1270.25,799.62,35.5,81.75,0.875,Body
det,302.1108,1282.62,800.12,10.75,12.75,0.661,Head
cover,302.1548,2,1,1,1
err,302.1549,8.0,7.4
timing,302.1549,11.8,29.5
gate,302.1549,166.8,1.0,0.18,0.0
det,302.1549,1270.25,799.25,35.5,82.0,0.873,Body
det,302.1549,1282.62,800.25,10.75,13.0,0.642,Head
cover,302.1953,3,1,2,1
err,302.1953,5.25,6.61
timing,302.1953,10.7,27.2
gate,302.1953,166.8,1.0,0.18,0.0
det,302.1953,1267.25,798.0,35.5,82.0,0.876,Body
det,302.1953,1280.0,799.88,10.5,12.25,0.708,Head
det,302.1953,1490.25,848.62,13.5,31.75,0.451,Body
cover,302.2407,1,0,1,0
nearest,302.2407,-1
cover,302.2809,2,1,1,0
nearest,302.2809,26.7
cover,302.3223,2,1,1,1
err,302.3223,-0.5,19.71
timing,302.3223,13.4,26.3
gate,302.3223,166.8,1.0,0.18,0.0
det,302.3223,1261.62,811.5,35.75,83.5,0.88,Body
det,302.3223,1273.62,811.88,11.75,14.25,0.777,Head
cover,302.3669,2,1,1,1
err,302.3669,-2.25,15.2
timing,302.3669,9.6,31.3
gate,302.3669,166.8,1.0,0.18,0.0
det,302.3669,1261.38,806.5,34.25,83.0,0.877,Body
det,302.3669,1272.75,807.5,10.0,14.0,0.54,Head
cover,302.4107,2,1,1,0
nearest,302.4107,13.7
cover,302.4489,1,0,1,0
nearest,302.4489,-1
cover,302.4876,2,1,1,0
nearest,302.4876,12.1
cover,302.5317,2,1,1,0
nearest,302.5317,26.6
cover,302.572,2,1,1,0
nearest,302.5721,64.1
cover,302.6212,2,1,1,0
nearest,302.6214,72.8
cover,302.6792,2,1,1,0
nearest,302.6793,72.8
cover,302.7247,2,1,1,0
nearest,302.7248,71.5
cover,302.7662,2,1,1,0
nearest,302.7662,44.5
cover,302.8106,2,1,1,0
nearest,302.8106,21.9
cover,302.8494,1,0,1,0
nearest,302.8495,-1
cover,302.8985,1,0,1,0
nearest,302.8985,-1
cover,302.9366,1,0,1,0
nearest,302.9366,-1
cover,302.9771,2,1,1,1
err,302.9771,6.75,5.27
timing,302.9771,9.9,29.9
gate,302.9771,166.8,1.0,0.18,0.0
det,302.9771,1270.38,800.62,34.25,76.75,0.853,Body
det,302.9771,1281.75,799.5,10.0,10.5,0.478,Head
cover,303.0256,2,1,1,1
err,303.0257,6.75,5.27
timing,303.0257,9.9,35.7
gate,303.0257,166.8,1.0,0.18,0.0
det,303.0257,1270.38,800.62,34.25,76.75,0.852,Body
det,303.0257,1281.75,799.5,10.0,10.5,0.49,Head
cover,303.0689,2,1,1,1
err,303.069,6.0,5.08
timing,303.069,11.9,28.8
gate,303.069,166.8,1.0,0.18,0.0
det,303.069,1269.5,797.62,34.5,78.75,0.853,Body
det,303.069,1280.38,798.75,11.25,11.5,0.734,Head
cover,303.1049,2,1,1,1
err,303.1049,6.0,5.08
timing,303.1049,7.3,25.9
gate,303.1049,166.8,1.0,0.18,0.0
det,303.1049,1269.5,797.62,34.5,78.75,0.852,Body
det,303.1049,1280.38,798.75,11.25,11.5,0.724,Head
cover,303.1473,2,1,1,1
err,303.1474,5.0,22.1
timing,303.1474,10.1,29.4
gate,303.1474,166.8,1.0,0.18,0.0
det,303.1474,1269.5,814.5,35.0,80.5,0.857,Body
det,303.1474,1279.38,815.5,11.25,12.0,0.547,Head
cover,303.1951,2,1,1,1
err,303.1951,1.75,10.09
timing,303.1951,13.9,31.6
gate,303.1951,166.8,1.0,0.18,0.0
det,303.1951,1269.0,803.12,35.0,86.75,0.873,Body
det,303.1951,1276.25,803.62,11.0,11.75,0.628,Head
cover,303.2349,2,1,1,1
err,303.2349,6.0,11.8
timing,303.2349,8.6,28.2
gate,303.2349,166.8,1.0,0.18,0.0
det,303.2349,1269.0,804.5,35.0,80.0,0.841,Body
det,303.2349,1280.88,805.75,10.25,11.0,0.498,Head
cover,303.277,2,1,1,1
err,303.277,12.5,7.09
timing,303.277,12.5,26.7
gate,303.277,166.8,1.0,0.18,0.0
det,303.277,1274.62,799.25,34.75,81.5,0.88,Body
det,303.277,1286.88,800.62,11.25,11.75,0.722,Head
cover,303.3269,2,1,1,1
err,303.327,41.0,8.09
timing,303.327,16.0,31.3
gate,303.327,166.8,1.0,0.18,0.0
det,303.327,1304.62,800.25,35.75,79.5,0.863,Body
det,303.327,1315.62,801.62,10.75,11.75,0.558,Head
cover,303.3723,2,1,1,1
err,303.3723,68.5,8.08
timing,303.3723,12.4,29.2
gate,303.3723,166.8,1.0,0.18,0.0
det,303.3723,1331.0,800.38,35.5,81.25,0.877,Body
det,303.3723,1343.12,801.75,10.75,11.5,0.748,Head
cover,303.4148,2,1,1,0
nearest,303.4148,76.3
cover,303.4523,2,1,1,1
err,303.4524,86.25,11.09
timing,303.4524,8.2,27.6
gate,303.4524,166.8,1.0,0.18,0.0
det,303.4524,1350.62,803.62,34.75,79.75,0.861,Body
det,303.4524,1361.0,804.62,10.5,11.75,0.622,Head
cover,303.4933,2,1,1,0
nearest,303.4933,92.3
cover,303.5406,2,1,1,1
err,303.5407,94.75,13.06
timing,303.5407,15.2,29.8
gate,303.5407,166.8,1.0,0.18,0.0
det,303.5407,1357.5,805.25,35.5,80.5,0.897,Body
det,303.5407,1369.75,806.88,10.0,11.25,0.723,Head
cover,303.5882,2,1,1,1
err,303.5882,98.0,13.02
timing,303.5882,14.3,30.3
gate,303.5882,166.8,1.0,0.18,0.0
det,303.5882,1360.62,805.62,34.75,80.75,0.875,Body
det,303.5882,1373.0,807.25,10.0,10.5,0.716,Head
cover,303.6337,2,1,1,1
err,303.6337,98.5,13.04
timing,303.6337,13.9,29.0
gate,303.6337,166.8,1.0,0.18,0.0
det,303.6337,1361.25,806.0,35.0,80.0,0.842,Body
det,303.6337,1373.5,807.12,10.0,10.75,0.65,Head
cover,303.6762,2,1,1,1
err,303.6762,110.5,15.09
timing,303.6762,12.3,27.2
gate,303.6762,166.8,1.0,0.18,0.0
det,303.6762,1372.12,807.38,38.75,90.25,0.891,Body
det,303.6762,1385.38,808.62,10.25,11.75,0.722,Head
cover,303.7192,2,1,1,1
err,303.7192,176.75,26.55
timing,303.7192,11.7,28.0
gate,303.7192,166.8,1.0,0.18,0.0
det,303.7192,1425.12,812.88,63.75,147.25,0.827,Body
det,303.7192,1448.5,815.0,16.5,21.0,0.77,Head
cover,303.756,2,1,1,1
err,303.756,167.0,24.94
timing,303.756,7.7,26.8
gate,303.756,166.8,1.0,0.18,0.0
det,303.756,1417.38,813.5,63.25,145.5,0.895,Body
det,303.756,1439.12,814.62,15.75,18.75,0.731,Head
cover,303.8043,2,1,1,1
err,303.8044,156.75,22.44
timing,303.8044,15.5,30.0
gate,303.8044,166.8,1.0,0.18,0.0
det,303.8044,1405.38,811.12,63.25,145.75,0.86,Body
det,303.8044,1429.0,812.12,15.5,18.75,0.838,Head
cover,303.846,2,1,1,1
err,303.8461,140.75,19.99
timing,303.8461,10.0,29.2
gate,303.8461,166.8,1.0,0.18,0.0
det,303.8461,1390.62,810.0,61.75,143.5,0.846,Body
det,303.8461,1413.5,809.12,14.5,19.75,0.835,Head
cover,303.8902,2,1,1,1
err,303.8903,107.25,14.51
timing,303.8903,9.8,31.1
gate,303.8903,166.8,1.0,0.18,0.0
det,303.8903,1356.88,801.88,62.25,144.25,0.885,Body
det,303.8903,1379.25,803.38,16.0,20.25,0.786,Head
cover,303.9318,2,1,1,1
err,303.9319,56.5,4.23
timing,303.9319,11.0,27.8
gate,303.9319,166.8,1.0,0.18,0.0
det,303.9319,1306.62,792.62,61.75,144.75,0.841,Body
det,303.9319,1329.12,793.5,14.75,19.5,0.825,Head
cover,303.9787,2,1,1,1
err,303.9788,13.25,-1.05
timing,303.9788,14.7,29.0
gate,303.9788,166.8,1.0,0.18,0.0
det,303.9788,1262.75,787.88,63.5,145.25,0.803,Body
det,303.9788,1286.25,788.5,14.0,19.0,0.65,Head
cover,304.0215,2,1,1,1
err,304.0216,13.25,-1.05
timing,304.0216,11.9,28.6
gate,304.0216,166.8,1.0,0.18,0.0
det,304.0216,1262.88,788.0,63.25,145.5,0.812,Body
det,304.0216,1286.25,788.5,14.0,19.0,0.659,Head
cover,304.0589,2,1,1,1
err,304.0589,19.0,0.0
timing,304.0589,7.1,27.7
gate,304.0589,166.8,1.0,0.18,0.0
det,304.0589,1267.0,788.5,63.5,144.0,0.841,Body
det,304.0589,1290.75,789.0,16.5,20.0,0.753,Head
cover,304.1053,2,0,2,0
nearest,304.1053,-1
cover,304.1535,2,1,1,1
err,304.1536,24.5,25.49
timing,304.1536,15.1,31.4
gate,304.1536,166.8,1.0,0.18,0.0
det,304.1536,1274.62,812.88,61.75,146.25,0.871,Body
det,304.1536,1296.12,814.62,16.75,19.75,0.703,Head
cover,304.204,3,1,2,1
err,304.204,24.25,15.99
timing,304.204,14.9,33.1
gate,304.204,166.8,1.0,0.18,0.0
det,304.204,1296.75,805.12,15.0,19.75,0.756,Head
det,304.204,1312.88,884.62,18.25,58.75,0.531,Body
det,304.204,1274.62,802.75,60.75,145.5,0.4,Body
cover,304.2515,2,1,1,1
err,304.2515,25.5,7.41
timing,304.2515,16.1,28.3
gate,304.2515,166.8,1.0,0.18,0.0
det,304.2515,1276.75,795.5,61.0,146.0,0.851,Body
det,304.2515,1298.12,797.38,14.75,18.25,0.716,Head
cover,304.2921,2,1,1,1
err,304.2921,61.0,4.5
timing,304.2921,7.9,29.1
gate,304.2921,166.8,1.0,0.18,0.0
det,304.2921,1310.88,793.38,63.25,146.25,0.821,Body
det,304.2921,1333.12,793.5,15.75,20.0,0.798,Head
cover,304.3395,2,1,1,1
err,304.3396,114.0,8.0
timing,304.3396,14.4,29.3
gate,304.3396,166.8,1.0,0.18,0.0
det,304.3396,1362.5,796.0,63.0,143.0,0.765,Body
det,304.3396,1385.62,797.0,16.75,20.0,0.607,Head
cover,304.3807,2,1,1,1
err,304.3808,169.0,14.5
timing,304.3808,12.1,26.0
gate,304.3808,166.8,1.0,0.18,0.0
det,304.3808,1419.0,803.0,62.0,147.0,0.857,Body
det,304.3808,1441.38,803.5,15.25,20.0,0.801,Head
cover,304.4228,2,1,1,1
err,304.4228,175.5,16.27
timing,304.4228,8.4,29.1
gate,304.4228,166.8,1.0,0.18,0.0
det,304.4228,1447.38,805.0,16.25,20.5,0.853,Head
det,304.4228,1425.12,804.0,62.75,148.5,0.834,Body
cover,304.4668,2,1,1,1
err,304.4668,175.5,16.27
timing,304.4668,13.2,27.5
gate,304.4668,166.8,1.0,0.18,0.0
det,304.4668,1447.25,805.0,16.5,20.5,0.853,Head
det,304.4668,1425.12,804.0,62.75,148.0,0.833,Body
cover,304.5043,2,1,1,1
err,304.5044,175.5,16.27
timing,304.5044,7.0,28.5
gate,304.5044,166.8,1.0,0.18,0.0
det,304.5044,1447.25,805.0,16.5,20.5,0.851,Head
det,304.5044,1425.5,804.0,62.5,148.5,0.829,Body
cover,304.5493,2,1,1,1
err,304.5494,156.5,14.48
timing,304.5494,17.0,26.5
gate,304.5494,166.8,1.0,0.18,0.0
det,304.5494,1404.5,803.62,64.0,147.75,0.865,Body
det,304.5494,1428.62,803.75,15.75,19.5,0.827,Head
cover,304.5902,2,1,1,1
err,304.5903,112.5,14.98
timing,304.5903,9.2,28.7
gate,304.5903,166.8,1.0,0.18,0.0
det,304.5903,1362.25,804.12,62.5,136.75,0.867,Body
det,304.5903,1384.5,804.25,16.0,19.5,0.854,Head
cover,304.6248,2,1,1,1
err,304.6249,78.5,12.04
timing,304.6249,6.7,25.2
gate,304.6249,166.8,1.0,0.18,0.0
det,304.6249,1328.25,800.75,63.5,141.5,0.871,Body
det,304.6249,1350.38,800.62,16.25,20.75,0.81,Head
cover,304.6725,3,1,2,1
err,304.6726,21.0,1.73
timing,304.6726,17.6,27.4
gate,304.6726,166.8,1.0,0.18,0.0
det,304.6726,1293.62,791.0,14.75,19.5,0.811,Head
det,304.6726,1269.12,790.0,62.75,145.0,0.795,Body
det,304.6726,1307.88,866.25,19.25,65.5,0.548,Body
cover,304.7153,1,0,1,0
nearest,304.7153,-1
cover,304.7573,2,1,1,1
err,304.7573,-9.0,-3.44
timing,304.7573,10.8,30.0
gate,304.7573,166.8,1.0,0.18,0.0
det,304.7573,1239.75,785.25,64.5,146.0,0.881,Body
det,304.7573,1262.62,784.88,16.75,21.25,0.739,Head
cover,304.8052,2,1,1,1
err,304.8052,-9.0,-3.45
timing,304.8052,14.6,30.2
gate,304.8052,166.8,1.0,0.18,0.0
det,304.8052,1239.75,784.88,64.5,146.25,0.876,Body
det,304.8052,1262.62,785.0,16.75,21.0,0.727,Head
cover,304.8489,2,1,1,1
err,304.8489,-7.5,-4.02
timing,304.8489,14.1,27.0
gate,304.8489,166.8,1.0,0.18,0.0
det,304.8489,1242.0,784.62,63.0,146.75,0.883,Body
det,304.8489,1264.25,785.25,16.5,19.5,0.731,Head
cover,304.8904,2,1,1,1
err,304.8905,-7.5,-4.05
timing,304.8905,12.4,26.9
gate,304.8905,166.8,1.0,0.18,0.0
det,304.8905,1242.12,784.38,62.75,147.25,0.884,Body
det,304.8905,1264.25,785.5,16.5,19.0,0.757,Head
cover,304.9454,2,1,1,1
err,304.9455,-7.5,30.9
timing,304.9455,20.9,31.4
gate,304.9455,166.8,1.0,0.18,0.0
det,304.9455,1264.0,821.0,17.0,18.0,0.714,Head
det,304.9455,1240.88,819.12,63.25,147.75,0.701,Body
cover,304.9943,0,0,0,0
nearest,304.9944,-1
cover,305.0489,0,0,0,0
nearest,305.0489,-1
cover,305.0988,0,0,0,0
nearest,305.0988,-1
cover,305.1395,1,0,1,0
nearest,305.1395,-1
cover,305.1819,1,0,1,0
nearest,305.1819,-1
cover,305.2251,0,0,0,0
nearest,305.2252,-1
cover,305.2632,0,0,0,0
nearest,305.2632,-1
cover,305.3061,0,0,0,0
nearest,305.3062,-1
cover,305.3472,0,0,0,0
nearest,305.3472,-1
cover,305.3937,0,0,0,0
nearest,305.3937,-1
cover,305.4383,0,0,0,0
nearest,305.4384,-1
cover,305.4773,1,0,1,0
nearest,305.4773,-1
cover,305.5253,0,0,0,0
nearest,305.5253,-1
cover,305.5662,0,0,0,0
nearest,305.5662,-1
cover,305.6061,0,0,0,0
nearest,305.6062,-1
cover,305.6438,0,0,0,0
nearest,305.6438,-1
cover,305.6839,0,0,0,0
nearest,305.6839,-1
cover,305.7284,1,0,1,0
nearest,305.7285,-1
cover,305.7743,1,0,1,0
nearest,305.7744,-1
cover,305.8191,1,1,0,1
err,305.8192,44.0,43.35
timing,305.8192,11.8,31.4
gate,305.8192,166.8,1.0,0.18,0.0
det,305.8192,1302.62,814.75,42.75,52.0,0.784,Head
cover,305.8895,3,2,1,1
err,305.8896,31.0,138.38
timing,305.8896,17.1,44.5
gate,305.8896,166.8,1.0,0.18,0.0
det,305.8896,1297.38,920.5,27.25,32.5,0.711,Head
det,305.8896,1256.75,910.0,125.5,212.0,0.634,Body
det,305.8896,1329.62,807.75,40.75,52.0,0.488,Head
cover,305.931,0,0,0,0
nearest,305.931,-1
cover,305.9763,1,0,1,0
nearest,305.9764,-1
cover,306.0179,1,0,1,0
nearest,306.0179,-1
cover,306.0579,2,1,1,1
err,306.058,-29.5,30.81
timing,306.058,9.7,29.4
gate,306.058,166.8,1.0,0.18,0.0
det,306.058,1228.88,805.38,43.25,46.25,0.638,Head
det,306.058,1165.44,915.75,113.62,208.5,0.524,Body
cover,306.101,3,1,2,1
err,306.1011,-38.75,45.16
timing,306.1011,12.3,28.0
gate,306.1011,166.8,1.0,0.18,0.0
det,306.1011,1220.25,815.88,42.0,53.25,0.658,Head
det,306.1011,1149.06,892.12,139.38,230.75,0.527,Body
det,306.1011,1511.5,855.62,8.0,21.75,0.471,Body
cover,306.1472,2,1,1,1
err,306.1472,-45.75,50.5
timing,306.1472,14.3,28.6
gate,306.1472,166.8,1.0,0.18,0.0
det,306.1472,1212.69,823.0,43.12,50.0,0.742,Head
det,306.1472,1139.75,922.0,126.25,199.0,0.432,Body
cover,306.1866,2,1,1,1
err,306.1866,-46.5,50.59
timing,306.1866,7.3,29.8
gate,306.1866,166.8,1.0,0.18,0.0
det,306.1866,1212.88,822.12,41.25,51.75,0.77,Head
det,306.1866,1139.19,920.0,127.62,201.0,0.432,Body
cover,306.2299,2,1,1,1
err,306.2299,-45.75,71.06
timing,306.2299,12.1,28.7
gate,306.2299,166.8,1.0,0.18,0.0
det,306.2299,1212.81,842.88,42.88,51.25,0.594,Head
det,306.2299,1150.5,856.5,146.5,273.0,0.503,Body
cover,306.2736,2,1,1,1
err,306.2736,-20.5,56.15
timing,306.2736,12.0,29.1
gate,306.2736,166.8,1.0,0.18,0.0
det,306.2736,1238.25,827.0,42.5,53.0,0.541,Head
det,306.2736,1173.06,830.88,155.38,313.25,0.499,Body
cover,306.3162,2,1,1,1
err,306.3163,-51.5,142.11
timing,306.3163,10.3,30.0
gate,306.3163,166.8,1.0,0.18,0.0
det,306.3163,1184.31,901.12,134.38,224.75,0.531,Body
det,306.3163,1215.44,924.38,26.12,32.25,0.457,Head
cover,306.3637,2,1,1,1
err,306.3638,-50.5,138.64
timing,306.3638,13.4,31.4
gate,306.3638,166.8,1.0,0.18,0.0
det,306.3638,1215.81,920.62,27.38,32.75,0.761,Head
det,306.3638,1176.31,910.0,130.38,212.0,0.643,Body
cover,306.4053,2,1,1,1
err,306.4053,-50.25,133.69
timing,306.4053,11.3,27.4
gate,306.4053,166.8,1.0,0.18,0.0
det,306.4053,1215.44,915.12,28.62,33.75,0.643,Head
det,306.4053,1171.5,901.25,136.5,221.5,0.527,Body
cover,306.4478,1,0,1,0
nearest,306.4478,-1
cover,306.4854,1,0,1,0
nearest,306.4854,-1
cover,306.5231,0,0,0,0
nearest,306.5231,-1
cover,306.5644,1,0,1,0
nearest,306.5644,-1
cover,306.6073,0,0,0,0
nearest,306.6073,-1
cover,306.6538,1,0,1,0
nearest,306.6538,-1
cover,306.6996,0,0,0,0
nearest,306.6996,-1
cover,306.7452,2,0,2,0
nearest,306.7452,-1
cover,306.7845,2,0,2,0
nearest,306.7846,-1
cover,306.8265,2,0,2,0
nearest,306.8265,-1
cover,306.8667,0,0,0,0
nearest,306.8667,-1
cover,306.91,2,1,1,1
err,306.91,109.5,50.21
timing,306.91,12.6,29.5
gate,306.91,166.8,1.0,0.18,0.0
det,306.91,1364.0,842.5,48.5,104.5,0.887,Body
det,306.91,1383.38,842.38,12.25,14.25,0.816,Head
cover,306.9538,2,1,1,1
err,306.9539,-106.75,19.98
timing,306.9539,11.4,29.6
gate,306.9539,166.8,1.0,0.18,0.0
det,306.9539,1147.56,811.38,46.38,103.25,0.875,Body
det,306.9539,1167.38,812.0,11.75,14.5,0.871,Head
cover,306.9952,3,1,2,1
err,306.9954,-151.0,3.95
timing,306.9954,13.4,25.4
gate,306.9954,166.8,1.0,0.18,0.0
det,306.9954,1105.06,795.25,46.38,103.5,0.864,Body
det,306.9954,1123.12,796.25,11.75,14.0,0.808,Head
det,306.9954,1514.0,858.88,9.0,19.25,0.422,Body
cover,307.0345,2,1,1,1
err,307.0346,-84.88,-9.3
timing,307.0346,8.6,28.0
gate,307.0346,166.8,1.0,0.18,0.0
det,307.0346,1168.25,781.75,49.5,105.0,0.884,Body
det,307.0346,1189.12,783.0,12.0,14.0,0.78,Head
cover,307.0719,2,1,1,1
err,307.0719,-12.0,-7.3
timing,307.0719,7.4,27.7
gate,307.0719,166.8,1.0,0.18,0.0
det,307.0719,1242.25,785.0,46.5,100.5,0.855,Body
det,307.0719,1261.62,785.0,12.75,14.0,0.785,Head
cover,307.112,2,1,1,1
err,307.1121,54.75,3.42
timing,307.1121,10.1,27.2
gate,307.1121,166.8,1.0,0.18,0.0
det,307.1121,1310.5,795.38,47.0,103.25,0.865,Body
det,307.1121,1329.0,796.0,11.5,13.5,0.793,Head
cover,307.1613,2,1,1,1
err,307.1614,85.25,11.71
timing,307.1614,13.9,32.6
gate,307.1614,166.8,1.0,0.18,0.0
det,307.1614,1340.5,803.38,46.5,102.25,0.848,Body
det,307.1614,1359.5,803.88,11.5,14.25,0.833,Head
cover,307.2021,2,1,1,1
err,307.2022,84.5,11.74
timing,307.2022,11.1,26.0
gate,307.2022,166.8,1.0,0.18,0.0
det,307.2022,1339.0,803.75,47.0,102.0,0.873,Body
det,307.2022,1358.38,803.62,12.25,14.75,0.801,Head
cover,307.2425,2,1,1,1
err,307.2425,83.0,12.2
timing,307.2425,6.6,31.3
gate,307.2425,166.8,1.0,0.18,0.0
det,307.2425,1337.5,806.25,47.0,100.0,0.801,Body
det,307.2425,1357.25,804.5,11.5,14.0,0.478,Head
cover,307.2844,2,1,1,1
err,307.2846,84.5,11.74
timing,307.2846,11.4,27.8
gate,307.2845,166.8,1.0,0.18,0.0
det,307.2846,1339.12,803.38,46.75,102.25,0.869,Body
det,307.2846,1358.38,803.62,12.25,14.75,0.796,Head
cover,307.3265,2,1,1,1
err,307.3265,83.0,12.21
timing,307.3265,12.2,26.8
gate,307.3265,166.8,1.0,0.18,0.0
det,307.3265,1337.5,805.88,47.0,101.25,0.839,Body
det,307.3265,1357.25,804.38,11.5,14.25,0.548,Head
cover,307.3675,2,1,1,1
err,307.3675,62.25,12.9
timing,307.3675,11.8,26.9
gate,307.3675,166.8,1.0,0.18,0.0
det,307.3675,1316.62,804.88,47.75,102.25,0.901,Body
det,307.3675,1336.5,805.75,11.5,13.0,0.784,Head
cover,307.409,2,1,1,1
err,307.4091,65.0,15.39
timing,307.4091,8.3,30.0
gate,307.4091,166.8,1.0,0.18,0.0
det,307.4091,1313.12,805.62,60.75,133.75,0.889,Body
det,307.4091,1337.38,805.62,15.25,17.75,0.806,Head
cover,307.4529,3,1,2,1
err,307.453,77.5,20.33
timing,307.453,12.3,28.9
gate,307.453,166.8,1.0,0.18,0.0
det,307.453,1347.12,805.75,20.75,26.5,0.685,Head
det,307.453,1312.25,805.0,85.5,189.0,0.65,Body
det,307.453,1371.38,912.38,25.25,76.25,0.467,Body
cover,307.4947,2,1,1,1
err,307.4947,57.5,17.49
timing,307.4947,12.3,24.8
gate,307.4947,166.8,1.0,0.18,0.0
det,307.4947,1294.25,808.5,83.5,184.0,0.794,Body
det,307.4947,1326.38,801.12,22.25,29.75,0.626,Head
cover,307.5444,2,1,1,1
err,307.5445,42.75,43.83
timing,307.5445,12.4,33.8
gate,307.5445,166.8,1.0,0.18,0.0
det,307.5445,1282.88,827.62,80.25,191.75,0.786,Body
det,307.5445,1312.75,829.25,20.0,26.5,0.691,Head
cover,307.5859,2,1,1,1
err,307.586,10.0,21.49
timing,307.586,11.2,26.9
gate,307.586,166.8,1.0,0.18,0.0
det,307.586,1249.75,805.0,81.0,189.5,0.675,Body
det,307.586,1279.25,805.12,21.5,29.75,0.652,Head
cover,307.6218,3,1,2,1
err,307.6219,-27.5,4.67
timing,307.6219,7.2,26.5
gate,307.6219,166.8,1.0,0.18,0.0
det,307.6219,1241.0,789.0,23.0,28.5,0.808,Head
det,307.6219,1264.88,895.88,24.25,76.25,0.744,Body
det,307.6219,1210.62,788.5,80.75,184.0,0.649,Body
cover,307.6659,3,1,2,1
err,307.666,-34.5,-4.8
timing,307.666,14.2,26.8
gate,307.666,166.8,1.0,0.18,0.0
det,307.666,1234.88,779.25,21.25,29.0,0.773,Head
det,307.666,1258.88,884.75,25.25,77.5,0.733,Body
det,307.666,1204.25,779.25,80.5,186.0,0.557,Body
cover,307.715,3,1,2,1
err,307.7151,-35.0,-11.64
timing,307.7151,19.9,26.5
gate,307.7151,166.8,1.0,0.18,0.0
det,307.7151,1234.5,773.38,21.0,27.25,0.68,Head
det,307.7151,1203.0,773.5,82.0,185.0,0.503,Body
det,307.7151,1255.12,794.12,27.75,50.75,0.458,Body
cover,307.7623,2,1,1,1
err,307.7623,-25.5,-11.35
timing,307.7623,12.3,32.2
gate,307.7623,166.8,1.0,0.18,0.0
det,307.7623,1215.56,775.25,79.88,188.5,0.779,Body
det,307.7623,1244.0,773.25,21.0,28.0,0.697,Head
cover,307.805,2,1,1,1
err,307.8051,-8.0,-10.19
timing,307.8051,9.5,30.1
gate,307.8051,166.8,1.0,0.18,0.0
det,307.8051,1227.5,775.88,84.5,190.25,0.82,Body
det,307.8051,1260.88,775.38,22.25,26.25,0.631,Head
cover,307.8512,4,1,3,1
err,307.8513,1.5,-3.98
timing,307.8513,12.3,31.1
gate,307.8512,166.8,1.0,0.18,0.0
det,307.8513,1294.62,886.12,22.75,75.75,0.698,Body
det,307.8513,1240.25,777.38,82.0,190.25,0.652,Body
det,307.8513,1269.38,779.25,24.25,30.5,0.614,Head
det,307.8513,1236.75,892.12,27.0,66.75,0.604,Body
cover,307.8953,4,1,3,1
err,307.8953,16.5,-1.64
timing,307.8953,12.4,28.9
gate,307.8953,166.8,1.0,0.18,0.0
det,307.8953,1309.0,891.62,24.0,75.75,0.764,Body
det,307.8953,1286.25,783.38,20.5,27.25,0.712,Head
det,307.8953,1256.25,786.75,79.5,169.5,0.622,Body
det,307.8953,1250.38,896.75,28.25,67.0,0.575,Body
cover,307.9379,4,1,3,1
err,307.9379,16.5,-1.64
timing,307.9379,11.2,28.8
gate,307.9379,166.8,1.0,0.18,0.0
det,307.9379,1309.0,891.62,24.0,75.75,0.764,Body
det,307.9379,1286.12,783.38,20.75,27.25,0.697,Head
det,307.9379,1256.38,788.0,79.25,170.0,0.625,Body
det,307.9379,1250.38,896.38,28.25,67.25,0.612,Body
cover,307.9848,4,1,3,1
err,307.9848,16.5,-1.64
timing,307.9848,16.1,28.0
gate,307.9848,166.8,1.0,0.18,0.0
det,307.9848,1308.88,891.62,24.25,75.75,0.761,Body
det,307.9848,1286.12,783.38,20.75,27.25,0.702,Head
det,307.9848,1256.25,788.5,79.5,171.0,0.648,Body
det,307.9848,1250.25,896.12,28.5,67.75,0.526,Body
cover,308.029,3,0,3,0
nearest,308.029,-1
cover,308.0642,4,0,4,0
nearest,308.0642,-1
cover,308.1009,4,0,4,0
nearest,308.1009,-1
cover,308.1367,4,0,4,0
nearest,308.1368,-1
cover,308.1726,3,1,2,1
err,308.1726,-2.5,34.41
timing,308.1726,7.6,27.5
gate,308.1726,166.8,1.0,0.18,0.0
det,308.1726,1267.38,818.88,20.25,28.25,0.622,Head
det,308.1726,1233.38,817.5,87.25,194.5,0.559,Body
det,308.1726,1292.0,923.12,24.0,78.75,0.419,Body
cover,308.2165,1,0,1,0
nearest,308.2165,-1
cover,308.2536,0,0,0,0
nearest,308.2536,-1
cover,308.297,0,0,0,0
nearest,308.2971,-1
cover,308.3351,0,0,0,0
nearest,308.3351,-1
cover,308.3754,0,0,0,0
nearest,308.3754,-1
cover,308.4148,0,0,0,0
nearest,308.4148,-1
cover,308.4513,0,0,0,0
nearest,308.4513,-1
cover,308.4913,0,0,0,0
nearest,308.4913,-1
cover,308.5343,0,0,0,0
nearest,308.5343,-1
cover,308.5752,0,0,0,0
nearest,308.5752,-1
cover,308.6104,0,0,0,0
nearest,308.6104,-1
cover,308.6461,0,0,0,0
nearest,308.6461,-1
cover,308.6826,0,0,0,0
nearest,308.6827,-1
cover,308.7206,2,1,1,1
err,308.7207,259.0,10.33
timing,308.7207,11.1,25.9
gate,308.7207,166.8,1.0,0.18,0.0
det,308.7207,1510.75,801.0,54.5,119.0,0.88,Body
det,308.7207,1532.25,801.25,13.5,16.5,0.758,Head
cover,308.7639,2,1,1,1
err,308.7639,176.0,2.1
timing,308.7639,12.0,28.2
gate,308.7639,166.8,1.0,0.18,0.0
det,308.7639,1428.0,793.0,53.5,115.5,0.9,Body
det,308.7639,1449.5,792.75,13.0,17.0,0.846,Head
cover,308.8074,2,1,1,1
err,308.8074,106.25,-3.76
timing,308.8074,14.9,25.5
gate,308.8074,166.8,1.0,0.18,0.0
det,308.8074,1359.12,787.88,51.75,114.25,0.86,Body
det,308.8074,1380.25,788.12,12.0,14.75,0.752,Head
cover,308.8464,2,1,1,1
err,308.8465,97.5,-1.74
timing,308.8465,7.7,28.8
gate,308.8465,166.8,1.0,0.18,0.0
det,308.8465,1350.62,788.88,51.75,117.25,0.905,Body
det,308.8465,1371.38,789.88,12.25,15.25,0.829,Head
cover,308.8869,3,1,2,1
err,308.8869,101.75,-3.29
timing,308.8869,12.5,25.3
gate,308.8869,166.8,1.0,0.18,0.0
det,308.8869,1375.75,788.88,12.0,14.25,0.858,Head
det,308.8869,1356.0,787.88,50.5,114.25,0.817,Body
det,308.8869,1389.5,850.0,14.5,42.5,0.464,Body
cover,308.9416,2,1,1,0
nearest,308.9416,102.0
cover,308.9991,2,1,1,0
nearest,308.9992,103.0
cover,309.0536,2,1,1,0
nearest,309.0536,103.0
cover,309.1076,2,1,1,0
nearest,309.1076,103.0
cover,309.1596,0,0,0,0
nearest,309.1596,-1
cover,309.21,0,0,0,0
nearest,309.2101,-1
cover,309.2544,0,0,0,0
nearest,309.2544,-1
cover,309.3113,0,0,0,0
nearest,309.3113,-1
cover,309.3637,0,0,0,0
nearest,309.3637,-1
cover,309.4216,0,0,0,0
nearest,309.4216,-1
cover,309.4743,0,0,0,0
nearest,309.4743,-1
cover,309.5227,0,0,0,0
nearest,309.5228,-1
cover,309.5682,0,0,0,0
nearest,309.5682,-1
cover,309.627,0,0,0,0
nearest,309.627,-1
cover,309.6776,0,0,0,0
nearest,309.6776,-1
cover,309.7221,0,0,0,0
nearest,309.7221,-1
cover,309.7644,0,0,0,0
nearest,309.7645,-1
cover,309.8059,0,0,0,0
nearest,309.8059,-1
cover,309.8473,0,0,0,0
nearest,309.8473,-1
cover,309.8915,0,0,0,0
nearest,309.8915,-1
cover,309.948,0,0,0,0
nearest,309.948,-1
cover,310.004,0,0,0,0
nearest,310.004,-1
cover,310.056,0,0,0,0
nearest,310.056,-1
cover,310.1006,0,0,0,0
nearest,310.1006,-1
cover,310.1374,0,0,0,0
nearest,310.1374,-1
cover,310.1892,0,0,0,0
nearest,310.1893,-1
cover,310.2317,0,0,0,0
nearest,310.2317,-1
cover,310.2847,0,0,0,0
nearest,310.2847,-1
cover,310.331,0,0,0,0
nearest,310.3311,-1
cover,310.3872,0,0,0,0
nearest,310.3872,-1
cover,310.4257,0,0,0,0
nearest,310.4258,-1
cover,310.4799,0,0,0,0
nearest,310.4799,-1
cover,310.5327,0,0,0,0
nearest,310.5327,-1
cover,310.5856,0,0,0,0
nearest,310.5856,-1
cover,310.6231,0,0,0,0
nearest,310.6231,-1
cover,310.6719,0,0,0,0
nearest,310.672,-1
cover,310.7104,0,0,0,0
nearest,310.7104,-1
cover,310.7598,0,0,0,0
nearest,310.7598,-1
cover,310.8142,0,0,0,0
nearest,310.8143,-1
cover,310.8544,0,0,0,0
nearest,310.8545,-1
cover,310.9034,0,0,0,0
nearest,310.9034,-1
cover,310.9475,0,0,0,0
nearest,310.9475,-1
cover,310.9918,0,0,0,0
nearest,310.9918,-1
cover,311.0358,0,0,0,0
nearest,311.0358,-1
cover,311.0879,0,0,0,0
nearest,311.0879,-1
cover,311.1351,0,0,0,0
nearest,311.1351,-1
cover,311.1872,0,0,0,0
nearest,311.1872,-1
cover,311.2358,0,0,0,0
nearest,311.2358,-1
cover,311.2861,0,0,0,0
nearest,311.2861,-1
cover,311.3252,0,0,0,0
nearest,311.3252,-1
cover,311.3751,0,0,0,0
nearest,311.3751,-1
cover,311.4252,0,0,0,0
nearest,311.4252,-1
cover,311.4747,0,0,0,0
nearest,311.4747,-1
cover,311.5229,0,0,0,0
nearest,311.5229,-1
cover,311.5675,0,0,0,0
nearest,311.5675,-1
cover,311.6095,0,0,0,0
nearest,311.6095,-1
cover,311.6537,0,0,0,0
nearest,311.6538,-1
cover,311.6915,0,0,0,0
nearest,311.6915,-1
cover,311.7332,0,0,0,0
nearest,311.7332,-1
cover,311.7892,0,0,0,0
nearest,311.7892,-1
cover,311.8466,0,0,0,0
nearest,311.8466,-1
cover,311.8913,0,0,0,0
nearest,311.8914,-1
cover,311.9469,0,0,0,0
nearest,311.9469,-1
cover,311.99,0,0,0,0
nearest,311.99,-1
cover,312.0361,0,0,0,0
nearest,312.0361,-1
cover,312.0773,0,0,0,0
nearest,312.0773,-1
cover,312.1219,0,0,0,0
nearest,312.1219,-1
cover,312.1694,0,0,0,0
nearest,312.1695,-1
cover,312.2238,0,0,0,0
nearest,312.2238,-1
cover,312.2813,0,0,0,0
nearest,312.2814,-1
cover,312.3206,0,0,0,0
nearest,312.3206,-1
cover,312.3763,0,0,0,0
nearest,312.3763,-1
cover,312.4216,0,0,0,0
nearest,312.4216,-1
cover,312.4663,0,0,0,0
nearest,312.4663,-1
cover,312.5185,0,0,0,0
nearest,312.5185,-1
cover,312.5624,0,0,0,0
nearest,312.5624,-1
cover,312.6184,0,0,0,0
nearest,312.6184,-1
cover,312.6593,0,0,0,0
nearest,312.6593,-1
cover,312.7215,0,0,0,0
nearest,312.7215,-1
cover,312.7629,0,0,0,0
nearest,312.7629,-1
cover,312.8023,0,0,0,0
nearest,312.8023,-1
cover,312.8528,0,0,0,0
nearest,312.8528,-1
cover,312.8952,0,0,0,0
nearest,312.8953,-1
cover,312.9384,0,0,0,0
nearest,312.9384,-1
cover,312.9885,0,0,0,0
nearest,312.9885,-1
cover,313.0475,0,0,0,0
nearest,313.0476,-1
cover,313.0966,0,0,0,0
nearest,313.0966,-1
cover,313.1467,0,0,0,0
nearest,313.1467,-1
cover,313.1882,0,0,0,0
nearest,313.1882,-1
cover,313.2294,0,0,0,0
nearest,313.2295,-1
cover,313.2845,0,0,0,0
nearest,313.2845,-1
cover,313.3376,0,0,0,0
nearest,313.3376,-1
cover,313.3882,0,0,0,0
nearest,313.3882,-1
cover,313.4443,0,0,0,0
nearest,313.4443,-1
cover,313.4881,0,0,0,0
nearest,313.4881,-1
cover,313.5364,0,0,0,0
nearest,313.5364,-1
cover,313.5812,0,0,0,0
nearest,313.5813,-1
cover,313.6279,0,0,0,0
nearest,313.628,-1
cover,313.6735,0,0,0,0
nearest,313.6735,-1
cover,313.7218,0,0,0,0
nearest,313.7218,-1
cover,313.7674,0,0,0,0
nearest,313.7674,-1
cover,313.8117,0,0,0,0
nearest,313.8117,-1
cover,313.8597,0,0,0,0
nearest,313.8597,-1
cover,313.8973,0,0,0,0
nearest,313.8973,-1
cover,313.9524,0,0,0,0
nearest,313.9525,-1
cover,313.997,0,0,0,0
nearest,313.997,-1
cover,314.0508,0,0,0,0
nearest,314.0508,-1
cover,314.0933,0,0,0,0
nearest,314.0933,-1
cover,314.1537,0,0,0,0
nearest,314.1538,-1
cover,314.2147,0,0,0,0
nearest,314.2148,-1
cover,314.2547,0,0,0,0
nearest,314.2547,-1
cover,314.3192,0,0,0,0
nearest,314.3193,-1
cover,314.3622,0,0,0,0
nearest,314.3622,-1
cover,314.4026,0,0,0,0
nearest,314.4026,-1
cover,314.4539,0,0,0,0
nearest,314.4539,-1
cover,314.4952,0,0,0,0
nearest,314.4953,-1
cover,314.5491,0,0,0,0
nearest,314.5492,-1
cover,314.5921,0,0,0,0
nearest,314.5922,-1
cover,314.6437,0,0,0,0
nearest,314.6438,-1
cover,314.6898,0,0,0,0
nearest,314.6898,-1
cover,314.7338,0,0,0,0
nearest,314.7338,-1
cover,314.778,0,0,0,0
nearest,314.778,-1
cover,314.8247,0,0,0,0
nearest,314.8247,-1
cover,314.8654,0,0,0,0
nearest,314.8654,-1
cover,314.9027,0,0,0,0
nearest,314.9027,-1
cover,314.9499,0,0,0,0
nearest,314.9499,-1
cover,314.9914,0,0,0,0
nearest,314.9914,-1
cover,315.0334,0,0,0,0
nearest,315.0334,-1
cover,315.0844,0,0,0,0
nearest,315.0844,-1
cover,315.1367,0,0,0,0
nearest,315.1367,-1
cover,315.1808,0,0,0,0
nearest,315.1808,-1
cover,315.2258,0,0,0,0
nearest,315.2258,-1
cover,315.2803,0,0,0,0
nearest,315.2803,-1
cover,315.3232,0,0,0,0
nearest,315.3232,-1
cover,315.3694,0,0,0,0
nearest,315.3695,-1
cover,315.4165,0,0,0,0
nearest,315.4165,-1
cover,315.4585,0,0,0,0
nearest,315.4586,-1
cover,315.5032,0,0,0,0
nearest,315.5032,-1
cover,315.5536,0,0,0,0
nearest,315.5536,-1
cover,315.5985,0,0,0,0
nearest,315.5985,-1
cover,315.6444,0,0,0,0
nearest,315.6445,-1
cover,315.688,0,0,0,0
nearest,315.688,-1
cover,315.7267,0,0,0,0
nearest,315.7267,-1
cover,315.7839,0,0,0,0
nearest,315.7839,-1
cover,315.8245,0,0,0,0
nearest,315.8245,-1
cover,315.8678,0,0,0,0
nearest,315.8678,-1
cover,315.9111,0,0,0,0
nearest,315.9111,-1
cover,315.9584,0,0,0,0
nearest,315.9585,-1
cover,315.9971,0,0,0,0
nearest,315.9971,-1
cover,316.0506,0,0,0,0
nearest,316.0506,-1
cover,316.1013,0,0,0,0
nearest,316.1013,-1
cover,316.1514,0,0,0,0
nearest,316.1514,-1
cover,316.1922,0,0,0,0
nearest,316.1923,-1
cover,316.2509,0,0,0,0
nearest,316.251,-1
cover,316.2924,0,0,0,0
nearest,316.2924,-1
cover,316.3496,0,0,0,0
nearest,316.3496,-1
cover,316.3926,0,0,0,0
nearest,316.3926,-1
cover,316.4385,0,0,0,0
nearest,316.4386,-1
cover,316.4775,0,0,0,0
nearest,316.4775,-1
cover,316.5256,0,0,0,0
nearest,316.5256,-1
cover,316.5652,0,0,0,0
nearest,316.5652,-1
cover,316.6197,0,0,0,0
nearest,316.6198,-1
cover,316.6616,0,0,0,0
nearest,316.6617,-1
cover,316.7198,0,0,0,0
nearest,316.7199,-1
cover,316.7597,0,0,0,0
nearest,316.7597,-1
cover,316.7985,0,0,0,0
nearest,316.7985,-1
cover,316.8422,0,0,0,0
nearest,316.8423,-1
cover,316.8884,0,0,0,0
nearest,316.8884,-1
cover,316.9459,0,0,0,0
nearest,316.946,-1
cover,316.9897,0,0,0,0
nearest,316.9898,-1
cover,317.0332,0,0,0,0
nearest,317.0332,-1
cover,317.0901,0,0,0,0
nearest,317.0901,-1
cover,317.1367,0,0,0,0
nearest,317.1367,-1
cover,317.1881,0,0,0,0
nearest,317.1881,-1
cover,317.242,0,0,0,0
nearest,317.2421,-1
cover,317.2906,0,0,0,0
nearest,317.2906,-1
cover,317.3391,0,0,0,0
nearest,317.3391,-1
cover,317.3845,0,0,0,0
nearest,317.3845,-1
cover,317.4253,0,0,0,0
nearest,317.4253,-1
cover,317.4826,0,0,0,0
nearest,317.4826,-1
cover,317.5269,0,0,0,0
nearest,317.5269,-1
cover,317.576,0,0,0,0
nearest,317.576,-1
cover,317.6175,0,0,0,0
nearest,317.6176,-1
cover,317.6732,0,0,0,0
nearest,317.6733,-1
cover,317.7238,0,0,0,0
nearest,317.7238,-1
cover,317.7723,0,0,0,0
nearest,317.7723,-1
cover,317.8234,0,0,0,0
nearest,317.8234,-1
cover,317.8708,0,0,0,0
nearest,317.8708,-1
cover,317.9265,0,0,0,0
nearest,317.9265,-1
cover,317.9755,0,0,0,0
nearest,317.9756,-1
cover,318.0245,0,0,0,0
nearest,318.0245,-1
cover,318.0744,0,0,0,0
nearest,318.0744,-1
cover,318.1226,0,0,0,0
nearest,318.1226,-1
cover,318.173,0,0,0,0
nearest,318.173,-1
cover,318.2194,0,0,0,0
nearest,318.2194,-1
cover,318.2666,0,0,0,0
nearest,318.2666,-1
cover,318.3111,0,0,0,0
nearest,318.3111,-1
cover,318.358,0,0,0,0
nearest,318.358,-1
cover,318.4099,0,0,0,0
nearest,318.41,-1
cover,318.45,0,0,0,0
nearest,318.45,-1
cover,318.5,0,0,0,0
nearest,318.5001,-1
cover,318.5514,0,0,0,0
nearest,318.5514,-1
cover,318.5968,0,0,0,0
nearest,318.5968,-1
cover,318.6541,0,0,0,0
nearest,318.6541,-1
cover,318.6952,0,0,0,0
nearest,318.6953,-1
cover,318.7589,0,0,0,0
nearest,318.7589,-1
cover,318.8161,0,0,0,0
nearest,318.8161,-1
cover,318.8597,0,0,0,0
nearest,318.8597,-1
cover,318.9171,0,0,0,0
nearest,318.9171,-1
cover,318.9629,0,0,0,0
nearest,318.9629,-1
cover,319.013,0,0,0,0
nearest,319.013,-1
cover,319.0621,0,0,0,0
nearest,319.0622,-1
cover,319.1153,0,0,0,0
nearest,319.1153,-1
cover,319.1581,0,0,0,0
nearest,319.1581,-1
cover,319.2237,0,0,0,0
nearest,319.2237,-1
cover,319.2797,0,0,0,0
nearest,319.2797,-1
cover,319.3304,0,0,0,0
nearest,319.3305,-1
cover,319.3752,0,0,0,0
nearest,319.3752,-1
cover,319.427,0,0,0,0
nearest,319.4271,-1
cover,319.4716,0,0,0,0
nearest,319.4716,-1
cover,319.5239,0,0,0,0
nearest,319.5239,-1
cover,319.5734,0,0,0,0
nearest,319.5734,-1
cover,319.6238,0,0,0,0
nearest,319.6238,-1
cover,319.6692,0,0,0,0
nearest,319.6692,-1
cover,319.7199,0,0,0,0
nearest,319.7199,-1
cover,319.7669,0,0,0,0
nearest,319.7669,-1
cover,319.8182,0,0,0,0
nearest,319.8182,-1
cover,319.8673,0,0,0,0
nearest,319.8673,-1
cover,319.9327,0,0,0,0
nearest,319.9327,-1
cover,319.9776,0,0,0,0
nearest,319.9776,-1
cover,320.0283,0,0,0,0
nearest,320.0283,-1
cover,320.0687,0,0,0,0
nearest,320.0687,-1
cover,320.1241,0,0,0,0
nearest,320.1243,-1
cover,320.1729,0,0,0,0
nearest,320.1729,-1
cover,320.2215,0,0,0,0
nearest,320.2216,-1
cover,320.2748,0,0,0,0
nearest,320.2748,-1
cover,320.3259,0,0,0,0
nearest,320.3259,-1
cover,320.3832,0,0,0,0
nearest,320.3832,-1
cover,320.4289,0,0,0,0
nearest,320.4289,-1
cover,320.4805,0,0,0,0
nearest,320.4806,-1
cover,320.5259,0,0,0,0
nearest,320.526,-1
cover,320.5668,0,0,0,0
nearest,320.5668,-1
cover,320.6092,0,0,0,0
nearest,320.6092,-1
cover,320.6506,0,0,0,0
nearest,320.6507,-1
cover,320.6983,0,0,0,0
nearest,320.6983,-1
cover,320.752,0,0,0,0
nearest,320.752,-1
cover,320.8022,0,0,0,0
nearest,320.8022,-1
cover,320.8477,0,0,0,0
nearest,320.8477,-1
cover,320.8954,0,0,0,0
nearest,320.8955,-1
cover,320.9504,0,0,0,0
nearest,320.9505,-1
cover,321.005,0,0,0,0
nearest,321.0051,-1
cover,321.0595,0,0,0,0
nearest,321.0595,-1
cover,321.1097,0,0,0,0
nearest,321.1097,-1
cover,321.1573,0,0,0,0
nearest,321.1573,-1
cover,321.2009,0,0,0,0
nearest,321.2009,-1
cover,321.257,0,0,0,0
nearest,321.257,-1
cover,321.3043,0,0,0,0
nearest,321.3044,-1
cover,321.3583,0,0,0,0
nearest,321.3583,-1
cover,321.4155,0,0,0,0
nearest,321.4155,-1
cover,321.4653,0,0,0,0
nearest,321.4653,-1
cover,321.5207,0,0,0,0
nearest,321.5207,-1
cover,321.5672,0,0,0,0
nearest,321.5672,-1
cover,321.6218,0,0,0,0
nearest,321.6218,-1
cover,321.6647,0,0,0,0
nearest,321.6647,-1
cover,321.7094,0,0,0,0
nearest,321.7094,-1
cover,321.7649,0,0,0,0
nearest,321.7649,-1
cover,321.8142,0,0,0,0
nearest,321.8143,-1
cover,321.8692,0,0,0,0
nearest,321.8692,-1
cover,321.9129,0,0,0,0
nearest,321.9129,-1
cover,321.9579,0,0,0,0
nearest,321.9579,-1
cover,322.0131,0,0,0,0
nearest,322.0131,-1
cover,322.0602,0,0,0,0
nearest,322.0602,-1
cover,322.1138,0,0,0,0
nearest,322.1138,-1
cover,322.1689,0,0,0,0
nearest,322.169,-1
cover,322.216,0,0,0,0
nearest,322.216,-1
cover,322.2945,0,0,0,0
nearest,322.2945,-1
cover,322.3378,0,0,0,0
nearest,322.3378,-1
cover,322.3853,0,0,0,0
nearest,322.3853,-1
cover,322.4304,0,0,0,0
nearest,322.4304,-1
cover,322.4864,0,0,0,0
nearest,322.4864,-1
cover,322.5337,0,0,0,0
nearest,322.5338,-1
cover,322.5728,0,0,0,0
nearest,322.5729,-1
cover,322.622,0,0,0,0
nearest,322.622,-1
cover,322.6695,0,0,0,0
nearest,322.6695,-1
cover,322.719,0,0,0,0
nearest,322.719,-1
cover,322.7706,0,0,0,0
nearest,322.7707,-1
cover,322.8175,0,0,0,0
nearest,322.8176,-1
cover,322.8587,0,0,0,0
nearest,322.8588,-1
cover,322.9113,0,0,0,0
nearest,322.9113,-1
cover,322.963,0,0,0,0
nearest,322.963,-1
cover,323.0168,0,0,0,0
nearest,323.0168,-1
cover,323.0696,0,0,0,0
nearest,323.0696,-1
cover,323.1192,0,0,0,0
nearest,323.1193,-1
cover,323.1691,0,0,0,0
nearest,323.1692,-1
cover,323.2144,0,0,0,0
nearest,323.2144,-1
cover,323.2631,0,0,0,0
nearest,323.2631,-1
cover,323.3045,0,0,0,0
nearest,323.3045,-1
cover,323.3475,0,0,0,0
nearest,323.3475,-1
cover,323.396,0,0,0,0
nearest,323.3961,-1
cover,323.4468,0,0,0,0
nearest,323.4469,-1
cover,323.4971,0,0,0,0
nearest,323.4971,-1
cover,323.5509,0,0,0,0
nearest,323.5509,-1
cover,323.5978,0,0,0,0
nearest,323.5978,-1
cover,323.6466,0,0,0,0
nearest,323.6466,-1
cover,323.6943,0,0,0,0
nearest,323.6943,-1
cover,323.7359,0,0,0,0
nearest,323.736,-1
cover,323.7772,0,0,0,0
nearest,323.7773,-1
cover,323.8271,0,0,0,0
nearest,323.8272,-1
cover,323.8977,0,0,0,0
nearest,323.8977,-1
cover,323.9493,0,0,0,0
nearest,323.9493,-1
cover,324.0017,0,0,0,0
nearest,324.0018,-1
cover,324.0526,0,0,0,0
nearest,324.0527,-1
cover,324.103,0,0,0,0
nearest,324.103,-1
cover,324.1541,0,0,0,0
nearest,324.1541,-1
cover,324.2035,0,0,0,0
nearest,324.2036,-1
cover,324.2483,0,0,0,0
nearest,324.2483,-1
cover,324.3155,0,0,0,0
nearest,324.3155,-1
cover,324.3715,0,0,0,0
nearest,324.3715,-1
cover,324.4277,0,0,0,0
nearest,324.4278,-1
cover,324.476,0,0,0,0
nearest,324.476,-1
cover,324.5291,0,0,0,0
nearest,324.5292,-1
cover,324.5752,0,0,0,0
nearest,324.5752,-1
cover,324.6253,0,0,0,0
nearest,324.6254,-1
cover,324.6743,0,0,0,0
nearest,324.6743,-1
cover,324.7245,0,0,0,0
nearest,324.7245,-1
cover,324.7722,0,0,0,0
nearest,324.7722,-1
cover,324.8215,0,0,0,0
nearest,324.8215,-1
cover,324.8749,0,0,0,0
nearest,324.8749,-1
cover,324.9272,0,0,0,0
nearest,324.9272,-1
cover,324.9748,0,0,0,0
nearest,324.9749,-1
cover,325.0259,0,0,0,0
nearest,325.0259,-1
cover,325.0764,0,0,0,0
nearest,325.0764,-1
cover,325.1235,0,0,0,0
nearest,325.1235,-1
cover,325.1725,0,0,0,0
nearest,325.1725,-1
cover,325.2249,0,0,0,0
nearest,325.225,-1
cover,325.2755,0,0,0,0
nearest,325.2756,-1
cover,325.3226,0,0,0,0
nearest,325.3226,-1
cover,325.372,0,0,0,0
nearest,325.372,-1
cover,325.4249,0,0,0,0
nearest,325.4249,-1
cover,325.4727,0,0,0,0
nearest,325.4727,-1
cover,325.5281,0,0,0,0
nearest,325.5281,-1
cover,325.5693,0,0,0,0
nearest,325.5693,-1
cover,325.6117,0,0,0,0
nearest,325.6117,-1
cover,325.6565,0,0,0,0
nearest,325.6565,-1
cover,325.7062,0,0,0,0
nearest,325.7063,-1
cover,325.7587,0,0,0,0
nearest,325.7587,-1
cover,325.8066,0,0,0,0
nearest,325.8066,-1
cover,325.8575,0,0,0,0
nearest,325.8575,-1
cover,325.9111,0,0,0,0
nearest,325.9111,-1
cover,325.9589,0,0,0,0
nearest,325.9589,-1
cover,326.0122,0,0,0,0
nearest,326.0123,-1
cover,326.064,0,0,0,0
nearest,326.064,-1
cover,326.1166,0,0,0,0
nearest,326.1166,-1
cover,326.1632,0,0,0,0
nearest,326.1632,-1
cover,326.2146,0,0,0,0
nearest,326.2147,-1
cover,326.2631,0,0,0,0
nearest,326.2632,-1
cover,326.3137,0,0,0,0
nearest,326.3137,-1
cover,326.3601,0,0,0,0
nearest,326.3601,-1
cover,326.4087,0,0,0,0
nearest,326.4087,-1
cover,326.4565,0,0,0,0
nearest,326.4566,-1
cover,326.5074,0,0,0,0
nearest,326.5074,-1
cover,326.5661,0,0,0,0
nearest,326.5662,-1
cover,326.6197,0,0,0,0
nearest,326.6197,-1
cover,326.664,0,0,0,0
nearest,326.664,-1
cover,326.7156,0,0,0,0
nearest,326.7157,-1
cover,326.7677,0,0,0,0
nearest,326.7677,-1
cover,326.8144,0,0,0,0
nearest,326.8144,-1
cover,326.87,0,0,0,0
nearest,326.87,-1
cover,326.9151,0,0,0,0
nearest,326.9152,-1
cover,326.9798,0,0,0,0
nearest,326.9798,-1
cover,327.0247,0,0,0,0
nearest,327.0247,-1
cover,327.0751,0,0,0,0
nearest,327.0752,-1
cover,327.1208,0,0,0,0
nearest,327.1208,-1
cover,327.1649,0,0,0,0
nearest,327.1649,-1
cover,327.2137,0,0,0,0
nearest,327.2138,-1
cover,327.2669,0,0,0,0
nearest,327.2669,-1
cover,327.3176,0,0,0,0
nearest,327.3176,-1
cover,327.3683,0,0,0,0
nearest,327.3683,-1
cover,327.4126,0,0,0,0
nearest,327.4127,-1
cover,327.4555,0,0,0,0
nearest,327.4555,-1
cover,327.5079,0,0,0,0
nearest,327.5079,-1
cover,327.562,0,0,0,0
nearest,327.5621,-1
cover,327.6088,0,0,0,0
nearest,327.6088,-1
cover,327.6575,0,0,0,0
nearest,327.6575,-1
cover,327.7108,0,0,0,0
nearest,327.7109,-1
cover,327.7533,0,0,0,0
nearest,327.7534,-1
cover,327.798,0,0,0,0
nearest,327.798,-1
cover,327.851,0,0,0,0
nearest,327.8511,-1
cover,327.8963,0,0,0,0
nearest,327.8963,-1
cover,327.9469,0,0,0,0
nearest,327.9469,-1
cover,327.9947,0,0,0,0
nearest,327.9947,-1
cover,328.0367,0,0,0,0
nearest,328.0367,-1
cover,328.0768,0,0,0,0
nearest,328.0768,-1
cover,328.1229,0,0,0,0
nearest,328.1229,-1
cover,328.1682,0,0,0,0
nearest,328.1682,-1
cover,328.2136,0,0,0,0
nearest,328.2136,-1
cover,328.2603,0,0,0,0
nearest,328.2604,-1
cover,328.3071,0,0,0,0
nearest,328.3071,-1
cover,328.3614,0,0,0,0
nearest,328.3615,-1
cover,328.4069,0,0,0,0
nearest,328.4069,-1
cover,328.4592,0,0,0,0
nearest,328.4592,-1
cover,328.5078,0,0,0,0
nearest,328.5078,-1
cover,328.5532,0,0,0,0
nearest,328.5532,-1
cover,328.5958,0,0,0,0
nearest,328.5959,-1
cover,328.6386,0,0,0,0
nearest,328.6386,-1
cover,328.6934,0,0,0,0
nearest,328.6934,-1
cover,328.7375,0,0,0,0
nearest,328.7375,-1
cover,328.7802,0,0,0,0
nearest,328.7803,-1
cover,328.828,0,0,0,0
nearest,328.8281,-1
cover,328.8748,0,0,0,0
nearest,328.8748,-1
cover,328.9191,0,0,0,0
nearest,328.9191,-1
cover,328.9657,0,0,0,0
nearest,328.9657,-1
cover,329.0127,0,0,0,0
nearest,329.0127,-1
cover,329.0519,0,0,0,0
nearest,329.0519,-1
cover,329.0995,0,0,0,0
nearest,329.0995,-1
cover,329.1458,0,0,0,0
nearest,329.1458,-1
cover,329.1876,0,0,0,0
nearest,329.1876,-1
cover,329.2275,0,0,0,0
nearest,329.2275,-1
cover,329.2694,0,0,0,0
nearest,329.2694,-1
cover,329.3101,0,0,0,0
nearest,329.3102,-1
cover,329.3572,0,0,0,0
nearest,329.3573,-1
cover,329.4243,0,0,0,0
nearest,329.4243,-1
cover,329.4741,0,0,0,0
nearest,329.4741,-1
cover,329.5264,0,0,0,0
nearest,329.5264,-1
cover,329.5755,0,0,0,0
nearest,329.5756,-1
cover,329.6206,0,0,0,0
nearest,329.6206,-1
cover,329.6638,0,0,0,0
nearest,329.6638,-1
cover,329.7105,0,0,0,0
nearest,329.7106,-1
cover,329.7567,0,0,0,0
nearest,329.7567,-1
cover,329.8069,0,0,0,0
nearest,329.8069,-1
cover,329.8559,0,0,0,0
nearest,329.8559,-1
cover,329.903,0,0,0,0
nearest,329.903,-1
cover,329.9469,0,0,0,0
nearest,329.947,-1
cover,329.9995,0,0,0,0
nearest,329.9995,-1
cover,330.0423,0,0,0,0
nearest,330.0423,-1
cover,330.0839,0,0,0,0
nearest,330.0839,-1
cover,330.1299,0,0,0,0
nearest,330.1299,-1
cover,330.1774,0,0,0,0
nearest,330.1775,-1
cover,330.2181,0,0,0,0
nearest,330.2181,-1
cover,330.2625,0,0,0,0
nearest,330.2626,-1
cover,330.3053,0,0,0,0
nearest,330.3053,-1
cover,330.3555,0,0,0,0
nearest,330.3556,-1
cover,330.4028,0,0,0,0
nearest,330.4028,-1
cover,330.4455,0,0,0,0
nearest,330.4455,-1
cover,330.4871,0,0,0,0
nearest,330.4871,-1
cover,330.5229,0,0,0,0
nearest,330.523,-1
cover,330.5689,0,0,0,0
nearest,330.5689,-1
cover,330.6085,0,0,0,0
nearest,330.6086,-1
cover,330.6549,0,0,0,0
nearest,330.6549,-1
cover,330.702,0,0,0,0
nearest,330.702,-1
cover,330.7453,0,0,0,0
nearest,330.7453,-1
cover,330.789,0,0,0,0
nearest,330.789,-1
cover,330.8352,0,0,0,0
nearest,330.8353,-1
cover,330.8762,0,0,0,0
nearest,330.8762,-1
cover,330.9213,0,0,0,0
nearest,330.9213,-1
cover,330.9587,0,0,0,0
nearest,330.9587,-1
cover,331.0012,0,0,0,0
nearest,331.0012,-1
cover,331.0463,0,0,0,0
nearest,331.0463,-1
cover,331.0865,0,0,0,0
nearest,331.0866,-1
cover,331.1264,0,0,0,0
nearest,331.1264,-1
cover,331.1707,0,0,0,0
nearest,331.1707,-1
cover,331.2128,0,0,0,0
nearest,331.2128,-1
cover,331.2548,0,0,0,0
nearest,331.2548,-1
cover,331.3034,0,0,0,0
nearest,331.3035,-1
cover,331.3468,0,0,0,0
nearest,331.3468,-1
cover,331.3969,0,0,0,0
nearest,331.397,-1
cover,331.4455,0,0,0,0
nearest,331.4455,-1
cover,331.4874,0,0,0,0
nearest,331.4874,-1
cover,331.5354,0,0,0,0
nearest,331.5354,-1
cover,331.5822,0,0,0,0
nearest,331.5822,-1
cover,331.629,0,0,0,0
nearest,331.629,-1
cover,331.6733,0,0,0,0
nearest,331.6733,-1
cover,331.7223,0,0,0,0
nearest,331.7223,-1
cover,331.7665,0,0,0,0
nearest,331.7665,-1
cover,331.8107,0,0,0,0
nearest,331.8107,-1
cover,331.853,0,0,0,0
nearest,331.853,-1
cover,331.8985,0,0,0,0
nearest,331.8985,-1
cover,331.9462,0,0,0,0
nearest,331.9463,-1
cover,331.9866,0,0,0,0
nearest,331.9866,-1
cover,332.0278,0,0,0,0
nearest,332.0279,-1
cover,332.0684,0,0,0,0
nearest,332.0684,-1
cover,332.1095,0,0,0,0
nearest,332.1095,-1
cover,332.1536,0,0,0,0
nearest,332.1536,-1
cover,332.1981,0,0,0,0
nearest,332.1981,-1
cover,332.2444,0,0,0,0
nearest,332.2444,-1
cover,332.2843,0,0,0,0
nearest,332.2843,-1
cover,332.3255,0,0,0,0
nearest,332.3256,-1
cover,332.377,0,0,0,0
nearest,332.3771,-1
cover,332.4224,0,0,0,0
nearest,332.4224,-1
cover,332.4745,0,0,0,0
nearest,332.4745,-1
cover,332.5282,0,0,0,0
nearest,332.5282,-1
cover,332.5704,0,0,0,0
nearest,332.5705,-1
cover,332.6138,0,0,0,0
nearest,332.6139,-1
cover,332.6675,0,0,0,0
nearest,332.6675,-1
cover,332.7149,0,0,0,0
nearest,332.7149,-1
cover,332.7714,0,0,0,0
nearest,332.7715,-1
cover,332.8226,0,0,0,0
nearest,332.8226,-1
cover,332.8709,0,0,0,0
nearest,332.8709,-1
cover,332.9107,0,0,0,0
nearest,332.9107,-1
cover,332.9527,0,0,0,0
nearest,332.9528,-1
cover,332.9985,0,0,0,0
nearest,332.9986,-1
cover,333.0521,0,0,0,0
nearest,333.0521,-1
cover,333.0986,0,0,0,0
nearest,333.0987,-1
cover,333.1467,0,0,0,0
nearest,333.1467,-1
cover,333.1939,0,0,0,0
nearest,333.1939,-1
cover,333.2353,0,0,0,0
nearest,333.2353,-1
cover,333.2759,0,0,0,0
nearest,333.276,-1
cover,333.3217,0,0,0,0
nearest,333.3217,-1
cover,333.3715,0,0,0,0
nearest,333.3715,-1
cover,333.4238,0,0,0,0
nearest,333.4238,-1
cover,333.4732,0,0,0,0
nearest,333.4732,-1
cover,333.5261,0,0,0,0
nearest,333.5262,-1
cover,333.5759,0,0,0,0
nearest,333.5761,-1
cover,333.6206,0,0,0,0
nearest,333.6206,-1
cover,333.6593,0,0,0,0
nearest,333.6593,-1
cover,333.7019,0,0,0,0
nearest,333.702,-1
cover,333.7627,0,0,0,0
nearest,333.7627,-1
cover,333.8189,0,0,0,0
nearest,333.819,-1
cover,333.8632,0,0,0,0
nearest,333.8632,-1
cover,333.9182,0,0,0,0
nearest,333.9182,-1
cover,333.971,0,0,0,0
nearest,333.971,-1
cover,334.0372,0,0,0,0
nearest,334.0372,-1
cover,334.1068,0,0,0,0
nearest,334.1069,-1
cover,334.1564,0,0,0,0
nearest,334.1565,-1
cover,334.2116,0,0,0,0
nearest,334.2116,-1
cover,334.2627,0,0,0,0
nearest,334.2627,-1
cover,334.3084,0,0,0,0
nearest,334.3084,-1
cover,334.3562,0,0,0,0
nearest,334.3562,-1
cover,334.4053,0,0,0,0
nearest,334.4053,-1
cover,334.4566,0,0,0,0
nearest,334.4568,-1
cover,334.5113,0,0,0,0
nearest,334.5114,-1
cover,334.5601,0,0,0,0
nearest,334.5601,-1
cover,334.6071,0,0,0,0
nearest,334.6071,-1
cover,334.654,0,0,0,0
nearest,334.654,-1
cover,334.6995,0,0,0,0
nearest,334.6995,-1
cover,334.7439,0,0,0,0
nearest,334.7439,-1
cover,334.7887,0,0,0,0
nearest,334.7888,-1
cover,334.8346,0,0,0,0
nearest,334.8346,-1
cover,334.8798,0,0,0,0
nearest,334.8798,-1
cover,334.9303,0,0,0,0
nearest,334.9303,-1
cover,334.9782,0,0,0,0
nearest,334.9783,-1
cover,335.0219,0,0,0,0
nearest,335.0219,-1
cover,335.0694,0,0,0,0
nearest,335.0694,-1
cover,335.1182,0,0,0,0
nearest,335.1183,-1
cover,335.1667,0,0,0,0
nearest,335.1668,-1
cover,335.2101,0,0,0,0
nearest,335.2101,-1
cover,335.2518,0,0,0,0
nearest,335.2519,-1
cover,335.3008,0,0,0,0
nearest,335.3008,-1
cover,335.3437,0,0,0,0
nearest,335.3437,-1
cover,335.3879,0,0,0,0
nearest,335.3879,-1
cover,335.4355,0,0,0,0
nearest,335.4355,-1
cover,335.4787,0,0,0,0
nearest,335.4787,-1
cover,335.5184,0,0,0,0
nearest,335.5184,-1
cover,335.5604,0,0,0,0
nearest,335.5604,-1
cover,335.6008,0,0,0,0
nearest,335.6008,-1
cover,335.6459,0,0,0,0
nearest,335.6459,-1
cover,335.692,0,0,0,0
nearest,335.6921,-1
cover,335.7453,0,0,0,0
nearest,335.7453,-1
cover,335.7906,0,0,0,0
nearest,335.7907,-1
cover,335.8495,0,0,0,0
nearest,335.8496,-1
cover,335.8982,0,0,0,0
nearest,335.8982,-1
cover,335.9488,0,0,0,0
nearest,335.9488,-1
cover,336.0006,0,0,0,0
nearest,336.0006,-1
cover,336.0464,0,0,0,0
nearest,336.0465,-1
cover,336.1007,0,0,0,0
nearest,336.1007,-1
cover,336.1495,0,0,0,0
nearest,336.1495,-1
cover,336.1983,0,0,0,0
nearest,336.1984,-1
cover,336.2511,0,0,0,0
nearest,336.2512,-1
cover,336.3009,0,0,0,0
nearest,336.301,-1
cover,336.3552,0,0,0,0
nearest,336.3557,-1
cover,336.4199,0,0,0,0
nearest,336.4199,-1
cover,336.4651,0,0,0,0
nearest,336.4651,-1
cover,336.5144,0,0,0,0
nearest,336.5144,-1
cover,336.5641,0,0,0,0
nearest,336.5642,-1
cover,336.6117,0,0,0,0
nearest,336.6117,-1
cover,336.657,0,0,0,0
nearest,336.6571,-1
cover,336.7087,0,0,0,0
nearest,336.7088,-1
cover,336.7593,0,0,0,0
nearest,336.7593,-1
cover,336.8281,0,0,0,0
nearest,336.8281,-1
cover,336.8752,0,0,0,0
nearest,336.8752,-1
cover,336.9244,0,0,0,0
nearest,336.9244,-1
cover,336.975,0,0,0,0
nearest,336.975,-1
cover,337.0217,0,0,0,0
nearest,337.0217,-1
cover,337.0682,0,0,0,0
nearest,337.0682,-1
cover,337.1235,0,0,0,0
nearest,337.1235,-1
cover,337.1831,0,0,0,0
nearest,337.1831,-1
cover,337.2329,0,0,0,0
nearest,337.233,-1
cover,337.2867,0,0,0,0
nearest,337.2867,-1
cover,337.3276,0,0,0,0
nearest,337.3276,-1
cover,337.3765,0,0,0,0
nearest,337.3765,-1
cover,337.4184,0,0,0,0
nearest,337.4184,-1
cover,337.4621,0,0,0,0
nearest,337.4621,-1
cover,337.5123,0,0,0,0
nearest,337.5123,-1
cover,337.5649,0,0,0,0
nearest,337.565,-1
cover,337.6152,0,0,0,0
nearest,337.6153,-1
cover,337.6652,0,0,0,0
nearest,337.6652,-1
cover,337.7194,0,0,0,0
nearest,337.7195,-1
cover,337.7642,0,0,0,0
nearest,337.7642,-1
cover,337.8059,0,0,0,0
nearest,337.8059,-1
cover,337.8609,0,0,0,0
nearest,337.8609,-1
cover,337.9067,0,0,0,0
nearest,337.9067,-1
cover,337.953,0,0,0,0
nearest,337.9531,-1
cover,337.9986,0,0,0,0
nearest,337.9986,-1
cover,338.0475,0,0,0,0
nearest,338.0475,-1
cover,338.094,0,0,0,0
nearest,338.094,-1
cover,338.1431,0,0,0,0
nearest,338.1431,-1
cover,338.1896,0,0,0,0
nearest,338.1896,-1
cover,338.233,0,0,0,0
nearest,338.233,-1
cover,338.2798,0,0,0,0
nearest,338.2798,-1
cover,338.3209,0,0,0,0
nearest,338.3209,-1
cover,338.3633,0,0,0,0
nearest,338.3633,-1
cover,338.4185,0,0,0,0
nearest,338.4185,-1
cover,338.4653,0,0,0,0
nearest,338.4653,-1
cover,338.5202,0,0,0,0
nearest,338.5202,-1
cover,338.5639,0,0,0,0
nearest,338.5639,-1
cover,338.6048,0,0,0,0
nearest,338.6049,-1
cover,338.6543,0,0,0,0
nearest,338.6543,-1
cover,338.7116,0,0,0,0
nearest,338.7116,-1
cover,338.7632,0,0,0,0
nearest,338.7632,-1
cover,338.8075,0,0,0,0
nearest,338.8075,-1
cover,338.8568,0,0,0,0
nearest,338.8569,-1
cover,338.9034,0,0,0,0
nearest,338.9034,-1
cover,338.953,0,0,0,0
nearest,338.953,-1
cover,339.0025,0,0,0,0
nearest,339.0025,-1
cover,339.0561,0,0,0,0
nearest,339.0562,-1
cover,339.1008,0,0,0,0
nearest,339.1008,-1
cover,339.1508,0,0,0,0
nearest,339.1508,-1
cover,339.1936,0,0,0,0
nearest,339.1936,-1
cover,339.2425,0,0,0,0
nearest,339.2425,-1
cover,339.2836,0,0,0,0
nearest,339.2836,-1
cover,339.3259,0,0,0,0
nearest,339.326,-1
cover,339.3682,0,0,0,0
nearest,339.3682,-1
cover,339.4107,0,0,0,0
nearest,339.4108,-1
cover,339.46,0,0,0,0
nearest,339.4601,-1
cover,339.5378,0,0,0,0
nearest,339.5378,-1
cover,339.5838,0,0,0,0
nearest,339.5838,-1
cover,339.6286,0,0,0,0
nearest,339.6286,-1
cover,339.6709,0,0,0,0
nearest,339.6709,-1
cover,339.7226,0,0,0,0
nearest,339.7226,-1
cover,339.7679,0,0,0,0
nearest,339.7679,-1
cover,339.8178,0,0,0,0
nearest,339.8179,-1
cover,339.8606,0,0,0,0
nearest,339.8607,-1
cover,339.9024,0,0,0,0
nearest,339.9024,-1
cover,339.9493,0,0,0,0
nearest,339.9493,-1
cover,339.9999,0,0,0,0
nearest,339.9999,-1
cover,340.0411,0,0,0,0
nearest,340.0411,-1
cover,340.088,0,0,0,0
nearest,340.0881,-1
cover,340.131,0,0,0,0
nearest,340.1311,-1
cover,340.1746,0,0,0,0
nearest,340.1746,-1
cover,340.225,0,0,0,0
nearest,340.225,-1
cover,340.2686,0,0,0,0
nearest,340.2687,-1
cover,340.3085,0,0,0,0
nearest,340.3085,-1
cover,340.3573,0,0,0,0
nearest,340.3573,-1
cover,340.4018,0,0,0,0
nearest,340.4018,-1
cover,340.4421,0,0,0,0
nearest,340.4422,-1
cover,340.4915,0,0,0,0
nearest,340.4915,-1
cover,340.5408,0,0,0,0
nearest,340.5409,-1
cover,340.5922,0,0,0,0
nearest,340.5922,-1
cover,340.643,0,0,0,0
nearest,340.6431,-1
cover,340.6922,0,0,0,0
nearest,340.6922,-1
cover,340.7378,0,0,0,0
nearest,340.7378,-1
cover,340.794,0,0,0,0
nearest,340.794,-1
cover,340.8458,0,0,0,0
nearest,340.8459,-1
cover,340.8894,0,0,0,0
nearest,340.8894,-1
cover,340.9351,0,0,0,0
nearest,340.9351,-1
cover,340.9879,0,0,0,0
nearest,340.988,-1
cover,341.0322,0,0,0,0
nearest,341.0323,-1
cover,341.0846,0,0,0,0
nearest,341.0846,-1
cover,341.128,0,0,0,0
nearest,341.1281,-1
cover,341.1733,0,0,0,0
nearest,341.1733,-1
cover,341.2204,0,0,0,0
nearest,341.2205,-1
cover,341.2704,0,0,0,0
nearest,341.2704,-1
cover,341.308,0,0,0,0
nearest,341.308,-1
cover,341.3575,0,0,0,0
nearest,341.3576,-1
cover,341.3977,0,0,0,0
nearest,341.3977,-1
cover,341.4421,0,0,0,0
nearest,341.4421,-1
cover,341.4875,0,0,0,0
nearest,341.4875,-1
cover,341.5315,0,0,0,0
nearest,341.5315,-1
cover,341.5827,0,0,0,0
nearest,341.5827,-1
cover,341.6351,0,0,0,0
nearest,341.6351,-1
cover,341.6862,0,0,0,0
nearest,341.6863,-1
cover,341.7323,0,0,0,0
nearest,341.7323,-1
cover,341.7873,0,0,0,0
nearest,341.7873,-1
cover,341.8344,0,0,0,0
nearest,341.8344,-1
cover,341.8807,0,0,0,0
nearest,341.8808,-1
cover,341.9246,0,0,0,0
nearest,341.9246,-1
cover,341.9776,0,0,0,0
nearest,341.9776,-1
cover,342.0153,0,0,0,0
nearest,342.0154,-1
cover,342.059,0,0,0,0
nearest,342.059,-1
cover,342.1051,0,0,0,0
nearest,342.1051,-1
cover,342.1511,0,0,0,0
nearest,342.1511,-1
cover,342.2033,0,0,0,0
nearest,342.2033,-1
cover,342.2553,0,0,0,0
nearest,342.2553,-1
cover,342.308,0,0,0,0
nearest,342.308,-1
cover,342.3581,0,0,0,0
nearest,342.3582,-1
cover,342.4083,0,0,0,0
nearest,342.4083,-1
cover,342.4586,0,0,0,0
nearest,342.4586,-1
cover,342.5052,0,0,0,0
nearest,342.5052,-1
cover,342.5506,0,0,0,0
nearest,342.5506,-1
cover,342.6055,0,0,0,0
nearest,342.6056,-1
cover,342.6559,0,0,0,0
nearest,342.6559,-1
cover,342.7001,0,0,0,0
nearest,342.7001,-1
cover,342.7537,0,0,0,0
nearest,342.7538,-1
cover,342.8019,0,0,0,0
nearest,342.8019,-1
cover,342.8535,0,0,0,0
nearest,342.8535,-1
cover,342.894,0,0,0,0
nearest,342.894,-1
cover,342.9335,0,0,0,0
nearest,342.9336,-1
cover,342.9809,0,0,0,0
nearest,342.9811,-1
cover,343.0328,0,0,0,0
nearest,343.0328,-1
cover,343.0746,0,0,0,0
nearest,343.0746,-1
cover,343.1227,0,0,0,0
nearest,343.1228,-1
cover,343.168,0,0,0,0
nearest,343.1681,-1
cover,343.2094,0,0,0,0
nearest,343.2094,-1
cover,343.2599,0,0,0,0
nearest,343.26,-1
cover,343.3037,0,0,0,0
nearest,343.3037,-1
cover,343.3525,0,0,0,0
nearest,343.3526,-1
cover,343.4037,0,0,0,0
nearest,343.4037,-1
cover,343.4516,0,0,0,0
nearest,343.4517,-1
cover,343.4944,0,0,0,0
nearest,343.4944,-1
cover,343.5414,0,0,0,0
nearest,343.5414,-1
cover,343.593,0,0,0,0
nearest,343.593,-1
cover,343.6414,0,0,0,0
nearest,343.6414,-1
cover,343.6859,0,0,0,0
nearest,343.6859,-1
cover,343.7345,0,0,0,0
nearest,343.7346,-1
cover,343.7762,0,0,0,0
nearest,343.7762,-1
cover,343.8216,0,0,0,0
nearest,343.8216,-1
cover,343.8695,0,0,0,0
nearest,343.8695,-1
cover,343.9112,0,0,0,0
nearest,343.9112,-1
cover,343.9596,0,0,0,0
nearest,343.9596,-1
cover,344.0093,0,0,0,0
nearest,344.0093,-1
cover,344.0557,0,0,0,0
nearest,344.0557,-1
cover,344.099,0,0,0,0
nearest,344.0991,-1
cover,344.1429,0,0,0,0
nearest,344.143,-1
cover,344.2009,0,0,0,0
nearest,344.2009,-1
cover,344.2421,0,0,0,0
nearest,344.2421,-1
cover,344.2903,0,0,0,0
nearest,344.2903,-1
cover,344.3374,0,0,0,0
nearest,344.3374,-1
cover,344.3828,0,0,0,0
nearest,344.3829,-1
cover,344.4222,0,0,0,0
nearest,344.4222,-1
cover,344.4625,0,0,0,0
nearest,344.4626,-1
cover,344.5055,0,0,0,0
nearest,344.5055,-1
cover,344.5457,0,0,0,0
nearest,344.5457,-1
cover,344.5882,0,0,0,0
nearest,344.5883,-1
cover,344.6319,0,0,0,0
nearest,344.6319,-1
cover,344.6754,0,0,0,0
nearest,344.6754,-1
cover,344.725,0,0,0,0
nearest,344.725,-1
cover,344.7787,0,0,0,0
nearest,344.7787,-1
cover,344.8198,0,0,0,0
nearest,344.8198,-1
cover,344.8675,0,0,0,0
nearest,344.8676,-1
cover,344.9197,0,0,0,0
nearest,344.9197,-1
cover,344.9616,0,0,0,0
nearest,344.9616,-1
cover,345.0123,0,0,0,0
nearest,345.0123,-1
cover,345.0665,0,0,0,0
nearest,345.0666,-1
cover,345.1117,0,0,0,0
nearest,345.1117,-1
cover,345.1562,0,0,0,0
nearest,345.1562,-1
cover,345.196,0,0,0,0
nearest,345.1961,-1
cover,345.24,0,0,0,0
nearest,345.24,-1
cover,345.2854,0,0,0,0
nearest,345.2854,-1
cover,345.334,0,0,0,0
nearest,345.334,-1
cover,345.3808,0,0,0,0
nearest,345.3808,-1
cover,345.4271,0,0,0,0
nearest,345.4271,-1
cover,345.4704,0,0,0,0
nearest,345.4704,-1
cover,345.5087,0,0,0,0
nearest,345.5087,-1
cover,345.5553,0,0,0,0
nearest,345.5553,-1
cover,345.6025,0,0,0,0
nearest,345.6025,-1
cover,345.6414,0,0,0,0
nearest,345.6414,-1
cover,345.6813,0,0,0,0
nearest,345.6814,-1
cover,345.7271,0,0,0,0
nearest,345.7272,-1
cover,345.7697,0,0,0,0
nearest,345.7698,-1
cover,345.8099,0,0,0,0
nearest,345.8099,-1
cover,345.8524,0,0,0,0
nearest,345.8524,-1
cover,345.898,0,0,0,0
nearest,345.898,-1
cover,345.9397,0,0,0,0
nearest,345.9397,-1
cover,345.9829,0,0,0,0
nearest,345.983,-1
cover,346.0288,0,0,0,0
nearest,346.0288,-1
cover,346.0774,0,0,0,0
nearest,346.0774,-1
cover,346.1215,0,0,0,0
nearest,346.1216,-1
cover,346.173,0,0,0,0
nearest,346.173,-1
cover,346.22,0,0,0,0
nearest,346.2201,-1
cover,346.265,0,0,0,0
nearest,346.265,-1
cover,346.3202,0,0,0,0
nearest,346.3202,-1
cover,346.3639,0,0,0,0
nearest,346.364,-1
cover,346.4224,0,0,0,0
nearest,346.4224,-1
cover,346.48,0,0,0,0
nearest,346.48,-1
cover,346.5342,0,0,0,0
nearest,346.5342,-1
cover,346.5924,0,0,0,0
nearest,346.5925,-1
cover,346.6456,0,0,0,0
nearest,346.6456,-1
cover,346.6948,0,0,0,0
nearest,346.6948,-1
cover,346.7408,0,0,0,0
nearest,346.7408,-1
cover,346.7971,0,0,0,0
nearest,346.7972,-1
cover,346.8428,0,0,0,0
nearest,346.8428,-1
cover,346.8914,0,0,0,0
nearest,346.8914,-1
cover,346.9385,0,0,0,0
nearest,346.9385,-1
cover,346.9973,0,0,0,0
nearest,346.9973,-1
cover,347.0432,0,0,0,0
nearest,347.0432,-1
cover,347.09,0,0,0,0
nearest,347.09,-1
cover,347.1424,0,0,0,0
nearest,347.1424,-1
cover,347.1909,0,0,0,0
nearest,347.1909,-1
cover,347.2452,0,0,0,0
nearest,347.2452,-1
cover,347.2993,0,0,0,0
nearest,347.2993,-1
cover,347.351,0,0,0,0
nearest,347.351,-1
cover,347.4045,0,0,0,0
nearest,347.4046,-1
cover,347.451,0,0,0,0
nearest,347.451,-1
cover,347.4977,0,0,0,0
nearest,347.4977,-1
cover,347.5454,0,0,0,0
nearest,347.5455,-1
cover,347.5921,0,0,0,0
nearest,347.5921,-1
cover,347.64,0,0,0,0
nearest,347.64,-1
cover,347.69,0,0,0,0
nearest,347.6901,-1
cover,347.7421,0,0,0,0
nearest,347.7422,-1
cover,347.8307,0,0,0,0
nearest,347.8309,-1
cover,347.8924,0,0,0,0
nearest,347.8924,-1
cover,347.9485,0,0,0,0
nearest,347.9486,-1
cover,347.994,0,0,0,0
nearest,347.994,-1
cover,348.0454,0,0,0,0
nearest,348.0454,-1
cover,348.0913,0,0,0,0
nearest,348.0913,-1
cover,348.136,0,0,0,0
nearest,348.136,-1
cover,348.1847,0,0,0,0
nearest,348.1847,-1
cover,348.2305,0,0,0,0
nearest,348.2305,-1
cover,348.2783,0,0,0,0
nearest,348.2784,-1
cover,348.3333,0,0,0,0
nearest,348.3333,-1
cover,348.3769,0,0,0,0
nearest,348.3769,-1
cover,348.4296,0,0,0,0
nearest,348.4296,-1
cover,348.4751,0,0,0,0
nearest,348.4751,-1
cover,348.519,0,0,0,0
nearest,348.519,-1
cover,348.5684,0,0,0,0
nearest,348.5684,-1
cover,348.6191,0,0,0,0
nearest,348.6191,-1
cover,348.664,0,0,0,0
nearest,348.664,-1
cover,348.705,0,0,0,0
nearest,348.705,-1
cover,348.7468,0,0,0,0
nearest,348.7468,-1
cover,348.791,0,0,0,0
nearest,348.791,-1
cover,348.839,0,0,0,0
nearest,348.8391,-1
cover,348.8858,0,0,0,0
nearest,348.8858,-1
cover,348.9355,0,0,0,0
nearest,348.9356,-1
cover,348.9913,0,0,0,0
nearest,348.9914,-1
cover,349.0353,0,0,0,0
nearest,349.0353,-1
cover,349.0789,0,0,0,0
nearest,349.0789,-1
cover,349.1313,0,0,0,0
nearest,349.1314,-1
cover,349.1792,0,0,0,0
nearest,349.1792,-1
cover,349.2188,0,0,0,0
nearest,349.2189,-1
cover,349.2579,0,0,0,0
nearest,349.2579,-1
cover,349.3044,0,0,0,0
nearest,349.3044,-1
cover,349.3592,0,0,0,0
nearest,349.3592,-1
cover,349.421,0,0,0,0
nearest,349.4211,-1
cover,349.4705,0,0,0,0
nearest,349.4705,-1
cover,349.5234,0,0,0,0
nearest,349.5235,-1
cover,349.5729,0,0,0,0
nearest,349.5729,-1
cover,349.6184,0,0,0,0
nearest,349.6185,-1
cover,349.6719,0,0,0,0
nearest,349.6719,-1
cover,349.7154,0,0,0,0
nearest,349.7154,-1
cover,349.7641,0,0,0,0
nearest,349.7641,-1
cover,349.8105,0,0,0,0
nearest,349.8105,-1
cover,349.8585,0,0,0,0
nearest,349.8585,-1
cover,349.906,0,0,0,0
nearest,349.906,-1
cover,349.9701,0,0,0,0
nearest,349.9701,-1
cover,350.0259,0,0,0,0
nearest,350.0259,-1
cover,350.072,0,0,0,0
nearest,350.072,-1
cover,350.1296,0,0,0,0
nearest,350.1297,-1
cover,350.1732,0,0,0,0
nearest,350.1732,-1
cover,350.2171,0,0,0,0
nearest,350.2172,-1
cover,350.2653,0,0,0,0
nearest,350.2654,-1
cover,350.3149,0,0,0,0
nearest,350.3149,-1
cover,350.3683,0,0,0,0
nearest,350.3684,-1
cover,350.4162,0,0,0,0
nearest,350.4162,-1
cover,350.466,0,0,0,0
nearest,350.466,-1
cover,350.5125,0,0,0,0
nearest,350.5126,-1
cover,350.5696,0,0,0,0
nearest,350.5696,-1
cover,350.6226,0,0,0,0
nearest,350.6226,-1
cover,350.6686,0,0,0,0
nearest,350.6686,-1
cover,350.7117,0,0,0,0
nearest,350.7118,-1
cover,350.7562,0,0,0,0
nearest,350.7563,-1
cover,350.8031,0,0,0,0
nearest,350.8031,-1
cover,350.8572,0,0,0,0
nearest,350.8572,-1
cover,350.9064,0,0,0,0
nearest,350.9064,-1
cover,350.9553,0,0,0,0
nearest,350.9553,-1
cover,351.0047,0,0,0,0
nearest,351.0047,-1
cover,351.0595,0,0,0,0
nearest,351.0595,-1
cover,351.1057,0,0,0,0
nearest,351.1057,-1
cover,351.1637,0,0,0,0
nearest,351.1638,-1
cover,351.2209,0,0,0,0
nearest,351.2209,-1
cover,351.2656,0,0,0,0
nearest,351.2657,-1
cover,351.3196,0,0,0,0
nearest,351.3197,-1
cover,351.3715,0,0,0,0
nearest,351.3715,-1
cover,351.4337,0,0,0,0
nearest,351.4337,-1
cover,351.4866,0,0,0,0
nearest,351.4867,-1
cover,351.5434,0,0,0,0
nearest,351.5434,-1
cover,351.597,0,0,0,0
nearest,351.597,-1
cover,351.6442,0,0,0,0
nearest,351.6442,-1
cover,351.6939,0,0,0,0
nearest,351.694,-1
cover,351.7452,0,0,0,0
nearest,351.7452,-1
cover,351.8021,0,0,0,0
nearest,351.8021,-1
cover,351.8559,0,0,0,0
nearest,351.8559,-1
cover,351.8929,0,0,0,0
nearest,351.8929,-1
cover,351.9386,0,0,0,0
nearest,351.9387,-1
cover,351.987,0,0,0,0
nearest,351.987,-1
cover,352.047,0,0,0,0
nearest,352.047,-1
cover,352.1015,0,0,0,0
nearest,352.1015,-1
cover,352.1554,0,0,0,0
nearest,352.1555,-1
cover,352.208,0,0,0,0
nearest,352.208,-1
cover,352.2603,0,0,0,0
nearest,352.2603,-1
cover,352.309,0,0,0,0
nearest,352.309,-1
cover,352.3664,0,0,0,0
nearest,352.3664,-1
cover,352.4238,0,0,0,0
nearest,352.4239,-1
cover,352.487,0,0,0,0
nearest,352.487,-1
cover,352.5348,0,0,0,0
nearest,352.5348,-1
cover,352.5895,0,0,0,0
nearest,352.5895,-1
cover,352.6485,0,0,0,0
nearest,352.6485,-1
cover,352.7003,0,0,0,0
nearest,352.7004,-1
cover,352.7587,0,0,0,0
nearest,352.7588,-1
cover,352.8109,0,0,0,0
nearest,352.8109,-1
cover,352.8622,0,0,0,0
nearest,352.8622,-1
cover,352.9133,0,0,0,0
nearest,352.9133,-1
cover,352.9594,0,0,0,0
nearest,352.9594,-1
cover,353.0092,0,0,0,0
nearest,353.0092,-1
cover,353.0527,0,0,0,0
nearest,353.0527,-1
cover,353.1031,0,0,0,0
nearest,353.1031,-1
cover,353.1642,0,0,0,0
nearest,353.1643,-1
cover,353.2116,0,0,0,0
nearest,353.2117,-1
cover,353.2627,0,0,0,0
nearest,353.2627,-1
cover,353.3063,0,0,0,0
nearest,353.3063,-1
cover,353.3617,0,0,0,0
nearest,353.3617,-1
cover,353.404,0,0,0,0
nearest,353.404,-1
cover,353.4586,0,0,0,0
nearest,353.4587,-1
cover,353.5081,0,0,0,0
nearest,353.5081,-1
cover,353.5786,0,0,0,0
nearest,353.5786,-1
cover,353.6325,0,0,0,0
nearest,353.6326,-1
cover,353.6802,0,0,0,0
nearest,353.6802,-1
cover,353.7314,0,0,0,0
nearest,353.7314,-1
cover,353.7861,0,0,0,0
nearest,353.7862,-1
cover,353.8392,0,0,0,0
nearest,353.8393,-1
cover,353.8898,0,0,0,0
nearest,353.8913,-1
cover,353.9438,0,0,0,0
nearest,353.9438,-1
cover,353.9989,0,0,0,0
nearest,353.9989,-1
cover,354.0515,0,0,0,0
nearest,354.0515,-1
cover,354.099,0,0,0,0
nearest,354.099,-1
cover,354.1521,0,0,0,0
nearest,354.1522,-1
cover,354.2018,0,0,0,0
nearest,354.2018,-1
cover,354.2562,0,0,0,0
nearest,354.2563,-1
cover,354.3074,0,0,0,0
nearest,354.3074,-1
cover,354.3586,0,0,0,0
nearest,354.3586,-1
cover,354.405,0,0,0,0
nearest,354.4051,-1
cover,354.4617,0,0,0,0
nearest,354.4617,-1
cover,354.5133,0,0,0,0
nearest,354.5134,-1
cover,354.5641,0,0,0,0
nearest,354.5642,-1
cover,354.6188,0,0,0,0
nearest,354.6189,-1
cover,354.6736,0,0,0,0
nearest,354.6736,-1
cover,354.7304,0,0,0,0
nearest,354.7304,-1
cover,354.7782,0,0,0,0
nearest,354.7782,-1
cover,354.8353,0,0,0,0
nearest,354.8353,-1
cover,354.8784,0,0,0,0
nearest,354.8785,-1
cover,354.9231,0,0,0,0
nearest,354.9231,-1
cover,354.9691,0,0,0,0
nearest,354.9691,-1
cover,355.0112,0,0,0,0
nearest,355.0113,-1
cover,355.0592,0,0,0,0
nearest,355.0593,-1
cover,355.1046,0,0,0,0
nearest,355.1047,-1
cover,355.1483,0,0,0,0
nearest,355.1483,-1
cover,355.1988,0,0,0,0
nearest,355.1988,-1
cover,355.2454,0,0,0,0
nearest,355.2454,-1
cover,355.2914,0,0,0,0
nearest,355.2915,-1
cover,355.3463,0,0,0,0
nearest,355.3463,-1
cover,355.3945,0,0,0,0
nearest,355.3946,-1
cover,355.4413,0,0,0,0
nearest,355.4413,-1
cover,355.4936,0,0,0,0
nearest,355.4936,-1
cover,355.5383,0,0,0,0
nearest,355.5383,-1
cover,355.5815,0,0,0,0
nearest,355.5815,-1
cover,355.6209,0,0,0,0
nearest,355.6209,-1
cover,355.6632,0,0,0,0
nearest,355.6633,-1
cover,355.7117,0,0,0,0
nearest,355.7117,-1
cover,355.7545,0,0,0,0
nearest,355.7545,-1
cover,355.8049,0,0,0,0
nearest,355.8049,-1
cover,355.8526,0,0,0,0
nearest,355.8526,-1
cover,355.9077,0,0,0,0
nearest,355.9077,-1
cover,355.957,0,0,0,0
nearest,355.9571,-1
cover,356.0048,0,0,0,0
nearest,356.0048,-1
cover,356.0477,0,0,0,0
nearest,356.0477,-1
cover,356.0907,0,0,0,0
nearest,356.0908,-1
cover,356.1334,0,0,0,0
nearest,356.1335,-1
cover,356.1782,0,0,0,0
nearest,356.1782,-1
cover,356.2362,0,0,0,0
nearest,356.2362,-1
cover,356.2896,0,0,0,0
nearest,356.2897,-1
cover,356.3365,0,0,0,0
nearest,356.3365,-1
cover,356.3848,0,0,0,0
nearest,356.3849,-1
cover,356.433,0,0,0,0
nearest,356.433,-1
cover,356.4708,0,0,0,0
nearest,356.4708,-1
cover,356.5108,0,0,0,0
nearest,356.5108,-1
cover,356.5566,0,0,0,0
nearest,356.5566,-1
cover,356.6095,1,0,1,0
nearest,356.6095,-1
cover,356.6632,1,0,1,0
nearest,356.6632,-1
cover,356.7097,0,0,0,0
nearest,356.7098,-1
cover,356.7594,0,0,0,0
nearest,356.7594,-1
cover,356.8028,0,0,0,0
nearest,356.8028,-1
cover,356.863,0,0,0,0
nearest,356.863,-1
cover,356.9042,0,0,0,0
nearest,356.9042,-1
cover,356.9499,0,0,0,0
nearest,356.9499,-1
cover,356.9919,0,0,0,0
nearest,356.9919,-1
cover,357.0408,0,0,0,0
nearest,357.0409,-1
cover,357.0849,0,0,0,0
nearest,357.0849,-1
cover,357.1372,1,0,1,0
nearest,357.1372,-1
cover,357.1913,1,0,1,0
nearest,357.1913,-1
cover,357.2356,1,0,1,0
nearest,357.2357,-1
cover,357.2906,1,0,1,0
nearest,357.2906,-1
cover,357.3373,1,0,1,0
nearest,357.3373,-1
cover,357.3859,1,0,1,0
nearest,357.386,-1
cover,357.4305,1,0,1,0
nearest,357.4305,-1
cover,357.4791,1,0,1,0
nearest,357.4791,-1
cover,357.5281,1,0,1,0
nearest,357.5281,-1
cover,357.571,1,0,1,0
nearest,357.571,-1
cover,357.6274,1,0,1,0
nearest,357.6274,-1
cover,357.6717,1,0,1,0
nearest,357.6717,-1
cover,357.7344,1,0,1,0
nearest,357.7345,-1
cover,357.7796,1,0,1,0
nearest,357.7796,-1
cover,357.8291,1,0,1,0
nearest,357.8292,-1
cover,357.8735,1,0,1,0
nearest,357.8735,-1
cover,357.9302,1,0,1,0
nearest,357.9302,-1
cover,358.0059,1,0,1,0
nearest,358.0059,-1
cover,358.0755,0,0,0,0
nearest,358.0755,-1
cover,358.1278,0,0,0,0
nearest,358.1279,-1
cover,358.1771,0,0,0,0
nearest,358.1772,-1
cover,358.2227,0,0,0,0
nearest,358.2228,-1
cover,358.272,0,0,0,0
nearest,358.2721,-1
cover,358.3224,0,0,0,0
nearest,358.3225,-1
cover,358.3731,0,0,0,0
nearest,358.3732,-1
cover,358.4244,0,0,0,0
nearest,358.4244,-1
cover,358.4777,0,0,0,0
nearest,358.4777,-1
cover,358.5325,0,0,0,0
nearest,358.5325,-1
cover,358.5792,0,0,0,0
nearest,358.5792,-1
cover,358.632,0,0,0,0
nearest,358.632,-1
cover,358.6752,0,0,0,0
nearest,358.6752,-1
cover,358.7212,0,0,0,0
nearest,358.7212,-1
cover,358.7668,0,0,0,0
nearest,358.7669,-1
cover,358.8164,0,0,0,0
nearest,358.8164,-1
cover,358.8663,0,0,0,0
nearest,358.8663,-1
cover,358.9109,0,0,0,0
nearest,358.9109,-1
cover,358.9687,0,0,0,0
nearest,358.9688,-1
cover,359.0156,0,0,0,0
nearest,359.0156,-1
cover,359.0556,0,0,0,0
nearest,359.0556,-1
cover,359.1046,0,0,0,0
nearest,359.1046,-1
cover,359.1517,0,0,0,0
nearest,359.1517,-1
cover,359.2001,0,0,0,0
nearest,359.2002,-1
cover,359.2469,0,0,0,0
nearest,359.247,-1
cover,359.2939,0,0,0,0
nearest,359.294,-1
cover,359.3383,0,0,0,0
nearest,359.3383,-1
cover,359.3837,0,0,0,0
nearest,359.3837,-1
cover,359.4271,0,0,0,0
nearest,359.4271,-1
cover,359.475,0,0,0,0
nearest,359.4751,-1
cover,359.5247,0,0,0,0
nearest,359.5247,-1
cover,359.5742,0,0,0,0
nearest,359.5742,-1
cover,359.6226,0,0,0,0
nearest,359.6227,-1
cover,359.6681,0,0,0,0
nearest,359.6682,-1
cover,359.711,0,0,0,0
nearest,359.711,-1
cover,359.7594,0,0,0,0
nearest,359.7594,-1
cover,359.8097,0,0,0,0
nearest,359.8097,-1
cover,359.8574,0,0,0,0
nearest,359.8575,-1
cover,359.9036,0,0,0,0
nearest,359.9037,-1
cover,359.9486,0,0,0,0
nearest,359.9486,-1
cover,360.0008,0,0,0,0
nearest,360.0008,-1
cover,360.0427,0,0,0,0
nearest,360.0427,-1
cover,360.0946,0,0,0,0
nearest,360.0946,-1
cover,360.1375,0,0,0,0
nearest,360.1375,-1
cover,360.1903,0,0,0,0
nearest,360.1903,-1
cover,360.236,0,0,0,0
nearest,360.2361,-1
cover,360.2829,0,0,0,0
nearest,360.283,-1
cover,360.3252,0,0,0,0
nearest,360.3252,-1
cover,360.3798,0,0,0,0
nearest,360.3799,-1
cover,360.4347,0,0,0,0
nearest,360.4347,-1
cover,360.487,0,0,0,0
nearest,360.487,-1
cover,360.5447,0,0,0,0
nearest,360.5448,-1
cover,360.6026,0,0,0,0
nearest,360.6026,-1
cover,360.6493,0,0,0,0
nearest,360.6493,-1
cover,360.7052,0,0,0,0
nearest,360.7053,-1
cover,360.757,0,0,0,0
nearest,360.757,-1
cover,360.8152,0,0,0,0
nearest,360.8152,-1
cover,360.868,0,0,0,0
nearest,360.868,-1
cover,360.9104,0,0,0,0
nearest,360.9105,-1
cover,360.9578,0,0,0,0
nearest,360.9578,-1
cover,361.0008,0,0,0,0
nearest,361.0008,-1
cover,361.0519,0,0,0,0
nearest,361.0519,-1
cover,361.1006,0,0,0,0
nearest,361.1007,-1
cover,361.1479,0,0,0,0
nearest,361.1479,-1
cover,361.1975,0,0,0,0
nearest,361.1976,-1
cover,361.2493,0,0,0,0
nearest,361.2493,-1
cover,361.2942,0,0,0,0
nearest,361.2943,-1
cover,361.3403,0,0,0,0
nearest,361.3404,-1
cover,361.3878,0,0,0,0
nearest,361.3878,-1
cover,361.4396,0,0,0,0
nearest,361.4396,-1
cover,361.4856,0,0,0,0
nearest,361.4856,-1
cover,361.5471,1,0,1,0
nearest,361.5472,-1
cover,361.5971,1,0,1,0
nearest,361.5971,-1
cover,361.6486,1,0,1,0
nearest,361.6487,-1
cover,361.7075,1,0,1,0
nearest,361.7075,-1
cover,361.7594,1,0,1,0
nearest,361.7595,-1
cover,361.8152,0,0,0,0
nearest,361.8152,-1
cover,361.8701,0,0,0,0
nearest,361.8701,-1
cover,361.9157,0,0,0,0
nearest,361.9157,-1
cover,361.9684,0,0,0,0
nearest,361.9685,-1
cover,362.0146,0,0,0,0
nearest,362.0147,-1
cover,362.0589,0,0,0,0
nearest,362.0589,-1
cover,362.1065,0,0,0,0
nearest,362.1065,-1
cover,362.1566,0,0,0,0
nearest,362.1566,-1
cover,362.1949,0,0,0,0
nearest,362.195,-1
cover,362.2408,0,0,0,0
nearest,362.2408,-1
cover,362.2867,0,0,0,0
nearest,362.2867,-1
cover,362.3339,0,0,0,0
nearest,362.3339,-1
cover,362.3757,0,0,0,0
nearest,362.3758,-1
cover,362.4293,0,0,0,0
nearest,362.4293,-1
cover,362.4783,0,0,0,0
nearest,362.4783,-1
cover,362.5326,0,0,0,0
nearest,362.5326,-1
cover,362.5773,0,0,0,0
nearest,362.5773,-1
cover,362.6294,0,0,0,0
nearest,362.6295,-1
cover,362.6823,0,0,0,0
nearest,362.6824,-1
cover,362.7246,0,0,0,0
nearest,362.7246,-1
cover,362.7691,0,0,0,0
nearest,362.7692,-1
cover,362.813,0,0,0,0
nearest,362.813,-1
cover,362.8675,0,0,0,0
nearest,362.8676,-1
cover,362.9102,0,0,0,0
nearest,362.9102,-1
cover,362.9603,0,0,0,0
nearest,362.9604,-1
cover,363.0029,0,0,0,0
nearest,363.003,-1
cover,363.047,0,0,0,0
nearest,363.047,-1
cover,363.0909,0,0,0,0
nearest,363.0909,-1
cover,363.1395,0,0,0,0
nearest,363.1395,-1
cover,363.183,0,0,0,0
nearest,363.1831,-1
cover,363.2335,0,0,0,0
nearest,363.2336,-1
cover,363.2812,0,0,0,0
nearest,363.2812,-1
cover,363.3288,0,0,0,0
nearest,363.3288,-1
cover,363.3733,0,0,0,0
nearest,363.3733,-1
cover,363.4268,0,0,0,0
nearest,363.4268,-1
cover,363.4758,0,0,0,0
nearest,363.4759,-1
cover,363.5226,0,0,0,0
nearest,363.5226,-1
cover,363.5749,0,0,0,0
nearest,363.5749,-1
cover,363.6199,0,0,0,0
nearest,363.6199,-1
cover,363.6658,0,0,0,0
nearest,363.6658,-1
cover,363.7143,0,0,0,0
nearest,363.7143,-1
cover,363.767,0,0,0,0
nearest,363.767,-1
cover,363.8187,0,0,0,0
nearest,363.8187,-1
cover,363.8615,0,0,0,0
nearest,363.8616,-1
cover,363.9073,0,0,0,0
nearest,363.9073,-1
cover,363.9496,0,0,0,0
nearest,363.9496,-1
cover,363.9896,0,0,0,0
nearest,363.9896,-1
cover,364.0435,0,0,0,0
nearest,364.0435,-1
cover,364.0929,0,0,0,0
nearest,364.093,-1
cover,364.1451,0,0,0,0
nearest,364.1451,-1
cover,364.1924,0,0,0,0
nearest,364.1924,-1
cover,364.2363,0,0,0,0
nearest,364.2363,-1
cover,364.293,0,0,0,0
nearest,364.293,-1
cover,364.3415,0,0,0,0
nearest,364.3415,-1
cover,364.3835,0,0,0,0
nearest,364.3836,-1
cover,364.4365,0,0,0,0
nearest,364.4365,-1
cover,364.4858,0,0,0,0
nearest,364.4859,-1
cover,364.5308,0,0,0,0
nearest,364.5309,-1
cover,364.587,0,0,0,0
nearest,364.587,-1
cover,364.6334,0,0,0,0
nearest,364.6335,-1
cover,364.678,0,0,0,0
nearest,364.678,-1
cover,364.7363,0,0,0,0
nearest,364.7363,-1
cover,364.7876,0,0,0,0
nearest,364.7876,-1
cover,364.8325,0,0,0,0
nearest,364.8326,-1
cover,364.8766,0,0,0,0
nearest,364.8766,-1
cover,364.9238,0,0,0,0
nearest,364.9239,-1
cover,364.9703,0,0,0,0
nearest,364.9704,-1
cover,365.0167,0,0,0,0
nearest,365.0167,-1
cover,365.0688,0,0,0,0
nearest,365.0688,-1
cover,365.1165,0,0,0,0
nearest,365.1165,-1
cover,365.1702,0,0,0,0
nearest,365.1702,-1
cover,365.2179,0,0,0,0
nearest,365.2179,-1
cover,365.2651,0,0,0,0
nearest,365.2651,-1
cover,365.3116,0,0,0,0
nearest,365.3117,-1
cover,365.3662,0,0,0,0
nearest,365.3662,-1
cover,365.4148,0,0,0,0
nearest,365.4149,-1
cover,365.4682,0,0,0,0
nearest,365.4683,-1
cover,365.5166,0,0,0,0
nearest,365.5166,-1
cover,365.5619,0,0,0,0
nearest,365.562,-1
cover,365.6099,0,0,0,0
nearest,365.6099,-1
cover,365.6593,0,0,0,0
nearest,365.6593,-1
cover,365.7058,0,0,0,0
nearest,365.7058,-1
cover,365.7527,0,0,0,0
nearest,365.7527,-1
cover,365.7997,0,0,0,0
nearest,365.7997,-1
cover,365.8462,0,0,0,0
nearest,365.8463,-1
cover,365.9093,0,0,0,0
nearest,365.9093,-1
cover,365.9593,0,0,0,0
nearest,365.9593,-1
cover,366.0064,0,0,0,0
nearest,366.0065,-1
cover,366.0604,0,0,0,0
nearest,366.0605,-1
cover,366.1097,0,0,0,0
nearest,366.1097,-1
cover,366.1639,0,0,0,0
nearest,366.164,-1
cover,366.2101,0,0,0,0
nearest,366.2101,-1
cover,366.2596,0,0,0,0
nearest,366.2596,-1
cover,366.3124,0,0,0,0
nearest,366.3124,-1
cover,366.3599,0,0,0,0
nearest,366.3599,-1
cover,366.4122,0,0,0,0
nearest,366.4122,-1
cover,366.4573,0,0,0,0
nearest,366.4573,-1
cover,366.502,0,0,0,0
nearest,366.5021,-1
cover,366.549,0,0,0,0
nearest,366.549,-1
cover,366.6134,0,0,0,0
nearest,366.6134,-1
cover,366.6605,0,0,0,0
nearest,366.6605,-1
cover,366.7108,0,0,0,0
nearest,366.7109,-1
cover,366.7561,0,0,0,0
nearest,366.7562,-1
cover,366.8057,0,0,0,0
nearest,366.8057,-1
cover,366.8491,0,0,0,0
nearest,366.8492,-1
cover,366.8964,0,0,0,0
nearest,366.8964,-1
cover,366.9519,0,0,0,0
nearest,366.9519,-1
cover,367.0035,0,0,0,0
nearest,367.0035,-1
cover,367.0538,0,0,0,0
nearest,367.0538,-1
cover,367.1065,0,0,0,0
nearest,367.1066,-1
cover,367.1661,0,0,0,0
nearest,367.1662,-1
cover,367.2161,0,0,0,0
nearest,367.2161,-1
cover,367.2655,0,0,0,0
nearest,367.2655,-1
cover,367.3162,0,0,0,0
nearest,367.3162,-1
cover,367.3691,0,0,0,0
nearest,367.3692,-1
cover,367.4285,0,0,0,0
nearest,367.4285,-1
cover,367.4793,0,0,0,0
nearest,367.4793,-1
cover,367.5217,0,0,0,0
nearest,367.5217,-1
cover,367.5714,0,0,0,0
nearest,367.5714,-1
cover,367.6148,0,0,0,0
nearest,367.6148,-1
cover,367.6632,0,0,0,0
nearest,367.6632,-1
cover,367.7124,0,0,0,0
nearest,367.7124,-1
cover,367.7671,0,0,0,0
nearest,367.7672,-1
cover,367.8217,0,0,0,0
nearest,367.8218,-1
cover,367.8771,0,0,0,0
nearest,367.8771,-1
cover,367.9303,0,0,0,0
nearest,367.9304,-1
cover,367.9852,0,0,0,0
nearest,367.9852,-1
cover,368.0442,0,0,0,0
nearest,368.0442,-1
cover,368.0897,0,0,0,0
nearest,368.0897,-1
cover,368.1459,0,0,0,0
nearest,368.1459,-1
cover,368.1925,0,0,0,0
nearest,368.1925,-1
cover,368.2416,0,0,0,0
nearest,368.2416,-1
cover,368.291,0,0,0,0
nearest,368.291,-1
cover,368.3365,0,0,0,0
nearest,368.3365,-1
cover,368.3838,0,0,0,0
nearest,368.3838,-1
cover,368.4358,0,0,0,0
nearest,368.4358,-1
cover,368.4889,0,0,0,0
nearest,368.4889,-1
cover,368.5391,0,0,0,0
nearest,368.5391,-1
cover,368.5927,0,0,0,0
nearest,368.5927,-1
cover,368.6415,0,0,0,0
nearest,368.6416,-1
cover,368.6966,0,0,0,0
nearest,368.6967,-1
cover,368.7449,0,0,0,0
nearest,368.745,-1
cover,368.7907,0,0,0,0
nearest,368.7907,-1
cover,368.8428,0,0,0,0
nearest,368.8428,-1
cover,368.8857,0,0,0,0
nearest,368.8857,-1
cover,368.936,0,0,0,0
nearest,368.9361,-1
cover,368.984,0,0,0,0
nearest,368.984,-1
cover,369.0319,0,0,0,0
nearest,369.0319,-1
cover,369.0783,0,0,0,0
nearest,369.0783,-1
cover,369.1355,0,0,0,0
nearest,369.1355,-1
cover,369.1817,0,0,0,0
nearest,369.1817,-1
cover,369.2279,0,0,0,0
nearest,369.2279,-1
cover,369.2676,0,0,0,0
nearest,369.2676,-1
cover,369.32,0,0,0,0
nearest,369.32,-1
cover,369.3699,0,0,0,0
nearest,369.37,-1
cover,369.4257,0,0,0,0
nearest,369.4258,-1
cover,369.4736,0,0,0,0
nearest,369.4737,-1
cover,369.5265,0,0,0,0
nearest,369.5266,-1
cover,369.5812,0,0,0,0
nearest,369.5812,-1
cover,369.6361,0,0,0,0
nearest,369.6361,-1
cover,369.6911,0,0,0,0
nearest,369.6911,-1
cover,369.7473,0,0,0,0
nearest,369.7476,-1
cover,369.8025,0,0,0,0
nearest,369.8025,-1
cover,369.8544,0,0,0,0
nearest,369.8544,-1
cover,369.9094,0,0,0,0
nearest,369.9094,-1
cover,369.9671,0,0,0,0
nearest,369.9672,-1
cover,370.0192,0,0,0,0
nearest,370.0192,-1
cover,370.0682,0,0,0,0
nearest,370.0682,-1
cover,370.1194,0,0,0,0
nearest,370.1194,-1
cover,370.161,0,0,0,0
nearest,370.161,-1
cover,370.2132,0,0,0,0
nearest,370.2132,-1
cover,370.2546,0,0,0,0
nearest,370.2546,-1
cover,370.3054,0,0,0,0
nearest,370.3055,-1
cover,370.3545,0,0,0,0
nearest,370.3545,-1
cover,370.4007,0,0,0,0
nearest,370.4007,-1
cover,370.4509,0,0,0,0
nearest,370.4509,-1
cover,370.5031,0,0,0,0
nearest,370.5031,-1
cover,370.5515,0,0,0,0
nearest,370.5515,-1
cover,370.6049,0,0,0,0
nearest,370.605,-1
cover,370.6535,0,0,0,0
nearest,370.6535,-1
cover,370.7066,0,0,0,0
nearest,370.7067,-1
cover,370.7489,0,0,0,0
nearest,370.7489,-1
cover,370.8029,0,0,0,0
nearest,370.8029,-1
cover,370.8528,0,0,0,0
nearest,370.8528,-1
cover,370.9095,0,0,0,0
nearest,370.9095,-1
cover,371.0108,0,0,0,0
nearest,371.0108,-1
cover,371.0624,0,0,0,0
nearest,371.0625,-1
cover,371.1131,0,0,0,0
nearest,371.1131,-1
cover,371.1623,0,0,0,0
nearest,371.1623,-1
cover,371.227,0,0,0,0
nearest,371.227,-1
cover,371.2777,0,0,0,0
nearest,371.2777,-1
cover,371.3292,0,0,0,0
nearest,371.3292,-1
cover,371.3831,0,0,0,0
nearest,371.3832,-1
cover,371.4274,0,0,0,0
nearest,371.4274,-1
cover,371.483,0,0,0,0
nearest,371.483,-1
cover,371.5326,0,0,0,0
nearest,371.5326,-1
cover,371.5978,0,0,0,0
nearest,371.5979,-1
cover,371.6469,0,0,0,0
nearest,371.6469,-1
cover,371.6913,0,0,0,0
nearest,371.6913,-1
cover,371.7381,0,0,0,0
nearest,371.7382,-1
cover,371.7913,0,0,0,0
nearest,371.7914,-1
cover,371.8608,0,0,0,0
nearest,371.8608,-1
cover,371.9265,0,0,0,0
nearest,371.9265,-1
cover,371.9918,0,0,0,0
nearest,371.9918,-1
cover,372.0485,0,0,0,0
nearest,372.0485,-1
cover,372.0973,0,0,0,0
nearest,372.0973,-1
cover,372.1486,0,0,0,0
nearest,372.1486,-1
cover,372.2023,0,0,0,0
nearest,372.2024,-1
cover,372.2518,0,0,0,0
nearest,372.2518,-1
cover,372.3115,0,0,0,0
nearest,372.3115,-1
cover,372.3601,0,0,0,0
nearest,372.3602,-1
cover,372.4184,0,0,0,0
nearest,372.4184,-1
cover,372.4667,0,0,0,0
nearest,372.4668,-1
cover,372.5192,0,0,0,0
nearest,372.5192,-1
cover,372.5698,0,0,0,0
nearest,372.5698,-1
cover,372.6229,0,0,0,0
nearest,372.6229,-1
cover,372.6741,0,0,0,0
nearest,372.6741,-1
cover,372.7265,0,0,0,0
nearest,372.7265,-1
cover,372.7814,0,0,0,0
nearest,372.7814,-1
cover,372.831,0,0,0,0
nearest,372.831,-1
cover,372.8734,0,0,0,0
nearest,372.8734,-1
cover,372.9185,0,0,0,0
nearest,372.9185,-1
cover,372.973,0,0,0,0
nearest,372.9731,-1
cover,373.0319,0,0,0,0
nearest,373.0319,-1
cover,373.0778,0,0,0,0
nearest,373.0778,-1
cover,373.1267,0,0,0,0
nearest,373.1267,-1
cover,373.1824,0,0,0,0
nearest,373.1824,-1
cover,373.2258,0,0,0,0
nearest,373.2258,-1
cover,373.274,0,0,0,0
nearest,373.2741,-1
cover,373.3182,0,0,0,0
nearest,373.3182,-1
cover,373.3693,0,0,0,0
nearest,373.3693,-1
cover,373.4156,0,0,0,0
nearest,373.4157,-1
cover,373.4721,0,0,0,0
nearest,373.4721,-1
cover,373.5206,0,0,0,0
nearest,373.5207,-1
cover,373.5727,0,0,0,0
nearest,373.5727,-1
cover,373.6275,0,0,0,0
nearest,373.6276,-1
cover,373.6764,0,0,0,0
nearest,373.6765,-1
cover,373.7345,0,0,0,0
nearest,373.7345,-1
cover,373.7871,0,0,0,0
nearest,373.7871,-1
cover,373.8396,0,0,0,0
nearest,373.8396,-1
cover,373.8826,0,0,0,0
nearest,373.8827,-1
cover,373.9332,0,0,0,0
nearest,373.9332,-1
cover,373.9821,0,0,0,0
nearest,373.9821,-1
cover,374.0397,0,0,0,0
nearest,374.0397,-1
cover,374.0861,0,0,0,0
nearest,374.0861,-1
cover,374.1335,0,0,0,0
nearest,374.1335,-1
cover,374.1832,0,0,0,0
nearest,374.1832,-1
cover,374.2293,0,0,0,0
nearest,374.2294,-1
cover,374.28,0,0,0,0
nearest,374.28,-1
cover,374.3242,0,0,0,0
nearest,374.3242,-1
cover,374.3796,0,0,0,0
nearest,374.3796,-1
cover,374.4259,0,0,0,0
nearest,374.426,-1
cover,374.4727,0,0,0,0
nearest,374.4728,-1
cover,374.5187,0,0,0,0
nearest,374.5188,-1
cover,374.5668,0,0,0,0
nearest,374.5668,-1
cover,374.6141,0,0,0,0
nearest,374.6141,-1
cover,374.6622,0,0,0,0
nearest,374.6622,-1
cover,374.7124,0,0,0,0
nearest,374.7124,-1
cover,374.7623,0,0,0,0
nearest,374.7623,-1
cover,374.8282,0,0,0,0
nearest,374.8282,-1
cover,374.9139,0,0,0,0
nearest,374.914,-1
cover,374.9885,0,0,0,0
nearest,374.9885,-1
cover,375.049,0,0,0,0
nearest,375.0491,-1
cover,375.0954,0,0,0,0
nearest,375.0954,-1
cover,375.1491,0,0,0,0
nearest,375.1491,-1
cover,375.2116,0,0,0,0
nearest,375.2117,-1
cover,375.2662,0,0,0,0
nearest,375.2662,-1
cover,375.3171,0,0,0,0
nearest,375.3171,-1
cover,375.3648,0,0,0,0
nearest,375.3648,-1
cover,375.4094,0,0,0,0
nearest,375.4094,-1
cover,375.4634,0,0,0,0
nearest,375.4634,-1
cover,375.5121,0,0,0,0
nearest,375.5121,-1
cover,375.5556,0,0,0,0
nearest,375.5556,-1
cover,375.6026,0,0,0,0
nearest,375.6026,-1
cover,375.6571,0,0,0,0
nearest,375.6571,-1
cover,375.7031,0,0,0,0
nearest,375.7031,-1
cover,375.7646,0,0,0,0
nearest,375.7646,-1
cover,375.8089,0,0,0,0
nearest,375.8089,-1
cover,375.8572,0,0,0,0
nearest,375.8572,-1
cover,375.9054,0,0,0,0
nearest,375.9055,-1
cover,375.9542,0,0,0,0
nearest,375.9542,-1
cover,376.0106,0,0,0,0
nearest,376.0106,-1
cover,376.0643,0,0,0,0
nearest,376.0644,-1
cover,376.1127,0,0,0,0
nearest,376.1128,-1
cover,376.1713,0,0,0,0
nearest,376.1714,-1
cover,376.2155,0,0,0,0
nearest,376.2155,-1
cover,376.2573,0,0,0,0
nearest,376.2573,-1
cover,376.303,0,0,0,0
nearest,376.303,-1
cover,376.3722,0,0,0,0
nearest,376.3722,-1
cover,376.428,0,0,0,0
nearest,376.428,-1
cover,376.4822,0,0,0,0
nearest,376.4822,-1
cover,376.5276,0,0,0,0
nearest,376.5276,-1
cover,376.5864,0,0,0,0
nearest,376.5864,-1
cover,376.6398,0,0,0,0
nearest,376.6398,-1
cover,376.6864,0,0,0,0
nearest,376.6864,-1
cover,376.7427,0,0,0,0
nearest,376.7428,-1
cover,376.7901,0,0,0,0
nearest,376.7901,-1
cover,376.8347,0,0,0,0
nearest,376.8347,-1
cover,376.8839,0,0,0,0
nearest,376.8839,-1
cover,376.9379,0,0,0,0
nearest,376.9379,-1
cover,376.9853,0,0,0,0
nearest,376.9853,-1
cover,377.0278,0,0,0,0
nearest,377.0278,-1
cover,377.0786,0,0,0,0
nearest,377.0787,-1
cover,377.1254,0,0,0,0
nearest,377.1254,-1
cover,377.181,0,0,0,0
nearest,377.181,-1
cover,377.2289,0,0,0,0
nearest,377.2289,-1
cover,377.2797,0,0,0,0
nearest,377.2798,-1
cover,377.3317,0,0,0,0
nearest,377.3317,-1
cover,377.3785,0,0,0,0
nearest,377.3786,-1
cover,377.4259,0,0,0,0
nearest,377.4259,-1
cover,377.471,0,0,0,0
nearest,377.4711,-1
cover,377.5276,0,0,0,0
nearest,377.5276,-1
cover,377.5781,0,0,0,0
nearest,377.5781,-1
cover,377.6226,0,0,0,0
nearest,377.6227,-1
cover,377.6714,0,0,0,0
nearest,377.6714,-1
cover,377.7242,0,0,0,0
nearest,377.7242,-1
cover,377.78,0,0,0,0
nearest,377.78,-1
cover,377.832,0,0,0,0
nearest,377.832,-1
cover,377.8835,0,0,0,0
nearest,377.8836,-1
cover,377.9335,0,0,0,0
nearest,377.9335,-1
cover,377.9801,0,0,0,0
nearest,377.9801,-1
cover,378.0268,0,0,0,0
nearest,378.0269,-1
cover,378.07,0,0,0,0
nearest,378.07,-1
cover,378.1204,0,0,0,0
nearest,378.1204,-1
cover,378.1655,0,0,0,0
nearest,378.1655,-1
cover,378.213,0,0,0,0
nearest,378.213,-1
cover,378.2664,0,0,0,0
nearest,378.2665,-1
cover,378.3138,0,0,0,0
nearest,378.3138,-1
cover,378.3646,0,0,0,0
nearest,378.3647,-1
cover,378.4181,0,0,0,0
nearest,378.4182,-1
cover,378.4726,0,0,0,0
nearest,378.4726,-1
cover,378.5268,0,0,0,0
nearest,378.5268,-1
cover,378.575,0,0,0,0
nearest,378.575,-1
cover,378.6249,0,0,0,0
nearest,378.625,-1
cover,378.6715,0,0,0,0
nearest,378.6715,-1
cover,378.7273,0,0,0,0
nearest,378.7273,-1
cover,378.7725,0,0,0,0
nearest,378.7725,-1
cover,378.8207,0,0,0,0
nearest,378.8208,-1
cover,378.8755,0,0,0,0
nearest,378.8755,-1
cover,378.9234,0,0,0,0
nearest,378.9234,-1
cover,378.9718,0,0,0,0
nearest,378.9718,-1
cover,379.0125,0,0,0,0
nearest,379.0125,-1
cover,379.0602,0,0,0,0
nearest,379.0602,-1
cover,379.1038,0,0,0,0
nearest,379.1039,-1
cover,379.1555,0,0,0,0
nearest,379.1556,-1
cover,379.2103,0,0,0,0
nearest,379.2103,-1
cover,379.2634,0,0,0,0
nearest,379.2635,-1
cover,379.3083,0,0,0,0
nearest,379.3085,-1
cover,379.3565,0,0,0,0
nearest,379.3565,-1
cover,379.4023,0,0,0,0
nearest,379.4024,-1
cover,379.4484,0,0,0,0
nearest,379.4485,-1
cover,379.5047,0,0,0,0
nearest,379.5047,-1
cover,379.5531,0,0,0,0
nearest,379.5531,-1
cover,379.6022,0,0,0,0
nearest,379.6023,-1
cover,379.6544,0,0,0,0
nearest,379.6545,-1
cover,379.6918,0,0,0,0
nearest,379.6918,-1
cover,379.7365,0,0,0,0
nearest,379.7366,-1
cover,379.7846,0,0,0,0
nearest,379.7846,-1
cover,379.8421,0,0,0,0
nearest,379.8422,-1
cover,379.8909,0,0,0,0
nearest,379.8913,-1
cover,379.9394,0,0,0,0
nearest,379.9395,-1
cover,379.9901,0,0,0,0
nearest,379.9901,-1
cover,380.0345,0,0,0,0
nearest,380.0346,-1
cover,380.0867,0,0,0,0
nearest,380.0867,-1
cover,380.1351,0,0,0,0
nearest,380.1352,-1
cover,380.1827,0,0,0,0
nearest,380.1828,-1
cover,380.2316,0,0,0,0
nearest,380.2316,-1
cover,380.2793,0,0,0,0
nearest,380.2793,-1
cover,380.327,0,0,0,0
nearest,380.327,-1
cover,380.371,0,0,0,0
nearest,380.371,-1
cover,380.4141,0,0,0,0
nearest,380.4141,-1
cover,380.464,0,0,0,0
nearest,380.464,-1
cover,380.518,0,0,0,0
nearest,380.5181,-1
cover,380.5662,0,0,0,0
nearest,380.5663,-1
cover,380.6372,0,0,0,0
nearest,380.6373,-1
cover,380.6829,0,0,0,0
nearest,380.6829,-1
cover,380.73,0,0,0,0
nearest,380.7301,-1
cover,380.7776,0,0,0,0
nearest,380.7776,-1
cover,380.8251,0,0,0,0
nearest,380.8252,-1
cover,380.8796,0,0,0,0
nearest,380.8796,-1
cover,380.939,0,0,0,0
nearest,380.9391,-1
cover,380.9883,0,0,0,0
nearest,380.9883,-1
cover,381.0471,0,0,0,0
nearest,381.0471,-1
cover,381.0885,0,0,0,0
nearest,381.0885,-1
cover,381.1354,0,0,0,0
nearest,381.1354,-1
cover,381.1807,0,0,0,0
nearest,381.1807,-1
cover,381.2221,0,0,0,0
nearest,381.2221,-1
cover,381.2617,0,0,0,0
nearest,381.2617,-1
cover,381.2994,0,0,0,0
nearest,381.2994,-1
cover,381.3517,0,0,0,0
nearest,381.3517,-1
cover,381.3987,0,0,0,0
nearest,381.3987,-1
cover,381.4386,0,0,0,0
nearest,381.4386,-1
cover,381.4833,0,0,0,0
nearest,381.4834,-1
cover,381.533,0,0,0,0
nearest,381.5331,-1
cover,381.5756,0,0,0,0
nearest,381.5756,-1
cover,381.6173,0,0,0,0
nearest,381.6173,-1
cover,381.6629,0,0,0,0
nearest,381.6629,-1
cover,381.7114,0,0,0,0
nearest,381.7114,-1
cover,381.7557,0,0,0,0
nearest,381.7558,-1
cover,381.8117,0,0,0,0
nearest,381.8117,-1
cover,381.8574,0,0,0,0
nearest,381.8575,-1
cover,381.9121,0,0,0,0
nearest,381.9121,-1
cover,381.968,0,0,0,0
nearest,381.968,-1
cover,382.0216,0,0,0,0
nearest,382.0216,-1
cover,382.0663,0,0,0,0
nearest,382.0663,-1
cover,382.1154,0,0,0,0
nearest,382.1154,-1
cover,382.1575,0,0,0,0
nearest,382.1576,-1
cover,382.2066,0,0,0,0
nearest,382.2067,-1
cover,382.2635,0,0,0,0
nearest,382.2635,-1
cover,382.3045,0,0,0,0
nearest,382.3045,-1
cover,382.3447,0,0,0,0
nearest,382.3448,-1
cover,382.385,0,0,0,0
nearest,382.385,-1
cover,382.4297,0,0,0,0
nearest,382.4297,-1
cover,382.4707,0,0,0,0
nearest,382.4707,-1
cover,382.5134,0,0,0,0
nearest,382.5134,-1
cover,382.5551,0,0,0,0
nearest,382.5552,-1
cover,382.5976,0,0,0,0
nearest,382.5976,-1
cover,382.6453,0,0,0,0
nearest,382.6454,-1
cover,382.6913,0,0,0,0
nearest,382.6914,-1
cover,382.7378,0,0,0,0
nearest,382.7378,-1
cover,382.8004,0,0,0,0
nearest,382.8004,-1
cover,382.8528,0,0,0,0
nearest,382.8528,-1
cover,382.899,0,0,0,0
nearest,382.899,-1
cover,382.9479,0,0,0,0
nearest,382.9479,-1
cover,382.9967,0,0,0,0
nearest,382.9967,-1
cover,383.0384,0,0,0,0
nearest,383.0385,-1
cover,383.0785,0,0,0,0
nearest,383.0785,-1
cover,383.1207,0,0,0,0
nearest,383.1208,-1
cover,383.1588,0,0,0,0
nearest,383.1588,-1
cover,383.2035,0,0,0,0
nearest,383.2035,-1
cover,383.2429,0,0,0,0
nearest,383.2429,-1
cover,383.2843,0,0,0,0
nearest,383.2843,-1
cover,383.3259,0,0,0,0
nearest,383.326,-1
cover,383.368,0,0,0,0
nearest,383.368,-1
cover,383.4083,0,0,0,0
nearest,383.4083,-1
cover,383.45,0,0,0,0
nearest,383.45,-1
cover,383.4947,0,0,0,0
nearest,383.4947,-1
cover,383.5383,0,0,0,0
nearest,383.5383,-1
cover,383.5748,0,0,0,0
nearest,383.5748,-1
cover,383.6167,0,0,0,0
nearest,383.6167,-1
cover,383.6545,0,0,0,0
nearest,383.6545,-1
cover,383.6894,0,0,0,0
nearest,383.6894,-1
cover,383.7348,0,0,0,0
nearest,383.7348,-1
cover,383.7795,0,0,0,0
nearest,383.7795,-1
cover,383.8261,0,0,0,0
nearest,383.8261,-1
cover,383.869,0,0,0,0
nearest,383.8691,-1
cover,383.9109,0,0,0,0
nearest,383.9109,-1
cover,383.9527,0,0,0,0
nearest,383.9527,-1
cover,383.9924,0,0,0,0
nearest,383.9924,-1
cover,384.0362,0,0,0,0
nearest,384.0362,-1
cover,384.0767,0,0,0,0
nearest,384.0767,-1
cover,384.1171,0,0,0,0
nearest,384.1171,-1
cover,384.1633,0,0,0,0
nearest,384.1634,-1
cover,384.2023,0,0,0,0
nearest,384.2024,-1
cover,384.2433,0,0,0,0
nearest,384.2434,-1
cover,384.2857,0,0,0,0
nearest,384.2857,-1
cover,384.319,0,0,0,0
nearest,384.319,-1
cover,384.3537,0,0,0,0
nearest,384.3537,-1
cover,384.3891,0,0,0,0
nearest,384.3891,-1
cover,384.4285,0,0,0,0
nearest,384.4285,-1
cover,384.4602,0,0,0,0
nearest,384.4602,-1
cover,384.4966,0,0,0,0
nearest,384.4966,-1
cover,384.5384,0,0,0,0
nearest,384.5384,-1
cover,384.586,0,0,0,0
nearest,384.586,-1
cover,384.6244,0,0,0,0
nearest,384.6244,-1
cover,384.663,0,0,0,0
nearest,384.663,-1
cover,384.7379,0,0,0,0
nearest,384.7379,-1
cover,384.7855,0,0,0,0
nearest,384.7855,-1
cover,384.8381,0,0,0,0
nearest,384.8381,-1
cover,384.9092,0,0,0,0
nearest,384.9093,-1
cover,384.9712,0,0,0,0
nearest,384.9712,-1
cover,385.0916,0,0,0,0
nearest,385.0916,-1
cover,385.2351,0,0,0,0
nearest,385.2351,-1
cover,385.3142,0,0,0,0
nearest,385.3142,-1
cover,385.4333,0,0,0,0
nearest,385.4333,-1
cover,385.5148,0,0,0,0
nearest,385.5148,-1
cover,385.5927,0,0,0,0
nearest,385.5927,-1
cover,385.6721,0,0,0,0
nearest,385.6721,-1
cover,385.7324,0,0,0,0
nearest,385.7324,-1
cover,385.8137,0,0,0,0
nearest,385.8137,-1
cover,385.8746,0,0,0,0
nearest,385.8746,-1
cover,385.9453,0,0,0,0
nearest,385.9453,-1
cover,385.993,0,0,0,0
nearest,385.993,-1
cover,386.042,0,0,0,0
nearest,386.042,-1
cover,386.0894,0,0,0,0
nearest,386.0894,-1
cover,386.1335,0,0,0,0
nearest,386.1335,-1
cover,386.173,0,0,0,0
nearest,386.173,-1
cover,386.2164,0,0,0,0
nearest,386.2164,-1
cover,386.2567,0,0,0,0
nearest,386.2567,-1
cover,386.3012,0,0,0,0
nearest,386.3012,-1
cover,386.3383,0,0,0,0
nearest,386.3384,-1
cover,386.3856,0,0,0,0
nearest,386.3856,-1
cover,386.4234,0,0,0,0
nearest,386.4234,-1
cover,386.4763,0,0,0,0
nearest,386.4764,-1
cover,386.5179,0,0,0,0
nearest,386.5179,-1
cover,386.562,0,0,0,0
nearest,386.562,-1
cover,386.6039,0,0,0,0
nearest,386.6039,-1
cover,386.6435,0,0,0,0
nearest,386.6435,-1
cover,386.6892,0,0,0,0
nearest,386.6892,-1
cover,386.7383,0,0,0,0
nearest,386.7383,-1
cover,386.7861,0,0,0,0
nearest,386.7861,-1
cover,386.8269,0,0,0,0
nearest,386.8269,-1
cover,386.8705,0,0,0,0
nearest,386.8705,-1
cover,386.9205,0,0,0,0
nearest,386.9205,-1
cover,386.96,0,0,0,0
nearest,386.96,-1
cover,387.0081,0,0,0,0
nearest,387.0081,-1
cover,387.0565,0,0,0,0
nearest,387.0565,-1
cover,387.1039,0,0,0,0
nearest,387.1039,-1
cover,387.1528,0,0,0,0
nearest,387.1528,-1
cover,387.1952,0,0,0,0
nearest,387.1952,-1
cover,387.2326,0,0,0,0
nearest,387.2326,-1
cover,387.2734,0,0,0,0
nearest,387.2734,-1
cover,387.3152,0,0,0,0
nearest,387.3152,-1
cover,387.3575,0,0,0,0
nearest,387.3575,-1
cover,387.3985,0,0,0,0
nearest,387.3986,-1
cover,387.4372,0,0,0,0
nearest,387.4372,-1
cover,387.4744,0,0,0,0
nearest,387.4744,-1
cover,387.5188,0,0,0,0
nearest,387.5189,-1
cover,387.5622,0,0,0,0
nearest,387.5622,-1
cover,387.6013,0,0,0,0
nearest,387.6013,-1
cover,387.6382,0,0,0,0
nearest,387.6382,-1
cover,387.6733,0,0,0,0
nearest,387.6733,-1
cover,387.7157,0,0,0,0
nearest,387.7157,-1
cover,387.7578,0,0,0,0
nearest,387.7578,-1
cover,387.8047,0,0,0,0
nearest,387.8047,-1
cover,387.8447,0,0,0,0
nearest,387.8447,-1
cover,387.8839,0,0,0,0
nearest,387.8839,-1
cover,387.9245,0,0,0,0
nearest,387.9245,-1
cover,387.9683,0,0,0,0
nearest,387.9684,-1
cover,388.0078,0,0,0,0
nearest,388.0079,-1
cover,388.0604,0,0,0,0
nearest,388.0604,-1
cover,388.1051,0,0,0,0
nearest,388.1051,-1
cover,388.1514,0,0,0,0
nearest,388.1515,-1
cover,388.1937,0,0,0,0
nearest,388.1938,-1
cover,388.2377,0,0,0,0
nearest,388.2377,-1
cover,388.2739,0,0,0,0
nearest,388.2739,-1
cover,388.3172,0,0,0,0
nearest,388.3172,-1
cover,388.3563,0,0,0,0
nearest,388.3563,-1
cover,388.4055,0,0,0,0
nearest,388.4055,-1
cover,388.4539,0,0,0,0
nearest,388.4539,-1
cover,388.4951,0,0,0,0
nearest,388.4951,-1
cover,388.5379,0,0,0,0
nearest,388.5379,-1
cover,388.576,0,0,0,0
nearest,388.576,-1
cover,388.6218,0,0,0,0
nearest,388.6218,-1
cover,388.673,0,0,0,0
nearest,388.6731,-1
cover,388.7232,0,0,0,0
nearest,388.7232,-1
cover,388.7727,0,0,0,0
nearest,388.7728,-1
cover,388.8218,0,0,0,0
nearest,388.8218,-1
cover,388.8706,0,0,0,0
nearest,388.8706,-1
cover,388.9105,0,0,0,0
nearest,388.9105,-1
cover,388.9584,0,0,0,0
nearest,388.9584,-1
cover,389.0067,0,0,0,0
nearest,389.0067,-1
cover,389.0603,0,0,0,0
nearest,389.0603,-1
cover,389.1093,0,0,0,0
nearest,389.1094,-1
cover,389.1572,0,0,0,0
nearest,389.1573,-1
cover,389.2123,0,0,0,0
nearest,389.2123,-1
cover,389.2598,0,0,0,0
nearest,389.2598,-1
cover,389.3101,0,0,0,0
nearest,389.3101,-1
cover,389.3625,0,0,0,0
nearest,389.3625,-1
cover,389.4151,0,0,0,0
nearest,389.4152,-1
cover,389.475,0,0,0,0
nearest,389.475,-1
cover,389.5315,0,0,0,0
nearest,389.5315,-1
cover,389.5879,0,0,0,0
nearest,389.5879,-1
cover,389.6378,0,0,0,0
nearest,389.6379,-1
cover,389.6918,0,0,0,0
nearest,389.6918,-1
cover,389.7422,0,0,0,0
nearest,389.7422,-1
cover,389.796,0,0,0,0
nearest,389.796,-1
cover,389.8523,0,0,0,0
nearest,389.8523,-1
cover,389.901,0,0,0,0
nearest,389.901,-1
cover,389.9518,0,0,0,0
nearest,389.9519,-1
cover,390.0072,0,0,0,0
nearest,390.0072,-1
cover,390.0596,0,0,0,0
nearest,390.0596,-1
cover,390.1094,0,0,0,0
nearest,390.1095,-1
cover,390.1592,0,0,0,0
nearest,390.1592,-1
cover,390.2089,0,0,0,0
nearest,390.209,-1
cover,390.2628,0,0,0,0
nearest,390.2628,-1
cover,390.3128,0,0,0,0
nearest,390.3128,-1
cover,390.3555,0,0,0,0
nearest,390.3555,-1
cover,390.4126,0,0,0,0
nearest,390.4127,-1
cover,390.4579,0,0,0,0
nearest,390.458,-1
cover,390.5051,0,0,0,0
nearest,390.5051,-1
cover,390.5583,0,0,0,0
nearest,390.5583,-1
cover,390.6153,0,0,0,0
nearest,390.6154,-1
cover,390.6728,0,0,0,0
nearest,390.6728,-1
cover,390.729,0,0,0,0
nearest,390.729,-1
cover,390.7804,0,0,0,0
nearest,390.7804,-1
cover,390.8417,0,0,0,0
nearest,390.8417,-1
cover,390.9019,0,0,0,0
nearest,390.902,-1
cover,390.959,0,0,0,0
nearest,390.959,-1
cover,391.0143,0,0,0,0
nearest,391.0144,-1
cover,391.0717,0,0,0,0
nearest,391.0717,-1
cover,391.1265,0,0,0,0
nearest,391.1265,-1
cover,391.1759,0,0,0,0
nearest,391.176,-1
cover,391.2337,0,0,0,0
nearest,391.2338,-1
cover,391.2896,0,0,0,0
nearest,391.2896,-1
cover,391.3489,0,0,0,0
nearest,391.3489,-1
cover,391.4015,0,0,0,0
nearest,391.4015,-1
cover,391.4546,0,0,0,0
nearest,391.4546,-1
cover,391.5048,0,0,0,0
nearest,391.5048,-1
cover,391.558,0,0,0,0
nearest,391.558,-1
cover,391.6158,0,0,0,0
nearest,391.6158,-1
cover,391.6769,0,0,0,0
nearest,391.6769,-1
cover,391.731,0,0,0,0
nearest,391.731,-1
cover,391.7895,0,0,0,0
nearest,391.7895,-1
cover,391.8449,0,0,0,0
nearest,391.845,-1
cover,391.8892,0,0,0,0
nearest,391.8892,-1
cover,391.9445,0,0,0,0
nearest,391.9445,-1
cover,391.9945,0,0,0,0
nearest,391.9946,-1
cover,392.0413,0,0,0,0
nearest,392.0413,-1
cover,392.0931,0,0,0,0
nearest,392.0931,-1
cover,392.1452,0,0,0,0
nearest,392.1453,-1
cover,392.1947,0,0,0,0
nearest,392.1947,-1
cover,392.3053,0,0,0,0
nearest,392.3054,-1
cover,392.3614,0,0,0,0
nearest,392.3615,-1
cover,392.4084,0,0,0,0
nearest,392.4085,-1
cover,392.4646,0,0,0,0
nearest,392.4647,-1
cover,392.5219,0,0,0,0
nearest,392.5219,-1
cover,392.5757,0,0,0,0
nearest,392.5757,-1
cover,392.6275,0,0,0,0
nearest,392.6275,-1
cover,392.6757,0,0,0,0
nearest,392.6757,-1
cover,392.726,0,0,0,0
nearest,392.726,-1
cover,392.7745,0,0,0,0
nearest,392.7745,-1
cover,392.8302,0,0,0,0
nearest,392.8302,-1
cover,392.886,0,0,0,0
nearest,392.886,-1
cover,392.9335,0,0,0,0
nearest,392.9335,-1
cover,392.9833,0,0,0,0
nearest,392.9833,-1
cover,393.0375,0,0,0,0
nearest,393.0375,-1
cover,393.0874,0,0,0,0
nearest,393.0874,-1
cover,393.1455,0,0,0,0
nearest,393.1455,-1
cover,393.198,0,0,0,0
nearest,393.198,-1
cover,393.258,0,0,0,0
nearest,393.258,-1
cover,393.3094,0,0,0,0
nearest,393.3094,-1
cover,393.3585,0,0,0,0
nearest,393.3585,-1
cover,393.4083,0,0,0,0
nearest,393.4083,-1
cover,393.4579,0,0,0,0
nearest,393.458,-1
cover,393.5099,0,0,0,0
nearest,393.5099,-1
cover,393.565,0,0,0,0
nearest,393.565,-1
cover,393.6161,0,0,0,0
nearest,393.6161,-1
cover,393.6632,0,0,0,0
nearest,393.6632,-1
cover,393.7225,0,0,0,0
nearest,393.7225,-1
cover,393.7675,0,0,0,0
nearest,393.7675,-1
cover,393.8242,0,0,0,0
nearest,393.8243,-1
cover,393.8721,0,0,0,0
nearest,393.8721,-1
cover,393.9244,0,0,0,0
nearest,393.9245,-1
cover,393.9714,0,0,0,0
nearest,393.9714,-1
cover,394.018,0,0,0,0
nearest,394.018,-1
cover,394.0651,0,0,0,0
nearest,394.0651,-1
cover,394.1154,0,0,0,0
nearest,394.1154,-1
cover,394.1666,0,0,0,0
nearest,394.1666,-1
cover,394.2133,0,0,0,0
nearest,394.2133,-1
cover,394.2669,0,0,0,0
nearest,394.267,-1
cover,394.3222,0,0,0,0
nearest,394.3223,-1
cover,394.3733,0,0,0,0
nearest,394.3734,-1
cover,394.4238,0,0,0,0
nearest,394.4238,-1
cover,394.4746,0,0,0,0
nearest,394.4747,-1
cover,394.5232,0,0,0,0
nearest,394.5232,-1
cover,394.5733,0,0,0,0
nearest,394.5733,-1
cover,394.6231,0,0,0,0
nearest,394.6231,-1
cover,394.6714,0,0,0,0
nearest,394.6714,-1
cover,394.7144,0,0,0,0
nearest,394.7145,-1
cover,394.7639,0,0,0,0
nearest,394.764,-1
cover,394.8165,0,0,0,0
nearest,394.8166,-1
cover,394.872,0,0,0,0
nearest,394.872,-1
cover,394.9294,0,0,0,0
nearest,394.9294,-1
cover,394.9755,0,0,0,0
nearest,394.9755,-1
cover,395.0248,0,0,0,0
nearest,395.0248,-1
cover,395.0719,0,0,0,0
nearest,395.0719,-1
cover,395.1294,0,0,0,0
nearest,395.1295,-1
cover,395.182,0,0,0,0
nearest,395.182,-1
cover,395.2403,0,0,0,0
nearest,395.2404,-1
cover,395.3051,0,0,0,0
nearest,395.3051,-1
cover,395.3666,0,0,0,0
nearest,395.3666,-1
cover,395.4176,0,0,0,0
nearest,395.4176,-1
cover,395.4754,0,0,0,0
nearest,395.4754,-1
cover,395.5286,0,0,0,0
nearest,395.5286,-1
cover,395.5767,0,0,0,0
nearest,395.5767,-1
cover,395.6268,0,0,0,0
nearest,395.6269,-1
cover,395.6768,0,0,0,0
nearest,395.6768,-1
cover,395.7288,0,0,0,0
nearest,395.7288,-1
cover,395.7812,0,0,0,0
nearest,395.7812,-1
cover,395.8448,0,0,0,0
nearest,395.8448,-1
cover,395.8926,0,0,0,0
nearest,395.8926,-1
cover,395.9441,0,0,0,0
nearest,395.9442,-1
cover,395.9925,0,0,0,0
nearest,395.9925,-1
cover,396.0399,0,0,0,0
nearest,396.04,-1
cover,396.0905,0,0,0,0
nearest,396.0905,-1
cover,396.1368,0,0,0,0
nearest,396.1368,-1
cover,396.189,0,0,0,0
nearest,396.189,-1
cover,396.2482,0,0,0,0
nearest,396.2482,-1
cover,396.2991,0,0,0,0
nearest,396.2991,-1
cover,396.3481,0,0,0,0
nearest,396.3482,-1
cover,396.397,0,0,0,0
nearest,396.397,-1
cover,396.4495,0,0,0,0
nearest,396.4495,-1
cover,396.4989,0,0,0,0
nearest,396.4989,-1
cover,396.5494,0,0,0,0
nearest,396.5495,-1
cover,396.5978,0,0,0,0
nearest,396.5979,-1
cover,396.6465,0,0,0,0
nearest,396.6466,-1
cover,396.696,0,0,0,0
nearest,396.696,-1
cover,396.7374,0,0,0,0
nearest,396.7375,-1
cover,396.784,0,0,0,0
nearest,396.784,-1
cover,396.834,0,0,0,0
nearest,396.834,-1
cover,396.8794,0,0,0,0
nearest,396.8794,-1
cover,396.9248,0,0,0,0
nearest,396.9248,-1
cover,396.976,0,0,0,0
nearest,396.976,-1
cover,397.0265,0,0,0,0
nearest,397.0266,-1
cover,397.0779,0,0,0,0
nearest,397.0779,-1
cover,397.1287,0,0,0,0
nearest,397.1287,-1
cover,397.1745,0,0,0,0
nearest,397.1745,-1
cover,397.2277,0,0,0,0
nearest,397.2277,-1
cover,397.2722,0,0,0,0
nearest,397.2722,-1
cover,397.3245,0,0,0,0
nearest,397.3245,-1
cover,397.3751,0,0,0,0
nearest,397.3751,-1
cover,397.4255,0,0,0,0
nearest,397.4255,-1
cover,397.4772,0,0,0,0
nearest,397.4772,-1
cover,397.5232,0,0,0,0
nearest,397.5232,-1
cover,397.5745,0,0,0,0
nearest,397.5745,-1
cover,397.6244,0,0,0,0
nearest,397.6244,-1
cover,397.6735,0,0,0,0
nearest,397.6735,-1
cover,397.7263,0,0,0,0
nearest,397.7264,-1
cover,397.7754,0,0,0,0
nearest,397.7754,-1
cover,397.8293,0,0,0,0
nearest,397.8294,-1
cover,397.8735,0,0,0,0
nearest,397.8735,-1
cover,397.9246,0,0,0,0
nearest,397.9247,-1
cover,397.972,0,0,0,0
nearest,397.972,-1
cover,398.0251,0,0,0,0
nearest,398.0251,-1
cover,398.0773,0,0,0,0
nearest,398.0773,-1
cover,398.131,0,0,0,0
nearest,398.131,-1
cover,398.1881,0,0,0,0
nearest,398.1881,-1
cover,398.2395,0,0,0,0
nearest,398.2395,-1
cover,398.2925,0,0,0,0
nearest,398.2926,-1
cover,398.3496,0,0,0,0
nearest,398.3496,-1
cover,398.4035,0,0,0,0
nearest,398.4036,-1
cover,398.4524,0,0,0,0
nearest,398.4524,-1
cover,398.4993,0,0,0,0
nearest,398.4993,-1
cover,398.55,0,0,0,0
nearest,398.5501,-1
cover,398.6001,0,0,0,0
nearest,398.6001,-1
cover,398.6577,0,0,0,0
nearest,398.6578,-1
cover,398.7126,0,0,0,0
nearest,398.7126,-1
cover,398.7626,0,0,0,0
nearest,398.7626,-1
cover,398.8114,0,0,0,0
nearest,398.8114,-1
cover,398.8628,0,0,0,0
nearest,398.8628,-1
cover,398.9101,0,0,0,0
nearest,398.9101,-1
cover,398.9585,0,0,0,0
nearest,398.9585,-1
cover,399.006,0,0,0,0
nearest,399.006,-1
cover,399.0621,0,0,0,0
nearest,399.0621,-1
cover,399.1124,0,0,0,0
nearest,399.1124,-1
cover,399.1648,0,0,0,0
nearest,399.1648,-1
cover,399.2171,0,0,0,0
nearest,399.2172,-1
cover,399.2659,0,0,0,0
nearest,399.266,-1
cover,399.3256,0,0,0,0
nearest,399.3256,-1
cover,399.3721,0,0,0,0
nearest,399.3721,-1
cover,399.4212,0,0,0,0
nearest,399.4212,-1
cover,399.4648,0,0,0,0
nearest,399.4648,-1
cover,399.5168,0,0,0,0
nearest,399.5168,-1
cover,399.571,0,0,0,0
nearest,399.5711,-1
cover,399.6219,0,0,0,0
nearest,399.6219,-1
cover,399.6721,0,0,0,0
nearest,399.6721,-1
cover,399.7253,0,0,0,0
nearest,399.7253,-1
cover,399.7692,0,0,0,0
nearest,399.7692,-1
cover,399.817,0,0,0,0
nearest,399.817,-1
cover,399.8612,0,0,0,0
nearest,399.8612,-1
cover,399.9074,0,0,0,0
nearest,399.9074,-1
cover,399.954,0,0,0,0
nearest,399.954,-1
cover,400.0048,0,0,0,0
nearest,400.0048,-1
cover,400.0563,0,0,0,0
nearest,400.0564,-1
cover,400.107,0,0,0,0
nearest,400.107,-1
cover,400.1521,0,0,0,0
nearest,400.1521,-1
cover,400.2012,0,0,0,0
nearest,400.2012,-1
cover,400.2456,0,0,0,0
nearest,400.2456,-1
cover,400.2963,0,0,0,0
nearest,400.2963,-1
cover,400.3411,0,0,0,0
nearest,400.3411,-1
cover,400.3881,0,0,0,0
nearest,400.3881,-1
cover,400.4351,0,0,0,0
nearest,400.4352,-1
cover,400.4813,0,0,0,0
nearest,400.4813,-1
cover,400.5345,0,0,0,0
nearest,400.5345,-1
cover,400.5849,0,0,0,0
nearest,400.5849,-1
cover,400.6299,0,0,0,0
nearest,400.6299,-1
cover,400.6827,0,0,0,0
nearest,400.6828,-1
cover,400.7305,0,0,0,0
nearest,400.7305,-1
cover,400.7769,0,0,0,0
nearest,400.7769,-1
cover,400.8262,0,0,0,0
nearest,400.8264,-1
cover,400.8729,0,0,0,0
nearest,400.8729,-1
cover,400.9249,0,0,0,0
nearest,400.9249,-1
cover,400.9784,0,0,0,0
nearest,400.9784,-1
cover,401.0249,0,0,0,0
nearest,401.0249,-1
cover,401.0741,0,0,0,0
nearest,401.0742,-1
cover,401.1232,0,0,0,0
nearest,401.1232,-1
cover,401.1725,0,0,0,0
nearest,401.1725,-1
cover,401.2295,0,0,0,0
nearest,401.2295,-1
cover,401.2879,0,0,0,0
nearest,401.2879,-1
cover,401.3392,0,0,0,0
nearest,401.3392,-1
cover,401.3874,0,0,0,0
nearest,401.3875,-1
cover,401.4324,0,0,0,0
nearest,401.4325,-1
cover,401.4826,0,0,0,0
nearest,401.4826,-1
cover,401.5312,0,0,0,0
nearest,401.5312,-1
cover,401.5912,0,0,0,0
nearest,401.5912,-1
cover,401.6418,0,0,0,0
nearest,401.6418,-1
cover,401.6917,0,0,0,0
nearest,401.6918,-1
cover,401.7392,0,0,0,0
nearest,401.7392,-1
cover,401.7957,0,0,0,0
nearest,401.7958,-1
cover,401.8414,0,0,0,0
nearest,401.8414,-1
cover,401.8917,0,0,0,0
nearest,401.8917,-1
cover,401.95,0,0,0,0
nearest,401.9501,-1
cover,402.0268,0,0,0,0
nearest,402.0269,-1
cover,402.0959,0,0,0,0
nearest,402.0959,-1
cover,402.1641,0,0,0,0
nearest,402.1642,-1
cover,402.2163,0,0,0,0
nearest,402.2163,-1
cover,402.2652,0,0,0,0
nearest,402.2652,-1
cover,402.315,0,0,0,0
nearest,402.3151,-1
cover,402.3641,0,0,0,0
nearest,402.3641,-1
cover,402.4147,0,0,0,0
nearest,402.4147,-1
cover,402.4673,0,0,0,0
nearest,402.4674,-1
cover,402.5165,0,0,0,0
nearest,402.5166,-1
cover,402.5651,0,0,0,0
nearest,402.5652,-1
cover,402.6137,0,0,0,0
nearest,402.6137,-1
cover,402.659,0,0,0,0
nearest,402.659,-1
cover,402.7036,0,0,0,0
nearest,402.7037,-1
cover,402.7414,0,0,0,0
nearest,402.7415,-1
cover,402.7882,0,0,0,0
nearest,402.7882,-1
cover,402.8369,0,0,0,0
nearest,402.8369,-1
cover,402.8807,0,0,0,0
nearest,402.8807,-1
cover,402.929,0,0,0,0
nearest,402.929,-1
cover,402.974,0,0,0,0
nearest,402.974,-1
cover,403.0203,0,0,0,0
nearest,403.0203,-1
cover,403.0674,0,0,0,0
nearest,403.0674,-1
cover,403.1081,0,0,0,0
nearest,403.1082,-1
cover,403.1475,0,0,0,0
nearest,403.1475,-1
cover,403.191,0,0,0,0
nearest,403.191,-1
cover,403.2321,0,0,0,0
nearest,403.2321,-1
cover,403.2754,0,0,0,0
nearest,403.2754,-1
cover,403.3169,0,0,0,0
nearest,403.3169,-1
cover,403.3577,0,0,0,0
nearest,403.3577,-1
cover,403.4033,0,0,0,0
nearest,403.4033,-1
cover,403.4429,0,0,0,0
nearest,403.4429,-1
cover,403.4843,0,0,0,0
nearest,403.4843,-1
cover,403.5241,0,0,0,0
nearest,403.5242,-1
cover,403.5662,0,0,0,0
nearest,403.5662,-1
cover,403.6113,0,0,0,0
nearest,403.6113,-1
cover,403.6503,0,0,0,0
nearest,403.6503,-1
cover,403.6928,0,0,0,0
nearest,403.6928,-1
cover,403.7352,0,0,0,0
nearest,403.7353,-1
cover,403.7766,0,0,0,0
nearest,403.7766,-1
cover,403.8156,0,0,0,0
nearest,403.8156,-1
cover,403.8671,0,0,0,0
nearest,403.8672,-1
cover,403.9086,0,0,0,0
nearest,403.9087,-1
cover,403.9563,0,0,0,0
nearest,403.9563,-1
cover,403.9999,0,0,0,0
nearest,403.9999,-1
cover,404.0436,0,0,0,0
nearest,404.0436,-1
cover,404.0926,0,0,0,0
nearest,404.0926,-1
cover,404.1419,0,0,0,0
nearest,404.142,-1
cover,404.1813,0,0,0,0
nearest,404.1813,-1
cover,404.2244,0,0,0,0
nearest,404.2244,-1
cover,404.2696,0,0,0,0
nearest,404.2696,-1
cover,404.3087,0,0,0,0
nearest,404.3087,-1
cover,404.3523,0,0,0,0
nearest,404.3523,-1
cover,404.39,0,0,0,0
nearest,404.39,-1
cover,404.4384,0,0,0,0
nearest,404.4384,-1
cover,404.4834,0,0,0,0
nearest,404.4834,-1
cover,404.5217,0,0,0,0
nearest,404.5218,-1
cover,404.5707,0,0,0,0
nearest,404.5708,-1
cover,404.626,0,0,0,0
nearest,404.626,-1
cover,404.6702,0,0,0,0
nearest,404.6702,-1
cover,404.7093,0,0,0,0
nearest,404.7094,-1
cover,404.7557,0,0,0,0
nearest,404.7557,-1
cover,404.805,0,0,0,0
nearest,404.805,-1
cover,404.8577,0,0,0,0
nearest,404.8577,-1
cover,404.9021,0,0,0,0
nearest,404.9021,-1
cover,404.9469,0,0,0,0
nearest,404.947,-1
cover,404.9906,0,0,0,0
nearest,404.9907,-1
cover,405.0325,0,0,0,0
nearest,405.0325,-1
cover,405.0759,0,0,0,0
nearest,405.0759,-1
cover,405.1149,0,0,0,0
nearest,405.1149,-1
cover,405.1579,0,0,0,0
nearest,405.158,-1
cover,405.2004,0,0,0,0
nearest,405.2005,-1
cover,405.2436,0,0,0,0
nearest,405.2437,-1
cover,405.2839,0,0,0,0
nearest,405.284,-1
cover,405.3262,0,0,0,0
nearest,405.3262,-1
cover,405.3713,0,0,0,0
nearest,405.3713,-1
cover,405.4188,0,0,0,0
nearest,405.4188,-1
cover,405.4618,0,0,0,0
nearest,405.4618,-1
cover,405.4991,0,0,0,0
nearest,405.4991,-1
cover,405.5444,0,0,0,0
nearest,405.5444,-1
cover,405.5832,0,0,0,0
nearest,405.5832,-1
cover,405.6257,0,0,0,0
nearest,405.6257,-1
cover,405.6663,0,0,0,0
nearest,405.6664,-1
cover,405.7087,0,0,0,0
nearest,405.7087,-1
cover,405.7517,0,0,0,0
nearest,405.7518,-1
cover,405.7908,0,0,0,0
nearest,405.7908,-1
cover,405.8373,0,0,0,0
nearest,405.8374,-1
cover,405.8763,0,0,0,0
nearest,405.8764,-1
cover,405.9161,0,0,0,0
nearest,405.9161,-1
cover,405.9573,0,0,0,0
nearest,405.9573,-1
cover,406.01,0,0,0,0
nearest,406.01,-1
cover,406.0508,0,0,0,0
nearest,406.0508,-1
cover,406.0907,0,0,0,0
nearest,406.0907,-1
cover,406.1375,0,0,0,0
nearest,406.1375,-1
cover,406.1793,0,0,0,0
nearest,406.1793,-1
cover,406.2145,0,0,0,0
nearest,406.2145,-1
cover,406.2552,0,0,0,0
nearest,406.2553,-1
cover,406.3036,0,0,0,0
nearest,406.3037,-1
cover,406.3571,0,0,0,0
nearest,406.3571,-1
cover,406.4012,0,0,0,0
nearest,406.4013,-1
cover,406.4478,0,0,0,0
nearest,406.4478,-1
cover,406.4875,2,1,1,1
err,406.4876,103.0,-1.71
timing,406.4876,13.3,25.9
gate,406.4876,166.8,1.0,0.18,0.0
det,406.4876,1376.38,789.62,13.25,15.75,0.855,Head
det,406.4876,1356.12,788.25,51.75,127.0,0.851,Body
cover,406.539,2,1,1,1
err,406.5391,103.0,-1.71
timing,406.5391,20.6,28.7
gate,406.5391,166.8,1.0,0.18,0.0
det,406.5391,1376.38,789.62,13.25,15.75,0.855,Head
det,406.5391,1356.12,788.25,51.75,127.0,0.851,Body
cover,406.616,2,1,1,1
err,406.6161,103.0,-1.71
timing,406.6161,29.2,46.3
gate,406.6161,166.8,1.0,0.18,0.0
det,406.6161,1376.38,789.62,13.25,15.75,0.855,Head
det,406.6161,1356.12,788.25,51.75,127.0,0.851,Body
cover,406.6537,3,1,2,1
err,406.6538,103.0,-1.77
timing,406.6538,8.1,28.1
gate,406.6538,166.8,1.0,0.18,0.0
det,406.6538,1376.62,790.25,12.75,14.5,0.889,Head
det,406.6538,1356.75,788.75,51.0,115.5,0.862,Body
det,406.6538,1390.38,852.88,14.25,41.25,0.469,Body
cover,406.7016,3,1,2,1
err,406.7016,103.0,-1.79
timing,406.7016,19.5,26.1
gate,406.7016,166.8,1.0,0.18,0.0
det,406.7016,1376.62,790.38,12.75,14.25,0.892,Head
det,406.7016,1356.75,788.88,51.0,115.25,0.859,Body
det,406.7016,1390.38,852.5,14.25,41.5,0.468,Body
cover,406.7406,3,1,2,1
err,406.7406,103.0,-1.79
timing,406.7406,11.8,25.6
gate,406.7406,166.8,1.0,0.18,0.0
det,406.7406,1376.62,790.38,12.75,14.25,0.892,Head
det,406.7406,1356.75,788.88,51.0,115.25,0.859,Body
det,406.7406,1390.38,852.5,14.25,41.5,0.468,Body
cover,406.7795,2,1,1,1
err,406.7796,110.75,51.24
timing,406.7796,13.2,24.1
gate,406.7795,166.8,1.0,0.18,0.0
det,406.7796,1364.12,842.88,51.75,115.25,0.899,Body
det,406.7796,1384.0,843.12,13.5,14.75,0.859,Head
cover,406.8174,2,1,1,1
err,406.8174,110.75,51.24
timing,406.8174,7.7,27.0
gate,406.8174,166.8,1.0,0.18,0.0
det,406.8174,1363.88,842.75,52.25,115.0,0.898,Body
det,406.8174,1384.0,843.12,13.5,14.75,0.861,Head
cover,406.8689,2,1,1,1
err,406.8689,110.75,51.0
timing,406.8689,20.2,29.7
gate,406.8689,166.8,1.0,0.18,0.0
det,406.8689,1364.25,842.62,52.0,114.75,0.9,Body
det,406.8689,1384.0,842.75,13.5,15.0,0.865,Head
cover,406.9084,2,1,1,1
err,406.9086,110.75,51.0
timing,406.9086,7.7,29.7
gate,406.9086,166.8,1.0,0.18,0.0
det,406.9086,1363.88,842.88,52.25,115.25,0.903,Body
det,406.9086,1384.0,842.75,13.5,15.0,0.866,Head
cover,406.9545,2,1,1,1
err,406.9545,110.75,51.0
timing,406.9545,13.2,29.7
gate,406.9545,166.8,1.0,0.18,0.0
det,406.9545,1363.88,842.88,52.25,115.25,0.902,Body
det,406.9545,1384.0,842.75,13.5,15.0,0.867,Head
cover,406.9974,2,1,1,1
err,406.9975,110.5,51.0
timing,406.9975,11.1,29.8
gate,406.9975,166.8,1.0,0.18,0.0
det,406.9975,1364.25,842.38,52.0,115.25,0.9,Body
det,406.9975,1383.88,842.75,13.25,15.0,0.858,Head
cover,407.0478,2,1,1,1
err,407.0478,110.5,51.0
timing,407.0478,15.6,31.3
gate,407.0478,166.8,1.0,0.18,0.0
det,407.0478,1364.38,842.38,52.25,115.25,0.9,Body
det,407.0478,1383.88,842.75,13.25,15.0,0.86,Head
cover,407.0866,2,1,1,1
err,407.0867,108.5,54.27
timing,407.0867,9.6,27.6
gate,407.0867,166.8,1.0,0.18,0.0
det,407.0867,1361.88,844.88,52.25,116.25,0.916,Body
det,407.0867,1382.12,845.75,12.75,15.5,0.82,Head
cover,407.1284,2,1,1,1
err,407.1285,92.5,57.31
timing,407.1285,14.7,25.0
gate,407.1285,166.8,1.0,0.18,0.0
det,407.1285,1345.5,848.62,51.5,114.75,0.901,Body
det,407.1285,1366.0,848.38,13.0,16.25,0.816,Head
cover,407.1662,2,1,1,1
err,407.1662,72.0,62.27
timing,407.1662,9.0,26.3
gate,407.1662,166.8,1.0,0.18,0.0
det,407.1662,1325.88,852.5,52.25,116.5,0.896,Body
det,407.1662,1345.38,853.75,13.25,15.5,0.891,Head
cover,407.2021,2,1,1,1
err,407.2022,58.0,82.83
timing,407.2022,6.6,27.1
gate,407.2022,166.8,1.0,0.18,0.0
det,407.2022,1311.12,874.0,51.75,117.0,0.893,Body
det,407.2022,1331.5,873.75,13.0,16.5,0.821,Head
cover,407.2408,2,1,1,1
err,407.2409,51.5,96.05
timing,407.2409,6.7,29.0
gate,407.2409,166.8,1.0,0.18,0.0
det,407.2409,1304.62,887.0,51.75,116.5,0.885,Body
det,407.2409,1324.38,887.25,14.25,16.0,0.846,Head
cover,407.2791,2,1,1,1
err,407.2791,49.25,102.24
timing,407.2791,7.3,28.5
gate,407.2791,166.8,1.0,0.18,0.0
det,407.2791,1302.0,893.88,52.0,115.25,0.905,Body
det,407.2791,1323.0,894.12,12.5,14.75,0.866,Head
cover,407.3261,2,1,1,1
err,407.3261,49.25,102.25
timing,407.3261,15.5,28.6
gate,407.3261,166.8,1.0,0.18,0.0
det,407.3261,1302.38,893.5,52.25,115.5,0.905,Body
det,407.3261,1323.0,894.0,12.5,15.0,0.865,Head
cover,407.3769,2,1,1,1
err,407.3769,51.25,90.84
timing,407.3769,15.7,32.1
gate,407.3769,166.8,1.0,0.18,0.0
det,407.3769,1304.75,881.88,51.0,114.25,0.874,Body
det,407.3769,1324.75,881.62,13.0,16.75,0.783,Head
cover,407.4231,2,1,1,1
err,407.4231,52.5,69.5
timing,407.4231,15.1,28.0
gate,407.4231,166.8,1.0,0.18,0.0
det,407.4231,1305.0,860.5,52.5,115.0,0.863,Body
det,407.4231,1326.5,861.25,12.0,15.0,0.814,Head
cover,407.4628,2,1,1,1
err,407.4628,51.75,69.24
timing,407.4628,7.1,30.1
gate,407.4628,166.8,1.0,0.18,0.0
det,407.4628,1303.88,860.88,52.25,114.25,0.887,Body
det,407.4628,1325.5,861.12,12.5,14.75,0.797,Head
cover,407.5074,2,1,1,1
err,407.5075,51.75,69.24
timing,407.5075,17.3,25.0
gate,407.5075,166.8,1.0,0.18,0.0
det,407.5075,1303.88,860.88,52.25,114.25,0.887,Body
det,407.5075,1325.5,861.12,12.5,14.75,0.799,Head
cover,407.552,2,1,1,1
err,407.552,43.75,62.55
timing,407.552,14.9,26.9
gate,407.552,166.8,1.0,0.18,0.0
det,407.552,1296.0,852.75,53.0,116.5,0.905,Body
det,407.552,1316.75,853.75,14.0,16.0,0.789,Head
cover,407.5955,2,1,1,1
err,407.5955,18.0,39.71
timing,407.5955,15.0,26.3
gate,407.5955,166.8,1.0,0.18,0.0
det,407.5955,1272.38,830.5,50.25,113.5,0.891,Body
det,407.5955,1291.75,831.88,12.5,14.25,0.774,Head
cover,407.6373,2,1,1,1
err,407.6373,-9.0,18.05
timing,407.6373,11.7,28.1
gate,407.6373,166.8,1.0,0.18,0.0
det,407.6373,1245.12,808.5,50.75,113.5,0.883,Body
det,407.6373,1264.62,809.25,12.75,16.0,0.851,Head
cover,407.6749,3,1,2,1
err,407.6749,-11.0,17.02
timing,407.6749,7.4,27.8
gate,407.6749,166.8,1.0,0.18,0.0
det,407.6749,1241.38,807.25,51.25,115.0,0.862,Body
det,407.6749,1262.88,808.5,12.25,15.5,0.829,Head
det,407.6749,1511.0,857.25,9.0,21.0,0.468,Body
cover,407.7159,2,1,1,1
err,407.716,-11.5,15.75
timing,407.716,13.8,24.8
gate,407.716,166.8,1.0,0.18,0.0
det,407.716,1240.88,807.0,52.25,117.5,0.893,Body
det,407.716,1262.12,807.5,12.75,15.0,0.887,Head
cover,407.7558,2,1,1,1
err,407.7558,-11.5,15.75
timing,407.7558,8.1,29.3
gate,407.7558,166.8,1.0,0.18,0.0
det,407.7558,1240.75,807.0,52.5,118.0,0.894,Body
det,407.7558,1262.12,807.5,12.75,15.0,0.888,Head
cover,407.8014,2,1,1,1
err,407.8015,-11.5,15.75
timing,407.8015,15.7,27.8
gate,407.8015,166.8,1.0,0.18,0.0
det,407.8015,1240.75,807.12,52.5,117.75,0.894,Body
det,407.8015,1262.12,807.5,12.75,15.0,0.887,Head
cover,407.8466,3,1,2,1
err,407.8467,-9.5,14.65
timing,407.8467,13.5,29.9
gate,407.8467,166.8,1.0,0.18,0.0
det,407.8467,1244.38,806.38,51.25,114.25,0.86,Body
det,407.8467,1264.62,807.5,11.75,13.0,0.813,Head
det,407.8467,1511.5,858.0,9.0,20.0,0.478,Body
cover,407.8817,2,1,1,1
err,407.8818,-7.0,13.7
timing,407.8818,7.1,25.4
gate,407.8818,166.8,1.0,0.18,0.0
det,407.8818,1247.25,804.25,51.0,112.0,0.877,Body
det,407.8818,1267.25,806.0,11.5,14.0,0.736,Head
cover,407.9165,2,0,2,0
nearest,407.9165,-1
cover,407.9538,2,1,1,1
err,407.9539,15.0,19.3
timing,407.9539,7.7,27.5
gate,407.9539,166.8,1.0,0.18,0.0
det,407.9539,1267.75,811.0,52.0,114.0,0.917,Body
det,407.9539,1288.12,810.5,13.75,16.0,0.883,Head
cover,407.9962,2,1,1,1
err,407.9962,15.75,19.24
timing,407.9962,15.9,23.6
gate,407.9962,166.8,1.0,0.18,0.0
det,407.9962,1268.88,810.5,52.25,113.0,0.904,Body
det,407.9962,1289.25,811.12,13.0,14.75,0.892,Head
cover,408.0369,2,1,1,1
err,408.037,14.5,13.98
timing,408.037,10.4,28.1
gate,408.037,166.8,1.0,0.18,0.0
det,408.037,1266.5,805.0,53.0,117.0,0.905,Body
det,408.037,1288.12,806.0,12.75,14.5,0.865,Head
cover,408.0772,2,1,1,1
err,408.0772,3.0,5.81
timing,408.0772,13.5,24.2
gate,408.0772,166.8,1.0,0.18,0.0
det,408.0772,1254.62,796.88,52.75,114.25,0.897,Body
det,408.0772,1276.25,796.88,13.5,16.25,0.698,Head
cover,408.1185,2,1,1,1
err,408.1186,-7.75,-0.05
timing,408.1186,12.0,27.2
gate,408.1186,166.8,1.0,0.18,0.0
det,408.1186,1247.12,791.88,50.75,113.25,0.867,Body
det,408.1186,1266.0,792.25,12.5,14.0,0.532,Head
cover,408.1537,2,1,1,1
err,408.1537,-7.75,-0.05
timing,408.1537,7.3,25.6
gate,408.1537,166.8,1.0,0.18,0.0
det,408.1537,1247.12,792.0,50.75,113.0,0.868,Body
det,408.1537,1266.0,792.25,12.5,14.0,0.533,Head
cover,408.1903,2,1,1,1
err,408.1903,-7.0,20.25
timing,408.1903,8.5,26.5
gate,408.1903,166.8,1.0,0.18,0.0
det,408.1903,1247.38,811.0,50.25,115.0,0.853,Body
det,408.1903,1266.88,812.0,12.25,15.0,0.812,Head
cover,408.2293,3,1,2,1
err,408.2294,-6.0,19.55
timing,408.2294,6.7,29.7
gate,408.2294,166.8,1.0,0.18,0.0
det,408.2294,1247.5,809.88,50.5,112.25,0.879,Body
det,408.2294,1267.12,810.75,13.75,16.0,0.655,Head
det,408.2294,1524.5,887.88,8.0,20.25,0.476,Body
cover,408.2734,0,0,0,0
nearest,408.2735,-1
cover,408.3156,0,0,0,0
nearest,408.3156,-1
cover,408.3569,0,0,0,0
nearest,408.3569,-1
cover,408.3968,0,0,0,0
nearest,408.3968,-1
cover,408.441,0,0,0,0
nearest,408.441,-1
cover,408.4818,0,0,0,0
nearest,408.4819,-1
cover,408.5256,1,0,1,0
nearest,408.5256,-1
cover,408.5722,0,0,0,0
nearest,408.5722,-1
cover,408.6173,0,0,0,0
nearest,408.6174,-1
cover,408.6568,0,0,0,0
nearest,408.6568,-1
cover,408.7045,0,0,0,0
nearest,408.7045,-1
cover,408.7442,1,0,1,0
nearest,408.7442,-1
cover,408.7817,0,0,0,0
nearest,408.7817,-1
cover,408.8253,1,0,1,0
nearest,408.8254,-1
cover,408.8665,0,0,0,0
nearest,408.8665,-1
cover,408.9097,0,0,0,0
nearest,408.9098,-1
cover,408.9476,0,0,0,0
nearest,408.9476,-1
cover,408.987,0,0,0,0
nearest,408.9871,-1
cover,409.0292,0,0,0,0
nearest,409.0292,-1
cover,409.066,0,0,0,0
nearest,409.066,-1
cover,409.1014,0,0,0,0
nearest,409.1014,-1
cover,409.1391,0,0,0,0
nearest,409.1391,-1
cover,409.1823,0,0,0,0
nearest,409.1823,-1
cover,409.224,0,0,0,0
nearest,409.224,-1
cover,409.2638,0,0,0,0
nearest,409.2638,-1
cover,409.3065,0,0,0,0
nearest,409.3065,-1
cover,409.3427,0,0,0,0
nearest,409.3427,-1
cover,409.3775,0,0,0,0
nearest,409.3775,-1
cover,409.4124,0,0,0,0
nearest,409.4124,-1
cover,409.4537,0,0,0,0
nearest,409.4537,-1
cover,409.495,3,1,2,1
err,409.4951,256.5,-56.04
timing,409.4951,12.8,27.6
gate,409.4951,166.8,1.0,0.18,0.0
det,409.4951,1515.0,716.88,43.0,49.25,0.789,Head
det,409.4951,1465.12,706.5,135.75,209.5,0.593,Body
det,409.4951,1289.75,576.0,41.0,79.5,0.513,Body
cover,409.5332,3,1,2,1
err,409.5332,259.0,-57.62
timing,409.5332,9.3,26.4
gate,409.5332,166.8,1.0,0.18,0.0
det,409.5332,1291.25,570.81,42.5,81.38,0.679,Body
det,409.5332,1517.25,713.44,43.5,52.62,0.543,Head
det,409.5332,1467.75,701.62,134.5,211.75,0.425,Body
cover,409.5812,3,1,2,1
err,409.5812,286.5,-59.41
timing,409.5812,15.6,29.9
gate,409.5812,166.8,1.0,0.18,0.0
det,409.5812,1317.38,567.53,40.25,83.44,0.77,Body
det,409.5812,1495.25,704.5,105.5,209.0,0.569,Body
det,409.5812,1543.5,712.12,46.0,51.75,0.542,Head
cover,409.6235,3,1,2,1
err,409.6235,286.5,-59.17
timing,409.6235,9.4,30.1
gate,409.6235,166.8,1.0,0.18,0.0
det,409.6235,1317.38,567.66,40.25,83.19,0.761,Body
det,409.6235,1495.25,704.56,105.5,209.38,0.59,Body
det,409.6235,1543.5,712.44,46.0,51.62,0.533,Head
cover,409.6649,3,1,2,1
err,409.6649,287.0,-59.43
timing,409.6649,8.6,29.8
gate,409.6649,166.8,1.0,0.18,0.0
det,409.6649,1317.25,567.69,40.5,83.12,0.769,Body
det,409.6649,1495.0,705.0,106.0,206.0,0.608,Body
det,409.6649,1544.25,712.31,45.5,51.38,0.537,Head
cover,409.7087,3,1,2,1
err,409.7088,287.0,-59.18
timing,409.7088,12.5,29.0
gate,409.7088,166.8,1.0,0.18,0.0
det,409.7088,1317.38,567.62,40.25,83.25,0.769,Body
det,409.7088,1496.0,709.0,104.0,203.5,0.586,Body
det,409.7088,1544.25,712.56,45.5,51.38,0.431,Head
cover,409.7564,2,0,2,0
nearest,409.7564,-1
cover,409.7979,2,1,1,1
err,409.7979,242.0,-63.39
timing,409.7979,10.8,29.1
gate,409.7979,166.8,1.0,0.18,0.0
det,409.7979,1499.25,709.25,45.5,49.75,0.551,Head
det,409.7979,1274.5,564.41,42.5,82.19,0.41,Body
cover,409.8387,3,1,2,1
err,409.8388,139.75,-70.19
timing,409.8388,10.9,27.2
gate,409.8388,166.8,1.0,0.18,0.0
det,409.8388,1399.0,703.0,41.5,48.75,0.773,Head
det,409.8388,1353.5,704.5,151.0,310.0,0.73,Body
det,409.8388,1175.56,555.5,39.88,84.38,0.647,Body
cover,409.8797,3,1,2,1
err,409.8797,44.0,-72.89
timing,409.8797,12.2,25.8
gate,409.8797,166.8,1.0,0.18,0.0
det,409.8797,1303.12,699.75,41.75,49.75,0.801,Head
det,409.8797,1076.56,547.0,41.88,86.38,0.781,Body
det,409.8797,1259.0,702.5,146.0,313.0,0.768,Body
cover,409.9164,4,1,3,1
err,409.9164,36.5,-71.59
timing,409.9164,6.7,27.8
gate,409.9164,166.8,1.0,0.18,0.0
det,409.9164,1296.12,701.94,40.75,48.12,0.847,Head
det,409.9164,1253.0,703.88,146.5,315.25,0.714,Body
det,409.9164,1069.78,551.0,41.69,82.25,0.677,Body
det,409.9164,1329.25,809.5,107.5,275.0,0.482,Body
cover,409.9611,3,1,2,1
err,409.9611,35.25,-60.81
timing,409.9611,10.0,32.3
gate,409.9611,166.8,1.0,0.18,0.0
det,409.9611,1295.0,712.31,40.5,48.88,0.755,Head
det,409.9611,1251.5,721.88,146.5,306.25,0.741,Body
det,409.9611,1068.06,562.75,43.88,82.5,0.473,Body
cover,410.0123,2,1,1,1
err,410.0123,47.5,-22.14
timing,410.0123,21.3,27.2
gate,410.0123,166.8,1.0,0.18,0.0
det,410.0123,1306.62,751.88,41.75,47.25,0.75,Head
det,410.0123,1265.62,766.0,142.75,313.0,0.692,Body
cover,410.0642,2,1,1,1
err,410.0642,46.75,-7.9
timing,410.0642,17.6,31.4
gate,410.0642,166.8,1.0,0.18,0.0
det,410.0642,1306.25,766.25,41.0,47.0,0.803,Head
det,410.0642,1263.62,766.5,143.75,308.5,0.682,Body
cover,410.1089,3,1,2,1
err,410.109,21.0,10.96
timing,410.109,13.8,27.4
gate,410.109,166.8,1.0,0.18,0.0
det,410.109,1280.25,783.88,41.5,49.25,0.819,Head
det,410.109,1055.38,640.88,45.62,79.0,0.745,Body
det,410.109,1238.25,787.38,144.5,307.25,0.73,Body
cover,410.1553,2,1,1,1
err,410.1553,0.0,15.09
timing,410.1553,14.4,28.5
gate,410.1553,166.8,1.0,0.18,0.0
det,410.1553,1215.38,803.0,145.25,310.5,0.753,Body
det,410.1553,1259.5,786.62,41.0,51.75,0.732,Head
cover,410.1999,3,1,2,1
err,410.2,-16.5,17.99
timing,410.2,13.8,28.6
gate,410.2,166.8,1.0,0.18,0.0
det,410.2,1201.88,810.0,147.25,299.0,0.662,Body
det,410.2,1018.53,641.5,43.19,82.5,0.564,Body
det,410.2,1243.0,790.62,41.0,49.75,0.472,Head
cover,410.2496,1,1,0,1
err,410.2496,-15.25,38.29
timing,410.2496,18.9,28.3
gate,410.2496,166.8,1.0,0.18,0.0
det,410.2496,1244.75,813.12,40.0,45.75,0.877,Head
cover,410.2874,2,1,1,1
err,410.2874,-16.25,35.02
timing,410.2874,7.1,28.2
gate,410.2874,166.8,1.0,0.18,0.0
det,410.2874,1242.5,807.25,42.5,50.5,0.785,Head
det,410.2874,1198.5,820.0,140.0,286.0,0.74,Body
cover,410.3293,1,0,1,0
nearest,410.3293,-1
cover,410.3757,1,0,1,0
nearest,410.3757,-1
cover,410.418,1,0,1,0
nearest,410.418,-1
cover,410.4536,2,0,2,0
nearest,410.4536,-1
cover,410.4912,1,0,1,0
nearest,410.4912,-1
cover,410.5358,1,0,1,0
nearest,410.5359,-1
cover,410.5785,2,0,2,0
nearest,410.5785,-1
cover,410.6256,1,0,1,0
nearest,410.6256,-1
cover,410.6708,0,0,0,0
nearest,410.6708,-1
cover,410.7086,0,0,0,0
nearest,410.7086,-1
cover,410.7449,1,0,1,0
nearest,410.7449,-1
cover,410.7873,1,0,1,0
nearest,410.7873,-1
cover,410.8359,1,0,1,0
nearest,410.8359,-1
cover,410.8782,1,0,1,0
nearest,410.8782,-1
cover,410.9135,2,0,2,0
nearest,410.9135,-1
cover,410.9544,1,0,1,0
nearest,410.9544,-1
cover,410.9938,1,0,1,0
nearest,410.9938,-1
cover,411.0394,0,0,0,0
nearest,411.0395,-1
cover,411.0799,0,0,0,0
nearest,411.0799,-1
cover,411.1202,0,0,0,0
nearest,411.1202,-1
cover,411.1599,1,0,1,0
nearest,411.1599,-1
cover,411.1998,0,0,0,0
nearest,411.1998,-1
cover,411.2359,0,0,0,0
nearest,411.2359,-1
cover,411.2706,0,0,0,0
nearest,411.2707,-1
cover,411.3168,0,0,0,0
nearest,411.3168,-1
cover,411.3527,1,0,1,0
nearest,411.3528,-1
cover,411.3949,0,0,0,0
nearest,411.3949,-1
cover,411.435,0,0,0,0
nearest,411.435,-1
cover,411.477,0,0,0,0
nearest,411.477,-1
cover,411.5186,0,0,0,0
nearest,411.5187,-1
cover,411.5653,0,0,0,0
nearest,411.5653,-1
cover,411.6167,0,0,0,0
nearest,411.6168,-1
cover,411.6546,0,0,0,0
nearest,411.6547,-1
cover,411.7001,0,0,0,0
nearest,411.7002,-1
cover,411.7399,0,0,0,0
nearest,411.7399,-1
cover,411.7803,0,0,0,0
nearest,411.7803,-1
cover,411.8221,0,0,0,0
nearest,411.8221,-1
cover,411.8655,0,0,0,0
nearest,411.8655,-1
cover,411.8992,0,0,0,0
nearest,411.8992,-1
cover,411.9357,3,1,2,1
err,411.9357,96.25,45.59
timing,411.9357,8.8,26.7
gate,411.9357,166.8,1.0,0.18,0.0
det,411.9357,1310.62,819.0,118.75,280.0,0.688,Body
det,411.9357,1362.75,828.12,27.0,31.75,0.663,Head
det,411.9357,1518.75,862.38,8.5,20.25,0.461,Body
cover,411.9864,2,1,1,1
err,411.9865,-22.5,5.19
timing,411.9865,20.2,27.4
gate,411.9865,166.8,1.0,0.18,0.0
det,411.9865,1187.5,780.38,122.5,269.25,0.767,Body
det,411.9865,1244.0,786.62,27.0,33.75,0.464,Head
cover,412.0255,2,1,1,1
err,412.0256,-49.0,-7.35
timing,412.0256,7.6,28.9
gate,412.0256,166.8,1.0,0.18,0.0
det,412.0256,1161.5,764.5,122.0,275.0,0.81,Body
det,412.0256,1217.75,774.5,26.5,33.0,0.773,Head
cover,412.0715,2,1,1,1
err,412.0716,-48.5,-10.02
timing,412.0716,13.8,29.1
gate,412.0716,166.8,1.0,0.18,0.0
det,412.0716,1161.0,765.0,122.5,271.0,0.821,Body
det,412.0716,1217.88,771.0,27.25,34.5,0.72,Head
cover,412.1244,2,1,1,1
err,412.1245,-37.25,-10.08
timing,412.1245,11.5,38.6
gate,412.1245,166.8,1.0,0.18,0.0
det,412.1245,1173.0,765.0,121.0,271.0,0.791,Body
det,412.1245,1229.5,771.5,26.5,33.5,0.539,Head
cover,412.1783,3,1,2,1
err,412.1783,-24.5,-6.91
timing,412.1783,19.7,31.6
gate,412.1783,166.8,1.0,0.18,0.0
det,412.1783,1187.75,773.38,118.5,263.25,0.76,Body
det,412.1783,1242.5,775.62,26.0,31.75,0.647,Head
det,412.1783,1510.25,858.25,7.5,20.5,0.46,Body
cover,412.2222,1,0,1,0
nearest,412.2222,-1
cover,412.2592,2,0,2,0
nearest,412.2592,-1
cover,412.3066,1,0,1,0
nearest,412.3067,-1
cover,412.3491,1,0,1,0
nearest,412.3491,-1
cover,412.3886,1,0,1,0
nearest,412.3886,-1
cover,412.424,1,0,1,0
nearest,412.424,-1
cover,412.4726,1,0,1,0
nearest,412.4726,-1
cover,412.5157,2,1,1,1
err,412.5157,6.5,24.21
timing,412.5157,15.6,26.9
gate,412.5157,166.8,1.0,0.18,0.0
det,412.5157,1217.38,797.5,122.25,272.5,0.801,Body
det,412.5157,1273.12,805.38,26.75,34.25,0.663,Head
cover,412.5567,2,0,2,0
nearest,412.5568,-1
cover,412.6034,0,0,0,0
nearest,412.6034,-1
cover,412.6407,1,0,1,0
nearest,412.6408,-1
cover,412.6836,0,0,0,0
nearest,412.6836,-1
cover,412.7341,0,0,0,0
nearest,412.7342,-1
cover,412.7765,0,0,0,0
nearest,412.7765,-1
cover,412.8137,1,0,1,0
nearest,412.8137,-1
cover,412.8553,1,0,1,0
nearest,412.8553,-1
cover,412.8968,0,0,0,0
nearest,412.8968,-1
cover,412.9387,1,0,1,0
nearest,412.9387,-1
cover,412.9771,2,0,2,0
nearest,412.9772,-1
cover,413.0189,0,0,0,0
nearest,413.0189,-1
cover,413.0603,0,0,0,0
nearest,413.0604,-1
cover,413.1008,0,0,0,0
nearest,413.1009,-1
cover,413.1458,0,0,0,0
nearest,413.1458,-1
cover,413.1805,0,0,0,0
nearest,413.1805,-1
cover,413.2212,0,0,0,0
nearest,413.2212,-1
cover,413.2646,0,0,0,0
nearest,413.2646,-1
cover,413.3095,0,0,0,0
nearest,413.3095,-1
cover,413.3677,0,0,0,0
nearest,413.3678,-1
cover,413.4224,0,0,0,0
nearest,413.4224,-1
cover,413.4633,0,0,0,0
nearest,413.4634,-1
cover,413.5006,0,0,0,0
nearest,413.5006,-1
cover,413.5375,0,0,0,0
nearest,413.5375,-1
cover,413.5786,1,0,1,0
nearest,413.5787,-1
cover,413.6186,0,0,0,0
nearest,413.6186,-1
cover,413.6585,0,0,0,0
nearest,413.6585,-1
cover,413.6955,0,0,0,0
nearest,413.6956,-1
cover,413.7344,0,0,0,0
nearest,413.7344,-1
cover,413.7697,0,0,0,0
nearest,413.7697,-1
cover,413.8085,0,0,0,0
nearest,413.8085,-1
cover,413.8498,1,0,1,0
nearest,413.8498,-1
cover,413.9009,1,0,1,0
nearest,413.901,-1
cover,413.9406,1,0,1,0
nearest,413.9407,-1
cover,413.987,0,0,0,0
nearest,413.9871,-1
cover,414.0326,0,0,0,0
nearest,414.0327,-1
cover,414.0724,0,0,0,0
nearest,414.0724,-1
cover,414.1151,0,0,0,0
nearest,414.1151,-1
cover,414.1607,0,0,0,0
nearest,414.1607,-1
cover,414.2061,0,0,0,0
nearest,414.2062,-1
cover,414.2476,0,0,0,0
nearest,414.2476,-1
cover,414.291,1,0,1,0
nearest,414.291,-1
cover,414.3338,1,0,1,0
nearest,414.3338,-1
cover,414.3735,1,0,1,0
nearest,414.3735,-1
cover,414.4128,1,0,1,0
nearest,414.4128,-1
cover,414.4529,1,0,1,0
nearest,414.4529,-1
cover,414.493,0,0,0,0
nearest,414.4931,-1
cover,414.5361,0,0,0,0
nearest,414.5361,-1
cover,414.5777,0,0,0,0
nearest,414.5777,-1
cover,414.6176,0,0,0,0
nearest,414.6176,-1
cover,414.6517,0,0,0,0
nearest,414.6517,-1
cover,414.6906,0,0,0,0
nearest,414.6906,-1
cover,414.7331,0,0,0,0
nearest,414.7331,-1
cover,414.7732,0,0,0,0
nearest,414.7732,-1
cover,414.8134,1,0,1,0
nearest,414.8134,-1
cover,414.8523,1,0,1,0
nearest,414.8523,-1
cover,414.8991,1,0,1,0
nearest,414.8992,-1
cover,414.9591,1,0,1,0
nearest,414.9591,-1
cover,415.005,1,0,1,0
nearest,415.005,-1
cover,415.0515,1,0,1,0
nearest,415.0515,-1
cover,415.0915,1,0,1,0
nearest,415.0915,-1
cover,415.1313,1,0,1,0
nearest,415.1313,-1
cover,415.1776,0,0,0,0
nearest,415.1776,-1
cover,415.2179,1,0,1,0
nearest,415.218,-1
cover,415.2645,1,0,1,0
nearest,415.2645,-1
cover,415.3039,1,0,1,0
nearest,415.3039,-1
cover,415.3376,1,0,1,0
nearest,415.3377,-1
cover,415.3724,1,0,1,0
nearest,415.3724,-1
cover,415.4081,1,0,1,0
nearest,415.4081,-1
cover,415.4425,1,0,1,0
nearest,415.4425,-1
cover,415.482,1,0,1,0
nearest,415.4821,-1
cover,415.5258,0,0,0,0
nearest,415.5258,-1
cover,415.5714,1,0,1,0
nearest,415.5714,-1
cover,415.616,2,0,2,0
nearest,415.6161,-1
cover,415.6586,0,0,0,0
nearest,415.6586,-1
cover,415.6997,0,0,0,0
nearest,415.6998,-1
cover,415.7385,0,0,0,0
nearest,415.7385,-1
cover,415.7758,0,0,0,0
nearest,415.7759,-1
cover,415.8143,1,0,1,0
nearest,415.8143,-1
cover,415.8587,0,0,0,0
nearest,415.8588,-1
cover,415.9061,0,0,0,0
nearest,415.9061,-1
cover,415.9453,0,0,0,0
nearest,415.9453,-1
cover,415.9866,1,0,1,0
nearest,415.9866,-1
cover,416.0286,0,0,0,0
nearest,416.0286,-1
cover,416.0685,0,0,0,0
nearest,416.0685,-1
cover,416.1071,0,0,0,0
nearest,416.1071,-1
cover,416.1418,0,0,0,0
nearest,416.1418,-1
cover,416.1854,0,0,0,0
nearest,416.1855,-1
cover,416.2243,0,0,0,0
nearest,416.2243,-1
cover,416.2604,0,0,0,0
nearest,416.2604,-1
cover,416.2998,0,0,0,0
nearest,416.2998,-1
cover,416.3408,0,0,0,0
nearest,416.3409,-1
cover,416.3858,0,0,0,0
nearest,416.3858,-1
cover,416.4288,0,0,0,0
nearest,416.4288,-1
cover,416.4738,2,1,1,0
nearest,416.4738,125.7
cover,416.5152,2,1,1,0
nearest,416.5153,31.5
cover,416.5534,2,1,1,1
err,416.5534,-281.44,20.35
timing,416.5534,9.8,27.5
gate,416.5534,166.8,1.0,0.18,0.0
det,416.5534,993.27,813.75,10.59,12.0,0.877,Head
det,416.5534,977.44,813.12,41.69,87.75,0.877,Body
cover,416.5955,3,1,2,1
err,416.5955,-265.5,20.61
timing,416.5955,11.2,28.3
gate,416.5955,166.8,1.0,0.18,0.0
det,416.5955,1009.14,813.88,10.72,12.25,0.883,Head
det,416.5955,994.25,813.0,40.06,89.0,0.88,Body
det,416.5955,1510.0,858.0,10.0,20.5,0.514,Body
cover,416.6408,3,1,2,1
err,416.6409,-265.41,20.61
timing,416.6409,12.3,30.8
gate,416.6409,166.8,1.0,0.18,0.0
det,416.6409,1009.28,813.88,10.62,12.25,0.88,Head
det,416.6409,994.38,813.0,39.94,89.0,0.879,Body
det,416.6409,1509.0,857.5,9.0,20.5,0.666,Body
cover,416.6864,2,1,1,1
err,416.6864,-265.62,20.35
timing,416.6864,12.1,31.5
gate,416.6864,166.8,1.0,0.18,0.0
det,416.6864,1009.2,813.75,10.34,12.0,0.878,Head
det,416.6864,994.31,813.0,39.94,89.0,0.878,Body
cover,416.7399,3,1,2,1
err,416.7399,-265.66,20.35
timing,416.7399,17.3,33.7
gate,416.7399,166.8,1.0,0.18,0.0
det,416.7399,994.39,813.0,39.84,89.0,0.878,Body
det,416.7399,1009.19,813.75,10.31,12.0,0.875,Head
det,416.7399,1510.0,857.62,10.0,20.75,0.6,Body
cover,416.7871,3,1,2,1
err,416.7872,-265.69,20.11
timing,416.7872,14.1,30.2
gate,416.7872,166.8,1.0,0.18,0.0
det,416.7872,1009.14,813.38,10.34,12.25,0.882,Head
det,416.7872,994.36,812.88,39.91,89.25,0.879,Body
det,416.7872,1510.0,856.25,10.0,22.0,0.723,Body
cover,416.8362,2,1,1,1
err,416.8362,-265.69,20.11
timing,416.8362,15.6,30.1
gate,416.8362,166.8,1.0,0.18,0.0
det,416.8362,1009.14,813.38,10.34,12.25,0.878,Head
det,416.8362,994.38,813.0,39.88,89.0,0.878,Body
cover,416.8812,2,1,1,1
err,416.8812,-262.0,18.1
timing,416.8812,8.8,34.3
gate,416.8812,166.8,1.0,0.18,0.0
det,416.8812,996.73,810.62,40.91,87.75,0.881,Body
det,416.8812,1012.75,811.5,10.5,12.0,0.782,Head
cover,416.9308,2,1,1,0
nearest,416.9308,162.9
cover,416.9728,2,1,1,1
err,416.9728,-11.25,-2.46
timing,416.9728,11.1,29.6
gate,416.9728,166.8,1.0,0.18,0.0
det,416.9728,1249.12,790.75,38.75,86.0,0.871,Body
det,416.9728,1263.5,791.62,10.5,10.75,0.697,Head
cover,417.0216,2,1,1,0
nearest,417.0216,34.2
cover,417.0636,2,1,1,0
nearest,417.0636,34.2
cover,417.1049,2,1,1,1
err,417.1049,32.5,-2.46
timing,417.1049,11.9,28.3
gate,417.1049,166.8,1.0,0.18,0.0
det,417.1049,1293.38,791.62,39.25,84.75,0.87,Body
det,417.1049,1307.5,791.62,10.0,10.75,0.684,Head
cover,417.1485,2,1,1,0
nearest,417.1485,28.0
cover,417.1857,2,1,1,1
err,417.1859,37.25,1.52
timing,417.1859,9.6,26.1
gate,417.1859,166.8,1.0,0.18,0.0
det,417.1859,1293.62,792.12,48.75,111.75,0.869,Body
det,417.1859,1311.0,793.0,12.5,15.5,0.831,Head
cover,417.2248,2,1,1,1
err,417.2249,50.5,1.44
timing,417.2249,7.0,29.1
gate,417.2248,166.8,1.0,0.18,0.0
det,417.2249,1296.38,789.12,69.25,153.75,0.82,Body
det,417.2249,1322.12,791.12,16.75,18.75,0.814,Head
cover,417.269,2,1,1,1
err,417.2691,36.0,3.01
timing,417.2691,14.3,27.3
gate,417.2691,166.8,1.0,0.18,0.0
det,417.2691,1284.25,791.0,67.5,152.5,0.874,Body
det,417.2691,1307.75,791.88,16.5,20.25,0.782,Head
cover,417.3063,2,1,1,1
err,417.3063,14.5,2.55
timing,417.3063,9.5,24.7
gate,417.3063,166.8,1.0,0.18,0.0
det,417.3063,1260.75,792.25,70.0,154.0,0.532,Body
det,417.3063,1286.12,791.0,16.75,21.0,0.521,Head
cover,417.3422,2,1,1,1
err,417.3423,3.5,3.11
timing,417.3423,7.6,25.7
gate,417.3423,166.8,1.0,0.18,0.0
det,417.3423,1251.25,792.0,68.0,153.0,0.834,Body
det,417.3423,1274.12,790.88,18.75,22.25,0.607,Head
cover,417.3807,1,0,1,0
nearest,417.3807,-1
cover,417.4203,1,0,1,0
nearest,417.4203,-1
cover,417.4568,2,1,1,1
err,417.4568,0.0,33.06
timing,417.4568,8.2,27.4
gate,417.4568,166.8,1.0,0.18,0.0
det,417.4568,1248.38,820.12,68.25,158.75,0.75,Body
det,417.4568,1269.5,821.38,21.0,21.25,0.508,Head
cover,417.5061,0,0,0,0
nearest,417.5061,-1
cover,417.547,0,0,0,0
nearest,417.547,-1
cover,417.5859,0,0,0,0
nearest,417.5859,-1
cover,417.6226,0,0,0,0
nearest,417.6226,-1
cover,417.6642,0,0,0,0
nearest,417.6642,-1
cover,417.7035,1,0,1,0
nearest,417.7035,-1
cover,417.7417,1,0,1,0
nearest,417.7417,-1
cover,417.782,1,0,1,0
nearest,417.782,-1
cover,417.8236,1,0,1,0
nearest,417.8236,-1
cover,417.8675,1,0,1,0
nearest,417.8676,-1
cover,417.9043,0,0,0,0
nearest,417.9043,-1
cover,417.9511,0,0,0,0
nearest,417.9511,-1
cover,417.9901,2,1,1,1
err,417.9902,-149.25,15.59
timing,417.9902,8.3,29.8
gate,417.9902,166.8,1.0,0.18,0.0
det,417.9902,1121.56,803.62,18.38,21.75,0.729,Head
det,417.9902,1094.19,802.88,73.12,168.25,0.674,Body
cover,418.0423,2,1,1,1
err,418.0424,-46.0,31.66
timing,418.0424,17.7,31.9
gate,418.0424,166.8,1.0,0.18,0.0
det,418.0424,1224.5,818.88,19.0,23.25,0.785,Head
det,418.0424,1196.94,818.75,73.62,167.5,0.729,Body
cover,418.1,3,1,2,1
err,418.1,29.0,41.35
timing,418.1,13.9,40.1
gate,418.1,166.8,1.0,0.18,0.0
det,418.1,1299.88,829.25,18.25,22.0,0.851,Head
det,418.1,1273.25,925.38,21.5,60.25,0.69,Body
det,418.1,1275.5,828.88,67.5,149.25,0.58,Body
cover,418.1608,2,1,1,1
err,418.1608,47.25,35.09
timing,418.1608,21.5,32.6
gate,418.1608,166.8,1.0,0.18,0.0
det,418.1608,1318.75,823.12,17.0,21.75,0.812,Head
det,418.1608,1290.62,824.0,72.75,167.5,0.797,Body
cover,418.2022,2,1,1,1
err,418.2022,48.5,73.69
timing,418.2022,9.2,29.7
gate,418.2022,166.8,1.0,0.18,0.0
det,418.2022,1319.5,860.62,18.0,23.75,0.851,Head
det,418.2022,1293.75,858.0,70.0,171.0,0.799,Body
cover,418.2424,3,1,2,1
err,418.2424,48.25,62.4
timing,418.2424,7.8,29.9
gate,418.2424,166.8,1.0,0.18,0.0
det,418.2424,1319.5,849.75,17.5,23.0,0.81,Head
det,418.2424,1293.75,944.5,20.0,60.0,0.747,Body
det,418.2424,1294.88,847.0,69.25,169.0,0.638,Body
cover,418.2848,2,1,1,1
err,418.2848,43.25,53.88
timing,418.2848,10.9,29.1
gate,418.2848,166.8,1.0,0.18,0.0
det,418.2848,1314.25,841.5,18.0,22.5,0.827,Head
det,418.2848,1286.88,840.5,71.25,166.5,0.723,Body
cover,418.3268,3,1,2,1
err,418.3269,36.5,41.11
timing,418.3269,8.9,28.0
gate,418.3269,166.8,1.0,0.18,0.0
det,418.3269,1307.75,828.88,17.5,22.25,0.655,Head
det,418.3269,1280.5,914.0,22.0,73.5,0.525,Body
det,418.3269,1282.0,828.5,68.0,164.0,0.431,Body
cover,418.3667,3,1,2,1
err,418.3668,34.0,35.14
timing,418.3668,14.1,23.5
gate,418.3667,166.8,1.0,0.18,0.0
det,418.3668,1304.5,822.62,19.0,22.75,0.739,Head
det,418.3668,1278.62,821.5,71.75,167.5,0.669,Body
det,418.3668,1277.25,910.0,23.5,70.5,0.412,Body
cover,418.4059,2,1,1,1
err,418.4059,29.0,32.11
timing,418.4059,9.2,27.4
gate,418.4059,166.8,1.0,0.18,0.0
det,418.4059,1299.5,819.88,19.0,22.25,0.798,Head
det,418.4059,1273.62,818.5,70.75,168.5,0.733,Body
cover,418.4516,2,1,1,1
err,418.4516,27.5,30.15
timing,418.4516,13.5,29.9
gate,418.4516,166.8,1.0,0.18,0.0
det,418.4516,1298.5,817.5,18.0,23.0,0.863,Head
det,418.4516,1271.12,817.62,71.75,165.75,0.758,Body
cover,418.4912,2,1,1,1
err,418.4912,18.5,19.66
timing,418.4912,10.6,26.5
gate,418.4912,166.8,1.0,0.18,0.0
det,418.4912,1289.12,806.88,18.75,23.25,0.776,Head
det,418.4912,1261.75,807.38,73.0,168.25,0.77,Body
cover,418.5282,3,1,2,1
err,418.5282,7.25,15.25
timing,418.5282,7.4,27.2
gate,418.5282,166.8,1.0,0.18,0.0
det,418.5282,1252.0,801.5,70.5,165.0,0.667,Body
det,418.5282,1277.75,801.5,19.0,25.0,0.657,Head
det,418.5282,1297.88,895.25,22.25,68.5,0.436,Body
cover,418.5662,3,1,2,1
err,418.5662,1.5,15.71
timing,418.5662,7.7,28.1
gate,418.5662,166.8,1.0,0.18,0.0
det,418.5662,1246.0,896.5,20.5,63.5,0.725,Body
det,418.5662,1246.38,801.5,71.25,168.5,0.661,Body
det,418.5662,1272.0,802.38,19.0,24.25,0.626,Head
cover,418.6078,3,1,2,1
err,418.6079,2.75,14.79
timing,418.6079,11.7,27.8
gate,418.6079,166.8,1.0,0.18,0.0
det,418.6079,1245.38,799.88,73.25,168.25,0.552,Body
det,418.6079,1273.5,800.62,18.5,25.75,0.522,Head
det,418.6079,1247.25,893.0,20.5,65.5,0.406,Body
cover,418.6466,2,1,1,1
err,418.6466,2.5,52.21
timing,418.6466,12.6,23.6
gate,418.6466,166.8,1.0,0.18,0.0
det,418.6466,1246.38,840.62,72.25,165.75,0.686,Body
det,418.6466,1273.38,838.88,18.25,24.25,0.678,Head
cover,418.689,1,0,1,0
nearest,418.689,-1
cover,418.7337,0,0,0,0
nearest,418.7337,-1
cover,418.7726,0,0,0,0
nearest,418.7726,-1
cover,418.814,0,0,0,0
nearest,418.814,-1
cover,418.8533,0,0,0,0
nearest,418.8534,-1
cover,418.8927,0,0,0,0
nearest,418.8927,-1
cover,418.9318,0,0,0,0
nearest,418.9318,-1
cover,418.9717,0,0,0,0
nearest,418.9717,-1
cover,419.014,0,0,0,0
nearest,419.014,-1
cover,419.0522,0,0,0,0
nearest,419.0522,-1
cover,419.0924,0,0,0,0
nearest,419.0924,-1
cover,419.1301,0,0,0,0
nearest,419.1301,-1
cover,419.1649,0,0,0,0
nearest,419.1649,-1
cover,419.2001,0,0,0,0
nearest,419.2002,-1
cover,419.2452,0,0,0,0
nearest,419.2452,-1
cover,419.2805,0,0,0,0
nearest,419.2805,-1
cover,419.3193,0,0,0,0
nearest,419.3193,-1
cover,419.3597,0,0,0,0
nearest,419.3597,-1
cover,419.3971,0,0,0,0
nearest,419.3972,-1
cover,419.4426,0,0,0,0
nearest,419.4426,-1
cover,419.4903,1,0,1,0
nearest,419.4903,-1
cover,419.537,0,0,0,0
nearest,419.537,-1
cover,419.5784,0,0,0,0
nearest,419.5784,-1
cover,419.6208,0,0,0,0
nearest,419.6208,-1
cover,419.6597,0,0,0,0
nearest,419.6598,-1
cover,419.6939,0,0,0,0
nearest,419.6939,-1
cover,419.7304,0,0,0,0
nearest,419.7305,-1
cover,419.7715,0,0,0,0
nearest,419.7715,-1
cover,419.8128,0,0,0,0
nearest,419.8128,-1
cover,419.8545,0,0,0,0
nearest,419.8545,-1
cover,419.8899,0,0,0,0
nearest,419.8899,-1
cover,419.9305,0,0,0,0
nearest,419.9305,-1
cover,419.9656,0,0,0,0
nearest,419.9656,-1
cover,420.0,0,0,0,0
nearest,420.0,-1
cover,420.039,0,0,0,0
nearest,420.039,-1
cover,420.0821,0,0,0,0
nearest,420.0821,-1
cover,420.1224,1,0,1,0
nearest,420.1224,-1
cover,420.1647,1,0,1,0
nearest,420.1647,-1
cover,420.2058,1,0,1,0
nearest,420.2059,-1
cover,420.2461,0,0,0,0
nearest,420.2461,-1
cover,420.29,0,0,0,0
nearest,420.29,-1
cover,420.3305,0,0,0,0
nearest,420.3305,-1
cover,420.3705,0,0,0,0
nearest,420.3706,-1
cover,420.4129,0,0,0,0
nearest,420.4129,-1
cover,420.4535,0,0,0,0
nearest,420.4536,-1
cover,420.4924,0,0,0,0
nearest,420.4925,-1
cover,420.5316,0,0,0,0
nearest,420.5316,-1
cover,420.5771,0,0,0,0
nearest,420.5772,-1
cover,420.6141,0,0,0,0
nearest,420.6141,-1
cover,420.659,0,0,0,0
nearest,420.6591,-1
cover,420.6963,0,0,0,0
nearest,420.6963,-1
cover,420.7349,1,0,1,0
nearest,420.7349,-1
cover,420.7737,0,0,0,0
nearest,420.7737,-1
cover,420.8095,0,0,0,0
nearest,420.8095,-1
cover,420.8467,0,0,0,0
nearest,420.8467,-1
cover,420.8845,0,0,0,0
nearest,420.8845,-1
cover,420.9194,0,0,0,0
nearest,420.9194,-1
cover,420.959,0,0,0,0
nearest,420.959,-1
cover,421.0022,0,0,0,0
nearest,421.0022,-1
cover,421.0425,0,0,0,0
nearest,421.0425,-1
cover,421.0834,0,0,0,0
nearest,421.0834,-1
cover,421.1151,0,0,0,0
nearest,421.1151,-1
cover,421.1483,0,0,0,0
nearest,421.1483,-1
cover,421.1857,0,0,0,0
nearest,421.1858,-1
cover,421.2313,0,0,0,0
nearest,421.2313,-1
cover,421.27,0,0,0,0
nearest,421.27,-1
cover,421.3116,0,0,0,0
nearest,421.3116,-1
cover,421.3501,0,0,0,0
nearest,421.3501,-1
cover,421.3806,0,0,0,0
nearest,421.3806,-1
cover,421.4184,0,0,0,0
nearest,421.4184,-1
cover,421.4591,0,0,0,0
nearest,421.4591,-1
cover,421.4969,0,0,0,0
nearest,421.4969,-1
cover,421.5317,0,0,0,0
nearest,421.5318,-1
cover,421.5693,0,0,0,0
nearest,421.5693,-1
cover,421.6081,0,0,0,0
nearest,421.6081,-1
cover,421.6458,0,0,0,0
nearest,421.6458,-1
cover,421.7037,0,0,0,0
nearest,421.7038,-1
cover,421.7417,0,0,0,0
nearest,421.7417,-1
cover,421.7854,0,0,0,0
nearest,421.7854,-1
cover,421.8202,0,0,0,0
nearest,421.8202,-1
cover,421.8604,0,0,0,0
nearest,421.8604,-1
cover,421.8957,0,0,0,0
nearest,421.8957,-1
cover,421.9341,0,0,0,0
nearest,421.9341,-1
cover,421.9713,0,0,0,0
nearest,421.9713,-1
cover,422.0061,0,0,0,0
nearest,422.0061,-1
cover,422.0427,0,0,0,0
nearest,422.0427,-1
cover,422.0805,1,0,1,0
nearest,422.0806,-1
cover,422.1228,1,0,1,0
nearest,422.1228,-1
cover,422.1641,2,1,1,1
err,422.1641,79.5,-18.44
timing,422.1641,8.7,31.9
gate,422.1641,166.8,1.0,0.18,0.0
det,422.1641,1336.5,747.88,46.0,61.25,0.704,Head
det,422.1641,1257.88,742.5,186.25,349.0,0.554,Body
cover,422.2051,2,1,1,1
err,422.2051,-35.5,-13.05
timing,422.2051,11.0,27.9
gate,422.2051,166.8,1.0,0.18,0.0
det,422.2051,1141.0,754.0,187.5,342.5,0.425,Body
det,422.2051,1221.62,754.5,45.75,59.0,0.401,Head
cover,422.2398,2,1,1,1
err,422.2398,-42.75,-11.64
timing,422.2398,7.3,25.2
gate,422.2398,166.8,1.0,0.18,0.0
det,422.2398,1214.69,756.88,45.12,57.25,0.633,Head
det,422.2398,1132.81,742.5,187.38,327.5,0.543,Body
cover,422.2762,2,1,1,1
err,422.2762,-38.5,-9.23
timing,422.2762,8.2,25.8
gate,422.2762,166.8,1.0,0.18,0.0
det,422.2762,1218.62,757.5,45.75,60.5,0.529,Head
det,422.2762,1139.88,759.0,182.25,334.0,0.425,Body
cover,422.3224,3,1,2,1
err,422.3224,-34.0,-7.73
timing,422.3224,15.3,28.3
gate,422.3224,166.8,1.0,0.18,0.0
det,422.3224,1142.12,763.0,184.75,335.5,0.456,Body
det,422.3224,1175.0,916.62,151.5,204.75,0.448,Body
det,422.3224,1223.5,759.0,45.0,60.5,0.436,Head
cover,422.3642,2,1,1,1
err,422.3642,-28.75,-6.08
timing,422.3642,10.0,29.3
gate,422.3642,166.8,1.0,0.18,0.0
det,422.3642,1149.0,749.5,181.5,309.0,0.681,Body
det,422.3642,1228.25,759.0,46.0,63.5,0.612,Head
cover,422.4077,1,1,0,1
err,422.4078,31.5,-6.14
timing,422.4078,12.8,28.4
gate,422.4077,166.8,1.0,0.18,0.0
det,422.4078,1286.12,756.88,50.75,67.25,0.517,Head
cover,422.4459,0,0,0,0
nearest,422.446,-1
cover,422.4834,1,0,1,0
nearest,422.4835,-1
cover,422.5231,1,0,1,0
nearest,422.5231,-1
cover,422.558,1,0,1,0
nearest,422.5581,-1
cover,422.5925,0,0,0,0
nearest,422.5926,-1
cover,422.6313,0,0,0,0
nearest,422.6313,-1
cover,422.6716,0,0,0,0
nearest,422.6716,-1
cover,422.7084,0,0,0,0
nearest,422.7084,-1
cover,422.7456,0,0,0,0
nearest,422.7456,-1
cover,422.787,0,0,0,0
nearest,422.787,-1
cover,422.8261,0,0,0,0
nearest,422.8261,-1
cover,422.8664,0,0,0,0
nearest,422.8665,-1
cover,422.9079,0,0,0,0
nearest,422.908,-1
cover,422.9494,0,0,0,0
nearest,422.9494,-1
cover,422.9901,0,0,0,0
nearest,422.9901,-1
cover,423.0322,2,0,2,0
nearest,423.0322,-1
cover,423.0734,0,0,0,0
nearest,423.0734,-1
cover,423.1177,3,0,3,0
nearest,423.1177,-1
cover,423.1602,1,0,1,0
nearest,423.1603,-1
cover,423.2049,0,0,0,0
nearest,423.2049,-1
cover,423.2487,2,1,1,1
err,423.2487,-59.25,-3.3
timing,423.2487,14.6,27.8
gate,423.2487,166.8,1.0,0.18,0.0
det,423.2487,1195.12,787.75,49.75,114.0,0.843,Body
det,423.2487,1215.25,789.0,11.0,14.0,0.825,Head
cover,423.2911,2,1,1,1
err,423.2912,81.0,10.88
timing,423.2912,12.5,27.4
gate,423.2912,166.8,1.0,0.18,0.0
det,423.2912,1338.5,803.5,43.5,94.0,0.891,Body
det,423.2912,1355.62,804.0,10.75,12.5,0.825,Head
cover,423.3334,2,1,1,1
err,423.3334,84.5,18.11
timing,423.3334,9.0,30.7
gate,423.3334,166.8,1.0,0.18,0.0
det,423.3334,1342.12,811.5,42.75,94.0,0.894,Body
det,423.3334,1359.38,811.38,10.25,12.25,0.875,Head
cover,423.3734,2,1,1,1
err,423.3734,56.25,25.62
timing,423.3734,11.0,26.5
gate,423.3734,166.8,1.0,0.18,0.0
det,423.3734,1313.25,817.62,44.0,93.75,0.877,Body
det,423.3734,1330.75,818.75,11.0,12.5,0.855,Head
cover,423.4125,2,1,1,1
err,423.4125,43.5,18.62
timing,423.4125,8.3,28.0
gate,423.4125,166.8,1.0,0.18,0.0
det,423.4125,1300.62,810.88,42.75,95.25,0.862,Body
det,423.4125,1318.38,811.75,10.25,12.5,0.805,Head
cover,423.4577,2,1,1,1
err,423.4577,43.5,10.11
timing,423.4577,14.4,28.0
gate,423.4577,166.8,1.0,0.18,0.0
det,423.4577,1300.25,802.25,43.5,94.0,0.877,Body
det,423.4577,1318.38,803.38,10.25,12.25,0.752,Head
cover,423.5042,2,1,1,1
err,423.5043,40.5,3.1
timing,423.5043,13.4,30.7
gate,423.5043,166.8,1.0,0.18,0.0
det,423.5043,1297.75,795.75,43.5,94.5,0.86,Body
det,423.5043,1315.38,796.5,10.25,12.0,0.804,Head
cover,423.5453,2,1,1,1
err,423.5453,20.0,-3.44
timing,423.5453,7.8,30.2
gate,423.5453,166.8,1.0,0.18,0.0
det,423.5453,1277.12,790.12,42.75,92.75,0.883,Body
det,423.5453,1295.0,790.38,10.0,11.25,0.827,Head
cover,423.5881,2,1,1,1
err,423.5881,-3.5,-11.45
timing,423.5881,14.2,26.4
gate,423.5881,166.8,1.0,0.18,0.0
det,423.5881,1254.0,781.62,41.5,93.75,0.849,Body
det,423.5881,1271.38,782.5,10.25,11.0,0.699,Head
cover,423.6379,2,1,1,1
err,423.638,-16.0,-17.42
timing,423.638,13.3,33.3
gate,423.6379,166.8,1.0,0.18,0.0
det,423.638,1241.62,776.0,42.75,91.5,0.872,Body
det,423.638,1259.0,776.25,10.0,11.5,0.501,Head
cover,423.6769,2,1,1,1
err,423.6769,-17.0,-18.2
timing,423.6769,7.9,28.6
gate,423.6769,166.8,1.0,0.18,0.0
det,423.6769,1240.62,775.25,41.75,91.0,0.849,Body
det,423.6769,1257.88,775.75,10.25,11.0,0.465,Head
cover,423.7145,2,1,1,1
err,423.7145,-16.0,-17.42
timing,423.7145,7.8,27.0
gate,423.7145,166.8,1.0,0.18,0.0
det,423.7145,1241.62,775.5,41.75,91.5,0.886,Body
det,423.7145,1258.75,776.25,10.5,11.5,0.699,Head
cover,423.7593,2,1,1,1
err,423.7593,-16.0,-17.42
timing,423.7593,14.8,27.6
gate,423.7593,166.8,1.0,0.18,0.0
det,423.7593,1241.62,775.5,41.75,91.5,0.886,Body
det,423.7593,1258.75,776.25,10.5,11.5,0.7,Head
cover,423.8036,2,1,1,1
err,423.8036,-16.0,-17.42
timing,423.8036,12.8,29.6
gate,423.8036,166.8,1.0,0.18,0.0
det,423.8036,1241.75,775.5,41.5,91.5,0.886,Body
det,423.8036,1258.62,776.25,10.75,11.5,0.699,Head
cover,423.8433,2,1,1,1
err,423.8433,-18.5,-18.69
timing,423.8433,10.8,27.3
gate,423.8433,166.8,1.0,0.18,0.0
det,423.8433,1232.5,771.0,55.5,125.5,0.841,Body
det,423.8433,1255.12,772.38,12.75,16.25,0.791,Head
cover,423.8778,4,1,3,1
err,423.8778,-24.0,-18.31
timing,423.8778,5.9,26.2
gate,423.8778,166.8,1.0,0.18,0.0
det,423.8778,1247.38,768.62,17.25,23.75,0.805,Head
det,423.8778,1266.25,862.12,26.0,71.75,0.738,Body
det,423.8778,1219.88,766.25,74.25,167.5,0.707,Body
det,423.8778,1218.38,870.25,22.25,59.5,0.408,Body
cover,423.9282,3,1,2,1
err,423.9282,-24.0,-16.52
timing,423.9282,18.6,29.1
gate,423.9282,166.8,1.0,0.18,0.0
det,423.9282,1217.5,770.25,75.5,172.5,0.723,Body
det,423.9282,1247.12,770.0,17.75,24.5,0.683,Head
det,423.9282,1266.75,860.0,26.0,77.0,0.521,Body
cover,423.9846,3,1,2,1
err,423.9847,-29.25,-6.36
timing,423.9847,11.2,42.1
gate,423.9847,166.8,1.0,0.18,0.0
det,423.9847,1261.25,872.38,24.0,75.25,0.752,Body
det,423.9847,1241.75,781.12,18.0,22.75,0.608,Head
det,423.9847,1213.94,775.25,74.12,178.0,0.582,Body
cover,424.0314,3,1,2,1
err,424.0314,-31.0,-2.1
timing,424.0314,9.3,34.5
gate,424.0314,166.8,1.0,0.18,0.0
det,424.0314,1240.0,785.25,18.0,23.0,0.82,Head
det,424.0314,1214.25,781.88,75.0,175.25,0.705,Body
det,424.0314,1213.12,890.5,20.75,49.5,0.427,Body
cover,424.0802,2,1,1,1
err,424.0802,-30.0,28.48
timing,424.0802,17.0,28.3
gate,424.0802,166.8,1.0,0.18,0.0
det,424.0802,1213.56,813.75,69.38,171.5,0.671,Body
det,424.0802,1240.12,815.0,19.75,24.5,0.561,Head
cover,424.1218,2,1,1,1
err,424.1219,-30.0,21.92
timing,424.1219,8.8,29.7
gate,424.1219,166.8,1.0,0.18,0.0
det,424.1219,1240.62,809.0,18.75,23.5,0.762,Head
det,424.1219,1212.88,805.38,77.25,176.25,0.753,Body
cover,424.1619,3,1,2,1
err,424.1619,-23.0,13.29
timing,424.1619,9.7,27.4
gate,424.1619,166.8,1.0,0.18,0.0
det,424.1619,1221.88,796.5,74.25,176.5,0.717,Body
det,424.1619,1222.5,900.5,19.0,45.5,0.571,Body
det,424.1619,1247.38,799.12,19.25,25.75,0.562,Head
cover,424.2064,4,1,3,1
err,424.2065,-17.0,4.71
timing,424.2065,14.5,28.0
gate,424.2065,166.8,1.0,0.18,0.0
det,424.2065,1274.88,885.75,24.25,71.0,0.794,Body
det,424.2065,1253.75,791.38,18.5,24.25,0.78,Head
det,424.2065,1227.12,895.5,20.75,54.5,0.662,Body
det,424.2065,1226.88,792.0,72.25,165.5,0.606,Body
cover,424.2479,2,1,1,1
err,424.248,-13.5,-0.3
timing,424.248,9.2,28.5
gate,424.248,166.8,1.0,0.18,0.0
det,424.248,1229.88,786.0,75.25,172.0,0.59,Body
det,424.248,1257.0,786.5,19.0,24.0,0.538,Head
cover,424.2876,2,1,1,1
err,424.2877,-13.25,-0.77
timing,424.2877,6.6,30.3
gate,424.2877,166.8,1.0,0.18,0.0
det,424.2877,1257.5,785.75,18.5,24.5,0.661,Head
det,424.2877,1230.25,782.12,75.5,174.75,0.455,Body
cover,424.3316,4,1,3,1
err,424.3317,-7.0,-2.73
timing,424.3317,11.6,28.6
gate,424.3316,166.8,1.0,0.18,0.0
det,424.3317,1263.12,783.25,19.75,25.5,0.74,Head
det,424.3317,1235.62,782.75,73.75,162.5,0.701,Body
det,424.3317,1283.5,875.75,25.5,72.0,0.569,Body
det,424.3317,1235.0,884.0,22.5,61.0,0.498,Body
cover,424.3754,2,1,1,1
err,424.3755,-5.75,-6.39
timing,424.3755,12.7,28.0
gate,424.3755,166.8,1.0,0.18,0.0
det,424.3755,1237.75,777.25,74.0,177.0,0.757,Body
det,424.3755,1265.0,781.38,18.5,22.25,0.739,Head
cover,424.4235,3,1,2,1
err,424.4235,-5.75,-6.39
timing,424.4235,13.2,31.7
gate,424.4235,166.8,1.0,0.18,0.0
det,424.4235,1238.12,777.62,73.75,176.75,0.761,Body
det,424.4235,1265.0,781.38,18.5,22.25,0.749,Head
det,424.4235,1284.38,868.12,26.25,79.75,0.456,Body
cover,424.4758,4,1,3,1
err,424.4759,-6.0,31.71
timing,424.4759,18.4,30.7
gate,424.4759,166.8,1.0,0.18,0.0
det,424.4759,1264.88,818.38,18.25,24.25,0.814,Head
det,424.4759,1235.75,918.38,23.0,62.25,0.62,Body
det,424.4759,1236.0,816.88,74.5,164.25,0.466,Body
det,424.4759,1281.25,834.12,27.0,46.75,0.45,Body
cover,424.5233,0,0,0,0
nearest,424.5233,-1
cover,424.5719,0,0,0,0
nearest,424.5719,-1
cover,424.612,0,0,0,0
nearest,424.612,-1
cover,424.6577,0,0,0,0
nearest,424.6577,-1
cover,424.7012,0,0,0,0
nearest,424.7012,-1
cover,424.7452,0,0,0,0
nearest,424.7453,-1
cover,424.7829,0,0,0,0
nearest,424.7829,-1
cover,424.82,0,0,0,0
nearest,424.82,-1
cover,424.8684,0,0,0,0
nearest,424.8684,-1
cover,424.9185,0,0,0,0
nearest,424.9185,-1
cover,424.9743,0,0,0,0
nearest,424.9743,-1
cover,425.0273,0,0,0,0
nearest,425.0273,-1
cover,425.0765,0,0,0,0
nearest,425.0765,-1
cover,425.1196,1,0,1,0
nearest,425.1197,-1
cover,425.1627,3,1,2,1
err,425.1627,-262.0,-4.51
timing,425.1627,11.5,29.7
gate,425.1627,166.8,1.0,0.18,0.0
det,425.1627,1001.75,773.62,32.5,39.75,0.812,Head
det,425.1627,956.75,780.0,121.31,307.0,0.757,Body
det,425.1627,1506.0,853.88,8.0,20.25,0.471,Body
cover,425.2107,2,1,1,1
err,425.2108,-92.88,20.49
timing,425.2108,13.1,30.7
gate,425.2107,166.8,1.0,0.18,0.0
det,425.2108,1171.0,798.62,32.25,39.75,0.752,Head
det,425.2108,1107.25,797.0,134.5,309.0,0.606,Body
cover,425.2517,2,1,1,1
err,425.2528,-52.5,29.77
timing,425.2528,8.0,29.7
gate,425.2528,166.8,1.0,0.18,0.0
det,425.2528,1154.19,818.12,131.12,301.75,0.706,Body
det,425.2528,1211.38,807.5,32.25,40.5,0.685,Head
cover,425.3003,2,1,1,1
err,425.3004,-39.0,18.96
timing,425.3004,15.1,29.3
gate,425.3004,166.8,1.0,0.18,0.0
det,425.3004,1225.25,797.38,31.5,39.25,0.797,Head
det,425.3004,1165.75,800.0,134.5,308.0,0.794,Body
cover,425.3436,2,1,1,1
err,425.3437,-35.0,8.65
timing,425.3437,13.0,27.8
gate,425.3437,166.8,1.0,0.18,0.0
det,425.3437,1229.75,787.75,30.5,38.0,0.835,Head
det,425.3437,1168.69,794.12,135.62,303.75,0.796,Body
cover,425.3836,2,1,1,1
err,425.3837,-32.0,2.89
timing,425.3837,9.8,27.5
gate,425.3837,166.8,1.0,0.18,0.0
det,425.3837,1185.0,777.5,109.5,230.5,0.611,Body
det,425.3837,1231.88,782.12,32.25,37.75,0.403,Head
cover,425.4335,0,0,0,0
nearest,425.4335,-1
cover,425.4828,1,1,0,1
err,425.4828,-55.0,3.73
timing,425.4828,18.7,28.9
gate,425.4828,166.8,1.0,0.18,0.0
det,425.4828,1197.38,762.75,55.25,74.5,0.416,Head
cover,425.5327,0,0,0,0
nearest,425.5327,-1
cover,425.5828,0,0,0,0
nearest,425.5828,-1
cover,425.6203,0,0,0,0
nearest,425.6203,-1
cover,425.6595,0,0,0,0
nearest,425.6595,-1
cover,425.6961,0,0,0,0
nearest,425.6961,-1
cover,425.737,0,0,0,0
nearest,425.737,-1
cover,425.7809,0,0,0,0
nearest,425.781,-1
cover,425.8205,0,0,0,0
nearest,425.8206,-1
cover,425.8625,0,0,0,0
nearest,425.8625,-1
cover,425.907,1,0,1,0
nearest,425.907,-1
cover,425.9501,0,0,0,0
nearest,425.9501,-1
cover,425.9961,0,0,0,0
nearest,425.9961,-1
cover,426.0466,0,0,0,0
nearest,426.0467,-1
cover,426.0837,0,0,0,0
nearest,426.0837,-1
cover,426.1255,0,0,0,0
nearest,426.1255,-1
cover,426.161,0,0,0,0
nearest,426.1611,-1
cover,426.2024,0,0,0,0
nearest,426.2025,-1
cover,426.2403,0,0,0,0
nearest,426.2403,-1
cover,426.2801,0,0,0,0
nearest,426.2801,-1
cover,426.315,0,0,0,0
nearest,426.315,-1
cover,426.3539,0,0,0,0
nearest,426.3539,-1
cover,426.3926,0,0,0,0
nearest,426.3926,-1
cover,426.4376,0,0,0,0
nearest,426.4376,-1
cover,426.4811,0,0,0,0
nearest,426.4811,-1
cover,426.5229,0,0,0,0
nearest,426.5229,-1
cover,426.5657,0,0,0,0
nearest,426.5657,-1
cover,426.6093,0,0,0,0
nearest,426.6093,-1
cover,426.6582,0,0,0,0
nearest,426.6582,-1
cover,426.7076,0,0,0,0
nearest,426.7076,-1
cover,426.7542,0,0,0,0
nearest,426.7542,-1
cover,426.7907,0,0,0,0
nearest,426.7908,-1
cover,426.8295,0,0,0,0
nearest,426.8295,-1
cover,426.8755,0,0,0,0
nearest,426.8756,-1
cover,426.9169,0,0,0,0
nearest,426.917,-1
cover,426.9736,0,0,0,0
nearest,426.9736,-1
cover,427.0228,0,0,0,0
nearest,427.0228,-1
cover,427.0641,0,0,0,0
nearest,427.0641,-1
cover,427.1053,0,0,0,0
nearest,427.1053,-1
cover,427.1455,0,0,0,0
nearest,427.1456,-1
cover,427.1901,0,0,0,0
nearest,427.1901,-1
cover,427.2305,0,0,0,0
nearest,427.2306,-1
cover,427.2683,0,0,0,0
nearest,427.2683,-1
cover,427.3145,2,1,1,1
err,427.3145,-220.0,38.14
timing,427.3145,14.7,30.6
gate,427.3145,166.8,1.0,0.18,0.0
det,427.3145,1011.47,825.62,82.31,166.75,0.875,Body
det,427.3145,1050.78,825.62,18.44,22.75,0.785,Head
cover,427.3596,2,1,1,1
err,427.3596,-142.25,38.16
timing,427.3596,13.6,28.8
gate,427.3596,166.8,1.0,0.18,0.0
det,427.3596,1092.69,827.88,78.62,162.25,0.892,Body
det,427.3596,1128.56,825.38,18.38,23.25,0.833,Head
cover,427.4051,2,1,1,1
err,427.4052,-53.75,46.56
timing,427.4052,11.6,31.0
gate,427.4052,166.8,1.0,0.18,0.0
det,427.4052,1182.44,833.5,75.12,163.5,0.9,Body
det,427.4052,1217.0,834.88,18.5,21.25,0.864,Head
cover,427.4472,2,1,1,1
err,427.4473,-22.5,48.11
timing,427.4473,7.0,32.0
gate,427.4473,166.8,1.0,0.18,0.0
det,427.4473,1214.94,836.0,73.62,164.0,0.896,Body
det,427.4473,1248.38,835.88,18.25,22.25,0.817,Head
cover,427.4932,2,1,1,1
err,427.4932,2.75,44.52
timing,427.4932,12.6,30.9
gate,427.4932,166.8,1.0,0.18,0.0
det,427.4932,1237.88,833.5,78.25,161.5,0.895,Body
det,427.4932,1274.0,833.25,17.5,20.5,0.778,Head
cover,427.5318,2,1,1,1
err,427.5318,15.0,41.59
timing,427.5318,8.1,27.2
gate,427.5318,166.8,1.0,0.18,0.0
det,427.5318,1251.88,831.38,74.25,161.25,0.854,Body
det,427.5318,1286.25,829.62,17.5,21.75,0.716,Head
cover,427.5755,2,1,1,1
err,427.5756,16.0,42.19
timing,427.5756,13.0,27.4
gate,427.5756,166.8,1.0,0.18,0.0
det,427.5756,1253.0,830.0,76.5,162.5,0.867,Body
det,427.5756,1286.88,829.12,18.25,23.75,0.773,Head
cover,427.621,2,1,1,1
err,427.6211,16.0,42.69
timing,427.6211,14.7,27.4
gate,427.6211,166.8,1.0,0.18,0.0
det,427.6211,1253.0,830.62,76.5,161.75,0.862,Body
det,427.6211,1286.75,829.62,18.5,23.75,0.703,Head
cover,427.6643,2,1,1,1
err,427.6643,16.0,42.16
timing,427.6643,8.9,31.2
gate,427.6643,166.8,1.0,0.18,0.0
det,427.6643,1253.0,830.38,76.5,162.25,0.863,Body
det,427.6643,1286.62,829.38,18.75,23.25,0.747,Head
cover,427.7037,3,1,2,1
err,427.7037,16.0,42.16
timing,427.7037,11.3,25.4
gate,427.7037,166.8,1.0,0.18,0.0
det,427.7037,1253.38,830.12,76.25,161.75,0.867,Body
det,427.7037,1286.62,829.38,18.75,23.25,0.745,Head
det,427.7037,1083.38,1055.5,9.5,20.0,0.743,Body
cover,427.7445,2,1,1,1
err,427.7445,16.0,42.12
timing,427.7445,13.7,25.4
gate,427.7445,166.8,1.0,0.18,0.0
det,427.7445,1253.38,830.38,76.25,162.25,0.86,Body
det,427.7445,1286.75,829.75,18.5,22.5,0.759,Head
cover,427.7855,2,1,1,1
err,427.7855,15.75,42.59
timing,427.7855,8.0,30.8
gate,427.7855,166.8,1.0,0.18,0.0
det,427.7855,1253.12,830.5,76.75,161.5,0.865,Body
det,427.7855,1286.5,830.62,18.5,21.75,0.785,Head
cover,427.8259,2,1,1,1
err,427.826,19.5,35.99
timing,427.826,10.1,27.9
gate,427.826,166.8,1.0,0.18,0.0
det,427.826,1256.75,827.38,76.5,160.25,0.89,Body
det,427.826,1290.5,825.12,18.0,19.75,0.631,Head
cover,427.8751,2,1,1,1
err,427.8751,18.5,25.11
timing,427.8751,15.3,31.1
gate,427.8751,166.8,1.0,0.18,0.0
det,427.8751,1252.62,811.5,76.75,161.0,0.883,Body
det,427.8751,1289.12,812.88,18.75,22.25,0.774,Head
cover,427.9154,1,0,1,0
nearest,427.9154,-1
cover,427.9591,2,1,1,1
err,427.9591,-9.0,12.05
timing,427.9591,14.2,28.0
gate,427.9591,166.8,1.0,0.18,0.0
det,427.9591,1228.88,801.12,74.25,159.75,0.87,Body
det,427.9591,1262.5,800.5,17.0,21.0,0.482,Head
cover,428.0014,2,1,1,1
err,428.0015,-9.5,13.11
timing,428.0015,9.7,29.8
gate,428.0015,166.8,1.0,0.18,0.0
det,428.0015,1228.25,801.0,74.5,159.5,0.875,Body
det,428.0015,1261.62,800.88,17.75,22.25,0.673,Head
cover,428.0548,2,1,1,1
err,428.0548,-9.75,13.09
timing,428.0548,13.0,37.8
gate,428.0548,166.8,1.0,0.18,0.0
det,428.0548,1228.0,800.75,75.0,160.0,0.875,Body
det,428.0548,1261.5,801.12,17.5,21.75,0.703,Head
cover,428.1056,2,1,1,1
err,428.1056,-11.25,13.7
timing,428.1056,11.9,35.5
gate,428.1056,166.8,1.0,0.18,0.0
det,428.1056,1219.88,806.38,85.25,173.25,0.857,Body
det,428.1056,1259.0,800.5,19.5,24.0,0.614,Head
cover,428.1431,1,0,1,0
nearest,428.1431,-1
cover,428.1767,1,1,0,1
err,428.1769,-6.25,62.41
timing,428.1769,7.2,25.1
gate,428.1769,166.8,1.0,0.18,0.0
det,428.1769,1258.5,841.38,30.5,38.25,0.467,Head
cover,428.2151,0,0,0,0
nearest,428.2151,-1
cover,428.2506,3,1,2,1
err,428.2506,-5.5,48.96
timing,428.2506,10.3,23.8
gate,428.2506,166.8,1.0,0.18,0.0
det,428.2506,1198.06,845.0,121.38,263.5,0.512,Body
det,428.2506,1292.62,991.75,37.75,96.5,0.427,Body
det,428.2506,1260.0,827.38,29.0,39.25,0.414,Head
cover,428.2872,1,0,1,0
nearest,428.2872,-1
cover,428.3259,2,1,1,1
err,428.326,-7.5,37.59
timing,428.326,9.2,28.0
gate,428.326,166.8,1.0,0.18,0.0
det,428.326,1204.69,829.0,123.62,271.0,0.817,Body
det,428.326,1256.5,814.62,32.0,41.75,0.616,Head
cover,428.3702,1,1,0,1
err,428.3703,-60.5,48.0
timing,428.3703,12.1,29.4
gate,428.3703,166.8,1.0,0.18,0.0
det,428.3703,1203.69,826.0,31.62,40.0,0.448,Head
cover,428.4094,1,0,1,0
nearest,428.4094,-1
cover,428.4481,0,0,0,0
nearest,428.4481,-1
cover,428.4931,0,0,0,0
nearest,428.4931,-1
cover,428.5392,0,0,0,0
nearest,428.5392,-1
cover,428.5772,2,1,1,1
err,428.5773,-292.3,37.44
timing,428.5773,9.4,27.9
gate,428.5773,166.8,1.0,0.18,0.0
det,428.5773,957.56,825.5,91.06,274.5,0.588,Body
det,428.5773,971.75,816.12,31.91,38.75,0.569,Head
cover,428.6188,2,1,1,1
err,428.6189,-150.12,7.98
timing,428.6189,15.2,24.2
gate,428.6189,166.8,1.0,0.18,0.0
det,428.6189,1054.5,798.5,133.25,267.5,0.603,Body
det,428.6189,1114.75,786.25,30.25,39.5,0.499,Head
cover,428.6589,2,1,1,1
err,428.659,-40.0,1.51
timing,428.659,12.2,25.5
gate,428.659,166.8,1.0,0.18,0.0
det,428.659,1173.0,801.5,124.0,261.5,0.664,Body
det,428.659,1224.88,779.38,30.25,40.25,0.534,Head
cover,428.6989,1,0,1,0
nearest,428.6989,-1
cover,428.7343,1,0,1,0
nearest,428.7343,-1
cover,428.7717,0,0,0,0
nearest,428.7718,-1
cover,428.8134,1,0,1,0
nearest,428.8134,-1
cover,428.8524,1,0,1,0
nearest,428.8525,-1
cover,428.8933,2,1,1,1
err,428.8934,-43.5,13.94
timing,428.8934,13.3,25.8
gate,428.8934,166.8,1.0,0.18,0.0
det,428.8934,1221.12,792.62,30.75,38.75,0.739,Head
det,428.8934,1165.56,813.0,130.38,265.0,0.72,Body
cover,428.932,2,1,1,1
err,428.9321,-71.25,12.25
timing,428.9321,13.6,23.2
gate,428.9321,166.8,1.0,0.18,0.0
det,428.9321,1140.75,812.12,127.75,268.75,0.772,Body
det,428.9321,1193.19,790.25,31.12,40.0,0.731,Head
cover,428.9682,2,1,1,1
err,428.9683,-106.75,15.8
timing,428.9683,8.2,25.5
gate,428.9682,166.8,1.0,0.18,0.0
det,428.9683,1157.94,793.25,30.62,41.0,0.704,Head
det,428.9683,1105.75,813.62,125.75,261.75,0.652,Body
cover,429.0077,2,1,1,1
err,429.0077,-121.75,13.8
timing,429.0077,7.5,29.3
gate,429.0077,166.8,1.0,0.18,0.0
det,429.0077,1078.75,802.5,132.0,276.5,0.607,Body
det,429.0077,1142.75,791.25,31.0,41.0,0.436,Head
cover,429.0435,2,1,1,1
err,429.0436,-67.75,3.46
timing,429.0436,7.1,25.7
gate,429.0436,166.8,1.0,0.18,0.0
det,429.0436,1142.75,799.5,125.5,270.5,0.66,Body
det,429.0436,1196.69,781.88,31.12,39.25,0.569,Head
cover,429.084,1,0,1,0
nearest,429.084,-1
cover,429.1311,2,1,1,1
err,429.1312,34.0,16.01
timing,429.1312,16.2,29.3
gate,429.1312,166.8,1.0,0.18,0.0
det,429.1312,1298.88,793.88,30.25,40.25,0.706,Head
det,429.1312,1244.75,808.62,128.0,265.75,0.406,Body
cover,429.1739,1,1,0,1
err,429.1739,43.25,53.45
timing,429.1739,11.6,28.8
gate,429.1739,166.8,1.0,0.18,0.0
det,429.1739,1307.75,832.0,31.0,39.0,0.526,Head
cover,429.2144,1,1,0,1
err,429.2144,39.75,44.2
timing,429.2144,9.0,28.9
gate,429.2144,166.8,1.0,0.18,0.0
det,429.2144,1304.5,822.75,30.5,39.0,0.696,Head
cover,429.2516,1,0,1,0
nearest,429.2516,-1
cover,429.2905,2,1,1,1
err,429.2905,-63.0,25.12
timing,429.2905,12.9,24.7
gate,429.2905,166.8,1.0,0.18,0.0
det,429.2905,1201.38,804.5,31.25,37.5,0.699,Head
det,429.2905,1152.31,818.5,117.88,263.5,0.587,Body
cover,429.3332,3,1,2,1
err,429.3332,-240.0,8.51
timing,429.3332,14.1,26.4
gate,429.3332,166.8,1.0,0.18,0.0
det,429.3332,1024.66,786.38,30.69,40.25,0.789,Head
det,429.3332,965.38,799.12,128.75,266.75,0.546,Body
det,429.3332,1057.62,953.5,37.0,94.0,0.437,Body
cover,429.3693,2,1,1,1
err,429.3693,-279.31,7.01
timing,429.3693,6.1,27.6
gate,429.3693,166.8,1.0,0.18,0.0
det,429.3693,985.0,784.88,31.38,40.25,0.727,Head
det,429.3693,957.94,793.0,99.38,262.0,0.575,Body
cover,429.4095,1,0,1,0
nearest,429.4095,-1
cover,429.4506,2,1,1,1
err,429.4506,-204.69,-1.51
timing,429.4506,13.8,25.8
gate,429.4506,166.8,1.0,0.18,0.0
det,429.4506,1059.75,776.62,31.12,39.75,0.756,Head
det,429.4506,1002.25,794.12,134.25,265.75,0.635,Body
cover,429.4913,2,1,1,1
err,429.4913,-94.5,15.45
timing,429.4913,7.0,30.1
gate,429.4913,166.8,1.0,0.18,0.0
det,429.4913,1170.44,794.0,30.12,39.0,0.719,Head
det,429.4913,1115.06,810.88,122.88,253.25,0.401,Body
cover,429.5469,1,0,1,0
nearest,429.547,-1
cover,429.5914,2,1,1,1
err,429.5915,29.5,38.83
timing,429.5915,13.4,29.8
gate,429.5915,166.8,1.0,0.18,0.0
det,429.5915,1241.0,833.5,121.5,266.0,0.722,Body
det,429.5915,1294.5,816.0,30.0,41.5,0.578,Head
cover,429.6296,2,1,1,1
err,429.6296,27.5,37.35
timing,429.6296,9.3,26.1
gate,429.6296,166.8,1.0,0.18,0.0
det,429.6296,1244.38,837.88,117.25,258.25,0.733,Body
det,429.6296,1292.0,817.0,31.0,37.0,0.515,Head
cover,429.6723,1,1,0,1
err,429.6724,27.5,72.4
timing,429.6724,14.2,26.1
gate,429.6724,166.8,1.0,0.18,0.0
det,429.6724,1292.62,851.5,29.75,38.0,0.579,Head
cover,429.7187,2,1,1,1
err,429.7188,23.0,54.09
timing,429.7188,15.1,28.8
gate,429.7188,166.8,1.0,0.18,0.0
det,429.7188,1287.75,831.12,30.5,41.75,0.699,Head
det,429.7188,1241.0,847.62,111.0,241.75,0.629,Body
cover,429.7572,2,1,1,1
err,429.7572,17.5,43.39
timing,429.7572,7.1,29.0
gate,429.7572,166.8,1.0,0.18,0.0
det,429.7572,1282.38,822.62,30.25,37.75,0.765,Head
det,429.7572,1228.5,844.88,126.5,255.25,0.698,Body
cover,429.7987,2,1,1,1
err,429.7987,15.25,24.0
timing,429.7987,10.5,27.7
gate,429.7987,166.8,1.0,0.18,0.0
det,429.7987,1279.25,802.0,32.0,40.0,0.765,Head
det,429.7987,1229.62,807.12,121.75,272.75,0.625,Body
cover,429.8374,1,0,1,0
nearest,429.8374,-1
cover,429.8819,1,0,1,0
nearest,429.882,-1
cover,429.9243,2,0,2,0
nearest,429.9243,-1
cover,429.9627,1,0,1,0
nearest,429.9627,-1
cover,429.9989,2,1,1,1
err,429.999,0.0,-8.38
timing,429.999,6.9,28.1
gate,429.999,166.8,1.0,0.18,0.0
det,429.999,1211.38,779.12,119.25,264.75,0.556,Body
det,429.999,1264.0,768.25,32.0,42.5,0.552,Head
cover,430.043,1,0,1,0
nearest,430.043,-1
cover,430.083,1,1,0,1
err,430.083,-8.5,21.98
timing,430.083,9.9,28.7
gate,430.083,166.8,1.0,0.18,0.0
det,430.083,1256.12,800.25,30.75,39.5,0.489,Head
cover,430.1303,0,0,0,0
nearest,430.1303,-1
cover,430.1638,0,0,0,0
nearest,430.1639,-1
cover,430.1983,1,0,1,0
nearest,430.1984,-1
cover,430.2377,0,0,0,0
nearest,430.2377,-1
cover,430.28,0,0,0,0
nearest,430.28,-1
cover,430.3141,1,0,1,0
nearest,430.3142,-1
cover,430.3524,1,0,1,0
nearest,430.3524,-1
cover,430.3877,0,0,0,0
nearest,430.3878,-1
cover,430.4286,2,1,1,1
err,430.4287,133.5,11.49
timing,430.4287,13.5,25.7
gate,430.4287,166.8,1.0,0.18,0.0
det,430.4287,1405.5,800.62,16.0,19.75,0.818,Head
det,430.4287,1378.5,797.38,68.0,156.25,0.777,Body
cover,430.4697,2,1,1,1
err,430.4698,-239.38,12.09
timing,430.4698,11.2,25.9
gate,430.4698,166.8,1.0,0.18,0.0
det,430.4698,1006.72,798.62,67.81,156.75,0.855,Body
det,430.4698,1032.38,800.12,16.5,21.75,0.752,Head
cover,430.5111,1,0,1,0
nearest,430.5112,-1
cover,430.5616,2,1,1,1
err,430.5616,-290.98,3.73
timing,430.5616,11.4,37.4
gate,430.5616,166.8,1.0,0.18,0.0
det,430.5616,980.88,793.0,16.28,19.5,0.843,Head
det,430.5616,959.88,791.75,65.75,156.0,0.667,Body
cover,430.607,2,1,1,1
err,430.6071,-213.0,5.05
timing,430.6071,9.7,32.6
gate,430.6071,166.8,1.0,0.18,0.0
det,430.6071,1058.5,793.5,17.0,21.0,0.828,Head
det,430.6071,1035.12,793.88,67.25,153.25,0.801,Body
cover,430.6616,2,1,1,1
err,430.6616,-162.25,16.73
timing,430.6616,15.9,35.8
gate,430.6616,166.8,1.0,0.18,0.0
det,430.6616,1109.81,806.0,15.88,19.5,0.83,Head
det,430.6616,1085.19,804.62,67.62,154.75,0.783,Body
cover,430.7029,2,1,1,1
err,430.7029,-95.25,23.55
timing,430.7029,11.7,27.3
gate,430.7029,166.8,1.0,0.18,0.0
det,430.7029,1176.44,812.0,16.62,21.0,0.785,Head
det,430.7029,1152.44,811.0,64.62,142.0,0.714,Body
cover,430.745,2,1,1,1
err,430.745,-69.25,20.52
timing,430.745,12.0,26.7
gate,430.745,166.8,1.0,0.18,0.0
det,430.745,1179.5,809.0,64.75,148.0,0.865,Body
det,430.745,1202.31,809.25,16.88,20.5,0.818,Head
cover,430.7885,2,1,1,1
err,430.7886,-37.5,8.51
timing,430.7886,11.9,28.8
gate,430.7886,166.8,1.0,0.18,0.0
det,430.7886,1209.81,796.75,66.88,152.5,0.841,Body
det,430.7886,1233.62,797.38,17.75,20.25,0.773,Head
cover,430.8336,2,1,1,1
err,430.8337,-25.75,-0.23
timing,430.8337,14.6,27.7
gate,430.8337,166.8,1.0,0.18,0.0
det,430.8337,1220.12,785.0,66.75,156.0,0.784,Body
det,430.8337,1246.0,788.5,16.5,20.5,0.77,Head
cover,430.8854,2,1,1,1
err,430.8854,7.5,-5.83
timing,430.8854,19.9,28.8
gate,430.8854,166.8,1.0,0.18,0.0
det,430.8854,1255.88,783.25,65.25,153.5,0.858,Body
det,430.8854,1279.12,784.0,16.75,18.5,0.741,Head
cover,430.9221,2,1,1,1
err,430.9222,8.5,-7.54
timing,430.9222,6.5,27.4
gate,430.9222,166.8,1.0,0.18,0.0
det,430.9222,1254.75,780.88,68.0,153.25,0.854,Body
det,430.9222,1279.62,781.88,17.75,19.25,0.798,Head
cover,430.9685,2,1,1,1
err,430.9686,8.0,-7.25
timing,430.9686,12.9,30.7
gate,430.9686,166.8,1.0,0.18,0.0
det,430.9686,1255.88,781.0,66.25,153.0,0.887,Body
det,430.9686,1279.5,781.75,17.0,20.0,0.845,Head
cover,431.0203,2,1,1,1
err,431.0203,-2.5,1.58
timing,431.0203,19.2,29.4
gate,431.0203,166.8,1.0,0.18,0.0
det,431.0203,1245.75,789.12,67.5,154.75,0.581,Body
det,431.0203,1268.88,789.75,17.25,21.5,0.412,Head
cover,431.079,2,1,1,1
err,431.079,-5.0,15.83
timing,431.079,23.2,32.5
gate,431.079,166.8,1.0,0.18,0.0
det,431.079,1243.62,803.0,65.75,155.0,0.766,Body
det,431.079,1266.12,804.0,17.75,21.5,0.755,Head
cover,431.1325,2,1,1,1
err,431.1326,-5.0,53.01
timing,431.1326,13.5,36.6
gate,431.1326,166.8,1.0,0.18,0.0
det,431.1326,1266.62,841.88,16.75,20.25,0.822,Head
det,431.1326,1243.75,841.12,66.0,154.75,0.818,Body
cover,431.1803,0,0,0,0
nearest,431.1803,-1
cover,431.222,1,0,1,0
nearest,431.2221,-1
cover,431.266,2,1,1,1
err,431.2661,10.0,24.06
timing,431.2661,9.7,32.3
gate,431.266,166.8,1.0,0.18,0.0
det,431.2661,1255.62,811.5,68.75,154.0,0.865,Body
det,431.2661,1280.88,812.38,18.25,21.25,0.776,Head
cover,431.3092,2,1,1,1
err,431.3092,10.5,14.3
timing,431.3092,8.9,31.3
gate,431.3092,166.8,1.0,0.18,0.0
det,431.3092,1281.75,802.75,17.5,21.0,0.829,Head
det,431.3092,1258.38,800.12,67.25,157.75,0.792,Body
cover,431.3558,2,1,1,1
err,431.3558,12.75,11.46
timing,431.3558,14.2,29.3
gate,431.3558,166.8,1.0,0.18,0.0
det,431.3558,1259.88,799.75,67.25,153.5,0.849,Body
det,431.3558,1285.5,800.88,14.5,19.25,0.836,Head
cover,431.4035,1,0,1,0
nearest,431.4035,-1
cover,431.4436,2,1,1,1
err,431.4437,-11.5,2.06
timing,431.4437,8.0,30.5
gate,431.4437,166.8,1.0,0.18,0.0
det,431.4437,1233.75,790.25,68.0,152.0,0.792,Body
det,431.4437,1259.5,790.38,18.0,21.25,0.444,Head
cover,431.4928,2,1,1,1
err,431.4929,-17.0,0.54
timing,431.4929,10.7,34.0
gate,431.4929,166.8,1.0,0.18,0.0
det,431.4929,1231.12,786.5,66.75,153.5,0.704,Body
det,431.4929,1254.62,789.12,16.75,20.75,0.691,Head
cover,431.5425,2,1,1,1
err,431.5426,-17.5,37.04
timing,431.5426,12.9,32.6
gate,431.5426,166.8,1.0,0.18,0.0
det,431.5426,1254.25,825.62,16.5,20.75,0.794,Head
det,431.5426,1228.75,914.5,20.5,58.5,0.517,Body
cover,431.592,2,1,1,1
err,431.592,-18.5,23.05
timing,431.592,19.1,27.9
gate,431.592,166.8,1.0,0.18,0.0
det,431.592,1253.38,811.5,16.25,21.0,0.667,Head
det,431.592,1228.38,811.12,69.25,157.75,0.566,Body
cover,431.6427,2,1,1,1
err,431.6428,-16.0,19.08
timing,431.6428,18.9,28.0
gate,431.6428,166.8,1.0,0.18,0.0
det,431.6428,1230.88,805.0,68.25,153.0,0.818,Body
det,431.6428,1255.5,807.25,17.0,21.5,0.773,Head
cover,431.6916,2,1,1,1
err,431.6917,-14.0,13.11
timing,431.6917,17.1,29.0
gate,431.6917,166.8,1.0,0.18,0.0
det,431.6917,1233.88,799.62,67.25,155.75,0.857,Body
det,431.6917,1257.25,800.88,17.5,22.25,0.725,Head
cover,431.7399,1,0,1,0
nearest,431.7399,-1
cover,431.777,2,1,1,1
err,431.7771,7.75,5.09
timing,431.7771,6.3,29.3
gate,431.7771,166.8,1.0,0.18,0.0
det,431.7771,1256.75,793.12,65.5,151.75,0.854,Body
det,431.7771,1279.25,793.12,17.0,21.75,0.722,Head
cover,431.8291,2,1,1,1
err,431.8291,7.5,2.55
timing,431.8291,15.1,33.2
gate,431.8291,166.8,1.0,0.18,0.0
det,431.8291,1256.25,788.62,67.0,153.75,0.662,Body
det,431.8291,1278.62,791.0,17.75,21.0,0.477,Head
cover,431.8757,2,1,1,1
err,431.8757,7.5,2.0
timing,431.8757,11.7,31.8
gate,431.8757,166.8,1.0,0.18,0.0
det,431.8757,1256.0,789.12,66.5,152.75,0.801,Body
det,431.8757,1279.0,791.0,17.0,20.0,0.54,Head
cover,431.9206,2,1,1,1
err,431.9206,7.75,36.3
timing,431.9206,13.0,29.3
gate,431.9206,166.8,1.0,0.18,0.0
det,431.9206,1254.75,824.38,67.5,153.25,0.859,Body
det,431.9206,1279.0,824.75,17.5,21.0,0.585,Head
cover,431.9613,0,0,0,0
nearest,431.9613,-1
cover,432.0075,0,0,0,0
nearest,432.0075,-1
cover,432.0434,0,0,0,0
nearest,432.0434,-1
cover,432.08,2,1,1,1
err,432.0801,138.5,2.52
timing,432.0801,8.9,26.7
gate,432.08,166.8,1.0,0.18,0.0
det,432.0801,1349.0,788.0,119.0,255.0,0.689,Body
det,432.0801,1404.38,783.0,28.25,35.5,0.608,Head
cover,432.1278,2,1,1,1
err,432.1278,137.5,0.21
timing,432.1278,16.6,28.6
gate,432.1278,166.8,1.0,0.18,0.0
det,432.1278,1345.25,791.88,124.5,263.25,0.713,Body
det,432.1278,1404.12,781.38,26.75,34.25,0.712,Head
cover,432.165,1,0,1,0
nearest,432.165,-1
cover,432.2047,1,0,1,0
nearest,432.2048,-1
cover,432.2458,2,1,1,1
err,432.2458,123.0,-2.36
timing,432.2458,10.9,29.4
gate,432.2458,166.8,1.0,0.18,0.0
det,432.2458,1389.38,779.62,27.25,32.75,0.846,Head
det,432.2458,1333.5,792.0,120.0,251.5,0.631,Body
cover,432.2922,2,1,1,1
err,432.2923,-31.25,-10.76
timing,432.2923,12.7,31.0
gate,432.2922,166.8,1.0,0.18,0.0
det,432.2923,1183.5,783.0,109.5,255.0,0.721,Body
det,432.2923,1235.5,770.12,26.5,34.75,0.705,Head
cover,432.3453,2,0,2,0
nearest,432.3453,-1
cover,432.3908,0,0,0,0
nearest,432.3908,-1
cover,432.435,0,0,0,0
nearest,432.435,-1
cover,432.4828,2,1,1,1
err,432.4829,-193.25,13.42
timing,432.4829,15.5,31.4
gate,432.4829,166.8,1.0,0.18,0.0
det,432.4829,1016.09,807.0,119.31,249.5,0.727,Body
det,432.4829,1073.78,795.0,25.94,33.5,0.719,Head
cover,432.5294,2,1,1,1
err,432.5295,48.25,23.69
timing,432.5295,14.9,28.9
gate,432.5294,166.8,1.0,0.18,0.0
det,432.5295,1314.5,805.12,27.5,33.75,0.806,Head
det,432.5295,1260.62,803.38,117.75,263.25,0.645,Body
cover,432.5718,2,1,1,1
err,432.5719,69.5,27.66
timing,432.5719,8.4,31.4
gate,432.5719,166.8,1.0,0.18,0.0
det,432.5719,1287.75,817.5,112.0,258.5,0.68,Body
det,432.5719,1335.75,809.38,27.5,33.25,0.638,Head
cover,432.6159,2,1,1,1
err,432.6159,52.5,19.4
timing,432.6159,12.6,28.8
gate,432.6159,166.8,1.0,0.18,0.0
det,432.6159,1318.75,801.25,27.5,33.0,0.718,Head
det,432.6159,1262.75,813.0,117.0,248.0,0.579,Body
cover,432.6587,2,1,1,1
err,432.6587,36.0,10.64
timing,432.6587,12.1,28.2
gate,432.6587,166.8,1.0,0.18,0.0
det,432.6587,1302.38,792.62,27.25,32.75,0.829,Head
det,432.6587,1249.38,799.5,109.25,250.5,0.597,Body
cover,432.7041,2,1,1,1
err,432.7041,32.5,39.21
timing,432.7041,9.7,32.5
gate,432.7041,166.8,1.0,0.18,0.0
det,432.7041,1298.88,820.38,27.25,34.25,0.792,Head
det,432.7041,1259.12,819.0,97.75,209.0,0.565,Body
cover,432.7508,2,1,1,1
err,432.7509,28.5,29.45
timing,432.7509,14.4,29.8
gate,432.7509,166.8,1.0,0.18,0.0
det,432.7509,1294.88,810.75,27.25,34.0,0.684,Head
det,432.7509,1237.88,817.0,119.25,257.0,0.683,Body
cover,432.798,1,0,1,0
nearest,432.798,-1
cover,432.8395,1,0,1,0
nearest,432.8396,-1
cover,432.8782,2,1,1,1
err,432.8782,-30.0,-0.05
timing,432.8782,12.6,25.2
gate,432.8782,166.8,1.0,0.18,0.0
det,432.8782,1236.5,781.25,27.0,34.0,0.582,Head
det,432.8782,1179.94,791.0,109.62,256.0,0.556,Body
cover,432.9132,2,1,1,1
err,432.9133,-30.0,-0.85
timing,432.9133,7.1,25.7
gate,432.9133,166.8,1.0,0.18,0.0
det,432.9133,1236.75,781.0,26.5,33.0,0.705,Head
det,432.9133,1186.12,781.5,108.75,261.0,0.515,Body
cover,432.9606,2,1,1,1
err,432.9607,-30.0,-1.81
timing,432.9607,16.7,28.3
gate,432.9607,166.8,1.0,0.18,0.0
det,432.9607,1235.88,779.62,28.25,33.75,0.667,Head
det,432.9607,1187.69,786.0,112.12,259.5,0.568,Body
cover,433.0076,2,1,1,1
err,433.0077,-29.25,-2.86
timing,433.0077,14.1,30.0
gate,433.0077,166.8,1.0,0.18,0.0
det,433.0077,1237.0,779.12,27.5,32.75,0.792,Head
det,433.0077,1189.25,783.88,111.5,257.25,0.619,Body
cover,433.0495,0,0,0,0
nearest,433.0495,-1
cover,433.0966,2,1,1,1
err,433.0967,-17.5,24.14
timing,433.0967,15.2,29.3
gate,433.0967,166.8,1.0,0.18,0.0
det,433.0967,1248.88,806.12,27.25,32.75,0.785,Head
det,433.0967,1193.75,801.0,117.5,270.0,0.679,Body
cover,433.1409,2,1,1,1
err,433.1409,-1.5,13.17
timing,433.1409,14.1,28.0
gate,433.1409,166.8,1.0,0.18,0.0
det,433.1409,1265.38,794.75,26.25,33.5,0.798,Head
det,433.1409,1209.0,799.5,118.5,256.0,0.74,Body
cover,433.1795,2,1,1,1
err,433.1796,-0.5,4.74
timing,433.1796,9.0,26.9
gate,433.1795,166.8,1.0,0.18,0.0
det,433.1796,1212.5,800.88,112.5,242.25,0.749,Body
det,433.1796,1265.88,785.62,27.25,34.75,0.464,Head
cover,433.2305,1,0,1,0
nearest,433.2305,-1
cover,433.2693,1,0,1,0
nearest,433.2693,-1
cover,433.3153,1,0,1,0
nearest,433.3153,-1
cover,433.3613,2,1,1,1
err,433.3613,-0.5,34.95
timing,433.3613,15.3,29.8
gate,433.3613,166.8,1.0,0.18,0.0
det,433.3613,1210.88,830.38,113.25,255.25,0.59,Body
det,433.3613,1266.62,816.25,25.75,34.0,0.575,Head
cover,433.4026,0,0,0,0
nearest,433.4026,-1
cover,433.4421,0,0,0,0
nearest,433.4422,-1
cover,433.4845,0,0,0,0
nearest,433.4845,-1
cover,433.5251,0,0,0,0
nearest,433.5252,-1
cover,433.5703,0,0,0,0
nearest,433.5704,-1
cover,433.6133,0,0,0,0
nearest,433.6134,-1
cover,433.6604,1,0,1,0
nearest,433.6604,-1
cover,433.71,2,0,2,0
nearest,433.7101,-1
cover,433.7539,1,0,1,0
nearest,433.7539,-1
cover,433.796,2,0,2,0
nearest,433.796,-1
cover,433.8373,0,0,0,0
nearest,433.8374,-1
cover,433.8841,0,0,0,0
nearest,433.8842,-1
cover,433.9365,1,0,1,0
nearest,433.9365,-1
cover,433.9896,1,0,1,0
nearest,433.9897,-1
cover,434.0423,1,0,1,0
nearest,434.0423,-1
cover,434.0888,0,0,0,0
nearest,434.0888,-1
cover,434.135,0,0,0,0
nearest,434.1351,-1
cover,434.1746,0,0,0,0
nearest,434.1747,-1
cover,434.2178,0,0,0,0
nearest,434.2178,-1
cover,434.2617,0,0,0,0
nearest,434.2617,-1
cover,434.3061,0,0,0,0
nearest,434.3061,-1
cover,434.3453,0,0,0,0
nearest,434.3454,-1
cover,434.3831,0,0,0,0
nearest,434.3831,-1
cover,434.4209,0,0,0,0
nearest,434.4209,-1
cover,434.4634,0,0,0,0
nearest,434.4634,-1
cover,434.5128,1,0,1,0
nearest,434.5129,-1
cover,434.5558,0,0,0,0
nearest,434.5559,-1
cover,434.5949,0,0,0,0
nearest,434.5949,-1
cover,434.6349,0,0,0,0
nearest,434.6349,-1
cover,434.6783,0,0,0,0
nearest,434.6783,-1
cover,434.7148,0,0,0,0
nearest,434.7148,-1
cover,434.7532,0,0,0,0
nearest,434.7532,-1
cover,434.7915,0,0,0,0
nearest,434.7916,-1
cover,434.8323,0,0,0,0
nearest,434.8323,-1
cover,434.8783,1,0,1,0
nearest,434.8784,-1
cover,434.9295,0,0,0,0
nearest,434.9295,-1
cover,434.976,0,0,0,0
nearest,434.9761,-1
cover,435.0146,0,0,0,0
nearest,435.0146,-1
cover,435.0553,0,0,0,0
nearest,435.0553,-1
cover,435.0914,0,0,0,0
nearest,435.0914,-1
cover,435.1333,0,0,0,0
nearest,435.1334,-1
cover,435.1801,0,0,0,0
nearest,435.1801,-1
cover,435.227,0,0,0,0
nearest,435.227,-1
cover,435.2694,0,0,0,0
nearest,435.2694,-1
cover,435.3094,0,0,0,0
nearest,435.3094,-1
cover,435.3433,0,0,0,0
nearest,435.3433,-1
cover,435.3772,0,0,0,0
nearest,435.3772,-1
cover,435.4177,0,0,0,0
nearest,435.4177,-1
cover,435.4559,0,0,0,0
nearest,435.4559,-1
cover,435.4937,0,0,0,0
nearest,435.4937,-1
cover,435.5315,0,0,0,0
nearest,435.5316,-1
cover,435.5656,0,0,0,0
nearest,435.5656,-1
cover,435.6013,0,0,0,0
nearest,435.6013,-1
cover,435.641,0,0,0,0
nearest,435.641,-1
cover,435.6825,0,0,0,0
nearest,435.6826,-1
cover,435.7225,0,0,0,0
nearest,435.7225,-1
cover,435.7614,0,0,0,0
nearest,435.7615,-1
cover,435.806,1,0,1,0
nearest,435.806,-1
cover,435.8488,0,0,0,0
nearest,435.8488,-1
cover,435.8896,0,0,0,0
nearest,435.8896,-1
cover,435.9357,0,0,0,0
nearest,435.9358,-1
cover,435.9782,0,0,0,0
nearest,435.9782,-1
cover,436.0172,0,0,0,0
nearest,436.0173,-1
cover,436.0552,0,0,0,0
nearest,436.0552,-1
cover,436.1006,0,0,0,0
nearest,436.1007,-1
cover,436.1407,0,0,0,0
nearest,436.1407,-1
cover,436.1879,0,0,0,0
nearest,436.1879,-1
cover,436.227,0,0,0,0
nearest,436.227,-1
cover,436.2669,0,0,0,0
nearest,436.267,-1
cover,436.3054,0,0,0,0
nearest,436.3054,-1
cover,436.341,0,0,0,0
nearest,436.341,-1
cover,436.3851,0,0,0,0
nearest,436.3851,-1
cover,436.4236,0,0,0,0
nearest,436.4236,-1
cover,436.4586,0,0,0,0
nearest,436.4586,-1
cover,436.4954,0,0,0,0
nearest,436.4954,-1
cover,436.5326,0,0,0,0
nearest,436.5327,-1
cover,436.5655,0,0,0,0
nearest,436.5655,-1
cover,436.6009,1,0,1,0
nearest,436.6009,-1
cover,436.6456,1,0,1,0
nearest,436.6457,-1
cover,436.6856,2,0,2,0
nearest,436.6857,-1
cover,436.7273,1,0,1,0
nearest,436.7273,-1
cover,436.7711,1,0,1,0
nearest,436.7711,-1
cover,436.812,1,0,1,0
nearest,436.8121,-1
cover,436.8578,1,0,1,0
nearest,436.8578,-1
cover,436.8968,1,0,1,0
nearest,436.8968,-1
cover,436.9363,1,0,1,0
nearest,436.9364,-1
cover,436.9804,1,0,1,0
nearest,436.9805,-1
cover,437.0218,1,0,1,0
nearest,437.0218,-1
cover,437.0607,0,0,0,0
nearest,437.0607,-1
cover,437.1045,0,0,0,0
nearest,437.1045,-1
cover,437.1448,0,0,0,0
nearest,437.1449,-1
cover,437.1817,0,0,0,0
nearest,437.1817,-1
cover,437.2158,1,0,1,0
nearest,437.2158,-1
cover,437.2941,1,0,1,0
nearest,437.2941,-1
cover,437.3315,0,0,0,0
nearest,437.3315,-1
cover,437.3734,0,0,0,0
nearest,437.3734,-1
cover,437.4117,0,0,0,0
nearest,437.4117,-1
cover,437.4516,0,0,0,0
nearest,437.4516,-1
cover,437.4895,0,0,0,0
nearest,437.4895,-1
cover,437.5297,0,0,0,0
nearest,437.5297,-1
cover,437.5671,0,0,0,0
nearest,437.5672,-1
cover,437.6068,0,0,0,0
nearest,437.6069,-1
cover,437.6466,0,0,0,0
nearest,437.6466,-1
cover,437.6828,0,0,0,0
nearest,437.6829,-1
cover,437.7195,0,0,0,0
nearest,437.7196,-1
cover,437.7562,1,0,1,0
nearest,437.7562,-1
cover,437.7972,0,0,0,0
nearest,437.7972,-1
cover,437.8329,0,0,0,0
nearest,437.833,-1
cover,437.87,0,0,0,0
nearest,437.87,-1
cover,437.9119,0,0,0,0
nearest,437.9119,-1
cover,437.9519,0,0,0,0
nearest,437.9519,-1
cover,437.9911,1,0,1,0
nearest,437.9912,-1
cover,438.0329,1,0,1,0
nearest,438.0329,-1
cover,438.0736,0,0,0,0
nearest,438.0736,-1
cover,438.1131,0,0,0,0
nearest,438.1131,-1
cover,438.1511,0,0,0,0
nearest,438.1511,-1
cover,438.1906,0,0,0,0
nearest,438.1907,-1
cover,438.2315,0,0,0,0
nearest,438.2315,-1
cover,438.2712,0,0,0,0
nearest,438.2712,-1
cover,438.3084,0,0,0,0
nearest,438.3084,-1
cover,438.3408,0,0,0,0
nearest,438.3408,-1
cover,438.3769,1,0,1,0
nearest,438.3769,-1
cover,438.4106,0,0,0,0
nearest,438.4106,-1
cover,438.4452,0,0,0,0
nearest,438.4452,-1
cover,438.4846,1,0,1,0
nearest,438.4846,-1
cover,438.5249,0,0,0,0
nearest,438.5249,-1
cover,438.5645,0,0,0,0
nearest,438.5645,-1
cover,438.5963,0,0,0,0
nearest,438.5963,-1
cover,438.6312,0,0,0,0
nearest,438.6312,-1
cover,438.6682,0,0,0,0
nearest,438.6682,-1
cover,438.7027,0,0,0,0
nearest,438.7027,-1
cover,438.7379,0,0,0,0
nearest,438.7379,-1
cover,438.7793,0,0,0,0
nearest,438.7793,-1
cover,438.8166,0,0,0,0
nearest,438.8166,-1
cover,438.859,0,0,0,0
nearest,438.859,-1
cover,438.8995,0,0,0,0
nearest,438.8995,-1
cover,438.942,0,0,0,0
nearest,438.942,-1
cover,438.9781,0,0,0,0
nearest,438.9781,-1
cover,439.0163,0,0,0,0
nearest,439.0163,-1
cover,439.0566,0,0,0,0
nearest,439.0566,-1
cover,439.094,0,0,0,0
nearest,439.094,-1
cover,439.1344,0,0,0,0
nearest,439.1344,-1
cover,439.1721,0,0,0,0
nearest,439.1722,-1
cover,439.216,0,0,0,0
nearest,439.216,-1
cover,439.2574,0,0,0,0
nearest,439.2574,-1
cover,439.2929,0,0,0,0
nearest,439.2929,-1
cover,439.3347,0,0,0,0
nearest,439.3347,-1
cover,439.3741,0,0,0,0
nearest,439.3741,-1
cover,439.4172,0,0,0,0
nearest,439.4172,-1
cover,439.4563,0,0,0,0
nearest,439.4563,-1
cover,439.5001,0,0,0,0
nearest,439.5002,-1
cover,439.5429,0,0,0,0
nearest,439.5429,-1
cover,439.583,0,0,0,0
nearest,439.583,-1
cover,439.6269,0,0,0,0
nearest,439.6269,-1
cover,439.6672,0,0,0,0
nearest,439.6672,-1
cover,439.7063,0,0,0,0
nearest,439.7063,-1
cover,439.7388,0,0,0,0
nearest,439.7388,-1
cover,439.7721,0,0,0,0
nearest,439.7722,-1
cover,439.807,0,0,0,0
nearest,439.807,-1
cover,439.8456,0,0,0,0
nearest,439.8456,-1
cover,439.8838,0,0,0,0
nearest,439.8838,-1
cover,439.9179,0,0,0,0
nearest,439.918,-1
cover,439.957,0,0,0,0
nearest,439.9571,-1
cover,439.9902,0,0,0,0
nearest,439.9902,-1
cover,440.0249,0,0,0,0
nearest,440.025,-1
cover,440.0559,0,0,0,0
nearest,440.0559,-1
cover,440.095,0,0,0,0
nearest,440.095,-1
cover,440.1303,0,0,0,0
nearest,440.1303,-1
cover,440.1662,0,0,0,0
nearest,440.1662,-1
cover,440.1995,0,0,0,0
nearest,440.1995,-1
cover,440.2364,0,0,0,0
nearest,440.2364,-1
cover,440.2787,0,0,0,0
nearest,440.2787,-1
cover,440.316,0,0,0,0
nearest,440.316,-1
cover,440.3505,0,0,0,0
nearest,440.3506,-1
cover,440.3839,0,0,0,0
nearest,440.3839,-1
cover,440.4151,0,0,0,0
nearest,440.4151,-1
cover,440.4474,0,0,0,0
nearest,440.4474,-1
cover,440.4792,1,0,1,0
nearest,440.4792,-1
cover,440.5154,0,0,0,0
nearest,440.5154,-1
cover,440.5502,0,0,0,0
nearest,440.5502,-1
cover,440.5828,0,0,0,0
nearest,440.5828,-1
cover,440.6172,0,0,0,0
nearest,440.6172,-1
cover,440.6478,1,0,1,0
nearest,440.6478,-1
cover,440.6815,0,0,0,0
nearest,440.6816,-1
cover,440.7142,0,0,0,0
nearest,440.7143,-1
cover,440.7471,1,0,1,0
nearest,440.7472,-1
cover,440.7819,0,0,0,0
nearest,440.782,-1
cover,440.8165,1,0,1,0
nearest,440.8165,-1
cover,440.852,1,0,1,0
nearest,440.8521,-1
cover,440.8848,0,0,0,0
nearest,440.8848,-1
cover,440.9199,0,0,0,0
nearest,440.9199,-1
cover,440.9537,0,0,0,0
nearest,440.9537,-1
cover,440.9885,0,0,0,0
nearest,440.9885,-1
cover,441.0234,0,0,0,0
nearest,441.0234,-1
cover,441.0568,0,0,0,0
nearest,441.0568,-1
cover,441.0905,0,0,0,0
nearest,441.0905,-1
cover,441.1235,0,0,0,0
nearest,441.1236,-1
cover,441.1623,0,0,0,0
nearest,441.1623,-1
cover,441.1987,0,0,0,0
nearest,441.1987,-1
cover,441.2306,0,0,0,0
nearest,441.2306,-1
cover,441.267,0,0,0,0
nearest,441.2671,-1
cover,441.2991,0,0,0,0
nearest,441.2991,-1
cover,441.3328,0,0,0,0
nearest,441.3328,-1
cover,441.3665,0,0,0,0
nearest,441.3666,-1
cover,441.401,0,0,0,0
nearest,441.401,-1
cover,441.4337,0,0,0,0
nearest,441.4337,-1
cover,441.4739,0,0,0,0
nearest,441.474,-1
cover,441.513,0,0,0,0
nearest,441.5131,-1
cover,441.5576,0,0,0,0
nearest,441.5577,-1
cover,441.6096,0,0,0,0
nearest,441.6096,-1
cover,441.6577,0,0,0,0
nearest,441.6577,-1
cover,441.7071,0,0,0,0
nearest,441.7071,-1
cover,441.7517,0,0,0,0
nearest,441.7517,-1
cover,441.8067,0,0,0,0
nearest,441.8067,-1
cover,441.8432,0,0,0,0
nearest,441.8432,-1
cover,441.8838,0,0,0,0
nearest,441.8838,-1
cover,441.9304,0,0,0,0
nearest,441.9304,-1
cover,441.9717,0,0,0,0
nearest,441.9717,-1
cover,442.0173,0,0,0,0
nearest,442.0173,-1
cover,442.0622,0,0,0,0
nearest,442.0623,-1
cover,442.1002,0,0,0,0
nearest,442.1002,-1
cover,442.1444,0,0,0,0
nearest,442.1444,-1
cover,442.1867,0,0,0,0
nearest,442.1868,-1
cover,442.2291,0,0,0,0
nearest,442.2291,-1
cover,442.2671,0,0,0,0
nearest,442.2671,-1
cover,442.3103,0,0,0,0
nearest,442.3103,-1
cover,442.3538,0,0,0,0
nearest,442.3539,-1
cover,442.3924,0,0,0,0
nearest,442.3924,-1
cover,442.4335,0,0,0,0
nearest,442.4336,-1
cover,442.4754,0,0,0,0
nearest,442.4755,-1
cover,442.5184,0,0,0,0
nearest,442.5184,-1
cover,442.5593,0,0,0,0
nearest,442.5594,-1
cover,442.6008,0,0,0,0
nearest,442.6009,-1
cover,442.6443,0,0,0,0
nearest,442.6443,-1
cover,442.6856,0,0,0,0
nearest,442.6857,-1
cover,442.7252,0,0,0,0
nearest,442.7252,-1
cover,442.7699,0,0,0,0
nearest,442.7699,-1
cover,442.8149,0,0,0,0
nearest,442.8149,-1
cover,442.8539,0,0,0,0
nearest,442.8539,-1
cover,442.8951,0,0,0,0
nearest,442.8951,-1
cover,442.9359,0,0,0,0
nearest,442.936,-1
cover,442.9767,0,0,0,0
nearest,442.9767,-1
cover,443.0186,0,0,0,0
nearest,443.0186,-1
cover,443.0618,0,0,0,0
nearest,443.0618,-1
cover,443.1016,0,0,0,0
nearest,443.1016,-1
cover,443.1445,0,0,0,0
nearest,443.1445,-1
cover,443.1859,0,0,0,0
nearest,443.1859,-1
cover,443.2265,0,0,0,0
nearest,443.2265,-1
cover,443.269,0,0,0,0
nearest,443.269,-1
cover,443.3121,0,0,0,0
nearest,443.3122,-1
cover,443.3562,0,0,0,0
nearest,443.3562,-1
cover,443.3964,0,0,0,0
nearest,443.3964,-1
cover,443.438,0,0,0,0
nearest,443.4381,-1
cover,443.4797,0,0,0,0
nearest,443.4798,-1
cover,443.5156,0,0,0,0
nearest,443.5156,-1
cover,443.558,0,0,0,0
nearest,443.558,-1
cover,443.6095,0,0,0,0
nearest,443.6095,-1
cover,443.653,0,0,0,0
nearest,443.653,-1
cover,443.6934,0,0,0,0
nearest,443.6934,-1
cover,443.7351,0,0,0,0
nearest,443.7351,-1
cover,443.7784,0,0,0,0
nearest,443.7784,-1
cover,443.8196,0,0,0,0
nearest,443.8196,-1
cover,443.8622,0,0,0,0
nearest,443.8623,-1
cover,443.9049,0,0,0,0
nearest,443.9049,-1
cover,443.9488,0,0,0,0
nearest,443.9488,-1
cover,443.994,0,0,0,0
nearest,443.9941,-1
cover,444.0391,0,0,0,0
nearest,444.0391,-1
cover,444.0787,0,0,0,0
nearest,444.0787,-1
cover,444.1274,0,0,0,0
nearest,444.1274,-1
cover,444.1722,0,0,0,0
nearest,444.1722,-1
cover,444.2125,0,0,0,0
nearest,444.2125,-1
cover,444.2689,0,0,0,0
nearest,444.2689,-1
cover,444.3119,0,0,0,0
nearest,444.3119,-1
cover,444.3607,0,0,0,0
nearest,444.3607,-1
cover,444.4034,0,0,0,0
nearest,444.4034,-1
cover,444.4476,0,0,0,0
nearest,444.4476,-1
cover,444.4912,0,0,0,0
nearest,444.4912,-1
cover,444.5388,0,0,0,0
nearest,444.5388,-1
cover,444.5793,0,0,0,0
nearest,444.5793,-1
cover,444.6175,0,0,0,0
nearest,444.6176,-1
cover,444.6609,0,0,0,0
nearest,444.6609,-1
cover,444.7002,0,0,0,0
nearest,444.7002,-1
cover,444.75,0,0,0,0
nearest,444.75,-1
cover,444.7943,0,0,0,0
nearest,444.7943,-1
cover,444.8418,0,0,0,0
nearest,444.8419,-1
cover,444.8877,0,0,0,0
nearest,444.8877,-1
cover,444.9273,0,0,0,0
nearest,444.9273,-1
cover,444.9692,0,0,0,0
nearest,444.9692,-1
cover,445.0118,0,0,0,0
nearest,445.0119,-1
cover,445.0511,0,0,0,0
nearest,445.0512,-1
cover,445.0947,0,0,0,0
nearest,445.0947,-1
cover,445.1344,0,0,0,0
nearest,445.1344,-1
cover,445.175,0,0,0,0
nearest,445.175,-1
cover,445.2229,0,0,0,0
nearest,445.2229,-1
cover,445.2602,0,0,0,0
nearest,445.2602,-1
cover,445.3045,0,0,0,0
nearest,445.3045,-1
cover,445.3483,0,0,0,0
nearest,445.3483,-1
cover,445.3831,0,0,0,0
nearest,445.3831,-1
cover,445.425,0,0,0,0
nearest,445.425,-1
cover,445.4699,0,0,0,0
nearest,445.47,-1
cover,445.5095,0,0,0,0
nearest,445.5095,-1
cover,445.5552,0,0,0,0
nearest,445.5553,-1
cover,445.6083,0,0,0,0
nearest,445.6084,-1
cover,445.6496,0,0,0,0
nearest,445.6497,-1
cover,445.692,0,0,0,0
nearest,445.6921,-1
cover,445.7355,0,0,0,0
nearest,445.7355,-1
cover,445.78,0,0,0,0
nearest,445.78,-1
cover,445.8413,0,0,0,0
nearest,445.8413,-1
cover,445.8893,0,0,0,0
nearest,445.8893,-1
cover,445.9295,0,0,0,0
nearest,445.9295,-1
cover,445.9799,0,0,0,0
nearest,445.98,-1
cover,446.0307,0,0,0,0
nearest,446.0307,-1
cover,446.0752,0,0,0,0
nearest,446.0753,-1
cover,446.1156,0,0,0,0
nearest,446.1156,-1
cover,446.1582,0,0,0,0
nearest,446.1582,-1
cover,446.2041,0,0,0,0
nearest,446.2041,-1
cover,446.253,0,0,0,0
nearest,446.253,-1
cover,446.2953,0,0,0,0
nearest,446.2953,-1
cover,446.3486,0,0,0,0
nearest,446.3486,-1
cover,446.389,0,0,0,0
nearest,446.3891,-1
cover,446.4509,0,0,0,0
nearest,446.4509,-1
cover,446.5031,0,0,0,0
nearest,446.5031,-1
cover,446.5586,0,0,0,0
nearest,446.5586,-1
cover,446.6142,0,0,0,0
nearest,446.6143,-1
cover,446.6619,0,0,0,0
nearest,446.6619,-1
cover,446.7132,0,0,0,0
nearest,446.7132,-1
cover,446.7575,0,0,0,0
nearest,446.7575,-1
cover,446.8084,0,0,0,0
nearest,446.8085,-1
cover,446.8476,0,0,0,0
nearest,446.8476,-1
cover,446.8941,0,0,0,0
nearest,446.8941,-1
cover,446.9475,0,0,0,0
nearest,446.9475,-1
cover,446.9904,0,0,0,0
nearest,446.9904,-1
cover,447.0401,0,0,0,0
nearest,447.0401,-1
cover,447.0807,0,0,0,0
nearest,447.0808,-1
cover,447.1207,0,0,0,0
nearest,447.1208,-1
cover,447.1812,0,0,0,0
nearest,447.1813,-1
cover,447.2279,0,0,0,0
nearest,447.2279,-1
cover,447.2715,0,0,0,0
nearest,447.2716,-1
cover,447.3228,0,0,0,0
nearest,447.3228,-1
cover,447.3781,0,0,0,0
nearest,447.3781,-1
cover,447.4176,0,0,0,0
nearest,447.4176,-1
cover,447.4599,0,0,0,0
nearest,447.4599,-1
cover,447.5006,0,0,0,0
nearest,447.5006,-1
cover,447.5505,0,0,0,0
nearest,447.5505,-1
cover,447.5929,0,0,0,0
nearest,447.593,-1
cover,447.6562,0,0,0,0
nearest,447.6563,-1
cover,447.7146,0,0,0,0
nearest,447.7146,-1
cover,447.8224,0,0,0,0
nearest,447.8224,-1
cover,447.8755,0,0,0,0
nearest,447.8755,-1
cover,447.9267,0,0,0,0
nearest,447.9267,-1
cover,447.9762,0,0,0,0
nearest,447.9762,-1
cover,448.0233,0,0,0,0
nearest,448.0233,-1
cover,448.0707,0,0,0,0
nearest,448.0708,-1
cover,448.1104,0,0,0,0
nearest,448.1104,-1
cover,448.1615,0,0,0,0
nearest,448.1615,-1
cover,448.2077,0,0,0,0
nearest,448.2077,-1
cover,448.2464,0,0,0,0
nearest,448.2465,-1
cover,448.3088,0,0,0,0
nearest,448.3088,-1
cover,448.3499,0,0,0,0
nearest,448.3499,-1
cover,448.4019,0,0,0,0
nearest,448.4019,-1
cover,448.4458,0,0,0,0
nearest,448.4458,-1
cover,448.502,0,0,0,0
nearest,448.502,-1
cover,448.5438,0,0,0,0
nearest,448.5438,-1
cover,448.6026,0,0,0,0
nearest,448.6026,-1
cover,448.6466,0,0,0,0
nearest,448.6466,-1
cover,448.6956,0,0,0,0
nearest,448.6957,-1
cover,448.7398,0,0,0,0
nearest,448.7398,-1
cover,448.7839,0,0,0,0
nearest,448.784,-1
cover,448.8283,0,0,0,0
nearest,448.8283,-1
cover,448.8681,0,0,0,0
nearest,448.8681,-1
cover,448.9197,0,0,0,0
nearest,448.9197,-1
cover,448.9676,0,0,0,0
nearest,448.9676,-1
cover,449.0222,0,0,0,0
nearest,449.0222,-1
cover,449.0706,0,0,0,0
nearest,449.0706,-1
cover,449.1179,0,0,0,0
nearest,449.1179,-1
cover,449.1744,0,0,0,0
nearest,449.1744,-1
cover,449.2359,0,0,0,0
nearest,449.2359,-1
cover,449.2807,0,0,0,0
nearest,449.2808,-1
cover,449.3185,0,0,0,0
nearest,449.3186,-1
cover,449.3756,0,0,0,0
nearest,449.3756,-1
cover,449.4212,0,0,0,0
nearest,449.4213,-1
cover,449.4734,0,0,0,0
nearest,449.4734,-1
cover,449.5172,0,0,0,0
nearest,449.5172,-1
cover,449.5669,0,0,0,0
nearest,449.5669,-1
cover,449.6114,0,0,0,0
nearest,449.6114,-1
cover,449.6793,0,0,0,0
nearest,449.6793,-1
cover,449.7341,0,0,0,0
nearest,449.7341,-1
cover,449.7813,0,0,0,0
nearest,449.7813,-1
cover,449.8259,0,0,0,0
nearest,449.826,-1
cover,449.8758,0,0,0,0
nearest,449.8759,-1
cover,449.9176,0,0,0,0
nearest,449.9176,-1
cover,449.9615,0,0,0,0
nearest,449.9615,-1
cover,450.0113,0,0,0,0
nearest,450.0113,-1
cover,450.0502,0,0,0,0
nearest,450.0502,-1
cover,450.0953,0,0,0,0
nearest,450.0953,-1
cover,450.1339,0,0,0,0
nearest,450.1339,-1
cover,450.1825,0,0,0,0
nearest,450.1825,-1
cover,450.2248,0,0,0,0
nearest,450.2248,-1
cover,450.2721,0,0,0,0
nearest,450.2721,-1
cover,450.3172,0,0,0,0
nearest,450.3172,-1
cover,450.3693,0,0,0,0
nearest,450.3693,-1
cover,450.4159,0,0,0,0
nearest,450.4159,-1
cover,450.4658,0,0,0,0
nearest,450.4659,-1
cover,450.5269,0,0,0,0
nearest,450.5269,-1
cover,450.5775,0,0,0,0
nearest,450.5775,-1
cover,450.617,0,0,0,0
nearest,450.617,-1
cover,450.6718,0,0,0,0
nearest,450.6718,-1
cover,450.7331,0,0,0,0
nearest,450.7331,-1
cover,450.7768,0,0,0,0
nearest,450.7768,-1
cover,450.8231,0,0,0,0
nearest,450.8232,-1
cover,450.8672,0,0,0,0
nearest,450.8673,-1
cover,450.9177,0,0,0,0
nearest,450.9178,-1
cover,450.9627,0,0,0,0
nearest,450.9628,-1
cover,451.006,0,0,0,0
nearest,451.006,-1
cover,451.0448,0,0,0,0
nearest,451.0448,-1
cover,451.0908,0,0,0,0
nearest,451.0908,-1
cover,451.1329,0,0,0,0
nearest,451.1329,-1
cover,451.1754,0,0,0,0
nearest,451.1755,-1
cover,451.215,0,0,0,0
nearest,451.215,-1
cover,451.2567,0,0,0,0
nearest,451.2567,-1
cover,451.2979,0,0,0,0
nearest,451.2979,-1
cover,451.3402,0,0,0,0
nearest,451.3402,-1
cover,451.3841,0,0,0,0
nearest,451.3841,-1
cover,451.427,0,0,0,0
nearest,451.427,-1
cover,451.4727,0,0,0,0
nearest,451.4727,-1
cover,451.5164,0,0,0,0
nearest,451.5165,-1
cover,451.5546,0,0,0,0
nearest,451.5546,-1
cover,451.5949,0,0,0,0
nearest,451.5949,-1
cover,451.6364,0,0,0,0
nearest,451.6364,-1
cover,451.6835,0,0,0,0
nearest,451.6835,-1
cover,451.7223,0,0,0,0
nearest,451.7223,-1
cover,451.7676,0,0,0,0
nearest,451.7676,-1
cover,451.8126,0,0,0,0
nearest,451.8126,-1
cover,451.8527,0,0,0,0
nearest,451.8528,-1
cover,451.8939,0,0,0,0
nearest,451.8939,-1
cover,451.9379,0,0,0,0
nearest,451.9379,-1
cover,451.9776,0,0,0,0
nearest,451.9776,-1
cover,452.0198,0,0,0,0
nearest,452.0198,-1
cover,452.0612,0,0,0,0
nearest,452.0612,-1
cover,452.1091,0,0,0,0
nearest,452.1091,-1
cover,452.157,0,0,0,0
nearest,452.1571,-1
cover,452.1934,0,0,0,0
nearest,452.1934,-1
cover,452.2364,0,0,0,0
nearest,452.2364,-1
cover,452.2762,0,0,0,0
nearest,452.2762,-1
cover,452.3181,0,0,0,0
nearest,452.3181,-1
cover,452.3604,0,0,0,0
nearest,452.3605,-1
cover,452.4137,0,0,0,0
nearest,452.4138,-1
cover,452.4686,0,0,0,0
nearest,452.4686,-1
cover,452.522,0,0,0,0
nearest,452.522,-1
cover,452.5628,0,0,0,0
nearest,452.5628,-1
cover,452.6046,0,0,0,0
nearest,452.6046,-1
cover,452.6496,0,0,0,0
nearest,452.6496,-1
cover,452.6891,0,0,0,0
nearest,452.6891,-1
cover,452.7393,0,0,0,0
nearest,452.7393,-1
cover,452.7845,0,0,0,0
nearest,452.7845,-1
cover,452.8311,0,0,0,0
nearest,452.8311,-1
cover,452.8794,0,0,0,0
nearest,452.8794,-1
cover,452.9245,0,0,0,0
nearest,452.9246,-1
cover,452.9638,0,0,0,0
nearest,452.9638,-1
cover,453.006,0,0,0,0
nearest,453.006,-1
cover,453.0483,0,0,0,0
nearest,453.0483,-1
cover,453.0899,0,0,0,0
nearest,453.09,-1
cover,453.131,0,0,0,0
nearest,453.131,-1
cover,453.1695,0,0,0,0
nearest,453.1696,-1
cover,453.2136,0,0,0,0
nearest,453.2137,-1
cover,453.2533,0,0,0,0
nearest,453.2533,-1
cover,453.2962,0,0,0,0
nearest,453.2962,-1
cover,453.3448,0,0,0,0
nearest,453.3448,-1
cover,453.3912,0,0,0,0
nearest,453.3912,-1
cover,453.4298,0,0,0,0
nearest,453.4298,-1
cover,453.472,0,0,0,0
nearest,453.472,-1
cover,453.5169,0,0,0,0
nearest,453.5169,-1
cover,453.5577,0,0,0,0
nearest,453.5577,-1
cover,453.5958,0,0,0,0
nearest,453.5958,-1
cover,453.6439,0,0,0,0
nearest,453.644,-1
cover,453.6901,0,0,0,0
nearest,453.6901,-1
cover,453.7334,0,0,0,0
nearest,453.7334,-1
cover,453.7811,0,0,0,0
nearest,453.7811,-1
cover,453.8253,0,0,0,0
nearest,453.8253,-1
cover,453.8709,0,0,0,0
nearest,453.8709,-1
cover,453.9206,0,0,0,0
nearest,453.9206,-1
cover,453.9633,0,0,0,0
nearest,453.9633,-1
cover,454.0125,0,0,0,0
nearest,454.0126,-1
cover,454.0547,0,0,0,0
nearest,454.0548,-1
cover,454.0962,0,0,0,0
nearest,454.0962,-1
cover,454.144,0,0,0,0
nearest,454.144,-1
cover,454.1855,0,0,0,0
nearest,454.1855,-1
cover,454.2311,0,0,0,0
nearest,454.2311,-1
cover,454.2762,0,0,0,0
nearest,454.2762,-1
cover,454.3222,0,0,0,0
nearest,454.3222,-1
cover,454.3683,0,0,0,0
nearest,454.3683,-1
cover,454.4209,0,0,0,0
nearest,454.4209,-1
cover,454.4709,0,0,0,0
nearest,454.471,-1
cover,454.5164,0,0,0,0
nearest,454.5165,-1
cover,454.5605,0,0,0,0
nearest,454.5605,-1
cover,454.6056,0,0,0,0
nearest,454.6056,-1
cover,454.6484,0,0,0,0
nearest,454.6485,-1
cover,454.6902,0,0,0,0
nearest,454.6903,-1
cover,454.7306,0,0,0,0
nearest,454.7306,-1
cover,454.7715,0,0,0,0
nearest,454.7716,-1
cover,454.8201,0,0,0,0
nearest,454.8202,-1
cover,454.8674,0,0,0,0
nearest,454.8674,-1
cover,454.9134,0,0,0,0
nearest,454.9134,-1
cover,454.9531,0,0,0,0
nearest,454.9531,-1
cover,454.9958,0,0,0,0
nearest,454.9959,-1
cover,455.0366,0,0,0,0
nearest,455.0367,-1
cover,455.0842,0,0,0,0
nearest,455.0842,-1
cover,455.1294,0,0,0,0
nearest,455.1295,-1
cover,455.1738,0,0,0,0
nearest,455.1739,-1
cover,455.2201,0,0,0,0
nearest,455.2202,-1
cover,455.2635,0,0,0,0
nearest,455.2635,-1
cover,455.3051,0,0,0,0
nearest,455.3051,-1
cover,455.3515,0,0,0,0
nearest,455.3515,-1
cover,455.3934,0,0,0,0
nearest,455.3934,-1
cover,455.4401,0,0,0,0
nearest,455.4401,-1
cover,455.4837,0,0,0,0
nearest,455.4837,-1
cover,455.534,0,0,0,0
nearest,455.534,-1
cover,455.5845,0,0,0,0
nearest,455.5845,-1
cover,455.6342,0,0,0,0
nearest,455.6342,-1
cover,455.6853,0,0,0,0
nearest,455.6853,-1
cover,455.7337,0,0,0,0
nearest,455.7338,-1
cover,455.7839,0,0,0,0
nearest,455.784,-1
cover,455.834,0,0,0,0
nearest,455.8341,-1
cover,455.8847,0,0,0,0
nearest,455.8847,-1
cover,455.9333,0,0,0,0
nearest,455.9334,-1
cover,455.9755,0,0,0,0
nearest,455.9755,-1
cover,456.0243,0,0,0,0
nearest,456.0243,-1
cover,456.0691,0,0,0,0
nearest,456.0691,-1
cover,456.1165,0,0,0,0
nearest,456.1166,-1
cover,456.1605,0,0,0,0
nearest,456.1605,-1
cover,456.2053,0,0,0,0
nearest,456.2054,-1
cover,456.2517,0,0,0,0
nearest,456.2517,-1
cover,456.2994,0,0,0,0
nearest,456.2994,-1
cover,456.3396,0,0,0,0
nearest,456.3396,-1
cover,456.3875,0,0,0,0
nearest,456.3875,-1
cover,456.4337,0,0,0,0
nearest,456.4337,-1
cover,456.4868,0,0,0,0
nearest,456.4868,-1
cover,456.5321,0,0,0,0
nearest,456.5321,-1
cover,456.5712,0,0,0,0
nearest,456.5712,-1
cover,456.6142,0,0,0,0
nearest,456.6142,-1
cover,456.6522,0,0,0,0
nearest,456.6522,-1
cover,456.6978,0,0,0,0
nearest,456.6978,-1
cover,456.7354,0,0,0,0
nearest,456.7354,-1
cover,456.7863,0,0,0,0
nearest,456.7863,-1
cover,456.8877,0,0,0,0
nearest,456.8878,-1
cover,456.9308,0,0,0,0
nearest,456.9308,-1
cover,456.9712,0,0,0,0
nearest,456.9712,-1
cover,457.0122,0,0,0,0
nearest,457.0122,-1
cover,457.0575,0,0,0,0
nearest,457.0576,-1
cover,457.0988,0,0,0,0
nearest,457.0988,-1
cover,457.1397,0,0,0,0
nearest,457.1397,-1
cover,457.1812,0,0,0,0
nearest,457.1812,-1
cover,457.2844,0,0,0,0
nearest,457.2845,-1
cover,457.338,0,0,0,0
nearest,457.338,-1
cover,457.3842,0,0,0,0
nearest,457.3842,-1
cover,457.4354,0,0,0,0
nearest,457.4355,-1
cover,457.4836,0,0,0,0
nearest,457.4836,-1
cover,457.5279,0,0,0,0
nearest,457.528,-1
cover,457.5851,0,0,0,0
nearest,457.5851,-1
cover,457.6336,0,0,0,0
nearest,457.6336,-1
cover,457.6752,0,0,0,0
nearest,457.6753,-1
cover,457.7115,0,0,0,0
nearest,457.7115,-1
cover,457.7706,0,0,0,0
nearest,457.7706,-1
cover,457.8231,0,0,0,0
nearest,457.8231,-1
cover,457.8718,0,0,0,0
nearest,457.8718,-1
cover,457.9222,0,0,0,0
nearest,457.9222,-1
cover,457.9725,0,0,0,0
nearest,457.9725,-1
cover,458.0206,0,0,0,0
nearest,458.0206,-1
cover,458.067,0,0,0,0
nearest,458.067,-1
cover,458.1185,0,0,0,0
nearest,458.1185,-1
cover,458.1676,0,0,0,0
nearest,458.1676,-1
cover,458.2162,0,0,0,0
nearest,458.2162,-1
cover,458.2557,0,0,0,0
nearest,458.2557,-1
cover,458.2974,0,0,0,0
nearest,458.2975,-1
cover,458.3348,0,0,0,0
nearest,458.3348,-1
cover,458.3797,0,0,0,0
nearest,458.3797,-1
cover,458.4222,0,0,0,0
nearest,458.4222,-1
cover,458.4635,0,0,0,0
nearest,458.4635,-1
cover,458.5025,0,0,0,0
nearest,458.5025,-1
cover,458.5464,0,0,0,0
nearest,458.5464,-1
cover,458.5894,0,0,0,0
nearest,458.5894,-1
cover,458.6255,0,0,0,0
nearest,458.6256,-1
cover,458.6722,0,0,0,0
nearest,458.6722,-1
cover,458.7128,0,0,0,0
nearest,458.7128,-1
cover,458.7523,0,0,0,0
nearest,458.7523,-1
cover,458.7923,0,0,0,0
nearest,458.7924,-1
cover,458.8376,0,0,0,0
nearest,458.8376,-1
cover,458.8868,0,0,0,0
nearest,458.8868,-1
cover,458.9302,0,0,0,0
nearest,458.9302,-1
cover,458.971,0,0,0,0
nearest,458.9711,-1
cover,459.0131,0,0,0,0
nearest,459.0131,-1
cover,459.0547,0,0,0,0
nearest,459.0547,-1
cover,459.0995,0,0,0,0
nearest,459.0995,-1
cover,459.1383,0,0,0,0
nearest,459.1383,-1
cover,459.1832,0,0,0,0
nearest,459.1832,-1
cover,459.2213,0,0,0,0
nearest,459.2213,-1
cover,459.2633,0,0,0,0
nearest,459.2633,-1
cover,459.3091,0,0,0,0
nearest,459.3091,-1
cover,459.3538,0,0,0,0
nearest,459.3538,-1
cover,459.3923,0,0,0,0
nearest,459.3923,-1
cover,459.4381,0,0,0,0
nearest,459.4382,-1
cover,459.4827,0,0,0,0
nearest,459.4827,-1
cover,459.5227,0,0,0,0
nearest,459.5228,-1
cover,459.5598,0,0,0,0
nearest,459.5598,-1
cover,459.6055,0,0,0,0
nearest,459.6055,-1
cover,459.6458,0,0,0,0
nearest,459.6458,-1
cover,459.6886,0,0,0,0
nearest,459.6886,-1
cover,459.728,0,0,0,0
nearest,459.728,-1
cover,459.7746,0,0,0,0
nearest,459.7746,-1
cover,459.8109,0,0,0,0
nearest,459.811,-1
cover,459.8592,0,0,0,0
nearest,459.8592,-1
cover,459.903,0,0,0,0
nearest,459.903,-1
cover,459.9474,0,0,0,0
nearest,459.9474,-1
cover,459.9865,0,0,0,0
nearest,459.9865,-1
cover,460.0351,0,0,0,0
nearest,460.0352,-1
cover,460.088,0,0,0,0
nearest,460.088,-1
cover,460.1319,0,0,0,0
nearest,460.1319,-1
cover,460.172,0,0,0,0
nearest,460.172,-1
cover,460.2174,0,0,0,0
nearest,460.2174,-1
cover,460.2665,0,0,0,0
nearest,460.2665,-1
cover,460.3018,0,0,0,0
nearest,460.3018,-1
cover,460.3478,0,0,0,0
nearest,460.3478,-1
cover,460.3916,0,0,0,0
nearest,460.3917,-1
cover,460.4272,0,0,0,0
nearest,460.4272,-1
cover,460.4707,0,0,0,0
nearest,460.4707,-1
cover,460.5114,0,0,0,0
nearest,460.5114,-1
cover,460.5524,0,0,0,0
nearest,460.5524,-1
cover,460.5946,0,0,0,0
nearest,460.5946,-1
cover,460.6359,0,0,0,0
nearest,460.6359,-1
cover,460.679,0,0,0,0
nearest,460.6791,-1
cover,460.7187,0,0,0,0
nearest,460.7187,-1
cover,460.7614,0,0,0,0
nearest,460.7615,-1
cover,460.8022,0,0,0,0
nearest,460.8022,-1
cover,460.8457,0,0,0,0
nearest,460.8457,-1
cover,460.8869,0,0,0,0
nearest,460.8869,-1
cover,460.9263,0,0,0,0
nearest,460.9263,-1
cover,460.9723,0,0,0,0
nearest,460.9724,-1
cover,461.0135,0,0,0,0
nearest,461.0135,-1
cover,461.0544,0,0,0,0
nearest,461.0544,-1
cover,461.0976,0,0,0,0
nearest,461.0976,-1
cover,461.1381,0,0,0,0
nearest,461.1381,-1
cover,461.183,0,0,0,0
nearest,461.183,-1
cover,461.2219,0,0,0,0
nearest,461.2219,-1
cover,461.2636,0,0,0,0
nearest,461.2636,-1
cover,461.3081,0,0,0,0
nearest,461.3081,-1
cover,461.3541,0,0,0,0
nearest,461.3541,-1
cover,461.3939,0,0,0,0
nearest,461.3939,-1
cover,461.442,0,0,0,0
nearest,461.442,-1
cover,461.4877,0,0,0,0
nearest,461.4877,-1
cover,461.526,0,0,0,0
nearest,461.526,-1
cover,461.5749,0,0,0,0
nearest,461.5749,-1
cover,461.6138,0,0,0,0
nearest,461.6139,-1
cover,461.6525,0,0,0,0
nearest,461.6525,-1
cover,461.6956,0,0,0,0
nearest,461.6956,-1
cover,461.7397,0,0,0,0
nearest,461.7397,-1
cover,461.7774,0,0,0,0
nearest,461.7774,-1
cover,461.8215,0,0,0,0
nearest,461.8215,-1
cover,461.8617,0,0,0,0
nearest,461.8617,-1
cover,461.9098,0,0,0,0
nearest,461.9098,-1
cover,461.9559,0,0,0,0
nearest,461.9559,-1
cover,461.9941,0,0,0,0
nearest,461.9941,-1
cover,462.0403,0,0,0,0
nearest,462.0403,-1
cover,462.0808,0,0,0,0
nearest,462.0808,-1
cover,462.1228,0,0,0,0
nearest,462.1228,-1
cover,462.1678,0,0,0,0
nearest,462.1678,-1
cover,462.217,0,0,0,0
nearest,462.217,-1
cover,462.2646,0,0,0,0
nearest,462.2646,-1
cover,462.3091,0,0,0,0
nearest,462.3091,-1
cover,462.3558,0,0,0,0
nearest,462.3558,-1
cover,462.4028,0,0,0,0
nearest,462.4028,-1
cover,462.4553,0,0,0,0
nearest,462.4554,-1
cover,462.5003,0,0,0,0
nearest,462.5003,-1
cover,462.5531,0,0,0,0
nearest,462.5531,-1
cover,462.5975,0,0,0,0
nearest,462.5975,-1
cover,462.6425,0,0,0,0
nearest,462.6425,-1
cover,462.6912,0,0,0,0
nearest,462.6913,-1
cover,462.7279,0,0,0,0
nearest,462.7279,-1
cover,462.7817,0,0,0,0
nearest,462.7817,-1
cover,462.822,0,0,0,0
nearest,462.822,-1
cover,462.8597,0,0,0,0
nearest,462.8597,-1
cover,462.9098,0,0,0,0
nearest,462.9099,-1
cover,462.9601,0,0,0,0
nearest,462.9601,-1
cover,463.0141,0,0,0,0
nearest,463.0141,-1
cover,463.0601,0,0,0,0
nearest,463.0601,-1
cover,463.1145,0,0,0,0
nearest,463.1145,-1
cover,463.1541,0,0,0,0
nearest,463.1541,-1
cover,463.1933,0,0,0,0
nearest,463.1933,-1
cover,463.2443,0,0,0,0
nearest,463.2443,-1
cover,463.2869,0,0,0,0
nearest,463.2869,-1
cover,463.3326,0,0,0,0
nearest,463.3326,-1
cover,463.3722,0,0,0,0
nearest,463.3723,-1
cover,463.4111,0,0,0,0
nearest,463.4111,-1
cover,463.4526,0,0,0,0
nearest,463.4526,-1
cover,463.501,0,0,0,0
nearest,463.501,-1
cover,463.5504,0,0,0,0
nearest,463.5504,-1
cover,463.6,0,0,0,0
nearest,463.6,-1
cover,463.6403,0,0,0,0
nearest,463.6403,-1
cover,463.6831,0,0,0,0
nearest,463.6831,-1
cover,463.7359,0,0,0,0
nearest,463.7359,-1
cover,463.7896,0,0,0,0
nearest,463.7896,-1
cover,463.8313,0,0,0,0
nearest,463.8314,-1
cover,463.8778,0,0,0,0
nearest,463.8778,-1
cover,463.9206,0,0,0,0
nearest,463.9207,-1
cover,463.9662,0,0,0,0
nearest,463.9663,-1
cover,464.0171,0,0,0,0
nearest,464.0172,-1
cover,464.0642,0,0,0,0
nearest,464.0643,-1
cover,464.1147,0,0,0,0
nearest,464.1147,-1
cover,464.1544,0,0,0,0
nearest,464.1544,-1
cover,464.1949,0,0,0,0
nearest,464.195,-1
cover,464.2438,0,0,0,0
nearest,464.2438,-1
cover,464.2921,0,0,0,0
nearest,464.2921,-1
cover,464.3475,0,0,0,0
nearest,464.3475,-1
cover,464.3962,0,0,0,0
nearest,464.3962,-1
cover,464.4483,0,0,0,0
nearest,464.4483,-1
cover,464.491,0,0,0,0
nearest,464.4911,-1
cover,464.5269,0,0,0,0
nearest,464.5269,-1
cover,464.5703,0,0,0,0
nearest,464.5703,-1
cover,464.6154,0,0,0,0
nearest,464.6154,-1
cover,464.6552,0,0,0,0
nearest,464.6553,-1
cover,464.698,0,0,0,0
nearest,464.698,-1
cover,464.7461,0,0,0,0
nearest,464.7461,-1
cover,464.791,0,0,0,0
nearest,464.791,-1
cover,464.8351,0,0,0,0
nearest,464.8351,-1
cover,464.8855,0,0,0,0
nearest,464.8856,-1
cover,464.9326,0,0,0,0
nearest,464.9326,-1
cover,464.981,0,0,0,0
nearest,464.981,-1
cover,465.0227,0,0,0,0
nearest,465.0227,-1
cover,465.062,0,0,0,0
nearest,465.062,-1
cover,465.1099,0,0,0,0
nearest,465.1099,-1
cover,465.1541,0,0,0,0
nearest,465.1542,-1
cover,465.1995,0,0,0,0
nearest,465.1995,-1
cover,465.25,0,0,0,0
nearest,465.25,-1
cover,465.2941,0,0,0,0
nearest,465.2941,-1
cover,465.3489,0,0,0,0
nearest,465.349,-1
cover,465.389,0,0,0,0
nearest,465.389,-1
cover,465.4279,0,0,0,0
nearest,465.4279,-1
cover,465.4737,0,0,0,0
nearest,465.4737,-1
cover,465.5154,0,0,0,0
nearest,465.5154,-1
cover,465.5542,0,0,0,0
nearest,465.5542,-1
cover,465.5957,0,0,0,0
nearest,465.5957,-1
cover,465.6461,0,0,0,0
nearest,465.6461,-1
cover,465.6906,0,0,0,0
nearest,465.6906,-1
cover,465.7308,0,0,0,0
nearest,465.7308,-1
cover,465.7771,0,0,0,0
nearest,465.7772,-1
cover,465.8247,0,0,0,0
nearest,465.8247,-1
cover,465.8754,0,0,0,0
nearest,465.8754,-1
cover,465.9405,0,0,0,0
nearest,465.9405,-1
cover,465.9879,0,0,0,0
nearest,465.9879,-1
cover,466.0299,0,0,0,0
nearest,466.03,-1
cover,466.0689,0,0,0,0
nearest,466.0689,-1
cover,466.1127,0,0,0,0
nearest,466.1128,-1
cover,466.1565,0,0,0,0
nearest,466.1565,-1
cover,466.1974,0,0,0,0
nearest,466.1974,-1
cover,466.2432,0,0,0,0
nearest,466.2432,-1
cover,466.2883,0,0,0,0
nearest,466.2883,-1
cover,466.337,0,0,0,0
nearest,466.3371,-1
cover,466.3823,0,0,0,0
nearest,466.3823,-1
cover,466.4249,0,0,0,0
nearest,466.425,-1
cover,466.4636,0,0,0,0
nearest,466.4636,-1
cover,466.5068,0,0,0,0
nearest,466.5068,-1
cover,466.544,0,0,0,0
nearest,466.5441,-1
cover,466.5846,0,0,0,0
nearest,466.5846,-1
cover,466.6293,0,0,0,0
nearest,466.6293,-1
cover,466.6687,0,0,0,0
nearest,466.6688,-1
cover,466.7114,0,0,0,0
nearest,466.7114,-1
cover,466.7551,0,0,0,0
nearest,466.7551,-1
cover,466.7941,0,0,0,0
nearest,466.7941,-1
cover,466.8353,0,0,0,0
nearest,466.8353,-1
cover,466.8859,0,0,0,0
nearest,466.886,-1
cover,466.9299,0,0,0,0
nearest,466.9299,-1
cover,466.9708,0,0,0,0
nearest,466.9709,-1
cover,467.0137,0,0,0,0
nearest,467.0137,-1
cover,467.0579,0,0,0,0
nearest,467.058,-1
cover,467.0964,0,0,0,0
nearest,467.0964,-1
cover,467.1381,0,0,0,0
nearest,467.1381,-1
cover,467.1763,0,0,0,0
nearest,467.1763,-1
cover,467.2216,0,0,0,0
nearest,467.2217,-1
cover,467.2681,0,0,0,0
nearest,467.2682,-1
cover,467.3185,0,0,0,0
nearest,467.3185,-1
cover,467.3678,0,0,0,0
nearest,467.3678,-1
cover,467.4129,0,0,0,0
nearest,467.4129,-1
cover,467.4556,0,0,0,0
nearest,467.4556,-1
cover,467.5007,0,0,0,0
nearest,467.5007,-1
cover,467.5522,0,0,0,0
nearest,467.5522,-1
cover,467.5982,0,0,0,0
nearest,467.5982,-1
cover,467.6429,0,0,0,0
nearest,467.6429,-1
cover,467.6885,0,0,0,0
nearest,467.6886,-1
cover,467.7274,0,0,0,0
nearest,467.7274,-1
cover,467.7755,0,0,0,0
nearest,467.7755,-1
cover,467.8297,0,0,0,0
nearest,467.8297,-1
cover,467.8778,0,0,0,0
nearest,467.8778,-1
cover,467.9294,0,0,0,0
nearest,467.9295,-1
cover,467.9693,0,0,0,0
nearest,467.9693,-1
cover,468.0136,0,0,0,0
nearest,468.0136,-1
cover,468.0599,0,0,0,0
nearest,468.06,-1
cover,468.1103,0,0,0,0
nearest,468.1103,-1
cover,468.1535,0,0,0,0
nearest,468.1535,-1
cover,468.1953,0,0,0,0
nearest,468.1953,-1
cover,468.2421,0,0,0,0
nearest,468.2421,-1
cover,468.289,0,0,0,0
nearest,468.289,-1
cover,468.3348,0,0,0,0
nearest,468.3348,-1
cover,468.387,0,0,0,0
nearest,468.387,-1
cover,468.4302,0,0,0,0
nearest,468.4302,-1
cover,468.4742,0,0,0,0
nearest,468.4742,-1
cover,468.5132,0,0,0,0
nearest,468.5132,-1
cover,468.5532,0,0,0,0
nearest,468.5532,-1
cover,468.5966,0,0,0,0
nearest,468.5966,-1
cover,468.6393,0,0,0,0
nearest,468.6393,-1
cover,468.6888,0,0,0,0
nearest,468.6889,-1
cover,468.7318,0,0,0,0
nearest,468.7318,-1
cover,468.7713,0,0,0,0
nearest,468.7713,-1
cover,468.8161,0,0,0,0
nearest,468.8161,-1
cover,468.8559,0,0,0,0
nearest,468.856,-1
cover,468.9007,0,0,0,0
nearest,468.9007,-1
cover,468.9532,0,0,0,0
nearest,468.9532,-1
cover,469.0001,0,0,0,0
nearest,469.0001,-1
cover,469.0465,0,0,0,0
nearest,469.0465,-1
cover,469.0883,0,0,0,0
nearest,469.0883,-1
cover,469.1297,0,0,0,0
nearest,469.1297,-1
cover,469.1699,0,0,0,0
nearest,469.1699,-1
cover,469.2138,0,0,0,0
nearest,469.2138,-1
cover,469.2532,0,0,0,0
nearest,469.2532,-1
cover,469.2924,0,0,0,0
nearest,469.2924,-1
cover,469.3349,0,0,0,0
nearest,469.3349,-1
cover,469.3801,0,0,0,0
nearest,469.3801,-1
cover,469.4204,0,0,0,0
nearest,469.4204,-1
cover,469.4656,0,0,0,0
nearest,469.4656,-1
cover,469.5069,0,0,0,0
nearest,469.507,-1
cover,469.5497,0,0,0,0
nearest,469.5497,-1
cover,469.5898,0,0,0,0
nearest,469.5898,-1
cover,469.6269,0,0,0,0
nearest,469.6269,-1
cover,469.6686,0,0,0,0
nearest,469.6686,-1
cover,469.7126,0,0,0,0
nearest,469.7126,-1
cover,469.7542,0,0,0,0
nearest,469.7542,-1
cover,469.795,0,0,0,0
nearest,469.795,-1
cover,469.8361,0,0,0,0
nearest,469.8361,-1
cover,469.8834,0,0,0,0
nearest,469.8834,-1
cover,469.9439,0,0,0,0
nearest,469.944,-1
cover,470.0115,0,0,0,0
nearest,470.0115,-1
cover,470.0526,0,0,0,0
nearest,470.0526,-1
cover,470.0965,0,0,0,0
nearest,470.0965,-1
cover,470.1375,0,0,0,0
nearest,470.1375,-1
cover,470.1756,0,0,0,0
nearest,470.1756,-1
cover,470.2194,0,0,0,0
nearest,470.2194,-1
cover,470.2613,0,0,0,0
nearest,470.2613,-1
cover,470.304,0,0,0,0
nearest,470.3041,-1
cover,470.3449,0,0,0,0
nearest,470.3449,-1
cover,470.4047,0,0,0,0
nearest,470.4047,-1
cover,470.4633,0,0,0,0
nearest,470.4634,-1
cover,470.512,1,0,1,0
nearest,470.512,-1
cover,470.5561,0,0,0,0
nearest,470.5561,-1
cover,470.6017,0,0,0,0
nearest,470.6017,-1
cover,470.6481,0,0,0,0
nearest,470.6481,-1
cover,470.6869,0,0,0,0
nearest,470.687,-1
cover,470.7315,0,0,0,0
nearest,470.7315,-1
cover,470.7704,0,0,0,0
nearest,470.7704,-1
cover,470.8187,0,0,0,0
nearest,470.8188,-1
cover,470.8665,0,0,0,0
nearest,470.8665,-1
cover,470.9048,0,0,0,0
nearest,470.9048,-1
cover,470.9426,0,0,0,0
nearest,470.9426,-1
cover,470.9922,0,0,0,0
nearest,470.9922,-1
cover,471.0382,0,0,0,0
nearest,471.0382,-1
cover,471.0831,0,0,0,0
nearest,471.0831,-1
cover,471.1256,0,0,0,0
nearest,471.1257,-1
cover,471.1735,0,0,0,0
nearest,471.1736,-1
cover,471.215,0,0,0,0
nearest,471.215,-1
cover,471.2568,0,0,0,0
nearest,471.2569,-1
cover,471.2996,0,0,0,0
nearest,471.2997,-1
cover,471.3389,0,0,0,0
nearest,471.3389,-1
cover,471.3816,0,0,0,0
nearest,471.3817,-1
cover,471.4278,0,0,0,0
nearest,471.4279,-1
cover,471.4853,0,0,0,0
nearest,471.4853,-1
cover,471.5333,0,0,0,0
nearest,471.5333,-1
cover,471.5711,0,0,0,0
nearest,471.5711,-1
cover,471.6112,0,0,0,0
nearest,471.6112,-1
cover,471.6525,0,0,0,0
nearest,471.6526,-1
cover,471.7022,0,0,0,0
nearest,471.7022,-1
cover,471.7502,0,0,0,0
nearest,471.7503,-1
cover,471.7999,0,0,0,0
nearest,471.7999,-1
cover,471.838,0,0,0,0
nearest,471.838,-1
cover,471.8841,0,0,0,0
nearest,471.8841,-1
cover,471.9324,0,0,0,0
nearest,471.9324,-1
cover,471.9723,0,0,0,0
nearest,471.9723,-1
cover,472.0103,0,0,0,0
nearest,472.0103,-1
cover,472.0558,0,0,0,0
nearest,472.0558,-1
cover,472.0972,0,0,0,0
nearest,472.0973,-1
cover,472.1441,0,0,0,0
nearest,472.1441,-1
cover,472.1911,0,0,0,0
nearest,472.1911,-1
cover,472.2309,0,0,0,0
nearest,472.231,-1
cover,472.2748,0,0,0,0
nearest,472.2749,-1
cover,472.3138,0,0,0,0
nearest,472.3138,-1
cover,472.3602,0,0,0,0
nearest,472.3602,-1
cover,472.406,0,0,0,0
nearest,472.406,-1
cover,472.445,0,0,0,0
nearest,472.445,-1
cover,472.4891,0,0,0,0
nearest,472.4891,-1
cover,472.5307,0,0,0,0
nearest,472.5307,-1
cover,472.5723,0,0,0,0
nearest,472.5723,-1
cover,472.6103,0,0,0,0
nearest,472.6103,-1
cover,472.6611,0,0,0,0
nearest,472.6611,-1
cover,472.7074,0,0,0,0
nearest,472.7075,-1
cover,472.7517,0,0,0,0
nearest,472.7517,-1
cover,472.7983,0,0,0,0
nearest,472.7983,-1
cover,472.839,0,0,0,0
nearest,472.839,-1
cover,472.8772,0,0,0,0
nearest,472.8773,-1
cover,472.9211,0,0,0,0
nearest,472.9211,-1
cover,472.9644,0,0,0,0
nearest,472.9644,-1
cover,473.0064,0,0,0,0
nearest,473.0064,-1
cover,473.0469,0,0,0,0
nearest,473.047,-1
cover,473.087,0,0,0,0
nearest,473.087,-1
cover,473.1309,0,0,0,0
nearest,473.1309,-1
cover,473.1718,0,0,0,0
nearest,473.1718,-1
cover,473.2104,0,0,0,0
nearest,473.2104,-1
cover,473.2606,0,0,0,0
nearest,473.2606,-1
cover,473.3034,0,0,0,0
nearest,473.3034,-1
cover,473.3455,0,0,0,0
nearest,473.3455,-1
cover,473.39,0,0,0,0
nearest,473.39,-1
cover,473.4303,0,0,0,0
nearest,473.4303,-1
cover,473.4689,0,0,0,0
nearest,473.469,-1
cover,473.5109,0,0,0,0
nearest,473.5109,-1
cover,473.559,0,0,0,0
nearest,473.559,-1
cover,473.6057,0,0,0,0
nearest,473.6057,-1
cover,473.6453,0,0,0,0
nearest,473.6453,-1
cover,473.692,0,0,0,0
nearest,473.692,-1
cover,473.7355,0,0,0,0
nearest,473.7355,-1
cover,473.7767,0,0,0,0
nearest,473.7767,-1
cover,473.8266,0,0,0,0
nearest,473.8267,-1
cover,473.8745,0,0,0,0
nearest,473.8745,-1
cover,473.9127,0,0,0,0
nearest,473.9128,-1
cover,473.9586,0,0,0,0
nearest,473.9586,-1
cover,474.0089,0,0,0,0
nearest,474.0089,-1
cover,474.0598,0,0,0,0
nearest,474.0598,-1
cover,474.1075,0,0,0,0
nearest,474.1076,-1
cover,474.1451,0,0,0,0
nearest,474.1451,-1
cover,474.1958,0,0,0,0
nearest,474.1958,-1
cover,474.2392,0,0,0,0
nearest,474.2392,-1
cover,474.2755,0,0,0,0
nearest,474.2756,-1
cover,474.3221,0,0,0,0
nearest,474.3222,-1
cover,474.3647,0,0,0,0
nearest,474.3647,-1
cover,474.4038,0,0,0,0
nearest,474.4039,-1
cover,474.4453,0,0,0,0
nearest,474.4454,-1
cover,474.4918,0,0,0,0
nearest,474.4918,-1
cover,474.5377,0,0,0,0
nearest,474.5377,-1
cover,474.5787,0,0,0,0
nearest,474.5787,-1
cover,474.6241,0,0,0,0
nearest,474.6241,-1
cover,474.6622,0,0,0,0
nearest,474.6622,-1
cover,474.7101,0,0,0,0
nearest,474.7101,-1
cover,474.7557,0,0,0,0
nearest,474.7557,-1
cover,474.7972,0,0,0,0
nearest,474.7972,-1
cover,474.8368,0,0,0,0
nearest,474.8368,-1
cover,474.8858,0,0,0,0
nearest,474.8858,-1
cover,474.9354,0,0,0,0
nearest,474.9354,-1
cover,474.9755,0,0,0,0
nearest,474.9755,-1
cover,475.0287,0,0,0,0
nearest,475.0287,-1
cover,475.0693,0,0,0,0
nearest,475.0693,-1
cover,475.1083,0,0,0,0
nearest,475.1083,-1
cover,475.1538,0,0,0,0
nearest,475.1539,-1
cover,475.1966,0,0,0,0
nearest,475.1966,-1
cover,475.2363,0,0,0,0
nearest,475.2363,-1
cover,475.2766,0,0,0,0
nearest,475.2766,-1
cover,475.3256,0,0,0,0
nearest,475.3257,-1
cover,475.3723,0,0,0,0
nearest,475.3723,-1
cover,475.4112,0,0,0,0
nearest,475.4113,-1
cover,475.4602,0,0,0,0
nearest,475.4602,-1
cover,475.5055,0,0,0,0
nearest,475.5056,-1
cover,475.5442,0,0,0,0
nearest,475.5442,-1
cover,475.593,0,0,0,0
nearest,475.593,-1
cover,475.6426,0,0,0,0
nearest,475.6426,-1
cover,475.691,0,0,0,0
nearest,475.6911,-1
cover,475.7315,0,0,0,0
nearest,475.7315,-1
cover,475.771,0,0,0,0
nearest,475.771,-1
cover,475.8099,0,0,0,0
nearest,475.8099,-1
cover,475.8554,0,0,0,0
nearest,475.8554,-1
cover,475.9004,0,0,0,0
nearest,475.9004,-1
cover,475.9454,0,0,0,0
nearest,475.9454,-1
cover,475.9848,0,0,0,0
nearest,475.9849,-1
cover,476.0256,0,0,0,0
nearest,476.0256,-1
cover,476.0727,0,0,0,0
nearest,476.0727,-1
cover,476.112,0,0,0,0
nearest,476.112,-1
cover,476.1603,0,0,0,0
nearest,476.1604,-1
cover,476.2057,0,0,0,0
nearest,476.2057,-1
cover,476.2477,0,0,0,0
nearest,476.2478,-1
cover,476.2864,0,0,0,0
nearest,476.2864,-1
cover,476.3312,0,0,0,0
nearest,476.3312,-1
cover,476.372,0,0,0,0
nearest,476.372,-1
cover,476.416,0,0,0,0
nearest,476.416,-1
cover,476.4571,0,0,0,0
nearest,476.4571,-1
cover,476.4986,0,0,0,0
nearest,476.4986,-1
cover,476.5565,0,0,0,0
nearest,476.5565,-1
cover,476.6,0,0,0,0
nearest,476.6,-1
cover,476.6457,0,0,0,0
nearest,476.6458,-1
cover,476.6935,0,0,0,0
nearest,476.6935,-1
cover,476.7357,0,0,0,0
nearest,476.7358,-1
cover,476.7767,0,0,0,0
nearest,476.7767,-1
cover,476.8252,0,0,0,0
nearest,476.8252,-1
cover,476.8731,0,0,0,0
nearest,476.8731,-1
cover,476.9142,0,0,0,0
nearest,476.9142,-1
cover,476.9526,0,0,0,0
nearest,476.9527,-1
cover,476.999,0,0,0,0
nearest,476.999,-1
cover,477.0437,0,0,0,0
nearest,477.0437,-1
cover,477.0893,0,0,0,0
nearest,477.0893,-1
cover,477.126,0,0,0,0
nearest,477.126,-1
cover,477.1703,0,0,0,0
nearest,477.1703,-1
cover,477.2077,0,0,0,0
nearest,477.2077,-1
cover,477.2425,0,0,0,0
nearest,477.2425,-1
cover,477.2869,0,0,0,0
nearest,477.2869,-1
cover,477.3281,0,0,0,0
nearest,477.3282,-1
cover,477.3677,0,0,0,0
nearest,477.3677,-1
cover,477.4114,0,0,0,0
nearest,477.4115,-1
cover,477.457,0,0,0,0
nearest,477.4571,-1
cover,477.4974,0,0,0,0
nearest,477.4974,-1
cover,477.5395,0,0,0,0
nearest,477.5396,-1
cover,477.5766,0,0,0,0
nearest,477.5766,-1
cover,477.6245,0,0,0,0
nearest,477.6246,-1
cover,477.6658,0,0,0,0
nearest,477.6659,-1
cover,477.7048,0,0,0,0
nearest,477.7048,-1
cover,477.7478,0,0,0,0
nearest,477.7478,-1
cover,477.7912,0,0,0,0
nearest,477.7912,-1
cover,477.8312,0,0,0,0
nearest,477.8312,-1
cover,477.8745,0,0,0,0
nearest,477.8745,-1
cover,477.9109,0,0,0,0
nearest,477.9109,-1
cover,477.9614,0,0,0,0
nearest,477.9614,-1
cover,478.0046,0,0,0,0
nearest,478.0047,-1
cover,478.0462,0,0,0,0
nearest,478.0462,-1
cover,478.0891,0,0,0,0
nearest,478.0892,-1
cover,478.1347,0,0,0,0
nearest,478.1348,-1
cover,478.1774,0,0,0,0
nearest,478.1774,-1
cover,478.2285,0,0,0,0
nearest,478.2285,-1
cover,478.2749,0,0,0,0
nearest,478.2749,-1
cover,478.3133,0,0,0,0
nearest,478.3133,-1
cover,478.3592,0,0,0,0
nearest,478.3592,-1
cover,478.3991,0,0,0,0
nearest,478.3991,-1
cover,478.4407,0,0,0,0
nearest,478.4407,-1
cover,478.4822,0,0,0,0
nearest,478.4822,-1
cover,478.5222,0,0,0,0
nearest,478.5222,-1
cover,478.5695,0,0,0,0
nearest,478.5695,-1
cover,478.6124,0,0,0,0
nearest,478.6124,-1
cover,478.6611,0,0,0,0
nearest,478.6611,-1
cover,478.7053,0,0,0,0
nearest,478.7053,-1
cover,478.7465,0,0,0,0
nearest,478.7465,-1
cover,478.7881,0,0,0,0
nearest,478.7881,-1
cover,478.8326,0,0,0,0
nearest,478.8327,-1
cover,478.8729,0,0,0,0
nearest,478.873,-1
cover,478.9149,0,0,0,0
nearest,478.9149,-1
cover,478.9616,0,0,0,0
nearest,478.9616,-1
cover,479.0102,0,0,0,0
nearest,479.0103,-1
cover,479.0598,0,0,0,0
nearest,479.0598,-1
cover,479.1063,0,0,0,0
nearest,479.1063,-1
cover,479.1473,0,0,0,0
nearest,479.1474,-1
cover,479.1873,0,0,0,0
nearest,479.1873,-1
cover,479.2368,0,0,0,0
nearest,479.2369,-1
cover,479.2936,0,0,0,0
nearest,479.2936,-1
cover,479.3409,0,0,0,0
nearest,479.3409,-1
cover,479.3774,0,0,0,0
nearest,479.3774,-1
cover,479.4214,0,0,0,0
nearest,479.4214,-1
cover,479.4622,0,0,0,0
nearest,479.4622,-1
cover,479.503,0,0,0,0
nearest,479.503,-1
cover,479.5435,0,0,0,0
nearest,479.5436,-1
cover,479.5884,0,0,0,0
nearest,479.5884,-1
cover,479.6315,0,0,0,0
nearest,479.6315,-1
cover,479.6714,0,0,0,0
nearest,479.6714,-1
cover,479.7091,0,0,0,0
nearest,479.7091,-1
cover,479.7581,0,0,0,0
nearest,479.7581,-1
cover,479.7979,0,0,0,0
nearest,479.7979,-1
cover,479.8474,0,0,0,0
nearest,479.8475,-1
cover,479.8895,0,0,0,0
nearest,479.8895,-1
cover,479.9307,0,0,0,0
nearest,479.9308,-1
cover,479.9774,0,0,0,0
nearest,479.9774,-1
cover,480.0282,0,0,0,0
nearest,480.0282,-1
cover,480.0709,0,0,0,0
nearest,480.0709,-1
cover,480.1152,0,0,0,0
nearest,480.1152,-1
cover,480.1561,0,0,0,0
nearest,480.1561,-1
cover,480.2017,0,0,0,0
nearest,480.2018,-1
cover,480.2497,0,0,0,0
nearest,480.2498,-1
cover,480.2816,0,0,0,0
nearest,480.2816,-1
cover,480.3231,0,0,0,0
nearest,480.3231,-1
cover,480.3643,0,0,0,0
nearest,480.3643,-1
cover,480.4121,0,0,0,0
nearest,480.4121,-1
cover,480.4635,0,0,0,0
nearest,480.4635,-1
cover,480.5065,0,0,0,0
nearest,480.5065,-1
cover,480.5498,0,0,0,0
nearest,480.5498,-1
cover,480.5965,0,0,0,0
nearest,480.5965,-1
cover,480.6348,0,0,0,0
nearest,480.6349,-1
cover,480.6785,0,0,0,0
nearest,480.6785,-1
cover,480.7223,0,0,0,0
nearest,480.7223,-1
cover,480.7657,0,0,0,0
nearest,480.7658,-1
cover,480.8077,0,0,0,0
nearest,480.8078,-1
cover,480.8437,0,0,0,0
nearest,480.8437,-1
cover,480.8891,0,0,0,0
nearest,480.8891,-1
cover,480.9294,0,0,0,0
nearest,480.9294,-1
cover,480.9715,0,0,0,0
nearest,480.9715,-1
cover,481.011,0,0,0,0
nearest,481.011,-1
cover,481.061,0,0,0,0
nearest,481.061,-1
cover,481.1078,0,0,0,0
nearest,481.1079,-1
cover,481.1463,0,0,0,0
nearest,481.1463,-1
cover,481.188,0,0,0,0
nearest,481.188,-1
cover,481.2312,0,0,0,0
nearest,481.2312,-1
cover,481.2734,0,0,0,0
nearest,481.2734,-1
cover,481.3166,0,0,0,0
nearest,481.3166,-1
cover,481.3644,0,0,0,0
nearest,481.3644,-1
cover,481.4092,0,0,0,0
nearest,481.4092,-1
cover,481.4554,0,0,0,0
nearest,481.4554,-1
cover,481.4994,0,0,0,0
nearest,481.4994,-1
cover,481.5375,0,0,0,0
nearest,481.5375,-1
cover,481.5773,0,0,0,0
nearest,481.5773,-1
cover,481.6228,0,0,0,0
nearest,481.6229,-1
cover,481.6641,0,0,0,0
nearest,481.6641,-1
cover,481.7078,0,0,0,0
nearest,481.7078,-1
cover,481.745,0,0,0,0
nearest,481.745,-1
cover,481.7879,0,0,0,0
nearest,481.7879,-1
cover,481.8301,0,0,0,0
nearest,481.8301,-1
cover,481.8708,0,0,0,0
nearest,481.8708,-1
cover,481.913,0,0,0,0
nearest,481.9131,-1
cover,481.9564,0,0,0,0
nearest,481.9564,-1
cover,481.9959,0,0,0,0
nearest,481.9959,-1
cover,482.037,0,0,0,0
nearest,482.037,-1
cover,482.0789,0,0,0,0
nearest,482.079,-1
cover,482.1261,0,0,0,0
nearest,482.1261,-1
cover,482.1721,0,0,0,0
nearest,482.1722,-1
cover,482.2121,0,0,0,0
nearest,482.2121,-1
cover,482.2617,0,0,0,0
nearest,482.2617,-1
cover,482.3098,0,0,0,0
nearest,482.3098,-1
cover,482.3651,0,0,0,0
nearest,482.3652,-1
cover,482.4085,0,0,0,0
nearest,482.4085,-1
cover,482.4533,0,0,0,0
nearest,482.4533,-1
cover,482.499,0,0,0,0
nearest,482.4991,-1
cover,482.5395,0,0,0,0
nearest,482.5395,-1
cover,482.5799,0,0,0,0
nearest,482.58,-1
cover,482.6234,0,0,0,0
nearest,482.6234,-1
cover,482.6668,0,0,0,0
nearest,482.6668,-1
cover,482.7133,0,0,0,0
nearest,482.7133,-1
cover,482.7524,0,0,0,0
nearest,482.7524,-1
cover,482.8002,0,0,0,0
nearest,482.8002,-1
cover,482.8537,0,0,0,0
nearest,482.8537,-1
cover,482.9026,0,0,0,0
nearest,482.9026,-1
cover,482.9481,0,0,0,0
nearest,482.9481,-1
cover,482.9925,0,0,0,0
nearest,482.9926,-1
cover,483.0434,0,0,0,0
nearest,483.0434,-1
cover,483.0899,0,0,0,0
nearest,483.0899,-1
cover,483.1331,0,0,0,0
nearest,483.1331,-1
cover,483.1791,0,0,0,0
nearest,483.1791,-1
cover,483.2261,0,0,0,0
nearest,483.2261,-1
cover,483.2729,0,0,0,0
nearest,483.273,-1
cover,483.3202,0,0,0,0
nearest,483.3202,-1
cover,483.3657,0,0,0,0
nearest,483.3657,-1
cover,483.4056,0,0,0,0
nearest,483.4056,-1
cover,483.4453,0,0,0,0
nearest,483.4453,-1
cover,483.4894,0,0,0,0
nearest,483.4894,-1
cover,483.5243,0,0,0,0
nearest,483.5244,-1
cover,483.5683,0,0,0,0
nearest,483.5683,-1
cover,483.6094,0,0,0,0
nearest,483.6094,-1
cover,483.6571,0,0,0,0
nearest,483.6571,-1
cover,483.693,0,0,0,0
nearest,483.693,-1
cover,483.74,0,0,0,0
nearest,483.74,-1
cover,483.7778,0,0,0,0
nearest,483.7778,-1
cover,483.8164,0,0,0,0
nearest,483.8164,-1
cover,483.8654,0,0,0,0
nearest,483.8654,-1
cover,483.9012,0,0,0,0
nearest,483.9012,-1
cover,483.9418,0,0,0,0
nearest,483.9418,-1
cover,483.9849,0,0,0,0
nearest,483.9849,-1
cover,484.0311,0,0,0,0
nearest,484.0312,-1
cover,484.0719,0,0,0,0
nearest,484.0719,-1
cover,484.1102,0,0,0,0
nearest,484.1102,-1
cover,484.1516,0,0,0,0
nearest,484.1516,-1
cover,484.1936,0,0,0,0
nearest,484.1936,-1
cover,484.2432,0,0,0,0
nearest,484.2432,-1
cover,484.2874,0,0,0,0
nearest,484.2875,-1
cover,484.3307,0,0,0,0
nearest,484.3308,-1
cover,484.3783,0,0,0,0
nearest,484.3784,-1
cover,484.4202,0,0,0,0
nearest,484.4202,-1
cover,484.4629,0,0,0,0
nearest,484.4629,-1
cover,484.5084,0,0,0,0
nearest,484.5084,-1
cover,484.5566,0,0,0,0
nearest,484.5566,-1
cover,484.606,0,0,0,0
nearest,484.606,-1
cover,484.6486,0,0,0,0
nearest,484.6486,-1
cover,484.6847,0,0,0,0
nearest,484.6847,-1
cover,484.7328,0,0,0,0
nearest,484.7328,-1
cover,484.7819,0,0,0,0
nearest,484.782,-1
cover,484.8201,0,0,0,0
nearest,484.8201,-1
cover,484.8695,0,0,0,0
nearest,484.8695,-1
cover,484.9115,0,0,0,0
nearest,484.9115,-1
cover,484.957,0,0,0,0
nearest,484.957,-1
cover,484.9981,0,0,0,0
nearest,484.9981,-1
cover,485.0398,0,0,0,0
nearest,485.0399,-1
cover,485.0803,0,0,0,0
nearest,485.0803,-1
cover,485.1287,0,0,0,0
nearest,485.1288,-1
cover,485.1744,0,0,0,0
nearest,485.1745,-1
cover,485.211,0,0,0,0
nearest,485.211,-1
cover,485.2664,0,0,0,0
nearest,485.2664,-1
cover,485.3181,0,0,0,0
nearest,485.3181,-1
cover,485.3695,0,0,0,0
nearest,485.3695,-1
cover,485.427,0,0,0,0
nearest,485.427,-1
cover,485.4715,0,0,0,0
nearest,485.4715,-1
cover,485.5136,0,0,0,0
nearest,485.5136,-1
cover,485.5564,0,0,0,0
nearest,485.5564,-1
cover,485.5993,0,0,0,0
nearest,485.5993,-1
cover,485.6379,0,0,0,0
nearest,485.6379,-1
cover,485.6794,0,0,0,0
nearest,485.6794,-1
cover,485.7223,0,0,0,0
nearest,485.7223,-1
cover,485.7646,0,0,0,0
nearest,485.7646,-1
cover,485.8086,0,0,0,0
nearest,485.8086,-1
cover,485.8694,0,0,0,0
nearest,485.8695,-1
cover,485.9182,0,0,0,0
nearest,485.9182,-1
cover,485.9705,0,0,0,0
nearest,485.9705,-1
cover,486.0126,0,0,0,0
nearest,486.0126,-1
cover,486.0525,0,0,0,0
nearest,486.0525,-1
cover,486.1003,0,0,0,0
nearest,486.1003,-1
cover,486.1507,0,0,0,0
nearest,486.1508,-1
cover,486.202,0,0,0,0
nearest,486.2021,-1
cover,486.2442,0,0,0,0
nearest,486.2442,-1
cover,486.2886,0,0,0,0
nearest,486.2886,-1
cover,486.3295,0,0,0,0
nearest,486.3296,-1
cover,486.3746,0,0,0,0
nearest,486.3746,-1
cover,486.4158,0,0,0,0
nearest,486.4159,-1
cover,486.4565,0,0,0,0
nearest,486.4565,-1
cover,486.5001,0,0,0,0
nearest,486.5001,-1
cover,486.545,0,0,0,0
nearest,486.545,-1
cover,486.5921,0,0,0,0
nearest,486.5921,-1
cover,486.6355,0,0,0,0
nearest,486.6356,-1
cover,486.6771,0,0,0,0
nearest,486.6771,-1
cover,486.7209,0,0,0,0
nearest,486.7209,-1
cover,486.7698,0,0,0,0
nearest,486.7698,-1
cover,486.81,0,0,0,0
nearest,486.81,-1
cover,486.8527,0,0,0,0
nearest,486.8527,-1
cover,486.8995,0,0,0,0
nearest,486.8995,-1
cover,486.9382,0,0,0,0
nearest,486.9382,-1
cover,486.9786,0,0,0,0
nearest,486.9786,-1
cover,487.0222,0,0,0,0
nearest,487.0222,-1
cover,487.0699,0,0,0,0
nearest,487.0699,-1
cover,487.1119,0,0,0,0
nearest,487.1119,-1
cover,487.1566,0,0,0,0
nearest,487.1566,-1
cover,487.1994,0,0,0,0
nearest,487.1994,-1
cover,487.2425,0,0,0,0
nearest,487.2425,-1
cover,487.289,0,0,0,0
nearest,487.2891,-1
cover,487.3323,0,0,0,0
nearest,487.3323,-1
cover,487.37,0,0,0,0
nearest,487.37,-1
cover,487.4115,0,0,0,0
nearest,487.4115,-1
cover,487.4523,0,0,0,0
nearest,487.4523,-1
cover,487.5009,0,0,0,0
nearest,487.5009,-1
cover,487.5449,0,0,0,0
nearest,487.5449,-1
cover,487.5862,0,0,0,0
nearest,487.5862,-1
cover,487.6333,0,0,0,0
nearest,487.6333,-1
cover,487.6841,0,0,0,0
nearest,487.6842,-1
cover,487.7341,0,0,0,0
nearest,487.7341,-1
cover,487.7799,0,0,0,0
nearest,487.7799,-1
cover,487.8201,0,0,0,0
nearest,487.8201,-1
cover,487.8663,0,0,0,0
nearest,487.8663,-1
cover,487.9074,0,0,0,0
nearest,487.9075,-1
cover,487.9444,0,0,0,0
nearest,487.9444,-1
cover,487.9915,0,0,0,0
nearest,487.9915,-1
cover,488.0394,0,0,0,0
nearest,488.0394,-1
cover,488.0825,0,0,0,0
nearest,488.0825,-1
cover,488.1219,0,0,0,0
nearest,488.1219,-1
cover,488.1647,0,0,0,0
nearest,488.1647,-1
cover,488.2089,0,0,0,0
nearest,488.2089,-1
cover,488.2563,0,0,0,0
nearest,488.2564,-1
cover,488.3004,0,0,0,0
nearest,488.3004,-1
cover,488.3483,0,0,0,0
nearest,488.3483,-1
cover,488.3862,0,0,0,0
nearest,488.3862,-1
cover,488.4337,0,0,0,0
nearest,488.4338,-1
cover,488.4753,0,0,0,0
nearest,488.4753,-1
cover,488.5199,0,0,0,0
nearest,488.5199,-1
cover,488.5715,0,0,0,0
nearest,488.5715,-1
cover,488.6185,0,0,0,0
nearest,488.6185,-1
cover,488.6649,0,0,0,0
nearest,488.665,-1
cover,488.7051,0,0,0,0
nearest,488.7051,-1
cover,488.7452,0,0,0,0
nearest,488.7452,-1
cover,488.7936,0,0,0,0
nearest,488.7937,-1
cover,488.8395,0,0,0,0
nearest,488.8396,-1
cover,488.8805,0,0,0,0
nearest,488.8805,-1
cover,488.9186,0,0,0,0
nearest,488.9186,-1
cover,488.9672,0,0,0,0
nearest,488.9672,-1
cover,489.013,0,0,0,0
nearest,489.0131,-1
cover,489.0535,0,0,0,0
nearest,489.0535,-1
cover,489.1027,0,0,0,0
nearest,489.1028,-1
cover,489.1457,0,0,0,0
nearest,489.1457,-1
cover,489.1902,0,0,0,0
nearest,489.1902,-1
cover,489.237,0,0,0,0
nearest,489.237,-1
cover,489.2847,0,0,0,0
nearest,489.2847,-1
cover,489.3383,0,0,0,0
nearest,489.3383,-1
cover,489.3788,0,0,0,0
nearest,489.3788,-1
cover,489.4218,0,0,0,0
nearest,489.4218,-1
cover,489.4696,0,0,0,0
nearest,489.4696,-1
cover,489.5129,0,0,0,0
nearest,489.5129,-1
cover,489.5514,0,0,0,0
nearest,489.5514,-1
cover,489.6005,0,0,0,0
nearest,489.6005,-1
cover,489.6437,0,0,0,0
nearest,489.6438,-1
cover,489.6864,0,0,0,0
nearest,489.6864,-1
cover,489.7298,0,0,0,0
nearest,489.7298,-1
cover,489.7656,0,0,0,0
nearest,489.7657,-1
cover,489.807,0,0,0,0
nearest,489.807,-1
cover,489.8583,0,0,0,0
nearest,489.8583,-1
cover,489.9096,0,0,0,0
nearest,489.9096,-1
cover,489.9612,0,0,0,0
nearest,489.9612,-1
cover,490.0064,0,0,0,0
nearest,490.0064,-1
cover,490.0554,0,0,0,0
nearest,490.0555,-1
cover,490.1118,0,0,0,0
nearest,490.1118,-1
cover,490.1625,0,0,0,0
nearest,490.1625,-1
cover,490.203,0,0,0,0
nearest,490.203,-1
cover,490.2434,0,0,0,0
nearest,490.2435,-1
cover,490.2872,0,0,0,0
nearest,490.2872,-1
cover,490.3282,0,0,0,0
nearest,490.3283,-1
cover,490.3686,0,0,0,0
nearest,490.3686,-1
cover,490.4149,0,0,0,0
nearest,490.415,-1
cover,490.46,0,0,0,0
nearest,490.46,-1
cover,490.5029,0,0,0,0
nearest,490.5029,-1
cover,490.5464,0,0,0,0
nearest,490.5465,-1
cover,490.5895,0,0,0,0
nearest,490.5895,-1
cover,490.6324,0,0,0,0
nearest,490.6324,-1
cover,490.6745,0,0,0,0
nearest,490.6746,-1
cover,490.7238,0,0,0,0
nearest,490.7239,-1
cover,490.7784,0,0,0,0
nearest,490.7784,-1
cover,490.823,0,0,0,0
nearest,490.823,-1
cover,490.8614,0,0,0,0
nearest,490.8614,-1
cover,490.9061,0,0,0,0
nearest,490.9062,-1
cover,490.9441,0,0,0,0
nearest,490.9441,-1
cover,490.9866,0,0,0,0
nearest,490.9866,-1
cover,491.0454,0,0,0,0
nearest,491.0454,-1
cover,491.0896,0,0,0,0
nearest,491.0896,-1
cover,491.1328,0,0,0,0
nearest,491.1328,-1
cover,491.1701,0,0,0,0
nearest,491.1701,-1
cover,491.2088,0,0,0,0
nearest,491.2089,-1
cover,491.2519,0,0,0,0
nearest,491.2519,-1
cover,491.2994,0,0,0,0
nearest,491.2994,-1
cover,491.3422,0,0,0,0
nearest,491.3422,-1
cover,491.3945,0,0,0,0
nearest,491.3945,-1
cover,491.4359,0,0,0,0
nearest,491.436,-1
cover,491.4832,0,0,0,0
nearest,491.4832,-1
cover,491.528,0,0,0,0
nearest,491.528,-1
cover,491.5703,0,0,0,0
nearest,491.5703,-1
cover,491.6134,0,0,0,0
nearest,491.6134,-1
cover,491.6568,0,0,0,0
nearest,491.6569,-1
cover,491.6966,0,0,0,0
nearest,491.6966,-1
cover,491.7353,0,0,0,0
nearest,491.7353,-1
cover,491.7798,0,0,0,0
nearest,491.7798,-1
cover,491.8199,0,0,0,0
nearest,491.8199,-1
cover,491.8649,0,0,0,0
nearest,491.8649,-1
cover,491.9028,0,0,0,0
nearest,491.9028,-1
cover,491.9477,0,0,0,0
nearest,491.9477,-1
cover,491.9882,0,0,0,0
nearest,491.9882,-1
cover,492.0295,0,0,0,0
nearest,492.0295,-1
cover,492.0723,0,0,0,0
nearest,492.0723,-1
cover,492.1136,0,0,0,0
nearest,492.1136,-1
cover,492.1594,0,0,0,0
nearest,492.1594,-1
cover,492.2061,0,0,0,0
nearest,492.2061,-1
cover,492.2516,0,0,0,0
nearest,492.2517,-1
cover,492.2948,0,0,0,0
nearest,492.2948,-1
cover,492.3329,0,0,0,0
nearest,492.333,-1
cover,492.3745,0,0,0,0
nearest,492.3745,-1
cover,492.4156,0,0,0,0
nearest,492.4156,-1
cover,492.4545,0,0,0,0
nearest,492.4545,-1
cover,492.4978,0,0,0,0
nearest,492.4978,-1
cover,492.5364,0,0,0,0
nearest,492.5365,-1
cover,492.582,0,0,0,0
nearest,492.582,-1
cover,492.6217,0,0,0,0
nearest,492.6218,-1
cover,492.6631,0,0,0,0
nearest,492.6632,-1
cover,492.7022,0,0,0,0
nearest,492.7022,-1
cover,492.752,0,0,0,0
nearest,492.752,-1
cover,492.7942,0,0,0,0
nearest,492.7942,-1
cover,492.8382,0,0,0,0
nearest,492.8382,-1
cover,492.8875,0,0,0,0
nearest,492.8875,-1
cover,492.9329,0,0,0,0
nearest,492.9329,-1
cover,492.9796,0,0,0,0
nearest,492.9796,-1
cover,493.0251,0,0,0,0
nearest,493.0252,-1
cover,493.0732,0,0,0,0
nearest,493.0732,-1
cover,493.1158,0,0,0,0
nearest,493.1158,-1
cover,493.1578,0,0,0,0
nearest,493.1578,-1
cover,493.2042,0,0,0,0
nearest,493.2042,-1
cover,493.2441,0,0,0,0
nearest,493.2442,-1
cover,493.2904,0,0,0,0
nearest,493.2904,-1
cover,493.3261,0,0,0,0
nearest,493.3261,-1
cover,493.3664,0,0,0,0
nearest,493.3665,-1
cover,493.4103,0,0,0,0
nearest,493.4103,-1
cover,493.4545,0,0,0,0
nearest,493.4545,-1
cover,493.5002,0,0,0,0
nearest,493.5002,-1
cover,493.5465,0,0,0,0
nearest,493.5466,-1
cover,493.587,0,0,0,0
nearest,493.587,-1
cover,493.6283,0,0,0,0
nearest,493.6283,-1
cover,493.6674,0,0,0,0
nearest,493.6674,-1
cover,493.7106,0,0,0,0
nearest,493.7106,-1
cover,493.7527,0,0,0,0
nearest,493.7527,-1
cover,493.7991,0,0,0,0
nearest,493.7991,-1
cover,493.8354,0,0,0,0
nearest,493.8355,-1
cover,493.8807,0,0,0,0
nearest,493.8807,-1
cover,493.9212,0,0,0,0
nearest,493.9212,-1
cover,493.9588,0,0,0,0
nearest,493.9589,-1
cover,493.9982,0,0,0,0
nearest,493.9982,-1
cover,494.0339,0,0,0,0
nearest,494.0339,-1
cover,494.0811,0,0,0,0
nearest,494.0812,-1
cover,494.1174,0,0,0,0
nearest,494.1174,-1
cover,494.1596,0,0,0,0
nearest,494.1596,-1
cover,494.2008,0,0,0,0
nearest,494.2008,-1
cover,494.2432,0,0,0,0
nearest,494.2432,-1
cover,494.2843,0,0,0,0
nearest,494.2843,-1
cover,494.3257,0,0,0,0
nearest,494.3258,-1
cover,494.3712,0,0,0,0
nearest,494.3712,-1
cover,494.4144,0,0,0,0
nearest,494.4144,-1
cover,494.4497,0,0,0,0
nearest,494.4497,-1
cover,494.4912,0,0,0,0
nearest,494.4912,-1
cover,494.5349,0,0,0,0
nearest,494.5349,-1
cover,494.5788,0,0,0,0
nearest,494.5788,-1
cover,494.6192,0,0,0,0
nearest,494.6193,-1
cover,494.6701,0,0,0,0
nearest,494.6701,-1
cover,494.7092,0,0,0,0
nearest,494.7092,-1
cover,494.7513,0,0,0,0
nearest,494.7513,-1
cover,494.7923,0,0,0,0
nearest,494.7923,-1
cover,494.8341,0,0,0,0
nearest,494.8341,-1
cover,494.8803,0,0,0,0
nearest,494.8804,-1
cover,494.9183,0,0,0,0
nearest,494.9184,-1
cover,494.9719,0,0,0,0
nearest,494.9719,-1
cover,495.0112,0,0,0,0
nearest,495.0112,-1
cover,495.0537,0,0,0,0
nearest,495.0538,-1
cover,495.0963,0,0,0,0
nearest,495.0964,-1
cover,495.1381,0,0,0,0
nearest,495.1381,-1
cover,495.1779,0,0,0,0
nearest,495.1779,-1
cover,495.2211,0,0,0,0
nearest,495.2212,-1
cover,495.2621,0,0,0,0
nearest,495.2622,-1
cover,495.3052,0,0,0,0
nearest,495.3052,-1
cover,495.3444,0,0,0,0
nearest,495.3444,-1
cover,495.3887,0,0,0,0
nearest,495.3887,-1
cover,495.4297,0,0,0,0
nearest,495.4298,-1
cover,495.4672,0,0,0,0
nearest,495.4672,-1
cover,495.512,0,0,0,0
nearest,495.512,-1
cover,495.5579,0,0,0,0
nearest,495.558,-1
cover,495.6058,0,0,0,0
nearest,495.6059,-1
cover,495.6464,0,0,0,0
nearest,495.6465,-1
cover,495.6955,0,0,0,0
nearest,495.6955,-1
cover,495.7371,0,0,0,0
nearest,495.7371,-1
cover,495.7878,0,0,0,0
nearest,495.7878,-1
cover,495.8324,0,0,0,0
nearest,495.8325,-1
cover,495.8735,0,0,0,0
nearest,495.8736,-1
cover,495.9141,0,0,0,0
nearest,495.9141,-1
cover,495.9546,0,0,0,0
nearest,495.9546,-1
cover,495.9995,0,0,0,0
nearest,495.9995,-1
cover,496.0485,0,0,0,0
nearest,496.0486,-1
cover,496.0853,0,0,0,0
nearest,496.0853,-1
cover,496.1309,0,0,0,0
nearest,496.1309,-1
cover,496.1699,0,0,0,0
nearest,496.1699,-1
cover,496.2183,0,0,0,0
nearest,496.2184,-1
cover,496.2718,0,0,0,0
nearest,496.2718,-1
cover,496.3118,0,0,0,0
nearest,496.3119,-1
cover,496.3565,0,0,0,0
nearest,496.3565,-1
cover,496.3988,0,0,0,0
nearest,496.3988,-1
cover,496.4354,0,0,0,0
nearest,496.4354,-1
cover,496.4796,0,0,0,0
nearest,496.4796,-1
cover,496.5244,0,0,0,0
nearest,496.5244,-1
cover,496.5677,0,0,0,0
nearest,496.5677,-1
cover,496.6106,0,0,0,0
nearest,496.6106,-1
cover,496.6523,0,0,0,0
nearest,496.6523,-1
cover,496.7056,0,0,0,0
nearest,496.7056,-1
cover,496.7454,0,0,0,0
nearest,496.7454,-1
cover,496.7885,0,0,0,0
nearest,496.7885,-1
cover,496.833,0,0,0,0
nearest,496.833,-1
cover,496.8779,0,0,0,0
nearest,496.8779,-1
cover,496.9216,0,0,0,0
nearest,496.9216,-1
cover,496.9647,0,0,0,0
nearest,496.9647,-1
cover,497.0035,0,0,0,0
nearest,497.0035,-1
cover,497.0451,0,0,0,0
nearest,497.0451,-1
cover,497.0895,0,0,0,0
nearest,497.0895,-1
cover,497.1337,0,0,0,0
nearest,497.1337,-1
cover,497.1793,0,0,0,0
nearest,497.1793,-1
cover,497.2193,0,0,0,0
nearest,497.2193,-1
cover,497.2697,0,0,0,0
nearest,497.2698,-1
cover,497.321,0,0,0,0
nearest,497.321,-1
cover,497.3671,0,0,0,0
nearest,497.3672,-1
cover,497.4184,0,0,0,0
nearest,497.4185,-1
cover,497.4637,0,0,0,0
nearest,497.4638,-1
cover,497.5029,0,0,0,0
nearest,497.503,-1
cover,497.5443,0,0,0,0
nearest,497.5443,-1
cover,497.588,0,0,0,0
nearest,497.588,-1
cover,497.6312,0,0,0,0
nearest,497.6312,-1
cover,497.6667,0,0,0,0
nearest,497.6668,-1
cover,497.7162,0,0,0,0
nearest,497.7162,-1
cover,497.765,0,0,0,0
nearest,497.765,-1
cover,497.8021,0,0,0,0
nearest,497.8021,-1
cover,497.8452,0,0,0,0
nearest,497.8453,-1
cover,497.8959,0,0,0,0
nearest,497.8959,-1
cover,497.9436,0,0,0,0
nearest,497.9436,-1
cover,497.99,0,0,0,0
nearest,497.99,-1
cover,498.038,0,0,0,0
nearest,498.0381,-1
cover,498.0782,0,0,0,0
nearest,498.0782,-1
cover,498.1252,0,0,0,0
nearest,498.1252,-1
cover,498.171,0,0,0,0
nearest,498.171,-1
cover,498.2136,0,0,0,0
nearest,498.2136,-1
cover,498.2572,0,0,0,0
nearest,498.2573,-1
cover,498.2963,0,0,0,0
nearest,498.2963,-1
cover,498.3383,0,0,0,0
nearest,498.3383,-1
cover,498.3782,0,0,0,0
nearest,498.3782,-1
cover,498.4213,0,0,0,0
nearest,498.4213,-1
cover,498.4592,0,0,0,0
nearest,498.4592,-1
cover,498.5002,0,0,0,0
nearest,498.5002,-1
cover,498.5428,0,0,0,0
nearest,498.5428,-1
cover,498.5883,0,0,0,0
nearest,498.5884,-1
cover,498.632,0,0,0,0
nearest,498.632,-1
cover,498.6678,0,0,0,0
nearest,498.6678,-1
cover,498.7079,0,0,0,0
nearest,498.7079,-1
cover,498.7568,0,0,0,0
nearest,498.7569,-1
cover,498.8438,0,0,0,0
nearest,498.8438,-1
cover,498.9049,0,0,0,0
nearest,498.9049,-1
cover,498.9484,0,0,0,0
nearest,498.9484,-1
cover,498.9883,0,0,0,0
nearest,498.9884,-1
cover,499.0413,0,0,0,0
nearest,499.0413,-1
cover,499.0902,0,0,0,0
nearest,499.0902,-1
cover,499.1289,0,0,0,0
nearest,499.1289,-1
cover,499.1713,0,0,0,0
nearest,499.1713,-1
cover,499.2087,0,0,0,0
nearest,499.2087,-1
cover,499.2523,0,0,0,0
nearest,499.2523,-1
cover,499.299,0,0,0,0
nearest,499.299,-1
cover,499.3359,0,0,0,0
nearest,499.3359,-1
cover,499.3773,0,0,0,0
nearest,499.3773,-1
cover,499.4256,0,0,0,0
nearest,499.4257,-1
cover,499.4713,0,0,0,0
nearest,499.4713,-1
cover,499.5124,0,0,0,0
nearest,499.5124,-1
cover,499.5602,0,0,0,0
nearest,499.5602,-1
cover,499.6022,0,0,0,0
nearest,499.6022,-1
cover,499.6472,0,0,0,0
nearest,499.6473,-1
cover,499.6898,0,0,0,0
nearest,499.6898,-1
cover,499.7271,0,0,0,0
nearest,499.7271,-1
cover,499.7723,0,0,0,0
nearest,499.7723,-1
cover,499.811,0,0,0,0
nearest,499.811,-1
cover,499.8643,0,0,0,0
nearest,499.8643,-1
cover,499.905,0,0,0,0
nearest,499.905,-1
cover,499.945,0,0,0,0
nearest,499.9451,-1
cover,499.9901,0,0,0,0
nearest,499.9901,-1
cover,500.0301,0,0,0,0
nearest,500.0301,-1
cover,500.0678,0,0,0,0
nearest,500.0678,-1
cover,500.1108,0,0,0,0
nearest,500.1108,-1
cover,500.1533,0,0,0,0
nearest,500.1533,-1
cover,500.1968,0,0,0,0
nearest,500.1968,-1
cover,500.2377,0,0,0,0
nearest,500.2377,-1
cover,500.2791,0,0,0,0
nearest,500.2792,-1
cover,500.3272,0,0,0,0
nearest,500.3273,-1
cover,500.3721,0,0,0,0
nearest,500.3721,-1
cover,500.4114,0,0,0,0
nearest,500.4115,-1
cover,500.4565,0,0,0,0
nearest,500.4565,-1
cover,500.4919,0,0,0,0
nearest,500.4919,-1
cover,500.5353,0,0,0,0
nearest,500.5354,-1
cover,500.5764,0,0,0,0
nearest,500.5764,-1
cover,500.6251,0,0,0,0
nearest,500.6251,-1
cover,500.6722,0,0,0,0
nearest,500.6723,-1
cover,500.7111,0,0,0,0
nearest,500.7112,-1
cover,500.7594,0,0,0,0
nearest,500.7594,-1
cover,500.8029,0,0,0,0
nearest,500.8029,-1
cover,500.8436,0,0,0,0
nearest,500.8437,-1
cover,500.8965,0,0,0,0
nearest,500.8965,-1
cover,500.9371,0,0,0,0
nearest,500.9371,-1
cover,500.9769,0,0,0,0
nearest,500.9769,-1
cover,501.0234,0,0,0,0
nearest,501.0234,-1
cover,501.06,0,0,0,0
nearest,501.06,-1
cover,501.102,0,0,0,0
nearest,501.102,-1
cover,501.143,0,0,0,0
nearest,501.143,-1
cover,501.1835,0,0,0,0
nearest,501.1835,-1
cover,501.2253,0,0,0,0
nearest,501.2253,-1
cover,501.267,0,0,0,0
nearest,501.267,-1
cover,501.3083,0,0,0,0
nearest,501.3083,-1
cover,501.3504,0,0,0,0
nearest,501.3504,-1
cover,501.3963,0,0,0,0
nearest,501.3964,-1
cover,501.4349,0,0,0,0
nearest,501.4349,-1
cover,501.4751,0,0,0,0
nearest,501.4751,-1
cover,501.5161,0,0,0,0
nearest,501.5162,-1
cover,501.5618,0,0,0,0
nearest,501.5618,-1
cover,501.6019,0,0,0,0
nearest,501.6019,-1
cover,501.6469,0,0,0,0
nearest,501.6469,-1
cover,501.6838,0,0,0,0
nearest,501.6838,-1
cover,501.7259,0,0,0,0
nearest,501.7259,-1
cover,501.7684,0,0,0,0
nearest,501.7684,-1
cover,501.8084,0,0,0,0
nearest,501.8084,-1
cover,501.8517,0,0,0,0
nearest,501.8517,-1
cover,501.8968,0,0,0,0
nearest,501.8968,-1
cover,501.9416,0,0,0,0
nearest,501.9417,-1
cover,501.9859,0,0,0,0
nearest,501.9859,-1
cover,502.0279,0,0,0,0
nearest,502.0279,-1
cover,502.0692,0,0,0,0
nearest,502.0692,-1
cover,502.1098,0,0,0,0
nearest,502.1098,-1
cover,502.1499,0,0,0,0
nearest,502.1499,-1
cover,502.1909,0,0,0,0
nearest,502.191,-1
cover,502.2403,0,0,0,0
nearest,502.2403,-1
cover,502.28,0,0,0,0
nearest,502.28,-1
cover,502.3168,0,0,0,0
nearest,502.3168,-1
cover,502.362,0,0,0,0
nearest,502.362,-1
cover,502.4017,0,0,0,0
nearest,502.4017,-1
cover,502.442,0,0,0,0
nearest,502.4421,-1
cover,502.487,0,0,0,0
nearest,502.487,-1
cover,502.5289,0,0,0,0
nearest,502.5289,-1
cover,502.5696,0,0,0,0
nearest,502.5696,-1
cover,502.6087,0,0,0,0
nearest,502.6087,-1
cover,502.6495,0,0,0,0
nearest,502.6495,-1
cover,502.6927,0,0,0,0
nearest,502.6927,-1
cover,502.7345,0,0,0,0
nearest,502.7345,-1
cover,502.7788,0,0,0,0
nearest,502.7789,-1
cover,502.8212,0,0,0,0
nearest,502.8212,-1
cover,502.862,0,0,0,0
nearest,502.8621,-1
cover,502.9022,0,0,0,0
nearest,502.9022,-1
cover,502.9411,0,0,0,0
nearest,502.9411,-1
cover,502.9893,0,0,0,0
nearest,502.9893,-1
cover,503.0271,0,0,0,0
nearest,503.0271,-1
cover,503.0683,0,0,0,0
nearest,503.0683,-1
cover,503.1135,0,0,0,0
nearest,503.1135,-1
cover,503.155,0,0,0,0
nearest,503.155,-1
cover,503.1951,0,0,0,0
nearest,503.1951,-1
cover,503.2363,0,0,0,0
nearest,503.2364,-1
cover,503.275,0,0,0,0
nearest,503.275,-1
cover,503.3192,0,0,0,0
nearest,503.3192,-1
cover,503.3626,0,0,0,0
nearest,503.3626,-1
cover,503.4019,0,0,0,0
nearest,503.402,-1
cover,503.4493,0,0,0,0
nearest,503.4493,-1
cover,503.494,0,0,0,0
nearest,503.4941,-1
cover,503.5387,0,0,0,0
nearest,503.5387,-1
cover,503.5771,0,0,0,0
nearest,503.5771,-1
cover,503.6236,0,0,0,0
nearest,503.6237,-1
cover,503.662,0,0,0,0
nearest,503.662,-1
cover,503.7035,0,0,0,0
nearest,503.7035,-1
cover,503.7447,0,0,0,0
nearest,503.7447,-1
cover,503.7868,0,0,0,0
nearest,503.7869,-1
cover,503.8266,0,0,0,0
nearest,503.8266,-1
cover,503.8681,0,0,0,0
nearest,503.8682,-1
cover,503.9105,0,0,0,0
nearest,503.9105,-1
cover,503.951,0,0,0,0
nearest,503.951,-1
cover,503.9967,0,0,0,0
nearest,503.9967,-1
cover,504.0381,0,0,0,0
nearest,504.0381,-1
cover,504.0773,0,0,0,0
nearest,504.0773,-1
cover,504.1249,0,0,0,0
nearest,504.125,-1
cover,504.1718,0,0,0,0
nearest,504.1718,-1
cover,504.2119,0,0,0,0
nearest,504.2119,-1
cover,504.2555,0,0,0,0
nearest,504.2555,-1
cover,504.2941,0,0,0,0
nearest,504.2941,-1
cover,504.3373,0,0,0,0
nearest,504.3373,-1
cover,504.3784,0,0,0,0
nearest,504.3784,-1
cover,504.4207,0,0,0,0
nearest,504.4207,-1
cover,504.4658,0,0,0,0
nearest,504.4659,-1
cover,504.5124,0,0,0,0
nearest,504.5125,-1
cover,504.5569,0,0,0,0
nearest,504.557,-1
cover,504.5945,0,0,0,0
nearest,504.5945,-1
cover,504.6419,0,0,0,0
nearest,504.6419,-1
cover,504.7127,0,0,0,0
nearest,504.7128,-1
cover,504.75,0,0,0,0
nearest,504.75,-1
cover,504.8003,0,0,0,0
nearest,504.8003,-1
cover,504.845,0,0,0,0
nearest,504.845,-1
cover,504.8868,0,0,0,0
nearest,504.8868,-1
cover,504.93,0,0,0,0
nearest,504.93,-1
cover,504.97,0,0,0,0
nearest,504.97,-1
cover,505.0093,0,0,0,0
nearest,505.0094,-1
cover,505.0509,0,0,0,0
nearest,505.0509,-1
cover,505.0959,0,0,0,0
nearest,505.096,-1
cover,505.1367,0,0,0,0
nearest,505.1368,-1
cover,505.1775,0,0,0,0
nearest,505.1775,-1
cover,505.2213,0,0,0,0
nearest,505.2213,-1
cover,505.2616,0,0,0,0
nearest,505.2616,-1
cover,505.3014,0,0,0,0
nearest,505.3014,-1
cover,505.3434,0,0,0,0
nearest,505.3434,-1
cover,505.3851,0,0,0,0
nearest,505.3851,-1
cover,505.4277,0,0,0,0
nearest,505.4277,-1
cover,505.4702,0,0,0,0
nearest,505.4702,-1
cover,505.5106,0,0,0,0
nearest,505.5106,-1
cover,505.5534,0,0,0,0
nearest,505.5534,-1
cover,505.5942,0,0,0,0
nearest,505.5943,-1
cover,505.6361,0,0,0,0
nearest,505.6362,-1
cover,505.6774,0,0,0,0
nearest,505.6774,-1
cover,505.7199,0,0,0,0
nearest,505.72,-1
cover,505.7612,0,0,0,0
nearest,505.7612,-1
cover,505.8017,0,0,0,0
nearest,505.8017,-1
cover,505.8447,0,0,0,0
nearest,505.8447,-1
cover,505.8914,0,0,0,0
nearest,505.8915,-1
cover,505.9407,0,0,0,0
nearest,505.9407,-1
cover,505.9792,0,0,0,0
nearest,505.9792,-1
cover,506.0186,0,0,0,0
nearest,506.0186,-1
cover,506.0612,0,0,0,0
nearest,506.0612,-1
cover,506.1023,0,0,0,0
nearest,506.1023,-1
cover,506.1429,0,0,0,0
nearest,506.1429,-1
cover,506.1876,0,0,0,0
nearest,506.1876,-1
cover,506.2279,0,0,0,0
nearest,506.2279,-1
cover,506.2675,0,0,0,0
nearest,506.2675,-1
cover,506.3103,0,0,0,0
nearest,506.3103,-1
cover,506.3503,0,0,0,0
nearest,506.3504,-1
cover,506.3952,0,0,0,0
nearest,506.3952,-1
lmb,506.4421,1
cover,506.4432,0,0,0,0
nearest,506.4432,-1
cover,506.4863,0,0,0,0
nearest,506.4863,-1
lmb,506.532,0
cover,506.5333,0,0,0,0
nearest,506.5333,-1
nail,506.5774,1
cover,506.5783,0,0,0,0
nearest,506.5784,-1
cover,506.6209,0,0,0,0
nearest,506.6209,-1
cover,506.6619,0,0,0,0
nearest,506.6619,-1
cover,506.7024,0,0,0,0
nearest,506.7025,-1
cover,506.7457,0,0,0,0
nearest,506.7457,-1
cover,506.7849,0,0,0,0
nearest,506.7849,-1
cover,506.8334,0,0,0,0
nearest,506.8334,-1
cover,506.8791,0,0,0,0
nearest,506.8791,-1
nail,506.9435,0
cover,506.9445,0,0,0,0
nearest,506.9445,-1
cover,506.99,0,0,0,0
nearest,506.99,-1
cover,507.034,0,0,0,0
nearest,507.034,-1
cover,507.0757,0,0,0,0
nearest,507.0757,-1
lmb,507.1194,1
cover,507.1204,0,0,0,0
nearest,507.1204,-1
cover,507.1589,0,0,0,0
nearest,507.159,-1
lmb,507.2097,0
cover,507.2109,0,0,0,0
nearest,507.2109,-1
nail,507.2543,1
cover,507.2558,0,0,0,0
nearest,507.2558,-1
cover,507.3207,0,0,0,0
nearest,507.3208,-1
cover,507.3684,0,0,0,0
nearest,507.3684,-1
cover,507.4131,0,0,0,0
nearest,507.4131,-1
cover,507.4602,0,0,0,0
nearest,507.4602,-1
cover,507.5091,0,0,0,0
nearest,507.5091,-1
cover,507.5564,0,0,0,0
nearest,507.5564,-1
cover,507.598,0,0,0,0
nearest,507.598,-1
nail,507.6359,0
cover,507.637,0,0,0,0
nearest,507.6371,-1
cover,507.6797,0,0,0,0
nearest,507.6797,-1
cover,507.7972,0,0,0,0
nearest,507.7972,-1
cover,507.8341,0,0,0,0
nearest,507.8341,-1
cover,507.8815,0,0,0,0
nearest,507.8815,-1
cover,507.9195,0,0,0,0
nearest,507.9196,-1
cover,507.9667,0,0,0,0
nearest,507.9667,-1
cover,508.0116,0,0,0,0
nearest,508.0116,-1
cover,508.0519,0,0,0,0
nearest,508.0519,-1
cover,508.0949,0,0,0,0
nearest,508.0949,-1
lmb,508.1331,1
cover,508.1343,0,0,0,0
nearest,508.1343,-1
cover,508.1794,0,0,0,0
nearest,508.1794,-1
lmb,508.223,0
cover,508.2242,0,0,0,0
nearest,508.2243,-1
nail,508.27,1
cover,508.2731,0,0,0,0
nearest,508.2731,-1
cover,508.3241,0,0,0,0
nearest,508.3241,-1
cover,508.3684,0,0,0,0
nearest,508.3684,-1
cover,508.4051,0,0,0,0
nearest,508.4051,-1
cover,508.4405,0,0,0,0
nearest,508.4406,-1
cover,508.4746,0,0,0,0
nearest,508.4746,-1
cover,508.5433,0,0,0,0
nearest,508.5434,-1
cover,508.5938,1,0,1,0
nearest,508.5938,-1
nail,508.6381,0
cover,508.6392,0,0,0,0
nearest,508.6392,-1
cover,508.678,0,0,0,0
nearest,508.678,-1
cover,508.7205,0,0,0,0
nearest,508.7205,-1
cover,508.7602,0,0,0,0
nearest,508.7602,-1
cover,508.8041,0,0,0,0
nearest,508.8041,-1
cover,508.8418,1,0,1,0
nearest,508.8418,-1
cover,508.8882,0,0,0,0
nearest,508.8882,-1
cover,508.9273,0,0,0,0
nearest,508.9273,-1
cover,508.962,0,0,0,0
nearest,508.9621,-1
cover,509.0009,1,0,1,0
nearest,509.0009,-1
cover,509.0376,0,0,0,0
nearest,509.0377,-1
cover,509.0758,1,0,1,0
nearest,509.0759,-1
cover,509.1127,0,0,0,0
nearest,509.1127,-1
cover,509.1519,0,0,0,0
nearest,509.1519,-1
cover,509.1886,0,0,0,0
nearest,509.1887,-1
cover,509.2267,0,0,0,0
nearest,509.2267,-1
cover,509.2628,0,0,0,0
nearest,509.2628,-1
cover,509.2991,1,0,1,0
nearest,509.2991,-1
cover,509.3377,0,0,0,0
nearest,509.3377,-1
cover,509.3774,0,0,0,0
nearest,509.3774,-1
cover,509.4155,0,0,0,0
nearest,509.4155,-1
cover,509.4537,0,0,0,0
nearest,509.4538,-1
cover,509.504,0,0,0,0
nearest,509.504,-1
cover,509.5422,0,0,0,0
nearest,509.5422,-1
cover,509.5769,0,0,0,0
nearest,509.5769,-1
cover,509.6134,0,0,0,0
nearest,509.6134,-1
cover,509.6468,0,0,0,0
nearest,509.6468,-1
cover,509.6797,0,0,0,0
nearest,509.6797,-1
cover,509.7137,0,0,0,0
nearest,509.7137,-1
cover,509.7498,0,0,0,0
nearest,509.7498,-1
cover,509.7917,0,0,0,0
nearest,509.7917,-1
cover,509.8293,0,0,0,0
nearest,509.8293,-1
cover,509.862,0,0,0,0
nearest,509.862,-1
cover,509.899,0,0,0,0
nearest,509.8991,-1
cover,509.9366,0,0,0,0
nearest,509.9367,-1
cover,509.9775,0,0,0,0
nearest,509.9776,-1
cover,510.0219,0,0,0,0
nearest,510.0219,-1
cover,510.0573,0,0,0,0
nearest,510.0573,-1
cover,510.0971,0,0,0,0
nearest,510.0971,-1
cover,510.1306,0,0,0,0
nearest,510.1306,-1
cover,510.1662,0,0,0,0
nearest,510.1662,-1
cover,510.1995,0,0,0,0
nearest,510.1995,-1
cover,510.2327,0,0,0,0
nearest,510.2327,-1
cover,510.2641,0,0,0,0
nearest,510.2642,-1
cover,510.3034,0,0,0,0
nearest,510.3034,-1
cover,510.337,0,0,0,0
nearest,510.337,-1
cover,510.376,0,0,0,0
nearest,510.376,-1
cover,510.4165,0,0,0,0
nearest,510.4165,-1
cover,510.4569,0,0,0,0
nearest,510.4569,-1
cover,510.4897,0,0,0,0
nearest,510.4897,-1
cover,510.5247,0,0,0,0
nearest,510.5248,-1
cover,510.5595,0,0,0,0
nearest,510.5595,-1
cover,510.5928,0,0,0,0
nearest,510.5928,-1
cover,510.6263,0,0,0,0
nearest,510.6263,-1
cover,510.6595,0,0,0,0
nearest,510.6595,-1
cover,510.6959,0,0,0,0
nearest,510.6959,-1
cover,510.73,0,0,0,0
nearest,510.7301,-1
cover,510.7634,0,0,0,0
nearest,510.7634,-1
cover,510.7968,0,0,0,0
nearest,510.7968,-1
cover,510.8302,0,0,0,0
nearest,510.8302,-1
cover,510.8655,0,0,0,0
nearest,510.8655,-1
cover,510.905,0,0,0,0
nearest,510.905,-1
cover,510.9399,0,0,0,0
nearest,510.94,-1
cover,510.9788,0,0,0,0
nearest,510.9788,-1
cover,511.0125,0,0,0,0
nearest,511.0125,-1
cover,511.0474,0,0,0,0
nearest,511.0474,-1
cover,511.0821,0,0,0,0
nearest,511.0821,-1
cover,511.1149,0,0,0,0
nearest,511.1149,-1
cover,511.1475,0,0,0,0
nearest,511.1475,-1
cover,511.1821,0,0,0,0
nearest,511.1822,-1
lmb,511.2159,1
cover,511.2172,0,0,0,0
nearest,511.2172,-1
cover,511.2507,0,0,0,0
nearest,511.2507,-1
cover,511.2848,0,0,0,0
nearest,511.2848,-1
cover,511.3221,0,0,0,0
nearest,511.3221,-1
lmb,511.3589,0
nail,511.3589,1
cover,511.3608,0,0,0,0
nearest,511.3608,-1
cover,511.3907,0,0,0,0
nearest,511.3907,-1
cover,511.4219,0,0,0,0
nearest,511.4219,-1
cover,511.4617,0,0,0,0
nearest,511.4617,-1
cover,511.4954,0,0,0,0
nearest,511.4955,-1
cover,511.5289,0,0,0,0
nearest,511.5289,-1
cover,511.5649,0,0,0,0
nearest,511.565,-1
cover,511.6089,0,0,0,0
nearest,511.6089,-1
cover,511.6417,0,0,0,0
nearest,511.6417,-1
cover,511.6761,0,0,0,0
nearest,511.6761,-1
cover,511.7116,0,0,0,0
nearest,511.7116,-1
nail,511.7455,0
cover,511.7465,0,0,0,0
nearest,511.7465,-1
cover,511.7798,0,0,0,0
nearest,511.7798,-1
cover,511.8141,0,0,0,0
nearest,511.8141,-1
cover,511.8495,0,0,0,0
nearest,511.8495,-1
cover,511.8838,0,0,0,0
nearest,511.8838,-1
cover,511.9178,0,0,0,0
nearest,511.9178,-1
cover,511.9505,0,0,0,0
nearest,511.9505,-1
cover,511.9824,0,0,0,0
nearest,511.9824,-1
cover,512.0193,0,0,0,0
nearest,512.0193,-1
cover,512.0556,0,0,0,0
nearest,512.0556,-1
cover,512.0925,0,0,0,0
nearest,512.0925,-1
cover,512.1323,0,0,0,0
nearest,512.1323,-1
cover,512.165,0,0,0,0
nearest,512.165,-1
cover,512.2024,0,0,0,0
nearest,512.2025,-1
cover,512.2401,0,0,0,0
nearest,512.2401,-1
cover,512.2748,0,0,0,0
nearest,512.2748,-1
cover,512.3095,0,0,0,0
nearest,512.3095,-1
cover,512.3396,0,0,0,0
nearest,512.3396,-1
cover,512.3747,0,0,0,0
nearest,512.3747,-1
cover,512.4089,0,0,0,0
nearest,512.4089,-1
cover,512.4445,0,0,0,0
nearest,512.4445,-1
cover,512.4798,0,0,0,0
nearest,512.4798,-1
cover,512.5104,0,0,0,0
nearest,512.5104,-1
cover,512.5427,0,0,0,0
nearest,512.5427,-1
cover,512.5741,0,0,0,0
nearest,512.5741,-1
cover,512.6086,0,0,0,0
nearest,512.6087,-1
cover,512.6445,0,0,0,0
nearest,512.6445,-1
cover,512.6751,0,0,0,0
nearest,512.6751,-1
cover,512.7072,0,0,0,0
nearest,512.7072,-1
cover,512.7419,0,0,0,0
nearest,512.7419,-1
cover,512.7754,0,0,0,0
nearest,512.7754,-1
cover,512.8111,0,0,0,0
nearest,512.8111,-1
cover,512.8454,0,0,0,0
nearest,512.8454,-1
cover,512.8769,0,0,0,0
nearest,512.8769,-1
cover,512.9138,1,0,1,0
nearest,512.9139,-1
cover,512.9514,0,0,0,0
nearest,512.9514,-1
cover,512.9848,0,0,0,0
nearest,512.9848,-1
cover,513.0166,1,0,1,0
nearest,513.0166,-1
cover,513.0498,1,0,1,0
nearest,513.0499,-1
cover,513.0837,1,0,1,0
nearest,513.0837,-1
cover,513.123,0,0,0,0
nearest,513.123,-1
lmb,513.1644,1
cover,513.1655,0,0,0,0
nearest,513.1655,-1
cover,513.1986,0,0,0,0
nearest,513.1986,-1
lmb,513.2321,0
cover,513.233,0,0,0,0
nearest,513.2331,-1
cover,513.267,0,0,0,0
nearest,513.2671,-1
nail,513.3005,1
cover,513.3015,1,0,1,0
nearest,513.3015,-1
cover,513.3333,0,0,0,0
nearest,513.3333,-1
cover,513.3667,0,0,0,0
nearest,513.3668,-1
cover,513.4032,0,0,0,0
nearest,513.4033,-1
cover,513.4403,0,0,0,0
nearest,513.4403,-1
cover,513.4773,0,0,0,0
nearest,513.4773,-1
cover,513.5153,0,0,0,0
nearest,513.5153,-1
cover,513.5495,1,0,1,0
nearest,513.5495,-1
cover,513.5863,1,0,1,0
nearest,513.5863,-1
cover,513.6228,0,0,0,0
nearest,513.6228,-1
cover,513.6598,0,0,0,0
nearest,513.6598,-1
nail,513.6976,0
cover,513.6988,0,0,0,0
nearest,513.6989,-1
cover,513.7333,0,0,0,0
nearest,513.7333,-1
cover,513.7665,0,0,0,0
nearest,513.7665,-1
cover,513.8004,0,0,0,0
nearest,513.8004,-1
lmb,513.8346,1
cover,513.8359,0,0,0,0
nearest,513.8359,-1
cover,513.8745,0,0,0,0
nearest,513.8745,-1
cover,513.913,0,0,0,0
nearest,513.9131,-1
lmb,513.948,0
cover,513.9492,0,0,0,0
nearest,513.9492,-1
nail,513.984,1
cover,513.9849,0,0,0,0
nearest,513.985,-1
cover,514.0207,0,0,0,0
nearest,514.0207,-1
cover,514.0586,0,0,0,0
nearest,514.0586,-1
cover,514.1038,0,0,0,0
nearest,514.1038,-1
cover,514.1369,0,0,0,0
nearest,514.1369,-1
cover,514.1749,0,0,0,0
nearest,514.175,-1
cover,514.2098,0,0,0,0
nearest,514.2098,-1
cover,514.243,0,0,0,0
nearest,514.243,-1
cover,514.2764,0,0,0,0
nearest,514.2764,-1
cover,514.3115,0,0,0,0
nearest,514.3115,-1
nail,514.3447,0
cover,514.346,0,0,0,0
nearest,514.346,-1
cover,514.3799,0,0,0,0
nearest,514.3799,-1
cover,514.4132,0,0,0,0
nearest,514.4132,-1
cover,514.4493,1,0,1,0
nearest,514.4493,-1
cover,514.4826,1,0,1,0
nearest,514.4826,-1
cover,514.5209,1,0,1,0
nearest,514.5209,-1
cover,514.5611,0,0,0,0
nearest,514.5611,-1
cover,514.5956,0,0,0,0
nearest,514.5956,-1
cover,514.6353,0,0,0,0
nearest,514.6353,-1
cover,514.6691,0,0,0,0
nearest,514.6692,-1
cover,514.7042,0,0,0,0
nearest,514.7042,-1
cover,514.7409,0,0,0,0
nearest,514.7409,-1
cover,514.7774,0,0,0,0
nearest,514.7774,-1
cover,514.8147,0,0,0,0
nearest,514.8147,-1
cover,514.8597,0,0,0,0
nearest,514.8598,-1
cover,514.9001,0,0,0,0
nearest,514.9001,-1
cover,514.9343,0,0,0,0
nearest,514.9344,-1
cover,514.966,0,0,0,0
nearest,514.966,-1
cover,514.9985,0,0,0,0
nearest,514.9985,-1
cover,515.0339,0,0,0,0
nearest,515.0339,-1
cover,515.0657,0,0,0,0
nearest,515.0657,-1
cover,515.099,0,0,0,0
nearest,515.099,-1
cover,515.1337,1,0,1,0
nearest,515.1337,-1
cover,515.1676,1,0,1,0
nearest,515.1676,-1
cover,515.202,0,0,0,0
nearest,515.202,-1
cover,515.2389,0,0,0,0
nearest,515.2389,-1
cover,515.2747,0,0,0,0
nearest,515.2747,-1
cover,515.3143,0,0,0,0
nearest,515.3143,-1
cover,515.3483,0,0,0,0
nearest,515.3483,-1
cover,515.3854,0,0,0,0
nearest,515.3854,-1
cover,515.4202,0,0,0,0
nearest,515.4202,-1
cover,515.4533,0,0,0,0
nearest,515.4533,-1
cover,515.4872,0,0,0,0
nearest,515.4872,-1
cover,515.5207,0,0,0,0
nearest,515.5207,-1
cover,515.5526,0,0,0,0
nearest,515.5526,-1
cover,515.5902,0,0,0,0
nearest,515.5902,-1
cover,515.6278,1,0,1,0
nearest,515.6278,-1
cover,515.6672,0,0,0,0
nearest,515.6672,-1
cover,515.7094,1,0,1,0
nearest,515.7094,-1
cover,515.7498,0,0,0,0
nearest,515.7498,-1
cover,515.7862,0,0,0,0
nearest,515.7862,-1
cover,515.8192,0,0,0,0
nearest,515.8192,-1
cover,515.8544,0,0,0,0
nearest,515.8544,-1
cover,515.8946,1,0,1,0
nearest,515.8946,-1
cover,515.9322,1,0,1,0
nearest,515.9322,-1
cover,515.9718,0,0,0,0
nearest,515.9718,-1
cover,516.0044,0,0,0,0
nearest,516.0044,-1
cover,516.0371,0,0,0,0
nearest,516.0371,-1
cover,516.0695,0,0,0,0
nearest,516.0696,-1
cover,516.1009,0,0,0,0
nearest,516.1009,-1
cover,516.1371,0,0,0,0
nearest,516.1371,-1
cover,516.1698,0,0,0,0
nearest,516.1698,-1
cover,516.2099,0,0,0,0
nearest,516.2099,-1
cover,516.2472,0,0,0,0
nearest,516.2472,-1
cover,516.279,0,0,0,0
nearest,516.279,-1
cover,516.3117,0,0,0,0
nearest,516.3118,-1
cover,516.3477,0,0,0,0
nearest,516.3477,-1
cover,516.3805,0,0,0,0
nearest,516.3805,-1
cover,516.4128,0,0,0,0
nearest,516.4128,-1
cover,516.4474,0,0,0,0
nearest,516.4474,-1
cover,516.4815,0,0,0,0
nearest,516.4815,-1
cover,516.5166,0,0,0,0
nearest,516.5166,-1
cover,516.5494,0,0,0,0
nearest,516.5494,-1
cover,516.5924,0,0,0,0
nearest,516.5925,-1
cover,516.6298,0,0,0,0
nearest,516.6298,-1
cover,516.6625,0,0,0,0
nearest,516.6625,-1
cover,516.6938,0,0,0,0
nearest,516.6939,-1
cover,516.728,0,0,0,0
nearest,516.728,-1
cover,516.7634,0,0,0,0
nearest,516.7634,-1
cover,516.7985,1,0,1,0
nearest,516.7986,-1
cover,516.8377,0,0,0,0
nearest,516.8377,-1
cover,516.8745,0,0,0,0
nearest,516.8745,-1
cover,516.9113,0,0,0,0
nearest,516.9114,-1
cover,516.9418,0,0,0,0
nearest,516.9419,-1
cover,516.9743,0,0,0,0
nearest,516.9743,-1
cover,517.0073,0,0,0,0
nearest,517.0073,-1
cover,517.0412,0,0,0,0
nearest,517.0412,-1
cover,517.0743,0,0,0,0
nearest,517.0743,-1
cover,517.1062,0,0,0,0
nearest,517.1062,-1
cover,517.139,0,0,0,0
nearest,517.139,-1
cover,517.1732,0,0,0,0
nearest,517.1733,-1
cover,517.2082,0,0,0,0
nearest,517.2082,-1
cover,517.2418,0,0,0,0
nearest,517.2418,-1
cover,517.2754,0,0,0,0
nearest,517.2754,-1
cover,517.3095,0,0,0,0
nearest,517.3096,-1
cover,517.3445,0,0,0,0
nearest,517.3445,-1
cover,517.3775,0,0,0,0
nearest,517.3775,-1
cover,517.4102,0,0,0,0
nearest,517.4102,-1
cover,517.448,0,0,0,0
nearest,517.448,-1
cover,517.4806,0,0,0,0
nearest,517.4806,-1
cover,517.5132,0,0,0,0
nearest,517.5133,-1
cover,517.5479,0,0,0,0
nearest,517.5479,-1
cover,517.5805,0,0,0,0
nearest,517.5806,-1
cover,517.6141,0,0,0,0
nearest,517.6141,-1
cover,517.6516,0,0,0,0
nearest,517.6517,-1
cover,517.6948,0,0,0,0
nearest,517.6948,-1
cover,517.7294,0,0,0,0
nearest,517.7294,-1
cover,517.7747,0,0,0,0
nearest,517.7748,-1
cover,517.809,0,0,0,0
nearest,517.809,-1
cover,517.845,0,0,0,0
nearest,517.845,-1
cover,517.8844,0,0,0,0
nearest,517.8844,-1
cover,517.923,0,0,0,0
nearest,517.923,-1
cover,517.961,0,0,0,0
nearest,517.961,-1
cover,517.9944,0,0,0,0
nearest,517.9945,-1
cover,518.0282,0,0,0,0
nearest,518.0282,-1
cover,518.0609,0,0,0,0
nearest,518.0609,-1
cover,518.094,0,0,0,0
nearest,518.094,-1
cover,518.1292,0,0,0,0
nearest,518.1292,-1
cover,518.1622,0,0,0,0
nearest,518.1623,-1
cover,518.1951,0,0,0,0
nearest,518.1951,-1
cover,518.227,0,0,0,0
nearest,518.227,-1
cover,518.2611,0,0,0,0
nearest,518.2611,-1
cover,518.294,0,0,0,0
nearest,518.294,-1
cover,518.3257,0,0,0,0
nearest,518.3257,-1
cover,518.3583,0,0,0,0
nearest,518.3583,-1
cover,518.392,0,0,0,0
nearest,518.3921,-1
cover,518.4262,0,0,0,0
nearest,518.4262,-1
cover,518.4604,0,0,0,0
nearest,518.4604,-1
cover,518.4928,0,0,0,0
nearest,518.4929,-1
cover,518.526,0,0,0,0
nearest,518.526,-1
cover,518.5618,0,0,0,0
nearest,518.5619,-1
cover,518.6021,0,0,0,0
nearest,518.6021,-1
cover,518.6372,0,0,0,0
nearest,518.6372,-1
cover,518.6723,0,0,0,0
nearest,518.6724,-1
cover,518.7067,0,0,0,0
nearest,518.7067,-1
cover,518.7422,0,0,0,0
nearest,518.7422,-1
cover,518.7751,0,0,0,0
nearest,518.7751,-1
cover,518.8093,0,0,0,0
nearest,518.8093,-1
cover,518.843,0,0,0,0
nearest,518.843,-1
cover,518.8796,0,0,0,0
nearest,518.8797,-1
cover,518.914,0,0,0,0
nearest,518.914,-1
cover,518.9468,0,0,0,0
nearest,518.9469,-1
cover,518.9801,0,0,0,0
nearest,518.9801,-1
cover,519.0133,0,0,0,0
nearest,519.0133,-1
cover,519.0466,0,0,0,0
nearest,519.0466,-1
cover,519.0793,0,0,0,0
nearest,519.0793,-1
cover,519.1152,0,0,0,0
nearest,519.1152,-1
cover,519.1545,0,0,0,0
nearest,519.1545,-1
cover,519.1943,0,0,0,0
nearest,519.1943,-1
cover,519.2282,0,0,0,0
nearest,519.2283,-1
cover,519.2602,0,0,0,0
nearest,519.2603,-1
cover,519.2958,0,0,0,0
nearest,519.2958,-1
cover,519.3289,0,0,0,0
nearest,519.3289,-1
cover,519.3629,0,0,0,0
nearest,519.363,-1
cover,519.404,0,0,0,0
nearest,519.404,-1
cover,519.4419,0,0,0,0
nearest,519.442,-1
cover,519.4822,1,0,1,0
nearest,519.4822,-1
cover,519.5161,0,0,0,0
nearest,519.5162,-1
cover,519.5498,0,0,0,0
nearest,519.5498,-1
cover,519.5835,0,0,0,0
nearest,519.5835,-1
cover,519.6172,0,0,0,0
nearest,519.6173,-1
cover,519.651,0,0,0,0
nearest,519.651,-1
cover,519.6891,0,0,0,0
nearest,519.6891,-1
cover,519.7277,0,0,0,0
nearest,519.7277,-1
cover,519.7644,0,0,0,0
nearest,519.7644,-1
cover,519.799,0,0,0,0
nearest,519.799,-1
cover,519.8328,0,0,0,0
nearest,519.8329,-1
cover,519.8644,0,0,0,0
nearest,519.8645,-1
cover,519.9003,0,0,0,0
nearest,519.9003,-1
cover,519.9343,0,0,0,0
nearest,519.9344,-1
cover,519.9699,0,0,0,0
nearest,519.9699,-1
cover,520.0082,0,0,0,0
nearest,520.0082,-1
cover,520.0451,0,0,0,0
nearest,520.0452,-1
cover,520.0804,0,0,0,0
nearest,520.0804,-1
cover,520.1128,0,0,0,0
nearest,520.1128,-1
cover,520.1475,0,0,0,0
nearest,520.1475,-1
cover,520.1799,0,0,0,0
nearest,520.1799,-1
cover,520.217,0,0,0,0
nearest,520.2171,-1
cover,520.251,0,0,0,0
nearest,520.251,-1
cover,520.2883,0,0,0,0
nearest,520.2883,-1
cover,520.3262,0,0,0,0
nearest,520.3262,-1
cover,520.3626,0,0,0,0
nearest,520.3626,-1
cover,520.3984,0,0,0,0
nearest,520.3984,-1
cover,520.4314,0,0,0,0
nearest,520.4314,-1
cover,520.4664,0,0,0,0
nearest,520.4664,-1
cover,520.5055,0,0,0,0
nearest,520.5058,-1
cover,520.5449,0,0,0,0
nearest,520.545,-1
cover,520.5793,0,0,0,0
nearest,520.5793,-1
cover,520.6135,0,0,0,0
nearest,520.6135,-1
cover,520.6487,0,0,0,0
nearest,520.6487,-1
cover,520.6823,0,0,0,0
nearest,520.6823,-1
cover,520.7154,0,0,0,0
nearest,520.7154,-1
cover,520.7493,0,0,0,0
nearest,520.7493,-1
cover,520.7827,0,0,0,0
nearest,520.7827,-1
cover,520.8171,0,0,0,0
nearest,520.8171,-1
cover,520.855,0,0,0,0
nearest,520.855,-1
cover,520.8916,0,0,0,0
nearest,520.8916,-1
cover,520.9303,0,0,0,0
nearest,520.9303,-1
cover,520.9632,0,0,0,0
nearest,520.9632,-1
cover,520.9953,0,0,0,0
nearest,520.9953,-1
cover,521.0281,0,0,0,0
nearest,521.0282,-1
cover,521.0609,0,0,0,0
nearest,521.061,-1
cover,521.0947,0,0,0,0
nearest,521.0947,-1
cover,521.1296,1,0,1,0
nearest,521.1296,-1
cover,521.1635,1,0,1,0
nearest,521.1636,-1
cover,521.1951,0,0,0,0
nearest,521.1951,-1
cover,521.2269,0,0,0,0
nearest,521.2269,-1
cover,521.2631,1,0,1,0
nearest,521.2631,-1
cover,521.2968,0,0,0,0
nearest,521.2969,-1
cover,521.3305,1,0,1,0
nearest,521.3305,-1
cover,521.3663,0,0,0,0
nearest,521.3664,-1
cover,521.3982,1,0,1,0
nearest,521.3982,-1
lmb,521.4339,1
cover,521.4349,1,0,1,0
nearest,521.4349,-1
cover,521.4745,0,0,0,0
nearest,521.4746,-1
cover,521.5093,1,0,1,0
nearest,521.5093,-1
lmb,521.5444,0
cover,521.5453,0,0,0,0
nearest,521.5454,-1
nail,521.5784,1
cover,521.5795,0,0,0,0
nearest,521.5795,-1
cover,521.6219,1,0,1,0
nearest,521.622,-1
cover,521.6595,1,0,1,0
nearest,521.6596,-1
cover,521.6928,0,0,0,0
nearest,521.6929,-1
cover,521.7276,0,0,0,0
nearest,521.7277,-1
cover,521.7601,0,0,0,0
nearest,521.7602,-1
lmb,521.796,1
nail,521.796,0
cover,521.7978,0,0,0,0
nearest,521.7978,-1
cover,521.8305,0,0,0,0
nearest,521.8305,-1
cover,521.8659,0,0,0,0
nearest,521.866,-1
lmb,521.9019,0
cover,521.9038,0,0,0,0
nearest,521.9038,-1
nail,521.9444,1
cover,521.9456,0,0,0,0
nearest,521.9457,-1
cover,521.9894,0,0,0,0
nearest,521.9894,-1
cover,522.0287,0,0,0,0
nearest,522.0287,-1
cover,522.0644,0,0,0,0
nearest,522.0645,-1
cover,522.1009,0,0,0,0
nearest,522.1009,-1
cover,522.1427,0,0,0,0
nearest,522.1427,-1
cover,522.1821,0,0,0,0
nearest,522.1821,-1
lmb,522.2167,1
nail,522.2167,0
cover,522.2186,0,0,0,0
nearest,522.2186,-1
cover,522.2574,0,0,0,0
nearest,522.2574,-1
cover,522.2906,0,0,0,0
nearest,522.2906,-1
lmb,522.327,0
cover,522.3282,0,0,0,0
nearest,522.3283,-1
nail,522.3606,1
cover,522.3617,0,0,0,0
nearest,522.3617,-1
cover,522.3982,0,0,0,0
nearest,522.3982,-1
cover,522.435,0,0,0,0
nearest,522.435,-1
cover,522.4717,0,0,0,0
nearest,522.4718,-1
cover,522.5091,0,0,0,0
nearest,522.5091,-1
cover,522.5466,0,0,0,0
nearest,522.5466,-1
cover,522.5794,0,0,0,0
nearest,522.5795,-1
cover,522.6166,0,0,0,0
nearest,522.6166,-1
lmb,522.656,1
nail,522.656,0
cover,522.6576,0,0,0,0
nearest,522.6576,-1
cover,522.6931,1,0,1,0
nearest,522.6931,-1
lmb,522.7304,0
cover,522.7315,0,0,0,0
nearest,522.7315,-1
cover,522.7646,0,0,0,0
nearest,522.7646,-1
nail,522.7973,1
cover,522.7982,0,0,0,0
nearest,522.7982,-1
cover,522.8298,0,0,0,0
nearest,522.8298,-1
cover,522.8635,1,0,1,0
nearest,522.8635,-1
cover,522.8986,0,0,0,0
nearest,522.8986,-1
cover,522.9341,0,0,0,0
nearest,522.9341,-1
cover,522.9676,1,0,1,0
nearest,522.9676,-1
cover,523.0038,0,0,0,0
nearest,523.0038,-1
lmb,523.0418,1
nail,523.0418,0
cover,523.0436,0,0,0,0
nearest,523.0436,-1
cover,523.0781,0,0,0,0
nearest,523.0781,-1
cover,523.1139,0,0,0,0
nearest,523.1139,-1
lmb,523.1478,0
cover,523.1489,0,0,0,0
nearest,523.1489,-1
nail,523.1814,1
cover,523.1823,0,0,0,0
nearest,523.1823,-1
cover,523.216,0,0,0,0
nearest,523.216,-1
cover,523.2491,0,0,0,0
nearest,523.2491,-1
cover,523.2827,0,0,0,0
nearest,523.2827,-1
cover,523.3241,0,0,0,0
nearest,523.3241,-1
cover,523.3574,1,0,1,0
nearest,523.3574,-1
cover,523.3933,0,0,0,0
nearest,523.3933,-1
cover,523.4264,1,0,1,0
nearest,523.4264,-1
cover,523.4586,0,0,0,0
nearest,523.4586,-1
cover,523.4954,0,0,0,0
nearest,523.4955,-1
cover,523.5304,0,0,0,0
nearest,523.5304,-1
nail,523.5634,0
cover,523.5643,0,0,0,0
nearest,523.5643,-1
cover,523.5975,0,0,0,0
nearest,523.5975,-1
cover,523.6314,1,0,1,0
nearest,523.6314,-1
cover,523.6666,1,0,1,0
nearest,523.6666,-1
cover,523.7004,1,0,1,0
nearest,523.7004,-1
cover,523.7345,0,0,0,0
nearest,523.7345,-1
cover,523.7675,0,0,0,0
nearest,523.7675,-1
cover,523.8017,0,0,0,0
nearest,523.8017,-1
cover,523.8353,0,0,0,0
nearest,523.8353,-1
cover,523.8692,0,0,0,0
nearest,523.8692,-1
cover,523.9066,0,0,0,0
nearest,523.9066,-1
cover,523.9428,0,0,0,0
nearest,523.9428,-1
cover,523.9771,1,0,1,0
nearest,523.9771,-1
cover,524.0077,0,0,0,0
nearest,524.0077,-1
cover,524.0432,0,0,0,0
nearest,524.0432,-1
cover,524.0819,0,0,0,0
nearest,524.0819,-1
cover,524.1148,0,0,0,0
nearest,524.1148,-1
cover,524.1503,0,0,0,0
nearest,524.1503,-1
cover,524.183,0,0,0,0
nearest,524.183,-1
cover,524.2152,1,0,1,0
nearest,524.2153,-1
cover,524.2482,1,0,1,0
nearest,524.2483,-1
cover,524.2818,1,0,1,0
nearest,524.2818,-1
cover,524.3182,0,0,0,0
nearest,524.3183,-1
cover,524.3529,1,0,1,0
nearest,524.3529,-1
cover,524.3905,1,0,1,0
nearest,524.3905,-1
cover,524.4274,0,0,0,0
nearest,524.4274,-1
cover,524.4664,0,0,0,0
nearest,524.4664,-1
cover,524.4995,0,0,0,0
nearest,524.4995,-1
cover,524.5316,1,0,1,0
nearest,524.5316,-1
cover,524.5695,1,0,1,0
nearest,524.5696,-1
cover,524.6081,2,0,2,0
nearest,524.6081,-1
cover,524.6483,0,0,0,0
nearest,524.6484,-1
cover,524.6815,2,0,2,0
nearest,524.6815,-1
cover,524.7141,1,0,1,0
nearest,524.7141,-1
cover,524.7478,1,0,1,0
nearest,524.7478,-1
cover,524.7817,1,0,1,0
nearest,524.7817,-1
cover,524.8129,0,0,0,0
nearest,524.8129,-1
cover,524.8464,1,0,1,0
nearest,524.8464,-1
cover,524.8829,1,0,1,0
nearest,524.8829,-1
cover,524.927,0,0,0,0
nearest,524.927,-1
cover,524.9598,0,0,0,0
nearest,524.9598,-1
cover,524.9932,0,0,0,0
nearest,524.9932,-1
cover,525.0261,0,0,0,0
nearest,525.0262,-1
cover,525.0587,1,0,1,0
nearest,525.0587,-1
cover,525.094,1,0,1,0
nearest,525.0941,-1
cover,525.1284,1,0,1,0
nearest,525.1284,-1
cover,525.1619,1,0,1,0
nearest,525.1619,-1
cover,525.1954,1,0,1,0
nearest,525.1954,-1
lmb,525.2276,1
cover,525.2288,1,0,1,0
nearest,525.2288,-1
cover,525.2622,1,0,1,0
nearest,525.2622,-1
lmb,525.2939,0
cover,525.2951,1,0,1,0
nearest,525.2951,-1
cover,525.3294,1,0,1,0
nearest,525.3294,-1
nail,525.3677,1
cover,525.3687,1,0,1,0
nearest,525.3687,-1
cover,525.4112,1,0,1,0
nearest,525.4112,-1
cover,525.4451,2,0,2,0
nearest,525.4452,-1
cover,525.5212,1,0,1,0
nearest,525.5212,-1
cover,525.5621,0,0,0,0
nearest,525.5621,-1
cover,525.5998,1,0,1,0
nearest,525.5998,-1
cover,525.6328,1,0,1,0
nearest,525.6328,-1
cover,525.6681,1,0,1,0
nearest,525.6681,-1
cover,525.7026,0,0,0,0
nearest,525.7026,-1
nail,525.7359,0
cover,525.7374,0,0,0,0
nearest,525.7375,-1
cover,525.7705,1,0,1,0
nearest,525.7705,-1
cover,525.805,1,0,1,0
nearest,525.805,-1
cover,525.8411,1,0,1,0
nearest,525.8412,-1
cover,525.8776,1,0,1,0
nearest,525.8776,-1
cover,525.9304,1,0,1,0
nearest,525.9304,-1
cover,525.9904,1,0,1,0
nearest,525.9904,-1
cover,526.0452,0,0,0,0
nearest,526.0452,-1
cover,526.0964,0,0,0,0
nearest,526.0964,-1
cover,526.1589,0,0,0,0
nearest,526.1589,-1
cover,526.1972,0,0,0,0
nearest,526.1972,-1
cover,526.2448,0,0,0,0
nearest,526.2448,-1
cover,526.289,0,0,0,0
nearest,526.289,-1
cover,526.3296,0,0,0,0
nearest,526.3296,-1
cover,526.3716,0,0,0,0
nearest,526.3716,-1
cover,526.4263,0,0,0,0
nearest,526.4264,-1
cover,526.4744,0,0,0,0
nearest,526.4744,-1
cover,526.5255,0,0,0,0
nearest,526.5256,-1
cover,526.5713,0,0,0,0
nearest,526.5713,-1
cover,526.61,0,0,0,0
nearest,526.61,-1
cover,526.6502,0,0,0,0
nearest,526.6503,-1
cover,526.6946,0,0,0,0
nearest,526.6947,-1
cover,526.7468,0,0,0,0
nearest,526.7468,-1
cover,526.7997,0,0,0,0
nearest,526.7997,-1
cover,526.8415,0,0,0,0
nearest,526.8415,-1
cover,526.8872,0,0,0,0
nearest,526.8873,-1
cover,526.9274,0,0,0,0
nearest,526.9274,-1
cover,526.9776,0,0,0,0
nearest,526.9776,-1
cover,527.0365,0,0,0,0
nearest,527.0365,-1
cover,527.0761,0,0,0,0
nearest,527.0761,-1
cover,527.1282,0,0,0,0
nearest,527.1283,-1
cover,527.1764,0,0,0,0
nearest,527.1764,-1
cover,527.234,0,0,0,0
nearest,527.234,-1
cover,527.2801,0,0,0,0
nearest,527.2801,-1
cover,527.339,0,0,0,0
nearest,527.339,-1
cover,527.3944,0,0,0,0
nearest,527.3944,-1
cover,527.4398,0,0,0,0
nearest,527.4398,-1
cover,527.486,0,0,0,0
nearest,527.486,-1
cover,527.5303,0,0,0,0
nearest,527.5303,-1
cover,527.5733,0,0,0,0
nearest,527.5733,-1
cover,527.6147,0,0,0,0
nearest,527.6147,-1
cover,527.6638,0,0,0,0
nearest,527.6638,-1
cover,527.7023,0,0,0,0
nearest,527.7024,-1
cover,527.7544,0,0,0,0
nearest,527.7544,-1
cover,527.7985,0,0,0,0
nearest,527.7985,-1
cover,527.8421,0,0,0,0
nearest,527.8421,-1
lmb,527.9033,1
cover,527.9045,0,0,0,0
nearest,527.9045,-1
lmb,527.9613,0
cover,527.9625,0,0,0,0
nearest,527.9625,-1
cover,528.0091,0,0,0,0
nearest,528.0091,-1
nail,528.0509,1
cover,528.0518,0,0,0,0
nearest,528.0519,-1
cover,528.0937,0,0,0,0
nearest,528.0937,-1
cover,528.1572,0,0,0,0
nearest,528.1573,-1
cover,528.2119,0,0,0,0
nearest,528.2119,-1
cover,528.2582,0,0,0,0
nearest,528.2582,-1
cover,528.3079,0,0,0,0
nearest,528.3079,-1
cover,528.3512,0,0,0,0
nearest,528.3513,-1
cover,528.3926,0,0,0,0
nearest,528.3926,-1
nail,528.4349,0
cover,528.4358,0,0,0,0
nearest,528.4358,-1
cover,528.48,0,0,0,0
nearest,528.48,-1
cover,528.5218,0,0,0,0
nearest,528.5218,-1
cover,528.5635,0,0,0,0
nearest,528.5636,-1
cover,528.6009,0,0,0,0
nearest,528.6009,-1
cover,528.6432,0,0,0,0
nearest,528.6432,-1
cover,528.6839,0,0,0,0
nearest,528.6839,-1
cover,528.7231,0,0,0,0
nearest,528.7231,-1
cover,528.7722,0,0,0,0
nearest,528.7722,-1
cover,528.8198,0,0,0,0
nearest,528.8198,-1
cover,528.8592,0,0,0,0
nearest,528.8592,-1
cover,528.9043,0,0,0,0
nearest,528.9044,-1
cover,528.9441,0,0,0,0
nearest,528.9441,-1
cover,528.9904,0,0,0,0
nearest,528.9904,-1
cover,529.0428,0,0,0,0
nearest,529.0428,-1
cover,529.0842,0,0,0,0
nearest,529.0842,-1
cover,529.1236,0,0,0,0
nearest,529.1236,-1
cover,529.1661,0,0,0,0
nearest,529.1661,-1
cover,529.2245,0,0,0,0
nearest,529.2246,-1
cover,529.2756,0,0,0,0
nearest,529.2756,-1
cover,529.3191,0,0,0,0
nearest,529.3191,-1
cover,529.3668,0,0,0,0
nearest,529.3668,-1
cover,529.4133,0,0,0,0
nearest,529.4133,-1
cover,529.4516,0,0,0,0
nearest,529.4516,-1
cover,529.4905,0,0,0,0
nearest,529.4906,-1
cover,529.5425,0,0,0,0
nearest,529.5425,-1
cover,529.5937,0,0,0,0
nearest,529.5938,-1
cover,529.645,0,0,0,0
nearest,529.645,-1
cover,529.6874,0,0,0,0
nearest,529.6874,-1
cover,529.7318,0,0,0,0
nearest,529.7319,-1
cover,529.7771,0,0,0,0
nearest,529.7771,-1
cover,529.8144,0,0,0,0
nearest,529.8144,-1
cover,529.8628,0,0,0,0
nearest,529.8628,-1
cover,529.9058,0,0,0,0
nearest,529.9058,-1
cover,529.9477,0,0,0,0
nearest,529.9478,-1
cover,530.0072,0,0,0,0
nearest,530.0072,-1
cover,530.0532,0,0,0,0
nearest,530.0532,-1
cover,530.1,0,0,0,0
nearest,530.1,-1
cover,530.1596,0,0,0,0
nearest,530.1596,-1
cover,530.2077,0,0,0,0
nearest,530.2077,-1
cover,530.2537,0,0,0,0
nearest,530.2537,-1
lmb,530.2905,1
cover,530.2917,0,0,0,0
nearest,530.2917,-1
lmb,530.3435,0
cover,530.3446,0,0,0,0
nearest,530.3446,-1
cover,530.3891,0,0,0,0
nearest,530.3892,-1
nail,530.4318,1
cover,530.4335,0,0,0,0
nearest,530.4335,-1
cover,530.4873,0,0,0,0
nearest,530.4873,-1
cover,530.536,0,0,0,0
nearest,530.536,-1
cover,530.5822,0,0,0,0
nearest,530.5822,-1
cover,530.6231,0,0,0,0
nearest,530.6231,-1
cover,530.6659,0,0,0,0
nearest,530.666,-1
cover,530.7134,0,0,0,0
nearest,530.7134,-1
cover,530.7528,0,0,0,0
nearest,530.7528,-1
nail,530.7948,0
cover,530.7959,0,0,0,0
nearest,530.796,-1
cover,530.8434,0,0,0,0
nearest,530.8434,-1
cover,530.8891,0,0,0,0
nearest,530.8891,-1
cover,530.9303,0,0,0,0
nearest,530.9303,-1
cover,530.9752,0,0,0,0
nearest,530.9752,-1
cover,531.0199,0,0,0,0
nearest,531.0199,-1
cover,531.0619,0,0,0,0
nearest,531.0619,-1
cover,531.1049,0,0,0,0
nearest,531.1049,-1
cover,531.1426,0,0,0,0
nearest,531.1426,-1
cover,531.1844,0,0,0,0
nearest,531.1844,-1
cover,531.2312,0,0,0,0
nearest,531.2312,-1
cover,531.2718,0,0,0,0
nearest,531.2718,-1
cover,531.3118,0,0,0,0
nearest,531.3118,-1
cover,531.3603,0,0,0,0
nearest,531.3604,-1
cover,531.408,0,0,0,0
nearest,531.408,-1
cover,531.4642,0,0,0,0
nearest,531.4642,-1
cover,531.5062,0,0,0,0
nearest,531.5062,-1
cover,531.5448,0,0,0,0
nearest,531.5448,-1
cover,531.5931,0,0,0,0
nearest,531.5932,-1
cover,531.6369,0,0,0,0
nearest,531.637,-1
cover,531.6763,0,0,0,0
nearest,531.6763,-1
cover,531.7212,0,0,0,0
nearest,531.7212,-1
cover,531.7646,0,0,0,0
nearest,531.7646,-1
cover,531.8034,0,0,0,0
nearest,531.8035,-1
cover,531.8475,0,0,0,0
nearest,531.8476,-1
cover,531.887,0,0,0,0
nearest,531.887,-1
cover,531.9319,0,0,0,0
nearest,531.9319,-1
cover,531.9724,0,0,0,0
nearest,531.9724,-1
cover,532.0181,0,0,0,0
nearest,532.0181,-1
cover,532.0659,0,0,0,0
nearest,532.0659,-1
cover,532.1156,0,0,0,0
nearest,532.1156,-1
cover,532.1568,0,0,0,0
nearest,532.1568,-1
cover,532.1986,0,0,0,0
nearest,532.1987,-1
cover,532.2373,0,0,0,0
nearest,532.2373,-1
cover,532.2798,0,0,0,0
nearest,532.2798,-1
cover,532.3192,0,0,0,0
nearest,532.3193,-1
cover,532.3654,0,0,0,0
nearest,532.3655,-1
cover,532.4063,0,0,0,0
nearest,532.4063,-1
cover,532.4518,0,0,0,0
nearest,532.4518,-1
cover,532.5003,0,0,0,0
nearest,532.5003,-1
cover,532.5442,0,0,0,0
nearest,532.5442,-1
cover,532.5982,0,0,0,0
nearest,532.5982,-1
cover,532.6477,0,0,0,0
nearest,532.6478,-1
cover,532.6954,0,0,0,0
nearest,532.6954,-1
cover,532.7395,0,0,0,0
nearest,532.7395,-1
cover,532.7786,0,0,0,0
nearest,532.7786,-1
cover,532.8192,0,0,0,0
nearest,532.8192,-1
cover,532.8688,0,0,0,0
nearest,532.8688,-1
cover,532.9138,0,0,0,0
nearest,532.9138,-1
cover,532.9589,0,0,0,0
nearest,532.9589,-1
cover,533.0037,0,0,0,0
nearest,533.0038,-1
cover,533.0476,0,0,0,0
nearest,533.0476,-1
cover,533.085,0,0,0,0
nearest,533.085,-1
cover,533.1342,0,0,0,0
nearest,533.1342,-1
cover,533.182,0,0,0,0
nearest,533.182,-1
cover,533.2262,0,0,0,0
nearest,533.2263,-1
cover,533.2723,0,0,0,0
nearest,533.2723,-1
cover,533.3168,0,0,0,0
nearest,533.3168,-1
cover,533.3614,0,0,0,0
nearest,533.3614,-1
cover,533.3996,0,0,0,0
nearest,533.3996,-1
cover,533.4421,0,0,0,0
nearest,533.4421,-1
cover,533.4844,0,0,0,0
nearest,533.4844,-1
cover,533.5304,0,0,0,0
nearest,533.5304,-1
cover,533.5706,0,0,0,0
nearest,533.5706,-1
cover,533.6122,0,0,0,0
nearest,533.6122,-1
cover,533.6605,0,0,0,0
nearest,533.6605,-1
cover,533.7068,0,0,0,0
nearest,533.7068,-1
cover,533.7452,0,0,0,0
nearest,533.7452,-1
cover,533.7848,0,0,0,0
nearest,533.7848,-1
cover,533.8296,0,0,0,0
nearest,533.8297,-1
cover,533.8705,0,0,0,0
nearest,533.8706,-1
cover,533.9101,0,0,0,0
nearest,533.9102,-1
cover,533.9533,0,0,0,0
nearest,533.9533,-1
cover,533.9915,0,0,0,0
nearest,533.9915,-1
cover,534.0361,0,0,0,0
nearest,534.0362,-1
cover,534.0787,0,0,0,0
nearest,534.0787,-1
cover,534.1248,0,0,0,0
nearest,534.1248,-1
cover,534.1714,0,0,0,0
nearest,534.1714,-1
cover,534.2091,0,0,0,0
nearest,534.2091,-1
cover,534.2537,0,0,0,0
nearest,534.2537,-1
cover,534.2931,0,0,0,0
nearest,534.2931,-1
cover,534.337,0,0,0,0
nearest,534.337,-1
cover,534.3776,0,0,0,0
nearest,534.3776,-1
cover,534.4184,0,0,0,0
nearest,534.4184,-1
cover,534.4606,0,0,0,0
nearest,534.4606,-1
cover,534.5006,0,0,0,0
nearest,534.5006,-1
cover,534.5461,0,0,0,0
nearest,534.5461,-1
cover,534.5864,0,0,0,0
nearest,534.5864,-1
cover,534.6307,0,0,0,0
nearest,534.6307,-1
cover,534.6722,0,0,0,0
nearest,534.6722,-1
cover,534.711,0,0,0,0
nearest,534.711,-1
cover,534.7537,0,0,0,0
nearest,534.7537,-1
cover,534.7982,0,0,0,0
nearest,534.7983,-1
cover,534.8359,0,0,0,0
nearest,534.8359,-1
cover,534.8781,0,0,0,0
nearest,534.8781,-1
cover,534.9223,0,0,0,0
nearest,534.9223,-1
cover,534.9619,0,0,0,0
nearest,534.9619,-1
cover,535.0034,0,0,0,0
nearest,535.0034,-1
cover,535.0453,0,0,0,0
nearest,535.0453,-1
cover,535.0881,0,0,0,0
nearest,535.0881,-1
cover,535.1297,0,0,0,0
nearest,535.1297,-1
cover,535.1691,0,0,0,0
nearest,535.1692,-1
cover,535.2091,0,0,0,0
nearest,535.2091,-1
cover,535.2577,0,0,0,0
nearest,535.2577,-1
cover,535.3048,0,0,0,0
nearest,535.3048,-1
cover,535.344,0,0,0,0
nearest,535.344,-1
cover,535.39,0,0,0,0
nearest,535.3901,-1
cover,535.4303,0,0,0,0
nearest,535.4303,-1
cover,535.4732,0,0,0,0
nearest,535.4732,-1
cover,535.5096,0,0,0,0
nearest,535.5096,-1
cover,535.5547,0,0,0,0
nearest,535.5547,-1
cover,535.5914,0,0,0,0
nearest,535.5914,-1
cover,535.6345,0,0,0,0
nearest,535.6345,-1
cover,535.6758,0,0,0,0
nearest,535.6758,-1
cover,535.7174,0,0,0,0
nearest,535.7174,-1
cover,535.7653,0,0,0,0
nearest,535.7654,-1
cover,535.8074,0,0,0,0
nearest,535.8074,-1
cover,535.8598,0,0,0,0
nearest,535.8598,-1
cover,535.9064,0,0,0,0
nearest,535.9064,-1
cover,535.9409,0,0,0,0
nearest,535.9409,-1
cover,535.9902,0,0,0,0
nearest,535.9903,-1
cover,536.0286,0,0,0,0
nearest,536.0287,-1
cover,536.0708,0,0,0,0
nearest,536.0708,-1
cover,536.1115,0,0,0,0
nearest,536.1116,-1
cover,536.1512,0,0,0,0
nearest,536.1512,-1
cover,536.1951,0,0,0,0
nearest,536.1952,-1
cover,536.2378,0,0,0,0
nearest,536.2378,-1
cover,536.2789,0,0,0,0
nearest,536.279,-1
cover,536.3225,0,0,0,0
nearest,536.3225,-1
cover,536.3619,0,0,0,0
nearest,536.3619,-1
cover,536.4084,0,0,0,0
nearest,536.4085,-1
cover,536.4555,0,0,0,0
nearest,536.4556,-1
cover,536.4976,0,0,0,0
nearest,536.4977,-1
cover,536.5366,0,0,0,0
nearest,536.5367,-1
cover,536.5791,0,0,0,0
nearest,536.5791,-1
cover,536.6172,0,0,0,0
nearest,536.6173,-1
cover,536.6603,0,0,0,0
nearest,536.6604,-1
cover,536.7056,0,0,0,0
nearest,536.7056,-1
cover,536.747,0,0,0,0
nearest,536.747,-1
cover,536.7868,0,0,0,0
nearest,536.7868,-1
cover,536.8333,0,0,0,0
nearest,536.8333,-1
cover,536.8792,0,0,0,0
nearest,536.8792,-1
cover,536.923,0,0,0,0
nearest,536.9231,-1
cover,537.0087,0,0,0,0
nearest,537.0087,-1
cover,537.0537,0,0,0,0
nearest,537.0538,-1
cover,537.0969,0,0,0,0
nearest,537.097,-1
cover,537.1411,0,0,0,0
nearest,537.1411,-1
cover,537.1841,0,0,0,0
nearest,537.1841,-1
cover,537.2288,0,0,0,0
nearest,537.2289,-1
cover,537.2737,0,0,0,0
nearest,537.2737,-1
cover,537.3134,0,0,0,0
nearest,537.3134,-1
cover,537.3502,0,0,0,0
nearest,537.3502,-1
cover,537.3935,0,0,0,0
nearest,537.3935,-1
cover,537.4402,0,0,0,0
nearest,537.4402,-1
cover,537.4774,0,0,0,0
nearest,537.4774,-1
cover,537.5199,0,0,0,0
nearest,537.5199,-1
cover,537.5627,0,0,0,0
nearest,537.5627,-1
cover,537.6131,0,0,0,0
nearest,537.6131,-1
cover,537.6539,0,0,0,0
nearest,537.6539,-1
cover,537.6962,0,0,0,0
nearest,537.6962,-1
cover,537.7317,0,0,0,0
nearest,537.7318,-1
cover,537.7639,0,0,0,0
nearest,537.7639,-1
cover,537.8036,0,0,0,0
nearest,537.8036,-1
cover,537.8444,0,0,0,0
nearest,537.8445,-1
cover,537.8809,0,0,0,0
nearest,537.8809,-1
cover,537.9212,0,0,0,0
nearest,537.9213,-1
cover,537.9578,0,0,0,0
nearest,537.9578,-1
cover,538.0001,0,0,0,0
nearest,538.0001,-1
cover,538.0411,0,0,0,0
nearest,538.0411,-1
cover,538.0837,0,0,0,0
nearest,538.0838,-1
cover,538.1301,0,0,0,0
nearest,538.1302,-1
cover,538.1655,0,0,0,0
nearest,538.1656,-1
cover,538.209,0,0,0,0
nearest,538.209,-1
cover,538.2522,0,0,0,0
nearest,538.2523,-1
cover,538.295,0,0,0,0
nearest,538.295,-1
cover,538.3331,0,0,0,0
nearest,538.3331,-1
cover,538.3774,0,0,0,0
nearest,538.3775,-1
