kind,t,a,b
meta,0,1.3398561541818312,60
cover,0.2275,0,0,0,0
nearest,0.2275,-1
cover,0.2588,0,0,0,0
nearest,0.2588,-1
cover,0.2884,0,0,0,0
nearest,0.2884,-1
cover,0.3174,0,0,0,0
nearest,0.3174,-1
cover,0.3459,0,0,0,0
nearest,0.346,-1
cover,0.3763,0,0,0,0
nearest,0.3763,-1
cover,0.4074,0,0,0,0
nearest,0.4074,-1
cover,0.4374,0,0,0,0
nearest,0.4374,-1
cover,0.4684,0,0,0,0
nearest,0.4684,-1
cover,0.5034,0,0,0,0
nearest,0.5034,-1
cover,0.5309,0,0,0,0
nearest,0.5309,-1
cover,0.5672,0,0,0,0
nearest,0.5672,-1
cover,0.5944,0,0,0,0
nearest,0.5944,-1
cover,0.6264,0,0,0,0
nearest,0.6264,-1
cover,0.6543,0,0,0,0
nearest,0.6543,-1
cover,0.682,0,0,0,0
nearest,0.682,-1
cover,0.709,0,0,0,0
nearest,0.7091,-1
cover,0.7356,0,0,0,0
nearest,0.7356,-1
cover,0.7611,0,0,0,0
nearest,0.7611,-1
cover,0.7892,0,0,0,0
nearest,0.7892,-1
cover,0.8156,0,0,0,0
nearest,0.8157,-1
cover,0.8426,0,0,0,0
nearest,0.8426,-1
cover,0.8709,0,0,0,0
nearest,0.8709,-1
cover,0.9034,0,0,0,0
nearest,0.9035,-1
cover,0.9348,0,0,0,0
nearest,0.9348,-1
cover,0.9618,0,0,0,0
nearest,0.9618,-1
cover,0.9864,0,0,0,0
nearest,0.9864,-1
cover,1.0196,0,0,0,0
nearest,1.0196,-1
cover,1.0462,0,0,0,0
nearest,1.0462,-1
cover,1.0768,0,0,0,0
nearest,1.0769,-1
cover,1.1198,0,0,0,0
nearest,1.1199,-1
cover,1.167,0,0,0,0
nearest,1.167,-1
cover,1.2026,0,0,0,0
nearest,1.2026,-1
cover,1.2285,0,0,0,0
nearest,1.2285,-1
cover,1.2587,0,0,0,0
nearest,1.2587,-1
cover,1.2884,0,0,0,0
nearest,1.2884,-1
cover,1.3149,0,0,0,0
nearest,1.315,-1
cover,1.3414,0,0,0,0
nearest,1.3415,-1
cover,1.3691,0,0,0,0
nearest,1.3691,-1
cover,1.3956,0,0,0,0
nearest,1.3956,-1
cover,1.4223,0,0,0,0
nearest,1.4224,-1
cover,1.4518,0,0,0,0
nearest,1.4518,-1
cover,1.4806,0,0,0,0
nearest,1.4807,-1
cover,1.5139,0,0,0,0
nearest,1.514,-1
cover,1.5429,0,0,0,0
nearest,1.5429,-1
cover,1.5707,0,0,0,0
nearest,1.5707,-1
cover,1.6035,0,0,0,0
nearest,1.6036,-1
cover,1.6408,0,0,0,0
nearest,1.6409,-1
cover,1.7239,0,0,0,0
nearest,1.724,-1
cover,1.7779,0,0,0,0
nearest,1.778,-1
cover,1.8152,0,0,0,0
nearest,1.8153,-1
cover,1.8457,0,0,0,0
nearest,1.8457,-1
cover,1.8729,0,0,0,0
nearest,1.8729,-1
cover,1.8997,0,0,0,0
nearest,1.8997,-1
cover,1.9316,0,0,0,0
nearest,1.9316,-1
cover,1.9641,0,0,0,0
nearest,1.9641,-1
cover,1.9912,0,0,0,0
nearest,1.9912,-1
cover,2.0181,0,0,0,0
nearest,2.0182,-1
cover,2.0453,0,0,0,0
nearest,2.0454,-1
cover,2.07,0,0,0,0
nearest,2.07,-1
cover,2.097,0,0,0,0
nearest,2.097,-1
cover,2.1322,0,0,0,0
nearest,2.1323,-1
cover,2.1657,0,0,0,0
nearest,2.1657,-1
cover,2.1916,0,0,0,0
nearest,2.1916,-1
cover,2.2168,0,0,0,0
nearest,2.2168,-1
cover,2.2461,0,0,0,0
nearest,2.2462,-1
cover,2.2812,0,0,0,0
nearest,2.2812,-1
cover,2.3163,0,0,0,0
nearest,2.3163,-1
cover,2.366,0,0,0,0
nearest,2.366,-1
cover,2.4121,0,0,0,0
nearest,2.4122,-1
cover,2.4517,0,0,0,0
nearest,2.4517,-1
cover,2.4834,0,0,0,0
nearest,2.4835,-1
cover,2.5155,0,0,0,0
nearest,2.5155,-1
cover,2.5503,0,0,0,0
nearest,2.5503,-1
cover,2.5857,0,0,0,0
nearest,2.5857,-1
cover,2.6188,0,0,0,0
nearest,2.6188,-1
cover,2.6538,0,0,0,0
nearest,2.6538,-1
cover,2.696,0,0,0,0
nearest,2.696,-1
cover,2.7294,0,0,0,0
nearest,2.7295,-1
cover,2.7641,0,0,0,0
nearest,2.7641,-1
cover,2.7963,0,0,0,0
nearest,2.7964,-1
cover,2.8449,0,0,0,0
nearest,2.8449,-1
cover,2.8825,0,0,0,0
nearest,2.8825,-1
cover,2.9176,0,0,0,0
nearest,2.9177,-1
cover,2.9573,0,0,0,0
nearest,2.9573,-1
cover,2.9916,0,0,0,0
nearest,2.9916,-1
cover,3.0269,0,0,0,0
nearest,3.0269,-1
cover,3.0614,0,0,0,0
nearest,3.0614,-1
cover,3.0918,0,0,0,0
nearest,3.0918,-1
cover,3.1281,0,0,0,0
nearest,3.1281,-1
cover,3.1672,0,0,0,0
nearest,3.1672,-1
cover,3.2468,0,0,0,0
nearest,3.2469,-1
cover,3.2888,0,0,0,0
nearest,3.2888,-1
cover,3.3265,0,0,0,0
nearest,3.3265,-1
cover,3.3659,0,0,0,0
nearest,3.3659,-1
cover,3.4029,0,0,0,0
nearest,3.4029,-1
cover,3.4464,0,0,0,0
nearest,3.4464,-1
cover,3.5246,0,0,0,0
nearest,3.5246,-1
cover,3.5798,0,0,0,0
nearest,3.5799,-1
cover,3.6516,0,0,0,0
nearest,3.6517,-1
cover,3.6931,0,0,0,0
nearest,3.6931,-1
cover,3.7401,0,0,0,0
nearest,3.7401,-1
cover,3.789,0,0,0,0
nearest,3.789,-1
cover,3.8253,0,0,0,0
nearest,3.8253,-1
cover,3.8595,0,0,0,0
nearest,3.8595,-1
cover,3.893,0,0,0,0
nearest,3.893,-1
cover,3.9293,0,0,0,0
nearest,3.9294,-1
cover,3.9669,0,0,0,0
nearest,3.9669,-1
cover,3.9959,0,0,0,0
nearest,3.9959,-1
cover,4.0293,0,0,0,0
nearest,4.0294,-1
cover,4.0595,0,0,0,0
nearest,4.0595,-1
cover,4.0903,0,0,0,0
nearest,4.0903,-1
cover,4.1245,0,0,0,0
nearest,4.1245,-1
cover,4.1588,0,0,0,0
nearest,4.1588,-1
cover,4.1916,0,0,0,0
nearest,4.1917,-1
cover,4.2249,0,0,0,0
nearest,4.2249,-1
cover,4.2679,0,0,0,0
nearest,4.2679,-1
cover,4.3003,0,0,0,0
nearest,4.3003,-1
cover,4.3462,0,0,0,0
nearest,4.3462,-1
cover,4.3852,0,0,0,0
nearest,4.3853,-1
cover,4.4229,0,0,0,0
nearest,4.423,-1
cover,4.4557,0,0,0,0
nearest,4.4557,-1
cover,4.4876,0,0,0,0
nearest,4.4876,-1
cover,4.523,0,0,0,0
nearest,4.523,-1
cover,4.563,0,0,0,0
nearest,4.5631,-1
cover,4.5977,0,0,0,0
nearest,4.5978,-1
cover,4.6354,0,0,0,0
nearest,4.6354,-1
cover,4.6819,0,0,0,0
nearest,4.682,-1
cover,4.714,0,0,0,0
nearest,4.7141,-1
cover,4.7467,0,0,0,0
nearest,4.7468,-1
cover,4.779,0,0,0,0
nearest,4.7791,-1
cover,4.8126,0,0,0,0
nearest,4.8126,-1
cover,4.8442,0,0,0,0
nearest,4.8442,-1
cover,4.8752,0,0,0,0
nearest,4.8752,-1
cover,4.9127,0,0,0,0
nearest,4.9127,-1
cover,4.9502,0,0,0,0
nearest,4.9502,-1
cover,4.9833,0,0,0,0
nearest,4.9833,-1
cover,5.0213,0,0,0,0
nearest,5.0213,-1
cover,5.0547,0,0,0,0
nearest,5.0548,-1
cover,5.085,0,0,0,0
nearest,5.085,-1
cover,5.1167,0,0,0,0
nearest,5.1167,-1
cover,5.1458,0,0,0,0
nearest,5.1458,-1
cover,5.1752,0,0,0,0
nearest,5.1753,-1
cover,5.2134,0,0,0,0
nearest,5.2134,-1
cover,5.241,0,0,0,0
nearest,5.241,-1
cover,5.2793,0,0,0,0
nearest,5.2794,-1
cover,5.3131,0,0,0,0
nearest,5.3131,-1
cover,5.3415,0,0,0,0
nearest,5.3416,-1
cover,5.3774,0,0,0,0
nearest,5.3774,-1
cover,5.4107,0,0,0,0
nearest,5.4107,-1
cover,5.4446,0,0,0,0
nearest,5.4446,-1
cover,5.4778,0,0,0,0
nearest,5.4778,-1
cover,5.5069,0,0,0,0
nearest,5.507,-1
cover,5.5431,0,0,0,0
nearest,5.5431,-1
cover,5.5769,0,0,0,0
nearest,5.5769,-1
cover,5.6076,0,0,0,0
nearest,5.6077,-1
cover,5.6426,0,0,0,0
nearest,5.6426,-1
cover,5.6791,0,0,0,0
nearest,5.6792,-1
cover,5.711,0,0,0,0
nearest,5.711,-1
cover,5.7449,0,0,0,0
nearest,5.7449,-1
cover,5.7773,0,0,0,0
nearest,5.7773,-1
cover,5.8076,0,0,0,0
nearest,5.8076,-1
cover,5.8418,0,0,0,0
nearest,5.8419,-1
cover,5.8745,0,0,0,0
nearest,5.8745,-1
cover,5.9076,0,0,0,0
nearest,5.9076,-1
cover,5.9436,0,0,0,0
nearest,5.9436,-1
cover,5.9766,0,0,0,0
nearest,5.9766,-1
cover,6.0048,0,0,0,0
nearest,6.0048,-1
cover,6.0316,0,0,0,0
nearest,6.0316,-1
cover,6.0578,0,0,0,0
nearest,6.0578,-1
cover,6.0868,0,0,0,0
nearest,6.0869,-1
cover,6.1171,0,0,0,0
nearest,6.1172,-1
cover,6.151,0,0,0,0
nearest,6.151,-1
cover,6.1793,0,0,0,0
nearest,6.1793,-1
cover,6.2114,0,0,0,0
nearest,6.2115,-1
cover,6.2405,0,0,0,0
nearest,6.2406,-1
cover,6.2721,0,0,0,0
nearest,6.2721,-1
cover,6.3009,0,0,0,0
nearest,6.3009,-1
cover,6.3458,0,0,0,0
nearest,6.3458,-1
cover,6.3726,0,0,0,0
nearest,6.3727,-1
cover,6.4076,0,0,0,0
nearest,6.4076,-1
cover,6.4399,0,0,0,0
nearest,6.4399,-1
cover,6.4724,0,0,0,0
nearest,6.4724,-1
cover,6.5072,0,0,0,0
nearest,6.5072,-1
cover,6.539,0,0,0,0
nearest,6.539,-1
cover,6.569,0,0,0,0
nearest,6.569,-1
cover,6.5922,0,0,0,0
nearest,6.5922,-1
cover,6.6166,0,0,0,0
nearest,6.6166,-1
cover,6.6426,0,0,0,0
nearest,6.6426,-1
cover,6.6684,0,0,0,0
nearest,6.6684,-1
cover,6.694,0,0,0,0
nearest,6.694,-1
cover,6.7218,0,0,0,0
nearest,6.7219,-1
cover,6.748,0,0,0,0
nearest,6.748,-1
cover,6.7781,0,0,0,0
nearest,6.7781,-1
cover,6.8111,0,0,0,0
nearest,6.8112,-1
cover,6.8412,0,0,0,0
nearest,6.8413,-1
cover,6.8746,0,0,0,0
nearest,6.8746,-1
cover,6.9077,0,0,0,0
nearest,6.9081,-1
cover,6.9393,0,0,0,0
nearest,6.9393,-1
cover,6.9771,0,0,0,0
nearest,6.9771,-1
cover,7.009,0,0,0,0
nearest,7.009,-1
cover,7.0458,0,0,0,0
nearest,7.0458,-1
cover,7.0774,0,0,0,0
nearest,7.0774,-1
cover,7.1105,0,0,0,0
nearest,7.1106,-1
cover,7.1492,0,0,0,0
nearest,7.1492,-1
cover,7.1816,0,0,0,0
nearest,7.1817,-1
cover,7.2263,0,0,0,0
nearest,7.2263,-1
cover,7.2654,0,0,0,0
nearest,7.2654,-1
cover,7.3123,0,0,0,0
nearest,7.3124,-1
cover,7.3448,0,0,0,0
nearest,7.3449,-1
cover,7.378,1,0,1,0
nearest,7.378,-1
cover,7.4174,0,0,0,0
nearest,7.4174,-1
cover,7.4512,0,0,0,0
nearest,7.4512,-1
cover,7.4902,0,0,0,0
nearest,7.4903,-1
cover,7.5226,0,0,0,0
nearest,7.5226,-1
cover,7.5556,0,0,0,0
nearest,7.5557,-1
cover,7.5892,0,0,0,0
nearest,7.5892,-1
cover,7.622,0,0,0,0
nearest,7.622,-1
cover,7.654,0,0,0,0
nearest,7.6541,-1
cover,7.687,0,0,0,0
nearest,7.687,-1
cover,7.7212,0,0,0,0
nearest,7.7212,-1
cover,7.7531,0,0,0,0
nearest,7.7532,-1
cover,7.7876,0,0,0,0
nearest,7.7876,-1
cover,7.8178,0,0,0,0
nearest,7.8179,-1
cover,7.8483,0,0,0,0
nearest,7.8483,-1
cover,7.8753,0,0,0,0
nearest,7.8753,-1
cover,7.9111,0,0,0,0
nearest,7.9112,-1
cover,7.9427,0,0,0,0
nearest,7.9427,-1
cover,7.9753,0,0,0,0
nearest,7.9753,-1
cover,8.0111,0,0,0,0
nearest,8.0111,-1
cover,8.0477,0,0,0,0
nearest,8.0478,-1
cover,8.0832,0,0,0,0
nearest,8.0833,-1
cover,8.1139,0,0,0,0
nearest,8.1139,-1
cover,8.1466,0,0,0,0
nearest,8.1466,-1
cover,8.1747,0,0,0,0
nearest,8.1748,-1
cover,8.2095,0,0,0,0
nearest,8.2095,-1
cover,8.2436,0,0,0,0
nearest,8.2437,-1
cover,8.2778,0,0,0,0
nearest,8.2778,-1
cover,8.3132,0,0,0,0
nearest,8.3133,-1
cover,8.3491,0,0,0,0
nearest,8.3492,-1
cover,8.3766,0,0,0,0
nearest,8.3766,-1
cover,8.4121,0,0,0,0
nearest,8.4121,-1
cover,8.4446,0,0,0,0
nearest,8.4447,-1
cover,8.4764,0,0,0,0
nearest,8.4764,-1
cover,8.5106,0,0,0,0
nearest,8.5107,-1
cover,8.5391,0,0,0,0
nearest,8.5392,-1
cover,8.5685,0,0,0,0
nearest,8.5686,-1
cover,8.6,0,0,0,0
nearest,8.6,-1
cover,8.6364,0,0,0,0
nearest,8.6364,-1
cover,8.6806,0,0,0,0
nearest,8.6806,-1
cover,8.714,0,0,0,0
nearest,8.714,-1
cover,8.7438,0,0,0,0
nearest,8.7438,-1
cover,8.7772,0,0,0,0
nearest,8.7772,-1
cover,8.8145,0,0,0,0
nearest,8.8145,-1
cover,8.8464,0,0,0,0
nearest,8.8464,-1
cover,8.8776,0,0,0,0
nearest,8.8777,-1
cover,8.9161,0,0,0,0
nearest,8.9161,-1
cover,8.9501,0,0,0,0
nearest,8.9501,-1
cover,8.9807,0,0,0,0
nearest,8.9807,-1
cover,9.016,0,0,0,0
nearest,9.016,-1
cover,9.0468,0,0,0,0
nearest,9.0469,-1
cover,9.0752,0,0,0,0
nearest,9.0752,-1
cover,9.114,0,0,0,0
nearest,9.114,-1
cover,9.1465,0,0,0,0
nearest,9.1465,-1
cover,9.176,0,0,0,0
nearest,9.176,-1
cover,9.2103,0,0,0,0
nearest,9.2103,-1
cover,9.2467,0,0,0,0
nearest,9.2467,-1
cover,9.2806,0,0,0,0
nearest,9.2807,-1
cover,9.3138,0,0,0,0
nearest,9.3139,-1
cover,9.3477,0,0,0,0
nearest,9.3477,-1
cover,9.3823,0,0,0,0
nearest,9.3823,-1
cover,9.4175,0,0,0,0
nearest,9.4175,-1
cover,9.452,0,0,0,0
nearest,9.452,-1
cover,9.4902,2,1,1,0
nearest,9.4904,37.1
cover,9.5261,1,0,1,0
nearest,9.5261,-1
cover,9.5616,1,0,1,0
nearest,9.5616,-1
cover,9.5988,1,0,1,0
nearest,9.5989,-1
cover,9.6331,1,0,1,0
nearest,9.6331,-1
cover,9.6802,2,0,2,0
nearest,9.6802,-1
cover,9.7153,0,0,0,0
nearest,9.7153,-1
cover,9.7493,1,0,1,0
nearest,9.7493,-1
cover,9.7842,1,0,1,0
nearest,9.7842,-1
cover,9.82,0,0,0,0
nearest,9.8201,-1
cover,9.8539,0,0,0,0
nearest,9.8539,-1
cover,9.8976,0,0,0,0
nearest,9.8976,-1
cover,9.9356,0,0,0,0
nearest,9.9356,-1
cover,9.9827,0,0,0,0
nearest,9.9827,-1
cover,10.0185,0,0,0,0
nearest,10.0186,-1
cover,10.0534,0,0,0,0
nearest,10.0534,-1
cover,10.0921,0,0,0,0
nearest,10.0921,-1
cover,10.1264,0,0,0,0
nearest,10.1264,-1
cover,10.1611,0,0,0,0
nearest,10.1611,-1
cover,10.1973,0,0,0,0
nearest,10.1973,-1
cover,10.2367,0,0,0,0
nearest,10.2368,-1
cover,10.2833,0,0,0,0
nearest,10.2833,-1
cover,10.3198,0,0,0,0
nearest,10.3198,-1
cover,10.355,0,0,0,0
nearest,10.355,-1
cover,10.3948,0,0,0,0
nearest,10.3948,-1
cover,10.429,0,0,0,0
nearest,10.429,-1
cover,10.4662,0,0,0,0
nearest,10.4662,-1
cover,10.5072,0,0,0,0
nearest,10.5073,-1
cover,10.549,0,0,0,0
nearest,10.549,-1
cover,10.5845,0,0,0,0
nearest,10.5845,-1
cover,10.6182,0,0,0,0
nearest,10.6182,-1
cover,10.6558,0,0,0,0
nearest,10.6559,-1
cover,10.6887,0,0,0,0
nearest,10.6887,-1
cover,10.7215,0,0,0,0
nearest,10.7216,-1
cover,10.7582,0,0,0,0
nearest,10.7582,-1
cover,10.7935,1,0,1,0
nearest,10.7935,-1
cover,10.8315,0,0,0,0
nearest,10.8315,-1
cover,10.8647,0,0,0,0
nearest,10.8647,-1
cover,10.9005,1,0,1,0
nearest,10.9005,-1
cover,10.9451,1,0,1,0
nearest,10.9452,-1
cover,10.9813,0,0,0,0
nearest,10.9813,-1
cover,11.013,0,0,0,0
nearest,11.0131,-1
cover,11.0473,0,0,0,0
nearest,11.0473,-1
cover,11.0803,0,0,0,0
nearest,11.0803,-1
cover,11.111,0,0,0,0
nearest,11.111,-1
cover,11.1437,0,0,0,0
nearest,11.1437,-1
cover,11.1783,0,0,0,0
nearest,11.1783,-1
cover,11.2153,0,0,0,0
nearest,11.2153,-1
cover,11.2503,0,0,0,0
nearest,11.2503,-1
cover,11.2865,0,0,0,0
nearest,11.2865,-1
cover,11.3241,1,0,1,0
nearest,11.3241,-1
cover,11.3596,1,0,1,0
nearest,11.3596,-1
cover,11.393,1,0,1,0
nearest,11.393,-1
cover,11.4285,1,0,1,0
nearest,11.4285,-1
cover,11.4646,1,0,1,0
nearest,11.4647,-1
cover,11.5043,1,0,1,0
nearest,11.5044,-1
cover,11.5539,1,0,1,0
nearest,11.5539,-1
cover,11.5916,0,0,0,0
nearest,11.5916,-1
cover,11.628,0,0,0,0
nearest,11.628,-1
cover,11.6697,0,0,0,0
nearest,11.6697,-1
cover,11.7054,0,0,0,0
nearest,11.7054,-1
cover,11.7596,0,0,0,0
nearest,11.7596,-1
cover,11.8143,0,0,0,0
nearest,11.8144,-1
cover,11.8546,0,0,0,0
nearest,11.8546,-1
cover,11.8917,0,0,0,0
nearest,11.8917,-1
cover,11.9245,0,0,0,0
nearest,11.9245,-1
cover,11.9606,0,0,0,0
nearest,11.9606,-1
cover,11.9945,0,0,0,0
nearest,11.9946,-1
cover,12.0279,0,0,0,0
nearest,12.028,-1
cover,12.0648,0,0,0,0
nearest,12.0648,-1
cover,12.1042,0,0,0,0
nearest,12.1042,-1
cover,12.1464,0,0,0,0
nearest,12.1464,-1
cover,12.184,0,0,0,0
nearest,12.1841,-1
cover,12.2213,0,0,0,0
nearest,12.2214,-1
cover,12.2553,0,0,0,0
nearest,12.2553,-1
cover,12.2919,0,0,0,0
nearest,12.2919,-1
cover,12.3265,0,0,0,0
nearest,12.3265,-1
cover,12.3613,0,0,0,0
nearest,12.3614,-1
cover,12.3948,0,0,0,0
nearest,12.3949,-1
cover,12.4331,0,0,0,0
nearest,12.4332,-1
cover,12.4654,0,0,0,0
nearest,12.4654,-1
cover,12.4989,0,0,0,0
nearest,12.4989,-1
cover,12.5319,0,0,0,0
nearest,12.5319,-1
cover,12.5648,0,0,0,0
nearest,12.5648,-1
cover,12.5996,0,0,0,0
nearest,12.5996,-1
cover,12.6326,0,0,0,0
nearest,12.6326,-1
cover,12.6674,0,0,0,0
nearest,12.6674,-1
cover,12.6997,0,0,0,0
nearest,12.6997,-1
cover,12.7311,0,0,0,0
nearest,12.7312,-1
cover,12.7678,0,0,0,0
nearest,12.7678,-1
cover,12.8118,0,0,0,0
nearest,12.8119,-1
cover,12.8465,0,0,0,0
nearest,12.8465,-1
cover,12.8857,0,0,0,0
nearest,12.8857,-1
cover,12.923,0,0,0,0
nearest,12.9231,-1
cover,12.9595,0,0,0,0
nearest,12.9595,-1
cover,12.9935,0,0,0,0
nearest,12.9936,-1
cover,13.0271,0,0,0,0
nearest,13.0271,-1
cover,13.0671,0,0,0,0
nearest,13.0671,-1
cover,13.0999,0,0,0,0
nearest,13.1,-1
cover,13.149,0,0,0,0
nearest,13.149,-1
cover,13.1848,0,0,0,0
nearest,13.1848,-1
cover,13.2187,0,0,0,0
nearest,13.2188,-1
cover,13.2568,0,0,0,0
nearest,13.2568,-1
cover,13.2982,0,0,0,0
nearest,13.2983,-1
cover,13.3424,0,0,0,0
nearest,13.3424,-1
cover,13.4037,0,0,0,0
nearest,13.4037,-1
cover,13.4748,0,0,0,0
nearest,13.4748,-1
cover,13.5318,0,0,0,0
nearest,13.5319,-1
cover,13.5839,0,0,0,0
nearest,13.5839,-1
cover,13.6248,0,0,0,0
nearest,13.6248,-1
cover,13.6681,0,0,0,0
nearest,13.6682,-1
cover,13.7124,0,0,0,0
nearest,13.7124,-1
cover,13.7778,0,0,0,0
nearest,13.7779,-1
cover,13.8174,0,0,0,0
nearest,13.8174,-1
cover,13.852,0,0,0,0
nearest,13.852,-1
cover,13.8851,0,0,0,0
nearest,13.8851,-1
cover,13.9225,0,0,0,0
nearest,13.9225,-1
cover,13.9598,0,0,0,0
nearest,13.9598,-1
cover,14.016,0,0,0,0
nearest,14.016,-1
cover,14.076,0,0,0,0
nearest,14.076,-1
cover,14.1287,0,0,0,0
nearest,14.1288,-1
cover,14.1792,0,0,0,0
nearest,14.1792,-1
cover,14.2507,0,0,0,0
nearest,14.2507,-1
cover,14.3106,0,0,0,0
nearest,14.3107,-1
cover,14.3568,0,0,0,0
nearest,14.3568,-1
cover,14.4029,0,0,0,0
nearest,14.4029,-1
cover,14.4559,0,0,0,0
nearest,14.4559,-1
cover,14.4984,0,0,0,0
nearest,14.4984,-1
cover,14.5351,0,0,0,0
nearest,14.5351,-1
cover,14.5827,0,0,0,0
nearest,14.5827,-1
cover,14.6245,0,0,0,0
nearest,14.6247,-1
cover,14.6693,0,0,0,0
nearest,14.6693,-1
cover,14.7155,0,0,0,0
nearest,14.7155,-1
cover,14.753,0,0,0,0
nearest,14.7531,-1
cover,14.7949,0,0,0,0
nearest,14.7949,-1
cover,14.846,0,0,0,0
nearest,14.8461,-1
cover,14.8811,0,0,0,0
nearest,14.8812,-1
cover,14.919,0,0,0,0
nearest,14.919,-1
cover,14.9569,0,0,0,0
nearest,14.957,-1
cover,15.0189,0,0,0,0
nearest,15.0189,-1
cover,15.0751,0,0,0,0
nearest,15.0751,-1
cover,15.1333,0,0,0,0
nearest,15.1334,-1
cover,15.186,0,0,0,0
nearest,15.186,-1
cover,15.2349,0,0,0,0
nearest,15.2349,-1
cover,15.2783,0,0,0,0
nearest,15.2783,-1
cover,15.3142,0,0,0,0
nearest,15.3143,-1
cover,15.3438,0,0,0,0
nearest,15.3438,-1
cover,15.3757,0,0,0,0
nearest,15.3757,-1
cover,15.4115,0,0,0,0
nearest,15.4116,-1
cover,15.4469,0,0,0,0
nearest,15.4469,-1
cover,15.4815,0,0,0,0
nearest,15.4815,-1
cover,15.5155,0,0,0,0
nearest,15.5155,-1
cover,15.5495,0,0,0,0
nearest,15.5495,-1
cover,15.5839,0,0,0,0
nearest,15.584,-1
cover,15.6169,0,0,0,0
nearest,15.6169,-1
cover,15.6492,0,0,0,0
nearest,15.6493,-1
cover,15.6827,0,0,0,0
nearest,15.6828,-1
cover,15.7143,0,0,0,0
nearest,15.7143,-1
cover,15.7483,0,0,0,0
nearest,15.7483,-1
cover,15.7802,0,0,0,0
nearest,15.7803,-1
cover,15.8108,0,0,0,0
nearest,15.8108,-1
cover,15.8417,0,0,0,0
nearest,15.8417,-1
cover,15.8743,0,0,0,0
nearest,15.8743,-1
cover,15.91,0,0,0,0
nearest,15.91,-1
cover,15.9415,0,0,0,0
nearest,15.9416,-1
cover,15.9755,0,0,0,0
nearest,15.9755,-1
cover,16.01,0,0,0,0
nearest,16.01,-1
cover,16.0446,0,0,0,0
nearest,16.0446,-1
cover,16.0771,0,0,0,0
nearest,16.0771,-1
cover,16.1098,0,0,0,0
nearest,16.1098,-1
cover,16.1434,0,0,0,0
nearest,16.1434,-1
cover,16.1764,0,0,0,0
nearest,16.1764,-1
cover,16.2124,0,0,0,0
nearest,16.2124,-1
cover,16.245,0,0,0,0
nearest,16.245,-1
cover,16.3291,0,0,0,0
nearest,16.3291,-1
cover,16.3614,0,0,0,0
nearest,16.3614,-1
cover,16.3955,0,0,0,0
nearest,16.3955,-1
cover,16.4316,0,0,0,0
nearest,16.4316,-1
cover,16.4664,0,0,0,0
nearest,16.4664,-1
cover,16.5003,0,0,0,0
nearest,16.5003,-1
cover,16.5442,0,0,0,0
nearest,16.5442,-1
cover,16.5779,0,0,0,0
nearest,16.5779,-1
cover,16.6137,0,0,0,0
nearest,16.6137,-1
cover,16.6461,0,0,0,0
nearest,16.6462,-1
cover,16.6794,0,0,0,0
nearest,16.6794,-1
cover,16.7137,0,0,0,0
nearest,16.7138,-1
cover,16.7459,0,0,0,0
nearest,16.7459,-1
cover,16.7827,0,0,0,0
nearest,16.7827,-1
cover,16.82,0,0,0,0
nearest,16.82,-1
cover,16.8559,0,0,0,0
nearest,16.8559,-1
cover,16.8911,0,0,0,0
nearest,16.8911,-1
cover,16.9289,0,0,0,0
nearest,16.9289,-1
cover,16.967,0,0,0,0
nearest,16.967,-1
cover,16.9993,0,0,0,0
nearest,16.9993,-1
cover,17.036,0,0,0,0
nearest,17.036,-1
cover,17.0738,0,0,0,0
nearest,17.0738,-1
cover,17.1153,0,0,0,0
nearest,17.1154,-1
cover,17.1483,0,0,0,0
nearest,17.1483,-1
cover,17.1922,0,0,0,0
nearest,17.1923,-1
cover,17.2308,0,0,0,0
nearest,17.2309,-1
cover,17.2662,0,0,0,0
nearest,17.2663,-1
cover,17.2989,0,0,0,0
nearest,17.2989,-1
cover,17.3334,0,0,0,0
nearest,17.3334,-1
cover,17.3721,0,0,0,0
nearest,17.3721,-1
cover,17.4166,0,0,0,0
nearest,17.4167,-1
cover,17.4511,0,0,0,0
nearest,17.4511,-1
cover,17.4855,0,0,0,0
nearest,17.4855,-1
cover,17.5167,0,0,0,0
nearest,17.5167,-1
cover,17.5512,0,0,0,0
nearest,17.5512,-1
cover,17.5877,0,0,0,0
nearest,17.5877,-1
cover,17.6211,0,0,0,0
nearest,17.6211,-1
cover,17.6533,0,0,0,0
nearest,17.6533,-1
cover,17.6853,0,0,0,0
nearest,17.6854,-1
cover,17.7178,0,0,0,0
nearest,17.7178,-1
cover,17.7468,0,0,0,0
nearest,17.7468,-1
cover,17.7795,0,0,0,0
nearest,17.7795,-1
cover,17.8118,0,0,0,0
nearest,17.8118,-1
cover,17.846,0,0,0,0
nearest,17.846,-1
cover,17.8819,0,0,0,0
nearest,17.8819,-1
cover,17.9125,0,0,0,0
nearest,17.9126,-1
cover,17.9461,0,0,0,0
nearest,17.9462,-1
cover,17.9819,0,0,0,0
nearest,17.9819,-1
cover,18.0124,0,0,0,0
nearest,18.0124,-1
cover,18.0448,0,0,0,0
nearest,18.0449,-1
cover,18.0805,0,0,0,0
nearest,18.0805,-1
cover,18.1149,0,0,0,0
nearest,18.1149,-1
cover,18.1464,0,0,0,0
nearest,18.1465,-1
cover,18.1801,0,0,0,0
nearest,18.1801,-1
cover,18.2124,0,0,0,0
nearest,18.2124,-1
cover,18.2472,0,0,0,0
nearest,18.2472,-1
cover,18.2797,0,0,0,0
nearest,18.2797,-1
cover,18.3124,0,0,0,0
nearest,18.3124,-1
cover,18.346,0,0,0,0
nearest,18.346,-1
cover,18.3804,0,0,0,0
nearest,18.3804,-1
cover,18.4161,0,0,0,0
nearest,18.4162,-1
cover,18.4519,0,0,0,0
nearest,18.4519,-1
cover,18.4853,0,0,0,0
nearest,18.4853,-1
cover,18.5175,0,0,0,0
nearest,18.5176,-1
cover,18.5502,0,0,0,0
nearest,18.5502,-1
cover,18.5806,0,0,0,0
nearest,18.5807,-1
cover,18.6123,0,0,0,0
nearest,18.6124,-1
cover,18.6452,0,0,0,0
nearest,18.6452,-1
cover,18.6783,0,0,0,0
nearest,18.6783,-1
cover,18.7149,0,0,0,0
nearest,18.7149,-1
cover,18.7486,0,0,0,0
nearest,18.7487,-1
cover,18.7817,0,0,0,0
nearest,18.7818,-1
cover,18.8146,0,0,0,0
nearest,18.8146,-1
cover,18.8486,0,0,0,0
nearest,18.8486,-1
cover,18.8827,0,0,0,0
nearest,18.8828,-1
cover,18.9169,0,0,0,0
nearest,18.9169,-1
cover,18.9501,0,0,0,0
nearest,18.9501,-1
cover,18.983,0,0,0,0
nearest,18.983,-1
cover,19.0156,0,0,0,0
nearest,19.0156,-1
cover,19.0471,0,0,0,0
nearest,19.0471,-1
cover,19.0817,0,0,0,0
nearest,19.0817,-1
cover,19.1158,0,0,0,0
nearest,19.1158,-1
cover,19.1462,0,0,0,0
nearest,19.1463,-1
cover,19.1831,0,0,0,0
nearest,19.1831,-1
cover,19.2224,0,0,0,0
nearest,19.2224,-1
cover,19.2562,0,0,0,0
nearest,19.2562,-1
cover,19.295,0,0,0,0
nearest,19.295,-1
cover,19.3307,0,0,0,0
nearest,19.3307,-1
cover,19.3645,0,0,0,0
nearest,19.3645,-1
cover,19.3965,0,0,0,0
nearest,19.3965,-1
cover,19.4318,0,0,0,0
nearest,19.4318,-1
cover,19.4668,0,0,0,0
nearest,19.4669,-1
cover,19.5004,0,0,0,0
nearest,19.5004,-1
cover,19.5307,0,0,0,0
nearest,19.5307,-1
cover,19.5653,0,0,0,0
nearest,19.5653,-1
cover,19.5962,0,0,0,0
nearest,19.5962,-1
cover,19.6281,0,0,0,0
nearest,19.6281,-1
cover,19.6595,0,0,0,0
nearest,19.6595,-1
cover,19.6912,0,0,0,0
nearest,19.6912,-1
cover,19.7229,0,0,0,0
nearest,19.7229,-1
cover,19.7515,0,0,0,0
nearest,19.7516,-1
cover,19.7825,0,0,0,0
nearest,19.7825,-1
cover,19.813,0,0,0,0
nearest,19.8131,-1
cover,19.8452,0,0,0,0
nearest,19.8452,-1
cover,19.8792,0,0,0,0
nearest,19.8792,-1
cover,19.9136,0,0,0,0
nearest,19.9136,-1
cover,19.945,0,0,0,0
nearest,19.945,-1
cover,19.9797,0,0,0,0
nearest,19.9797,-1
cover,20.0129,0,0,0,0
nearest,20.013,-1
cover,20.0468,0,0,0,0
nearest,20.0468,-1
cover,20.0792,0,0,0,0
nearest,20.0792,-1
cover,20.1134,0,0,0,0
nearest,20.1134,-1
cover,20.1463,0,0,0,0
nearest,20.1464,-1
cover,20.1787,0,0,0,0
nearest,20.1788,-1
cover,20.2124,0,0,0,0
nearest,20.2124,-1
cover,20.2459,0,0,0,0
nearest,20.2459,-1
cover,20.2811,0,0,0,0
nearest,20.2812,-1
cover,20.3134,0,0,0,0
nearest,20.3134,-1
cover,20.3448,0,0,0,0
nearest,20.3449,-1
cover,20.379,0,0,0,0
nearest,20.379,-1
cover,20.4162,0,0,0,0
nearest,20.4162,-1
cover,20.4492,0,0,0,0
nearest,20.4492,-1
cover,20.482,0,0,0,0
nearest,20.4821,-1
cover,20.5162,0,0,0,0
nearest,20.5162,-1
cover,20.5457,0,0,0,0
nearest,20.5458,-1
cover,20.5789,0,0,0,0
nearest,20.5789,-1
cover,20.6137,0,0,0,0
nearest,20.6137,-1
cover,20.6472,0,0,0,0
nearest,20.6472,-1
cover,20.6794,0,0,0,0
nearest,20.6794,-1
cover,20.7122,0,0,0,0
nearest,20.7122,-1
cover,20.7444,0,0,0,0
nearest,20.7444,-1
cover,20.7805,0,0,0,0
nearest,20.7806,-1
cover,20.8124,0,0,0,0
nearest,20.8125,-1
cover,20.846,0,0,0,0
nearest,20.846,-1
cover,20.8786,0,0,0,0
nearest,20.8787,-1
cover,20.9052,0,0,0,0
nearest,20.9053,-1
cover,20.9403,0,0,0,0
nearest,20.9404,-1
cover,20.9913,0,0,0,0
nearest,20.9913,-1
cover,21.0319,0,0,0,0
nearest,21.0319,-1
cover,21.0671,0,0,0,0
nearest,21.0671,-1
cover,21.1017,0,0,0,0
nearest,21.1017,-1
cover,21.1314,0,0,0,0
nearest,21.1315,-1
cover,21.1629,0,0,0,0
nearest,21.1629,-1
cover,21.1942,0,0,0,0
nearest,21.1942,-1
cover,21.2297,0,0,0,0
nearest,21.2297,-1
cover,21.2664,0,0,0,0
nearest,21.2664,-1
cover,21.2943,0,0,0,0
nearest,21.2943,-1
cover,21.3216,0,0,0,0
nearest,21.3216,-1
cover,21.3474,0,0,0,0
nearest,21.3474,-1
cover,21.379,0,0,0,0
nearest,21.379,-1
cover,21.4157,0,0,0,0
nearest,21.4157,-1
cover,21.4461,0,0,0,0
nearest,21.4461,-1
cover,21.48,0,0,0,0
nearest,21.4801,-1
cover,21.5126,0,0,0,0
nearest,21.5126,-1
cover,21.5448,0,0,0,0
nearest,21.5448,-1
cover,21.5788,0,0,0,0
nearest,21.5788,-1
cover,21.6131,0,0,0,0
nearest,21.6132,-1
cover,21.6463,0,0,0,0
nearest,21.6464,-1
cover,21.6718,0,0,0,0
nearest,21.6718,-1
cover,21.6995,0,0,0,0
nearest,21.6996,-1
cover,21.727,0,0,0,0
nearest,21.727,-1
cover,21.7556,0,0,0,0
nearest,21.7557,-1
cover,21.7836,0,0,0,0
nearest,21.7836,-1
cover,21.8133,0,0,0,0
nearest,21.8133,-1
cover,21.8426,0,0,0,0
nearest,21.8426,-1
cover,21.8707,0,0,0,0
nearest,21.8708,-1
cover,21.9124,0,0,0,0
nearest,21.9124,-1
cover,21.9487,0,0,0,0
nearest,21.9487,-1
cover,21.978,0,0,0,0
nearest,21.978,-1
cover,22.0124,0,0,0,0
nearest,22.0125,-1
cover,22.0451,0,0,0,0
nearest,22.0451,-1
cover,22.0782,0,0,0,0
nearest,22.0783,-1
cover,22.1142,0,0,0,0
nearest,22.1142,-1
cover,22.1473,0,0,0,0
nearest,22.1473,-1
cover,22.179,0,0,0,0
nearest,22.179,-1
cover,22.2135,0,0,0,0
nearest,22.2136,-1
cover,22.2461,0,0,0,0
nearest,22.2462,-1
cover,22.2796,0,0,0,0
nearest,22.2797,-1
cover,22.3132,0,0,0,0
nearest,22.3132,-1
cover,22.3462,0,0,0,0
nearest,22.3462,-1
cover,22.3818,0,0,0,0
nearest,22.3819,-1
cover,22.4147,0,0,0,0
nearest,22.4147,-1
cover,22.4454,0,0,0,0
nearest,22.4455,-1
cover,22.4774,0,0,0,0
nearest,22.4774,-1
cover,22.5058,0,0,0,0
nearest,22.5058,-1
cover,22.5348,0,0,0,0
nearest,22.5348,-1
cover,22.5688,0,0,0,0
nearest,22.5689,-1
cover,22.595,0,0,0,0
nearest,22.5951,-1
cover,22.6248,0,0,0,0
nearest,22.6248,-1
cover,22.655,0,0,0,0
nearest,22.655,-1
cover,22.6867,0,0,0,0
nearest,22.6867,-1
cover,22.7177,0,0,0,0
nearest,22.7178,-1
cover,22.749,0,0,0,0
nearest,22.749,-1
cover,22.7807,0,0,0,0
nearest,22.7807,-1
cover,22.8115,0,0,0,0
nearest,22.8116,-1
cover,22.8445,0,0,0,0
nearest,22.8445,-1
cover,22.8782,0,0,0,0
nearest,22.8782,-1
cover,22.9041,0,0,0,0
nearest,22.9042,-1
cover,22.9313,0,0,0,0
nearest,22.9313,-1
cover,22.9617,0,0,0,0
nearest,22.9617,-1
cover,22.9907,0,0,0,0
nearest,22.9908,-1
cover,23.0197,0,0,0,0
nearest,23.0197,-1
cover,23.0478,0,0,0,0
nearest,23.0478,-1
cover,23.079,0,0,0,0
nearest,23.079,-1
cover,23.1117,0,0,0,0
nearest,23.1117,-1
cover,23.1418,0,0,0,0
nearest,23.1418,-1
cover,23.182,0,0,0,0
nearest,23.182,-1
cover,23.212,0,0,0,0
nearest,23.212,-1
cover,23.248,0,0,0,0
nearest,23.248,-1
cover,23.2797,0,0,0,0
nearest,23.2797,-1
cover,23.3131,0,0,0,0
nearest,23.3131,-1
cover,23.3459,0,0,0,0
nearest,23.3459,-1
cover,23.378,0,0,0,0
nearest,23.378,-1
cover,23.4061,0,0,0,0
nearest,23.4061,-1
cover,23.434,0,0,0,0
nearest,23.4341,-1
cover,23.4664,0,0,0,0
nearest,23.4664,-1
cover,23.4924,0,0,0,0
nearest,23.4924,-1
cover,23.5194,0,0,0,0
nearest,23.5194,-1
cover,23.5459,0,0,0,0
nearest,23.5459,-1
cover,23.5775,0,0,0,0
nearest,23.5776,-1
cover,23.6134,0,0,0,0
nearest,23.6134,-1
cover,23.644,0,0,0,0
nearest,23.644,-1
cover,23.6729,0,0,0,0
nearest,23.6729,-1
cover,23.7041,0,0,0,0
nearest,23.7041,-1
cover,23.737,0,0,0,0
nearest,23.737,-1
cover,23.7814,0,0,0,0
nearest,23.7815,-1
cover,23.8127,0,0,0,0
nearest,23.8127,-1
cover,23.8449,0,0,0,0
nearest,23.8449,-1
cover,23.8807,0,0,0,0
nearest,23.8808,-1
cover,23.9134,0,0,0,0
nearest,23.9135,-1
cover,23.9396,0,0,0,0
nearest,23.9396,-1
cover,23.9654,0,0,0,0
nearest,23.9654,-1
cover,23.9952,0,0,0,0
nearest,23.9953,-1
cover,24.0312,0,0,0,0
nearest,24.0312,-1
cover,24.0583,0,0,0,0
nearest,24.0584,-1
cover,24.0872,0,0,0,0
nearest,24.0872,-1
cover,24.1146,0,0,0,0
nearest,24.1146,-1
cover,24.1459,0,0,0,0
nearest,24.1459,-1
cover,24.1802,0,0,0,0
nearest,24.1804,-1
cover,24.2125,0,0,0,0
nearest,24.2125,-1
cover,24.2475,0,0,0,0
nearest,24.2475,-1
cover,24.2803,0,0,0,0
nearest,24.2803,-1
cover,24.3125,0,0,0,0
nearest,24.3125,-1
cover,24.3451,0,0,0,0
nearest,24.3451,-1
cover,24.38,0,0,0,0
nearest,24.38,-1
cover,24.4123,0,0,0,0
nearest,24.4123,-1
cover,24.4459,0,0,0,0
nearest,24.4459,-1
cover,24.4795,0,0,0,0
nearest,24.4796,-1
cover,24.5129,0,0,0,0
nearest,24.5129,-1
cover,24.592,0,0,0,0
nearest,24.5921,-1
cover,24.6188,0,0,0,0
nearest,24.6188,-1
cover,24.6477,0,0,0,0
nearest,24.6477,-1
cover,24.6785,0,0,0,0
nearest,24.6785,-1
cover,24.7123,0,0,0,0
nearest,24.7123,-1
cover,24.744,0,0,0,0
nearest,24.7441,-1
cover,24.7711,0,0,0,0
nearest,24.7711,-1
cover,24.8064,0,0,0,0
nearest,24.8064,-1
cover,24.8408,0,0,0,0
nearest,24.8408,-1
cover,24.8788,0,0,0,0
nearest,24.8788,-1
cover,24.9058,0,0,0,0
nearest,24.9059,-1
cover,24.9374,0,0,0,0
nearest,24.9375,-1
cover,24.9724,0,0,0,0
nearest,24.9724,-1
cover,25.0156,0,0,0,0
nearest,25.0156,-1
cover,25.0456,0,0,0,0
nearest,25.0456,-1
cover,25.0737,0,0,0,0
nearest,25.0737,-1
cover,25.1052,0,0,0,0
nearest,25.1052,-1
cover,25.1373,0,0,0,0
nearest,25.1373,-1
cover,25.1717,0,0,0,0
nearest,25.1718,-1
cover,25.2125,0,0,0,0
nearest,25.2125,-1
cover,25.2479,0,0,0,0
nearest,25.248,-1
cover,25.2794,0,0,0,0
nearest,25.2794,-1
cover,25.3108,0,0,0,0
nearest,25.3108,-1
cover,25.3382,0,0,0,0
nearest,25.3382,-1
cover,25.3628,0,0,0,0
nearest,25.3628,-1
cover,25.3987,0,0,0,0
nearest,25.3987,-1
cover,25.4398,0,0,0,0
nearest,25.4398,-1
cover,25.4809,0,0,0,0
nearest,25.4809,-1
cover,25.5134,0,0,0,0
nearest,25.5134,-1
cover,25.5445,0,0,0,0
nearest,25.5445,-1
cover,25.5793,0,0,0,0
nearest,25.5794,-1
cover,25.611,0,0,0,0
nearest,25.611,-1
cover,25.6392,0,0,0,0
nearest,25.6392,-1
cover,25.68,0,0,0,0
nearest,25.68,-1
cover,25.7117,0,0,0,0
nearest,25.7117,-1
cover,25.7456,0,0,0,0
nearest,25.7456,-1
cover,25.7814,0,0,0,0
nearest,25.7815,-1
cover,25.8126,0,0,0,0
nearest,25.8126,-1
cover,25.8445,0,0,0,0
nearest,25.8445,-1
cover,25.8714,0,0,0,0
nearest,25.8714,-1
cover,25.8968,0,0,0,0
nearest,25.8968,-1
cover,25.9241,0,0,0,0
nearest,25.9241,-1
cover,25.9519,0,0,0,0
nearest,25.9519,-1
cover,25.9947,0,0,0,0
nearest,25.9947,-1
cover,26.0289,0,0,0,0
nearest,26.029,-1
cover,26.059,0,0,0,0
nearest,26.059,-1
cover,26.0878,0,0,0,0
nearest,26.0878,-1
cover,26.1155,0,0,0,0
nearest,26.1155,-1
cover,26.1511,0,0,0,0
nearest,26.1511,-1
cover,26.1808,0,0,0,0
nearest,26.1809,-1
cover,26.2135,0,0,0,0
nearest,26.2135,-1
cover,26.2483,0,0,0,0
nearest,26.2483,-1
cover,26.2831,0,0,0,0
nearest,26.2831,-1
cover,26.3159,0,0,0,0
nearest,26.3159,-1
cover,26.3494,0,0,0,0
nearest,26.3494,-1
cover,26.3802,0,0,0,0
nearest,26.3802,-1
cover,26.4154,0,0,0,0
nearest,26.4154,-1
cover,26.4487,0,0,0,0
nearest,26.4487,-1
cover,26.4811,0,0,0,0
nearest,26.4811,-1
cover,26.5154,0,0,0,0
nearest,26.5154,-1
cover,26.5485,0,0,0,0
nearest,26.5485,-1
cover,26.5796,0,0,0,0
nearest,26.5796,-1
cover,26.6127,0,0,0,0
nearest,26.6127,-1
cover,26.6401,0,0,0,0
nearest,26.6402,-1
cover,26.6743,0,0,0,0
nearest,26.6743,-1
cover,26.7079,0,0,0,0
nearest,26.7079,-1
cover,26.7353,0,0,0,0
nearest,26.7353,-1
cover,26.763,0,0,0,0
nearest,26.763,-1
cover,26.7907,0,0,0,0
nearest,26.7908,-1
cover,26.8225,0,0,0,0
nearest,26.8225,-1
cover,26.8522,0,0,0,0
nearest,26.8523,-1
cover,26.8846,0,0,0,0
nearest,26.8846,-1
cover,26.9153,0,0,0,0
nearest,26.9153,-1
cover,26.9476,0,0,0,0
nearest,26.9477,-1
cover,26.9835,0,0,0,0
nearest,26.9836,-1
cover,27.0185,0,0,0,0
nearest,27.0185,-1
cover,27.0519,0,0,0,0
nearest,27.0519,-1
cover,27.0852,0,0,0,0
nearest,27.0852,-1
cover,27.1183,0,0,0,0
nearest,27.1184,-1
cover,27.1519,0,0,0,0
nearest,27.152,-1
cover,27.1854,0,0,0,0
nearest,27.1854,-1
cover,27.2161,0,0,0,0
nearest,27.2161,-1
cover,27.2487,0,0,0,0
nearest,27.2487,-1
cover,27.2818,0,0,0,0
nearest,27.2819,-1
cover,27.3154,0,0,0,0
nearest,27.3154,-1
cover,27.3465,0,0,0,0
nearest,27.3465,-1
cover,27.383,0,0,0,0
nearest,27.383,-1
cover,27.4125,0,0,0,0
nearest,27.4125,-1
cover,27.4468,0,0,0,0
nearest,27.4468,-1
cover,27.483,0,0,0,0
nearest,27.483,-1
cover,27.5145,0,0,0,0
nearest,27.5145,-1
cover,27.5473,0,0,0,0
nearest,27.5474,-1
cover,27.5813,0,0,0,0
nearest,27.5813,-1
cover,27.6148,0,0,0,0
nearest,27.6148,-1
cover,27.6485,0,0,0,0
nearest,27.6486,-1
cover,27.6802,0,0,0,0
nearest,27.6802,-1
cover,27.7078,0,0,0,0
nearest,27.7078,-1
cover,27.7414,0,0,0,0
nearest,27.7415,-1
cover,27.7756,0,0,0,0
nearest,27.7756,-1
cover,27.8067,0,0,0,0
nearest,27.8067,-1
cover,27.8394,0,0,0,0
nearest,27.8394,-1
cover,27.868,0,0,0,0
nearest,27.8681,-1
cover,27.8974,0,0,0,0
nearest,27.8975,-1
cover,27.9291,0,0,0,0
nearest,27.9292,-1
cover,27.9611,0,0,0,0
nearest,27.9611,-1
cover,27.99,0,0,0,0
nearest,27.99,-1
cover,28.02,0,0,0,0
nearest,28.02,-1
cover,28.0574,0,0,0,0
nearest,28.0574,-1
cover,28.0862,0,0,0,0
nearest,28.0862,-1
cover,28.1152,0,0,0,0
nearest,28.1152,-1
cover,28.1538,0,0,0,0
nearest,28.1538,-1
cover,28.1855,0,0,0,0
nearest,28.1855,-1
cover,28.2154,0,0,0,0
nearest,28.2154,-1
cover,28.2481,0,0,0,0
nearest,28.2481,-1
cover,28.2817,0,0,0,0
nearest,28.2817,-1
cover,28.3149,0,0,0,0
nearest,28.3149,-1
cover,28.348,0,0,0,0
nearest,28.348,-1
cover,28.3814,0,0,0,0
nearest,28.3814,-1
cover,28.4152,0,0,0,0
nearest,28.4152,-1
cover,28.4463,0,0,0,0
nearest,28.4463,-1
cover,28.4802,0,0,0,0
nearest,28.4803,-1
cover,28.5154,0,0,0,0
nearest,28.5155,-1
cover,28.5449,0,0,0,0
nearest,28.5449,-1
cover,28.581,0,0,0,0
nearest,28.581,-1
cover,28.6132,0,0,0,0
nearest,28.6133,-1
cover,28.6511,0,0,0,0
nearest,28.6511,-1
cover,28.683,0,0,0,0
nearest,28.683,-1
cover,28.714,0,0,0,0
nearest,28.714,-1
cover,28.7529,0,0,0,0
nearest,28.7529,-1
cover,28.7943,0,0,0,0
nearest,28.7943,-1
cover,28.8357,0,0,0,0
nearest,28.8358,-1
cover,28.8698,0,0,0,0
nearest,28.8698,-1
cover,28.9006,0,0,0,0
nearest,28.9006,-1
cover,28.9305,0,0,0,0
nearest,28.9313,-1
cover,28.96,0,0,0,0
nearest,28.96,-1
cover,28.9898,0,0,0,0
nearest,28.9898,-1
cover,29.0198,0,0,0,0
nearest,29.0198,-1
cover,29.0533,0,0,0,0
nearest,29.0533,-1
cover,29.0838,0,0,0,0
nearest,29.084,-1
cover,29.1134,0,0,0,0
nearest,29.1134,-1
cover,29.1469,0,0,0,0
nearest,29.1469,-1
cover,29.1852,0,0,0,0
nearest,29.1852,-1
cover,29.2168,0,0,0,0
nearest,29.2168,-1
cover,29.2536,0,0,0,0
nearest,29.2536,-1
cover,29.2867,0,0,0,0
nearest,29.2867,-1
cover,29.3176,0,0,0,0
nearest,29.3176,-1
cover,29.361,0,0,0,0
nearest,29.3611,-1
cover,29.3949,0,0,0,0
nearest,29.3949,-1
cover,29.4256,0,0,0,0
nearest,29.4256,-1
cover,29.4575,0,0,0,0
nearest,29.4575,-1
cover,29.4909,0,0,0,0
nearest,29.4909,-1
cover,29.5209,0,0,0,0
nearest,29.5209,-1
cover,29.5548,0,0,0,0
nearest,29.5548,-1
cover,29.5843,0,0,0,0
nearest,29.5843,-1
cover,29.6165,0,0,0,0
nearest,29.6165,-1
cover,29.644,0,0,0,0
nearest,29.644,-1
cover,29.6706,0,0,0,0
nearest,29.6707,-1
cover,29.697,0,0,0,0
nearest,29.697,-1
cover,29.7249,0,0,0,0
nearest,29.7249,-1
cover,29.7547,0,0,0,0
nearest,29.7547,-1
cover,29.7841,0,0,0,0
nearest,29.7842,-1
cover,29.8157,0,0,0,0
nearest,29.8157,-1
cover,29.8499,0,0,0,0
nearest,29.8499,-1
cover,29.8833,0,0,0,0
nearest,29.8833,-1
cover,29.9109,0,0,0,0
nearest,29.9109,-1
cover,29.9412,0,0,0,0
nearest,29.9412,-1
cover,29.9729,0,0,0,0
nearest,29.973,-1
cover,30.0045,0,0,0,0
nearest,30.0046,-1
cover,30.0327,0,0,0,0
nearest,30.0327,-1
cover,30.0629,0,0,0,0
nearest,30.0629,-1
cover,30.0909,0,0,0,0
nearest,30.091,-1
cover,30.1214,0,0,0,0
nearest,30.1214,-1
cover,30.1525,0,0,0,0
nearest,30.1525,-1
cover,30.1837,0,0,0,0
nearest,30.1837,-1
cover,30.2208,0,0,0,0
nearest,30.2209,-1
cover,30.2535,0,0,0,0
nearest,30.2535,-1
cover,30.2834,0,0,0,0
nearest,30.2834,-1
cover,30.3168,0,0,0,0
nearest,30.3168,-1
cover,30.3499,0,0,0,0
nearest,30.35,-1
cover,30.3844,0,0,0,0
nearest,30.3844,-1
cover,30.4195,0,0,0,0
nearest,30.4195,-1
cover,30.4536,0,0,0,0
nearest,30.4536,-1
cover,30.4854,0,0,0,0
nearest,30.4855,-1
cover,30.5184,0,0,0,0
nearest,30.5184,-1
cover,30.5502,0,0,0,0
nearest,30.5502,-1
cover,30.5821,0,0,0,0
nearest,30.5821,-1
cover,30.6105,0,0,0,0
nearest,30.6105,-1
cover,30.6387,0,0,0,0
nearest,30.6387,-1
cover,30.6734,0,0,0,0
nearest,30.6734,-1
cover,30.7076,0,0,0,0
nearest,30.7076,-1
cover,30.7402,0,0,0,0
nearest,30.7403,-1
cover,30.774,0,0,0,0
nearest,30.774,-1
cover,30.8047,0,0,0,0
nearest,30.8047,-1
cover,30.8342,0,0,0,0
nearest,30.8343,-1
cover,30.8631,0,0,0,0
nearest,30.8631,-1
cover,30.8899,0,0,0,0
nearest,30.89,-1
cover,30.9211,0,0,0,0
nearest,30.9211,-1
cover,30.9526,0,0,0,0
nearest,30.9527,-1
cover,30.9848,0,0,0,0
nearest,30.9848,-1
cover,31.0199,0,0,0,0
nearest,31.0199,-1
cover,31.0512,0,0,0,0
nearest,31.0512,-1
cover,31.0861,0,0,0,0
nearest,31.0861,-1
cover,31.1214,0,0,0,0
nearest,31.1214,-1
cover,31.1532,0,0,0,0
nearest,31.1533,-1
cover,31.1857,0,0,0,0
nearest,31.1858,-1
cover,31.2185,0,0,0,0
nearest,31.2186,-1
cover,31.2528,0,0,0,0
nearest,31.2528,-1
cover,31.285,0,0,0,0
nearest,31.285,-1
cover,31.319,0,0,0,0
nearest,31.319,-1
cover,31.3487,0,0,0,0
nearest,31.3487,-1
cover,31.3874,0,0,0,0
nearest,31.3874,-1
cover,31.4184,0,0,0,0
nearest,31.4185,-1
cover,31.452,0,0,0,0
nearest,31.4521,-1
cover,31.4842,0,0,0,0
nearest,31.4842,-1
cover,31.5165,0,0,0,0
nearest,31.5165,-1
cover,31.5433,0,0,0,0
nearest,31.5434,-1
cover,31.5777,0,0,0,0
nearest,31.5777,-1
cover,31.6163,0,0,0,0
nearest,31.6164,-1
cover,31.6463,0,0,0,0
nearest,31.6463,-1
cover,31.6867,0,0,0,0
nearest,31.6867,-1
cover,31.7188,0,0,0,0
nearest,31.7188,-1
cover,31.7544,0,0,0,0
nearest,31.7544,-1
cover,31.7854,0,0,0,0
nearest,31.7854,-1
cover,31.823,0,0,0,0
nearest,31.823,-1
cover,31.8517,0,0,0,0
nearest,31.8517,-1
cover,31.8853,0,0,0,0
nearest,31.8853,-1
cover,31.9186,0,0,0,0
nearest,31.9187,-1
cover,31.9513,0,0,0,0
nearest,31.9514,-1
cover,31.9849,0,0,0,0
nearest,31.985,-1
cover,32.0237,0,0,0,0
nearest,32.0238,-1
cover,32.0562,0,0,0,0
nearest,32.0562,-1
cover,32.0863,0,0,0,0
nearest,32.0863,-1
cover,32.1218,0,0,0,0
nearest,32.1218,-1
cover,32.1523,0,0,0,0
nearest,32.1523,-1
cover,32.1883,0,0,0,0
nearest,32.1883,-1
cover,32.2195,0,0,0,0
nearest,32.2195,-1
cover,32.2533,0,0,0,0
nearest,32.2534,-1
cover,32.2869,0,0,0,0
nearest,32.2869,-1
cover,32.3188,0,0,0,0
nearest,32.3188,-1
cover,32.3552,0,0,0,0
nearest,32.3553,-1
cover,32.3887,0,0,0,0
nearest,32.3887,-1
cover,32.4215,0,0,0,0
nearest,32.4215,-1
cover,32.4534,0,0,0,0
nearest,32.4534,-1
cover,32.4852,0,0,0,0
nearest,32.4852,-1
cover,32.5202,0,0,0,0
nearest,32.5202,-1
cover,32.5523,0,0,0,0
nearest,32.5524,-1
cover,32.586,0,0,0,0
nearest,32.586,-1
cover,32.6182,0,0,0,0
nearest,32.6182,-1
cover,32.6482,0,0,0,0
nearest,32.6482,-1
cover,32.6876,0,0,0,0
nearest,32.6877,-1
cover,32.72,0,0,0,0
nearest,32.72,-1
cover,32.7506,0,0,0,0
nearest,32.7506,-1
cover,32.7837,0,0,0,0
nearest,32.7837,-1
cover,32.8172,0,0,0,0
nearest,32.8173,-1
cover,32.8513,0,0,0,0
nearest,32.8513,-1
cover,32.8876,0,0,0,0
nearest,32.8876,-1
cover,32.9204,0,0,0,0
nearest,32.9205,-1
cover,32.9508,0,0,0,0
nearest,32.9508,-1
cover,32.9884,0,0,0,0
nearest,32.9885,-1
cover,33.0218,0,0,0,0
nearest,33.0218,-1
cover,33.0579,0,0,0,0
nearest,33.0579,-1
cover,33.0893,0,0,0,0
nearest,33.0893,-1
cover,33.1199,0,0,0,0
nearest,33.1199,-1
cover,33.1523,0,0,0,0
nearest,33.1524,-1
cover,33.185,0,0,0,0
nearest,33.185,-1
cover,33.2195,0,0,0,0
nearest,33.2196,-1
cover,33.2507,0,0,0,0
nearest,33.2507,-1
cover,33.2846,0,0,0,0
nearest,33.2846,-1
cover,33.314,0,0,0,0
nearest,33.314,-1
cover,33.345,0,0,0,0
nearest,33.345,-1
cover,33.3864,0,0,0,0
nearest,33.3864,-1
cover,33.4184,0,0,0,0
nearest,33.4184,-1
cover,33.4584,0,0,0,0
nearest,33.4584,-1
cover,33.4908,0,0,0,0
nearest,33.4909,-1
cover,33.5216,0,0,0,0
nearest,33.5216,-1
cover,33.5525,0,0,0,0
nearest,33.5525,-1
cover,33.587,0,0,0,0
nearest,33.587,-1
cover,33.6188,0,0,0,0
nearest,33.6189,-1
cover,33.647,0,0,0,0
nearest,33.647,-1
cover,33.6737,0,0,0,0
nearest,33.6737,-1
cover,33.71,0,0,0,0
nearest,33.71,-1
cover,33.7373,0,0,0,0
nearest,33.7373,-1
cover,33.7681,0,0,0,0
nearest,33.7681,-1
cover,33.799,0,0,0,0
nearest,33.799,-1
cover,33.8325,0,0,0,0
nearest,33.8325,-1
cover,33.8639,0,0,0,0
nearest,33.8639,-1
cover,33.8977,0,0,0,0
nearest,33.8978,-1
cover,33.9314,0,0,0,0
nearest,33.9314,-1
cover,33.965,0,0,0,0
nearest,33.965,-1
cover,33.9994,0,0,0,0
nearest,33.9994,-1
cover,34.0334,0,0,0,0
nearest,34.0334,-1
cover,34.0649,0,0,0,0
nearest,34.0649,-1
cover,34.1332,0,0,0,0
nearest,34.1332,-1
cover,34.168,0,0,0,0
nearest,34.168,-1
cover,34.2043,0,0,0,0
nearest,34.2044,-1
cover,34.2363,0,0,0,0
nearest,34.2363,-1
cover,34.2683,0,0,0,0
nearest,34.2683,-1
cover,34.3031,0,0,0,0
nearest,34.3031,-1
cover,34.335,0,0,0,0
nearest,34.335,-1
cover,34.369,0,0,0,0
nearest,34.369,-1
cover,34.404,0,0,0,0
nearest,34.404,-1
cover,34.4402,0,0,0,0
nearest,34.4403,-1
cover,34.4819,0,0,0,0
nearest,34.4819,-1
cover,34.5227,0,0,0,0
nearest,34.5228,-1
cover,34.5558,0,0,0,0
nearest,34.5558,-1
cover,34.5889,0,0,0,0
nearest,34.5889,-1
cover,34.6222,0,0,0,0
nearest,34.6222,-1
cover,34.6504,0,0,0,0
nearest,34.6504,-1
cover,34.689,0,0,0,0
nearest,34.689,-1
cover,34.7208,0,0,0,0
nearest,34.7208,-1
cover,34.7495,0,0,0,0
nearest,34.7495,-1
cover,34.7875,0,0,0,0
nearest,34.7876,-1
cover,34.8227,0,0,0,0
nearest,34.8227,-1
cover,34.8581,0,0,0,0
nearest,34.8581,-1
cover,34.8914,0,0,0,0
nearest,34.8914,-1
cover,34.9511,0,0,0,0
nearest,34.9512,-1
cover,34.9948,0,0,0,0
nearest,34.9948,-1
cover,35.0314,0,0,0,0
nearest,35.0314,-1
cover,35.0666,0,0,0,0
nearest,35.0666,-1
cover,35.1029,0,0,0,0
nearest,35.1029,-1
cover,35.1363,0,0,0,0
nearest,35.1364,-1
cover,35.1657,0,0,0,0
nearest,35.1657,-1
cover,35.1964,0,0,0,0
nearest,35.1964,-1
cover,35.2276,0,0,0,0
nearest,35.2276,-1
cover,35.2597,0,0,0,0
nearest,35.2597,-1
cover,35.2906,0,0,0,0
nearest,35.2906,-1
cover,35.3216,0,0,0,0
nearest,35.3216,-1
cover,35.3527,0,0,0,0
nearest,35.3527,-1
cover,35.3799,0,0,0,0
nearest,35.3799,-1
cover,35.4178,0,0,0,0
nearest,35.4179,-1
cover,35.4565,0,0,0,0
nearest,35.4565,-1
cover,35.4905,0,0,0,0
nearest,35.4905,-1
cover,35.5242,0,0,0,0
nearest,35.5242,-1
cover,35.5554,0,0,0,0
nearest,35.5554,-1
cover,35.5876,0,0,0,0
nearest,35.5876,-1
cover,35.6241,0,0,0,0
nearest,35.6241,-1
cover,35.6671,0,0,0,0
nearest,35.6671,-1
cover,35.7043,0,0,0,0
nearest,35.7045,-1
cover,35.7364,0,0,0,0
nearest,35.7364,-1
cover,35.7679,0,0,0,0
nearest,35.7679,-1
cover,35.7985,0,0,0,0
nearest,35.7985,-1
cover,35.8252,0,0,0,0
nearest,35.8252,-1
cover,35.8531,0,0,0,0
nearest,35.8532,-1
cover,35.8856,0,0,0,0
nearest,35.8856,-1
cover,35.9257,0,0,0,0
nearest,35.9257,-1
cover,35.9568,0,0,0,0
nearest,35.9568,-1
cover,35.9901,0,0,0,0
nearest,35.9901,-1
cover,36.0231,0,0,0,0
nearest,36.0231,-1
cover,36.0598,0,0,0,0
nearest,36.0598,-1
cover,36.0906,0,0,0,0
nearest,36.0906,-1
cover,36.1222,0,0,0,0
nearest,36.1222,-1
cover,36.1579,0,0,0,0
nearest,36.1579,-1
cover,36.1904,0,0,0,0
nearest,36.1904,-1
cover,36.2239,0,0,0,0
nearest,36.224,-1
cover,36.2566,0,0,0,0
nearest,36.2566,-1
cover,36.292,0,0,0,0
nearest,36.292,-1
cover,36.324,0,0,0,0
nearest,36.324,-1
cover,36.3612,0,0,0,0
nearest,36.3613,-1
cover,36.3928,0,0,0,0
nearest,36.3928,-1
cover,36.4221,0,0,0,0
nearest,36.4221,-1
cover,36.457,0,0,0,0
nearest,36.457,-1
cover,36.4904,0,0,0,0
nearest,36.4904,-1
cover,36.5232,0,0,0,0
nearest,36.5233,-1
cover,36.5572,0,0,0,0
nearest,36.5572,-1
cover,36.5917,0,0,0,0
nearest,36.5917,-1
cover,36.6246,0,0,0,0
nearest,36.6246,-1
cover,36.6569,0,0,0,0
nearest,36.6569,-1
cover,36.6908,0,0,0,0
nearest,36.6908,-1
cover,36.7228,0,0,0,0
nearest,36.7229,-1
cover,36.7593,0,0,0,0
nearest,36.7594,-1
cover,36.7921,0,0,0,0
nearest,36.7922,-1
cover,36.8227,0,0,0,0
nearest,36.8227,-1
cover,36.8541,0,0,0,0
nearest,36.8542,-1
cover,36.8902,0,0,0,0
nearest,36.8903,-1
cover,36.923,0,0,0,0
nearest,36.923,-1
cover,36.9557,0,0,0,0
nearest,36.9558,-1
cover,36.9891,0,0,0,0
nearest,36.9892,-1
cover,37.0257,0,0,0,0
nearest,37.0257,-1
cover,37.0599,0,0,0,0
nearest,37.0599,-1
cover,37.0916,0,0,0,0
nearest,37.0916,-1
cover,37.1224,0,0,0,0
nearest,37.1224,-1
cover,37.1572,0,0,0,0
nearest,37.1572,-1
cover,37.1914,0,0,0,0
nearest,37.1914,-1
cover,37.2252,0,0,0,0
nearest,37.2252,-1
cover,37.2607,0,0,0,0
nearest,37.2608,-1
cover,37.3012,0,0,0,0
nearest,37.3012,-1
cover,37.336,0,0,0,0
nearest,37.336,-1
cover,37.3725,0,0,0,0
nearest,37.3725,-1
cover,37.4035,0,0,0,0
nearest,37.4035,-1
cover,37.4378,0,0,0,0
nearest,37.4379,-1
cover,37.472,0,0,0,0
nearest,37.472,-1
cover,37.505,0,0,0,0
nearest,37.505,-1
cover,37.5409,0,0,0,0
nearest,37.5409,-1
cover,37.5727,0,0,0,0
nearest,37.5727,-1
cover,37.6054,0,0,0,0
nearest,37.6054,-1
cover,37.6374,0,0,0,0
nearest,37.6374,-1
cover,37.6706,0,0,0,0
nearest,37.6706,-1
cover,37.7036,0,0,0,0
nearest,37.7037,-1
cover,37.7359,0,0,0,0
nearest,37.7359,-1
cover,37.7685,0,0,0,0
nearest,37.7686,-1
cover,37.8007,0,0,0,0
nearest,37.8007,-1
cover,37.8297,0,0,0,0
nearest,37.8297,-1
cover,37.8571,0,0,0,0
nearest,37.8572,-1
cover,37.8899,0,0,0,0
nearest,37.8899,-1
cover,37.9237,0,0,0,0
nearest,37.9237,-1
cover,37.9573,0,0,0,0
nearest,37.9573,-1
cover,37.991,0,0,0,0
nearest,37.991,-1
cover,38.0232,0,0,0,0
nearest,38.0232,-1
cover,38.0541,0,0,0,0
nearest,38.0541,-1
cover,38.0909,0,0,0,0
nearest,38.0909,-1
cover,38.1225,0,0,0,0
nearest,38.1226,-1
cover,38.1583,0,0,0,0
nearest,38.1583,-1
cover,38.1917,0,0,0,0
nearest,38.1917,-1
cover,38.2244,0,0,0,0
nearest,38.2245,-1
cover,38.2581,0,0,0,0
nearest,38.2582,-1
cover,38.2925,0,0,0,0
nearest,38.2925,-1
cover,38.3258,0,0,0,0
nearest,38.3258,-1
cover,38.3563,0,0,0,0
nearest,38.3563,-1
cover,38.3889,0,0,0,0
nearest,38.389,-1
cover,38.421,0,0,0,0
nearest,38.421,-1
cover,38.4515,0,0,0,0
nearest,38.4515,-1
cover,38.4926,0,0,0,0
nearest,38.4927,-1
cover,38.5216,0,0,0,0
nearest,38.5216,-1
cover,38.5573,0,0,0,0
nearest,38.5573,-1
cover,38.5901,0,0,0,0
nearest,38.5902,-1
cover,38.6256,0,0,0,0
nearest,38.6256,-1
cover,38.6573,0,0,0,0
nearest,38.6573,-1
cover,38.6918,0,0,0,0
nearest,38.6918,-1
cover,38.723,0,0,0,0
nearest,38.7231,-1
cover,38.7543,0,0,0,0
nearest,38.7543,-1
cover,38.7875,0,0,0,0
nearest,38.7876,-1
cover,38.8158,0,0,0,0
nearest,38.8158,-1
cover,38.8555,0,0,0,0
nearest,38.8556,-1
cover,38.8904,0,0,0,0
nearest,38.8904,-1
cover,38.924,0,0,0,0
nearest,38.924,-1
cover,38.9544,0,0,0,0
nearest,38.9545,-1
cover,38.989,0,0,0,0
nearest,38.989,-1
cover,39.0211,0,0,0,0
nearest,39.0212,-1
cover,39.0562,0,0,0,0
nearest,39.0563,-1
cover,39.0877,0,0,0,0
nearest,39.0877,-1
cover,39.1165,0,0,0,0
nearest,39.1165,-1
cover,39.1541,0,0,0,0
nearest,39.1541,-1
cover,39.1897,0,0,0,0
nearest,39.1898,-1
cover,39.2201,0,0,0,0
nearest,39.2201,-1
cover,39.2554,0,0,0,0
nearest,39.2555,-1
cover,39.289,0,0,0,0
nearest,39.289,-1
cover,39.3211,0,0,0,0
nearest,39.3211,-1
cover,39.3543,0,0,0,0
nearest,39.3543,-1
cover,39.3892,0,0,0,0
nearest,39.3892,-1
cover,39.4219,0,0,0,0
nearest,39.4219,-1
cover,39.4589,0,0,0,0
nearest,39.459,-1
cover,39.4913,0,0,0,0
nearest,39.4913,-1
cover,39.5204,0,0,0,0
nearest,39.5204,-1
cover,39.5547,0,0,0,0
nearest,39.5547,-1
cover,39.5868,0,0,0,0
nearest,39.5869,-1
cover,39.6209,0,0,0,0
nearest,39.6209,-1
cover,39.6577,0,0,0,0
nearest,39.6577,-1
cover,39.6899,0,0,0,0
nearest,39.69,-1
cover,39.7223,0,0,0,0
nearest,39.7223,-1
cover,39.756,0,0,0,0
nearest,39.756,-1
cover,39.787,0,0,0,0
nearest,39.7871,-1
cover,39.822,0,0,0,0
nearest,39.822,-1
cover,39.8583,0,0,0,0
nearest,39.8583,-1
cover,39.8911,0,0,0,0
nearest,39.8912,-1
cover,39.9221,0,0,0,0
nearest,39.9222,-1
cover,39.9541,0,0,0,0
nearest,39.9541,-1
cover,39.9869,0,0,0,0
nearest,39.9869,-1
cover,40.022,0,0,0,0
nearest,40.022,-1
cover,40.0587,0,0,0,0
nearest,40.0587,-1
cover,40.0932,0,0,0,0
nearest,40.0932,-1
cover,40.1235,0,0,0,0
nearest,40.1235,-1
cover,40.1543,0,0,0,0
nearest,40.1543,-1
cover,40.1823,0,0,0,0
nearest,40.1823,-1
cover,40.2148,0,0,0,0
nearest,40.2148,-1
cover,40.2506,0,0,0,0
nearest,40.2506,-1
cover,40.2879,0,0,0,0
nearest,40.2879,-1
cover,40.3219,0,0,0,0
nearest,40.3219,-1
cover,40.356,0,0,0,0
nearest,40.356,-1
cover,40.3887,0,0,0,0
nearest,40.3887,-1
cover,40.4231,0,0,0,0
nearest,40.4231,-1
cover,40.4581,0,0,0,0
nearest,40.4581,-1
cover,40.4908,0,0,0,0
nearest,40.4908,-1
cover,40.5235,0,0,0,0
nearest,40.5235,-1
cover,40.5566,0,0,0,0
nearest,40.5566,-1
cover,40.588,0,0,0,0
nearest,40.5881,-1
cover,40.6161,0,0,0,0
nearest,40.6161,-1
cover,40.6581,0,0,0,0
nearest,40.6582,-1
cover,40.6929,0,0,0,0
nearest,40.6929,-1
cover,40.727,0,0,0,0
nearest,40.7271,-1
cover,40.758,0,0,0,0
nearest,40.7581,-1
cover,40.7904,0,0,0,0
nearest,40.7905,-1
cover,40.8221,0,0,0,0
nearest,40.8222,-1
cover,40.8595,0,0,0,0
nearest,40.8595,-1
cover,40.8887,0,0,0,0
nearest,40.8887,-1
cover,40.921,0,0,0,0
nearest,40.921,-1
cover,40.9479,0,0,0,0
nearest,40.9479,-1
cover,40.9876,0,0,0,0
nearest,40.9876,-1
cover,41.0341,0,0,0,0
nearest,41.0341,-1
cover,41.0824,0,0,0,0
nearest,41.0824,-1
cover,41.123,0,0,0,0
nearest,41.123,-1
cover,41.159,0,0,0,0
nearest,41.159,-1
cover,41.1919,0,0,0,0
nearest,41.1919,-1
cover,41.2257,0,0,0,0
nearest,41.2257,-1
cover,41.2595,0,0,0,0
nearest,41.2595,-1
cover,41.2955,0,0,0,0
nearest,41.2955,-1
cover,41.33,0,0,0,0
nearest,41.3301,-1
cover,41.3643,0,0,0,0
nearest,41.3643,-1
cover,41.3966,0,0,0,0
nearest,41.3966,-1
cover,41.4316,0,0,0,0
nearest,41.4316,-1
cover,41.4656,0,0,0,0
nearest,41.4656,-1
cover,41.5002,0,0,0,0
nearest,41.5002,-1
cover,41.5339,0,0,0,0
nearest,41.5339,-1
cover,41.569,0,0,0,0
nearest,41.569,-1
cover,41.601,0,0,0,0
nearest,41.601,-1
cover,41.6384,0,0,0,0
nearest,41.6384,-1
cover,41.6744,0,0,0,0
nearest,41.6745,-1
cover,41.7105,0,0,0,0
nearest,41.7105,-1
cover,41.7427,0,0,0,0
nearest,41.7427,-1
cover,41.7744,0,0,0,0
nearest,41.7744,-1
cover,41.8076,0,0,0,0
nearest,41.8077,-1
cover,41.8366,0,0,0,0
nearest,41.8367,-1
cover,41.866,0,0,0,0
nearest,41.866,-1
cover,41.8992,0,0,0,0
nearest,41.8993,-1
cover,41.9292,0,0,0,0
nearest,41.9292,-1
cover,41.957,0,0,0,0
nearest,41.9571,-1
cover,41.989,0,0,0,0
nearest,41.989,-1
cover,42.0232,0,0,0,0
nearest,42.0233,-1
cover,42.0538,0,0,0,0
nearest,42.0539,-1
cover,42.084,0,0,0,0
nearest,42.084,-1
cover,42.1133,0,0,0,0
nearest,42.1134,-1
cover,42.1452,0,0,0,0
nearest,42.1452,-1
cover,42.1787,0,0,0,0
nearest,42.1787,-1
cover,42.2125,0,0,0,0
nearest,42.2126,-1
cover,42.2478,0,0,0,0
nearest,42.2479,-1
cover,42.2749,0,0,0,0
nearest,42.2749,-1
cover,42.3074,0,0,0,0
nearest,42.3074,-1
cover,42.3406,0,0,0,0
nearest,42.3406,-1
cover,42.3672,0,0,0,0
nearest,42.3673,-1
cover,42.3964,0,0,0,0
nearest,42.3964,-1
cover,42.4253,0,0,0,0
nearest,42.4253,-1
cover,42.4557,0,0,0,0
nearest,42.4558,-1
cover,42.4936,0,0,0,0
nearest,42.4936,-1
cover,42.5274,0,0,0,0
nearest,42.5275,-1
cover,42.5597,0,0,0,0
nearest,42.5597,-1
cover,42.5928,0,0,0,0
nearest,42.5929,-1
cover,42.6259,0,0,0,0
nearest,42.6259,-1
cover,42.6598,0,0,0,0
nearest,42.6598,-1
cover,42.6927,0,0,0,0
nearest,42.6928,-1
cover,42.7223,0,0,0,0
nearest,42.7223,-1
cover,42.7579,0,0,0,0
nearest,42.7579,-1
cover,42.7911,0,0,0,0
nearest,42.7912,-1
cover,42.8241,0,0,0,0
nearest,42.8241,-1
cover,42.854,0,0,0,0
nearest,42.854,-1
cover,42.881,0,0,0,0
nearest,42.881,-1
cover,42.9153,0,0,0,0
nearest,42.9154,-1
cover,42.9519,0,0,0,0
nearest,42.9519,-1
cover,42.9899,0,0,0,0
nearest,42.9899,-1
cover,43.0221,0,0,0,0
nearest,43.0221,-1
cover,43.0544,0,0,0,0
nearest,43.0544,-1
cover,43.0926,0,0,0,0
nearest,43.0926,-1
cover,43.1251,0,0,0,0
nearest,43.1252,-1
cover,43.1613,0,0,0,0
nearest,43.1614,-1
cover,43.1992,0,0,0,0
nearest,43.1993,-1
cover,43.2304,0,0,0,0
nearest,43.2304,-1
cover,43.2615,0,0,0,0
nearest,43.2616,-1
cover,43.2975,0,0,0,0
nearest,43.2975,-1
cover,43.3293,0,0,0,0
nearest,43.3294,-1
cover,43.3603,0,0,0,0
nearest,43.3603,-1
cover,43.3899,0,0,0,0
nearest,43.3899,-1
cover,43.4198,0,0,0,0
nearest,43.4198,-1
cover,43.4555,0,0,0,0
nearest,43.4555,-1
cover,43.4857,0,0,0,0
nearest,43.4857,-1
cover,43.5203,0,0,0,0
nearest,43.5203,-1
cover,43.5538,0,0,0,0
nearest,43.5538,-1
cover,43.5926,0,0,0,0
nearest,43.5927,-1
cover,43.6319,0,0,0,0
nearest,43.6319,-1
cover,43.664,0,0,0,0
nearest,43.664,-1
cover,43.6952,0,0,0,0
nearest,43.6952,-1
cover,43.7283,0,0,0,0
nearest,43.7283,-1
cover,43.7575,0,0,0,0
nearest,43.7576,-1
cover,43.8248,0,0,0,0
nearest,43.8248,-1
cover,43.8552,0,0,0,0
nearest,43.8552,-1
cover,43.8899,0,0,0,0
nearest,43.8899,-1
cover,43.9208,0,0,0,0
nearest,43.9208,-1
cover,43.9531,0,0,0,0
nearest,43.9531,-1
cover,43.9863,0,0,0,0
nearest,43.9864,-1
cover,44.0213,0,0,0,0
nearest,44.0214,-1
cover,44.0529,0,0,0,0
nearest,44.0529,-1
cover,44.0868,0,0,0,0
nearest,44.0868,-1
cover,44.1212,0,0,0,0
nearest,44.1212,-1
cover,44.1563,0,0,0,0
nearest,44.1563,-1
cover,44.1885,0,0,0,0
nearest,44.1885,-1
cover,44.2199,0,0,0,0
nearest,44.2199,-1
cover,44.2518,0,0,0,0
nearest,44.2518,-1
cover,44.2889,0,0,0,0
nearest,44.2889,-1
cover,44.323,0,0,0,0
nearest,44.323,-1
cover,44.3556,0,0,0,0
nearest,44.3557,-1
cover,44.3894,0,0,0,0
nearest,44.3895,-1
cover,44.4219,0,0,0,0
nearest,44.4219,-1
cover,44.4535,0,0,0,0
nearest,44.4535,-1
cover,44.4877,0,0,0,0
nearest,44.4877,-1
cover,44.5207,0,0,0,0
nearest,44.5207,-1
cover,44.5534,0,0,0,0
nearest,44.5534,-1
cover,44.5914,0,0,0,0
nearest,44.5914,-1
cover,44.6268,0,0,0,0
nearest,44.6268,-1
cover,44.6575,0,0,0,0
nearest,44.6575,-1
cover,44.6864,0,0,0,0
nearest,44.6864,-1
cover,44.7198,0,0,0,0
nearest,44.7198,-1
cover,44.7543,0,0,0,0
nearest,44.7543,-1
cover,44.7874,0,0,0,0
nearest,44.7874,-1
cover,44.8211,0,0,0,0
nearest,44.8211,-1
cover,44.8537,0,0,0,0
nearest,44.8537,-1
cover,44.8897,0,0,0,0
nearest,44.8897,-1
cover,44.9225,0,0,0,0
nearest,44.9225,-1
cover,44.956,0,0,0,0
nearest,44.956,-1
cover,44.9871,0,0,0,0
nearest,44.9872,-1
cover,45.022,0,0,0,0
nearest,45.022,-1
cover,45.0544,0,0,0,0
nearest,45.0544,-1
cover,45.0868,0,0,0,0
nearest,45.0868,-1
cover,45.121,0,0,0,0
nearest,45.121,-1
cover,45.157,0,0,0,0
nearest,45.157,-1
cover,45.1874,0,0,0,0
nearest,45.1874,-1
cover,45.2223,0,0,0,0
nearest,45.2223,-1
cover,45.2558,0,0,0,0
nearest,45.2558,-1
cover,45.2863,0,0,0,0
nearest,45.2863,-1
cover,45.32,0,0,0,0
nearest,45.32,-1
cover,45.3537,0,0,0,0
nearest,45.3537,-1
cover,45.3902,0,0,0,0
nearest,45.3902,-1
cover,45.4328,0,0,0,0
nearest,45.4328,-1
cover,45.4706,0,0,0,0
nearest,45.4707,-1
cover,45.5044,0,0,0,0
nearest,45.5044,-1
cover,45.5398,0,0,0,0
nearest,45.5398,-1
cover,45.5769,0,0,0,0
nearest,45.5769,-1
cover,45.616,0,0,0,0
nearest,45.616,-1
cover,45.6582,0,0,0,0
nearest,45.6583,-1
cover,45.6947,0,0,0,0
nearest,45.6947,-1
cover,45.7267,0,0,0,0
nearest,45.7267,-1
cover,45.7621,0,0,0,0
nearest,45.7621,-1
cover,45.7986,0,0,0,0
nearest,45.7986,-1
cover,45.8347,0,0,0,0
nearest,45.8347,-1
cover,45.8667,0,0,0,0
nearest,45.8668,-1
cover,45.9005,0,0,0,0
nearest,45.9005,-1
cover,45.9334,0,0,0,0
nearest,45.9334,-1
cover,45.9683,0,0,0,0
nearest,45.9684,-1
cover,46.0009,0,0,0,0
nearest,46.0009,-1
cover,46.0326,0,0,0,0
nearest,46.0326,-1
cover,46.066,0,0,0,0
nearest,46.066,-1
cover,46.1025,0,0,0,0
nearest,46.1025,-1
cover,46.1397,0,0,0,0
nearest,46.1397,-1
cover,46.181,0,0,0,0
nearest,46.181,-1
cover,46.2203,0,0,0,0
nearest,46.2204,-1
cover,46.2534,0,0,0,0
nearest,46.2535,-1
cover,46.2876,0,0,0,0
nearest,46.2876,-1
cover,46.3208,0,0,0,0
nearest,46.3208,-1
cover,46.3548,0,0,0,0
nearest,46.3549,-1
cover,46.3895,0,0,0,0
nearest,46.3895,-1
cover,46.4208,0,0,0,0
nearest,46.4208,-1
cover,46.455,0,0,0,0
nearest,46.4551,-1
cover,46.4902,0,0,0,0
nearest,46.4902,-1
cover,46.5239,0,0,0,0
nearest,46.524,-1
cover,46.5562,0,0,0,0
nearest,46.5562,-1
cover,46.5905,0,0,0,0
nearest,46.5905,-1
cover,46.6218,0,0,0,0
nearest,46.6218,-1
cover,46.6607,0,0,0,0
nearest,46.6608,-1
cover,46.7021,0,0,0,0
nearest,46.7021,-1
cover,46.7631,0,0,0,0
nearest,46.7632,-1
cover,46.8026,0,0,0,0
nearest,46.8027,-1
cover,46.8323,0,0,0,0
nearest,46.8324,-1
cover,46.8627,0,0,0,0
nearest,46.8627,-1
cover,46.8985,0,0,0,0
nearest,46.8986,-1
cover,46.9321,0,0,0,0
nearest,46.9321,-1
cover,46.9611,0,0,0,0
nearest,46.9611,-1
cover,47.005,0,0,0,0
nearest,47.0051,-1
cover,47.0358,0,0,0,0
nearest,47.0358,-1
cover,47.0706,0,0,0,0
nearest,47.0707,-1
cover,47.1008,0,0,0,0
nearest,47.1008,-1
cover,47.1309,0,0,0,0
nearest,47.1309,-1
cover,47.1631,0,0,0,0
nearest,47.1632,-1
cover,47.1927,0,0,0,0
nearest,47.1927,-1
cover,47.2253,0,0,0,0
nearest,47.2253,-1
cover,47.2552,0,0,0,0
nearest,47.2552,-1
cover,47.2874,0,0,0,0
nearest,47.2874,-1
cover,47.3215,0,0,0,0
nearest,47.3215,-1
cover,47.355,0,0,0,0
nearest,47.355,-1
cover,47.3888,0,0,0,0
nearest,47.3888,-1
cover,47.4209,0,0,0,0
nearest,47.4209,-1
cover,47.4539,0,0,0,0
nearest,47.4539,-1
cover,47.4876,0,0,0,0
nearest,47.4876,-1
cover,47.5226,0,0,0,0
nearest,47.5226,-1
cover,47.5561,0,0,0,0
nearest,47.5562,-1
cover,47.5893,0,0,0,0
nearest,47.5893,-1
cover,47.6207,0,0,0,0
nearest,47.6207,-1
cover,47.6502,0,0,0,0
nearest,47.6502,-1
cover,47.689,0,0,0,0
nearest,47.689,-1
cover,47.7219,0,0,0,0
nearest,47.7219,-1
cover,47.7554,0,0,0,0
nearest,47.7554,-1
cover,47.7896,0,0,0,0
nearest,47.7896,-1
cover,47.8216,0,0,0,0
nearest,47.8216,-1
cover,47.8546,0,0,0,0
nearest,47.8546,-1
cover,47.8879,0,0,0,0
nearest,47.8879,-1
cover,47.92,0,0,0,0
nearest,47.92,-1
cover,47.9536,0,0,0,0
nearest,47.9536,-1
cover,47.9873,0,0,0,0
nearest,47.9874,-1
cover,48.0218,0,0,0,0
nearest,48.0219,-1
cover,48.0539,0,0,0,0
nearest,48.0539,-1
cover,48.0886,0,0,0,0
nearest,48.0886,-1
cover,48.1232,0,0,0,0
nearest,48.1232,-1
cover,48.1573,0,0,0,0
nearest,48.1574,-1
cover,48.1874,0,0,0,0
nearest,48.1874,-1
cover,48.2205,0,0,0,0
nearest,48.2205,-1
cover,48.2547,0,0,0,0
nearest,48.2547,-1
cover,48.288,0,0,0,0
nearest,48.288,-1
cover,48.3215,0,0,0,0
nearest,48.3216,-1
cover,48.3582,0,0,0,0
nearest,48.3582,-1
cover,48.3894,0,0,0,0
nearest,48.3894,-1
cover,48.423,0,0,0,0
nearest,48.423,-1
cover,48.4567,0,0,0,0
nearest,48.4567,-1
cover,48.4878,0,0,0,0
nearest,48.4879,-1
cover,48.5214,0,0,0,0
nearest,48.5214,-1
cover,48.5555,0,0,0,0
nearest,48.5556,-1
cover,48.5882,0,0,0,0
nearest,48.5882,-1
cover,48.6255,0,0,0,0
nearest,48.6255,-1
cover,48.6601,0,0,0,0
nearest,48.6601,-1
cover,48.691,0,0,0,0
nearest,48.6911,-1
cover,48.726,0,0,0,0
nearest,48.726,-1
cover,48.7561,0,0,0,0
nearest,48.7562,-1
cover,48.7876,0,0,0,0
nearest,48.7877,-1
cover,48.8216,0,0,0,0
nearest,48.8216,-1
cover,48.8535,0,0,0,0
nearest,48.8536,-1
cover,48.8892,0,0,0,0
nearest,48.8892,-1
cover,48.9227,0,0,0,0
nearest,48.9227,-1
cover,48.9571,0,0,0,0
nearest,48.9571,-1
cover,48.9911,0,0,0,0
nearest,48.9911,-1
cover,49.0213,0,0,0,0
nearest,49.0213,-1
cover,49.0533,0,0,0,0
nearest,49.0533,-1
cover,49.0883,0,0,0,0
nearest,49.0884,-1
cover,49.1234,0,0,0,0
nearest,49.1235,-1
cover,49.1552,0,0,0,0
nearest,49.1552,-1
cover,49.1882,0,0,0,0
nearest,49.1882,-1
cover,49.2201,0,0,0,0
nearest,49.2201,-1
cover,49.2545,0,0,0,0
nearest,49.2545,-1
cover,49.2893,0,0,0,0
nearest,49.2893,-1
cover,49.322,0,0,0,0
nearest,49.322,-1
cover,49.3572,0,0,0,0
nearest,49.3572,-1
cover,49.3899,0,0,0,0
nearest,49.3899,-1
cover,49.4243,0,0,0,0
nearest,49.4243,-1
cover,49.4572,0,0,0,0
nearest,49.4572,-1
cover,49.4876,0,0,0,0
nearest,49.4877,-1
cover,49.521,0,0,0,0
nearest,49.521,-1
cover,49.5544,0,0,0,0
nearest,49.5545,-1
cover,49.5878,0,0,0,0
nearest,49.5879,-1
cover,49.6225,0,0,0,0
nearest,49.6225,-1
cover,49.6567,0,0,0,0
nearest,49.6567,-1
cover,49.6877,0,0,0,0
nearest,49.6877,-1
cover,49.7218,0,0,0,0
nearest,49.7218,-1
cover,49.7541,0,0,0,0
nearest,49.7541,-1
cover,49.7886,0,0,0,0
nearest,49.7886,-1
cover,49.8232,0,0,0,0
nearest,49.8232,-1
cover,49.8565,0,0,0,0
nearest,49.8566,-1
cover,49.8896,0,0,0,0
nearest,49.8897,-1
cover,49.924,0,0,0,0
nearest,49.9241,-1
cover,49.9564,0,0,0,0
nearest,49.9564,-1
cover,49.9884,0,0,0,0
nearest,49.9884,-1
cover,50.0219,0,0,0,0
nearest,50.0219,-1
cover,50.0543,0,0,0,0
nearest,50.0543,-1
cover,50.0872,0,0,0,0
nearest,50.0872,-1
cover,50.123,0,0,0,0
nearest,50.1231,-1
cover,50.1545,0,0,0,0
nearest,50.1545,-1
cover,50.1894,0,0,0,0
nearest,50.1894,-1
cover,50.221,0,0,0,0
nearest,50.221,-1
cover,50.2522,0,0,0,0
nearest,50.2522,-1
cover,50.281,0,0,0,0
nearest,50.281,-1
cover,50.3218,0,0,0,0
nearest,50.3218,-1
cover,50.3545,0,0,0,0
nearest,50.3546,-1
cover,50.3926,0,0,0,0
nearest,50.3926,-1
cover,50.4239,0,0,0,0
nearest,50.424,-1
cover,50.4563,0,0,0,0
nearest,50.4563,-1
cover,50.4881,0,0,0,0
nearest,50.4882,-1
cover,50.5221,0,0,0,0
nearest,50.5221,-1
cover,50.5542,0,0,0,0
nearest,50.5542,-1
cover,50.5872,0,0,0,0
nearest,50.5873,-1
cover,50.6204,0,0,0,0
nearest,50.6205,-1
cover,50.6478,0,0,0,0
nearest,50.6478,-1
cover,50.6808,0,0,0,0
nearest,50.6808,-1
cover,50.7108,0,0,0,0
nearest,50.7108,-1
cover,50.7393,0,0,0,0
nearest,50.7393,-1
cover,50.7721,0,0,0,0
nearest,50.7721,-1
cover,50.8059,0,0,0,0
nearest,50.8059,-1
cover,50.8318,0,0,0,0
nearest,50.8318,-1
cover,50.8608,0,0,0,0
nearest,50.8608,-1
cover,50.8934,0,0,0,0
nearest,50.8934,-1
cover,50.9301,0,0,0,0
nearest,50.9301,-1
cover,50.9618,0,0,0,0
nearest,50.9619,-1
cover,50.9956,0,0,0,0
nearest,50.9957,-1
cover,51.0274,0,0,0,0
nearest,51.0274,-1
cover,51.0538,0,0,0,0
nearest,51.0539,-1
cover,51.0895,0,0,0,0
nearest,51.0896,-1
cover,51.1231,0,0,0,0
nearest,51.1232,-1
cover,51.1488,0,0,0,0
nearest,51.1488,-1
cover,51.1808,0,0,0,0
nearest,51.1809,-1
cover,51.2151,0,0,0,0
nearest,51.2152,-1
cover,51.2477,0,0,0,0
nearest,51.2478,-1
cover,51.2839,0,0,0,0
nearest,51.2839,-1
cover,51.3144,0,0,0,0
nearest,51.3145,-1
cover,51.3528,0,0,0,0
nearest,51.3529,-1
cover,51.3805,0,0,0,0
nearest,51.3805,-1
cover,51.4217,0,0,0,0
nearest,51.4217,-1
cover,51.455,0,0,0,0
nearest,51.455,-1
cover,51.4896,0,0,0,0
nearest,51.4896,-1
cover,51.5246,0,0,0,0
nearest,51.5246,-1
cover,51.5605,0,0,0,0
nearest,51.5605,-1
cover,51.593,0,0,0,0
nearest,51.5931,-1
cover,51.6249,0,0,0,0
nearest,51.6249,-1
cover,51.6595,0,0,0,0
nearest,51.6595,-1
cover,51.691,0,0,0,0
nearest,51.691,-1
cover,51.7255,0,0,0,0
nearest,51.7255,-1
cover,51.7554,0,0,0,0
nearest,51.7554,-1
cover,51.7883,0,0,0,0
nearest,51.7883,-1
cover,51.8228,0,0,0,0
nearest,51.8229,-1
cover,51.854,0,0,0,0
nearest,51.854,-1
cover,51.8916,0,0,0,0
nearest,51.8916,-1
cover,51.9246,0,0,0,0
nearest,51.9246,-1
cover,51.9571,0,0,0,0
nearest,51.9571,-1
cover,51.9917,0,0,0,0
nearest,51.9917,-1
cover,52.0233,0,0,0,0
nearest,52.0233,-1
cover,52.0553,0,0,0,0
nearest,52.0553,-1
cover,52.0896,0,0,0,0
nearest,52.0897,-1
cover,52.1233,0,0,0,0
nearest,52.1233,-1
cover,52.1565,0,0,0,0
nearest,52.1566,-1
cover,52.1885,0,0,0,0
nearest,52.1885,-1
cover,52.217,0,0,0,0
nearest,52.217,-1
cover,52.2456,0,0,0,0
nearest,52.2456,-1
cover,52.2904,0,0,0,0
nearest,52.2904,-1
cover,52.3264,0,0,0,0
nearest,52.3264,-1
cover,52.3569,0,0,0,0
nearest,52.3569,-1
cover,52.3895,0,0,0,0
nearest,52.3895,-1
cover,52.4209,0,0,0,0
nearest,52.421,-1
cover,52.4562,0,0,0,0
nearest,52.4562,-1
cover,52.4881,0,0,0,0
nearest,52.4882,-1
cover,52.5172,0,0,0,0
nearest,52.5172,-1
cover,52.5557,0,0,0,0
nearest,52.5558,-1
cover,52.589,0,0,0,0
nearest,52.589,-1
cover,52.6238,0,0,0,0
nearest,52.6238,-1
cover,52.6567,0,0,0,0
nearest,52.6568,-1
cover,52.6883,0,0,0,0
nearest,52.6884,-1
cover,52.7183,0,0,0,0
nearest,52.7183,-1
cover,52.755,0,0,0,0
nearest,52.7551,-1
cover,52.7899,0,0,0,0
nearest,52.79,-1
cover,52.8241,0,0,0,0
nearest,52.8241,-1
cover,52.8569,0,0,0,0
nearest,52.8569,-1
cover,52.8903,0,0,0,0
nearest,52.8903,-1
cover,52.923,0,0,0,0
nearest,52.923,-1
cover,52.9568,0,0,0,0
nearest,52.9568,-1
cover,52.9882,0,0,0,0
nearest,52.9882,-1
cover,53.0229,0,0,0,0
nearest,53.023,-1
cover,53.0567,0,0,0,0
nearest,53.0567,-1
cover,53.0886,0,0,0,0
nearest,53.0886,-1
cover,53.1225,0,0,0,0
nearest,53.1225,-1
cover,53.1555,0,0,0,0
nearest,53.1555,-1
cover,53.1881,0,0,0,0
nearest,53.1881,-1
cover,53.2233,0,0,0,0
nearest,53.2233,-1
cover,53.2548,0,0,0,0
nearest,53.2548,-1
cover,53.2903,0,0,0,0
nearest,53.2903,-1
cover,53.3247,0,0,0,0
nearest,53.3248,-1
cover,53.3556,0,0,0,0
nearest,53.3556,-1
cover,53.3909,0,0,0,0
nearest,53.3909,-1
cover,53.4228,0,0,0,0
nearest,53.4228,-1
cover,53.4567,0,0,0,0
nearest,53.4567,-1
cover,53.4886,0,0,0,0
nearest,53.4886,-1
cover,53.5228,0,0,0,0
nearest,53.5229,-1
cover,53.5588,0,0,0,0
nearest,53.5588,-1
cover,53.6032,0,0,0,0
nearest,53.6033,-1
cover,53.6373,0,0,0,0
nearest,53.6373,-1
cover,53.6679,0,0,0,0
nearest,53.6679,-1
cover,53.7,0,0,0,0
nearest,53.7,-1
cover,53.7292,0,0,0,0
nearest,53.7293,-1
cover,53.7561,0,0,0,0
nearest,53.7561,-1
cover,53.7912,0,0,0,0
nearest,53.7912,-1
cover,53.8234,0,0,0,0
nearest,53.8234,-1
cover,53.8567,0,0,0,0
nearest,53.8568,-1
cover,53.8928,0,0,0,0
nearest,53.8928,-1
cover,53.9272,0,0,0,0
nearest,53.9272,-1
cover,53.9563,0,0,0,0
nearest,53.9564,-1
cover,53.9882,0,0,0,0
nearest,53.9883,-1
cover,54.0239,0,0,0,0
nearest,54.0239,-1
cover,54.0583,0,0,0,0
nearest,54.0583,-1
cover,54.089,0,0,0,0
nearest,54.089,-1
cover,54.1233,0,0,0,0
nearest,54.1233,-1
cover,54.1591,0,0,0,0
nearest,54.1591,-1
cover,54.1907,0,0,0,0
nearest,54.1907,-1
cover,54.2235,0,0,0,0
nearest,54.2235,-1
cover,54.2555,0,0,0,0
nearest,54.2555,-1
cover,54.2908,0,0,0,0
nearest,54.2908,-1
cover,54.3233,0,0,0,0
nearest,54.3233,-1
cover,54.3544,0,0,0,0
nearest,54.3544,-1
cover,54.3846,0,0,0,0
nearest,54.3846,-1
cover,54.4225,0,0,0,0
nearest,54.4226,-1
cover,54.4565,0,0,0,0
nearest,54.4566,-1
cover,54.4888,0,0,0,0
nearest,54.4888,-1
cover,54.5228,0,0,0,0
nearest,54.5228,-1
cover,54.5573,0,0,0,0
nearest,54.5573,-1
cover,54.5915,0,0,0,0
nearest,54.5915,-1
cover,54.6232,0,0,0,0
nearest,54.6233,-1
cover,54.6563,0,0,0,0
nearest,54.6563,-1
cover,54.6897,0,0,0,0
nearest,54.6897,-1
cover,54.7231,0,0,0,0
nearest,54.7231,-1
cover,54.7559,0,0,0,0
nearest,54.756,-1
cover,54.7894,0,0,0,0
nearest,54.7894,-1
cover,54.8218,0,0,0,0
nearest,54.8218,-1
cover,54.8568,0,0,0,0
nearest,54.8568,-1
cover,54.8909,0,0,0,0
nearest,54.8909,-1
cover,54.9242,0,0,0,0
nearest,54.9243,-1
cover,54.9585,0,0,0,0
nearest,54.9586,-1
cover,54.992,0,0,0,0
nearest,54.992,-1
cover,55.0251,0,0,0,0
nearest,55.0251,-1
cover,55.0564,0,0,0,0
nearest,55.0565,-1
cover,55.0906,0,0,0,0
nearest,55.0906,-1
cover,55.1277,0,0,0,0
nearest,55.1279,-1
cover,55.1653,0,0,0,0
nearest,55.1653,-1
cover,55.1998,0,0,0,0
nearest,55.1998,-1
cover,55.2318,0,0,0,0
nearest,55.2318,-1
cover,55.2594,0,0,0,0
nearest,55.2594,-1
cover,55.2943,0,0,0,0
nearest,55.2944,-1
cover,55.3247,0,0,0,0
nearest,55.3248,-1
cover,55.357,0,0,0,0
nearest,55.357,-1
cover,55.3918,0,0,0,0
nearest,55.3918,-1
cover,55.4262,0,0,0,0
nearest,55.4262,-1
cover,55.4604,0,0,0,0
nearest,55.4604,-1
cover,55.4937,0,0,0,0
nearest,55.4937,-1
cover,55.5228,0,0,0,0
nearest,55.5228,-1
cover,55.5586,0,0,0,0
nearest,55.5586,-1
cover,55.5908,0,0,0,0
nearest,55.5908,-1
cover,55.6228,0,0,0,0
nearest,55.6228,-1
cover,55.656,0,0,0,0
nearest,55.656,-1
cover,55.6915,0,0,0,0
nearest,55.6915,-1
cover,55.7251,0,0,0,0
nearest,55.7251,-1
cover,55.7591,0,0,0,0
nearest,55.7591,-1
cover,55.7907,0,0,0,0
nearest,55.7907,-1
cover,55.8252,0,0,0,0
nearest,55.8253,-1
cover,55.8592,0,0,0,0
nearest,55.8593,-1
cover,55.8914,0,0,0,0
nearest,55.8914,-1
cover,55.9251,0,0,0,0
nearest,55.9252,-1
cover,55.9575,0,0,0,0
nearest,55.9575,-1
cover,55.9941,0,0,0,0
nearest,55.9941,-1
cover,56.0245,0,0,0,0
nearest,56.0245,-1
cover,56.0604,0,0,0,0
nearest,56.0604,-1
cover,56.0938,0,0,0,0
nearest,56.0938,-1
cover,56.1282,0,0,0,0
nearest,56.1282,-1
cover,56.1573,0,0,0,0
nearest,56.1573,-1
cover,56.1943,0,0,0,0
nearest,56.1944,-1
cover,56.2286,0,0,0,0
nearest,56.2286,-1
cover,56.2636,0,0,0,0
nearest,56.2636,-1
cover,56.2963,0,0,0,0
nearest,56.2963,-1
cover,56.3272,0,0,0,0
nearest,56.3273,-1
cover,56.3567,0,0,0,0
nearest,56.3567,-1
cover,56.3908,0,0,0,0
nearest,56.3908,-1
cover,56.4229,0,0,0,0
nearest,56.4229,-1
cover,56.4624,0,0,0,0
nearest,56.4624,-1
cover,56.4971,0,0,0,0
nearest,56.4971,-1
cover,56.5289,0,0,0,0
nearest,56.529,-1
cover,56.5614,0,0,0,0
nearest,56.5614,-1
cover,56.5926,0,0,0,0
nearest,56.5926,-1
cover,56.6237,0,0,0,0
nearest,56.6237,-1
cover,56.6578,0,0,0,0
nearest,56.6578,-1
cover,56.6898,0,0,0,0
nearest,56.6898,-1
cover,56.7226,0,0,0,0
nearest,56.7226,-1
cover,56.7564,0,0,0,0
nearest,56.7564,-1
cover,56.7894,0,0,0,0
nearest,56.7894,-1
cover,56.8232,0,0,0,0
nearest,56.8232,-1
cover,56.857,0,0,0,0
nearest,56.857,-1
cover,56.8898,0,0,0,0
nearest,56.8898,-1
cover,56.9242,0,0,0,0
nearest,56.9243,-1
cover,56.9584,0,0,0,0
nearest,56.9584,-1
cover,56.9903,0,0,0,0
nearest,56.9903,-1
cover,57.0241,0,0,0,0
nearest,57.0241,-1
cover,57.0573,0,0,0,0
nearest,57.0573,-1
cover,57.0916,0,0,0,0
nearest,57.0916,-1
cover,57.1269,0,0,0,0
nearest,57.1269,-1
cover,57.1603,0,0,0,0
nearest,57.1603,-1
cover,57.1995,0,0,0,0
nearest,57.1996,-1
cover,57.2355,0,0,0,0
nearest,57.2355,-1
cover,57.2705,0,0,0,0
nearest,57.2705,-1
cover,57.3052,0,0,0,0
nearest,57.3052,-1
cover,57.3385,0,0,0,0
nearest,57.3388,-1
cover,57.37,0,0,0,0
nearest,57.3701,-1
cover,57.4065,0,0,0,0
nearest,57.4065,-1
cover,57.4398,0,0,0,0
nearest,57.4398,-1
cover,57.473,0,0,0,0
nearest,57.473,-1
cover,57.5078,0,0,0,0
nearest,57.5078,-1
cover,57.5415,0,0,0,0
nearest,57.5415,-1
cover,57.5723,0,0,0,0
nearest,57.5723,-1
cover,57.604,0,0,0,0
nearest,57.604,-1
cover,57.6402,0,0,0,0
nearest,57.6403,-1
cover,57.6717,0,0,0,0
nearest,57.6718,-1
cover,57.7076,0,0,0,0
nearest,57.7077,-1
cover,57.7417,0,0,0,0
nearest,57.7417,-1
cover,57.7763,0,0,0,0
nearest,57.7763,-1
cover,57.8091,0,0,0,0
nearest,57.8091,-1
cover,57.8395,0,0,0,0
nearest,57.8395,-1
cover,57.8774,0,0,0,0
nearest,57.8774,-1
cover,57.9132,0,0,0,0
nearest,57.9132,-1
cover,57.944,0,0,0,0
nearest,57.944,-1
cover,57.976,0,0,0,0
nearest,57.9761,-1
cover,58.013,0,0,0,0
nearest,58.013,-1
cover,58.0445,0,0,0,0
nearest,58.0445,-1
cover,58.0742,0,0,0,0
nearest,58.0742,-1
cover,58.1057,0,0,0,0
nearest,58.1057,-1
cover,58.137,0,0,0,0
nearest,58.1371,-1
cover,58.1682,0,0,0,0
nearest,58.1682,-1
cover,58.1983,0,0,0,0
nearest,58.1983,-1
cover,58.23,0,0,0,0
nearest,58.2301,-1
cover,58.2618,0,0,0,0
nearest,58.2618,-1
cover,58.2948,0,0,0,0
nearest,58.2948,-1
cover,58.328,0,0,0,0
nearest,58.328,-1
cover,58.3627,0,0,0,0
nearest,58.3627,-1
cover,58.394,0,0,0,0
nearest,58.394,-1
cover,58.426,0,0,0,0
nearest,58.426,-1
cover,58.4578,0,0,0,0
nearest,58.4578,-1
cover,58.4918,0,0,0,0
nearest,58.4918,-1
cover,58.5262,0,0,0,0
nearest,58.5262,-1
cover,58.5566,0,0,0,0
nearest,58.5567,-1
cover,58.5916,0,0,0,0
nearest,58.5916,-1
cover,58.6331,0,0,0,0
nearest,58.6331,-1
cover,58.6677,0,0,0,0
nearest,58.6678,-1
cover,58.7051,0,0,0,0
nearest,58.7052,-1
cover,58.7368,0,0,0,0
nearest,58.7369,-1
cover,58.7702,0,0,0,0
nearest,58.7703,-1
cover,58.801,0,0,0,0
nearest,58.801,-1
cover,58.8445,0,0,0,0
nearest,58.8445,-1
cover,58.8777,0,0,0,0
nearest,58.8777,-1
cover,58.9196,0,0,0,0
nearest,58.9197,-1
cover,58.9686,0,0,0,0
nearest,58.9686,-1
cover,59.005,0,0,0,0
nearest,59.005,-1
cover,59.0474,0,0,0,0
nearest,59.0474,-1
cover,59.0846,0,0,0,0
nearest,59.0847,-1
cover,59.1167,0,0,0,0
nearest,59.1167,-1
cover,59.1495,0,0,0,0
nearest,59.1496,-1
cover,59.1832,0,0,0,0
nearest,59.1832,-1
cover,59.216,0,0,0,0
nearest,59.216,-1
cover,59.2501,0,0,0,0
nearest,59.2501,-1
cover,59.281,0,0,0,0
nearest,59.281,-1
cover,59.3108,0,0,0,0
nearest,59.3108,-1
cover,59.3391,0,0,0,0
nearest,59.3391,-1
cover,59.368,0,0,0,0
nearest,59.368,-1
cover,59.3962,0,0,0,0
nearest,59.3962,-1
cover,59.4286,0,0,0,0
nearest,59.4286,-1
cover,59.4645,0,0,0,0
nearest,59.4645,-1
cover,59.4975,0,0,0,0
nearest,59.4975,-1
cover,59.5453,0,0,0,0
nearest,59.5453,-1
cover,59.6013,0,0,0,0
nearest,59.6013,-1
cover,59.6355,0,0,0,0
nearest,59.6356,-1
cover,59.667,0,0,0,0
nearest,59.667,-1
cover,59.7018,0,0,0,0
nearest,59.7019,-1
cover,59.7319,0,0,0,0
nearest,59.7319,-1
cover,59.7655,0,0,0,0
nearest,59.7655,-1
cover,59.7981,0,0,0,0
nearest,59.7982,-1
cover,59.8358,0,0,0,0
nearest,59.8358,-1
cover,59.8667,0,0,0,0
nearest,59.8667,-1
cover,59.9004,0,0,0,0
nearest,59.9004,-1
cover,59.9339,0,0,0,0
nearest,59.9339,-1
cover,59.9701,0,0,0,0
nearest,59.9702,-1
cover,60.0057,0,0,0,0
nearest,60.0058,-1
cover,60.0369,0,0,0,0
nearest,60.037,-1
cover,60.0666,0,0,0,0
nearest,60.0667,-1
cover,60.0982,0,0,0,0
nearest,60.0982,-1
cover,60.129,0,0,0,0
nearest,60.129,-1
cover,60.1686,0,0,0,0
nearest,60.1686,-1
cover,60.2028,0,0,0,0
nearest,60.2028,-1
cover,60.2327,0,0,0,0
nearest,60.2327,-1
cover,60.269,0,0,0,0
nearest,60.269,-1
cover,60.3085,0,0,0,0
nearest,60.3086,-1
cover,60.3414,0,0,0,0
nearest,60.3414,-1
cover,60.3734,0,0,0,0
nearest,60.3734,-1
cover,60.4059,0,0,0,0
nearest,60.4059,-1
cover,60.4454,0,0,0,0
nearest,60.4454,-1
cover,60.4781,0,0,0,0
nearest,60.4781,-1
cover,60.5104,0,0,0,0
nearest,60.5104,-1
cover,60.5451,0,0,0,0
nearest,60.5451,-1
cover,60.579,0,0,0,0
nearest,60.579,-1
cover,60.6128,0,0,0,0
nearest,60.6129,-1
cover,60.645,0,0,0,0
nearest,60.645,-1
cover,60.6791,0,0,0,0
nearest,60.6792,-1
cover,60.715,0,0,0,0
nearest,60.715,-1
cover,60.7516,0,0,0,0
nearest,60.7517,-1
cover,60.7857,0,0,0,0
nearest,60.7857,-1
cover,60.8196,0,0,0,0
nearest,60.8196,-1
cover,60.856,0,0,0,0
nearest,60.856,-1
cover,60.8987,0,0,0,0
nearest,60.8987,-1
cover,60.9405,0,0,0,0
nearest,60.9405,-1
cover,60.9804,0,0,0,0
nearest,60.9805,-1
cover,61.0173,0,0,0,0
nearest,61.0174,-1
cover,61.0556,0,0,0,0
nearest,61.0556,-1
cover,61.1005,0,0,0,0
nearest,61.1006,-1
cover,61.1333,0,0,0,0
nearest,61.1333,-1
cover,61.1724,0,0,0,0
nearest,61.1724,-1
cover,61.2138,0,0,0,0
nearest,61.2138,-1
cover,61.2475,0,0,0,0
nearest,61.2475,-1
cover,61.2835,0,0,0,0
nearest,61.2835,-1
cover,61.3167,0,0,0,0
nearest,61.3167,-1
cover,61.3501,0,0,0,0
nearest,61.3501,-1
cover,61.38,0,0,0,0
nearest,61.38,-1
cover,61.4115,0,0,0,0
nearest,61.4116,-1
cover,61.4463,0,0,0,0
nearest,61.4463,-1
cover,61.4792,0,0,0,0
nearest,61.4793,-1
cover,61.514,0,0,0,0
nearest,61.514,-1
cover,61.5433,0,0,0,0
nearest,61.5434,-1
cover,61.5802,0,0,0,0
nearest,61.5803,-1
cover,61.6483,0,0,0,0
nearest,61.6483,-1
cover,61.6825,0,0,0,0
nearest,61.6826,-1
cover,61.7158,0,0,0,0
nearest,61.7158,-1
cover,61.7462,0,0,0,0
nearest,61.7462,-1
cover,61.7775,0,0,0,0
nearest,61.7775,-1
cover,61.8163,0,0,0,0
nearest,61.8163,-1
cover,61.8479,0,0,0,0
nearest,61.8479,-1
cover,61.88,0,0,0,0
nearest,61.88,-1
cover,61.9176,0,0,0,0
nearest,61.9176,-1
cover,61.9544,0,0,0,0
nearest,61.9545,-1
cover,62.0013,0,0,0,0
nearest,62.0013,-1
cover,62.0452,0,0,0,0
nearest,62.0452,-1
cover,62.0793,0,0,0,0
nearest,62.0793,-1
cover,62.1157,0,0,0,0
nearest,62.1157,-1
cover,62.1502,0,0,0,0
nearest,62.1502,-1
cover,62.1836,0,0,0,0
nearest,62.1837,-1
cover,62.2128,0,0,0,0
nearest,62.2128,-1
cover,62.246,0,0,0,0
nearest,62.246,-1
cover,62.275,0,0,0,0
nearest,62.275,-1
cover,62.3045,0,0,0,0
nearest,62.3046,-1
cover,62.3324,0,0,0,0
nearest,62.3325,-1
cover,62.3627,0,0,0,0
nearest,62.3628,-1
cover,62.3898,0,0,0,0
nearest,62.3898,-1
cover,62.4295,0,0,0,0
nearest,62.4295,-1
cover,62.4618,0,0,0,0
nearest,62.4618,-1
cover,62.4992,0,0,0,0
nearest,62.4992,-1
cover,62.5309,0,0,0,0
nearest,62.5309,-1
cover,62.564,0,0,0,0
nearest,62.564,-1
cover,62.5975,0,0,0,0
nearest,62.5975,-1
cover,62.6297,0,0,0,0
nearest,62.6297,-1
cover,62.663,0,0,0,0
nearest,62.663,-1
cover,62.6958,0,0,0,0
nearest,62.6958,-1
cover,62.729,0,0,0,0
nearest,62.7291,-1
cover,62.7643,0,0,0,0
nearest,62.7643,-1
cover,62.7962,0,0,0,0
nearest,62.7962,-1
cover,62.8227,0,0,0,0
nearest,62.8227,-1
cover,62.8514,0,0,0,0
nearest,62.8515,-1
cover,62.8794,0,0,0,0
nearest,62.8794,-1
cover,62.9106,0,0,0,0
nearest,62.9107,-1
cover,62.9388,0,0,0,0
nearest,62.9389,-1
cover,62.9708,0,0,0,0
nearest,62.9708,-1
cover,63.0003,0,0,0,0
nearest,63.0003,-1
cover,63.0322,0,0,0,0
nearest,63.0323,-1
cover,63.0662,0,0,0,0
nearest,63.0662,-1
cover,63.0977,0,0,0,0
nearest,63.0978,-1
cover,63.1327,0,0,0,0
nearest,63.1328,-1
cover,63.1639,0,0,0,0
nearest,63.1639,-1
cover,63.1965,0,0,0,0
nearest,63.1966,-1
cover,63.2307,0,0,0,0
nearest,63.2307,-1
cover,63.2628,0,0,0,0
nearest,63.2628,-1
cover,63.2974,0,0,0,0
nearest,63.2974,-1
cover,63.3292,0,0,0,0
nearest,63.3292,-1
cover,63.3624,0,0,0,0
nearest,63.3624,-1
cover,63.3969,0,0,0,0
nearest,63.397,-1
cover,63.4276,0,0,0,0
nearest,63.4276,-1
cover,63.4637,0,0,0,0
nearest,63.4637,-1
cover,63.4976,0,0,0,0
nearest,63.4976,-1
cover,63.5309,0,0,0,0
nearest,63.5309,-1
cover,63.5624,0,0,0,0
nearest,63.5624,-1
cover,63.5904,0,0,0,0
nearest,63.5905,-1
cover,63.6171,0,0,0,0
nearest,63.6171,-1
cover,63.6469,0,0,0,0
nearest,63.6469,-1
cover,63.6798,0,0,0,0
nearest,63.6798,-1
cover,63.7113,0,0,0,0
nearest,63.7113,-1
cover,63.7415,0,0,0,0
nearest,63.7415,-1
cover,63.7751,0,0,0,0
nearest,63.7751,-1
cover,63.805,0,0,0,0
nearest,63.805,-1
cover,63.8308,0,0,0,0
nearest,63.8308,-1
cover,63.8648,0,0,0,0
nearest,63.8648,-1
cover,63.8973,0,0,0,0
nearest,63.8973,-1
cover,63.9293,0,0,0,0
nearest,63.9293,-1
cover,63.9565,0,0,0,0
nearest,63.9566,-1
cover,63.9954,0,0,0,0
nearest,63.9954,-1
cover,64.0328,0,0,0,0
nearest,64.0328,-1
cover,64.0645,0,0,0,0
nearest,64.0645,-1
cover,64.0981,0,0,0,0
nearest,64.0981,-1
cover,64.134,0,0,0,0
nearest,64.134,-1
cover,64.1646,0,0,0,0
nearest,64.1646,-1
cover,64.198,0,0,0,0
nearest,64.198,-1
cover,64.2335,0,0,0,0
nearest,64.2335,-1
cover,64.2635,0,0,0,0
nearest,64.2635,-1
cover,64.2984,0,0,0,0
nearest,64.2985,-1
cover,64.3279,0,0,0,0
nearest,64.3279,-1
cover,64.3532,0,0,0,0
nearest,64.3533,-1
cover,64.3783,0,0,0,0
nearest,64.3783,-1
cover,64.4077,0,0,0,0
nearest,64.4077,-1
cover,64.436,0,0,0,0
nearest,64.436,-1
cover,64.4683,0,0,0,0
nearest,64.4683,-1
cover,64.5004,0,0,0,0
nearest,64.5004,-1
cover,64.5298,0,0,0,0
nearest,64.5298,-1
cover,64.5565,0,0,0,0
nearest,64.5566,-1
cover,64.5875,0,0,0,0
nearest,64.5876,-1
cover,64.6279,0,0,0,0
nearest,64.6279,-1
cover,64.6577,0,0,0,0
nearest,64.6578,-1
cover,64.6896,0,0,0,0
nearest,64.6896,-1
cover,64.7298,0,0,0,0
nearest,64.7298,-1
cover,64.7585,0,0,0,0
nearest,64.7585,-1
cover,64.7952,0,0,0,0
nearest,64.7952,-1
cover,64.8228,0,0,0,0
nearest,64.8228,-1
cover,64.8522,0,0,0,0
nearest,64.8523,-1
cover,64.8806,0,0,0,0
nearest,64.8806,-1
cover,64.9101,0,0,0,0
nearest,64.9101,-1
cover,64.9404,0,0,0,0
nearest,64.9404,-1
cover,64.9686,0,0,0,0
nearest,64.9686,-1
cover,64.9973,0,0,0,0
nearest,64.9973,-1
cover,65.0294,0,0,0,0
nearest,65.0294,-1
cover,65.0621,0,0,0,0
nearest,65.0621,-1
cover,65.0909,0,0,0,0
nearest,65.091,-1
cover,65.1211,0,0,0,0
nearest,65.1211,-1
cover,65.1548,0,0,0,0
nearest,65.1548,-1
cover,65.1905,0,0,0,0
nearest,65.1905,-1
cover,65.224,0,0,0,0
nearest,65.224,-1
cover,65.2541,0,0,0,0
nearest,65.2541,-1
cover,65.2819,0,0,0,0
nearest,65.2819,-1
cover,65.3121,0,0,0,0
nearest,65.3121,-1
cover,65.3449,0,0,0,0
nearest,65.345,-1
cover,65.3757,0,0,0,0
nearest,65.3757,-1
cover,65.405,0,0,0,0
nearest,65.405,-1
cover,65.4348,0,0,0,0
nearest,65.4348,-1
cover,65.4669,0,0,0,0
nearest,65.4669,-1
cover,65.4969,0,0,0,0
nearest,65.4969,-1
cover,65.5907,0,0,0,0
nearest,65.5908,-1
cover,65.6321,0,0,0,0
nearest,65.6321,-1
cover,65.6635,0,0,0,0
nearest,65.6635,-1
cover,65.6963,0,0,0,0
nearest,65.6963,-1
cover,65.7316,0,0,0,0
nearest,65.7316,-1
cover,65.7622,0,0,0,0
nearest,65.7622,-1
cover,65.7963,0,0,0,0
nearest,65.7963,-1
cover,65.8316,0,0,0,0
nearest,65.8316,-1
cover,65.8644,0,0,0,0
nearest,65.8644,-1
cover,65.9004,0,0,0,0
nearest,65.9004,-1
cover,65.9333,0,0,0,0
nearest,65.9333,-1
cover,65.9653,0,0,0,0
nearest,65.9653,-1
cover,65.997,0,0,0,0
nearest,65.997,-1
cover,66.0288,0,0,0,0
nearest,66.029,-1
cover,66.0627,0,0,0,0
nearest,66.0627,-1
cover,66.0951,0,0,0,0
nearest,66.0951,-1
cover,66.1226,0,0,0,0
nearest,66.1226,-1
cover,66.157,0,0,0,0
nearest,66.157,-1
cover,66.1899,0,0,0,0
nearest,66.19,-1
cover,66.2231,0,0,0,0
nearest,66.2232,-1
cover,66.2666,0,0,0,0
nearest,66.2666,-1
cover,66.2958,0,0,0,0
nearest,66.2958,-1
cover,66.329,0,0,0,0
nearest,66.3291,-1
cover,66.3562,0,0,0,0
nearest,66.3562,-1
cover,66.3868,0,0,0,0
nearest,66.3868,-1
cover,66.4187,0,0,0,0
nearest,66.4187,-1
cover,66.4472,0,0,0,0
nearest,66.4472,-1
cover,66.4816,0,0,0,0
nearest,66.4816,-1
cover,66.5117,0,0,0,0
nearest,66.5117,-1
cover,66.5408,0,0,0,0
nearest,66.5409,-1
cover,66.57,0,0,0,0
nearest,66.57,-1
cover,66.5983,0,0,0,0
nearest,66.5984,-1
cover,66.6331,0,0,0,0
nearest,66.6331,-1
cover,66.6637,0,0,0,0
nearest,66.6638,-1
cover,66.6975,0,0,0,0
nearest,66.6975,-1
cover,66.737,0,0,0,0
nearest,66.737,-1
cover,66.7745,0,0,0,0
nearest,66.7745,-1
cover,66.8029,0,0,0,0
nearest,66.8029,-1
cover,66.8335,0,0,0,0
nearest,66.8336,-1
cover,66.865,0,0,0,0
nearest,66.8651,-1
cover,66.8987,0,0,0,0
nearest,66.8988,-1
cover,66.9292,0,0,0,0
nearest,66.9292,-1
cover,66.964,0,0,0,0
nearest,66.964,-1
cover,66.9978,0,0,0,0
nearest,66.9978,-1
cover,67.0315,0,0,0,0
nearest,67.0316,-1
cover,67.0665,0,0,0,0
nearest,67.0665,-1
cover,67.0978,0,0,0,0
nearest,67.0978,-1
cover,67.1283,0,0,0,0
nearest,67.1283,-1
cover,67.1572,0,0,0,0
nearest,67.1572,-1
cover,67.1917,0,0,0,0
nearest,67.1917,-1
cover,67.2306,0,0,0,0
nearest,67.2306,-1
cover,67.2641,0,0,0,0
nearest,67.2642,-1
cover,67.2919,0,0,0,0
nearest,67.2919,-1
cover,67.3297,0,0,0,0
nearest,67.3297,-1
cover,67.3615,0,0,0,0
nearest,67.3615,-1
cover,67.3896,0,0,0,0
nearest,67.3896,-1
cover,67.4198,0,0,0,0
nearest,67.4198,-1
cover,67.4559,0,0,0,0
nearest,67.4559,-1
cover,67.4914,0,0,0,0
nearest,67.4914,-1
cover,67.5224,0,0,0,0
nearest,67.5224,-1
cover,67.5551,0,0,0,0
nearest,67.5551,-1
cover,67.5866,0,0,0,0
nearest,67.5866,-1
cover,67.6132,0,0,0,0
nearest,67.6132,-1
cover,67.6439,0,0,0,0
nearest,67.6439,-1
cover,67.6704,0,0,0,0
nearest,67.6704,-1
cover,67.6993,0,0,0,0
nearest,67.6993,-1
cover,67.7294,0,0,0,0
nearest,67.7295,-1
cover,67.7664,0,0,0,0
nearest,67.7664,-1
cover,67.8008,0,0,0,0
nearest,67.8008,-1
cover,67.8331,0,0,0,0
nearest,67.8331,-1
cover,67.8652,0,0,0,0
nearest,67.8652,-1
cover,67.8993,0,0,0,0
nearest,67.8994,-1
cover,67.9311,0,0,0,0
nearest,67.9311,-1
cover,67.9656,0,0,0,0
nearest,67.9656,-1
cover,67.9962,0,0,0,0
nearest,67.9962,-1
cover,68.0301,0,0,0,0
nearest,68.0301,-1
cover,68.0643,0,0,0,0
nearest,68.0643,-1
cover,68.0992,0,0,0,0
nearest,68.0993,-1
cover,68.1311,0,0,0,0
nearest,68.1311,-1
cover,68.1622,0,0,0,0
nearest,68.1622,-1
cover,68.1893,0,0,0,0
nearest,68.1893,-1
cover,68.2232,0,0,0,0
nearest,68.2233,-1
cover,68.2552,0,0,0,0
nearest,68.2552,-1
cover,68.2917,0,0,0,0
nearest,68.2917,-1
cover,68.3265,0,0,0,0
nearest,68.3265,-1
cover,68.3657,0,0,0,0
nearest,68.3657,-1
cover,68.3976,0,0,0,0
nearest,68.3977,-1
cover,68.4323,0,0,0,0
nearest,68.4323,-1
cover,68.4659,0,0,0,0
nearest,68.4659,-1
cover,68.4968,0,0,0,0
nearest,68.4968,-1
cover,68.5306,0,0,0,0
nearest,68.5307,-1
cover,68.5637,0,0,0,0
nearest,68.5637,-1
cover,68.5948,0,0,0,0
nearest,68.5949,-1
cover,68.6248,0,0,0,0
nearest,68.6248,-1
cover,68.6648,0,0,0,0
nearest,68.6648,-1
cover,68.6974,0,0,0,0
nearest,68.6975,-1
cover,68.7306,0,0,0,0
nearest,68.7306,-1
cover,68.7633,0,0,0,0
nearest,68.7633,-1
cover,68.7962,0,0,0,0
nearest,68.7963,-1
cover,68.8325,0,0,0,0
nearest,68.8325,-1
cover,68.864,0,0,0,0
nearest,68.864,-1
cover,68.8962,0,0,0,0
nearest,68.8962,-1
cover,68.925,0,0,0,0
nearest,68.925,-1
cover,68.9623,0,0,0,0
nearest,68.9623,-1
cover,68.9984,0,0,0,0
nearest,68.9984,-1
cover,69.0333,0,0,0,0
nearest,69.0333,-1
cover,69.0651,0,0,0,0
nearest,69.0651,-1
cover,69.0975,0,0,0,0
nearest,69.0975,-1
cover,69.1307,0,0,0,0
nearest,69.1307,-1
cover,69.1705,0,0,0,0
nearest,69.1706,-1
cover,69.2138,0,0,0,0
nearest,69.2138,-1
cover,69.2514,0,0,0,0
nearest,69.2515,-1
cover,69.2879,0,0,0,0
nearest,69.2879,-1
cover,69.322,0,0,0,0
nearest,69.322,-1
cover,69.3524,0,0,0,0
nearest,69.3524,-1
cover,69.3823,0,0,0,0
nearest,69.3823,-1
cover,69.4106,0,0,0,0
nearest,69.4106,-1
cover,69.4408,0,0,0,0
nearest,69.4408,-1
cover,69.4719,0,0,0,0
nearest,69.4719,-1
cover,69.4998,0,0,0,0
nearest,69.4998,-1
cover,69.533,0,0,0,0
nearest,69.5331,-1
cover,69.5648,0,0,0,0
nearest,69.5649,-1
cover,69.5985,0,0,0,0
nearest,69.5985,-1
cover,69.6308,0,0,0,0
nearest,69.6308,-1
cover,69.6626,0,0,0,0
nearest,69.6627,-1
cover,69.69,0,0,0,0
nearest,69.6901,-1
cover,69.7235,0,0,0,0
nearest,69.7235,-1
cover,69.7638,0,0,0,0
nearest,69.7638,-1
cover,69.7936,0,0,0,0
nearest,69.7936,-1
cover,69.8309,0,0,0,0
nearest,69.8309,-1
cover,69.865,0,0,0,0
nearest,69.865,-1
cover,69.8998,0,0,0,0
nearest,69.8998,-1
cover,69.9314,0,0,0,0
nearest,69.9314,-1
cover,69.9688,0,0,0,0
nearest,69.9688,-1
cover,69.9982,0,0,0,0
nearest,69.9982,-1
cover,70.0309,0,0,0,0
nearest,70.0309,-1
cover,70.0674,0,0,0,0
nearest,70.0674,-1
cover,70.099,0,0,0,0
nearest,70.099,-1
cover,70.1318,0,0,0,0
nearest,70.1318,-1
cover,70.1652,0,0,0,0
nearest,70.1652,-1
cover,70.1995,0,0,0,0
nearest,70.1996,-1
cover,70.2304,0,0,0,0
nearest,70.2304,-1
cover,70.2648,0,0,0,0
nearest,70.2648,-1
cover,70.2955,0,0,0,0
nearest,70.2955,-1
cover,70.3224,0,0,0,0
nearest,70.3224,-1
cover,70.3546,0,0,0,0
nearest,70.3546,-1
cover,70.3966,0,0,0,0
nearest,70.3967,-1
cover,70.431,0,0,0,0
nearest,70.431,-1
cover,70.4653,0,0,0,0
nearest,70.4653,-1
cover,70.4985,0,0,0,0
nearest,70.4985,-1
cover,70.5328,0,0,0,0
nearest,70.5328,-1
cover,70.5664,0,0,0,0
nearest,70.5664,-1
cover,70.5985,0,0,0,0
nearest,70.5985,-1
cover,70.6355,0,0,0,0
nearest,70.6355,-1
cover,70.6677,0,0,0,0
nearest,70.6677,-1
cover,70.6991,0,0,0,0
nearest,70.6992,-1
cover,70.7311,0,0,0,0
nearest,70.7311,-1
cover,70.7646,0,0,0,0
nearest,70.7646,-1
cover,70.798,0,0,0,0
nearest,70.798,-1
cover,70.8311,0,0,0,0
nearest,70.8311,-1
cover,70.8644,0,0,0,0
nearest,70.8645,-1
cover,70.8974,0,0,0,0
nearest,70.8974,-1
cover,70.9324,0,0,0,0
nearest,70.9325,-1
cover,70.9637,0,0,0,0
nearest,70.9637,-1
cover,70.9987,0,0,0,0
nearest,70.9987,-1
cover,71.0351,0,0,0,0
nearest,71.0352,-1
cover,71.0691,0,0,0,0
nearest,71.0691,-1
cover,71.0992,0,0,0,0
nearest,71.0992,-1
cover,71.134,0,0,0,0
nearest,71.134,-1
cover,71.166,0,0,0,0
nearest,71.166,-1
cover,71.1979,0,0,0,0
nearest,71.198,-1
cover,71.2315,0,0,0,0
nearest,71.2316,-1
cover,71.2656,0,0,0,0
nearest,71.2656,-1
cover,71.2957,0,0,0,0
nearest,71.2957,-1
cover,71.3247,0,0,0,0
nearest,71.3247,-1
cover,71.3587,0,0,0,0
nearest,71.3587,-1
cover,71.3958,0,0,0,0
nearest,71.3959,-1
cover,71.4264,0,0,0,0
nearest,71.4265,-1
cover,71.4609,0,0,0,0
nearest,71.4609,-1
cover,71.4971,0,0,0,0
nearest,71.4971,-1
cover,71.5298,0,0,0,0
nearest,71.5299,-1
cover,71.5622,0,0,0,0
nearest,71.5622,-1
cover,71.5977,0,0,0,0
nearest,71.5978,-1
cover,71.6335,0,0,0,0
nearest,71.6335,-1
cover,71.665,0,0,0,0
nearest,71.6651,-1
cover,71.6985,0,0,0,0
nearest,71.6985,-1
cover,71.7267,0,0,0,0
nearest,71.7267,-1
cover,71.7671,0,0,0,0
nearest,71.7671,-1
cover,71.7982,0,0,0,0
nearest,71.7982,-1
cover,71.8303,0,0,0,0
nearest,71.8304,-1
cover,71.8594,0,0,0,0
nearest,71.8594,-1
cover,71.8953,0,0,0,0
nearest,71.8953,-1
cover,71.9342,0,0,0,0
nearest,71.9342,-1
cover,71.9664,0,0,0,0
nearest,71.9664,-1
cover,71.9974,0,0,0,0
nearest,71.9975,-1
cover,72.0333,0,0,0,0
nearest,72.0334,-1
cover,72.0669,0,0,0,0
nearest,72.0669,-1
cover,72.1019,0,0,0,0
nearest,72.1019,-1
cover,72.1337,0,0,0,0
nearest,72.1337,-1
cover,72.1642,0,0,0,0
nearest,72.1642,-1
cover,72.1971,0,0,0,0
nearest,72.1972,-1
cover,72.2358,0,0,0,0
nearest,72.2358,-1
cover,72.2629,0,0,0,0
nearest,72.263,-1
cover,72.2938,0,0,0,0
nearest,72.2938,-1
cover,72.3302,0,0,0,0
nearest,72.3302,-1
cover,72.366,0,0,0,0
nearest,72.366,-1
cover,72.3996,0,0,0,0
nearest,72.3997,-1
cover,72.4314,0,0,0,0
nearest,72.4314,-1
cover,72.4655,0,0,0,0
nearest,72.4655,-1
cover,72.4974,0,0,0,0
nearest,72.4975,-1
cover,72.533,0,0,0,0
nearest,72.5331,-1
cover,72.5656,0,0,0,0
nearest,72.5657,-1
cover,72.597,0,0,0,0
nearest,72.597,-1
cover,72.6328,0,0,0,0
nearest,72.6329,-1
cover,72.6656,0,0,0,0
nearest,72.6656,-1
cover,72.7022,0,0,0,0
nearest,72.7022,-1
cover,72.7343,0,0,0,0
nearest,72.7343,-1
cover,72.7642,0,0,0,0
nearest,72.7642,-1
cover,72.7938,0,0,0,0
nearest,72.7938,-1
cover,72.8284,0,0,0,0
nearest,72.8285,-1
cover,72.8641,0,0,0,0
nearest,72.8641,-1
cover,72.899,0,0,0,0
nearest,72.899,-1
cover,72.9299,0,0,0,0
nearest,72.9299,-1
cover,72.9615,0,0,0,0
nearest,72.9615,-1
cover,72.9946,0,0,0,0
nearest,72.9946,-1
cover,73.0314,0,0,0,0
nearest,73.0314,-1
cover,73.0675,0,0,0,0
nearest,73.0675,-1
cover,73.0973,0,0,0,0
nearest,73.0973,-1
cover,73.1252,0,0,0,0
nearest,73.1252,-1
cover,73.17,0,0,0,0
nearest,73.17,-1
cover,73.1992,0,0,0,0
nearest,73.1992,-1
cover,73.2282,0,0,0,0
nearest,73.2282,-1
cover,73.263,0,0,0,0
nearest,73.263,-1
cover,73.2943,0,0,0,0
nearest,73.2943,-1
cover,73.3281,0,0,0,0
nearest,73.3281,-1
cover,73.3571,0,0,0,0
nearest,73.3572,-1
cover,73.3958,0,0,0,0
nearest,73.3958,-1
cover,73.4292,0,0,0,0
nearest,73.4292,-1
cover,73.4646,0,0,0,0
nearest,73.4646,-1
cover,73.4951,0,0,0,0
nearest,73.4951,-1
cover,73.5302,0,0,0,0
nearest,73.5302,-1
cover,73.562,0,0,0,0
nearest,73.562,-1
cover,73.5945,0,0,0,0
nearest,73.5946,-1
cover,73.6289,0,0,0,0
nearest,73.6289,-1
cover,73.6624,0,0,0,0
nearest,73.6624,-1
cover,73.6956,0,0,0,0
nearest,73.6956,-1
cover,73.7267,0,0,0,0
nearest,73.7267,-1
cover,73.7616,0,0,0,0
nearest,73.7617,-1
cover,73.7969,0,0,0,0
nearest,73.797,-1
cover,73.8301,0,0,0,0
nearest,73.8301,-1
cover,73.8611,0,0,0,0
nearest,73.8611,-1
cover,73.8874,0,0,0,0
nearest,73.8874,-1
cover,73.9281,0,0,0,0
nearest,73.9282,-1
cover,73.9542,0,0,0,0
nearest,73.9542,-1
cover,73.9821,0,0,0,0
nearest,73.9821,-1
cover,74.014,0,0,0,0
nearest,74.0141,-1
cover,74.0438,0,0,0,0
nearest,74.0438,-1
cover,74.0735,0,0,0,0
nearest,74.0735,-1
cover,74.1023,0,0,0,0
nearest,74.1024,-1
cover,74.1323,0,0,0,0
nearest,74.1323,-1
cover,74.1625,0,0,0,0
nearest,74.1625,-1
cover,74.1946,0,0,0,0
nearest,74.1947,-1
cover,74.2298,0,0,0,0
nearest,74.2298,-1
cover,74.2617,0,0,0,0
nearest,74.2617,-1
cover,74.2888,0,0,0,0
nearest,74.2889,-1
cover,74.3193,0,0,0,0
nearest,74.3193,-1
cover,74.3551,0,0,0,0
nearest,74.3551,-1
cover,74.3958,0,0,0,0
nearest,74.3958,-1
cover,74.4295,0,0,0,0
nearest,74.4295,-1
cover,74.4617,0,0,0,0
nearest,74.4618,-1
cover,74.496,0,0,0,0
nearest,74.496,-1
cover,74.5274,0,0,0,0
nearest,74.5274,-1
cover,74.5627,0,0,0,0
nearest,74.5627,-1
cover,74.5994,0,0,0,0
nearest,74.5994,-1
cover,74.637,0,0,0,0
nearest,74.637,-1
cover,74.6762,0,0,0,0
nearest,74.6763,-1
cover,74.7102,0,0,0,0
nearest,74.7103,-1
cover,74.7425,0,0,0,0
nearest,74.7426,-1
cover,74.7763,0,0,0,0
nearest,74.7763,-1
cover,74.8133,0,0,0,0
nearest,74.8133,-1
cover,74.8468,0,0,0,0
nearest,74.8469,-1
cover,74.8801,0,0,0,0
nearest,74.8801,-1
cover,74.9143,0,0,0,0
nearest,74.9144,-1
cover,74.9492,0,0,0,0
nearest,74.9492,-1
cover,75.0002,0,0,0,0
nearest,75.0003,-1
cover,75.0332,0,0,0,0
nearest,75.0332,-1
cover,75.0717,0,0,0,0
nearest,75.0717,-1
cover,75.1025,0,0,0,0
nearest,75.1025,-1
cover,75.136,0,0,0,0
nearest,75.1361,-1
cover,75.1709,0,0,0,0
nearest,75.171,-1
cover,75.2137,0,0,0,0
nearest,75.2137,-1
cover,75.2504,0,0,0,0
nearest,75.2505,-1
cover,75.2775,0,0,0,0
nearest,75.2775,-1
cover,75.3081,0,0,0,0
nearest,75.3081,-1
cover,75.3372,0,0,0,0
nearest,75.3372,-1
cover,75.3658,0,0,0,0
nearest,75.3658,-1
cover,75.3983,0,0,0,0
nearest,75.3983,-1
cover,75.4311,0,0,0,0
nearest,75.4311,-1
cover,75.4649,0,0,0,0
nearest,75.4649,-1
cover,75.4981,0,0,0,0
nearest,75.4981,-1
cover,75.5308,0,0,0,0
nearest,75.5308,-1
cover,75.5643,0,0,0,0
nearest,75.5643,-1
cover,75.5997,0,0,0,0
nearest,75.5997,-1
cover,75.6322,0,0,0,0
nearest,75.6323,-1
cover,75.6645,0,0,0,0
nearest,75.6645,-1
cover,75.6988,0,0,0,0
nearest,75.6988,-1
cover,75.7323,0,0,0,0
nearest,75.7324,-1
cover,75.7643,0,0,0,0
nearest,75.7643,-1
cover,75.7966,0,0,0,0
nearest,75.7966,-1
cover,75.8304,0,0,0,0
nearest,75.8304,-1
cover,75.8663,0,0,0,0
nearest,75.8664,-1
cover,75.8978,0,0,0,0
nearest,75.8978,-1
cover,75.9318,0,0,0,0
nearest,75.9318,-1
cover,75.964,0,0,0,0
nearest,75.9641,-1
cover,75.9961,0,0,0,0
nearest,75.9961,-1
cover,76.0246,0,0,0,0
nearest,76.0247,-1
cover,76.0551,0,0,0,0
nearest,76.0551,-1
cover,76.0962,0,0,0,0
nearest,76.0962,-1
cover,76.125,0,0,0,0
nearest,76.125,-1
cover,76.1633,0,0,0,0
nearest,76.1633,-1
cover,76.1984,0,0,0,0
nearest,76.1984,-1
cover,76.2305,0,0,0,0
nearest,76.2305,-1
cover,76.2578,0,0,0,0
nearest,76.2578,-1
cover,76.3009,0,0,0,0
nearest,76.301,-1
cover,76.3466,0,0,0,0
nearest,76.3467,-1
cover,76.4067,0,0,0,0
nearest,76.4067,-1
cover,76.4672,0,0,0,0
nearest,76.4672,-1
cover,76.5099,0,0,0,0
nearest,76.5099,-1
cover,76.5423,0,0,0,0
nearest,76.5423,-1
cover,76.5788,0,0,0,0
nearest,76.5789,-1
cover,76.6151,0,0,0,0
nearest,76.6151,-1
cover,76.6533,0,0,0,0
nearest,76.6534,-1
cover,76.6914,0,0,0,0
nearest,76.6914,-1
cover,76.7495,0,0,0,0
nearest,76.7495,-1
cover,76.8155,0,0,0,0
nearest,76.8156,-1
cover,76.8672,0,0,0,0
nearest,76.8673,-1
cover,76.9614,0,0,0,0
nearest,76.9615,-1
cover,77.0519,0,0,0,0
nearest,77.052,-1
cover,77.1047,0,0,0,0
nearest,77.1048,-1
cover,77.149,0,0,0,0
nearest,77.1491,-1
cover,77.1855,0,0,0,0
nearest,77.1855,-1
cover,77.2305,0,0,0,0
nearest,77.2305,-1
cover,77.2713,0,0,0,0
nearest,77.2714,-1
cover,77.3194,0,0,0,0
nearest,77.3194,-1
cover,77.3556,0,0,0,0
nearest,77.3556,-1
cover,77.3976,0,0,0,0
nearest,77.3976,-1
cover,77.443,0,0,0,0
nearest,77.443,-1
cover,77.4874,0,0,0,0
nearest,77.4875,-1
cover,77.5248,0,0,0,0
nearest,77.5254,-1
cover,77.5718,0,0,0,0
nearest,77.5718,-1
cover,77.617,0,0,0,0
nearest,77.6171,-1
cover,77.653,0,0,0,0
nearest,77.653,-1
cover,77.6929,0,0,0,0
nearest,77.693,-1
cover,77.7403,0,0,0,0
nearest,77.7403,-1
cover,77.7846,0,0,0,0
nearest,77.7846,-1
cover,77.8263,0,0,0,0
nearest,77.8264,-1
cover,77.8609,0,0,0,0
nearest,77.8609,-1
cover,77.8952,0,0,0,0
nearest,77.8952,-1
cover,77.939,0,0,0,0
nearest,77.939,-1
cover,77.9786,0,0,0,0
nearest,77.9786,-1
cover,78.0145,0,0,0,0
nearest,78.0145,-1
cover,78.0493,0,0,0,0
nearest,78.0493,-1
cover,78.0885,0,0,0,0
nearest,78.0885,-1
cover,78.129,0,0,0,0
nearest,78.129,-1
cover,78.1748,0,0,0,0
nearest,78.1749,-1
cover,78.208,0,0,0,0
nearest,78.208,-1
cover,78.2437,0,0,0,0
nearest,78.2437,-1
cover,78.2773,0,0,0,0
nearest,78.2774,-1
cover,78.312,0,0,0,0
nearest,78.312,-1
cover,78.3477,0,0,0,0
nearest,78.3477,-1
cover,78.382,0,0,0,0
nearest,78.382,-1
cover,78.4179,0,0,0,0
nearest,78.4179,-1
cover,78.4531,0,0,0,0
nearest,78.4531,-1
cover,78.5061,0,0,0,0
nearest,78.5061,-1
cover,78.5399,0,0,0,0
nearest,78.5399,-1
cover,78.5774,0,0,0,0
nearest,78.5774,-1
cover,78.6085,0,0,0,0
nearest,78.6085,-1
cover,78.64,0,0,0,0
nearest,78.64,-1
cover,78.6776,0,0,0,0
nearest,78.6776,-1
cover,78.7127,0,0,0,0
nearest,78.7128,-1
cover,78.7451,0,0,0,0
nearest,78.7452,-1
cover,78.7849,0,0,0,0
nearest,78.7849,-1
cover,78.8221,0,0,0,0
nearest,78.8222,-1
cover,78.864,0,0,0,0
nearest,78.8641,-1
cover,78.9086,0,0,0,0
nearest,78.9086,-1
cover,78.9451,0,0,0,0
nearest,78.9451,-1
cover,78.9871,0,0,0,0
nearest,78.9871,-1
cover,79.0226,0,0,0,0
nearest,79.0226,-1
cover,79.0576,0,0,0,0
nearest,79.0576,-1
cover,79.0948,0,0,0,0
nearest,79.0948,-1
cover,79.1317,0,0,0,0
nearest,79.1318,-1
cover,79.1729,0,0,0,0
nearest,79.1729,-1
cover,79.2059,0,0,0,0
nearest,79.2059,-1
cover,79.2408,0,0,0,0
nearest,79.2408,-1
cover,79.2751,0,0,0,0
nearest,79.2751,-1
cover,79.3108,0,0,0,0
nearest,79.3109,-1
cover,79.3476,0,0,0,0
nearest,79.3476,-1
cover,79.3835,0,0,0,0
nearest,79.3835,-1
cover,79.4422,0,0,0,0
nearest,79.4422,-1
cover,79.4772,0,0,0,0
nearest,79.4772,-1
cover,79.5133,0,0,0,0
nearest,79.5133,-1
cover,79.5504,0,0,0,0
nearest,79.5505,-1
cover,79.5879,0,0,0,0
nearest,79.5879,-1
cover,79.6245,0,0,0,0
nearest,79.6245,-1
cover,79.6588,0,0,0,0
nearest,79.6589,-1
cover,79.7082,0,0,0,0
nearest,79.7083,-1
cover,79.7403,0,0,0,0
nearest,79.7404,-1
cover,79.7732,0,0,0,0
nearest,79.7732,-1
cover,79.806,0,0,0,0
nearest,79.8061,-1
cover,79.8413,0,0,0,0
nearest,79.8413,-1
cover,79.875,0,0,0,0
nearest,79.875,-1
cover,79.9147,0,0,0,0
nearest,79.9148,-1
cover,79.9472,0,0,0,0
nearest,79.9472,-1
cover,79.9849,0,0,0,0
nearest,79.985,-1
cover,80.0261,0,0,0,0
nearest,80.0262,-1
cover,80.0615,0,0,0,0
nearest,80.0615,-1
cover,80.0987,0,0,0,0
nearest,80.0987,-1
cover,80.1391,0,0,0,0
nearest,80.1391,-1
cover,80.1734,0,0,0,0
nearest,80.1734,-1
cover,80.2095,0,0,0,0
nearest,80.2095,-1
cover,80.2485,0,0,0,0
nearest,80.2486,-1
cover,80.2825,0,0,0,0
nearest,80.2826,-1
cover,80.3171,0,0,0,0
nearest,80.3171,-1
cover,80.3524,0,0,0,0
nearest,80.3524,-1
cover,80.3913,0,0,0,0
nearest,80.3913,-1
cover,80.425,0,0,0,0
nearest,80.4251,-1
cover,80.4727,0,0,0,0
nearest,80.4727,-1
cover,80.5077,0,0,0,0
nearest,80.5077,-1
cover,80.5466,0,0,0,0
nearest,80.5466,-1
cover,80.5793,0,0,0,0
nearest,80.5794,-1
cover,80.6126,0,0,0,0
nearest,80.6126,-1
cover,80.647,0,0,0,0
nearest,80.6471,-1
cover,80.6791,0,0,0,0
nearest,80.6791,-1
cover,80.7133,0,0,0,0
nearest,80.7134,-1
cover,80.7478,0,0,0,0
nearest,80.7478,-1
cover,80.7817,0,0,0,0
nearest,80.7817,-1
cover,80.8152,0,0,0,0
nearest,80.8152,-1
cover,80.8512,0,0,0,0
nearest,80.8512,-1
cover,80.8914,0,0,0,0
nearest,80.8914,-1
cover,80.9403,0,0,0,0
nearest,80.9403,-1
cover,80.9912,0,0,0,0
nearest,80.9912,-1
cover,81.0489,0,0,0,0
nearest,81.0489,-1
cover,81.0936,0,0,0,0
nearest,81.0936,-1
cover,81.1434,0,0,0,0
nearest,81.1434,-1
cover,81.1837,0,0,0,0
nearest,81.1837,-1
cover,81.2223,0,0,0,0
nearest,81.2224,-1
cover,81.259,0,0,0,0
nearest,81.259,-1
cover,81.299,0,0,0,0
nearest,81.2991,-1
cover,81.3448,0,0,0,0
nearest,81.3449,-1
cover,81.3843,0,0,0,0
nearest,81.3843,-1
cover,81.4232,0,0,0,0
nearest,81.4232,-1
cover,81.4747,0,0,0,0
nearest,81.4747,-1
cover,81.5164,0,0,0,0
nearest,81.5164,-1
cover,81.5536,0,0,0,0
nearest,81.5536,-1
cover,81.597,0,0,0,0
nearest,81.597,-1
cover,81.6419,0,0,0,0
nearest,81.6419,-1
cover,81.6744,0,0,0,0
nearest,81.6744,-1
cover,81.7075,0,0,0,0
nearest,81.7075,-1
cover,81.7401,0,0,0,0
nearest,81.7401,-1
cover,81.7748,0,0,0,0
nearest,81.7748,-1
cover,81.8136,0,0,0,0
nearest,81.8137,-1
cover,81.8594,0,0,0,0
nearest,81.8594,-1
cover,81.9148,0,0,0,0
nearest,81.915,-1
cover,81.9563,0,0,0,0
nearest,81.9564,-1
cover,81.9904,0,0,0,0
nearest,81.9904,-1
cover,82.0283,0,0,0,0
nearest,82.0284,-1
cover,82.0765,0,0,0,0
nearest,82.0765,-1
cover,82.1184,0,0,0,0
nearest,82.1184,-1
cover,82.1558,0,0,0,0
nearest,82.1558,-1
cover,82.1976,0,0,0,0
nearest,82.1977,-1
cover,82.2429,0,0,0,0
nearest,82.2429,-1
cover,82.2799,0,0,0,0
nearest,82.2799,-1
cover,82.318,2,1,1,0
nearest,82.318,157.3
cover,82.356,2,1,1,0
nearest,82.356,162.0
cover,82.3961,2,1,1,0
nearest,82.3961,156.8
cover,82.4341,2,1,1,0
nearest,82.4342,156.2
cover,82.4792,2,1,1,0
nearest,82.4793,144.7
cover,82.5153,2,1,1,0
nearest,82.5153,52.8
cover,82.5517,2,1,1,0
nearest,82.5518,25.3
cover,82.5922,2,1,1,0
nearest,82.5922,12.7
cover,82.6303,2,1,1,0
nearest,82.6304,28.7
cover,82.6786,2,1,1,0
nearest,82.6786,25.8
cover,82.7204,2,1,1,0
nearest,82.7204,13.4
cover,82.757,2,1,1,0
nearest,82.757,37.3
cover,82.7978,2,1,1,0
nearest,82.7978,40.4
cover,82.8417,2,1,1,0
nearest,82.8417,29.5
cover,82.8801,2,1,1,0
nearest,82.8801,4.8
cover,82.9284,1,0,1,0
nearest,82.9284,-1
cover,82.9775,1,0,1,0
nearest,82.9775,-1
cover,83.0188,1,0,1,0
nearest,83.0188,-1
cover,83.0561,1,0,1,0
nearest,83.0562,-1
cover,83.1086,1,0,1,0
nearest,83.1087,-1
cover,83.1471,0,0,0,0
nearest,83.1471,-1
cover,83.1785,0,0,0,0
nearest,83.1785,-1
cover,83.2117,0,0,0,0
nearest,83.2117,-1
cover,83.2447,0,0,0,0
nearest,83.2447,-1
cover,83.2788,0,0,0,0
nearest,83.2789,-1
cover,83.3131,0,0,0,0
nearest,83.3132,-1
cover,83.3532,0,0,0,0
nearest,83.3532,-1
cover,83.3897,0,0,0,0
nearest,83.3897,-1
cover,83.4255,0,0,0,0
nearest,83.4255,-1
cover,83.4631,0,0,0,0
nearest,83.4633,-1
cover,83.4983,0,0,0,0
nearest,83.4984,-1
cover,83.5427,0,0,0,0
nearest,83.5428,-1
cover,83.5797,0,0,0,0
nearest,83.5797,-1
cover,83.6172,0,0,0,0
nearest,83.6172,-1
cover,83.6513,0,0,0,0
nearest,83.6513,-1
cover,83.6907,0,0,0,0
nearest,83.6908,-1
cover,83.731,0,0,0,0
nearest,83.7311,-1
cover,83.7758,0,0,0,0
nearest,83.7758,-1
cover,83.8118,0,0,0,0
nearest,83.8119,-1
cover,83.8464,0,0,0,0
nearest,83.8464,-1
cover,83.8799,0,0,0,0
nearest,83.8799,-1
cover,83.9164,0,0,0,0
nearest,83.9165,-1
cover,83.9525,0,0,0,0
nearest,83.9527,-1
cover,84.0176,0,0,0,0
nearest,84.0176,-1
cover,84.0764,0,0,0,0
nearest,84.0764,-1
cover,84.1237,0,0,0,0
nearest,84.1238,-1
cover,84.162,0,0,0,0
nearest,84.162,-1
cover,84.2001,0,0,0,0
nearest,84.2001,-1
cover,84.2472,0,0,0,0
nearest,84.2472,-1
cover,84.2875,0,0,0,0
nearest,84.2875,-1
cover,84.3446,0,0,0,0
nearest,84.3446,-1
cover,84.384,0,0,0,0
nearest,84.3841,-1
cover,84.423,0,0,0,0
nearest,84.423,-1
cover,84.4574,0,0,0,0
nearest,84.4574,-1
cover,84.4958,0,0,0,0
nearest,84.4958,-1
cover,84.5314,0,0,0,0
nearest,84.5314,-1
cover,84.5805,0,0,0,0
nearest,84.5805,-1
cover,84.6543,0,0,0,0
nearest,84.6543,-1
cover,84.7146,0,0,0,0
nearest,84.7146,-1
cover,84.7606,0,0,0,0
nearest,84.7609,-1
cover,84.8164,0,0,0,0
nearest,84.8165,-1
cover,84.8573,0,0,0,0
nearest,84.8573,-1
cover,84.916,0,0,0,0
nearest,84.916,-1
cover,84.9595,0,0,0,0
nearest,84.9595,-1
cover,85.0003,0,0,0,0
nearest,85.0003,-1
cover,85.0378,0,0,0,0
nearest,85.0379,-1
cover,85.0715,0,0,0,0
nearest,85.0715,-1
cover,85.108,0,0,0,0
nearest,85.1081,-1
cover,85.1419,0,0,0,0
nearest,85.1419,-1
cover,85.1838,0,0,0,0
nearest,85.1838,-1
cover,85.22,0,0,0,0
nearest,85.22,-1
cover,85.2529,0,0,0,0
nearest,85.253,-1
cover,85.2883,0,0,0,0
nearest,85.2884,-1
cover,85.32,0,0,0,0
nearest,85.32,-1
cover,85.3562,0,0,0,0
nearest,85.3563,-1
cover,85.3904,0,0,0,0
nearest,85.3904,-1
cover,85.4237,0,0,0,0
nearest,85.4237,-1
cover,85.456,0,0,0,0
nearest,85.456,-1
cover,85.4876,0,0,0,0
nearest,85.4877,-1
cover,85.5194,0,0,0,0
nearest,85.5194,-1
cover,85.5533,0,0,0,0
nearest,85.5533,-1
cover,85.5872,0,0,0,0
nearest,85.5872,-1
cover,85.6222,0,0,0,0
nearest,85.6222,-1
cover,85.6629,0,0,0,0
nearest,85.6629,-1
cover,85.6948,0,0,0,0
nearest,85.6949,-1
cover,85.738,0,0,0,0
nearest,85.7381,-1
cover,85.7832,0,0,0,0
nearest,85.7833,-1
cover,85.8226,0,0,0,0
nearest,85.8226,-1
cover,85.8548,0,0,0,0
nearest,85.8548,-1
cover,85.8912,0,0,0,0
nearest,85.8912,-1
cover,85.9302,0,0,0,0
nearest,85.9302,-1
cover,85.9798,0,0,0,0
nearest,85.9799,-1
cover,86.0121,0,0,0,0
nearest,86.0122,-1
cover,86.0461,0,0,0,0
nearest,86.0461,-1
cover,86.0804,0,0,0,0
nearest,86.0804,-1
cover,86.1105,0,0,0,0
nearest,86.1105,-1
cover,86.1476,0,0,0,0
nearest,86.1476,-1
cover,86.18,0,0,0,0
nearest,86.18,-1
cover,86.2129,0,0,0,0
nearest,86.213,-1
cover,86.2528,0,0,0,0
nearest,86.2528,-1
cover,86.3031,0,0,0,0
nearest,86.3031,-1
cover,86.357,0,0,0,0
nearest,86.357,-1
cover,86.4196,0,0,0,0
nearest,86.4196,-1
cover,86.4607,1,0,1,0
nearest,86.4607,-1
cover,86.5025,1,0,1,0
nearest,86.5025,-1
cover,86.5354,1,0,1,0
nearest,86.5354,-1
cover,86.6072,1,0,1,0
nearest,86.6072,-1
cover,86.6578,1,0,1,0
nearest,86.6578,-1
cover,86.6984,1,0,1,0
nearest,86.6984,-1
cover,86.7333,1,0,1,0
nearest,86.7333,-1
cover,86.7775,1,0,1,0
nearest,86.7775,-1
cover,86.8162,1,0,1,0
nearest,86.8162,-1
cover,86.8545,1,0,1,0
nearest,86.8545,-1
cover,86.8939,1,0,1,0
nearest,86.8939,-1
cover,86.9321,1,0,1,0
nearest,86.9321,-1
cover,86.9805,1,0,1,0
nearest,86.9805,-1
cover,87.0233,1,0,1,0
nearest,87.0234,-1
cover,87.0598,1,0,1,0
nearest,87.0598,-1
cover,87.0974,1,0,1,0
nearest,87.0974,-1
cover,87.1439,1,0,1,0
nearest,87.144,-1
cover,87.1809,0,0,0,0
nearest,87.1809,-1
cover,87.2167,1,0,1,0
nearest,87.2168,-1
cover,87.2544,1,0,1,0
nearest,87.2544,-1
cover,87.2892,0,0,0,0
nearest,87.2893,-1
cover,87.3237,0,0,0,0
nearest,87.3238,-1
cover,87.3586,0,0,0,0
nearest,87.3587,-1
cover,87.3948,0,0,0,0
nearest,87.3948,-1
cover,87.4313,0,0,0,0
nearest,87.4313,-1
cover,87.4682,0,0,0,0
nearest,87.4683,-1
cover,87.5099,0,0,0,0
nearest,87.51,-1
cover,87.5478,0,0,0,0
nearest,87.5478,-1
cover,87.5812,0,0,0,0
nearest,87.5812,-1
cover,87.6258,0,0,0,0
nearest,87.6258,-1
cover,87.6843,0,0,0,0
nearest,87.6843,-1
cover,87.7161,0,0,0,0
nearest,87.7161,-1
cover,87.7507,0,0,0,0
nearest,87.7507,-1
cover,87.7831,0,0,0,0
nearest,87.7831,-1
cover,87.82,0,0,0,0
nearest,87.82,-1
cover,87.8529,0,0,0,0
nearest,87.8529,-1
cover,87.8855,0,0,0,0
nearest,87.8856,-1
cover,87.917,0,0,0,0
nearest,87.917,-1
cover,87.9492,0,0,0,0
nearest,87.9492,-1
cover,87.9843,0,0,0,0
nearest,87.9844,-1
cover,88.015,0,0,0,0
nearest,88.0151,-1
cover,88.0463,0,0,0,0
nearest,88.0464,-1
cover,88.0784,0,0,0,0
nearest,88.0785,-1
cover,88.1135,0,0,0,0
nearest,88.1135,-1
cover,88.1452,0,0,0,0
nearest,88.1453,-1
cover,88.182,0,0,0,0
nearest,88.182,-1
cover,88.2139,0,0,0,0
nearest,88.2139,-1
cover,88.249,0,0,0,0
nearest,88.249,-1
cover,88.2826,0,0,0,0
nearest,88.2826,-1
cover,88.3175,0,0,0,0
nearest,88.3176,-1
cover,88.3547,0,0,0,0
nearest,88.3547,-1
cover,88.3861,0,0,0,0
nearest,88.3861,-1
cover,88.4214,0,0,0,0
nearest,88.4214,-1
cover,88.4575,0,0,0,0
nearest,88.4575,-1
cover,88.4913,0,0,0,0
nearest,88.4914,-1
cover,88.5282,0,0,0,0
nearest,88.5282,-1
cover,88.5637,0,0,0,0
nearest,88.5637,-1
cover,88.5992,1,0,1,0
nearest,88.5993,-1
cover,88.6402,1,0,1,0
nearest,88.6402,-1
cover,88.6893,1,0,1,0
nearest,88.6893,-1
cover,88.7266,1,0,1,0
nearest,88.7266,-1
cover,88.7599,1,0,1,0
nearest,88.76,-1
cover,88.8028,2,1,1,0
nearest,88.8029,71.4
cover,88.8498,2,1,1,0
nearest,88.8499,25.6
cover,88.8967,1,0,1,0
nearest,88.8968,-1
cover,88.953,1,0,1,0
nearest,88.9531,-1
cover,88.9957,1,0,1,0
nearest,88.9957,-1
cover,89.0346,1,0,1,0
nearest,89.0346,-1
cover,89.0725,1,0,1,0
nearest,89.0725,-1
cover,89.1157,1,0,1,0
nearest,89.1158,-1
cover,89.156,1,0,1,0
nearest,89.156,-1
cover,89.1898,1,0,1,0
nearest,89.1899,-1
cover,89.2243,1,0,1,0
nearest,89.2243,-1
cover,89.2599,1,0,1,0
nearest,89.26,-1
cover,89.2981,1,0,1,0
nearest,89.2981,-1
cover,89.3357,1,0,1,0
nearest,89.3358,-1
cover,89.3708,1,0,1,0
nearest,89.3709,-1
cover,89.4052,0,0,0,0
nearest,89.4052,-1
cover,89.4372,0,0,0,0
nearest,89.4373,-1
cover,89.4723,0,0,0,0
nearest,89.4723,-1
cover,89.5061,0,0,0,0
nearest,89.5061,-1
cover,89.5488,0,0,0,0
nearest,89.5488,-1
cover,89.5865,0,0,0,0
nearest,89.5866,-1
cover,89.6182,0,0,0,0
nearest,89.6182,-1
cover,89.6525,0,0,0,0
nearest,89.6526,-1
cover,89.685,0,0,0,0
nearest,89.6851,-1
cover,89.717,0,0,0,0
nearest,89.7171,-1
cover,89.7493,0,0,0,0
nearest,89.7493,-1
cover,89.7867,0,0,0,0
nearest,89.7867,-1
cover,89.8226,0,0,0,0
nearest,89.8226,-1
cover,89.8572,0,0,0,0
nearest,89.8572,-1
cover,89.8951,0,0,0,0
nearest,89.8951,-1
cover,89.9284,0,0,0,0
nearest,89.9284,-1
cover,89.9631,1,0,1,0
nearest,89.9631,-1
cover,89.9959,0,0,0,0
nearest,89.9959,-1
cover,90.0266,1,0,1,0
nearest,90.0266,-1
cover,90.0587,1,0,1,0
nearest,90.0587,-1
cover,90.0958,0,0,0,0
nearest,90.0958,-1
cover,90.1281,0,0,0,0
nearest,90.1281,-1
cover,90.1636,0,0,0,0
nearest,90.1636,-1
cover,90.2005,0,0,0,0
nearest,90.2005,-1
cover,90.2382,0,0,0,0
nearest,90.2383,-1
cover,90.2849,0,0,0,0
nearest,90.285,-1
cover,90.3253,0,0,0,0
nearest,90.3253,-1
cover,90.3598,0,0,0,0
nearest,90.3598,-1
cover,90.3947,0,0,0,0
nearest,90.3947,-1
cover,90.4297,0,0,0,0
nearest,90.4298,-1
cover,90.4692,0,0,0,0
nearest,90.4692,-1
cover,90.5177,0,0,0,0
nearest,90.5178,-1
cover,90.5557,0,0,0,0
nearest,90.5557,-1
cover,90.5932,0,0,0,0
nearest,90.5933,-1
cover,90.6299,0,0,0,0
nearest,90.63,-1
cover,90.675,0,0,0,0
nearest,90.6751,-1
cover,90.7408,0,0,0,0
nearest,90.7408,-1
cover,90.7924,2,1,1,0
nearest,90.7925,112.0
cover,90.8284,2,1,1,0
nearest,90.8284,146.9
cover,90.868,2,1,1,0
nearest,90.868,151.5
cover,90.9007,2,1,1,0
nearest,90.9007,103.9
cover,90.9389,1,0,1,0
nearest,90.939,-1
cover,90.9766,0,0,0,0
nearest,90.9766,-1
cover,91.0183,2,1,1,0
nearest,91.0183,68.3
cover,91.0597,0,0,0,0
nearest,91.0597,-1
cover,91.0936,0,0,0,0
nearest,91.0937,-1
cover,91.1276,0,0,0,0
nearest,91.1276,-1
cover,91.1627,0,0,0,0
nearest,91.1627,-1
cover,91.2298,0,0,0,0
nearest,91.2299,-1
cover,91.2983,0,0,0,0
nearest,91.2984,-1
cover,91.3351,0,0,0,0
nearest,91.3351,-1
cover,91.3674,0,0,0,0
nearest,91.3674,-1
cover,91.3981,0,0,0,0
nearest,91.3981,-1
cover,91.4308,0,0,0,0
nearest,91.4309,-1
cover,91.4658,0,0,0,0
nearest,91.4658,-1
cover,91.5026,0,0,0,0
nearest,91.5026,-1
cover,91.532,0,0,0,0
nearest,91.532,-1
cover,91.5645,0,0,0,0
nearest,91.5645,-1
cover,91.597,0,0,0,0
nearest,91.5971,-1
cover,91.6265,0,0,0,0
nearest,91.6265,-1
cover,91.6557,0,0,0,0
nearest,91.6557,-1
cover,91.6832,0,0,0,0
nearest,91.6832,-1
cover,91.7188,0,0,0,0
nearest,91.7188,-1
cover,91.7548,0,0,0,0
nearest,91.7548,-1
cover,91.7851,0,0,0,0
nearest,91.7852,-1
cover,91.8182,0,0,0,0
nearest,91.8183,-1
cover,91.8621,0,0,0,0
nearest,91.8622,-1
cover,91.8902,0,0,0,0
nearest,91.8903,-1
cover,91.9251,0,0,0,0
nearest,91.9252,-1
cover,91.9579,0,0,0,0
nearest,91.9579,-1
cover,91.9998,0,0,0,0
nearest,91.9998,-1
cover,92.0543,0,0,0,0
nearest,92.0546,-1
cover,92.1038,0,0,0,0
nearest,92.1038,-1
cover,92.1587,0,0,0,0
nearest,92.1587,-1
cover,92.207,0,0,0,0
nearest,92.207,-1
cover,92.2536,0,0,0,0
nearest,92.2536,-1
cover,92.3079,0,0,0,0
nearest,92.308,-1
cover,92.3569,0,0,0,0
nearest,92.3569,-1
cover,92.3966,0,0,0,0
nearest,92.3966,-1
cover,92.4439,0,0,0,0
nearest,92.4439,-1
cover,92.5041,0,0,0,0
nearest,92.5041,-1
cover,92.547,0,0,0,0
nearest,92.547,-1
cover,92.6001,0,0,0,0
nearest,92.6002,-1
cover,92.6424,0,0,0,0
nearest,92.6424,-1
cover,92.6852,0,0,0,0
nearest,92.6852,-1
cover,92.7278,0,0,0,0
nearest,92.7278,-1
cover,92.786,0,0,0,0
nearest,92.7861,-1
cover,92.8428,0,0,0,0
nearest,92.8428,-1
cover,92.8869,0,0,0,0
nearest,92.8869,-1
cover,92.9451,0,0,0,0
nearest,92.9451,-1
cover,92.9851,0,0,0,0
nearest,92.9852,-1
cover,93.0161,0,0,0,0
nearest,93.0162,-1
cover,93.0507,0,0,0,0
nearest,93.0507,-1
cover,93.1168,0,0,0,0
nearest,93.1169,-1
cover,93.1613,0,0,0,0
nearest,93.1613,-1
cover,93.1943,0,0,0,0
nearest,93.1943,-1
cover,93.2257,0,0,0,0
nearest,93.2257,-1
cover,93.2568,0,0,0,0
nearest,93.2568,-1
cover,93.2888,0,0,0,0
nearest,93.2888,-1
cover,93.3217,0,0,0,0
nearest,93.3218,-1
cover,93.3543,0,0,0,0
nearest,93.3543,-1
cover,93.3888,0,0,0,0
nearest,93.3888,-1
cover,93.4227,0,0,0,0
nearest,93.4227,-1
cover,93.4558,0,0,0,0
nearest,93.4568,-1
cover,93.49,0,0,0,0
nearest,93.4901,-1
cover,93.5199,0,0,0,0
nearest,93.5199,-1
cover,93.5512,0,0,0,0
nearest,93.5512,-1
cover,93.5827,0,0,0,0
nearest,93.5827,-1
cover,93.6147,0,0,0,0
nearest,93.6147,-1
cover,93.6503,0,0,0,0
nearest,93.6503,-1
cover,93.6806,0,0,0,0
nearest,93.6806,-1
cover,93.7067,0,0,0,0
nearest,93.7067,-1
cover,93.7441,0,0,0,0
nearest,93.7441,-1
cover,93.7872,0,0,0,0
nearest,93.7872,-1
cover,93.8218,0,0,0,0
nearest,93.8218,-1
cover,93.8567,0,0,0,0
nearest,93.8567,-1
cover,93.8939,0,0,0,0
nearest,93.8939,-1
cover,93.9306,0,0,0,0
nearest,93.9306,-1
cover,93.9839,0,0,0,0
nearest,93.9839,-1
cover,94.0231,0,0,0,0
nearest,94.0231,-1
cover,94.06,0,0,0,0
nearest,94.06,-1
cover,94.0912,0,0,0,0
nearest,94.0912,-1
cover,94.1322,0,0,0,0
nearest,94.1322,-1
cover,94.1759,0,0,0,0
nearest,94.176,-1
cover,94.2588,0,0,0,0
nearest,94.2588,-1
cover,94.3048,0,0,0,0
nearest,94.3049,-1
cover,94.3534,0,0,0,0
nearest,94.3535,-1
cover,94.3935,0,0,0,0
nearest,94.3941,-1
cover,94.4405,0,0,0,0
nearest,94.4406,-1
cover,94.4938,0,0,0,0
nearest,94.4938,-1
cover,94.5312,0,0,0,0
nearest,94.5313,-1
cover,94.5673,0,0,0,0
nearest,94.5673,-1
cover,94.6085,0,0,0,0
nearest,94.6085,-1
cover,94.6613,0,0,0,0
nearest,94.6614,-1
cover,94.6991,0,0,0,0
nearest,94.6992,-1
cover,94.7375,0,0,0,0
nearest,94.7375,-1
cover,94.7841,0,0,0,0
nearest,94.7841,-1
cover,94.826,0,0,0,0
nearest,94.826,-1
cover,94.8707,0,0,0,0
nearest,94.8707,-1
cover,94.9086,0,0,0,0
nearest,94.9087,-1
cover,94.9513,0,0,0,0
nearest,94.9514,-1
cover,94.9888,0,0,0,0
nearest,94.9891,-1
cover,95.0331,0,0,0,0
nearest,95.0332,-1
cover,95.0646,0,0,0,0
nearest,95.0646,-1
cover,95.097,0,0,0,0
nearest,95.0971,-1
cover,95.13,0,0,0,0
nearest,95.1301,-1
cover,95.1631,0,0,0,0
nearest,95.1631,-1
cover,95.1958,0,0,0,0
nearest,95.1958,-1
cover,95.2326,0,0,0,0
nearest,95.2326,-1
cover,95.2666,0,0,0,0
nearest,95.2672,-1
cover,95.3001,0,0,0,0
nearest,95.3001,-1
cover,95.3326,0,0,0,0
nearest,95.3327,-1
cover,95.3653,0,0,0,0
nearest,95.3653,-1
cover,95.3985,0,0,0,0
nearest,95.3985,-1
cover,95.4321,0,0,0,0
nearest,95.4321,-1
cover,95.466,0,0,0,0
nearest,95.4661,-1
cover,95.5027,0,0,0,0
nearest,95.5028,-1
cover,95.538,0,0,0,0
nearest,95.5381,-1
cover,95.5707,0,0,0,0
nearest,95.5707,-1
cover,95.6052,0,0,0,0
nearest,95.6052,-1
cover,95.6425,0,0,0,0
nearest,95.6425,-1
cover,95.6847,0,0,0,0
nearest,95.6847,-1
cover,95.7178,0,0,0,0
nearest,95.7178,-1
cover,95.7522,0,0,0,0
nearest,95.7522,-1
cover,95.7855,0,0,0,0
nearest,95.7856,-1
cover,95.8222,0,0,0,0
nearest,95.8223,-1
cover,95.8609,0,0,0,0
nearest,95.8609,-1
cover,95.8973,0,0,0,0
nearest,95.8974,-1
cover,95.9364,0,0,0,0
nearest,95.9364,-1
cover,95.988,0,0,0,0
nearest,95.9881,-1
cover,96.0249,0,0,0,0
nearest,96.025,-1
cover,96.0676,0,0,0,0
nearest,96.0677,-1
cover,96.1089,0,0,0,0
nearest,96.1089,-1
cover,96.157,0,0,0,0
nearest,96.1571,-1
cover,96.1919,0,0,0,0
nearest,96.1919,-1
cover,96.2273,0,0,0,0
nearest,96.2273,-1
cover,96.2706,0,0,0,0
nearest,96.2706,-1
cover,96.3129,0,0,0,0
nearest,96.3129,-1
cover,96.3547,0,0,0,0
nearest,96.3547,-1
cover,96.3897,0,0,0,0
nearest,96.3897,-1
cover,96.4212,0,0,0,0
nearest,96.4212,-1
cover,96.452,0,0,0,0
nearest,96.452,-1
cover,96.4867,0,0,0,0
nearest,96.4867,-1
cover,96.5213,0,0,0,0
nearest,96.5213,-1
cover,96.5565,0,0,0,0
nearest,96.5565,-1
cover,96.5924,0,0,0,0
nearest,96.5924,-1
cover,96.6301,0,0,0,0
nearest,96.6301,-1
cover,96.663,0,0,0,0
nearest,96.663,-1
cover,96.6962,0,0,0,0
nearest,96.6963,-1
cover,96.7303,0,0,0,0
nearest,96.7303,-1
cover,96.7632,0,0,0,0
nearest,96.7632,-1
cover,96.7969,0,0,0,0
nearest,96.7969,-1
cover,96.8308,0,0,0,0
nearest,96.8309,-1
cover,96.8668,0,0,0,0
nearest,96.8669,-1
cover,96.9027,0,0,0,0
nearest,96.9028,-1
cover,96.9464,0,0,0,0
nearest,96.9464,-1
cover,96.9898,0,0,0,0
nearest,96.9898,-1
cover,97.0226,0,0,0,0
nearest,97.0227,-1
cover,97.0564,0,0,0,0
nearest,97.0564,-1
cover,97.0872,0,0,0,0
nearest,97.0872,-1
cover,97.1215,0,0,0,0
nearest,97.1215,-1
cover,97.1549,0,0,0,0
nearest,97.1549,-1
cover,97.1875,0,0,0,0
nearest,97.1875,-1
cover,97.2245,0,0,0,0
nearest,97.2245,-1
cover,97.2564,0,0,0,0
nearest,97.2564,-1
cover,97.2945,0,0,0,0
nearest,97.2946,-1
cover,97.3327,0,0,0,0
nearest,97.3327,-1
cover,97.3771,0,0,0,0
nearest,97.3771,-1
cover,97.4293,0,0,0,0
nearest,97.4293,-1
cover,97.4651,0,0,0,0
nearest,97.4652,-1
cover,97.5039,0,0,0,0
nearest,97.504,-1
cover,97.5406,0,0,0,0
nearest,97.5406,-1
cover,97.5916,0,0,0,0
nearest,97.5916,-1
cover,97.6236,0,0,0,0
nearest,97.6236,-1
cover,97.6564,0,0,0,0
nearest,97.6565,-1
cover,97.69,0,0,0,0
nearest,97.69,-1
cover,97.7243,0,0,0,0
nearest,97.7244,-1
cover,97.7639,0,0,0,0
nearest,97.764,-1
cover,97.8026,0,0,0,0
nearest,97.8026,-1
cover,97.8423,0,0,0,0
nearest,97.8423,-1
cover,97.8936,0,0,0,0
nearest,97.8936,-1
cover,97.9525,0,0,0,0
nearest,97.9533,-1
cover,97.9969,0,0,0,0
nearest,97.997,-1
cover,98.0325,0,0,0,0
nearest,98.0325,-1
cover,98.0717,0,0,0,0
nearest,98.0718,-1
cover,98.1087,0,0,0,0
nearest,98.1088,-1
cover,98.1543,0,0,0,0
nearest,98.1543,-1
cover,98.1885,0,0,0,0
nearest,98.1886,-1
cover,98.2219,0,0,0,0
nearest,98.222,-1
cover,98.2536,0,0,0,0
nearest,98.2536,-1
cover,98.287,0,0,0,0
nearest,98.287,-1
cover,98.3211,0,0,0,0
nearest,98.3212,-1
cover,98.3545,0,0,0,0
nearest,98.3546,-1
cover,98.3882,0,0,0,0
nearest,98.3883,-1
cover,98.421,0,0,0,0
nearest,98.4211,-1
cover,98.4573,0,0,0,0
nearest,98.4573,-1
cover,98.4934,0,0,0,0
nearest,98.4934,-1
cover,98.5327,0,0,0,0
nearest,98.5327,-1
cover,98.5659,0,0,0,0
nearest,98.5659,-1
cover,98.6005,0,0,0,0
nearest,98.6006,-1
cover,98.6367,0,0,0,0
nearest,98.6368,-1
cover,98.6686,0,0,0,0
nearest,98.6686,-1
cover,98.708,0,0,0,0
nearest,98.708,-1
cover,98.7444,0,0,0,0
nearest,98.7444,-1
cover,98.7887,0,0,0,0
nearest,98.7887,-1
cover,98.8245,0,0,0,0
nearest,98.8245,-1
cover,98.858,0,0,0,0
nearest,98.858,-1
cover,98.8896,0,0,0,0
nearest,98.8896,-1
cover,98.9282,0,0,0,0
nearest,98.9282,-1
cover,98.9631,0,0,0,0
nearest,98.9632,-1
cover,99.0001,0,0,0,0
nearest,99.0001,-1
cover,99.0358,0,0,0,0
nearest,99.0358,-1
cover,99.0747,0,0,0,0
nearest,99.0747,-1
cover,99.113,0,0,0,0
nearest,99.113,-1
cover,99.1569,0,0,0,0
nearest,99.1569,-1
cover,99.1894,0,0,0,0
nearest,99.1894,-1
cover,99.2207,0,0,0,0
nearest,99.2207,-1
cover,99.254,0,0,0,0
nearest,99.254,-1
cover,99.2893,0,0,0,0
nearest,99.2894,-1
cover,99.3277,0,0,0,0
nearest,99.3277,-1
cover,99.3636,0,0,0,0
nearest,99.3636,-1
cover,99.4019,0,0,0,0
nearest,99.402,-1
cover,99.4475,0,0,0,0
nearest,99.4476,-1
cover,99.5003,0,0,0,0
nearest,99.5004,-1
cover,99.5368,0,0,0,0
nearest,99.5368,-1
cover,99.5765,0,0,0,0
nearest,99.5765,-1
cover,99.6229,0,0,0,0
nearest,99.6229,-1
cover,99.6604,0,0,0,0
nearest,99.6604,-1
cover,99.6975,0,0,0,0
nearest,99.6976,-1
cover,99.7332,0,0,0,0
nearest,99.7332,-1
cover,99.7696,0,0,0,0
nearest,99.7696,-1
cover,99.8043,0,0,0,0
nearest,99.8043,-1
cover,99.839,0,0,0,0
nearest,99.839,-1
cover,99.8704,0,0,0,0
nearest,99.8704,-1
cover,99.9028,0,0,0,0
nearest,99.9028,-1
cover,99.9334,0,0,0,0
nearest,99.9334,-1
cover,99.9657,0,0,0,0
nearest,99.9657,-1
cover,100.0003,0,0,0,0
nearest,100.0003,-1
cover,100.0364,0,0,0,0
nearest,100.0364,-1
cover,100.0711,0,0,0,0
nearest,100.0711,-1
cover,100.102,0,0,0,0
nearest,100.102,-1
cover,100.1398,0,0,0,0
nearest,100.1399,-1
cover,100.1682,0,0,0,0
nearest,100.1682,-1
cover,100.2009,0,0,0,0
nearest,100.201,-1
cover,100.2464,0,0,0,0
nearest,100.2464,-1
cover,100.2887,0,0,0,0
nearest,100.2887,-1
cover,100.3229,0,0,0,0
nearest,100.3229,-1
cover,100.3568,0,0,0,0
nearest,100.3568,-1
cover,100.385,0,0,0,0
nearest,100.385,-1
cover,100.4409,0,0,0,0
nearest,100.4409,-1
cover,100.4896,0,0,0,0
nearest,100.4896,-1
cover,100.524,0,0,0,0
nearest,100.524,-1
cover,100.5563,0,0,0,0
nearest,100.5564,-1
cover,100.5924,0,0,0,0
nearest,100.5925,-1
cover,100.6282,0,0,0,0
nearest,100.6282,-1
cover,100.6638,0,0,0,0
nearest,100.6638,-1
cover,100.6996,0,0,0,0
nearest,100.6996,-1
cover,100.7319,0,0,0,0
nearest,100.7319,-1
cover,100.7659,0,0,0,0
nearest,100.7659,-1
cover,100.7986,0,0,0,0
nearest,100.7986,-1
cover,100.834,0,0,0,0
nearest,100.834,-1
cover,100.8699,0,0,0,0
nearest,100.8699,-1
cover,100.8985,0,0,0,0
nearest,100.8986,-1
cover,100.9312,0,0,0,0
nearest,100.9312,-1
cover,100.964,0,0,0,0
nearest,100.964,-1
cover,100.9961,0,0,0,0
nearest,100.9961,-1
cover,101.0319,0,0,0,0
nearest,101.0319,-1
cover,101.0658,0,0,0,0
nearest,101.0658,-1
cover,101.1012,0,0,0,0
nearest,101.1012,-1
cover,101.1355,0,0,0,0
nearest,101.1355,-1
cover,101.1701,0,0,0,0
nearest,101.1701,-1
cover,101.2005,0,0,0,0
nearest,101.2005,-1
cover,101.2337,0,0,0,0
nearest,101.2337,-1
cover,101.267,0,0,0,0
nearest,101.2671,-1
cover,101.2997,0,0,0,0
nearest,101.2997,-1
cover,101.3312,0,0,0,0
nearest,101.3312,-1
cover,101.3611,0,0,0,0
nearest,101.3611,-1
cover,101.3894,0,0,0,0
nearest,101.3894,-1
cover,101.4189,0,0,0,0
nearest,101.4189,-1
cover,101.4576,0,0,0,0
nearest,101.4577,-1
cover,101.4911,0,0,0,0
nearest,101.4911,-1
cover,101.5257,0,0,0,0
nearest,101.5257,-1
cover,101.5596,0,0,0,0
nearest,101.5596,-1
cover,101.5948,0,0,0,0
nearest,101.5949,-1
cover,101.6281,0,0,0,0
nearest,101.6281,-1
cover,101.6632,0,0,0,0
nearest,101.6633,-1
cover,101.695,0,0,0,0
nearest,101.695,-1
cover,101.728,0,0,0,0
nearest,101.728,-1
cover,101.7611,0,0,0,0
nearest,101.7612,-1
cover,101.7956,0,0,0,0
nearest,101.7956,-1
cover,101.829,0,0,0,0
nearest,101.8291,-1
cover,101.8622,0,0,0,0
nearest,101.8622,-1
cover,101.8964,0,0,0,0
nearest,101.8964,-1
cover,101.9338,0,0,0,0
nearest,101.9338,-1
cover,101.9668,0,0,0,0
nearest,101.9668,-1
cover,102.0028,0,0,0,0
nearest,102.0028,-1
cover,102.038,0,0,0,0
nearest,102.0381,-1
cover,102.0749,0,0,0,0
nearest,102.0749,-1
cover,102.112,0,0,0,0
nearest,102.112,-1
cover,102.1539,0,0,0,0
nearest,102.154,-1
cover,102.1898,0,0,0,0
nearest,102.1898,-1
cover,102.2228,0,0,0,0
nearest,102.2229,-1
cover,102.2573,0,0,0,0
nearest,102.2573,-1
cover,102.2931,0,0,0,0
nearest,102.2932,-1
cover,102.3226,0,0,0,0
nearest,102.3226,-1
cover,102.3548,0,0,0,0
nearest,102.3549,-1
cover,102.3897,0,0,0,0
nearest,102.3897,-1
cover,102.422,0,0,0,0
nearest,102.422,-1
cover,102.4589,0,0,0,0
nearest,102.459,-1
cover,102.4925,0,0,0,0
nearest,102.4925,-1
cover,102.5315,0,0,0,0
nearest,102.5316,-1
cover,102.5687,0,0,0,0
nearest,102.5687,-1
cover,102.6035,0,0,0,0
nearest,102.6035,-1
cover,102.6362,0,0,0,0
nearest,102.6362,-1
cover,102.6678,0,0,0,0
nearest,102.6678,-1
cover,102.7013,0,0,0,0
nearest,102.7013,-1
cover,102.7339,0,0,0,0
nearest,102.7339,-1
cover,102.7682,0,0,0,0
nearest,102.7683,-1
cover,102.8087,0,0,0,0
nearest,102.8088,-1
cover,102.8545,0,0,0,0
nearest,102.8545,-1
cover,102.9037,0,0,0,0
nearest,102.9037,-1
cover,102.9393,0,0,0,0
nearest,102.9393,-1
cover,102.99,0,0,0,0
nearest,102.99,-1
cover,103.025,0,0,0,0
nearest,103.0251,-1
cover,103.0596,0,0,0,0
nearest,103.0596,-1
cover,103.0943,0,0,0,0
nearest,103.0943,-1
cover,103.1291,0,0,0,0
nearest,103.1291,-1
cover,103.1626,0,0,0,0
nearest,103.1627,-1
cover,103.1967,0,0,0,0
nearest,103.1968,-1
cover,103.2293,0,0,0,0
nearest,103.2294,-1
cover,103.2617,0,0,0,0
nearest,103.2618,-1
cover,103.2945,0,0,0,0
nearest,103.2945,-1
cover,103.3283,0,0,0,0
nearest,103.3284,-1
cover,103.361,0,0,0,0
nearest,103.361,-1
cover,103.3926,0,0,0,0
nearest,103.3927,-1
cover,103.4268,0,0,0,0
nearest,103.4268,-1
cover,103.4581,0,0,0,0
nearest,103.4581,-1
cover,103.4964,0,0,0,0
nearest,103.4964,-1
cover,103.5305,0,0,0,0
nearest,103.5306,-1
cover,103.5665,0,0,0,0
nearest,103.5666,-1
cover,103.624,0,0,0,0
nearest,103.624,-1
cover,103.658,0,0,0,0
nearest,103.658,-1
cover,103.6931,0,0,0,0
nearest,103.6931,-1
cover,103.7301,0,0,0,0
nearest,103.7301,-1
cover,103.7649,0,0,0,0
nearest,103.765,-1
cover,103.8029,0,0,0,0
nearest,103.803,-1
cover,103.8461,0,0,0,0
nearest,103.8461,-1
cover,103.8902,0,0,0,0
nearest,103.8902,-1
cover,103.9218,0,0,0,0
nearest,103.9218,-1
cover,103.9543,0,0,0,0
nearest,103.9544,-1
cover,103.9867,0,0,0,0
nearest,103.9867,-1
cover,104.0216,0,0,0,0
nearest,104.0216,-1
cover,104.0528,0,0,0,0
nearest,104.0528,-1
cover,104.0865,0,0,0,0
nearest,104.0865,-1
cover,104.1219,0,0,0,0
nearest,104.1219,-1
cover,104.1576,0,0,0,0
nearest,104.1576,-1
cover,104.1899,0,0,0,0
nearest,104.1899,-1
cover,104.2246,0,0,0,0
nearest,104.2246,-1
cover,104.2562,0,0,0,0
nearest,104.2563,-1
cover,104.3014,0,0,0,0
nearest,104.3014,-1
cover,104.3509,0,0,0,0
nearest,104.3509,-1
cover,104.3931,0,0,0,0
nearest,104.3931,-1
cover,104.431,0,0,0,0
nearest,104.431,-1
cover,104.4749,0,0,0,0
nearest,104.4749,-1
cover,104.5228,0,0,0,0
nearest,104.5228,-1
cover,104.5551,0,0,0,0
nearest,104.5551,-1
cover,104.5915,0,0,0,0
nearest,104.5915,-1
cover,104.6309,1,0,1,0
nearest,104.6309,-1
cover,104.6647,0,0,0,0
nearest,104.6647,-1
cover,104.6982,0,0,0,0
nearest,104.6982,-1
cover,104.7331,0,0,0,0
nearest,104.7331,-1
cover,104.7689,0,0,0,0
nearest,104.7689,-1
cover,104.8052,0,0,0,0
nearest,104.8052,-1
cover,104.8507,0,0,0,0
nearest,104.8507,-1
cover,104.8862,0,0,0,0
nearest,104.8863,-1
cover,104.9199,0,0,0,0
nearest,104.9199,-1
cover,104.957,0,0,0,0
nearest,104.957,-1
cover,104.9917,0,0,0,0
nearest,104.9918,-1
cover,105.0246,0,0,0,0
nearest,105.0246,-1
cover,105.0626,0,0,0,0
nearest,105.0626,-1
cover,105.0995,0,0,0,0
nearest,105.0996,-1
cover,105.1388,0,0,0,0
nearest,105.1389,-1
cover,105.1794,0,0,0,0
nearest,105.1794,-1
cover,105.2237,0,0,0,0
nearest,105.2237,-1
cover,105.2594,0,0,0,0
nearest,105.2595,-1
cover,105.3009,0,0,0,0
nearest,105.3009,-1
cover,105.3428,0,0,0,0
nearest,105.3428,-1
cover,105.388,0,0,0,0
nearest,105.3881,-1
cover,105.422,1,0,1,0
nearest,105.422,-1
cover,105.454,1,0,1,0
nearest,105.4541,-1
cover,105.4909,0,0,0,0
nearest,105.4909,-1
cover,105.5271,0,0,0,0
nearest,105.5271,-1
cover,105.5627,1,0,1,0
nearest,105.5627,-1
cover,105.5997,1,0,1,0
nearest,105.5998,-1
cover,105.6345,1,0,1,0
nearest,105.6345,-1
cover,105.6697,1,0,1,0
nearest,105.6697,-1
cover,105.7037,0,0,0,0
nearest,105.7037,-1
cover,105.7519,0,0,0,0
nearest,105.7519,-1
cover,105.7876,0,0,0,0
nearest,105.7876,-1
cover,105.8223,0,0,0,0
nearest,105.8223,-1
cover,105.8565,0,0,0,0
nearest,105.8565,-1
cover,105.8939,0,0,0,0
nearest,105.8939,-1
cover,105.9273,0,0,0,0
nearest,105.9274,-1
cover,105.9594,0,0,0,0
nearest,105.9594,-1
cover,105.9948,0,0,0,0
nearest,105.9948,-1
cover,106.0296,0,0,0,0
nearest,106.0296,-1
cover,106.065,0,0,0,0
nearest,106.065,-1
cover,106.1009,0,0,0,0
nearest,106.101,-1
cover,106.1459,0,0,0,0
nearest,106.146,-1
cover,106.1898,0,0,0,0
nearest,106.1899,-1
cover,106.2253,0,0,0,0
nearest,106.2253,-1
cover,106.2587,0,0,0,0
nearest,106.2587,-1
cover,106.2909,0,0,0,0
nearest,106.2909,-1
cover,106.3244,0,0,0,0
nearest,106.3244,-1
cover,106.3606,0,0,0,0
nearest,106.3606,-1
cover,106.395,0,0,0,0
nearest,106.395,-1
cover,106.4279,0,0,0,0
nearest,106.4279,-1
cover,106.4688,1,0,1,0
nearest,106.4688,-1
cover,106.5026,0,0,0,0
nearest,106.5027,-1
cover,106.5363,0,0,0,0
nearest,106.5364,-1
cover,106.577,0,0,0,0
nearest,106.577,-1
cover,106.6247,0,0,0,0
nearest,106.6247,-1
cover,106.6742,0,0,0,0
nearest,106.6743,-1
cover,106.7238,0,0,0,0
nearest,106.7238,-1
cover,106.7573,0,0,0,0
nearest,106.7573,-1
cover,106.7991,0,0,0,0
nearest,106.7991,-1
cover,106.8581,0,0,0,0
nearest,106.8581,-1
cover,106.9026,0,0,0,0
nearest,106.9027,-1
cover,106.9392,0,0,0,0
nearest,106.9393,-1
cover,107.0191,0,0,0,0
nearest,107.0191,-1
cover,107.0579,0,0,0,0
nearest,107.0579,-1
cover,107.1008,0,0,0,0
nearest,107.1008,-1
cover,107.136,0,0,0,0
nearest,107.136,-1
cover,107.1675,0,0,0,0
nearest,107.1676,-1
cover,107.2004,0,0,0,0
nearest,107.2004,-1
cover,107.2303,0,0,0,0
nearest,107.2303,-1
cover,107.2641,0,0,0,0
nearest,107.2642,-1
cover,107.2957,0,0,0,0
nearest,107.2958,-1
cover,107.3279,0,0,0,0
nearest,107.328,-1
cover,107.3624,0,0,0,0
nearest,107.3626,-1
cover,107.3977,0,0,0,0
nearest,107.3978,-1
cover,107.4359,0,0,0,0
nearest,107.4359,-1
cover,107.4693,0,0,0,0
nearest,107.4693,-1
cover,107.5186,0,0,0,0
nearest,107.5186,-1
cover,107.554,0,0,0,0
nearest,107.554,-1
cover,107.5884,0,0,0,0
nearest,107.5884,-1
cover,107.6183,0,0,0,0
nearest,107.6184,-1
cover,107.654,0,0,0,0
nearest,107.654,-1
cover,107.6882,0,0,0,0
nearest,107.6882,-1
cover,107.7206,0,0,0,0
nearest,107.7206,-1
cover,107.7565,0,0,0,0
nearest,107.7565,-1
cover,107.789,0,0,0,0
nearest,107.789,-1
cover,107.8192,0,0,0,0
nearest,107.8192,-1
cover,107.8535,0,0,0,0
nearest,107.8536,-1
cover,107.8866,0,0,0,0
nearest,107.8866,-1
cover,107.9196,0,0,0,0
nearest,107.9196,-1
cover,107.955,0,0,0,0
nearest,107.955,-1
cover,107.9904,0,0,0,0
nearest,107.9904,-1
cover,108.0258,0,0,0,0
nearest,108.0259,-1
cover,108.0573,0,0,0,0
nearest,108.0573,-1
cover,108.0874,0,0,0,0
nearest,108.0874,-1
cover,108.1201,0,0,0,0
nearest,108.1201,-1
cover,108.1534,0,0,0,0
nearest,108.1535,-1
cover,108.1935,0,0,0,0
nearest,108.1935,-1
cover,108.2332,0,0,0,0
nearest,108.2333,-1
cover,108.2696,0,0,0,0
nearest,108.2696,-1
cover,108.3075,0,0,0,0
nearest,108.3075,-1
cover,108.353,0,0,0,0
nearest,108.353,-1
cover,108.3885,0,0,0,0
nearest,108.3885,-1
cover,108.4238,0,0,0,0
nearest,108.4239,-1
cover,108.4614,0,0,0,0
nearest,108.4614,-1
cover,108.4998,0,0,0,0
nearest,108.4998,-1
cover,108.5324,0,0,0,0
nearest,108.5325,-1
cover,108.5657,0,0,0,0
nearest,108.5657,-1
cover,108.6085,0,0,0,0
nearest,108.6085,-1
cover,108.6553,0,0,0,0
nearest,108.6553,-1
cover,108.6872,0,0,0,0
nearest,108.6872,-1
cover,108.7199,0,0,0,0
nearest,108.7199,-1
cover,108.7539,0,0,0,0
nearest,108.754,-1
cover,108.788,0,0,0,0
nearest,108.788,-1
cover,108.8206,0,0,0,0
nearest,108.8206,-1
cover,108.854,0,0,0,0
nearest,108.854,-1
cover,108.8887,0,0,0,0
nearest,108.8887,-1
cover,108.9219,0,0,0,0
nearest,108.9219,-1
cover,108.9554,0,0,0,0
nearest,108.9554,-1
cover,108.9921,0,0,0,0
nearest,108.9921,-1
cover,109.029,0,0,0,0
nearest,109.0291,-1
cover,109.0617,0,0,0,0
nearest,109.0617,-1
cover,109.0952,0,0,0,0
nearest,109.0952,-1
cover,109.1249,0,0,0,0
nearest,109.125,-1
cover,109.1576,0,0,0,0
nearest,109.1576,-1
cover,109.1911,0,0,0,0
nearest,109.1911,-1
cover,109.2231,0,0,0,0
nearest,109.2232,-1
cover,109.2566,0,0,0,0
nearest,109.2566,-1
cover,109.2888,0,0,0,0
nearest,109.2888,-1
cover,109.3198,0,0,0,0
nearest,109.3199,-1
cover,109.3549,0,0,0,0
nearest,109.355,-1
cover,109.3885,0,0,0,0
nearest,109.3885,-1
cover,109.4228,0,0,0,0
nearest,109.4229,-1
cover,109.4551,0,0,0,0
nearest,109.4551,-1
cover,109.4896,0,0,0,0
nearest,109.4896,-1
cover,109.5224,0,0,0,0
nearest,109.5224,-1
cover,109.5576,0,0,0,0
nearest,109.5576,-1
cover,109.599,0,0,0,0
nearest,109.599,-1
cover,109.6388,0,0,0,0
nearest,109.6388,-1
cover,109.6911,0,0,0,0
nearest,109.6911,-1
cover,109.7399,0,0,0,0
nearest,109.7399,-1
cover,109.7899,0,0,0,0
nearest,109.79,-1
cover,109.825,0,0,0,0
nearest,109.8251,-1
cover,109.8608,0,0,0,0
nearest,109.8609,-1
cover,109.8991,0,0,0,0
nearest,109.8991,-1
cover,109.9384,0,0,0,0
nearest,109.9384,-1
cover,109.9717,0,0,0,0
nearest,109.9717,-1
cover,110.0067,0,0,0,0
nearest,110.0067,-1
cover,110.053,0,0,0,0
nearest,110.053,-1
cover,110.086,0,0,0,0
nearest,110.086,-1
cover,110.1223,0,0,0,0
nearest,110.1223,-1
cover,110.1581,0,0,0,0
nearest,110.1581,-1
cover,110.1974,0,0,0,0
nearest,110.1974,-1
cover,110.2277,0,0,0,0
nearest,110.2277,-1
cover,110.2619,0,0,0,0
nearest,110.2619,-1
cover,110.2956,0,0,0,0
nearest,110.2957,-1
cover,110.3281,0,0,0,0
nearest,110.3281,-1
cover,110.3639,0,0,0,0
nearest,110.364,-1
cover,110.3977,0,0,0,0
nearest,110.3978,-1
cover,110.4333,0,0,0,0
nearest,110.4333,-1
cover,110.4701,0,0,0,0
nearest,110.4702,-1
cover,110.5123,0,0,0,0
nearest,110.5123,-1
cover,110.5589,0,0,0,0
nearest,110.5589,-1
cover,110.5961,0,0,0,0
nearest,110.5962,-1
cover,110.6297,0,0,0,0
nearest,110.6297,-1
cover,110.6651,0,0,0,0
nearest,110.6652,-1
cover,110.6977,0,0,0,0
nearest,110.6977,-1
cover,110.7323,0,0,0,0
nearest,110.7323,-1
cover,110.7681,0,0,0,0
nearest,110.7681,-1
cover,110.8026,0,0,0,0
nearest,110.8026,-1
cover,110.8366,0,0,0,0
nearest,110.8366,-1
cover,110.869,0,0,0,0
nearest,110.869,-1
cover,110.8995,0,0,0,0
nearest,110.8995,-1
cover,110.9345,0,0,0,0
nearest,110.9345,-1
cover,110.9721,0,0,0,0
nearest,110.9721,-1
cover,111.0094,0,0,0,0
nearest,111.0094,-1
cover,111.0424,0,0,0,0
nearest,111.0425,-1
cover,111.0894,0,0,0,0
nearest,111.0895,-1
cover,111.1241,0,0,0,0
nearest,111.1241,-1
cover,111.1633,0,0,0,0
nearest,111.1633,-1
cover,111.2008,0,0,0,0
nearest,111.2008,-1
cover,111.2368,0,0,0,0
nearest,111.2368,-1
cover,111.2695,0,0,0,0
nearest,111.2695,-1
cover,111.3026,0,0,0,0
nearest,111.3026,-1
cover,111.34,0,0,0,0
nearest,111.34,-1
cover,111.3865,0,0,0,0
nearest,111.3865,-1
cover,111.4209,0,0,0,0
nearest,111.4209,-1
cover,111.4576,0,0,0,0
nearest,111.4577,-1
cover,111.4947,0,0,0,0
nearest,111.4947,-1
cover,111.5319,0,0,0,0
nearest,111.5319,-1
cover,111.5729,0,0,0,0
nearest,111.5729,-1
cover,111.6086,0,0,0,0
nearest,111.6086,-1
cover,111.6558,0,0,0,0
nearest,111.6558,-1
cover,111.6891,0,0,0,0
nearest,111.6892,-1
cover,111.7237,0,0,0,0
nearest,111.7238,-1
cover,111.7551,0,0,0,0
nearest,111.7551,-1
cover,111.7981,0,0,0,0
nearest,111.7981,-1
cover,111.8306,0,0,0,0
nearest,111.8306,-1
cover,111.8643,0,0,0,0
nearest,111.8643,-1
cover,111.8976,0,0,0,0
nearest,111.8976,-1
cover,111.9331,0,0,0,0
nearest,111.9331,-1
cover,111.9665,0,0,0,0
nearest,111.9665,-1
cover,112.0042,0,0,0,0
nearest,112.0042,-1
cover,112.0377,0,0,0,0
nearest,112.0378,-1
cover,112.086,0,0,0,0
nearest,112.086,-1
cover,112.1211,0,0,0,0
nearest,112.1211,-1
cover,112.1552,0,0,0,0
nearest,112.1552,-1
cover,112.1897,0,0,0,0
nearest,112.1898,-1
cover,112.2377,0,0,0,0
nearest,112.2377,-1
cover,112.2912,0,0,0,0
nearest,112.2913,-1
cover,112.3255,0,0,0,0
nearest,112.3255,-1
cover,112.3574,0,0,0,0
nearest,112.3574,-1
cover,112.43,0,0,0,0
nearest,112.43,-1
cover,112.4673,0,0,0,0
nearest,112.4673,-1
cover,112.5081,0,0,0,0
nearest,112.5081,-1
cover,112.5573,0,0,0,0
nearest,112.5574,-1
cover,112.5962,0,0,0,0
nearest,112.5962,-1
cover,112.633,0,0,0,0
nearest,112.633,-1
cover,112.668,0,0,0,0
nearest,112.6681,-1
cover,112.7066,0,0,0,0
nearest,112.7066,-1
cover,112.7467,0,0,0,0
nearest,112.7468,-1
cover,112.7907,0,0,0,0
nearest,112.7907,-1
cover,112.8229,0,0,0,0
nearest,112.823,-1
cover,112.8587,0,0,0,0
nearest,112.8587,-1
cover,112.8911,0,0,0,0
nearest,112.8911,-1
cover,112.9263,0,0,0,0
nearest,112.9263,-1
cover,112.9595,0,0,0,0
nearest,112.9595,-1
cover,113.0011,0,0,0,0
nearest,113.0011,-1
cover,113.0557,0,0,0,0
nearest,113.0557,-1
cover,113.0987,0,0,0,0
nearest,113.0987,-1
cover,113.1371,0,0,0,0
nearest,113.1371,-1
cover,113.1757,0,0,0,0
nearest,113.1757,-1
cover,113.2544,0,0,0,0
nearest,113.2545,-1
cover,113.2978,0,0,0,0
nearest,113.2978,-1
cover,113.3431,0,0,0,0
nearest,113.3431,-1
cover,113.3807,0,0,0,0
nearest,113.3807,-1
cover,113.4315,0,0,0,0
nearest,113.4316,-1
cover,113.4925,0,0,0,0
nearest,113.4925,-1
cover,113.5366,0,0,0,0
nearest,113.5366,-1
cover,113.5895,0,0,0,0
nearest,113.5895,-1
cover,113.6291,0,0,0,0
nearest,113.6291,-1
cover,113.6729,0,0,0,0
nearest,113.6729,-1
cover,113.7142,0,0,0,0
nearest,113.7142,-1
cover,113.7625,0,0,0,0
nearest,113.7625,-1
cover,113.7982,0,0,0,0
nearest,113.7982,-1
cover,113.8331,0,0,0,0
nearest,113.8332,-1
cover,113.8703,0,0,0,0
nearest,113.8703,-1
cover,113.9093,0,0,0,0
nearest,113.9093,-1
cover,113.9557,0,0,0,0
nearest,113.9558,-1
cover,113.9952,0,0,0,0
nearest,113.9952,-1
cover,114.0345,0,0,0,0
nearest,114.0345,-1
cover,114.0882,0,0,0,0
nearest,114.0882,-1
cover,114.1306,0,0,0,0
nearest,114.1306,-1
cover,114.166,0,0,0,0
nearest,114.166,-1
cover,114.2043,0,0,0,0
nearest,114.2043,-1
cover,114.242,0,0,0,0
nearest,114.2421,-1
cover,114.2824,0,0,0,0
nearest,114.2824,-1
cover,114.3264,0,0,0,0
nearest,114.3265,-1
cover,114.3632,0,0,0,0
nearest,114.3632,-1
cover,114.4015,0,0,0,0
nearest,114.4016,-1
cover,114.4392,0,0,0,0
nearest,114.4392,-1
cover,114.4893,0,0,0,0
nearest,114.4894,-1
cover,114.5255,0,0,0,0
nearest,114.5256,-1
cover,114.5625,0,0,0,0
nearest,114.5625,-1
cover,114.5993,0,0,0,0
nearest,114.5993,-1
cover,114.6365,0,0,0,0
nearest,114.6366,-1
cover,114.6737,0,0,0,0
nearest,114.6737,-1
cover,114.7061,0,0,0,0
nearest,114.7062,-1
cover,114.7588,0,0,0,0
nearest,114.7588,-1
cover,114.7976,0,0,0,0
nearest,114.7977,-1
cover,114.8322,0,0,0,0
nearest,114.8323,-1
cover,114.8659,0,0,0,0
nearest,114.866,-1
cover,114.9021,0,0,0,0
nearest,114.9022,-1
cover,114.9363,0,0,0,0
nearest,114.9364,-1
cover,114.9729,0,0,0,0
nearest,114.973,-1
cover,115.0094,0,0,0,0
nearest,115.0094,-1
cover,115.059,0,0,0,0
nearest,115.059,-1
cover,115.0959,0,0,0,0
nearest,115.096,-1
cover,115.1326,0,0,0,0
nearest,115.1327,-1
cover,115.1702,0,0,0,0
nearest,115.1702,-1
cover,115.2101,0,0,0,0
nearest,115.2102,-1
cover,115.2409,0,0,0,0
nearest,115.2409,-1
cover,115.2735,0,0,0,0
nearest,115.2735,-1
cover,115.3041,0,0,0,0
nearest,115.3041,-1
cover,115.3412,0,0,0,0
nearest,115.3413,-1
cover,115.3722,0,0,0,0
nearest,115.3722,-1
cover,115.4047,0,0,0,0
nearest,115.4047,-1
cover,115.437,0,0,0,0
nearest,115.437,-1
cover,115.4728,0,0,0,0
nearest,115.4729,-1
cover,115.5088,0,0,0,0
nearest,115.5088,-1
cover,115.5589,0,0,0,0
nearest,115.5589,-1
cover,115.597,0,0,0,0
nearest,115.5971,-1
cover,115.6324,0,0,0,0
nearest,115.6325,-1
cover,115.6666,0,0,0,0
nearest,115.6666,-1
cover,115.7013,0,0,0,0
nearest,115.7014,-1
cover,115.7376,0,0,0,0
nearest,115.7377,-1
cover,115.7715,0,0,0,0
nearest,115.7715,-1
cover,115.8102,0,0,0,0
nearest,115.8102,-1
cover,115.8433,0,0,0,0
nearest,115.8434,-1
cover,115.876,0,0,0,0
nearest,115.876,-1
cover,115.9114,0,0,0,0
nearest,115.9114,-1
cover,115.9424,0,0,0,0
nearest,115.9424,-1
cover,115.9822,0,0,0,0
nearest,115.9822,-1
cover,116.0273,0,0,0,0
nearest,116.0273,-1
cover,116.0605,0,0,0,0
nearest,116.0605,-1
cover,116.0937,0,0,0,0
nearest,116.0937,-1
cover,116.1281,0,0,0,0
nearest,116.1281,-1
cover,116.1596,0,0,0,0
nearest,116.1596,-1
cover,116.1909,0,0,0,0
nearest,116.1909,-1
cover,116.2266,0,0,0,0
nearest,116.2266,-1
cover,116.2555,0,0,0,0
nearest,116.2556,-1
cover,116.2918,0,0,0,0
nearest,116.2918,-1
cover,116.327,0,0,0,0
nearest,116.327,-1
cover,116.3672,0,0,0,0
nearest,116.3673,-1
cover,116.4016,0,0,0,0
nearest,116.4017,-1
cover,116.4336,0,0,0,0
nearest,116.4336,-1
cover,116.4683,0,0,0,0
nearest,116.4684,-1
cover,116.5051,0,0,0,0
nearest,116.5051,-1
cover,116.5461,0,0,0,0
nearest,116.5461,-1
cover,116.5787,0,0,0,0
nearest,116.5787,-1
cover,116.6222,0,0,0,0
nearest,116.6222,-1
cover,116.663,0,0,0,0
nearest,116.663,-1
cover,116.6995,0,0,0,0
nearest,116.6995,-1
cover,116.7313,0,0,0,0
nearest,116.7313,-1
cover,116.7657,0,0,0,0
nearest,116.7658,-1
cover,116.7998,0,0,0,0
nearest,116.7998,-1
cover,116.8334,0,0,0,0
nearest,116.8335,-1
cover,116.8698,0,0,0,0
nearest,116.8698,-1
cover,116.9021,0,0,0,0
nearest,116.9021,-1
cover,116.9343,0,0,0,0
nearest,116.9344,-1
cover,116.9673,0,0,0,0
nearest,116.9673,-1
cover,117.0034,0,0,0,0
nearest,117.0034,-1
cover,117.0362,0,0,0,0
nearest,117.0362,-1
cover,117.0683,0,0,0,0
nearest,117.0683,-1
cover,117.1041,0,0,0,0
nearest,117.1042,-1
cover,117.1352,0,0,0,0
nearest,117.1353,-1
cover,117.1717,0,0,0,0
nearest,117.1717,-1
cover,117.2059,0,0,0,0
nearest,117.2059,-1
cover,117.237,0,0,0,0
nearest,117.237,-1
cover,117.2719,0,0,0,0
nearest,117.2719,-1
cover,117.3073,0,0,0,0
nearest,117.3074,-1
cover,117.3445,0,0,0,0
nearest,117.3445,-1
cover,117.3907,0,0,0,0
nearest,117.3907,-1
cover,117.4245,0,0,0,0
nearest,117.4245,-1
cover,117.4565,0,0,0,0
nearest,117.4565,-1
cover,117.4904,0,0,0,0
nearest,117.4904,-1
cover,117.5209,0,0,0,0
nearest,117.5209,-1
cover,117.5532,0,0,0,0
nearest,117.5532,-1
cover,117.5783,0,0,0,0
nearest,117.5784,-1
cover,117.6109,0,0,0,0
nearest,117.611,-1
cover,117.6439,0,0,0,0
nearest,117.644,-1
cover,117.6704,0,0,0,0
nearest,117.6704,-1
cover,117.6971,0,0,0,0
nearest,117.6971,-1
cover,117.7224,0,0,0,0
nearest,117.7225,-1
cover,117.7517,1,0,1,0
nearest,117.7517,-1
cover,117.782,1,0,1,0
nearest,117.782,-1
cover,117.8069,1,0,1,0
nearest,117.8069,-1
cover,117.8323,1,0,1,0
nearest,117.8323,-1
cover,117.8613,1,0,1,0
nearest,117.8613,-1
cover,117.8947,1,0,1,0
nearest,117.8948,-1
cover,117.926,1,0,1,0
nearest,117.926,-1
cover,117.9567,1,0,1,0
nearest,117.9567,-1
cover,117.9908,1,0,1,0
nearest,117.9908,-1
cover,118.0206,1,0,1,0
nearest,118.0206,-1
cover,118.054,0,0,0,0
nearest,118.0541,-1
cover,118.0894,0,0,0,0
nearest,118.0894,-1
cover,118.1232,1,0,1,0
nearest,118.1233,-1
cover,118.1557,1,0,1,0
nearest,118.1557,-1
cover,118.1889,0,0,0,0
nearest,118.189,-1
cover,118.2212,0,0,0,0
nearest,118.2212,-1
cover,118.2535,0,0,0,0
nearest,118.2535,-1
cover,118.2808,0,0,0,0
nearest,118.2808,-1
cover,118.3224,0,0,0,0
nearest,118.3224,-1
cover,118.3561,0,0,0,0
nearest,118.3561,-1
cover,118.3876,0,0,0,0
nearest,118.3877,-1
cover,118.4211,0,0,0,0
nearest,118.4211,-1
cover,118.4494,0,0,0,0
nearest,118.4494,-1
