kind,t,a,b
meta,0,1.3398561541818312,60
cover,0.178,0,0,0,0
nearest,0.178,-1
cover,0.2087,1,0,1,0
nearest,0.2088,-1
cover,0.24,0,0,0,0
nearest,0.24,-1
cover,0.2726,0,0,0,0
nearest,0.2726,-1
cover,0.2988,0,0,0,0
nearest,0.2989,-1
cover,0.3266,0,0,0,0
nearest,0.3266,-1
cover,0.3562,0,0,0,0
nearest,0.3562,-1
cover,0.3962,0,0,0,0
nearest,0.3962,-1
cover,0.4434,0,0,0,0
nearest,0.4434,-1
cover,0.4734,0,0,0,0
nearest,0.4735,-1
cover,0.4999,0,0,0,0
nearest,0.4999,-1
cover,0.5304,0,0,0,0
nearest,0.5304,-1
cover,0.5599,0,0,0,0
nearest,0.5599,-1
cover,0.5892,0,0,0,0
nearest,0.5892,-1
cover,0.6159,0,0,0,0
nearest,0.616,-1
cover,0.6485,0,0,0,0
nearest,0.6486,-1
cover,0.6806,0,0,0,0
nearest,0.6806,-1
cover,0.7134,0,0,0,0
nearest,0.7134,-1
cover,0.7741,0,0,0,0
nearest,0.7741,-1
cover,0.8057,0,0,0,0
nearest,0.8058,-1
cover,0.837,0,0,0,0
nearest,0.8371,-1
cover,0.8677,0,0,0,0
nearest,0.8677,-1
cover,0.897,0,0,0,0
nearest,0.897,-1
cover,0.9255,0,0,0,0
nearest,0.9255,-1
cover,0.9566,0,0,0,0
nearest,0.9566,-1
cover,0.9869,0,0,0,0
nearest,0.9869,-1
cover,1.0163,0,0,0,0
nearest,1.0163,-1
cover,1.0437,0,0,0,0
nearest,1.0438,-1
cover,1.0729,0,0,0,0
nearest,1.0729,-1
cover,1.1043,0,0,0,0
nearest,1.1043,-1
cover,1.1329,1,0,1,0
nearest,1.1329,-1
cover,1.1628,1,0,1,0
nearest,1.1628,-1
cover,1.1913,1,0,1,0
nearest,1.1913,-1
cover,1.2198,0,0,0,0
nearest,1.2198,-1
cover,1.2498,0,0,0,0
nearest,1.2498,-1
cover,1.2791,0,0,0,0
nearest,1.2791,-1
cover,1.3135,0,0,0,0
nearest,1.3135,-1
cover,1.3447,0,0,0,0
nearest,1.3448,-1
cover,1.3771,1,0,1,0
nearest,1.3771,-1
cover,1.4134,0,0,0,0
nearest,1.4135,-1
cover,1.4462,0,0,0,0
nearest,1.4462,-1
cover,1.4777,1,0,1,0
nearest,1.4777,-1
cover,1.5087,0,0,0,0
nearest,1.5088,-1
cover,1.5381,0,0,0,0
nearest,1.5382,-1
cover,1.5664,0,0,0,0
nearest,1.5664,-1
cover,1.5958,0,0,0,0
nearest,1.5959,-1
cover,1.6234,0,0,0,0
nearest,1.6234,-1
cover,1.6527,0,0,0,0
nearest,1.6527,-1
cover,1.6828,0,0,0,0
nearest,1.6828,-1
cover,1.7101,0,0,0,0
nearest,1.7101,-1
cover,1.7389,1,0,1,0
nearest,1.739,-1
cover,1.7692,0,0,0,0
nearest,1.7693,-1
cover,1.7994,0,0,0,0
nearest,1.7994,-1
cover,1.8237,0,0,0,0
nearest,1.8238,-1
cover,1.8522,0,0,0,0
nearest,1.8522,-1
cover,1.8827,0,0,0,0
nearest,1.8828,-1
cover,1.9084,0,0,0,0
nearest,1.9084,-1
cover,1.938,0,0,0,0
nearest,1.938,-1
cover,1.9663,0,0,0,0
nearest,1.9663,-1
cover,1.9925,0,0,0,0
nearest,1.9926,-1
cover,2.0215,0,0,0,0
nearest,2.0215,-1
cover,2.0498,0,0,0,0
nearest,2.0498,-1
cover,2.0739,0,0,0,0
nearest,2.074,-1
cover,2.102,0,0,0,0
nearest,2.102,-1
cover,2.1284,0,0,0,0
nearest,2.1284,-1
cover,2.1575,0,0,0,0
nearest,2.1575,-1
cover,2.1832,0,0,0,0
nearest,2.1832,-1
cover,2.2099,0,0,0,0
nearest,2.2099,-1
cover,2.239,0,0,0,0
nearest,2.239,-1
cover,2.2678,0,0,0,0
nearest,2.2678,-1
cover,2.2946,0,0,0,0
nearest,2.2946,-1
cover,2.3242,0,0,0,0
nearest,2.3242,-1
cover,2.3543,0,0,0,0
nearest,2.3543,-1
cover,2.386,0,0,0,0
nearest,2.386,-1
cover,2.4155,0,0,0,0
nearest,2.4155,-1
cover,2.4416,0,0,0,0
nearest,2.4416,-1
cover,2.4707,0,0,0,0
nearest,2.4707,-1
cover,2.4992,0,0,0,0
nearest,2.4992,-1
cover,2.5261,0,0,0,0
nearest,2.5261,-1
cover,2.5576,0,0,0,0
nearest,2.5576,-1
cover,2.5856,0,0,0,0
nearest,2.5856,-1
cover,2.613,0,0,0,0
nearest,2.613,-1
cover,2.6414,0,0,0,0
nearest,2.6414,-1
cover,2.6709,0,0,0,0
nearest,2.6709,-1
cover,2.7005,0,0,0,0
nearest,2.7005,-1
cover,2.7309,0,0,0,0
nearest,2.7309,-1
cover,2.758,0,0,0,0
nearest,2.7581,-1
cover,2.7853,0,0,0,0
nearest,2.7853,-1
cover,2.8143,0,0,0,0
nearest,2.8144,-1
cover,2.8409,0,0,0,0
nearest,2.8409,-1
cover,2.8715,0,0,0,0
nearest,2.8715,-1
cover,2.9006,0,0,0,0
nearest,2.9006,-1
cover,2.9262,0,0,0,0
nearest,2.9262,-1
cover,2.9546,1,0,1,0
nearest,2.9546,-1
cover,2.9827,0,0,0,0
nearest,2.9827,-1
cover,3.0108,0,0,0,0
nearest,3.0108,-1
cover,3.0385,0,0,0,0
nearest,3.0385,-1
cover,3.0655,0,0,0,0
nearest,3.0655,-1
cover,3.0908,0,0,0,0
nearest,3.0908,-1
cover,3.1177,0,0,0,0
nearest,3.1177,-1
cover,3.1437,0,0,0,0
nearest,3.1438,-1
cover,3.1728,0,0,0,0
nearest,3.1728,-1
cover,3.1996,0,0,0,0
nearest,3.1996,-1
cover,3.2242,0,0,0,0
nearest,3.2242,-1
cover,3.2516,0,0,0,0
nearest,3.2516,-1
cover,3.2782,0,0,0,0
nearest,3.2783,-1
cover,3.3072,0,0,0,0
nearest,3.3072,-1
cover,3.3332,0,0,0,0
nearest,3.3332,-1
cover,3.3609,0,0,0,0
nearest,3.3609,-1
cover,3.3948,0,0,0,0
nearest,3.3949,-1
cover,3.4267,0,0,0,0
nearest,3.4267,-1
cover,3.4585,0,0,0,0
nearest,3.4585,-1
cover,3.4884,0,0,0,0
nearest,3.4884,-1
cover,3.5191,0,0,0,0
nearest,3.5191,-1
cover,3.5452,0,0,0,0
nearest,3.5452,-1
cover,3.5731,0,0,0,0
nearest,3.5731,-1
cover,3.6009,0,0,0,0
nearest,3.6009,-1
cover,3.6256,0,0,0,0
nearest,3.6256,-1
cover,3.6519,0,0,0,0
nearest,3.652,-1
cover,3.6795,0,0,0,0
nearest,3.6795,-1
cover,3.7051,0,0,0,0
nearest,3.7051,-1
cover,3.7338,0,0,0,0
nearest,3.7338,-1
cover,3.7625,0,0,0,0
nearest,3.7626,-1
cover,3.7915,0,0,0,0
nearest,3.7915,-1
cover,3.8177,0,0,0,0
nearest,3.8177,-1
cover,3.8435,0,0,0,0
nearest,3.8435,-1
cover,3.87,0,0,0,0
nearest,3.87,-1
cover,3.8945,0,0,0,0
nearest,3.8945,-1
cover,3.9221,0,0,0,0
nearest,3.9222,-1
cover,3.9494,0,0,0,0
nearest,3.9494,-1
cover,3.9735,0,0,0,0
nearest,3.9735,-1
cover,4.0003,0,0,0,0
nearest,4.0003,-1
cover,4.0289,0,0,0,0
nearest,4.0289,-1
cover,4.0592,0,0,0,0
nearest,4.0593,-1
cover,4.0894,0,0,0,0
nearest,4.0895,-1
cover,4.1159,0,0,0,0
nearest,4.1159,-1
cover,4.1422,0,0,0,0
nearest,4.1422,-1
cover,4.1697,0,0,0,0
nearest,4.1697,-1
cover,4.1962,0,0,0,0
nearest,4.1963,-1
cover,4.2253,0,0,0,0
nearest,4.2253,-1
cover,4.2543,0,0,0,0
nearest,4.2544,-1
cover,4.2837,0,0,0,0
nearest,4.2837,-1
cover,4.3121,0,0,0,0
nearest,4.3121,-1
cover,4.3408,0,0,0,0
nearest,4.3408,-1
cover,4.3714,0,0,0,0
nearest,4.3714,-1
cover,4.4005,0,0,0,0
nearest,4.4005,-1
cover,4.4292,0,0,0,0
nearest,4.4293,-1
cover,4.458,0,0,0,0
nearest,4.458,-1
cover,4.4864,0,0,0,0
nearest,4.4864,-1
cover,4.5123,0,0,0,0
nearest,4.5123,-1
cover,4.5411,0,0,0,0
nearest,4.5411,-1
cover,4.5711,0,0,0,0
nearest,4.5711,-1
cover,4.5975,0,0,0,0
nearest,4.5976,-1
cover,4.6239,0,0,0,0
nearest,4.6239,-1
cover,4.6532,1,0,1,0
nearest,4.6532,-1
cover,4.6834,1,0,1,0
nearest,4.6834,-1
cover,4.7105,1,0,1,0
nearest,4.7105,-1
cover,4.7384,0,0,0,0
nearest,4.7384,-1
cover,4.7662,1,0,1,0
nearest,4.7663,-1
cover,4.7941,0,0,0,0
nearest,4.7941,-1
cover,4.8247,0,0,0,0
nearest,4.8247,-1
cover,4.8539,0,0,0,0
nearest,4.8539,-1
cover,4.8796,0,0,0,0
nearest,4.8796,-1
cover,4.9089,0,0,0,0
nearest,4.9089,-1
cover,4.9365,0,0,0,0
nearest,4.9365,-1
cover,4.9654,0,0,0,0
nearest,4.9654,-1
cover,4.9927,0,0,0,0
nearest,4.9927,-1
cover,5.0194,0,0,0,0
nearest,5.0195,-1
cover,5.0485,0,0,0,0
nearest,5.0486,-1
cover,5.077,0,0,0,0
nearest,5.077,-1
cover,5.1068,0,0,0,0
nearest,5.1068,-1
cover,5.1354,0,0,0,0
nearest,5.1354,-1
cover,5.164,0,0,0,0
nearest,5.164,-1
cover,5.1929,0,0,0,0
nearest,5.1929,-1
cover,5.2238,0,0,0,0
nearest,5.2238,-1
cover,5.2578,1,0,1,0
nearest,5.2579,-1
cover,5.2909,0,0,0,0
nearest,5.2909,-1
cover,5.3216,0,0,0,0
nearest,5.3216,-1
cover,5.3516,0,0,0,0
nearest,5.3516,-1
cover,5.3847,0,0,0,0
nearest,5.3848,-1
cover,5.4149,0,0,0,0
nearest,5.4149,-1
cover,5.4457,0,0,0,0
nearest,5.4458,-1
cover,5.473,0,0,0,0
nearest,5.473,-1
cover,5.5009,0,0,0,0
nearest,5.5009,-1
cover,5.529,0,0,0,0
nearest,5.529,-1
cover,5.5592,0,0,0,0
nearest,5.5592,-1
cover,5.586,0,0,0,0
nearest,5.586,-1
cover,5.6128,0,0,0,0
nearest,5.6128,-1
cover,5.6396,0,0,0,0
nearest,5.6397,-1
cover,5.6644,0,0,0,0
nearest,5.6644,-1
cover,5.6924,0,0,0,0
nearest,5.6924,-1
cover,5.7195,0,0,0,0
nearest,5.7195,-1
cover,5.7432,0,0,0,0
nearest,5.7432,-1
cover,5.7697,0,0,0,0
nearest,5.7697,-1
cover,5.7938,0,0,0,0
nearest,5.7938,-1
cover,5.8199,1,0,1,0
nearest,5.8199,-1
cover,5.8478,0,0,0,0
nearest,5.8478,-1
cover,5.8772,0,0,0,0
nearest,5.8773,-1
cover,5.9041,0,0,0,0
nearest,5.9041,-1
cover,5.9303,0,0,0,0
nearest,5.9304,-1
cover,5.9562,0,0,0,0
nearest,5.9562,-1
cover,5.9799,0,0,0,0
nearest,5.9799,-1
cover,6.0063,0,0,0,0
nearest,6.0063,-1
cover,6.0316,0,0,0,0
nearest,6.0316,-1
cover,6.0583,0,0,0,0
nearest,6.0584,-1
cover,6.0832,0,0,0,0
nearest,6.0832,-1
cover,6.1096,0,0,0,0
nearest,6.1097,-1
cover,6.1367,0,0,0,0
nearest,6.1367,-1
cover,6.1628,0,0,0,0
nearest,6.1629,-1
cover,6.1885,0,0,0,0
nearest,6.1885,-1
cover,6.2119,0,0,0,0
nearest,6.2119,-1
cover,6.2379,0,0,0,0
nearest,6.2379,-1
cover,6.2623,0,0,0,0
nearest,6.2624,-1
cover,6.2916,0,0,0,0
nearest,6.2916,-1
cover,6.3181,0,0,0,0
nearest,6.3181,-1
cover,6.3447,0,0,0,0
nearest,6.3447,-1
cover,6.3746,0,0,0,0
nearest,6.3746,-1
cover,6.401,0,0,0,0
nearest,6.4011,-1
cover,6.4283,0,0,0,0
nearest,6.4283,-1
cover,6.4545,0,0,0,0
nearest,6.4545,-1
cover,6.4788,0,0,0,0
nearest,6.4789,-1
cover,6.5035,0,0,0,0
nearest,6.5035,-1
cover,6.5286,0,0,0,0
nearest,6.5286,-1
cover,6.5552,0,0,0,0
nearest,6.5552,-1
cover,6.5812,0,0,0,0
nearest,6.5812,-1
cover,6.6084,0,0,0,0
nearest,6.6084,-1
cover,6.6345,0,0,0,0
nearest,6.6345,-1
cover,6.66,1,0,1,0
nearest,6.66,-1
cover,6.6872,0,0,0,0
nearest,6.6872,-1
cover,6.7156,0,0,0,0
nearest,6.7156,-1
cover,6.7438,0,0,0,0
nearest,6.7438,-1
cover,6.7687,0,0,0,0
nearest,6.7687,-1
cover,6.7946,0,0,0,0
nearest,6.7946,-1
cover,6.821,0,0,0,0
nearest,6.821,-1
cover,6.8448,0,0,0,0
nearest,6.8448,-1
cover,6.871,0,0,0,0
nearest,6.871,-1
cover,6.8981,0,0,0,0
nearest,6.8981,-1
cover,6.9245,0,0,0,0
nearest,6.9245,-1
cover,6.9541,0,0,0,0
nearest,6.9541,-1
cover,6.9804,0,0,0,0
nearest,6.9804,-1
cover,7.0054,0,0,0,0
nearest,7.0054,-1
cover,7.0314,0,0,0,0
nearest,7.0314,-1
cover,7.0587,0,0,0,0
nearest,7.0587,-1
cover,7.0848,0,0,0,0
nearest,7.0848,-1
cover,7.1095,0,0,0,0
nearest,7.1095,-1
cover,7.1349,1,0,1,0
nearest,7.1349,-1
cover,7.1622,0,0,0,0
nearest,7.1622,-1
cover,7.1883,0,0,0,0
nearest,7.1883,-1
cover,7.2121,0,0,0,0
nearest,7.2121,-1
cover,7.2382,0,0,0,0
nearest,7.2382,-1
cover,7.2627,1,0,1,0
nearest,7.2628,-1
cover,7.2888,0,0,0,0
nearest,7.2888,-1
cover,7.3154,1,0,1,0
nearest,7.3154,-1
cover,7.3441,0,0,0,0
nearest,7.3441,-1
cover,7.3727,0,0,0,0
nearest,7.3727,-1
cover,7.4004,0,0,0,0
nearest,7.4004,-1
cover,7.4272,0,0,0,0
nearest,7.4272,-1
cover,7.4561,1,0,1,0
nearest,7.4562,-1
cover,7.4817,0,0,0,0
nearest,7.4818,-1
cover,7.5095,0,0,0,0
nearest,7.5095,-1
cover,7.5386,0,0,0,0
nearest,7.5386,-1
cover,7.5656,0,0,0,0
nearest,7.5656,-1
cover,7.5948,0,0,0,0
nearest,7.5948,-1
cover,7.6227,0,0,0,0
nearest,7.6227,-1
cover,7.6469,0,0,0,0
nearest,7.6469,-1
cover,7.6731,0,0,0,0
nearest,7.6732,-1
cover,7.6977,0,0,0,0
nearest,7.6978,-1
cover,7.7229,0,0,0,0
nearest,7.7229,-1
cover,7.7475,0,0,0,0
nearest,7.7476,-1
cover,7.7727,0,0,0,0
nearest,7.7727,-1
cover,7.798,0,0,0,0
nearest,7.798,-1
cover,7.8256,1,0,1,0
nearest,7.8256,-1
cover,7.8544,1,0,1,0
nearest,7.8544,-1
cover,7.8815,1,0,1,0
nearest,7.8815,-1
cover,7.9077,0,0,0,0
nearest,7.9077,-1
cover,7.9333,0,0,0,0
nearest,7.9333,-1
cover,7.9597,2,0,2,0
nearest,7.9597,-1
cover,7.9873,1,0,1,0
nearest,7.9873,-1
cover,8.0151,0,0,0,0
nearest,8.0152,-1
cover,8.0447,0,0,0,0
nearest,8.0447,-1
cover,8.0694,0,0,0,0
nearest,8.0694,-1
cover,8.0974,0,0,0,0
nearest,8.0975,-1
cover,8.1241,0,0,0,0
nearest,8.1241,-1
cover,8.1485,0,0,0,0
nearest,8.1485,-1
cover,8.1748,0,0,0,0
nearest,8.1748,-1
cover,8.2007,0,0,0,0
nearest,8.2007,-1
cover,8.2247,0,0,0,0
nearest,8.2247,-1
cover,8.2491,0,0,0,0
nearest,8.2492,-1
cover,8.2748,0,0,0,0
nearest,8.2748,-1
cover,8.2993,0,0,0,0
nearest,8.2993,-1
cover,8.3245,0,0,0,0
nearest,8.3245,-1
cover,8.3486,0,0,0,0
nearest,8.3486,-1
cover,8.3748,0,0,0,0
nearest,8.3748,-1
cover,8.3993,0,0,0,0
nearest,8.3993,-1
cover,8.4299,0,0,0,0
nearest,8.4299,-1
cover,8.4584,0,0,0,0
nearest,8.4584,-1
cover,8.4831,0,0,0,0
nearest,8.4831,-1
cover,8.5094,0,0,0,0
nearest,8.5094,-1
cover,8.5347,0,0,0,0
nearest,8.5347,-1
cover,8.5636,0,0,0,0
nearest,8.5637,-1
cover,8.5901,0,0,0,0
nearest,8.5901,-1
cover,8.6168,0,0,0,0
nearest,8.6168,-1
cover,8.6436,0,0,0,0
nearest,8.6436,-1
cover,8.6695,0,0,0,0
nearest,8.6696,-1
cover,8.6972,0,0,0,0
nearest,8.6972,-1
cover,8.7241,0,0,0,0
nearest,8.7242,-1
cover,8.7496,0,0,0,0
nearest,8.7496,-1
cover,8.7789,1,0,1,0
nearest,8.7789,-1
cover,8.8074,0,0,0,0
nearest,8.8075,-1
cover,8.8329,0,0,0,0
nearest,8.8329,-1
cover,8.8591,0,0,0,0
nearest,8.8591,-1
cover,8.8836,0,0,0,0
nearest,8.8836,-1
cover,8.9109,0,0,0,0
nearest,8.9109,-1
cover,8.936,0,0,0,0
nearest,8.936,-1
cover,8.9624,0,0,0,0
nearest,8.9624,-1
cover,8.9865,0,0,0,0
nearest,8.9866,-1
cover,9.0146,0,0,0,0
nearest,9.0146,-1
cover,9.0414,0,0,0,0
nearest,9.0414,-1
cover,9.0656,0,0,0,0
nearest,9.0656,-1
cover,9.0928,0,0,0,0
nearest,9.0928,-1
cover,9.1176,0,0,0,0
nearest,9.1176,-1
cover,9.144,0,0,0,0
nearest,9.144,-1
cover,9.1687,0,0,0,0
nearest,9.1687,-1
cover,9.1959,0,0,0,0
nearest,9.1959,-1
cover,9.2229,0,0,0,0
nearest,9.2229,-1
cover,9.2477,0,0,0,0
nearest,9.2477,-1
cover,9.2757,0,0,0,0
nearest,9.2757,-1
cover,9.3001,0,0,0,0
nearest,9.3001,-1
cover,9.3279,0,0,0,0
nearest,9.3279,-1
cover,9.3514,0,0,0,0
nearest,9.3514,-1
cover,9.3798,0,0,0,0
nearest,9.3798,-1
cover,9.4086,0,0,0,0
nearest,9.4086,-1
cover,9.4329,0,0,0,0
nearest,9.4329,-1
cover,9.4585,0,0,0,0
nearest,9.4585,-1
cover,9.482,0,0,0,0
nearest,9.482,-1
cover,9.5086,0,0,0,0
nearest,9.5086,-1
cover,9.5337,0,0,0,0
nearest,9.5337,-1
cover,9.5606,0,0,0,0
nearest,9.5606,-1
cover,9.5841,0,0,0,0
nearest,9.5841,-1
cover,9.6126,0,0,0,0
nearest,9.6126,-1
cover,9.6403,0,0,0,0
nearest,9.6403,-1
cover,9.6658,0,0,0,0
nearest,9.6658,-1
cover,9.6936,0,0,0,0
nearest,9.6936,-1
cover,9.7187,0,0,0,0
nearest,9.7187,-1
cover,9.7466,0,0,0,0
nearest,9.7466,-1
cover,9.7706,0,0,0,0
nearest,9.7706,-1
cover,9.7976,0,0,0,0
nearest,9.7976,-1
cover,9.8251,0,0,0,0
nearest,9.8251,-1
cover,9.8507,0,0,0,0
nearest,9.8507,-1
cover,9.877,0,0,0,0
nearest,9.877,-1
cover,9.902,0,0,0,0
nearest,9.902,-1
cover,9.9281,0,0,0,0
nearest,9.9281,-1
cover,9.9524,0,0,0,0
nearest,9.9524,-1
cover,9.98,0,0,0,0
nearest,9.9801,-1
cover,10.0041,0,0,0,0
nearest,10.0041,-1
cover,10.0304,0,0,0,0
nearest,10.0304,-1
cover,10.055,0,0,0,0
nearest,10.055,-1
cover,10.0816,0,0,0,0
nearest,10.0817,-1
cover,10.1075,0,0,0,0
nearest,10.1075,-1
cover,10.1346,0,0,0,0
nearest,10.1346,-1
cover,10.1603,0,0,0,0
nearest,10.1603,-1
cover,10.1844,0,0,0,0
nearest,10.1844,-1
cover,10.2125,0,0,0,0
nearest,10.2125,-1
cover,10.2389,0,0,0,0
nearest,10.2389,-1
cover,10.2656,0,0,0,0
nearest,10.2656,-1
cover,10.2917,0,0,0,0
nearest,10.2917,-1
cover,10.3171,0,0,0,0
nearest,10.3171,-1
cover,10.3448,0,0,0,0
nearest,10.3449,-1
cover,10.3687,1,0,1,0
nearest,10.3688,-1
cover,10.3953,0,0,0,0
nearest,10.3954,-1
cover,10.4196,0,0,0,0
nearest,10.4196,-1
cover,10.4479,0,0,0,0
nearest,10.4479,-1
cover,10.4733,0,0,0,0
nearest,10.4733,-1
cover,10.5017,0,0,0,0
nearest,10.5017,-1
cover,10.5297,0,0,0,0
nearest,10.5297,-1
cover,10.554,0,0,0,0
nearest,10.554,-1
cover,10.5816,0,0,0,0
nearest,10.5816,-1
cover,10.6061,0,0,0,0
nearest,10.6061,-1
cover,10.6342,0,0,0,0
nearest,10.6342,-1
cover,10.6616,0,0,0,0
nearest,10.6616,-1
cover,10.6858,0,0,0,0
nearest,10.6859,-1
cover,10.7129,0,0,0,0
nearest,10.7129,-1
cover,10.7353,0,0,0,0
nearest,10.7353,-1
cover,10.7624,0,0,0,0
nearest,10.7624,-1
cover,10.7883,0,0,0,0
nearest,10.7883,-1
cover,10.8157,0,0,0,0
nearest,10.8157,-1
cover,10.8408,0,0,0,0
nearest,10.8408,-1
cover,10.8679,0,0,0,0
nearest,10.868,-1
cover,10.8951,0,0,0,0
nearest,10.8951,-1
cover,10.9189,0,0,0,0
nearest,10.9189,-1
cover,10.9457,0,0,0,0
nearest,10.9457,-1
cover,10.9696,0,0,0,0
nearest,10.9696,-1
cover,10.9954,0,0,0,0
nearest,10.9954,-1
cover,11.0198,0,0,0,0
nearest,11.0198,-1
cover,11.0466,0,0,0,0
nearest,11.0466,-1
cover,11.0701,0,0,0,0
nearest,11.0701,-1
cover,11.0981,0,0,0,0
nearest,11.0982,-1
cover,11.123,0,0,0,0
nearest,11.1231,-1
cover,11.15,0,0,0,0
nearest,11.15,-1
cover,11.1746,0,0,0,0
nearest,11.1746,-1
cover,11.2015,0,0,0,0
nearest,11.2015,-1
cover,11.2296,0,0,0,0
nearest,11.2296,-1
cover,11.2528,0,0,0,0
nearest,11.2528,-1
cover,11.2799,0,0,0,0
nearest,11.2799,-1
cover,11.3026,0,0,0,0
nearest,11.3026,-1
cover,11.3298,0,0,0,0
nearest,11.3298,-1
cover,11.3534,0,0,0,0
nearest,11.3534,-1
cover,11.381,0,0,0,0
nearest,11.381,-1
cover,11.4059,0,0,0,0
nearest,11.406,-1
cover,11.4342,0,0,0,0
nearest,11.4342,-1
cover,11.4582,0,0,0,0
nearest,11.4582,-1
cover,11.4869,0,0,0,0
nearest,11.4869,-1
cover,11.5135,0,0,0,0
nearest,11.5136,-1
cover,11.5382,0,0,0,0
nearest,11.5383,-1
cover,11.5658,0,0,0,0
nearest,11.5659,-1
cover,11.59,0,0,0,0
nearest,11.59,-1
cover,11.6186,0,0,0,0
nearest,11.6186,-1
cover,11.6473,0,0,0,0
nearest,11.6474,-1
cover,11.6759,0,0,0,0
nearest,11.676,-1
cover,11.7032,0,0,0,0
nearest,11.7032,-1
cover,11.7316,0,0,0,0
nearest,11.7317,-1
cover,11.7548,0,0,0,0
nearest,11.7548,-1
cover,11.7813,0,0,0,0
nearest,11.7813,-1
cover,11.8055,0,0,0,0
nearest,11.8055,-1
cover,11.8317,0,0,0,0
nearest,11.8317,-1
cover,11.8552,0,0,0,0
nearest,11.8552,-1
cover,11.8814,0,0,0,0
nearest,11.8814,-1
cover,11.9051,0,0,0,0
nearest,11.9051,-1
cover,11.9309,0,0,0,0
nearest,11.931,-1
cover,11.9571,0,0,0,0
nearest,11.9571,-1
cover,11.984,0,0,0,0
nearest,11.984,-1
cover,12.008,0,0,0,0
nearest,12.008,-1
cover,12.0341,0,0,0,0
nearest,12.0341,-1
cover,12.058,0,0,0,0
nearest,12.058,-1
cover,12.0849,0,0,0,0
nearest,12.0849,-1
cover,12.1138,0,0,0,0
nearest,12.1138,-1
cover,12.1392,0,0,0,0
nearest,12.1392,-1
cover,12.1674,0,0,0,0
nearest,12.1674,-1
cover,12.1912,0,0,0,0
nearest,12.1912,-1
cover,12.2204,0,0,0,0
nearest,12.2205,-1
cover,12.248,0,0,0,0
nearest,12.248,-1
cover,12.2746,0,0,0,0
nearest,12.2747,-1
cover,12.303,0,0,0,0
nearest,12.3031,-1
cover,12.3313,0,0,0,0
nearest,12.3313,-1
cover,12.3562,0,0,0,0
nearest,12.3562,-1
cover,12.3877,0,0,0,0
nearest,12.3877,-1
cover,12.4147,0,0,0,0
nearest,12.4147,-1
cover,12.4478,1,0,1,0
nearest,12.4478,-1
cover,12.4738,0,0,0,0
nearest,12.4738,-1
cover,12.5016,0,0,0,0
nearest,12.5016,-1
cover,12.5304,0,0,0,0
nearest,12.5304,-1
cover,12.5567,0,0,0,0
nearest,12.5567,-1
cover,12.583,0,0,0,0
nearest,12.583,-1
cover,12.6068,0,0,0,0
nearest,12.6068,-1
cover,12.6349,0,0,0,0
nearest,12.6349,-1
cover,12.6592,0,0,0,0
nearest,12.6592,-1
cover,12.6858,0,0,0,0
nearest,12.6859,-1
cover,12.7106,0,0,0,0
nearest,12.7106,-1
cover,12.738,0,0,0,0
nearest,12.738,-1
cover,12.7655,1,0,1,0
nearest,12.7655,-1
cover,12.7911,0,0,0,0
nearest,12.7911,-1
cover,12.8202,1,0,1,0
nearest,12.8202,-1
cover,12.8496,0,0,0,0
nearest,12.8496,-1
cover,12.8761,0,0,0,0
nearest,12.8761,-1
cover,12.9041,0,0,0,0
nearest,12.9041,-1
cover,12.9324,0,0,0,0
nearest,12.9325,-1
cover,12.9556,0,0,0,0
nearest,12.9556,-1
cover,12.9834,0,0,0,0
nearest,12.9834,-1
cover,13.0069,0,0,0,0
nearest,13.007,-1
cover,13.0331,0,0,0,0
nearest,13.0331,-1
cover,13.0559,0,0,0,0
nearest,13.056,-1
cover,13.0828,0,0,0,0
nearest,13.0828,-1
cover,13.1065,0,0,0,0
nearest,13.1065,-1
cover,13.1342,0,0,0,0
nearest,13.1342,-1
cover,13.1601,0,0,0,0
nearest,13.1601,-1
cover,13.1866,0,0,0,0
nearest,13.1866,-1
cover,13.2109,0,0,0,0
nearest,13.211,-1
cover,13.2386,0,0,0,0
nearest,13.2386,-1
cover,13.2665,0,0,0,0
nearest,13.2665,-1
cover,13.2912,0,0,0,0
nearest,13.2913,-1
cover,13.3178,0,0,0,0
nearest,13.3178,-1
cover,13.3407,0,0,0,0
nearest,13.3407,-1
cover,13.3673,0,0,0,0
nearest,13.3673,-1
cover,13.3927,0,0,0,0
nearest,13.3927,-1
cover,13.4203,1,0,1,0
nearest,13.4203,-1
cover,13.4501,1,0,1,0
nearest,13.4501,-1
cover,13.4746,0,0,0,0
nearest,13.4746,-1
cover,13.502,0,0,0,0
nearest,13.502,-1
cover,13.5278,0,0,0,0
nearest,13.5278,-1
cover,13.5545,0,0,0,0
nearest,13.5546,-1
cover,13.5813,0,0,0,0
nearest,13.5813,-1
cover,13.6062,1,0,1,0
nearest,13.6062,-1
cover,13.6347,0,0,0,0
nearest,13.6347,-1
cover,13.6598,0,0,0,0
nearest,13.6598,-1
cover,13.6874,0,0,0,0
nearest,13.6875,-1
cover,13.7123,0,0,0,0
nearest,13.7123,-1
cover,13.7405,0,0,0,0
nearest,13.7405,-1
cover,13.768,0,0,0,0
nearest,13.768,-1
cover,13.7919,0,0,0,0
nearest,13.7919,-1
cover,13.8183,0,0,0,0
nearest,13.8183,-1
cover,13.8414,0,0,0,0
nearest,13.8414,-1
cover,13.8689,0,0,0,0
nearest,13.8689,-1
cover,13.8955,0,0,0,0
nearest,13.8955,-1
cover,13.9236,0,0,0,0
nearest,13.9236,-1
cover,13.95,0,0,0,0
nearest,13.95,-1
cover,13.9752,0,0,0,0
nearest,13.9753,-1
cover,14.0022,0,0,0,0
nearest,14.0022,-1
cover,14.0262,0,0,0,0
nearest,14.0262,-1
cover,14.0528,0,0,0,0
nearest,14.0528,-1
cover,14.0775,0,0,0,0
nearest,14.0775,-1
cover,14.1043,0,0,0,0
nearest,14.1043,-1
cover,14.1283,0,0,0,0
nearest,14.1283,-1
cover,14.1556,0,0,0,0
nearest,14.1556,-1
cover,14.1795,0,0,0,0
nearest,14.1795,-1
cover,14.2061,0,0,0,0
nearest,14.2061,-1
cover,14.2309,0,0,0,0
nearest,14.2309,-1
cover,14.2582,0,0,0,0
nearest,14.2582,-1
cover,14.2849,0,0,0,0
nearest,14.2849,-1
cover,14.3097,0,0,0,0
nearest,14.3097,-1
cover,14.3369,0,0,0,0
nearest,14.3369,-1
cover,14.3605,0,0,0,0
nearest,14.3605,-1
cover,14.3895,0,0,0,0
nearest,14.3896,-1
cover,14.4137,0,0,0,0
nearest,14.4137,-1
cover,14.442,0,0,0,0
nearest,14.442,-1
cover,14.4686,0,0,0,0
nearest,14.4686,-1
cover,14.4937,0,0,0,0
nearest,14.4937,-1
cover,14.5217,0,0,0,0
nearest,14.5217,-1
cover,14.5458,1,0,1,0
nearest,14.5459,-1
cover,14.5741,1,0,1,0
nearest,14.5742,-1
cover,14.602,0,0,0,0
nearest,14.6021,-1
cover,14.6283,0,0,0,0
nearest,14.6283,-1
cover,14.6552,0,0,0,0
nearest,14.6552,-1
cover,14.6801,0,0,0,0
nearest,14.6801,-1
cover,14.7068,0,0,0,0
nearest,14.7068,-1
cover,14.7323,1,0,1,0
nearest,14.7324,-1
cover,14.7584,0,0,0,0
nearest,14.7585,-1
cover,14.7854,0,0,0,0
nearest,14.7855,-1
cover,14.809,0,0,0,0
nearest,14.809,-1
cover,14.8358,0,0,0,0
nearest,14.8358,-1
cover,14.8597,0,0,0,0
nearest,14.8597,-1
cover,14.8879,0,0,0,0
nearest,14.8879,-1
cover,14.9121,0,0,0,0
nearest,14.9122,-1
cover,14.9393,0,0,0,0
nearest,14.9393,-1
cover,14.9647,0,0,0,0
nearest,14.9647,-1
cover,14.9939,1,0,1,0
nearest,14.9939,-1
cover,15.0221,0,0,0,0
nearest,15.0221,-1
cover,15.0476,0,0,0,0
nearest,15.0476,-1
cover,15.0752,0,0,0,0
nearest,15.0753,-1
cover,15.1036,1,0,1,0
nearest,15.1036,-1
cover,15.1294,1,0,1,0
nearest,15.1294,-1
cover,15.1576,1,0,1,0
nearest,15.1576,-1
cover,15.1872,1,0,1,0
nearest,15.1872,-1
cover,15.2114,1,0,1,0
nearest,15.2114,-1
cover,15.2396,1,0,1,0
nearest,15.2396,-1
cover,15.2685,1,0,1,0
nearest,15.2685,-1
cover,15.2925,1,0,1,0
nearest,15.2925,-1
cover,15.3202,0,0,0,0
nearest,15.3202,-1
cover,15.3459,0,0,0,0
nearest,15.3459,-1
cover,15.3723,0,0,0,0
nearest,15.3723,-1
cover,15.3985,1,0,1,0
nearest,15.3985,-1
cover,15.4265,1,0,1,0
nearest,15.4265,-1
cover,15.4539,1,0,1,0
nearest,15.454,-1
cover,15.4792,1,0,1,0
nearest,15.4792,-1
cover,15.5075,1,0,1,0
nearest,15.5075,-1
cover,15.5318,1,0,1,0
nearest,15.5318,-1
cover,15.5587,0,0,0,0
nearest,15.5588,-1
cover,15.5872,0,0,0,0
nearest,15.5873,-1
cover,15.6114,0,0,0,0
nearest,15.6114,-1
cover,15.6381,0,0,0,0
nearest,15.6381,-1
cover,15.6619,0,0,0,0
nearest,15.6619,-1
cover,15.6878,0,0,0,0
nearest,15.6878,-1
cover,15.7118,0,0,0,0
nearest,15.7119,-1
cover,15.7403,0,0,0,0
nearest,15.7403,-1
cover,15.7705,0,0,0,0
nearest,15.7705,-1
cover,15.794,0,0,0,0
nearest,15.7941,-1
cover,15.8208,0,0,0,0
nearest,15.8208,-1
cover,15.8434,0,0,0,0
nearest,15.8434,-1
cover,15.8704,0,0,0,0
nearest,15.8704,-1
cover,15.8933,0,0,0,0
nearest,15.8933,-1
cover,15.9201,0,0,0,0
nearest,15.9201,-1
cover,15.9435,0,0,0,0
nearest,15.9435,-1
cover,15.9704,1,0,1,0
nearest,15.9704,-1
cover,15.9949,1,0,1,0
nearest,15.995,-1
cover,16.0207,1,0,1,0
nearest,16.0207,-1
cover,16.0466,0,0,0,0
nearest,16.0466,-1
cover,16.0779,0,0,0,0
nearest,16.078,-1
cover,16.1047,0,0,0,0
nearest,16.1047,-1
cover,16.1297,0,0,0,0
nearest,16.1297,-1
cover,16.1563,0,0,0,0
nearest,16.1563,-1
cover,16.1809,1,0,1,0
nearest,16.1809,-1
cover,16.2082,0,0,0,0
nearest,16.2083,-1
cover,16.2365,0,0,0,0
nearest,16.2365,-1
cover,16.2631,0,0,0,0
nearest,16.2631,-1
cover,16.2899,0,0,0,0
nearest,16.2901,-1
cover,16.313,0,0,0,0
nearest,16.313,-1
cover,16.3407,0,0,0,0
nearest,16.3407,-1
cover,16.3699,0,0,0,0
nearest,16.3699,-1
cover,16.3962,0,0,0,0
nearest,16.3962,-1
cover,16.4228,0,0,0,0
nearest,16.4228,-1
cover,16.4479,0,0,0,0
nearest,16.4479,-1
cover,16.474,0,0,0,0
nearest,16.474,-1
cover,16.498,1,0,1,0
nearest,16.498,-1
cover,16.5272,0,0,0,0
nearest,16.5272,-1
cover,16.5567,0,0,0,0
nearest,16.5567,-1
cover,16.5796,0,0,0,0
nearest,16.5796,-1
lmb,16.6074,1
cover,16.6085,0,0,0,0
nearest,16.6085,-1
cover,16.6332,0,0,0,0
nearest,16.6332,-1
cover,16.6613,0,0,0,0
nearest,16.6613,-1
cover,16.689,0,0,0,0
nearest,16.689,-1
lmb,16.7132,0
cover,16.7144,0,0,0,0
nearest,16.7144,-1
nail,16.7402,1
cover,16.7412,0,0,0,0
nearest,16.7412,-1
cover,16.7664,0,0,0,0
nearest,16.7664,-1
cover,16.7929,0,0,0,0
nearest,16.7929,-1
cover,16.8191,0,0,0,0
nearest,16.8191,-1
cover,16.8452,1,0,1,0
nearest,16.8452,-1
cover,16.8715,0,0,0,0
nearest,16.8715,-1
cover,16.8992,1,0,1,0
nearest,16.8992,-1
cover,16.9292,1,0,1,0
nearest,16.9292,-1
cover,16.9579,0,0,0,0
nearest,16.9579,-1
cover,16.9836,0,0,0,0
nearest,16.9836,-1
cover,17.0105,1,0,1,0
nearest,17.0106,-1
cover,17.0387,0,0,0,0
nearest,17.0387,-1
cover,17.066,0,0,0,0
nearest,17.066,-1
cover,17.0914,0,0,0,0
nearest,17.0914,-1
nail,17.1151,0
cover,17.1163,1,0,1,0
nearest,17.1163,-1
cover,17.1441,1,0,1,0
nearest,17.1441,-1
cover,17.1683,1,0,1,0
nearest,17.1683,-1
cover,17.1965,1,0,1,0
nearest,17.1965,-1
cover,17.2245,1,0,1,0
nearest,17.2245,-1
cover,17.2503,1,0,1,0
nearest,17.2503,-1
cover,17.2777,1,0,1,0
nearest,17.2777,-1
cover,17.3022,0,0,0,0
nearest,17.3022,-1
cover,17.3313,0,0,0,0
nearest,17.3313,-1
cover,17.3584,0,0,0,0
nearest,17.3584,-1
cover,17.3857,0,0,0,0
nearest,17.3857,-1
cover,17.4132,0,0,0,0
nearest,17.4132,-1
cover,17.4416,0,0,0,0
nearest,17.4417,-1
cover,17.4679,0,0,0,0
nearest,17.4679,-1
cover,17.495,1,0,1,0
nearest,17.495,-1
cover,17.5248,0,0,0,0
nearest,17.5248,-1
cover,17.5502,0,0,0,0
nearest,17.5502,-1
cover,17.5774,0,0,0,0
nearest,17.5774,-1
cover,17.6042,0,0,0,0
nearest,17.6043,-1
cover,17.6327,0,0,0,0
nearest,17.6327,-1
cover,17.6589,0,0,0,0
nearest,17.6589,-1
cover,17.6831,0,0,0,0
nearest,17.6831,-1
cover,17.709,0,0,0,0
nearest,17.709,-1
cover,17.7327,0,0,0,0
nearest,17.7327,-1
cover,17.7596,0,0,0,0
nearest,17.7596,-1
cover,17.7856,0,0,0,0
nearest,17.7856,-1
cover,17.8135,0,0,0,0
nearest,17.8135,-1
cover,17.8429,0,0,0,0
nearest,17.8429,-1
cover,17.8734,0,0,0,0
nearest,17.8734,-1
cover,17.9015,0,0,0,0
nearest,17.9015,-1
cover,17.929,0,0,0,0
nearest,17.9291,-1
cover,17.9536,0,0,0,0
nearest,17.9536,-1
cover,17.9816,0,0,0,0
nearest,17.9816,-1
cover,18.0098,0,0,0,0
nearest,18.0098,-1
cover,18.0338,0,0,0,0
nearest,18.0338,-1
cover,18.0606,0,0,0,0
nearest,18.0607,-1
cover,18.0843,0,0,0,0
nearest,18.0843,-1
cover,18.1117,0,0,0,0
nearest,18.1117,-1
cover,18.1369,0,0,0,0
nearest,18.1369,-1
cover,18.1638,0,0,0,0
nearest,18.1638,-1
cover,18.1881,0,0,0,0
nearest,18.1882,-1
cover,18.2149,0,0,0,0
nearest,18.2149,-1
cover,18.244,0,0,0,0
nearest,18.244,-1
cover,18.2684,0,0,0,0
nearest,18.2684,-1
cover,18.297,1,0,1,0
nearest,18.297,-1
cover,18.3247,0,0,0,0
nearest,18.3247,-1
cover,18.3524,0,0,0,0
nearest,18.3525,-1
cover,18.3789,0,0,0,0
nearest,18.3789,-1
cover,18.4049,2,1,1,1
err,18.4049,-104.25,-40.42
timing,18.4049,3.4,22.1
det,18.4049,1150.06,748.75,52.88,118.0,0.891,Body
det,18.4049,1168.69,750.5,14.12,16.5,0.753,Head
cover,18.4333,2,1,1,1
err,18.4334,-100.5,-41.74
timing,18.4334,1.7,23.8
det,18.4334,1154.44,749.12,52.12,115.75,0.894,Body
det,18.4334,1173.44,749.88,12.12,15.25,0.426,Head
cover,18.461,2,1,1,1
err,18.461,-96.62,-39.48
timing,18.461,2.2,23.2
det,18.461,1155.5,750.75,54.25,118.5,0.922,Body
det,18.461,1177.0,752.0,12.75,15.5,0.795,Head
cover,18.4883,2,1,1,1
err,18.4884,-108.0,-38.21
timing,18.4884,2.5,22.4
det,18.4884,1143.94,753.0,54.62,117.5,0.896,Body
det,18.4884,1166.31,753.12,11.38,15.75,0.773,Head
cover,18.5163,2,1,1,1
err,18.5164,-107.38,-38.74
timing,18.5164,2.0,23.7
det,18.5164,1145.94,752.12,53.62,118.75,0.899,Body
det,18.5164,1166.25,752.88,12.75,15.25,0.699,Head
cover,18.5442,2,1,1,1
err,18.5443,-116.25,-36.69
timing,18.5443,1.9,23.6
det,18.5443,1136.69,753.25,53.62,118.0,0.911,Body
det,18.5443,1157.44,754.38,12.62,16.25,0.797,Head
cover,18.5715,2,1,1,1
err,18.5716,-130.12,-37.69
timing,18.5716,3.3,22.0
det,18.5716,1123.5,753.5,53.0,118.0,0.912,Body
det,18.5716,1143.5,753.38,12.75,16.25,0.798,Head
cover,18.6006,2,1,1,1
err,18.6006,-133.75,-37.64
timing,18.6006,2.4,24.4
det,18.6006,1119.06,753.75,54.88,117.5,0.903,Body
det,18.6006,1139.06,752.88,14.38,17.25,0.484,Head
cover,18.6296,2,1,1,1
err,18.6296,-138.25,-36.98
timing,18.6296,1.6,24.4
det,18.6296,1114.88,753.0,53.0,119.5,0.897,Body
det,18.6296,1135.69,754.5,12.12,15.5,0.82,Head
cover,18.6605,2,1,1,1
err,18.6606,-154.62,-35.23
timing,18.6606,1.9,26.4
det,18.6606,1098.69,754.75,53.62,119.0,0.892,Body
det,18.6606,1118.88,756.25,13.0,15.5,0.825,Head
cover,18.6898,2,1,1,1
err,18.6899,-154.5,-35.02
timing,18.6899,1.7,24.5
det,18.6899,1098.94,755.38,53.12,118.25,0.895,Body
det,18.6899,1119.38,757.0,12.25,14.5,0.868,Head
cover,18.72,2,1,1,1
err,18.72,-154.5,-35.02
timing,18.72,1.9,25.9
det,18.72,1098.88,755.38,53.0,118.25,0.895,Body
det,18.72,1119.38,757.0,12.25,14.5,0.865,Head
cover,18.7491,2,1,1,1
err,18.7492,-154.5,-35.26
timing,18.7492,2.4,24.7
det,18.7492,1098.88,755.0,53.0,118.5,0.895,Body
det,18.7492,1119.44,756.62,12.12,14.75,0.864,Head
cover,18.7775,2,1,1,1
err,18.7775,-154.0,-35.75
timing,18.7775,2.1,24.0
det,18.7775,1099.12,754.5,54.0,120.5,0.895,Body
det,18.7775,1119.56,756.0,12.88,15.0,0.891,Head
cover,18.805,2,1,1,1
err,18.805,-151.0,-31.95
timing,18.805,1.8,23.5
det,18.805,1102.06,758.0,54.38,119.5,0.897,Body
det,18.805,1122.44,759.25,13.12,16.0,0.831,Head
cover,18.8334,2,1,1,1
err,18.8335,-151.0,-31.95
timing,18.8335,2.2,23.8
det,18.8335,1102.06,758.0,54.38,119.5,0.897,Body
det,18.8335,1122.44,759.25,13.12,16.0,0.835,Head
cover,18.8632,2,1,1,1
err,18.8632,-135.75,-19.69
timing,18.8632,2.2,24.7
det,18.8632,1117.56,770.25,53.38,119.5,0.9,Body
det,18.8632,1137.94,771.38,12.62,16.25,0.872,Head
cover,18.8966,2,1,1,1
err,18.8966,-125.75,-13.69
timing,18.8966,5.1,25.9
det,18.8966,1126.75,776.88,54.25,117.25,0.903,Body
det,18.8966,1148.19,777.38,12.12,16.25,0.822,Head
cover,18.9296,2,1,1,1
err,18.9296,-96.5,-0.52
timing,18.9296,2.9,27.7
det,18.9296,1156.62,790.12,53.5,117.75,0.92,Body
det,18.9296,1177.19,791.5,12.62,14.5,0.863,Head
cover,18.9582,2,1,1,1
err,18.9583,-70.62,9.79
timing,18.9583,2.9,23.5
det,18.9583,1182.75,800.38,53.25,118.25,0.903,Body
det,18.9583,1202.88,801.12,13.0,15.75,0.564,Head
cover,18.9877,2,1,1,1
err,18.9877,-70.62,9.79
timing,18.9877,2.3,25.0
det,18.9877,1182.75,800.75,53.25,118.0,0.902,Body
det,18.9877,1202.88,801.12,13.0,15.75,0.546,Head
cover,19.0176,2,1,1,1
err,19.0177,-59.25,11.71
timing,19.0177,1.7,25.7
det,19.0177,1193.81,803.12,52.38,116.75,0.896,Body
det,19.0177,1214.94,803.88,11.62,14.25,0.724,Head
cover,19.0482,2,1,1,1
err,19.0482,-56.0,12.55
timing,19.0482,2.2,26.1
det,19.0482,1198.06,802.62,52.38,118.75,0.891,Body
det,19.0482,1217.62,803.75,12.75,16.0,0.887,Head
cover,19.0812,2,1,1,1
err,19.0812,-48.0,12.05
timing,19.0812,3.1,26.3
det,19.0812,1205.75,803.0,53.0,117.5,0.914,Body
det,19.0812,1225.88,803.25,12.25,16.0,0.905,Head
cover,19.1139,2,1,1,1
err,19.114,-42.5,12.29
timing,19.114,3.5,26.5
det,19.114,1211.19,801.88,52.62,119.25,0.883,Body
det,19.114,1231.5,803.62,12.0,15.75,0.85,Head
cover,19.1481,2,1,1,1
err,19.1482,-37.5,11.79
timing,19.1482,4.9,26.8
det,19.1482,1216.88,802.12,53.25,119.75,0.915,Body
det,19.1482,1235.75,803.12,13.5,15.75,0.78,Head
cover,19.181,2,1,1,1
err,19.181,-31.0,12.33
timing,19.181,3.1,26.2
det,19.181,1222.25,803.25,54.0,117.5,0.919,Body
det,19.181,1242.5,803.25,13.0,16.5,0.877,Head
cover,19.2143,2,1,1,1
err,19.2143,-24.25,12.25
timing,19.2143,3.6,27.4
det,19.2143,1229.88,802.88,52.25,119.25,0.893,Body
det,19.2143,1249.0,804.0,13.5,15.0,0.864,Head
cover,19.2433,2,1,1,1
err,19.2434,-19.5,13.08
timing,19.2434,3.5,23.4
det,19.2434,1233.62,803.5,53.75,120.5,0.912,Body
det,19.2434,1253.88,804.0,13.25,16.5,0.781,Head
cover,19.2742,2,1,1,1
err,19.2742,-24.5,12.02
timing,19.2742,2.0,26.4
det,19.2742,1230.12,802.12,51.75,117.75,0.886,Body
det,19.2742,1248.88,803.5,13.25,15.5,0.708,Head
cover,19.3067,2,1,1,1
err,19.3068,-23.5,12.48
timing,19.3068,1.6,27.5
det,19.3068,1230.62,803.38,52.75,117.25,0.906,Body
det,19.3068,1249.75,804.5,13.5,14.5,0.764,Head
cover,19.3377,2,1,1,1
err,19.3377,-26.5,11.98
timing,19.3377,2.0,26.3
det,19.3377,1226.88,803.0,53.25,117.5,0.885,Body
det,19.3377,1247.0,804.0,13.0,14.5,0.809,Head
cover,19.3682,2,1,1,1
err,19.3683,-27.0,11.76
timing,19.3683,2.8,25.4
det,19.3683,1226.25,802.5,52.5,117.5,0.898,Body
det,19.3683,1246.62,803.38,12.75,15.25,0.784,Head
cover,19.3989,2,1,1,1
err,19.399,-27.0,11.76
timing,19.399,1.6,26.5
det,19.399,1226.38,802.5,52.25,117.5,0.898,Body
det,19.399,1246.62,803.38,12.75,15.25,0.78,Head
cover,19.4329,2,1,1,1
err,19.4329,-27.0,11.76
timing,19.4329,4.0,28.3
det,19.4329,1226.5,802.5,52.0,117.5,0.898,Body
det,19.4329,1246.5,803.38,13.0,15.25,0.783,Head
cover,19.4651,2,1,1,1
err,19.4652,-27.0,11.76
timing,19.4652,3.5,26.9
det,19.4652,1226.38,802.5,52.25,117.5,0.896,Body
det,19.4652,1246.62,803.38,12.75,15.25,0.779,Head
cover,19.4985,2,1,1,1
err,19.4985,-34.5,9.79
timing,19.4985,3.8,27.1
det,19.4985,1219.12,800.38,52.75,118.25,0.913,Body
det,19.4985,1238.75,801.12,13.5,15.75,0.738,Head
cover,19.5304,2,1,1,1
err,19.5304,-36.5,8.55
timing,19.5304,3.5,26.1
det,19.5304,1215.62,798.88,54.75,119.25,0.914,Body
det,19.5304,1236.88,799.75,13.25,16.0,0.762,Head
cover,19.5622,2,1,1,1
err,19.5622,-38.0,7.76
timing,19.5622,3.4,26.1
det,19.5622,1216.0,798.12,53.5,119.75,0.912,Body
det,19.5622,1235.25,799.38,13.5,15.25,0.804,Head
cover,19.5927,2,1,1,1
err,19.5927,-38.0,7.76
timing,19.5927,2.3,25.5
det,19.5927,1216.0,798.12,53.5,119.75,0.912,Body
det,19.5927,1235.25,799.38,13.5,15.25,0.804,Head
lmb,19.6231,1
cover,19.6246,2,1,1,1
err,19.6247,-38.0,7.77
timing,19.6247,2.1,26.0
gate,19.6247,38.8,1.0,0.0,0.0
det,19.6247,1216.0,798.12,53.5,119.75,0.912,Body
det,19.6247,1235.38,799.25,13.25,15.5,0.811,Head
cmd,19.6247,-51,10
cover,19.6582,2,1,1,1
err,19.6583,-38.0,7.77
timing,19.6583,3.1,27.8
gate,19.6583,38.8,1.0,0.246,0.0
det,19.6583,1216.0,798.25,53.5,119.5,0.913,Body
det,19.6583,1235.25,799.25,13.5,15.5,0.802,Head
cover,19.6905,2,1,1,1
err,19.6906,-38.0,7.77
timing,19.6906,1.9,27.5
gate,19.6906,38.8,1.0,0.214,0.0
det,19.6906,1216.0,798.12,53.5,119.75,0.912,Body
det,19.6906,1235.38,799.25,13.25,15.5,0.801,Head
lmb,19.7197,0
cover,19.7208,2,1,1,1
err,19.7208,-38.0,8.02
timing,19.7208,2.4,25.1
gate,19.7208,38.8,1.0,0.184,0.0
det,19.7208,1216.0,798.38,53.5,119.25,0.913,Body
det,19.7208,1235.5,799.5,13.0,15.5,0.792,Head
cover,19.7496,1,0,1,0
nearest,19.7496,-1
cover,19.7762,1,0,1,0
nearest,19.7762,-1
cover,19.8061,1,0,1,0
nearest,19.8061,-1
cover,19.8373,1,0,1,0
nearest,19.8373,-1
cover,19.8637,1,0,1,0
nearest,19.8638,-1
cover,19.8924,1,0,1,0
nearest,19.8924,-1
cover,19.9203,1,0,1,0
nearest,19.9203,-1
cover,19.9486,1,0,1,0
nearest,19.9486,-1
cover,19.973,1,0,1,0
nearest,19.973,-1
cover,20.0023,1,0,1,0
nearest,20.0023,-1
cover,20.0276,1,0,1,0
nearest,20.0276,-1
cover,20.0553,1,0,1,0
nearest,20.0553,-1
cover,20.0834,1,0,1,0
nearest,20.0834,-1
cover,20.1079,1,0,1,0
nearest,20.1079,-1
cover,20.1355,1,0,1,0
nearest,20.1356,-1
cover,20.165,2,1,1,1
err,20.165,1.75,21.0
timing,20.165,4.2,24.5
gate,20.165,38.8,1.0,0.184,0.0
det,20.165,1253.12,812.38,54.75,115.25,0.915,Body
det,20.165,1275.25,812.75,13.0,15.0,0.663,Head
cover,20.1943,2,1,1,1
err,20.1944,1.25,19.15
timing,20.1944,1.6,25.1
gate,20.1944,38.8,1.0,0.184,0.0
det,20.1944,1253.5,810.62,54.0,114.75,0.914,Body
det,20.1944,1274.0,809.25,14.5,18.0,0.529,Head
cover,20.2247,0,0,0,0
nearest,20.2247,-1
cover,20.2538,0,0,0,0
nearest,20.2539,-1
lmb,20.2829,1
cover,20.2841,0,0,0,0
nearest,20.2841,-1
cover,20.3114,0,0,0,0
nearest,20.3114,-1
lmb,20.3414,0
cover,20.3425,2,1,1,1
err,20.3426,273.0,4.0
timing,20.3426,4.0,25.3
gate,20.3426,273.0,1.0,0.0,0.0
det,20.3426,1527.5,794.5,54.0,107.0,0.886,Body
det,20.3426,1546.25,795.75,13.5,15.0,0.709,Head
cmd,20.3426,157,8
cover,20.3716,2,1,1,1
err,20.3717,273.0,2.74
timing,20.3717,1.9,25.1
gate,20.3717,273.0,1.0,0.251,0.0
det,20.3717,1525.0,793.88,57.0,109.25,0.899,Body
det,20.3717,1546.25,794.62,13.5,14.75,0.785,Head
cover,20.402,2,1,1,1
err,20.4021,273.0,2.24
timing,20.4021,1.7,25.6
gate,20.4021,273.0,1.0,0.22,0.0
det,20.4021,1524.5,793.38,57.0,109.25,0.905,Body
det,20.4021,1546.5,794.12,13.0,14.75,0.722,Head
cover,20.4295,2,1,1,1
err,20.4295,274.0,2.05
timing,20.4295,2.8,22.0
gate,20.4295,273.6,1.0,0.193,0.0
det,20.4295,1526.0,792.88,56.0,110.25,0.9,Body
det,20.4295,1547.25,793.25,13.5,16.0,0.708,Head
cover,20.4602,2,1,1,1
err,20.4602,273.0,2.02
timing,20.4602,2.0,26.3
gate,20.4602,273.3,1.0,0.162,0.0
det,20.4602,1526.25,792.75,55.5,110.0,0.905,Body
det,20.4602,1546.25,793.5,13.5,15.5,0.777,Head
cover,20.4909,2,1,1,1
err,20.491,174.0,-3.26
timing,20.491,1.8,26.2
gate,20.491,174.0,0.0,0.132,0.0
det,20.491,1428.5,787.38,51.5,110.25,0.907,Body
det,20.491,1448.25,788.62,11.5,14.75,0.518,Head
cover,20.5221,2,1,1,1
err,20.5221,150.75,-3.52
timing,20.5221,1.8,27.0
gate,20.5221,170.8,0.0,0.1,0.0
det,20.5221,1405.75,787.12,50.5,109.75,0.869,Body
det,20.5221,1425.0,788.5,11.5,14.5,0.735,Head
cover,20.5519,2,1,1,1
err,20.552,150.5,-3.52
timing,20.552,2.1,25.1
gate,20.552,168.0,0.0,0.071,0.0
det,20.552,1405.75,787.12,50.5,109.75,0.868,Body
det,20.552,1424.62,788.5,11.75,14.5,0.716,Head
cover,20.5824,2,1,1,1
err,20.5824,150.75,-3.52
timing,20.5824,3.1,25.1
gate,20.5824,165.7,0.0,0.04,0.0
det,20.5824,1405.88,787.12,50.25,109.75,0.869,Body
det,20.5824,1425.0,788.5,11.5,14.5,0.719,Head
cover,20.6081,2,1,1,1
err,20.6082,150.75,-3.52
timing,20.6082,1.4,22.6
gate,20.6082,163.6,1.0,0.014,0.0
det,20.6082,1405.75,787.12,50.5,109.75,0.869,Body
det,20.6082,1425.0,788.5,11.5,14.5,0.73,Head
cover,20.6384,2,1,1,1
err,20.6385,150.75,-3.29
timing,20.6385,2.4,25.3
gate,20.6385,161.9,1.0,0.0,0.0
det,20.6385,1405.75,787.12,50.5,109.75,0.869,Body
det,20.6385,1425.0,788.88,11.5,14.25,0.721,Head
cmd,20.6385,202,-5
cover,20.6691,2,1,1,1
err,20.6692,104.25,-8.8
timing,20.6692,2.2,25.8
gate,20.6692,104.6,0.0,0.249,0.0
det,20.6692,1359.12,782.25,49.75,109.5,0.899,Body
det,20.6692,1378.25,783.5,12.0,14.0,0.805,Head
cover,20.6975,2,1,1,1
err,20.6976,58.5,-10.58
timing,20.6976,3.0,23.2
gate,20.6976,59.4,0.0,0.221,0.0
det,20.6976,1314.0,780.75,49.0,109.5,0.889,Body
det,20.6976,1333.0,782.0,11.0,13.5,0.77,Head
cover,20.7269,2,1,1,1
err,20.7269,54.0,-11.3
timing,20.7269,2.3,24.8
gate,20.7269,57.1,0.0,0.192,0.0
det,20.7269,1309.38,779.88,49.25,108.25,0.874,Body
det,20.7269,1328.12,781.0,11.75,14.0,0.837,Head
cover,20.7572,2,1,1,1
err,20.7572,-105.5,-7.77
timing,20.7572,2.1,25.6
gate,20.7572,105.8,0.0,0.161,0.0
det,20.7572,1150.25,782.88,49.5,110.25,0.901,Body
det,20.7572,1168.69,784.25,11.62,14.5,0.782,Head
cover,20.7868,2,1,1,1
err,20.7868,-106.75,13.17
timing,20.7868,1.6,24.9
gate,20.7868,105.8,0.0,0.161,0.0
det,20.7868,1148.44,804.75,49.62,108.5,0.885,Body
det,20.7868,1167.19,805.75,12.12,13.5,0.777,Head
cover,20.8177,2,1,1,1
err,20.8177,-109.5,8.74
timing,20.8177,3.8,24.9
gate,20.8177,105.8,0.0,0.161,0.0
det,20.8177,1145.94,799.25,50.12,109.5,0.91,Body
det,20.8177,1164.62,800.62,11.75,14.75,0.729,Head
cover,20.8449,2,1,1,1
err,20.845,-111.0,7.67
timing,20.845,1.7,23.4
gate,20.845,105.8,0.0,0.161,0.0
det,20.845,1142.12,798.88,52.0,108.25,0.914,Body
det,20.845,1163.19,800.25,11.62,13.5,0.689,Head
cover,20.8734,2,1,1,1
err,20.8734,-115.75,4.26
timing,20.8734,2.4,23.9
gate,20.8734,105.8,0.0,0.161,0.0
det,20.8734,1139.25,795.12,50.25,110.75,0.911,Body
det,20.8734,1157.62,795.88,13.25,15.25,0.82,Head
cover,20.9032,2,1,1,1
err,20.9032,-119.25,0.5
timing,20.9032,2.4,25.2
gate,20.9032,105.8,0.0,0.161,0.0
det,20.9032,1135.06,791.12,50.38,110.75,0.887,Body
det,20.9032,1154.56,792.25,12.38,15.0,0.748,Head
cover,20.9349,2,1,1,1
err,20.935,-120.75,-3.29
timing,20.935,3.8,25.7
gate,20.935,105.8,0.0,0.161,0.0
det,20.935,1134.69,787.5,49.62,110.5,0.883,Body
det,20.935,1152.56,788.88,13.38,14.25,0.857,Head
cover,20.9643,2,1,1,1
err,20.9643,-119.5,-3.76
timing,20.9643,2.5,24.1
gate,20.9643,105.8,0.0,0.161,0.0
det,20.9643,1135.44,786.88,50.12,109.25,0.88,Body
det,20.9643,1154.5,788.12,12.0,14.75,0.719,Head
cover,20.9927,2,1,1,1
err,20.9927,-119.5,-3.26
timing,20.9927,2.5,23.8
gate,20.9927,105.8,0.0,0.161,0.0
det,20.9927,1135.75,787.5,49.75,107.5,0.871,Body
det,20.9927,1154.38,788.62,12.25,14.75,0.625,Head
cover,21.0229,2,1,1,1
err,21.0229,-118.0,-5.19
timing,21.0229,2.6,25.5
gate,21.0229,105.8,0.0,0.161,0.0
det,21.0229,1136.75,785.12,51.0,109.75,0.896,Body
det,21.0229,1155.56,785.88,12.88,16.25,0.796,Head
cover,21.0534,2,1,1,1
err,21.0534,-117.12,-5.52
timing,21.0534,2.2,25.8
gate,21.0534,105.8,0.0,0.161,0.0
det,21.0534,1138.12,786.25,50.75,108.0,0.891,Body
det,21.0534,1157.0,786.5,11.75,14.5,0.481,Head
cover,21.0839,2,1,1,1
err,21.0839,-109.25,-4.25
timing,21.0839,3.2,25.2
gate,21.0839,105.8,0.0,0.161,0.0
det,21.0839,1147.0,787.62,50.5,106.75,0.888,Body
det,21.0839,1164.38,787.5,12.75,15.0,0.491,Head
cover,21.1118,2,1,1,1
err,21.1119,-109.25,-4.27
timing,21.1119,1.9,23.8
gate,21.1119,105.8,0.0,0.161,0.0
det,21.1119,1147.0,788.0,50.5,106.5,0.887,Body
det,21.1119,1164.44,787.75,12.62,14.5,0.458,Head
cover,21.1402,2,1,1,1
err,21.1402,-94.75,-2.3
timing,21.1402,2.3,24.0
gate,21.1402,105.8,0.0,0.161,0.0
det,21.1402,1160.31,789.0,50.88,108.0,0.916,Body
det,21.1402,1179.0,790.0,12.5,14.0,0.714,Head
cover,21.1701,2,1,1,1
err,21.1702,-92.25,-2.31
timing,21.1702,2.3,25.5
gate,21.1702,105.8,0.0,0.161,0.0
det,21.1702,1163.75,788.75,49.5,108.0,0.905,Body
det,21.1702,1182.25,790.12,11.0,13.75,0.782,Head
cover,21.199,2,1,1,1
err,21.199,-92.25,-2.3
timing,21.199,3.2,23.0
gate,21.199,105.8,0.0,0.161,0.0
det,21.199,1163.75,788.75,49.5,108.0,0.905,Body
det,21.199,1182.31,790.0,10.88,14.0,0.768,Head
cover,21.2305,2,1,1,1
err,21.2305,-92.25,-2.34
timing,21.2305,1.9,26.9
gate,21.2305,105.8,0.0,0.161,0.0
det,21.2305,1163.81,788.75,49.38,108.0,0.905,Body
det,21.2305,1182.19,790.38,11.12,13.25,0.765,Head
cover,21.2608,2,1,1,1
err,21.2609,-91.12,-2.33
timing,21.2609,2.2,25.8
gate,21.2609,105.8,0.0,0.161,0.0
det,21.2609,1163.88,790.12,50.5,106.75,0.894,Body
det,21.2609,1183.0,790.25,11.75,13.5,0.663,Head
cover,21.2913,2,1,1,1
err,21.2913,-91.0,-2.58
timing,21.2913,1.8,26.3
gate,21.2913,105.8,0.0,0.161,0.0
det,21.2913,1165.0,790.12,50.0,106.75,0.882,Body
det,21.2913,1183.31,790.0,11.38,13.5,0.763,Head
cover,21.322,2,1,1,1
err,21.3221,-88.88,-2.81
timing,21.3221,2.1,26.2
gate,21.3221,105.8,0.0,0.161,0.0
det,21.3221,1166.75,788.25,50.0,109.5,0.88,Body
det,21.3221,1184.88,789.62,12.5,13.75,0.85,Head
cover,21.3548,2,1,1,1
err,21.3549,-88.88,-2.58
timing,21.3549,4.1,25.5
gate,21.3549,105.8,0.0,0.161,0.0
det,21.3549,1166.75,788.25,49.75,109.5,0.879,Body
det,21.3549,1184.88,790.0,12.5,13.5,0.827,Head
cover,21.3883,2,1,1,1
err,21.3884,-86.38,-2.29
timing,21.3884,3.1,27.5
gate,21.3884,105.8,0.0,0.161,0.0
det,21.3884,1169.19,788.5,49.12,109.0,0.889,Body
det,21.3884,1187.75,789.88,11.75,14.25,0.78,Head
cover,21.4215,2,1,1,1
err,21.4215,-86.5,-2.05
timing,21.4215,2.6,27.5
gate,21.4215,105.8,0.0,0.161,0.0
det,21.4215,1169.19,788.62,49.12,108.75,0.889,Body
det,21.4215,1187.56,790.25,11.88,14.0,0.773,Head
cover,21.4549,2,1,1,1
err,21.4549,-86.5,-2.05
timing,21.4549,3.0,28.0
gate,21.4549,105.8,0.0,0.161,0.0
det,21.4549,1169.19,788.62,49.12,108.75,0.891,Body
det,21.4549,1187.56,790.25,11.88,14.0,0.788,Head
cover,21.488,2,1,1,1
err,21.488,-86.5,-2.31
timing,21.488,4.1,26.2
gate,21.488,105.8,0.0,0.161,0.0
det,21.488,1169.0,788.5,49.5,109.0,0.891,Body
det,21.488,1187.5,790.12,12.0,13.75,0.804,Head
cover,21.5162,2,1,1,1
err,21.5163,-79.75,-2.26
timing,21.5163,3.3,22.7
gate,21.5163,105.8,0.0,0.161,0.0
det,21.5163,1174.5,789.5,51.5,108.0,0.919,Body
det,21.5163,1193.81,789.62,12.88,14.75,0.783,Head
cover,21.5448,2,1,1,1
err,21.5449,-79.62,-2.26
timing,21.5449,2.4,23.9
gate,21.5448,105.8,0.0,0.161,0.0
det,21.5449,1174.44,789.38,51.62,108.25,0.92,Body
det,21.5449,1194.0,789.62,12.75,14.75,0.799,Head
cover,21.575,2,1,1,1
err,21.575,-77.38,-2.34
timing,21.575,2.3,25.5
gate,21.575,105.8,0.0,0.161,0.0
det,21.575,1178.56,789.38,49.38,107.25,0.905,Body
det,21.575,1197.12,790.38,11.0,13.25,0.718,Head
cover,21.6033,2,1,1,1
err,21.6033,-75.0,-2.34
timing,21.6033,2.3,23.6
gate,21.6033,105.8,0.0,0.161,0.0
det,21.6033,1180.75,790.38,49.75,106.25,0.887,Body
det,21.6033,1199.44,790.38,11.12,13.25,0.774,Head
lmb,21.6324,1
cover,21.6335,2,1,1,1
err,21.6336,-74.88,-2.34
timing,21.6336,2.2,25.1
gate,21.6336,74.9,1.0,0.0,1.0
det,21.6336,1180.75,790.5,49.75,106.0,0.887,Body
det,21.6336,1199.62,790.38,11.0,13.25,0.764,Head
cmd,21.6336,-100,-3
lmb,21.6639,0
cover,21.665,2,1,1,1
err,21.6651,-75.0,-2.35
timing,21.6651,2.7,25.7
gate,21.6651,75.0,1.0,0.249,0.0
det,21.6651,1180.75,790.5,49.75,106.0,0.887,Body
det,21.6651,1199.56,790.5,10.88,13.0,0.765,Head
cover,21.6934,2,1,1,1
err,21.6935,-75.0,-2.34
timing,21.6935,2.5,24.1
gate,21.6935,75.0,1.0,0.22,0.0
det,21.6935,1180.75,790.38,49.75,106.25,0.889,Body
det,21.6935,1199.56,790.38,10.88,13.25,0.777,Head
cover,21.7212,2,1,1,1
err,21.7212,-75.0,-2.34
timing,21.7212,2.1,23.4
gate,21.7212,75.0,1.0,0.192,0.0
det,21.7212,1180.75,790.5,49.75,106.0,0.888,Body
det,21.7212,1199.56,790.38,10.88,13.25,0.768,Head
cover,21.7536,2,1,1,1
err,21.7536,-75.0,-2.34
timing,21.7536,3.5,25.8
gate,21.7536,75.0,1.0,0.16,0.0
det,21.7536,1180.75,790.38,49.75,106.25,0.888,Body
det,21.7536,1199.5,790.38,11.0,13.25,0.764,Head
cover,21.7805,1,0,1,0
nearest,21.7805,-1
cover,21.808,1,0,1,0
nearest,21.8081,-1
cover,21.8362,1,0,1,0
nearest,21.8363,-1
cover,21.8608,1,0,1,0
nearest,21.8608,-1
cover,21.8889,1,0,1,0
nearest,21.8889,-1
cover,21.9135,1,0,1,0
nearest,21.9135,-1
cover,21.9434,1,0,1,0
nearest,21.9434,-1
cover,21.9707,1,0,1,0
nearest,21.9707,-1
cover,21.9958,1,0,1,0
nearest,21.9958,-1
cover,22.0226,1,0,1,0
nearest,22.0226,-1
cover,22.049,1,0,1,0
nearest,22.049,-1
cover,22.076,1,0,1,0
nearest,22.076,-1
cover,22.1045,1,0,1,0
nearest,22.1045,-1
cover,22.1306,2,1,1,1
err,22.1307,0.0,19.74
timing,22.1307,1.8,23.6
gate,22.1307,19.7,0.0,0.0,0.0
det,22.1307,1255.0,811.25,50.5,108.0,0.917,Body
det,22.1307,1273.88,811.62,12.25,14.75,0.752,Head
cover,22.1593,2,1,1,1
err,22.1593,0.5,15.16
timing,22.1593,1.9,24.3
gate,22.1593,19.7,0.0,0.0,0.0
det,22.1593,1255.12,807.12,51.75,107.75,0.917,Body
det,22.1593,1274.25,807.88,12.5,13.25,0.749,Head
cover,22.1887,0,0,0,0
nearest,22.1887,-1
cover,22.2175,0,0,0,0
nearest,22.2176,-1
cover,22.2475,1,0,1,0
nearest,22.2475,-1
cover,22.2761,0,0,0,0
nearest,22.2761,-1
cover,22.3072,0,0,0,0
nearest,22.3073,-1
cover,22.3322,0,0,0,0
nearest,22.3322,-1
cover,22.3606,0,0,0,0
nearest,22.3606,-1
cover,22.3901,0,0,0,0
nearest,22.3901,-1
cover,22.4167,0,0,0,0
nearest,22.4167,-1
cover,22.4446,0,0,0,0
nearest,22.4446,-1
cover,22.4731,0,0,0,0
nearest,22.4731,-1
cover,22.4973,0,0,0,0
nearest,22.4973,-1
cover,22.5262,0,0,0,0
nearest,22.5262,-1
cover,22.552,0,0,0,0
nearest,22.552,-1
cover,22.5805,0,0,0,0
nearest,22.5805,-1
cover,22.6073,0,0,0,0
nearest,22.6074,-1
cover,22.6449,0,0,0,0
nearest,22.6449,-1
cover,22.6858,0,0,0,0
nearest,22.6858,-1
cover,22.7135,0,0,0,0
nearest,22.7135,-1
cover,22.7388,2,1,1,0
nearest,22.7389,316.0
cover,22.7677,2,1,1,0
nearest,22.7677,316.0
cover,22.795,2,1,1,1
err,22.795,196.0,0.7
timing,22.795,3.6,22.8
gate,22.795,19.7,0.0,0.0,0.0
det,22.795,1453.75,792.5,46.5,102.0,0.898,Body
det,22.795,1469.25,793.0,13.5,14.0,0.789,Head
cover,22.826,2,1,1,1
err,22.826,138.0,5.67
timing,22.826,3.6,24.3
gate,22.826,19.7,0.0,0.0,0.0
det,22.826,1395.5,797.25,45.5,104.0,0.897,Body
det,22.826,1411.38,798.25,13.25,13.5,0.76,Head
cover,22.8544,2,1,1,1
err,22.8544,133.0,5.2
timing,22.8544,2.1,23.9
gate,22.8544,19.7,0.0,0.0,0.0
det,22.8544,1391.38,796.75,45.25,102.5,0.894,Body
det,22.8544,1407.0,797.5,12.0,14.0,0.765,Head
cover,22.885,2,1,1,1
err,22.8851,119.0,4.71
timing,22.8851,2.1,26.2
gate,22.8851,19.7,0.0,0.0,0.0
det,22.8851,1378.25,796.38,46.5,104.25,0.896,Body
det,22.8851,1392.88,796.88,12.25,14.25,0.825,Head
cover,22.9146,2,1,1,1
err,22.9146,106.0,4.76
timing,22.9146,2.2,25.0
gate,22.9146,19.7,0.0,0.0,0.0
det,22.9146,1363.75,795.5,45.0,105.0,0.891,Body
det,22.9146,1379.12,796.38,13.75,15.25,0.833,Head
cover,22.9442,2,1,1,1
err,22.9442,103.0,4.23
timing,22.9442,1.9,25.0
gate,22.9442,19.7,0.0,0.0,0.0
det,22.9442,1362.62,795.5,45.75,104.5,0.896,Body
det,22.9442,1376.62,796.25,12.75,14.5,0.884,Head
cover,22.9717,2,1,1,1
err,22.9718,103.25,4.23
timing,22.9718,3.3,22.2
gate,22.9718,19.7,0.0,0.0,0.0
det,22.9718,1362.62,795.38,45.75,104.25,0.895,Body
det,22.9718,1376.75,796.25,13.0,14.5,0.886,Head
cover,23.0022,2,1,1,1
err,23.0022,103.25,4.23
timing,23.0022,2.4,26.0
gate,23.0022,19.7,0.0,0.0,0.0
det,23.0022,1362.62,795.5,45.75,104.5,0.896,Body
det,23.0022,1376.75,796.25,13.0,14.5,0.886,Head
cover,23.0289,2,1,1,1
err,23.0289,103.25,4.21
timing,23.0289,2.9,22.3
gate,23.0289,19.7,0.0,0.0,0.0
det,23.0289,1362.62,795.75,45.75,104.0,0.896,Body
det,23.0289,1376.75,796.38,13.0,14.25,0.865,Head
cover,23.0621,2,1,1,1
err,23.0621,118.0,5.66
timing,23.0621,2.8,27.7
gate,23.0621,19.7,0.0,0.0,0.0
det,23.0621,1376.75,796.75,46.5,104.5,0.9,Body
det,23.0621,1391.75,798.38,12.5,13.25,0.865,Head
cover,23.0945,2,1,1,1
err,23.0945,127.5,7.7
timing,23.0945,4.2,25.8
gate,23.0945,19.7,0.0,0.0,0.0
det,23.0945,1383.25,799.62,48.0,102.75,0.914,Body
det,23.0945,1401.38,800.0,12.25,14.0,0.697,Head
cover,23.1231,2,1,1,1
err,23.1231,127.0,6.7
timing,23.1231,2.3,23.8
gate,23.1231,19.7,0.0,0.0,0.0
det,23.1231,1384.5,798.38,48.0,102.25,0.916,Body
det,23.1231,1400.38,799.0,13.25,14.0,0.754,Head
cover,23.1518,2,1,1,1
err,23.1518,127.0,6.7
timing,23.1518,2.3,24.2
gate,23.1518,19.7,0.0,0.0,0.0
det,23.1518,1384.5,798.0,48.0,102.5,0.916,Body
det,23.1518,1400.38,799.0,13.25,14.0,0.75,Head
cover,23.1794,2,1,1,1
err,23.1795,127.0,6.7
timing,23.1795,2.9,23.2
gate,23.1795,19.7,0.0,0.0,0.0
det,23.1795,1384.5,798.38,48.0,102.25,0.914,Body
det,23.1795,1400.38,799.0,13.25,14.0,0.754,Head
lmb,23.2068,1
cover,23.2079,2,1,1,1
err,23.208,128.25,7.75
timing,23.208,4.0,21.4
gate,23.208,128.5,1.0,0.0,1.0
det,23.208,1385.25,798.38,48.5,104.25,0.926,Body
det,23.208,1401.0,799.5,14.5,15.0,0.792,Head
cmd,23.208,172,10
cover,23.2379,2,1,1,1
err,23.238,128.5,7.75
timing,23.238,3.2,24.8
gate,23.238,128.6,1.0,0.25,0.0
det,23.238,1385.38,798.38,48.25,104.25,0.926,Body
det,23.238,1401.38,799.5,14.25,15.0,0.791,Head
cover,23.2668,2,1,1,1
err,23.2669,128.25,8.24
timing,23.2669,1.9,24.7
gate,23.2669,128.6,1.0,0.221,0.0
det,23.2669,1385.38,798.38,48.25,104.25,0.924,Body
det,23.2669,1400.75,800.12,15.0,14.75,0.797,Head
lmb,23.2951,0
cover,23.2965,2,1,1,1
err,23.2965,128.0,8.25
timing,23.2965,2.0,23.9
gate,23.2965,128.4,1.0,0.191,0.0
det,23.2965,1385.5,798.38,48.5,104.25,0.925,Body
det,23.2965,1400.62,800.0,14.75,15.0,0.804,Head
cover,23.3277,1,0,1,0
nearest,23.3277,-1
cover,23.3543,1,0,1,0
nearest,23.3543,-1
cover,23.385,1,0,1,0
nearest,23.385,-1
cover,23.4154,1,0,1,0
nearest,23.4154,-1
cover,23.442,1,0,1,0
nearest,23.442,-1
cover,23.468,1,0,1,0
nearest,23.468,-1
cover,23.4951,2,0,2,0
nearest,23.4952,-1
cover,23.5224,1,0,1,0
nearest,23.5224,-1
cover,23.5524,1,0,1,0
nearest,23.5524,-1
cover,23.5793,2,0,2,0
nearest,23.5793,-1
cover,23.6068,1,0,1,0
nearest,23.6069,-1
cover,23.6354,2,0,2,0
nearest,23.6355,-1
cover,23.6629,1,0,1,0
nearest,23.6629,-1
cover,23.6919,1,0,1,0
nearest,23.6919,-1
cover,23.7215,1,0,1,0
nearest,23.7216,-1
cover,23.7518,2,1,1,1
err,23.7518,0.5,19.25
timing,23.7518,3.9,25.6
gate,23.7518,128.4,1.0,0.191,0.0
det,23.7518,1255.5,810.25,48.0,104.0,0.919,Body
det,23.7518,1273.0,811.0,15.0,15.0,0.729,Head
cover,23.7811,1,0,1,0
nearest,23.7811,-1
cover,23.8068,0,0,0,0
nearest,23.8068,-1
cover,23.8363,1,0,1,0
nearest,23.8364,-1
cover,23.8645,1,0,1,0
nearest,23.8645,-1
cover,23.8899,0,0,0,0
nearest,23.8899,-1
cover,23.9196,0,0,0,0
nearest,23.9196,-1
cover,23.9479,0,0,0,0
nearest,23.9479,-1
cover,23.9725,0,0,0,0
nearest,23.9725,-1
cover,24.0025,0,0,0,0
nearest,24.0025,-1
cover,24.0306,0,0,0,0
nearest,24.0306,-1
cover,24.0563,1,0,1,0
nearest,24.0563,-1
cover,24.0847,0,0,0,0
nearest,24.0847,-1
cover,24.114,0,0,0,0
nearest,24.114,-1
cover,24.1384,0,0,0,0
nearest,24.1384,-1
cover,24.1654,1,0,1,0
nearest,24.1655,-1
cover,24.1968,0,0,0,0
nearest,24.1968,-1
cover,24.2255,1,0,1,0
nearest,24.2255,-1
cover,24.2591,0,0,0,0
nearest,24.2591,-1
cover,24.2924,0,0,0,0
nearest,24.2924,-1
cover,24.3229,0,0,0,0
nearest,24.3229,-1
cover,24.3546,1,0,1,0
nearest,24.3546,-1
cover,24.3877,2,1,1,1
err,24.3877,315.0,-0.8
timing,24.3877,3.1,28.3
gate,24.3877,128.4,1.0,0.191,0.0
det,24.3877,1570.0,787.75,30.0,156.5,0.636,Body
det,24.3877,1589.75,788.75,10.5,19.0,0.608,Head
cover,24.4195,2,1,1,1
err,24.4195,281.5,8.66
timing,24.4195,1.9,27.5
gate,24.4195,128.4,1.0,0.191,0.0
det,24.4195,1552.0,795.88,19.0,23.25,0.858,Head
det,24.4195,1529.75,794.5,68.5,108.5,0.846,Body
cover,24.4488,2,1,1,1
err,24.4489,282.0,8.8
timing,24.4489,2.1,24.9
gate,24.4489,128.4,1.0,0.191,0.0
det,24.4489,1552.75,797.25,18.5,21.0,0.852,Head
det,24.4489,1534.0,796.5,64.0,110.5,0.852,Body
cover,24.4788,2,1,1,1
err,24.4788,281.5,9.06
timing,24.4788,3.8,24.1
gate,24.4788,128.4,1.0,0.191,0.0
det,24.4788,1552.5,797.38,18.0,21.25,0.857,Head
det,24.4788,1533.25,796.62,65.5,111.75,0.845,Body
cover,24.5084,2,1,1,1
err,24.5085,281.5,9.05
timing,24.5085,2.4,25.1
gate,24.5085,128.4,1.0,0.191,0.0
det,24.5085,1552.5,797.5,18.0,21.0,0.86,Head
det,24.5085,1533.25,796.88,65.5,111.25,0.841,Body
cover,24.5375,2,1,1,1
err,24.5376,281.0,8.8
timing,24.5376,2.5,24.9
gate,24.5376,128.4,1.0,0.191,0.0
det,24.5376,1551.75,797.25,18.5,21.0,0.864,Head
det,24.5376,1531.75,796.5,66.5,109.0,0.846,Body
cover,24.5667,2,1,1,1
err,24.5667,281.0,9.04
timing,24.5667,2.4,24.4
gate,24.5667,128.4,1.0,0.191,0.0
det,24.5667,1551.75,797.62,18.5,20.75,0.863,Head
det,24.5667,1531.75,796.38,66.5,106.25,0.848,Body
cover,24.5952,2,1,1,1
err,24.5952,281.0,9.04
timing,24.5952,2.0,24.9
gate,24.5952,128.4,1.0,0.191,0.0
det,24.5952,1551.75,797.62,18.5,20.75,0.865,Head
det,24.5952,1532.5,796.62,66.0,108.75,0.845,Body
cover,24.6228,2,1,1,1
err,24.6228,281.5,9.01
timing,24.6228,2.6,23.2
gate,24.6228,128.4,1.0,0.191,0.0
det,24.6228,1552.5,797.88,18.0,20.25,0.851,Head
det,24.6228,1532.5,797.0,66.0,110.5,0.848,Body
cover,24.653,2,1,1,1
err,24.6531,281.5,9.01
timing,24.6531,3.1,24.7
gate,24.6531,128.4,1.0,0.191,0.0
det,24.6531,1552.5,797.88,18.0,20.25,0.849,Head
det,24.6531,1531.5,797.12,67.0,108.75,0.846,Body
cover,24.6856,2,1,1,1
err,24.6856,281.5,9.0
timing,24.6856,2.1,28.1
gate,24.6856,128.4,1.0,0.191,0.0
det,24.6856,1552.5,798.0,18.0,20.0,0.85,Head
det,24.6856,1531.5,796.88,67.0,108.25,0.849,Body
cover,24.719,2,1,1,1
err,24.7191,281.5,7.42
timing,24.7191,3.3,27.9
gate,24.7191,128.4,1.0,0.191,0.0
det,24.7191,1532.5,794.0,66.0,109.0,0.844,Body
det,24.7191,1552.0,794.5,19.0,23.5,0.804,Head
cover,24.7516,2,1,1,1
err,24.7517,281.5,2.01
timing,24.7517,2.1,27.4
gate,24.7517,128.4,1.0,0.191,0.0
det,24.7517,1552.5,790.88,18.0,20.25,0.844,Head
det,24.7517,1531.25,789.88,67.5,128.25,0.827,Body
cover,24.783,2,1,1,1
err,24.783,281.5,2.27
timing,24.783,2.4,25.8
gate,24.783,128.4,1.0,0.191,0.0
det,24.783,1552.5,791.0,18.0,20.5,0.841,Head
det,24.783,1531.75,790.0,66.5,127.5,0.806,Body
cover,24.8097,2,1,1,1
err,24.8097,281.0,2.55
timing,24.8097,1.8,23.4
gate,24.8097,128.4,1.0,0.191,0.0
det,24.8097,1551.75,791.0,18.5,21.0,0.836,Head
det,24.8097,1532.0,790.0,66.0,125.5,0.803,Body
cover,24.8384,2,1,1,1
err,24.8385,281.0,2.55
timing,24.8385,2.4,24.2
gate,24.8385,128.4,1.0,0.191,0.0
det,24.8385,1551.75,791.0,18.5,21.0,0.839,Head
det,24.8385,1532.0,790.12,66.0,122.75,0.799,Body
cover,24.8651,2,1,1,1
err,24.8651,281.0,2.54
timing,24.8651,2.6,22.4
gate,24.8651,128.4,1.0,0.191,0.0
det,24.8651,1551.75,791.12,18.5,20.75,0.844,Head
det,24.8651,1532.0,789.75,66.0,114.5,0.825,Body
cover,24.8919,2,1,1,1
err,24.8919,281.0,2.54
timing,24.8919,2.5,22.7
gate,24.8919,128.4,1.0,0.191,0.0
det,24.8919,1552.0,791.12,18.0,20.75,0.845,Head
det,24.8919,1531.75,789.88,66.5,115.25,0.829,Body
cover,24.9207,2,1,1,1
err,24.9208,281.0,2.55
timing,24.9208,2.6,24.5
gate,24.9208,128.4,1.0,0.191,0.0
det,24.9208,1551.75,791.0,18.5,21.0,0.847,Head
det,24.9208,1531.75,789.88,66.5,115.25,0.828,Body
cover,24.9506,2,1,1,1
err,24.9507,281.0,2.55
timing,24.9507,2.0,25.6
gate,24.9507,128.4,1.0,0.191,0.0
det,24.9507,1551.75,791.0,18.5,21.0,0.843,Head
det,24.9507,1531.5,789.88,67.0,115.25,0.83,Body
cover,24.9773,2,1,1,1
err,24.9773,281.0,2.54
timing,24.9773,2.7,21.8
gate,24.9773,128.4,1.0,0.191,0.0
det,24.9773,1551.75,791.12,18.5,20.75,0.848,Head
det,24.9773,1531.5,789.75,67.0,115.0,0.825,Body
cover,25.006,2,1,1,1
err,25.006,281.0,2.55
timing,25.006,1.9,24.3
gate,25.006,128.4,1.0,0.191,0.0
det,25.006,1551.75,791.0,18.5,21.0,0.848,Head
det,25.006,1531.75,789.75,66.5,116.5,0.808,Body
cover,25.0337,2,1,1,1
err,25.0338,281.0,2.55
timing,25.0338,2.8,23.2
gate,25.0338,128.4,1.0,0.191,0.0
det,25.0338,1551.75,791.0,18.5,21.0,0.843,Head
det,25.0338,1531.5,789.88,67.0,118.25,0.797,Body
cover,25.0624,2,1,1,1
err,25.0625,281.0,2.55
timing,25.0625,4.0,22.6
gate,25.0625,128.4,1.0,0.191,0.0
det,25.0625,1551.75,791.0,18.5,21.0,0.845,Head
det,25.0625,1531.75,790.0,66.5,121.5,0.782,Body
cover,25.0909,2,1,1,1
err,25.0909,281.0,2.55
timing,25.0909,2.6,24.3
gate,25.0909,128.4,1.0,0.191,0.0
det,25.0909,1551.75,791.0,18.5,21.0,0.845,Head
det,25.0909,1531.75,790.0,66.5,123.0,0.796,Body
cover,25.1194,2,1,1,1
err,25.1195,281.0,2.54
timing,25.1195,2.7,23.7
gate,25.1195,128.4,1.0,0.191,0.0
det,25.1195,1551.75,791.12,18.5,20.75,0.844,Head
det,25.1195,1531.75,790.0,66.5,124.5,0.779,Body
cover,25.1496,2,1,1,1
err,25.1496,281.0,2.55
timing,25.1496,2.6,25.9
gate,25.1496,128.4,1.0,0.191,0.0
det,25.1496,1551.75,791.0,18.5,21.0,0.843,Head
det,25.1496,1531.5,790.0,67.0,124.5,0.787,Body
cover,25.1789,2,1,1,1
err,25.1789,281.0,2.55
timing,25.1789,2.1,25.2
gate,25.1789,128.4,1.0,0.191,0.0
det,25.1789,1551.75,791.0,18.5,21.0,0.841,Head
det,25.1789,1531.5,790.0,67.0,125.0,0.782,Body
cover,25.2068,2,1,1,1
err,25.2069,281.0,2.56
timing,25.2069,2.8,23.5
gate,25.2069,128.4,1.0,0.191,0.0
det,25.2069,1551.75,790.88,18.5,21.25,0.831,Head
det,25.2069,1531.25,790.0,67.5,125.0,0.797,Body
cover,25.2355,2,1,1,1
err,25.2356,281.0,2.55
timing,25.2356,2.1,24.3
gate,25.2356,128.4,1.0,0.191,0.0
det,25.2356,1551.75,791.0,18.5,21.0,0.833,Head
det,25.2356,1531.5,789.88,67.0,123.25,0.81,Body
cover,25.2622,2,1,1,1
err,25.2622,281.0,2.55
timing,25.2622,3.0,22.0
gate,25.2622,128.4,1.0,0.191,0.0
det,25.2622,1551.75,791.0,18.5,21.0,0.833,Head
det,25.2622,1531.5,790.0,67.0,119.0,0.827,Body
cover,25.2904,2,1,1,1
err,25.2905,281.0,2.55
timing,25.2905,2.6,23.7
gate,25.2905,128.4,1.0,0.191,0.0
det,25.2905,1551.75,791.0,18.5,21.0,0.833,Head
det,25.2905,1529.75,789.88,68.5,117.25,0.821,Body
cover,25.3181,2,1,1,1
err,25.3181,281.0,2.55
timing,25.3181,2.2,23.6
gate,25.3181,128.4,1.0,0.191,0.0
det,25.3181,1551.75,791.0,18.5,21.0,0.834,Head
det,25.3181,1530.5,790.75,68.0,126.0,0.805,Body
cover,25.3439,2,1,1,1
err,25.344,281.0,2.55
timing,25.344,1.5,22.8
gate,25.344,128.4,1.0,0.191,0.0
det,25.344,1551.75,791.0,18.5,21.0,0.833,Head
det,25.344,1529.75,790.62,68.5,126.75,0.805,Body
cover,25.3722,2,1,1,1
err,25.3723,281.5,23.69
timing,25.3723,2.8,23.6
gate,25.3723,128.4,1.0,0.191,0.0
det,25.3723,1536.75,810.5,60.5,111.0,0.857,Body
det,25.3723,1552.5,810.62,18.0,23.75,0.738,Head
cover,25.4036,2,1,1,1
err,25.4037,281.5,19.85
timing,25.4037,3.1,25.6
gate,25.4037,128.4,1.0,0.191,0.0
det,25.4037,1535.5,806.75,62.0,107.5,0.878,Body
det,25.4037,1552.0,807.75,19.0,22.0,0.792,Head
cover,25.4352,2,1,1,1
err,25.4352,281.0,16.11
timing,25.4352,2.5,26.6
gate,25.4352,128.4,1.0,0.191,0.0
det,25.4352,1552.25,803.88,17.5,22.25,0.843,Head
det,25.4352,1537.75,802.62,58.5,92.75,0.837,Body
cover,25.4691,2,1,1,1
err,25.4692,282.0,12.83
timing,25.4692,2.3,28.7
gate,25.4692,128.4,1.0,0.191,0.0
det,25.4692,1540.25,801.12,57.5,92.75,0.795,Body
det,25.4692,1552.75,801.0,18.5,21.5,0.708,Head
cover,25.5022,2,1,1,1
err,25.5022,282.0,9.52
timing,25.5022,4.4,25.8
gate,25.5022,128.4,1.0,0.191,0.0
det,25.5022,1537.0,797.12,61.0,107.75,0.842,Body
det,25.5022,1553.0,798.25,18.0,20.5,0.819,Head
cover,25.5359,2,1,1,1
err,25.5359,282.0,6.11
timing,25.5359,2.9,27.5
gate,25.5359,128.4,1.0,0.191,0.0
det,25.5359,1534.25,793.12,63.5,110.75,0.856,Body
det,25.5359,1553.25,793.88,17.5,22.25,0.827,Head
cover,25.5668,2,1,1,1
err,25.5668,282.0,5.11
timing,25.5668,2.0,26.4
gate,25.5668,128.4,1.0,0.191,0.0
det,25.5668,1533.5,792.62,65.0,110.75,0.863,Body
det,25.5668,1553.0,792.88,18.0,22.25,0.816,Head
cover,25.5976,2,1,1,1
err,25.5977,282.0,5.09
timing,25.5977,2.2,26.2
gate,25.5976,128.4,1.0,0.191,0.0
det,25.5977,1533.75,792.62,64.5,110.75,0.86,Body
det,25.5977,1553.0,793.12,18.0,21.75,0.82,Head
cover,25.629,2,1,1,1
err,25.629,281.5,3.85
timing,25.629,3.7,26.0
gate,25.629,128.4,1.0,0.191,0.0
det,25.629,1531.75,790.62,66.5,120.75,0.816,Body
det,25.629,1552.0,791.75,19.0,22.0,0.816,Head
cover,25.6584,2,1,1,1
err,25.6585,281.0,3.05
timing,25.6585,3.0,24.9
gate,25.6585,128.4,1.0,0.191,0.0
det,25.6585,1530.75,791.0,68.5,128.5,0.845,Body
det,25.6585,1551.75,791.5,18.5,21.0,0.825,Head
cover,25.6891,2,1,1,1
err,25.6891,281.0,2.56
timing,25.6891,1.8,26.3
gate,25.6891,128.4,1.0,0.191,0.0
det,25.6891,1551.75,790.88,18.5,21.25,0.828,Head
det,25.6891,1529.25,789.75,69.5,122.0,0.806,Body
cover,25.7213,2,1,1,1
err,25.7213,281.0,2.83
timing,25.7213,2.3,27.3
gate,25.7213,128.4,1.0,0.191,0.0
det,25.7213,1551.75,791.0,18.5,21.5,0.82,Head
det,25.7213,1530.5,790.25,68.0,124.0,0.818,Body
cover,25.7551,2,1,1,1
err,25.7552,281.0,2.83
timing,25.7552,3.2,27.7
gate,25.7552,128.4,1.0,0.191,0.0
det,25.7552,1531.25,790.25,67.5,128.0,0.836,Body
det,25.7552,1551.75,791.0,18.5,21.5,0.82,Head
cover,25.7844,2,1,1,1
err,25.7845,281.0,2.83
timing,25.7845,1.8,24.6
gate,25.7845,128.4,1.0,0.191,0.0
det,25.7845,1531.75,790.0,66.5,122.5,0.824,Body
det,25.7845,1551.75,791.0,18.5,21.5,0.81,Head
cover,25.8152,2,1,1,1
err,25.8153,281.0,2.83
timing,25.8153,2.5,26.1
gate,25.8153,128.4,1.0,0.191,0.0
det,25.8153,1551.75,791.0,18.5,21.5,0.81,Head
det,25.8153,1531.75,790.0,66.5,120.0,0.81,Body
cover,25.8431,2,1,1,1
err,25.8431,281.0,2.83
timing,25.8431,2.8,23.4
gate,25.8431,128.4,1.0,0.191,0.0
det,25.8431,1532.5,790.0,66.0,119.5,0.822,Body
det,25.8431,1551.75,791.0,18.5,21.5,0.802,Head
cover,25.873,2,1,1,1
err,25.8731,281.0,2.56
timing,25.8731,2.2,25.4
gate,25.8731,128.4,1.0,0.191,0.0
det,25.8731,1532.5,789.88,66.0,124.25,0.823,Body
det,25.8731,1551.75,790.88,18.5,21.25,0.804,Head
cover,25.9025,2,1,1,1
err,25.9025,282.0,-1.42
timing,25.9025,2.4,25.1
gate,25.9025,128.4,1.0,0.191,0.0
det,25.9025,1534.0,786.75,65.0,122.0,0.846,Body
det,25.9025,1553.25,786.75,17.5,21.5,0.758,Head
cover,25.9311,2,1,1,1
err,25.9312,282.0,-1.42
timing,25.9312,2.5,23.9
gate,25.9312,128.4,1.0,0.191,0.0
det,25.9312,1534.0,786.62,65.0,120.75,0.848,Body
det,25.9312,1553.0,786.75,18.0,21.5,0.774,Head
cover,25.962,2,1,1,1
err,25.962,282.0,-2.41
timing,25.962,2.4,26.3
gate,25.962,128.4,1.0,0.191,0.0
det,25.962,1553.25,785.62,17.5,21.75,0.859,Head
det,25.962,1533.25,785.12,65.5,126.75,0.845,Body
cover,25.9915,2,1,1,1
err,25.9916,282.0,-2.39
timing,25.9916,2.0,25.2
gate,25.9916,128.4,1.0,0.191,0.0
det,25.9916,1533.5,784.62,65.0,120.75,0.864,Body
det,25.9916,1553.0,785.38,18.0,22.25,0.829,Head
cover,26.0212,2,1,1,1
err,26.0213,286.5,-1.42
timing,26.0213,1.8,25.4
gate,26.0213,128.4,1.0,0.191,0.0
det,26.0213,1557.5,786.75,18.0,21.5,0.843,Head
det,26.0213,1538.0,786.62,62.0,131.75,0.824,Body
cover,26.0529,2,1,1,1
err,26.053,287.0,-0.4
timing,26.053,4.3,24.9
gate,26.053,128.4,1.0,0.191,0.0
det,26.053,1558.25,787.5,17.5,22.0,0.853,Head
det,26.053,1538.5,787.12,62.0,128.75,0.836,Body
cover,26.0817,2,1,1,1
err,26.0818,289.0,1.09
timing,26.0818,2.3,24.2
gate,26.0817,128.4,1.0,0.191,0.0
det,26.0818,1559.75,789.12,18.5,21.75,0.882,Head
det,26.0818,1541.0,789.75,59.0,125.0,0.837,Body
cover,26.1121,2,1,1,1
err,26.1121,290.0,1.55
timing,26.1121,1.6,26.0
gate,26.1121,128.4,1.0,0.191,0.0
det,26.1121,1560.75,790.0,18.5,21.0,0.844,Head
det,26.1121,1544.25,790.0,55.5,116.5,0.83,Body
cover,26.1411,2,1,1,1
err,26.1412,290.0,2.1
timing,26.1412,2.2,24.3
gate,26.1412,128.4,1.0,0.191,0.0
det,26.1412,1560.75,790.0,18.5,22.0,0.851,Head
det,26.1412,1542.25,790.12,57.5,112.75,0.828,Body
cover,26.1719,2,1,1,1
err,26.172,295.0,1.08
timing,26.172,2.3,26.1
gate,26.1719,128.4,1.0,0.191,0.0
det,26.172,1565.75,789.25,18.5,21.5,0.894,Head
det,26.172,1546.5,790.0,53.0,118.5,0.701,Body
cover,26.2049,2,1,1,1
err,26.2049,297.5,1.56
timing,26.2049,3.0,27.6
gate,26.2049,128.4,1.0,0.191,0.0
det,26.2049,1568.5,789.88,18.0,21.25,0.863,Head
det,26.2049,1549.0,788.0,51.0,208.0,0.736,Body
cover,26.2331,2,1,1,1
err,26.2331,297.5,1.56
timing,26.2331,3.7,21.9
gate,26.2331,128.4,1.0,0.191,0.0
det,26.2331,1568.5,789.88,18.0,21.25,0.864,Head
det,26.2331,1549.0,789.5,51.0,194.0,0.797,Body
cover,26.2619,2,1,1,1
err,26.262,297.5,1.56
timing,26.262,2.6,24.2
gate,26.262,128.4,1.0,0.191,0.0
det,26.262,1568.5,789.88,18.0,21.25,0.863,Head
det,26.262,1549.0,788.0,51.0,209.5,0.642,Body
cover,26.2901,2,1,1,1
err,26.2901,297.5,1.56
timing,26.2901,2.2,23.8
gate,26.2901,128.4,1.0,0.191,0.0
det,26.2901,1568.5,789.88,18.0,21.25,0.868,Head
det,26.2901,1549.0,789.12,51.0,122.75,0.661,Body
cover,26.3221,2,1,1,1
err,26.3221,297.5,1.55
timing,26.3221,3.3,26.2
gate,26.3221,128.4,1.0,0.191,0.0
det,26.3221,1568.5,790.0,18.0,21.0,0.867,Head
det,26.3221,1549.75,789.88,50.5,140.25,0.675,Body
cover,26.3489,2,1,1,1
err,26.349,297.5,1.55
timing,26.349,1.8,23.4
gate,26.3489,128.4,1.0,0.191,0.0
det,26.349,1568.5,790.0,18.0,21.0,0.87,Head
det,26.349,1549.75,789.12,50.5,196.75,0.774,Body
cover,26.3793,2,1,1,1
err,26.3794,297.5,1.55
timing,26.3794,2.6,26.1
gate,26.3793,128.4,1.0,0.191,0.0
det,26.3794,1568.5,790.0,18.0,21.0,0.869,Head
det,26.3794,1550.0,789.62,50.0,189.75,0.8,Body
cover,26.4098,2,1,1,1
err,26.4098,297.5,1.55
timing,26.4098,2.8,26.0
gate,26.4098,128.4,1.0,0.191,0.0
det,26.4098,1568.5,790.0,18.0,21.0,0.868,Head
det,26.4098,1549.75,789.5,50.5,158.0,0.691,Body
cover,26.4374,2,1,1,1
err,26.4375,297.5,1.54
timing,26.4375,2.5,23.3
gate,26.4375,128.4,1.0,0.191,0.0
det,26.4375,1568.5,790.12,18.0,20.75,0.866,Head
det,26.4375,1549.75,789.62,50.5,191.75,0.773,Body
cover,26.4636,2,1,1,1
err,26.4637,297.5,1.06
timing,26.4637,2.5,22.0
gate,26.4637,128.4,1.0,0.191,0.0
det,26.4637,1568.5,789.38,18.0,21.25,0.871,Head
det,26.4637,1550.25,789.38,49.5,189.25,0.795,Body
cover,26.4947,2,1,1,1
err,26.4948,297.5,1.06
timing,26.4948,2.7,23.4
gate,26.4948,128.4,1.0,0.191,0.0
det,26.4948,1568.5,789.38,18.0,21.25,0.871,Head
det,26.4948,1550.25,789.5,49.5,190.0,0.801,Body
cover,26.552,2,1,1,1
err,26.5521,297.5,1.06
timing,26.5521,2.5,49.0
gate,26.5521,128.4,1.0,0.191,0.0
det,26.5521,1568.5,789.38,18.0,21.25,0.873,Head
det,26.5521,1550.25,789.38,49.5,192.25,0.79,Body
cover,26.5819,2,1,1,1
err,26.5819,305.5,-9.94
timing,26.5819,2.5,25.8
gate,26.5819,128.4,1.0,0.191,0.0
det,26.5819,1576.5,778.38,18.0,21.25,0.82,Head
det,26.5819,1556.25,776.75,43.5,196.5,0.805,Body
cover,26.612,2,1,1,1
err,26.612,310.0,-12.5
timing,26.612,1.8,26.1
gate,26.612,128.4,1.0,0.191,0.0
det,26.612,1581.75,776.5,16.5,20.0,0.863,Head
det,26.612,1561.0,773.38,39.0,202.25,0.774,Body
cover,26.6417,2,1,1,0
nearest,26.6417,317.2
cover,26.6709,2,1,1,0
nearest,26.6709,317.2
cover,26.6991,2,1,1,0
nearest,26.6991,317.2
cover,26.7267,2,1,1,0
nearest,26.7267,317.2
cover,26.7543,2,1,1,0
nearest,26.7543,317.2
cover,26.781,2,1,1,0
nearest,26.781,317.2
cover,26.8101,2,1,1,0
nearest,26.8102,317.1
cover,26.8347,2,1,1,0
nearest,26.8347,317.0
cover,26.864,2,1,1,0
nearest,26.8641,317.0
cover,26.8902,2,1,1,0
nearest,26.8903,317.0
cover,26.9169,2,1,1,0
nearest,26.9169,317.5
cover,26.947,2,1,1,0
nearest,26.9471,318.1
cover,26.9767,1,0,1,0
nearest,26.9767,-1
cover,27.0072,2,1,1,1
err,27.0073,313.0,-7.46
timing,27.0073,3.6,25.4
gate,27.0073,128.4,1.0,0.191,0.0
det,27.0073,1586.0,781.12,14.0,20.75,0.699,Head
det,27.0073,1566.0,777.75,34.0,211.5,0.538,Body
cover,27.0366,2,1,1,1
err,27.0367,311.0,-7.91
timing,27.0367,2.2,24.9
gate,27.0367,128.4,1.0,0.191,0.0
det,27.0367,1583.25,780.12,15.5,21.75,0.813,Head
det,27.0367,1562.25,777.0,37.5,202.5,0.695,Body
cover,27.067,2,1,1,1
err,27.067,311.0,-8.94
timing,27.067,2.6,25.5
gate,27.067,128.4,1.0,0.191,0.0
det,27.067,1583.25,779.38,15.5,21.25,0.82,Head
det,27.067,1562.0,776.25,38.0,202.0,0.708,Body
cover,27.096,2,1,1,1
err,27.096,308.5,-8.36
timing,27.096,2.7,24.0
gate,27.096,128.4,1.0,0.191,0.0
det,27.096,1579.0,779.12,19.0,22.75,0.808,Head
det,27.096,1559.75,776.88,40.5,198.25,0.806,Body
cover,27.1245,2,1,1,1
err,27.1245,303.0,-8.84
timing,27.1245,1.8,23.8
gate,27.1245,128.4,1.0,0.191,0.0
det,27.1245,1573.75,778.38,18.5,23.25,0.836,Head
det,27.1245,1554.0,777.75,46.0,185.5,0.797,Body
cover,27.1528,2,1,1,1
err,27.1528,296.0,-8.29
timing,27.1528,2.8,23.0
gate,27.1528,128.4,1.0,0.191,0.0
det,27.1528,1566.25,778.38,19.5,24.25,0.838,Head
det,27.1528,1547.75,779.5,52.5,156.0,0.834,Body
cover,27.1838,2,1,1,1
err,27.1838,293.0,-8.88
timing,27.1838,3.2,25.7
gate,27.1838,128.4,1.0,0.191,0.0
det,27.1838,1543.75,780.0,56.5,158.5,0.845,Body
det,27.1838,1563.25,778.75,19.5,22.5,0.83,Head
cover,27.213,2,1,1,1
err,27.213,284.0,-8.33
timing,27.213,2.1,24.8
gate,27.213,128.4,1.0,0.191,0.0
det,27.213,1535.5,780.25,62.0,143.0,0.86,Body
det,27.213,1554.25,778.75,19.5,23.5,0.767,Head
cover,27.2425,2,1,1,1
err,27.2425,273.5,-8.89
timing,27.2425,2.6,24.7
gate,27.2425,128.4,1.0,0.191,0.0
det,27.2425,1525.0,779.5,66.0,145.0,0.872,Body
det,27.2425,1544.5,778.88,18.0,22.25,0.792,Head
cover,27.276,2,1,1,1
err,27.2761,261.0,-8.36
timing,27.2761,2.1,28.2
gate,27.2761,128.4,1.0,0.191,0.0
det,27.2761,1512.0,780.5,65.0,142.0,0.897,Body
det,27.2761,1531.25,779.12,19.5,22.75,0.82,Head
cover,27.3106,2,1,1,1
err,27.3106,249.0,-8.36
timing,27.3106,2.7,28.7
gate,27.3106,128.4,1.0,0.191,0.0
det,27.3106,1500.75,779.62,62.5,144.75,0.883,Body
det,27.3106,1519.75,779.12,18.5,22.75,0.768,Head
cover,27.3442,2,1,1,1
err,27.3442,237.0,-9.2
timing,27.3442,2.5,28.0
gate,27.3442,128.4,1.0,0.191,0.0
det,27.3442,1489.0,779.0,64.0,152.0,0.856,Body
det,27.3442,1507.5,779.25,19.0,21.0,0.773,Head
cover,27.3753,2,1,1,1
err,27.3753,223.5,-8.62
timing,27.3753,3.0,25.7
gate,27.3753,128.4,1.0,0.191,0.0
det,27.3753,1477.25,779.25,63.5,143.5,0.861,Body
det,27.3753,1494.5,779.0,18.0,22.5,0.829,Head
cover,27.4079,2,1,1,1
err,27.4079,210.0,-8.62
timing,27.4079,3.2,27.0
gate,27.4079,128.4,1.0,0.191,0.0
det,27.4079,1461.62,780.38,62.75,137.25,0.854,Body
det,27.4079,1480.75,779.0,18.5,22.5,0.803,Head
cover,27.4353,2,1,1,1
err,27.4354,198.0,-8.89
timing,27.4354,3.3,21.9
gate,27.4354,128.4,1.0,0.191,0.0
det,27.4354,1468.88,778.88,18.25,22.25,0.844,Head
det,27.4354,1447.5,777.88,65.0,218.25,0.721,Body
cover,27.4653,2,1,1,1
err,27.4653,191.25,-7.81
timing,27.4653,2.7,24.9
gate,27.4653,128.4,1.0,0.191,0.0
det,27.4653,1462.0,779.12,18.5,23.75,0.824,Head
det,27.4653,1442.88,779.0,64.25,195.5,0.784,Body
cover,27.4948,2,1,1,1
err,27.4948,184.0,-7.81
timing,27.4948,2.1,25.0
gate,27.4948,128.4,1.0,0.191,0.0
det,27.4948,1454.62,779.12,18.75,23.75,0.819,Head
det,27.4948,1437.5,780.0,64.0,179.5,0.707,Body
cover,27.523,2,1,1,1
err,27.5231,179.0,-8.36
timing,27.5231,1.6,23.7
gate,27.5231,128.4,1.0,0.191,0.0
det,27.5231,1432.0,779.38,60.5,139.25,0.856,Body
det,27.5231,1449.88,779.12,18.25,22.75,0.798,Head
cover,27.5504,2,1,1,1
err,27.5505,177.75,-7.84
timing,27.5505,2.3,22.8
gate,27.5504,128.4,1.0,0.191,0.0
det,27.5505,1430.62,779.75,61.75,141.0,0.849,Body
det,27.5505,1448.5,779.38,18.5,23.25,0.736,Head
cover,27.5787,2,1,1,1
err,27.5787,177.5,-7.83
timing,27.5787,2.6,23.1
gate,27.5787,128.4,1.0,0.191,0.0
det,27.5787,1431.38,780.0,61.25,140.5,0.846,Body
det,27.5787,1448.12,779.25,18.75,23.5,0.762,Head
cover,27.6086,2,1,1,1
err,27.6086,177.5,-8.99
timing,27.6086,2.6,25.2
gate,27.6086,128.4,1.0,0.191,0.0
det,27.6086,1430.0,780.38,60.0,139.25,0.851,Body
det,27.6086,1448.25,779.88,18.5,20.25,0.757,Head
cover,27.6351,2,1,1,1
err,27.6352,177.5,-7.46
timing,27.6352,1.8,22.5
gate,27.6352,128.4,1.0,0.191,0.0
det,27.6352,1430.5,782.38,61.5,140.25,0.848,Body
det,27.6352,1448.25,781.12,18.5,20.75,0.748,Head
cover,27.664,2,1,1,1
err,27.664,176.5,-6.39
timing,27.664,1.7,24.8
gate,27.664,128.4,1.0,0.191,0.0
det,27.664,1429.12,781.12,59.75,139.75,0.852,Body
det,27.664,1447.12,781.38,18.75,22.25,0.812,Head
cover,27.6928,2,1,1,1
err,27.6928,176.5,-6.39
timing,27.6928,1.9,24.4
gate,27.6928,128.4,1.0,0.191,0.0
det,27.6928,1429.12,781.62,59.75,139.75,0.85,Body
det,27.6928,1447.12,781.38,18.75,22.25,0.806,Head
cover,27.7177,2,1,1,1
err,27.7177,176.5,-6.4
timing,27.7177,1.7,21.7
gate,27.7177,128.4,1.0,0.191,0.0
det,27.7177,1429.0,781.75,60.0,139.5,0.85,Body
det,27.7177,1447.12,781.5,18.75,22.0,0.799,Head
lmb,27.7479,1
cover,27.7491,2,1,1,1
err,27.7491,176.5,-6.41
timing,27.7491,2.0,26.0
gate,27.7491,176.6,1.0,0.0,0.0
det,27.7491,1429.0,781.62,60.0,139.75,0.851,Body
det,27.7491,1447.0,781.62,19.0,21.75,0.81,Head
cmd,27.7491,204,1
cover,27.7766,2,1,1,1
err,27.7766,176.5,-6.41
timing,27.7766,2.4,23.0
gate,27.7766,176.6,1.0,0.252,0.0
det,27.7766,1429.12,781.5,59.75,139.5,0.851,Body
det,27.7766,1447.12,781.62,18.75,21.75,0.806,Head
lmb,27.808,0
cover,27.809,2,1,1,1
err,27.809,176.5,-6.4
timing,27.809,2.8,26.5
gate,27.809,176.6,1.0,0.22,0.0
det,27.809,1429.12,781.88,59.75,139.25,0.851,Body
det,27.809,1447.12,781.5,18.75,22.0,0.796,Head
cover,27.8358,2,1,1,1
err,27.8359,176.5,-6.4
timing,27.8359,1.8,22.5
gate,27.8359,176.6,1.0,0.193,0.0
det,27.8359,1429.12,781.88,59.75,139.25,0.85,Body
det,27.8359,1447.0,781.5,19.0,22.0,0.808,Head
cover,27.8651,2,1,1,1
err,27.8652,176.5,-6.4
timing,27.8652,1.9,24.8
gate,27.8652,176.6,1.0,0.164,0.0
det,27.8652,1430.38,782.5,59.25,138.5,0.851,Body
det,27.8652,1447.0,781.5,19.0,22.0,0.808,Head
cover,27.8934,2,1,1,1
err,27.8935,22.25,-6.91
timing,27.8935,2.3,24.0
gate,27.8935,23.3,1.0,0.136,0.0
det,27.8935,1278.0,782.38,57.5,138.25,0.885,Body
det,27.8935,1293.25,781.12,18.0,21.75,0.84,Head
cover,27.9215,2,1,1,1
err,27.9215,23.0,-9.85
timing,27.9215,2.1,23.8
gate,27.9215,24.2,1.0,0.108,0.0
det,27.9215,1278.38,779.0,57.25,138.5,0.885,Body
det,27.9215,1293.88,777.5,18.25,23.0,0.816,Head
cover,27.9496,3,1,2,1
err,27.9496,23.0,-9.84
timing,27.9496,1.7,24.2
gate,27.9496,24.6,0.0,0.08,0.0
det,27.9496,1278.38,779.25,57.25,138.0,0.884,Body
det,27.9496,1293.75,777.38,18.5,23.25,0.816,Head
det,27.9496,1498.5,853.0,9.0,26.0,0.431,Body
cover,27.9765,2,1,1,1
err,27.9765,23.0,-9.58
timing,27.9765,2.7,22.7
gate,27.9765,24.8,0.0,0.053,1.0
det,27.9765,1278.62,779.0,56.75,138.0,0.883,Body
det,27.9765,1293.75,777.5,18.5,23.5,0.808,Head
cmd,27.9765,31,-13
cover,28.0051,2,1,1,1
err,28.0052,23.0,-9.58
timing,28.0052,1.5,24.8
gate,28.0052,24.9,1.0,0.251,0.0
det,28.0052,1278.5,779.0,57.0,138.0,0.883,Body
det,28.0052,1293.75,777.5,18.5,23.5,0.814,Head
cover,28.034,2,1,1,1
err,28.0341,23.0,-9.58
timing,28.0341,1.8,24.8
gate,28.0341,24.9,1.0,0.222,0.0
det,28.0341,1278.62,778.88,56.75,138.25,0.885,Body
det,28.0341,1293.88,777.5,18.25,23.5,0.805,Head
cover,28.062,2,1,1,1
err,28.062,23.0,-9.58
timing,28.062,2.2,23.2
gate,28.062,24.9,1.0,0.195,0.0
det,28.062,1278.62,778.88,56.75,138.25,0.885,Body
det,28.062,1293.88,777.5,18.25,23.5,0.803,Head
cover,28.0938,2,1,1,1
err,28.0938,23.0,-9.31
timing,28.0938,2.9,26.3
gate,28.0938,24.9,1.0,0.163,0.0
det,28.0938,1278.88,778.88,56.25,138.25,0.886,Body
det,28.0938,1293.75,777.62,18.5,23.75,0.81,Head
cover,28.122,2,1,1,1
err,28.1221,23.0,-9.31
timing,28.1221,3.7,22.1
gate,28.1221,24.8,1.0,0.134,0.0
det,28.1221,1279.0,779.25,56.5,138.0,0.884,Body
det,28.1221,1293.75,777.62,18.5,23.75,0.806,Head
cover,28.1511,1,0,1,0
nearest,28.1512,-1
cover,28.1804,1,0,1,0
nearest,28.1805,-1
cover,28.207,1,0,1,0
nearest,28.207,-1
cover,28.2364,2,1,1,1
err,28.2365,-0.5,20.11
timing,28.2365,3.7,24.9
gate,28.2365,20.1,0.0,0.02,0.0
det,28.2365,1253.88,809.0,59.25,131.5,0.86,Body
det,28.2365,1270.38,807.88,18.25,22.25,0.667,Head
cover,28.2657,2,1,1,1
err,28.2658,0.25,15.38
timing,28.2658,2.1,24.4
gate,28.2657,20.1,0.0,0.02,0.0
det,28.2658,1255.0,805.25,59.5,111.5,0.831,Body
det,28.2658,1272.0,805.75,16.5,17.5,0.789,Head
cover,28.2951,0,0,0,0
nearest,28.2951,-1
cover,28.3224,1,0,1,0
nearest,28.3225,-1
cover,28.3515,0,0,0,0
nearest,28.3515,-1
cover,28.3801,1,0,1,0
nearest,28.3801,-1
cover,28.4068,0,0,0,0
nearest,28.4068,-1
cover,28.4375,1,0,1,0
nearest,28.4375,-1
cover,28.4658,0,0,0,0
nearest,28.4658,-1
cover,28.495,0,0,0,0
nearest,28.4951,-1
cover,28.5199,0,0,0,0
nearest,28.5199,-1
cover,28.5496,1,0,1,0
nearest,28.5496,-1
cover,28.5789,1,0,1,0
nearest,28.5789,-1
cover,28.6027,2,0,2,0
nearest,28.6027,-1
cover,28.6313,2,0,2,0
nearest,28.6313,-1
cover,28.6618,2,0,2,0
nearest,28.6618,-1
cover,28.6882,2,0,2,0
nearest,28.6882,-1
cover,28.7167,1,0,1,0
nearest,28.7168,-1
cover,28.7469,2,0,2,0
nearest,28.747,-1
cover,28.7734,1,0,1,0
nearest,28.7734,-1
cover,28.8016,1,0,1,0
nearest,28.8016,-1
cover,28.8294,1,0,1,0
nearest,28.8295,-1
cover,28.8531,0,0,0,0
nearest,28.8532,-1
cover,28.8808,0,0,0,0
nearest,28.8808,-1
cover,28.9054,0,0,0,0
nearest,28.9054,-1
cover,28.9335,1,0,1,0
nearest,28.9336,-1
cover,28.9605,1,0,1,0
nearest,28.9605,-1
cover,28.9868,0,0,0,0
nearest,28.9868,-1
cover,29.0157,0,0,0,0
nearest,29.0157,-1
cover,29.0466,0,0,0,0
nearest,29.0466,-1
cover,29.0705,0,0,0,0
nearest,29.0705,-1
cover,29.0979,0,0,0,0
nearest,29.0979,-1
cover,29.1216,0,0,0,0
nearest,29.1216,-1
cover,29.1505,0,0,0,0
nearest,29.1505,-1
cover,29.1754,0,0,0,0
nearest,29.1755,-1
cover,29.2036,0,0,0,0
nearest,29.2036,-1
cover,29.2307,0,0,0,0
nearest,29.2308,-1
cover,29.257,1,0,1,0
nearest,29.257,-1
cover,29.2861,0,0,0,0
nearest,29.2861,-1
cover,29.3149,1,0,1,0
nearest,29.3149,-1
cover,29.3426,0,0,0,0
nearest,29.3426,-1
cover,29.3718,0,0,0,0
nearest,29.3718,-1
cover,29.4014,0,0,0,0
nearest,29.4014,-1
cover,29.4307,0,0,0,0
nearest,29.4307,-1
cover,29.456,1,0,1,0
nearest,29.456,-1
cover,29.484,1,0,1,0
nearest,29.484,-1
cover,29.5097,0,0,0,0
nearest,29.5097,-1
cover,29.5379,0,0,0,0
nearest,29.5379,-1
cover,29.5647,0,0,0,0
nearest,29.5647,-1
cover,29.5887,0,0,0,0
nearest,29.5887,-1
cover,29.6175,0,0,0,0
nearest,29.6175,-1
cover,29.6426,1,0,1,0
nearest,29.6427,-1
cover,29.6705,0,0,0,0
nearest,29.6705,-1
cover,29.6983,0,0,0,0
nearest,29.6983,-1
cover,29.7219,0,0,0,0
nearest,29.7219,-1
cover,29.7506,0,0,0,0
nearest,29.7506,-1
cover,29.7794,0,0,0,0
nearest,29.7794,-1
cover,29.8038,0,0,0,0
nearest,29.8038,-1
cover,29.831,0,0,0,0
nearest,29.831,-1
cover,29.8555,0,0,0,0
nearest,29.8555,-1
cover,29.8824,0,0,0,0
nearest,29.8824,-1
cover,29.9095,0,0,0,0
nearest,29.9095,-1
cover,29.9372,0,0,0,0
nearest,29.9373,-1
cover,29.965,0,0,0,0
nearest,29.965,-1
cover,29.9886,0,0,0,0
nearest,29.9886,-1
cover,30.0154,0,0,0,0
nearest,30.0155,-1
cover,30.0397,0,0,0,0
nearest,30.0397,-1
cover,30.0705,0,0,0,0
nearest,30.0706,-1
cover,30.0979,0,0,0,0
nearest,30.098,-1
cover,30.1219,0,0,0,0
nearest,30.1219,-1
cover,30.1488,0,0,0,0
nearest,30.1488,-1
cover,30.1749,1,0,1,0
nearest,30.1749,-1
cover,30.2044,1,0,1,0
nearest,30.2044,-1
cover,30.2326,0,0,0,0
nearest,30.2326,-1
cover,30.26,0,0,0,0
nearest,30.26,-1
cover,30.2875,0,0,0,0
nearest,30.2875,-1
cover,30.3146,0,0,0,0
nearest,30.3147,-1
cover,30.3402,1,0,1,0
nearest,30.3402,-1
cover,30.3692,1,0,1,0
nearest,30.3693,-1
cover,30.3988,0,0,0,0
nearest,30.3988,-1
cover,30.4247,0,0,0,0
nearest,30.4247,-1
cover,30.4524,0,0,0,0
nearest,30.4524,-1
cover,30.4818,0,0,0,0
nearest,30.4818,-1
cover,30.5067,0,0,0,0
nearest,30.5067,-1
cover,30.5354,1,0,1,0
nearest,30.5354,-1
cover,30.5609,2,1,1,1
err,30.561,-307.27,112.11
timing,30.561,2.0,22.2
gate,30.561,20.1,0.0,0.02,0.0
det,30.561,959.06,888.12,78.94,238.75,0.466,Body
det,30.561,959.8,883.38,25.88,52.25,0.416,Head
cover,30.5899,1,0,1,0
nearest,30.5899,-1
cover,30.6186,1,0,1,0
nearest,30.6186,-1
cover,30.6438,0,0,0,0
nearest,30.6439,-1
cover,30.6726,0,0,0,0
nearest,30.6727,-1
cover,30.7021,0,0,0,0
nearest,30.7021,-1
cover,30.7277,0,0,0,0
nearest,30.7277,-1
cover,30.7572,0,0,0,0
nearest,30.7572,-1
lmb,30.7871,1
cover,30.7883,0,0,0,0
nearest,30.7883,-1
cover,30.8161,0,0,0,0
nearest,30.8161,-1
cover,30.8423,0,0,0,0
nearest,30.8423,-1
lmb,30.8737,0
cover,30.8747,0,0,0,0
nearest,30.8747,-1
cover,30.9037,0,0,0,0
nearest,30.9037,-1
nail,30.9328,1
cover,30.9338,0,0,0,0
nearest,30.9338,-1
cover,30.9607,0,0,0,0
nearest,30.9607,-1
cover,30.9899,0,0,0,0
nearest,30.99,-1
cover,31.0199,0,0,0,0
nearest,31.02,-1
cover,31.049,0,0,0,0
nearest,31.049,-1
cover,31.0782,0,0,0,0
nearest,31.0783,-1
cover,31.1076,0,0,0,0
nearest,31.1076,-1
cover,31.1363,1,0,1,0
nearest,31.1363,-1
cover,31.1624,1,0,1,0
nearest,31.1624,-1
cover,31.1909,1,0,1,0
nearest,31.1909,-1
cover,31.2183,1,0,1,0
nearest,31.2184,-1
cover,31.2423,0,0,0,0
nearest,31.2423,-1
cover,31.2709,0,0,0,0
nearest,31.2709,-1
nail,31.2957,0
cover,31.2973,0,0,0,0
nearest,31.2973,-1
cover,31.3225,1,0,1,0
nearest,31.3225,-1
cover,31.3517,0,0,0,0
nearest,31.3517,-1
cover,31.3774,0,0,0,0
nearest,31.3774,-1
cover,31.407,0,0,0,0
nearest,31.407,-1
cover,31.4343,0,0,0,0
nearest,31.4343,-1
cover,31.459,0,0,0,0
nearest,31.459,-1
cover,31.4851,0,0,0,0
nearest,31.4851,-1
cover,31.5085,0,0,0,0
nearest,31.5085,-1
cover,31.5342,0,0,0,0
nearest,31.5342,-1
cover,31.558,0,0,0,0
nearest,31.558,-1
cover,31.5846,0,0,0,0
nearest,31.5847,-1
cover,31.6082,0,0,0,0
nearest,31.6082,-1
cover,31.6356,0,0,0,0
nearest,31.6356,-1
cover,31.6613,2,1,1,1
err,31.6614,-302.95,40.96
timing,31.6614,1.5,23.6
gate,31.6614,20.1,0.0,0.02,0.0
det,31.6614,959.16,813.88,35.78,49.25,0.717,Head
det,31.6614,957.75,900.0,92.75,224.0,0.498,Body
cover,31.6907,2,1,1,1
err,31.6907,-302.67,39.95
timing,31.6907,2.2,24.7
gate,31.6907,20.1,0.0,0.02,0.0
det,31.6907,959.66,813.0,35.34,49.0,0.791,Head
det,31.6907,958.81,805.0,78.25,263.0,0.504,Body
cover,31.7187,1,1,0,1
err,31.7187,-295.56,35.8
timing,31.7187,2.2,23.6
gate,31.7187,20.1,0.0,0.02,0.0
det,31.7187,965.12,810.5,38.62,46.0,0.658,Head
cover,31.7451,0,0,0,0
nearest,31.7452,-1
cover,31.7737,1,1,0,1
err,31.7738,-275.34,35.1
timing,31.7738,3.2,24.2
gate,31.7738,20.1,0.0,0.02,0.0
det,31.7738,985.0,809.25,39.31,47.0,0.851,Head
cover,31.8021,1,1,0,1
err,31.8021,-259.12,34.41
timing,31.8021,2.1,24.2
gate,31.8021,20.1,0.0,0.02,0.0
det,31.8021,1001.45,807.88,38.84,48.25,0.827,Head
cover,31.8292,3,2,1,1
err,31.8292,-242.56,34.56
timing,31.8292,4.6,20.2
gate,31.8292,20.1,0.0,0.02,0.0
det,31.8292,1018.17,806.38,38.53,51.25,0.797,Head
det,31.8292,959.06,903.12,111.5,221.75,0.586,Body
det,31.8292,993.66,916.62,22.38,25.75,0.584,Head
cover,31.8574,2,1,1,1
err,31.8574,-240.0,32.09
timing,31.8574,2.1,23.9
gate,31.8574,20.1,0.0,0.02,0.0
det,31.8574,959.5,898.0,112.12,227.0,0.42,Body
det,31.8574,1020.0,803.62,40.0,51.75,0.408,Head
cover,31.8851,2,1,1,1
err,31.8851,-240.81,29.09
timing,31.8851,2.1,23.6
gate,31.8851,20.1,0.0,0.02,0.0
det,31.8851,1019.39,800.62,39.59,51.75,0.673,Head
det,31.8851,957.0,891.25,138.38,233.5,0.523,Body
cover,31.9126,1,1,0,1
err,31.9127,-244.0,26.5
timing,31.9127,3.2,22.0
gate,31.9127,20.1,0.0,0.02,0.0
det,31.9127,1016.27,799.0,39.47,50.0,0.753,Head
cover,31.9413,2,1,1,1
err,31.9413,-247.19,25.35
timing,31.9413,2.1,24.3
gate,31.9413,20.1,0.0,0.02,0.0
det,31.9413,1012.88,796.75,39.88,52.0,0.644,Head
det,31.9413,959.44,882.75,99.69,244.5,0.443,Body
cover,31.9688,1,1,0,1
err,31.9688,-248.5,20.61
timing,31.9688,1.6,23.5
gate,31.9688,20.1,0.0,0.02,0.0
det,31.9688,1011.53,791.88,39.94,52.25,0.468,Head
cover,31.9993,2,2,0,1
err,31.9993,-259.38,-9.01
timing,31.9993,3.4,24.7
gate,31.9993,20.1,0.0,0.02,0.0
det,31.9993,1001.38,763.62,38.5,49.75,0.866,Head
det,31.9993,976.95,873.25,22.86,25.0,0.5,Head
cover,32.0278,1,1,0,1
err,32.0279,-263.59,-14.56
timing,32.0279,2.1,23.8
gate,32.0279,20.1,0.0,0.02,0.0
det,32.0279,996.62,758.62,39.56,48.75,0.846,Head
cover,32.0563,1,1,0,1
err,32.0563,-273.16,-29.46
timing,32.0563,2.3,24.1
gate,32.0563,20.1,0.0,0.02,0.0
det,32.0563,987.44,742.62,38.81,50.75,0.537,Head
lmb,32.0862,1
cover,32.0875,1,1,0,1
err,32.0875,-273.25,-29.49
timing,32.0875,2.0,25.6
gate,32.0875,274.8,1.0,0.0,1.0
det,32.0875,987.42,742.88,38.66,50.25,0.572,Head
cmd,32.0875,-366,-40
cover,32.1177,1,1,0,1
err,32.1177,-273.25,-29.42
timing,32.1177,3.6,24.2
gate,32.1177,274.8,1.0,0.25,0.0
det,32.1177,986.92,742.25,39.66,51.5,0.583,Head
lmb,32.1456,0
cover,32.1469,1,1,0,1
err,32.1469,-273.28,-29.44
timing,32.1469,1.8,23.8
gate,32.1469,274.8,1.0,0.221,0.0
det,32.1469,986.88,742.38,39.69,51.25,0.607,Head
cover,32.1747,1,1,0,1
err,32.1748,-273.31,-29.44
timing,32.1748,1.8,24.3
gate,32.1748,274.9,1.0,0.193,0.0
det,32.1748,986.89,742.38,39.59,51.25,0.592,Head
cover,32.2026,1,1,0,1
err,32.2026,-273.25,-29.67
timing,32.2026,1.5,23.7
gate,32.2026,274.9,1.0,0.165,0.0
det,32.2026,987.02,742.0,39.47,51.5,0.513,Head
cover,32.2293,1,1,0,1
err,32.2293,-273.16,-29.41
timing,32.2293,3.6,20.2
gate,32.2293,274.8,1.0,0.138,0.0
det,32.2293,987.06,742.12,39.56,51.75,0.401,Head
cover,32.2588,1,1,0,1
err,32.2588,-273.16,-29.67
timing,32.2588,1.8,25.4
gate,32.2588,274.8,1.0,0.109,0.0
det,32.2588,987.06,742.0,39.56,51.5,0.435,Head
cover,32.2879,2,1,1,1
err,32.288,3.25,-9.49
timing,32.288,1.8,24.8
gate,32.288,10.0,0.0,0.08,0.0
det,32.288,1264.75,768.38,37.0,40.25,0.589,Head
det,32.288,1187.38,850.0,122.25,273.0,0.586,Body
cover,32.3173,2,1,1,1
err,32.3173,3.25,-9.49
timing,32.3173,1.9,23.8
gate,32.3173,10.0,0.0,0.05,0.0
det,32.3173,1264.5,768.38,37.5,40.25,0.621,Head
det,32.3173,1186.94,848.0,122.62,275.0,0.566,Body
cover,32.3447,2,1,1,1
err,32.3447,3.25,-9.46
timing,32.3447,2.0,23.4
gate,32.3447,10.0,0.0,0.023,0.0
det,32.3447,1264.5,768.12,37.5,40.75,0.604,Head
det,32.3447,1187.38,848.88,122.25,274.25,0.57,Body
cover,32.3722,2,1,1,1
err,32.3723,3.25,-9.46
timing,32.3723,1.6,23.5
gate,32.3723,10.0,0.0,0.0,1.0
det,32.3723,1264.5,768.12,37.5,40.75,0.602,Head
det,32.3723,1187.5,849.0,121.5,274.5,0.567,Body
cmd,32.3723,4,-13
cover,32.4003,2,1,1,1
err,32.4003,3.5,-9.2
timing,32.4003,1.6,24.2
gate,32.4003,9.9,1.0,0.252,0.0
det,32.4003,1264.62,768.25,37.75,41.0,0.614,Head
det,32.4003,1187.44,850.5,122.12,272.5,0.589,Body
cover,32.4288,2,1,1,1
err,32.4289,3.5,-9.75
timing,32.4289,2.1,23.9
gate,32.4289,10.2,1.0,0.223,0.0
det,32.4289,1264.5,768.25,38.0,40.0,0.609,Head
det,32.4289,1187.5,851.88,121.0,271.25,0.602,Body
cover,32.457,2,1,1,1
err,32.457,3.5,-9.75
timing,32.457,1.7,24.1
gate,32.457,10.3,1.0,0.195,0.0
det,32.457,1187.44,852.5,121.62,270.0,0.61,Body
det,32.457,1264.5,768.25,38.0,40.0,0.599,Head
cover,32.4856,2,1,1,1
err,32.4857,3.5,-9.49
timing,32.4857,1.7,24.7
gate,32.4857,10.2,1.0,0.167,0.0
det,32.4857,1264.5,768.38,38.0,40.25,0.614,Head
det,32.4857,1187.62,853.0,121.75,270.0,0.61,Body
cover,32.5133,2,1,1,1
err,32.5134,3.5,-9.46
timing,32.5134,3.5,21.7
gate,32.5134,10.1,1.0,0.139,0.0
det,32.5134,1187.0,851.88,122.5,271.25,0.603,Body
det,32.5134,1264.5,768.12,38.0,40.75,0.595,Head
cover,32.5429,1,0,1,0
nearest,32.543,-1
cover,32.5719,1,0,1,0
nearest,32.5719,-1
cover,32.5979,2,1,1,1
err,32.5979,0.5,25.23
timing,32.5979,3.2,22.2
gate,32.5979,10.1,1.0,0.139,0.0
det,32.5979,1183.5,894.38,112.5,229.25,0.616,Body
det,32.5979,1262.0,798.0,37.0,49.5,0.517,Head
cover,32.6272,1,0,1,0
nearest,32.6272,-1
cover,32.6574,0,0,0,0
nearest,32.6574,-1
cover,32.6857,0,0,0,0
nearest,32.6857,-1
cover,32.71,0,0,0,0
nearest,32.71,-1
cover,32.7368,0,0,0,0
nearest,32.7368,-1
cover,32.7607,1,0,1,0
nearest,32.7607,-1
cover,32.7886,1,0,1,0
nearest,32.7886,-1
cover,32.813,0,0,0,0
nearest,32.813,-1
cover,32.8414,0,0,0,0
nearest,32.8414,-1
cover,32.8696,0,0,0,0
nearest,32.8697,-1
cover,32.894,1,0,1,0
nearest,32.894,-1
cover,32.9219,1,0,1,0
nearest,32.922,-1
cover,32.9495,0,0,0,0
nearest,32.9495,-1
cover,32.9771,1,0,1,0
nearest,32.9771,-1
cover,33.0051,1,0,1,0
nearest,33.0051,-1
cover,33.03,1,0,1,0
nearest,33.03,-1
cover,33.058,0,0,0,0
nearest,33.058,-1
cover,33.0866,1,0,1,0
nearest,33.0867,-1
cover,33.1146,1,0,1,0
nearest,33.1147,-1
cover,33.1438,1,0,1,0
nearest,33.1438,-1
cover,33.1732,1,0,1,0
nearest,33.1733,-1
cover,33.2022,1,0,1,0
nearest,33.2022,-1
cover,33.227,0,0,0,0
nearest,33.227,-1
cover,33.2534,1,0,1,0
nearest,33.2534,-1
cover,33.2805,0,0,0,0
nearest,33.2805,-1
cover,33.3075,0,0,0,0
nearest,33.3075,-1
cover,33.3353,0,0,0,0
nearest,33.3353,-1
cover,33.3593,0,0,0,0
nearest,33.3593,-1
cover,33.3863,0,0,0,0
nearest,33.3864,-1
cover,33.4112,0,0,0,0
nearest,33.4112,-1
cover,33.4402,0,0,0,0
nearest,33.4402,-1
cover,33.4669,0,0,0,0
nearest,33.467,-1
cover,33.4935,0,0,0,0
nearest,33.4935,-1
cover,33.5198,0,0,0,0
nearest,33.5198,-1
cover,33.5449,0,0,0,0
nearest,33.5449,-1
cover,33.5705,0,0,0,0
nearest,33.5705,-1
cover,33.5936,0,0,0,0
nearest,33.5936,-1
cover,33.621,0,0,0,0
nearest,33.621,-1
cover,33.6461,0,0,0,0
nearest,33.6461,-1
cover,33.6729,0,0,0,0
nearest,33.6729,-1
cover,33.6972,0,0,0,0
nearest,33.6972,-1
cover,33.726,0,0,0,0
nearest,33.726,-1
cover,33.753,0,0,0,0
nearest,33.753,-1
cover,33.7768,1,0,1,0
nearest,33.7768,-1
cover,33.8043,1,0,1,0
nearest,33.8043,-1
cover,33.8281,2,1,1,0
nearest,33.8281,317.2
cover,33.8554,2,1,1,1
err,33.8554,314.0,-12.86
timing,33.8554,2.8,23.1
gate,33.8554,10.1,1.0,0.139,0.0
det,33.8554,1559.5,774.0,41.0,162.0,0.855,Body
det,33.8554,1588.25,774.62,11.5,22.75,0.619,Head
cover,33.8866,2,1,1,1
err,33.8866,305.5,-7.79
timing,33.8866,3.5,25.2
gate,33.8866,10.1,1.0,0.139,0.0
det,33.8866,1548.0,778.75,52.0,162.5,0.851,Body
det,33.8866,1576.0,778.88,19.0,24.25,0.794,Head
cover,33.9135,2,1,1,1
err,33.9136,290.0,-9.31
timing,33.9136,1.6,23.1
gate,33.9136,10.1,1.0,0.139,0.0
det,33.9136,1532.5,778.0,66.0,163.0,0.875,Body
det,33.9136,1560.25,777.62,19.5,23.75,0.82,Head
cover,33.9424,2,1,1,1
err,33.9424,284.0,9.11
timing,33.9424,2.0,24.6
gate,33.9424,10.1,1.0,0.139,0.0
det,33.9424,1528.0,795.75,70.0,165.0,0.886,Body
det,33.9424,1554.5,796.88,19.0,22.25,0.812,Head
cover,33.9699,2,1,1,1
err,33.9699,275.0,24.15
timing,33.9699,1.9,23.4
gate,33.9699,10.1,1.0,0.139,0.0
det,33.9699,1517.75,810.38,74.5,155.25,0.905,Body
det,33.9699,1545.5,811.5,19.0,23.0,0.841,Head
cover,33.9971,2,1,1,1
err,33.9971,266.0,27.14
timing,33.9971,1.9,23.3
gate,33.9971,10.1,1.0,0.139,0.0
det,33.9971,1509.75,812.75,74.5,149.5,0.88,Body
det,33.9971,1536.75,814.62,18.5,22.75,0.796,Head
cover,34.026,2,1,1,1
err,34.026,262.0,26.35
timing,34.026,1.6,24.9
gate,34.026,10.1,1.0,0.139,0.0
det,34.026,1507.0,814.38,73.0,142.25,0.891,Body
det,34.026,1532.75,814.25,18.5,22.0,0.743,Head
cover,34.0537,2,1,1,1
err,34.0537,252.5,28.24
timing,34.0537,1.6,23.9
gate,34.0537,10.1,1.0,0.139,0.0
det,34.0537,1497.5,813.0,72.0,126.0,0.882,Body
det,34.0537,1523.0,814.62,19.0,24.75,0.78,Head
cover,34.0821,2,1,1,1
err,34.0821,244.5,28.21
timing,34.0821,3.4,22.9
gate,34.0821,10.1,1.0,0.139,0.0
det,34.0821,1487.5,813.5,72.0,114.5,0.852,Body
det,34.0821,1515.0,814.88,19.0,24.25,0.686,Head
cover,34.1098,2,1,1,1
err,34.1099,240.0,29.26
timing,34.1099,1.4,23.3
gate,34.1099,10.1,1.0,0.139,0.0
det,34.1099,1484.0,814.5,74.0,108.5,0.869,Body
det,34.1099,1510.75,815.38,18.5,25.25,0.594,Head
cover,34.1403,2,1,1,1
err,34.1404,232.0,29.02
timing,34.1404,1.8,26.2
gate,34.1404,10.1,1.0,0.139,0.0
det,34.1404,1475.5,815.0,73.0,100.5,0.758,Body
det,34.1404,1502.25,815.0,19.5,25.5,0.648,Head
cover,34.1702,2,1,1,1
err,34.1703,222.0,29.52
timing,34.1703,1.9,25.9
gate,34.1703,10.1,1.0,0.139,0.0
det,34.1703,1492.25,815.5,19.5,25.5,0.749,Head
det,34.1703,1466.5,814.0,75.0,97.0,0.575,Body
cover,34.1977,2,1,1,1
err,34.1978,213.0,29.4
timing,34.1978,3.4,22.0
gate,34.1978,10.1,1.0,0.139,0.0
det,34.1978,1484.25,816.75,17.5,23.0,0.73,Head
det,34.1978,1454.75,814.62,80.5,192.75,0.583,Body
cover,34.2253,2,1,1,1
err,34.2253,210.0,30.21
timing,34.2253,1.6,23.6
gate,34.2253,10.1,1.0,0.139,0.0
det,34.2253,1480.25,816.88,19.5,24.25,0.833,Head
det,34.2253,1452.75,815.0,78.5,186.5,0.775,Body
cover,34.2537,2,1,1,1
err,34.2538,205.5,25.21
timing,34.2538,1.7,24.5
gate,34.2538,10.1,1.0,0.139,0.0
det,34.2538,1476.0,811.88,19.0,24.25,0.826,Head
det,34.2538,1446.75,809.5,80.5,201.0,0.803,Body
cover,34.2819,2,1,1,1
err,34.2819,201.5,12.77
timing,34.2819,3.4,22.6
gate,34.2819,10.1,1.0,0.139,0.0
det,34.2819,1442.0,797.62,76.0,169.75,0.813,Body
det,34.2819,1471.38,798.75,20.25,25.5,0.681,Head
cover,34.3107,2,1,1,1
err,34.3107,188.0,10.75
timing,34.3107,1.5,25.0
gate,34.3107,10.1,1.0,0.139,0.0
det,34.3107,1428.0,795.38,81.5,183.25,0.859,Body
det,34.3107,1458.12,797.0,19.75,25.0,0.744,Head
cover,34.3396,2,1,1,1
err,34.3397,180.25,13.29
timing,34.3397,1.7,24.7
gate,34.3397,10.1,1.0,0.139,0.0
det,34.3397,1421.5,796.75,78.0,186.0,0.825,Body
det,34.3397,1450.75,799.12,19.0,25.75,0.791,Head
cover,34.3664,2,1,1,1
err,34.3664,181.25,13.38
timing,34.3664,2.0,22.0
gate,34.3664,10.1,1.0,0.139,0.0
det,34.3664,1421.5,798.88,76.5,186.25,0.887,Body
det,34.3664,1451.0,798.25,20.5,27.5,0.686,Head
cover,34.3937,2,1,1,1
err,34.3937,181.75,12.86
timing,34.3937,1.6,23.4
gate,34.3937,10.1,1.0,0.139,0.0
det,34.3937,1422.0,797.12,77.0,187.75,0.866,Body
det,34.3937,1451.5,797.88,20.5,27.25,0.671,Head
cover,34.421,2,1,1,1
err,34.4211,183.75,14.29
timing,34.4211,1.4,23.5
gate,34.4211,10.1,1.0,0.139,0.0
det,34.4211,1422.0,798.0,81.5,189.0,0.856,Body
det,34.4211,1453.5,800.12,20.5,25.75,0.668,Head
cover,34.4524,2,1,1,1
err,34.4524,184.0,14.27
timing,34.4524,2.6,26.5
gate,34.4524,10.1,1.0,0.139,0.0
det,34.4524,1423.0,797.0,81.5,190.5,0.863,Body
det,34.4524,1454.5,800.25,19.0,25.5,0.789,Head
cover,34.4799,2,1,1,1
err,34.48,184.25,14.29
timing,34.48,1.8,22.6
gate,34.48,10.1,1.0,0.139,0.0
det,34.48,1422.62,797.0,81.75,190.5,0.863,Body
det,34.48,1454.5,800.12,19.5,25.75,0.792,Head
cover,34.5065,2,1,1,1
err,34.5065,184.0,14.26
timing,34.5065,2.1,22.7
gate,34.5065,10.1,1.0,0.139,0.0
det,34.5065,1422.88,797.0,82.25,190.5,0.864,Body
det,34.5065,1454.5,800.38,19.0,25.25,0.788,Head
cover,34.5313,2,1,1,1
err,34.5313,184.25,14.02
timing,34.5313,2.2,21.0
gate,34.5313,10.1,1.0,0.139,0.0
det,34.5313,1422.12,796.5,82.75,193.5,0.845,Body
det,34.5313,1454.5,800.0,19.5,25.5,0.79,Head
cover,34.5589,2,1,1,1
err,34.5589,184.25,14.26
timing,34.5589,2.3,23.6
gate,34.5589,10.1,1.0,0.139,0.0
det,34.5589,1422.5,797.62,80.5,192.75,0.834,Body
det,34.5589,1454.5,800.38,19.5,25.25,0.787,Head
cover,34.5872,2,1,1,1
err,34.5873,184.0,14.26
timing,34.5873,1.6,24.6
gate,34.5873,10.1,1.0,0.139,0.0
det,34.5873,1423.0,797.25,80.5,178.0,0.848,Body
det,34.5873,1454.5,800.38,19.0,25.25,0.788,Head
cover,34.6134,2,1,1,1
err,34.6134,184.25,14.02
timing,34.6134,3.1,20.9
gate,34.6134,10.1,1.0,0.139,0.0
det,34.6134,1423.0,797.12,79.5,187.75,0.846,Body
det,34.6134,1454.5,800.0,19.5,25.5,0.788,Head
cover,34.641,2,1,1,1
err,34.641,184.0,14.26
timing,34.641,2.5,23.2
gate,34.641,10.1,1.0,0.139,0.0
det,34.641,1423.0,797.5,78.5,181.5,0.844,Body
det,34.641,1454.62,800.38,18.75,25.25,0.787,Head
cover,34.6697,2,1,1,1
err,34.6698,184.0,14.26
timing,34.6698,1.6,25.0
gate,34.6698,10.1,1.0,0.139,0.0
det,34.6698,1423.62,797.88,77.75,185.25,0.836,Body
det,34.6698,1454.5,800.38,19.0,25.25,0.789,Head
cover,34.6978,2,1,1,1
err,34.6979,184.25,14.02
timing,34.6979,1.7,24.4
gate,34.6979,10.1,1.0,0.139,0.0
det,34.6979,1423.5,797.12,80.0,185.75,0.843,Body
det,34.6979,1454.5,800.0,19.5,25.5,0.799,Head
cover,34.7266,2,1,1,1
err,34.7267,184.0,14.26
timing,34.7267,1.9,24.5
gate,34.7267,10.1,1.0,0.139,0.0
det,34.7267,1423.5,797.62,76.5,183.75,0.846,Body
det,34.7267,1454.5,800.38,19.0,25.25,0.795,Head
cover,34.7533,2,1,1,1
err,34.7533,184.25,14.02
timing,34.7533,1.7,22.8
gate,34.7533,10.1,1.0,0.139,0.0
det,34.7533,1423.12,797.62,74.75,183.75,0.855,Body
det,34.7533,1454.5,800.0,19.5,25.5,0.803,Head
cover,34.7805,2,1,1,1
err,34.7806,184.25,14.02
timing,34.7806,3.4,21.9
gate,34.7806,10.1,1.0,0.139,0.0
det,34.7806,1423.38,797.62,75.25,183.75,0.864,Body
det,34.7806,1454.5,800.0,19.5,25.5,0.799,Head
cover,34.8073,2,1,1,1
err,34.8073,184.25,14.02
timing,34.8073,2.2,23.0
gate,34.8073,10.1,1.0,0.139,0.0
det,34.8073,1423.5,797.62,76.0,183.75,0.865,Body
det,34.8073,1454.5,800.0,19.5,25.5,0.804,Head
cover,34.8314,2,1,1,1
err,34.8314,184.25,14.02
timing,34.8314,2.1,20.4
gate,34.8314,10.1,1.0,0.139,0.0
det,34.8314,1423.5,797.5,76.0,184.0,0.855,Body
det,34.8314,1454.5,800.0,19.5,25.5,0.805,Head
cover,34.8593,2,1,1,1
err,34.8593,184.0,13.76
timing,34.8593,2.0,24.0
gate,34.8593,10.1,1.0,0.139,0.0
det,34.8593,1423.38,797.62,75.25,182.75,0.851,Body
det,34.8593,1454.62,799.88,18.75,25.25,0.796,Head
cover,34.8869,2,1,1,1
err,34.8869,184.0,14.02
timing,34.8869,1.7,23.4
gate,34.8869,10.1,1.0,0.139,0.0
det,34.8869,1423.38,797.62,76.25,184.75,0.845,Body
det,34.8869,1454.5,800.0,19.0,25.5,0.794,Head
cover,34.915,2,1,1,1
err,34.9151,184.25,14.29
timing,34.9151,1.7,24.5
gate,34.9151,10.1,1.0,0.139,0.0
det,34.9151,1423.12,797.5,76.75,186.0,0.856,Body
det,34.9151,1454.5,800.12,19.5,25.75,0.803,Head
cover,34.9419,2,1,1,1
err,34.9419,184.25,14.29
timing,34.9419,1.6,22.9
gate,34.9419,10.1,1.0,0.139,0.0
det,34.9419,1423.12,797.5,77.75,186.5,0.855,Body
det,34.9419,1454.5,800.12,19.5,25.75,0.806,Head
cover,34.9706,2,1,1,1
err,34.9707,184.25,14.29
timing,34.9707,1.8,24.7
gate,34.9706,10.1,1.0,0.139,0.0
det,34.9707,1423.12,797.38,78.75,189.25,0.849,Body
det,34.9707,1454.5,800.12,19.5,25.75,0.803,Head
cover,35.0002,2,1,1,1
err,35.0002,184.25,14.27
timing,35.0002,3.7,23.7
gate,35.0002,10.1,1.0,0.139,0.0
det,35.0002,1423.12,797.5,78.75,187.5,0.848,Body
det,35.0002,1454.5,800.25,19.5,25.5,0.803,Head
cover,35.0268,2,1,1,1
err,35.0268,184.25,14.29
timing,35.0268,2.5,22.6
gate,35.0268,10.1,1.0,0.139,0.0
det,35.0268,1423.38,797.38,78.25,187.25,0.846,Body
det,35.0268,1454.5,800.12,19.5,25.75,0.803,Head
cover,35.0546,2,1,1,1
err,35.0547,184.5,33.26
timing,35.0547,2.1,23.8
gate,35.0546,10.1,1.0,0.139,0.0
det,35.0547,1427.0,818.38,71.0,82.25,0.784,Body
det,35.0547,1455.0,819.38,19.0,25.25,0.568,Head
cover,35.082,2,1,1,1
err,35.082,184.5,29.23
timing,35.082,3.8,21.3
gate,35.082,10.1,1.0,0.139,0.0
det,35.082,1423.0,812.0,66.0,186.0,0.733,Body
det,35.082,1455.0,815.75,19.0,24.5,0.6,Head
cover,35.1105,2,1,1,1
err,35.1105,184.75,27.55
timing,35.1105,2.1,24.2
gate,35.1105,10.1,1.0,0.139,0.0
det,35.1105,1424.0,811.5,65.5,181.5,0.804,Body
det,35.1105,1455.0,813.25,19.5,26.0,0.787,Head
cover,35.1378,2,1,1,1
err,35.1378,184.5,23.83
timing,35.1378,1.6,23.5
gate,35.1378,10.1,1.0,0.139,0.0
det,35.1378,1424.88,809.88,74.25,184.25,0.862,Body
det,35.1378,1454.5,809.25,20.0,26.5,0.75,Head
cover,35.1661,2,1,1,1
err,35.1661,184.5,20.76
timing,35.1661,2.1,23.6
gate,35.1661,10.1,1.0,0.139,0.0
det,35.1661,1424.12,805.38,76.75,188.25,0.871,Body
det,35.1661,1454.62,806.88,19.75,25.25,0.785,Head
cover,35.195,2,1,1,1
err,35.1951,184.5,19.29
timing,35.1951,1.6,25.1
gate,35.1951,10.1,1.0,0.139,0.0
det,35.1951,1424.5,803.38,76.5,185.25,0.872,Body
det,35.1951,1454.88,805.12,19.25,25.75,0.863,Head
cover,35.2228,2,1,1,1
err,35.2228,184.25,16.35
timing,35.2228,1.7,23.7
gate,35.2228,10.1,1.0,0.139,0.0
det,35.2228,1424.62,800.0,76.75,185.5,0.855,Body
det,35.2228,1454.5,801.5,19.5,27.0,0.803,Head
cover,35.2537,2,1,1,1
err,35.2537,184.0,15.77
timing,35.2537,3.8,24.7
gate,35.2537,10.1,1.0,0.139,0.0
det,35.2537,1424.38,800.75,77.25,183.5,0.832,Body
det,35.2537,1454.12,801.75,19.75,25.5,0.729,Head
cover,35.2807,2,1,1,1
err,35.2807,184.5,14.73
timing,35.2807,1.9,23.1
gate,35.2807,10.1,1.0,0.139,0.0
det,35.2807,1424.12,799.38,78.75,184.25,0.843,Body
det,35.2807,1454.88,801.25,19.25,24.5,0.79,Head
cover,35.3084,2,1,1,1
err,35.3085,184.0,15.0
timing,35.3085,1.8,23.8
gate,35.3085,10.1,1.0,0.139,0.0
det,35.3085,1423.62,799.12,78.75,185.75,0.831,Body
det,35.3085,1454.5,801.25,19.0,25.0,0.803,Head
cover,35.3374,2,1,1,1
err,35.3375,184.25,14.3
timing,35.3375,1.5,25.2
gate,35.3375,10.1,1.0,0.139,0.0
det,35.3375,1423.5,797.5,79.5,186.5,0.849,Body
det,35.3375,1454.5,800.0,19.5,26.0,0.799,Head
cover,35.3629,2,1,1,1
err,35.3629,184.25,14.02
timing,35.3629,1.5,22.5
gate,35.3629,10.1,1.0,0.139,0.0
det,35.3629,1423.5,797.5,79.0,186.5,0.841,Body
det,35.3629,1454.5,800.0,19.5,25.5,0.804,Head
cover,35.3912,2,1,1,1
err,35.3913,184.25,14.02
timing,35.3913,2.6,24.0
gate,35.3913,10.1,1.0,0.139,0.0
det,35.3913,1423.5,797.5,79.0,186.0,0.842,Body
det,35.3913,1454.5,800.0,19.5,25.5,0.804,Head
cover,35.4183,2,1,1,1
err,35.4183,184.25,14.02
timing,35.4183,1.9,23.4
gate,35.4183,10.1,1.0,0.139,0.0
det,35.4183,1423.5,797.5,78.5,185.5,0.843,Body
det,35.4183,1454.5,800.0,19.5,25.5,0.802,Head
cover,35.4442,2,1,1,1
err,35.4443,184.25,14.02
timing,35.4443,1.3,23.1
gate,35.4443,10.1,1.0,0.139,0.0
det,35.4443,1423.5,797.5,78.5,186.0,0.841,Body
det,35.4443,1454.5,800.0,19.5,25.5,0.804,Head
cover,35.4715,2,1,1,1
err,35.4715,184.25,14.02
timing,35.4715,2.4,23.4
gate,35.4715,10.1,1.0,0.139,0.0
det,35.4715,1423.5,797.5,78.5,186.0,0.841,Body
det,35.4715,1454.5,800.0,19.5,25.5,0.803,Head
cover,35.4979,2,1,1,1
err,35.4979,184.25,14.02
timing,35.4979,2.0,22.9
gate,35.4979,10.1,1.0,0.139,0.0
det,35.4979,1423.5,797.5,79.0,186.0,0.843,Body
det,35.4979,1454.5,800.0,19.5,25.5,0.801,Head
cover,35.5253,2,1,1,1
err,35.5253,184.25,14.02
timing,35.5253,2.5,23.1
gate,35.5253,10.1,1.0,0.139,0.0
det,35.5253,1423.5,797.5,79.0,186.0,0.843,Body
det,35.5253,1454.5,800.0,19.5,25.5,0.803,Head
cover,35.5493,2,1,1,1
err,35.5493,184.25,14.02
timing,35.5493,1.3,20.9
gate,35.5493,10.1,1.0,0.139,0.0
det,35.5493,1423.5,797.25,78.5,186.0,0.839,Body
det,35.5493,1454.5,800.0,19.5,25.5,0.803,Head
cover,35.5767,2,1,1,1
err,35.5767,184.5,14.02
timing,35.5767,2.8,23.1
gate,35.5767,10.1,1.0,0.139,0.0
det,35.5767,1423.5,797.5,78.5,184.5,0.833,Body
det,35.5767,1454.88,800.0,19.25,25.5,0.798,Head
cover,35.6025,2,1,1,1
err,35.6025,184.25,14.02
timing,35.6025,2.2,21.9
gate,35.6025,10.1,1.0,0.139,0.0
det,35.6025,1423.5,797.62,78.0,184.75,0.839,Body
det,35.6025,1454.5,800.0,19.5,25.5,0.797,Head
cover,35.6288,2,1,1,1
err,35.6288,184.5,14.02
timing,35.6288,1.7,22.5
gate,35.6288,10.1,1.0,0.139,0.0
det,35.6288,1423.5,797.62,78.0,184.75,0.839,Body
det,35.6288,1454.88,800.0,19.25,25.5,0.795,Head
cover,35.6569,2,1,1,1
err,35.657,184.25,14.26
timing,35.657,1.7,23.9
gate,35.657,10.1,1.0,0.139,0.0
det,35.657,1423.5,797.75,78.0,185.5,0.839,Body
det,35.657,1454.5,800.38,19.5,25.25,0.787,Head
cover,35.6848,2,1,1,1
err,35.6848,184.5,14.02
timing,35.6848,2.1,23.7
gate,35.6848,10.1,1.0,0.139,0.0
det,35.6848,1423.5,797.62,78.5,185.75,0.836,Body
det,35.6848,1454.88,800.0,19.25,25.5,0.78,Head
cover,35.7116,2,1,1,1
err,35.7117,184.5,14.02
timing,35.7117,1.6,23.1
gate,35.7117,10.1,1.0,0.139,0.0
det,35.7117,1423.5,797.38,79.0,186.25,0.838,Body
det,35.7117,1454.88,800.0,19.25,25.5,0.782,Head
cover,35.7382,2,1,1,1
err,35.7382,184.5,13.76
timing,35.7382,2.1,22.5
gate,35.7382,10.1,1.0,0.139,0.0
det,35.7382,1423.5,797.5,79.0,186.0,0.836,Body
det,35.7382,1454.88,799.88,19.25,25.25,0.784,Head
cover,35.7671,2,1,1,1
err,35.7671,184.25,14.02
timing,35.7671,1.8,25.6
gate,35.7671,10.1,1.0,0.139,0.0
det,35.7671,1423.5,797.12,79.0,186.75,0.834,Body
det,35.7671,1454.5,800.0,19.5,25.5,0.787,Head
cover,35.7965,2,1,1,1
err,35.7966,184.25,14.02
timing,35.7966,1.6,25.2
gate,35.7966,10.1,1.0,0.139,0.0
det,35.7966,1423.5,797.5,79.5,186.5,0.834,Body
det,35.7966,1454.5,800.0,19.5,25.5,0.788,Head
cover,35.8248,2,1,1,1
err,35.8248,184.5,11.89
timing,35.8248,1.5,24.4
gate,35.8248,10.1,1.0,0.139,0.0
det,35.8248,1423.12,793.88,78.75,186.25,0.823,Body
det,35.8248,1454.62,796.62,19.75,27.75,0.77,Head
cover,35.8559,2,1,1,1
err,35.8559,185.5,9.6
timing,35.8559,2.2,26.6
gate,35.8559,10.1,1.0,0.139,0.0
det,35.8559,1424.12,793.38,79.75,181.25,0.811,Body
det,35.8559,1454.88,794.75,21.25,27.0,0.747,Head
cover,35.8833,2,1,1,1
err,35.8834,185.5,9.89
timing,35.8834,3.8,21.5
gate,35.8834,10.1,1.0,0.139,0.0
det,35.8834,1424.38,794.0,79.25,180.5,0.804,Body
det,35.8834,1454.88,794.62,21.25,27.75,0.71,Head
cover,35.9113,2,1,1,1
err,35.9113,185.0,6.83
timing,35.9113,1.9,23.8
gate,35.9113,10.1,1.0,0.139,0.0
det,35.9113,1424.38,792.0,81.25,185.0,0.857,Body
det,35.9113,1454.38,792.25,21.25,26.5,0.745,Head
cover,35.9399,2,1,1,1
err,35.9399,187.0,4.39
timing,35.9399,2.0,24.4
gate,35.9399,10.1,1.0,0.139,0.0
det,35.9399,1456.38,789.12,21.25,27.75,0.87,Head
det,35.9399,1425.5,788.5,80.5,186.5,0.85,Body
cover,35.9697,2,1,1,1
err,35.9697,186.0,1.35
timing,35.9697,2.0,25.2
gate,35.9697,10.1,1.0,0.139,0.0
det,35.9697,1426.0,786.5,79.5,183.0,0.821,Body
det,35.9697,1456.0,786.5,20.0,27.0,0.737,Head
cover,35.9988,2,1,1,1
err,35.9988,188.0,-2.66
timing,35.9988,1.9,24.8
gate,35.9988,10.1,1.0,0.139,0.0
det,35.9988,1426.12,781.38,81.75,189.25,0.822,Body
det,35.9988,1457.5,782.62,21.0,26.75,0.769,Head
cover,36.0286,2,1,1,1
err,36.0287,188.25,-7.55
timing,36.0287,1.7,25.9
gate,36.0287,10.1,1.0,0.139,0.0
det,36.0287,1425.88,778.5,79.25,182.5,0.827,Body
det,36.0287,1458.0,779.25,20.5,24.0,0.792,Head
cover,36.0597,2,1,1,1
err,36.0597,187.5,-8.19
timing,36.0597,1.6,27.1
gate,36.0597,10.1,1.0,0.139,0.0
det,36.0597,1426.0,776.62,79.0,183.75,0.812,Body
det,36.0597,1457.12,777.38,20.75,26.25,0.754,Head
cover,36.0937,2,1,1,1
err,36.0938,189.0,-8.45
timing,36.0938,1.4,29.9
gate,36.0938,10.1,1.0,0.139,0.0
det,36.0938,1426.12,776.25,79.75,186.5,0.812,Body
det,36.0938,1458.88,777.25,20.25,26.0,0.749,Head
cover,36.1262,2,1,1,1
err,36.1262,177.25,-8.92
timing,36.1262,1.9,26.4
gate,36.1262,10.1,1.0,0.139,0.0
det,36.1262,1416.0,778.38,81.0,186.25,0.837,Body
det,36.1262,1447.5,776.5,19.5,26.5,0.605,Head
cover,36.157,2,1,1,1
err,36.1571,162.25,-9.21
timing,36.1571,1.7,25.8
gate,36.1571,10.1,1.0,0.139,0.0
det,36.1571,1402.38,775.75,77.25,184.5,0.854,Body
det,36.1571,1432.0,776.62,20.5,25.75,0.81,Head
cover,36.1887,2,1,1,1
err,36.1888,153.75,-9.16
timing,36.1888,3.4,25.4
gate,36.1888,10.1,1.0,0.139,0.0
det,36.1888,1393.0,777.12,80.5,186.75,0.867,Body
det,36.1888,1423.5,776.12,20.5,26.75,0.713,Head
cover,36.2204,2,1,1,1
err,36.2204,129.5,-10.69
timing,36.2204,2.8,26.1
gate,36.2204,10.1,1.0,0.139,0.0
det,36.2204,1370.12,774.5,78.75,189.5,0.873,Body
det,36.2204,1399.12,774.88,20.75,26.25,0.81,Head
cover,36.2498,2,1,1,1
err,36.2498,129.5,-10.42
timing,36.2498,2.3,24.9
gate,36.2498,10.1,1.0,0.139,0.0
det,36.2498,1370.0,774.25,79.0,189.5,0.874,Body
det,36.2498,1399.0,775.0,21.0,26.5,0.812,Head
cover,36.2777,2,1,1,1
err,36.2777,92.75,-15.24
timing,36.2777,2.4,23.8
gate,36.2777,10.1,1.0,0.139,0.0
det,36.2777,1331.88,769.5,80.25,186.5,0.88,Body
det,36.2777,1362.75,770.88,20.0,25.25,0.846,Head
cover,36.3078,2,1,1,1
err,36.3078,74.0,-17.21
timing,36.3078,1.7,26.3
gate,36.3078,10.1,1.0,0.139,0.0
det,36.3078,1313.88,766.5,79.25,186.0,0.86,Body
det,36.3078,1344.12,768.62,19.75,25.75,0.699,Head
cover,36.3404,2,1,1,1
err,36.3405,73.5,-17.26
timing,36.3405,3.6,26.4
gate,36.3405,10.1,1.0,0.139,0.0
det,36.3405,1313.62,769.12,77.75,182.75,0.845,Body
det,36.3405,1343.62,769.12,19.75,24.75,0.644,Head
cover,36.3732,2,1,1,1
err,36.3733,73.25,-17.26
timing,36.3733,5.1,25.2
gate,36.3733,10.1,1.0,0.139,0.0
det,36.3733,1313.5,768.38,77.5,183.25,0.844,Body
det,36.3733,1343.25,769.12,20.0,24.75,0.663,Head
cover,36.4067,2,1,1,1
err,36.4068,73.5,-17.26
timing,36.4068,3.2,28.1
gate,36.4068,10.1,1.0,0.139,0.0
det,36.4068,1313.5,768.38,77.5,183.25,0.846,Body
det,36.4068,1343.62,769.12,19.75,24.75,0.676,Head
cover,36.4348,2,1,1,1
err,36.4348,73.25,-17.76
timing,36.4348,2.0,23.9
gate,36.4348,10.1,1.0,0.139,0.0
det,36.4348,1313.38,768.0,78.25,184.0,0.85,Body
det,36.4348,1343.25,768.62,20.0,24.75,0.692,Head
cover,36.4628,2,1,1,1
err,36.4629,73.25,-17.5
timing,36.4629,1.8,24.1
gate,36.4629,10.1,1.0,0.139,0.0
det,36.4629,1313.38,767.88,78.25,184.25,0.851,Body
det,36.4629,1343.25,768.75,20.0,25.0,0.688,Head
cover,36.4909,2,1,1,1
err,36.4909,74.25,-17.76
timing,36.4909,2.3,23.8
gate,36.4909,10.1,1.0,0.139,0.0
det,36.4909,1314.0,767.25,79.5,185.0,0.866,Body
det,36.4909,1344.5,768.62,19.5,24.75,0.689,Head
lmb,36.523,1
cover,36.5241,2,1,1,1
err,36.5242,75.0,-17.16
timing,36.5242,4.0,25.6
gate,36.5242,76.9,1.0,0.0,0.0
det,36.5242,1314.88,767.5,79.25,184.5,0.872,Body
det,36.5242,1344.88,768.12,20.25,26.75,0.674,Head
cmd,36.5242,37,-16
cover,36.5539,2,1,1,1
err,36.554,75.0,-17.16
timing,36.554,3.0,24.6
gate,36.554,76.9,1.0,0.25,0.0
det,36.554,1314.88,767.5,79.25,184.5,0.872,Body
det,36.554,1344.75,768.12,20.5,26.75,0.675,Head
cover,36.582,2,1,1,1
err,36.582,75.0,-17.16
timing,36.582,1.9,24.2
gate,36.582,76.9,1.0,0.222,0.0
det,36.582,1314.88,767.88,79.25,184.25,0.871,Body
det,36.582,1344.75,768.12,20.5,26.75,0.652,Head
cover,36.6127,2,1,1,1
err,36.6128,75.0,-17.16
timing,36.6128,2.1,26.2
gate,36.6128,76.9,1.0,0.191,0.0
det,36.6128,1314.88,767.5,79.25,184.5,0.869,Body
det,36.6128,1344.75,768.12,20.5,26.75,0.663,Head
lmb,36.6406,0
cover,36.6416,2,1,1,1
err,36.6417,48.0,-5.1
timing,36.6417,1.6,23.9
gate,36.6417,73.0,1.0,0.162,0.0
det,36.6417,1288.38,777.62,79.25,186.75,0.877,Body
det,36.6417,1318.38,779.5,19.25,28.0,0.814,Head
cover,36.6728,2,1,1,1
err,36.6728,47.75,-5.11
timing,36.6728,3.9,24.9
gate,36.6728,69.5,1.0,0.131,0.0
det,36.6728,1288.25,777.62,79.0,186.75,0.877,Body
det,36.6728,1318.0,779.62,19.5,27.75,0.807,Head
cover,36.7018,2,1,1,1
err,36.7018,47.75,-5.11
timing,36.7018,2.2,24.7
gate,36.7018,66.5,1.0,0.102,0.0
det,36.7018,1288.38,777.5,79.25,187.0,0.876,Body
det,36.7018,1318.0,779.62,19.5,27.75,0.801,Head
cover,36.7306,2,1,1,1
err,36.7306,48.0,-5.11
timing,36.7306,1.8,24.7
gate,36.7306,64.0,0.0,0.074,0.0
det,36.7306,1288.25,777.62,79.0,186.75,0.876,Body
det,36.7306,1318.38,779.62,19.25,27.75,0.806,Head
cover,36.7596,2,1,1,1
err,36.7597,47.75,-5.11
timing,36.7597,2.0,25.0
gate,36.7597,61.8,0.0,0.044,0.0
det,36.7597,1288.25,777.62,79.0,186.75,0.876,Body
det,36.7597,1318.0,779.62,19.5,27.75,0.806,Head
cover,36.7853,2,1,1,1
err,36.7854,47.75,-5.11
timing,36.7854,2.0,21.9
gate,36.7854,59.9,0.0,0.019,0.0
det,36.7854,1288.25,777.62,79.0,186.75,0.876,Body
det,36.7854,1318.0,779.62,19.5,27.75,0.812,Head
cover,36.8138,2,1,1,1
err,36.8139,47.75,-5.38
timing,36.8139,1.8,24.3
gate,36.8139,58.2,0.0,0.0,0.0
det,36.8139,1288.38,777.62,79.25,186.75,0.877,Body
det,36.8139,1318.0,779.5,19.5,27.5,0.814,Head
cover,36.8408,2,1,1,1
err,36.8409,47.75,-5.11
timing,36.8409,2.5,22.6
gate,36.8409,52.6,0.0,0.0,0.0
det,36.8409,1288.38,777.62,79.25,186.75,0.877,Body
det,36.8409,1318.0,779.62,19.5,27.75,0.812,Head
cover,36.867,2,1,1,1
err,36.8671,47.75,-5.38
timing,36.8671,2.8,21.7
gate,36.8671,50.1,0.0,0.0,0.0
det,36.8671,1288.38,777.62,79.25,186.75,0.878,Body
det,36.8671,1318.0,779.5,19.5,27.5,0.815,Head
cover,36.8957,2,1,1,1
err,36.8958,47.75,-5.38
timing,36.8958,2.0,24.6
gate,36.8957,49.0,0.0,0.0,0.0
det,36.8958,1288.38,777.62,79.25,186.75,0.878,Body
det,36.8958,1318.0,779.5,19.5,27.5,0.816,Head
cover,36.9236,2,1,1,1
err,36.9236,47.5,-5.11
timing,36.9236,2.3,23.9
gate,36.9236,48.3,0.0,0.0,0.0
det,36.9236,1288.25,777.62,79.0,186.75,0.877,Body
det,36.9236,1317.88,779.62,19.25,27.75,0.82,Head
cover,36.9537,2,1,1,1
err,36.9537,47.5,-5.11
timing,36.9537,3.5,24.5
gate,36.9537,48.0,0.0,0.0,0.0
det,36.9537,1288.25,777.62,79.0,186.75,0.877,Body
det,36.9537,1317.88,779.62,19.25,27.75,0.819,Head
cover,36.9802,2,1,1,1
err,36.9802,47.5,-5.11
timing,36.9802,1.4,23.6
gate,36.9802,47.9,0.0,0.0,0.0
det,36.9802,1288.25,777.5,79.0,187.0,0.878,Body
det,36.9802,1317.88,779.62,19.25,27.75,0.816,Head
cover,37.008,2,1,1,1
err,37.008,47.5,-5.1
timing,37.008,1.8,24.2
gate,37.008,47.8,0.0,0.0,0.0
det,37.008,1288.25,777.62,79.0,186.75,0.879,Body
det,37.008,1317.88,779.5,19.25,28.0,0.811,Head
cover,37.0356,2,1,1,1
err,37.0357,47.5,-5.38
timing,37.0357,3.6,21.7
gate,37.0357,47.8,0.0,0.0,0.0
det,37.0357,1288.25,777.62,79.0,186.75,0.878,Body
det,37.0357,1317.88,779.5,19.25,27.5,0.812,Head
cover,37.0635,2,1,1,1
err,37.0635,47.5,-5.38
timing,37.0635,2.1,23.6
gate,37.0635,47.8,0.0,0.0,0.0
det,37.0635,1288.25,777.62,79.0,186.75,0.879,Body
det,37.0635,1317.88,779.5,19.25,27.5,0.814,Head
cover,37.0905,2,1,1,1
err,37.0905,47.75,13.58
timing,37.0905,2.3,23.0
gate,37.0905,47.8,0.0,0.0,0.0
det,37.0905,1290.25,798.12,76.5,121.75,0.886,Body
det,37.0905,1318.0,799.0,19.5,26.5,0.796,Head
cover,37.1221,2,1,1,1
err,37.1221,47.5,9.85
timing,37.1221,3.7,25.5
gate,37.1221,47.8,0.0,0.0,0.0
det,37.1221,1290.75,795.25,77.0,113.0,0.808,Body
det,37.1221,1317.62,795.0,19.75,27.0,0.72,Head
cover,37.1507,2,1,1,1
err,37.1507,47.0,5.34
timing,37.1507,1.9,24.7
gate,37.1507,47.8,0.0,0.0,0.0
det,37.1507,1288.62,791.0,77.75,184.0,0.869,Body
det,37.1507,1317.12,790.62,19.75,26.75,0.726,Head
cover,37.1797,2,1,1,1
err,37.1797,47.5,4.42
timing,37.1797,2.6,24.3
gate,37.1797,47.8,0.0,0.0,0.0
det,37.1797,1288.5,787.62,78.5,185.75,0.878,Body
det,37.1797,1317.12,788.75,20.75,28.5,0.799,Head
cover,37.2074,2,1,1,1
err,37.2075,47.25,1.86
timing,37.2075,1.7,23.9
gate,37.2075,47.8,0.0,0.0,0.0
det,37.2075,1288.88,793.88,77.25,176.25,0.869,Body
det,37.2075,1317.75,786.88,19.0,27.25,0.467,Head
cover,37.2408,2,1,1,1
err,37.2408,47.5,-2.69
timing,37.2408,3.3,28.0
gate,37.2408,47.8,0.0,0.0,0.0
det,37.2408,1288.5,782.25,77.5,186.0,0.866,Body
det,37.2408,1317.88,782.88,19.25,26.25,0.674,Head
cover,37.2743,2,1,1,1
err,37.2743,47.5,-3.85
timing,37.2743,3.8,27.4
gate,37.2743,47.8,0.0,0.0,0.0
det,37.2743,1288.75,779.38,78.0,186.25,0.88,Body
det,37.2743,1317.38,780.75,20.25,28.0,0.744,Head
cover,37.3076,2,1,1,1
err,37.3076,47.75,-4.12
timing,37.3076,3.7,27.1
gate,37.3076,47.8,0.0,0.0,0.0
det,37.3076,1288.75,779.0,78.0,186.0,0.879,Body
det,37.3076,1317.5,780.75,20.5,27.5,0.709,Head
cover,37.3396,2,1,1,1
err,37.3397,47.5,-4.4
timing,37.3397,3.2,26.6
gate,37.3397,47.8,0.0,0.0,0.0
det,37.3397,1288.5,778.88,78.5,186.25,0.883,Body
det,37.3397,1317.5,780.75,20.0,27.0,0.78,Head
cover,37.3681,2,1,1,1
err,37.3681,48.0,-4.64
timing,37.3681,2.0,24.1
gate,37.3681,47.8,0.0,0.0,0.0
det,37.3681,1288.75,779.0,78.5,185.5,0.877,Body
det,37.3681,1318.0,780.38,20.0,27.25,0.672,Head
cover,37.3988,2,1,1,1
err,37.3988,47.75,-5.11
timing,37.3988,1.8,26.5
gate,37.3988,47.8,0.0,0.0,0.0
det,37.3988,1288.62,777.38,78.75,187.25,0.878,Body
det,37.3988,1318.0,779.62,19.5,27.75,0.812,Head
cover,37.4293,2,1,1,1
err,37.4293,47.5,-5.38
timing,37.4293,1.5,26.7
gate,37.4293,47.8,0.0,0.0,0.0
det,37.4293,1288.38,777.5,79.25,187.0,0.88,Body
det,37.4293,1317.88,779.5,19.25,27.5,0.81,Head
cover,37.4569,2,1,1,1
err,37.457,47.5,-5.38
timing,37.457,2.1,24.0
gate,37.457,47.8,0.0,0.0,0.0
det,37.457,1288.38,777.25,79.25,187.0,0.879,Body
det,37.457,1317.88,779.5,19.25,27.5,0.814,Head
cover,37.4834,2,1,1,1
err,37.4835,47.75,-5.38
timing,37.4835,1.8,23.2
gate,37.4835,47.8,0.0,0.0,0.0
det,37.4835,1288.38,777.5,79.25,187.0,0.88,Body
det,37.4835,1318.0,779.5,19.5,27.5,0.812,Head
cover,37.511,2,1,1,1
err,37.5111,47.75,-5.38
timing,37.5111,2.3,23.8
gate,37.5111,47.8,0.0,0.0,0.0
det,37.5111,1288.38,777.5,79.25,187.0,0.88,Body
det,37.5111,1318.0,779.5,19.5,27.5,0.808,Head
cover,37.5409,2,1,1,1
err,37.541,47.75,-5.38
timing,37.541,1.7,25.9
gate,37.541,47.8,0.0,0.0,0.0
det,37.541,1288.38,777.38,79.25,187.25,0.88,Body
det,37.541,1318.0,779.5,19.5,27.5,0.811,Head
cover,37.5699,2,1,1,1
err,37.57,47.5,-5.38
timing,37.57,2.8,24.0
gate,37.57,47.8,0.0,0.0,0.0
det,37.57,1288.38,777.38,79.25,187.25,0.88,Body
det,37.57,1317.88,779.5,19.25,27.5,0.819,Head
cover,37.5983,2,1,1,1
err,37.5983,47.5,-5.38
timing,37.5983,1.9,24.3
gate,37.5983,47.8,0.0,0.0,0.0
det,37.5983,1288.38,777.38,79.25,187.25,0.88,Body
det,37.5983,1317.88,779.5,19.25,27.5,0.82,Head
lmb,37.6243,1
cover,37.6253,2,1,1,1
err,37.6253,47.5,-5.65
timing,37.6253,2.1,22.1
gate,37.6253,47.8,1.0,0.0,0.0
det,37.6253,1288.38,777.25,79.25,187.5,0.879,Body
det,37.6253,1317.88,779.5,19.25,27.0,0.829,Head
cmd,37.6253,64,-8
cover,37.6543,2,1,1,1
err,37.6543,47.75,-5.62
timing,37.6543,3.8,22.9
gate,37.6543,48.0,1.0,0.251,0.0
det,37.6543,1288.62,777.38,78.75,187.25,0.879,Body
det,37.6543,1318.0,779.25,19.5,27.5,0.825,Head
cover,37.6812,2,1,1,1
err,37.6813,47.75,-5.62
timing,37.6813,1.5,23.5
gate,37.6813,48.0,1.0,0.224,0.0
det,37.6813,1288.5,777.38,79.0,187.25,0.879,Body
det,37.6813,1318.0,779.25,19.5,27.5,0.825,Head
cover,37.7087,2,1,1,1
err,37.7088,47.75,-5.61
timing,37.7088,2.4,23.6
gate,37.7088,48.1,1.0,0.197,0.0
det,37.7088,1288.5,777.0,79.0,188.0,0.878,Body
det,37.7088,1318.0,779.12,19.5,27.75,0.822,Head
lmb,37.7408,0
cover,37.7418,2,1,1,1
err,37.7419,47.75,-5.61
timing,37.7419,3.9,25.9
gate,37.7419,48.1,1.0,0.163,0.0
det,37.7419,1288.5,777.12,79.0,187.75,0.879,Body
det,37.7419,1318.0,779.12,19.5,27.75,0.824,Head
cover,37.7687,2,1,1,1
err,37.7687,47.5,-5.38
timing,37.7687,2.9,22.6
gate,37.7687,47.9,1.0,0.137,0.0
det,37.7687,1288.5,777.12,79.0,187.75,0.88,Body
det,37.7687,1317.88,779.5,19.25,27.5,0.816,Head
cover,37.7967,1,0,1,0
nearest,37.7967,-1
cover,37.8247,1,0,1,0
nearest,37.8247,-1
cover,37.8501,1,0,1,0
nearest,37.8502,-1
cover,37.8774,1,0,1,0
nearest,37.8774,-1
cover,37.902,1,0,1,0
nearest,37.902,-1
cover,37.93,1,0,1,0
nearest,37.93,-1
cover,37.9591,1,0,1,0
nearest,37.9591,-1
cover,37.9855,1,0,1,0
nearest,37.9855,-1
cover,38.0132,1,0,1,0
nearest,38.0132,-1
cover,38.0407,1,0,1,0
nearest,38.0407,-1
cover,38.0668,1,0,1,0
nearest,38.0668,-1
cover,38.0934,1,0,1,0
nearest,38.0934,-1
cover,38.1238,1,0,1,0
nearest,38.1239,-1
cover,38.1505,1,0,1,0
nearest,38.1505,-1
cover,38.1793,2,1,1,1
err,38.1794,-1.5,18.8
timing,38.1794,3.1,25.1
gate,38.1794,47.9,1.0,0.137,0.0
det,38.1794,1237.88,802.88,83.25,190.25,0.869,Body
det,38.1794,1268.5,804.5,20.0,26.0,0.739,Head
cover,38.2087,2,1,1,1
err,38.2088,0.0,16.35
timing,38.2088,2.5,24.5
gate,38.2088,47.9,1.0,0.137,0.0
det,38.2088,1240.75,800.0,78.0,188.0,0.855,Body
det,38.2088,1269.88,801.5,20.25,27.0,0.62,Head
cover,38.2413,0,0,0,0
nearest,38.2413,-1
cover,38.2688,0,0,0,0
nearest,38.2688,-1
cover,38.2957,0,0,0,0
nearest,38.2957,-1
cover,38.3245,0,0,0,0
nearest,38.3245,-1
cover,38.3503,0,0,0,0
nearest,38.3503,-1
cover,38.3796,0,0,0,0
nearest,38.3796,-1
cover,38.4109,0,0,0,0
nearest,38.4109,-1
cover,38.4391,0,0,0,0
nearest,38.4391,-1
cover,38.4657,0,0,0,0
nearest,38.4657,-1
cover,38.4927,1,0,1,0
nearest,38.4927,-1
cover,38.5259,0,0,0,0
nearest,38.5259,-1
cover,38.5575,0,0,0,0
nearest,38.5576,-1
cover,38.5851,0,0,0,0
nearest,38.5851,-1
cover,38.6156,1,0,1,0
nearest,38.6156,-1
cover,38.6457,1,0,1,0
nearest,38.6457,-1
cover,38.6707,1,0,1,0
nearest,38.6708,-1
cover,38.6995,1,0,1,0
nearest,38.6995,-1
cover,38.7295,2,0,2,0
nearest,38.7295,-1
cover,38.7586,1,0,1,0
nearest,38.7586,-1
cover,38.7857,1,0,1,0
nearest,38.7857,-1
cover,38.8145,1,0,1,0
nearest,38.8145,-1
cover,38.842,1,0,1,0
nearest,38.842,-1
cover,38.8671,0,0,0,0
nearest,38.8671,-1
cover,38.8965,0,0,0,0
nearest,38.8965,-1
cover,38.9253,0,0,0,0
nearest,38.9254,-1
cover,38.9507,0,0,0,0
nearest,38.9508,-1
cover,38.9779,0,0,0,0
nearest,38.9779,-1
cover,39.0078,0,0,0,0
nearest,39.0078,-1
cover,39.0339,0,0,0,0
nearest,39.0339,-1
cover,39.0619,0,0,0,0
nearest,39.0619,-1
cover,39.0876,0,0,0,0
nearest,39.0876,-1
cover,39.1157,0,0,0,0
nearest,39.1157,-1
cover,39.1425,0,0,0,0
nearest,39.1425,-1
cover,39.1681,0,0,0,0
nearest,39.1681,-1
cover,39.1967,0,0,0,0
nearest,39.1968,-1
cover,39.2207,0,0,0,0
nearest,39.2207,-1
cover,39.2492,0,0,0,0
nearest,39.2493,-1
cover,39.2762,0,0,0,0
nearest,39.2762,-1
cover,39.3043,0,0,0,0
nearest,39.3043,-1
cover,39.3328,0,0,0,0
nearest,39.3328,-1
cover,39.3608,0,0,0,0
nearest,39.3608,-1
cover,39.3869,0,0,0,0
nearest,39.387,-1
cover,39.418,0,0,0,0
nearest,39.418,-1
cover,39.447,0,0,0,0
nearest,39.447,-1
cover,39.4735,0,0,0,0
nearest,39.4735,-1
cover,39.5004,0,0,0,0
nearest,39.5004,-1
cover,39.5281,0,0,0,0
nearest,39.5281,-1
cover,39.5546,0,0,0,0
nearest,39.5546,-1
cover,39.5838,0,0,0,0
nearest,39.5838,-1
cover,39.6131,0,0,0,0
nearest,39.6131,-1
cover,39.6458,0,0,0,0
nearest,39.6459,-1
cover,39.6728,0,0,0,0
nearest,39.6728,-1
cover,39.7035,0,0,0,0
nearest,39.7036,-1
cover,39.7318,0,0,0,0
nearest,39.7318,-1
cover,39.7606,0,0,0,0
nearest,39.7607,-1
cover,39.7876,0,0,0,0
nearest,39.7876,-1
cover,39.816,0,0,0,0
nearest,39.816,-1
cover,39.8452,0,0,0,0
nearest,39.8452,-1
cover,39.8708,0,0,0,0
nearest,39.8708,-1
cover,39.9004,0,0,0,0
nearest,39.9004,-1
cover,39.9303,0,0,0,0
nearest,39.9304,-1
cover,39.9572,0,0,0,0
nearest,39.9572,-1
cover,39.9865,0,0,0,0
nearest,39.9865,-1
cover,40.0166,0,0,0,0
nearest,40.0166,-1
cover,40.0455,0,0,0,0
nearest,40.0455,-1
cover,40.0712,0,0,0,0
nearest,40.0712,-1
cover,40.1007,0,0,0,0
nearest,40.1007,-1
cover,40.1297,0,0,0,0
nearest,40.1297,-1
cover,40.1547,0,0,0,0
nearest,40.1547,-1
cover,40.1841,0,0,0,0
nearest,40.1841,-1
cover,40.2129,0,0,0,0
nearest,40.2129,-1
cover,40.2375,0,0,0,0
nearest,40.2375,-1
cover,40.2674,0,0,0,0
nearest,40.2674,-1
cover,40.2996,0,0,0,0
nearest,40.2996,-1
cover,40.3582,0,0,0,0
nearest,40.3582,-1
cover,40.387,0,0,0,0
nearest,40.387,-1
cover,40.4191,1,0,1,0
nearest,40.4191,-1
cover,40.4495,3,0,3,0
nearest,40.4495,-1
cover,40.48,1,0,1,0
nearest,40.48,-1
cover,40.5103,2,1,1,1
err,40.5103,170.0,1.85
timing,40.5103,3.0,25.7
gate,40.5103,47.9,1.0,0.137,0.0
det,40.5103,1422.38,789.38,63.25,158.25,0.869,Body
det,40.5103,1440.0,787.0,20.0,27.0,0.82,Head
cover,40.5415,2,1,1,1
err,40.5415,114.5,0.0
timing,40.5415,2.3,26.9
gate,40.5415,47.9,1.0,0.137,0.0
det,40.5415,1365.38,791.5,64.25,153.5,0.848,Body
det,40.5415,1384.88,786.25,19.25,25.0,0.734,Head
cover,40.5752,2,1,1,1
err,40.5753,74.0,0.05
timing,40.5753,2.4,27.9
gate,40.5753,47.9,1.0,0.137,0.0
det,40.5753,1326.62,788.12,61.75,157.75,0.875,Body
det,40.5753,1344.12,785.75,19.75,26.0,0.729,Head
cover,40.6063,2,1,1,1
err,40.6063,59.25,-0.29
timing,40.6063,2.0,26.5
gate,40.6063,47.9,1.0,0.137,0.0
det,40.6063,1311.0,788.0,61.5,156.0,0.868,Body
det,40.6063,1329.5,786.38,19.5,24.25,0.741,Head
cover,40.6371,2,1,1,1
err,40.6371,26.0,-1.79
timing,40.6371,2.4,25.7
gate,40.6371,47.9,1.0,0.137,0.0
det,40.6371,1279.75,785.25,60.5,158.0,0.854,Body
det,40.6371,1296.38,784.88,19.25,24.25,0.768,Head
cover,40.6688,2,1,1,1
err,40.6689,11.5,-0.95
timing,40.6689,2.9,25.8
gate,40.6689,47.9,1.0,0.137,0.0
det,40.6689,1267.12,789.88,59.75,153.25,0.842,Body
det,40.6689,1281.12,784.75,20.75,26.0,0.466,Head
cover,40.6998,1,0,1,0
nearest,40.6998,-1
cover,40.7289,2,1,1,1
err,40.7289,-1.5,-3.92
timing,40.7289,1.9,25.8
gate,40.7289,47.9,1.0,0.137,0.0
det,40.7289,1254.62,788.12,57.75,157.75,0.856,Body
det,40.7289,1267.88,784.25,21.25,21.5,0.441,Head
cover,40.7597,2,1,1,1
err,40.7597,39.0,-3.34
timing,40.7597,1.9,26.3
gate,40.7597,47.9,1.0,0.137,0.0
det,40.7597,1295.38,786.88,58.25,160.25,0.857,Body
det,40.7597,1309.12,783.88,19.75,23.25,0.667,Head
cover,40.7903,2,1,1,1
err,40.7904,55.5,-3.77
timing,40.7904,1.6,26.7
gate,40.7904,47.9,1.0,0.137,0.0
det,40.7904,1310.0,782.12,60.5,165.75,0.866,Body
det,40.7904,1325.12,782.75,20.75,24.5,0.746,Head
cover,40.8215,2,1,1,1
err,40.8215,55.0,-4.73
timing,40.8215,2.1,26.4
gate,40.8215,47.9,1.0,0.137,0.0
det,40.8215,1310.0,780.5,59.5,167.5,0.865,Body
det,40.8215,1324.75,781.25,20.5,25.5,0.764,Head
cover,40.8529,2,1,1,1
err,40.8529,56.0,-5.21
timing,40.8529,2.7,26.4
gate,40.8529,47.9,1.0,0.137,0.0
det,40.8529,1309.12,780.12,62.75,166.75,0.872,Body
det,40.8529,1326.12,780.62,19.75,25.75,0.814,Head
cover,40.883,2,1,1,1
err,40.8831,49.0,-6.58
timing,40.8831,3.4,24.1
gate,40.8831,47.9,1.0,0.137,0.0
det,40.8831,1303.62,778.0,62.75,170.0,0.873,Body
det,40.8831,1318.25,777.75,21.5,28.5,0.773,Head
cover,40.914,2,1,1,1
err,40.9141,45.5,-6.61
timing,40.9141,2.4,26.2
gate,40.9141,47.9,1.0,0.137,0.0
det,40.9141,1301.38,782.0,59.25,164.5,0.857,Body
det,40.9141,1314.38,778.12,22.25,27.75,0.693,Head
cover,40.9445,2,1,1,1
err,40.9446,37.25,-6.59
timing,40.9446,2.1,26.0
gate,40.9446,47.9,1.0,0.137,0.0
det,40.9446,1288.62,779.75,62.75,169.0,0.875,Body
det,40.9446,1306.25,777.88,22.0,28.25,0.792,Head
cover,40.9756,2,1,1,1
err,40.9757,46.5,-13.55
timing,40.9757,1.6,26.8
gate,40.9757,47.9,1.0,0.137,0.0
det,40.9757,1299.75,775.25,63.0,169.5,0.863,Body
det,40.9757,1315.12,770.5,22.75,29.0,0.609,Head
cover,41.0048,2,1,1,1
err,41.0048,40.5,-14.85
timing,41.0048,1.6,25.0
gate,41.0048,47.9,1.0,0.137,0.0
det,41.0048,1294.0,772.0,63.5,174.0,0.849,Body
det,41.0048,1309.62,769.75,21.75,28.0,0.685,Head
cover,41.036,2,1,1,1
err,41.036,35.0,-12.96
timing,41.036,1.8,26.4
gate,41.036,47.9,1.0,0.137,0.0
det,41.036,1288.62,779.38,63.75,169.25,0.846,Body
det,41.036,1303.25,770.12,23.5,30.75,0.684,Head
cover,41.0686,1,0,1,0
nearest,41.0686,-1
cover,41.1013,2,1,1,1
err,41.1013,29.0,-13.45
timing,41.1013,3.2,28.0
gate,41.1013,47.9,1.0,0.137,0.0
det,41.1013,1286.5,776.5,60.5,176.0,0.836,Body
det,41.1013,1297.12,769.5,23.75,31.0,0.458,Head
cover,41.1348,2,1,1,1
err,41.1348,25.75,-16.11
timing,41.1348,1.8,29.5
gate,41.1348,47.9,1.0,0.137,0.0
det,41.1348,1279.62,770.12,65.75,188.75,0.804,Body
det,41.1348,1294.0,768.62,23.5,27.75,0.681,Head
cover,41.1704,2,1,1,1
err,41.1704,40.25,-10.48
timing,41.1704,2.1,30.8
gate,41.1704,47.9,1.0,0.137,0.0
det,41.1704,1292.75,774.62,69.0,191.75,0.854,Body
det,41.1704,1308.25,772.75,24.0,30.5,0.845,Head
cover,41.2042,2,1,1,1
err,41.2043,43.0,-8.83
timing,41.2043,5.1,26.3
gate,41.2043,47.9,1.0,0.137,0.0
det,41.2043,1296.62,775.25,65.75,196.5,0.784,Body
det,41.2043,1310.62,772.75,24.75,33.5,0.606,Head
lmb,41.237,1
cover,41.2382,2,1,1,1
err,41.2383,41.25,-9.15
timing,41.2383,4.2,25.9
gate,41.2383,42.3,1.0,0.0,0.0
det,41.2383,1293.38,768.12,68.25,206.75,0.768,Body
det,41.2383,1308.5,773.25,25.5,32.0,0.755,Head
cmd,41.2383,61,-9
cover,41.2702,2,1,1,1
err,41.2702,41.5,-9.7
timing,41.2702,2.3,26.9
gate,41.2702,42.5,1.0,0.248,0.0
det,41.2702,1294.5,774.0,67.5,197.5,0.821,Body
det,41.2702,1309.0,773.25,25.0,31.0,0.784,Head
lmb,41.3046,0
cover,41.3057,2,1,1,1
err,41.3058,41.5,-9.94
timing,41.3058,2.5,28.4
gate,41.3058,42.6,1.0,0.212,0.0
det,41.3058,1294.88,774.62,67.25,196.75,0.816,Body
det,41.3058,1308.75,772.88,25.5,31.25,0.788,Head
cover,41.3378,2,1,1,1
err,41.3379,41.5,-9.94
timing,41.3379,4.3,25.1
gate,41.3378,42.6,1.0,0.18,0.0
det,41.3379,1295.12,774.62,66.75,196.75,0.812,Body
det,41.3379,1308.88,772.88,25.25,31.25,0.778,Head
cover,41.3719,2,1,1,1
err,41.372,41.5,-9.94
timing,41.372,5.3,26.3
gate,41.372,42.7,1.0,0.146,0.0
det,41.372,1295.25,774.62,67.0,196.75,0.809,Body
det,41.372,1309.0,772.88,25.0,31.25,0.779,Head
cover,41.4057,2,1,1,1
err,41.4058,-3.5,-2.34
timing,41.4058,3.5,27.9
gate,41.4058,42.7,1.0,0.146,0.0
det,41.4058,1251.5,786.38,61.5,190.25,0.799,Body
det,41.4058,1263.75,779.38,25.5,33.25,0.495,Head
nail,41.4399,1
cover,41.4411,2,1,1,1
err,41.4411,-3.5,-1.8
timing,41.4411,2.6,28.2
gate,41.4411,42.7,1.0,0.146,0.0
det,41.4411,1251.62,787.62,61.75,188.75,0.806,Body
det,41.4411,1263.62,779.5,25.75,34.0,0.473,Head
cover,41.4431,2,1,1,1
err,41.4431,-3.5,-1.8
timing,41.4431,2.6,28.2
gate,41.4431,42.7,1.0,0.146,0.0
det,41.4431,1251.62,787.62,61.75,188.75,0.806,Body
det,41.4431,1263.62,779.5,25.75,34.0,0.473,Head
cover,41.4846,2,1,1,1
err,41.4846,-3.5,-2.08
timing,41.4846,1.4,23.2
gate,41.4846,42.7,1.0,0.146,0.0
det,41.4846,1251.5,789.38,62.0,187.25,0.809,Body
det,41.4846,1263.5,779.5,26.0,33.5,0.401,Head
cover,41.4876,2,1,1,1
err,41.4876,-3.5,-2.08
timing,41.4876,1.4,23.2
gate,41.4876,42.7,1.0,0.146,0.0
det,41.4876,1251.5,789.38,62.0,187.25,0.809,Body
det,41.4876,1263.5,779.5,26.0,33.5,0.401,Head
cover,41.53,2,1,1,1
err,41.5301,-3.5,-2.35
timing,41.5301,2.6,22.9
gate,41.5301,42.7,1.0,0.146,0.0
det,41.5301,1251.75,786.0,61.5,190.5,0.803,Body
det,41.5301,1263.5,779.5,26.0,33.0,0.47,Head
cover,41.5321,2,1,1,1
err,41.5321,-3.5,-2.35
timing,41.5321,2.6,22.9
gate,41.5321,42.7,1.0,0.146,0.0
det,41.5321,1251.75,786.0,61.5,190.5,0.803,Body
det,41.5321,1263.5,779.5,26.0,33.0,0.47,Head
cover,41.5781,3,1,2,1
err,41.5781,-4.0,-2.34
timing,41.5781,1.6,27.0
gate,41.5781,42.7,1.0,0.146,0.0
det,41.5781,1251.62,785.38,61.75,191.25,0.801,Body
det,41.5781,1509.5,855.38,8.0,19.25,0.52,Body
det,41.5781,1262.5,779.38,27.0,33.25,0.469,Head
cover,41.5807,3,1,2,1
err,41.5807,-4.0,-2.34
timing,41.5807,1.6,27.0
gate,41.5807,42.7,1.0,0.146,0.0
det,41.5807,1251.62,785.38,61.75,191.25,0.801,Body
det,41.5807,1509.5,855.38,8.0,19.25,0.52,Body
det,41.5807,1262.5,779.38,27.0,33.25,0.469,Head
cover,41.6224,2,1,1,1
err,41.6225,-4.0,-2.34
timing,41.6225,1.4,23.1
gate,41.6225,42.7,1.0,0.146,0.0
det,41.6225,1250.5,784.62,62.5,191.75,0.803,Body
det,41.6225,1262.5,779.38,27.0,33.25,0.54,Head
cover,41.6251,2,1,1,1
err,41.6252,-4.0,-2.34
timing,41.6252,1.4,23.1
gate,41.6252,42.7,1.0,0.146,0.0
det,41.6252,1250.5,784.62,62.5,191.75,0.803,Body
det,41.6252,1262.5,779.38,27.0,33.25,0.54,Head
cover,41.6711,1,0,1,0
nearest,41.6711,-1
cover,41.6722,1,0,1,0
nearest,41.6723,-1
cover,41.7153,0,0,0,0
nearest,41.7153,-1
cover,41.7163,0,0,0,0
nearest,41.7163,-1
cover,41.7603,1,0,1,0
nearest,41.7604,-1
cover,41.7614,1,0,1,0
nearest,41.7614,-1
cover,41.8065,0,0,0,0
nearest,41.8065,-1
cover,41.8077,0,0,0,0
nearest,41.8077,-1
cover,41.8802,2,1,1,1
err,41.8803,-138.38,0.49
timing,41.8803,21.0,34.0
gate,41.8802,42.7,1.0,0.146,0.0
det,41.8803,1116.31,790.0,57.38,146.5,0.872,Body
det,41.8803,1134.38,789.62,14.5,19.75,0.596,Head
nail,41.9175,0
cover,41.9184,2,1,1,1
err,41.9184,-137.25,-0.04
timing,41.9184,1.9,32.8
gate,41.9184,42.7,1.0,0.146,0.0
det,41.9184,1117.56,788.75,55.88,145.5,0.896,Body
det,41.9184,1134.56,789.38,16.38,19.25,0.829,Head
cover,41.949,2,1,1,1
err,41.9491,-137.5,0.02
timing,41.9491,1.7,27.0
gate,41.9491,42.7,1.0,0.146,0.0
det,41.9491,1117.75,788.62,55.25,144.75,0.897,Body
det,41.9491,1134.06,788.75,16.88,20.5,0.827,Head
cover,41.9789,2,1,1,1
err,41.9789,-137.0,-1.59
timing,41.9789,2.0,25.6
gate,41.9789,42.7,1.0,0.146,0.0
det,41.9789,1117.5,787.38,55.0,145.25,0.896,Body
det,41.9789,1135.19,788.38,15.62,18.25,0.819,Head
cover,42.0097,2,1,1,1
err,42.0098,-137.0,-1.06
timing,42.0098,1.9,26.6
gate,42.0098,42.7,1.0,0.146,0.0
det,42.0098,1117.5,787.5,55.0,145.0,0.894,Body
det,42.0098,1135.12,788.62,15.75,18.75,0.819,Head
cover,42.0395,2,1,1,1
err,42.0395,-137.0,-1.05
timing,42.0395,3.4,24.6
gate,42.0395,42.7,1.0,0.146,0.0
det,42.0395,1117.5,787.38,54.75,145.25,0.892,Body
det,42.0395,1135.12,788.5,15.75,19.0,0.825,Head
cover,42.0694,2,1,1,1
err,42.0695,-137.25,-1.02
timing,42.0695,3.2,24.2
gate,42.0695,42.7,1.0,0.146,0.0
det,42.0695,1117.44,787.5,54.62,145.0,0.892,Body
det,42.0695,1134.94,788.25,15.62,19.5,0.808,Head
cover,42.1011,2,1,1,1
err,42.1011,-137.38,-1.0
timing,42.1011,2.0,27.2
gate,42.1011,42.7,1.0,0.146,0.0
det,42.1011,1117.62,787.5,54.5,145.0,0.896,Body
det,42.1011,1134.62,788.0,16.0,20.0,0.799,Head
cover,42.133,2,1,1,1
err,42.133,-137.12,-0.54
timing,42.133,3.2,26.6
gate,42.133,42.7,1.0,0.146,0.0
det,42.133,1118.25,788.0,54.75,144.5,0.899,Body
det,42.133,1135.0,788.88,15.75,19.25,0.784,Head
cover,42.1658,2,1,1,1
err,42.1659,-134.38,-1.05
timing,42.1659,2.4,28.1
gate,42.1659,42.7,1.0,0.146,0.0
det,42.1659,1120.25,787.75,56.25,146.0,0.913,Body
det,42.1659,1137.75,788.5,15.75,19.0,0.805,Head
cover,42.1966,2,1,1,1
err,42.1967,-117.25,-4.01
timing,42.1967,2.1,26.2
gate,42.1967,42.7,1.0,0.146,0.0
det,42.1967,1138.19,785.25,55.62,144.0,0.911,Body
det,42.1967,1154.06,785.12,17.38,19.75,0.626,Head
cover,42.2271,3,1,2,1
err,42.2271,-109.12,-5.77
timing,42.2271,1.9,26.4
gate,42.2271,42.7,1.0,0.146,0.0
det,42.2271,1146.81,782.12,56.38,143.75,0.863,Body
det,42.2271,1162.75,783.5,16.25,19.5,0.61,Head
det,42.2271,1514.0,865.62,8.0,18.75,0.605,Body
cover,42.2595,2,1,1,1
err,42.2595,-102.75,-5.99
timing,42.2595,2.6,27.0
gate,42.2595,42.7,1.0,0.146,0.0
det,42.2595,1153.62,782.12,55.0,144.75,0.9,Body
det,42.2595,1168.88,782.88,16.75,20.25,0.744,Head
cover,42.2901,2,1,1,1
err,42.2902,-93.25,-6.05
timing,42.2902,2.7,25.3
gate,42.2901,42.7,1.0,0.146,0.0
det,42.2902,1161.5,781.0,54.75,143.5,0.87,Body
det,42.2902,1178.44,783.5,16.62,19.0,0.726,Head
cover,42.3235,2,1,1,1
err,42.3236,-87.0,-6.51
timing,42.3236,2.6,28.3
gate,42.3236,42.7,1.0,0.146,0.0
det,42.3236,1168.56,782.12,54.88,142.75,0.902,Body
det,42.3236,1184.38,782.62,17.25,19.75,0.792,Head
cover,42.3565,2,1,1,1
err,42.3565,-83.38,-6.77
timing,42.3565,2.5,28.3
gate,42.3565,42.7,1.0,0.146,0.0
det,42.3565,1171.81,781.75,55.88,144.5,0.912,Body
det,42.3565,1188.62,782.5,16.0,19.5,0.768,Head
lmb,42.3871,1
cover,42.3888,2,1,1,1
err,42.3889,-81.5,-6.77
timing,42.3889,2.0,26.2
gate,42.3889,81.8,1.0,0.0,0.0
det,42.3889,1173.75,781.75,57.25,145.5,0.89,Body
det,42.3889,1190.19,782.5,16.62,19.5,0.839,Head
cmd,42.3889,1,-12
cover,42.4236,2,1,1,1
err,42.4237,-81.12,-6.77
timing,42.4237,2.8,29.5
gate,42.4237,81.6,1.0,0.245,0.0
det,42.4237,1173.5,781.62,57.5,144.75,0.885,Body
det,42.4237,1190.25,782.5,17.25,19.5,0.816,Head
cover,42.4578,2,1,1,1
err,42.4579,-81.12,-6.77
timing,42.4579,2.6,28.4
gate,42.4579,81.5,1.0,0.211,0.0
det,42.4579,1173.5,781.62,57.5,144.75,0.884,Body
det,42.4579,1190.25,782.5,17.25,19.5,0.818,Head
lmb,42.4858,0
cover,42.4871,2,1,1,1
err,42.4872,-81.25,-6.58
timing,42.4872,1.9,24.2
gate,42.4872,81.5,1.0,0.182,0.0
det,42.4872,1173.5,781.88,57.5,144.25,0.886,Body
det,42.4872,1190.12,783.25,17.25,18.5,0.808,Head
cover,42.5164,2,1,1,1
err,42.5165,-82.25,1.96
timing,42.5165,1.6,25.1
gate,42.5165,81.8,1.0,0.152,0.0
det,42.5165,1173.19,791.0,56.62,145.5,0.877,Body
det,42.5165,1189.44,791.38,16.62,19.25,0.839,Head
cover,42.5486,2,1,1,1
err,42.5487,-82.38,1.95
timing,42.5487,1.7,27.5
gate,42.5487,82.1,1.0,0.12,0.0
det,42.5487,1173.06,791.38,56.88,145.25,0.877,Body
det,42.5487,1189.38,791.5,16.5,19.0,0.837,Head
cover,42.5781,3,1,2,1
err,42.5781,-82.38,1.94
timing,42.5781,2.7,24.5
gate,42.5781,82.3,1.0,0.091,0.0
det,42.5781,1173.0,791.38,56.75,145.25,0.875,Body
det,42.5781,1189.38,791.62,16.5,18.75,0.857,Head
det,42.5781,1512.5,858.5,8.0,19.0,0.528,Body
cover,42.6116,2,1,1,1
err,42.6117,-82.38,1.92
timing,42.6117,3.2,27.1
gate,42.6117,82.3,0.0,0.057,0.0
det,42.6117,1173.0,791.38,56.75,145.25,0.875,Body
det,42.6117,1189.25,791.75,16.75,18.5,0.851,Head
cover,42.6449,2,1,1,1
err,42.645,-82.25,1.94
timing,42.645,3.2,27.6
gate,42.645,82.3,0.0,0.024,0.0
det,42.645,1173.0,791.38,57.0,145.25,0.877,Body
det,42.645,1189.44,791.62,16.62,18.75,0.857,Head
cover,42.6774,2,1,1,1
err,42.6774,-82.38,1.94
timing,42.6774,3.5,26.0
gate,42.6774,82.4,0.0,0.0,0.0
det,42.6774,1172.75,791.0,57.5,147.5,0.881,Body
det,42.6774,1189.38,791.62,16.5,18.75,0.869,Head
cover,42.711,2,1,1,1
err,42.711,-82.25,1.94
timing,42.711,3.4,27.4
gate,42.711,82.3,0.0,0.0,0.0
det,42.711,1172.75,791.0,57.25,147.5,0.88,Body
det,42.711,1189.44,791.62,16.62,18.75,0.869,Head
cover,42.7442,2,1,1,1
err,42.7443,-82.25,1.94
timing,42.7443,4.3,27.3
gate,42.7443,82.3,0.0,0.0,0.0
det,42.7443,1172.75,791.0,57.0,147.5,0.88,Body
det,42.7443,1189.56,791.62,16.38,18.75,0.866,Head
cover,42.776,2,1,1,1
err,42.7761,-82.25,1.94
timing,42.7761,2.6,27.3
gate,42.7761,82.3,0.0,0.0,0.0
det,42.7761,1172.75,791.0,57.25,147.5,0.88,Body
det,42.7761,1189.56,791.62,16.38,18.75,0.872,Head
cover,42.8074,2,1,1,1
err,42.8075,-82.25,1.94
timing,42.8075,1.9,27.4
gate,42.8074,82.3,0.0,0.0,0.0
det,42.8075,1172.75,791.0,57.25,147.5,0.88,Body
det,42.8075,1189.56,791.62,16.38,18.75,0.871,Head
cover,42.8409,2,1,1,1
err,42.8411,-82.25,2.2
timing,42.8411,2.5,29.1
gate,42.8411,82.3,0.0,0.0,0.0
det,42.8411,1172.75,791.12,57.0,147.75,0.878,Body
det,42.8411,1189.5,791.75,16.5,19.0,0.871,Head
cover,42.8727,2,1,1,1
err,42.8728,-82.25,2.2
timing,42.8728,2.6,27.0
gate,42.8728,82.3,0.0,0.0,0.0
det,42.8728,1172.75,791.0,57.0,147.5,0.88,Body
det,42.8728,1189.62,791.75,16.25,19.0,0.872,Head
cover,42.9036,2,1,1,1
err,42.9037,-82.25,2.2
timing,42.9037,2.5,26.3
gate,42.9037,82.3,0.0,0.0,0.0
det,42.9037,1172.75,791.0,57.0,147.5,0.88,Body
det,42.9037,1189.56,791.75,16.38,19.0,0.875,Head
cover,42.9349,2,1,1,1
err,42.935,-81.75,21.9
timing,42.935,2.2,26.5
gate,42.935,82.3,0.0,0.0,0.0
det,42.935,1173.0,811.88,57.0,145.25,0.887,Body
det,42.935,1190.31,812.0,15.88,18.0,0.831,Head
cover,42.968,2,1,1,1
err,42.968,-82.25,19.44
timing,42.968,3.2,27.2
gate,42.968,82.3,0.0,0.0,0.0
det,42.968,1173.25,809.5,54.5,142.5,0.877,Body
det,42.968,1189.56,809.12,16.38,18.75,0.834,Head
cover,42.9971,2,1,1,1
err,42.9972,-81.5,16.46
timing,42.9972,3.1,24.0
gate,42.9972,82.3,0.0,0.0,0.0
det,42.9972,1172.94,805.25,57.12,146.0,0.887,Body
det,42.9972,1190.5,805.88,16.0,19.25,0.851,Head
cover,43.0282,2,1,1,1
err,43.0282,-81.5,11.96
timing,43.0282,2.3,26.1
gate,43.0282,82.3,0.0,0.0,0.0
det,43.0282,1173.19,801.12,56.62,145.75,0.898,Body
det,43.0282,1190.31,801.38,16.38,19.25,0.768,Head
cover,43.0596,2,1,1,1
err,43.0597,-81.25,8.48
timing,43.0597,3.5,25.6
gate,43.0597,82.3,0.0,0.0,0.0
det,43.0597,1173.5,796.88,57.25,146.25,0.891,Body
det,43.0597,1190.88,797.75,15.75,19.5,0.847,Head
cover,43.0874,2,1,1,1
err,43.0874,-81.5,7.7
timing,43.0874,2.2,23.0
gate,43.0874,82.3,0.0,0.0,0.0
det,43.0874,1173.25,797.0,57.25,144.5,0.893,Body
det,43.0874,1190.44,797.25,16.12,19.0,0.821,Head
cover,43.116,2,1,1,1
err,43.1161,-81.5,3.42
timing,43.1161,1.9,24.5
gate,43.1161,82.3,0.0,0.0,0.0
det,43.1161,1173.69,794.38,55.62,141.25,0.878,Body
det,43.1161,1190.44,793.25,16.12,18.5,0.812,Head
cover,43.1482,2,1,1,1
err,43.1483,-81.75,2.94
timing,43.1483,1.7,27.1
gate,43.1483,82.3,0.0,0.0,0.0
det,43.1483,1172.81,793.5,56.38,145.5,0.875,Body
det,43.1483,1190.0,792.62,16.5,18.75,0.83,Head
cover,43.1787,2,1,1,1
err,43.1787,-82.25,3.44
timing,43.1787,1.8,26.1
gate,43.1787,82.3,0.0,0.0,0.0
det,43.1787,1173.06,793.62,55.88,141.75,0.875,Body
det,43.1787,1189.5,793.12,16.5,18.75,0.833,Head
cover,43.2067,2,1,1,1
err,43.2067,-82.0,2.46
timing,43.2067,3.1,22.6
gate,43.2067,82.3,0.0,0.0,0.0
det,43.2067,1173.25,791.62,56.25,145.75,0.872,Body
det,43.2067,1189.88,791.88,16.25,19.25,0.82,Head
cover,43.2373,2,1,1,1
err,43.2374,-82.0,2.2
timing,43.2374,2.3,26.1
gate,43.2374,82.3,0.0,0.0,0.0
det,43.2374,1173.06,791.5,56.38,145.5,0.877,Body
det,43.2374,1189.81,791.75,16.38,19.0,0.858,Head
cover,43.2676,2,1,1,1
err,43.2676,-82.12,2.45
timing,43.2676,2.3,25.6
gate,43.2676,82.3,0.0,0.0,0.0
det,43.2676,1173.31,791.62,55.88,144.75,0.875,Body
det,43.2676,1189.75,792.0,16.25,19.0,0.866,Head
cover,43.2977,2,1,1,1
err,43.2977,-82.0,2.45
timing,43.2977,2.0,25.8
gate,43.2977,82.3,0.0,0.0,0.0
det,43.2977,1173.25,791.62,56.0,144.75,0.874,Body
det,43.2977,1189.81,792.0,16.38,19.0,0.867,Head
cover,43.3235,2,1,1,1
err,43.3235,-82.0,2.46
timing,43.3235,1.9,21.5
gate,43.3235,82.3,0.0,0.0,0.0
det,43.3235,1173.25,791.62,56.0,144.75,0.875,Body
det,43.3235,1189.81,791.88,16.38,19.25,0.864,Head
cover,43.3539,3,1,2,1
err,43.354,-82.0,2.46
timing,43.354,2.2,26.1
gate,43.354,82.3,0.0,0.0,0.0
det,43.354,1172.94,791.5,56.62,147.0,0.877,Body
det,43.354,1189.81,791.88,16.38,19.25,0.866,Head
det,43.354,1511.0,859.62,8.0,19.75,0.636,Body
cover,43.3835,2,1,1,1
err,43.3836,-81.25,2.46
timing,43.3836,2.3,24.9
gate,43.3836,82.3,0.0,0.0,0.0
det,43.3836,1173.0,791.12,56.25,142.75,0.87,Body
det,43.3836,1190.19,791.88,17.12,19.25,0.841,Head
cover,43.4141,3,1,2,1
err,43.4142,-79.38,2.44
timing,43.4142,2.2,26.1
gate,43.4142,82.3,0.0,0.0,0.0
det,43.4142,1176.75,792.0,54.75,140.5,0.881,Body
det,43.4142,1192.25,792.12,16.75,18.75,0.787,Head
det,43.4142,1512.5,863.88,8.0,20.25,0.637,Body
cover,43.4467,2,1,1,1
err,43.4467,-75.62,2.73
timing,43.4467,2.7,26.4
gate,43.4467,82.3,0.0,0.0,0.0
det,43.4467,1179.94,792.38,55.12,143.25,0.895,Body
det,43.4467,1195.5,792.0,17.75,19.5,0.74,Head
cover,43.4794,2,1,1,1
err,43.4794,-71.25,2.46
timing,43.4794,4.7,25.3
gate,43.4794,82.3,0.0,0.0,0.0
det,43.4794,1184.25,791.62,55.5,143.75,0.905,Body
det,43.4794,1200.81,791.88,15.88,19.25,0.749,Head
cover,43.5131,2,1,1,1
err,43.5131,-68.88,2.73
timing,43.5131,3.1,28.2
gate,43.5131,82.3,0.0,0.0,0.0
det,43.5131,1186.25,791.88,56.5,145.25,0.902,Body
det,43.5131,1203.0,792.0,16.25,19.5,0.753,Head
cover,43.5436,2,1,1,1
err,43.5436,-68.5,2.46
timing,43.5436,2.9,25.4
gate,43.5436,82.3,0.0,0.0,0.0
det,43.5436,1186.94,792.25,56.12,145.0,0.894,Body
det,43.5436,1203.06,791.88,16.88,19.25,0.726,Head
cover,43.5727,2,1,1,1
err,43.5727,-68.5,2.46
timing,43.5727,2.5,24.3
gate,43.5727,82.3,0.0,0.0,0.0
det,43.5727,1186.94,792.25,56.12,145.0,0.893,Body
det,43.5727,1203.06,791.88,16.88,19.25,0.721,Head
cover,43.6029,2,1,1,1
err,43.6029,-68.5,2.48
timing,43.6029,2.4,25.6
gate,43.6029,82.3,0.0,0.0,0.0
det,43.6029,1187.0,791.88,56.0,145.25,0.892,Body
det,43.6029,1203.06,791.75,16.88,19.5,0.726,Head
lmb,43.6333,1
cover,43.6344,2,1,1,1
err,43.6345,-68.5,2.48
timing,43.6345,2.2,25.9
gate,43.6345,68.5,1.0,0.0,0.0
det,43.6345,1186.75,792.25,56.25,145.0,0.892,Body
det,43.6345,1203.0,791.75,17.0,19.5,0.721,Head
cmd,43.6345,-92,3
cover,43.6641,2,1,1,1
err,43.6642,-68.5,2.46
timing,43.6642,1.4,26.1
gate,43.6642,68.5,1.0,0.25,0.0
det,43.6642,1186.75,792.38,56.25,145.25,0.893,Body
det,43.6642,1203.06,791.88,16.88,19.25,0.724,Head
cover,43.6967,2,1,1,1
err,43.6967,-68.5,2.48
timing,43.6967,2.2,27.2
gate,43.6967,68.5,1.0,0.218,0.0
det,43.6967,1186.75,791.88,56.25,145.25,0.892,Body
det,43.6967,1203.06,791.75,16.88,19.5,0.729,Head
lmb,43.7284,0
cover,43.7294,2,1,1,1
err,43.7295,-68.5,2.46
timing,43.7295,3.5,26.2
gate,43.7295,68.5,1.0,0.185,0.0
det,43.7295,1186.94,792.12,56.12,144.75,0.891,Body
det,43.7295,1203.06,791.88,16.88,19.25,0.731,Head
cover,43.7617,2,1,1,1
err,43.7618,0.5,-1.9
timing,43.7618,2.7,26.9
gate,43.7618,68.5,1.0,0.185,0.0
det,43.7618,1256.0,788.62,55.0,142.75,0.88,Body
det,43.7618,1273.12,788.75,14.75,17.0,0.537,Head
cover,43.7909,2,1,1,1
err,43.791,0.5,-2.16
timing,43.791,2.1,24.8
gate,43.791,68.5,1.0,0.185,0.0
det,43.791,1256.0,789.0,55.0,142.5,0.881,Body
det,43.791,1273.25,788.62,14.5,16.75,0.538,Head
nail,43.8212,1
cover,43.8221,2,1,1,1
err,43.8221,0.5,-1.62
timing,43.8221,2.4,26.2
gate,43.8221,68.5,1.0,0.185,0.0
det,43.8221,1255.62,788.5,55.75,143.0,0.885,Body
det,43.8221,1273.25,788.75,14.5,17.5,0.56,Head
cover,43.8236,2,1,1,1
err,43.8237,0.5,-1.62
timing,43.8237,2.4,26.2
gate,43.8237,68.5,1.0,0.185,0.0
det,43.8237,1255.62,788.5,55.75,143.0,0.885,Body
det,43.8237,1273.25,788.75,14.5,17.5,0.56,Head
cover,43.8676,2,1,1,1
err,43.8676,0.25,-1.06
timing,43.8676,1.5,25.2
gate,43.8676,68.5,1.0,0.185,0.0
det,43.8676,1255.62,788.62,55.75,142.75,0.886,Body
det,43.8676,1272.75,788.62,15.0,18.75,0.581,Head
cover,43.8697,2,1,1,1
err,43.8698,0.25,-1.06
timing,43.8698,1.5,25.2
gate,43.8698,68.5,1.0,0.185,0.0
det,43.8698,1255.62,788.62,55.75,142.75,0.886,Body
det,43.8698,1272.75,788.62,15.0,18.75,0.581,Head
cover,43.9098,2,1,1,1
err,43.9098,0.5,-1.06
timing,43.9098,1.5,21.4
gate,43.9098,68.5,1.0,0.185,0.0
det,43.9098,1255.62,788.5,55.75,143.0,0.887,Body
det,43.9098,1273.0,788.62,15.0,18.75,0.63,Head
cover,43.9114,2,1,1,1
err,43.9115,0.5,-1.06
timing,43.9115,1.5,21.4
gate,43.9114,68.5,1.0,0.185,0.0
det,43.9115,1255.62,788.5,55.75,143.0,0.887,Body
det,43.9115,1273.0,788.62,15.0,18.75,0.63,Head
cover,43.956,2,1,1,1
err,43.9561,1.0,17.33
timing,43.9561,1.5,25.5
gate,43.9561,68.5,1.0,0.185,0.0
det,43.9561,1255.88,808.25,56.25,141.5,0.889,Body
det,43.9561,1273.38,808.25,15.25,16.5,0.625,Head
cover,43.9579,2,1,1,1
err,43.9579,1.0,17.33
timing,43.9579,1.5,25.5
gate,43.9579,68.5,1.0,0.185,0.0
det,43.9579,1255.88,808.25,56.25,141.5,0.889,Body
det,43.9579,1273.38,808.25,15.25,16.5,0.625,Head
cover,43.9994,0,0,0,0
nearest,43.9994,-1
cover,44.0003,0,0,0,0
nearest,44.0003,-1
cover,44.0465,0,0,0,0
nearest,44.0465,-1
cover,44.0468,0,0,0,0
nearest,44.0468,-1
cover,44.101,0,0,0,0
nearest,44.1011,-1
cover,44.1015,0,0,0,0
nearest,44.1015,-1
cover,44.1519,0,0,0,0
nearest,44.1519,-1
cover,44.1522,0,0,0,0
nearest,44.1522,-1
cover,44.1934,0,0,0,0
nearest,44.1934,-1
cover,44.1936,0,0,0,0
nearest,44.1936,-1
cover,44.2339,1,0,1,0
nearest,44.2339,-1
cover,44.2348,1,0,1,0
nearest,44.2348,-1
cover,44.2763,1,0,1,0
nearest,44.2763,-1
cover,44.2765,1,0,1,0
nearest,44.2765,-1
cover,44.3169,0,0,0,0
nearest,44.3169,-1
cover,44.3181,0,0,0,0
nearest,44.3181,-1
cover,44.3597,0,0,0,0
nearest,44.3597,-1
cover,44.36,0,0,0,0
nearest,44.36,-1
cover,44.4037,0,0,0,0
nearest,44.4037,-1
cover,44.404,0,0,0,0
nearest,44.404,-1
cover,44.4475,0,0,0,0
nearest,44.4475,-1
cover,44.4477,0,0,0,0
nearest,44.4477,-1
cover,44.4888,0,0,0,0
nearest,44.4889,-1
cover,44.4891,0,0,0,0
nearest,44.4891,-1
cover,44.5296,0,0,0,0
nearest,44.5297,-1
cover,44.53,0,0,0,0
nearest,44.53,-1
cover,44.5708,1,0,1,0
nearest,44.5708,-1
cover,44.5718,1,0,1,0
nearest,44.5718,-1
cover,44.614,0,0,0,0
nearest,44.614,-1
cover,44.6153,0,0,0,0
nearest,44.6153,-1
cover,44.6605,0,0,0,0
nearest,44.6606,-1
cover,44.6609,0,0,0,0
nearest,44.6609,-1
cover,44.7051,0,0,0,0
nearest,44.7051,-1
cover,44.7055,0,0,0,0
nearest,44.7055,-1
cover,44.7529,0,0,0,0
nearest,44.7529,-1
cover,44.7533,0,0,0,0
nearest,44.7533,-1
cover,44.7971,0,0,0,0
nearest,44.7971,-1
cover,44.7973,0,0,0,0
nearest,44.7973,-1
cover,44.8395,0,0,0,0
nearest,44.8395,-1
cover,44.8401,0,0,0,0
nearest,44.8401,-1
cover,44.8827,0,0,0,0
nearest,44.8827,-1
cover,44.8831,0,0,0,0
nearest,44.8832,-1
cover,44.9288,0,0,0,0
nearest,44.9288,-1
cover,44.932,0,0,0,0
nearest,44.932,-1
cover,44.9787,0,0,0,0
nearest,44.9787,-1
cover,44.979,0,0,0,0
nearest,44.979,-1
cover,45.0251,0,0,0,0
nearest,45.0251,-1
cover,45.0254,0,0,0,0
nearest,45.0254,-1
cover,45.0658,0,0,0,0
nearest,45.0658,-1
cover,45.066,0,0,0,0
nearest,45.0661,-1
cover,45.106,0,0,0,0
nearest,45.106,-1
cover,45.1063,0,0,0,0
nearest,45.1063,-1
cover,45.1484,0,0,0,0
nearest,45.1484,-1
cover,45.1487,0,0,0,0
nearest,45.1487,-1
cover,45.1898,0,0,0,0
nearest,45.1898,-1
cover,45.1901,0,0,0,0
nearest,45.1901,-1
cover,45.2371,0,0,0,0
nearest,45.2371,-1
cover,45.2375,0,0,0,0
nearest,45.2375,-1
cover,45.2813,0,0,0,0
nearest,45.2813,-1
cover,45.2816,0,0,0,0
nearest,45.2816,-1
cover,45.3251,0,0,0,0
nearest,45.3252,-1
cover,45.3256,0,0,0,0
nearest,45.3256,-1
cover,45.3696,0,0,0,0
nearest,45.3696,-1
cover,45.3698,0,0,0,0
nearest,45.3698,-1
cover,45.4138,0,0,0,0
nearest,45.4138,-1
cover,45.414,0,0,0,0
nearest,45.414,-1
cover,45.4557,0,0,0,0
nearest,45.4557,-1
cover,45.4559,0,0,0,0
nearest,45.4559,-1
cover,45.4967,0,0,0,0
nearest,45.4968,-1
cover,45.4971,0,0,0,0
nearest,45.4971,-1
cover,45.5393,0,0,0,0
nearest,45.5393,-1
cover,45.5395,0,0,0,0
nearest,45.5395,-1
cover,45.5815,0,0,0,0
nearest,45.5815,-1
cover,45.5817,0,0,0,0
nearest,45.5817,-1
cover,45.6253,0,0,0,0
nearest,45.6253,-1
cover,45.6267,0,0,0,0
nearest,45.6267,-1
cover,45.6729,0,0,0,0
nearest,45.6729,-1
cover,45.6733,0,0,0,0
nearest,45.6733,-1
cover,45.7176,0,0,0,0
nearest,45.7176,-1
cover,45.7181,0,0,0,0
nearest,45.7181,-1
cover,45.7623,0,0,0,0
nearest,45.7623,-1
cover,45.7627,0,0,0,0
nearest,45.7627,-1
cover,45.8062,1,0,1,0
nearest,45.8062,-1
cover,45.8072,1,0,1,0
nearest,45.8072,-1
cover,45.8476,1,0,1,0
nearest,45.8477,-1
cover,45.8479,1,0,1,0
nearest,45.8479,-1
cover,45.8889,0,0,0,0
nearest,45.8889,-1
cover,45.8898,0,0,0,0
nearest,45.8898,-1
cover,45.932,1,0,1,0
nearest,45.9321,-1
cover,45.9331,1,0,1,0
nearest,45.9331,-1
cover,45.9737,0,0,0,0
nearest,45.9737,-1
cover,45.9745,0,0,0,0
nearest,45.9745,-1
cover,46.0163,1,0,1,0
nearest,46.0163,-1
cover,46.0173,1,0,1,0
nearest,46.0173,-1
cover,46.0594,1,0,1,0
nearest,46.0594,-1
cover,46.0596,1,0,1,0
nearest,46.0596,-1
cover,46.1074,1,0,1,0
nearest,46.1074,-1
cover,46.1077,1,0,1,0
nearest,46.1077,-1
cover,46.1553,0,0,0,0
nearest,46.1553,-1
cover,46.1567,0,0,0,0
nearest,46.1567,-1
cover,46.2016,0,0,0,0
nearest,46.2016,-1
cover,46.2019,0,0,0,0
nearest,46.2019,-1
cover,46.2471,0,0,0,0
nearest,46.2471,-1
cover,46.2474,0,0,0,0
nearest,46.2474,-1
cover,46.2902,0,0,0,0
nearest,46.2902,-1
cover,46.2904,0,0,0,0
nearest,46.2904,-1
cover,46.3331,1,0,1,0
nearest,46.3331,-1
cover,46.334,1,0,1,0
nearest,46.334,-1
cover,46.3782,0,0,0,0
nearest,46.3782,-1
cover,46.3793,0,0,0,0
nearest,46.3794,-1
cover,46.4292,0,0,0,0
nearest,46.4292,-1
cover,46.4296,0,0,0,0
nearest,46.4296,-1
cover,46.4736,0,0,0,0
nearest,46.4736,-1
cover,46.4738,0,0,0,0
nearest,46.4738,-1
cover,46.5155,1,0,1,0
nearest,46.5156,-1
cover,46.5166,1,0,1,0
nearest,46.5166,-1
cover,46.5584,1,0,1,0
nearest,46.5584,-1
cover,46.5587,1,0,1,0
nearest,46.5587,-1
cover,46.601,0,0,0,0
nearest,46.601,-1
cover,46.6019,0,0,0,0
nearest,46.6019,-1
cover,46.6433,0,0,0,0
nearest,46.6433,-1
cover,46.6437,0,0,0,0
nearest,46.6437,-1
cover,46.6861,0,0,0,0
nearest,46.6861,-1
cover,46.6866,0,0,0,0
nearest,46.6866,-1
cover,46.7307,0,0,0,0
nearest,46.7308,-1
cover,46.7311,0,0,0,0
nearest,46.7311,-1
cover,46.7739,0,0,0,0
nearest,46.7739,-1
cover,46.7742,0,0,0,0
nearest,46.7742,-1
cover,46.8188,0,0,0,0
nearest,46.8188,-1
cover,46.8191,0,0,0,0
nearest,46.8191,-1
cover,46.8638,0,0,0,0
nearest,46.8638,-1
cover,46.8641,0,0,0,0
nearest,46.8641,-1
cover,46.9083,1,0,1,0
nearest,46.9084,-1
cover,46.9093,1,0,1,0
nearest,46.9093,-1
cover,46.9521,1,0,1,0
nearest,46.9521,-1
cover,46.9523,1,0,1,0
nearest,46.9523,-1
cover,46.9919,0,0,0,0
nearest,46.9919,-1
cover,46.9929,0,0,0,0
nearest,46.9929,-1
cover,47.0351,0,0,0,0
nearest,47.0352,-1
cover,47.0354,0,0,0,0
nearest,47.0354,-1
cover,47.0775,0,0,0,0
nearest,47.0775,-1
cover,47.0777,0,0,0,0
nearest,47.0777,-1
cover,47.1177,0,0,0,0
nearest,47.1178,-1
cover,47.118,0,0,0,0
nearest,47.118,-1
cover,47.1582,0,0,0,0
nearest,47.1583,-1
cover,47.1586,0,0,0,0
nearest,47.1586,-1
cover,47.2005,0,0,0,0
nearest,47.2005,-1
cover,47.2008,0,0,0,0
nearest,47.2008,-1
cover,47.2429,0,0,0,0
nearest,47.2429,-1
cover,47.2432,0,0,0,0
nearest,47.2432,-1
cover,47.2846,0,0,0,0
nearest,47.2846,-1
cover,47.2848,0,0,0,0
nearest,47.2848,-1
cover,47.3253,0,0,0,0
nearest,47.3253,-1
cover,47.3256,0,0,0,0
nearest,47.3256,-1
cover,47.3675,0,0,0,0
nearest,47.3676,-1
cover,47.3679,0,0,0,0
nearest,47.3679,-1
cover,47.4112,0,0,0,0
nearest,47.4113,-1
cover,47.4116,0,0,0,0
nearest,47.4116,-1
cover,47.4602,0,0,0,0
nearest,47.4603,-1
cover,47.4611,0,0,0,0
nearest,47.4611,-1
cover,47.5066,0,0,0,0
nearest,47.5066,-1
cover,47.5069,0,0,0,0
nearest,47.5069,-1
cover,47.5488,0,0,0,0
nearest,47.5488,-1
cover,47.5491,0,0,0,0
nearest,47.5491,-1
cover,47.591,0,0,0,0
nearest,47.5911,-1
cover,47.5912,0,0,0,0
nearest,47.5912,-1
cover,47.6338,1,1,0,1
err,47.6339,-314.3,53.04
timing,47.6339,3.4,21.5
gate,47.6339,68.5,1.0,0.185,0.0
det,47.6339,959.06,830.62,13.27,40.75,0.401,Head
nail,47.6616,0
cover,47.6625,1,1,0,1
err,47.6625,-314.05,52.49
timing,47.6625,2.0,23.4
gate,47.6625,68.5,1.0,0.185,0.0
det,47.6625,959.2,830.62,13.5,39.75,0.436,Head
cover,47.6906,0,0,0,0
nearest,47.6906,-1
cover,47.7162,0,0,0,0
nearest,47.7162,-1
cover,47.7428,0,0,0,0
nearest,47.7428,-1
cover,47.7658,0,0,0,0
nearest,47.7658,-1
cover,47.7913,0,0,0,0
nearest,47.7913,-1
lmb,47.8171,1
cover,47.8182,0,0,0,0
nearest,47.8182,-1
cover,47.8459,0,0,0,0
nearest,47.8459,-1
cover,47.8699,0,0,0,0
nearest,47.8699,-1
lmb,47.8979,0
cover,47.8989,0,0,0,0
nearest,47.8989,-1
cover,47.925,0,0,0,0
nearest,47.9251,-1
nail,47.9488,1
cover,47.9497,0,0,0,0
nearest,47.9497,-1
cover,47.9763,0,0,0,0
nearest,47.9764,-1
cover,48.0005,0,0,0,0
nearest,48.0006,-1
cover,48.0263,0,0,0,0
nearest,48.0263,-1
cover,48.0506,0,0,0,0
nearest,48.0506,-1
cover,48.077,0,0,0,0
nearest,48.077,-1
cover,48.1029,0,0,0,0
nearest,48.1029,-1
cover,48.1333,0,0,0,0
nearest,48.1333,-1
cover,48.1622,0,0,0,0
nearest,48.1622,-1
cover,48.1911,0,0,0,0
nearest,48.1911,-1
cover,48.2186,0,0,0,0
nearest,48.2186,-1
cover,48.248,0,0,0,0
nearest,48.2481,-1
cover,48.2772,0,0,0,0
nearest,48.2772,-1
cover,48.3018,0,0,0,0
nearest,48.3018,-1
nail,48.3285,0
cover,48.3294,0,0,0,0
nearest,48.3294,-1
cover,48.3537,0,0,0,0
nearest,48.3537,-1
cover,48.381,0,0,0,0
nearest,48.381,-1
cover,48.4083,0,0,0,0
nearest,48.4083,-1
cover,48.4357,0,0,0,0
nearest,48.4357,-1
cover,48.4628,0,0,0,0
nearest,48.4628,-1
cover,48.4921,0,0,0,0
nearest,48.4921,-1
cover,48.5161,0,0,0,0
nearest,48.5161,-1
cover,48.5449,0,0,0,0
nearest,48.5449,-1
cover,48.5746,0,0,0,0
nearest,48.5746,-1
cover,48.5995,1,1,0,1
err,48.5996,-296.56,-26.92
timing,48.5996,1.5,22.7
gate,48.5996,68.5,1.0,0.185,0.0
det,48.5996,958.44,736.5,50.0,66.5,0.454,Head
cover,48.6253,1,1,0,1
err,48.6253,-288.25,-21.98
timing,48.6253,2.0,21.5
gate,48.6253,68.5,1.0,0.185,0.0
det,48.6253,964.12,739.25,55.25,70.5,0.661,Head
cover,48.6534,2,1,1,1
err,48.6535,-264.12,-20.55
timing,48.6535,2.1,23.9
gate,48.6535,68.5,1.0,0.185,0.0
det,48.6535,986.38,738.75,59.0,74.0,0.679,Head
det,48.6535,955.5,744.0,159.25,278.0,0.428,Body
cover,48.6818,2,1,1,1
err,48.6819,-252.12,-20.26
timing,48.6819,1.9,24.5
gate,48.6819,68.5,1.0,0.185,0.0
det,48.6819,998.28,738.62,59.19,74.75,0.893,Head
det,48.6819,954.88,738.62,174.0,277.75,0.435,Body
cover,48.7111,1,1,0,1
err,48.7112,-235.94,-22.23
timing,48.7112,1.8,24.9
gate,48.7112,68.5,1.0,0.185,0.0
det,48.7112,1014.88,739.0,58.38,70.5,0.898,Head
cover,48.7395,0,0,0,0
nearest,48.7395,-1
cover,48.766,0,0,0,0
nearest,48.7661,-1
cover,48.7923,0,0,0,0
nearest,48.7923,-1
cover,48.8168,0,0,0,0
nearest,48.8168,-1
cover,48.8421,0,0,0,0
nearest,48.8421,-1
cover,48.8664,0,0,0,0
nearest,48.8664,-1
cover,48.8921,0,0,0,0
nearest,48.8921,-1
cover,48.9159,0,0,0,0
nearest,48.9159,-1
cover,48.9423,0,0,0,0
nearest,48.9423,-1
cover,48.9685,0,0,0,0
nearest,48.9685,-1
cover,48.9973,0,0,0,0
nearest,48.9974,-1
cover,49.0265,0,0,0,0
nearest,49.0265,-1
cover,49.0529,0,0,0,0
nearest,49.0529,-1
cover,49.0823,0,0,0,0
nearest,49.0823,-1
cover,49.111,0,0,0,0
nearest,49.111,-1
cover,49.1354,0,0,0,0
nearest,49.1354,-1
cover,49.1617,0,0,0,0
nearest,49.1617,-1
cover,49.1858,0,0,0,0
nearest,49.1858,-1
cover,49.2135,0,0,0,0
nearest,49.2135,-1
cover,49.2416,0,0,0,0
nearest,49.2416,-1
cover,49.2661,0,0,0,0
nearest,49.2661,-1
cover,49.2925,0,0,0,0
nearest,49.2925,-1
cover,49.317,0,0,0,0
nearest,49.317,-1
cover,49.3424,0,0,0,0
nearest,49.3424,-1
cover,49.3663,0,0,0,0
nearest,49.3663,-1
cover,49.3924,0,0,0,0
nearest,49.3924,-1
cover,49.4177,0,0,0,0
nearest,49.4177,-1
cover,49.4436,0,0,0,0
nearest,49.4436,-1
cover,49.4674,1,1,0,1
err,49.4674,-229.25,-2.73
timing,49.4674,1.3,21.8
gate,49.4674,68.5,1.0,0.185,0.0
det,49.4674,1021.47,758.5,58.56,70.5,0.492,Head
cover,49.4955,1,1,0,1
err,49.4955,-229.25,-3.81
timing,49.4955,1.6,24.1
gate,49.4955,68.5,1.0,0.185,0.0
det,49.4955,1021.25,755.62,59.0,73.75,0.432,Head
cover,49.5211,1,1,0,1
err,49.5211,-229.12,-7.4
timing,49.5211,2.7,20.3
gate,49.5211,68.5,1.0,0.185,0.0
det,49.5211,1021.97,753.0,57.81,72.0,0.414,Head
cover,49.5484,1,1,0,1
err,49.5485,-229.88,-11.88
timing,49.5485,1.9,23.2
gate,49.5485,68.5,1.0,0.185,0.0
det,49.5485,1020.16,751.0,59.94,67.5,0.543,Head
cover,49.5764,0,0,0,0
nearest,49.5765,-1
cover,49.6016,0,0,0,0
nearest,49.6016,-1
cover,49.6282,0,0,0,0
nearest,49.6282,-1
cover,49.651,0,0,0,0
nearest,49.651,-1
cover,49.6773,0,0,0,0
nearest,49.6773,-1
cover,49.7012,0,0,0,0
nearest,49.7012,-1
cover,49.728,0,0,0,0
nearest,49.728,-1
cover,49.7523,0,0,0,0
nearest,49.7523,-1
cover,49.7787,0,0,0,0
nearest,49.7787,-1
cover,49.8035,0,0,0,0
nearest,49.8035,-1
cover,49.8313,0,0,0,0
nearest,49.8314,-1
cover,49.8584,0,0,0,0
nearest,49.8584,-1
cover,49.8842,0,0,0,0
nearest,49.8842,-1
cover,49.9103,0,0,0,0
nearest,49.9103,-1
cover,49.9344,0,0,0,0
nearest,49.9344,-1
cover,49.9611,1,1,0,1
err,49.9611,-224.94,-18.65
timing,49.9611,3.6,22.2
gate,49.9611,68.5,1.0,0.185,0.0
det,49.9611,1026.38,739.0,57.38,77.0,0.715,Head
cover,49.9898,1,1,0,1
err,49.9898,-216.0,-22.54
timing,49.9898,3.0,23.6
gate,49.9898,68.5,1.0,0.185,0.0
det,49.9898,1034.47,739.38,59.06,69.25,0.741,Head
cover,50.0175,1,1,0,1
err,50.0175,-208.38,-20.02
timing,50.0175,1.8,23.8
gate,50.0175,68.5,1.0,0.185,0.0
det,50.0175,1041.72,739.0,59.81,74.5,0.764,Head
cover,50.0464,1,1,0,1
err,50.0465,-188.75,-20.85
timing,50.0465,1.9,24.7
gate,50.0465,68.5,1.0,0.185,0.0
det,50.0465,1061.94,739.0,58.62,73.0,0.808,Head
cover,50.0753,1,1,0,1
err,50.0753,-170.12,-21.94
timing,50.0753,1.4,24.6
gate,50.0753,68.5,1.0,0.185,0.0
det,50.0753,1081.62,738.88,56.5,71.25,0.623,Head
cover,50.1035,1,1,0,1
err,50.1035,-160.88,-18.11
timing,50.1035,2.5,23.2
gate,50.1035,68.5,1.0,0.185,0.0
det,50.1035,1090.62,739.12,57.0,77.75,0.601,Head
cover,50.1313,1,1,0,1
err,50.1313,-160.5,-18.12
timing,50.1313,2.1,23.7
gate,50.1313,68.5,1.0,0.185,0.0
det,50.1313,1090.81,739.25,57.38,77.5,0.724,Head
cover,50.1595,1,1,0,1
err,50.1595,-160.75,-19.45
timing,50.1595,2.1,24.0
gate,50.1595,68.5,1.0,0.185,0.0
det,50.1595,1089.62,738.75,59.25,76.0,0.691,Head
cover,50.1851,1,1,0,1
err,50.1851,-160.75,-18.14
timing,50.1851,2.0,21.4
gate,50.1851,68.5,1.0,0.185,0.0
det,50.1851,1090.81,739.38,56.88,77.25,0.686,Head
cover,50.2144,1,1,0,1
err,50.2145,-160.75,-18.15
timing,50.2145,1.7,25.2
gate,50.2145,68.5,1.0,0.185,0.0
det,50.2145,1090.81,739.5,56.88,77.0,0.694,Head
cover,50.243,1,1,0,1
err,50.243,-160.88,-18.11
timing,50.243,1.6,24.4
gate,50.243,68.5,1.0,0.185,0.0
det,50.243,1090.5,739.12,57.25,77.75,0.706,Head
cover,50.2695,1,1,0,1
err,50.2695,-160.5,-17.39
timing,50.2695,1.4,23.0
gate,50.2695,68.5,1.0,0.185,0.0
det,50.2695,1088.69,737.38,61.62,82.25,0.732,Head
cover,50.2988,1,1,0,1
err,50.2989,-160.75,-17.3
timing,50.2989,2.2,24.9
gate,50.2989,68.5,1.0,0.185,0.0
det,50.2989,1090.56,739.25,57.38,79.0,0.717,Head
cover,50.3264,1,1,0,1
err,50.3264,-160.75,-17.04
timing,50.3264,1.6,23.8
gate,50.3264,68.5,1.0,0.185,0.0
det,50.3264,1090.62,739.38,57.25,79.25,0.719,Head
cover,50.3509,1,1,0,1
err,50.3509,-160.75,-17.56
timing,50.3509,1.6,21.4
gate,50.3509,68.5,1.0,0.185,0.0
det,50.3509,1090.69,739.12,57.12,78.75,0.729,Head
cover,50.3777,1,1,0,1
err,50.3777,-160.75,-17.33
timing,50.3777,2.1,22.5
gate,50.3777,68.5,1.0,0.185,0.0
det,50.3777,1090.75,739.5,57.0,78.5,0.725,Head
cover,50.4082,1,1,0,1
err,50.4082,-160.75,-17.6
timing,50.4082,2.6,25.4
gate,50.4082,68.5,1.0,0.185,0.0
det,50.4082,1091.0,739.5,56.5,78.0,0.696,Head
cover,50.4367,1,1,0,1
err,50.4368,-161.0,-17.33
timing,50.4368,2.4,23.9
gate,50.4368,68.5,1.0,0.185,0.0
det,50.4368,1090.56,739.5,56.88,78.5,0.699,Head
cover,50.4657,1,1,0,1
err,50.4657,-162.12,-15.51
timing,50.4657,1.7,24.9
gate,50.4657,68.5,1.0,0.185,0.0
det,50.4657,1089.0,740.62,57.75,79.75,0.54,Head
cover,50.4927,0,0,0,0
nearest,50.4927,-1
cover,50.5207,0,0,0,0
nearest,50.5207,-1
cover,50.5496,0,0,0,0
nearest,50.5497,-1
cover,50.5763,0,0,0,0
nearest,50.5763,-1
cover,50.6018,0,0,0,0
nearest,50.6018,-1
cover,50.6307,0,0,0,0
nearest,50.6307,-1
cover,50.6536,0,0,0,0
nearest,50.6537,-1
cover,50.6802,0,0,0,0
nearest,50.6802,-1
cover,50.7037,0,0,0,0
nearest,50.7037,-1
cover,50.7315,0,0,0,0
nearest,50.7315,-1
cover,50.7595,0,0,0,0
nearest,50.7595,-1
cover,50.7859,0,0,0,0
nearest,50.7859,-1
cover,50.8132,0,0,0,0
nearest,50.8132,-1
cover,50.8376,1,1,0,1
err,50.8376,-163.75,1.96
timing,50.8376,3.5,19.9
gate,50.8376,68.5,1.0,0.185,0.0
det,50.8376,1086.97,758.38,58.56,79.25,0.413,Head
cover,50.8653,0,0,0,0
nearest,50.8654,-1
cover,50.8937,0,0,0,0
nearest,50.8937,-1
cover,50.9184,1,1,0,1
err,50.9184,-164.5,-12.74
timing,50.9184,1.6,22.5
gate,50.9184,68.5,1.0,0.185,0.0
det,50.9184,1085.62,751.38,59.75,65.25,0.49,Head
cover,50.9474,0,0,0,0
nearest,50.9475,-1
cover,50.9771,0,0,0,0
nearest,50.9771,-1
cover,51.003,1,1,0,1
err,51.003,-160.62,-17.7
timing,51.003,1.6,23.4
gate,51.003,68.5,1.0,0.185,0.0
det,51.003,1090.75,740.5,57.25,76.0,0.659,Head
cover,51.0304,1,1,0,1
err,51.0304,-160.75,-20.31
timing,51.0304,2.0,23.0
gate,51.0304,68.5,1.0,0.185,0.0
det,51.0304,1091.0,739.12,56.5,73.75,0.743,Head
cover,51.0582,1,1,0,1
err,51.0582,-160.62,-21.35
timing,51.0582,2.0,23.5
gate,51.0582,68.5,1.0,0.185,0.0
det,51.0582,1090.25,738.5,58.25,73.0,0.834,Head
cover,51.0863,1,1,0,1
err,51.0863,-160.25,-20.83
timing,51.0863,1.9,23.8
gate,51.0863,68.5,1.0,0.185,0.0
det,51.0863,1091.88,738.75,55.75,73.5,0.747,Head
cover,51.1141,1,1,0,1
err,51.1142,-160.5,-22.92
timing,51.1142,1.5,23.9
gate,51.1142,68.5,1.0,0.185,0.0
det,51.1142,1090.56,737.75,57.88,71.5,0.792,Head
cover,51.1437,1,1,0,1
err,51.1437,-160.5,-20.69
timing,51.1437,2.5,24.9
gate,51.1437,68.5,1.0,0.185,0.0
det,51.1437,1090.44,737.38,58.12,76.25,0.806,Head
cover,51.1713,1,1,0,1
err,51.1713,-160.38,-20.69
timing,51.1713,2.5,23.1
gate,51.1713,68.5,1.0,0.185,0.0
det,51.1713,1090.5,737.38,58.25,76.25,0.805,Head
cover,51.2016,1,1,0,1
err,51.2017,-160.5,-20.69
timing,51.2017,2.5,25.9
gate,51.2017,68.5,1.0,0.185,0.0
det,51.2017,1090.38,737.38,58.25,76.25,0.806,Head
cover,51.2283,1,1,0,1
err,51.2283,-160.5,-20.7
timing,51.2283,2.2,22.7
gate,51.2283,68.5,1.0,0.185,0.0
det,51.2283,1090.38,737.5,58.25,76.0,0.812,Head
cover,51.2563,1,1,0,1
err,51.2564,-159.25,-21.81
timing,51.2564,3.2,22.3
gate,51.2564,68.5,1.0,0.185,0.0
det,51.2564,1091.19,737.62,59.12,73.75,0.826,Head
cover,51.2851,1,1,0,1
err,51.2852,-155.5,-24.59
timing,51.2852,2.5,24.2
gate,51.2852,68.5,1.0,0.185,0.0
det,51.2852,1096.06,737.88,56.88,68.25,0.799,Head
cover,51.3134,1,1,0,1
err,51.3135,-144.62,-16.9
timing,51.3135,1.8,23.8
gate,51.3135,68.5,1.0,0.185,0.0
det,51.3135,1105.25,738.0,60.25,82.0,0.82,Head
cover,51.3404,1,1,0,1
err,51.3405,-127.75,-18.21
timing,51.3405,2.3,22.2
gate,51.3405,68.5,1.0,0.185,0.0
det,51.3405,1123.19,745.62,58.12,65.75,0.843,Head
cover,51.3678,1,1,0,1
err,51.3679,-116.25,-13.16
timing,51.3679,1.8,23.3
gate,51.3679,68.5,1.0,0.185,0.0
det,51.3679,1135.19,744.62,57.12,76.75,0.715,Head
cover,51.3956,1,1,0,1
err,51.3957,-93.0,-11.41
timing,51.3957,1.8,23.6
gate,51.3957,68.5,1.0,0.185,0.0
det,51.3957,1159.06,754.62,55.88,61.75,0.709,Head
cover,51.4227,1,1,0,1
err,51.4227,-80.0,-11.91
timing,51.4227,4.1,20.4
gate,51.4227,68.5,1.0,0.185,0.0
det,51.4227,1171.81,754.12,56.38,61.75,0.774,Head
cover,51.4513,1,1,0,1
err,51.4513,-75.0,1.23
timing,51.4513,2.3,24.1
gate,51.4513,68.5,1.0,0.185,0.0
det,51.4513,1177.25,763.0,55.5,69.5,0.822,Head
cover,51.4794,1,1,0,1
err,51.4795,-74.5,6.0
timing,51.4795,1.9,24.3
gate,51.4795,68.5,1.0,0.185,0.0
det,51.4795,1177.06,764.75,56.88,75.0,0.831,Head
cover,51.5066,1,1,0,1
err,51.5066,-73.88,20.39
timing,51.5066,4.3,20.5
gate,51.5066,68.5,1.0,0.185,0.0
det,51.5066,1178.0,777.62,56.25,77.75,0.624,Head
cover,51.535,1,1,0,1
err,51.535,-74.0,20.91
timing,51.535,2.0,24.2
gate,51.535,68.5,1.0,0.185,0.0
det,51.535,1177.81,777.88,56.38,78.25,0.656,Head
cover,51.5634,1,1,0,1
err,51.5634,-74.0,25.8
timing,51.5634,2.0,23.7
gate,51.5634,68.5,1.0,0.185,0.0
det,51.5634,1177.44,784.0,57.12,76.0,0.866,Head
cover,51.5881,1,1,0,1
err,51.5882,-74.0,25.79
timing,51.5882,2.0,20.4
gate,51.5882,68.5,1.0,0.185,0.0
det,51.5882,1177.44,784.12,57.12,75.75,0.864,Head
cover,51.6161,1,1,0,1
err,51.6161,-73.88,23.99
timing,51.6161,1.9,23.8
gate,51.6161,68.5,1.0,0.185,0.0
det,51.6161,1178.0,785.62,56.25,69.75,0.791,Head
cover,51.6445,1,1,0,1
err,51.6445,-74.0,25.09
timing,51.6445,1.8,24.2
gate,51.6445,68.5,1.0,0.185,0.0
det,51.6445,1177.81,785.62,56.38,71.75,0.809,Head
cover,51.6721,1,1,0,1
err,51.6722,-74.75,28.38
timing,51.6722,3.3,22.0
gate,51.6722,68.5,1.0,0.185,0.0
det,51.6722,1176.81,788.5,56.88,72.5,0.913,Head
cover,51.7012,1,1,0,1
err,51.7012,-74.75,28.11
timing,51.7012,2.9,24.0
gate,51.7012,68.5,1.0,0.185,0.0
det,51.7012,1176.81,788.38,56.88,72.25,0.906,Head
cover,51.7275,1,1,0,1
err,51.7275,-74.75,27.83
timing,51.7275,2.4,22.3
gate,51.7275,68.5,1.0,0.185,0.0
det,51.7275,1176.75,788.5,57.0,71.5,0.921,Head
cover,51.7556,1,1,0,1
err,51.7556,-74.62,29.67
timing,51.7556,3.0,22.3
gate,51.7556,68.5,1.0,0.185,0.0
det,51.7556,1177.0,789.25,56.75,73.5,0.884,Head
cover,51.7839,1,1,0,1
err,51.784,-74.5,29.66
timing,51.784,1.5,24.1
gate,51.784,68.5,1.0,0.185,0.0
det,51.784,1177.19,789.38,56.62,73.25,0.896,Head
cover,51.8111,1,1,0,1
err,51.8112,-74.75,28.64
timing,51.8112,1.5,23.4
gate,51.8112,68.5,1.0,0.185,0.0
det,51.8112,1176.69,788.62,57.12,72.75,0.911,Head
cover,51.8375,1,1,0,1
err,51.8376,-73.75,19.73
timing,51.8376,3.4,20.8
gate,51.8376,68.5,1.0,0.185,0.0
det,51.8376,1178.25,778.75,56.0,74.5,0.662,Head
cover,51.8656,1,1,0,1
err,51.8657,-73.75,20.27
timing,51.8657,1.8,24.1
gate,51.8657,68.5,1.0,0.185,0.0
det,51.8657,1178.25,778.75,56.0,75.5,0.696,Head
cover,51.8926,1,1,0,1
err,51.8926,-73.38,19.9
timing,51.8926,1.7,22.3
gate,51.8926,68.5,1.0,0.185,0.0
det,51.8926,1178.0,777.0,57.25,78.0,0.639,Head
cover,51.9201,0,0,0,0
nearest,51.9202,-1
cover,51.9485,1,1,0,1
err,51.9485,-58.25,-4.3
timing,51.9485,3.1,24.0
gate,51.9485,68.5,1.0,0.185,0.0
det,51.9485,1194.06,755.0,55.38,74.0,0.822,Head
cover,51.9779,1,1,0,1
err,51.978,-41.75,8.14
timing,51.978,1.8,25.4
gate,51.978,68.5,1.0,0.185,0.0
det,51.978,1208.75,762.62,59.0,82.75,0.512,Head
cover,52.0045,0,0,0,0
nearest,52.0045,-1
cover,52.0331,0,0,0,0
nearest,52.0331,-1
cover,52.0614,0,0,0,0
nearest,52.0614,-1
cover,52.0867,0,0,0,0
nearest,52.0868,-1
cover,52.1137,0,0,0,0
nearest,52.1137,-1
cover,52.1401,1,0,1,0
nearest,52.1401,-1
cover,52.1685,0,0,0,0
nearest,52.1685,-1
cover,52.1954,1,0,1,0
nearest,52.1954,-1
cover,52.2238,1,0,1,0
nearest,52.2238,-1
cover,52.2513,1,0,1,0
nearest,52.2513,-1
cover,52.2779,2,1,1,1
err,52.278,30.0,-26.23
timing,52.278,3.4,22.6
gate,52.278,68.5,1.0,0.185,0.0
det,52.278,1208.0,888.75,131.0,236.5,0.429,Body
det,52.278,1280.88,729.56,58.25,80.38,0.41,Head
cover,52.3065,2,1,1,1
err,52.3065,26.5,-25.88
timing,52.3065,1.8,24.4
gate,52.3065,68.5,1.0,0.185,0.0
det,52.3065,1201.62,884.0,138.75,243.0,0.473,Body
det,52.3065,1277.12,728.81,58.75,82.38,0.434,Head
cover,52.3341,2,1,1,1
err,52.3341,26.5,-26.17
timing,52.3341,2.1,23.3
gate,52.3341,68.5,1.0,0.185,0.0
det,52.3341,1277.25,729.0,58.5,81.5,0.485,Head
det,52.3341,1202.12,882.75,137.75,244.5,0.429,Body
cover,52.3616,1,1,0,1
err,52.3616,25.5,-26.56
timing,52.3616,1.6,23.5
gate,52.3616,68.5,1.0,0.185,0.0
det,52.3616,1277.5,730.12,56.0,78.75,0.542,Head
cover,52.3898,0,0,0,0
nearest,52.3898,-1
cover,52.4179,0,0,0,0
nearest,52.4179,-1
cover,52.4444,0,0,0,0
nearest,52.4445,-1
cover,52.4698,0,0,0,0
nearest,52.4699,-1
cover,52.4962,1,1,0,1
err,52.4963,17.5,-16.58
timing,52.4963,3.5,22.2
gate,52.4963,68.5,1.0,0.185,0.0
det,52.4963,1268.62,745.75,57.75,68.5,0.622,Head
cover,52.5279,1,1,0,1
err,52.5279,14.0,-5.2
timing,52.5279,3.4,25.5
gate,52.5279,68.5,1.0,0.185,0.0
det,52.5279,1264.62,753.0,58.75,76.0,0.637,Head
cover,52.5574,1,1,0,1
err,52.5575,14.0,-5.75
timing,52.5575,1.8,25.2
gate,52.5575,68.5,1.0,0.185,0.0
det,52.5575,1264.62,753.0,58.75,75.0,0.69,Head
lmb,52.5862,1
cover,52.5872,1,1,0,1
err,52.5873,14.0,-6.58
timing,52.5873,2.0,24.1
gate,52.5873,15.5,1.0,0.0,0.0
det,52.5873,1264.75,753.0,58.5,73.5,0.669,Head
cmd,52.5873,-37,-3
cover,52.6129,1,1,0,1
err,52.6129,14.0,-6.02
timing,52.6129,1.3,22.2
gate,52.6129,15.3,1.0,0.254,0.0
det,52.6129,1264.62,753.0,58.75,74.5,0.648,Head
cover,52.6406,1,1,0,1
err,52.6406,14.0,-6.02
timing,52.6406,4.4,21.1
gate,52.6406,15.3,1.0,0.227,1.0
det,52.6406,1264.75,753.0,58.5,74.5,0.692,Head
cmd,52.6406,19,-8
lmb,52.669,0
cover,52.6702,1,1,0,1
err,52.6702,14.0,-5.75
timing,52.6702,1.9,24.2
gate,52.6702,15.2,1.0,0.25,0.0
det,52.6702,1264.62,753.0,58.75,75.0,0.673,Head
cover,52.6959,1,1,0,1
err,52.696,14.25,-5.75
timing,52.696,1.6,22.2
gate,52.696,15.3,1.0,0.225,0.0
det,52.696,1264.75,753.0,59.0,75.0,0.75,Head
cover,52.7222,1,1,0,1
err,52.7223,14.5,-6.02
timing,52.7223,2.7,21.4
gate,52.7223,15.5,1.0,0.198,0.0
det,52.7223,1264.88,753.0,59.25,74.5,0.732,Head
cover,52.752,1,1,0,1
err,52.752,14.5,-5.76
timing,52.752,1.7,25.0
gate,52.752,15.6,1.0,0.169,0.0
det,52.752,1264.75,753.12,59.5,74.75,0.732,Head
cover,52.7794,0,0,0,0
nearest,52.7794,-1
cover,52.8071,0,0,0,0
nearest,52.8071,-1
cover,52.8349,0,0,0,0
nearest,52.8349,-1
cover,52.861,0,0,0,0
nearest,52.8612,-1
cover,52.8861,0,0,0,0
nearest,52.8861,-1
cover,52.9124,0,0,0,0
nearest,52.9124,-1
cover,52.9369,0,0,0,0
nearest,52.9369,-1
cover,52.9632,0,0,0,0
nearest,52.9632,-1
cover,52.987,0,0,0,0
nearest,52.987,-1
cover,53.0124,0,0,0,0
nearest,53.0124,-1
cover,53.0356,0,0,0,0
nearest,53.0356,-1
cover,53.0628,0,0,0,0
nearest,53.0628,-1
cover,53.0887,0,0,0,0
nearest,53.0887,-1
cover,53.1174,0,0,0,0
nearest,53.1174,-1
cover,53.1458,0,0,0,0
nearest,53.1458,-1
cover,53.1755,0,0,0,0
nearest,53.1755,-1
cover,53.2046,0,0,0,0
nearest,53.2046,-1
cover,53.2318,0,0,0,0
nearest,53.2318,-1
cover,53.2579,0,0,0,0
nearest,53.2579,-1
cover,53.2854,0,0,0,0
nearest,53.2854,-1
cover,53.3135,0,0,0,0
nearest,53.3136,-1
cover,53.3373,1,0,1,0
nearest,53.3373,-1
cover,53.3673,0,0,0,0
nearest,53.3673,-1
cover,53.3967,0,0,0,0
nearest,53.3967,-1
cover,53.4212,0,0,0,0
nearest,53.4212,-1
cover,53.4502,1,0,1,0
nearest,53.4503,-1
cover,53.4808,0,0,0,0
nearest,53.4808,-1
cover,53.5086,0,0,0,0
nearest,53.5086,-1
cover,53.5377,0,0,0,0
nearest,53.5377,-1
cover,53.5635,0,0,0,0
nearest,53.5635,-1
cover,53.588,0,0,0,0
nearest,53.5881,-1
cover,53.6133,0,0,0,0
nearest,53.6133,-1
cover,53.638,0,0,0,0
nearest,53.638,-1
cover,53.6658,0,0,0,0
nearest,53.6659,-1
cover,53.6921,0,0,0,0
nearest,53.6921,-1
cover,53.7185,0,0,0,0
nearest,53.7185,-1
cover,53.7462,2,1,1,1
err,53.7462,259.0,-82.95
timing,53.7462,3.7,23.2
gate,53.7462,15.6,1.0,0.169,0.0
det,53.7462,1515.5,709.25,46.0,95.5,0.911,Body
det,53.7462,1533.75,709.62,10.5,13.5,0.803,Head
cover,53.7738,2,1,1,1
err,53.7739,254.0,-79.53
timing,53.7739,2.0,23.4
gate,53.7739,15.6,1.0,0.169,0.0
det,53.7739,1510.5,712.12,46.0,97.75,0.911,Body
det,53.7739,1527.75,712.56,12.5,14.38,0.883,Head
cover,53.8018,2,1,1,1
err,53.8018,251.0,-74.42
timing,53.8018,2.3,23.4
gate,53.8018,15.6,1.0,0.169,0.0
det,53.8018,1507.5,718.5,45.0,97.0,0.888,Body
det,53.8018,1525.75,719.19,10.5,11.62,0.803,Head
cover,53.8314,2,1,1,1
err,53.8315,245.0,-49.33
timing,53.8315,1.9,25.6
gate,53.8315,15.6,1.0,0.169,0.0
det,53.8315,1500.5,743.0,47.0,97.0,0.904,Body
det,53.8315,1519.0,743.25,12.0,13.5,0.822,Head
cover,53.8594,2,1,1,1
err,53.8594,237.0,-39.81
timing,53.8594,3.2,22.5
gate,53.8594,15.6,1.0,0.169,0.0
det,53.8594,1492.5,752.88,47.0,98.25,0.896,Body
det,53.8594,1511.5,752.62,11.0,13.75,0.741,Head
cover,53.8871,2,1,1,1
err,53.8871,233.0,-28.86
timing,53.8871,2.1,23.5
gate,53.8871,15.6,1.0,0.169,0.0
det,53.8871,1488.25,764.12,47.5,96.75,0.876,Body
det,53.8871,1507.5,764.12,11.0,12.75,0.806,Head
cover,53.9159,2,1,1,1
err,53.9159,225.0,-18.3
timing,53.9159,2.0,24.6
gate,53.9159,15.6,1.0,0.169,0.0
det,53.9159,1483.25,773.5,45.5,97.5,0.922,Body
det,53.9159,1499.25,774.0,11.5,14.0,0.785,Head
cover,53.9483,2,1,1,1
err,53.9484,218.5,-10.65
timing,53.9484,4.5,25.4
gate,53.9483,15.6,1.0,0.169,0.0
det,53.9484,1475.0,781.62,45.0,97.75,0.877,Body
det,53.9484,1493.0,782.75,11.0,12.0,0.785,Head
cover,53.9753,2,1,1,1
err,53.9754,212.5,1.24
timing,53.9754,3.0,21.9
gate,53.9754,15.6,1.0,0.169,0.0
det,53.9754,1471.25,794.0,45.5,97.5,0.889,Body
det,53.9754,1487.0,793.12,11.0,14.75,0.882,Head
cover,54.0044,2,1,1,1
err,54.0044,209.5,3.2
timing,54.0044,2.1,24.8
gate,54.0044,15.6,1.0,0.169,0.0
det,54.0044,1466.88,795.25,45.25,99.0,0.914,Body
det,54.0044,1483.5,795.5,12.0,14.0,0.713,Head
cover,54.0323,2,1,1,1
err,54.0323,201.5,2.9
timing,54.0323,2.0,23.5
gate,54.0323,15.6,1.0,0.169,0.0
det,54.0323,1458.5,795.62,46.0,98.75,0.885,Body
det,54.0323,1475.5,795.75,12.0,13.0,0.744,Head
cover,54.0596,2,1,1,1
err,54.0597,194.0,0.69
timing,54.0597,2.6,22.7
gate,54.0597,15.6,1.0,0.169,0.0
det,54.0597,1451.38,792.75,47.25,99.5,0.909,Body
det,54.0597,1468.25,793.12,11.5,13.75,0.82,Head
cover,54.0878,2,1,1,1
err,54.0879,190.5,-0.33
timing,54.0879,2.0,23.9
gate,54.0879,15.6,1.0,0.169,0.0
det,54.0879,1447.12,791.25,46.75,100.5,0.916,Body
det,54.0879,1464.38,792.25,12.25,13.5,0.775,Head
cover,54.1174,2,1,1,1
err,54.1175,183.0,-2.12
timing,54.1175,2.2,25.3
gate,54.1174,15.6,1.0,0.169,0.0
det,54.1175,1441.12,791.12,45.75,98.75,0.88,Body
det,54.1175,1457.5,791.0,11.0,12.5,0.834,Head
cover,54.1428,2,1,1,1
err,54.1428,175.5,-3.85
timing,54.1428,2.8,20.2
gate,54.1428,15.6,1.0,0.169,0.0
det,54.1428,1432.0,789.38,47.5,100.25,0.9,Body
det,54.1428,1449.5,789.0,12.0,13.0,0.794,Head
cover,54.1712,2,1,1,1
err,54.1712,172.0,-4.86
timing,54.1712,2.1,24.1
gate,54.1712,15.6,1.0,0.169,0.0
det,54.1712,1427.88,788.25,47.25,101.0,0.887,Body
det,54.1712,1446.62,788.12,10.75,12.75,0.616,Head
cover,54.2002,1,0,1,0
nearest,54.2002,-1
cover,54.231,2,1,1,1
err,54.231,157.0,-7.26
timing,54.231,2.6,27.0
gate,54.231,15.6,1.0,0.169,0.0
det,54.231,1413.5,784.25,48.0,102.5,0.913,Body
det,54.231,1430.38,784.62,13.25,14.75,0.718,Head
cover,54.2599,2,1,1,1
err,54.26,150.0,-13.34
timing,54.26,1.6,24.8
gate,54.26,15.6,1.0,0.169,0.0
det,54.26,1407.75,780.0,46.0,100.0,0.878,Body
det,54.26,1424.38,779.38,11.25,13.25,0.833,Head
cover,54.2898,2,1,1,1
err,54.2899,146.0,-19.05
timing,54.2899,1.9,25.5
gate,54.2899,15.6,1.0,0.169,0.0
det,54.2899,1404.88,773.75,46.25,101.0,0.883,Body
det,54.2899,1420.12,773.25,11.75,14.0,0.573,Head
cover,54.318,2,1,1,1
err,54.3181,144.0,-27.34
timing,54.3181,2.1,23.9
gate,54.3181,15.6,1.0,0.169,0.0
det,54.3181,1401.0,765.38,48.5,102.25,0.909,Body
det,54.3181,1418.0,765.38,12.0,13.25,0.792,Head
cover,54.3489,2,1,1,1
err,54.349,136.5,-31.08
timing,54.349,2.6,25.9
gate,54.349,15.6,1.0,0.169,0.0
det,54.349,1395.0,761.38,47.0,104.25,0.879,Body
det,54.349,1410.62,761.5,11.75,13.5,0.743,Head
cover,54.3764,2,1,1,1
err,54.3765,129.5,-35.55
timing,54.3765,2.2,23.1
gate,54.3765,15.6,1.0,0.169,0.0
det,54.3765,1387.5,756.38,47.5,104.25,0.893,Body
det,54.3765,1403.5,756.75,12.0,14.0,0.761,Head
cover,54.4044,2,1,1,1
err,54.4045,126.0,-38.27
timing,54.4045,1.6,23.8
gate,54.4045,15.6,1.0,0.169,0.0
det,54.4045,1381.62,753.62,49.75,106.75,0.911,Body
det,54.4045,1399.62,753.75,12.75,14.5,0.793,Head
cover,54.4346,2,1,1,1
err,54.4347,118.25,-42.8
timing,54.4347,2.1,25.4
gate,54.4347,15.6,1.0,0.169,0.0
det,54.4347,1392.75,749.5,11.0,14.0,0.889,Head
det,54.4347,1376.88,748.88,46.25,106.25,0.876,Body
cover,54.4643,2,1,1,1
err,54.4644,111.0,-35.81
timing,54.4644,2.2,24.4
gate,54.4644,15.6,1.0,0.169,0.0
det,54.4644,1368.62,755.38,48.75,108.25,0.898,Body
det,54.4644,1384.88,756.62,12.25,13.75,0.776,Head
cover,54.4919,2,1,1,1
err,54.4919,103.0,-31.8
timing,54.4919,1.9,23.6
gate,54.4919,15.6,1.0,0.169,0.0
det,54.4919,1359.0,759.88,49.0,108.25,0.87,Body
det,54.4919,1376.5,760.5,13.0,14.0,0.699,Head
cover,54.5216,2,1,1,1
err,54.5216,98.75,-32.31
timing,54.5216,2.5,24.9
gate,54.5216,15.6,1.0,0.169,0.0
det,54.5216,1356.38,760.0,47.25,109.5,0.887,Body
det,54.5216,1372.25,760.12,13.0,13.75,0.755,Head
cover,54.5532,2,1,1,1
err,54.5532,88.5,-31.1
timing,54.5532,2.0,26.8
gate,54.5532,15.6,1.0,0.169,0.0
det,54.5532,1345.5,761.88,47.5,108.25,0.882,Body
det,54.5532,1362.38,761.75,12.25,13.0,0.781,Head
cover,54.5808,2,1,1,1
err,54.5809,78.5,-28.81
timing,54.5809,1.4,23.8
gate,54.5809,15.6,1.0,0.169,0.0
det,54.5809,1334.88,763.25,50.25,111.0,0.918,Body
det,54.5809,1352.25,763.62,12.5,13.75,0.857,Head
cover,54.6106,2,1,1,1
err,54.6106,73.0,-28.27
timing,54.6106,2.5,25.0
gate,54.6106,15.6,1.0,0.169,0.0
det,54.6106,1330.75,763.88,47.5,110.25,0.888,Body
det,54.6106,1346.75,763.75,12.5,14.5,0.687,Head
cover,54.6384,2,1,1,1
err,54.6385,70.75,-29.25
timing,54.6385,2.1,23.6
gate,54.6385,15.6,1.0,0.169,0.0
det,54.6385,1344.5,762.5,12.5,15.0,0.891,Head
det,54.6385,1328.38,763.12,48.25,110.75,0.879,Body
cover,54.6662,2,1,1,1
err,54.6662,67.25,-30.5
timing,54.6662,2.1,23.6
gate,54.6662,15.6,1.0,0.169,0.0
det,54.6662,1324.25,761.25,50.0,113.5,0.887,Body
det,54.6662,1340.5,761.25,13.5,15.0,0.757,Head
cover,54.6939,2,1,1,1
err,54.6939,63.75,-29.2
timing,54.6939,3.2,22.5
gate,54.6939,15.6,1.0,0.169,0.0
det,54.6939,1320.25,761.38,51.5,116.25,0.899,Body
det,54.6939,1337.0,762.0,13.5,16.0,0.794,Head
cover,54.7225,1,0,1,0
nearest,54.7226,-1
cover,54.7502,2,1,1,1
err,54.7502,61.0,-28.52
timing,54.7502,3.3,22.9
gate,54.7502,15.6,1.0,0.169,0.0
det,54.7502,1318.62,763.0,48.75,70.0,0.842,Body
det,54.7502,1334.75,763.5,12.5,14.5,0.837,Head
cover,54.7804,2,1,1,1
err,54.7804,58.0,-25.29
timing,54.7804,4.2,22.9
gate,54.7804,15.6,1.0,0.169,0.0
det,54.7804,1314.38,765.88,52.25,112.25,0.905,Body
det,54.7804,1331.62,766.88,12.75,14.25,0.804,Head
cover,54.8085,2,1,1,1
err,54.8085,57.75,-24.74
timing,54.8085,1.7,24.1
gate,54.8085,15.6,1.0,0.169,0.0
det,54.8085,1314.25,765.62,52.0,121.75,0.912,Body
det,54.8085,1330.75,766.88,14.0,15.25,0.806,Head
cover,54.8377,2,1,1,1
err,54.8378,56.5,-27.74
timing,54.8378,2.0,24.9
gate,54.8378,15.6,1.0,0.169,0.0
det,54.8378,1312.25,763.62,53.0,121.75,0.906,Body
det,54.8378,1330.0,763.88,13.0,15.25,0.819,Head
cover,54.8718,2,1,1,1
err,54.8718,56.5,-5.64
timing,54.8718,2.2,27.1
gate,54.8718,15.6,1.0,0.169,0.0
det,54.8718,1310.5,784.38,53.5,123.25,0.893,Body
det,54.8718,1328.88,784.88,15.25,17.25,0.676,Head
cover,54.905,2,1,1,1
err,54.905,55.75,-2.73
timing,54.905,3.1,27.0
gate,54.905,15.6,1.0,0.169,0.0
det,54.905,1310.12,788.12,54.75,123.75,0.878,Body
det,54.905,1329.25,788.75,13.0,15.5,0.66,Head
cover,54.9331,2,1,1,1
err,54.9331,55.0,-3.66
timing,54.9331,1.5,24.0
gate,54.9331,15.6,1.0,0.169,0.0
det,54.9331,1309.75,788.0,55.0,125.5,0.884,Body
det,54.9331,1327.88,787.12,14.25,16.75,0.809,Head
cover,54.9617,2,1,1,1
err,54.9617,55.0,-3.14
timing,54.9617,3.1,23.1
gate,54.9617,15.6,1.0,0.169,0.0
det,54.9617,1308.62,786.5,56.75,130.5,0.89,Body
det,54.9617,1328.12,787.38,13.75,17.25,0.855,Head
cover,54.9902,2,1,1,1
err,54.9903,55.0,-3.38
timing,54.9903,2.2,24.2
gate,54.9903,15.6,1.0,0.169,0.0
det,54.9903,1308.5,786.75,57.0,130.0,0.889,Body
det,54.9903,1328.12,787.0,13.75,17.5,0.842,Head
cover,55.0197,2,1,1,1
err,55.0198,55.25,-2.9
timing,55.0198,1.9,25.0
gate,55.0198,15.6,1.0,0.169,0.0
det,55.0198,1308.88,787.62,55.25,129.75,0.885,Body
det,55.0198,1328.5,787.75,13.5,17.0,0.785,Head
cover,55.0485,2,1,1,1
err,55.0486,55.0,-3.64
timing,55.0486,1.9,24.4
gate,55.0486,15.6,1.0,0.169,0.0
det,55.0486,1308.75,787.25,56.5,132.0,0.884,Body
det,55.0486,1328.12,786.88,13.75,17.25,0.757,Head
cover,55.0774,2,1,1,1
err,55.0774,54.5,-3.1
timing,55.0774,3.0,23.8
gate,55.0774,15.6,1.0,0.169,0.0
det,55.0774,1307.12,786.12,58.75,135.75,0.888,Body
det,55.0774,1327.12,787.0,14.75,18.0,0.82,Head
cover,55.1068,2,1,1,1
err,55.1069,55.0,-3.1
timing,55.1069,2.5,24.7
gate,55.1069,15.6,1.0,0.169,0.0
det,55.1069,1307.38,786.5,58.25,135.5,0.887,Body
det,55.1069,1327.75,787.0,14.5,18.0,0.821,Head
cover,55.1348,2,1,1,1
err,55.1348,55.0,-2.14
timing,55.1348,3.6,22.8
gate,55.1348,15.6,1.0,0.169,0.0
det,55.1348,1308.38,787.25,57.25,134.0,0.888,Body
det,55.1348,1328.12,788.38,13.75,17.25,0.866,Head
cover,55.1651,2,1,1,1
err,55.1651,54.0,12.35
timing,55.1651,3.0,25.0
gate,55.1651,15.6,1.0,0.169,0.0
det,55.1651,1308.12,802.62,55.75,133.75,0.881,Body
det,55.1651,1327.12,803.0,13.75,17.0,0.837,Head
cover,55.1933,2,1,1,1
err,55.1933,54.5,14.83
timing,55.1933,1.8,24.1
gate,55.1933,15.6,1.0,0.169,0.0
det,55.1933,1308.38,804.38,57.25,134.25,0.884,Body
det,55.1933,1327.88,805.75,13.25,16.5,0.855,Head
cover,55.222,2,1,1,1
err,55.222,52.25,23.89
timing,55.222,2.3,24.2
gate,55.222,15.6,1.0,0.169,0.0
det,55.222,1304.38,813.62,57.25,134.75,0.88,Body
det,55.222,1324.75,814.12,15.0,17.75,0.81,Head
cover,55.2515,2,1,1,1
err,55.2515,48.5,25.44
timing,55.2515,2.4,24.8
gate,55.2515,15.6,1.0,0.169,0.0
det,55.2515,1301.5,814.0,58.5,136.5,0.889,Body
det,55.2515,1320.75,815.12,15.5,18.75,0.826,Head
cover,55.2812,2,1,1,1
err,55.2812,53.5,23.36
timing,55.2812,3.8,23.6
gate,55.2812,15.6,1.0,0.169,0.0
det,55.2812,1306.38,813.25,58.25,139.0,0.888,Body
det,55.2812,1326.25,813.88,14.5,17.25,0.833,Head
cover,55.3098,2,1,1,1
err,55.3098,53.5,23.36
timing,55.3098,1.5,24.8
gate,55.3098,15.6,1.0,0.169,0.0
det,55.3098,1306.12,813.25,58.75,137.0,0.887,Body
det,55.3098,1326.0,813.88,15.0,17.25,0.86,Head
cover,55.3382,2,1,1,1
err,55.3382,53.75,23.36
timing,55.3382,2.1,24.2
gate,55.3382,15.6,1.0,0.169,0.0
det,55.3382,1305.88,813.12,59.25,136.75,0.891,Body
det,55.3382,1326.25,813.88,15.0,17.25,0.838,Head
cover,55.3678,2,1,1,1
err,55.3678,53.5,23.38
timing,55.3678,2.1,25.4
gate,55.3678,15.6,1.0,0.169,0.0
det,55.3678,1306.12,813.12,58.75,136.75,0.888,Body
det,55.3678,1326.12,813.75,14.75,17.5,0.846,Head
cover,55.3967,2,1,1,1
err,55.3968,53.5,23.38
timing,55.3968,2.4,24.5
gate,55.3968,15.6,1.0,0.169,0.0
det,55.3968,1305.88,813.12,59.25,136.75,0.889,Body
det,55.3968,1326.12,813.75,14.75,17.5,0.848,Head
cover,55.4265,2,1,1,1
err,55.4265,53.5,23.1
timing,55.4265,2.2,25.3
gate,55.4265,15.6,1.0,0.169,0.0
det,55.4265,1306.25,813.25,58.5,137.0,0.887,Body
det,55.4265,1326.12,813.75,14.75,17.0,0.841,Head
cover,55.4563,2,1,1,1
err,55.4564,55.0,23.88
timing,55.4564,1.5,25.4
gate,55.4564,15.6,1.0,0.169,0.0
det,55.4564,1308.5,814.0,59.0,136.0,0.9,Body
det,55.4564,1327.38,814.25,15.25,17.5,0.798,Head
cover,55.4853,2,1,1,1
err,55.4853,55.25,23.86
timing,55.4853,2.3,24.2
gate,55.4853,15.6,1.0,0.169,0.0
det,55.4853,1308.62,814.0,58.75,136.0,0.899,Body
det,55.4853,1327.75,814.38,15.0,17.25,0.79,Head
cover,55.5133,2,1,1,1
err,55.5134,53.5,23.36
timing,55.5134,4.6,21.0
gate,55.5134,15.6,1.0,0.169,0.0
det,55.5134,1306.12,813.5,58.75,137.0,0.896,Body
det,55.5134,1326.12,813.88,14.75,17.25,0.86,Head
cover,55.5424,2,1,1,1
err,55.5425,53.5,23.38
timing,55.5425,2.7,24.4
gate,55.5425,15.6,1.0,0.169,0.0
det,55.5425,1306.0,813.25,58.5,136.5,0.891,Body
det,55.5425,1326.12,813.75,14.75,17.5,0.851,Head
cover,55.5718,2,1,1,1
err,55.5719,53.75,22.85
timing,55.5719,2.2,25.1
gate,55.5719,15.6,1.0,0.169,0.0
det,55.5719,1306.62,813.5,58.75,137.0,0.887,Body
det,55.5719,1327.0,813.5,13.5,17.0,0.829,Head
cover,55.6016,2,1,1,1
err,55.6017,53.75,22.85
timing,55.6017,1.9,25.3
gate,55.6017,15.6,1.0,0.169,0.0
det,55.6017,1306.62,813.62,58.75,136.75,0.887,Body
det,55.6017,1327.0,813.5,13.5,17.0,0.83,Head
cover,55.6264,2,1,1,1
err,55.6265,53.5,19.1
timing,55.6265,1.4,21.8
gate,55.6265,15.6,1.0,0.169,0.0
det,55.6265,1307.0,810.12,57.0,135.75,0.875,Body
det,55.6265,1326.62,809.75,13.75,17.0,0.855,Head
cover,55.6546,2,1,1,1
err,55.6547,53.75,12.86
timing,55.6547,1.9,23.7
gate,55.6547,15.6,1.0,0.169,0.0
det,55.6547,1307.38,803.0,56.25,134.5,0.874,Body
det,55.6547,1327.0,803.38,13.5,17.25,0.705,Head
cover,55.6823,2,1,1,1
err,55.6823,54.0,8.1
timing,55.6823,2.4,22.8
gate,55.6823,15.6,1.0,0.169,0.0
det,55.6823,1306.75,798.5,58.5,137.5,0.887,Body
det,55.6823,1326.88,798.75,14.25,17.0,0.768,Head
cover,55.7118,2,1,1,1
err,55.7118,53.5,7.1
timing,55.7118,1.6,25.9
gate,55.7118,15.6,1.0,0.169,0.0
det,55.7118,1306.88,797.62,58.25,136.75,0.887,Body
det,55.7118,1326.38,797.75,14.25,17.0,0.826,Head
cover,55.7416,2,1,1,1
err,55.7417,53.75,7.6
timing,55.7417,2.6,25.2
gate,55.7417,15.6,1.0,0.169,0.0
det,55.7417,1307.0,798.75,58.5,133.5,0.869,Body
det,55.7417,1326.75,798.25,14.0,17.0,0.482,Head
cover,55.77,2,1,1,1
err,55.7701,59.75,3.36
timing,55.7701,1.8,23.8
gate,55.7701,15.6,1.0,0.169,0.0
det,55.7701,1312.75,794.38,58.0,135.25,0.901,Body
det,55.7701,1332.5,793.88,14.5,17.25,0.776,Head
cover,55.7998,2,1,1,1
err,55.7998,66.25,-0.11
timing,55.7998,3.7,23.5
gate,55.7998,15.6,1.0,0.169,0.0
det,55.7998,1318.88,790.5,57.25,132.5,0.889,Body
det,55.7998,1339.25,790.12,14.0,17.75,0.774,Head
cover,55.8281,2,1,1,1
err,55.8281,71.5,-1.85
timing,55.8281,1.9,24.2
gate,55.8281,15.6,1.0,0.169,0.0
det,55.8281,1324.12,787.12,58.75,135.75,0.896,Body
det,55.8281,1343.88,788.25,15.25,18.0,0.855,Head
cover,55.856,2,1,1,1
err,55.856,71.5,-1.85
timing,55.856,2.0,23.8
gate,55.856,15.6,1.0,0.169,0.0
det,55.856,1324.0,787.12,58.5,135.75,0.896,Body
det,55.856,1343.88,788.25,15.25,18.0,0.855,Head
cover,55.8809,2,1,1,1
err,55.881,71.5,-2.14
timing,55.881,2.1,21.2
gate,55.881,15.6,1.0,0.169,0.0
det,55.881,1325.12,787.5,58.75,134.0,0.889,Body
det,55.881,1344.75,788.38,13.5,17.25,0.851,Head
cover,55.9091,2,1,1,1
err,55.9092,71.5,-1.88
timing,55.9092,2.6,23.5
gate,55.9092,15.6,1.0,0.169,0.0
det,55.9092,1325.12,787.62,58.75,133.75,0.889,Body
det,55.9092,1344.75,788.5,13.5,17.5,0.864,Head
cover,55.9387,2,1,1,1
err,55.9388,63.5,0.46
timing,55.9388,2.3,24.2
gate,55.9388,15.6,1.0,0.169,0.0
det,55.9388,1316.38,789.88,58.25,134.25,0.899,Body
det,55.9388,1335.38,789.88,16.25,19.25,0.827,Head
cover,55.9688,2,1,1,1
err,55.9688,55.5,1.15
timing,55.9688,1.4,25.1
gate,55.9688,15.6,1.0,0.169,0.0
det,55.9688,1308.62,791.38,57.75,135.25,0.89,Body
det,55.9688,1327.88,791.25,15.25,18.0,0.791,Head
cover,55.997,2,1,1,1
err,55.997,55.5,1.15
timing,55.997,2.1,23.5
gate,55.997,15.6,1.0,0.169,0.0
det,55.997,1308.62,791.38,57.75,135.25,0.889,Body
det,55.997,1327.88,791.25,15.25,18.0,0.799,Head
cover,56.026,2,1,1,1
err,56.0261,55.5,0.89
timing,56.0261,1.9,25.0
gate,56.026,15.6,1.0,0.169,0.0
det,56.0261,1308.62,791.38,57.75,135.25,0.887,Body
det,56.0261,1327.88,791.12,15.25,17.75,0.794,Head
cover,56.0532,2,1,1,1
err,56.0532,55.5,0.89
timing,56.0532,1.5,23.3
gate,56.0532,15.6,1.0,0.169,0.0
det,56.0532,1308.62,791.38,57.75,135.25,0.886,Body
det,56.0532,1327.88,791.12,15.25,17.75,0.792,Head
cover,56.0828,2,1,1,1
err,56.0829,55.5,0.89
timing,56.0829,4.5,22.5
gate,56.0829,15.6,1.0,0.169,0.0
det,56.0829,1308.62,791.38,57.75,135.25,0.887,Body
det,56.0829,1327.88,791.12,15.25,17.75,0.779,Head
cover,56.1097,2,1,1,1
err,56.1098,55.5,0.89
timing,56.1098,1.6,23.3
gate,56.1097,15.6,1.0,0.169,0.0
det,56.1098,1308.62,791.38,57.75,135.25,0.887,Body
det,56.1098,1328.0,791.12,15.0,17.75,0.789,Head
cover,56.1381,2,1,1,1
err,56.1382,55.5,0.89
timing,56.1382,2.7,23.3
gate,56.1382,15.6,1.0,0.169,0.0
det,56.1382,1309.0,791.38,57.5,135.25,0.885,Body
det,56.1382,1327.88,791.12,15.25,17.75,0.785,Head
cover,56.1645,3,1,2,1
err,56.1645,55.5,0.89
timing,56.1645,2.8,21.1
gate,56.1645,15.6,1.0,0.169,0.0
det,56.1645,1308.75,791.25,57.5,135.5,0.885,Body
det,56.1645,1327.75,791.12,15.5,17.75,0.769,Head
det,56.1645,1508.25,847.75,7.5,20.5,0.43,Body
cover,56.1937,2,1,1,1
err,56.1938,55.5,0.89
timing,56.1938,2.0,24.8
gate,56.1938,15.6,1.0,0.169,0.0
det,56.1938,1308.88,791.38,58.25,135.25,0.887,Body
det,56.1938,1327.75,791.12,15.5,17.75,0.774,Head
cover,56.2229,2,1,1,1
err,56.223,54.0,2.86
timing,56.223,1.9,24.6
gate,56.223,15.6,1.0,0.169,0.0
det,56.223,1307.5,794.12,58.5,134.75,0.891,Body
det,56.223,1326.75,793.38,14.5,17.25,0.858,Head
cover,56.2477,2,1,1,1
err,56.2477,54.0,2.88
timing,56.2477,1.7,20.5
gate,56.2477,15.6,1.0,0.169,0.0
det,56.2477,1307.38,794.0,58.25,135.0,0.892,Body
det,56.2477,1326.62,793.25,14.75,17.5,0.858,Head
cover,56.2766,2,1,1,1
err,56.2766,54.0,2.88
timing,56.2766,2.3,24.8
gate,56.2766,15.6,1.0,0.169,0.0
det,56.2766,1307.38,794.0,58.25,135.0,0.892,Body
det,56.2766,1326.75,793.25,14.5,17.5,0.855,Head
cover,56.3042,2,1,1,1
err,56.3042,54.0,2.86
timing,56.3042,2.1,23.2
gate,56.3042,15.6,1.0,0.169,0.0
det,56.3042,1307.38,794.0,58.25,135.0,0.891,Body
det,56.3042,1326.62,793.38,14.75,17.25,0.855,Head
cover,56.3339,2,1,1,1
err,56.3339,54.0,2.88
timing,56.3339,2.8,25.1
gate,56.3339,15.6,1.0,0.169,0.0
det,56.3339,1307.38,794.0,58.25,135.0,0.89,Body
det,56.3339,1326.62,793.25,14.75,17.5,0.853,Head
cover,56.3597,2,1,1,1
err,56.3597,54.0,2.85
timing,56.3597,1.6,22.6
gate,56.3597,15.6,1.0,0.169,0.0
det,56.3597,1307.38,794.0,58.25,135.0,0.887,Body
det,56.3597,1326.62,793.5,14.75,17.0,0.851,Head
cover,56.387,2,1,1,1
err,56.387,54.0,2.86
timing,56.387,1.8,23.0
gate,56.387,15.6,1.0,0.169,0.0
det,56.387,1307.38,794.0,58.25,135.0,0.892,Body
det,56.387,1326.62,793.38,14.75,17.25,0.856,Head
cover,56.4182,2,1,1,1
err,56.4182,54.0,2.86
timing,56.4182,4.5,24.4
gate,56.4182,15.6,1.0,0.169,0.0
det,56.4182,1307.88,794.0,58.25,135.0,0.894,Body
det,56.4182,1326.62,793.38,14.75,17.25,0.85,Head
cover,56.4467,2,1,1,1
err,56.4467,54.0,2.86
timing,56.4467,2.0,23.6
gate,56.4467,15.6,1.0,0.169,0.0
det,56.4467,1307.5,794.0,58.5,135.0,0.896,Body
det,56.4467,1326.62,793.38,14.75,17.25,0.851,Head
cover,56.4734,2,1,1,1
err,56.4735,54.0,2.88
timing,56.4735,2.0,23.2
gate,56.4735,15.6,1.0,0.169,0.0
det,56.4735,1307.62,794.0,58.75,135.0,0.897,Body
det,56.4735,1326.62,793.25,14.75,17.5,0.851,Head
cover,56.5004,2,1,1,1
err,56.5004,54.0,2.88
timing,56.5004,2.4,22.7
gate,56.5004,15.6,1.0,0.169,0.0
det,56.5004,1307.88,794.0,58.25,135.0,0.897,Body
det,56.5004,1326.62,793.25,14.75,17.5,0.851,Head
cover,56.5274,2,1,1,1
err,56.5275,54.0,2.86
timing,56.5275,1.6,23.8
gate,56.5275,15.6,1.0,0.169,0.0
det,56.5275,1307.5,794.0,58.5,135.0,0.895,Body
det,56.5275,1326.62,793.38,14.75,17.25,0.844,Head
cover,56.5584,2,1,1,1
err,56.5584,54.0,2.86
timing,56.5584,1.9,26.8
gate,56.5584,15.6,1.0,0.169,0.0
det,56.5584,1307.62,794.0,58.75,135.0,0.896,Body
det,56.5584,1326.62,793.38,14.75,17.25,0.841,Head
cover,56.5902,2,1,1,1
err,56.5902,54.0,2.86
timing,56.5902,1.6,27.3
gate,56.5902,15.6,1.0,0.169,0.0
det,56.5902,1307.62,794.0,58.75,135.0,0.896,Body
det,56.5902,1326.62,793.38,14.75,17.25,0.842,Head
cover,56.6189,2,1,1,1
err,56.6189,54.0,2.86
timing,56.6189,1.8,24.5
gate,56.6189,15.6,1.0,0.169,0.0
det,56.6189,1307.75,794.0,58.5,135.0,0.896,Body
det,56.6189,1326.62,793.38,14.75,17.25,0.839,Head
cover,56.653,2,1,1,1
err,56.653,54.0,2.86
timing,56.653,2.7,29.2
gate,56.653,15.6,1.0,0.169,0.0
det,56.653,1307.75,794.0,58.5,135.0,0.895,Body
det,56.653,1326.62,793.38,14.75,17.25,0.846,Head
cover,56.6821,2,1,1,1
err,56.6822,54.0,2.86
timing,56.6822,3.6,23.2
gate,56.6822,15.6,1.0,0.169,0.0
det,56.6822,1307.88,794.0,58.25,135.0,0.895,Body
det,56.6822,1326.62,793.38,14.75,17.25,0.839,Head
cover,56.7122,2,1,1,1
err,56.7122,54.0,2.86
timing,56.7122,2.3,25.7
gate,56.7122,15.6,1.0,0.169,0.0
det,56.7122,1307.75,794.0,58.5,135.0,0.896,Body
det,56.7122,1326.62,793.38,14.75,17.25,0.841,Head
cover,56.7394,2,1,1,1
err,56.7394,54.0,2.86
timing,56.7394,2.8,22.8
gate,56.7394,15.6,1.0,0.169,0.0
det,56.7394,1307.75,794.0,58.5,135.0,0.896,Body
det,56.7394,1326.62,793.38,14.75,17.25,0.833,Head
cover,56.7644,2,1,1,1
err,56.7645,55.0,2.39
timing,56.7645,1.6,21.0
gate,56.7645,15.6,1.0,0.169,0.0
det,56.7645,1308.5,793.25,58.5,134.5,0.896,Body
det,56.7645,1327.62,792.62,14.75,17.75,0.783,Head
cover,56.7933,2,1,1,1
err,56.7933,55.0,2.4
timing,56.7933,1.8,24.7
gate,56.7933,15.6,1.0,0.169,0.0
det,56.7933,1308.5,793.25,58.5,134.5,0.896,Body
det,56.7933,1327.62,792.5,14.75,18.0,0.792,Head
cover,56.8211,2,1,1,1
err,56.8211,54.5,22.86
timing,56.8211,1.4,23.8
gate,56.8211,15.6,1.0,0.169,0.0
det,56.8211,1308.12,813.5,57.75,124.0,0.884,Body
det,56.8211,1327.38,813.38,14.25,17.25,0.791,Head
cover,56.848,2,1,1,1
err,56.848,55.5,19.1
timing,56.848,2.7,21.8
gate,56.848,15.6,1.0,0.169,0.0
det,56.848,1309.25,809.88,57.5,107.25,0.854,Body
det,56.848,1328.5,809.75,14.0,17.0,0.841,Head
cover,56.8766,2,1,1,1
err,56.8767,55.5,17.67
timing,56.8767,1.8,24.7
gate,56.8767,15.6,1.0,0.169,0.0
det,56.8767,1328.12,807.5,14.75,18.5,0.828,Head
det,56.8767,1309.62,806.62,56.75,138.75,0.808,Body
cover,56.9061,3,1,2,1
err,56.9062,55.5,14.1
timing,56.9062,1.7,25.1
gate,56.9062,15.6,1.0,0.169,0.0
det,56.9062,1308.75,803.25,58.0,136.0,0.897,Body
det,56.9062,1328.62,804.75,13.75,17.0,0.872,Head
det,56.9062,1511.75,845.0,8.5,21.5,0.582,Body
cover,56.9401,2,1,1,1
err,56.9402,55.5,11.17
timing,56.9402,1.8,28.7
gate,56.9402,15.6,1.0,0.169,0.0
det,56.9402,1309.0,800.75,59.0,136.5,0.887,Body
det,56.9402,1328.12,801.0,14.75,18.5,0.764,Head
cover,56.971,2,1,1,1
err,56.971,55.5,7.88
timing,56.971,2.5,26.1
gate,56.971,15.6,1.0,0.169,0.0
det,56.971,1308.5,797.62,59.0,136.75,0.897,Body
det,56.971,1327.88,798.25,15.25,17.5,0.792,Head
cover,57.0,2,1,1,1
err,57.0,55.5,4.89
timing,57.0,3.2,23.4
gate,57.0,15.6,1.0,0.169,0.0
det,57.0,1309.0,795.0,58.5,135.5,0.906,Body
det,57.0,1328.0,795.12,15.0,17.75,0.844,Head
cover,57.0308,2,1,1,1
err,57.0308,55.5,4.42
timing,57.0308,3.6,25.2
gate,57.0308,15.6,1.0,0.169,0.0
det,57.0308,1308.88,794.12,58.25,135.75,0.905,Body
det,57.0308,1327.75,794.25,15.5,18.5,0.831,Head
cover,57.0595,2,1,1,1
err,57.0595,55.5,3.94
timing,57.0595,2.8,23.8
gate,57.0595,15.6,1.0,0.169,0.0
det,57.0595,1308.75,793.88,59.0,135.25,0.906,Body
det,57.0595,1328.0,793.62,15.0,18.75,0.846,Head
cover,57.0883,2,1,1,1
err,57.0883,55.5,1.94
timing,57.0883,2.0,24.6
gate,57.0883,15.6,1.0,0.169,0.0
det,57.0883,1309.0,791.5,58.0,135.0,0.895,Body
det,57.0883,1328.0,791.62,15.0,18.75,0.841,Head
cover,57.1175,2,1,1,1
err,57.1176,56.0,1.45
timing,57.1176,3.8,22.9
gate,57.1176,15.6,1.0,0.169,0.0
det,57.1176,1309.88,791.0,57.25,135.0,0.889,Body
det,57.1176,1327.88,791.0,16.25,19.0,0.736,Head
cover,57.1456,2,1,1,1
err,57.1456,56.0,0.91
timing,57.1456,1.4,24.3
gate,57.1456,15.6,1.0,0.169,0.0
det,57.1456,1309.88,790.88,57.25,135.25,0.889,Body
det,57.1456,1328.12,790.88,15.75,18.25,0.677,Head
cover,57.1736,2,1,1,1
err,57.1737,56.0,0.91
timing,57.1737,2.2,23.5
gate,57.1737,15.6,1.0,0.169,0.0
det,57.1737,1309.88,790.88,57.25,135.25,0.891,Body
det,57.1737,1328.12,790.88,15.75,18.25,0.712,Head
cover,57.2046,2,1,1,1
err,57.2046,56.0,0.91
timing,57.2046,1.8,26.7
gate,57.2046,15.6,1.0,0.169,0.0
det,57.2046,1309.88,790.88,57.25,135.25,0.892,Body
det,57.2046,1328.12,790.88,15.75,18.25,0.713,Head
cover,57.2327,2,1,1,1
err,57.2327,56.25,0.91
timing,57.2327,1.8,24.5
gate,57.2327,15.6,1.0,0.169,0.0
det,57.2327,1309.88,790.88,57.25,135.25,0.891,Body
det,57.2327,1328.5,790.88,15.5,18.25,0.706,Head
cover,57.2602,2,1,1,1
err,57.2602,54.0,1.67
timing,57.2602,2.6,23.3
gate,57.2602,15.6,1.0,0.169,0.0
det,57.2602,1307.88,791.62,58.25,134.75,0.887,Body
det,57.2602,1326.12,791.5,15.75,18.5,0.772,Head
cover,57.2886,2,1,1,1
err,57.2886,54.0,1.67
timing,57.2886,2.1,24.1
gate,57.2886,15.6,1.0,0.169,0.0
det,57.2886,1307.88,791.62,58.25,134.75,0.888,Body
det,57.2886,1326.12,791.5,15.75,18.5,0.772,Head
cover,57.3189,2,1,1,1
err,57.319,54.25,-5.55
timing,57.319,4.5,23.9
gate,57.319,15.6,1.0,0.169,0.0
det,57.319,1307.38,783.75,59.25,138.0,0.892,Body
det,57.319,1326.75,784.0,15.0,19.0,0.83,Head
cover,57.3477,2,1,1,1
err,57.3478,54.25,-5.55
timing,57.3478,2.0,24.7
gate,57.3478,15.6,1.0,0.169,0.0
det,57.3478,1307.38,783.75,59.25,138.0,0.893,Body
det,57.3478,1326.75,784.0,15.0,19.0,0.831,Head
cover,57.3762,2,1,1,1
err,57.3763,54.5,-11.1
timing,57.3763,2.4,24.5
gate,57.3763,15.6,1.0,0.169,0.0
det,57.3763,1307.75,778.75,57.5,136.0,0.892,Body
det,57.3763,1327.12,779.0,14.75,18.0,0.85,Head
cover,57.4051,2,1,1,1
err,57.4051,54.5,-12.11
timing,57.4051,1.8,24.6
gate,57.4051,15.6,1.0,0.169,0.0
det,57.4051,1307.88,778.5,57.25,135.5,0.895,Body
det,57.4051,1327.12,778.12,14.75,17.75,0.838,Head
cover,57.4385,2,1,1,1
err,57.4385,54.25,-12.11
timing,57.4385,3.2,27.5
gate,57.4385,15.6,1.0,0.169,0.0
det,57.4385,1307.88,778.5,57.25,135.5,0.895,Body
det,57.4385,1326.75,778.12,15.0,17.75,0.841,Head
cover,57.4663,2,1,1,1
err,57.4663,54.5,-12.11
timing,57.4663,1.9,24.1
gate,57.4663,15.6,1.0,0.169,0.0
det,57.4663,1307.88,778.5,57.25,135.5,0.896,Body
det,57.4663,1327.12,778.12,14.75,17.75,0.843,Head
cover,57.4968,2,1,1,1
err,57.4968,54.5,-12.11
timing,57.4968,2.5,25.6
gate,57.4968,15.6,1.0,0.169,0.0
det,57.4968,1307.88,778.5,57.25,135.5,0.896,Body
det,57.4968,1327.12,778.12,14.75,17.75,0.844,Head
cover,57.5271,2,1,1,1
err,57.5272,54.5,-12.11
timing,57.5272,2.9,25.7
gate,57.5272,15.6,1.0,0.169,0.0
det,57.5272,1307.88,778.5,57.25,135.5,0.896,Body
det,57.5272,1327.12,778.12,14.75,17.75,0.843,Head
cover,57.5565,2,1,1,1
err,57.5565,54.5,-8.11
timing,57.5565,2.0,25.0
gate,57.5565,15.6,1.0,0.169,0.0
det,57.5565,1307.38,781.88,58.25,137.25,0.892,Body
det,57.5565,1326.62,782.12,15.75,17.75,0.833,Head
cover,57.5887,2,1,1,1
err,57.5888,54.0,-5.83
timing,57.5888,3.8,25.6
gate,57.5888,15.6,1.0,0.169,0.0
det,57.5888,1307.38,783.75,59.25,138.0,0.891,Body
det,57.5888,1326.25,784.0,15.5,18.5,0.815,Head
cover,57.6227,2,1,1,1
err,57.6227,54.0,-5.83
timing,57.6227,3.4,28.2
gate,57.6227,15.6,1.0,0.169,0.0
det,57.6227,1307.5,783.75,59.5,138.0,0.893,Body
det,57.6227,1326.25,784.0,15.5,18.5,0.823,Head
cover,57.6559,2,1,1,1
err,57.6559,54.0,-5.35
timing,57.6559,5.3,25.1
gate,57.6559,15.6,1.0,0.169,0.0
det,57.6559,1307.62,784.5,59.75,138.5,0.893,Body
det,57.6559,1326.62,784.75,14.75,18.0,0.875,Head
cover,57.6844,2,1,1,1
err,57.6845,54.25,-5.35
timing,57.6845,2.7,23.5
gate,57.6845,15.6,1.0,0.169,0.0
det,57.6845,1307.62,784.5,59.75,138.5,0.892,Body
det,57.6845,1327.0,784.75,14.5,18.0,0.875,Head
cover,57.7134,2,1,1,1
err,57.7135,54.0,-5.35
timing,57.7135,2.0,24.8
gate,57.7135,15.6,1.0,0.169,0.0
det,57.7135,1307.62,784.38,59.75,138.25,0.893,Body
det,57.7135,1326.62,784.75,14.75,18.0,0.873,Head
cover,57.7684,2,1,1,1
err,57.7684,60.0,-4.61
timing,57.7684,1.7,50.5
gate,57.7684,15.6,1.0,0.169,0.0
det,57.7684,1313.38,784.62,56.25,135.75,0.888,Body
det,57.7684,1333.0,785.62,14.0,17.75,0.748,Head
cover,57.8044,2,1,1,1
err,57.8045,79.75,-4.56
timing,57.8045,1.7,32.1
gate,57.8045,15.6,1.0,0.169,0.0
det,57.8045,1331.88,784.0,58.25,136.0,0.895,Body
det,57.8045,1352.5,785.12,14.5,18.75,0.813,Head
cover,57.8324,2,1,1,1
err,57.8324,93.5,-5.66
timing,57.8324,1.7,23.6
gate,57.8324,15.6,1.0,0.169,0.0
det,57.8324,1347.0,785.38,57.0,134.25,0.875,Body
det,57.8324,1366.38,785.12,14.25,16.75,0.822,Head
cover,57.8641,2,1,1,1
err,57.8642,96.5,-4.08
timing,57.8642,2.9,26.3
gate,57.8642,15.6,1.0,0.169,0.0
det,57.8642,1349.0,784.75,58.0,135.0,0.894,Body
det,57.8642,1369.62,785.75,13.75,18.5,0.751,Head
cover,57.8931,2,1,1,1
err,57.8931,96.5,-4.08
timing,57.8931,3.4,23.4
gate,57.8931,15.6,1.0,0.169,0.0
det,57.8931,1349.0,785.0,58.0,135.0,0.895,Body
det,57.8931,1369.62,785.75,13.75,18.5,0.753,Head
cover,57.921,2,1,1,1
err,57.921,94.0,-1.14
timing,57.921,2.7,23.6
gate,57.921,15.6,1.0,0.169,0.0
det,57.921,1347.62,789.38,57.75,135.25,0.894,Body
det,57.921,1366.62,789.38,14.75,17.25,0.829,Head
cover,57.9489,2,1,1,1
err,57.9489,93.5,-1.14
timing,57.9489,2.0,23.4
gate,57.9489,15.6,1.0,0.169,0.0
det,57.9489,1346.38,789.12,58.25,135.75,0.894,Body
det,57.9489,1366.5,789.38,14.0,17.25,0.826,Head
cover,57.9752,2,1,1,1
err,57.9753,91.0,-1.66
timing,57.9753,3.1,21.4
gate,57.9753,15.6,1.0,0.169,0.0
det,57.9753,1345.0,788.75,57.5,136.5,0.894,Body
det,57.9753,1363.75,789.12,14.5,16.75,0.796,Head
cover,58.0044,2,1,1,1
err,58.0044,88.75,-1.17
timing,58.0044,2.6,24.2
gate,58.0044,15.6,1.0,0.169,0.0
det,58.0044,1342.88,789.0,58.25,135.0,0.891,Body
det,58.0044,1362.0,789.75,13.5,16.5,0.838,Head
cover,58.0337,2,1,1,1
err,58.0338,85.0,-1.09
timing,58.0338,1.8,24.8
gate,58.0338,15.6,1.0,0.169,0.0
det,58.0338,1338.0,789.5,56.5,134.5,0.894,Body
det,58.0338,1357.75,788.88,14.5,18.25,0.853,Head
cover,58.0625,2,1,1,1
err,58.0626,78.5,-1.15
timing,58.0626,1.9,24.1
gate,58.0626,15.6,1.0,0.169,0.0
det,58.0626,1331.12,788.0,58.75,136.5,0.896,Body
det,58.0626,1351.12,789.5,14.75,17.0,0.841,Head
cover,58.091,2,1,1,1
err,58.091,71.0,-1.4
timing,58.091,1.7,23.7
gate,58.091,15.6,1.0,0.169,0.0
det,58.091,1324.0,788.0,59.0,136.0,0.889,Body
det,58.091,1344.12,789.25,13.75,17.0,0.872,Head
cover,58.1198,2,1,1,1
err,58.1199,67.5,-1.38
timing,58.1199,1.5,25.1
gate,58.1199,15.6,1.0,0.169,0.0
det,58.1199,1320.25,788.88,58.5,135.25,0.89,Body
det,58.1199,1339.88,789.0,15.25,17.5,0.868,Head
cover,58.1482,2,1,1,1
err,58.1482,59.0,-16.11
timing,58.1482,2.0,24.1
gate,58.1482,15.6,1.0,0.169,0.0
det,58.1482,1312.5,773.12,56.0,135.75,0.905,Body
det,58.1482,1331.38,774.12,15.25,17.75,0.818,Head
cover,58.1764,2,1,1,1
err,58.1764,49.5,-19.56
timing,58.1764,3.0,22.9
gate,58.1764,15.6,1.0,0.169,0.0
det,58.1764,1302.88,769.5,57.25,135.0,0.889,Body
det,58.1764,1322.12,770.12,14.75,18.75,0.837,Head
cover,58.2054,2,1,1,1
err,58.2055,45.25,-17.45
timing,58.2055,1.5,24.8
gate,58.2054,15.6,1.0,0.169,0.0
det,58.2055,1299.0,773.5,57.5,135.0,0.9,Body
det,58.2055,1319.0,773.75,12.5,16.0,0.803,Head
cover,58.2343,2,1,1,1
err,58.2343,39.75,-17.38
timing,58.2343,1.8,24.5
gate,58.2343,15.6,1.0,0.169,0.0
det,58.2343,1292.88,771.88,56.25,135.25,0.895,Body
det,58.2343,1312.5,773.0,14.5,17.5,0.854,Head
cover,58.2626,2,1,1,1
err,58.2627,37.0,-17.11
timing,58.2627,1.9,24.2
gate,58.2627,15.6,1.0,0.169,0.0
det,58.2627,1309.75,773.12,14.5,17.75,0.903,Head
det,58.2627,1291.25,772.5,55.5,135.5,0.893,Body
cover,58.2922,2,1,1,1
err,58.2922,36.0,-16.09
timing,58.2922,2.9,24.3
gate,58.2922,15.6,1.0,0.169,0.0
det,58.2922,1308.25,773.88,15.5,18.25,0.896,Head
det,58.2922,1290.38,773.0,55.25,135.0,0.89,Body
cover,58.3224,2,1,1,1
err,58.3224,36.0,-16.09
timing,58.3224,2.7,25.3
gate,58.3224,15.6,1.0,0.169,0.0
det,58.3224,1308.38,773.88,15.25,18.25,0.896,Head
det,58.3224,1290.38,773.0,55.25,135.0,0.89,Body
cover,58.3492,2,1,1,1
err,58.3493,36.0,-16.09
timing,58.3493,2.1,23.2
gate,58.3493,15.6,1.0,0.169,0.0
det,58.3493,1308.38,773.88,15.25,18.25,0.896,Head
det,58.3493,1290.25,773.0,55.0,135.0,0.891,Body
cover,58.3763,2,1,1,1
err,58.3764,36.0,-16.09
timing,58.3764,3.3,21.8
gate,58.3764,15.6,1.0,0.169,0.0
det,58.3764,1290.5,773.0,55.0,135.0,0.892,Body
det,58.3764,1308.38,773.88,15.25,18.25,0.891,Head
cover,58.4048,2,1,1,1
err,58.4048,36.0,-16.09
timing,58.4048,1.9,24.3
gate,58.4048,15.6,1.0,0.169,0.0
det,58.4048,1290.5,773.0,55.0,135.0,0.891,Body
det,58.4048,1308.38,773.88,15.25,18.25,0.891,Head
cover,58.4348,2,1,1,1
err,58.4349,29.5,-14.61
timing,58.4349,2.6,25.5
gate,58.4349,15.6,1.0,0.169,0.0
det,58.4349,1283.75,775.38,58.0,135.25,0.906,Body
det,58.4349,1302.38,775.62,14.25,17.75,0.851,Head
cover,58.4645,2,1,1,1
err,58.4646,29.5,-13.85
timing,58.4646,1.8,24.8
gate,58.4646,15.6,1.0,0.169,0.0
det,58.4646,1283.0,776.0,57.0,135.0,0.911,Body
det,58.4646,1302.5,776.25,14.0,18.0,0.859,Head
cover,58.4924,2,1,1,1
err,58.4925,26.0,-12.62
timing,58.4925,2.0,23.7
gate,58.4925,15.6,1.0,0.169,0.0
det,58.4925,1278.5,777.0,57.5,136.5,0.908,Body
det,58.4925,1298.25,777.75,15.5,17.5,0.804,Head
cover,58.5214,2,1,1,1
err,58.5214,25.0,-12.88
timing,58.5214,2.2,24.6
gate,58.5214,15.6,1.0,0.169,0.0
det,58.5214,1277.12,777.0,57.75,136.0,0.9,Body
det,58.5214,1297.62,777.5,14.75,17.5,0.814,Head
cover,58.5519,2,1,1,1
err,58.5519,19.0,-9.61
timing,58.5519,2.1,26.2
gate,58.5519,15.6,1.0,0.169,0.0
det,58.5519,1272.12,780.25,57.75,136.0,0.887,Body
det,58.5519,1290.88,780.62,16.25,17.75,0.831,Head
cover,58.5819,2,1,1,1
err,58.5819,12.5,-6.88
timing,58.5819,1.9,26.0
gate,58.5819,15.6,1.0,0.169,0.0
det,58.5819,1266.5,782.88,54.5,134.25,0.887,Body
det,58.5819,1285.25,783.5,14.5,17.5,0.839,Head
cover,58.6104,2,1,1,1
err,58.6104,7.5,-7.1
timing,58.6104,3.4,23.0
gate,58.6104,15.6,1.0,0.169,0.0
det,58.6104,1260.5,782.25,58.0,136.0,0.9,Body
det,58.6104,1279.25,783.0,16.5,18.0,0.79,Head
cover,58.6394,2,1,1,1
err,58.6395,6.0,-6.11
timing,58.6395,2.3,24.7
gate,58.6395,15.6,1.0,0.169,0.0
det,58.6395,1259.0,783.0,59.0,137.0,0.892,Body
det,58.6395,1277.88,784.12,16.25,17.75,0.787,Head
cover,58.6681,2,1,1,1
err,58.6681,5.5,-6.61
timing,58.6681,2.6,23.7
gate,58.6681,15.6,1.0,0.169,0.0
det,58.6681,1257.62,783.25,58.75,136.5,0.883,Body
det,58.6681,1277.38,783.62,16.25,17.75,0.792,Head
cover,58.6988,2,1,1,1
err,58.6989,5.5,-6.61
timing,58.6989,2.4,26.2
gate,58.6989,15.6,1.0,0.169,0.0
det,58.6989,1257.62,783.0,58.75,137.0,0.883,Body
det,58.6989,1277.25,783.62,16.5,17.75,0.801,Head
cover,58.7326,2,1,1,1
err,58.7326,5.5,-6.61
timing,58.7326,3.6,27.6
gate,58.7326,15.6,1.0,0.169,0.0
det,58.7326,1257.5,783.0,59.0,137.0,0.884,Body
det,58.7326,1277.38,783.62,16.25,17.75,0.794,Head
cover,58.7612,2,1,1,1
err,58.7613,4.5,-5.6
timing,58.7613,2.8,23.6
gate,58.7613,15.6,1.0,0.169,0.0
det,58.7613,1259.12,784.0,54.75,134.5,0.88,Body
det,58.7613,1276.62,784.5,15.75,18.0,0.638,Head
cover,58.7911,2,1,1,1
err,58.7911,2.0,-4.05
timing,58.7911,2.2,25.4
gate,58.7911,15.6,1.0,0.169,0.0
det,58.7911,1254.38,785.12,57.25,136.75,0.887,Body
det,58.7911,1274.5,785.5,15.0,19.0,0.769,Head
cover,58.8209,2,1,1,1
err,58.8209,1.0,-4.08
timing,58.8209,3.1,24.6
gate,58.8209,15.6,1.0,0.169,0.0
det,58.8209,1254.12,785.5,56.75,135.0,0.898,Body
det,58.8209,1273.62,785.75,14.75,18.5,0.777,Head
cover,58.8488,2,1,1,1
err,58.8488,-0.5,-3.88
timing,58.8488,2.3,23.4
gate,58.8488,15.6,1.0,0.169,0.0
det,58.8488,1253.25,786.38,56.5,134.25,0.891,Body
det,58.8488,1272.62,786.5,13.75,17.5,0.537,Head
lmb,58.876,1
cover,58.8771,2,1,1,1
err,58.8771,-0.5,-3.88
timing,58.8771,1.8,23.3
gate,58.8771,15.6,1.0,0.169,0.0
det,58.8771,1253.25,786.38,56.5,134.25,0.891,Body
det,58.8771,1272.62,786.5,13.75,17.5,0.525,Head
nail,58.8785,1
cover,58.8791,2,1,1,1
err,58.8791,-0.5,-3.88
timing,58.8791,1.8,23.3
gate,58.8791,15.6,1.0,0.169,0.0
det,58.8791,1253.25,786.38,56.5,134.25,0.891,Body
det,58.8791,1272.62,786.5,13.75,17.5,0.525,Head
cover,58.9206,2,1,1,1
err,58.9206,-0.5,-3.88
timing,58.9206,1.3,23.3
gate,58.9206,15.6,1.0,0.169,0.0
det,58.9206,1253.12,786.38,56.75,134.25,0.891,Body
det,58.9206,1272.62,786.5,13.75,17.5,0.527,Head
cover,58.9223,2,1,1,1
err,58.9224,-0.5,-3.88
timing,58.9224,1.3,23.3
gate,58.9224,15.6,1.0,0.169,0.0
det,58.9224,1253.12,786.38,56.75,134.25,0.891,Body
det,58.9224,1272.62,786.5,13.75,17.5,0.527,Head
lmb,58.9655,0
cover,58.9667,2,1,1,1
err,58.9667,-0.5,-3.88
timing,58.9667,1.9,23.7
gate,58.9667,15.6,1.0,0.169,0.0
det,58.9667,1253.12,786.75,56.75,134.0,0.889,Body
det,58.9667,1272.62,786.5,13.75,17.5,0.502,Head
cover,58.9682,2,1,1,1
err,58.9683,-0.5,-3.88
timing,58.9683,1.9,23.7
gate,58.9683,15.6,1.0,0.169,0.0
det,58.9683,1253.12,786.75,56.75,134.0,0.889,Body
det,58.9683,1272.62,786.5,13.75,17.5,0.502,Head
cover,59.0098,2,1,1,1
err,59.0098,-0.5,-3.88
timing,59.0098,2.4,22.0
gate,59.0098,15.6,1.0,0.169,0.0
det,59.0098,1253.38,786.75,56.25,134.0,0.888,Body
det,59.0098,1272.62,786.5,13.75,17.5,0.468,Head
cover,59.0116,2,1,1,1
err,59.0117,-0.5,-3.88
timing,59.0117,2.4,22.0
gate,59.0117,15.6,1.0,0.169,0.0
det,59.0117,1253.38,786.75,56.25,134.0,0.888,Body
det,59.0117,1272.62,786.5,13.75,17.5,0.468,Head
cover,59.0529,2,1,1,1
err,59.053,0.5,13.26
timing,59.053,1.3,22.3
gate,59.053,15.6,1.0,0.169,0.0
det,59.053,1253.5,804.0,58.5,132.5,0.887,Body
det,59.053,1273.38,804.88,14.25,15.25,0.852,Head
cover,59.0552,2,1,1,1
err,59.0553,0.5,13.26
timing,59.0553,1.3,22.3
gate,59.0552,15.6,1.0,0.169,0.0
det,59.0553,1253.5,804.0,58.5,132.5,0.887,Body
det,59.0553,1273.38,804.88,14.25,15.25,0.852,Head
cover,59.0939,0,0,0,0
nearest,59.0939,-1
cover,59.0948,0,0,0,0
nearest,59.0948,-1
cover,59.1359,0,0,0,0
nearest,59.1359,-1
cover,59.1362,0,0,0,0
nearest,59.1362,-1
cover,59.1762,0,0,0,0
nearest,59.1763,-1
cover,59.1765,0,0,0,0
nearest,59.1765,-1
cover,59.2167,0,0,0,0
nearest,59.2167,-1
cover,59.2169,0,0,0,0
nearest,59.2169,-1
cover,59.2577,0,0,0,0
nearest,59.2577,-1
cover,59.258,0,0,0,0
nearest,59.258,-1
cover,59.301,0,0,0,0
nearest,59.301,-1
cover,59.3014,0,0,0,0
nearest,59.3014,-1
cover,59.3434,0,0,0,0
nearest,59.3434,-1
cover,59.3436,0,0,0,0
nearest,59.3437,-1
cover,59.3835,1,0,1,0
nearest,59.3835,-1
cover,59.3844,1,0,1,0
nearest,59.3844,-1
cover,59.428,0,0,0,0
nearest,59.428,-1
cover,59.4288,0,0,0,0
nearest,59.4288,-1
cover,59.4705,1,0,1,0
nearest,59.4705,-1
cover,59.4715,1,0,1,0
nearest,59.4715,-1
cover,59.5129,1,0,1,0
nearest,59.5129,-1
cover,59.5132,1,0,1,0
nearest,59.5132,-1
cover,59.555,1,0,1,0
nearest,59.555,-1
cover,59.5553,1,0,1,0
nearest,59.5553,-1
cover,59.5973,1,0,1,0
nearest,59.5973,-1
cover,59.5975,1,0,1,0
nearest,59.5976,-1
cover,59.6389,0,0,0,0
nearest,59.6389,-1
cover,59.6398,0,0,0,0
nearest,59.6398,-1
cover,59.6816,1,0,1,0
nearest,59.6816,-1
cover,59.6827,1,0,1,0
nearest,59.6827,-1
cover,59.7251,0,0,0,0
nearest,59.7251,-1
cover,59.7261,0,0,0,0
nearest,59.7261,-1
cover,59.7664,0,0,0,0
nearest,59.7664,-1
cover,59.7666,0,0,0,0
nearest,59.7666,-1
cover,59.8069,0,0,0,0
nearest,59.807,-1
cover,59.8072,0,0,0,0
nearest,59.8072,-1
cover,59.8503,0,0,0,0
nearest,59.8503,-1
cover,59.8506,0,0,0,0
nearest,59.8506,-1
cover,59.8915,0,0,0,0
nearest,59.8915,-1
cover,59.8919,0,0,0,0
nearest,59.8919,-1
cover,59.9334,0,0,0,0
nearest,59.9334,-1
cover,59.9336,0,0,0,0
nearest,59.9336,-1
cover,59.9749,0,0,0,0
nearest,59.9749,-1
cover,59.9751,0,0,0,0
nearest,59.9751,-1
cover,60.0173,0,0,0,0
nearest,60.0173,-1
cover,60.0175,0,0,0,0
nearest,60.0175,-1
cover,60.0573,0,0,0,0
nearest,60.0573,-1
cover,60.0575,0,0,0,0
nearest,60.0575,-1
cover,60.0963,0,0,0,0
nearest,60.0963,-1
cover,60.0966,0,0,0,0
nearest,60.0966,-1
cover,60.1384,0,0,0,0
nearest,60.1384,-1
cover,60.1387,0,0,0,0
nearest,60.1387,-1
cover,60.1786,0,0,0,0
nearest,60.1786,-1
cover,60.1788,0,0,0,0
nearest,60.1788,-1
cover,60.2196,0,0,0,0
nearest,60.2197,-1
cover,60.2198,0,0,0,0
nearest,60.2198,-1
cover,60.2627,1,0,1,0
nearest,60.2627,-1
cover,60.2638,1,0,1,0
nearest,60.2638,-1
cover,60.3052,0,0,0,0
nearest,60.3053,-1
cover,60.3065,0,0,0,0
nearest,60.3065,-1
cover,60.3514,0,0,0,0
nearest,60.3514,-1
cover,60.3518,0,0,0,0
nearest,60.3518,-1
cover,60.3945,1,0,1,0
nearest,60.3945,-1
cover,60.3955,1,0,1,0
nearest,60.3955,-1
cover,60.4384,0,0,0,0
nearest,60.4385,-1
cover,60.44,0,0,0,0
nearest,60.44,-1
cover,60.48,0,0,0,0
nearest,60.48,-1
cover,60.4802,0,0,0,0
nearest,60.4802,-1
cover,60.5222,0,0,0,0
nearest,60.5222,-1
cover,60.5224,0,0,0,0
nearest,60.5224,-1
cover,60.5639,0,0,0,0
nearest,60.5639,-1
cover,60.5641,0,0,0,0
nearest,60.5642,-1
cover,60.6044,0,0,0,0
nearest,60.6044,-1
cover,60.6048,0,0,0,0
nearest,60.6048,-1
cover,60.6465,0,0,0,0
nearest,60.6465,-1
cover,60.6467,0,0,0,0
nearest,60.6467,-1
cover,60.6878,0,0,0,0
nearest,60.6878,-1
cover,60.688,0,0,0,0
nearest,60.688,-1
cover,60.7312,0,0,0,0
nearest,60.7313,-1
cover,60.7316,0,0,0,0
nearest,60.7316,-1
cover,60.778,0,0,0,0
nearest,60.7781,-1
cover,60.7783,0,0,0,0
nearest,60.7783,-1
cover,60.8209,0,0,0,0
nearest,60.821,-1
cover,60.8213,0,0,0,0
nearest,60.8213,-1
cover,60.8649,0,0,0,0
nearest,60.8649,-1
cover,60.8652,0,0,0,0
nearest,60.8652,-1
cover,60.9078,0,0,0,0
nearest,60.9078,-1
cover,60.9081,0,0,0,0
nearest,60.9081,-1
cover,60.9503,0,0,0,0
nearest,60.9503,-1
cover,60.9505,0,0,0,0
nearest,60.9505,-1
cover,60.9927,0,0,0,0
nearest,60.9927,-1
cover,60.9929,0,0,0,0
nearest,60.9929,-1
cover,61.0385,0,0,0,0
nearest,61.0385,-1
cover,61.0388,0,0,0,0
nearest,61.0388,-1
cover,61.0813,1,0,1,0
nearest,61.0813,-1
cover,61.0822,1,0,1,0
nearest,61.0822,-1
cover,61.123,2,1,1,1
err,61.123,-313.02,-26.79
timing,61.123,1.3,22.0
gate,61.123,15.6,1.0,0.169,0.0
det,61.123,959.53,764.25,34.09,109.0,0.843,Body
det,61.123,961.51,765.38,10.95,14.25,0.763,Head
nail,61.1555,0
cover,61.1567,2,1,1,1
err,61.1567,-310.04,-33.74
timing,61.1567,4.2,26.0
gate,61.1567,15.6,1.0,0.169,0.0
det,61.1567,959.81,756.88,38.06,109.25,0.872,Body
det,61.1567,963.39,757.88,13.14,15.25,0.753,Head
cover,61.1877,2,1,1,1
err,61.1878,-301.81,-34.25
timing,61.1878,4.6,24.5
gate,61.1878,15.6,1.0,0.169,0.0
det,61.1878,959.69,756.5,45.0,112.5,0.858,Body
det,61.1878,971.7,757.5,12.98,15.0,0.793,Head
cover,61.2142,2,1,1,1
err,61.2142,-293.16,-37.19
timing,61.2142,1.9,22.6
gate,61.2142,15.6,1.0,0.169,0.0
det,61.2142,961.0,753.5,54.06,112.5,0.916,Body
det,61.2142,979.94,753.88,13.81,16.25,0.785,Head
cover,61.2418,2,1,1,1
err,61.2419,-290.0,-42.81
timing,61.2419,2.0,23.4
gate,61.2419,15.6,1.0,0.169,0.0
det,61.2419,964.91,748.12,52.06,112.75,0.922,Body
det,61.2419,983.62,749.62,12.75,13.75,0.875,Head
cover,61.2696,2,1,1,1
err,61.2696,-282.44,-43.29
timing,61.2696,1.9,23.7
gate,61.2696,15.6,1.0,0.169,0.0
det,61.2696,972.36,746.75,51.78,114.0,0.895,Body
det,61.2696,991.27,748.88,12.59,14.25,0.887,Head
cover,61.2986,2,1,1,1
err,61.2986,-279.94,-46.73
timing,61.2986,1.7,24.7
gate,61.2986,15.6,1.0,0.169,0.0
det,61.2986,973.25,744.5,54.88,114.0,0.909,Body
det,61.2986,993.42,744.75,13.28,15.5,0.792,Head
cover,61.3268,2,1,1,1
err,61.3269,-277.56,-43.79
timing,61.3269,2.1,23.9
gate,61.3269,15.6,1.0,0.169,0.0
det,61.3269,974.06,747.62,56.25,114.75,0.917,Body
det,61.3269,996.09,748.38,12.69,14.25,0.775,Head
cover,61.3557,2,1,1,1
err,61.3557,-271.62,-39.19
timing,61.3557,2.1,24.6
gate,61.3557,15.6,1.0,0.169,0.0
det,61.3557,980.88,751.12,55.81,115.75,0.91,Body
det,61.3557,1001.36,751.88,14.03,16.25,0.836,Head
cover,61.3845,2,1,1,1
err,61.3845,-265.22,-35.5
timing,61.3845,2.1,24.6
gate,61.3845,15.6,1.0,0.169,0.0
det,61.3845,988.06,755.0,54.44,116.5,0.911,Body
det,61.3845,1008.0,756.25,13.56,15.0,0.895,Head
cover,61.4136,2,1,1,1
err,61.4136,-262.38,-33.24
timing,61.4136,2.3,24.7
gate,61.4136,15.6,1.0,0.169,0.0
det,61.4136,990.42,756.38,55.78,117.25,0.917,Body
det,61.4136,1010.89,758.38,13.47,15.25,0.814,Head
cover,61.4421,2,1,1,1
err,61.4421,-255.5,-29.45
timing,61.4421,1.7,24.3
gate,61.4421,15.6,1.0,0.169,0.0
det,61.4421,996.72,762.12,55.06,114.75,0.92,Body
det,61.4421,1017.38,761.75,14.25,16.0,0.739,Head
cover,61.4678,2,1,1,1
err,61.4679,-249.25,-26.26
timing,61.4679,2.3,21.2
gate,61.4679,15.6,1.0,0.169,0.0
det,61.4679,1002.92,764.12,56.91,117.75,0.913,Body
det,61.4679,1024.16,765.62,13.19,14.75,0.875,Head
cover,61.5057,2,1,1,1
err,61.5057,-246.12,-24.76
timing,61.5057,2.3,33.4
gate,61.5057,15.6,1.0,0.169,0.0
det,61.5057,1006.75,765.62,56.25,118.75,0.927,Body
det,61.5057,1027.22,767.12,13.31,14.75,0.804,Head
cover,61.5315,2,1,1,1
err,61.5316,-239.88,-19.95
timing,61.5316,1.3,22.4
gate,61.5316,15.6,1.0,0.169,0.0
det,61.5316,1012.39,770.5,55.34,118.0,0.905,Body
det,61.5316,1033.22,771.25,13.81,16.0,0.856,Head
cover,61.5594,2,1,1,1
err,61.5594,-239.88,-19.95
timing,61.5594,0.9,24.7
gate,61.5594,15.6,1.0,0.169,0.0
det,61.5594,1012.39,770.5,55.34,118.0,0.905,Body
det,61.5594,1033.22,771.25,13.81,16.0,0.856,Head
cover,61.5875,2,1,1,1
err,61.5875,-219.5,1.55
timing,61.5875,3.3,23.0
gate,61.5875,15.6,1.0,0.169,0.0
det,61.5875,1032.25,793.0,55.88,117.5,0.874,Body
det,61.5875,1052.97,792.75,15.06,16.0,0.795,Head
cover,61.6165,2,1,1,1
err,61.6165,-214.0,11.34
timing,61.6165,2.6,24.0
gate,61.6165,15.6,1.0,0.169,0.0
det,61.6165,1037.25,802.0,57.88,121.0,0.919,Body
det,61.6165,1058.91,802.12,14.19,16.75,0.809,Head
cover,61.6448,2,1,1,1
err,61.6448,-211.25,12.81
timing,61.6448,2.2,23.9
gate,61.6448,15.6,1.0,0.169,0.0
det,61.6448,1040.5,803.38,56.5,122.25,0.912,Body
det,61.6448,1062.22,803.88,13.06,16.25,0.81,Head
cover,61.6759,2,1,1,1
err,61.676,-205.12,6.24
timing,61.676,1.7,26.2
gate,61.676,15.6,1.0,0.169,0.0
det,61.676,1047.59,797.0,56.31,121.0,0.891,Body
det,61.676,1068.0,798.12,13.75,14.75,0.78,Head
cover,61.7051,2,1,1,1
err,61.7051,-198.5,-0.23
timing,61.7051,2.1,24.7
gate,61.7051,15.6,1.0,0.169,0.0
det,61.7051,1053.62,789.75,57.25,123.5,0.91,Body
det,61.7051,1074.5,791.25,14.0,15.5,0.763,Head
cover,61.7353,2,1,1,1
err,61.7354,-192.88,-5.19
timing,61.7354,2.7,25.0
gate,61.7354,15.6,1.0,0.169,0.0
det,61.7354,1059.16,785.25,56.69,123.5,0.903,Body
det,61.7354,1080.28,785.88,13.69,16.25,0.879,Head
cover,61.7627,2,1,1,1
err,61.7627,-186.12,-10.26
timing,61.7627,1.5,23.6
gate,61.7627,15.6,1.0,0.169,0.0
det,61.7627,1065.78,780.0,57.94,125.0,0.909,Body
det,61.7627,1087.34,781.62,13.06,14.75,0.866,Head
cover,61.7914,2,1,1,1
err,61.7915,-183.38,-11.95
timing,61.7915,1.9,24.4
gate,61.7915,15.6,1.0,0.169,0.0
det,61.7915,1067.47,778.75,60.06,124.5,0.927,Body
det,61.7915,1089.5,779.25,14.25,16.0,0.801,Head
cover,61.8188,2,1,1,1
err,61.8188,-178.5,-12.88
timing,61.8188,1.7,23.3
gate,61.8188,15.6,1.0,0.169,0.0
det,61.8188,1072.06,778.0,58.88,125.5,0.928,Body
det,61.8188,1094.25,777.5,14.5,17.5,0.872,Head
cover,61.8484,2,1,1,1
err,61.8485,-180.5,-14.83
timing,61.8485,1.8,25.9
gate,61.8485,15.6,1.0,0.169,0.0
det,61.8485,1070.25,774.0,60.25,127.5,0.915,Body
det,61.8485,1091.5,775.0,16.0,18.5,0.785,Head
cover,61.8773,2,1,1,1
err,61.8773,-178.25,-16.2
timing,61.8773,1.9,24.6
gate,61.8773,15.6,1.0,0.169,0.0
det,61.8773,1072.44,774.25,60.62,128.0,0.914,Body
det,61.8773,1094.62,775.0,14.25,16.0,0.812,Head
cover,61.9065,2,1,1,1
err,61.9065,-171.75,-15.66
timing,61.9065,1.8,24.8
gate,61.9065,15.6,1.0,0.169,0.0
det,61.9065,1078.81,774.0,61.38,127.5,0.897,Body
det,61.9065,1100.44,775.12,15.62,16.75,0.831,Head
cover,61.9367,2,1,1,1
err,61.9367,-164.38,-16.38
timing,61.9367,1.8,26.3
gate,61.9367,15.6,1.0,0.169,0.0
det,61.9367,1086.41,772.5,60.19,130.0,0.916,Body
det,61.9367,1108.0,774.0,15.25,17.5,0.829,Head
cover,61.9648,2,1,1,1
err,61.9649,-156.5,-16.38
timing,61.9649,2.9,23.2
gate,61.9649,15.6,1.0,0.169,0.0
det,61.9649,1092.75,773.0,61.25,130.0,0.901,Body
det,61.9649,1115.25,774.0,16.5,17.5,0.812,Head
cover,61.9926,2,1,1,1
err,61.9927,-152.5,-18.16
timing,61.9927,2.0,23.7
gate,61.9927,15.6,1.0,0.169,0.0
det,61.9927,1096.0,770.38,62.75,132.25,0.921,Body
det,61.9927,1120.25,772.62,14.5,16.75,0.841,Head
cover,62.02,2,1,1,1
err,62.0201,-140.0,-22.04
timing,62.0201,2.1,22.8
gate,62.0201,15.6,1.0,0.169,0.0
det,62.0201,1108.12,766.38,61.5,132.25,0.874,Body
det,62.0201,1131.69,767.38,16.62,19.25,0.765,Head
cover,62.0473,2,1,1,1
err,62.0473,-137.75,-25.98
timing,62.0473,2.3,22.8
gate,62.0473,15.6,1.0,0.169,0.0
det,62.0473,1111.44,764.25,62.12,133.0,0.928,Body
det,62.0473,1135.06,765.5,14.38,15.5,0.837,Head
cover,62.0759,2,1,1,1
err,62.076,-135.75,-25.45
timing,62.076,1.4,24.9
gate,62.076,15.6,1.0,0.169,0.0
det,62.076,1113.19,764.12,62.62,135.75,0.919,Body
det,62.076,1136.56,765.75,15.38,16.0,0.806,Head
cover,62.1041,2,1,1,1
err,62.1041,-133.75,-24.35
timing,62.1041,2.5,23.4
gate,62.1041,15.6,1.0,0.169,0.0
det,62.1041,1115.5,764.62,61.75,137.75,0.892,Body
det,62.1041,1138.44,765.75,15.62,18.0,0.732,Head
cover,62.1361,2,1,1,1
err,62.1361,-132.12,-42.01
timing,62.1361,3.1,26.1
gate,62.1361,15.6,1.0,0.169,0.0
det,62.1361,1115.25,746.0,66.0,139.5,0.895,Body
det,62.1361,1139.5,747.12,16.75,19.75,0.808,Head
cover,62.1682,2,1,1,1
err,62.1682,-130.75,-32.1
timing,62.1682,3.6,26.7
gate,62.1682,15.6,1.0,0.169,0.0
det,62.1682,1117.19,756.88,65.12,139.25,0.91,Body
det,62.1682,1141.5,758.0,15.5,18.0,0.803,Head
cover,62.1968,2,1,1,1
err,62.1968,-128.62,-32.58
timing,62.1968,1.4,24.8
gate,62.1968,15.6,1.0,0.169,0.0
det,62.1968,1118.19,756.5,64.62,141.0,0.9,Body
det,62.1968,1143.25,757.25,16.25,18.5,0.833,Head
cover,62.2251,2,1,1,1
err,62.2251,-129.25,-21.1
timing,62.2251,1.8,24.2
gate,62.2251,15.6,1.0,0.169,0.0
det,62.2251,1118.19,768.12,65.62,140.75,0.895,Body
det,62.2251,1142.88,769.0,15.75,18.0,0.808,Head
cover,62.2527,2,1,1,1
err,62.2527,-128.5,-7.54
timing,62.2527,1.6,23.5
gate,62.2527,15.6,1.0,0.169,0.0
det,62.2527,1118.19,780.5,64.62,144.0,0.874,Body
det,62.2527,1143.12,781.88,16.75,19.25,0.833,Head
cover,62.2799,2,1,1,1
err,62.28,-128.75,-3.48
timing,62.28,1.9,23.3
gate,62.28,15.6,1.0,0.169,0.0
det,62.28,1117.25,784.12,66.5,144.75,0.882,Body
det,62.28,1142.88,785.25,16.75,20.5,0.773,Head
cover,62.3087,2,1,1,1
err,62.3088,-129.0,4.48
timing,62.3088,2.0,24.5
gate,62.3088,15.6,1.0,0.169,0.0
det,62.3088,1117.5,793.88,64.75,145.25,0.877,Body
det,62.3088,1142.69,793.75,16.62,19.5,0.806,Head
cover,62.3373,2,1,1,1
err,62.3373,-129.0,4.49
timing,62.3373,1.7,24.5
gate,62.3373,15.6,1.0,0.169,0.0
det,62.3373,1116.5,794.0,66.75,148.5,0.866,Body
det,62.3373,1142.75,793.62,16.5,19.75,0.795,Head
cover,62.3706,2,1,1,1
err,62.3707,-129.75,7.46
timing,62.3707,2.6,28.1
gate,62.3707,15.6,1.0,0.169,0.0
det,62.3707,1113.5,795.75,69.75,150.0,0.889,Body
det,62.3707,1141.56,796.88,17.38,19.25,0.773,Head
cover,62.4043,2,1,1,1
err,62.4043,-131.25,12.49
timing,62.4043,4.1,27.2
gate,62.4043,15.6,1.0,0.169,0.0
det,62.4043,1112.81,801.0,71.38,153.0,0.914,Body
det,62.4043,1140.44,801.62,16.62,19.75,0.825,Head
cover,62.4355,2,1,1,1
err,62.4356,-131.75,28.04
timing,62.4356,2.7,25.6
gate,62.4356,15.6,1.0,0.169,0.0
det,62.4356,1111.94,816.0,71.62,155.0,0.912,Body
det,62.4356,1139.69,816.62,17.12,20.75,0.832,Head
cover,62.4623,2,1,1,1
err,62.4623,-132.62,32.55
timing,62.4623,1.4,23.3
gate,62.4623,15.6,1.0,0.169,0.0
det,62.4623,1109.56,820.0,74.88,156.5,0.887,Body
det,62.4623,1138.38,821.0,18.0,21.0,0.827,Head
cover,62.4902,2,1,1,1
err,62.4903,-133.25,42.59
timing,62.4903,1.7,23.5
gate,62.4903,15.6,1.0,0.169,0.0
det,62.4903,1108.25,829.38,73.75,160.25,0.922,Body
det,62.4903,1138.0,830.62,17.5,21.75,0.806,Head
cover,62.5167,2,1,1,1
err,62.5167,-134.75,54.6
timing,62.5167,1.4,22.9
gate,62.5167,15.6,1.0,0.169,0.0
det,62.5167,1106.31,841.88,73.88,161.25,0.913,Body
det,62.5167,1136.31,842.5,17.88,22.0,0.82,Head
cover,62.5462,2,1,1,1
err,62.5462,-135.5,66.02
timing,62.5462,1.7,25.7
gate,62.5462,15.6,1.0,0.169,0.0
det,62.5462,1106.69,853.0,70.62,163.5,0.876,Body
det,62.5462,1135.56,854.75,17.88,20.5,0.788,Head
cover,62.575,2,1,1,1
err,62.5751,-136.75,72.04
timing,62.5751,1.7,24.1
gate,62.5751,15.6,1.0,0.169,0.0
det,62.5751,1103.31,859.0,75.88,163.0,0.872,Body
det,62.5751,1134.38,860.62,17.75,20.75,0.772,Head
cover,62.6026,2,1,1,1
err,62.6026,-139.0,76.1
timing,62.6026,1.6,23.2
gate,62.6026,15.6,1.0,0.169,0.0
det,62.6026,1100.75,862.0,77.25,166.5,0.84,Body
det,62.6026,1132.31,864.0,17.38,22.0,0.792,Head
cover,62.6291,2,1,1,1
err,62.6291,-139.75,79.64
timing,62.6291,3.3,21.2
gate,62.6291,15.6,1.0,0.169,0.0
det,62.6291,1130.88,867.12,18.75,22.75,0.872,Head
det,62.6291,1098.56,865.88,78.38,171.25,0.866,Body
cover,62.6579,2,1,1,1
err,62.6579,-141.25,79.11
timing,62.6579,1.5,25.1
gate,62.6579,15.6,1.0,0.169,0.0
det,62.6579,1096.62,866.62,79.0,171.75,0.855,Body
det,62.6579,1129.12,866.88,19.25,22.25,0.808,Head
cover,62.6855,2,1,1,1
err,62.6856,-142.88,64.56
timing,62.6856,2.1,23.4
gate,62.6856,15.6,1.0,0.169,0.0
det,62.6856,1094.5,851.62,80.25,174.75,0.878,Body
det,62.6856,1127.62,852.88,19.0,21.25,0.86,Head
cover,62.7132,2,1,1,1
err,62.7132,-144.75,59.83
timing,62.7132,1.6,23.9
gate,62.7132,15.6,1.0,0.169,0.0
det,62.7132,1091.31,843.0,82.88,176.5,0.869,Body
det,62.7132,1125.31,845.25,19.88,26.5,0.745,Head
cover,62.7409,2,1,1,1
err,62.7409,-146.5,56.71
timing,62.7409,1.7,23.0
gate,62.7409,15.6,1.0,0.169,0.0
det,62.7409,1090.81,841.0,81.38,179.5,0.878,Body
det,62.7409,1123.69,843.38,19.62,24.25,0.804,Head
cover,62.7669,2,1,1,1
err,62.767,-148.25,51.11
timing,62.767,1.9,22.0
gate,62.767,15.6,1.0,0.169,0.0
det,62.767,1086.75,836.5,85.25,180.0,0.84,Body
det,62.767,1122.44,838.88,18.62,22.25,0.818,Head
cover,62.7947,2,1,1,1
err,62.7947,-149.12,51.69
timing,62.7947,1.8,23.6
gate,62.7947,15.6,1.0,0.169,0.0
det,62.7947,1086.81,837.0,84.38,181.5,0.855,Body
det,62.7947,1121.25,838.62,19.25,23.75,0.851,Head
cover,62.8245,2,1,1,1
err,62.8245,-151.0,48.92
timing,62.8245,2.2,24.8
gate,62.8245,15.6,1.0,0.169,0.0
det,62.8245,1087.47,834.5,80.81,187.0,0.852,Body
det,62.8245,1119.19,836.0,19.62,23.5,0.842,Head
cover,62.8527,2,1,1,1
err,62.8527,-153.75,47.02
timing,62.8527,1.7,23.5
gate,62.8527,15.6,1.0,0.169,0.0
det,62.8527,1083.75,832.5,83.0,186.0,0.846,Body
det,62.8527,1116.0,833.0,20.5,25.5,0.703,Head
cover,62.8822,2,1,1,1
err,62.8822,-155.25,40.19
timing,62.8822,3.4,24.1
gate,62.8822,15.6,1.0,0.169,0.0
det,62.8822,1078.5,824.38,87.25,191.25,0.821,Body
det,62.8822,1115.19,827.12,19.12,23.75,0.809,Head
cover,62.9098,2,1,1,1
err,62.9099,-156.75,37.31
timing,62.9099,1.9,23.7
gate,62.9098,15.6,1.0,0.169,0.0
det,62.9099,1076.38,821.38,89.25,192.25,0.842,Body
det,62.9099,1112.94,822.88,20.62,26.25,0.803,Head
cover,62.9387,2,1,1,1
err,62.9388,-159.0,32.81
timing,62.9388,1.9,24.7
gate,62.9388,15.6,1.0,0.169,0.0
det,62.9388,1073.34,821.88,90.31,188.25,0.831,Body
det,62.9388,1110.25,818.38,21.5,26.25,0.708,Head
cover,62.9676,2,1,1,1
err,62.9677,-162.25,24.71
timing,62.9677,2.1,24.5
gate,62.9676,15.6,1.0,0.169,0.0
det,62.9677,1107.75,811.38,20.0,24.25,0.863,Head
det,62.9677,1069.31,809.5,93.38,196.0,0.856,Body
cover,62.9958,2,1,1,1
err,62.9959,-162.88,20.83
timing,62.9959,2.0,24.0
gate,62.9959,15.6,1.0,0.169,0.0
det,62.9959,1106.38,806.25,21.5,26.5,0.823,Head
det,62.9959,1070.12,804.0,88.0,205.5,0.82,Body
cover,63.023,3,1,2,1
err,63.023,-165.25,7.29
timing,63.023,2.2,22.5
gate,63.023,15.6,1.0,0.169,0.0
det,63.023,1067.25,792.12,86.0,199.75,0.803,Body
det,63.023,1104.38,793.12,20.75,25.75,0.782,Head
det,63.023,1129.25,901.62,31.5,83.75,0.473,Body
cover,63.0513,2,1,1,1
err,63.0513,-168.0,3.02
timing,63.0513,1.8,24.3
gate,63.0513,15.6,1.0,0.169,0.0
det,63.0513,1101.25,789.0,21.5,25.5,0.854,Head
det,63.0513,1065.34,789.38,91.31,202.25,0.794,Body
cover,63.0816,2,1,1,1
err,63.0816,-171.0,2.91
timing,63.0816,3.4,24.4
gate,63.0816,15.6,1.0,0.169,0.0
det,63.0816,1098.0,787.38,22.0,28.25,0.883,Head
det,63.0816,1061.31,786.12,90.88,207.75,0.831,Body
cover,63.1094,2,1,1,1
err,63.1095,-172.12,2.55
timing,63.1095,1.5,24.0
gate,63.1095,15.6,1.0,0.169,0.0
det,63.1095,1097.0,788.25,21.75,26.0,0.877,Head
det,63.1095,1059.44,786.0,92.62,209.5,0.823,Body
cover,63.1363,2,1,1,1
err,63.1363,-174.0,4.36
timing,63.1363,1.6,22.2
gate,63.1363,15.6,1.0,0.169,0.0
det,63.1363,1053.38,789.5,98.75,210.5,0.833,Body
det,63.1363,1095.44,789.38,21.12,27.25,0.813,Head
cover,63.164,3,1,2,1
err,63.164,-176.0,7.67
timing,63.164,1.9,23.7
gate,63.164,15.6,1.0,0.169,0.0
det,63.164,1053.0,789.5,94.5,222.5,0.815,Body
det,63.164,1092.31,792.0,23.38,28.5,0.789,Head
det,63.164,1116.81,903.5,35.38,92.5,0.531,Body
cover,63.1916,3,1,2,1
err,63.1917,-177.25,8.2
timing,63.1917,1.6,23.8
gate,63.1916,15.6,1.0,0.169,0.0
det,63.1917,1091.5,792.25,22.5,29.0,0.827,Head
det,63.1917,1053.0,791.62,90.25,210.75,0.814,Body
det,63.1917,1116.12,906.38,35.5,92.25,0.542,Body
cover,63.2195,2,1,1,1
err,63.2195,-179.5,10.89
timing,63.2195,1.6,24.0
gate,63.2195,15.6,1.0,0.169,0.0
det,63.2195,1089.31,795.62,22.38,27.75,0.889,Head
det,63.2195,1049.53,795.0,97.94,220.0,0.853,Body
cover,63.248,3,1,2,1
err,63.2481,-181.62,11.4
timing,63.2481,2.4,24.2
gate,63.2481,15.6,1.0,0.169,0.0
det,63.2481,1087.22,796.0,22.31,28.0,0.851,Head
det,63.2481,1113.56,915.0,35.88,92.5,0.75,Body
det,63.2481,1046.06,791.5,96.88,227.5,0.731,Body
cover,63.2765,4,1,3,1
err,63.2765,-182.75,12.62
timing,63.2765,1.4,24.7
gate,63.2765,15.6,1.0,0.169,0.0
det,63.2765,1085.81,797.5,22.88,27.5,0.843,Head
det,63.2765,1044.94,797.5,98.62,228.0,0.726,Body
det,63.2765,1112.06,919.5,36.38,91.5,0.603,Body
det,63.2765,1491.5,989.62,9.0,19.75,0.444,Body
cover,63.3036,2,1,1,1
err,63.3037,-185.25,21.41
timing,63.3037,1.7,23.1
gate,63.3037,15.6,1.0,0.169,0.0
det,63.3037,1040.81,814.88,99.38,214.25,0.785,Body
det,63.3037,1082.97,805.88,23.56,28.25,0.556,Head
cover,63.3337,2,1,1,1
err,63.3338,-188.0,21.48
timing,63.3338,4.0,24.1
gate,63.3338,15.6,1.0,0.169,0.0
det,63.3338,1038.56,806.0,102.88,232.0,0.795,Body
det,63.3338,1080.06,805.25,23.88,29.5,0.792,Head
cover,63.3617,2,1,1,1
err,63.3618,-189.0,20.96
timing,63.3618,2.2,23.6
gate,63.3617,15.6,1.0,0.169,0.0
det,63.3618,1079.03,804.88,23.94,29.25,0.832,Head
det,63.3618,1036.5,803.62,105.5,238.75,0.761,Body
cover,63.392,3,1,2,1
err,63.392,-191.12,22.25
timing,63.392,2.5,24.9
gate,63.392,15.6,1.0,0.169,0.0
det,63.392,1076.38,805.75,25.0,30.0,0.745,Head
det,63.392,1032.47,809.0,104.06,243.5,0.7,Body
det,63.392,1102.5,931.0,38.5,98.5,0.443,Body
cover,63.4205,2,1,1,1
err,63.4205,-194.06,20.77
timing,63.4205,1.8,24.5
gate,63.4205,15.6,1.0,0.169,0.0
det,63.4205,1073.25,804.0,25.38,30.5,0.831,Head
det,63.4205,1029.03,804.62,105.94,252.75,0.734,Body
cover,63.4484,2,1,1,1
err,63.4485,-197.25,14.0
timing,63.4485,3.0,22.7
gate,63.4485,15.6,1.0,0.169,0.0
det,63.4485,1070.41,797.5,24.69,30.0,0.825,Head
det,63.4485,1025.59,799.38,106.06,243.25,0.82,Body
cover,63.4767,2,1,1,1
err,63.4768,-198.94,14.01
timing,63.4768,1.5,24.1
gate,63.4768,15.6,1.0,0.169,0.0
det,63.4768,1023.47,802.38,107.06,246.25,0.805,Body
det,63.4768,1068.62,797.38,24.88,30.25,0.776,Head
cover,63.5047,2,1,1,1
err,63.5047,-201.81,14.56
timing,63.5047,1.7,23.9
gate,63.5047,15.6,1.0,0.169,0.0
det,63.5047,1065.12,797.38,26.12,31.25,0.83,Head
det,63.5047,1020.22,800.5,105.81,251.5,0.794,Body
cover,63.5315,2,1,1,1
err,63.5315,-205.88,10.59
timing,63.5315,2.5,21.9
gate,63.5315,15.6,1.0,0.169,0.0
det,63.5315,1060.94,793.12,26.38,31.75,0.841,Head
det,63.5315,1017.38,794.88,110.38,262.25,0.835,Body
cover,63.5599,2,1,1,1
err,63.5599,-207.88,-12.15
timing,63.5599,1.5,23.5
gate,63.5599,15.6,1.0,0.169,0.0
det,63.5599,1059.19,770.25,25.88,32.0,0.803,Head
det,63.5599,1015.97,770.0,108.81,270.0,0.799,Body
cover,63.587,2,1,1,1
err,63.587,-212.0,-17.65
timing,63.587,1.6,23.2
gate,63.587,15.6,1.0,0.169,0.0
det,63.587,1055.31,764.75,25.38,32.0,0.803,Head
det,63.587,1007.25,762.0,112.0,269.0,0.696,Body
cover,63.6144,2,0,2,0
nearest,63.6144,-1
cover,63.642,3,1,2,1
err,63.6421,-218.25,-19.34
timing,63.6421,2.6,23.8
gate,63.6421,15.6,1.0,0.169,0.0
det,63.6421,998.88,778.5,109.12,247.5,0.716,Body
det,63.6421,1080.09,903.62,42.06,112.75,0.618,Body
det,63.6421,1047.41,762.38,28.69,33.25,0.444,Head
cover,63.6702,2,1,1,1
err,63.6702,-223.62,-19.48
timing,63.6702,1.6,24.1
gate,63.6702,15.6,1.0,0.169,0.0
det,63.6702,992.0,775.12,118.0,256.75,0.749,Body
det,63.6702,1041.72,761.0,29.31,35.5,0.568,Head
cover,63.6971,2,1,1,1
err,63.6971,-228.94,-20.92
timing,63.6971,1.2,23.7
gate,63.6971,15.6,1.0,0.169,0.0
det,63.6971,1036.75,759.0,28.62,36.5,0.766,Head
det,63.6971,987.16,762.5,117.19,277.5,0.764,Body
cover,63.7252,3,1,2,1
err,63.7252,-231.06,-20.7
timing,63.7252,1.4,24.3
gate,63.7252,15.6,1.0,0.169,0.0
det,63.7252,984.0,778.12,111.25,261.75,0.806,Body
det,63.7252,1034.31,759.5,29.25,36.0,0.672,Head
det,63.7252,1066.56,910.12,46.88,118.75,0.488,Body
cover,63.7538,3,1,2,1
err,63.7538,-237.38,-22.08
timing,63.7538,1.6,24.6
gate,63.7538,15.6,1.0,0.169,0.0
det,63.7538,1028.22,756.75,28.81,38.5,0.834,Head
det,63.7538,978.0,754.88,121.75,285.25,0.758,Body
det,63.7538,1062.12,912.88,43.0,121.25,0.597,Body
cover,63.7805,2,1,1,1
err,63.7806,-241.31,-22.11
timing,63.7806,1.7,22.8
gate,63.7805,15.6,1.0,0.169,0.0
det,63.7806,969.75,767.0,128.5,285.0,0.749,Body
det,63.7806,1023.81,757.12,29.75,37.75,0.443,Head
cover,63.8087,2,1,1,1
err,63.8087,-242.62,-22.1
timing,63.8087,1.6,24.4
gate,63.8087,15.6,1.0,0.169,0.0
det,63.8087,969.25,762.0,128.75,292.0,0.719,Body
det,63.8087,1022.64,757.0,29.47,38.0,0.68,Head
cover,63.8368,2,1,1,1
err,63.8368,-241.38,-22.59
timing,63.8368,1.6,24.3
gate,63.8368,15.6,1.0,0.169,0.0
det,63.8368,968.12,764.0,129.88,291.0,0.748,Body
det,63.8368,1022.91,756.38,31.44,38.25,0.663,Head
cover,63.8654,2,1,1,1
err,63.8654,-237.5,-19.91
timing,63.8654,1.6,24.7
gate,63.8654,15.6,1.0,0.169,0.0
det,63.8654,970.38,768.62,133.25,290.75,0.785,Body
det,63.8654,1027.22,757.12,30.56,41.75,0.772,Head
cover,63.893,2,1,1,1
err,63.893,-234.75,-19.95
timing,63.893,1.6,23.6
gate,63.893,15.6,1.0,0.169,0.0
det,63.893,971.38,775.0,131.62,284.5,0.816,Body
det,63.893,1029.62,757.5,31.25,41.0,0.663,Head
cover,63.9207,2,1,1,1
err,63.9208,-226.75,-19.25
timing,63.9208,1.9,23.7
gate,63.9208,15.6,1.0,0.169,0.0
det,63.9208,980.62,765.5,134.5,299.0,0.8,Body
det,63.9208,1036.78,758.75,32.94,40.0,0.634,Head
cover,63.9483,2,1,1,1
err,63.9483,-214.06,-16.23
timing,63.9483,1.9,23.4
gate,63.9483,15.6,1.0,0.169,0.0
det,63.9483,993.0,779.0,134.62,279.5,0.765,Body
det,63.9483,1049.12,758.75,33.62,45.5,0.407,Head
cover,63.9772,3,1,2,1
err,63.9773,-207.62,-16.35
timing,63.9773,1.6,24.9
gate,63.9773,15.6,1.0,0.169,0.0
det,63.9773,1000.38,765.0,135.5,292.0,0.705,Body
det,63.9773,1093.12,938.12,57.0,139.75,0.55,Body
det,63.9773,1055.78,760.0,33.19,43.0,0.549,Head
cover,64.0054,2,0,2,0
nearest,64.0055,-1
cover,64.0346,1,0,1,0
nearest,64.0346,-1
cover,64.0621,1,0,1,0
nearest,64.0621,-1
cover,64.0892,1,0,1,0
nearest,64.0892,-1
cover,64.1136,1,0,1,0
nearest,64.1136,-1
cover,64.1402,1,0,1,0
nearest,64.1402,-1
cover,64.1645,1,0,1,0
nearest,64.1645,-1
cover,64.1907,1,0,1,0
nearest,64.1907,-1
cover,64.2176,1,0,1,0
nearest,64.2176,-1
cover,64.2438,1,0,1,0
nearest,64.2438,-1
cover,64.2709,1,0,1,0
nearest,64.2709,-1
cover,64.2943,1,0,1,0
nearest,64.2943,-1
cover,64.3198,1,0,1,0
nearest,64.3198,-1
cover,64.3437,1,0,1,0
nearest,64.3438,-1
cover,64.3709,1,0,1,0
nearest,64.3709,-1
cover,64.3947,1,0,1,0
nearest,64.3947,-1
cover,64.4228,1,0,1,0
nearest,64.4229,-1
cover,64.4483,1,0,1,0
nearest,64.4484,-1
cover,64.4738,1,0,1,0
nearest,64.4738,-1
cover,64.4976,1,0,1,0
nearest,64.4976,-1
cover,64.5225,1,0,1,0
nearest,64.5225,-1
cover,64.5503,1,0,1,0
nearest,64.5504,-1
cover,64.577,1,0,1,0
nearest,64.577,-1
cover,64.6039,1,0,1,0
nearest,64.6039,-1
cover,64.6284,1,0,1,0
nearest,64.6284,-1
cover,64.6535,1,0,1,0
nearest,64.6536,-1
cover,64.6783,1,0,1,0
nearest,64.6783,-1
cover,64.7035,1,0,1,0
nearest,64.7035,-1
cover,64.728,1,0,1,0
nearest,64.728,-1
cover,64.7541,1,0,1,0
nearest,64.7541,-1
cover,64.7776,1,0,1,0
nearest,64.7777,-1
cover,64.8035,1,0,1,0
nearest,64.8035,-1
cover,64.8285,1,0,1,0
nearest,64.8285,-1
cover,64.8576,1,0,1,0
nearest,64.8576,-1
cover,64.8817,1,0,1,0
nearest,64.8817,-1
cover,64.9091,2,1,1,1
err,64.9091,-186.38,-2.0
timing,64.9091,3.0,23.6
gate,64.9091,15.6,1.0,0.169,0.0
det,64.9091,1020.62,791.5,129.88,290.5,0.647,Body
det,64.9091,1077.0,773.25,33.25,45.0,0.615,Head
cover,64.9372,1,0,1,0
nearest,64.9372,-1
cover,64.9632,1,0,1,0
nearest,64.9632,-1
cover,64.9875,1,0,1,0
nearest,64.9875,-1
cover,65.0146,1,0,1,0
nearest,65.0147,-1
cover,65.0422,1,0,1,0
nearest,65.0422,-1
cover,65.0692,1,0,1,0
nearest,65.0692,-1
cover,65.0973,1,0,1,0
nearest,65.0973,-1
cover,65.122,1,0,1,0
nearest,65.122,-1
cover,65.1482,1,0,1,0
nearest,65.1482,-1
cover,65.1751,1,0,1,0
nearest,65.1751,-1
cover,65.1998,1,0,1,0
nearest,65.1998,-1
cover,65.2263,1,0,1,0
nearest,65.2263,-1
cover,65.2534,1,0,1,0
nearest,65.2534,-1
cover,65.2772,1,0,1,0
nearest,65.2773,-1
cover,65.3034,2,1,1,1
err,65.3035,-141.0,-8.19
timing,65.3035,3.4,22.0
gate,65.3035,15.6,1.0,0.169,0.0
det,65.3035,1067.75,788.0,128.0,288.0,0.753,Body
det,65.3035,1121.69,766.38,34.62,46.25,0.438,Head
cover,65.3303,1,0,1,0
nearest,65.3303,-1
cover,65.3582,2,1,1,1
err,65.3582,-127.5,-9.3
timing,65.3582,2.5,23.9
gate,65.3582,15.6,1.0,0.169,0.0
det,65.3582,1079.5,783.0,135.5,301.5,0.742,Body
det,65.3582,1135.44,766.5,34.12,44.0,0.645,Head
cover,65.3833,2,1,1,1
err,65.3833,-125.0,-9.05
timing,65.3833,1.3,21.4
gate,65.3833,15.6,1.0,0.169,0.0
det,65.3833,1082.75,785.5,128.25,294.0,0.774,Body
det,65.3833,1137.0,766.75,36.0,44.0,0.599,Head
cover,65.411,2,1,1,1
err,65.4111,-125.0,-9.29
timing,65.4111,1.6,23.8
gate,65.411,15.6,1.0,0.169,0.0
det,65.4111,1082.81,785.38,128.38,294.25,0.777,Body
det,65.4111,1137.0,766.38,36.0,44.25,0.592,Head
cover,65.4394,2,1,1,1
err,65.4395,-125.0,-8.81
timing,65.4395,1.7,24.3
gate,65.4395,15.6,1.0,0.169,0.0
det,65.4395,1082.62,784.5,128.5,295.0,0.774,Body
det,65.4395,1137.0,767.12,36.0,43.75,0.627,Head
cover,65.4655,2,1,1,1
err,65.4656,-125.5,-8.81
timing,65.4656,2.3,21.5
gate,65.4656,15.6,1.0,0.169,0.0
det,65.4656,1082.75,784.88,128.0,294.25,0.776,Body
det,65.4656,1137.0,767.12,35.0,43.75,0.618,Head
cover,65.4926,2,1,1,1
err,65.4926,-125.75,-8.81
timing,65.4926,1.5,22.7
gate,65.4926,15.6,1.0,0.169,0.0
det,65.4926,1082.75,785.0,128.25,294.5,0.774,Body
det,65.4926,1136.94,767.12,34.62,43.75,0.637,Head
cover,65.5211,2,1,1,1
err,65.5211,-125.62,-8.8
timing,65.5211,1.7,24.4
gate,65.5211,15.6,1.0,0.169,0.0
det,65.5211,1082.97,785.88,127.56,293.25,0.775,Body
det,65.5211,1137.0,767.0,34.75,44.0,0.652,Head
cover,65.5477,2,1,1,1
err,65.5478,-125.62,-8.79
timing,65.5478,1.6,23.1
gate,65.5478,15.6,1.0,0.169,0.0
det,65.5478,1083.0,786.0,127.25,292.5,0.779,Body
det,65.5478,1137.0,766.88,34.75,44.25,0.609,Head
cover,65.576,2,1,1,1
err,65.5761,-125.62,-8.8
timing,65.5761,1.6,24.1
gate,65.5761,15.6,1.0,0.169,0.0
det,65.5761,1083.0,786.0,127.0,292.5,0.778,Body
det,65.5761,1137.0,767.0,34.75,44.0,0.63,Head
cover,65.6038,2,1,1,1
err,65.6038,-125.5,-8.76
timing,65.6038,2.3,23.1
gate,65.6038,15.6,1.0,0.169,0.0
det,65.6038,1083.0,786.5,127.5,291.5,0.778,Body
det,65.6038,1137.0,766.62,35.0,44.75,0.61,Head
cover,65.6308,2,1,1,1
err,65.6308,-125.5,-8.76
timing,65.6308,2.4,22.4
gate,65.6308,15.6,1.0,0.169,0.0
det,65.6308,1083.03,786.5,127.69,292.5,0.779,Body
det,65.6308,1136.94,766.62,35.12,44.75,0.651,Head
cover,65.6588,2,1,1,1
err,65.6588,-125.5,-8.52
timing,65.6588,1.6,24.3
gate,65.6588,15.6,1.0,0.169,0.0
det,65.6588,1083.19,786.5,127.12,291.5,0.778,Body
det,65.6588,1136.94,767.0,35.12,44.5,0.651,Head
cover,65.683,2,1,1,1
err,65.6831,-125.5,-8.77
timing,65.6831,2.2,20.4
gate,65.6831,15.6,1.0,0.169,0.0
det,65.6831,1083.03,786.5,127.19,292.0,0.781,Body
det,65.6831,1137.0,766.75,35.0,44.5,0.644,Head
cover,65.7112,2,1,1,1
err,65.7113,-125.5,-8.77
timing,65.7113,1.5,24.2
gate,65.7113,15.6,1.0,0.169,0.0
det,65.7113,1083.16,787.0,126.94,291.0,0.779,Body
det,65.7113,1137.0,766.75,35.0,44.5,0.658,Head
cover,65.7379,2,1,1,1
err,65.7379,-125.5,-8.77
timing,65.7379,1.7,22.7
gate,65.7379,15.6,1.0,0.169,0.0
det,65.7379,1083.19,786.88,127.12,291.25,0.778,Body
det,65.7379,1137.06,766.75,34.88,44.5,0.64,Head
cover,65.7653,2,1,1,1
err,65.7653,-125.62,-8.77
timing,65.7653,1.6,24.0
gate,65.7653,15.6,1.0,0.169,0.0
det,65.7653,1082.97,786.5,127.31,291.5,0.779,Body
det,65.7653,1137.0,766.75,34.75,44.5,0.664,Head
cover,65.7935,2,1,1,1
err,65.7935,-125.62,-8.77
timing,65.7935,1.5,24.5
gate,65.7935,15.6,1.0,0.169,0.0
det,65.7935,1083.19,787.0,126.62,291.0,0.776,Body
det,65.7935,1137.0,766.75,34.75,44.5,0.652,Head
cover,65.8215,2,1,1,1
err,65.8216,-125.62,-8.77
timing,65.8216,2.0,23.9
gate,65.8216,15.6,1.0,0.169,0.0
det,65.8216,1083.06,786.5,126.88,291.5,0.781,Body
det,65.8216,1137.0,766.75,34.75,44.5,0.623,Head
cover,65.8485,2,1,1,1
err,65.8486,-125.75,-8.8
timing,65.8486,1.9,23.1
gate,65.8486,15.6,1.0,0.169,0.0
det,65.8486,1083.22,786.5,126.81,291.0,0.777,Body
det,65.8486,1136.94,767.0,34.62,44.0,0.643,Head
cover,65.8765,2,1,1,1
err,65.8766,-125.75,-8.8
timing,65.8766,1.5,24.3
gate,65.8766,15.6,1.0,0.169,0.0
det,65.8766,1082.88,786.5,127.0,291.5,0.775,Body
det,65.8766,1137.0,767.0,34.5,44.0,0.607,Head
cover,65.904,2,1,1,1
err,65.904,-125.75,-8.79
timing,65.904,1.6,23.4
gate,65.904,15.6,1.0,0.169,0.0
det,65.904,1082.88,786.0,127.5,292.0,0.777,Body
det,65.904,1137.0,766.88,34.5,44.25,0.635,Head
cover,65.9314,2,1,1,1
err,65.9315,-125.75,-8.77
timing,65.9315,2.0,23.2
gate,65.9315,15.6,1.0,0.169,0.0
det,65.9315,1082.91,786.5,126.94,291.5,0.776,Body
det,65.9315,1137.06,766.75,34.38,44.5,0.604,Head
cover,65.9597,2,1,1,1
err,65.9598,-125.88,-8.81
timing,65.9598,1.7,24.2
gate,65.9598,15.6,1.0,0.169,0.0
det,65.9598,1083.0,787.0,126.5,290.5,0.781,Body
det,65.9598,1137.0,767.12,34.25,43.75,0.605,Head
cover,65.9871,2,1,1,1
err,65.9871,-125.75,-9.08
timing,65.9871,2.7,22.9
gate,65.9871,15.6,1.0,0.169,0.0
det,65.9871,1082.97,786.38,127.31,291.25,0.776,Body
det,65.9871,1137.0,767.0,34.5,43.5,0.627,Head
cover,66.0143,2,1,1,1
err,66.0143,-126.62,-8.79
timing,66.0143,1.7,23.4
gate,66.0143,15.6,1.0,0.169,0.0
det,66.0143,1080.31,787.0,133.88,295.0,0.721,Body
det,66.0143,1136.0,766.88,34.75,44.25,0.512,Head
cover,66.0411,2,1,1,1
err,66.0411,-126.62,-8.79
timing,66.0411,1.3,23.1
gate,66.0411,15.6,1.0,0.169,0.0
det,66.0411,1080.44,787.0,133.62,295.0,0.718,Body
det,66.0411,1136.0,766.88,34.75,44.25,0.542,Head
cover,66.0693,2,1,1,1
err,66.0694,-126.62,-8.79
timing,66.0694,1.5,24.4
gate,66.0694,15.6,1.0,0.169,0.0
det,66.0694,1080.56,787.38,133.38,294.25,0.712,Body
det,66.0694,1136.0,766.88,34.75,44.25,0.541,Head
cover,66.0953,2,1,1,1
err,66.0954,-126.62,-8.79
timing,66.0954,2.2,22.2
gate,66.0954,15.6,1.0,0.169,0.0
det,66.0954,1080.56,787.88,133.38,294.25,0.709,Body
det,66.0954,1136.0,766.88,34.75,44.25,0.52,Head
cover,66.1223,2,1,1,1
err,66.1223,-126.5,-8.77
timing,66.1223,1.5,23.1
gate,66.1223,15.6,1.0,0.169,0.0
det,66.1223,1080.25,787.0,133.75,295.5,0.726,Body
det,66.1223,1136.06,766.75,34.88,44.5,0.507,Head
cover,66.1515,2,1,1,1
err,66.1515,-126.62,-8.76
timing,66.1515,3.3,23.6
gate,66.1515,15.6,1.0,0.169,0.0
det,66.1515,1080.75,787.0,133.0,295.0,0.734,Body
det,66.1515,1136.0,766.62,34.75,44.75,0.483,Head
cover,66.1808,2,1,1,1
err,66.1809,-126.62,-9.02
timing,66.1809,1.5,25.6
gate,66.1809,15.6,1.0,0.169,0.0
det,66.1809,1080.69,786.5,133.12,295.5,0.732,Body
det,66.1809,1136.0,766.5,34.75,44.5,0.505,Head
cover,66.2088,1,0,1,0
nearest,66.2088,-1
cover,66.236,1,0,1,0
nearest,66.236,-1
cover,66.2604,1,0,1,0
nearest,66.2604,-1
cover,66.2876,1,0,1,0
nearest,66.2876,-1
cover,66.3137,2,1,1,1
err,66.3137,-130.0,-0.8
timing,66.3137,1.2,24.0
gate,66.3137,15.6,1.0,0.169,0.0
det,66.3137,1132.44,775.0,35.12,44.0,0.714,Head
det,66.3137,1078.94,777.5,130.12,304.0,0.694,Body
cover,66.3415,2,1,1,1
err,66.3416,-129.5,-2.26
timing,66.3416,1.6,23.8
gate,66.3416,15.6,1.0,0.169,0.0
det,66.3416,1132.81,773.12,35.38,44.75,0.717,Head
det,66.3416,1078.5,784.5,129.75,298.0,0.708,Body
cover,66.3673,3,1,2,1
err,66.3673,-129.25,-5.29
timing,66.3673,1.9,21.7
gate,66.3673,15.6,1.0,0.169,0.0
det,66.3673,1133.31,770.38,34.88,44.25,0.628,Head
det,66.3673,1171.94,953.5,57.12,142.0,0.508,Body
det,66.3673,1077.5,793.0,130.25,277.0,0.444,Body
cover,66.3937,3,1,2,1
err,66.3937,-129.62,-5.84
timing,66.3937,1.6,22.5
gate,66.3937,15.6,1.0,0.169,0.0
det,66.3937,1133.38,770.38,34.0,43.25,0.77,Head
det,66.3937,1077.31,788.0,130.88,287.0,0.667,Body
det,66.3937,1171.5,955.5,51.5,138.0,0.655,Body
cover,66.4219,3,1,2,1
err,66.4219,-129.0,-6.79
timing,66.4219,2.3,23.5
gate,66.4219,15.6,1.0,0.169,0.0
det,66.4219,1077.25,789.62,134.5,289.75,0.693,Body
det,66.4219,1133.62,768.88,34.75,44.25,0.625,Head
det,66.4219,1171.81,953.0,58.38,142.0,0.536,Body
cover,66.4496,3,1,2,1
err,66.4496,-129.0,-7.85
timing,66.4496,3.1,22.5
gate,66.4496,15.6,1.0,0.169,0.0
det,66.4496,1078.19,785.12,131.12,295.75,0.746,Body
det,66.4496,1133.81,768.5,34.38,43.0,0.726,Head
det,66.4496,1172.0,951.75,58.0,142.5,0.526,Body
cover,66.478,2,1,1,1
err,66.478,-130.75,-7.81
timing,66.478,1.7,24.5
gate,66.478,15.6,1.0,0.169,0.0
det,66.478,1077.0,788.0,130.5,295.0,0.752,Body
det,66.478,1133.31,768.12,31.88,43.75,0.663,Head
cover,66.5045,1,0,1,0
nearest,66.5045,-1
cover,66.53,2,1,1,1
err,66.5301,-159.75,-14.26
timing,66.5301,1.8,22.6
gate,66.5301,15.6,1.0,0.169,0.0
det,66.5301,1046.5,773.5,134.75,306.5,0.741,Body
det,66.5301,1102.81,761.12,34.88,44.75,0.447,Head
cover,66.5579,2,1,1,1
err,66.558,-159.75,-14.26
timing,66.558,1.5,23.7
gate,66.5579,15.6,1.0,0.169,0.0
det,66.558,1046.5,773.0,135.5,305.0,0.723,Body
det,66.558,1102.81,761.12,34.88,44.75,0.432,Head
cover,66.5879,2,1,1,1
err,66.5879,-163.75,-15.84
timing,66.5879,2.3,25.6
gate,66.5879,15.6,1.0,0.169,0.0
det,66.5879,1039.81,776.5,133.88,305.0,0.701,Body
det,66.5879,1099.56,760.38,33.38,43.25,0.63,Head
cover,66.6154,2,1,1,1
err,66.6154,-163.0,-14.98
timing,66.6154,1.4,24.1
gate,66.6154,15.6,1.0,0.169,0.0
det,66.6154,1041.69,770.0,129.12,312.0,0.605,Body
det,66.6154,1098.94,760.0,36.12,45.5,0.582,Head
cover,66.6433,2,1,1,1
err,66.6434,-159.25,-16.34
timing,66.6434,1.6,23.7
gate,66.6434,15.6,1.0,0.169,0.0
det,66.6434,1044.25,768.0,138.0,315.0,0.711,Body
det,66.6434,1103.19,759.88,35.12,43.25,0.625,Head
cover,66.6711,2,1,1,1
err,66.6711,-151.75,-15.3
timing,66.6711,2.1,23.2
gate,66.6711,15.6,1.0,0.169,0.0
det,66.6711,1111.81,760.5,32.88,44.0,0.761,Head
det,66.6711,1051.88,765.88,137.5,311.25,0.634,Body
cover,66.6978,2,1,1,1
err,66.6978,-140.25,-15.84
timing,66.6978,1.5,23.1
gate,66.6978,15.6,1.0,0.169,0.0
det,66.6978,1122.81,760.38,33.88,43.25,0.727,Head
det,66.6978,1061.75,767.0,143.0,314.5,0.696,Body
cover,66.7237,2,1,1,1
err,66.7237,-133.0,-15.75
timing,66.7237,1.5,22.1
gate,66.7237,15.6,1.0,0.169,0.0
det,66.7237,1129.88,759.5,34.25,45.0,0.81,Head
det,66.7237,1071.75,768.5,132.5,311.5,0.628,Body
cover,66.7497,2,1,1,1
err,66.7498,-116.75,-15.24
timing,66.7498,2.1,21.3
gate,66.7498,15.6,1.0,0.169,0.0
det,66.7498,1146.31,759.88,33.88,45.25,0.848,Head
det,66.7498,1087.5,769.5,130.75,312.0,0.599,Body
cover,66.7779,2,1,1,1
err,66.7779,-106.75,-15.85
timing,66.7779,1.6,24.3
gate,66.7779,15.6,1.0,0.169,0.0
det,66.7779,1156.38,760.5,33.75,43.0,0.702,Head
det,66.7779,1095.94,770.5,137.62,313.0,0.661,Body
cover,66.8045,2,1,1,1
err,66.8045,-87.75,-15.55
timing,66.8045,1.6,22.5
gate,66.8045,15.6,1.0,0.169,0.0
det,66.8045,1116.5,774.88,131.75,302.25,0.598,Body
det,66.8045,1175.56,760.25,33.38,44.0,0.58,Head
cover,66.8322,2,1,1,1
err,66.8322,-64.75,-15.89
timing,66.8322,1.4,23.6
gate,66.8322,15.6,1.0,0.169,0.0
det,66.8322,1198.75,760.88,33.0,42.25,0.679,Head
det,66.8322,1142.0,766.0,131.5,292.5,0.483,Body
cover,66.8611,1,1,0,1
err,66.8612,-53.75,-16.36
timing,66.8612,1.6,24.1
gate,66.8612,15.6,1.0,0.169,0.0
det,66.8612,1209.5,760.12,33.5,42.75,0.763,Head
cover,66.8911,2,1,1,1
err,66.8911,-29.25,-16.17
timing,66.8911,1.8,25.9
gate,66.8911,15.6,1.0,0.169,0.0
det,66.8911,1234.5,761.0,32.5,41.5,0.674,Head
det,66.8911,1177.25,774.0,128.0,297.0,0.586,Body
cover,66.9207,2,1,1,1
err,66.9207,-2.5,-17.51
timing,66.9207,1.5,25.7
gate,66.9207,15.6,1.0,0.169,0.0
det,66.9207,1204.56,774.0,117.88,291.0,0.435,Body
det,66.9207,1259.88,760.62,35.25,39.75,0.417,Head
cover,66.9476,2,1,1,1
err,66.9477,19.0,-16.42
timing,66.9477,1.4,23.5
gate,66.9477,15.6,1.0,0.169,0.0
det,66.9477,1282.25,760.75,33.5,41.5,0.585,Head
det,66.9477,1229.0,769.0,112.5,293.0,0.422,Body
cover,66.9747,1,1,0,1
err,66.9747,16.75,-4.44
timing,66.9747,1.5,23.1
gate,66.9747,15.6,1.0,0.169,0.0
det,66.9747,1279.25,772.88,35.0,41.25,0.654,Head
cover,66.9993,2,1,1,1
err,66.9994,34.5,-0.96
timing,66.9994,1.4,20.8
gate,66.9994,15.6,1.0,0.169,0.0
det,66.9994,1295.88,776.62,37.25,40.75,0.68,Head
det,66.9994,1243.75,781.12,125.5,303.75,0.568,Body
cover,67.0273,2,1,1,1
err,67.0274,91.5,-1.05
timing,67.0274,1.5,24.3
gate,67.0274,15.6,1.0,0.169,0.0
det,67.0274,1353.38,774.75,36.25,44.0,0.842,Head
det,67.0274,1301.5,771.5,125.0,298.0,0.476,Body
cover,67.0544,2,1,1,1
err,67.0544,99.0,-1.86
timing,67.0544,1.5,23.0
gate,67.0544,15.6,1.0,0.169,0.0
det,67.0544,1361.25,774.62,35.5,42.75,0.684,Head
det,67.0544,1306.62,775.5,128.75,314.0,0.601,Body
cover,67.0811,2,1,1,1
err,67.0811,153.5,-75.11
timing,67.0811,1.5,23.0
gate,67.0811,15.6,1.0,0.169,0.0
det,67.0811,1414.88,700.0,37.25,45.25,0.734,Head
det,67.0811,1360.12,713.38,127.75,274.25,0.415,Body
cover,67.1089,1,1,0,1
err,67.109,142.75,-147.44
timing,67.109,1.5,23.9
gate,67.109,15.6,1.0,0.169,0.0
det,67.109,1404.0,628.5,37.5,43.75,0.673,Head
cover,67.1342,2,1,1,1
err,67.1342,113.5,-162.66
timing,67.1342,1.6,21.2
gate,67.1342,15.6,1.0,0.169,0.0
det,67.1342,1375.12,613.0,36.75,44.25,0.775,Head
det,67.1342,1318.5,610.0,132.0,302.0,0.451,Body
cover,67.1626,1,1,0,1
err,67.1626,-170.5,-179.32
timing,67.1626,1.9,24.1
gate,67.1626,15.6,1.0,0.169,0.0
det,67.1626,1091.06,596.69,36.88,43.62,0.751,Head
cover,67.1886,1,0,1,0
nearest,67.1886,-1
cover,67.2174,1,0,1,0
nearest,67.2174,-1
cover,67.2455,0,0,0,0
nearest,67.2455,-1
cover,67.2725,0,0,0,0
nearest,67.2725,-1
cover,67.2982,0,0,0,0
nearest,67.2982,-1
cover,67.3237,1,0,1,0
nearest,67.3237,-1
cover,67.3496,0,0,0,0
nearest,67.3496,-1
cover,67.3765,0,0,0,0
nearest,67.3765,-1
cover,67.4031,2,1,1,1
err,67.4031,109.75,260.38
timing,67.4031,2.8,23.2
gate,67.4031,15.6,1.0,0.169,0.0
det,67.4031,1325.5,1029.75,113.0,90.5,0.795,Body
det,67.4031,1371.25,1034.25,37.0,47.5,0.55,Head
cover,67.4303,2,1,1,1
err,67.4303,79.0,233.9
timing,67.4303,1.8,23.0
gate,67.4303,15.6,1.0,0.169,0.0
det,67.4303,1287.62,1001.25,139.75,119.5,0.752,Body
det,67.4303,1339.25,1007.5,39.5,48.0,0.606,Head
cover,67.4569,2,1,1,1
err,67.4571,74.0,225.5
timing,67.4571,1.6,22.7
gate,67.457,15.6,1.0,0.169,0.0
det,67.4571,1277.75,990.38,148.0,130.25,0.696,Body
det,67.4571,1335.38,998.0,37.25,50.0,0.573,Head
cover,67.4817,2,1,1,1
err,67.4817,64.5,203.41
timing,67.4817,2.0,20.2
gate,67.4817,15.6,1.0,0.169,0.0
det,67.4817,1272.5,972.0,124.0,149.0,0.661,Body
det,67.4817,1325.75,976.88,37.5,48.25,0.61,Head
cover,67.5099,2,1,1,1
err,67.51,59.5,176.27
timing,67.51,1.7,24.2
gate,67.5099,15.6,1.0,0.169,0.0
det,67.51,1320.62,948.5,37.75,50.5,0.764,Head
det,67.51,1264.5,942.25,141.0,179.5,0.67,Body
cover,67.5375,1,0,1,0
nearest,67.5375,-1
cover,67.5634,1,0,1,0
nearest,67.5634,-1
cover,67.5883,2,1,1,1
err,67.5883,21.25,146.85
timing,67.5883,2.8,21.3
gate,67.5883,15.6,1.0,0.169,0.0
det,67.5883,1281.25,918.25,40.0,52.0,0.645,Head
det,67.5883,1223.5,937.0,146.0,184.0,0.434,Body
cover,67.615,1,0,1,0
nearest,67.615,-1
cover,67.6432,1,0,1,0
nearest,67.6432,-1
cover,67.6692,2,1,1,1
err,67.6693,1.0,121.58
timing,67.6693,3.3,21.9
gate,67.6693,15.6,1.0,0.169,0.0
det,67.6693,1260.0,890.5,42.0,56.5,0.615,Head
det,67.6693,1196.0,887.5,164.0,236.0,0.432,Body
cover,67.6974,2,0,2,0
nearest,67.6974,-1
cover,67.7252,0,0,0,0
nearest,67.7252,-1
cover,67.7526,1,0,1,0
nearest,67.7526,-1
cover,67.7804,1,0,1,0
nearest,67.7804,-1
cover,67.8071,1,0,1,0
nearest,67.8071,-1
cover,67.8344,2,1,1,1
err,67.8345,-86.88,111.27
timing,67.8345,4.2,21.6
gate,67.8345,15.6,1.0,0.169,0.0
det,67.8345,1105.56,890.5,168.88,235.0,0.641,Body
det,67.8345,1171.0,878.0,44.25,60.5,0.639,Head
cover,67.8614,1,0,1,0
nearest,67.8614,-1
cover,67.8886,1,0,1,0
nearest,67.8887,-1
cover,67.912,2,1,1,1
err,67.9121,-136.25,78.62
timing,67.9121,1.2,21.5
gate,67.9121,15.6,1.0,0.169,0.0
det,67.9121,1121.0,844.25,45.5,62.5,0.688,Head
det,67.9121,1048.12,873.25,160.25,255.5,0.684,Body
cover,67.9405,1,0,1,0
nearest,67.9405,-1
cover,67.9669,1,0,1,0
nearest,67.9669,-1
cover,67.9939,2,1,1,1
err,67.9939,-119.25,39.56
timing,67.9939,3.4,22.9
gate,67.9939,15.6,1.0,0.169,0.0
det,67.9939,1138.69,805.88,44.12,61.25,0.619,Head
det,67.9939,1066.06,845.75,158.38,300.5,0.488,Body
cover,68.0205,0,0,0,0
nearest,68.0205,-1
cover,68.0474,0,0,0,0
nearest,68.0474,-1
cover,68.0731,0,0,0,0
nearest,68.0732,-1
cover,68.0992,0,0,0,0
nearest,68.0992,-1
cover,68.1243,0,0,0,0
nearest,68.1243,-1
cover,68.1499,0,0,0,0
nearest,68.1499,-1
cover,68.1757,0,0,0,0
nearest,68.1757,-1
cover,68.1993,0,0,0,0
nearest,68.1994,-1
cover,68.2246,0,0,0,0
nearest,68.2246,-1
cover,68.2482,0,0,0,0
nearest,68.2482,-1
cover,68.2767,0,0,0,0
nearest,68.2767,-1
cover,68.3036,1,1,0,1
err,68.3036,-139.38,10.19
timing,68.3036,3.3,22.8
gate,68.3036,15.6,1.0,0.169,0.0
det,68.3036,1118.38,775.12,44.5,63.75,0.426,Head
cover,68.3286,0,0,0,0
nearest,68.3286,-1
cover,68.3557,1,1,0,1
err,68.3557,-139.38,14.11
timing,68.3557,2.7,23.2
gate,68.3557,15.6,1.0,0.169,0.0
det,68.3557,1118.5,779.88,44.25,62.25,0.547,Head
cover,68.3856,1,1,0,1
err,68.3857,-139.12,11.83
timing,68.3857,3.1,24.4
gate,68.3857,15.6,1.0,0.169,0.0
det,68.3857,1118.62,778.0,44.5,61.5,0.469,Head
cover,68.4144,0,0,0,0
nearest,68.4144,-1
cover,68.4429,0,0,0,0
nearest,68.4429,-1
cover,68.4704,1,0,1,0
nearest,68.4704,-1
cover,68.4976,1,0,1,0
nearest,68.4976,-1
cover,68.5227,0,0,0,0
nearest,68.5227,-1
cover,68.5502,1,0,1,0
nearest,68.5502,-1
cover,68.5765,2,1,1,1
err,68.5766,-139.5,-9.36
timing,68.5766,2.7,22.5
gate,68.5766,15.6,1.0,0.169,0.0
det,68.5766,1048.06,787.0,149.38,339.0,0.518,Body
det,68.5766,1118.44,756.12,44.12,62.75,0.483,Head
cover,68.6043,2,1,1,1
err,68.6043,-139.5,-9.94
timing,68.6043,1.8,23.6
gate,68.6043,15.6,1.0,0.169,0.0
det,68.6043,1118.94,756.38,43.12,61.25,0.663,Head
det,68.6043,1048.06,784.5,151.38,327.0,0.406,Body
cover,68.6321,2,1,1,1
err,68.6321,-139.5,-9.94
timing,68.6321,3.2,22.1
gate,68.6321,15.6,1.0,0.169,0.0
det,68.6321,1118.88,756.38,43.25,61.25,0.674,Head
det,68.6321,1048.0,784.0,151.5,328.5,0.413,Body
cover,68.6599,2,1,1,1
err,68.66,-139.5,-9.94
timing,68.66,1.7,24.1
gate,68.66,15.6,1.0,0.169,0.0
det,68.66,1118.81,756.38,43.38,61.25,0.626,Head
det,68.66,1048.0,784.5,152.25,328.5,0.448,Body
cover,68.6879,2,1,1,1
err,68.6879,-139.38,-9.94
timing,68.6879,1.7,23.5
gate,68.6879,15.6,1.0,0.169,0.0
det,68.6879,1118.88,756.38,43.5,61.25,0.618,Head
det,68.6879,1047.88,784.5,153.0,329.0,0.466,Body
cover,68.7153,2,1,1,1
err,68.7154,-139.5,-9.94
timing,68.7154,3.1,22.4
gate,68.7154,15.6,1.0,0.169,0.0
det,68.7154,1118.81,756.38,43.38,61.25,0.617,Head
det,68.7154,1048.06,784.0,151.88,329.0,0.522,Body
cover,68.7399,2,1,1,1
err,68.7399,-139.5,-9.94
timing,68.7399,1.7,20.9
gate,68.7399,15.6,1.0,0.169,0.0
det,68.7399,1118.88,756.38,43.25,61.25,0.569,Head
det,68.7399,1048.69,785.5,149.62,337.5,0.47,Body
cover,68.7659,2,1,1,1
err,68.7659,-139.5,-9.94
timing,68.7659,1.9,21.9
gate,68.7659,15.6,1.0,0.169,0.0
det,68.7659,1118.94,756.38,43.12,61.25,0.596,Head
det,68.7659,1048.5,786.0,151.25,337.0,0.461,Body
cover,68.7935,2,1,1,1
err,68.7936,-139.5,-9.94
timing,68.7936,1.5,23.9
gate,68.7936,15.6,1.0,0.169,0.0
det,68.7936,1118.94,756.38,43.12,61.25,0.593,Head
det,68.7936,1048.5,787.0,153.0,336.0,0.43,Body
cover,68.8206,1,1,0,1
err,68.8206,-139.5,-9.6
timing,68.8206,1.6,23.2
gate,68.8206,15.6,1.0,0.169,0.0
det,68.8206,1118.75,755.75,43.5,63.0,0.524,Head
cover,68.8472,1,1,0,1
err,68.8473,-139.75,-9.6
timing,68.8473,1.7,23.0
gate,68.8473,15.6,1.0,0.169,0.0
det,68.8473,1118.56,755.75,43.38,63.0,0.427,Head
cover,68.8743,1,1,0,1
err,68.8743,-139.75,-9.86
timing,68.8743,1.6,23.2
gate,68.8743,15.6,1.0,0.169,0.0
det,68.8743,1118.56,755.62,43.38,62.75,0.408,Head
cover,68.8994,1,0,1,0
nearest,68.8994,-1
cover,68.9267,0,0,0,0
nearest,68.9267,-1
cover,68.954,1,1,0,1
err,68.9541,-139.5,-9.31
timing,68.9541,2.7,23.0
gate,68.9541,15.6,1.0,0.169,0.0
det,68.9541,1118.44,755.62,44.12,63.75,0.413,Head
cover,68.9811,0,0,0,0
nearest,68.9811,-1
cover,69.0081,1,1,0,1
err,69.0081,-139.5,-9.44
timing,69.0081,2.3,23.5
gate,69.0081,15.6,1.0,0.169,0.0
det,69.0081,1118.75,756.88,43.5,61.25,0.422,Head
cover,69.038,2,1,1,1
err,69.038,-139.5,-9.45
timing,69.038,1.5,26.1
gate,69.038,15.6,1.0,0.169,0.0
det,69.038,1048.06,788.0,151.88,334.0,0.446,Body
det,69.038,1118.75,757.0,43.5,61.0,0.419,Head
cover,69.0673,2,1,1,1
err,69.0674,-139.5,-9.46
timing,69.0674,2.5,25.0
gate,69.0674,15.6,1.0,0.169,0.0
det,69.0674,1048.19,787.5,152.12,335.5,0.515,Body
det,69.0674,1118.88,757.12,43.25,60.75,0.469,Head
cover,69.0966,1,1,0,1
err,69.0967,-139.5,-9.46
timing,69.0967,2.0,24.1
gate,69.0967,15.6,1.0,0.169,0.0
det,69.0967,1118.88,757.12,43.25,60.75,0.494,Head
cover,69.1229,1,1,0,1
err,69.123,-139.5,-9.35
timing,69.123,1.5,22.6
gate,69.123,15.6,1.0,0.169,0.0
det,69.123,1118.44,756.0,44.12,63.0,0.461,Head
cover,69.1481,1,1,0,1
err,69.1481,-139.5,-9.36
timing,69.1481,2.2,20.7
gate,69.1481,15.6,1.0,0.169,0.0
det,69.1481,1118.38,756.12,44.25,62.75,0.466,Head
cover,69.1751,1,1,0,1
err,69.1751,-139.5,-9.36
timing,69.1751,1.6,23.2
gate,69.1751,15.6,1.0,0.169,0.0
det,69.1751,1118.38,756.12,44.25,62.75,0.468,Head
cover,69.2,2,1,1,1
err,69.2001,-139.75,-9.36
timing,69.2001,1.7,21.5
gate,69.2001,15.6,1.0,0.169,0.0
det,69.2001,1118.19,756.12,44.12,62.75,0.49,Head
det,69.2001,1048.44,788.0,150.12,334.5,0.41,Body
cover,69.2286,1,1,0,1
err,69.2286,-139.62,-9.38
timing,69.2286,1.8,24.5
gate,69.2286,15.6,1.0,0.169,0.0
det,69.2286,1118.38,756.25,44.0,62.5,0.532,Head
cover,69.2563,1,1,0,1
err,69.2564,-139.62,-9.35
timing,69.2564,1.5,23.8
gate,69.2564,15.6,1.0,0.169,0.0
det,69.2564,1118.38,756.0,44.0,63.0,0.514,Head
cover,69.2815,2,1,1,1
err,69.2815,-139.5,-9.38
timing,69.2815,2.2,20.7
gate,69.2815,15.6,1.0,0.169,0.0
det,69.2815,1118.44,756.25,44.12,62.5,0.486,Head
det,69.2815,1048.38,789.5,150.0,332.5,0.451,Body
cover,69.3079,2,1,1,1
err,69.3079,-139.5,-9.36
timing,69.3079,1.4,22.8
gate,69.3079,15.6,1.0,0.169,0.0
det,69.3079,1048.31,788.12,150.38,334.75,0.456,Body
det,69.3079,1118.44,756.12,44.12,62.75,0.456,Head
cover,69.3333,2,1,1,1
err,69.3333,-139.5,-9.36
timing,69.3333,1.9,21.5
gate,69.3333,15.6,1.0,0.169,0.0
det,69.3333,1048.5,787.5,151.25,336.5,0.531,Body
det,69.3333,1118.44,756.12,44.12,62.75,0.451,Head
cover,69.3614,2,1,1,1
err,69.3614,-139.25,11.92
timing,69.3614,1.7,23.6
gate,69.3614,15.6,1.0,0.169,0.0
det,69.3614,1045.38,808.0,158.75,310.5,0.478,Body
det,69.3614,1118.56,777.0,44.38,63.5,0.446,Head
cover,69.387,1,1,0,1
err,69.387,-139.62,7.01
timing,69.387,2.1,22.0
gate,69.387,15.6,1.0,0.169,0.0
det,69.387,1118.75,773.88,43.25,60.25,0.534,Head
cover,69.4155,0,0,0,0
nearest,69.4155,-1
cover,69.4438,1,0,1,0
nearest,69.4438,-1
cover,69.4705,1,1,0,1
err,69.4705,-139.5,-1.41
timing,69.4705,2.5,22.7
gate,69.4705,15.6,1.0,0.169,0.0
det,69.4705,1118.69,764.62,43.62,61.75,0.594,Head
cover,69.4971,0,0,0,0
nearest,69.4972,-1
cover,69.525,0,0,0,0
nearest,69.525,-1
cover,69.5537,0,0,0,0
nearest,69.5537,-1
cover,69.5801,0,0,0,0
nearest,69.5802,-1
cover,69.6052,1,0,1,0
nearest,69.6053,-1
cover,69.6309,0,0,0,0
nearest,69.6309,-1
cover,69.6581,1,0,1,0
nearest,69.6581,-1
cover,69.687,1,0,1,0
nearest,69.687,-1
cover,69.7106,0,0,0,0
nearest,69.7106,-1
cover,69.7378,1,0,1,0
nearest,69.7378,-1
cover,69.7631,1,1,0,1
err,69.7631,-136.5,-9.76
timing,69.7631,1.4,22.6
gate,69.7631,15.6,1.0,0.169,0.0
det,69.7631,1120.06,754.62,46.88,64.75,0.582,Head
cover,69.7892,0,0,0,0
nearest,69.7892,-1
cover,69.8149,0,0,0,0
nearest,69.8149,-1
cover,69.8419,0,0,0,0
nearest,69.8419,-1
cover,69.8702,2,1,1,1
err,69.8703,-97.75,-11.52
timing,69.8703,3.1,24.5
gate,69.8703,15.6,1.0,0.169,0.0
det,69.8703,1159.69,755.75,45.12,59.5,0.675,Head
det,69.8703,1513.75,864.88,8.5,20.25,0.433,Body
cover,69.8968,0,0,0,0
nearest,69.8968,-1
cover,69.9239,0,0,0,0
nearest,69.924,-1
cover,69.9484,1,1,0,1
err,69.9485,-36.0,-9.46
timing,69.9485,3.3,20.5
gate,69.9484,15.6,1.0,0.169,0.0
det,69.9485,1222.0,757.12,44.0,60.75,0.405,Head
cover,69.9761,0,0,0,0
nearest,69.9761,-1
cover,70.0033,0,0,0,0
nearest,70.0034,-1
cover,70.0281,0,0,0,0
nearest,70.0281,-1
cover,70.0535,0,0,0,0
nearest,70.0535,-1
cover,70.0767,0,0,0,0
nearest,70.0767,-1
cover,70.1031,0,0,0,0
nearest,70.1031,-1
cover,70.1279,0,0,0,0
nearest,70.1279,-1
cover,70.154,0,0,0,0
nearest,70.154,-1
cover,70.1787,0,0,0,0
nearest,70.1787,-1
cover,70.2047,0,0,0,0
nearest,70.2047,-1
cover,70.2279,0,0,0,0
nearest,70.2279,-1
cover,70.2539,0,0,0,0
nearest,70.2539,-1
cover,70.2784,0,0,0,0
nearest,70.2784,-1
cover,70.3032,0,0,0,0
nearest,70.3032,-1
cover,70.3271,0,0,0,0
nearest,70.3271,-1
cover,70.3531,0,0,0,0
nearest,70.3531,-1
cover,70.3762,0,0,0,0
nearest,70.3762,-1
cover,70.3997,0,0,0,0
nearest,70.3997,-1
cover,70.4284,0,0,0,0
nearest,70.4284,-1
cover,70.4532,0,0,0,0
nearest,70.4533,-1
cover,70.4764,0,0,0,0
nearest,70.4764,-1
cover,70.503,0,0,0,0
nearest,70.503,-1
cover,70.5261,0,0,0,0
nearest,70.5261,-1
cover,70.5512,0,0,0,0
nearest,70.5512,-1
cover,70.5753,0,0,0,0
nearest,70.5753,-1
cover,70.6012,0,0,0,0
nearest,70.6012,-1
cover,70.6267,0,0,0,0
nearest,70.6267,-1
cover,70.6531,0,0,0,0
nearest,70.6531,-1
cover,70.6785,1,0,1,0
nearest,70.6785,-1
cover,70.7068,0,0,0,0
nearest,70.7068,-1
cover,70.7323,0,0,0,0
nearest,70.7323,-1
cover,70.7575,0,0,0,0
nearest,70.7575,-1
cover,70.7811,0,0,0,0
nearest,70.7811,-1
cover,70.8061,0,0,0,0
nearest,70.8061,-1
cover,70.8309,0,0,0,0
nearest,70.8309,-1
cover,70.8579,0,0,0,0
nearest,70.8579,-1
cover,70.883,0,0,0,0
nearest,70.883,-1
cover,70.9092,0,0,0,0
nearest,70.9092,-1
cover,70.9374,0,0,0,0
nearest,70.9374,-1
cover,70.9632,0,0,0,0
nearest,70.9632,-1
cover,70.9918,0,0,0,0
nearest,70.9918,-1
cover,71.0157,0,0,0,0
nearest,71.0157,-1
cover,71.0415,0,0,0,0
nearest,71.0415,-1
cover,71.0664,1,0,1,0
nearest,71.0664,-1
cover,71.0944,0,0,0,0
nearest,71.0945,-1
cover,71.1209,1,0,1,0
nearest,71.1209,-1
cover,71.1469,0,0,0,0
nearest,71.1469,-1
cover,71.1739,0,0,0,0
nearest,71.174,-1
cover,71.1995,0,0,0,0
nearest,71.1996,-1
cover,71.2254,0,0,0,0
nearest,71.2254,-1
cover,71.25,1,0,1,0
nearest,71.2501,-1
cover,71.2776,0,0,0,0
nearest,71.2777,-1
cover,71.3067,1,0,1,0
nearest,71.3067,-1
cover,71.3328,0,0,0,0
nearest,71.3328,-1
cover,71.361,0,0,0,0
nearest,71.361,-1
cover,71.3876,0,0,0,0
nearest,71.3876,-1
cover,71.4114,0,0,0,0
nearest,71.4114,-1
cover,71.4396,0,0,0,0
nearest,71.4396,-1
cover,71.4661,0,0,0,0
nearest,71.4661,-1
cover,71.4953,0,0,0,0
nearest,71.4953,-1
cover,71.5217,0,0,0,0
nearest,71.5217,-1
cover,71.5453,0,0,0,0
nearest,71.5453,-1
cover,71.5709,0,0,0,0
nearest,71.5709,-1
cover,71.5962,0,0,0,0
nearest,71.5962,-1
cover,71.622,0,0,0,0
nearest,71.6221,-1
cover,71.6462,0,0,0,0
nearest,71.6462,-1
cover,71.6731,0,0,0,0
nearest,71.6732,-1
cover,71.6995,1,1,0,1
err,71.6996,-253.31,-44.98
timing,71.6996,4.2,21.5
gate,71.6996,15.6,1.0,0.169,0.0
det,71.6996,989.62,708.0,74.12,85.5,0.466,Head
cover,71.7281,0,0,0,0
nearest,71.7281,-1
cover,71.7555,0,0,0,0
nearest,71.7556,-1
cover,71.7805,1,0,1,0
nearest,71.7806,-1
cover,71.8088,1,0,1,0
nearest,71.8088,-1
cover,71.8348,0,0,0,0
nearest,71.8349,-1
cover,71.8615,0,0,0,0
nearest,71.8615,-1
cover,71.8889,0,0,0,0
nearest,71.8889,-1
cover,71.9135,0,0,0,0
nearest,71.9135,-1
cover,71.9393,2,1,1,1
err,71.9393,-276.47,-12.73
timing,71.9393,3.5,21.5
gate,71.9393,15.6,1.0,0.169,0.0
det,71.9393,967.25,737.5,72.56,90.5,0.506,Head
det,71.9393,958.44,715.5,129.5,282.5,0.506,Body
cover,71.9664,1,1,0,1
err,71.9665,-223.25,-6.6
timing,71.9665,2.6,22.1
gate,71.9665,15.6,1.0,0.169,0.0
det,71.9665,1021.75,739.5,70.0,98.0,0.522,Head
cover,71.9931,0,0,0,0
nearest,71.9931,-1
cover,72.0209,0,0,0,0
nearest,72.0209,-1
cover,72.0459,0,0,0,0
nearest,72.0459,-1
cover,72.071,0,0,0,0
nearest,72.071,-1
cover,72.0941,1,1,0,1
err,72.0942,-179.38,-18.73
timing,72.0942,1.2,21.3
gate,72.0942,15.6,1.0,0.169,0.0
det,72.0942,1065.28,734.31,70.69,85.38,0.508,Head
cover,72.1204,0,0,0,0
nearest,72.1204,-1
cover,72.1477,1,1,0,1
err,72.1477,-158.38,-23.41
timing,72.1477,2.2,23.9
gate,72.1477,15.6,1.0,0.169,0.0
det,72.1477,1087.62,726.12,68.0,91.75,0.528,Head
cover,72.177,1,1,0,1
err,72.1771,-158.38,-23.14
timing,72.1771,2.1,24.8
gate,72.1771,15.6,1.0,0.169,0.0
det,72.1771,1087.66,726.19,67.94,92.12,0.539,Head
cover,72.2043,1,1,0,1
err,72.2043,-148.38,-32.01
timing,72.2043,1.6,23.2
gate,72.2043,15.6,1.0,0.169,0.0
det,72.2043,1096.75,724.06,69.75,79.88,0.55,Head
cover,72.2321,1,1,0,1
err,72.2322,-148.5,-31.19
timing,72.2322,3.2,22.5
gate,72.2322,15.6,1.0,0.169,0.0
det,72.2322,1096.44,724.19,70.12,81.12,0.555,Head
cover,72.2578,0,0,0,0
nearest,72.2579,-1
cover,72.2868,1,1,0,1
err,72.2869,-121.5,-24.1
timing,72.2869,3.0,24.6
gate,72.2869,15.6,1.0,0.169,0.0
det,72.2869,1125.31,733.0,66.38,78.0,0.431,Head
cover,72.3145,0,0,0,0
nearest,72.3145,-1
cover,72.3432,1,1,0,1
err,72.3432,-111.25,-14.06
timing,72.3432,3.1,24.4
gate,72.3432,15.6,1.0,0.169,0.0
det,72.3432,1134.88,737.12,67.75,88.75,0.56,Head
cover,72.3704,1,0,1,0
nearest,72.3704,-1
cover,72.396,2,0,2,0
nearest,72.396,-1
cover,72.4253,1,0,1,0
nearest,72.4254,-1
cover,72.4536,1,0,1,0
nearest,72.4536,-1
cover,72.4804,1,0,1,0
nearest,72.4804,-1
cover,72.5068,1,0,1,0
nearest,72.5068,-1
cover,72.5312,1,0,1,0
nearest,72.5313,-1
cover,72.5578,1,0,1,0
nearest,72.5578,-1
cover,72.5858,1,0,1,0
nearest,72.5858,-1
cover,72.611,0,0,0,0
nearest,72.611,-1
cover,72.6373,1,0,1,0
nearest,72.6373,-1
cover,72.6638,1,0,1,0
nearest,72.6639,-1
cover,72.6887,1,0,1,0
nearest,72.6887,-1
cover,72.7124,1,0,1,0
nearest,72.7124,-1
cover,72.7382,1,0,1,0
nearest,72.7382,-1
cover,72.7645,1,0,1,0
nearest,72.7646,-1
cover,72.7904,1,0,1,0
nearest,72.7904,-1
lmb,72.8166,1
cover,72.8182,1,0,1,0
nearest,72.8182,-1
cover,72.8433,1,0,1,0
nearest,72.8433,-1
cover,72.871,1,0,1,0
nearest,72.871,-1
cover,72.8972,1,0,1,0
nearest,72.8972,-1
lmb,72.9243,0
cover,72.9261,1,0,1,0
nearest,72.9261,-1
nail,72.95,1
cover,72.9511,1,0,1,0
nearest,72.9511,-1
cover,72.9762,1,0,1,0
nearest,72.9762,-1
cover,73.0024,1,0,1,0
nearest,73.0024,-1
cover,73.0291,1,0,1,0
nearest,73.0291,-1
cover,73.0557,1,0,1,0
nearest,73.0557,-1
cover,73.0799,2,1,1,1
err,73.08,-202.62,9.74
timing,73.08,1.4,22.1
gate,73.08,202.9,0.0,0.0,0.0
det,73.08,952.62,792.0,184.62,304.0,0.638,Body
det,73.08,1046.0,763.12,62.75,84.75,0.413,Head
cover,73.1083,1,0,1,0
nearest,73.1083,-1
cover,73.136,1,0,1,0
nearest,73.136,-1
cover,73.1611,1,0,1,0
nearest,73.1612,-1
cover,73.1879,1,0,1,0
nearest,73.188,-1
cover,73.2122,1,0,1,0
nearest,73.2122,-1
cover,73.2379,1,0,1,0
nearest,73.2379,-1
cover,73.261,1,0,1,0
nearest,73.2611,-1
cover,73.2883,1,0,1,0
nearest,73.2883,-1
cover,73.313,1,0,1,0
nearest,73.313,-1
nail,73.3395,0
cover,73.3405,1,0,1,0
nearest,73.3406,-1
cover,73.3648,1,0,1,0
nearest,73.3648,-1
cover,73.3905,1,0,1,0
nearest,73.3905,-1
cover,73.4156,1,0,1,0
nearest,73.4156,-1
cover,73.4439,1,0,1,0
nearest,73.4439,-1
cover,73.4691,1,0,1,0
nearest,73.4691,-1
cover,73.4945,1,0,1,0
nearest,73.4945,-1
cover,73.5199,1,0,1,0
nearest,73.5199,-1
cover,73.5456,1,0,1,0
nearest,73.5456,-1
cover,73.5724,1,0,1,0
nearest,73.5724,-1
cover,73.5967,1,0,1,0
nearest,73.5967,-1
cover,73.6225,1,0,1,0
nearest,73.6225,-1
cover,73.648,1,0,1,0
nearest,73.648,-1
cover,73.6727,1,0,1,0
nearest,73.6727,-1
cover,73.6985,1,1,0,1
err,73.6986,-263.5,-54.56
timing,73.6986,1.6,23.5
gate,73.6985,202.9,0.0,0.0,0.0
det,73.6986,984.0,696.56,65.0,88.88,0.505,Head
cover,73.7255,2,1,1,1
err,73.7255,-262.72,-55.93
timing,73.7255,1.4,23.4
gate,73.7255,202.9,0.0,0.0,0.0
det,73.7255,984.44,696.56,65.69,86.38,0.511,Head
det,73.7255,957.88,678.75,133.5,304.0,0.507,Body
cover,73.7546,1,0,1,0
nearest,73.7546,-1
cover,73.7806,2,1,1,1
err,73.7807,-214.94,-54.91
timing,73.7807,1.6,23.3
gate,73.7807,202.9,0.0,0.0,0.0
det,73.7807,1034.75,700.06,60.62,81.88,0.547,Head
det,73.7807,956.75,738.5,161.5,297.0,0.502,Body
cover,73.8079,1,0,1,0
nearest,73.8079,-1
cover,73.8333,2,1,1,1
err,73.8334,-95.75,-29.48
timing,73.8334,3.0,21.1
gate,73.8334,202.9,0.0,0.0,0.0
det,73.8334,1155.44,729.06,57.62,75.38,0.593,Head
det,73.8334,1065.06,750.0,177.38,304.0,0.55,Body
cover,73.8615,2,1,1,1
err,73.8615,-92.62,-29.48
timing,73.8615,1.6,24.1
gate,73.8615,202.9,0.0,0.0,0.0
det,73.8615,1159.12,729.0,56.5,75.5,0.562,Head
det,73.8615,1069.5,752.5,179.25,310.0,0.49,Body
cover,73.8883,1,0,1,0
nearest,73.8883,-1
cover,73.9143,2,1,1,1
err,73.9143,-58.25,-9.7
timing,73.9143,1.3,23.5
gate,73.9143,202.9,0.0,0.0,0.0
det,73.9143,1195.06,751.25,53.38,71.0,0.839,Head
det,73.9143,1114.0,777.0,161.0,240.0,0.639,Body
cover,73.943,2,1,1,1
err,73.943,-56.0,-9.09
timing,73.943,1.7,24.5
gate,73.943,202.9,0.0,0.0,0.0
det,73.943,1197.69,753.38,52.62,68.25,0.729,Head
det,73.943,1113.75,764.5,180.75,293.5,0.414,Body
cover,73.9678,2,1,1,1
err,73.9679,-53.0,-8.74
timing,73.9679,1.8,20.9
gate,73.9679,202.9,0.0,0.0,0.0
det,73.9679,1202.56,755.38,48.88,65.25,0.627,Head
det,73.9679,1120.0,771.0,175.25,313.5,0.498,Body
cover,73.9958,1,1,0,1
err,73.9958,-51.5,-8.6
timing,73.9958,2.2,23.4
gate,73.9958,202.9,0.0,0.0,0.0
det,73.9958,1204.38,754.0,48.25,68.0,0.765,Head
cover,74.0242,1,1,0,1
err,74.0242,-62.5,1.4
timing,74.0242,2.4,22.9
gate,74.0242,202.9,0.0,0.0,0.0
det,74.0242,1193.38,766.75,48.25,63.0,0.806,Head
cover,74.0516,1,1,0,1
err,74.0516,-85.62,5.59
timing,74.0516,2.6,22.8
gate,74.0516,202.9,0.0,0.0,0.0
det,74.0516,1171.0,771.62,46.75,61.75,0.688,Head
cover,74.0793,1,1,0,1
err,74.0793,-84.0,5.3
timing,74.0793,2.0,23.3
gate,74.0793,202.9,0.0,0.0,0.0
det,74.0793,1173.25,771.75,45.5,61.0,0.79,Head
cover,74.106,1,1,0,1
err,74.106,-95.25,-7.56
timing,74.106,1.9,22.4
gate,74.106,202.9,0.0,0.0,0.0
det,74.106,1162.94,760.12,43.62,58.75,0.602,Head
cover,74.1347,1,1,0,1
err,74.1347,-98.25,-11.54
timing,74.1347,2.6,23.8
gate,74.1347,202.9,0.0,0.0,0.0
det,74.1347,1160.06,755.88,43.38,59.25,0.638,Head
cover,74.1621,3,1,2,1
err,74.1621,-107.0,-20.21
timing,74.1621,1.5,23.4
gate,74.1621,202.9,0.0,0.0,0.0
det,74.1621,1152.06,749.12,41.88,55.75,0.784,Head
det,74.1621,1080.94,762.5,168.62,314.5,0.612,Body
det,74.1621,1507.75,863.25,8.5,20.5,0.507,Body
cover,74.19,3,1,2,1
err,74.19,-114.38,-21.31
timing,74.19,1.6,23.1
gate,74.19,202.9,0.0,0.0,0.0
det,74.19,1145.0,749.12,41.25,53.75,0.599,Head
det,74.19,1058.5,891.25,97.0,233.5,0.427,Body
det,74.19,1080.25,766.62,157.25,282.75,0.421,Body
cover,74.2178,2,1,1,1
err,74.2179,-118.25,-21.91
timing,74.2179,3.6,21.8
gate,74.2179,202.9,0.0,0.0,0.0
det,74.2179,1142.19,749.62,39.12,51.75,0.761,Head
det,74.2179,1077.0,766.0,138.75,301.0,0.405,Body
cover,74.2463,1,1,0,1
err,74.2463,-116.5,-22.65
timing,74.2463,1.5,24.6
gate,74.2463,202.9,0.0,0.0,0.0
det,74.2463,1143.75,748.75,39.5,52.0,0.818,Head
cover,74.2747,2,1,1,1
err,74.2747,-115.12,-21.05
timing,74.2747,1.7,24.2
gate,74.2747,202.9,0.0,0.0,0.0
det,74.2747,1145.25,752.0,39.25,49.0,0.726,Head
det,74.2747,1084.44,767.0,146.62,287.5,0.642,Body
lmb,74.3013,1
cover,74.3024,1,0,1,0
nearest,74.3024,-1
cover,74.3287,3,1,2,1
err,74.3288,-113.25,-21.35
timing,74.3288,1.9,23.2
gate,74.3288,115.2,1.0,0.0,0.0
det,74.3288,1147.88,752.25,37.75,48.0,0.783,Head
det,74.3288,1086.0,763.12,144.0,306.75,0.489,Body
det,74.3288,1189.31,949.88,66.38,156.25,0.485,Body
cmd,74.3288,-152,-29
cover,74.3558,3,1,2,1
err,74.3559,-113.12,-21.09
timing,74.3559,1.8,22.3
gate,74.3559,115.2,1.0,0.253,0.0
det,74.3559,1148.0,752.38,37.75,48.25,0.769,Head
det,74.3559,1189.75,946.62,63.0,155.75,0.46,Body
det,74.3559,1086.75,764.38,146.0,303.25,0.444,Body
lmb,74.3825,0
cover,74.3843,2,1,1,1
err,74.3844,-113.0,-21.1
timing,74.3844,2.9,21.7
gate,74.3844,115.0,1.0,0.224,0.0
det,74.3844,1148.19,752.5,37.62,48.0,0.768,Head
det,74.3844,1086.5,764.12,146.0,303.75,0.462,Body
cover,74.4099,2,1,1,1
err,74.41,-113.0,-21.09
timing,74.41,1.5,22.9
gate,74.41,115.0,1.0,0.199,0.0
det,74.41,1148.19,752.38,37.62,48.25,0.754,Head
det,74.41,1086.75,763.88,145.25,305.25,0.485,Body
cover,74.4386,2,1,1,1
err,74.4387,-112.88,-21.09
timing,74.4387,1.8,24.2
gate,74.4386,114.9,1.0,0.17,0.0
det,74.4387,1148.25,752.38,37.75,48.25,0.737,Head
det,74.4387,1086.44,763.5,145.62,305.5,0.436,Body
cover,74.4669,2,1,1,1
err,74.467,-112.75,-21.06
timing,74.467,1.6,24.8
gate,74.467,114.8,1.0,0.142,0.0
det,74.467,1148.25,752.12,38.0,48.75,0.714,Head
det,74.467,1086.75,762.5,144.25,307.5,0.481,Body
cover,74.4958,1,0,1,0
nearest,74.4958,-1
cover,74.5223,1,0,1,0
nearest,74.5224,-1
cover,74.5486,1,0,1,0
nearest,74.5486,-1
cover,74.5732,1,0,1,0
nearest,74.5733,-1
cover,74.5975,1,0,1,0
nearest,74.5975,-1
cover,74.623,1,0,1,0
nearest,74.623,-1
cover,74.6462,1,0,1,0
nearest,74.6462,-1
cover,74.6718,1,0,1,0
nearest,74.6719,-1
cover,74.6969,1,0,1,0
nearest,74.6969,-1
cover,74.7219,1,0,1,0
nearest,74.7219,-1
cover,74.746,2,1,1,1
err,74.746,1.25,-7.84
timing,74.746,1.3,22.0
gate,74.746,114.8,1.0,0.142,0.0
det,74.746,1200.81,787.0,142.88,294.0,0.559,Body
det,74.746,1262.25,768.38,38.0,43.25,0.509,Head
nail,74.7484,1
cover,74.7493,2,1,1,1
err,74.7494,1.25,-7.84
timing,74.7494,1.3,22.0
gate,74.7494,114.8,1.0,0.142,0.0
det,74.7494,1200.81,787.0,142.88,294.0,0.559,Body
det,74.7494,1262.25,768.38,38.0,43.25,0.509,Head
cover,74.791,3,1,2,1
err,74.7911,1.5,7.79
timing,74.7911,1.5,23.5
gate,74.7911,114.8,1.0,0.142,0.0
det,74.7911,1262.62,782.62,37.75,45.75,0.698,Head
det,74.7911,1205.5,790.38,139.0,281.25,0.505,Body
det,74.7911,1183.0,899.75,96.0,224.5,0.441,Body
cover,74.7931,3,1,2,1
err,74.7931,1.5,7.79
timing,74.7931,1.5,23.5
gate,74.7931,114.8,1.0,0.142,0.0
det,74.7931,1262.62,782.62,37.75,45.75,0.698,Head
det,74.7931,1205.5,790.38,139.0,281.25,0.505,Body
det,74.7931,1183.0,899.75,96.0,224.5,0.441,Body
cover,74.8332,0,0,0,0
nearest,74.8332,-1
cover,74.834,0,0,0,0
nearest,74.834,-1
cover,74.8754,0,0,0,0
nearest,74.8754,-1
cover,74.8756,0,0,0,0
nearest,74.8756,-1
cover,74.9156,0,0,0,0
nearest,74.9156,-1
cover,74.9159,0,0,0,0
nearest,74.9159,-1
cover,74.9564,0,0,0,0
nearest,74.9564,-1
cover,74.9566,0,0,0,0
nearest,74.9566,-1
cover,74.9989,0,0,0,0
nearest,74.999,-1
cover,74.9991,0,0,0,0
nearest,74.9991,-1
cover,75.0399,0,0,0,0
nearest,75.0399,-1
cover,75.0401,0,0,0,0
nearest,75.0402,-1
cover,75.0835,0,0,0,0
nearest,75.0836,-1
cover,75.0838,0,0,0,0
nearest,75.0838,-1
cover,75.1239,0,0,0,0
nearest,75.124,-1
cover,75.1248,0,0,0,0
nearest,75.1248,-1
cover,75.1662,0,0,0,0
nearest,75.1662,-1
cover,75.1664,0,0,0,0
nearest,75.1664,-1
cover,75.2068,1,0,1,0
nearest,75.2068,-1
cover,75.2075,1,0,1,0
nearest,75.2075,-1
cover,75.2485,1,0,1,0
nearest,75.2485,-1
cover,75.2487,1,0,1,0
nearest,75.2487,-1
cover,75.2888,1,0,1,0
nearest,75.2888,-1
cover,75.289,1,0,1,0
nearest,75.289,-1
cover,75.3294,1,0,1,0
nearest,75.3294,-1
cover,75.3297,1,0,1,0
nearest,75.3297,-1
cover,75.3728,0,0,0,0
nearest,75.3728,-1
cover,75.3735,0,0,0,0
nearest,75.3735,-1
cover,75.4151,0,0,0,0
nearest,75.4151,-1
cover,75.4153,0,0,0,0
nearest,75.4153,-1
cover,75.457,0,0,0,0
nearest,75.457,-1
cover,75.4573,0,0,0,0
nearest,75.4573,-1
cover,75.4978,1,0,1,0
nearest,75.4978,-1
cover,75.4987,1,0,1,0
nearest,75.4987,-1
cover,75.5386,1,0,1,0
nearest,75.5386,-1
cover,75.5388,1,0,1,0
nearest,75.5388,-1
cover,75.5825,1,0,1,0
nearest,75.5825,-1
cover,75.5827,1,0,1,0
nearest,75.5827,-1
cover,75.6232,1,0,1,0
nearest,75.6232,-1
cover,75.6235,1,0,1,0
nearest,75.6235,-1
cover,75.6657,3,1,2,1
err,75.6657,315.0,2.02
timing,75.6657,2.9,21.8
gate,75.6657,114.8,1.0,0.142,0.0
det,75.6657,1556.0,794.62,44.0,152.75,0.851,Body
det,75.6657,1134.88,1009.5,13.0,16.0,0.563,Body
det,75.6657,1590.0,788.0,10.0,25.5,0.534,Head
nail,75.6928,0
cover,75.6937,2,1,1,1
err,75.6938,311.0,5.73
timing,75.6938,1.6,23.4
gate,75.6938,114.8,1.0,0.142,0.0
det,75.6938,1549.0,788.0,51.0,154.5,0.814,Body
det,75.6938,1581.75,786.75,18.5,34.5,0.738,Head
cover,75.7231,2,1,1,1
err,75.7231,299.0,4.58
timing,75.7231,2.5,24.9
gate,75.7231,114.8,1.0,0.142,0.0
det,75.7231,1533.75,795.62,66.5,141.75,0.87,Body
det,75.7231,1567.25,787.25,23.5,31.5,0.85,Head
cover,75.7498,2,1,1,1
err,75.7499,284.0,4.0
timing,75.7499,1.7,23.1
gate,75.7498,114.8,1.0,0.142,0.0
det,75.7499,1519.25,787.62,81.5,148.75,0.9,Body
det,75.7499,1552.0,787.5,24.0,30.0,0.894,Head
cover,75.779,3,1,2,1
err,75.7791,278.0,3.96
timing,75.7791,1.7,25.3
gate,75.7791,114.8,1.0,0.142,0.0
det,75.7791,1514.0,787.88,86.0,149.25,0.908,Body
det,75.7791,1546.25,787.88,23.5,29.25,0.889,Head
det,75.7791,1071.56,1028.5,13.25,17.0,0.515,Body
cover,75.8068,2,1,1,1
err,75.8068,264.0,4.54
timing,75.8068,1.6,23.4
gate,75.8068,114.8,1.0,0.142,0.0
det,75.8068,1501.0,787.12,91.0,148.75,0.868,Body
det,75.8068,1532.25,787.62,23.5,30.75,0.827,Head
cover,75.834,2,1,1,1
err,75.834,250.0,3.99
timing,75.834,2.4,22.6
gate,75.834,114.8,1.0,0.142,0.0
det,75.834,1518.0,787.62,24.0,29.75,0.884,Head
det,75.834,1484.75,786.0,92.5,141.0,0.855,Body
cover,75.8623,2,1,1,1
err,75.8624,244.0,3.99
timing,75.8624,1.6,24.4
gate,75.8624,114.8,1.0,0.142,0.0
det,75.8624,1511.75,787.62,24.5,29.75,0.883,Head
det,75.8624,1478.0,785.62,93.0,144.75,0.852,Body
cover,75.8909,2,1,1,1
err,75.8909,229.0,4.01
timing,75.8909,2.0,24.2
gate,75.8909,114.8,1.0,0.142,0.0
det,75.8909,1496.75,787.38,24.5,30.25,0.872,Head
det,75.8909,1454.62,784.5,105.75,234.5,0.744,Body
cover,75.918,2,1,1,1
err,75.918,215.5,4.16
timing,75.918,1.6,23.7
gate,75.918,114.8,1.0,0.142,0.0
det,75.918,1483.0,785.88,25.0,33.25,0.837,Head
det,75.918,1441.25,789.0,103.5,237.5,0.716,Body
cover,75.9475,2,1,1,1
err,75.9475,209.0,3.09
timing,75.9475,1.7,25.5
gate,75.9475,114.8,1.0,0.142,0.0
det,75.9475,1476.25,785.62,25.5,31.75,0.891,Head
det,75.9475,1433.88,783.0,108.25,257.0,0.661,Body
cover,75.9746,2,1,1,1
err,75.9746,196.0,3.61
timing,75.9746,1.5,23.2
gate,75.9746,114.8,1.0,0.142,0.0
det,75.9746,1463.75,785.88,24.5,32.25,0.843,Head
det,75.9746,1420.75,783.5,108.5,256.5,0.593,Body
cover,76.0008,2,1,1,1
err,76.0008,182.0,3.95
timing,76.0008,1.6,22.7
gate,76.0008,114.8,1.0,0.142,0.0
det,76.0008,1448.62,785.25,26.75,34.0,0.891,Head
det,76.0008,1406.5,784.0,107.0,258.0,0.696,Body
cover,76.0299,2,1,1,1
err,76.03,175.0,3.88
timing,76.03,2.3,24.6
gate,76.03,114.8,1.0,0.142,0.0
det,76.03,1442.0,786.0,26.0,32.5,0.779,Head
det,76.03,1398.5,785.0,108.5,253.0,0.618,Body
cover,76.0584,2,1,1,1
err,76.0585,161.25,3.15
timing,76.0585,1.5,24.5
gate,76.0585,114.8,1.0,0.142,0.0
det,76.0585,1428.5,785.0,25.5,33.0,0.712,Head
det,76.0585,1386.0,784.88,108.0,255.25,0.65,Body
cover,76.0853,2,1,1,1
err,76.0853,146.5,3.16
timing,76.0853,3.0,21.8
gate,76.0853,114.8,1.0,0.142,0.0
det,76.0853,1414.0,784.88,25.0,33.25,0.774,Head
det,76.0853,1369.38,799.38,106.25,235.25,0.741,Body
cover,76.1124,2,1,1,1
err,76.1124,169.25,3.3
timing,76.1124,2.1,22.8
gate,76.1124,114.8,1.0,0.142,0.0
det,76.1124,1389.0,800.88,114.0,244.25,0.693,Body
det,76.1124,1436.0,783.5,26.5,36.0,0.656,Head
cover,76.1407,2,1,1,1
err,76.1407,159.25,3.26
timing,76.1407,3.0,22.9
gate,76.1407,114.8,1.0,0.142,0.0
det,76.1407,1378.88,801.0,109.25,233.5,0.772,Body
det,76.1407,1425.75,783.88,27.0,35.25,0.547,Head
cover,76.1677,2,1,1,1
err,76.1677,162.0,3.71
timing,76.1677,1.9,23.2
gate,76.1677,114.8,1.0,0.142,0.0
det,76.1677,1383.0,798.88,108.0,238.25,0.674,Body
det,76.1677,1429.0,784.88,26.0,34.25,0.63,Head
lmb,76.1953,1
cover,76.1969,1,0,1,0
nearest,76.1969,-1
cover,76.2241,2,1,1,1
err,76.2242,157.25,3.65
timing,76.2242,1.6,24.3
gate,76.2242,157.3,1.0,0.0,0.0
det,76.2242,1375.38,799.62,104.25,238.75,0.779,Body
det,76.2242,1423.5,785.5,27.5,33.0,0.643,Head
cmd,76.2242,-31,-17
cover,76.2516,2,1,1,1
err,76.2516,156.5,3.11
timing,76.2516,1.7,23.5
gate,76.2516,156.9,1.0,0.253,0.0
det,76.2516,1375.5,799.12,106.0,240.75,0.794,Body
det,76.2516,1423.38,785.38,26.25,32.25,0.646,Head
cover,76.2794,2,1,1,1
err,76.2794,156.5,3.1
timing,76.2794,1.6,23.6
gate,76.2794,156.7,1.0,0.225,1.0
det,76.2794,1375.5,799.5,105.5,240.5,0.795,Body
det,76.2794,1423.38,785.5,26.25,32.0,0.645,Head
cmd,76.2794,210,4
lmb,76.3071,0
cover,76.308,2,1,1,1
err,76.3081,156.5,3.11
timing,76.3081,2.5,22.8
gate,76.3081,156.6,1.0,0.251,0.0
det,76.3081,1375.5,800.0,105.0,240.0,0.794,Body
det,76.3081,1423.38,785.38,26.25,32.25,0.602,Head
cover,76.3339,2,1,1,1
err,76.3339,156.5,3.11
timing,76.3339,1.5,22.6
gate,76.3339,156.6,1.0,0.225,0.0
det,76.3339,1375.5,800.0,105.0,240.0,0.792,Body
det,76.3339,1423.25,785.38,26.5,32.25,0.613,Head
cover,76.3635,2,1,1,1
err,76.3635,181.0,16.48
timing,76.3635,2.4,25.0
gate,76.3635,160.0,1.0,0.196,0.0
det,76.3635,1447.62,797.5,26.75,34.5,0.846,Head
det,76.3635,1401.0,798.62,100.5,259.75,0.744,Body
cover,76.3918,1,0,1,0
nearest,76.3918,-1
cover,76.4194,1,0,1,0
nearest,76.4194,-1
cover,76.4471,1,0,1,0
nearest,76.4471,-1
cover,76.4741,1,0,1,0
nearest,76.4741,-1
cover,76.4997,1,0,1,0
nearest,76.4998,-1
cover,76.5285,1,0,1,0
nearest,76.5285,-1
cover,76.5573,1,0,1,0
nearest,76.5573,-1
cover,76.5818,1,0,1,0
nearest,76.5818,-1
cover,76.6079,1,0,1,0
nearest,76.6079,-1
cover,76.6313,2,1,1,1
err,76.6313,22.25,14.45
timing,76.6313,1.4,21.3
gate,76.6313,26.5,0.0,0.0,0.0
det,76.6313,1242.62,811.0,112.75,249.5,0.823,Body
det,76.6313,1289.5,795.75,25.5,34.0,0.42,Head
cover,76.6585,2,1,1,1
err,76.6585,22.25,14.48
timing,76.6585,1.6,23.4
gate,76.6585,26.5,0.0,0.0,1.0
det,76.6585,1242.5,812.0,113.0,249.0,0.813,Body
det,76.6585,1289.5,795.5,25.5,34.5,0.401,Head
cmd,76.6585,30,19
cover,76.6874,2,1,1,1
err,76.6874,21.75,14.16
timing,76.6874,4.2,21.7
gate,76.6874,26.2,0.0,0.251,0.0
det,76.6874,1240.62,812.12,113.75,247.75,0.827,Body
det,76.6874,1289.0,795.88,25.5,33.25,0.472,Head
cover,76.7155,2,1,1,1
err,76.7155,21.75,14.15
timing,76.7155,1.3,24.5
gate,76.7155,26.2,0.0,0.251,0.0
det,76.7155,1240.62,811.5,113.75,248.5,0.829,Body
det,76.7155,1289.0,796.0,25.5,33.0,0.521,Head
cover,76.7438,2,1,1,1
err,76.7438,20.75,28.83
timing,76.7438,1.9,24.1
gate,76.7438,26.2,0.0,0.251,0.0
det,76.7438,1288.0,814.25,25.5,26.5,0.719,Head
det,76.7438,1243.88,813.0,106.25,262.5,0.649,Body
cover,76.771,2,1,1,1
err,76.771,21.0,28.09
timing,76.771,2.0,22.9
gate,76.771,26.2,0.0,0.251,0.0
det,76.771,1288.38,810.62,25.25,31.75,0.703,Head
det,76.771,1243.62,810.38,105.75,261.25,0.694,Body
cover,76.8002,1,0,1,0
nearest,76.8002,-1
cover,76.828,1,0,1,0
nearest,76.828,-1
cover,76.8522,1,0,1,0
nearest,76.8522,-1
cover,76.8791,1,0,1,0
nearest,76.8791,-1
cover,76.9027,1,0,1,0
nearest,76.9027,-1
cover,76.9294,1,0,1,0
nearest,76.9294,-1
cover,76.9561,1,0,1,0
nearest,76.9561,-1
cover,76.981,1,0,1,0
nearest,76.981,-1
cover,77.0077,2,1,1,1
err,77.0078,-3.25,2.29
timing,77.0078,3.2,22.9
gate,77.0078,26.2,0.0,0.251,0.0
det,77.0078,1215.75,793.5,106.5,241.5,0.776,Body
det,77.0078,1262.75,782.62,28.0,35.75,0.427,Head
cover,77.0354,1,0,1,0
nearest,77.0354,-1
cover,77.0644,1,0,1,0
nearest,77.0644,-1
cover,77.0935,1,0,1,0
nearest,77.0936,-1
cover,77.1241,1,0,1,0
nearest,77.1242,-1
cover,77.1492,1,0,1,0
nearest,77.1493,-1
cover,77.1741,1,0,1,0
nearest,77.1741,-1
cover,77.1978,1,0,1,0
nearest,77.1978,-1
cover,77.2244,1,0,1,0
nearest,77.2244,-1
cover,77.2487,1,0,1,0
nearest,77.2487,-1
cover,77.2741,1,0,1,0
nearest,77.2741,-1
cover,77.298,1,0,1,0
nearest,77.298,-1
cover,77.3243,1,0,1,0
nearest,77.3244,-1
cover,77.3478,1,0,1,0
nearest,77.3478,-1
cover,77.374,1,0,1,0
nearest,77.374,-1
lmb,77.4004,1
cover,77.4021,1,0,1,0
nearest,77.4022,-1
cover,77.4306,1,0,1,0
nearest,77.4306,-1
cover,77.4584,1,0,1,0
nearest,77.4584,-1
lmb,77.4834,0
cover,77.4844,1,0,1,0
nearest,77.4844,-1
cover,77.5114,1,0,1,0
nearest,77.5114,-1
nail,77.537,1
cover,77.5386,1,0,1,0
nearest,77.5386,-1
cover,77.5661,1,0,1,0
nearest,77.5661,-1
cover,77.5939,1,0,1,0
nearest,77.5939,-1
cover,77.6186,1,0,1,0
nearest,77.6186,-1
cover,77.6461,2,1,1,1
err,77.6461,-3.0,19.62
timing,77.6461,3.3,23.3
gate,77.6461,19.9,0.0,0.0,0.0
det,77.6461,1264.12,801.75,25.75,32.5,0.895,Head
det,77.6461,1217.12,810.0,113.75,253.0,0.797,Body
cover,77.6751,2,1,1,1
err,77.6752,-2.0,15.55
timing,77.6752,1.5,25.2
gate,77.6752,17.6,0.0,0.0,1.0
det,77.6752,1264.88,798.5,26.25,31.0,0.717,Head
det,77.6752,1218.88,806.0,104.25,251.5,0.655,Body
cmd,77.6752,-3,21
nail,77.7036,0
cover,77.7046,0,0,0,0
nearest,77.7046,-1
cover,77.732,0,0,0,0
nearest,77.732,-1
cover,77.7584,0,0,0,0
nearest,77.7584,-1
cover,77.7829,0,0,0,0
nearest,77.7829,-1
cover,77.8106,2,1,1,1
err,77.8107,-81.0,-9.23
timing,77.8107,3.3,23.8
gate,77.8107,81.5,0.0,0.144,0.0
det,77.8107,1161.06,777.5,75.38,164.5,0.864,Body
det,77.8107,1189.38,776.75,19.25,25.5,0.791,Head
cover,77.841,1,0,1,0
nearest,77.841,-1
cover,77.8679,2,1,1,1
err,77.868,-81.25,-11.48
timing,77.868,1.5,24.3
gate,77.868,81.8,0.0,0.087,0.0
det,77.868,1160.44,775.0,76.62,166.0,0.874,Body
det,77.868,1189.25,774.5,19.0,25.5,0.706,Head
cover,77.8981,2,1,1,1
err,77.8981,-81.25,-11.77
timing,77.8981,2.0,25.7
gate,77.8981,82.0,0.0,0.057,0.0
det,77.8981,1159.75,774.62,77.0,165.75,0.877,Body
det,77.8981,1189.38,774.75,18.75,24.5,0.706,Head
cover,77.9265,2,1,1,1
err,77.9265,-81.25,-12.29
timing,77.9265,2.4,23.8
gate,77.9265,82.0,0.0,0.057,0.0
det,77.9265,1159.5,773.88,77.5,167.25,0.866,Body
det,77.9265,1189.25,774.38,19.0,24.25,0.646,Head
cover,77.9559,2,1,1,1
err,77.9559,-81.12,-12.6
timing,77.9559,3.1,23.3
gate,77.9559,82.0,0.0,0.057,0.0
det,77.9559,1160.5,774.0,75.25,165.5,0.865,Body
det,77.9559,1189.75,774.75,18.25,23.0,0.718,Head
cover,77.9837,2,1,1,1
err,77.9838,-81.0,-12.85
timing,77.9838,1.6,24.0
gate,77.9838,82.0,0.0,0.057,0.0
det,77.9838,1160.75,774.0,75.25,165.5,0.868,Body
det,77.9838,1189.94,774.5,18.12,23.0,0.706,Head
cover,78.0109,3,1,2,1
err,78.011,-81.12,-12.84
timing,78.011,2.0,22.8
gate,78.011,82.0,0.0,0.057,0.0
det,78.011,1161.0,774.38,75.0,165.25,0.868,Body
det,78.011,1189.88,774.38,18.0,23.25,0.685,Head
det,78.011,1300.62,713.5,11.75,21.0,0.655,Body
cover,78.0403,2,1,1,1
err,78.0404,-81.0,-12.34
timing,78.0404,1.9,25.2
gate,78.0404,82.0,0.0,0.057,0.0
det,78.0404,1160.75,774.88,75.25,165.25,0.869,Body
det,78.0404,1189.94,774.88,18.12,23.25,0.675,Head
cover,78.0679,2,1,1,1
err,78.0679,-81.0,-12.6
timing,78.0679,1.5,23.9
gate,78.0679,82.0,0.0,0.057,0.0
det,78.0679,1160.75,774.88,75.5,165.25,0.863,Body
det,78.0679,1189.94,774.75,18.12,23.0,0.689,Head
cover,78.101,2,1,1,1
err,78.1011,-81.0,-12.6
timing,78.1011,1.7,29.0
gate,78.1011,82.0,0.0,0.057,0.0
det,78.1011,1160.56,774.5,75.88,165.0,0.857,Body
det,78.1011,1189.94,774.75,18.12,23.0,0.685,Head
cover,78.1336,2,1,1,1
err,78.1337,-81.25,-12.33
timing,78.1337,1.8,27.3
gate,78.1336,82.0,0.0,0.057,0.0
det,78.1337,1160.75,774.5,76.0,165.5,0.868,Body
det,78.1337,1189.62,774.75,18.25,23.5,0.693,Head
cover,78.1621,2,1,1,1
err,78.1621,-81.25,-12.34
timing,78.1621,1.6,24.2
gate,78.1621,82.0,0.0,0.057,0.0
det,78.1621,1160.25,774.5,77.0,165.0,0.869,Body
det,78.1621,1189.56,774.88,18.38,23.25,0.699,Head
cover,78.1911,2,1,1,1
err,78.1912,-81.25,-12.34
timing,78.1912,2.4,24.3
gate,78.1912,82.0,0.0,0.057,0.0
det,78.1912,1160.25,774.5,77.25,165.5,0.866,Body
det,78.1912,1189.56,774.88,18.38,23.25,0.691,Head
cover,78.2183,2,1,1,1
err,78.2183,-81.25,-12.6
timing,78.2183,2.3,22.8
gate,78.2183,82.0,0.0,0.057,0.0
det,78.2183,1160.25,774.5,76.25,165.0,0.858,Body
det,78.2183,1189.56,774.75,18.38,23.0,0.68,Head
cover,78.2472,2,1,1,1
err,78.2472,-81.25,-12.6
timing,78.2472,1.8,24.8
gate,78.2472,82.0,0.0,0.057,0.0
det,78.2472,1160.44,774.62,75.62,164.75,0.851,Body
det,78.2472,1189.56,774.75,18.38,23.0,0.667,Head
cover,78.278,3,1,2,1
err,78.2781,-81.38,-12.85
timing,78.2781,2.1,25.9
gate,78.2781,82.0,0.0,0.057,0.0
det,78.2781,1160.0,774.12,76.25,162.75,0.838,Body
det,78.2781,1189.5,774.5,18.25,23.0,0.672,Head
det,78.2781,1209.31,861.5,23.88,73.0,0.531,Body
lmb,78.3067,1
cover,78.3078,2,1,1,1
err,78.3078,-81.38,-12.84
timing,78.3078,3.7,23.4
gate,78.3078,82.4,1.0,0.0,0.0
det,78.3078,1160.75,774.62,74.75,168.75,0.836,Body
det,78.3078,1189.5,774.38,18.25,23.25,0.666,Head
cmd,78.3078,-109,-17
cover,78.3367,4,1,3,1
err,78.3368,-82.5,-12.31
timing,78.3368,1.6,24.9
gate,78.3368,82.9,1.0,0.251,0.0
det,78.3368,1159.25,774.5,74.75,163.5,0.863,Body
det,78.3368,1188.56,774.62,17.88,23.75,0.776,Head
det,78.3368,1339.38,947.0,31.25,37.0,0.617,Body
det,78.3368,1209.38,898.88,21.25,37.25,0.471,Body
cover,78.3649,3,1,2,1
err,78.365,-82.5,-12.31
timing,78.365,1.6,23.9
gate,78.365,83.2,1.0,0.223,0.0
det,78.365,1159.25,774.25,74.75,163.0,0.867,Body
det,78.365,1188.56,774.62,17.88,23.75,0.782,Head
det,78.365,1339.38,956.5,34.25,40.5,0.542,Body
cover,78.3925,3,1,2,1
err,78.3925,-82.5,-11.81
timing,78.3925,1.6,23.5
gate,78.3925,83.3,1.0,0.195,0.0
det,78.3925,1159.75,774.5,75.75,167.0,0.866,Body
det,78.3925,1188.44,775.12,18.12,23.75,0.779,Head
det,78.3925,1341.25,977.12,36.0,44.75,0.469,Body
lmb,78.425,0
cover,78.4261,1,0,1,0
nearest,78.4261,-1
cover,78.4523,1,0,1,0
nearest,78.4523,-1
cover,78.4795,1,0,1,0
nearest,78.4795,-1
cover,78.5077,1,0,1,0
nearest,78.5077,-1
cover,78.5339,1,0,1,0
nearest,78.5339,-1
cover,78.5632,1,0,1,0
nearest,78.5632,-1
cover,78.5914,1,0,1,0
nearest,78.5914,-1
cover,78.6164,1,0,1,0
nearest,78.6164,-1
cover,78.6452,1,0,1,0
nearest,78.6453,-1
cover,78.6697,1,0,1,0
nearest,78.6697,-1
cover,78.6985,1,0,1,0
nearest,78.6985,-1
cover,78.7243,1,0,1,0
nearest,78.7243,-1
cover,78.7486,1,0,1,0
nearest,78.7486,-1
cover,78.7763,1,0,1,0
nearest,78.7763,-1
cover,78.801,1,0,1,0
nearest,78.801,-1
cover,78.8286,1,0,1,0
nearest,78.8287,-1
cover,78.8525,2,1,1,1
err,78.8525,-0.5,21.92
timing,78.8525,1.8,21.2
gate,78.8525,83.3,1.0,0.195,0.0
det,78.8525,1243.12,811.0,72.75,160.0,0.855,Body
det,78.8525,1271.12,809.0,16.75,23.5,0.656,Head
cover,78.8818,2,1,1,1
err,78.8818,-0.5,20.74
timing,78.8818,2.3,24.3
gate,78.8818,83.3,1.0,0.195,0.0
det,78.8818,1241.25,810.0,75.5,162.5,0.877,Body
det,78.8818,1270.62,807.12,17.75,24.75,0.54,Head
cover,78.9098,0,0,0,0
nearest,78.9098,-1
cover,78.938,0,0,0,0
nearest,78.938,-1
cover,78.965,0,0,0,0
nearest,78.965,-1
cover,78.9921,0,0,0,0
nearest,78.9921,-1
cover,79.0168,2,1,1,1
err,79.0168,130.5,2.84
timing,79.0168,1.2,22.8
gate,79.0168,83.3,1.0,0.195,0.0
det,79.0168,1400.12,788.12,20.75,26.75,0.881,Head
det,79.0168,1368.75,786.0,83.5,197.0,0.841,Body
cover,79.0458,1,0,1,0
nearest,79.0458,-1
cover,79.0752,2,1,1,1
err,79.0752,131.5,2.41
timing,79.0752,2.8,25.0
gate,79.0752,83.3,1.0,0.195,0.0
det,79.0752,1364.12,793.0,87.75,186.5,0.836,Body
det,79.0752,1400.5,786.88,22.0,28.25,0.528,Head
cover,79.1041,2,1,1,1
err,79.1041,130.5,1.38
timing,79.1041,2.5,23.6
gate,79.1041,83.3,1.0,0.195,0.0
det,79.1041,1363.75,786.12,89.5,195.75,0.845,Body
det,79.1041,1399.88,786.25,21.25,27.5,0.788,Head
cover,79.1336,2,1,1,1
err,79.1337,130.5,0.86
timing,79.1337,1.8,25.3
gate,79.1337,83.3,1.0,0.195,0.0
det,79.1337,1364.88,785.38,88.25,196.25,0.839,Body
det,79.1337,1399.88,785.88,21.25,27.25,0.79,Head
cover,79.1622,2,1,1,1
err,79.1623,130.5,0.05
timing,79.1623,2.3,24.4
gate,79.1623,83.3,1.0,0.195,0.0
det,79.1623,1364.5,785.12,88.0,194.75,0.836,Body
det,79.1623,1400.12,785.75,20.75,26.0,0.738,Head
cover,79.1924,2,1,1,1
err,79.1924,130.5,0.4
timing,79.1924,2.5,25.2
gate,79.1924,83.3,1.0,0.195,0.0
det,79.1924,1364.12,784.12,88.75,196.75,0.834,Body
det,79.1924,1400.0,785.0,21.0,28.0,0.799,Head
cover,79.225,2,1,1,1
err,79.2251,130.5,0.4
timing,79.2251,4.4,25.3
gate,79.2251,83.3,1.0,0.195,0.0
det,79.2251,1364.12,784.0,88.75,197.0,0.834,Body
det,79.2251,1400.12,785.0,20.75,28.0,0.799,Head
cover,79.2499,2,1,1,1
err,79.2499,130.5,0.38
timing,79.2499,1.3,22.1
gate,79.2499,83.3,1.0,0.195,0.0
det,79.2499,1364.25,783.88,88.5,197.25,0.834,Body
det,79.2499,1400.12,785.25,20.75,27.5,0.803,Head
cover,79.2788,2,1,1,1
err,79.2789,130.5,0.36
timing,79.2789,1.5,24.9
gate,79.2789,83.3,1.0,0.195,0.0
det,79.2789,1364.25,783.88,88.5,197.25,0.831,Body
det,79.2789,1400.0,785.38,21.0,27.25,0.797,Head
cover,79.3091,2,1,1,1
err,79.3092,130.5,0.38
timing,79.3092,2.3,25.4
gate,79.3092,83.3,1.0,0.195,0.0
det,79.3092,1364.25,783.5,88.5,197.5,0.834,Body
det,79.3092,1400.0,785.25,21.0,27.5,0.806,Head
cover,79.3347,2,1,1,1
err,79.3347,130.5,0.36
timing,79.3347,1.8,21.6
gate,79.3347,83.3,1.0,0.195,0.0
det,79.3347,1364.75,784.0,88.0,197.0,0.831,Body
det,79.3347,1400.0,785.38,21.0,27.25,0.81,Head
cover,79.3608,2,1,1,1
err,79.3608,130.25,0.36
timing,79.3608,2.0,22.3
gate,79.3608,83.3,1.0,0.195,0.0
det,79.3608,1364.38,784.5,88.25,196.5,0.829,Body
det,79.3608,1399.75,785.38,21.0,27.25,0.801,Head
cover,79.3923,2,1,1,1
err,79.3923,130.25,0.35
timing,79.3923,3.2,25.9
gate,79.3923,83.3,1.0,0.195,0.0
det,79.3923,1364.38,784.12,88.25,196.75,0.83,Body
det,79.3923,1399.75,785.5,21.0,27.0,0.806,Head
cover,79.4208,2,1,1,1
err,79.4208,130.25,0.35
timing,79.4208,1.9,24.7
gate,79.4208,83.3,1.0,0.195,0.0
det,79.4208,1364.38,784.25,88.25,196.5,0.829,Body
det,79.4208,1399.75,785.5,21.0,27.0,0.803,Head
cover,79.4531,2,1,1,1
err,79.4531,130.25,0.35
timing,79.4531,1.8,28.1
gate,79.4531,83.3,1.0,0.195,0.0
det,79.4531,1364.38,784.12,88.25,196.75,0.829,Body
det,79.4531,1399.75,785.5,21.0,27.0,0.811,Head
cover,79.4869,2,1,1,1
err,79.4869,130.25,0.34
timing,79.4869,1.8,29.7
gate,79.4869,83.3,1.0,0.195,0.0
det,79.4869,1364.62,784.5,87.75,196.5,0.827,Body
det,79.4869,1399.75,785.62,21.0,26.75,0.784,Head
cover,79.5166,2,1,1,1
err,79.5166,130.25,0.34
timing,79.5166,1.6,25.9
gate,79.5166,83.3,1.0,0.195,0.0
det,79.5166,1364.62,784.88,87.75,196.25,0.827,Body
det,79.5166,1399.75,785.62,21.0,26.75,0.795,Head
cover,79.5448,2,1,1,1
err,79.5448,130.25,0.34
timing,79.5448,1.6,24.1
gate,79.5448,83.3,1.0,0.195,0.0
det,79.5448,1364.0,784.88,88.5,196.25,0.827,Body
det,79.5448,1399.75,785.62,21.0,26.75,0.809,Head
cover,79.5753,2,1,1,1
err,79.5753,130.25,0.34
timing,79.5753,2.3,25.3
gate,79.5753,83.3,1.0,0.195,0.0
det,79.5753,1363.38,784.88,89.25,196.25,0.834,Body
det,79.5753,1399.75,785.62,21.0,26.75,0.806,Head
cover,79.6027,2,1,1,1
err,79.6028,130.5,0.34
timing,79.6028,1.5,24.5
gate,79.6028,83.3,1.0,0.195,0.0
det,79.6028,1363.62,784.88,88.75,196.25,0.834,Body
det,79.6028,1399.88,785.62,21.25,26.75,0.809,Head
cover,79.6304,2,1,1,1
err,79.6305,130.25,0.31
timing,79.6305,2.0,23.5
gate,79.6305,83.3,1.0,0.195,0.0
det,79.6305,1364.0,784.62,88.5,196.75,0.833,Body
det,79.6305,1399.75,785.88,21.0,26.25,0.812,Head
cover,79.6569,2,1,1,1
err,79.6569,130.0,0.08
timing,79.6569,1.5,22.3
gate,79.6569,83.3,1.0,0.195,0.0
det,79.6569,1363.62,785.38,88.75,196.25,0.831,Body
det,79.6569,1399.62,785.5,20.75,26.5,0.767,Head
cover,79.6847,2,1,1,1
err,79.6848,130.0,0.08
timing,79.6848,0.8,24.7
gate,79.6848,83.3,1.0,0.195,0.0
det,79.6848,1363.62,785.38,88.75,196.25,0.831,Body
det,79.6848,1399.62,785.5,20.75,26.5,0.767,Head
cover,79.7119,2,1,1,1
err,79.7119,130.0,-0.19
timing,79.7119,2.7,22.8
gate,79.7119,83.3,1.0,0.195,0.0
det,79.7119,1363.25,785.38,89.5,196.25,0.83,Body
det,79.7119,1399.62,785.38,20.75,26.25,0.777,Head
cover,79.7427,2,1,1,1
err,79.7427,130.0,-0.19
timing,79.7427,2.0,26.5
gate,79.7427,83.3,1.0,0.195,0.0
det,79.7427,1363.25,785.5,89.5,196.0,0.831,Body
det,79.7427,1399.62,785.38,20.75,26.25,0.779,Head
cover,79.7704,2,1,1,1
err,79.7705,130.0,-0.19
timing,79.7705,2.2,24.0
gate,79.7705,83.3,1.0,0.195,0.0
det,79.7705,1363.38,786.0,89.25,195.5,0.829,Body
det,79.7705,1399.75,785.38,20.5,26.25,0.761,Head
cover,79.7983,2,1,1,1
err,79.7984,130.0,-0.19
timing,79.7984,1.8,24.0
gate,79.7984,83.3,1.0,0.195,0.0
det,79.7984,1363.25,786.12,89.5,195.75,0.829,Body
det,79.7984,1399.75,785.38,20.5,26.25,0.756,Head
cover,79.8263,2,1,1,1
err,79.8263,130.0,-0.2
timing,79.8263,1.6,23.8
gate,79.8263,83.3,1.0,0.195,0.0
det,79.8263,1363.38,785.5,89.25,196.0,0.829,Body
det,79.8263,1399.75,785.5,20.5,26.0,0.767,Head
cover,79.8552,2,1,1,1
err,79.8552,130.0,-0.74
timing,79.8552,1.6,24.8
gate,79.8552,83.3,1.0,0.195,0.0
det,79.8552,1363.25,785.25,89.5,196.5,0.828,Body
det,79.8552,1399.75,785.38,20.5,25.25,0.784,Head
cover,79.884,2,1,1,1
err,79.8841,130.0,-0.74
timing,79.8841,1.8,24.7
gate,79.8841,83.3,1.0,0.195,0.0
det,79.8841,1363.88,785.5,89.25,196.0,0.827,Body
det,79.8841,1399.75,785.38,20.5,25.25,0.783,Head
cover,79.909,2,1,1,1
err,79.909,130.0,-0.74
timing,79.909,2.3,21.1
gate,79.909,83.3,1.0,0.195,0.0
det,79.909,1363.88,785.0,89.25,196.5,0.828,Body
det,79.909,1399.75,785.38,20.5,25.25,0.8,Head
cover,79.9364,2,1,1,1
err,79.9365,130.0,-0.74
timing,79.9365,1.7,23.4
gate,79.9365,83.3,1.0,0.195,0.0
det,79.9365,1363.75,784.62,89.5,196.75,0.829,Body
det,79.9365,1399.75,785.38,20.5,25.25,0.799,Head
cover,79.9628,2,1,1,1
err,79.9628,130.0,-0.74
timing,79.9628,1.9,22.9
gate,79.9628,83.3,1.0,0.195,0.0
det,79.9628,1363.75,785.0,89.5,196.5,0.831,Body
det,79.9628,1399.75,785.38,20.5,25.25,0.804,Head
cover,79.9927,2,1,1,1
err,79.9928,130.0,-0.73
timing,79.9928,1.9,26.0
gate,79.9928,83.3,1.0,0.195,0.0
det,79.9928,1363.88,784.5,89.25,197.0,0.829,Body
det,79.9928,1399.75,785.25,20.5,25.5,0.799,Head
cover,80.0201,2,1,1,1
err,80.0202,130.0,-0.71
timing,80.0202,2.3,23.2
gate,80.0202,83.3,1.0,0.195,0.0
det,80.0202,1363.75,784.62,89.5,196.75,0.828,Body
det,80.0202,1399.75,785.12,20.5,25.75,0.8,Head
cover,80.0491,2,1,1,1
err,80.0491,130.0,-0.73
timing,80.0491,2.5,24.9
gate,80.0491,83.3,1.0,0.195,0.0
det,80.0491,1363.88,784.62,89.25,196.75,0.829,Body
det,80.0491,1399.75,785.25,20.5,25.5,0.812,Head
lmb,80.078,1
cover,80.0796,2,1,1,1
err,80.0797,130.0,-0.73
timing,80.0797,2.6,24.0
gate,80.0796,130.0,1.0,0.0,0.0
det,80.0797,1364.25,784.5,89.0,197.0,0.827,Body
det,80.0797,1399.62,785.25,20.75,25.5,0.812,Head
cmd,80.0797,32,-8
cover,80.1111,2,1,1,1
err,80.1111,130.0,-0.48
timing,80.1111,3.0,25.6
gate,80.1111,130.0,1.0,0.249,0.0
det,80.1111,1363.88,784.62,89.25,196.75,0.831,Body
det,80.1111,1399.62,785.5,20.75,25.5,0.812,Head
cover,80.1424,2,1,1,1
err,80.1424,130.0,-0.48
timing,80.1424,3.8,25.2
gate,80.1424,130.0,1.0,0.217,0.0
det,80.1424,1399.62,785.5,20.75,25.5,0.83,Head
det,80.1424,1364.25,784.5,89.0,197.0,0.829,Body
lmb,80.1692,0
cover,80.1705,2,1,1,1
err,80.1705,106.0,5.85
timing,80.1705,2.0,22.8
gate,80.1705,126.7,1.0,0.189,0.0
det,80.1705,1342.5,790.38,88.5,197.25,0.851,Body
det,80.1705,1375.38,791.0,21.25,27.0,0.82,Head
cover,80.1975,2,1,1,1
err,80.1975,106.0,5.55
timing,80.1975,2.0,22.8
gate,80.1975,123.9,1.0,0.162,0.0
det,80.1975,1342.5,790.62,88.5,196.75,0.851,Body
det,80.1975,1375.5,791.25,21.0,26.0,0.796,Head
cover,80.2263,2,1,1,1
err,80.2263,106.0,5.86
timing,80.2263,1.7,24.5
gate,80.2263,121.4,1.0,0.133,0.0
det,80.2263,1342.5,790.0,88.5,197.5,0.852,Body
det,80.2263,1375.12,790.88,21.75,27.25,0.812,Head
cover,80.2534,2,1,1,1
err,80.2535,105.5,6.36
timing,80.2535,1.9,23.2
gate,80.2535,119.2,1.0,0.106,0.0
det,80.2535,1342.25,790.88,88.0,196.25,0.851,Body
det,80.2535,1375.0,791.38,21.0,27.25,0.763,Head
cover,80.2819,2,1,1,1
err,80.282,105.75,6.12
timing,80.282,1.6,24.4
gate,80.282,117.4,0.0,0.078,0.0
det,80.282,1342.5,790.0,88.5,197.5,0.851,Body
det,80.282,1375.0,791.0,21.5,27.5,0.826,Head
cover,80.3098,2,1,1,1
err,80.3098,106.0,5.81
timing,80.3098,1.7,23.5
gate,80.3098,111.2,0.0,0.05,0.0
det,80.3098,1342.5,790.0,88.5,197.5,0.853,Body
det,80.3098,1375.38,791.38,21.25,26.25,0.813,Head
cover,80.3369,2,1,1,1
err,80.3369,105.75,6.12
timing,80.3369,2.0,23.3
gate,80.3369,108.3,0.0,0.023,0.0
det,80.3369,1342.5,789.88,88.5,197.25,0.853,Body
det,80.3369,1375.0,791.0,21.5,27.5,0.812,Head
cover,80.3641,2,1,1,1
err,80.3642,106.0,5.81
timing,80.3642,2.1,23.4
gate,80.3642,107.1,0.0,0.0,0.0
det,80.3642,1342.5,789.88,88.5,197.25,0.853,Body
det,80.3642,1375.5,791.38,21.0,26.25,0.808,Head
cover,80.3928,2,1,1,1
err,80.3928,106.0,5.83
timing,80.3928,1.7,24.5
gate,80.3928,106.6,0.0,0.0,0.0
det,80.3928,1342.5,790.0,88.5,197.5,0.851,Body
det,80.3928,1375.75,791.25,20.5,26.5,0.798,Head
cover,80.4207,2,1,1,1
err,80.4208,106.0,5.81
timing,80.4208,1.7,24.2
gate,80.4208,106.4,0.0,0.0,0.0
det,80.4208,1342.5,789.62,88.5,197.75,0.852,Body
det,80.4208,1375.75,791.38,20.5,26.25,0.802,Head
cover,80.4486,2,1,1,1
err,80.4487,106.0,5.83
timing,80.4487,1.7,24.4
gate,80.4487,106.2,0.0,0.0,0.0
det,80.4487,1342.5,789.62,88.5,197.75,0.851,Body
det,80.4487,1375.75,791.25,20.5,26.5,0.801,Head
cover,80.4768,2,1,1,1
err,80.4769,106.0,5.83
timing,80.4769,1.8,23.8
gate,80.4769,106.2,0.0,0.0,0.0
det,80.4769,1342.5,790.0,88.5,197.5,0.851,Body
det,80.4769,1375.75,791.25,20.5,26.5,0.794,Head
cover,80.5039,2,1,1,1
err,80.504,106.0,6.12
timing,80.504,3.1,22.0
gate,80.504,106.2,0.0,0.0,0.0
det,80.504,1342.75,789.5,88.5,198.0,0.851,Body
det,80.504,1375.38,791.0,21.25,27.5,0.851,Head
cover,80.532,2,1,1,1
err,80.5321,106.0,6.39
timing,80.5321,1.8,24.0
gate,80.5321,106.2,0.0,0.0,0.0
det,80.5321,1342.75,789.5,88.5,198.0,0.849,Body
det,80.5321,1375.38,791.12,21.25,27.75,0.834,Head
cover,80.5607,2,1,1,1
err,80.5608,106.0,6.12
timing,80.5608,1.8,24.2
gate,80.5608,106.2,0.0,0.0,0.0
det,80.5608,1342.75,789.62,88.5,197.75,0.85,Body
det,80.5608,1375.38,791.0,21.25,27.5,0.835,Head
cover,80.5885,2,1,1,1
err,80.5885,106.0,6.12
timing,80.5885,4.3,21.4
gate,80.5885,106.2,0.0,0.0,0.0
det,80.5885,1342.88,789.5,88.25,198.0,0.851,Body
det,80.5885,1375.38,791.0,21.25,27.5,0.833,Head
cover,80.6168,2,1,1,1
err,80.6168,106.0,6.39
timing,80.6168,2.0,24.1
gate,80.6168,106.2,0.0,0.0,0.0
det,80.6168,1342.88,789.62,88.25,197.75,0.852,Body
det,80.6168,1375.38,791.12,21.25,27.75,0.825,Head
cover,80.6455,2,1,1,1
err,80.6455,106.0,6.12
timing,80.6455,1.8,24.4
gate,80.6455,106.2,0.0,0.0,0.0
det,80.6455,1342.88,789.62,88.25,197.75,0.852,Body
det,80.6455,1375.38,791.0,21.25,27.5,0.832,Head
cover,80.6751,2,1,1,1
err,80.6752,106.0,26.85
timing,80.6752,1.8,25.3
gate,80.6752,106.2,0.0,0.0,0.0
det,80.6752,1346.62,809.38,79.75,124.25,0.886,Body
det,80.6752,1376.12,812.0,19.75,27.0,0.775,Head
cover,80.7043,3,1,2,1
err,80.7044,106.5,24.39
timing,80.7044,1.9,24.9
gate,80.7044,106.2,0.0,0.0,0.0
det,80.7044,1347.25,811.75,75.5,111.5,0.773,Body
det,80.7044,1376.38,809.12,20.25,27.75,0.575,Head
det,80.7044,1343.5,928.12,30.5,65.75,0.428,Body
cover,80.7345,2,1,1,1
err,80.7345,106.5,21.39
timing,80.7345,1.8,26.1
gate,80.7345,106.2,0.0,0.0,0.0
det,80.7345,1347.38,807.0,77.25,100.0,0.841,Body
det,80.7345,1376.12,806.12,20.75,27.75,0.732,Head
cover,80.7638,2,1,1,1
err,80.7638,106.0,19.1
timing,80.7638,1.6,25.3
gate,80.7638,106.2,0.0,0.0,0.0
det,80.7638,1376.12,804.25,19.75,27.0,0.854,Head
det,80.7638,1344.75,799.5,84.5,202.5,0.836,Body
cover,80.7889,2,1,1,1
err,80.789,106.0,14.36
timing,80.789,1.6,20.8
gate,80.789,106.2,0.0,0.0,0.0
det,80.789,1341.5,797.5,89.5,198.0,0.866,Body
det,80.789,1375.88,799.38,20.25,27.25,0.803,Head
cover,80.8175,2,1,1,1
err,80.8175,106.25,11.81
timing,80.8175,1.7,24.6
gate,80.8175,106.2,0.0,0.0,0.0
det,80.8175,1342.62,793.12,87.75,197.75,0.851,Body
det,80.8175,1376.25,797.38,20.0,26.25,0.846,Head
cover,80.8438,2,1,1,1
err,80.8438,106.5,9.36
timing,80.8438,1.8,22.3
gate,80.8438,106.2,0.0,0.0,0.0
det,80.8438,1342.62,794.25,87.75,196.5,0.837,Body
det,80.8438,1376.38,794.38,20.25,27.25,0.709,Head
cover,80.8742,2,1,1,1
err,80.8742,105.75,7.81
timing,80.8742,4.7,23.1
gate,80.8742,106.2,0.0,0.0,0.0
det,80.8742,1340.25,795.88,91.0,190.25,0.829,Body
det,80.8742,1375.25,793.38,21.0,26.25,0.776,Head
cover,80.9036,2,1,1,1
err,80.9037,106.0,8.86
timing,80.9037,1.6,25.3
gate,80.9037,106.2,0.0,0.0,0.0
det,80.9037,1342.12,794.0,88.75,195.0,0.845,Body
det,80.9037,1375.62,793.88,20.75,27.25,0.728,Head
cover,80.9344,2,1,1,1
err,80.9344,105.75,7.86
timing,80.9344,1.6,26.4
gate,80.9344,106.2,0.0,0.0,0.0
det,80.9344,1343.88,793.5,87.25,194.5,0.845,Body
det,80.9344,1375.25,792.88,21.0,27.25,0.725,Head
cover,80.9636,2,1,1,1
err,80.9636,106.5,7.15
timing,80.9636,2.2,25.2
gate,80.9636,106.2,0.0,0.0,0.0
det,80.9636,1341.88,792.62,89.25,195.75,0.851,Body
det,80.9636,1376.25,791.75,20.5,28.0,0.68,Head
cover,80.9932,2,1,1,1
err,80.9933,106.0,6.38
timing,80.9933,2.2,25.1
gate,80.9933,106.2,0.0,0.0,0.0
det,80.9933,1342.75,790.0,88.5,197.5,0.851,Body
det,80.9933,1375.5,791.25,21.0,27.5,0.814,Head
cover,81.0241,2,1,1,1
err,81.0241,106.0,6.39
timing,81.0241,3.8,24.9
gate,81.0241,106.2,0.0,0.0,0.0
det,81.0241,1342.75,789.62,88.5,197.75,0.851,Body
det,81.0241,1375.38,791.12,21.25,27.75,0.814,Head
cover,81.0523,2,1,1,1
err,81.0523,106.0,6.39
timing,81.0523,1.5,24.8
gate,81.0523,106.2,0.0,0.0,0.0
det,81.0523,1342.75,789.62,88.5,197.75,0.851,Body
det,81.0523,1375.38,791.12,21.25,27.75,0.816,Head
cover,81.0812,2,1,1,1
err,81.0812,106.0,6.39
timing,81.0812,1.9,24.8
gate,81.0812,106.2,0.0,0.0,0.0
det,81.0812,1342.75,789.62,88.5,197.75,0.851,Body
det,81.0812,1375.5,791.12,21.0,27.75,0.812,Head
cover,81.1102,2,1,1,1
err,81.1102,106.0,6.39
timing,81.1102,1.8,24.7
gate,81.1102,106.2,0.0,0.0,0.0
det,81.1102,1342.62,789.5,88.75,198.0,0.851,Body
det,81.1102,1375.38,791.12,21.25,27.75,0.815,Head
cover,81.1385,2,1,1,1
err,81.1385,106.0,6.39
timing,81.1385,2.2,24.2
gate,81.1385,106.2,0.0,0.0,0.0
det,81.1385,1342.62,789.5,88.75,198.0,0.851,Body
det,81.1385,1375.38,791.12,21.25,27.75,0.829,Head
lmb,81.1688,1
cover,81.1698,2,1,1,1
err,81.17,106.0,6.12
timing,81.17,2.2,25.7
gate,81.1699,106.2,1.0,0.0,0.0
det,81.17,1342.62,789.5,88.75,198.0,0.851,Body
det,81.17,1375.38,791.0,21.25,27.5,0.836,Head
cmd,81.17,142,8
cover,81.2007,2,1,1,1
err,81.2007,106.0,6.39
timing,81.2007,1.9,26.5
gate,81.2007,106.2,1.0,0.249,0.0
det,81.2007,1342.5,789.5,88.5,198.0,0.851,Body
det,81.2007,1375.38,791.12,21.25,27.75,0.838,Head
cover,81.2298,2,1,1,1
err,81.2299,106.0,6.12
timing,81.2299,2.0,24.6
gate,81.2299,106.2,1.0,0.22,0.0
det,81.2299,1342.5,789.38,88.5,198.25,0.851,Body
det,81.2299,1375.38,791.0,21.25,27.5,0.841,Head
cover,81.2603,2,1,1,1
err,81.2604,106.0,6.12
timing,81.2604,1.6,26.0
gate,81.2604,106.2,1.0,0.189,0.0
det,81.2604,1342.5,789.5,88.5,198.0,0.852,Body
det,81.2604,1375.38,791.0,21.25,27.5,0.843,Head
lmb,81.2857,0
cover,81.2867,2,1,1,1
err,81.2868,106.0,5.86
timing,81.2868,1.4,22.2
gate,81.2868,106.2,1.0,0.163,0.0
det,81.2868,1342.5,789.5,88.5,198.0,0.853,Body
det,81.2868,1375.38,790.88,21.25,27.25,0.843,Head
cover,81.3151,2,1,1,1
err,81.3152,106.0,5.86
timing,81.3152,2.6,24.1
gate,81.3152,106.2,1.0,0.135,0.0
det,81.3152,1342.5,789.5,88.5,198.0,0.851,Body
det,81.3152,1375.5,790.88,21.0,27.25,0.842,Head
cover,81.3436,2,1,1,1
err,81.3436,10.5,-0.71
timing,81.3436,1.7,24.6
gate,81.3436,10.5,1.0,0.106,0.0
det,81.3436,1247.5,783.88,87.5,195.25,0.854,Body
det,81.3436,1280.38,785.12,20.25,25.75,0.737,Head
cover,81.3717,1,0,1,0
nearest,81.3717,-1
cover,81.3999,1,0,1,0
nearest,81.3999,-1
cover,81.4283,1,0,1,0
nearest,81.4283,-1
cover,81.4533,1,0,1,0
nearest,81.4533,-1
cover,81.4794,1,0,1,0
nearest,81.4795,-1
cover,81.5054,1,0,1,0
nearest,81.5054,-1
cover,81.532,1,0,1,0
nearest,81.532,-1
cover,81.5614,1,0,1,0
nearest,81.5614,-1
cover,81.5855,1,0,1,0
nearest,81.5855,-1
cover,81.6109,1,0,1,0
nearest,81.6109,-1
cover,81.6371,1,0,1,0
nearest,81.6371,-1
cover,81.6614,1,0,1,0
nearest,81.6614,-1
cover,81.6881,2,1,1,1
err,81.6881,-0.25,16.66
timing,81.6881,1.3,23.9
gate,81.6881,10.5,1.0,0.106,0.0
det,81.6881,1235.12,801.0,87.75,199.0,0.851,Body
det,81.6881,1269.75,803.88,20.0,23.25,0.816,Head
cover,81.7174,2,1,1,1
err,81.7175,0.25,14.61
timing,81.7175,1.5,24.8
gate,81.7175,10.5,1.0,0.106,0.0
det,81.7175,1234.88,800.5,88.25,195.5,0.861,Body
det,81.7175,1270.25,802.38,20.0,22.25,0.817,Head
cover,81.7462,1,0,1,0
nearest,81.7462,-1
cover,81.7739,1,0,1,0
nearest,81.774,-1
cover,81.8025,0,0,0,0
nearest,81.8026,-1
cover,81.8307,0,0,0,0
nearest,81.8307,-1
cover,81.8553,0,0,0,0
nearest,81.8553,-1
cover,81.883,0,0,0,0
nearest,81.883,-1
cover,81.9071,0,0,0,0
nearest,81.9071,-1
cover,81.935,0,0,0,0
nearest,81.9351,-1
cover,81.962,0,0,0,0
nearest,81.962,-1
cover,81.9855,1,0,1,0
nearest,81.9855,-1
cover,82.0143,0,0,0,0
nearest,82.0143,-1
cover,82.0418,0,0,0,0
nearest,82.0419,-1
cover,82.0675,0,0,0,0
nearest,82.0675,-1
cover,82.0953,0,0,0,0
nearest,82.0953,-1
cover,82.1197,0,0,0,0
nearest,82.1197,-1
cover,82.1461,0,0,0,0
nearest,82.1462,-1
cover,82.1705,0,0,0,0
nearest,82.1705,-1
cover,82.1981,0,0,0,0
nearest,82.1982,-1
cover,82.2273,0,0,0,0
nearest,82.2273,-1
cover,82.2505,0,0,0,0
nearest,82.2505,-1
cover,82.2772,0,0,0,0
nearest,82.2772,-1
cover,82.3011,0,0,0,0
nearest,82.3011,-1
cover,82.3272,0,0,0,0
nearest,82.3272,-1
cover,82.3517,0,0,0,0
nearest,82.3517,-1
cover,82.3809,0,0,0,0
nearest,82.3809,-1
cover,82.4066,0,0,0,0
nearest,82.4066,-1
cover,82.4345,0,0,0,0
nearest,82.4345,-1
cover,82.462,0,0,0,0
nearest,82.462,-1
cover,82.486,0,0,0,0
nearest,82.486,-1
cover,82.5118,0,0,0,0
nearest,82.5118,-1
cover,82.5384,0,0,0,0
nearest,82.5384,-1
cover,82.5662,0,0,0,0
nearest,82.5662,-1
cover,82.5908,0,0,0,0
nearest,82.5909,-1
cover,82.6183,0,0,0,0
nearest,82.6183,-1
cover,82.6452,0,0,0,0
nearest,82.6452,-1
cover,82.6715,0,0,0,0
nearest,82.6715,-1
cover,82.6997,0,0,0,0
nearest,82.6998,-1
cover,82.727,0,0,0,0
nearest,82.727,-1
cover,82.7524,0,0,0,0
nearest,82.7524,-1
cover,82.7795,0,0,0,0
nearest,82.7796,-1
cover,82.8045,0,0,0,0
nearest,82.8045,-1
cover,82.8321,0,0,0,0
nearest,82.8323,-1
cover,82.8715,0,0,0,0
nearest,82.8715,-1
cover,82.9094,1,0,1,0
nearest,82.9094,-1
cover,82.9371,0,0,0,0
nearest,82.9371,-1
cover,82.9646,0,0,0,0
nearest,82.9647,-1
cover,82.9894,1,0,1,0
nearest,82.9894,-1
cover,83.0178,0,0,0,0
nearest,83.0178,-1
cover,83.0455,0,0,0,0
nearest,83.0455,-1
cover,83.0713,0,0,0,0
nearest,83.0713,-1
cover,83.0994,0,0,0,0
nearest,83.0994,-1
cover,83.1237,0,0,0,0
nearest,83.1237,-1
cover,83.1512,1,0,1,0
nearest,83.1512,-1
cover,83.1792,0,0,0,0
nearest,83.1792,-1
cover,83.2062,0,0,0,0
nearest,83.2062,-1
cover,83.2321,0,0,0,0
nearest,83.2321,-1
cover,83.2591,1,0,1,0
nearest,83.2591,-1
cover,83.2883,0,0,0,0
nearest,83.2884,-1
cover,83.3157,0,0,0,0
nearest,83.3157,-1
cover,83.34,0,0,0,0
nearest,83.34,-1
cover,83.3667,0,0,0,0
nearest,83.3668,-1
cover,83.3916,0,0,0,0
nearest,83.3916,-1
cover,83.4204,0,0,0,0
nearest,83.4204,-1
cover,83.446,0,0,0,0
nearest,83.4461,-1
cover,83.472,1,0,1,0
nearest,83.472,-1
cover,83.4991,0,0,0,0
nearest,83.4991,-1
cover,83.5259,1,0,1,0
nearest,83.5259,-1
cover,83.5564,0,0,0,0
nearest,83.5564,-1
cover,83.5844,1,0,1,0
nearest,83.5845,-1
cover,83.6152,1,0,1,0
nearest,83.6152,-1
cover,83.6388,0,0,0,0
nearest,83.6388,-1
cover,83.6682,0,0,0,0
nearest,83.6683,-1
cover,83.6938,0,0,0,0
nearest,83.6938,-1
cover,83.7208,0,0,0,0
nearest,83.7208,-1
cover,83.7487,0,0,0,0
nearest,83.7487,-1
cover,83.7738,0,0,0,0
nearest,83.7738,-1
cover,83.8006,0,0,0,0
nearest,83.8007,-1
cover,83.8246,0,0,0,0
nearest,83.8246,-1
cover,83.8533,0,0,0,0
nearest,83.8533,-1
cover,83.8793,0,0,0,0
nearest,83.8793,-1
cover,83.9076,0,0,0,0
nearest,83.9076,-1
cover,83.9362,0,0,0,0
nearest,83.9362,-1
cover,83.9616,0,0,0,0
nearest,83.9616,-1
cover,83.9892,0,0,0,0
nearest,83.9892,-1
cover,84.0177,0,0,0,0
nearest,84.0178,-1
cover,84.0428,0,0,0,0
nearest,84.0428,-1
cover,84.0703,0,0,0,0
nearest,84.0703,-1
cover,84.0954,0,0,0,0
nearest,84.0954,-1
cover,84.1235,0,0,0,0
nearest,84.1235,-1
cover,84.1517,0,0,0,0
nearest,84.1518,-1
cover,84.1763,0,0,0,0
nearest,84.1763,-1
cover,84.2049,0,0,0,0
nearest,84.2049,-1
cover,84.2308,0,0,0,0
nearest,84.2308,-1
cover,84.2605,0,0,0,0
nearest,84.2605,-1
cover,84.2872,0,0,0,0
nearest,84.2872,-1
cover,84.3112,0,0,0,0
nearest,84.3113,-1
cover,84.3382,0,0,0,0
nearest,84.3382,-1
cover,84.3624,0,0,0,0
nearest,84.3624,-1
cover,84.3897,0,0,0,0
nearest,84.3898,-1
cover,84.4155,0,0,0,0
nearest,84.4156,-1
cover,84.4467,0,0,0,0
nearest,84.4467,-1
cover,84.4752,0,0,0,0
nearest,84.4752,-1
cover,84.5049,0,0,0,0
nearest,84.5049,-1
cover,84.5288,0,0,0,0
nearest,84.5288,-1
cover,84.5599,0,0,0,0
nearest,84.56,-1
cover,84.588,0,0,0,0
nearest,84.588,-1
cover,84.6137,0,0,0,0
nearest,84.6137,-1
cover,84.6421,0,0,0,0
nearest,84.6421,-1
cover,84.6727,0,0,0,0
nearest,84.6727,-1
cover,84.7014,0,0,0,0
nearest,84.7014,-1
cover,84.7329,0,0,0,0
nearest,84.7329,-1
cover,84.7635,0,0,0,0
nearest,84.7636,-1
cover,84.793,0,0,0,0
nearest,84.793,-1
cover,84.8204,0,0,0,0
nearest,84.8204,-1
cover,84.8455,0,0,0,0
nearest,84.8456,-1
cover,84.8716,0,0,0,0
nearest,84.8716,-1
cover,84.8966,0,0,0,0
nearest,84.8966,-1
cover,84.9224,0,0,0,0
nearest,84.9224,-1
cover,84.947,0,0,0,0
nearest,84.947,-1
cover,84.9743,1,0,1,0
nearest,84.9743,-1
cover,85.005,1,0,1,0
nearest,85.005,-1
cover,85.0328,1,0,1,0
nearest,85.0328,-1
cover,85.0607,1,0,1,0
nearest,85.0607,-1
cover,85.0876,0,0,0,0
nearest,85.0877,-1
cover,85.1153,0,0,0,0
nearest,85.1153,-1
cover,85.1431,0,0,0,0
nearest,85.1432,-1
cover,85.1713,0,0,0,0
nearest,85.1714,-1
cover,85.1961,0,0,0,0
nearest,85.1961,-1
cover,85.2243,1,0,1,0
nearest,85.2243,-1
cover,85.2529,1,0,1,0
nearest,85.2529,-1
cover,85.2799,1,0,1,0
nearest,85.2799,-1
cover,85.3096,0,0,0,0
nearest,85.3096,-1
cover,85.338,0,0,0,0
nearest,85.3381,-1
cover,85.3628,0,0,0,0
nearest,85.3628,-1
cover,85.3888,1,0,1,0
nearest,85.3889,-1
cover,85.4169,0,0,0,0
nearest,85.4169,-1
cover,85.4468,1,0,1,0
nearest,85.4468,-1
cover,85.4766,2,0,2,0
nearest,85.4766,-1
cover,85.5043,0,0,0,0
nearest,85.5043,-1
cover,85.5311,1,0,1,0
nearest,85.5311,-1
cover,85.5605,2,1,1,1
err,85.5605,-311.17,104.58
timing,85.5605,2.9,25.1
gate,85.5605,10.5,1.0,0.106,0.0
det,85.5605,959.47,903.75,61.0,222.5,0.656,Body
det,85.5605,960.56,884.5,16.53,36.5,0.651,Head
cover,85.5893,1,0,1,0
nearest,85.5893,-1
cover,85.6167,2,1,1,1
err,85.6167,-302.44,109.96
timing,85.6167,3.2,22.9
gate,85.6167,10.5,1.0,0.106,0.0
det,85.6167,961.12,888.38,32.88,39.25,0.734,Head
det,85.6167,958.0,889.88,82.12,235.25,0.468,Body
cover,85.6465,2,1,1,1
err,85.6465,-299.69,111.06
timing,85.6465,1.7,25.7
gate,85.6465,10.5,1.0,0.106,0.0
det,85.6465,958.5,891.75,83.88,234.5,0.51,Body
det,85.6465,962.5,888.38,35.62,41.25,0.437,Head
cover,85.6756,1,1,0,1
err,85.6756,-296.75,114.66
timing,85.6756,2.9,23.8
gate,85.6756,10.5,1.0,0.106,0.0
det,85.6756,965.06,890.88,36.38,43.25,0.494,Head
cover,85.7046,1,1,0,1
err,85.7046,-293.73,116.3
timing,85.7046,1.5,24.9
gate,85.7046,10.5,1.0,0.106,0.0
det,85.7046,968.53,893.75,35.47,41.0,0.49,Head
cover,85.7309,2,1,1,1
err,85.731,-292.28,121.33
timing,85.731,1.9,22.3
gate,85.7309,10.5,1.0,0.106,0.0
det,85.731,969.75,895.75,35.94,46.5,0.744,Head
det,85.731,957.62,891.0,94.62,236.0,0.695,Body
cover,85.7593,2,1,1,1
err,85.7593,-292.05,122.4
timing,85.7593,2.0,24.2
gate,85.7593,10.5,1.0,0.106,0.0
det,85.7593,968.97,896.0,37.97,48.0,0.743,Head
det,85.7593,957.62,893.12,92.62,232.75,0.688,Body
cover,85.7896,1,1,0,1
err,85.7896,-293.53,99.08
timing,85.7896,1.7,26.6
gate,85.7896,10.5,1.0,0.106,0.0
det,85.7896,968.0,873.5,36.94,46.5,0.573,Head
cover,85.8175,0,0,0,0
nearest,85.8175,-1
cover,85.8466,1,1,0,1
err,85.8466,-297.12,81.1
timing,85.8466,3.0,24.9
gate,85.8466,10.5,1.0,0.106,0.0
det,85.8466,963.81,855.25,38.12,47.0,0.597,Head
cover,85.8754,1,1,0,1
err,85.8755,-300.91,84.48
timing,85.8755,2.0,24.7
gate,85.8754,10.5,1.0,0.106,0.0
det,85.8755,959.0,854.5,40.19,54.5,0.417,Head
cover,85.9013,1,1,0,1
err,85.9013,-303.75,86.56
timing,85.9013,1.8,21.9
gate,85.9013,10.5,1.0,0.106,0.0
det,85.9013,958.41,858.38,35.69,51.25,0.618,Head
cover,85.93,0,0,0,0
nearest,85.93,-1
cover,85.9586,0,0,0,0
nearest,85.9587,-1
cover,85.9828,0,0,0,0
nearest,85.9828,-1
cover,86.0112,1,1,0,1
err,86.0112,-312.63,49.77
timing,86.0112,3.4,23.6
gate,86.0112,10.5,1.0,0.106,0.0
det,86.0112,959.82,827.5,15.1,40.5,0.574,Head
cover,86.0386,0,0,0,0
nearest,86.0386,-1
cover,86.066,0,0,0,0
nearest,86.066,-1
cover,86.0924,1,0,1,0
nearest,86.0924,-1
cover,86.1179,1,0,1,0
nearest,86.1179,-1
cover,86.1461,0,0,0,0
nearest,86.1461,-1
cover,86.1731,1,0,1,0
nearest,86.1731,-1
cover,86.2034,1,0,1,0
nearest,86.2034,-1
cover,86.2286,1,0,1,0
nearest,86.2286,-1
cover,86.2553,1,0,1,0
nearest,86.2553,-1
cover,86.2793,0,0,0,0
nearest,86.2793,-1
cover,86.3074,0,0,0,0
nearest,86.3074,-1
cover,86.3303,0,0,0,0
nearest,86.3304,-1
cover,86.3562,0,0,0,0
nearest,86.3563,-1
cover,86.3798,1,0,1,0
nearest,86.3799,-1
cover,86.4079,1,0,1,0
nearest,86.4079,-1
cover,86.4329,1,0,1,0
nearest,86.4329,-1
cover,86.4598,0,0,0,0
nearest,86.4598,-1
cover,86.4887,0,0,0,0
nearest,86.4888,-1
cover,86.5133,0,0,0,0
nearest,86.5133,-1
cover,86.5405,1,0,1,0
nearest,86.5405,-1
cover,86.5682,0,0,0,0
nearest,86.5682,-1
cover,86.5965,0,0,0,0
nearest,86.5965,-1
cover,86.622,0,0,0,0
nearest,86.622,-1
cover,86.6466,1,0,1,0
nearest,86.6466,-1
cover,86.6729,1,0,1,0
nearest,86.6729,-1
cover,86.6968,0,0,0,0
nearest,86.6969,-1
cover,86.7252,0,0,0,0
nearest,86.7252,-1
cover,86.751,1,0,1,0
nearest,86.751,-1
cover,86.7788,1,0,1,0
nearest,86.7788,-1
cover,86.806,1,0,1,0
nearest,86.806,-1
cover,86.8303,1,0,1,0
nearest,86.8303,-1
cover,86.8553,1,0,1,0
nearest,86.8553,-1
cover,86.8806,1,0,1,0
nearest,86.8807,-1
cover,86.9069,1,0,1,0
nearest,86.9069,-1
cover,86.9307,1,0,1,0
nearest,86.9307,-1
cover,86.9563,1,0,1,0
nearest,86.9563,-1
cover,86.9798,1,0,1,0
nearest,86.9799,-1
cover,87.0055,1,0,1,0
nearest,87.0055,-1
cover,87.0301,1,0,1,0
nearest,87.0301,-1
cover,87.0578,1,0,1,0
nearest,87.0578,-1
cover,87.0845,1,0,1,0
nearest,87.0846,-1
cover,87.1112,1,0,1,0
nearest,87.1112,-1
cover,87.1368,0,0,0,0
nearest,87.1368,-1
cover,87.1648,0,0,0,0
nearest,87.1649,-1
cover,87.1918,0,0,0,0
nearest,87.1919,-1
cover,87.2163,1,0,1,0
nearest,87.2164,-1
cover,87.2449,1,0,1,0
nearest,87.2449,-1
cover,87.271,1,0,1,0
nearest,87.271,-1
cover,87.2986,0,0,0,0
nearest,87.2987,-1
cover,87.3269,0,0,0,0
nearest,87.3269,-1
cover,87.3554,0,0,0,0
nearest,87.3555,-1
cover,87.3825,1,0,1,0
nearest,87.3826,-1
cover,87.411,1,0,1,0
nearest,87.411,-1
cover,87.4393,1,0,1,0
nearest,87.4393,-1
cover,87.4632,1,0,1,0
nearest,87.4632,-1
cover,87.49,1,0,1,0
nearest,87.49,-1
cover,87.5144,1,0,1,0
nearest,87.5144,-1
cover,87.5397,1,0,1,0
nearest,87.5398,-1
cover,87.5635,1,0,1,0
nearest,87.5635,-1
cover,87.5893,1,0,1,0
nearest,87.5893,-1
cover,87.613,1,0,1,0
nearest,87.613,-1
cover,87.6395,1,0,1,0
nearest,87.6396,-1
cover,87.6687,0,0,0,0
nearest,87.6687,-1
cover,87.6974,0,0,0,0
nearest,87.6974,-1
cover,87.7307,0,0,0,0
nearest,87.7307,-1
cover,87.7655,0,0,0,0
nearest,87.7655,-1
cover,87.7963,0,0,0,0
nearest,87.7963,-1
cover,87.8217,1,0,1,0
nearest,87.8217,-1
cover,87.8494,0,0,0,0
nearest,87.8494,-1
cover,87.8766,1,0,1,0
nearest,87.8766,-1
cover,87.9044,1,0,1,0
nearest,87.9044,-1
cover,87.9312,1,0,1,0
nearest,87.9312,-1
cover,87.9576,1,0,1,0
nearest,87.9576,-1
cover,87.9852,1,0,1,0
nearest,87.9852,-1
cover,88.0081,1,0,1,0
nearest,88.0081,-1
cover,88.0348,1,0,1,0
nearest,88.0348,-1
cover,88.0589,1,0,1,0
nearest,88.0589,-1
cover,88.0849,1,0,1,0
nearest,88.0849,-1
cover,88.1092,1,0,1,0
nearest,88.1092,-1
cover,88.1374,2,0,2,0
nearest,88.1374,-1
cover,88.1658,2,0,2,0
nearest,88.1658,-1
cover,88.1905,2,1,1,1
err,88.1905,-28.5,-3.42
timing,88.1905,1.7,22.2
gate,88.1905,10.5,1.0,0.106,0.0
det,88.1905,1277.0,873.0,87.0,128.5,0.622,Body
det,88.1905,1216.38,754.5,70.25,76.5,0.512,Head
cover,88.2203,2,1,1,1
err,88.2204,-28.5,-3.12
timing,88.2204,1.8,25.5
gate,88.2204,10.5,1.0,0.106,0.0
det,88.2204,1275.88,873.5,88.25,129.5,0.643,Body
det,88.2204,1216.38,754.25,70.25,77.5,0.521,Head
cover,88.2488,1,0,1,0
nearest,88.2488,-1
cover,88.2776,1,0,1,0
nearest,88.2777,-1
cover,88.3062,1,0,1,0
nearest,88.3062,-1
cover,88.3322,1,0,1,0
nearest,88.3322,-1
cover,88.3585,1,0,1,0
nearest,88.3585,-1
cover,88.3849,1,0,1,0
nearest,88.385,-1
cover,88.4098,1,0,1,0
nearest,88.4098,-1
cover,88.4386,1,0,1,0
nearest,88.4387,-1
cover,88.4647,1,0,1,0
nearest,88.4647,-1
cover,88.4882,1,0,1,0
nearest,88.4882,-1
cover,88.5155,1,0,1,0
nearest,88.5155,-1
cover,88.5424,1,0,1,0
nearest,88.5424,-1
cover,88.5695,1,0,1,0
nearest,88.5695,-1
cover,88.5953,0,0,0,0
nearest,88.5953,-1
cover,88.6231,1,0,1,0
nearest,88.6231,-1
cover,88.6513,0,0,0,0
nearest,88.6514,-1
cover,88.6793,0,0,0,0
nearest,88.6793,-1
cover,88.7048,0,0,0,0
nearest,88.7049,-1
cover,88.733,0,0,0,0
nearest,88.733,-1
cover,88.7565,0,0,0,0
nearest,88.7565,-1
cover,88.7839,0,0,0,0
nearest,88.7839,-1
cover,88.808,1,0,1,0
nearest,88.808,-1
cover,88.8377,1,0,1,0
nearest,88.8377,-1
cover,88.8667,2,0,2,0
nearest,88.8667,-1
cover,88.8933,2,0,2,0
nearest,88.8933,-1
cover,88.9206,2,0,2,0
nearest,88.9206,-1
cover,88.9489,1,0,1,0
nearest,88.9489,-1
cover,88.976,0,0,0,0
nearest,88.976,-1
cover,89.0041,1,0,1,0
nearest,89.0041,-1
cover,89.0325,1,0,1,0
nearest,89.0325,-1
cover,89.0565,1,0,1,0
nearest,89.0565,-1
cover,89.0832,1,0,1,0
nearest,89.0832,-1
cover,89.1068,1,0,1,0
nearest,89.1068,-1
cover,89.136,1,0,1,0
nearest,89.136,-1
cover,89.1597,2,0,2,0
nearest,89.1597,-1
cover,89.1879,1,0,1,0
nearest,89.188,-1
cover,89.2169,1,0,1,0
nearest,89.2169,-1
cover,89.2407,0,0,0,0
nearest,89.2407,-1
cover,89.267,0,0,0,0
nearest,89.267,-1
cover,89.2914,0,0,0,0
nearest,89.2914,-1
cover,89.3193,0,0,0,0
nearest,89.3193,-1
cover,89.3442,0,0,0,0
nearest,89.3442,-1
cover,89.3708,0,0,0,0
nearest,89.3708,-1
cover,89.3974,1,0,1,0
nearest,89.3975,-1
cover,89.4254,0,0,0,0
nearest,89.4254,-1
cover,89.4554,1,0,1,0
nearest,89.4554,-1
cover,89.4831,0,0,0,0
nearest,89.4831,-1
cover,89.5098,0,0,0,0
nearest,89.5098,-1
cover,89.5372,1,0,1,0
nearest,89.5372,-1
cover,89.5663,0,0,0,0
nearest,89.5663,-1
cover,89.5913,0,0,0,0
nearest,89.5914,-1
cover,89.6193,0,0,0,0
nearest,89.6193,-1
cover,89.6438,0,0,0,0
nearest,89.6439,-1
cover,89.6707,0,0,0,0
nearest,89.6707,-1
cover,89.6993,0,0,0,0
nearest,89.6994,-1
cover,89.7264,0,0,0,0
nearest,89.7264,-1
cover,89.753,1,0,1,0
nearest,89.753,-1
cover,89.7823,0,0,0,0
nearest,89.7824,-1
cover,89.8095,0,0,0,0
nearest,89.8095,-1
cover,89.8362,0,0,0,0
nearest,89.8362,-1
cover,89.8599,0,0,0,0
nearest,89.8599,-1
cover,89.8879,0,0,0,0
nearest,89.8879,-1
cover,89.9145,0,0,0,0
nearest,89.9146,-1
cover,89.9413,0,0,0,0
nearest,89.9413,-1
cover,89.9672,0,0,0,0
nearest,89.9672,-1
cover,89.992,1,0,1,0
nearest,89.992,-1
cover,90.0205,0,0,0,0
nearest,90.0205,-1
cover,90.0476,0,0,0,0
nearest,90.0476,-1
cover,90.0733,0,0,0,0
nearest,90.0733,-1
cover,90.1009,0,0,0,0
nearest,90.1009,-1
cover,90.1259,1,0,1,0
nearest,90.1259,-1
cover,90.1549,1,0,1,0
nearest,90.1549,-1
cover,90.1827,1,0,1,0
nearest,90.1827,-1
cover,90.2075,2,1,1,0
nearest,90.2075,320.9
cover,90.235,2,1,1,1
err,90.235,313.0,-45.86
timing,90.235,3.1,22.9
gate,90.235,10.5,1.0,0.106,0.0
det,90.235,1569.75,747.62,30.5,93.75,0.852,Body
det,90.235,1587.25,747.12,11.5,12.75,0.729,Head
cover,90.2674,2,1,1,1
err,90.2674,306.0,-44.1
timing,90.2674,4.7,25.0
gate,90.2674,10.5,1.0,0.106,0.0
det,90.2674,1564.0,748.5,36.0,96.0,0.875,Body
det,90.2674,1580.25,748.75,11.5,13.0,0.742,Head
cover,90.2951,2,1,1,1
err,90.2951,300.5,-41.89
timing,90.2951,1.9,23.6
gate,90.2951,10.5,1.0,0.106,0.0
det,90.2951,1557.75,751.0,42.5,98.5,0.889,Body
det,90.2951,1575.5,751.38,10.0,12.25,0.827,Head
cover,90.3236,2,1,1,1
err,90.3236,297.0,-37.34
timing,90.3236,1.5,24.5
gate,90.3236,10.5,1.0,0.106,0.0
det,90.3236,1554.5,755.12,44.0,96.75,0.851,Body
det,90.3236,1571.25,755.38,11.5,13.25,0.814,Head
cover,90.3515,2,1,1,1
err,90.3515,291.5,-34.35
timing,90.3515,2.3,23.3
gate,90.3515,10.5,1.0,0.106,0.0
det,90.3515,1550.0,758.5,46.0,97.0,0.878,Body
det,90.3515,1565.5,758.5,12.0,13.0,0.594,Head
cover,90.3828,2,1,1,1
err,90.3829,287.5,-31.84
timing,90.3829,3.0,26.0
gate,90.3829,10.5,1.0,0.106,0.0
det,90.3829,1545.5,759.88,47.0,99.25,0.903,Body
det,90.3829,1561.5,760.88,12.0,13.25,0.782,Head
cover,90.4116,2,1,1,1
err,90.4116,285.0,-31.31
timing,90.4116,2.8,23.6
gate,90.4116,10.5,1.0,0.106,0.0
det,90.4116,1541.25,761.25,47.5,100.0,0.909,Body
det,90.4116,1559.25,761.12,11.5,13.75,0.798,Head
cover,90.4419,2,1,1,1
err,90.442,282.0,-30.3
timing,90.442,2.1,25.8
gate,90.442,10.5,1.0,0.106,0.0
det,90.442,1539.75,762.0,46.5,101.0,0.894,Body
det,90.442,1555.75,762.0,12.5,14.0,0.819,Head
cover,90.472,2,1,1,1
err,90.472,280.0,-29.62
timing,90.472,1.9,25.7
gate,90.472,10.5,1.0,0.106,0.0
det,90.472,1536.75,763.88,48.5,98.25,0.877,Body
det,90.472,1553.75,763.5,12.5,12.5,0.672,Head
cover,90.5009,2,1,1,1
err,90.501,279.0,-25.1
timing,90.501,2.1,24.5
gate,90.501,10.5,1.0,0.106,0.0
det,90.501,1536.25,766.5,47.5,102.0,0.887,Body
det,90.501,1553.25,767.75,11.5,13.0,0.875,Head
cover,90.5301,2,1,1,1
err,90.5301,278.0,-25.34
timing,90.5301,3.2,23.6
gate,90.5301,10.5,1.0,0.106,0.0
det,90.5301,1535.5,766.25,47.0,102.5,0.88,Body
det,90.5301,1552.25,767.38,11.5,13.25,0.861,Head
cover,90.5586,2,1,1,1
err,90.5586,278.0,-32.36
timing,90.5586,1.5,24.6
gate,90.5586,10.5,1.0,0.106,0.0
det,90.5586,1535.25,760.12,47.5,101.75,0.873,Body
det,90.5586,1552.25,760.62,11.5,12.75,0.824,Head
cover,90.588,2,1,1,1
err,90.588,278.0,-33.86
timing,90.588,1.8,25.2
gate,90.588,10.5,1.0,0.106,0.0
det,90.588,1535.5,757.38,47.0,102.25,0.868,Body
det,90.588,1552.25,759.12,11.5,12.75,0.856,Head
cover,90.6177,2,1,1,1
err,90.6177,278.5,-39.05
timing,90.6177,1.7,25.3
gate,90.6177,10.5,1.0,0.106,0.0
det,90.6177,1535.5,752.62,49.0,104.75,0.866,Body
det,90.6177,1552.5,753.25,12.0,14.0,0.824,Head
cover,90.6453,2,1,1,1
err,90.6454,279.5,-38.8
timing,90.6454,3.3,22.3
gate,90.6454,10.5,1.0,0.106,0.0
det,90.6454,1535.5,753.0,49.0,105.5,0.866,Body
det,90.6454,1553.5,753.5,12.0,14.0,0.761,Head
cover,90.6734,2,1,1,1
err,90.6735,279.5,-38.76
timing,90.6735,2.0,23.8
gate,90.6735,10.5,1.0,0.106,0.0
det,90.6735,1535.25,752.62,49.5,107.75,0.872,Body
det,90.6735,1553.0,753.12,13.0,14.75,0.838,Head
cover,90.701,2,1,1,1
err,90.7011,281.0,-38.29
timing,90.7011,2.0,23.3
gate,90.7011,10.5,1.0,0.106,0.0
det,90.7011,1535.5,753.25,51.0,107.0,0.879,Body
det,90.7011,1554.75,753.88,12.5,14.25,0.812,Head
cover,90.7313,2,1,1,1
err,90.7313,281.5,-38.79
timing,90.7313,3.4,24.7
gate,90.7313,10.5,1.0,0.106,0.0
det,90.7313,1537.0,752.5,51.0,107.5,0.902,Body
det,90.7313,1555.0,753.38,13.0,14.25,0.813,Head
cover,90.7571,2,1,1,1
err,90.7572,283.0,-40.29
timing,90.7572,1.8,22.5
gate,90.7572,10.5,1.0,0.106,0.0
det,90.7572,1538.75,751.25,50.5,109.5,0.9,Body
det,90.7572,1556.25,751.88,13.5,14.25,0.752,Head
cover,90.786,2,1,1,1
err,90.7861,284.0,-42.84
timing,90.7861,2.3,24.1
gate,90.7861,10.5,1.0,0.106,0.0
det,90.7861,1539.5,749.25,51.0,110.0,0.91,Body
det,90.7861,1558.0,749.88,12.0,13.25,0.833,Head
cover,90.8185,2,1,1,1
err,90.8185,289.0,-34.79
timing,90.8185,3.6,26.0
gate,90.8185,10.5,1.0,0.106,0.0
det,90.8185,1543.75,758.25,50.5,108.0,0.883,Body
det,90.8185,1562.75,757.38,12.5,14.25,0.797,Head
cover,90.8486,2,1,1,1
err,90.8487,293.0,-34.85
timing,90.8487,2.7,25.2
gate,90.8487,10.5,1.0,0.106,0.0
det,90.8487,1547.5,757.0,50.0,110.0,0.884,Body
det,90.8487,1567.5,758.0,11.0,13.0,0.834,Head
cover,90.879,2,1,1,1
err,90.8791,294.5,-31.52
timing,90.8791,2.0,26.0
gate,90.8791,10.5,1.0,0.106,0.0
det,90.8791,1549.5,760.88,49.0,108.25,0.878,Body
det,90.8791,1568.0,760.5,13.0,14.5,0.81,Head
cover,90.9095,2,1,1,1
err,90.9096,298.5,-30.31
timing,90.9096,1.7,26.5
gate,90.9096,10.5,1.0,0.106,0.0
det,90.9096,1554.0,761.62,46.0,109.75,0.871,Body
det,90.9096,1572.5,762.12,12.0,13.75,0.752,Head
cover,90.9401,2,1,1,1
err,90.9402,302.5,-27.31
timing,90.9402,1.7,26.4
gate,90.9402,10.5,1.0,0.106,0.0
det,90.9402,1576.5,765.12,12.0,13.75,0.906,Head
det,90.9402,1558.0,764.62,42.0,109.75,0.888,Body
cover,90.9727,2,1,1,1
err,90.9727,306.0,-26.31
timing,90.9727,1.9,27.5
gate,90.9727,10.5,1.0,0.106,0.0
det,90.9727,1561.0,765.5,39.0,112.5,0.829,Body
det,90.9727,1580.5,766.12,11.0,13.75,0.742,Head
cover,91.0023,2,1,1,1
err,91.0023,310.0,-26.52
timing,91.0023,1.7,25.6
gate,91.0023,10.5,1.0,0.106,0.0
det,91.0023,1583.75,765.5,12.5,14.5,0.854,Head
det,91.0023,1564.0,766.25,36.0,109.0,0.811,Body
cover,91.0336,2,1,1,1
err,91.0336,313.0,-26.24
timing,91.0336,2.7,25.9
gate,91.0336,10.5,1.0,0.106,0.0
det,91.0336,1587.0,765.38,12.0,15.25,0.82,Head
det,91.0336,1567.75,764.12,32.5,109.75,0.809,Body
cover,91.0711,2,1,1,0
nearest,91.0711,317.4
cover,91.1061,1,0,1,0
nearest,91.1061,-1
cover,91.136,2,0,2,0
nearest,91.136,-1
cover,91.1641,2,0,2,0
nearest,91.1641,-1
cover,91.195,2,0,2,0
nearest,91.195,-1
cover,91.2247,1,0,1,0
nearest,91.2248,-1
cover,91.2523,0,0,0,0
nearest,91.2523,-1
cover,91.2792,0,0,0,0
nearest,91.2792,-1
cover,91.3065,0,0,0,0
nearest,91.3066,-1
cover,91.3322,0,0,0,0
nearest,91.3322,-1
cover,91.3589,0,0,0,0
nearest,91.3589,-1
cover,91.3865,0,0,0,0
nearest,91.3866,-1
cover,91.41,0,0,0,0
nearest,91.41,-1
cover,91.439,0,0,0,0
nearest,91.439,-1
cover,91.4655,0,0,0,0
nearest,91.4656,-1
cover,91.4928,0,0,0,0
nearest,91.4928,-1
cover,91.5192,0,0,0,0
nearest,91.5193,-1
cover,91.5453,0,0,0,0
nearest,91.5453,-1
cover,91.5748,0,0,0,0
nearest,91.5748,-1
cover,91.6029,0,0,0,0
nearest,91.6029,-1
cover,91.6283,0,0,0,0
nearest,91.6283,-1
cover,91.6558,0,0,0,0
nearest,91.6559,-1
cover,91.6811,0,0,0,0
nearest,91.6812,-1
cover,91.7088,1,0,1,0
nearest,91.7088,-1
cover,91.7371,0,0,0,0
nearest,91.7371,-1
cover,91.7632,0,0,0,0
nearest,91.7633,-1
cover,91.7908,1,0,1,0
nearest,91.7909,-1
cover,91.8187,1,0,1,0
nearest,91.8187,-1
cover,91.8457,1,0,1,0
nearest,91.8457,-1
cover,91.8742,2,0,2,0
nearest,91.8743,-1
cover,91.9035,2,1,1,0
nearest,91.9035,318.2
cover,91.9281,0,0,0,0
nearest,91.9281,-1
cover,91.9574,0,0,0,0
nearest,91.9574,-1
cover,91.9816,0,0,0,0
nearest,91.9816,-1
cover,92.0098,0,0,0,0
nearest,92.0098,-1
cover,92.035,0,0,0,0
nearest,92.035,-1
cover,92.0641,0,0,0,0
nearest,92.0641,-1
cover,92.0929,0,0,0,0
nearest,92.0929,-1
cover,92.1183,0,0,0,0
nearest,92.1183,-1
cover,92.1448,0,0,0,0
nearest,92.1448,-1
cover,92.1741,0,0,0,0
nearest,92.1741,-1
cover,92.1992,2,1,1,1
err,92.1993,260.5,-48.01
timing,92.1993,2.2,22.1
gate,92.1993,10.5,1.0,0.106,0.0
det,92.1993,1509.5,741.5,66.0,150.0,0.881,Body
det,92.1993,1532.0,741.12,17.0,19.75,0.812,Head
cover,92.2271,2,1,1,1
err,92.2271,256.5,-47.2
timing,92.2271,1.7,24.0
gate,92.2271,10.5,1.0,0.106,0.0
det,92.2271,1505.5,740.62,65.0,151.75,0.882,Body
det,92.2271,1527.5,741.25,18.0,21.0,0.879,Head
cover,92.2546,2,1,1,1
err,92.2546,250.5,-121.86
timing,92.2546,1.5,23.8
gate,92.2546,10.5,1.0,0.106,0.0
det,92.2546,1498.25,667.0,67.5,152.5,0.868,Body
det,92.2546,1522.0,667.0,17.0,20.25,0.813,Head
cover,92.283,2,1,1,1
err,92.283,244.0,-143.47
timing,92.283,1.9,24.1
gate,92.283,10.5,1.0,0.106,0.0
det,92.283,1489.75,645.0,66.5,154.75,0.866,Body
det,92.283,1515.75,645.19,16.5,20.62,0.843,Head
cover,92.3119,2,1,1,1
err,92.312,238.5,-143.89
timing,92.312,2.8,23.9
gate,92.312,10.5,1.0,0.106,0.0
det,92.312,1484.0,642.31,68.0,157.88,0.872,Body
det,92.312,1510.0,643.94,17.0,22.12,0.862,Head
cover,92.3396,0,0,0,0
nearest,92.3396,-1
cover,92.366,0,0,0,0
nearest,92.366,-1
cover,92.3926,0,0,0,0
nearest,92.3927,-1
cover,92.4208,0,0,0,0
nearest,92.4208,-1
cover,92.4465,0,0,0,0
nearest,92.4465,-1
cover,92.4729,0,0,0,0
nearest,92.4729,-1
cover,92.4983,0,0,0,0
nearest,92.4984,-1
cover,92.5255,0,0,0,0
nearest,92.5255,-1
cover,92.5531,0,0,0,0
nearest,92.5531,-1
cover,92.5782,0,0,0,0
nearest,92.5782,-1
cover,92.604,0,0,0,0
nearest,92.604,-1
cover,92.6302,1,0,1,0
nearest,92.6302,-1
cover,92.6603,0,0,0,0
nearest,92.6603,-1
cover,92.6886,0,0,0,0
nearest,92.6886,-1
cover,92.7137,0,0,0,0
nearest,92.7137,-1
cover,92.7403,0,0,0,0
nearest,92.7404,-1
cover,92.7664,0,0,0,0
nearest,92.7665,-1
cover,92.7931,0,0,0,0
nearest,92.7931,-1
cover,92.8184,1,0,1,0
nearest,92.8185,-1
cover,92.8468,2,1,1,0
nearest,92.8468,335.4
cover,92.8749,2,1,1,1
err,92.8749,285.0,-96.21
timing,92.8749,2.6,23.9
gate,92.8749,10.5,1.0,0.106,0.0
det,92.8749,1523.25,688.5,75.5,210.0,0.866,Body
det,92.8749,1554.0,689.62,22.0,25.75,0.808,Head
cover,92.9026,2,1,1,1
err,92.9026,261.0,-88.81
timing,92.9026,1.3,23.9
gate,92.9026,10.5,1.0,0.106,0.0
det,92.9026,1501.25,696.94,83.5,163.12,0.869,Body
det,92.9026,1530.75,696.75,20.5,26.25,0.836,Head
cover,92.9305,2,1,1,1
err,92.9306,240.5,-76.89
timing,92.9306,2.3,23.5
gate,92.9306,10.5,1.0,0.106,0.0
det,92.9306,1482.5,706.5,85.0,131.0,0.866,Body
det,92.9306,1509.5,706.75,22.0,29.75,0.857,Head
cover,92.9595,3,1,2,1
err,92.9595,226.0,-75.11
timing,92.9595,1.4,25.4
gate,92.9595,10.5,1.0,0.106,0.0
det,92.9595,1467.25,707.62,85.5,83.75,0.769,Body
det,92.9595,1495.25,709.56,21.5,27.88,0.634,Head
det,92.9595,1466.75,816.12,74.5,102.75,0.532,Body
cover,92.9868,2,1,1,1
err,92.9868,212.5,-75.26
timing,92.9868,2.3,22.8
gate,92.9868,10.5,1.0,0.106,0.0
det,92.9868,1452.12,779.5,73.75,146.5,0.833,Body
det,92.9868,1481.0,709.75,23.0,27.25,0.506,Head
cover,93.0149,1,0,1,0
nearest,93.0149,-1
cover,93.0411,2,1,1,1
err,93.0412,193.0,-77.87
timing,93.0412,2.1,22.7
gate,93.0412,10.5,1.0,0.106,0.0
det,93.0412,1432.5,707.88,87.0,221.25,0.824,Body
det,93.0412,1461.25,706.94,23.5,27.62,0.817,Head
cover,93.0679,2,1,1,1
err,93.068,173.0,-75.48
timing,93.068,1.8,22.7
gate,93.0679,10.5,1.0,0.106,0.0
det,93.068,1410.38,707.0,89.25,222.5,0.85,Body
det,93.068,1440.75,707.81,24.5,30.38,0.759,Head
cover,93.0948,2,1,1,1
err,93.0948,167.0,-76.03
timing,93.0948,1.7,23.1
gate,93.0948,10.5,1.0,0.106,0.0
det,93.0948,1435.62,707.81,22.75,29.38,0.869,Head
det,93.0948,1406.0,711.62,89.5,224.75,0.854,Body
cover,93.1229,2,1,1,1
err,93.1229,143.25,-72.66
timing,93.1229,1.5,23.7
gate,93.1229,10.5,1.0,0.106,0.0
det,93.1229,1411.5,711.25,23.5,29.25,0.891,Head
det,93.1229,1383.5,710.44,87.5,235.12,0.812,Body
cover,93.1533,2,1,1,1
err,93.1533,131.0,-73.01
timing,93.1533,3.0,25.0
gate,93.1533,10.5,1.0,0.106,0.0
det,93.1533,1398.62,710.56,24.75,29.88,0.839,Head
det,93.1533,1369.38,711.94,94.25,235.62,0.836,Body
cover,93.1809,2,1,1,1
err,93.1809,109.25,-54.49
timing,93.1809,1.8,22.8
gate,93.1809,10.5,1.0,0.106,0.0
det,93.1809,1377.0,728.88,24.5,30.25,0.841,Head
det,93.1809,1349.62,729.5,88.75,233.5,0.84,Body
cover,93.2091,2,1,1,1
err,93.2091,101.5,-55.27
timing,93.2091,1.7,24.5
gate,93.2091,10.5,1.0,0.106,0.0
det,93.2091,1342.88,731.5,85.25,231.5,0.846,Body
det,93.2091,1369.25,728.44,24.5,29.62,0.826,Head
cover,93.2367,2,1,1,1
err,93.2367,82.5,-50.56
timing,93.2367,1.7,23.6
gate,93.2367,10.5,1.0,0.106,0.0
det,93.2367,1321.12,735.0,93.75,238.5,0.804,Body
det,93.2367,1350.5,733.62,24.0,28.75,0.797,Head
cover,93.2681,2,1,1,1
err,93.2681,78.5,-51.04
timing,93.2681,2.1,27.0
gate,93.2681,10.5,1.0,0.106,0.0
det,93.2681,1317.5,742.12,92.5,232.75,0.835,Body
det,93.2681,1345.88,732.88,25.25,29.25,0.787,Head
cover,93.2986,2,1,1,1
err,93.2986,67.0,-49.77
timing,93.2986,1.5,26.7
gate,93.2986,10.5,1.0,0.106,0.0
det,93.2986,1334.62,733.94,24.75,29.62,0.839,Head
det,93.2986,1304.0,742.88,92.5,234.25,0.836,Body
cover,93.3286,2,1,1,1
err,93.3287,52.75,-50.06
timing,93.3287,1.7,26.1
gate,93.3287,10.5,1.0,0.106,0.0
det,93.3287,1291.5,751.75,92.5,234.5,0.831,Body
det,93.3287,1319.75,734.06,26.0,28.88,0.797,Head
cover,93.3591,2,1,1,1
err,93.3592,42.25,-48.88
timing,93.3592,2.6,25.4
gate,93.3592,10.5,1.0,0.106,0.0
det,93.3592,1276.38,748.12,97.25,236.75,0.86,Body
det,93.3592,1308.5,733.31,27.5,32.38,0.747,Head
cover,93.3871,2,1,1,1
err,93.3872,31.75,-49.97
timing,93.3872,1.5,24.1
gate,93.3872,10.5,1.0,0.106,0.0
det,93.3872,1266.38,746.0,101.25,243.5,0.837,Body
det,93.3872,1298.5,733.19,26.5,30.62,0.763,Head
cover,93.4164,2,1,1,1
err,93.4165,28.25,-49.61
timing,93.4165,2.1,24.7
gate,93.4164,10.5,1.0,0.106,0.0
det,93.4165,1262.25,743.0,99.0,251.0,0.824,Body
det,93.4165,1294.75,732.31,27.0,32.88,0.775,Head
cover,93.4455,2,1,1,1
err,93.4455,22.5,-51.42
timing,93.4455,1.6,25.0
gate,93.4455,10.5,1.0,0.106,0.0
det,93.4455,1257.12,750.0,101.75,247.0,0.865,Body
det,93.4455,1289.12,731.19,26.75,31.62,0.825,Head
cover,93.4741,2,1,1,1
err,93.4742,17.0,-47.43
timing,93.4742,1.6,24.7
gate,93.4742,10.5,1.0,0.106,0.0
det,93.4742,1252.25,742.5,100.0,261.5,0.832,Body
det,93.4742,1282.38,732.56,29.25,36.38,0.753,Head
cover,93.5057,2,1,1,1
err,93.5057,14.5,-36.71
timing,93.5057,3.3,25.1
gate,93.5057,10.5,1.0,0.106,0.0
det,93.5057,1249.25,765.0,103.5,259.0,0.817,Body
det,93.5057,1279.38,743.62,30.25,35.75,0.596,Head
cover,93.5334,2,1,1,1
err,93.5335,13.25,-23.59
timing,93.5335,1.7,23.9
gate,93.5335,10.5,1.0,0.106,0.0
det,93.5335,1246.25,770.5,106.5,272.5,0.869,Body
det,93.5335,1278.0,755.38,30.5,38.25,0.834,Head
cover,93.5627,2,1,1,1
err,93.5627,12.0,-20.1
timing,93.5627,2.2,24.7
gate,93.5627,10.5,1.0,0.106,0.0
det,93.5627,1245.0,769.5,100.0,268.5,0.812,Body
det,93.5627,1276.62,759.0,30.75,38.0,0.686,Head
cover,93.5908,2,1,1,1
err,93.5908,9.0,-13.01
timing,93.5908,2.1,23.9
gate,93.5908,10.5,1.0,0.106,0.0
det,93.5908,1241.12,778.0,109.75,285.5,0.813,Body
det,93.5908,1272.88,765.12,32.25,39.75,0.661,Head
cover,93.6178,2,1,1,1
err,93.6178,4.0,-7.86
timing,93.6178,2.6,21.3
gate,93.6178,10.5,1.0,0.106,0.0
det,93.6178,1232.88,776.5,112.25,300.5,0.762,Body
det,93.6178,1267.5,768.62,33.0,42.75,0.705,Head
cover,93.6458,2,1,1,1
err,93.6458,2.5,-8.35
timing,93.6458,2.0,23.8
gate,93.6458,10.5,1.0,0.106,0.0
det,93.6458,1231.62,776.0,109.75,309.0,0.718,Body
det,93.6458,1265.88,768.0,33.25,43.0,0.606,Head
cover,93.6729,2,1,1,1
err,93.673,-4.5,-2.58
timing,93.673,1.5,23.4
gate,93.673,10.5,1.0,0.106,0.0
det,93.673,1221.75,788.0,120.0,302.5,0.769,Body
det,93.673,1258.62,776.25,33.75,38.5,0.654,Head
cover,93.7015,2,1,1,1
err,93.7016,-3.5,5.98
timing,93.7016,2.5,23.7
gate,93.7016,10.5,1.0,0.106,0.0
det,93.7016,1259.0,781.5,35.0,44.5,0.67,Head
det,93.7016,1221.0,799.0,117.0,319.5,0.616,Body
cover,93.7302,2,1,1,1
err,93.7303,-1.5,7.86
timing,93.7303,1.6,24.7
gate,93.7303,10.5,1.0,0.106,0.0
det,93.7303,1225.12,799.5,111.75,330.5,0.639,Body
det,93.7303,1260.0,781.88,37.0,47.25,0.505,Head
cover,93.7583,1,0,1,0
nearest,93.7584,-1
cover,93.787,1,0,1,0
nearest,93.787,-1
cover,93.8132,2,1,1,1
err,93.8133,45.5,20.84
timing,93.8133,1.5,24.0
gate,93.8132,10.5,1.0,0.106,0.0
det,93.8133,1306.88,795.12,37.25,46.75,0.771,Head
det,93.8133,1267.5,814.5,116.5,327.0,0.643,Body
cover,93.8414,2,1,1,1
err,93.8414,114.0,29.04
timing,93.8414,1.6,23.8
gate,93.8414,10.5,1.0,0.106,0.0
det,93.8414,1374.62,801.12,38.75,50.75,0.812,Head
det,93.8414,1333.38,822.88,128.25,311.25,0.454,Body
cover,93.8721,2,1,1,1
err,93.8721,152.75,28.36
timing,93.8721,3.3,24.6
gate,93.8721,10.5,1.0,0.106,0.0
det,93.8721,1413.75,802.38,38.0,47.25,0.562,Head
det,93.8721,1372.0,815.5,147.0,280.5,0.541,Body
cover,93.9005,1,1,0,1
err,93.9006,177.0,28.94
timing,93.9006,2.1,24.2
gate,93.9006,10.5,1.0,0.106,0.0
det,93.9006,1437.88,802.12,38.25,48.75,0.73,Head
cover,93.9291,2,1,1,1
err,93.9292,189.0,28.39
timing,93.9292,1.5,24.9
gate,93.9292,10.5,1.0,0.106,0.0
det,93.9292,1448.62,802.12,40.75,47.75,0.796,Head
det,93.9292,1411.0,798.5,143.0,239.0,0.5,Body
cover,93.9568,1,1,0,1
err,93.9568,206.0,29.17
timing,93.9568,1.6,24.0
gate,93.9568,10.5,1.0,0.106,0.0
det,93.9568,1465.5,799.75,41.0,53.5,0.507,Head
cover,93.9845,0,0,0,0
nearest,93.9845,-1
cover,94.012,0,0,0,0
nearest,94.012,-1
cover,94.0387,0,0,0,0
nearest,94.0387,-1
cover,94.0646,1,0,1,0
nearest,94.0646,-1
cover,94.0923,2,1,1,1
err,94.0923,161.75,8.99
timing,94.0923,1.8,24.2
gate,94.0923,10.5,1.0,0.106,0.0
det,94.0923,1421.75,781.62,40.0,49.75,0.77,Head
det,94.0923,1376.12,774.5,123.75,277.0,0.432,Body
cover,94.1216,1,1,0,1
err,94.1216,159.25,8.49
timing,94.1216,1.8,25.0
gate,94.1216,10.5,1.0,0.106,0.0
det,94.1216,1419.0,781.12,40.5,49.75,0.456,Head
cover,94.1509,0,0,0,0
nearest,94.1509,-1
cover,94.1787,2,1,1,1
err,94.1788,157.0,8.96
timing,94.1788,2.7,23.8
gate,94.1788,10.5,1.0,0.106,0.0
det,94.1788,1416.5,781.88,41.0,49.25,0.719,Head
det,94.1788,1371.5,801.5,138.0,269.5,0.617,Body
cover,94.2067,2,1,1,1
err,94.2067,124.5,3.7
timing,94.2067,1.6,24.0
gate,94.2067,10.5,1.0,0.106,0.0
det,94.2067,1337.5,792.5,141.5,346.5,0.643,Body
det,94.2067,1384.12,774.0,40.75,54.0,0.529,Head
cover,94.2334,2,1,1,1
err,94.2334,89.5,-2.98
timing,94.2334,2.7,21.8
gate,94.2334,10.5,1.0,0.106,0.0
det,94.2334,1350.25,772.0,38.5,45.5,0.543,Head
det,94.2334,1312.88,847.38,125.25,278.25,0.407,Body
cover,94.2623,2,1,1,1
err,94.2623,90.0,-2.11
timing,94.2623,1.7,24.8
gate,94.2623,10.5,1.0,0.106,0.0
det,94.2623,1350.62,771.62,38.75,47.75,0.463,Head
det,94.2623,1313.25,850.0,123.5,275.5,0.449,Body
lmb,94.2907,1
cover,94.2917,2,1,1,1
err,94.2918,83.75,-3.77
timing,94.2918,1.8,24.1
gate,94.2918,83.8,1.0,0.0,1.0
det,94.2918,1302.88,861.0,126.25,262.0,0.554,Body
det,94.2918,1344.75,771.75,38.0,44.5,0.493,Head
cmd,94.2918,112,-5
cover,94.322,2,1,1,1
err,94.322,84.0,-3.21
timing,94.322,3.3,24.2
gate,94.322,84.0,1.0,0.25,0.0
det,94.322,1302.88,861.25,126.25,261.5,0.58,Body
det,94.322,1344.88,771.62,38.25,45.75,0.505,Head
cover,94.3508,2,1,1,1
err,94.3509,84.0,-3.74
timing,94.3509,2.6,24.1
gate,94.3509,84.0,1.0,0.221,0.0
det,94.3509,1302.75,858.88,126.0,264.25,0.553,Body
det,94.3509,1344.88,771.38,38.25,45.25,0.524,Head
cover,94.3786,2,1,1,1
err,94.3787,83.75,-3.5
timing,94.3787,1.6,24.0
gate,94.3787,83.9,1.0,0.193,0.0
det,94.3787,1344.5,771.75,38.5,45.0,0.561,Head
det,94.3787,1317.12,863.5,112.75,261.0,0.546,Body
lmb,94.4057,0
cover,94.4067,2,1,1,1
err,94.4067,84.0,-3.76
timing,94.4067,1.6,23.5
gate,94.4067,84.0,1.0,0.165,0.0
det,94.4067,1317.62,863.5,112.75,261.0,0.563,Body
det,94.4067,1344.88,771.62,38.25,44.75,0.502,Head
cover,94.4353,2,1,1,1
err,94.4354,84.25,-2.95
timing,94.4354,3.3,23.0
gate,94.4354,84.2,1.0,0.136,0.0
det,94.4354,1316.25,863.0,114.5,262.0,0.555,Body
det,94.4354,1345.0,771.75,38.5,46.0,0.465,Head
cover,94.4637,1,0,1,0
nearest,94.4637,-1
cover,94.4912,1,0,1,0
nearest,94.4912,-1
cover,94.5238,2,0,2,0
nearest,94.5238,-1
cover,94.5674,2,0,2,0
nearest,94.5674,-1
cover,94.5959,2,0,2,0
nearest,94.596,-1
cover,94.621,2,0,2,0
nearest,94.621,-1
cover,94.6468,2,0,2,0
nearest,94.6468,-1
cover,94.6703,2,0,2,0
nearest,94.6703,-1
cover,94.6957,2,0,2,0
nearest,94.6957,-1
cover,94.7222,2,0,2,0
nearest,94.7222,-1
cover,94.7498,2,0,2,0
nearest,94.7498,-1
cover,94.7735,2,0,2,0
nearest,94.7736,-1
cover,94.8019,2,0,2,0
nearest,94.8019,-1
cover,94.8301,2,1,1,1
err,94.8301,-1.0,17.65
timing,94.8301,2.0,25.2
gate,94.8301,84.2,1.0,0.136,0.0
det,94.8301,1241.0,914.25,98.5,209.5,0.689,Body
det,94.8301,1260.38,794.0,37.25,43.0,0.618,Head
cover,94.8589,0,0,0,0
nearest,94.8589,-1
cover,94.8856,0,0,0,0
nearest,94.8857,-1
cover,94.9149,1,0,1,0
nearest,94.9149,-1
cover,94.9441,2,0,2,0
nearest,94.9441,-1
cover,94.9716,1,0,1,0
nearest,94.9716,-1
cover,94.9993,1,0,1,0
nearest,94.9993,-1
cover,95.0274,1,0,1,0
nearest,95.0274,-1
cover,95.0529,2,0,2,0
nearest,95.0529,-1
cover,95.0797,3,0,3,0
nearest,95.0797,-1
cover,95.1062,1,0,1,0
nearest,95.1062,-1
cover,95.134,2,0,2,0
nearest,95.1341,-1
cover,95.1612,1,0,1,0
nearest,95.1612,-1
cover,95.1858,1,0,1,0
nearest,95.1858,-1
cover,95.2103,2,0,2,0
nearest,95.2103,-1
cover,95.2353,3,0,3,0
nearest,95.2353,-1
cover,95.2617,2,0,2,0
nearest,95.2617,-1
cover,95.289,2,0,2,0
nearest,95.289,-1
cover,95.3184,2,0,2,0
nearest,95.3184,-1
cover,95.346,1,0,1,0
nearest,95.346,-1
cover,95.3728,1,0,1,0
nearest,95.3728,-1
cover,95.4002,2,0,2,0
nearest,95.4003,-1
cover,95.4287,1,0,1,0
nearest,95.4287,-1
cover,95.4605,1,0,1,0
nearest,95.4605,-1
cover,95.4847,1,0,1,0
nearest,95.4847,-1
cover,95.5094,1,0,1,0
nearest,95.5094,-1
cover,95.5337,1,0,1,0
nearest,95.5337,-1
cover,95.56,1,0,1,0
nearest,95.56,-1
cover,95.5835,1,0,1,0
nearest,95.5835,-1
cover,95.6132,1,0,1,0
nearest,95.6132,-1
cover,95.65,1,0,1,0
nearest,95.65,-1
cover,95.6896,1,0,1,0
nearest,95.6896,-1
cover,95.7184,0,0,0,0
nearest,95.7184,-1
cover,95.7449,0,0,0,0
nearest,95.7449,-1
cover,95.7741,0,0,0,0
nearest,95.7741,-1
cover,95.8011,0,0,0,0
nearest,95.8011,-1
cover,95.8291,0,0,0,0
nearest,95.8291,-1
cover,95.8569,0,0,0,0
nearest,95.857,-1
cover,95.8819,0,0,0,0
nearest,95.882,-1
cover,95.9134,0,0,0,0
nearest,95.9134,-1
cover,95.9383,0,0,0,0
nearest,95.9384,-1
cover,95.9633,0,0,0,0
nearest,95.9633,-1
cover,95.9875,0,0,0,0
nearest,95.9876,-1
cover,96.0122,0,0,0,0
nearest,96.0122,-1
cover,96.0405,0,0,0,0
nearest,96.0405,-1
cover,96.0686,0,0,0,0
nearest,96.0687,-1
cover,96.0951,0,0,0,0
nearest,96.0951,-1
cover,96.1207,0,0,0,0
nearest,96.1207,-1
cover,96.1457,0,0,0,0
nearest,96.1457,-1
cover,96.1679,0,0,0,0
nearest,96.1679,-1
cover,96.1926,0,0,0,0
nearest,96.1927,-1
cover,96.2211,0,0,0,0
nearest,96.2211,-1
cover,96.2463,0,0,0,0
nearest,96.2463,-1
cover,96.2722,0,0,0,0
nearest,96.2722,-1
cover,96.2979,0,0,0,0
nearest,96.2979,-1
cover,96.3224,0,0,0,0
nearest,96.3224,-1
cover,96.3457,0,0,0,0
nearest,96.3458,-1
cover,96.3705,0,0,0,0
nearest,96.3705,-1
cover,96.3971,0,0,0,0
nearest,96.3971,-1
cover,96.423,0,0,0,0
nearest,96.423,-1
cover,96.4514,0,0,0,0
nearest,96.4515,-1
cover,96.4769,0,0,0,0
nearest,96.4769,-1
cover,96.5012,0,0,0,0
nearest,96.5013,-1
cover,96.5253,0,0,0,0
nearest,96.5253,-1
cover,96.5508,0,0,0,0
nearest,96.5508,-1
cover,96.5743,0,0,0,0
nearest,96.5743,-1
cover,96.5998,0,0,0,0
nearest,96.5998,-1
cover,96.627,0,0,0,0
nearest,96.627,-1
cover,96.6532,0,0,0,0
nearest,96.6533,-1
cover,96.6763,0,0,0,0
nearest,96.6763,-1
cover,96.6994,0,0,0,0
nearest,96.6994,-1
cover,96.7262,0,0,0,0
nearest,96.7262,-1
cover,96.7572,0,0,0,0
nearest,96.7572,-1
cover,96.7846,0,0,0,0
nearest,96.7846,-1
cover,96.8093,0,0,0,0
nearest,96.8093,-1
cover,96.8514,0,0,0,0
nearest,96.8515,-1
cover,96.8781,0,0,0,0
nearest,96.8781,-1
cover,96.9051,0,0,0,0
nearest,96.9051,-1
cover,96.9325,0,0,0,0
nearest,96.9325,-1
cover,96.964,0,0,0,0
nearest,96.9641,-1
cover,96.993,0,0,0,0
nearest,96.993,-1
cover,97.023,0,0,0,0
nearest,97.023,-1
cover,97.0507,0,0,0,0
nearest,97.0508,-1
cover,97.0734,0,0,0,0
nearest,97.0734,-1
cover,97.0979,0,0,0,0
nearest,97.0979,-1
cover,97.1227,0,0,0,0
nearest,97.1227,-1
cover,97.157,0,0,0,0
nearest,97.157,-1
cover,97.1798,0,0,0,0
nearest,97.1799,-1
cover,97.2043,0,0,0,0
nearest,97.2043,-1
cover,97.2303,0,0,0,0
nearest,97.2303,-1
cover,97.2649,0,0,0,0
nearest,97.265,-1
cover,97.3134,0,0,0,0
nearest,97.3134,-1
cover,97.3507,0,0,0,0
nearest,97.3507,-1
cover,97.3863,0,0,0,0
nearest,97.3863,-1
cover,97.4146,0,0,0,0
nearest,97.4146,-1
cover,97.4482,0,0,0,0
nearest,97.4483,-1
cover,97.477,0,0,0,0
nearest,97.4771,-1
cover,97.5111,0,0,0,0
nearest,97.5111,-1
cover,97.5371,0,0,0,0
nearest,97.5371,-1
cover,97.564,0,0,0,0
nearest,97.564,-1
cover,97.5893,0,0,0,0
nearest,97.5893,-1
cover,97.6159,0,0,0,0
nearest,97.616,-1
cover,97.6484,0,0,0,0
nearest,97.6484,-1
cover,97.6769,0,0,0,0
nearest,97.6769,-1
cover,97.7033,0,0,0,0
nearest,97.7033,-1
cover,97.7319,0,0,0,0
nearest,97.7319,-1
cover,97.7598,0,0,0,0
nearest,97.7598,-1
cover,97.7874,0,0,0,0
nearest,97.7874,-1
cover,97.8144,0,0,0,0
nearest,97.8144,-1
cover,97.8416,0,0,0,0
nearest,97.8416,-1
cover,97.8709,0,0,0,0
nearest,97.8709,-1
cover,97.8994,0,0,0,0
nearest,97.8994,-1
cover,97.9264,0,0,0,0
nearest,97.9264,-1
cover,97.9561,0,0,0,0
nearest,97.9561,-1
cover,97.9845,0,0,0,0
nearest,97.9845,-1
cover,98.0151,0,0,0,0
nearest,98.0151,-1
cover,98.0461,0,0,0,0
nearest,98.0461,-1
cover,98.0812,0,0,0,0
nearest,98.0812,-1
cover,98.1077,0,0,0,0
nearest,98.1077,-1
cover,98.1356,0,0,0,0
nearest,98.1356,-1
cover,98.164,0,0,0,0
nearest,98.164,-1
cover,98.191,0,0,0,0
nearest,98.191,-1
cover,98.2212,0,0,0,0
nearest,98.2212,-1
cover,98.2532,0,0,0,0
nearest,98.2532,-1
cover,98.2821,0,0,0,0
nearest,98.2822,-1
cover,98.3238,0,0,0,0
nearest,98.3239,-1
cover,98.3569,0,0,0,0
nearest,98.3569,-1
cover,98.3842,0,0,0,0
nearest,98.3842,-1
cover,98.4108,0,0,0,0
nearest,98.4108,-1
cover,98.4389,0,0,0,0
nearest,98.4389,-1
cover,98.4671,0,0,0,0
nearest,98.4672,-1
cover,98.4925,0,0,0,0
nearest,98.4926,-1
cover,98.5255,0,0,0,0
nearest,98.5255,-1
cover,98.557,0,0,0,0
nearest,98.5571,-1
cover,98.5874,0,0,0,0
nearest,98.5875,-1
cover,98.6165,0,0,0,0
nearest,98.6166,-1
cover,98.6499,0,0,0,0
nearest,98.6499,-1
cover,98.6812,0,0,0,0
nearest,98.6812,-1
cover,98.7068,0,0,0,0
nearest,98.7068,-1
cover,98.732,0,0,0,0
nearest,98.732,-1
cover,98.7576,0,0,0,0
nearest,98.7576,-1
cover,98.7859,0,0,0,0
nearest,98.7859,-1
cover,98.8184,0,0,0,0
nearest,98.8185,-1
cover,98.8449,0,0,0,0
nearest,98.845,-1
cover,98.8719,0,0,0,0
nearest,98.872,-1
cover,98.9024,0,0,0,0
nearest,98.9024,-1
cover,98.9312,0,0,0,0
nearest,98.9312,-1
cover,98.9612,0,0,0,0
nearest,98.9612,-1
cover,98.9912,0,0,0,0
nearest,98.9912,-1
cover,99.0182,0,0,0,0
nearest,99.0182,-1
cover,99.0449,0,0,0,0
nearest,99.0449,-1
cover,99.0702,0,0,0,0
nearest,99.0702,-1
cover,99.0985,0,0,0,0
nearest,99.0985,-1
cover,99.1288,0,0,0,0
nearest,99.1288,-1
cover,99.1601,0,0,0,0
nearest,99.1602,-1
cover,99.1942,0,0,0,0
nearest,99.1942,-1
cover,99.2263,0,0,0,0
nearest,99.2264,-1
cover,99.2545,0,0,0,0
nearest,99.2545,-1
cover,99.2847,0,0,0,0
nearest,99.2847,-1
cover,99.321,0,0,0,0
nearest,99.321,-1
cover,99.3516,0,0,0,0
nearest,99.3516,-1
cover,99.3799,0,0,0,0
nearest,99.3799,-1
cover,99.4069,0,0,0,0
nearest,99.4069,-1
cover,99.4374,0,0,0,0
nearest,99.4374,-1
cover,99.4666,0,0,0,0
nearest,99.4666,-1
cover,99.494,0,0,0,0
nearest,99.494,-1
cover,99.5261,0,0,0,0
nearest,99.5261,-1
cover,99.5578,0,0,0,0
nearest,99.5578,-1
cover,99.5936,0,0,0,0
nearest,99.5936,-1
cover,99.6252,0,0,0,0
nearest,99.6252,-1
cover,99.6536,0,0,0,0
nearest,99.6536,-1
cover,99.6786,0,0,0,0
nearest,99.6787,-1
cover,99.7052,0,0,0,0
nearest,99.7053,-1
cover,99.7321,0,0,0,0
nearest,99.7321,-1
cover,99.7595,0,0,0,0
nearest,99.7595,-1
cover,99.7886,0,0,0,0
nearest,99.7886,-1
cover,99.8165,0,0,0,0
nearest,99.8165,-1
cover,99.844,0,0,0,0
nearest,99.844,-1
cover,99.8686,0,0,0,0
nearest,99.8686,-1
cover,99.8946,0,0,0,0
nearest,99.8946,-1
cover,99.9231,0,0,0,0
nearest,99.9231,-1
cover,99.95,0,0,0,0
nearest,99.95,-1
cover,99.978,0,0,0,0
nearest,99.978,-1
cover,100.0084,0,0,0,0
nearest,100.0084,-1
cover,100.0351,0,0,0,0
nearest,100.0351,-1
cover,100.0629,0,0,0,0
nearest,100.0629,-1
cover,100.094,0,0,0,0
nearest,100.094,-1
cover,100.1245,0,0,0,0
nearest,100.1245,-1
cover,100.1509,0,0,0,0
nearest,100.151,-1
cover,100.1781,0,0,0,0
nearest,100.1782,-1
cover,100.2071,0,0,0,0
nearest,100.2071,-1
cover,100.237,0,0,0,0
nearest,100.237,-1
cover,100.2621,0,0,0,0
nearest,100.2621,-1
cover,100.2895,0,0,0,0
nearest,100.2895,-1
cover,100.3174,0,0,0,0
nearest,100.3175,-1
cover,100.3439,0,0,0,0
nearest,100.3439,-1
cover,100.3735,0,0,0,0
nearest,100.3735,-1
cover,100.4023,0,0,0,0
nearest,100.4023,-1
cover,100.4293,0,0,0,0
nearest,100.4293,-1
cover,100.4601,0,0,0,0
nearest,100.4601,-1
cover,100.49,0,0,0,0
nearest,100.4901,-1
cover,100.5179,0,0,0,0
nearest,100.5179,-1
cover,100.5487,0,0,0,0
nearest,100.5488,-1
cover,100.579,0,0,0,0
nearest,100.579,-1
cover,100.6058,0,0,0,0
nearest,100.6058,-1
cover,100.6356,0,0,0,0
nearest,100.6356,-1
cover,100.6644,0,0,0,0
nearest,100.6644,-1
cover,100.6921,0,0,0,0
nearest,100.6921,-1
cover,100.7256,0,0,0,0
nearest,100.7256,-1
cover,100.7605,0,0,0,0
nearest,100.7605,-1
cover,100.789,0,0,0,0
nearest,100.789,-1
cover,100.8189,0,0,0,0
nearest,100.8189,-1
cover,100.8467,0,0,0,0
nearest,100.8467,-1
cover,100.8738,0,0,0,0
nearest,100.8738,-1
cover,100.9054,0,0,0,0
nearest,100.9054,-1
cover,100.932,0,0,0,0
nearest,100.932,-1
cover,100.9607,0,0,0,0
nearest,100.9607,-1
cover,100.9939,0,0,0,0
nearest,100.9939,-1
cover,101.0238,0,0,0,0
nearest,101.0238,-1
cover,101.0546,0,0,0,0
nearest,101.0547,-1
cover,101.0827,0,0,0,0
nearest,101.0828,-1
cover,101.1128,0,0,0,0
nearest,101.1128,-1
cover,101.1403,0,0,0,0
nearest,101.1403,-1
cover,101.1685,0,0,0,0
nearest,101.1685,-1
cover,101.1958,0,0,0,0
nearest,101.1958,-1
cover,101.2283,0,0,0,0
nearest,101.2283,-1
cover,101.2587,0,0,0,0
nearest,101.2587,-1
cover,101.2901,0,0,0,0
nearest,101.2901,-1
cover,101.3229,0,0,0,0
nearest,101.3229,-1
cover,101.3503,0,0,0,0
nearest,101.3503,-1
cover,101.3798,0,0,0,0
nearest,101.3798,-1
cover,101.4096,0,0,0,0
nearest,101.4096,-1
cover,101.4373,0,0,0,0
nearest,101.4374,-1
cover,101.4625,0,0,0,0
nearest,101.4625,-1
cover,101.4915,0,0,0,0
nearest,101.4916,-1
cover,101.5212,0,0,0,0
nearest,101.5212,-1
cover,101.5491,0,0,0,0
nearest,101.5491,-1
cover,101.5761,0,0,0,0
nearest,101.5761,-1
cover,101.6023,0,0,0,0
nearest,101.6023,-1
cover,101.6304,0,0,0,0
nearest,101.6304,-1
cover,101.6584,0,0,0,0
nearest,101.6584,-1
cover,101.6868,0,0,0,0
nearest,101.6869,-1
cover,101.718,0,0,0,0
nearest,101.718,-1
cover,101.7459,0,0,0,0
nearest,101.7459,-1
cover,101.7739,0,0,0,0
nearest,101.7739,-1
cover,101.8006,0,0,0,0
nearest,101.8007,-1
cover,101.8283,0,0,0,0
nearest,101.8283,-1
cover,101.8579,0,0,0,0
nearest,101.858,-1
cover,101.8829,0,0,0,0
nearest,101.883,-1
cover,101.9099,0,0,0,0
nearest,101.9099,-1
cover,101.9378,0,0,0,0
nearest,101.9378,-1
cover,101.9626,0,0,0,0
nearest,101.9626,-1
cover,101.9908,0,0,0,0
nearest,101.9908,-1
cover,102.0254,0,0,0,0
nearest,102.0254,-1
cover,102.055,0,0,0,0
nearest,102.055,-1
cover,102.0813,0,0,0,0
nearest,102.0813,-1
cover,102.1075,0,0,0,0
nearest,102.1075,-1
cover,102.1376,0,0,0,0
nearest,102.1377,-1
cover,102.1627,0,0,0,0
nearest,102.1627,-1
cover,102.1927,0,0,0,0
nearest,102.1927,-1
cover,102.2263,0,0,0,0
nearest,102.2264,-1
cover,102.2548,0,0,0,0
nearest,102.2548,-1
cover,102.2811,0,0,0,0
nearest,102.2811,-1
cover,102.316,0,0,0,0
nearest,102.316,-1
cover,102.352,0,0,0,0
nearest,102.352,-1
cover,102.3794,0,0,0,0
nearest,102.3794,-1
cover,102.4071,0,0,0,0
nearest,102.4072,-1
cover,102.4423,0,0,0,0
nearest,102.4423,-1
cover,102.4719,0,0,0,0
nearest,102.4719,-1
cover,102.4988,0,0,0,0
nearest,102.4989,-1
cover,102.5268,0,0,0,0
nearest,102.5268,-1
cover,102.5547,0,0,0,0
nearest,102.5547,-1
cover,102.5823,0,0,0,0
nearest,102.5823,-1
cover,102.6113,0,0,0,0
nearest,102.6113,-1
cover,102.6436,0,0,0,0
nearest,102.6437,-1
cover,102.6708,0,0,0,0
nearest,102.6708,-1
cover,102.6994,0,0,0,0
nearest,102.6994,-1
cover,102.7254,0,0,0,0
nearest,102.7254,-1
cover,102.7541,0,0,0,0
nearest,102.7541,-1
cover,102.7839,0,0,0,0
nearest,102.7839,-1
cover,102.8117,0,0,0,0
nearest,102.8117,-1
cover,102.8391,0,0,0,0
nearest,102.8391,-1
cover,102.8655,0,0,0,0
nearest,102.8655,-1
cover,102.8912,0,0,0,0
nearest,102.8912,-1
cover,102.9207,0,0,0,0
nearest,102.9208,-1
cover,102.9492,0,0,0,0
nearest,102.9492,-1
cover,102.9779,0,0,0,0
nearest,102.9779,-1
cover,103.0167,0,0,0,0
nearest,103.0168,-1
cover,103.0466,0,0,0,0
nearest,103.0466,-1
cover,103.0721,0,0,0,0
nearest,103.0721,-1
cover,103.0995,0,0,0,0
nearest,103.0995,-1
cover,103.1331,0,0,0,0
nearest,103.1331,-1
cover,103.1582,0,0,0,0
nearest,103.1582,-1
cover,103.1795,0,0,0,0
nearest,103.1795,-1
cover,103.2049,0,0,0,0
nearest,103.2049,-1
cover,103.2301,0,0,0,0
nearest,103.2302,-1
cover,103.2553,0,0,0,0
nearest,103.2553,-1
cover,103.2783,0,0,0,0
nearest,103.2783,-1
cover,103.3012,0,0,0,0
nearest,103.3012,-1
cover,103.3257,0,0,0,0
nearest,103.3257,-1
cover,103.348,0,0,0,0
nearest,103.348,-1
cover,103.3722,0,0,0,0
nearest,103.3722,-1
cover,103.3985,0,0,0,0
nearest,103.3985,-1
cover,103.4232,0,0,0,0
nearest,103.4232,-1
cover,103.4486,0,0,0,0
nearest,103.4486,-1
cover,103.4717,0,0,0,0
nearest,103.4717,-1
cover,103.4943,0,0,0,0
nearest,103.4943,-1
cover,103.5207,0,0,0,0
nearest,103.5207,-1
cover,103.548,0,0,0,0
nearest,103.548,-1
cover,103.5729,0,0,0,0
nearest,103.5729,-1
cover,103.5983,0,0,0,0
nearest,103.5984,-1
cover,103.6213,0,0,0,0
nearest,103.6213,-1
cover,103.6464,0,0,0,0
nearest,103.6465,-1
cover,103.669,0,0,0,0
nearest,103.669,-1
cover,103.6965,0,0,0,0
nearest,103.6965,-1
cover,103.7264,0,0,0,0
nearest,103.7264,-1
cover,103.7556,0,0,0,0
nearest,103.7556,-1
cover,103.7811,0,0,0,0
nearest,103.7812,-1
cover,103.8069,0,0,0,0
nearest,103.8069,-1
cover,103.8397,0,0,0,0
nearest,103.8397,-1
cover,103.8655,0,0,0,0
nearest,103.8655,-1
cover,103.8888,0,0,0,0
nearest,103.8888,-1
cover,103.9164,0,0,0,0
nearest,103.9164,-1
cover,103.942,0,0,0,0
nearest,103.942,-1
cover,103.9656,0,0,0,0
nearest,103.9656,-1
cover,103.9906,0,0,0,0
nearest,103.9906,-1
cover,104.0203,0,0,0,0
nearest,104.0203,-1
cover,104.0481,0,0,0,0
nearest,104.0481,-1
cover,104.0722,0,0,0,0
nearest,104.0722,-1
cover,104.0976,0,0,0,0
nearest,104.0976,-1
cover,104.1271,0,0,0,0
nearest,104.1271,-1
cover,104.1569,0,0,0,0
nearest,104.1569,-1
cover,104.1854,0,0,0,0
nearest,104.1854,-1
cover,104.2139,1,0,1,0
nearest,104.2139,-1
cover,104.237,1,0,1,0
nearest,104.237,-1
cover,104.2586,1,0,1,0
nearest,104.2586,-1
cover,104.2812,1,0,1,0
nearest,104.2812,-1
cover,104.3076,1,0,1,0
nearest,104.3077,-1
cover,104.3355,1,0,1,0
nearest,104.3355,-1
cover,104.3632,1,0,1,0
nearest,104.3632,-1
cover,104.3903,1,0,1,0
nearest,104.3903,-1
cover,104.4167,0,0,0,0
nearest,104.4167,-1
cover,104.4447,0,0,0,0
nearest,104.4447,-1
cover,104.4704,0,0,0,0
nearest,104.4704,-1
cover,104.497,0,0,0,0
nearest,104.497,-1
cover,104.523,0,0,0,0
nearest,104.523,-1
cover,104.55,0,0,0,0
nearest,104.55,-1
cover,104.5761,0,0,0,0
nearest,104.5762,-1
cover,104.6027,0,0,0,0
nearest,104.6027,-1
cover,104.6304,1,0,1,0
nearest,104.6304,-1
cover,104.6574,0,0,0,0
nearest,104.6574,-1
cover,104.6857,0,0,0,0
nearest,104.6857,-1
cover,104.7118,0,0,0,0
nearest,104.7118,-1
cover,104.7352,0,0,0,0
nearest,104.7352,-1
cover,104.7612,0,0,0,0
nearest,104.7612,-1
cover,104.7855,0,0,0,0
nearest,104.7855,-1
cover,104.811,1,0,1,0
nearest,104.811,-1
cover,104.8365,0,0,0,0
nearest,104.8365,-1
lmb,104.8622,1
cover,104.8633,1,0,1,0
nearest,104.8633,-1
cover,104.8899,0,0,0,0
nearest,104.89,-1
cover,104.9166,1,0,1,0
nearest,104.9167,-1
lmb,104.9407,0
cover,104.9424,0,0,0,0
nearest,104.9424,-1
cover,104.9693,0,0,0,0
nearest,104.9694,-1
nail,104.9956,1
cover,104.9966,0,0,0,0
nearest,104.9966,-1
cover,105.0204,0,0,0,0
nearest,105.0204,-1
lmb,105.0465,1
nail,105.0465,0
cover,105.0481,0,0,0,0
nearest,105.0481,-1
cover,105.073,0,0,0,0
nearest,105.0731,-1
cover,105.0971,0,0,0,0
nearest,105.0971,-1
lmb,105.1224,0
cover,105.1237,1,0,1,0
nearest,105.1237,-1
cover,105.1514,1,0,1,0
nearest,105.1514,-1
nail,105.1767,1
cover,105.1776,1,0,1,0
nearest,105.1776,-1
lmb,105.2022,1
nail,105.2022,0
cover,105.2038,1,0,1,0
nearest,105.2038,-1
cover,105.2278,0,0,0,0
nearest,105.2278,-1
cover,105.2538,0,0,0,0
nearest,105.2538,-1
cover,105.2809,0,0,0,0
nearest,105.2809,-1
lmb,105.3066,0
cover,105.3076,1,0,1,0
nearest,105.3076,-1
nail,105.3342,1
cover,105.3351,0,0,0,0
nearest,105.3351,-1
cover,105.3618,0,0,0,0
nearest,105.3618,-1
lmb,105.3879,1
nail,105.3879,0
cover,105.3897,0,0,0,0
nearest,105.3897,-1
cover,105.4134,0,0,0,0
nearest,105.4134,-1
cover,105.4395,0,0,0,0
nearest,105.4396,-1
lmb,105.4666,0
cover,105.4679,0,0,0,0
nearest,105.4679,-1
cover,105.495,0,0,0,0
nearest,105.495,-1
nail,105.5191,1
cover,105.5199,1,0,1,0
nearest,105.5199,-1
lmb,105.547,1
nail,105.547,0
cover,105.5489,1,0,1,0
nearest,105.5489,-1
cover,105.5784,1,0,1,0
nearest,105.5784,-1
lmb,105.6024,0
cover,105.6034,0,0,0,0
nearest,105.6034,-1
cover,105.6308,0,0,0,0
nearest,105.6309,-1
cover,105.6604,0,0,0,0
nearest,105.6604,-1
lmb,105.6858,1
cover,105.6869,0,0,0,0
nearest,105.6869,-1
cover,105.7125,0,0,0,0
nearest,105.7125,-1
cover,105.7357,0,0,0,0
nearest,105.7357,-1
lmb,105.761,0
cover,105.7619,0,0,0,0
nearest,105.7619,-1
cover,105.7862,1,0,1,0
nearest,105.7862,-1
nail,105.812,1
cover,105.8127,0,0,0,0
nearest,105.8127,-1
lmb,105.8388,1
nail,105.8388,0
cover,105.8403,0,0,0,0
nearest,105.8403,-1
cover,105.8662,0,0,0,0
nearest,105.8662,-1
cover,105.8913,0,0,0,0
nearest,105.8913,-1
lmb,105.9172,0
cover,105.919,0,0,0,0
nearest,105.919,-1
cover,105.9444,2,0,2,0
nearest,105.9444,-1
nail,105.971,1
cover,105.972,0,0,0,0
nearest,105.972,-1
cover,105.9994,1,0,1,0
nearest,105.9994,-1
lmb,106.028,1
nail,106.028,0
cover,106.0295,1,0,1,0
nearest,106.0295,-1
cover,106.0542,0,0,0,0
nearest,106.0542,-1
cover,106.0818,0,0,0,0
nearest,106.0818,-1
lmb,106.1066,0
cover,106.1076,1,0,1,0
nearest,106.1077,-1
cover,106.1351,0,0,0,0
nearest,106.1351,-1
nail,106.1622,1
cover,106.1631,1,0,1,0
nearest,106.1631,-1
lmb,106.1892,1
nail,106.1892,0
cover,106.1908,0,0,0,0
nearest,106.1908,-1
cover,106.2185,0,0,0,0
nearest,106.2185,-1
lmb,106.2462,0
cover,106.2474,0,0,0,0
nearest,106.2474,-1
cover,106.2768,0,0,0,0
nearest,106.2768,-1
cover,106.3013,1,0,1,0
nearest,106.3013,-1
nail,106.3285,1
cover,106.3294,0,0,0,0
nearest,106.3294,-1
cover,106.355,0,0,0,0
nearest,106.355,-1
cover,106.3862,0,0,0,0
nearest,106.3862,-1
cover,106.4341,0,0,0,0
nearest,106.4341,-1
cover,106.4656,0,0,0,0
nearest,106.4656,-1
cover,106.493,0,0,0,0
nearest,106.493,-1
cover,106.5187,0,0,0,0
nearest,106.5187,-1
cover,106.5474,0,0,0,0
nearest,106.5474,-1
cover,106.5751,0,0,0,0
nearest,106.5751,-1
cover,106.6003,0,0,0,0
nearest,106.6003,-1
cover,106.6267,1,0,1,0
nearest,106.6267,-1
cover,106.658,1,0,1,0
nearest,106.6581,-1
cover,106.6811,0,0,0,0
nearest,106.6812,-1
nail,106.709,0
cover,106.7101,1,0,1,0
nearest,106.7101,-1
cover,106.7429,0,0,0,0
nearest,106.7429,-1
cover,106.7746,1,0,1,0
nearest,106.7746,-1
cover,106.8012,1,0,1,0
nearest,106.8012,-1
cover,106.8267,0,0,0,0
nearest,106.8267,-1
cover,106.8508,0,0,0,0
nearest,106.8509,-1
cover,106.8763,0,0,0,0
nearest,106.8763,-1
cover,106.9008,0,0,0,0
nearest,106.9008,-1
cover,106.9272,0,0,0,0
nearest,106.9272,-1
cover,106.9502,0,0,0,0
nearest,106.9502,-1
cover,106.9752,0,0,0,0
nearest,106.9752,-1
cover,106.9986,0,0,0,0
nearest,106.9986,-1
cover,107.0236,0,0,0,0
nearest,107.0236,-1
cover,107.0505,0,0,0,0
nearest,107.0506,-1
cover,107.0755,0,0,0,0
nearest,107.0755,-1
cover,107.0985,0,0,0,0
nearest,107.0985,-1
cover,107.1237,0,0,0,0
nearest,107.1237,-1
cover,107.1479,0,0,0,0
nearest,107.1479,-1
cover,107.1738,0,0,0,0
nearest,107.1738,-1
cover,107.1981,0,0,0,0
nearest,107.1981,-1
cover,107.2231,0,0,0,0
nearest,107.2231,-1
cover,107.2467,0,0,0,0
nearest,107.2467,-1
cover,107.2729,0,0,0,0
nearest,107.2729,-1
cover,107.2959,0,0,0,0
nearest,107.2959,-1
cover,107.3197,0,0,0,0
nearest,107.3197,-1
cover,107.3473,0,0,0,0
nearest,107.3474,-1
cover,107.3731,0,0,0,0
nearest,107.3731,-1
cover,107.3983,0,0,0,0
nearest,107.3983,-1
cover,107.4263,0,0,0,0
nearest,107.4263,-1
cover,107.4524,0,0,0,0
nearest,107.4524,-1
cover,107.4773,0,0,0,0
nearest,107.4773,-1
cover,107.5011,0,0,0,0
nearest,107.5011,-1
cover,107.5307,0,0,0,0
nearest,107.5307,-1
cover,107.5651,0,0,0,0
nearest,107.5651,-1
cover,107.5901,0,0,0,0
nearest,107.5901,-1
cover,107.6164,0,0,0,0
nearest,107.6165,-1
cover,107.6418,0,0,0,0
nearest,107.6418,-1
cover,107.6669,0,0,0,0
nearest,107.6669,-1
cover,107.6925,0,0,0,0
nearest,107.6925,-1
cover,107.7193,0,0,0,0
nearest,107.7194,-1
cover,107.7459,0,0,0,0
nearest,107.7459,-1
cover,107.7693,0,0,0,0
nearest,107.7693,-1
cover,107.797,0,0,0,0
nearest,107.797,-1
cover,107.8225,0,0,0,0
nearest,107.8226,-1
cover,107.8504,0,0,0,0
nearest,107.8504,-1
cover,107.8751,0,0,0,0
nearest,107.8751,-1
cover,107.9016,0,0,0,0
nearest,107.9017,-1
cover,107.9293,0,0,0,0
nearest,107.9293,-1
cover,107.9552,0,0,0,0
nearest,107.9552,-1
cover,107.9781,0,0,0,0
nearest,107.9781,-1
cover,108.0042,0,0,0,0
nearest,108.0042,-1
cover,108.0276,0,0,0,0
nearest,108.0276,-1
cover,108.0557,0,0,0,0
nearest,108.0557,-1
cover,108.0796,0,0,0,0
nearest,108.0796,-1
cover,108.1038,0,0,0,0
nearest,108.1038,-1
cover,108.1308,0,0,0,0
nearest,108.1308,-1
cover,108.1565,0,0,0,0
nearest,108.1565,-1
cover,108.187,0,0,0,0
nearest,108.1871,-1
cover,108.2125,0,0,0,0
nearest,108.2125,-1
cover,108.2467,0,0,0,0
nearest,108.2467,-1
cover,108.276,0,0,0,0
nearest,108.276,-1
cover,108.3019,0,0,0,0
nearest,108.3019,-1
cover,108.329,0,0,0,0
nearest,108.329,-1
cover,108.3639,0,0,0,0
nearest,108.3639,-1
cover,108.3925,0,0,0,0
nearest,108.3925,-1
cover,108.4217,0,0,0,0
nearest,108.4217,-1
cover,108.4511,0,0,0,0
nearest,108.4512,-1
cover,108.4762,0,0,0,0
nearest,108.4763,-1
cover,108.5037,0,0,0,0
nearest,108.5037,-1
cover,108.5327,0,0,0,0
nearest,108.5327,-1
cover,108.5606,0,0,0,0
nearest,108.5606,-1
cover,108.5903,0,0,0,0
nearest,108.5903,-1
cover,108.6215,0,0,0,0
nearest,108.6215,-1
cover,108.6643,0,0,0,0
nearest,108.6644,-1
cover,108.7008,0,0,0,0
nearest,108.7009,-1
cover,108.7352,0,0,0,0
nearest,108.7353,-1
cover,108.769,0,0,0,0
nearest,108.769,-1
cover,108.7993,0,0,0,0
nearest,108.7993,-1
cover,108.8264,0,0,0,0
nearest,108.8264,-1
cover,108.8552,0,0,0,0
nearest,108.8552,-1
cover,108.8874,0,0,0,0
nearest,108.8874,-1
cover,108.9176,0,0,0,0
nearest,108.9176,-1
cover,108.9493,0,0,0,0
nearest,108.9493,-1
cover,108.9803,0,0,0,0
nearest,108.9803,-1
cover,109.0082,0,0,0,0
nearest,109.0083,-1
cover,109.0382,0,0,0,0
nearest,109.0382,-1
cover,109.0639,0,0,0,0
nearest,109.0639,-1
cover,109.0898,0,0,0,0
nearest,109.0899,-1
cover,109.117,0,0,0,0
nearest,109.117,-1
cover,109.1454,0,0,0,0
nearest,109.1454,-1
cover,109.1757,0,0,0,0
nearest,109.1757,-1
cover,109.2041,0,0,0,0
nearest,109.2041,-1
cover,109.2296,0,0,0,0
nearest,109.2297,-1
cover,109.2614,0,0,0,0
nearest,109.2615,-1
cover,109.2908,0,0,0,0
nearest,109.2908,-1
cover,109.3203,0,0,0,0
nearest,109.3204,-1
cover,109.3492,0,0,0,0
nearest,109.3492,-1
cover,109.3835,0,0,0,0
nearest,109.3835,-1
cover,109.4099,0,0,0,0
nearest,109.4099,-1
cover,109.4377,0,0,0,0
nearest,109.4377,-1
cover,109.4654,0,0,0,0
nearest,109.4654,-1
cover,109.493,0,0,0,0
nearest,109.493,-1
cover,109.523,0,0,0,0
nearest,109.5231,-1
cover,109.5513,0,0,0,0
nearest,109.5513,-1
cover,109.5807,0,0,0,0
nearest,109.5807,-1
cover,109.6122,0,0,0,0
nearest,109.6123,-1
cover,109.6375,0,0,0,0
nearest,109.6376,-1
cover,109.6689,0,0,0,0
nearest,109.6689,-1
cover,109.6947,0,0,0,0
nearest,109.6948,-1
cover,109.7204,0,0,0,0
nearest,109.7204,-1
cover,109.7475,0,0,0,0
nearest,109.7475,-1
cover,109.7792,0,0,0,0
nearest,109.7792,-1
cover,109.8088,0,0,0,0
nearest,109.8089,-1
cover,109.8349,0,0,0,0
nearest,109.8349,-1
cover,109.8627,0,0,0,0
nearest,109.8628,-1
cover,109.89,0,0,0,0
nearest,109.89,-1
cover,109.9173,0,0,0,0
nearest,109.9173,-1
cover,109.944,0,0,0,0
nearest,109.9441,-1
cover,109.9697,0,0,0,0
nearest,109.9699,-1
cover,109.9973,0,0,0,0
nearest,109.9973,-1
cover,110.0247,0,0,0,0
nearest,110.0247,-1
cover,110.0549,0,0,0,0
nearest,110.0549,-1
cover,110.0887,0,0,0,0
nearest,110.0888,-1
cover,110.1205,0,0,0,0
nearest,110.1206,-1
cover,110.1472,0,0,0,0
nearest,110.1473,-1
cover,110.1758,0,0,0,0
nearest,110.1758,-1
cover,110.2019,0,0,0,0
nearest,110.2019,-1
cover,110.2277,0,0,0,0
nearest,110.2277,-1
cover,110.2583,0,0,0,0
nearest,110.2583,-1
cover,110.2864,0,0,0,0
nearest,110.2864,-1
cover,110.3162,0,0,0,0
nearest,110.3162,-1
cover,110.3453,0,0,0,0
nearest,110.3453,-1
cover,110.3726,0,0,0,0
nearest,110.3726,-1
cover,110.4041,0,0,0,0
nearest,110.4041,-1
cover,110.4299,0,0,0,0
nearest,110.43,-1
cover,110.461,0,0,0,0
nearest,110.4611,-1
cover,110.4874,0,0,0,0
nearest,110.4874,-1
cover,110.5204,0,0,0,0
nearest,110.5205,-1
cover,110.5523,0,0,0,0
nearest,110.5523,-1
cover,110.583,0,0,0,0
nearest,110.583,-1
cover,110.6146,0,0,0,0
nearest,110.6146,-1
cover,110.6446,0,0,0,0
nearest,110.6446,-1
cover,110.675,0,0,0,0
nearest,110.675,-1
cover,110.7012,0,0,0,0
nearest,110.7012,-1
cover,110.7268,0,0,0,0
nearest,110.7269,-1
cover,110.7548,0,0,0,0
nearest,110.7548,-1
cover,110.7834,0,0,0,0
nearest,110.7835,-1
cover,110.8162,0,0,0,0
nearest,110.8162,-1
cover,110.848,0,0,0,0
nearest,110.8481,-1
cover,110.8772,0,0,0,0
nearest,110.8772,-1
cover,110.9076,0,0,0,0
nearest,110.9077,-1
cover,110.9416,0,0,0,0
nearest,110.9416,-1
cover,110.968,0,0,0,0
nearest,110.968,-1
cover,111.0,0,0,0,0
nearest,111.0001,-1
cover,111.0263,0,0,0,0
nearest,111.0263,-1
cover,111.0552,0,0,0,0
nearest,111.0552,-1
cover,111.082,0,0,0,0
nearest,111.082,-1
cover,111.1101,0,0,0,0
nearest,111.1101,-1
cover,111.1438,0,0,0,0
nearest,111.1438,-1
cover,111.1788,0,0,0,0
nearest,111.1789,-1
cover,111.2124,0,0,0,0
nearest,111.2125,-1
cover,111.2484,0,0,0,0
nearest,111.2484,-1
cover,111.2828,0,0,0,0
nearest,111.2828,-1
cover,111.3121,0,0,0,0
nearest,111.3121,-1
cover,111.3409,0,0,0,0
nearest,111.3409,-1
cover,111.3699,0,0,0,0
nearest,111.37,-1
cover,111.3947,0,0,0,0
nearest,111.3947,-1
cover,111.4231,0,0,0,0
nearest,111.4231,-1
cover,111.4533,0,0,0,0
nearest,111.4533,-1
cover,111.481,0,0,0,0
nearest,111.481,-1
cover,111.5101,0,0,0,0
nearest,111.5102,-1
cover,111.5447,0,0,0,0
nearest,111.5447,-1
cover,111.577,0,0,0,0
nearest,111.577,-1
cover,111.6093,0,0,0,0
nearest,111.6093,-1
cover,111.6407,0,0,0,0
nearest,111.6407,-1
cover,111.6758,0,0,0,0
nearest,111.6758,-1
cover,111.7057,0,0,0,0
nearest,111.7057,-1
cover,111.7328,0,0,0,0
nearest,111.7328,-1
cover,111.7601,0,0,0,0
nearest,111.7601,-1
cover,111.7881,0,0,0,0
nearest,111.7881,-1
cover,111.8129,0,0,0,0
nearest,111.813,-1
cover,111.8466,0,0,0,0
nearest,111.8466,-1
cover,111.8742,0,0,0,0
nearest,111.8742,-1
cover,111.9016,0,0,0,0
nearest,111.9016,-1
cover,111.9266,0,0,0,0
nearest,111.9266,-1
cover,111.9555,0,0,0,0
nearest,111.9555,-1
cover,111.9805,0,0,0,0
nearest,111.9805,-1
cover,112.0092,0,0,0,0
nearest,112.0092,-1
cover,112.0396,0,0,0,0
nearest,112.0396,-1
cover,112.0721,0,0,0,0
nearest,112.0721,-1
cover,112.1035,0,0,0,0
nearest,112.1035,-1
cover,112.1323,0,0,0,0
nearest,112.1324,-1
cover,112.1635,0,0,0,0
nearest,112.1636,-1
cover,112.1941,0,0,0,0
nearest,112.1941,-1
cover,112.2233,0,0,0,0
nearest,112.2233,-1
cover,112.25,0,0,0,0
nearest,112.25,-1
cover,112.2781,0,0,0,0
nearest,112.2781,-1
cover,112.3076,0,0,0,0
nearest,112.3076,-1
cover,112.337,0,0,0,0
nearest,112.3371,-1
cover,112.3663,0,0,0,0
nearest,112.3664,-1
cover,112.3973,0,0,0,0
nearest,112.3973,-1
cover,112.4283,0,0,0,0
nearest,112.4283,-1
cover,112.459,0,0,0,0
nearest,112.4591,-1
cover,112.4882,0,0,0,0
nearest,112.4883,-1
cover,112.5202,0,0,0,0
nearest,112.5203,-1
cover,112.5462,0,0,0,0
nearest,112.5462,-1
cover,112.5786,0,0,0,0
nearest,112.5786,-1
cover,112.6071,0,0,0,0
nearest,112.6071,-1
cover,112.6393,0,0,0,0
nearest,112.6393,-1
cover,112.6714,0,0,0,0
nearest,112.6714,-1
cover,112.7015,0,0,0,0
nearest,112.7016,-1
cover,112.7338,0,0,0,0
nearest,112.7338,-1
cover,112.763,0,0,0,0
nearest,112.763,-1
cover,112.7955,0,0,0,0
nearest,112.7955,-1
cover,112.8241,0,0,0,0
nearest,112.8241,-1
cover,112.8526,0,0,0,0
nearest,112.8527,-1
cover,112.8804,0,0,0,0
nearest,112.8804,-1
cover,112.9097,0,0,0,0
nearest,112.9097,-1
cover,112.9365,0,0,0,0
nearest,112.9365,-1
cover,112.9625,0,0,0,0
nearest,112.9625,-1
cover,112.9923,0,0,0,0
nearest,112.9923,-1
cover,113.0218,0,0,0,0
nearest,113.0218,-1
cover,113.0515,0,0,0,0
nearest,113.0515,-1
cover,113.0906,0,0,0,0
nearest,113.0906,-1
cover,113.1256,0,0,0,0
nearest,113.1256,-1
cover,113.1588,0,0,0,0
nearest,113.1589,-1
cover,113.1999,0,0,0,0
nearest,113.1999,-1
cover,113.2293,0,0,0,0
nearest,113.2293,-1
cover,113.2547,0,0,0,0
nearest,113.2547,-1
cover,113.2822,0,0,0,0
nearest,113.2823,-1
cover,113.3124,0,0,0,0
nearest,113.3124,-1
cover,113.3423,0,0,0,0
nearest,113.3423,-1
cover,113.3722,0,0,0,0
nearest,113.3722,-1
cover,113.4008,0,0,0,0
nearest,113.4008,-1
cover,113.4298,0,0,0,0
nearest,113.4298,-1
cover,113.4588,0,0,0,0
nearest,113.4589,-1
cover,113.4879,0,0,0,0
nearest,113.4879,-1
cover,113.5176,0,0,0,0
nearest,113.5176,-1
cover,113.5428,0,0,0,0
nearest,113.5428,-1
cover,113.5744,0,0,0,0
nearest,113.5745,-1
cover,113.6037,0,0,0,0
nearest,113.6037,-1
cover,113.629,0,0,0,0
nearest,113.6291,-1
cover,113.6598,0,0,0,0
nearest,113.6599,-1
cover,113.6911,0,0,0,0
nearest,113.6912,-1
cover,113.7229,0,0,0,0
nearest,113.723,-1
cover,113.7564,0,0,0,0
nearest,113.7565,-1
cover,113.7854,0,0,0,0
nearest,113.7854,-1
cover,113.8163,0,0,0,0
nearest,113.8164,-1
cover,113.8432,0,0,0,0
nearest,113.8432,-1
cover,113.8711,0,0,0,0
nearest,113.8711,-1
cover,113.9009,0,0,0,0
nearest,113.9009,-1
cover,113.9288,0,0,0,0
nearest,113.9289,-1
cover,113.9544,0,0,0,0
nearest,113.9544,-1
cover,113.9829,0,0,0,0
nearest,113.9829,-1
cover,114.0123,0,0,0,0
nearest,114.0124,-1
cover,114.0451,0,0,0,0
nearest,114.0451,-1
cover,114.0744,0,0,0,0
nearest,114.0745,-1
cover,114.1036,0,0,0,0
nearest,114.1036,-1
cover,114.1323,0,0,0,0
nearest,114.1323,-1
cover,114.1609,0,0,0,0
nearest,114.1609,-1
cover,114.19,0,0,0,0
nearest,114.19,-1
cover,114.2209,0,0,0,0
nearest,114.2209,-1
cover,114.2547,0,0,0,0
nearest,114.2548,-1
cover,114.2854,0,0,0,0
nearest,114.2854,-1
cover,114.3173,0,0,0,0
nearest,114.3173,-1
cover,114.3471,0,0,0,0
nearest,114.3471,-1
cover,114.3726,0,0,0,0
nearest,114.3726,-1
cover,114.4035,0,0,0,0
nearest,114.4035,-1
cover,114.4356,0,0,0,0
nearest,114.4356,-1
cover,114.4674,0,0,0,0
nearest,114.4674,-1
cover,114.4973,0,0,0,0
nearest,114.4973,-1
cover,114.5244,0,0,0,0
nearest,114.5244,-1
cover,114.5514,0,0,0,0
nearest,114.5514,-1
cover,114.5788,0,0,0,0
nearest,114.5789,-1
cover,114.6063,0,0,0,0
nearest,114.6063,-1
cover,114.6372,0,0,0,0
nearest,114.6373,-1
cover,114.6693,0,0,0,0
nearest,114.6693,-1
cover,114.6954,0,0,0,0
nearest,114.6954,-1
cover,114.723,0,0,0,0
nearest,114.723,-1
cover,114.7542,0,0,0,0
nearest,114.7542,-1
cover,114.7826,0,0,0,0
nearest,114.7827,-1
cover,114.8126,0,0,0,0
nearest,114.8127,-1
cover,114.8444,0,0,0,0
nearest,114.8445,-1
cover,114.8762,0,0,0,0
nearest,114.8762,-1
cover,114.9021,0,0,0,0
nearest,114.9022,-1
cover,114.9323,0,0,0,0
nearest,114.9323,-1
cover,114.9606,0,0,0,0
nearest,114.9606,-1
cover,114.9861,0,0,0,0
nearest,114.9861,-1
cover,115.0136,0,0,0,0
nearest,115.0137,-1
cover,115.0413,0,0,0,0
nearest,115.0413,-1
cover,115.0748,0,0,0,0
nearest,115.0748,-1
cover,115.1012,0,0,0,0
nearest,115.1013,-1
cover,115.1295,0,0,0,0
nearest,115.1295,-1
cover,115.1578,0,0,0,0
nearest,115.1578,-1
cover,115.1875,0,0,0,0
nearest,115.1875,-1
cover,115.2175,0,0,0,0
nearest,115.2175,-1
cover,115.2446,0,0,0,0
nearest,115.2447,-1
cover,115.2722,0,0,0,0
nearest,115.2722,-1
cover,115.2992,0,0,0,0
nearest,115.2992,-1
cover,115.3242,0,0,0,0
nearest,115.3242,-1
cover,115.3513,0,0,0,0
nearest,115.3514,-1
cover,115.3775,0,0,0,0
nearest,115.3775,-1
cover,115.4087,0,0,0,0
nearest,115.4087,-1
cover,115.4405,0,0,0,0
nearest,115.4405,-1
cover,115.4756,0,0,0,0
nearest,115.4756,-1
cover,115.5089,0,0,0,0
nearest,115.509,-1
cover,115.5405,0,0,0,0
nearest,115.5405,-1
cover,115.5744,0,0,0,0
nearest,115.5745,-1
cover,115.6026,0,0,0,0
nearest,115.6026,-1
cover,115.6309,0,0,0,0
nearest,115.6309,-1
cover,115.6576,0,0,0,0
nearest,115.6577,-1
cover,115.6844,0,0,0,0
nearest,115.6844,-1
cover,115.7135,0,0,0,0
nearest,115.7135,-1
cover,115.7414,0,0,0,0
nearest,115.7414,-1
cover,115.7719,0,0,0,0
nearest,115.7719,-1
cover,115.7995,0,0,0,0
nearest,115.7995,-1
cover,115.8456,0,0,0,0
nearest,115.8456,-1
cover,115.8731,0,0,0,0
nearest,115.8731,-1
cover,115.9028,0,0,0,0
nearest,115.9028,-1
cover,115.9319,0,0,0,0
nearest,115.932,-1
cover,115.9646,0,0,0,0
nearest,115.9646,-1
cover,115.9929,0,0,0,0
nearest,115.9929,-1
cover,116.0204,0,0,0,0
nearest,116.0205,-1
cover,116.051,0,0,0,0
nearest,116.051,-1
cover,116.0782,0,0,0,0
nearest,116.0782,-1
cover,116.1054,0,0,0,0
nearest,116.1054,-1
cover,116.1338,0,0,0,0
nearest,116.1338,-1
cover,116.1608,0,0,0,0
nearest,116.1608,-1
cover,116.1928,0,0,0,0
nearest,116.1928,-1
cover,116.223,0,0,0,0
nearest,116.223,-1
cover,116.255,0,0,0,0
nearest,116.255,-1
cover,116.285,0,0,0,0
nearest,116.285,-1
cover,116.3109,0,0,0,0
nearest,116.3109,-1
cover,116.3454,0,0,0,0
nearest,116.3454,-1
cover,116.3713,0,0,0,0
nearest,116.3713,-1
cover,116.397,0,0,0,0
nearest,116.397,-1
cover,116.4242,0,0,0,0
nearest,116.4243,-1
cover,116.4554,0,0,0,0
nearest,116.4555,-1
cover,116.4885,0,0,0,0
nearest,116.4886,-1
cover,116.5147,0,0,0,0
nearest,116.5147,-1
cover,116.5433,0,0,0,0
nearest,116.5434,-1
cover,116.5716,0,0,0,0
nearest,116.5716,-1
cover,116.5974,0,0,0,0
nearest,116.5974,-1
cover,116.6257,0,0,0,0
nearest,116.6258,-1
cover,116.6558,0,0,0,0
nearest,116.6558,-1
cover,116.6839,0,0,0,0
nearest,116.6839,-1
cover,116.712,0,0,0,0
nearest,116.712,-1
cover,116.7391,0,0,0,0
nearest,116.7391,-1
cover,116.7676,0,0,0,0
nearest,116.7676,-1
cover,116.7964,0,0,0,0
nearest,116.7964,-1
cover,116.8251,0,0,0,0
nearest,116.8251,-1
cover,116.8558,0,0,0,0
nearest,116.8559,-1
cover,116.8824,0,0,0,0
nearest,116.8825,-1
cover,116.909,0,0,0,0
nearest,116.909,-1
cover,116.9366,0,0,0,0
nearest,116.9366,-1
cover,116.9619,0,0,0,0
nearest,116.9619,-1
cover,116.9888,0,0,0,0
nearest,116.9888,-1
cover,117.0174,0,0,0,0
nearest,117.0174,-1
cover,117.0451,0,0,0,0
nearest,117.0451,-1
cover,117.0775,0,0,0,0
nearest,117.0776,-1
cover,117.1048,0,0,0,0
nearest,117.1048,-1
cover,117.1311,0,0,0,0
nearest,117.1311,-1
cover,117.1596,0,0,0,0
nearest,117.1596,-1
cover,117.1896,0,0,0,0
nearest,117.1897,-1
cover,117.2154,0,0,0,0
nearest,117.2154,-1
cover,117.2434,0,0,0,0
nearest,117.2434,-1
cover,117.2692,0,0,0,0
nearest,117.2692,-1
cover,117.296,0,0,0,0
nearest,117.296,-1
cover,117.3239,0,0,0,0
nearest,117.324,-1
cover,117.3546,0,0,0,0
nearest,117.3546,-1
cover,117.3864,0,0,0,0
nearest,117.3864,-1
cover,117.42,0,0,0,0
nearest,117.4201,-1
cover,117.4501,0,0,0,0
nearest,117.4501,-1
cover,117.4809,0,0,0,0
nearest,117.4809,-1
cover,117.5086,0,0,0,0
nearest,117.5086,-1
cover,117.5354,0,0,0,0
nearest,117.5354,-1
cover,117.5631,0,0,0,0
nearest,117.5631,-1
cover,117.629,0,0,0,0
nearest,117.629,-1
cover,117.6899,0,0,0,0
nearest,117.6899,-1
cover,117.7207,0,0,0,0
nearest,117.7207,-1
cover,117.7483,0,0,0,0
nearest,117.7483,-1
cover,117.7747,0,0,0,0
nearest,117.7747,-1
cover,117.8037,0,0,0,0
nearest,117.8037,-1
cover,117.8306,0,0,0,0
nearest,117.8306,-1
cover,117.8638,0,0,0,0
nearest,117.8639,-1
cover,117.8943,0,0,0,0
nearest,117.8943,-1
cover,117.924,0,0,0,0
nearest,117.9241,-1
cover,117.953,0,0,0,0
nearest,117.953,-1
cover,117.9817,0,0,0,0
nearest,117.9818,-1
cover,118.0128,0,0,0,0
nearest,118.0129,-1
cover,118.0425,0,0,0,0
nearest,118.0425,-1
cover,118.0712,0,0,0,0
nearest,118.0713,-1
cover,118.0979,0,0,0,0
nearest,118.0979,-1
cover,118.1252,0,0,0,0
nearest,118.1252,-1
cover,118.1538,0,0,0,0
nearest,118.1538,-1
cover,118.1794,0,0,0,0
nearest,118.1794,-1
cover,118.2088,0,0,0,0
nearest,118.2088,-1
cover,118.2363,0,0,0,0
nearest,118.2363,-1
cover,118.2625,0,0,0,0
nearest,118.2625,-1
cover,118.2934,0,0,0,0
nearest,118.2934,-1
cover,118.3232,0,0,0,0
nearest,118.3232,-1
cover,118.3537,0,0,0,0
nearest,118.3538,-1
cover,118.3786,0,0,0,0
nearest,118.3786,-1
cover,118.4081,0,0,0,0
nearest,118.4081,-1
cover,118.4358,0,0,0,0
nearest,118.4359,-1
cover,118.4676,0,0,0,0
nearest,118.4676,-1
cover,118.4961,0,0,0,0
nearest,118.4962,-1
cover,118.5273,0,0,0,0
nearest,118.5273,-1
cover,118.558,0,0,0,0
nearest,118.5581,-1
cover,118.585,0,0,0,0
nearest,118.5851,-1
cover,118.6161,0,0,0,0
nearest,118.6161,-1
cover,118.6492,0,0,0,0
nearest,118.6492,-1
cover,118.6808,0,0,0,0
nearest,118.6808,-1
cover,118.71,0,0,0,0
nearest,118.7101,-1
cover,118.7376,0,0,0,0
nearest,118.7376,-1
cover,118.7643,0,0,0,0
nearest,118.7644,-1
cover,118.79,0,0,0,0
nearest,118.79,-1
cover,118.8235,0,0,0,0
nearest,118.8235,-1
cover,118.8533,0,0,0,0
nearest,118.8534,-1
cover,118.88,0,0,0,0
nearest,118.8801,-1
cover,118.908,0,0,0,0
nearest,118.908,-1
cover,118.9365,0,0,0,0
nearest,118.9365,-1
cover,118.9645,0,0,0,0
nearest,118.9645,-1
cover,118.9901,0,0,0,0
nearest,118.9901,-1
cover,119.0191,0,0,0,0
nearest,119.0191,-1
cover,119.0466,0,0,0,0
nearest,119.0466,-1
cover,119.0746,0,0,0,0
nearest,119.0746,-1
cover,119.1027,0,0,0,0
nearest,119.1027,-1
cover,119.1311,0,0,0,0
nearest,119.1311,-1
cover,119.159,0,0,0,0
nearest,119.159,-1
cover,119.1896,0,0,0,0
nearest,119.1896,-1
cover,119.2237,0,0,0,0
nearest,119.2237,-1
cover,119.2594,0,0,0,0
nearest,119.2594,-1
cover,119.2936,0,0,0,0
nearest,119.2936,-1
cover,119.3237,0,0,0,0
nearest,119.3237,-1
cover,119.3557,0,0,0,0
nearest,119.3557,-1
cover,119.3831,0,0,0,0
nearest,119.3831,-1
cover,119.4138,0,0,0,0
nearest,119.4138,-1
cover,119.4449,0,0,0,0
nearest,119.445,-1
cover,119.4738,0,0,0,0
nearest,119.4738,-1
cover,119.5007,0,0,0,0
nearest,119.5007,-1
cover,119.5325,0,0,0,0
nearest,119.5325,-1
cover,119.5597,0,0,0,0
nearest,119.5598,-1
cover,119.589,0,0,0,0
nearest,119.589,-1
cover,119.6288,0,0,0,0
nearest,119.6288,-1
cover,119.7164,0,0,0,0
nearest,119.7164,-1
cover,119.7449,0,0,0,0
nearest,119.7449,-1
cover,119.7725,0,0,0,0
nearest,119.7725,-1
cover,119.8004,0,0,0,0
nearest,119.8004,-1
cover,119.8299,0,0,0,0
nearest,119.8299,-1
cover,119.8586,0,0,0,0
nearest,119.8586,-1
cover,119.8881,0,0,0,0
nearest,119.8881,-1
cover,119.9164,0,0,0,0
nearest,119.9164,-1
cover,119.9468,0,0,0,0
nearest,119.9468,-1
cover,119.9747,0,0,0,0
nearest,119.9747,-1
cover,120.0038,0,0,0,0
nearest,120.0038,-1
cover,120.0311,0,0,0,0
nearest,120.0311,-1
cover,120.0611,0,0,0,0
nearest,120.0611,-1
cover,120.0893,0,0,0,0
nearest,120.0893,-1
cover,120.1211,0,0,0,0
nearest,120.1211,-1
cover,120.1529,0,0,0,0
nearest,120.1529,-1
cover,120.1796,0,0,0,0
nearest,120.1796,-1
cover,120.2058,0,0,0,0
nearest,120.2058,-1
cover,120.2321,0,0,0,0
nearest,120.2321,-1
cover,120.2595,0,0,0,0
nearest,120.2595,-1
cover,120.2874,0,0,0,0
nearest,120.2874,-1
cover,120.3146,0,0,0,0
nearest,120.3147,-1
cover,120.3409,0,0,0,0
nearest,120.341,-1
cover,120.3687,0,0,0,0
nearest,120.3688,-1
cover,120.397,0,0,0,0
nearest,120.397,-1
cover,120.4248,0,0,0,0
nearest,120.4248,-1
cover,120.4524,0,0,0,0
nearest,120.4525,-1
cover,120.4837,0,0,0,0
nearest,120.4838,-1
cover,120.5144,0,0,0,0
nearest,120.5145,-1
cover,120.5404,0,0,0,0
nearest,120.5404,-1
cover,120.5682,0,0,0,0
nearest,120.5682,-1
cover,120.5951,0,0,0,0
nearest,120.5951,-1
cover,120.6243,0,0,0,0
nearest,120.6243,-1
cover,120.655,0,0,0,0
nearest,120.655,-1
cover,120.6814,0,0,0,0
nearest,120.6815,-1
cover,120.7118,0,0,0,0
nearest,120.7118,-1
cover,120.7391,0,0,0,0
nearest,120.7391,-1
cover,120.7645,0,0,0,0
nearest,120.7646,-1
cover,120.7934,0,0,0,0
nearest,120.7934,-1
cover,120.8197,0,0,0,0
nearest,120.8197,-1
cover,120.8505,0,0,0,0
nearest,120.8505,-1
cover,120.8787,0,0,0,0
nearest,120.8787,-1
cover,120.9081,0,0,0,0
nearest,120.9081,-1
cover,120.9392,0,0,0,0
nearest,120.9392,-1
cover,120.9682,0,0,0,0
nearest,120.9682,-1
cover,120.9942,0,0,0,0
nearest,120.9943,-1
cover,121.0242,0,0,0,0
nearest,121.0242,-1
cover,121.0555,0,0,0,0
nearest,121.0555,-1
cover,121.0883,0,0,0,0
nearest,121.0883,-1
cover,121.1167,0,0,0,0
nearest,121.1167,-1
cover,121.1468,0,0,0,0
nearest,121.1468,-1
cover,121.1757,0,0,0,0
nearest,121.1757,-1
cover,121.2029,0,0,0,0
nearest,121.2029,-1
cover,121.2324,0,0,0,0
nearest,121.2324,-1
cover,121.2592,0,0,0,0
nearest,121.2592,-1
cover,121.2914,0,0,0,0
nearest,121.2915,-1
cover,121.3253,0,0,0,0
nearest,121.3253,-1
cover,121.356,0,0,0,0
nearest,121.3561,-1
cover,121.3829,0,0,0,0
nearest,121.3829,-1
cover,121.4123,0,0,0,0
nearest,121.4123,-1
cover,121.4413,0,0,0,0
nearest,121.4413,-1
cover,121.4705,0,0,0,0
nearest,121.4705,-1
cover,121.5007,0,0,0,0
nearest,121.5007,-1
cover,121.5305,0,0,0,0
nearest,121.5305,-1
cover,121.5594,0,0,0,0
nearest,121.5595,-1
cover,121.5892,0,0,0,0
nearest,121.5893,-1
cover,121.6211,0,0,0,0
nearest,121.6211,-1
cover,121.6489,0,0,0,0
nearest,121.6489,-1
cover,121.6755,0,0,0,0
nearest,121.6755,-1
cover,121.7049,0,0,0,0
nearest,121.7049,-1
cover,121.7351,0,0,0,0
nearest,121.7351,-1
cover,121.7628,0,0,0,0
nearest,121.7628,-1
cover,121.7875,0,0,0,0
nearest,121.7875,-1
cover,121.8132,0,0,0,0
nearest,121.8132,-1
cover,121.84,0,0,0,0
nearest,121.8401,-1
cover,121.8708,0,0,0,0
nearest,121.8708,-1
cover,121.8987,0,0,0,0
nearest,121.8987,-1
cover,121.9268,0,0,0,0
nearest,121.9268,-1
cover,121.953,0,0,0,0
nearest,121.9531,-1
cover,121.9805,0,0,0,0
nearest,121.9806,-1
cover,122.0091,0,0,0,0
nearest,122.0091,-1
cover,122.0357,0,0,0,0
nearest,122.0357,-1
cover,122.0628,0,0,0,0
nearest,122.0628,-1
cover,122.09,0,0,0,0
nearest,122.09,-1
cover,122.1208,0,0,0,0
nearest,122.1208,-1
cover,122.1475,0,0,0,0
nearest,122.1475,-1
cover,122.1752,0,0,0,0
nearest,122.1752,-1
cover,122.2053,0,0,0,0
nearest,122.2054,-1
cover,122.2329,0,0,0,0
nearest,122.2329,-1
cover,122.2598,0,0,0,0
nearest,122.2598,-1
cover,122.2859,0,0,0,0
nearest,122.2859,-1
cover,122.3167,0,0,0,0
nearest,122.3167,-1
cover,122.3454,0,0,0,0
nearest,122.3455,-1
cover,122.3725,0,0,0,0
nearest,122.3725,-1
cover,122.3992,0,0,0,0
nearest,122.3992,-1
cover,122.4269,0,0,0,0
nearest,122.4269,-1
cover,122.454,0,0,0,0
nearest,122.454,-1
cover,122.485,0,0,0,0
nearest,122.485,-1
cover,122.5164,0,0,0,0
nearest,122.5164,-1
cover,122.5425,0,0,0,0
nearest,122.5425,-1
cover,122.5695,0,0,0,0
nearest,122.5695,-1
cover,122.5978,0,0,0,0
nearest,122.5978,-1
cover,122.6235,0,0,0,0
nearest,122.6235,-1
cover,122.6496,0,0,0,0
nearest,122.6496,-1
cover,122.677,0,0,0,0
nearest,122.677,-1
cover,122.7038,0,0,0,0
nearest,122.7038,-1
cover,122.7324,0,0,0,0
nearest,122.7324,-1
cover,122.761,0,0,0,0
nearest,122.7611,-1
cover,122.7882,0,0,0,0
nearest,122.7883,-1
cover,122.816,0,0,0,0
nearest,122.816,-1
cover,122.8431,0,0,0,0
nearest,122.8432,-1
cover,122.8758,0,0,0,0
nearest,122.8758,-1
cover,122.9041,0,0,0,0
nearest,122.9041,-1
cover,122.931,0,0,0,0
nearest,122.931,-1
cover,122.9572,0,0,0,0
nearest,122.9572,-1
cover,122.9819,0,0,0,0
nearest,122.9819,-1
cover,123.0097,0,0,0,0
nearest,123.0097,-1
cover,123.0366,0,0,0,0
nearest,123.0366,-1
cover,123.0636,0,0,0,0
nearest,123.0636,-1
cover,123.0914,0,0,0,0
nearest,123.0914,-1
cover,123.1186,0,0,0,0
nearest,123.1186,-1
cover,123.1446,0,0,0,0
nearest,123.1447,-1
cover,123.1713,0,0,0,0
nearest,123.1714,-1
cover,123.199,0,0,0,0
nearest,123.199,-1
cover,123.2256,0,0,0,0
nearest,123.2256,-1
cover,123.2499,0,0,0,0
nearest,123.2499,-1
cover,123.2773,0,0,0,0
nearest,123.2773,-1
cover,123.3036,0,0,0,0
nearest,123.3036,-1
cover,123.3319,0,0,0,0
nearest,123.332,-1
cover,123.358,0,0,0,0
nearest,123.358,-1
cover,123.3842,0,0,0,0
nearest,123.3842,-1
cover,123.4147,0,0,0,0
nearest,123.4147,-1
cover,123.4442,0,0,0,0
nearest,123.4442,-1
cover,123.4727,0,0,0,0
nearest,123.4728,-1
cover,123.5007,0,0,0,0
nearest,123.5007,-1
cover,123.5298,0,0,0,0
nearest,123.5299,-1
cover,123.5553,0,0,0,0
nearest,123.5553,-1
cover,123.5809,0,0,0,0
nearest,123.5809,-1
cover,123.6071,0,0,0,0
nearest,123.6072,-1
cover,123.6329,0,0,0,0
nearest,123.6329,-1
cover,123.6585,0,0,0,0
nearest,123.6585,-1
cover,123.683,0,0,0,0
nearest,123.683,-1
cover,123.7151,0,0,0,0
nearest,123.7151,-1
cover,123.7405,0,0,0,0
nearest,123.7405,-1
cover,123.7665,0,0,0,0
nearest,123.7665,-1
cover,123.7952,0,0,0,0
nearest,123.7952,-1
cover,123.8205,0,0,0,0
nearest,123.8206,-1
cover,123.8523,0,0,0,0
nearest,123.8523,-1
cover,123.8875,0,0,0,0
nearest,123.8875,-1
cover,123.9159,0,0,0,0
nearest,123.916,-1
cover,123.942,0,0,0,0
nearest,123.942,-1
cover,123.9714,0,0,0,0
nearest,123.9714,-1
cover,124.0029,0,0,0,0
nearest,124.0029,-1
cover,124.031,0,0,0,0
nearest,124.031,-1
cover,124.0564,0,0,0,0
nearest,124.0564,-1
cover,124.0869,0,0,0,0
nearest,124.0869,-1
cover,124.1135,0,0,0,0
nearest,124.1135,-1
cover,124.1413,0,0,0,0
nearest,124.1413,-1
cover,124.1709,0,0,0,0
nearest,124.171,-1
cover,124.2009,0,0,0,0
nearest,124.2009,-1
cover,124.2318,0,0,0,0
nearest,124.2319,-1
cover,124.2585,0,0,0,0
nearest,124.2585,-1
cover,124.2882,0,0,0,0
nearest,124.2882,-1
cover,124.3216,0,0,0,0
nearest,124.3217,-1
cover,124.3516,0,0,0,0
nearest,124.3517,-1
cover,124.3817,0,0,0,0
nearest,124.3817,-1
cover,124.411,0,0,0,0
nearest,124.411,-1
cover,124.4378,0,0,0,0
nearest,124.4378,-1
cover,124.4694,0,0,0,0
nearest,124.4694,-1
cover,124.499,0,0,0,0
nearest,124.499,-1
cover,124.5254,0,0,0,0
nearest,124.5254,-1
cover,124.5533,0,0,0,0
nearest,124.5533,-1
cover,124.5803,0,0,0,0
nearest,124.5803,-1
cover,124.6161,0,0,0,0
nearest,124.6161,-1
cover,124.6469,0,0,0,0
nearest,124.6469,-1
cover,124.6726,0,0,0,0
nearest,124.6726,-1
cover,124.7007,0,0,0,0
nearest,124.7008,-1
cover,124.729,0,0,0,0
nearest,124.729,-1
cover,124.7571,0,0,0,0
nearest,124.7572,-1
cover,124.7831,0,0,0,0
nearest,124.7831,-1
cover,124.8115,0,0,0,0
nearest,124.8115,-1
cover,124.8373,0,0,0,0
nearest,124.8373,-1
cover,124.8675,0,0,0,0
nearest,124.8675,-1
cover,124.8998,0,0,0,0
nearest,124.8998,-1
cover,124.9309,0,0,0,0
nearest,124.9309,-1
cover,124.9605,0,0,0,0
nearest,124.9605,-1
cover,124.9881,0,0,0,0
nearest,124.9882,-1
cover,125.0157,0,0,0,0
nearest,125.0157,-1
cover,125.0426,0,0,0,0
nearest,125.0427,-1
cover,125.0723,0,0,0,0
nearest,125.0723,-1
cover,125.1,0,0,0,0
nearest,125.1,-1
cover,125.1318,0,0,0,0
nearest,125.1318,-1
cover,125.1601,0,0,0,0
nearest,125.1601,-1
cover,125.1883,0,0,0,0
nearest,125.1883,-1
cover,125.2176,0,0,0,0
nearest,125.2177,-1
cover,125.2487,0,0,0,0
nearest,125.2487,-1
cover,125.274,0,0,0,0
nearest,125.274,-1
cover,125.3025,0,0,0,0
nearest,125.3026,-1
cover,125.332,0,0,0,0
nearest,125.332,-1
cover,125.3607,0,0,0,0
nearest,125.3607,-1
cover,125.3889,0,0,0,0
nearest,125.389,-1
cover,125.4197,0,0,0,0
nearest,125.4198,-1
cover,125.4488,0,0,0,0
nearest,125.4489,-1
cover,125.4818,0,0,0,0
nearest,125.4818,-1
cover,125.5125,0,0,0,0
nearest,125.5125,-1
cover,125.5385,0,0,0,0
nearest,125.5385,-1
cover,125.5675,0,0,0,0
nearest,125.5675,-1
cover,125.5997,0,0,0,0
nearest,125.5997,-1
cover,125.6262,0,0,0,0
nearest,125.6262,-1
cover,125.6557,0,0,0,0
nearest,125.6557,-1
cover,125.6834,0,0,0,0
nearest,125.6834,-1
cover,125.7125,0,0,0,0
nearest,125.7125,-1
cover,125.7397,0,0,0,0
nearest,125.7398,-1
cover,125.7648,0,0,0,0
nearest,125.7648,-1
cover,125.7956,0,0,0,0
nearest,125.7956,-1
cover,125.8251,0,0,0,0
nearest,125.8251,-1
cover,125.8504,0,0,0,0
nearest,125.8504,-1
cover,125.8763,0,0,0,0
nearest,125.8763,-1
cover,125.9045,0,0,0,0
nearest,125.9045,-1
cover,125.9314,0,0,0,0
nearest,125.9315,-1
cover,125.9629,0,0,0,0
nearest,125.9629,-1
cover,125.9877,0,0,0,0
nearest,125.9877,-1
cover,126.0139,0,0,0,0
nearest,126.0139,-1
cover,126.0409,0,0,0,0
nearest,126.0409,-1
cover,126.0682,0,0,0,0
nearest,126.0682,-1
cover,126.0998,0,0,0,0
nearest,126.0998,-1
cover,126.1319,0,0,0,0
nearest,126.1319,-1
cover,126.1587,0,0,0,0
nearest,126.1587,-1
cover,126.1863,0,0,0,0
nearest,126.1864,-1
cover,126.2147,0,0,0,0
nearest,126.2147,-1
cover,126.2408,0,0,0,0
nearest,126.2408,-1
cover,126.2669,0,0,0,0
nearest,126.267,-1
cover,126.2935,0,0,0,0
nearest,126.2936,-1
cover,126.3188,0,0,0,0
nearest,126.3189,-1
cover,126.3455,0,0,0,0
nearest,126.3455,-1
cover,126.3727,0,0,0,0
nearest,126.3727,-1
cover,126.4006,0,0,0,0
nearest,126.4006,-1
cover,126.4305,0,0,0,0
nearest,126.4305,-1
cover,126.461,0,0,0,0
nearest,126.461,-1
cover,126.4928,0,0,0,0
nearest,126.4928,-1
cover,126.52,0,0,0,0
nearest,126.52,-1
cover,126.551,0,0,0,0
nearest,126.551,-1
cover,126.5827,0,0,0,0
nearest,126.5827,-1
cover,126.6163,0,0,0,0
nearest,126.6163,-1
cover,126.6497,0,0,0,0
nearest,126.6497,-1
cover,126.6817,0,0,0,0
nearest,126.6817,-1
cover,126.7713,0,0,0,0
nearest,126.7713,-1
cover,126.8061,0,0,0,0
nearest,126.8061,-1
cover,126.8391,0,0,0,0
nearest,126.8391,-1
cover,126.8669,0,0,0,0
nearest,126.8669,-1
cover,126.8935,0,0,0,0
nearest,126.8935,-1
cover,126.9217,0,0,0,0
nearest,126.9217,-1
cover,126.9518,0,0,0,0
nearest,126.9519,-1
cover,126.9812,0,0,0,0
nearest,126.9812,-1
cover,127.0063,0,0,0,0
nearest,127.0063,-1
cover,127.0321,0,0,0,0
nearest,127.0321,-1
cover,127.0599,0,0,0,0
nearest,127.0599,-1
cover,127.0888,0,0,0,0
nearest,127.0888,-1
cover,127.1222,0,0,0,0
nearest,127.1222,-1
cover,127.1501,0,0,0,0
nearest,127.1504,-1
cover,127.1802,0,0,0,0
nearest,127.1802,-1
cover,127.2064,0,0,0,0
nearest,127.2064,-1
cover,127.2346,0,0,0,0
nearest,127.2346,-1
cover,127.2646,0,0,0,0
nearest,127.2646,-1
cover,127.2915,0,0,0,0
nearest,127.2916,-1
cover,127.3185,0,0,0,0
nearest,127.3186,-1
cover,127.3464,0,0,0,0
nearest,127.3464,-1
cover,127.3759,0,0,0,0
nearest,127.3759,-1
cover,127.4107,0,0,0,0
nearest,127.4107,-1
cover,127.4413,0,0,0,0
nearest,127.4413,-1
cover,127.4772,0,0,0,0
nearest,127.4772,-1
cover,127.5054,0,0,0,0
nearest,127.5054,-1
cover,127.5327,0,0,0,0
nearest,127.5327,-1
cover,127.5603,0,0,0,0
nearest,127.5603,-1
cover,127.5857,0,0,0,0
nearest,127.5857,-1
cover,127.6135,0,0,0,0
nearest,127.6136,-1
cover,127.6395,0,0,0,0
nearest,127.6395,-1
cover,127.6663,0,0,0,0
nearest,127.6663,-1
cover,127.7189,0,0,0,0
nearest,127.7189,-1
cover,127.7509,0,0,0,0
nearest,127.7509,-1
cover,127.7907,0,0,0,0
nearest,127.7907,-1
cover,127.8256,0,0,0,0
nearest,127.8256,-1
cover,127.8594,0,0,0,0
nearest,127.8595,-1
cover,127.8885,0,0,0,0
nearest,127.8885,-1
cover,127.9186,0,0,0,0
nearest,127.9186,-1
cover,127.9452,0,0,0,0
nearest,127.9453,-1
cover,127.9718,0,0,0,0
nearest,127.9718,-1
cover,128.0011,0,0,0,0
nearest,128.0011,-1
cover,128.0291,0,0,0,0
nearest,128.0292,-1
cover,128.0551,0,0,0,0
nearest,128.0551,-1
cover,128.0797,0,0,0,0
nearest,128.0797,-1
cover,128.1068,0,0,0,0
nearest,128.1068,-1
cover,128.1352,0,0,0,0
nearest,128.1353,-1
cover,128.1623,0,0,0,0
nearest,128.1624,-1
cover,128.1934,0,0,0,0
nearest,128.1935,-1
cover,128.2204,0,0,0,0
nearest,128.2204,-1
cover,128.2511,0,0,0,0
nearest,128.2512,-1
cover,128.2798,0,0,0,0
nearest,128.2798,-1
cover,128.307,0,0,0,0
nearest,128.307,-1
cover,128.3359,0,0,0,0
nearest,128.3359,-1
cover,128.3604,0,0,0,0
nearest,128.3605,-1
cover,128.3872,0,0,0,0
nearest,128.3872,-1
cover,128.4147,0,0,0,0
nearest,128.4147,-1
cover,128.4412,0,0,0,0
nearest,128.4413,-1
cover,128.4716,0,0,0,0
nearest,128.4716,-1
cover,128.4978,0,0,0,0
nearest,128.4978,-1
cover,128.5269,0,0,0,0
nearest,128.5269,-1
cover,128.5557,0,0,0,0
nearest,128.5557,-1
cover,128.5819,0,0,0,0
nearest,128.582,-1
cover,128.6159,0,0,0,0
nearest,128.6159,-1
cover,128.6504,0,0,0,0
nearest,128.6504,-1
cover,128.6824,0,0,0,0
nearest,128.6824,-1
cover,128.7133,0,0,0,0
nearest,128.7133,-1
cover,128.7397,0,0,0,0
nearest,128.7397,-1
cover,128.766,0,0,0,0
nearest,128.766,-1
cover,128.7957,0,0,0,0
nearest,128.7957,-1
cover,128.8249,0,0,0,0
nearest,128.8249,-1
cover,128.8522,0,0,0,0
nearest,128.8522,-1
cover,128.8844,0,0,0,0
nearest,128.8845,-1
cover,128.9171,0,0,0,0
nearest,128.9171,-1
cover,128.9526,0,0,0,0
nearest,128.9526,-1
cover,128.9804,0,0,0,0
nearest,128.9804,-1
cover,129.0062,0,0,0,0
nearest,129.0062,-1
cover,129.0769,0,0,0,0
nearest,129.0769,-1
cover,129.1084,0,0,0,0
nearest,129.1084,-1
cover,129.1354,0,0,0,0
nearest,129.1355,-1
cover,129.1623,0,0,0,0
nearest,129.1623,-1
cover,129.1902,0,0,0,0
nearest,129.1902,-1
cover,129.2278,0,0,0,0
nearest,129.2278,-1
cover,129.2581,0,0,0,0
nearest,129.2582,-1
cover,129.2897,0,0,0,0
nearest,129.2897,-1
cover,129.3192,0,0,0,0
nearest,129.3192,-1
cover,129.3504,0,0,0,0
nearest,129.3504,-1
cover,129.384,0,0,0,0
nearest,129.384,-1
cover,129.4108,0,0,0,0
nearest,129.4109,-1
cover,129.4384,0,0,0,0
nearest,129.4384,-1
cover,129.4664,0,0,0,0
nearest,129.4664,-1
cover,129.4956,0,0,0,0
nearest,129.4956,-1
cover,129.5258,0,0,0,0
nearest,129.5258,-1
cover,129.5561,0,0,0,0
nearest,129.5561,-1
cover,129.5825,0,0,0,0
nearest,129.5826,-1
cover,129.6118,0,0,0,0
nearest,129.6118,-1
cover,129.6373,0,0,0,0
nearest,129.6373,-1
cover,129.6653,0,0,0,0
nearest,129.6654,-1
cover,129.6934,0,0,0,0
nearest,129.6934,-1
cover,129.7258,0,0,0,0
nearest,129.7258,-1
cover,129.7581,0,0,0,0
nearest,129.7581,-1
cover,129.788,0,0,0,0
nearest,129.7881,-1
cover,129.8214,0,0,0,0
nearest,129.8215,-1
cover,129.853,0,0,0,0
nearest,129.853,-1
cover,129.8858,0,0,0,0
nearest,129.8858,-1
cover,129.9185,0,0,0,0
nearest,129.9185,-1
cover,129.9503,0,0,0,0
nearest,129.9504,-1
cover,129.9809,0,0,0,0
nearest,129.9809,-1
cover,130.0064,0,0,0,0
nearest,130.0064,-1
cover,130.0307,0,0,0,0
nearest,130.0307,-1
cover,130.0542,0,0,0,0
nearest,130.0542,-1
cover,130.0792,0,0,0,0
nearest,130.0792,-1
cover,130.1032,0,0,0,0
nearest,130.1032,-1
cover,130.1296,0,0,0,0
nearest,130.1296,-1
cover,130.1571,0,0,0,0
nearest,130.1571,-1
cover,130.1822,0,0,0,0
nearest,130.1823,-1
cover,130.2064,0,0,0,0
nearest,130.2065,-1
cover,130.2311,0,0,0,0
nearest,130.2312,-1
cover,130.2556,0,0,0,0
nearest,130.2557,-1
cover,130.2836,0,0,0,0
nearest,130.2836,-1
cover,130.3073,0,0,0,0
nearest,130.3073,-1
cover,130.3316,0,0,0,0
nearest,130.3316,-1
cover,130.3566,0,0,0,0
nearest,130.3566,-1
cover,130.3865,0,0,0,0
nearest,130.3865,-1
