kind,t,a,b
meta,0,1.3398561541818312,60
cover,0.2313,0,0,0,0
nearest,0.2313,-1
cover,0.2605,0,0,0,0
nearest,0.2606,-1
cover,0.2874,0,0,0,0
nearest,0.2874,-1
cover,0.3127,0,0,0,0
nearest,0.3128,-1
cover,0.3452,0,0,0,0
nearest,0.3453,-1
cover,0.3793,0,0,0,0
nearest,0.3793,-1
cover,0.4045,0,0,0,0
nearest,0.4046,-1
cover,0.4304,0,0,0,0
nearest,0.4305,-1
cover,0.4825,0,0,0,0
nearest,0.4825,-1
cover,0.5322,0,0,0,0
nearest,0.5322,-1
cover,0.581,0,0,0,0
nearest,0.581,-1
cover,0.6284,0,0,0,0
nearest,0.6285,-1
cover,0.6845,0,0,0,0
nearest,0.6845,-1
cover,0.7395,0,0,0,0
nearest,0.7395,-1
cover,0.8362,0,0,0,0
nearest,0.8362,-1
cover,0.9511,0,0,0,0
nearest,0.9511,-1
cover,1.0452,0,0,0,0
nearest,1.0453,-1
cover,1.093,0,0,0,0
nearest,1.093,-1
cover,1.1422,0,0,0,0
nearest,1.1422,-1
cover,1.1977,0,0,0,0
nearest,1.1977,-1
cover,1.2693,0,0,0,0
nearest,1.2694,-1
cover,1.3349,0,0,0,0
nearest,1.335,-1
cover,1.3876,0,0,0,0
nearest,1.3876,-1
cover,1.4479,0,0,0,0
nearest,1.4479,-1
cover,1.525,0,0,0,0
nearest,1.525,-1
cover,1.5683,0,0,0,0
nearest,1.5684,-1
cover,1.6177,0,0,0,0
nearest,1.6177,-1
cover,1.6601,0,0,0,0
nearest,1.6601,-1
cover,1.7114,0,0,0,0
nearest,1.7114,-1
cover,1.7692,0,0,0,0
nearest,1.7693,-1
cover,1.821,0,0,0,0
nearest,1.821,-1
cover,1.87,0,0,0,0
nearest,1.8701,-1
cover,1.9209,0,0,0,0
nearest,1.9209,-1
cover,1.9596,0,0,0,0
nearest,1.9596,-1
cover,1.9978,0,0,0,0
nearest,1.9978,-1
cover,2.033,0,0,0,0
nearest,2.033,-1
cover,2.0949,0,0,0,0
nearest,2.0949,-1
cover,2.1523,0,0,0,0
nearest,2.1523,-1
cover,2.2104,0,0,0,0
nearest,2.2105,-1
cover,2.2638,0,0,0,0
nearest,2.2638,-1
cover,2.3148,0,0,0,0
nearest,2.3148,-1
cover,2.3626,0,0,0,0
nearest,2.3627,-1
cover,2.4105,0,0,0,0
nearest,2.4105,-1
cover,2.4536,0,0,0,0
nearest,2.4536,-1
cover,2.5002,0,0,0,0
nearest,2.5002,-1
cover,2.5486,0,0,0,0
nearest,2.5487,-1
cover,2.5919,0,0,0,0
nearest,2.5919,-1
cover,2.6333,0,0,0,0
nearest,2.6333,-1
cover,2.6756,0,0,0,0
nearest,2.6756,-1
cover,2.7202,0,0,0,0
nearest,2.7202,-1
cover,2.7698,0,0,0,0
nearest,2.7698,-1
cover,2.8159,0,0,0,0
nearest,2.816,-1
cover,2.8663,0,0,0,0
nearest,2.8664,-1
cover,2.9159,0,0,0,0
nearest,2.9159,-1
cover,2.9663,0,0,0,0
nearest,2.9663,-1
cover,3.0111,0,0,0,0
nearest,3.0111,-1
cover,3.0582,0,0,0,0
nearest,3.0582,-1
cover,3.1061,0,0,0,0
nearest,3.1062,-1
cover,3.1586,0,0,0,0
nearest,3.1586,-1
cover,3.2038,0,0,0,0
nearest,3.2038,-1
cover,3.2471,0,0,0,0
nearest,3.2471,-1
cover,3.2871,0,0,0,0
nearest,3.2871,-1
cover,3.3296,0,0,0,0
nearest,3.3297,-1
cover,3.3744,0,0,0,0
nearest,3.3744,-1
cover,3.4213,0,0,0,0
nearest,3.4214,-1
cover,3.4637,0,0,0,0
nearest,3.4637,-1
cover,3.5064,0,0,0,0
nearest,3.5065,-1
cover,3.5492,0,0,0,0
nearest,3.5493,-1
cover,3.5944,0,0,0,0
nearest,3.5945,-1
cover,3.6457,0,0,0,0
nearest,3.6457,-1
cover,3.6982,0,0,0,0
nearest,3.6982,-1
cover,3.7475,0,0,0,0
nearest,3.7476,-1
cover,3.7956,0,0,0,0
nearest,3.7956,-1
cover,3.8379,0,0,0,0
nearest,3.8379,-1
cover,3.8863,0,0,0,0
nearest,3.8863,-1
cover,3.9357,0,0,0,0
nearest,3.9357,-1
cover,3.9895,0,0,0,0
nearest,3.9896,-1
cover,4.0426,0,0,0,0
nearest,4.0427,-1
cover,4.0921,0,0,0,0
nearest,4.0922,-1
cover,4.1432,0,0,0,0
nearest,4.1432,-1
cover,4.1907,0,0,0,0
nearest,4.1907,-1
cover,4.2416,0,0,0,0
nearest,4.2416,-1
cover,4.2947,0,0,0,0
nearest,4.2947,-1
cover,4.3403,0,0,0,0
nearest,4.3403,-1
cover,4.3909,0,0,0,0
nearest,4.3909,-1
cover,4.4383,0,0,0,0
nearest,4.4384,-1
cover,4.4888,0,0,0,0
nearest,4.4888,-1
cover,4.53,0,0,0,0
nearest,4.53,-1
cover,4.5743,0,0,0,0
nearest,4.5743,-1
cover,4.626,0,0,0,0
nearest,4.6261,-1
cover,4.6765,0,0,0,0
nearest,4.6765,-1
cover,4.7209,0,0,0,0
nearest,4.7209,-1
cover,4.7678,0,0,0,0
nearest,4.7678,-1
cover,4.8149,0,0,0,0
nearest,4.8149,-1
cover,4.8621,0,0,0,0
nearest,4.8621,-1
cover,4.9163,0,0,0,0
nearest,4.9163,-1
cover,4.9659,0,0,0,0
nearest,4.9659,-1
cover,5.014,0,0,0,0
nearest,5.014,-1
cover,5.0659,0,0,0,0
nearest,5.066,-1
cover,5.1153,0,0,0,0
nearest,5.1153,-1
cover,5.1628,0,0,0,0
nearest,5.1629,-1
cover,5.2102,0,0,0,0
nearest,5.2103,-1
cover,5.2566,0,0,0,0
nearest,5.2566,-1
cover,5.3026,0,0,0,0
nearest,5.3026,-1
cover,5.3425,0,0,0,0
nearest,5.3425,-1
cover,5.3848,0,0,0,0
nearest,5.3849,-1
cover,5.4272,0,0,0,0
nearest,5.4272,-1
cover,5.4707,0,0,0,0
nearest,5.4707,-1
cover,5.51,0,0,0,0
nearest,5.51,-1
cover,5.5593,0,0,0,0
nearest,5.5594,-1
cover,5.5996,0,0,0,0
nearest,5.5996,-1
cover,5.6413,0,0,0,0
nearest,5.6413,-1
cover,5.6866,0,0,0,0
nearest,5.6867,-1
cover,5.7319,0,0,0,0
nearest,5.7319,-1
cover,5.7783,0,0,0,0
nearest,5.7783,-1
cover,5.8216,0,0,0,0
nearest,5.8217,-1
cover,5.867,0,0,0,0
nearest,5.867,-1
cover,5.9179,0,0,0,0
nearest,5.9179,-1
cover,5.9699,0,0,0,0
nearest,5.9699,-1
cover,6.0212,0,0,0,0
nearest,6.0212,-1
cover,6.0679,0,0,0,0
nearest,6.068,-1
cover,6.1224,0,0,0,0
nearest,6.1224,-1
cover,6.1793,0,0,0,0
nearest,6.1793,-1
cover,6.231,0,0,0,0
nearest,6.231,-1
cover,6.2834,0,0,0,0
nearest,6.2834,-1
cover,6.3282,0,0,0,0
nearest,6.3283,-1
cover,6.3741,0,0,0,0
nearest,6.3741,-1
cover,6.416,0,0,0,0
nearest,6.416,-1
cover,6.4612,0,0,0,0
nearest,6.4613,-1
cover,6.5115,0,0,0,0
nearest,6.5115,-1
cover,6.5625,0,0,0,0
nearest,6.5626,-1
cover,6.6016,0,0,0,0
nearest,6.6017,-1
cover,6.6434,0,0,0,0
nearest,6.6434,-1
cover,6.6868,0,0,0,0
nearest,6.6868,-1
cover,6.7278,0,0,0,0
nearest,6.7278,-1
cover,6.7742,0,0,0,0
nearest,6.7742,-1
cover,6.8241,0,0,0,0
nearest,6.8242,-1
cover,6.8751,0,0,0,0
nearest,6.8752,-1
cover,6.9234,0,0,0,0
nearest,6.9235,-1
cover,6.9755,0,0,0,0
nearest,6.9755,-1
cover,7.0293,0,0,0,0
nearest,7.0294,-1
cover,7.0809,0,0,0,0
nearest,7.0809,-1
cover,7.1318,0,0,0,0
nearest,7.1318,-1
cover,7.1793,0,0,0,0
nearest,7.1793,-1
cover,7.2256,0,0,0,0
nearest,7.2256,-1
cover,7.2667,0,0,0,0
nearest,7.2667,-1
cover,7.3105,0,0,0,0
nearest,7.3106,-1
cover,7.3501,0,0,0,0
nearest,7.3501,-1
cover,7.3964,0,0,0,0
nearest,7.3964,-1
cover,7.4423,0,0,0,0
nearest,7.4423,-1
cover,7.4873,0,0,0,0
nearest,7.4874,-1
cover,7.5295,0,0,0,0
nearest,7.5295,-1
cover,7.5719,0,0,0,0
nearest,7.5719,-1
cover,7.6144,0,0,0,0
nearest,7.6144,-1
cover,7.6606,0,0,0,0
nearest,7.6607,-1
cover,7.7066,0,0,0,0
nearest,7.7067,-1
cover,7.7507,0,0,0,0
nearest,7.7507,-1
cover,7.7976,0,0,0,0
nearest,7.7977,-1
cover,7.8477,0,0,0,0
nearest,7.8477,-1
cover,7.8971,0,0,0,0
nearest,7.8971,-1
cover,7.9463,0,0,0,0
nearest,7.9463,-1
cover,7.9957,0,0,0,0
nearest,7.9957,-1
cover,8.0417,0,0,0,0
nearest,8.0418,-1
cover,8.0879,0,0,0,0
nearest,8.0879,-1
cover,8.1463,0,0,0,0
nearest,8.1463,-1
cover,8.1948,0,0,0,0
nearest,8.1949,-1
cover,8.243,0,0,0,0
nearest,8.243,-1
cover,8.2947,0,0,0,0
nearest,8.2948,-1
cover,8.3403,0,0,0,0
nearest,8.3403,-1
cover,8.3863,0,0,0,0
nearest,8.3863,-1
cover,8.4304,0,0,0,0
nearest,8.4304,-1
cover,8.4737,0,0,0,0
nearest,8.4738,-1
cover,8.5193,0,0,0,0
nearest,8.5193,-1
cover,8.5624,0,0,0,0
nearest,8.5624,-1
cover,8.6022,0,0,0,0
nearest,8.6022,-1
cover,8.6539,0,0,0,0
nearest,8.6539,-1
cover,8.7014,0,0,0,0
nearest,8.7015,-1
cover,8.7638,0,0,0,0
nearest,8.7638,-1
cover,8.8035,0,0,0,0
nearest,8.8036,-1
cover,8.8559,0,0,0,0
nearest,8.856,-1
cover,8.8998,0,0,0,0
nearest,8.8998,-1
cover,8.9395,0,0,0,0
nearest,8.9395,-1
cover,8.9858,0,0,0,0
nearest,8.9858,-1
cover,9.029,0,0,0,0
nearest,9.029,-1
cover,9.0697,0,0,0,0
nearest,9.0697,-1
cover,9.1218,0,0,0,0
nearest,9.1218,-1
cover,9.1641,0,0,0,0
nearest,9.1641,-1
cover,9.2064,0,0,0,0
nearest,9.2064,-1
cover,9.2753,0,0,0,0
nearest,9.2753,-1
cover,9.3268,0,0,0,0
nearest,9.3268,-1
cover,9.3679,0,0,0,0
nearest,9.368,-1
cover,9.418,0,0,0,0
nearest,9.418,-1
cover,9.504,0,0,0,0
nearest,9.504,-1
cover,9.5411,0,0,0,0
nearest,9.5411,-1
cover,9.6074,0,0,0,0
nearest,9.6074,-1
cover,9.6529,0,0,0,0
nearest,9.6529,-1
cover,9.6907,0,0,0,0
nearest,9.6907,-1
cover,9.732,0,0,0,0
nearest,9.732,-1
cover,9.7715,0,0,0,0
nearest,9.7715,-1
cover,9.8117,0,0,0,0
nearest,9.8118,-1
cover,9.8515,0,0,0,0
nearest,9.8516,-1
cover,9.9042,0,0,0,0
nearest,9.9042,-1
cover,9.9509,0,0,0,0
nearest,9.9509,-1
cover,9.9958,0,0,0,0
nearest,9.9958,-1
cover,10.0511,0,0,0,0
nearest,10.0512,-1
cover,10.0989,0,0,0,0
nearest,10.099,-1
cover,10.1437,0,0,0,0
nearest,10.1437,-1
cover,10.1869,0,0,0,0
nearest,10.1869,-1
cover,10.2344,0,0,0,0
nearest,10.2345,-1
cover,10.2828,0,0,0,0
nearest,10.2828,-1
cover,10.3332,0,0,0,0
nearest,10.3333,-1
cover,10.3757,0,0,0,0
nearest,10.3757,-1
cover,10.422,0,0,0,0
nearest,10.422,-1
cover,10.4734,0,0,0,0
nearest,10.4735,-1
cover,10.53,0,0,0,0
nearest,10.53,-1
cover,10.5798,0,0,0,0
nearest,10.5798,-1
cover,10.6245,0,0,0,0
nearest,10.6245,-1
cover,10.6737,0,0,0,0
nearest,10.6737,-1
cover,10.7176,0,0,0,0
nearest,10.7176,-1
cover,10.7779,0,0,0,0
nearest,10.778,-1
cover,10.825,0,0,0,0
nearest,10.825,-1
cover,10.875,0,0,0,0
nearest,10.8751,-1
cover,10.9247,0,0,0,0
nearest,10.9247,-1
cover,10.969,0,0,0,0
nearest,10.9691,-1
cover,11.0135,0,0,0,0
nearest,11.0135,-1
cover,11.0596,0,0,0,0
nearest,11.0596,-1
cover,11.1087,0,0,0,0
nearest,11.1087,-1
cover,11.1584,0,0,0,0
nearest,11.1585,-1
cover,11.2092,0,0,0,0
nearest,11.2092,-1
cover,11.259,0,0,0,0
nearest,11.259,-1
cover,11.3093,0,0,0,0
nearest,11.3093,-1
cover,11.3609,0,0,0,0
nearest,11.3609,-1
cover,11.4097,0,0,0,0
nearest,11.4097,-1
cover,11.4604,0,0,0,0
nearest,11.4604,-1
cover,11.5103,0,0,0,0
nearest,11.5103,-1
cover,11.5577,0,0,0,0
nearest,11.5577,-1
cover,11.5978,0,0,0,0
nearest,11.5978,-1
cover,11.6411,0,0,0,0
nearest,11.6412,-1
cover,11.6897,0,0,0,0
nearest,11.6897,-1
cover,11.7301,0,0,0,0
nearest,11.7302,-1
cover,11.7736,0,0,0,0
nearest,11.7736,-1
cover,11.8121,0,0,0,0
nearest,11.8121,-1
cover,11.8579,0,0,0,0
nearest,11.8579,-1
cover,11.8977,0,0,0,0
nearest,11.8978,-1
cover,11.9438,0,0,0,0
nearest,11.9439,-1
cover,11.9829,0,0,0,0
nearest,11.983,-1
cover,12.0203,0,0,0,0
nearest,12.0204,-1
cover,12.1213,0,0,0,0
nearest,12.1213,-1
cover,12.1906,0,0,0,0
nearest,12.1907,-1
cover,12.2413,0,0,0,0
nearest,12.2413,-1
cover,12.2969,0,0,0,0
nearest,12.2969,-1
cover,12.3461,0,0,0,0
nearest,12.3461,-1
cover,12.3881,0,0,0,0
nearest,12.3881,-1
cover,12.4361,0,0,0,0
nearest,12.4362,-1
cover,12.4875,0,0,0,0
nearest,12.4875,-1
cover,12.5376,0,0,0,0
nearest,12.5376,-1
cover,12.588,0,0,0,0
nearest,12.588,-1
cover,12.6384,0,0,0,0
nearest,12.6384,-1
cover,12.6885,0,0,0,0
nearest,12.6885,-1
cover,12.7398,0,0,0,0
nearest,12.7398,-1
cover,12.7892,0,0,0,0
nearest,12.7892,-1
cover,12.8416,0,0,0,0
nearest,12.8417,-1
cover,12.8937,0,0,0,0
nearest,12.8938,-1
cover,12.9431,0,0,0,0
nearest,12.9431,-1
cover,12.9899,0,0,0,0
nearest,12.9899,-1
cover,13.0389,0,0,0,0
nearest,13.0389,-1
cover,13.0898,0,0,0,0
nearest,13.0898,-1
cover,13.1406,0,0,0,0
nearest,13.1406,-1
cover,13.1901,0,0,0,0
nearest,13.1901,-1
cover,13.2393,0,0,0,0
nearest,13.2393,-1
cover,13.2905,0,0,0,0
nearest,13.2906,-1
cover,13.3417,0,0,0,0
nearest,13.3417,-1
cover,13.3912,0,0,0,0
nearest,13.3912,-1
cover,13.4395,0,0,0,0
nearest,13.4396,-1
cover,13.4914,0,0,0,0
nearest,13.4914,-1
cover,13.5423,0,0,0,0
nearest,13.5423,-1
cover,13.5919,0,0,0,0
nearest,13.5919,-1
cover,13.6428,0,0,0,0
nearest,13.6428,-1
cover,13.6934,0,0,0,0
nearest,13.6934,-1
cover,13.7442,0,0,0,0
nearest,13.7442,-1
cover,13.7924,0,0,0,0
nearest,13.7925,-1
cover,13.8363,0,0,0,0
nearest,13.8363,-1
cover,13.8899,0,0,0,0
nearest,13.8899,-1
cover,13.9409,0,0,0,0
nearest,13.9409,-1
cover,13.9825,0,0,0,0
nearest,13.9825,-1
cover,14.0279,1,0,1,0
nearest,14.0279,-1
cover,14.0668,0,0,0,0
nearest,14.0668,-1
cover,14.1139,0,0,0,0
nearest,14.1139,-1
cover,14.1539,0,0,0,0
nearest,14.1539,-1
cover,14.1993,0,0,0,0
nearest,14.1993,-1
cover,14.2373,0,0,0,0
nearest,14.2373,-1
cover,14.2742,0,0,0,0
nearest,14.2742,-1
cover,14.3158,0,0,0,0
nearest,14.3158,-1
cover,14.3538,0,0,0,0
nearest,14.3539,-1
cover,14.3996,0,0,0,0
nearest,14.3997,-1
cover,14.4381,0,0,0,0
nearest,14.4382,-1
cover,14.4825,0,0,0,0
nearest,14.4825,-1
cover,14.5234,0,0,0,0
nearest,14.5234,-1
cover,14.5673,0,0,0,0
nearest,14.5673,-1
cover,14.6062,0,0,0,0
nearest,14.6063,-1
cover,14.6507,0,0,0,0
nearest,14.6507,-1
cover,14.6918,0,0,0,0
nearest,14.6918,-1
cover,14.7356,0,0,0,0
nearest,14.7356,-1
cover,14.7754,0,0,0,0
nearest,14.7754,-1
cover,14.8174,0,0,0,0
nearest,14.8174,-1
cover,14.8584,0,0,0,0
nearest,14.8584,-1
cover,14.9015,0,0,0,0
nearest,14.9015,-1
cover,14.9406,0,0,0,0
nearest,14.9406,-1
cover,14.9854,0,0,0,0
nearest,14.9855,-1
cover,15.0252,0,0,0,0
nearest,15.0252,-1
cover,15.0676,0,0,0,0
nearest,15.0677,-1
cover,15.1051,0,0,0,0
nearest,15.1051,-1
cover,15.152,0,0,0,0
nearest,15.152,-1
cover,15.1903,0,0,0,0
nearest,15.1903,-1
cover,15.233,0,0,0,0
nearest,15.233,-1
cover,15.2693,0,0,0,0
nearest,15.2694,-1
cover,15.3153,0,0,0,0
nearest,15.3153,-1
cover,15.3567,0,0,0,0
nearest,15.3568,-1
cover,15.4033,0,0,0,0
nearest,15.4034,-1
cover,15.4445,0,0,0,0
nearest,15.4445,-1
cover,15.489,1,0,1,0
nearest,15.489,-1
cover,15.5382,1,0,1,0
nearest,15.5382,-1
cover,15.5867,0,0,0,0
nearest,15.5868,-1
cover,15.6295,0,0,0,0
nearest,15.6295,-1
cover,15.674,0,0,0,0
nearest,15.674,-1
cover,15.7206,0,0,0,0
nearest,15.7206,-1
cover,15.7602,0,0,0,0
nearest,15.7603,-1
cover,15.805,0,0,0,0
nearest,15.805,-1
cover,15.8497,0,0,0,0
nearest,15.8498,-1
cover,15.892,0,0,0,0
nearest,15.892,-1
cover,15.9389,0,0,0,0
nearest,15.939,-1
cover,15.9844,0,0,0,0
nearest,15.9845,-1
cover,16.0263,0,0,0,0
nearest,16.0264,-1
cover,16.0718,0,0,0,0
nearest,16.0718,-1
cover,16.1145,0,0,0,0
nearest,16.1145,-1
cover,16.1647,0,0,0,0
nearest,16.1648,-1
cover,16.2109,0,0,0,0
nearest,16.211,-1
cover,16.2574,0,0,0,0
nearest,16.2575,-1
cover,16.307,0,0,0,0
nearest,16.307,-1
cover,16.3527,0,0,0,0
nearest,16.3527,-1
cover,16.403,0,0,0,0
nearest,16.403,-1
cover,16.4436,0,0,0,0
nearest,16.4436,-1
cover,16.4914,0,0,0,0
nearest,16.4914,-1
cover,16.5325,1,0,1,0
nearest,16.5326,-1
cover,16.581,0,0,0,0
nearest,16.581,-1
cover,16.6293,0,0,0,0
nearest,16.6293,-1
cover,16.6758,0,0,0,0
nearest,16.6758,-1
cover,16.7245,0,0,0,0
nearest,16.7246,-1
cover,16.7676,0,0,0,0
nearest,16.7676,-1
cover,16.8144,0,0,0,0
nearest,16.8144,-1
cover,16.863,0,0,0,0
nearest,16.8631,-1
cover,16.9095,0,0,0,0
nearest,16.9096,-1
cover,16.9583,0,0,0,0
nearest,16.9583,-1
cover,17.0092,0,0,0,0
nearest,17.0092,-1
cover,17.0544,0,0,0,0
nearest,17.0545,-1
cover,17.0974,0,0,0,0
nearest,17.0974,-1
cover,17.1436,0,0,0,0
nearest,17.1437,-1
cover,17.1928,0,0,0,0
nearest,17.1928,-1
cover,17.2391,0,0,0,0
nearest,17.2391,-1
cover,17.2826,0,0,0,0
nearest,17.2826,-1
cover,17.3283,0,0,0,0
nearest,17.3283,-1
cover,17.3721,0,0,0,0
nearest,17.3721,-1
cover,17.4135,0,0,0,0
nearest,17.4136,-1
cover,17.4593,0,0,0,0
nearest,17.4594,-1
cover,17.5008,0,0,0,0
nearest,17.5008,-1
cover,17.5499,0,0,0,0
nearest,17.5499,-1
cover,17.5955,0,0,0,0
nearest,17.5955,-1
cover,17.6408,0,0,0,0
nearest,17.6409,-1
cover,17.6825,0,0,0,0
nearest,17.6825,-1
cover,17.7297,0,0,0,0
nearest,17.7297,-1
cover,17.7783,0,0,0,0
nearest,17.7783,-1
cover,17.8242,0,0,0,0
nearest,17.8242,-1
cover,17.8703,0,0,0,0
nearest,17.8704,-1
cover,17.9205,0,0,0,0
nearest,17.9205,-1
cover,17.9687,0,0,0,0
nearest,17.9688,-1
cover,18.0137,0,0,0,0
nearest,18.0138,-1
cover,18.0533,0,0,0,0
nearest,18.0533,-1
cover,18.0988,0,0,0,0
nearest,18.0989,-1
cover,18.1478,0,0,0,0
nearest,18.1478,-1
cover,18.1957,0,0,0,0
nearest,18.1957,-1
cover,18.237,0,0,0,0
nearest,18.237,-1
cover,18.2817,0,0,0,0
nearest,18.2818,-1
cover,18.3196,0,0,0,0
nearest,18.3197,-1
cover,18.3637,1,0,1,0
nearest,18.3637,-1
cover,18.4028,1,0,1,0
nearest,18.4028,-1
cover,18.449,0,0,0,0
nearest,18.449,-1
cover,18.4964,0,0,0,0
nearest,18.4964,-1
cover,18.537,1,0,1,0
nearest,18.5371,-1
cover,18.5755,1,0,1,0
nearest,18.5755,-1
cover,18.6162,0,0,0,0
nearest,18.6162,-1
cover,18.6589,0,0,0,0
nearest,18.6589,-1
cover,18.7003,0,0,0,0
nearest,18.7003,-1
cover,18.7468,0,0,0,0
nearest,18.7468,-1
cover,18.7885,0,0,0,0
nearest,18.7885,-1
cover,18.8341,0,0,0,0
nearest,18.8341,-1
cover,18.8799,0,0,0,0
nearest,18.8799,-1
cover,18.9211,0,0,0,0
nearest,18.9211,-1
cover,18.9674,0,0,0,0
nearest,18.9674,-1
cover,19.0126,0,0,0,0
nearest,19.0126,-1
cover,19.0537,0,0,0,0
nearest,19.0537,-1
cover,19.1022,0,0,0,0
nearest,19.1022,-1
cover,19.1479,0,0,0,0
nearest,19.1479,-1
cover,19.1898,0,0,0,0
nearest,19.1898,-1
cover,19.2345,0,0,0,0
nearest,19.2346,-1
cover,19.2808,1,0,1,0
nearest,19.2808,-1
cover,19.3222,1,0,1,0
nearest,19.3223,-1
cover,19.3707,0,0,0,0
nearest,19.3708,-1
cover,19.4137,0,0,0,0
nearest,19.4138,-1
cover,19.4558,0,0,0,0
nearest,19.4558,-1
cover,19.4993,1,0,1,0
nearest,19.4993,-1
cover,19.552,1,0,1,0
nearest,19.5521,-1
cover,19.5905,0,0,0,0
nearest,19.5905,-1
cover,19.6357,0,0,0,0
nearest,19.6357,-1
cover,19.6761,1,0,1,0
nearest,19.6761,-1
cover,19.725,0,0,0,0
nearest,19.725,-1
cover,19.7709,0,0,0,0
nearest,19.7709,-1
cover,19.8119,0,0,0,0
nearest,19.8119,-1
cover,19.8586,0,0,0,0
nearest,19.8587,-1
cover,19.9045,1,0,1,0
nearest,19.9045,-1
cover,19.9497,0,0,0,0
nearest,19.9497,-1
cover,19.9923,0,0,0,0
nearest,19.9924,-1
cover,20.0356,0,0,0,0
nearest,20.0357,-1
cover,20.0761,0,0,0,0
nearest,20.0761,-1
cover,20.1201,0,0,0,0
nearest,20.1202,-1
cover,20.1615,0,0,0,0
nearest,20.1615,-1
cover,20.2208,0,0,0,0
nearest,20.2208,-1
cover,20.2615,0,0,0,0
nearest,20.2615,-1
cover,20.3038,0,0,0,0
nearest,20.3038,-1
cover,20.3465,1,0,1,0
nearest,20.3465,-1
cover,20.3885,1,0,1,0
nearest,20.3886,-1
cover,20.4331,0,0,0,0
nearest,20.4331,-1
cover,20.472,1,0,1,0
nearest,20.472,-1
cover,20.5208,0,0,0,0
nearest,20.5208,-1
cover,20.5641,1,0,1,0
nearest,20.5641,-1
cover,20.6083,0,0,0,0
nearest,20.6084,-1
cover,20.6551,2,0,2,0
nearest,20.6552,-1
cover,20.6961,0,0,0,0
nearest,20.6962,-1
cover,20.7433,1,0,1,0
nearest,20.7434,-1
cover,20.787,1,0,1,0
nearest,20.787,-1
cover,20.8248,0,0,0,0
nearest,20.8249,-1
cover,20.8706,1,0,1,0
nearest,20.8706,-1
cover,20.9119,0,0,0,0
nearest,20.912,-1
cover,20.9581,0,0,0,0
nearest,20.9582,-1
cover,21.0039,2,0,2,1
err,21.0041,-282.19,95.4
timing,21.0041,12.0,32.8
det,21.0041,1513.75,865.0,8.5,20.0,0.563,Body
det,21.0041,959.5,869.62,76.62,257.75,0.522,Body
cover,21.0429,0,0,0,0
nearest,21.043,-1
cover,21.087,1,0,1,1
err,21.087,-264.44,27.35
timing,21.087,13.8,28.8
det,21.087,953.19,797.5,124.75,298.5,0.565,Body
cover,21.129,1,0,1,1
err,21.129,-255.62,14.7
timing,21.129,12.1,28.3
det,21.129,951.12,784.0,146.5,307.0,0.787,Body
cover,21.1711,1,0,1,1
err,21.1711,-254.69,17.05
timing,21.1711,12.1,28.4
det,21.1711,955.62,787.0,139.38,300.5,0.772,Body
cover,21.2115,2,0,2,1
err,21.2116,-256.5,20.15
timing,21.2116,10.2,28.5
det,21.2116,956.62,792.0,133.75,281.5,0.785,Body
det,21.2116,1050.59,984.75,51.06,136.5,0.681,Body
cover,21.2561,2,0,2,1
err,21.2561,-256.0,18.4
timing,21.2561,13.0,30.1
det,21.2561,956.62,790.0,134.75,284.0,0.79,Body
det,21.2561,1050.59,983.75,51.06,136.5,0.66,Body
cover,21.295,2,0,2,1
err,21.2951,-256.44,16.65
timing,21.2951,10.2,27.8
det,21.2951,956.62,788.0,133.88,286.5,0.782,Body
det,21.2951,1050.62,983.5,50.88,137.0,0.643,Body
cover,21.3365,2,0,2,1
err,21.3365,-256.91,16.15
timing,21.3365,12.6,27.4
det,21.3365,956.72,787.5,132.75,286.5,0.781,Body
det,21.3365,1050.59,983.25,50.81,137.5,0.66,Body
cover,21.3752,2,0,2,1
err,21.3752,-256.69,16.8
timing,21.3752,10.7,27.0
det,21.3752,956.62,788.0,133.38,288.0,0.778,Body
det,21.3752,1050.5,983.38,51.12,137.25,0.653,Body
cover,21.4213,2,0,2,1
err,21.4214,-257.38,17.6
timing,21.4214,15.9,29.3
det,21.4214,956.75,789.12,131.75,284.75,0.78,Body
det,21.4214,1050.59,983.0,51.06,138.0,0.608,Body
cover,21.4601,1,0,1,1
err,21.4601,-255.62,42.7
timing,21.4601,9.8,27.5
det,21.4601,951.75,814.38,145.25,283.25,0.776,Body
cover,21.5039,1,0,1,1
err,21.504,-254.88,33.25
timing,21.504,16.0,26.3
det,21.504,952.25,803.5,145.75,297.5,0.794,Body
cover,21.5438,1,0,1,1
err,21.5438,-254.38,27.2
timing,21.5438,10.8,27.6
det,21.5438,952.25,798.12,146.75,290.75,0.71,Body
cover,21.5887,1,0,1,1
err,21.5888,-254.19,36.5
timing,21.5888,15.5,27.8
det,21.5888,951.88,808.0,147.88,285.0,0.753,Body
cover,21.63,1,0,1,1
err,21.6301,-254.75,27.05
timing,21.6301,9.7,30.0
det,21.6301,952.75,799.5,145.0,275.5,0.73,Body
cover,21.6744,2,0,2,1
err,21.6745,-256.44,23.45
timing,21.6745,12.6,30.4
det,21.6745,952.75,796.5,141.62,269.5,0.764,Body
det,21.6745,1050.12,981.5,52.12,138.0,0.576,Body
cover,21.7207,2,0,2,1
err,21.7208,-256.31,18.8
timing,21.7208,12.2,32.4
det,21.7208,956.62,790.5,134.12,283.0,0.777,Body
det,21.7208,1050.38,982.5,51.62,137.0,0.7,Body
cover,21.7637,2,0,2,1
err,21.7637,-256.69,18.9
timing,21.7637,11.0,30.5
det,21.7637,956.62,790.38,133.38,285.25,0.781,Body
det,21.7637,1050.53,983.25,50.94,137.5,0.62,Body
cover,21.8117,2,0,2,1
err,21.8117,-256.38,18.4
timing,21.8117,16.0,31.2
det,21.8117,956.75,789.88,133.75,285.25,0.782,Body
det,21.8117,1050.47,982.62,51.06,137.75,0.61,Body
cover,21.8563,2,0,2,1
err,21.8563,-256.62,19.3
timing,21.8563,14.1,29.6
det,21.8563,956.75,790.88,133.25,284.25,0.779,Body
det,21.8563,1050.34,982.5,51.31,138.0,0.602,Body
cover,21.8979,2,0,2,1
err,21.8979,-256.41,18.55
timing,21.8979,10.8,29.8
det,21.8979,956.72,790.0,133.75,285.5,0.783,Body
det,21.8979,1050.47,982.5,51.06,138.0,0.602,Body
cover,21.9432,2,0,2,1
err,21.9435,-256.25,18.05
timing,21.9435,13.9,30.4
det,21.9435,956.75,789.5,134.0,285.5,0.786,Body
det,21.9435,1050.38,982.38,51.12,138.25,0.588,Body
cover,21.9914,2,0,2,1
err,21.9914,-256.41,18.8
timing,21.9914,13.8,31.6
det,21.9914,956.72,790.38,133.75,284.25,0.787,Body
det,21.9914,1050.25,981.62,51.5,138.75,0.579,Body
cover,22.0353,2,0,2,1
err,22.0354,-256.38,18.2
timing,22.0354,11.1,31.8
det,22.0354,956.5,789.5,134.25,287.0,0.785,Body
det,22.0354,1050.34,981.38,51.31,139.25,0.554,Body
cover,22.0754,2,0,2,1
err,22.0755,-256.19,17.75
timing,22.0755,9.3,29.7
det,22.0755,956.62,789.0,134.38,287.5,0.783,Body
det,22.0755,1050.12,978.5,51.88,141.0,0.535,Body
cover,22.1185,2,0,2,1
err,22.1186,-256.38,18.3
timing,22.1186,11.2,30.2
det,22.1186,956.5,789.62,134.25,286.75,0.779,Body
det,22.1186,1050.03,978.5,51.94,141.0,0.558,Body
cover,22.1628,2,0,2,1
err,22.1629,-256.5,18.1
timing,22.1629,13.2,30.2
det,22.1629,956.62,789.38,133.75,287.25,0.787,Body
det,22.1629,1050.12,980.25,51.88,139.5,0.626,Body
cover,22.2083,2,0,2,1
err,22.2084,-256.5,17.6
timing,22.2084,14.0,30.0
det,22.2084,956.75,788.88,133.5,287.25,0.788,Body
det,22.2084,1050.47,982.38,51.06,138.25,0.6,Body
cover,22.248,2,0,2,1
err,22.2481,-256.94,18.5
timing,22.2481,10.5,28.2
det,22.2481,956.62,790.0,132.88,285.0,0.782,Body
det,22.2481,1050.25,980.5,51.5,139.0,0.622,Body
cover,22.2934,1,0,1,1
err,22.2935,-253.75,48.0
timing,22.2935,13.9,29.9
det,22.2935,952.88,819.5,146.75,285.0,0.799,Body
cover,22.3389,1,0,1,1
err,22.3389,-254.25,22.8
timing,22.3389,12.5,31.3
det,22.3389,952.62,793.5,146.25,293.0,0.733,Body
cover,22.3786,1,0,1,1
err,22.3787,-254.81,28.1
timing,22.3787,9.1,29.0
det,22.3787,951.88,799.12,146.62,289.75,0.729,Body
cover,22.4226,1,0,1,1
err,22.4227,-254.0,39.5
timing,22.4227,13.1,29.4
det,22.4227,953.0,811.88,146.0,276.25,0.779,Body
cover,22.4627,1,0,1,1
err,22.4627,-255.06,27.75
timing,22.4627,9.8,28.8
det,22.4627,952.88,800.5,144.12,272.5,0.733,Body
cover,22.5067,1,0,1,1
err,22.5067,-256.03,26.35
timing,22.5067,13.9,28.8
det,22.5067,952.72,799.0,142.5,273.5,0.774,Body
cover,22.5552,2,0,2,1
err,22.5553,-255.44,19.7
timing,22.5553,15.6,31.4
det,22.5553,956.75,791.5,135.62,282.0,0.792,Body
det,22.5553,1050.25,982.5,52.12,137.0,0.673,Body
cover,22.5965,2,0,2,1
err,22.5966,-256.94,16.6
timing,22.5966,9.6,30.2
det,22.5966,956.75,787.88,132.62,287.25,0.79,Body
det,22.5966,1050.47,980.75,51.31,138.5,0.621,Body
cover,22.6412,2,0,2,1
err,22.6412,-256.94,17.65
timing,22.6412,13.1,30.1
det,22.6412,956.75,789.0,132.62,286.5,0.79,Body
det,22.6412,1050.38,980.75,51.25,138.5,0.61,Body
cover,22.6793,2,0,2,1
err,22.6793,-256.84,17.6
timing,22.6793,10.0,26.6
det,22.6793,956.78,789.0,132.75,286.0,0.79,Body
det,22.6793,1050.25,981.5,51.62,138.0,0.645,Body
cover,22.7244,2,0,2,1
err,22.7244,-256.44,16.8
timing,22.7244,16.5,27.1
det,22.7244,956.62,788.0,133.88,288.0,0.777,Body
det,22.7244,1050.38,980.25,51.62,139.5,0.572,Body
cover,22.7635,2,0,2,1
err,22.7635,-256.47,17.4
timing,22.7635,10.7,26.7
det,22.7635,956.78,789.0,133.5,284.0,0.774,Body
det,22.7635,1050.72,983.12,50.81,137.75,0.623,Body
cover,22.8055,1,0,1,1
err,22.8056,-263.59,21.5
timing,22.8056,12.9,27.7
det,22.8056,953.62,792.0,125.56,295.0,0.724,Body
cover,22.8433,0,0,0,0
nearest,22.8433,-1
cover,22.8894,1,0,1,1
err,22.8895,-266.75,-10.2
timing,22.8895,12.3,32.1
det,22.8895,957.38,762.0,111.75,278.0,0.568,Body
cover,22.9288,1,0,1,1
err,22.9288,-269.0,7.7
timing,22.9288,9.1,28.7
det,22.9288,957.94,778.0,106.12,297.0,0.599,Body
cover,22.972,1,0,1,1
err,22.9721,-269.31,7.95
timing,22.9721,12.6,29.0
det,22.9721,957.88,778.5,105.62,294.5,0.601,Body
cover,23.0122,1,0,1,1
err,23.0122,-268.78,3.15
timing,23.0122,10.4,28.4
det,23.0122,957.94,773.5,106.56,296.5,0.627,Body
cover,23.056,1,0,1,1
err,23.0561,-268.5,3.3
timing,23.0561,13.0,29.2
det,23.0561,957.94,773.0,107.12,303.0,0.54,Body
cover,23.0953,1,0,1,1
err,23.0954,-266.81,9.2
timing,23.0954,9.5,28.3
det,23.0954,956.12,779.0,114.12,302.0,0.634,Body
cover,23.1386,1,0,1,1
err,23.1387,-266.34,15.6
timing,23.1387,12.9,28.8
det,23.1387,956.06,786.62,115.19,289.75,0.667,Body
cover,23.1788,1,0,1,1
err,23.1789,-265.0,18.3
timing,23.1789,11.3,27.6
det,23.1789,955.62,789.0,118.75,293.0,0.68,Body
cover,23.2224,1,0,1,1
err,23.2225,-265.12,20.5
timing,23.2225,13.8,28.2
det,23.2225,956.0,791.5,117.75,290.0,0.705,Body
cover,23.2633,1,0,1,1
err,23.2634,-265.06,19.6
timing,23.2634,10.9,28.5
det,23.2634,955.88,790.62,118.12,289.75,0.706,Body
cover,23.3078,1,0,1,1
err,23.3078,-264.94,19.2
timing,23.3078,13.0,29.4
det,23.3078,956.06,790.0,118.0,292.0,0.718,Body
cover,23.3522,1,0,1,1
err,23.3523,-265.06,19.6
timing,23.3523,13.7,29.2
det,23.3523,956.0,790.5,117.88,291.0,0.714,Body
cover,23.3909,1,0,1,1
err,23.3909,-264.75,21.0
timing,23.3909,8.9,28.0
det,23.3909,956.0,792.12,118.5,288.75,0.677,Body
cover,23.4311,1,0,1,1
err,23.4312,-265.94,37.3
timing,23.4312,12.1,26.7
det,23.4312,956.12,808.88,115.88,284.25,0.693,Body
cover,23.473,1,0,1,1
err,23.473,-265.31,33.3
timing,23.473,13.1,27.4
det,23.473,956.12,803.5,117.12,298.0,0.771,Body
cover,23.5115,1,0,1,1
err,23.5116,-265.75,33.1
timing,23.5116,9.3,27.8
det,23.5116,955.5,804.62,117.5,284.75,0.687,Body
cover,23.5558,1,0,1,1
err,23.5558,-265.72,19.5
timing,23.5558,13.4,29.6
det,23.5558,955.31,790.12,117.94,293.75,0.637,Body
cover,23.5961,1,0,1,1
err,23.5961,-266.0,21.4
timing,23.5961,10.2,28.6
det,23.5961,955.56,793.0,116.88,284.0,0.647,Body
cover,23.6396,1,0,1,1
err,23.6397,-264.75,21.7
timing,23.6397,12.4,29.6
det,23.6397,956.12,792.88,118.25,288.25,0.648,Body
cover,23.6793,1,0,1,1
err,23.6794,-265.19,23.3
timing,23.6794,10.5,27.5
det,23.6794,955.25,795.0,119.12,283.0,0.557,Body
cover,23.7223,1,0,1,1
err,23.7223,-264.84,22.3
timing,23.7223,12.8,28.6
det,23.7223,956.0,794.0,118.31,283.0,0.698,Body
cover,23.7602,1,0,1,1
err,23.7603,-264.62,21.3
timing,23.7603,9.5,27.1
det,23.7603,956.12,792.5,118.5,288.0,0.715,Body
cover,23.8058,1,0,1,1
err,23.8059,-264.62,21.75
timing,23.8059,11.5,32.7
det,23.8059,956.06,793.0,118.62,287.5,0.705,Body
cover,23.845,1,0,1,1
err,23.845,-264.62,20.8
timing,23.845,9.4,28.3
det,23.845,956.12,792.12,118.5,286.75,0.72,Body
cover,23.8888,1,0,1,1
err,23.8889,-264.62,20.5
timing,23.8889,14.7,27.8
det,23.8889,956.25,791.5,118.25,290.0,0.712,Body
cover,23.928,1,0,1,0
nearest,23.928,-1
cover,23.9787,1,0,1,0
nearest,23.9787,-1
cover,24.0206,1,0,1,0
nearest,24.0206,-1
cover,24.0701,1,0,1,0
nearest,24.0701,-1
cover,24.1125,0,0,0,0
nearest,24.1125,-1
cover,24.1682,0,0,0,0
nearest,24.1682,-1
cover,24.2041,0,0,0,0
nearest,24.2041,-1
cover,24.2545,0,0,0,0
nearest,24.2545,-1
cover,24.2959,0,0,0,0
nearest,24.296,-1
cover,24.3438,0,0,0,0
nearest,24.3438,-1
cover,24.3888,0,0,0,0
nearest,24.3888,-1
cover,24.4283,0,0,0,0
nearest,24.4283,-1
cover,24.4741,0,0,0,0
nearest,24.4741,-1
cover,24.5148,0,0,0,0
nearest,24.5148,-1
cover,24.5541,0,0,0,0
nearest,24.5541,-1
cover,24.6004,0,0,0,0
nearest,24.6005,-1
cover,24.6371,0,0,0,0
nearest,24.6372,-1
cover,24.6791,0,0,0,0
nearest,24.6792,-1
cover,24.7221,0,0,0,0
nearest,24.7221,-1
cover,24.7617,0,0,0,0
nearest,24.7618,-1
cover,24.8111,0,0,0,0
nearest,24.8112,-1
cover,24.8509,0,0,0,0
nearest,24.8509,-1
cover,24.8961,0,0,0,0
nearest,24.8961,-1
cover,24.9342,0,0,0,0
nearest,24.9342,-1
cover,24.9667,0,0,0,0
nearest,24.9668,-1
cover,25.0166,0,0,0,0
nearest,25.0166,-1
cover,25.055,0,0,0,0
nearest,25.055,-1
cover,25.0962,0,0,0,0
nearest,25.0963,-1
cover,25.1334,0,0,0,0
nearest,25.1334,-1
cover,25.176,0,0,0,0
nearest,25.176,-1
cover,25.2301,0,0,0,0
nearest,25.2301,-1
cover,25.2754,0,0,0,0
nearest,25.2754,-1
cover,25.3145,0,0,0,0
nearest,25.3145,-1
cover,25.3635,0,0,0,0
nearest,25.3636,-1
cover,25.4101,0,0,0,0
nearest,25.4101,-1
cover,25.462,0,0,0,0
nearest,25.4621,-1
cover,25.5118,0,0,0,0
nearest,25.5118,-1
cover,25.5574,0,0,0,0
nearest,25.5574,-1
cover,25.6006,0,0,0,0
nearest,25.6006,-1
cover,25.6478,0,0,0,0
nearest,25.6479,-1
cover,25.7031,0,0,0,0
nearest,25.7031,-1
cover,25.7497,0,0,0,0
nearest,25.7497,-1
cover,25.7889,0,0,0,0
nearest,25.7889,-1
cover,25.8415,1,0,1,1
err,25.8416,-265.56,19.55
timing,25.8416,24.3,27.3
det,25.8416,955.62,788.5,117.62,310.5,0.625,Body
cover,25.8854,1,0,1,1
err,25.8855,-265.56,19.55
timing,25.8855,14.0,28.7
det,25.8855,955.62,788.5,117.62,310.5,0.625,Body
cover,25.9361,1,0,1,1
err,25.9362,-265.56,19.55
timing,25.9362,22.1,27.6
det,25.9362,955.62,788.5,117.62,310.5,0.625,Body
cover,26.0204,1,0,1,1
err,26.0205,-265.56,19.55
timing,26.0205,23.3,60.2
det,26.0205,955.62,788.5,117.62,310.5,0.625,Body
cover,26.0682,1,0,1,1
err,26.0682,-265.0,19.1
timing,26.0682,14.8,31.9
det,26.0682,955.88,790.0,118.25,291.0,0.763,Body
cover,26.1101,1,0,1,1
err,26.1101,-265.53,22.7
timing,26.1101,9.8,30.2
det,26.1101,955.62,794.0,117.69,287.0,0.704,Body
cover,26.1646,1,0,1,1
err,26.1647,-265.38,22.0
timing,26.1647,17.2,34.9
det,26.1647,955.62,793.12,118.0,288.75,0.711,Body
cover,26.2189,1,0,1,1
err,26.219,-265.5,21.8
timing,26.219,21.4,31.0
det,26.219,955.5,792.88,118.0,289.25,0.71,Body
cover,26.2647,1,0,1,1
err,26.2647,-265.38,20.85
timing,26.2647,10.3,34.4
det,26.2647,955.62,792.0,118.0,288.5,0.731,Body
cover,26.3151,1,0,1,1
err,26.3152,-265.44,32.95
timing,26.3152,15.2,33.5
det,26.3152,956.25,803.5,116.62,294.5,0.736,Body
cover,26.368,1,0,1,1
err,26.368,-266.56,34.2
timing,26.368,14.4,36.3
det,26.368,955.12,805.12,116.62,290.75,0.707,Body
cover,26.4172,1,0,1,1
err,26.4172,-267.69,20.1
timing,26.4172,12.3,35.4
det,26.4172,956.25,791.0,112.12,291.0,0.611,Body
cover,26.4576,1,0,1,1
err,26.4576,-265.06,15.8
timing,26.4576,11.2,27.5
det,26.4576,955.38,786.5,119.12,293.0,0.675,Body
cover,26.5013,1,0,1,1
err,26.5013,-264.81,22.2
timing,26.5013,13.1,29.0
det,26.5013,955.88,793.38,118.62,288.25,0.685,Body
cover,26.5374,1,0,1,1
err,26.5375,-265.41,20.95
timing,26.5375,6.6,28.1
det,26.5375,955.56,792.5,118.06,284.5,0.693,Body
cover,26.5844,1,0,1,1
err,26.5845,-265.62,20.5
timing,26.5845,10.1,35.2
det,26.5845,955.5,792.0,117.75,285.0,0.708,Body
cover,26.6255,1,0,1,1
err,26.6255,-265.44,22.25
timing,26.6255,11.0,28.6
det,26.6255,955.62,793.5,117.88,287.5,0.734,Body
cover,26.6737,1,0,1,1
err,26.6738,-265.38,35.15
timing,26.6738,16.7,29.9
det,26.6738,956.25,806.5,116.75,286.5,0.756,Body
cover,26.7176,1,0,1,1
err,26.7176,-266.44,33.25
timing,26.7176,13.1,29.1
det,26.7176,955.0,804.0,117.12,292.5,0.695,Body
cover,26.7558,1,0,1,1
err,26.7559,-267.25,16.9
timing,26.7559,9.7,26.9
det,26.7559,956.0,787.12,113.5,297.75,0.646,Body
cover,26.7978,1,0,1,1
err,26.7978,-266.19,15.85
timing,26.7978,10.3,30.0
det,26.7978,955.38,786.5,116.88,293.5,0.627,Body
cover,26.8383,1,0,1,1
err,26.8384,-264.94,17.4
timing,26.8384,12.3,26.7
det,26.8384,955.25,788.12,119.62,292.75,0.609,Body
cover,26.884,1,0,1,1
err,26.884,-265.5,29.6
timing,26.884,15.0,28.8
det,26.884,956.0,800.12,117.0,294.75,0.756,Body
cover,26.9199,1,0,1,1
err,26.9199,-265.09,38.2
timing,26.9199,7.1,27.3
det,26.9199,956.31,809.38,117.19,288.25,0.737,Body
cover,26.9604,1,0,1,1
err,26.9604,-265.44,37.0
timing,26.9604,9.8,29.2
det,26.9604,956.0,808.0,117.12,290.0,0.722,Body
cover,27.0036,1,0,1,1
err,27.0036,-264.5,31.0
timing,27.0036,13.7,27.9
det,27.0036,954.81,802.38,121.38,286.25,0.599,Body
cover,27.0503,1,0,1,1
err,27.0503,-263.75,46.9
timing,27.0503,14.4,30.9
det,27.0503,956.56,817.62,119.38,292.75,0.752,Body
cover,27.0888,1,0,1,1
err,27.0888,-264.56,34.4
timing,27.0888,9.7,27.4
det,27.0888,956.88,806.0,117.12,284.0,0.685,Body
cover,27.127,2,1,1,1
err,27.127,-264.75,24.65
timing,27.127,8.2,26.6
det,27.127,955.25,795.0,120.0,296.5,0.646,Body
det,27.127,980.53,787.25,38.81,50.0,0.552,Head
cover,27.1683,2,1,1,1
err,27.1684,-264.38,22.2
timing,27.1684,12.4,27.3
det,27.1684,956.38,792.0,118.5,302.0,0.764,Body
det,27.1684,980.12,783.88,38.56,51.25,0.521,Head
cover,27.2089,2,0,2,1
err,27.2091,-265.44,28.4
timing,27.2091,10.0,29.1
det,27.2091,955.94,799.88,117.25,285.25,0.784,Body
det,27.2091,1507.75,848.62,8.5,19.75,0.518,Body
cover,27.2515,1,0,1,1
err,27.2515,-264.47,34.45
timing,27.2515,12.5,28.3
det,27.2515,955.31,803.5,120.44,309.5,0.784,Body
cover,27.291,1,0,1,1
err,27.2911,-265.69,51.9
timing,27.2911,10.6,28.1
det,27.2911,956.06,824.5,116.5,274.0,0.766,Body
cover,27.3343,1,0,1,1
err,27.3343,-264.06,48.5
timing,27.3343,12.4,29.2
det,27.3343,955.62,820.12,120.62,283.75,0.763,Body
cover,27.3723,1,0,1,1
err,27.3723,-263.0,41.0
timing,27.3723,9.5,27.0
det,27.3723,955.25,811.5,123.5,295.0,0.739,Body
cover,27.4157,1,0,1,1
err,27.4158,-262.72,56.9
timing,27.4158,12.9,28.6
det,27.4158,954.31,828.0,125.94,289.0,0.685,Body
cover,27.4514,1,0,1,1
err,27.4514,-262.81,66.5
timing,27.4514,7.4,26.6
det,27.4514,954.81,836.12,124.75,303.75,0.705,Body
cover,27.4926,1,0,1,1
err,27.4926,-263.56,46.4
timing,27.4926,13.6,26.1
det,27.4926,954.44,816.5,124.0,299.0,0.694,Body
cover,27.5347,1,0,1,1
err,27.5348,-262.69,36.4
timing,27.5348,11.6,28.7
det,27.5348,954.94,807.0,124.75,294.0,0.646,Body
cover,27.5726,1,0,1,1
err,27.5727,-264.0,47.1
timing,27.5727,10.2,26.0
det,27.5727,956.81,819.0,118.38,281.0,0.68,Body
cover,27.6173,1,0,1,1
err,27.6174,-261.84,42.0
timing,27.6174,12.0,31.2
det,27.6174,954.16,812.5,128.0,295.0,0.771,Body
cover,27.655,1,0,1,1
err,27.655,-254.12,35.6
timing,27.655,9.7,26.5
det,27.655,952.12,807.5,147.5,281.0,0.748,Body
cover,27.6932,1,0,1,1
err,27.6933,-251.5,31.3
timing,27.6933,9.8,27.0
det,27.6933,953.38,803.0,150.25,283.0,0.768,Body
cover,27.7379,1,0,1,1
err,27.7379,-251.75,35.3
timing,27.7379,14.3,28.9
det,27.7379,952.88,808.0,150.75,273.0,0.754,Body
cover,27.7765,1,0,1,1
err,27.7766,-253.12,-1.4
timing,27.7766,10.8,26.2
det,27.7766,952.12,768.0,149.5,306.0,0.752,Body
cover,27.8191,1,0,1,1
err,27.8192,-253.25,8.4
timing,27.8192,12.6,28.6
det,27.8192,955.38,777.0,142.75,314.0,0.732,Body
cover,27.8573,2,0,2,1
err,27.8573,-255.0,11.6
timing,27.8573,9.1,27.6
det,27.8573,951.75,784.12,146.5,274.75,0.784,Body
det,27.8573,1051.66,969.5,52.44,152.0,0.654,Body
cover,27.9003,2,0,2,1
err,27.9004,-255.38,11.65
timing,27.9004,11.4,30.3
det,27.9004,952.75,785.0,143.75,266.5,0.802,Body
det,27.9004,1050.53,969.25,54.94,151.5,0.721,Body
cover,27.9396,2,0,2,1
err,27.9396,-255.5,10.7
timing,27.9396,10.0,27.6
det,27.9396,952.62,784.0,143.75,267.0,0.801,Body
det,27.9396,1050.47,970.0,54.81,151.0,0.725,Body
cover,27.9777,2,0,2,1
err,27.9777,-253.12,8.9
timing,27.9777,10.5,26.7
det,27.9777,956.12,780.88,141.5,280.25,0.765,Body
det,27.9777,1050.5,970.88,55.0,150.25,0.688,Body
cover,28.0177,2,0,2,1
err,28.0177,-253.12,9.3
timing,28.0177,8.7,29.8
det,28.0177,956.12,781.5,141.5,278.0,0.765,Body
det,28.0177,1050.62,971.25,54.75,149.5,0.722,Body
cover,28.0562,1,0,1,1
err,28.0563,-254.38,36.15
timing,28.0563,9.9,27.9
det,28.0563,952.75,808.0,145.75,281.5,0.744,Body
cover,28.1004,1,0,1,1
err,28.1004,-254.75,28.3
timing,28.1004,10.9,31.9
det,28.1004,952.25,799.62,146.0,286.75,0.774,Body
cover,28.1394,1,0,1,1
err,28.1394,-254.56,30.15
timing,28.1394,10.1,27.4
det,28.1394,952.12,801.5,146.62,286.5,0.764,Body
cover,28.1842,1,0,1,1
err,28.1842,-271.88,33.2
timing,28.1842,15.4,28.0
det,28.1842,957.81,804.88,100.62,283.25,0.618,Body
cover,28.2216,0,0,0,0
nearest,28.2216,-1
cover,28.2609,0,0,0,0
nearest,28.2609,-1
cover,28.3031,0,0,0,0
nearest,28.3031,-1
cover,28.3405,0,0,0,0
nearest,28.3405,-1
cover,28.382,0,0,0,0
nearest,28.382,-1
cover,28.4199,0,0,0,0
nearest,28.42,-1
cover,28.4599,0,0,0,0
nearest,28.4599,-1
cover,28.5017,1,0,1,1
err,28.5018,-254.88,-10.5
timing,28.5018,12.4,28.6
det,28.5018,952.5,759.88,145.25,296.25,0.787,Body
cover,28.5395,2,0,2,1
err,28.5396,-253.62,7.35
timing,28.5396,9.4,26.9
det,28.5396,955.5,778.5,141.75,288.5,0.779,Body
det,28.5396,1052.12,972.5,54.12,148.0,0.707,Body
cover,28.5848,2,0,2,1
err,28.5849,-253.44,7.65
timing,28.5849,12.1,31.6
det,28.5849,955.62,779.0,141.88,286.5,0.782,Body
det,28.5849,1052.12,972.62,54.12,147.75,0.722,Body
cover,28.6219,1,0,1,1
err,28.6219,-254.0,6.75
timing,28.6219,10.1,26.1
det,28.6219,951.62,777.5,148.75,292.5,0.779,Body
cover,28.6589,1,0,1,1
err,28.659,-253.88,15.35
timing,28.659,10.6,25.5
det,28.659,952.38,787.5,147.5,278.5,0.777,Body
cover,28.7121,1,0,1,1
err,28.7122,-254.0,15.45
timing,28.7122,11.3,41.0
det,28.7122,952.25,787.5,147.5,279.5,0.776,Body
cover,28.7532,1,0,1,1
err,28.7532,-254.06,14.5
timing,28.7532,11.1,29.0
det,28.7532,952.12,786.5,147.62,280.0,0.776,Body
cover,28.7995,1,0,1,1
err,28.7995,-254.0,14.45
timing,28.7995,17.6,27.9
det,28.7995,952.25,786.5,147.5,279.5,0.778,Body
cover,28.8447,1,0,1,1
err,28.8448,-253.88,15.55
timing,28.8448,16.2,28.1
det,28.8448,952.12,787.5,148.0,280.5,0.773,Body
cover,28.885,2,0,2,1
err,28.8851,-279.81,7.5
timing,28.8851,9.8,29.1
det,28.8851,990.86,967.12,56.41,153.75,0.645,Body
det,28.8851,958.88,780.38,82.62,271.25,0.618,Body
cover,28.9314,2,0,2,1
err,28.9314,-279.72,6.3
timing,28.9314,15.4,29.3
det,28.9314,958.88,778.88,82.81,274.25,0.623,Body
det,28.9314,990.62,966.0,56.69,155.0,0.605,Body
cover,28.9781,0,0,0,0
nearest,28.9781,-1
cover,29.0186,0,0,0,0
nearest,29.0186,-1
cover,29.0627,0,0,0,0
nearest,29.0627,-1
cover,29.1034,0,0,0,0
nearest,29.1034,-1
cover,29.1445,0,0,0,0
nearest,29.1445,-1
cover,29.1834,0,0,0,0
nearest,29.1834,-1
cover,29.2274,0,0,0,0
nearest,29.2274,-1
cover,29.2664,0,0,0,0
nearest,29.2664,-1
cover,29.3117,0,0,0,0
nearest,29.3117,-1
cover,29.3522,1,0,1,0
nearest,29.3522,-1
cover,29.3941,1,0,1,1
err,29.3942,-244.44,164.6
timing,29.3942,12.4,27.9
det,29.3942,959.75,947.25,151.62,173.5,0.745,Body
cover,29.4411,1,0,1,1
err,29.4411,-245.25,111.2
timing,29.4411,13.9,31.3
det,29.4411,959.12,887.25,151.25,239.5,0.769,Body
cover,29.4795,1,0,1,1
err,29.4795,-243.12,90.8
timing,29.4795,8.4,28.2
det,29.4795,957.25,862.75,159.25,280.5,0.791,Body
cover,29.519,1,0,1,1
err,29.5191,-245.0,70.45
timing,29.5191,11.0,27.0
det,29.5191,957.38,840.5,155.25,299.5,0.833,Body
cover,29.5603,1,0,1,1
err,29.5603,-249.38,66.55
timing,29.5603,12.0,27.7
det,29.5603,954.25,836.0,152.75,305.5,0.763,Body
cover,29.6017,1,0,1,1
err,29.6017,-253.56,59.3
timing,29.6017,11.6,28.1
det,29.6017,950.88,828.5,151.12,308.0,0.78,Body
cover,29.6444,1,0,1,1
err,29.6444,-253.69,53.75
timing,29.6444,12.8,28.4
det,29.6444,951.88,823.5,148.88,302.5,0.777,Body
cover,29.6838,1,0,1,1
err,29.6838,-262.81,60.05
timing,29.6838,10.3,27.5
det,29.6838,954.56,831.0,125.25,290.5,0.757,Body
cover,29.728,1,0,1,1
err,29.7281,-265.34,61.6
timing,29.7281,13.6,29.2
det,29.7281,955.81,832.0,117.69,296.0,0.76,Body
cover,29.7657,1,0,1,1
err,29.7658,-265.28,61.3
timing,29.7658,6.8,29.3
det,29.7658,955.94,831.88,117.56,294.25,0.771,Body
cover,29.812,1,0,1,1
err,29.8121,-265.12,64.4
timing,29.8121,15.2,29.7
det,29.8121,956.06,835.12,117.62,292.75,0.753,Body
cover,29.8497,1,0,1,1
err,29.8498,-265.19,65.35
timing,29.8498,7.2,29.1
det,29.8498,956.12,836.0,117.38,293.5,0.748,Body
cover,29.8952,1,0,1,1
err,29.8952,-264.75,65.3
timing,29.8952,11.7,32.2
det,29.8952,956.06,835.88,118.38,294.25,0.731,Body
cover,29.9446,1,0,1,1
err,29.9446,-268.91,60.5
timing,29.9446,10.9,36.5
det,29.9446,957.94,831.88,106.31,286.25,0.609,Body
cover,29.9839,1,0,1,1
err,29.9839,-242.75,38.15
timing,29.9839,9.6,27.9
det,29.9839,963.25,808.5,148.0,296.5,0.761,Body
cover,30.0281,1,0,1,1
err,30.0282,-242.94,26.55
timing,30.0282,10.4,32.2
det,30.0282,961.25,795.5,151.62,310.5,0.761,Body
cover,30.0696,1,0,1,1
err,30.0697,-242.19,17.1
timing,30.0697,11.0,29.0
det,30.0697,962.75,787.0,150.12,301.0,0.774,Body
cover,30.1109,1,0,1,1
err,30.1109,-243.62,13.9
timing,30.1109,11.7,28.0
det,30.1109,961.88,783.38,149.0,305.25,0.731,Body
cover,30.1511,1,0,1,1
err,30.1512,-243.5,13.65
timing,30.1512,9.7,29.0
det,30.1512,961.88,783.0,149.25,306.5,0.739,Body
cover,30.1952,1,0,1,1
err,30.1952,-243.69,13.2
timing,30.1952,13.0,29.2
det,30.1952,961.88,782.62,148.88,305.75,0.732,Body
cover,30.2383,1,0,1,1
err,30.2384,-243.12,10.8
timing,30.2384,10.7,30.7
det,30.2384,961.0,780.12,151.75,306.75,0.752,Body
cover,30.2853,1,0,1,1
err,30.2854,-243.19,12.05
timing,30.2854,15.4,29.9
det,30.2854,960.88,781.5,151.88,305.5,0.755,Body
cover,30.3284,1,0,1,1
err,30.3284,-243.06,11.15
timing,30.3284,12.6,28.6
det,30.3284,960.88,780.5,152.12,306.5,0.756,Body
cover,30.3703,1,0,1,1
err,30.3704,-242.38,9.1
timing,30.3704,10.3,30.7
det,30.3704,960.88,778.12,153.5,309.75,0.745,Body
cover,30.4113,1,0,1,1
err,30.4113,-240.94,26.3
timing,30.4113,12.0,27.4
det,30.4113,961.88,795.0,154.38,313.0,0.758,Body
cover,30.4487,1,0,1,1
err,30.4488,-240.88,25.5
timing,30.4488,9.9,25.9
det,30.4488,962.0,794.5,154.25,310.0,0.705,Body
cover,30.491,2,1,1,1
err,30.4911,-238.5,22.85
timing,30.4911,14.1,26.6
det,30.4911,961.5,793.0,160.0,298.5,0.757,Body
det,30.4911,1027.56,782.62,38.75,51.75,0.551,Head
cover,30.5319,1,0,1,1
err,30.5319,-239.88,33.35
timing,30.5319,9.6,29.6
det,30.5319,962.5,805.5,155.25,278.5,0.777,Body
cover,30.5774,1,0,1,1
err,30.5775,-239.44,23.1
timing,30.5775,12.9,30.9
det,30.5775,963.62,794.0,153.88,291.0,0.771,Body
cover,30.6185,1,0,1,1
err,30.6185,-241.44,44.95
timing,30.6185,12.2,27.4
det,30.6185,963.62,816.5,149.88,284.5,0.75,Body
cover,30.6613,1,0,1,1
err,30.6614,-240.75,33.25
timing,30.6614,15.0,26.4
det,30.6614,964.25,803.5,150.0,297.5,0.772,Body
cover,30.698,1,0,1,1
err,30.698,-242.12,22.3
timing,30.698,9.2,26.0
det,30.698,962.5,791.0,150.75,313.0,0.721,Body
cover,30.7447,1,0,1,1
err,30.7447,-238.38,20.85
timing,30.7447,15.5,29.7
det,30.7447,962.38,791.5,158.5,293.5,0.699,Body
cover,30.7794,1,0,1,1
err,30.7795,-239.75,28.5
timing,30.7795,7.6,25.5
det,30.7795,963.88,800.12,152.75,283.75,0.729,Body
cover,30.8192,1,0,1,1
err,30.8192,-242.69,31.9
timing,30.8192,10.0,28.1
det,30.8192,959.62,803.0,155.38,289.0,0.78,Body
cover,30.8622,1,0,1,1
err,30.8622,-242.88,28.4
timing,30.8622,15.9,25.7
det,30.8622,958.88,799.12,156.5,292.75,0.781,Body
cover,30.8992,1,0,1,1
err,30.8992,-245.5,22.7
timing,30.8992,10.0,26.4
det,30.8992,959.0,793.0,151.0,297.0,0.799,Body
cover,30.9411,1,0,1,1
err,30.9411,-246.12,19.7
timing,30.9411,12.7,27.8
det,30.9411,958.75,790.0,150.25,297.0,0.814,Body
cover,30.9778,1,0,1,1
err,30.9778,-245.56,17.7
timing,30.9778,9.2,26.0
det,30.9778,958.88,787.12,151.12,305.75,0.795,Body
cover,31.019,1,0,1,1
err,31.019,-245.81,8.6
timing,31.019,13.4,26.4
det,31.019,958.25,776.88,151.88,317.25,0.796,Body
cover,31.06,1,0,1,1
err,31.06,-245.62,7.3
timing,31.06,11.2,28.6
det,31.06,958.25,775.5,152.25,318.0,0.799,Body
cover,31.0983,1,0,1,1
err,31.0984,-245.5,4.0
timing,31.0984,11.4,25.5
det,31.0984,960.5,772.0,148.0,320.0,0.769,Body
cover,31.1361,1,0,1,1
err,31.1361,-242.0,9.2
timing,31.1361,12.7,23.6
det,31.1361,961.5,778.0,153.0,312.0,0.762,Body
cover,31.178,1,0,1,1
err,31.1781,-241.62,19.2
timing,31.1781,11.7,28.9
det,31.1781,961.25,791.0,154.25,282.0,0.711,Body
cover,31.2141,1,0,1,1
err,31.2142,-242.81,-0.2
timing,31.2142,9.9,24.6
det,31.2142,962.38,769.38,149.62,304.25,0.767,Body
cover,31.2585,1,0,1,1
err,31.2585,-243.12,-39.0
timing,31.2585,15.1,27.6
det,31.2585,962.25,729.5,149.25,315.0,0.751,Body
cover,31.3009,1,0,1,1
err,31.301,-242.5,-85.55
timing,31.301,15.3,25.4
det,31.301,964.5,683.0,146.0,314.5,0.717,Body
cover,31.3453,1,0,1,1
err,31.3453,-240.0,-83.4
timing,31.3453,16.7,26.0
det,31.3453,965.75,687.88,148.5,287.25,0.753,Body
cover,31.3838,1,0,1,1
err,31.3839,-239.62,-124.6
timing,31.3839,9.2,27.7
det,31.3839,963.25,648.12,154.25,272.75,0.725,Body
cover,31.4293,1,0,1,1
err,31.4294,-241.81,-152.0
timing,31.4294,16.2,27.7
det,31.4294,964.38,616.0,147.62,320.0,0.706,Body
cover,31.467,2,1,1,0
nearest,31.467,312.8
cover,31.5117,1,0,1,0
nearest,31.5117,-1
cover,31.5505,1,0,1,0
nearest,31.5505,-1
cover,31.5953,1,0,1,0
nearest,31.5953,-1
cover,31.6339,1,0,1,0
nearest,31.6339,-1
cover,31.6776,2,0,2,1
err,31.6777,-215.75,-94.7
timing,31.6777,15.3,26.9
det,31.6777,956.19,501.0,116.94,266.5,0.72,Body
det,31.6777,1031.09,689.81,66.31,154.88,0.57,Body
cover,31.7161,1,0,1,0
nearest,31.7161,-1
cover,31.762,1,0,1,0
nearest,31.762,-1
cover,31.7969,0,0,0,0
nearest,31.7969,-1
cover,31.8333,0,0,0,0
nearest,31.8333,-1
cover,31.8708,0,0,0,0
nearest,31.8708,-1
cover,31.9109,0,0,0,0
nearest,31.9109,-1
cover,31.947,0,0,0,0
nearest,31.9471,-1
cover,31.9868,0,0,0,0
nearest,31.9869,-1
cover,32.0251,0,0,0,0
nearest,32.0251,-1
cover,32.0614,0,0,0,0
nearest,32.0614,-1
cover,32.0949,0,0,0,0
nearest,32.0949,-1
cover,32.1333,0,0,0,0
nearest,32.1334,-1
cover,32.172,0,0,0,0
nearest,32.172,-1
cover,32.2147,0,0,0,0
nearest,32.2149,-1
cover,32.255,0,0,0,0
nearest,32.255,-1
cover,32.297,0,0,0,0
nearest,32.297,-1
cover,32.3355,0,0,0,0
nearest,32.3355,-1
cover,32.371,0,0,0,0
nearest,32.371,-1
cover,32.4041,0,0,0,0
nearest,32.4042,-1
cover,32.446,0,0,0,0
nearest,32.4461,-1
cover,32.4825,0,0,0,0
nearest,32.4825,-1
cover,32.5206,2,0,2,1
err,32.5206,-278.56,23.2
timing,32.5206,13.8,23.5
det,32.5206,958.62,794.5,85.62,287.0,0.604,Body
det,32.5206,992.88,996.5,49.0,124.0,0.584,Body
cover,32.5621,1,0,1,1
err,32.5622,-274.56,23.95
timing,32.5622,12.4,27.6
det,32.5622,956.5,794.0,97.88,299.5,0.663,Body
cover,32.5972,1,0,1,1
err,32.5972,-274.59,21.85
timing,32.5972,6.2,27.3
det,32.5972,956.56,791.5,97.69,303.5,0.684,Body
cover,32.6338,1,0,1,1
err,32.6338,-255.88,46.1
timing,32.6338,9.7,25.4
det,32.6338,952.62,817.88,143.0,282.25,0.754,Body
cover,32.6706,1,0,1,1
err,32.6707,-253.75,39.6
timing,32.6707,10.0,25.4
det,32.6707,955.12,808.62,142.25,309.75,0.756,Body
cover,32.7125,1,0,1,1
err,32.7125,-249.25,57.2
timing,32.7125,11.2,29.0
det,32.7125,955.88,829.5,149.75,277.0,0.771,Body
cover,32.7517,1,0,1,1
err,32.7517,-255.44,53.85
timing,32.7517,10.1,27.8
det,32.7517,955.25,824.5,138.62,293.5,0.773,Body
cover,32.7862,1,0,1,1
err,32.7863,-255.62,52.95
timing,32.7863,9.1,23.9
det,32.7863,955.25,823.5,138.25,294.5,0.772,Body
cover,32.8291,1,0,1,1
err,32.8291,-255.25,55.25
timing,32.8291,13.0,29.1
det,32.8291,955.25,826.0,139.0,292.5,0.771,Body
cover,32.8674,1,0,1,1
err,32.8675,-254.75,52.95
timing,32.8675,11.6,25.9
det,32.8675,955.5,823.5,139.5,294.5,0.767,Body
cover,32.912,1,0,1,1
err,32.9121,-255.12,51.05
timing,32.9121,14.7,28.3
det,32.9121,955.38,821.5,139.0,295.5,0.763,Body
cover,32.9498,1,0,1,1
err,32.9498,-255.06,51.55
timing,32.9498,9.7,25.7
det,32.9498,955.38,822.0,139.12,295.5,0.76,Body
cover,32.9827,1,0,1,1
err,32.9828,-255.19,51.8
timing,32.9828,6.4,25.8
det,32.9828,955.38,822.38,138.88,294.25,0.756,Body
cover,33.0188,1,0,1,1
err,33.0188,-255.38,52.35
timing,33.0188,9.9,25.3
det,33.0188,955.38,823.0,138.5,293.5,0.76,Body
cover,33.0622,1,0,1,1
err,33.0622,-247.62,54.4
timing,33.0622,12.1,29.8
det,33.0622,956.12,825.0,152.5,294.0,0.784,Body
cover,33.0981,1,0,1,1
err,33.0981,-246.5,29.25
timing,33.0981,9.1,25.3
det,33.0981,955.75,798.5,155.5,307.5,0.773,Body
cover,33.1427,1,0,1,1
err,33.1428,-245.25,24.5
timing,33.1428,16.1,26.9
det,33.1428,957.25,795.0,155.0,295.0,0.78,Body
cover,33.1815,1,0,1,1
err,33.1815,-245.5,28.15
timing,33.1815,8.7,28.4
det,33.1815,957.25,799.5,154.5,286.5,0.795,Body
cover,33.2196,1,0,1,1
err,33.2196,-247.19,12.05
timing,33.2196,11.4,25.2
det,33.2196,956.88,781.5,151.88,305.5,0.774,Body
cover,33.2632,1,0,1,1
err,33.2632,-246.88,15.15
timing,33.2632,11.8,30.3
det,33.2632,957.38,786.5,151.5,286.5,0.754,Body
cover,33.2982,1,0,1,1
err,33.2982,-246.88,14.65
timing,33.2982,8.9,24.7
det,33.2982,957.5,786.0,151.25,286.5,0.756,Body
cover,33.3364,1,0,1,1
err,33.3364,-247.12,14.7
timing,33.3364,10.3,26.5
det,33.3364,957.25,786.12,151.25,285.75,0.752,Body
cover,33.3781,1,0,1,1
err,33.3781,-247.0,14.65
timing,33.3781,11.4,28.7
det,33.3781,957.38,786.0,151.25,286.5,0.752,Body
cover,33.4168,1,0,1,1
err,33.4168,-247.0,14.6
timing,33.4168,10.5,26.7
det,33.4168,957.38,786.0,151.25,286.0,0.758,Body
cover,33.4539,1,0,1,1
err,33.4539,-246.88,14.3
timing,33.4539,9.7,26.0
det,33.4539,957.25,785.62,151.75,286.75,0.761,Body
cover,33.4955,1,0,1,1
err,33.4955,-246.62,15.05
timing,33.4955,12.2,27.8
det,33.4955,957.38,786.5,152.0,285.5,0.755,Body
cover,33.5334,1,0,1,1
err,33.5334,-246.81,14.9
timing,33.5334,9.3,26.9
det,33.5334,957.38,786.38,151.62,285.25,0.767,Body
cover,33.5874,1,0,1,1
err,33.5874,-243.62,30.9
timing,33.5874,12.3,39.9
det,33.5874,957.75,802.5,157.25,284.0,0.754,Body
cover,33.634,1,0,1,1
err,33.6341,-246.5,25.8
timing,33.6341,17.1,28.0
det,33.6341,957.0,797.0,153.0,288.0,0.757,Body
cover,33.6791,1,0,1,1
err,33.6791,-247.06,10.5
timing,33.6791,17.1,26.4
det,33.6791,956.75,780.12,152.38,303.75,0.748,Body
cover,33.7161,1,0,1,1
err,33.7161,-247.0,9.3
timing,33.7161,9.4,26.3
det,33.7161,956.25,778.12,153.5,311.75,0.749,Body
cover,33.7516,1,0,1,1
err,33.7516,-246.06,15.8
timing,33.7516,7.0,27.6
det,33.7516,958.5,787.5,150.88,283.0,0.778,Body
cover,33.7877,1,0,1,1
err,33.7878,-245.25,12.6
timing,33.7878,11.0,23.6
det,33.7878,958.38,784.0,152.75,286.0,0.768,Body
cover,33.8286,1,0,1,1
err,33.8287,-246.12,12.8
timing,33.8287,11.9,27.6
det,33.8287,958.25,784.12,151.25,286.75,0.773,Body
cover,33.865,1,0,1,1
err,33.865,-246.5,13.6
timing,33.865,9.1,25.9
det,33.865,957.5,785.0,152.0,286.0,0.764,Body
cover,33.9088,1,0,1,1
err,33.9088,-246.5,12.9
timing,33.9088,13.0,29.5
det,33.9088,957.5,784.0,152.0,289.0,0.767,Body
cover,33.9457,1,0,1,1
err,33.9457,-246.12,12.85
timing,33.9457,7.6,27.7
det,33.9457,957.75,784.0,152.25,288.5,0.768,Body
cover,33.9846,1,0,1,1
err,33.9847,-245.88,13.35
timing,33.9847,13.6,23.9
det,33.9847,957.5,784.5,153.25,288.5,0.758,Body
cover,34.0201,1,0,1,1
err,34.0202,-245.88,14.2
timing,34.0202,9.7,24.3
det,34.0202,957.62,785.38,153.0,288.25,0.762,Body
cover,34.0635,1,0,1,1
err,34.0635,-244.25,26.3
timing,34.0635,13.9,28.6
det,34.0635,958.25,797.5,155.0,288.0,0.785,Body
cover,34.1051,1,0,1,1
err,34.1051,-247.38,17.95
timing,34.1051,10.4,29.7
det,34.1051,957.38,788.0,150.5,299.5,0.784,Body
cover,34.1462,1,0,1,1
err,34.1462,-246.31,8.1
timing,34.1462,11.7,28.0
det,34.1462,956.25,776.88,154.88,312.25,0.762,Body
cover,34.1845,1,0,1,1
err,34.1846,-247.62,10.6
timing,34.1846,10.1,26.8
det,34.1846,956.25,779.88,152.25,307.25,0.747,Body
cover,34.2209,1,0,1,1
err,34.2209,-245.5,15.05
timing,34.2209,11.1,23.8
det,34.2209,958.5,786.5,152.0,285.5,0.772,Body
cover,34.2685,1,0,1,0
nearest,34.2685,-1
cover,34.3124,1,0,1,0
nearest,34.3124,-1
cover,34.3522,1,0,1,0
nearest,34.3522,-1
cover,34.3967,1,0,1,0
nearest,34.3967,-1
cover,34.4355,0,0,0,0
nearest,34.4355,-1
cover,34.4765,0,0,0,0
nearest,34.4765,-1
cover,34.5247,0,0,0,0
nearest,34.5248,-1
cover,34.5663,0,0,0,0
nearest,34.5663,-1
cover,34.606,0,0,0,0
nearest,34.606,-1
cover,34.6564,0,0,0,0
nearest,34.6564,-1
cover,34.703,0,0,0,0
nearest,34.7031,-1
cover,34.7377,0,0,0,0
nearest,34.7377,-1
cover,34.7709,0,0,0,0
nearest,34.7709,-1
cover,34.8059,0,0,0,0
nearest,34.8059,-1
cover,34.8489,0,0,0,0
nearest,34.8489,-1
cover,34.8957,0,0,0,0
nearest,34.8957,-1
cover,34.9321,0,0,0,0
nearest,34.9321,-1
cover,34.9763,0,0,0,0
nearest,34.9764,-1
cover,35.0176,0,0,0,0
nearest,35.0176,-1
cover,35.0602,0,0,0,0
nearest,35.0602,-1
cover,35.0994,0,0,0,0
nearest,35.0994,-1
cover,35.1408,0,0,0,0
nearest,35.1408,-1
cover,35.182,0,0,0,0
nearest,35.182,-1
cover,35.2265,0,0,0,0
nearest,35.2265,-1
cover,35.2642,0,0,0,0
nearest,35.2642,-1
cover,35.3082,0,0,0,0
nearest,35.3083,-1
cover,35.3495,0,0,0,0
nearest,35.3496,-1
cover,35.3964,0,0,0,0
nearest,35.3965,-1
cover,35.4313,0,0,0,0
nearest,35.4313,-1
cover,35.4778,0,0,0,0
nearest,35.4778,-1
cover,35.5287,0,0,0,0
nearest,35.5287,-1
cover,35.602,0,0,0,0
nearest,35.602,-1
cover,35.6514,0,0,0,0
nearest,35.6514,-1
cover,35.6951,0,0,0,0
nearest,35.6952,-1
cover,35.7339,0,0,0,0
nearest,35.7339,-1
cover,35.7825,0,0,0,0
nearest,35.7825,-1
cover,35.8302,0,0,0,0
nearest,35.8302,-1
cover,35.8787,0,0,0,0
nearest,35.8788,-1
cover,35.9239,0,0,0,0
nearest,35.924,-1
cover,35.9664,0,0,0,0
nearest,35.9664,-1
cover,36.0137,0,0,0,0
nearest,36.0137,-1
cover,36.062,0,0,0,0
nearest,36.0621,-1
cover,36.1023,0,0,0,0
nearest,36.1023,-1
cover,36.1443,0,0,0,0
nearest,36.1443,-1
cover,36.1832,0,0,0,0
nearest,36.1832,-1
cover,36.2304,0,0,0,0
nearest,36.2304,-1
cover,36.2798,0,0,0,0
nearest,36.2798,-1
cover,36.3324,0,0,0,0
nearest,36.3324,-1
cover,36.3749,0,0,0,0
nearest,36.3749,-1
cover,36.4244,0,0,0,0
nearest,36.4244,-1
cover,36.4699,0,0,0,0
nearest,36.47,-1
cover,36.5156,0,0,0,0
nearest,36.5156,-1
cover,36.5585,0,0,0,0
nearest,36.5585,-1
cover,36.6015,0,0,0,0
nearest,36.6015,-1
cover,36.6477,0,0,0,0
nearest,36.6477,-1
cover,36.6938,0,0,0,0
nearest,36.6938,-1
cover,36.7361,0,0,0,0
nearest,36.7361,-1
cover,36.7801,0,0,0,0
nearest,36.7801,-1
cover,36.8287,0,0,0,0
nearest,36.8287,-1
cover,36.8662,0,0,0,0
nearest,36.8662,-1
cover,36.9099,0,0,0,0
nearest,36.91,-1
cover,36.9489,0,0,0,0
nearest,36.949,-1
cover,37.0013,0,0,0,0
nearest,37.0013,-1
cover,37.0424,0,0,0,0
nearest,37.0424,-1
cover,37.0886,0,0,0,0
nearest,37.0886,-1
cover,37.1401,0,0,0,0
nearest,37.1401,-1
cover,37.1823,0,0,0,0
nearest,37.1823,-1
cover,37.2266,0,0,0,0
nearest,37.2266,-1
cover,37.2651,0,0,0,0
nearest,37.2651,-1
cover,37.3106,0,0,0,0
nearest,37.3106,-1
cover,37.351,0,0,0,0
nearest,37.351,-1
cover,37.3923,0,0,0,0
nearest,37.3923,-1
cover,37.4382,0,0,0,0
nearest,37.4383,-1
cover,37.5473,0,0,0,0
nearest,37.5473,-1
cover,37.5951,0,0,0,0
nearest,37.5951,-1
cover,37.6369,0,0,0,0
nearest,37.6369,-1
cover,37.6742,0,0,0,0
nearest,37.6742,-1
cover,37.7165,0,0,0,0
nearest,37.7165,-1
cover,37.7649,0,0,0,0
nearest,37.7649,-1
cover,37.8111,0,0,0,0
nearest,37.8111,-1
cover,37.8508,0,0,0,0
nearest,37.8508,-1
cover,37.8952,0,0,0,0
nearest,37.8952,-1
cover,37.9331,0,0,0,0
nearest,37.9331,-1
cover,37.9764,0,0,0,0
nearest,37.9764,-1
cover,38.018,0,0,0,0
nearest,38.018,-1
cover,38.0602,0,0,0,0
nearest,38.0602,-1
cover,38.1026,0,0,0,0
nearest,38.1026,-1
cover,38.1421,0,0,0,0
nearest,38.1421,-1
cover,38.1824,0,0,0,0
nearest,38.1824,-1
cover,38.2299,0,0,0,0
nearest,38.2299,-1
cover,38.2683,0,0,0,0
nearest,38.2683,-1
cover,38.3075,0,0,0,0
nearest,38.3075,-1
cover,38.3638,0,0,0,0
nearest,38.3639,-1
cover,38.413,0,0,0,0
nearest,38.413,-1
cover,38.4518,0,0,0,0
nearest,38.4519,-1
cover,38.4949,0,0,0,0
nearest,38.4949,-1
cover,38.5353,0,0,0,0
nearest,38.5354,-1
cover,38.5781,0,0,0,0
nearest,38.5781,-1
cover,38.6196,0,0,0,0
nearest,38.6196,-1
cover,38.6609,0,0,0,0
nearest,38.6609,-1
cover,38.7059,0,0,0,0
nearest,38.7059,-1
cover,38.7511,0,0,0,0
nearest,38.7511,-1
cover,38.7947,0,0,0,0
nearest,38.7947,-1
cover,38.8332,0,0,0,0
nearest,38.8332,-1
cover,38.8831,0,0,0,0
nearest,38.8831,-1
cover,38.9266,0,0,0,0
nearest,38.9266,-1
cover,38.965,0,0,0,0
nearest,38.965,-1
cover,39.0081,0,0,0,0
nearest,39.0081,-1
cover,39.0591,0,0,0,0
nearest,39.0592,-1
cover,39.1012,0,0,0,0
nearest,39.1012,-1
cover,39.1452,0,0,0,0
nearest,39.1452,-1
cover,39.1852,0,0,0,0
nearest,39.1852,-1
cover,39.2286,0,0,0,0
nearest,39.2286,-1
cover,39.2663,0,0,0,0
nearest,39.2663,-1
cover,39.3106,0,0,0,0
nearest,39.3106,-1
cover,39.3521,0,0,0,0
nearest,39.3521,-1
cover,39.3947,0,0,0,0
nearest,39.3947,-1
cover,39.4323,0,0,0,0
nearest,39.4323,-1
cover,39.4769,0,0,0,0
nearest,39.4769,-1
cover,39.515,0,0,0,0
nearest,39.515,-1
cover,39.5609,0,0,0,0
nearest,39.5609,-1
cover,39.6021,0,0,0,0
nearest,39.6021,-1
cover,39.6474,0,0,0,0
nearest,39.6474,-1
cover,39.6952,0,0,0,0
nearest,39.6952,-1
cover,39.7335,0,0,0,0
nearest,39.7335,-1
cover,39.7742,0,0,0,0
nearest,39.7742,-1
cover,39.8193,0,0,0,0
nearest,39.8193,-1
cover,39.8629,0,0,0,0
nearest,39.863,-1
cover,39.9009,0,0,0,0
nearest,39.9009,-1
cover,39.9413,0,0,0,0
nearest,39.9414,-1
cover,39.9846,0,0,0,0
nearest,39.9847,-1
cover,40.0292,0,0,0,0
nearest,40.0292,-1
cover,40.0714,0,0,0,0
nearest,40.0715,-1
cover,40.1161,0,0,0,0
nearest,40.1161,-1
cover,40.1657,0,0,0,0
nearest,40.1658,-1
cover,40.2141,0,0,0,0
nearest,40.2141,-1
cover,40.2615,0,0,0,0
nearest,40.2616,-1
cover,40.3045,0,0,0,0
nearest,40.3045,-1
cover,40.3499,0,0,0,0
nearest,40.3499,-1
cover,40.3986,0,0,0,0
nearest,40.3987,-1
cover,40.4482,0,0,0,0
nearest,40.4483,-1
cover,40.5014,0,0,0,0
nearest,40.5015,-1
cover,40.5482,0,0,0,0
nearest,40.5482,-1
cover,40.5953,0,0,0,0
nearest,40.5953,-1
cover,40.6384,0,0,0,0
nearest,40.6385,-1
cover,40.688,0,0,0,0
nearest,40.6881,-1
cover,40.7397,0,0,0,0
nearest,40.7398,-1
cover,40.7862,0,0,0,0
nearest,40.7862,-1
cover,40.8324,0,0,0,0
nearest,40.8324,-1
cover,40.878,0,0,0,0
nearest,40.8781,-1
cover,40.9211,0,0,0,0
nearest,40.9211,-1
cover,40.9613,0,0,0,0
nearest,40.9613,-1
cover,41.0014,0,0,0,0
nearest,41.0014,-1
cover,41.0418,0,0,0,0
nearest,41.0418,-1
cover,41.083,0,0,0,0
nearest,41.083,-1
cover,41.1311,0,0,0,0
nearest,41.1311,-1
cover,41.1779,0,0,0,0
nearest,41.178,-1
cover,41.2181,0,0,0,0
nearest,41.2181,-1
cover,41.2602,0,0,0,0
nearest,41.2603,-1
cover,41.3004,0,0,0,0
nearest,41.3004,-1
cover,41.3431,0,0,0,0
nearest,41.3432,-1
cover,41.3854,0,0,0,0
nearest,41.3854,-1
cover,41.4275,0,0,0,0
nearest,41.4275,-1
cover,41.4665,0,0,0,0
nearest,41.4665,-1
cover,41.5055,0,0,0,0
nearest,41.5056,-1
cover,41.5496,0,0,0,0
nearest,41.5496,-1
cover,41.5955,0,0,0,0
nearest,41.5955,-1
cover,41.6331,0,0,0,0
nearest,41.6331,-1
cover,41.6778,0,0,0,0
nearest,41.6778,-1
cover,41.7151,0,0,0,0
nearest,41.7152,-1
cover,41.7601,0,0,0,0
nearest,41.7601,-1
cover,41.8043,0,0,0,0
nearest,41.8044,-1
cover,41.8408,0,0,0,0
nearest,41.8408,-1
cover,41.8937,0,0,0,0
nearest,41.8937,-1
cover,41.9341,0,0,0,0
nearest,41.9342,-1
cover,41.9768,0,0,0,0
nearest,41.9769,-1
cover,42.0295,0,0,0,0
nearest,42.0295,-1
cover,42.0817,0,0,0,0
nearest,42.0818,-1
cover,42.1317,0,0,0,0
nearest,42.1318,-1
cover,42.1782,0,0,0,0
nearest,42.1782,-1
cover,42.2134,1,0,1,1
err,42.2135,-246.12,8.2
timing,42.2135,8.6,25.2
det,42.2135,958.75,777.0,150.25,312.0,0.76,Body
cover,42.253,1,0,1,1
err,42.253,-246.12,8.2
timing,42.253,13.6,24.7
det,42.253,958.75,777.0,150.25,312.0,0.76,Body
cover,42.2975,1,0,1,1
err,42.2975,-246.12,8.2
timing,42.2975,8.1,35.4
det,42.2975,958.75,777.0,150.25,312.0,0.76,Body
cover,42.3613,1,0,1,1
err,42.3614,-246.62,14.7
timing,42.3614,31.1,32.0
det,42.3614,957.25,786.0,152.25,287.0,0.76,Body
cover,42.4087,2,0,2,1
err,42.4087,-248.62,13.7
timing,42.4087,16.3,29.6
det,42.4087,956.75,785.5,149.25,282.0,0.776,Body
det,42.4087,1058.5,971.12,57.25,149.75,0.554,Body
cover,42.4552,2,0,2,1
err,42.4552,-248.81,13.25
timing,42.4552,9.7,35.3
det,42.4552,956.88,785.0,148.62,282.5,0.78,Body
det,42.4552,1058.5,970.88,57.38,150.25,0.516,Body
cover,42.5014,1,0,1,1
err,42.5015,-250.75,9.6
timing,42.5015,13.2,31.6
det,42.5015,955.0,780.88,148.5,287.25,0.765,Body
cover,42.5387,1,0,1,1
err,42.5387,-250.75,9.9
timing,42.5387,9.4,26.5
det,42.5387,955.0,781.0,148.5,289.0,0.756,Body
cover,42.5781,1,0,1,1
err,42.5782,-251.0,9.7
timing,42.5782,13.3,24.7
det,42.5782,954.88,781.0,148.25,287.0,0.763,Body
cover,42.6211,1,0,1,1
err,42.6211,-251.31,19.25
timing,42.6211,13.8,27.6
det,42.6211,955.38,791.5,146.62,277.5,0.757,Body
cover,42.668,1,0,1,1
err,42.668,-251.31,20.4
timing,42.668,14.5,30.2
det,42.668,955.38,792.62,146.62,277.75,0.754,Body
cover,42.7112,1,0,1,1
err,42.7112,-251.38,21.05
timing,42.7112,12.8,28.3
det,42.7112,955.25,793.5,146.75,275.5,0.75,Body
cover,42.7536,1,0,1,1
err,42.7536,-240.62,12.9
timing,42.7536,7.7,32.6
det,42.7536,964.62,784.5,149.5,284.0,0.702,Body
cover,42.7924,1,0,1,1
err,42.7925,-159.75,6.75
timing,42.7925,10.3,27.0
det,42.7925,1039.25,774.0,162.0,327.5,0.688,Body
cover,42.8365,1,0,1,1
err,42.8366,-120.88,9.95
timing,42.8366,11.4,31.1
det,42.8366,1083.5,778.0,151.25,319.5,0.709,Body
cover,42.875,1,0,1,1
err,42.8751,-97.25,10.15
timing,42.8751,10.1,26.9
det,42.8751,1106.5,778.0,152.5,321.5,0.69,Body
cover,42.9217,1,0,1,1
err,42.9218,-90.5,21.2
timing,42.9218,16.2,29.1
det,42.9218,1114.94,791.12,149.12,300.75,0.743,Body
cover,42.9598,1,0,1,1
err,42.9599,-90.88,21.9
timing,42.9599,8.6,27.9
det,42.9599,1114.75,792.0,148.75,299.0,0.747,Body
cover,42.9934,1,0,1,1
err,42.9934,-89.88,23.95
timing,42.9934,7.8,24.3
det,42.9934,1116.5,794.0,147.25,299.5,0.76,Body
cover,43.0375,1,0,1,1
err,43.0376,-89.62,24.5
timing,43.0376,13.6,29.1
det,43.0376,1116.75,794.5,147.25,300.0,0.758,Body
cover,43.076,1,0,1,1
err,43.0761,-89.88,26.45
timing,43.0761,9.9,27.9
det,43.0761,1114.75,797.0,150.75,294.5,0.698,Body
cover,43.1205,1,0,1,1
err,43.1206,-90.0,25.65
timing,43.1206,15.0,28.1
det,43.1206,1114.75,796.0,150.5,296.5,0.702,Body
cover,43.1575,1,0,1,1
err,43.1575,-90.12,24.6
timing,43.1575,9.5,25.9
det,43.1575,1114.75,794.88,150.25,297.25,0.706,Body
cover,43.2036,1,0,1,1
err,43.2037,-111.25,29.6
timing,43.2037,15.0,29.5
det,43.2037,1092.81,801.0,151.88,286.0,0.769,Body
cover,43.2378,1,0,1,1
err,43.2379,-111.5,31.95
timing,43.2379,7.6,24.8
det,43.2379,1093.0,803.5,151.0,284.5,0.774,Body
cover,43.2763,1,0,1,1
err,43.2763,-111.25,31.2
timing,43.2763,11.5,25.6
det,43.2763,1092.75,802.62,152.0,285.75,0.756,Body
cover,43.3091,1,0,1,1
err,43.3092,-111.12,30.6
timing,43.3092,6.0,25.3
det,43.3092,1092.75,802.0,152.25,286.0,0.755,Body
cover,43.3516,1,0,1,1
err,43.3516,-113.12,41.8
timing,43.3516,13.6,27.3
det,43.3516,1091.75,809.88,150.25,319.25,0.728,Body
cover,43.389,1,0,1,1
err,43.389,-112.5,51.9
timing,43.389,10.4,25.6
det,43.389,1092.75,824.12,149.5,277.75,0.71,Body
cover,43.4245,1,0,1,1
err,43.4245,-112.75,43.5
timing,43.4245,8.0,25.9
det,43.4245,1094.19,814.38,146.12,291.25,0.722,Body
cover,43.4619,1,0,1,1
err,43.462,-114.0,28.9
timing,43.462,9.7,26.3
det,43.462,1092.25,797.88,147.5,310.25,0.757,Body
cover,43.5072,1,0,1,1
err,43.5073,-109.5,21.1
timing,43.5073,16.2,27.5
det,43.5073,1095.06,791.38,150.88,297.25,0.683,Body
cover,43.554,1,0,1,1
err,43.5541,-111.5,24.2
timing,43.5541,15.2,29.7
det,43.5541,1092.56,794.5,151.88,297.0,0.753,Body
cover,43.5907,1,0,1,1
err,43.5908,-111.88,31.1
timing,43.5908,10.0,25.2
det,43.5908,1092.5,802.38,151.25,287.25,0.742,Body
cover,43.6265,1,0,1,1
err,43.6265,-111.0,31.5
timing,43.6265,10.6,23.7
det,43.6265,1092.56,803.0,152.88,285.0,0.753,Body
cover,43.67,1,0,1,1
err,43.67,-111.75,32.1
timing,43.67,10.3,31.8
det,43.67,1092.75,804.0,151.0,281.0,0.765,Body
cover,43.7057,1,0,1,1
err,43.7057,-111.75,26.9
timing,43.7057,9.0,25.1
det,43.7057,1092.5,798.5,151.5,284.0,0.776,Body
cover,43.7426,1,0,1,1
err,43.7426,-111.88,29.0
timing,43.7426,9.4,26.1
det,43.7426,1092.75,800.88,150.75,281.25,0.775,Body
cover,43.7864,1,0,1,1
err,43.7865,-112.0,30.2
timing,43.7865,15.1,27.1
det,43.7865,1092.75,802.12,150.5,280.75,0.76,Body
cover,43.824,1,0,1,1
err,43.824,-112.38,31.8
timing,43.824,9.5,26.7
det,43.824,1092.75,804.0,149.75,278.0,0.764,Body
cover,43.8616,1,0,1,1
err,43.8616,-108.62,30.9
timing,43.8616,8.8,27.4
det,43.8616,1097.25,803.12,148.25,277.75,0.749,Body
cover,43.9039,1,0,1,1
err,43.904,-108.0,33.8
timing,43.904,12.2,28.5
det,43.904,1098.5,806.0,147.0,278.0,0.75,Body
cover,43.9546,2,0,2,1
err,43.9547,-105.12,26.0
timing,43.9547,12.6,37.1
det,43.9547,1103.0,795.88,143.75,301.25,0.737,Body
det,43.9547,1203.19,986.62,52.12,134.75,0.651,Body
cover,44.0001,2,0,2,1
err,44.0002,-105.5,26.4
timing,44.0002,12.6,31.3
det,44.0002,1102.94,796.5,143.12,299.0,0.718,Body
det,44.0002,1203.25,986.62,52.0,134.75,0.646,Body
cover,44.0425,2,0,2,1
err,44.0425,-105.75,27.35
timing,44.0425,13.7,27.0
det,44.0425,1103.0,797.5,142.5,298.5,0.721,Body
det,44.0425,1202.88,985.62,52.25,135.75,0.604,Body
cover,44.0918,1,0,1,1
err,44.0919,-104.5,22.0
timing,44.0919,17.9,29.7
det,44.0919,1102.5,792.0,146.0,300.0,0.768,Body
cover,44.1359,1,0,1,1
err,44.1359,-104.0,22.0
timing,44.1359,12.7,30.0
det,44.1359,1102.94,792.0,146.12,300.0,0.774,Body
cover,44.174,1,0,1,1
err,44.174,-103.75,41.5
timing,44.174,11.0,25.5
det,44.174,1103.0,811.5,146.5,300.0,0.734,Body
cover,44.2132,1,0,1,1
err,44.2132,-105.38,35.5
timing,44.2132,6.4,30.5
det,44.2132,1103.25,804.88,142.75,306.25,0.772,Body
cover,44.2574,1,0,1,1
err,44.2575,-101.12,23.8
timing,44.2575,14.7,27.8
det,44.2575,1104.5,794.88,148.75,289.25,0.771,Body
cover,44.303,1,0,1,1
err,44.303,-100.88,37.0
timing,44.303,13.0,31.3
det,44.303,1104.25,808.5,149.75,285.0,0.752,Body
cover,44.3417,1,0,1,1
err,44.3417,-103.88,22.05
timing,44.3417,10.6,26.7
det,44.3417,1102.25,791.5,147.75,305.5,0.79,Body
cover,44.3776,1,0,1,1
err,44.3776,-105.12,22.1
timing,44.3776,9.9,24.7
det,44.3776,1102.5,792.0,144.75,301.0,0.788,Body
cover,44.4202,1,0,1,1
err,44.4202,-103.75,19.35
timing,44.4202,12.1,29.1
det,44.4202,1102.69,789.0,147.12,303.5,0.784,Body
cover,44.4573,1,0,1,1
err,44.4573,-103.88,16.1
timing,44.4573,7.1,26.9
det,44.4573,1102.0,785.5,148.25,306.0,0.755,Body
cover,44.5001,1,0,1,1
err,44.5002,-105.0,18.8
timing,44.5002,13.1,28.3
det,44.5002,1102.5,788.5,145.0,303.0,0.751,Body
cover,44.537,1,0,1,1
err,44.537,-105.12,19.65
timing,44.537,8.0,27.1
det,44.537,1102.5,789.5,144.75,301.5,0.751,Body
cover,44.5754,1,0,1,1
err,44.5755,-98.0,7.5
timing,44.5755,10.1,27.5
det,44.5755,1105.5,775.0,153.0,325.0,0.706,Body
cover,44.6171,1,0,1,1
err,44.6172,-96.25,10.1
timing,44.6172,11.7,28.6
det,44.6172,1108.0,778.12,151.5,319.75,0.675,Body
cover,44.6537,1,0,1,1
err,44.6538,-93.0,15.8
timing,44.6538,9.7,25.4
det,44.6538,1111.44,786.5,151.12,293.0,0.752,Body
cover,44.6957,1,0,1,1
err,44.6957,-89.88,18.6
timing,44.6957,15.0,25.2
det,44.6957,1117.0,790.38,146.25,282.25,0.712,Body
cover,44.7364,1,0,1,1
err,44.7364,-90.25,18.65
timing,44.7364,11.9,27.4
det,44.7364,1116.75,790.5,146.0,281.5,0.711,Body
cover,44.7764,1,0,1,1
err,44.7764,-79.75,8.7
timing,44.7764,11.3,27.0
det,44.7764,1125.81,779.0,148.88,297.0,0.707,Body
cover,44.821,1,0,1,1
err,44.8211,-76.38,12.8
timing,44.8211,15.5,27.6
det,44.8211,1133.75,783.38,139.75,294.25,0.758,Body
cover,44.8626,1,0,1,1
err,44.8627,-65.25,5.85
timing,44.8627,10.3,29.9
det,44.8627,1137.5,773.0,154.5,328.5,0.701,Body
cover,44.9071,1,0,1,1
err,44.9072,-65.0,8.0
timing,44.9072,13.4,29.4
det,44.9072,1138.06,775.5,153.88,325.0,0.695,Body
cover,44.9554,1,0,1,1
err,44.9555,-64.0,19.6
timing,44.9555,17.1,29.3
det,44.9555,1141.44,788.88,149.12,307.25,0.752,Body
cover,45.0027,1,0,1,1
err,45.0027,-63.0,20.05
timing,45.0027,11.8,33.7
det,45.0027,1143.0,789.5,148.0,305.5,0.745,Body
cover,45.0471,1,0,1,1
err,45.0472,-63.5,20.1
timing,45.0472,13.2,29.3
det,45.0472,1142.88,789.5,147.25,306.0,0.748,Body
cover,45.0905,1,0,1,1
err,45.0906,-51.25,23.8
timing,45.0906,13.6,28.1
det,45.0906,1154.5,793.38,148.5,304.25,0.748,Body
cover,45.1387,1,0,1,1
err,45.1388,-49.25,25.0
timing,45.1388,15.4,31.1
det,45.1388,1156.44,795.0,148.62,300.0,0.768,Body
cover,45.1809,1,0,1,1
err,45.181,-49.5,25.0
timing,45.181,11.9,28.5
det,45.181,1156.5,795.0,148.0,300.0,0.761,Body
cover,45.2263,1,0,1,1
err,45.2264,-49.75,25.45
timing,45.2264,13.5,29.8
det,45.2264,1156.31,795.5,147.88,299.5,0.748,Body
cover,45.2769,2,0,2,1
err,45.277,-0.75,40.1
timing,45.277,14.4,34.4
det,45.277,1250.5,831.5,57.5,86.0,0.706,Body
det,45.277,1157.88,827.0,139.25,265.0,0.657,Body
cover,45.3231,1,0,1,1
err,45.3232,-48.5,35.9
timing,45.3232,8.9,35.5
det,45.3232,1156.38,805.0,150.25,309.0,0.757,Body
cover,45.3614,1,0,1,1
err,45.3614,-49.5,27.1
timing,45.3614,9.8,26.8
det,45.3614,1154.88,795.0,151.25,321.0,0.74,Body
cover,45.41,1,0,1,1
err,45.4101,-49.25,25.3
timing,45.4101,17.5,29.9
det,45.4101,1154.94,793.5,151.62,318.0,0.76,Body
cover,45.4555,1,0,1,1
err,45.4556,-50.5,33.4
timing,45.4556,14.5,29.1
det,45.4556,1157.12,805.0,144.75,284.0,0.78,Body
cover,45.4954,1,0,1,1
err,45.4954,-61.0,29.25
timing,45.4954,9.7,28.4
det,45.4954,1142.75,800.0,152.5,292.5,0.687,Body
cover,45.5453,1,0,1,1
err,45.5453,-70.75,25.3
timing,45.5453,17.5,30.7
det,45.5453,1136.44,795.38,145.62,299.25,0.779,Body
cover,45.5896,1,0,1,1
err,45.5897,-104.38,25.45
timing,45.5897,14.6,27.8
det,45.5897,1102.0,795.5,147.25,299.5,0.765,Body
cover,45.6324,1,0,1,1
err,45.6325,-112.75,27.45
timing,45.6325,10.9,30.2
det,45.6325,1094.94,798.5,144.62,289.5,0.788,Body
cover,45.6763,1,0,1,1
err,45.6764,-116.25,29.6
timing,45.6764,13.6,28.5
det,45.6764,1090.0,801.12,147.5,284.75,0.771,Body
cover,45.7225,1,0,1,1
err,45.7225,-142.5,20.7
timing,45.7225,12.7,31.6
det,45.7225,1066.94,790.5,141.12,302.0,0.747,Body
cover,45.7655,1,0,1,1
err,45.7655,-149.88,18.35
timing,45.7655,11.4,29.8
det,45.7655,1054.25,787.5,151.75,308.5,0.797,Body
cover,45.8096,1,0,1,1
err,45.8096,-151.5,16.55
timing,45.8096,14.8,27.8
det,45.8096,1052.0,786.0,153.0,305.5,0.78,Body
cover,45.8561,1,0,1,1
err,45.8562,-162.0,18.6
timing,45.8562,13.3,31.7
det,45.8562,1043.81,788.0,148.38,306.0,0.762,Body
cover,45.8996,1,0,1,1
err,45.8997,-162.12,21.7
timing,45.8997,11.3,30.3
det,45.8997,1042.0,791.12,151.75,305.75,0.726,Body
cover,45.945,1,0,1,1
err,45.945,-166.5,24.05
timing,45.945,13.8,30.0
det,45.945,1040.44,794.0,146.12,300.5,0.761,Body
cover,45.9897,1,0,1,1
err,45.9898,-166.75,23.6
timing,45.9898,13.8,29.3
det,45.9898,1040.0,793.38,146.5,302.25,0.759,Body
cover,46.0311,1,0,1,1
err,46.0312,-166.75,21.0
timing,46.0312,11.8,28.6
det,46.0312,1039.5,790.38,147.5,306.25,0.763,Body
cover,46.0773,1,0,1,1
err,46.0774,-167.88,20.55
timing,46.0774,14.8,30.5
det,46.0774,1040.75,790.5,142.75,300.5,0.757,Body
cover,46.1235,1,0,1,1
err,46.1235,-164.88,43.1
timing,46.1235,15.3,29.3
det,46.1235,1039.75,813.38,150.75,297.25,0.748,Body
cover,46.1653,1,0,1,1
err,46.1653,-168.12,37.1
timing,46.1653,9.5,30.7
det,46.1653,1040.0,806.5,143.75,306.0,0.764,Body
cover,46.2117,1,0,1,1
err,46.2117,-165.38,21.95
timing,46.2117,15.4,29.4
det,46.2117,1038.75,789.5,151.75,324.5,0.7,Body
cover,46.2578,1,0,1,1
err,46.2579,-163.5,25.65
timing,46.2579,12.4,32.0
det,46.2579,1040.38,796.0,152.25,296.5,0.729,Body
cover,46.3073,1,0,1,1
err,46.3074,-166.75,30.15
timing,46.3074,10.1,37.8
det,46.3074,1039.75,801.0,147.0,291.5,0.736,Body
cover,46.3495,1,0,1,1
err,46.3495,-167.25,27.9
timing,46.3495,10.8,29.8
det,46.3495,1040.0,798.88,145.5,290.25,0.765,Body
cover,46.3956,1,0,1,1
err,46.3956,-166.62,25.05
timing,46.3956,14.3,30.2
det,46.3956,1039.62,795.5,147.5,295.5,0.763,Body
cover,46.4406,1,0,1,1
err,46.4406,-168.0,22.95
timing,46.4406,11.9,31.4
det,46.4406,1040.44,793.0,143.12,299.5,0.756,Body
cover,46.4913,1,0,1,1
err,46.4914,-167.88,23.45
timing,46.4914,11.6,37.1
det,46.4914,1040.5,793.5,143.25,299.5,0.759,Body
cover,46.5303,1,0,1,1
err,46.5304,-171.25,44.0
timing,46.5304,11.1,27.1
det,46.5304,1039.88,812.38,137.75,316.25,0.759,Body
cover,46.5803,1,0,1,1
err,46.5804,-168.5,36.55
timing,46.5804,18.8,29.6
det,46.5804,1039.25,806.0,144.5,305.5,0.741,Body
cover,46.6243,1,0,1,1
err,46.6244,-168.25,21.6
timing,46.6244,13.3,29.0
det,46.6244,1037.62,789.0,148.25,326.0,0.726,Body
cover,46.6647,1,0,1,1
err,46.6647,-164.38,24.8
timing,46.6647,9.5,28.9
det,46.6647,1040.5,795.0,150.25,298.0,0.762,Body
cover,46.7115,1,0,1,1
err,46.7115,-166.75,29.65
timing,46.7115,15.5,29.7
det,46.7115,1039.44,800.5,147.62,291.5,0.745,Body
cover,46.7542,1,0,1,1
err,46.7543,-167.25,30.3
timing,46.7543,11.8,29.2
det,46.7543,1040.06,801.5,145.38,288.0,0.763,Body
cover,46.7989,1,0,1,1
err,46.7989,-166.88,25.05
timing,46.7989,11.5,31.5
det,46.7989,1040.12,795.5,146.0,295.5,0.758,Body
cover,46.8433,1,0,1,1
err,46.8434,-168.0,20.4
timing,46.8434,13.1,29.7
det,46.8434,1040.06,790.12,143.88,302.75,0.776,Body
cover,46.8905,1,0,1,1
err,46.8905,-168.12,21.3
timing,46.8905,14.9,30.5
det,46.8905,1039.88,791.12,144.0,301.75,0.777,Body
cover,46.9289,1,0,1,1
err,46.9289,-165.25,40.55
timing,46.9289,11.2,26.4
det,46.9289,1039.31,810.5,150.88,300.5,0.77,Body
cover,46.9747,1,0,1,1
err,46.9748,-168.12,45.05
timing,46.9748,12.4,31.6
det,46.9748,1040.0,815.5,143.75,295.5,0.762,Body
cover,47.0164,1,0,1,1
err,47.0164,-164.0,12.95
timing,47.0164,11.1,29.0
det,47.0164,1040.5,782.0,151.0,309.5,0.687,Body
cover,47.0598,1,0,1,1
err,47.0598,-163.5,15.8
timing,47.0598,12.0,29.8
det,47.0598,1040.5,785.38,152.0,304.25,0.729,Body
cover,47.1081,1,0,1,1
err,47.1082,-164.5,31.5
timing,47.1082,15.2,31.2
det,47.1082,1040.62,802.62,149.75,288.75,0.747,Body
cover,47.1583,1,0,1,1
err,47.1583,-166.75,32.3
timing,47.1583,12.4,35.9
det,47.1583,1040.0,803.5,146.5,288.0,0.755,Body
cover,47.1978,1,0,1,1
err,47.1979,-167.12,28.15
timing,47.1979,9.0,28.5
det,47.1979,1040.12,799.0,145.5,291.5,0.773,Body
cover,47.2509,1,0,1,1
err,47.251,-167.75,21.2
timing,47.251,13.6,37.7
det,47.251,1039.75,791.0,145.0,302.0,0.768,Body
cover,47.2912,1,0,1,1
err,47.2912,-167.88,22.2
timing,47.2912,9.4,29.3
det,47.2912,1040.5,792.0,143.25,302.0,0.76,Body
cover,47.3331,1,0,1,1
err,47.3331,-168.0,23.4
timing,47.3331,11.5,28.9
det,47.3331,1040.25,793.38,143.5,300.25,0.75,Body
cover,47.3792,1,0,1,1
err,47.3793,-167.62,23.55
timing,47.3793,15.5,29.0
det,47.3793,1040.25,793.5,144.25,300.5,0.743,Body
cover,47.4259,1,0,1,1
err,47.426,-167.75,23.6
timing,47.426,13.0,32.2
det,47.426,1040.19,793.62,144.12,299.75,0.745,Body
cover,47.4716,1,0,1,1
err,47.4716,-168.25,23.35
timing,47.4716,10.2,33.7
det,47.4716,1040.5,793.5,142.5,298.5,0.751,Body
cover,47.517,1,0,1,1
err,47.5171,-168.25,22.95
timing,47.5171,10.5,32.6
det,47.5171,1040.25,793.0,143.0,299.5,0.75,Body
cover,47.5644,1,0,1,1
err,47.5644,-167.88,23.05
timing,47.5644,13.9,32.7
det,47.5644,1040.25,793.0,143.75,300.5,0.754,Body
cover,47.6118,1,0,1,1
err,47.6118,-168.0,22.2
timing,47.6118,13.1,32.6
det,47.6118,1040.56,792.12,142.88,300.75,0.748,Body
cover,47.6594,1,0,1,1
err,47.6595,-167.62,23.0
timing,47.6595,12.9,33.2
det,47.6595,1040.5,792.88,143.75,301.25,0.74,Body
cover,47.7166,1,0,1,1
err,47.7166,-168.25,21.3
timing,47.7166,10.3,44.9
det,47.7166,1040.31,791.0,142.88,303.0,0.757,Body
cover,47.7595,1,0,1,1
err,47.7595,-167.88,20.4
timing,47.7595,13.1,28.5
det,47.7595,1040.5,790.0,143.25,304.0,0.748,Body
cover,47.7985,1,0,1,1
err,47.7986,-168.5,22.95
timing,47.7986,10.0,27.4
det,47.7986,1040.38,793.0,142.25,299.5,0.746,Body
cover,47.8414,1,0,1,1
err,47.8415,-168.25,23.35
timing,47.8415,13.0,28.3
det,47.8415,1040.38,793.5,142.75,298.5,0.738,Body
cover,47.8809,1,0,1,1
err,47.8809,-167.75,23.8
timing,47.8809,10.1,27.7
det,47.8809,1040.62,794.0,143.25,298.0,0.732,Body
cover,47.9265,1,0,1,1
err,47.9265,-167.62,23.95
timing,47.9265,15.4,28.7
det,47.9265,1040.62,794.0,143.5,299.5,0.743,Body
cover,47.9677,1,0,1,1
err,47.9677,-167.75,23.05
timing,47.9677,9.5,30.2
det,47.9677,1040.25,793.0,144.0,300.5,0.739,Body
cover,48.0128,1,0,1,1
err,48.0129,-168.25,23.3
timing,48.0129,13.2,30.3
det,48.0129,1040.31,793.5,142.88,298.0,0.736,Body
cover,48.0587,1,0,1,1
err,48.0587,-168.75,23.0
timing,48.0587,11.5,32.5
det,48.0587,1040.31,793.0,141.88,300.0,0.743,Body
cover,48.1013,1,0,1,1
err,48.1013,-168.75,23.2
timing,48.1013,9.1,30.5
det,48.1013,1040.31,793.38,141.88,298.25,0.743,Body
cover,48.1504,1,0,1,1
err,48.1504,-169.12,22.35
timing,48.1504,14.8,33.4
det,48.1504,1040.12,792.5,141.5,298.5,0.753,Body
cover,48.1991,1,0,1,1
err,48.1991,-168.62,22.45
timing,48.1991,13.3,33.7
det,48.1991,1040.0,792.5,142.75,299.5,0.742,Body
cover,48.2487,1,0,1,1
err,48.2487,-168.62,20.7
timing,48.2487,15.0,33.0
det,48.2487,1039.75,790.5,143.25,302.0,0.744,Body
cover,48.2978,1,0,1,1
err,48.2978,-168.0,20.75
timing,48.2978,15.9,32.3
det,48.2978,1039.62,790.5,144.75,302.5,0.749,Body
cover,48.3536,1,0,1,1
err,48.3536,-168.12,21.65
timing,48.3536,16.7,37.2
det,48.3536,1039.75,791.5,144.25,301.5,0.755,Body
cover,48.4011,1,0,1,1
err,48.4012,-167.75,21.3
timing,48.4012,13.9,30.9
det,48.4012,1039.88,791.12,144.75,301.75,0.757,Body
cover,48.4455,1,0,1,1
err,48.4455,-167.38,18.9
timing,48.4455,12.4,29.7
det,48.4455,1040.0,788.38,145.25,305.25,0.76,Body
cover,48.4949,1,0,1,1
err,48.495,-167.5,18.05
timing,48.495,17.6,29.7
det,48.495,1039.62,787.5,145.75,305.5,0.754,Body
cover,48.5439,1,0,1,1
err,48.544,-167.5,18.3
timing,48.544,11.0,36.1
det,48.544,1039.69,787.88,145.62,304.25,0.75,Body
cover,48.5856,1,0,1,1
err,48.5856,-167.25,19.85
timing,48.5856,9.9,30.7
det,48.5856,1039.56,789.5,146.38,303.5,0.737,Body
cover,48.6369,1,0,1,1
err,48.6369,-167.38,19.8
timing,48.6369,15.5,33.7
det,48.6369,1039.75,789.5,145.75,303.0,0.736,Body
cover,48.6823,1,0,1,1
err,48.6824,-167.25,22.8
timing,48.6824,13.0,30.9
det,48.6824,1039.94,792.88,145.62,299.25,0.751,Body
cover,48.7279,1,0,1,1
err,48.7279,-167.0,22.6
timing,48.7279,13.5,30.4
det,48.7279,1039.81,792.5,146.38,301.0,0.756,Body
cover,48.7687,1,0,1,1
err,48.7688,-166.75,22.55
timing,48.7688,10.4,28.8
det,48.7688,1040.0,792.5,146.5,300.5,0.754,Body
cover,48.8171,1,0,1,1
err,48.8172,-167.62,24.6
timing,48.8172,14.4,32.6
det,48.8172,1040.12,795.0,144.5,296.0,0.751,Body
cover,48.8635,1,0,1,1
err,48.8636,-167.38,24.75
timing,48.8636,14.4,30.3
det,48.8636,1039.88,795.0,145.5,297.5,0.752,Body
cover,48.9109,1,0,1,1
err,48.911,-166.75,25.75
timing,48.911,13.7,32.5
det,48.911,1040.25,796.0,146.0,297.5,0.758,Body
cover,48.9528,1,0,1,1
err,48.9529,-167.25,25.6
timing,48.9529,9.7,30.6
det,48.9529,1040.31,796.0,144.88,296.0,0.763,Body
cover,48.9971,1,0,1,1
err,48.9971,-166.75,26.25
timing,48.9971,12.0,30.5
det,48.9971,1040.12,796.5,146.25,297.5,0.764,Body
cover,49.0436,1,0,1,1
err,49.0437,-166.5,25.35
timing,49.0437,16.7,29.0
det,49.0437,1040.5,795.5,146.0,298.5,0.768,Body
cover,49.0846,1,0,1,1
err,49.0847,-166.5,25.35
timing,49.0847,9.9,29.2
det,49.0847,1040.25,795.5,146.5,298.5,0.768,Body
cover,49.1348,1,0,1,1
err,49.1348,-166.75,25.0
timing,49.1348,15.9,33.4
det,49.1348,1040.0,795.12,146.5,298.75,0.761,Body
cover,49.1823,1,0,1,1
err,49.1824,-166.5,24.9
timing,49.1824,13.9,32.1
det,49.1824,1040.19,795.0,146.62,299.0,0.762,Body
cover,49.238,1,0,1,1
err,49.238,-166.62,24.9
timing,49.238,12.1,42.0
det,49.238,1040.0,795.0,146.75,299.0,0.762,Body
cover,49.2945,1,0,1,1
err,49.2946,-166.5,25.0
timing,49.2946,12.0,43.7
det,49.2946,1040.06,795.0,146.88,300.0,0.761,Body
cover,49.3464,1,0,1,1
err,49.3464,-166.5,25.0
timing,49.3464,8.0,42.8
det,49.3464,1040.25,795.0,146.5,300.0,0.762,Body
cover,49.3983,1,0,1,1
err,49.3983,-166.25,45.8
timing,49.3983,10.7,40.4
det,49.3983,1040.25,816.5,147.0,293.0,0.771,Body
cover,49.449,1,0,1,1
err,49.4491,-166.5,35.0
timing,49.4491,9.4,39.8
det,49.4491,1040.75,804.12,145.5,308.75,0.771,Body
cover,49.5028,1,0,1,1
err,49.5029,-162.75,29.05
timing,49.5029,13.7,38.2
det,49.5029,1041.38,800.0,151.75,290.5,0.719,Body
cover,49.562,1,0,1,1
err,49.562,-166.25,32.4
timing,49.562,15.8,41.1
det,49.562,1040.38,803.62,146.75,287.75,0.739,Body
cover,49.605,1,0,1,1
err,49.605,-167.25,25.05
timing,49.605,10.5,31.0
det,49.605,1040.62,795.5,144.25,295.5,0.764,Body
cover,49.6531,1,0,1,1
err,49.6531,-166.75,24.0
timing,49.6531,12.1,34.3
det,49.6531,1040.0,794.0,146.5,300.0,0.741,Body
cover,49.6999,1,0,1,1
err,49.6999,-166.75,24.0
timing,49.6999,13.2,31.9
det,49.6999,1039.81,794.0,146.88,300.0,0.747,Body
cover,49.7474,1,0,1,1
err,49.7474,-167.25,22.05
timing,49.7474,10.8,34.9
det,49.7474,1039.88,792.0,145.75,300.5,0.742,Body
cover,49.7954,1,0,1,1
err,49.7954,-166.88,22.25
timing,49.7954,10.7,35.5
det,49.7954,1039.62,792.0,147.0,302.5,0.748,Body
cover,49.8465,1,0,1,1
err,49.8465,-167.5,20.0
timing,49.8465,12.5,36.8
det,49.8465,1039.75,789.62,145.5,303.75,0.758,Body
cover,49.8962,1,0,1,1
err,49.8962,-166.12,52.6
timing,49.8962,10.7,37.4
det,49.8962,1040.0,824.0,147.75,286.0,0.736,Body
cover,49.9474,1,0,1,1
err,49.9474,-166.38,28.35
timing,49.9474,12.5,36.8
det,49.9474,1040.12,796.5,147.0,318.5,0.782,Body
cover,49.9996,1,0,1,1
err,49.9997,-162.12,24.6
timing,49.9997,10.4,38.8
det,49.9997,1040.75,794.88,154.25,297.25,0.717,Body
cover,50.0486,1,0,1,1
err,50.0487,-166.0,27.4
timing,50.0487,12.0,35.1
det,50.0487,1036.94,795.5,154.12,319.0,0.734,Body
cover,50.0979,1,0,1,1
err,50.098,-166.25,30.25
timing,50.098,9.7,37.8
det,50.098,1039.75,801.0,148.0,292.5,0.744,Body
cover,50.148,1,0,1,1
err,50.148,-167.75,23.1
timing,50.148,11.4,36.9
det,50.148,1040.0,793.38,144.5,297.25,0.755,Body
cover,50.1981,1,0,1,1
err,50.1981,-168.25,21.3
timing,50.1981,10.3,38.1
det,50.1981,1039.94,791.12,143.62,301.75,0.741,Body
cover,50.2481,1,0,1,1
err,50.2482,-168.0,20.75
timing,50.2482,8.2,40.0
det,50.2482,1039.88,790.5,144.25,302.5,0.748,Body
cover,50.2999,1,0,1,1
err,50.3,-167.75,19.85
timing,50.3,11.2,38.9
det,50.3,1039.94,789.5,144.62,303.5,0.744,Body
cover,50.351,1,0,1,1
err,50.3511,-168.25,41.55
timing,50.3511,12.3,37.1
det,50.3511,1039.81,811.5,143.88,300.5,0.77,Body
cover,50.4133,1,0,1,1
err,50.4134,-166.75,23.1
timing,50.4134,18.8,41.3
det,50.4134,1038.0,790.88,150.5,322.25,0.734,Body
cover,50.4629,1,0,1,1
err,50.4629,-163.38,30.8
timing,50.4629,11.0,36.6
det,50.4629,1040.25,801.62,152.75,291.75,0.736,Body
cover,50.5121,1,0,1,1
err,50.5122,-166.62,29.6
timing,50.5122,11.1,36.3
det,50.5122,1039.75,800.5,147.25,291.0,0.754,Body
cover,50.5625,1,0,1,1
err,50.5625,-166.38,26.0
timing,50.5625,11.8,36.9
det,50.5625,1040.0,796.5,147.25,295.0,0.76,Body
cover,50.6128,1,0,1,1
err,50.6129,-167.75,19.6
timing,50.6129,13.5,35.0
det,50.6129,1040.56,789.5,143.38,301.0,0.76,Body
cover,50.663,1,0,1,1
err,50.663,-167.5,20.25
timing,50.663,12.5,35.7
det,50.663,1040.44,790.0,144.12,302.5,0.758,Body
cover,50.7144,1,0,1,1
err,50.7145,-167.0,19.8
timing,50.7145,10.7,38.7
det,50.7145,1040.5,789.5,145.0,303.0,0.761,Body
cover,50.7633,1,0,1,1
err,50.7633,-167.25,48.3
timing,50.7633,11.2,35.8
det,50.7633,1039.75,819.38,146.0,289.25,0.73,Body
cover,50.8126,1,0,1,1
err,50.8126,-166.5,23.3
timing,50.8126,10.5,36.9
det,50.8126,1039.75,791.0,147.5,323.0,0.758,Body
cover,50.8546,1,0,1,1
err,50.8547,-163.12,14.2
timing,50.8547,10.0,30.6
det,50.8547,1040.75,783.5,152.25,307.0,0.76,Body
cover,50.9131,1,0,1,1
err,50.9132,-164.5,31.85
timing,50.9132,18.5,38.5
det,50.9132,1040.94,803.0,149.12,288.5,0.754,Body
cover,50.9634,1,0,1,1
err,50.9634,-167.25,32.8
timing,50.9634,16.1,32.3
det,50.9634,1039.88,804.12,145.75,286.75,0.743,Body
cover,51.022,1,0,1,1
err,51.0221,-167.38,26.35
timing,51.0221,10.3,46.7
det,51.0221,1040.12,797.0,145.0,293.5,0.768,Body
cover,51.0771,1,0,1,1
err,51.0772,-168.0,22.9
timing,51.0772,14.7,38.7
det,51.0772,1040.44,792.88,143.12,300.25,0.76,Body
cover,51.1307,1,0,1,1
err,51.1307,-168.0,21.65
timing,51.1307,14.9,36.9
det,51.1307,1040.44,791.5,143.12,301.5,0.765,Body
cover,51.1813,1,0,1,1
err,51.1814,-168.38,37.2
timing,51.1814,15.1,33.5
det,51.1814,1039.25,807.0,144.75,302.0,0.755,Body
cover,51.2272,1,0,1,1
err,51.2272,-164.25,14.35
timing,51.2272,10.8,33.2
det,51.2272,1040.5,783.5,150.5,308.5,0.683,Body
cover,51.2721,1,0,1,1
err,51.2722,-163.62,15.1
timing,51.2722,10.6,32.8
det,51.2722,1040.38,784.5,152.0,306.0,0.737,Body
cover,51.3159,1,0,1,1
err,51.316,-163.88,29.2
timing,51.316,8.6,33.6
det,51.316,1040.5,800.0,151.25,292.0,0.763,Body
cover,51.3672,1,0,1,1
err,51.3672,-167.25,29.9
timing,51.3672,16.8,33.0
det,51.3672,1040.0,801.0,145.5,289.0,0.763,Body
cover,51.4138,1,0,1,1
err,51.4138,-167.12,28.7
timing,51.4138,11.4,33.7
det,51.4138,1040.25,799.5,145.25,292.0,0.76,Body
cover,51.4559,1,0,1,1
err,51.4559,-168.12,21.75
timing,51.4559,9.5,31.0
det,51.4559,1039.88,791.5,144.0,302.5,0.773,Body
cover,51.5045,1,0,1,1
err,51.5045,-168.12,21.25
timing,51.5045,13.7,33.3
det,51.5045,1040.0,791.0,143.75,302.5,0.773,Body
cover,51.5541,1,0,1,1
err,51.5541,-168.38,21.3
timing,51.5541,13.7,34.5
det,51.5541,1039.88,791.12,143.5,301.75,0.774,Body
cover,51.6015,1,0,1,1
err,51.6016,-167.88,35.55
timing,51.6016,13.6,32.5
det,51.6016,1039.25,805.0,145.75,305.5,0.753,Body
cover,51.6507,1,0,1,1
err,51.6508,-163.88,13.9
timing,51.6508,15.8,31.9
det,51.6508,1040.5,782.88,151.25,310.25,0.686,Body
cover,51.6995,1,0,1,1
err,51.6995,-162.88,30.9
timing,51.6995,11.1,36.0
det,51.6995,1040.38,801.88,153.5,290.25,0.74,Body
cover,51.748,1,0,1,1
err,51.748,-166.5,28.4
timing,51.748,10.6,36.2
det,51.748,1039.75,799.12,147.5,292.75,0.751,Body
cover,51.7971,1,0,1,1
err,51.7972,-167.0,30.0
timing,51.7972,9.8,37.6
det,51.7972,1040.06,801.0,145.88,290.0,0.763,Body
cover,51.8398,1,0,1,1
err,51.8398,-168.12,21.8
timing,51.8398,9.7,31.3
det,51.8398,1040.0,791.62,143.75,301.75,0.757,Body
cover,51.8947,1,0,1,1
err,51.8948,-168.0,23.5
timing,51.8948,17.8,35.4
det,51.8948,1040.25,793.5,143.5,300.0,0.75,Body
cover,51.9466,1,0,1,1
err,51.9466,-168.25,23.9
timing,51.9466,14.0,36.2
det,51.9466,1040.12,794.0,143.25,299.0,0.745,Body
cover,51.9848,1,0,1,1
err,51.9848,-168.25,23.0
timing,51.9848,7.6,29.6
det,51.9848,1040.06,793.0,143.38,300.0,0.745,Body
cover,52.0306,1,0,1,1
err,52.0306,-168.0,22.55
timing,52.0306,11.9,32.9
det,52.0306,1040.25,792.5,143.5,300.5,0.747,Body
cover,52.0812,1,0,1,0
nearest,52.0812,-1
cover,52.1406,1,0,1,0
nearest,52.1407,-1
cover,52.1936,1,0,1,0
nearest,52.1936,-1
cover,52.2504,0,0,0,0
nearest,52.2504,-1
cover,52.3007,0,0,0,0
nearest,52.3007,-1
cover,52.3452,0,0,0,0
nearest,52.3453,-1
cover,52.4043,0,0,0,0
nearest,52.4044,-1
cover,52.4726,0,0,0,0
nearest,52.4726,-1
cover,52.5248,0,0,0,0
nearest,52.5249,-1
cover,52.5705,0,0,0,0
nearest,52.5705,-1
cover,52.6251,0,0,0,0
nearest,52.6251,-1
cover,52.6713,0,0,0,0
nearest,52.6713,-1
cover,52.7196,0,0,0,0
nearest,52.7196,-1
cover,52.7664,0,0,0,0
nearest,52.7665,-1
cover,52.8199,0,0,0,0
nearest,52.8199,-1
cover,52.8692,0,0,0,0
nearest,52.8693,-1
cover,52.916,0,0,0,0
nearest,52.916,-1
cover,52.9678,0,0,0,0
nearest,52.9678,-1
cover,53.018,0,0,0,0
nearest,53.0181,-1
cover,53.0671,0,0,0,0
nearest,53.0671,-1
cover,53.1201,0,0,0,0
nearest,53.1202,-1
cover,53.1682,0,0,0,0
nearest,53.1683,-1
cover,53.2204,0,0,0,0
nearest,53.2204,-1
cover,53.2702,0,0,0,0
nearest,53.2702,-1
cover,53.3264,0,0,0,0
nearest,53.3264,-1
cover,53.3686,0,0,0,0
nearest,53.3686,-1
cover,53.4328,0,0,0,0
nearest,53.4328,-1
cover,53.4795,0,0,0,0
nearest,53.4795,-1
cover,53.5256,0,0,0,0
nearest,53.5256,-1
cover,53.5741,0,0,0,0
nearest,53.5741,-1
cover,53.623,0,0,0,0
nearest,53.623,-1
cover,53.6679,0,0,0,0
nearest,53.6679,-1
cover,53.7131,0,0,0,0
nearest,53.7131,-1
cover,53.7592,0,0,0,0
nearest,53.7592,-1
cover,53.8133,0,0,0,0
nearest,53.8134,-1
cover,53.8668,0,0,0,0
nearest,53.8668,-1
cover,53.9252,0,0,0,0
nearest,53.9252,-1
cover,53.9668,0,0,0,0
nearest,53.9668,-1
cover,54.0121,0,0,0,0
nearest,54.0121,-1
cover,54.0611,0,0,0,0
nearest,54.0611,-1
cover,54.1066,0,0,0,0
nearest,54.1067,-1
cover,54.148,0,0,0,0
nearest,54.148,-1
cover,54.2021,0,0,0,0
nearest,54.2021,-1
cover,54.2652,0,0,0,0
nearest,54.2652,-1
cover,54.3082,0,0,0,0
nearest,54.3082,-1
cover,54.3554,0,0,0,0
nearest,54.3554,-1
cover,54.4762,0,0,0,0
nearest,54.4762,-1
cover,54.5358,0,0,0,0
nearest,54.5358,-1
cover,54.5793,0,0,0,0
nearest,54.5793,-1
cover,54.6263,0,0,0,0
nearest,54.6263,-1
cover,54.6745,0,0,0,0
nearest,54.6745,-1
cover,54.7277,0,0,0,0
nearest,54.7277,-1
cover,54.7747,0,0,0,0
nearest,54.7747,-1
cover,54.8198,0,0,0,0
nearest,54.8199,-1
cover,54.8694,0,0,0,0
nearest,54.8694,-1
cover,54.9272,0,0,0,0
nearest,54.9272,-1
cover,54.9774,0,0,0,0
nearest,54.9774,-1
cover,55.0358,0,0,0,0
nearest,55.0358,-1
cover,55.0917,0,0,0,0
nearest,55.0917,-1
cover,55.1392,0,0,0,0
nearest,55.1393,-1
cover,55.187,0,0,0,0
nearest,55.187,-1
cover,55.238,0,0,0,0
nearest,55.238,-1
cover,55.2901,0,0,0,0
nearest,55.2901,-1
cover,55.3431,0,0,0,0
nearest,55.3431,-1
cover,55.4092,0,0,0,0
nearest,55.4092,-1
cover,55.4617,2,1,1,0
nearest,55.4617,208.9
cover,55.5103,1,0,1,0
nearest,55.5104,-1
cover,55.5617,2,1,1,0
nearest,55.5618,209.0
cover,55.6137,2,1,1,0
nearest,55.6138,209.1
cover,55.6713,2,1,1,0
nearest,55.6713,209.1
cover,55.7231,2,1,1,0
nearest,55.7232,209.5
cover,55.7759,2,1,1,0
nearest,55.7759,209.5
cover,55.826,2,1,1,0
nearest,55.826,209.4
cover,55.8795,2,1,1,0
nearest,55.8796,209.5
cover,55.9278,2,1,1,0
nearest,55.9278,209.5
cover,55.9781,2,1,1,0
nearest,55.9781,209.5
cover,56.027,2,1,1,0
nearest,56.027,209.4
cover,56.0816,2,1,1,0
nearest,56.0816,209.5
cover,56.1348,2,1,1,0
nearest,56.1348,209.5
cover,56.1809,2,1,1,0
nearest,56.1809,209.5
cover,56.2254,2,1,1,0
nearest,56.2255,209.5
cover,56.2772,2,1,1,0
nearest,56.2772,209.5
cover,56.3386,2,1,1,0
nearest,56.3386,209.2
cover,56.3844,2,1,1,0
nearest,56.3844,209.4
cover,56.4392,2,1,1,0
nearest,56.4393,209.1
cover,56.4875,2,1,1,0
nearest,56.4875,209.1
cover,56.5393,2,1,1,0
nearest,56.5393,209.1
cover,56.5828,2,1,1,0
nearest,56.5828,208.9
cover,56.6362,1,0,1,0
nearest,56.6363,-1
cover,56.6848,1,0,1,0
nearest,56.6849,-1
cover,56.7385,1,0,1,0
nearest,56.7385,-1
cover,56.7865,2,1,1,0
nearest,56.7865,208.8
cover,56.8468,2,1,1,0
nearest,56.8468,208.9
cover,56.9293,0,0,0,0
nearest,56.9294,-1
cover,57.0085,0,0,0,0
nearest,57.0085,-1
cover,57.0793,0,0,0,0
nearest,57.0793,-1
cover,57.1537,0,0,0,0
nearest,57.1537,-1
cover,57.2518,0,0,0,0
nearest,57.2522,-1
cover,57.3237,0,0,0,0
nearest,57.3237,-1
cover,57.3883,0,0,0,0
nearest,57.3883,-1
cover,57.4423,0,0,0,0
nearest,57.4424,-1
cover,57.4984,0,0,0,0
nearest,57.4984,-1
cover,57.5534,0,0,0,0
nearest,57.5534,-1
cover,57.6096,0,0,0,0
nearest,57.6097,-1
cover,57.6762,0,0,0,0
nearest,57.6762,-1
cover,57.7408,0,0,0,0
nearest,57.7409,-1
cover,57.8042,0,0,0,0
nearest,57.8042,-1
cover,57.8576,0,0,0,0
nearest,57.8576,-1
cover,57.9164,0,0,0,0
nearest,57.9164,-1
cover,57.9856,0,0,0,0
nearest,57.9856,-1
cover,58.0405,0,0,0,0
nearest,58.0405,-1
cover,58.1087,0,0,0,0
nearest,58.1087,-1
cover,58.1724,0,0,0,0
nearest,58.1724,-1
cover,58.2426,0,0,0,0
nearest,58.2426,-1
cover,58.3043,0,0,0,0
nearest,58.3043,-1
cover,58.3544,0,0,0,0
nearest,58.3544,-1
cover,58.408,0,0,0,0
nearest,58.4081,-1
cover,58.465,0,0,0,0
nearest,58.465,-1
cover,58.5229,0,0,0,0
nearest,58.5229,-1
cover,58.5793,0,0,0,0
nearest,58.5793,-1
cover,58.6383,0,0,0,0
nearest,58.6383,-1
cover,58.6873,0,0,0,0
nearest,58.6873,-1
cover,58.7379,0,0,0,0
nearest,58.7379,-1
cover,58.7879,2,0,2,0
nearest,58.7879,-1
cover,58.8396,0,0,0,0
nearest,58.8397,-1
cover,58.906,0,0,0,0
nearest,58.9061,-1
cover,58.9631,0,0,0,0
nearest,58.9631,-1
cover,59.0181,0,0,0,0
nearest,59.0181,-1
cover,59.0752,0,0,0,0
nearest,59.0752,-1
cover,59.1313,0,0,0,0
nearest,59.1314,-1
cover,59.1914,0,0,0,0
nearest,59.1914,-1
cover,59.2489,0,0,0,0
nearest,59.2489,-1
cover,59.3038,0,0,0,0
nearest,59.3038,-1
cover,59.3513,0,0,0,0
nearest,59.3514,-1
cover,59.4035,0,0,0,0
nearest,59.4036,-1
cover,59.4447,0,0,0,0
nearest,59.4447,-1
cover,59.495,0,0,0,0
nearest,59.495,-1
cover,59.5411,0,0,0,0
nearest,59.5411,-1
cover,59.5899,0,0,0,0
nearest,59.59,-1
cover,59.6406,0,0,0,0
nearest,59.6407,-1
cover,59.6927,0,0,0,0
nearest,59.6928,-1
cover,59.7419,0,0,0,0
nearest,59.7419,-1
cover,59.7906,0,0,0,0
nearest,59.7907,-1
cover,59.837,0,0,0,0
nearest,59.837,-1
cover,59.8859,0,0,0,0
nearest,59.8859,-1
cover,59.9314,0,0,0,0
nearest,59.9314,-1
cover,59.9848,0,0,0,0
nearest,59.9848,-1
cover,60.0301,0,0,0,0
nearest,60.0301,-1
cover,60.0738,0,0,0,0
nearest,60.0738,-1
cover,60.1222,0,0,0,0
nearest,60.1222,-1
cover,60.1647,0,0,0,0
nearest,60.1647,-1
cover,60.2177,0,0,0,0
nearest,60.2177,-1
cover,60.2642,0,0,0,0
nearest,60.2642,-1
cover,60.3078,0,0,0,0
nearest,60.3078,-1
cover,60.3595,0,0,0,0
nearest,60.3595,-1
cover,60.4122,0,0,0,0
nearest,60.4122,-1
cover,60.4545,0,0,0,0
nearest,60.4545,-1
cover,60.5043,0,0,0,0
nearest,60.5043,-1
cover,60.5489,0,0,0,0
nearest,60.5489,-1
cover,60.5987,0,0,0,0
nearest,60.5988,-1
cover,60.6499,0,0,0,0
nearest,60.6499,-1
cover,60.6939,0,0,0,0
nearest,60.694,-1
cover,60.7408,0,0,0,0
nearest,60.7408,-1
cover,60.7896,0,0,0,0
nearest,60.7897,-1
cover,60.8422,0,0,0,0
nearest,60.8422,-1
cover,60.8913,0,0,0,0
nearest,60.8913,-1
cover,60.9402,0,0,0,0
nearest,60.9402,-1
cover,60.9896,0,0,0,0
nearest,60.9896,-1
cover,61.0393,0,0,0,0
nearest,61.0393,-1
cover,61.0835,0,0,0,0
nearest,61.0836,-1
cover,61.1399,0,0,0,0
nearest,61.1399,-1
cover,61.1926,0,0,0,0
nearest,61.1926,-1
cover,61.2404,0,0,0,0
nearest,61.2404,-1
cover,61.2915,0,0,0,0
nearest,61.2916,-1
cover,61.3401,0,0,0,0
nearest,61.3401,-1
cover,61.3881,0,0,0,0
nearest,61.3882,-1
cover,61.4327,0,0,0,0
nearest,61.4327,-1
cover,61.4828,0,0,0,0
nearest,61.4828,-1
cover,61.5364,0,0,0,0
nearest,61.5364,-1
cover,61.5836,0,0,0,0
nearest,61.5836,-1
cover,61.631,0,0,0,0
nearest,61.631,-1
cover,61.6707,0,0,0,0
nearest,61.6708,-1
cover,61.711,0,0,0,0
nearest,61.711,-1
cover,61.7587,0,0,0,0
nearest,61.7587,-1
cover,61.8101,0,0,0,0
nearest,61.8102,-1
cover,61.8583,0,0,0,0
nearest,61.8583,-1
cover,61.9066,0,0,0,0
nearest,61.9067,-1
cover,61.9539,0,0,0,0
nearest,61.9539,-1
cover,61.9932,0,0,0,0
nearest,61.9932,-1
cover,62.0404,0,0,0,0
nearest,62.0405,-1
cover,62.0877,0,0,0,0
nearest,62.0877,-1
cover,62.1382,0,0,0,0
nearest,62.1382,-1
cover,62.1813,0,0,0,0
nearest,62.1814,-1
cover,62.2396,0,0,0,0
nearest,62.2396,-1
cover,62.2873,0,0,0,0
nearest,62.2873,-1
cover,62.3266,0,0,0,0
nearest,62.3266,-1
cover,62.371,0,0,0,0
nearest,62.371,-1
cover,62.4117,0,0,0,0
nearest,62.4117,-1
cover,62.4526,0,0,0,0
nearest,62.4526,-1
cover,62.4943,0,0,0,0
nearest,62.4944,-1
cover,62.5393,0,0,0,0
nearest,62.5393,-1
cover,62.5828,0,0,0,0
nearest,62.5829,-1
cover,62.6406,0,0,0,0
nearest,62.6406,-1
cover,62.6916,0,0,0,0
nearest,62.6916,-1
cover,62.7368,0,0,0,0
nearest,62.7368,-1
cover,62.7806,0,0,0,0
nearest,62.7806,-1
cover,62.8397,0,0,0,0
nearest,62.8398,-1
cover,62.9564,0,0,0,0
nearest,62.9564,-1
cover,63.0283,0,0,0,0
nearest,63.0283,-1
cover,63.0956,0,0,0,0
nearest,63.0957,-1
cover,63.1475,0,0,0,0
nearest,63.1475,-1
cover,63.2037,0,0,0,0
nearest,63.2037,-1
cover,63.2515,0,0,0,0
nearest,63.2515,-1
cover,63.3063,0,0,0,0
nearest,63.3063,-1
cover,63.36,0,0,0,0
nearest,63.3601,-1
cover,63.4148,0,0,0,0
nearest,63.4148,-1
cover,63.465,0,0,0,0
nearest,63.465,-1
cover,63.5174,0,0,0,0
nearest,63.5174,-1
cover,63.5693,0,0,0,0
nearest,63.5694,-1
cover,63.6233,0,0,0,0
nearest,63.6233,-1
cover,63.6879,0,0,0,0
nearest,63.6879,-1
cover,63.7647,0,0,0,0
nearest,63.7647,-1
cover,63.8224,0,0,0,0
nearest,63.8224,-1
cover,63.888,0,0,0,0
nearest,63.8881,-1
cover,63.9444,0,0,0,0
nearest,63.9444,-1
cover,63.9999,0,0,0,0
nearest,63.9999,-1
cover,64.0509,0,0,0,0
nearest,64.0509,-1
cover,64.1085,0,0,0,0
nearest,64.1085,-1
cover,64.1569,0,0,0,0
nearest,64.157,-1
cover,64.2114,0,0,0,0
nearest,64.2115,-1
cover,64.2629,0,0,0,0
nearest,64.2629,-1
cover,64.3147,0,0,0,0
nearest,64.3147,-1
cover,64.3761,0,0,0,0
nearest,64.3762,-1
cover,64.4248,0,0,0,0
nearest,64.4249,-1
cover,64.4769,0,0,0,0
nearest,64.4769,-1
cover,64.5269,0,0,0,0
nearest,64.5269,-1
cover,64.5769,0,0,0,0
nearest,64.5769,-1
cover,64.6239,0,0,0,0
nearest,64.6239,-1
cover,64.6813,0,0,0,0
nearest,64.6813,-1
cover,64.7422,0,0,0,0
nearest,64.7422,-1
cover,64.7884,0,0,0,0
nearest,64.7884,-1
cover,64.8336,0,0,0,0
nearest,64.8336,-1
cover,64.8826,0,0,0,0
nearest,64.8826,-1
cover,64.9457,0,0,0,0
nearest,64.9459,-1
cover,64.9957,0,0,0,0
nearest,64.9957,-1
cover,65.0426,0,0,0,0
nearest,65.0426,-1
cover,65.0944,0,0,0,0
nearest,65.0945,-1
cover,65.1411,0,0,0,0
nearest,65.1411,-1
cover,65.1894,0,0,0,0
nearest,65.1895,-1
cover,65.2407,0,0,0,0
nearest,65.2407,-1
cover,65.2872,0,0,0,0
nearest,65.2873,-1
cover,65.3328,0,0,0,0
nearest,65.3328,-1
cover,65.3792,0,0,0,0
nearest,65.3792,-1
cover,65.4249,0,0,0,0
nearest,65.4249,-1
cover,65.4826,0,0,0,0
nearest,65.4827,-1
cover,65.5411,0,0,0,0
nearest,65.5412,-1
cover,65.5923,0,0,0,0
nearest,65.5923,-1
cover,65.6417,0,0,0,0
nearest,65.6417,-1
cover,65.694,0,0,0,0
nearest,65.694,-1
cover,65.742,0,0,0,0
nearest,65.742,-1
cover,65.7907,0,0,0,0
nearest,65.7907,-1
cover,65.8421,1,0,1,0
nearest,65.8421,-1
cover,65.8886,1,0,1,0
nearest,65.8887,-1
cover,65.9422,1,0,1,0
nearest,65.9422,-1
cover,65.9923,1,0,1,0
nearest,65.9923,-1
cover,66.0429,0,0,0,0
nearest,66.0429,-1
cover,66.0903,0,0,0,0
nearest,66.0903,-1
cover,66.1428,0,0,0,0
nearest,66.1428,-1
cover,66.1891,0,0,0,0
nearest,66.1891,-1
cover,66.2351,0,0,0,0
nearest,66.2351,-1
cover,66.2833,0,0,0,0
nearest,66.2833,-1
cover,66.3311,0,0,0,0
nearest,66.3311,-1
cover,66.3874,0,0,0,0
nearest,66.3874,-1
cover,66.4398,0,0,0,0
nearest,66.4398,-1
cover,66.4916,0,0,0,0
nearest,66.4916,-1
cover,66.541,0,0,0,0
nearest,66.541,-1
cover,66.593,0,0,0,0
nearest,66.593,-1
cover,66.6433,0,0,0,0
nearest,66.6433,-1
cover,66.6936,0,0,0,0
nearest,66.6936,-1
cover,66.7436,0,0,0,0
nearest,66.7436,-1
cover,66.7905,0,0,0,0
nearest,66.7906,-1
cover,66.8429,0,0,0,0
nearest,66.843,-1
cover,66.8917,0,0,0,0
nearest,66.8918,-1
cover,66.9441,0,0,0,0
nearest,66.9442,-1
cover,66.9917,0,0,0,0
nearest,66.9917,-1
cover,67.0411,0,0,0,0
nearest,67.0411,-1
cover,67.0873,0,0,0,0
nearest,67.0873,-1
cover,67.1307,0,0,0,0
nearest,67.1308,-1
cover,67.1742,0,0,0,0
nearest,67.1742,-1
cover,67.2253,0,0,0,0
nearest,67.2254,-1
cover,67.2742,0,0,0,0
nearest,67.2742,-1
cover,67.3223,0,0,0,0
nearest,67.3223,-1
cover,67.3612,0,0,0,0
nearest,67.3612,-1
cover,67.423,0,0,0,0
nearest,67.423,-1
cover,67.4751,0,0,0,0
nearest,67.4751,-1
cover,67.5294,0,0,0,0
nearest,67.5294,-1
cover,67.5781,1,0,1,0
nearest,67.5781,-1
cover,67.6255,0,0,0,0
nearest,67.6255,-1
cover,67.6744,1,0,1,0
nearest,67.6744,-1
cover,67.7208,1,0,1,0
nearest,67.7208,-1
cover,67.7643,1,0,1,0
nearest,67.7643,-1
cover,67.813,1,0,1,0
nearest,67.813,-1
cover,67.8568,1,0,1,0
nearest,67.8569,-1
cover,67.9109,0,0,0,0
nearest,67.9109,-1
cover,67.9601,0,0,0,0
nearest,67.9602,-1
cover,68.0081,0,0,0,0
nearest,68.0081,-1
cover,68.0544,0,0,0,0
nearest,68.0544,-1
cover,68.0955,0,0,0,0
nearest,68.0955,-1
cover,68.1416,0,0,0,0
nearest,68.1417,-1
cover,68.1841,0,0,0,0
nearest,68.1842,-1
cover,68.2275,0,0,0,0
nearest,68.2275,-1
cover,68.2746,0,0,0,0
nearest,68.2746,-1
cover,68.3202,0,0,0,0
nearest,68.3202,-1
cover,68.3598,0,0,0,0
nearest,68.3598,-1
cover,68.4095,0,0,0,0
nearest,68.4095,-1
cover,68.4524,0,0,0,0
nearest,68.4524,-1
cover,68.4943,0,0,0,0
nearest,68.4943,-1
cover,68.5422,0,0,0,0
nearest,68.5422,-1
cover,68.5922,0,0,0,0
nearest,68.5923,-1
cover,68.6447,0,0,0,0
nearest,68.6448,-1
cover,68.6895,0,0,0,0
nearest,68.6895,-1
cover,68.741,0,0,0,0
nearest,68.741,-1
cover,68.791,0,0,0,0
nearest,68.7911,-1
cover,68.8342,0,0,0,0
nearest,68.8343,-1
cover,68.8761,0,0,0,0
nearest,68.8762,-1
cover,68.9253,0,0,0,0
nearest,68.9253,-1
cover,68.9758,0,0,0,0
nearest,68.9759,-1
cover,69.0244,0,0,0,0
nearest,69.0244,-1
cover,69.0771,0,0,0,0
nearest,69.0771,-1
cover,69.1208,0,0,0,0
nearest,69.1208,-1
cover,69.1643,0,0,0,0
nearest,69.1644,-1
cover,69.2111,0,0,0,0
nearest,69.2112,-1
cover,69.252,0,0,0,0
nearest,69.252,-1
cover,69.2937,0,0,0,0
nearest,69.2937,-1
cover,69.3413,0,0,0,0
nearest,69.3413,-1
cover,69.3866,0,0,0,0
nearest,69.3866,-1
cover,69.4326,0,0,0,0
nearest,69.4326,-1
cover,69.48,0,0,0,0
nearest,69.4801,-1
cover,69.5194,0,0,0,0
nearest,69.5195,-1
cover,69.5662,0,0,0,0
nearest,69.5662,-1
cover,69.6102,0,0,0,0
nearest,69.6102,-1
cover,69.6544,0,0,0,0
nearest,69.6544,-1
cover,69.6987,0,0,0,0
nearest,69.6987,-1
cover,69.747,0,0,0,0
nearest,69.747,-1
cover,69.7913,0,0,0,0
nearest,69.7914,-1
cover,69.8429,0,0,0,0
nearest,69.8429,-1
cover,69.8874,0,0,0,0
nearest,69.8874,-1
cover,69.9296,0,0,0,0
nearest,69.9296,-1
cover,69.9755,0,0,0,0
nearest,69.9755,-1
cover,70.0214,0,0,0,0
nearest,70.0214,-1
cover,70.0603,0,0,0,0
nearest,70.0604,-1
cover,70.1063,0,0,0,0
nearest,70.1064,-1
cover,70.1522,0,0,0,0
nearest,70.1522,-1
cover,70.1941,0,0,0,0
nearest,70.1941,-1
cover,70.2417,0,0,0,0
nearest,70.2417,-1
cover,70.2914,0,0,0,0
nearest,70.2914,-1
cover,70.3418,0,0,0,0
nearest,70.3418,-1
cover,70.3847,0,0,0,0
nearest,70.3847,-1
cover,70.4317,0,0,0,0
nearest,70.4317,-1
cover,70.4801,0,0,0,0
nearest,70.4801,-1
cover,70.5223,0,0,0,0
nearest,70.5224,-1
cover,70.576,0,0,0,0
nearest,70.5761,-1
cover,70.6197,0,0,0,0
nearest,70.6197,-1
cover,70.6609,0,0,0,0
nearest,70.6609,-1
cover,70.707,0,0,0,0
nearest,70.7071,-1
cover,70.7568,0,0,0,0
nearest,70.7569,-1
cover,70.8069,0,0,0,0
nearest,70.8069,-1
cover,70.8531,0,0,0,0
nearest,70.8531,-1
cover,70.8973,0,0,0,0
nearest,70.8973,-1
cover,70.9528,0,0,0,0
nearest,70.9528,-1
cover,70.9986,0,0,0,0
nearest,70.9986,-1
cover,71.0463,0,0,0,0
nearest,71.0463,-1
cover,71.0882,0,0,0,0
nearest,71.0882,-1
cover,71.1289,0,0,0,0
nearest,71.129,-1
cover,71.1755,0,0,0,0
nearest,71.1756,-1
cover,71.2227,0,0,0,0
nearest,71.2227,-1
cover,71.2748,0,0,0,0
nearest,71.2748,-1
cover,71.3191,0,0,0,0
nearest,71.3191,-1
cover,71.3662,0,0,0,0
nearest,71.3662,-1
cover,71.4124,0,0,0,0
nearest,71.4124,-1
cover,71.4528,0,0,0,0
nearest,71.4528,-1
cover,71.4973,0,0,0,0
nearest,71.4973,-1
cover,71.5434,0,0,0,0
nearest,71.5434,-1
cover,71.589,0,0,0,0
nearest,71.589,-1
cover,71.6292,0,0,0,0
nearest,71.6293,-1
cover,71.6754,0,0,0,0
nearest,71.6754,-1
cover,71.7204,0,0,0,0
nearest,71.7204,-1
cover,71.7666,0,0,0,0
nearest,71.7666,-1
cover,71.8131,0,0,0,0
nearest,71.8131,-1
cover,71.857,0,0,0,0
nearest,71.857,-1
cover,71.9,0,0,0,0
nearest,71.9,-1
cover,71.9478,0,0,0,0
nearest,71.9478,-1
cover,71.9974,0,0,0,0
nearest,71.9974,-1
cover,72.0426,0,0,0,0
nearest,72.0427,-1
cover,72.0911,0,0,0,0
nearest,72.0911,-1
cover,72.143,0,0,0,0
nearest,72.143,-1
cover,72.1883,0,0,0,0
nearest,72.1883,-1
cover,72.2264,0,0,0,0
nearest,72.2264,-1
cover,72.2753,0,0,0,0
nearest,72.2754,-1
cover,72.3242,0,0,0,0
nearest,72.3242,-1
cover,72.3747,0,0,0,0
nearest,72.3747,-1
cover,72.4228,0,0,0,0
nearest,72.4228,-1
cover,72.4796,0,0,0,0
nearest,72.4797,-1
cover,72.5289,0,0,0,0
nearest,72.5289,-1
cover,72.5767,0,0,0,0
nearest,72.5767,-1
cover,72.6223,0,0,0,0
nearest,72.6223,-1
cover,72.6758,0,0,0,0
nearest,72.6759,-1
cover,72.7239,0,0,0,0
nearest,72.724,-1
cover,72.7798,0,0,0,0
nearest,72.7798,-1
cover,72.8294,0,0,0,0
nearest,72.8294,-1
cover,72.8776,0,0,0,0
nearest,72.8776,-1
cover,72.9287,0,0,0,0
nearest,72.9287,-1
cover,72.9783,0,0,0,0
nearest,72.9784,-1
cover,73.0238,0,0,0,0
nearest,73.0239,-1
cover,73.0764,0,0,0,0
nearest,73.0765,-1
cover,73.1251,0,0,0,0
nearest,73.1251,-1
cover,73.177,0,0,0,0
nearest,73.177,-1
cover,73.2208,0,0,0,0
nearest,73.2208,-1
cover,73.2661,0,0,0,0
nearest,73.2662,-1
cover,73.3177,0,0,0,0
nearest,73.3177,-1
cover,73.3854,0,0,0,0
nearest,73.3854,-1
cover,73.4421,0,0,0,0
nearest,73.4421,-1
cover,73.4941,0,0,0,0
nearest,73.4941,-1
cover,73.5464,0,0,0,0
nearest,73.5465,-1
cover,73.5943,0,0,0,0
nearest,73.5944,-1
cover,73.6427,0,0,0,0
nearest,73.6427,-1
cover,73.7097,0,0,0,0
nearest,73.7098,-1
cover,73.7645,0,0,0,0
nearest,73.7645,-1
cover,73.8144,0,0,0,0
nearest,73.8144,-1
cover,73.8763,0,0,0,0
nearest,73.8763,-1
cover,73.9274,0,0,0,0
nearest,73.9274,-1
cover,73.9778,0,0,0,0
nearest,73.9778,-1
cover,74.0349,0,0,0,0
nearest,74.0349,-1
cover,74.0842,0,0,0,0
nearest,74.0842,-1
cover,74.1427,0,0,0,0
nearest,74.1427,-1
cover,74.1902,0,0,0,0
nearest,74.1903,-1
cover,74.2438,0,0,0,0
nearest,74.2438,-1
cover,74.2976,0,0,0,0
nearest,74.2977,-1
cover,74.3611,0,0,0,0
nearest,74.3611,-1
cover,74.4182,0,0,0,0
nearest,74.4182,-1
cover,74.476,0,0,0,0
nearest,74.476,-1
cover,74.5246,0,0,0,0
nearest,74.5246,-1
cover,74.5767,0,0,0,0
nearest,74.5767,-1
cover,74.6261,0,0,0,0
nearest,74.6261,-1
cover,74.6779,0,0,0,0
nearest,74.6779,-1
cover,74.7252,0,0,0,0
nearest,74.7252,-1
cover,74.7768,0,0,0,0
nearest,74.7768,-1
cover,74.8253,0,0,0,0
nearest,74.8254,-1
cover,74.8773,0,0,0,0
nearest,74.8773,-1
cover,74.9224,0,0,0,0
nearest,74.9224,-1
cover,74.9679,0,0,0,0
nearest,74.9679,-1
cover,75.0227,0,0,0,0
nearest,75.0227,-1
cover,75.0821,0,0,0,0
nearest,75.0821,-1
cover,75.1464,0,0,0,0
nearest,75.1464,-1
cover,75.2007,0,0,0,0
nearest,75.2008,-1
cover,75.2555,0,0,0,0
nearest,75.2556,-1
cover,75.307,0,0,0,0
nearest,75.307,-1
cover,75.3594,0,0,0,0
nearest,75.3595,-1
cover,75.4095,0,0,0,0
nearest,75.4095,-1
cover,75.4588,0,0,0,0
nearest,75.4588,-1
cover,75.5106,0,0,0,0
nearest,75.5107,-1
cover,75.5587,0,0,0,0
nearest,75.5588,-1
cover,75.6131,0,0,0,0
nearest,75.6131,-1
cover,75.6589,0,0,0,0
nearest,75.659,-1
cover,75.7123,1,0,1,0
nearest,75.7124,-1
cover,75.7665,1,0,1,0
nearest,75.7665,-1
cover,75.8215,0,0,0,0
nearest,75.8215,-1
cover,75.8769,0,0,0,0
nearest,75.8769,-1
cover,75.9233,1,0,1,0
nearest,75.9233,-1
cover,75.9763,0,0,0,0
nearest,75.9763,-1
cover,76.0262,0,0,0,0
nearest,76.0262,-1
cover,76.0761,0,0,0,0
nearest,76.0762,-1
cover,76.1269,0,0,0,0
nearest,76.1269,-1
cover,76.1786,0,0,0,0
nearest,76.1786,-1
cover,76.2246,0,0,0,0
nearest,76.2246,-1
cover,76.2761,0,0,0,0
nearest,76.2761,-1
cover,76.3244,0,0,0,0
nearest,76.3244,-1
cover,76.3769,0,0,0,0
nearest,76.3769,-1
cover,76.4271,0,0,0,0
nearest,76.4271,-1
cover,76.477,0,0,0,0
nearest,76.477,-1
cover,76.5275,0,0,0,0
nearest,76.5275,-1
cover,76.5772,0,0,0,0
nearest,76.5772,-1
cover,76.6233,0,0,0,0
nearest,76.6234,-1
cover,76.6787,0,0,0,0
nearest,76.6787,-1
cover,76.726,0,0,0,0
nearest,76.726,-1
cover,76.7777,0,0,0,0
nearest,76.7778,-1
cover,76.826,0,0,0,0
nearest,76.8261,-1
cover,76.8782,0,0,0,0
nearest,76.8782,-1
cover,76.9272,0,0,0,0
nearest,76.9272,-1
cover,76.9777,0,0,0,0
nearest,76.9778,-1
cover,77.0276,0,0,0,0
nearest,77.0276,-1
cover,77.0774,0,0,0,0
nearest,77.0774,-1
cover,77.129,0,0,0,0
nearest,77.129,-1
cover,77.1783,0,0,0,0
nearest,77.1783,-1
cover,77.2329,0,0,0,0
nearest,77.2329,-1
cover,77.2872,0,0,0,0
nearest,77.2873,-1
cover,77.3434,0,0,0,0
nearest,77.3434,-1
cover,77.3933,0,0,0,0
nearest,77.3933,-1
cover,77.4464,0,0,0,0
nearest,77.4464,-1
cover,77.4978,0,0,0,0
nearest,77.4979,-1
cover,77.5546,0,0,0,0
nearest,77.5547,-1
cover,77.611,0,0,0,0
nearest,77.611,-1
cover,77.6602,0,0,0,0
nearest,77.6602,-1
cover,77.7112,0,0,0,0
nearest,77.7112,-1
cover,77.7592,0,0,0,0
nearest,77.7592,-1
cover,77.8108,0,0,0,0
nearest,77.8108,-1
cover,77.8586,0,0,0,0
nearest,77.8587,-1
cover,77.9108,0,0,0,0
nearest,77.9108,-1
cover,77.9585,0,0,0,0
nearest,77.9586,-1
cover,78.0142,0,0,0,0
nearest,78.0143,-1
cover,78.0779,0,0,0,0
nearest,78.078,-1
cover,78.1258,0,0,0,0
nearest,78.1258,-1
cover,78.1782,0,0,0,0
nearest,78.1782,-1
cover,78.2315,0,0,0,0
nearest,78.2315,-1
cover,78.288,0,0,0,0
nearest,78.288,-1
cover,78.3446,0,0,0,0
nearest,78.3446,-1
cover,78.3976,0,0,0,0
nearest,78.3976,-1
cover,78.4535,0,0,0,0
nearest,78.4535,-1
cover,78.5103,0,0,0,0
nearest,78.5104,-1
cover,78.5625,0,0,0,0
nearest,78.5625,-1
cover,78.6172,0,0,0,0
nearest,78.6172,-1
cover,78.6812,0,0,0,0
nearest,78.6812,-1
cover,78.7449,0,0,0,0
nearest,78.7449,-1
cover,78.7973,0,0,0,0
nearest,78.7974,-1
cover,78.847,0,0,0,0
nearest,78.847,-1
cover,78.8977,0,0,0,0
nearest,78.8977,-1
cover,78.9574,0,0,0,0
nearest,78.9575,-1
cover,79.0146,0,0,0,0
nearest,79.0146,-1
cover,79.068,0,0,0,0
nearest,79.0681,-1
cover,79.119,0,0,0,0
nearest,79.119,-1
cover,79.1773,0,0,0,0
nearest,79.1773,-1
cover,79.2286,0,0,0,0
nearest,79.2287,-1
cover,79.2766,0,0,0,0
nearest,79.2767,-1
cover,79.3308,0,0,0,0
nearest,79.3308,-1
cover,79.3861,0,0,0,0
nearest,79.3862,-1
cover,79.4422,0,0,0,0
nearest,79.4423,-1
cover,79.4976,0,0,0,0
nearest,79.4976,-1
cover,79.5468,1,0,1,0
nearest,79.5468,-1
cover,79.5909,1,0,1,0
nearest,79.5909,-1
cover,79.6455,1,0,1,0
nearest,79.6455,-1
cover,79.6943,1,0,1,0
nearest,79.6943,-1
cover,79.7449,1,0,1,0
nearest,79.7449,-1
cover,79.79,0,0,0,0
nearest,79.7901,-1
cover,79.8444,0,0,0,0
nearest,79.8444,-1
cover,79.8985,0,0,0,0
nearest,79.8985,-1
cover,79.958,0,0,0,0
nearest,79.958,-1
cover,80.0119,0,0,0,0
nearest,80.0119,-1
cover,80.0609,0,0,0,0
nearest,80.0609,-1
cover,80.1123,0,0,0,0
nearest,80.1124,-1
cover,80.1552,0,0,0,0
nearest,80.1552,-1
cover,80.2126,0,0,0,0
nearest,80.2126,-1
cover,80.2628,0,0,0,0
nearest,80.2628,-1
cover,80.3115,0,0,0,0
nearest,80.3116,-1
cover,80.3589,0,0,0,0
nearest,80.359,-1
cover,80.4115,0,0,0,0
nearest,80.4115,-1
cover,80.459,0,0,0,0
nearest,80.459,-1
cover,80.5141,0,0,0,0
nearest,80.5142,-1
cover,80.5771,0,0,0,0
nearest,80.5771,-1
cover,80.6317,0,0,0,0
nearest,80.6317,-1
cover,80.6878,0,0,0,0
nearest,80.6879,-1
cover,80.747,0,0,0,0
nearest,80.747,-1
cover,80.801,0,0,0,0
nearest,80.801,-1
cover,80.857,0,0,0,0
nearest,80.857,-1
cover,80.916,0,0,0,0
nearest,80.9161,-1
cover,80.9774,0,0,0,0
nearest,80.9774,-1
cover,81.0286,0,0,0,0
nearest,81.0286,-1
cover,81.0776,0,0,0,0
nearest,81.0776,-1
cover,81.1256,0,0,0,0
nearest,81.1256,-1
cover,81.1765,0,0,0,0
nearest,81.1765,-1
cover,81.226,0,0,0,0
nearest,81.226,-1
cover,81.2811,0,0,0,0
nearest,81.2811,-1
cover,81.345,0,0,0,0
nearest,81.345,-1
cover,81.3981,0,0,0,0
nearest,81.3981,-1
cover,81.4605,0,0,0,0
nearest,81.4605,-1
cover,81.5126,0,0,0,0
nearest,81.5126,-1
cover,81.5592,0,0,0,0
nearest,81.5592,-1
cover,81.613,0,0,0,0
nearest,81.613,-1
cover,81.6648,0,0,0,0
nearest,81.6649,-1
cover,81.7197,0,0,0,0
nearest,81.7198,-1
cover,81.7818,0,0,0,0
nearest,81.7819,-1
cover,81.8464,0,0,0,0
nearest,81.8464,-1
cover,81.893,0,0,0,0
nearest,81.893,-1
cover,81.9467,0,0,0,0
nearest,81.9467,-1
cover,81.9978,0,0,0,0
nearest,81.9978,-1
cover,82.0507,0,0,0,0
nearest,82.0507,-1
cover,82.1098,0,0,0,0
nearest,82.1098,-1
cover,82.1609,0,0,0,0
nearest,82.161,-1
cover,82.2077,0,0,0,0
nearest,82.2077,-1
cover,82.2618,0,0,0,0
nearest,82.2618,-1
cover,82.3106,0,0,0,0
nearest,82.3106,-1
cover,82.3696,0,0,0,0
nearest,82.3696,-1
cover,82.4233,0,0,0,0
nearest,82.4233,-1
cover,82.4793,0,0,0,0
nearest,82.4794,-1
cover,82.5278,0,0,0,0
nearest,82.5278,-1
cover,82.5797,0,0,0,0
nearest,82.5797,-1
cover,82.6287,0,0,0,0
nearest,82.6287,-1
cover,82.6817,0,0,0,0
nearest,82.6818,-1
cover,82.7489,0,0,0,0
nearest,82.7489,-1
cover,82.8144,0,0,0,0
nearest,82.8145,-1
cover,82.8767,0,0,0,0
nearest,82.8767,-1
cover,82.9264,0,0,0,0
nearest,82.9265,-1
cover,82.9786,0,0,0,0
nearest,82.9786,-1
cover,83.0289,0,0,0,0
nearest,83.0289,-1
cover,83.0783,0,0,0,0
nearest,83.0783,-1
cover,83.1281,0,0,0,0
nearest,83.1281,-1
cover,83.1785,0,0,0,0
nearest,83.1785,-1
cover,83.2277,0,0,0,0
nearest,83.2277,-1
cover,83.2801,0,0,0,0
nearest,83.2801,-1
cover,83.3292,0,0,0,0
nearest,83.3293,-1
cover,83.3781,0,0,0,0
nearest,83.3781,-1
cover,83.4231,0,0,0,0
nearest,83.4231,-1
cover,83.4778,0,0,0,0
nearest,83.4778,-1
cover,83.5259,0,0,0,0
nearest,83.526,-1
cover,83.5798,0,0,0,0
nearest,83.5798,-1
cover,83.6272,0,0,0,0
nearest,83.6272,-1
cover,83.6772,0,0,0,0
nearest,83.6772,-1
cover,83.7269,0,0,0,0
nearest,83.7269,-1
cover,83.7773,0,0,0,0
nearest,83.7774,-1
cover,83.827,0,0,0,0
nearest,83.827,-1
cover,83.8768,0,0,0,0
nearest,83.8768,-1
cover,83.9277,0,0,0,0
nearest,83.9277,-1
cover,83.9781,0,0,0,0
nearest,83.9781,-1
cover,84.0249,0,0,0,0
nearest,84.0249,-1
cover,84.0803,0,0,0,0
nearest,84.0803,-1
cover,84.134,0,0,0,0
nearest,84.134,-1
cover,84.1834,0,0,0,0
nearest,84.1834,-1
cover,84.2345,0,0,0,0
nearest,84.2345,-1
cover,84.2832,0,0,0,0
nearest,84.2833,-1
cover,84.3358,0,0,0,0
nearest,84.3358,-1
cover,84.3861,0,0,0,0
nearest,84.3861,-1
cover,84.4438,0,0,0,0
nearest,84.4438,-1
cover,84.4911,0,0,0,0
nearest,84.4912,-1
cover,84.5443,0,0,0,0
nearest,84.5443,-1
cover,84.5933,0,0,0,0
nearest,84.5933,-1
cover,84.6462,0,0,0,0
nearest,84.6462,-1
cover,84.6955,0,0,0,0
nearest,84.6955,-1
cover,84.7475,0,0,0,0
nearest,84.7475,-1
cover,84.8126,0,0,0,0
nearest,84.8126,-1
cover,84.8591,0,0,0,0
nearest,84.8591,-1
cover,84.9128,0,0,0,0
nearest,84.9128,-1
cover,84.9627,0,0,0,0
nearest,84.9627,-1
cover,85.0156,0,0,0,0
nearest,85.0156,-1
cover,85.0783,0,0,0,0
nearest,85.0784,-1
cover,85.1274,0,0,0,0
nearest,85.1274,-1
cover,85.1788,0,0,0,0
nearest,85.1789,-1
cover,85.2279,0,0,0,0
nearest,85.2279,-1
cover,85.2779,0,0,0,0
nearest,85.2779,-1
cover,85.3281,0,0,0,0
nearest,85.3282,-1
cover,85.3783,0,0,0,0
nearest,85.3783,-1
cover,85.4229,0,0,0,0
nearest,85.4229,-1
cover,85.4776,0,0,0,0
nearest,85.4776,-1
cover,85.5254,0,0,0,0
nearest,85.5255,-1
cover,85.5785,0,0,0,0
nearest,85.5786,-1
cover,85.6271,0,0,0,0
nearest,85.6271,-1
cover,85.6764,0,0,0,0
nearest,85.6764,-1
cover,85.7242,0,0,0,0
nearest,85.7243,-1
cover,85.7782,0,0,0,0
nearest,85.7782,-1
cover,85.8283,0,0,0,0
nearest,85.8283,-1
cover,85.8772,0,0,0,0
nearest,85.8772,-1
cover,85.9275,0,0,0,0
nearest,85.9275,-1
cover,85.9781,0,0,0,0
nearest,85.9781,-1
cover,86.0245,0,0,0,0
nearest,86.0245,-1
cover,86.0788,0,0,0,0
nearest,86.0788,-1
cover,86.1267,0,0,0,0
nearest,86.1268,-1
cover,86.1779,0,0,0,0
nearest,86.1779,-1
cover,86.226,0,0,0,0
nearest,86.226,-1
cover,86.2785,0,0,0,0
nearest,86.2785,-1
cover,86.3229,0,0,0,0
nearest,86.3229,-1
cover,86.3788,0,0,0,0
nearest,86.3788,-1
cover,86.4293,0,0,0,0
nearest,86.4294,-1
cover,86.4783,0,0,0,0
nearest,86.4784,-1
cover,86.5283,0,0,0,0
nearest,86.5283,-1
cover,86.5788,0,0,0,0
nearest,86.5788,-1
cover,86.6213,0,0,0,0
nearest,86.6214,-1
cover,86.665,0,0,0,0
nearest,86.665,-1
cover,86.7186,0,0,0,0
nearest,86.7186,-1
cover,86.778,0,0,0,0
nearest,86.778,-1
cover,86.8284,0,0,0,0
nearest,86.8284,-1
cover,86.8788,0,0,0,0
nearest,86.8788,-1
cover,86.9289,0,0,0,0
nearest,86.9289,-1
cover,86.9783,0,0,0,0
nearest,86.9783,-1
cover,87.0274,0,0,0,0
nearest,87.0274,-1
cover,87.0792,0,0,0,0
nearest,87.0792,-1
cover,87.1257,0,0,0,0
nearest,87.1257,-1
cover,87.18,1,0,1,0
nearest,87.1801,-1
cover,87.2259,0,0,0,0
nearest,87.2259,-1
cover,87.2795,0,0,0,0
nearest,87.2795,-1
cover,87.3254,0,0,0,0
nearest,87.3255,-1
cover,87.3781,0,0,0,0
nearest,87.3781,-1
cover,87.4254,0,0,0,0
nearest,87.4254,-1
cover,87.4782,0,0,0,0
nearest,87.4782,-1
cover,87.5238,0,0,0,0
nearest,87.5238,-1
cover,87.5808,0,0,0,0
nearest,87.5808,-1
cover,87.6455,0,0,0,0
nearest,87.6455,-1
cover,87.699,0,0,0,0
nearest,87.699,-1
cover,87.757,0,0,0,0
nearest,87.757,-1
cover,87.819,0,0,0,0
nearest,87.819,-1
cover,87.8791,0,0,0,0
nearest,87.8791,-1
cover,87.9281,0,0,0,0
nearest,87.9282,-1
cover,87.98,0,0,0,0
nearest,87.98,-1
cover,88.0303,0,0,0,0
nearest,88.0304,-1
cover,88.0866,0,0,0,0
nearest,88.0866,-1
cover,88.1442,0,0,0,0
nearest,88.1442,-1
cover,88.1947,0,0,0,0
nearest,88.1947,-1
cover,88.2486,0,0,0,0
nearest,88.2486,-1
cover,88.3017,0,0,0,0
nearest,88.3018,-1
cover,88.3541,0,0,0,0
nearest,88.3541,-1
cover,88.4024,0,0,0,0
nearest,88.4024,-1
cover,88.4505,0,0,0,0
nearest,88.4505,-1
cover,88.4996,0,0,0,0
nearest,88.4997,-1
cover,88.5498,0,0,0,0
nearest,88.5498,-1
cover,88.6039,0,0,0,0
nearest,88.6039,-1
cover,88.6559,0,0,0,0
nearest,88.6559,-1
cover,88.7138,0,0,0,0
nearest,88.7138,-1
cover,88.7785,0,0,0,0
nearest,88.7785,-1
cover,88.8229,0,0,0,0
nearest,88.8229,-1
cover,88.8784,0,0,0,0
nearest,88.8784,-1
cover,88.9267,0,0,0,0
nearest,88.9267,-1
cover,88.9796,0,0,0,0
nearest,88.9796,-1
cover,89.0289,0,0,0,0
nearest,89.0289,-1
cover,89.0782,0,0,0,0
nearest,89.0782,-1
cover,89.1239,0,0,0,0
nearest,89.1239,-1
cover,89.1787,0,0,0,0
nearest,89.1787,-1
cover,89.2274,0,0,0,0
nearest,89.2275,-1
cover,89.2793,0,0,0,0
nearest,89.2794,-1
cover,89.3223,0,0,0,0
nearest,89.3223,-1
cover,89.3778,0,0,0,0
nearest,89.3778,-1
cover,89.4257,0,0,0,0
nearest,89.4258,-1
cover,89.4689,0,0,0,0
nearest,89.4689,-1
cover,89.5152,0,0,0,0
nearest,89.5152,-1
cover,89.5665,0,0,0,0
nearest,89.5666,-1
cover,89.6178,0,0,0,0
nearest,89.6179,-1
cover,89.6673,0,0,0,0
nearest,89.6673,-1
cover,89.7168,0,0,0,0
nearest,89.7168,-1
cover,89.7675,0,0,0,0
nearest,89.7675,-1
cover,89.8168,0,0,0,0
nearest,89.8169,-1
cover,89.8656,0,0,0,0
nearest,89.8656,-1
cover,89.9126,0,0,0,0
nearest,89.9126,-1
cover,89.9604,0,0,0,0
nearest,89.9604,-1
cover,90.0118,0,0,0,0
nearest,90.0118,-1
cover,90.052,0,0,0,0
nearest,90.052,-1
cover,90.0993,0,0,0,0
nearest,90.0994,-1
cover,90.1499,0,0,0,0
nearest,90.1499,-1
cover,90.1992,0,0,0,0
nearest,90.1992,-1
cover,90.2552,0,0,0,0
nearest,90.2552,-1
cover,90.3464,0,0,0,0
nearest,90.3464,-1
cover,90.4008,0,0,0,0
nearest,90.4008,-1
cover,90.4508,0,0,0,0
nearest,90.4509,-1
cover,90.5058,0,0,0,0
nearest,90.5059,-1
cover,90.5636,0,0,0,0
nearest,90.5636,-1
cover,90.618,0,0,0,0
nearest,90.618,-1
cover,90.6795,0,0,0,0
nearest,90.6795,-1
cover,90.7353,0,0,0,0
nearest,90.7353,-1
cover,90.7892,0,0,0,0
nearest,90.7892,-1
cover,90.8465,0,0,0,0
nearest,90.8465,-1
cover,90.8913,0,0,0,0
nearest,90.8914,-1
cover,90.9457,0,0,0,0
nearest,90.9457,-1
cover,90.9914,0,0,0,0
nearest,90.9914,-1
cover,91.0457,0,0,0,0
nearest,91.0457,-1
cover,91.0878,0,0,0,0
nearest,91.0879,-1
cover,91.1437,0,0,0,0
nearest,91.1437,-1
cover,91.1879,0,0,0,0
nearest,91.1879,-1
cover,91.2341,0,0,0,0
nearest,91.2341,-1
cover,91.2821,0,0,0,0
nearest,91.2821,-1
cover,91.3313,0,0,0,0
nearest,91.3313,-1
cover,91.3814,0,0,0,0
nearest,91.3814,-1
cover,91.4436,0,0,0,0
nearest,91.4437,-1
cover,91.489,0,0,0,0
nearest,91.489,-1
cover,91.5354,0,0,0,0
nearest,91.5354,-1
cover,91.5781,0,0,0,0
nearest,91.5781,-1
cover,91.6253,0,0,0,0
nearest,91.6254,-1
cover,91.6697,0,0,0,0
nearest,91.6697,-1
cover,91.7145,0,0,0,0
nearest,91.7145,-1
cover,91.7677,0,0,0,0
nearest,91.7677,-1
cover,91.8145,0,0,0,0
nearest,91.8146,-1
cover,91.8683,0,0,0,0
nearest,91.8683,-1
cover,91.916,0,0,0,0
nearest,91.916,-1
cover,91.9655,0,0,0,0
nearest,91.9655,-1
cover,92.0161,0,0,0,0
nearest,92.0161,-1
cover,92.0668,0,0,0,0
nearest,92.0668,-1
cover,92.1174,0,0,0,0
nearest,92.1174,-1
cover,92.1642,0,0,0,0
nearest,92.1642,-1
cover,92.2167,0,0,0,0
nearest,92.2168,-1
cover,92.2653,0,0,0,0
nearest,92.2653,-1
cover,92.3157,0,0,0,0
nearest,92.3157,-1
cover,92.3673,0,0,0,0
nearest,92.3673,-1
cover,92.4152,0,0,0,0
nearest,92.4152,-1
cover,92.4666,0,0,0,0
nearest,92.4666,-1
cover,92.5156,0,0,0,0
nearest,92.5156,-1
cover,92.5669,0,0,0,0
nearest,92.567,-1
cover,92.6194,0,0,0,0
nearest,92.6195,-1
cover,92.6658,0,0,0,0
nearest,92.6658,-1
cover,92.719,0,0,0,0
nearest,92.719,-1
cover,92.8324,0,0,0,0
nearest,92.8324,-1
cover,92.8789,0,0,0,0
nearest,92.8789,-1
cover,92.9282,0,0,0,0
nearest,92.9283,-1
cover,92.9756,0,0,0,0
nearest,92.9756,-1
cover,93.0203,0,0,0,0
nearest,93.0204,-1
cover,93.0639,0,0,0,0
nearest,93.0639,-1
cover,93.1187,0,0,0,0
nearest,93.1187,-1
cover,93.1657,0,0,0,0
nearest,93.1657,-1
cover,93.2208,0,0,0,0
nearest,93.2209,-1
cover,93.2673,0,0,0,0
nearest,93.2674,-1
cover,93.3181,0,0,0,0
nearest,93.3181,-1
cover,93.3618,0,0,0,0
nearest,93.3618,-1
cover,93.4057,0,0,0,0
nearest,93.4057,-1
cover,93.4591,0,0,0,0
nearest,93.4591,-1
cover,93.5084,0,0,0,0
nearest,93.5084,-1
cover,93.56,0,0,0,0
nearest,93.56,-1
cover,93.611,0,0,0,0
nearest,93.611,-1
cover,93.6562,0,0,0,0
nearest,93.6562,-1
cover,93.7059,0,0,0,0
nearest,93.706,-1
cover,93.76,0,0,0,0
nearest,93.7601,-1
cover,93.8087,0,0,0,0
nearest,93.8088,-1
cover,93.8647,0,0,0,0
nearest,93.8647,-1
cover,93.9191,0,0,0,0
nearest,93.9191,-1
cover,93.9673,0,0,0,0
nearest,93.9673,-1
cover,94.0187,0,0,0,0
nearest,94.0187,-1
cover,94.0645,0,0,0,0
nearest,94.0645,-1
cover,94.1181,0,0,0,0
nearest,94.1181,-1
cover,94.1679,0,0,0,0
nearest,94.1679,-1
cover,94.214,0,0,0,0
nearest,94.214,-1
cover,94.2665,0,0,0,0
nearest,94.2666,-1
cover,94.3177,0,0,0,0
nearest,94.3177,-1
cover,94.3652,0,0,0,0
nearest,94.3652,-1
cover,94.412,0,0,0,0
nearest,94.412,-1
cover,94.4546,0,0,0,0
nearest,94.4547,-1
cover,94.5026,0,0,0,0
nearest,94.5026,-1
cover,94.553,0,0,0,0
nearest,94.553,-1
cover,94.5962,0,0,0,0
nearest,94.5962,-1
cover,94.6434,0,0,0,0
nearest,94.6434,-1
cover,94.6956,0,0,0,0
nearest,94.6956,-1
cover,94.7521,0,0,0,0
nearest,94.7521,-1
cover,94.8004,0,0,0,0
nearest,94.8005,-1
cover,94.8524,0,0,0,0
nearest,94.8525,-1
cover,94.8978,0,0,0,0
nearest,94.8979,-1
cover,94.9575,0,0,0,0
nearest,94.9576,-1
cover,95.0106,0,0,0,0
nearest,95.0107,-1
cover,95.062,0,0,0,0
nearest,95.062,-1
cover,95.1125,0,0,0,0
nearest,95.1126,-1
cover,95.1578,0,0,0,0
nearest,95.1578,-1
cover,95.2097,0,0,0,0
nearest,95.2098,-1
cover,95.2599,0,0,0,0
nearest,95.2599,-1
cover,95.307,0,0,0,0
nearest,95.307,-1
cover,95.3577,0,0,0,0
nearest,95.3577,-1
cover,95.4101,0,0,0,0
nearest,95.4101,-1
cover,95.4585,0,0,0,0
nearest,95.4585,-1
cover,95.5143,0,0,0,0
nearest,95.5143,-1
cover,95.5619,0,0,0,0
nearest,95.5619,-1
cover,95.6083,0,0,0,0
nearest,95.6083,-1
cover,95.6553,0,0,0,0
nearest,95.6554,-1
cover,95.7006,0,0,0,0
nearest,95.7007,-1
cover,95.7414,0,0,0,0
nearest,95.7414,-1
cover,95.7913,0,0,0,0
nearest,95.7914,-1
cover,95.8412,0,0,0,0
nearest,95.8412,-1
cover,95.8865,0,0,0,0
nearest,95.8866,-1
cover,95.9311,0,0,0,0
nearest,95.9311,-1
cover,95.9775,0,0,0,0
nearest,95.9775,-1
cover,96.0362,0,0,0,0
nearest,96.0362,-1
cover,96.0793,0,0,0,0
nearest,96.0793,-1
cover,96.1201,0,0,0,0
nearest,96.1201,-1
cover,96.1622,0,0,0,0
nearest,96.1623,-1
cover,96.2044,0,0,0,0
nearest,96.2045,-1
cover,96.2441,0,0,0,0
nearest,96.2441,-1
cover,96.2856,0,0,0,0
nearest,96.2857,-1
cover,96.3303,0,0,0,0
nearest,96.3304,-1
cover,96.3787,0,0,0,0
nearest,96.3788,-1
cover,96.4215,0,0,0,0
nearest,96.4215,-1
cover,96.4628,0,0,0,0
nearest,96.4628,-1
cover,96.5026,0,0,0,0
nearest,96.5026,-1
cover,96.5431,0,0,0,0
nearest,96.5431,-1
cover,96.5883,0,0,0,0
nearest,96.5883,-1
cover,96.6313,0,0,0,0
nearest,96.6313,-1
cover,96.6793,0,0,0,0
nearest,96.6793,-1
cover,96.7245,0,0,0,0
nearest,96.7246,-1
cover,96.7744,0,0,0,0
nearest,96.7744,-1
cover,96.8263,0,0,0,0
nearest,96.8263,-1
cover,96.8725,0,0,0,0
nearest,96.8725,-1
cover,96.9228,0,0,0,0
nearest,96.9228,-1
cover,96.9713,0,0,0,0
nearest,96.9713,-1
cover,97.0085,0,0,0,0
nearest,97.0085,-1
cover,97.0538,0,0,0,0
nearest,97.0538,-1
cover,97.0989,0,0,0,0
nearest,97.099,-1
cover,97.152,0,0,0,0
nearest,97.152,-1
cover,97.1971,0,0,0,0
nearest,97.1972,-1
cover,97.2534,0,0,0,0
nearest,97.2534,-1
cover,97.2997,0,0,0,0
nearest,97.2997,-1
cover,97.3444,0,0,0,0
nearest,97.3444,-1
cover,97.3914,0,0,0,0
nearest,97.3914,-1
cover,97.4397,0,0,0,0
nearest,97.4397,-1
cover,97.49,0,0,0,0
nearest,97.4901,-1
cover,97.5416,0,0,0,0
nearest,97.5417,-1
cover,97.5916,0,0,0,0
nearest,97.5916,-1
cover,97.6467,0,0,0,0
nearest,97.6467,-1
cover,97.6921,0,0,0,0
nearest,97.6922,-1
cover,97.7414,0,0,0,0
nearest,97.7415,-1
cover,97.7912,0,0,0,0
nearest,97.7912,-1
cover,97.8392,0,0,0,0
nearest,97.8392,-1
cover,97.8889,0,0,0,0
nearest,97.8889,-1
cover,97.9467,0,0,0,0
nearest,97.9467,-1
cover,97.9968,0,0,0,0
nearest,97.9968,-1
cover,98.0545,0,0,0,0
nearest,98.0545,-1
cover,98.0983,0,0,0,0
nearest,98.0984,-1
cover,98.1444,0,0,0,0
nearest,98.1444,-1
cover,98.1904,0,0,0,0
nearest,98.1905,-1
cover,98.2427,0,0,0,0
nearest,98.2428,-1
cover,98.2901,0,0,0,0
nearest,98.2901,-1
cover,98.3419,0,0,0,0
nearest,98.3419,-1
cover,98.389,0,0,0,0
nearest,98.389,-1
cover,98.4383,0,0,0,0
nearest,98.4383,-1
cover,98.4805,0,0,0,0
nearest,98.4806,-1
cover,98.5344,1,0,1,0
nearest,98.5344,-1
cover,98.5808,1,0,1,0
nearest,98.5808,-1
cover,98.6312,1,0,1,0
nearest,98.6312,-1
cover,98.6879,0,0,0,0
nearest,98.688,-1
cover,98.7352,1,0,1,0
nearest,98.7352,-1
cover,98.7928,0,0,0,0
nearest,98.7928,-1
cover,98.846,0,0,0,0
nearest,98.8461,-1
cover,98.8914,0,0,0,0
nearest,98.8914,-1
cover,98.9424,0,0,0,0
nearest,98.9424,-1
cover,98.9906,0,0,0,0
nearest,98.9906,-1
cover,99.0416,0,0,0,0
nearest,99.0416,-1
cover,99.0916,0,0,0,0
nearest,99.0916,-1
cover,99.1523,0,0,0,0
nearest,99.1523,-1
cover,99.198,0,0,0,0
nearest,99.198,-1
cover,99.2483,0,0,0,0
nearest,99.2483,-1
cover,99.2995,0,0,0,0
nearest,99.2995,-1
cover,99.3573,0,0,0,0
nearest,99.3573,-1
cover,99.411,0,0,0,0
nearest,99.4111,-1
cover,99.4574,0,0,0,0
nearest,99.4574,-1
cover,99.5054,0,0,0,0
nearest,99.5054,-1
cover,99.5569,0,0,0,0
nearest,99.5569,-1
cover,99.6066,0,0,0,0
nearest,99.6066,-1
cover,99.6595,0,0,0,0
nearest,99.6595,-1
cover,99.71,0,0,0,0
nearest,99.7101,-1
cover,99.765,0,0,0,0
nearest,99.765,-1
cover,99.8236,0,0,0,0
nearest,99.8236,-1
cover,99.8733,0,0,0,0
nearest,99.8734,-1
cover,99.9287,0,0,0,0
nearest,99.9287,-1
cover,99.9817,0,0,0,0
nearest,99.9818,-1
cover,100.0332,0,0,0,0
nearest,100.0332,-1
cover,100.0802,1,0,1,0
nearest,100.0802,-1
cover,100.1346,0,0,0,0
nearest,100.1347,-1
cover,100.1864,0,0,0,0
nearest,100.1864,-1
cover,100.2324,0,0,0,0
nearest,100.2324,-1
cover,100.2813,0,0,0,0
nearest,100.2813,-1
cover,100.3336,0,0,0,0
nearest,100.3336,-1
cover,100.3889,0,0,0,0
nearest,100.3889,-1
cover,100.4412,0,0,0,0
nearest,100.4413,-1
cover,100.4931,0,0,0,0
nearest,100.4931,-1
cover,100.5412,0,0,0,0
nearest,100.5412,-1
cover,100.5883,0,0,0,0
nearest,100.5883,-1
cover,100.6311,0,0,0,0
nearest,100.6312,-1
cover,100.6882,0,0,0,0
nearest,100.6883,-1
cover,100.7402,0,0,0,0
nearest,100.7402,-1
cover,100.7934,0,0,0,0
nearest,100.7935,-1
cover,100.8396,0,0,0,0
nearest,100.8396,-1
cover,100.8952,0,0,0,0
nearest,100.8952,-1
cover,100.9454,0,0,0,0
nearest,100.9455,-1
cover,100.9883,0,0,0,0
nearest,100.9883,-1
cover,101.0333,0,0,0,0
nearest,101.0333,-1
cover,101.0775,0,0,0,0
nearest,101.0775,-1
cover,101.1216,0,0,0,0
nearest,101.1216,-1
cover,101.1666,0,0,0,0
nearest,101.1667,-1
cover,101.2173,0,0,0,0
nearest,101.2173,-1
cover,101.2679,0,0,0,0
nearest,101.2679,-1
cover,101.3153,0,0,0,0
nearest,101.3154,-1
cover,101.3703,0,0,0,0
nearest,101.3703,-1
cover,101.4154,0,0,0,0
nearest,101.4154,-1
cover,101.4651,0,0,0,0
nearest,101.4651,-1
cover,101.5215,0,0,0,0
nearest,101.5216,-1
cover,101.5681,0,0,0,0
nearest,101.5681,-1
cover,101.6216,0,0,0,0
nearest,101.6217,-1
cover,101.6699,0,0,0,0
nearest,101.6699,-1
cover,101.7218,0,0,0,0
nearest,101.7218,-1
cover,101.7723,0,0,0,0
nearest,101.7723,-1
cover,101.8253,0,0,0,0
nearest,101.8253,-1
cover,101.8774,0,0,0,0
nearest,101.8774,-1
cover,101.9288,0,0,0,0
nearest,101.9289,-1
cover,101.978,0,0,0,0
nearest,101.9781,-1
cover,102.0229,0,0,0,0
nearest,102.0229,-1
cover,102.0745,0,0,0,0
nearest,102.0745,-1
cover,102.1239,0,0,0,0
nearest,102.1239,-1
cover,102.1725,0,0,0,0
nearest,102.1726,-1
cover,102.224,0,0,0,0
nearest,102.224,-1
cover,102.2732,0,0,0,0
nearest,102.2732,-1
cover,102.3211,0,0,0,0
nearest,102.3211,-1
cover,102.3648,0,0,0,0
nearest,102.3648,-1
cover,102.4209,0,0,0,0
nearest,102.421,-1
cover,102.466,0,0,0,0
nearest,102.466,-1
cover,102.5214,0,0,0,0
nearest,102.5214,-1
cover,102.5677,0,0,0,0
nearest,102.5677,-1
cover,102.6267,0,0,0,0
nearest,102.6267,-1
cover,102.6832,0,0,0,0
nearest,102.6833,-1
cover,102.735,0,0,0,0
nearest,102.735,-1
cover,102.7891,0,0,0,0
nearest,102.7891,-1
cover,102.8406,0,0,0,0
nearest,102.8406,-1
cover,102.8926,0,0,0,0
nearest,102.8927,-1
cover,102.9431,0,0,0,0
nearest,102.9431,-1
cover,102.9907,0,0,0,0
nearest,102.9907,-1
cover,103.04,0,0,0,0
nearest,103.04,-1
cover,103.0896,0,0,0,0
nearest,103.0896,-1
cover,103.1658,0,0,0,0
nearest,103.1658,-1
cover,103.2287,0,0,0,0
nearest,103.2287,-1
cover,103.277,0,0,0,0
nearest,103.277,-1
cover,103.3267,0,0,0,0
nearest,103.3267,-1
cover,103.3756,0,0,0,0
nearest,103.3757,-1
cover,103.4271,0,0,0,0
nearest,103.4297,-1
cover,103.4826,0,0,0,0
nearest,103.4826,-1
cover,103.5359,0,0,0,0
nearest,103.5359,-1
cover,103.5909,0,0,0,0
nearest,103.5909,-1
cover,103.6465,0,0,0,0
nearest,103.6466,-1
cover,103.7015,0,0,0,0
nearest,103.7015,-1
cover,103.7598,0,0,0,0
nearest,103.7598,-1
cover,103.815,0,0,0,0
nearest,103.815,-1
cover,103.8708,0,0,0,0
nearest,103.8709,-1
cover,103.9262,0,0,0,0
nearest,103.9262,-1
cover,103.9783,0,0,0,0
nearest,103.9783,-1
cover,104.031,0,0,0,0
nearest,104.0311,-1
cover,104.0901,0,0,0,0
nearest,104.0901,-1
cover,104.1423,0,0,0,0
nearest,104.1423,-1
cover,104.193,0,0,0,0
nearest,104.193,-1
cover,104.2432,0,0,0,0
nearest,104.2432,-1
cover,104.2942,0,0,0,0
nearest,104.2942,-1
cover,104.3449,0,0,0,0
nearest,104.3449,-1
cover,104.397,0,0,0,0
nearest,104.397,-1
cover,104.4572,0,0,0,0
nearest,104.4573,-1
cover,104.5107,0,0,0,0
nearest,104.5107,-1
cover,104.5588,0,0,0,0
nearest,104.5588,-1
cover,104.6085,0,0,0,0
nearest,104.6085,-1
cover,104.659,0,0,0,0
nearest,104.6591,-1
cover,104.7131,0,0,0,0
nearest,104.7131,-1
cover,104.7669,0,0,0,0
nearest,104.7669,-1
cover,104.8249,0,0,0,0
nearest,104.8249,-1
cover,104.879,0,0,0,0
nearest,104.8791,-1
cover,104.9393,0,0,0,0
nearest,104.9393,-1
cover,104.9947,0,0,0,0
nearest,104.9947,-1
cover,105.045,0,0,0,0
nearest,105.045,-1
cover,105.1027,0,0,0,0
nearest,105.1027,-1
cover,105.157,0,0,0,0
nearest,105.157,-1
cover,105.2137,0,0,0,0
nearest,105.2137,-1
cover,105.2721,0,0,0,0
nearest,105.2722,-1
cover,105.3309,0,0,0,0
nearest,105.331,-1
cover,105.3941,0,0,0,0
nearest,105.3941,-1
cover,105.447,0,0,0,0
nearest,105.4471,-1
cover,105.5086,0,0,0,0
nearest,105.5087,-1
cover,105.5642,0,0,0,0
nearest,105.5643,-1
cover,105.626,0,0,0,0
nearest,105.626,-1
cover,105.6841,0,0,0,0
nearest,105.6841,-1
cover,105.7425,0,0,0,0
nearest,105.7426,-1
cover,105.7979,0,0,0,0
nearest,105.7979,-1
cover,105.861,0,0,0,0
nearest,105.861,-1
cover,105.9157,0,0,0,0
nearest,105.9158,-1
cover,105.9747,0,0,0,0
nearest,105.9747,-1
cover,106.03,0,0,0,0
nearest,106.03,-1
cover,106.0798,0,0,0,0
nearest,106.0799,-1
cover,106.1301,0,0,0,0
nearest,106.1301,-1
cover,106.1883,0,0,0,0
nearest,106.1884,-1
cover,106.2482,1,0,1,0
nearest,106.2482,-1
cover,106.3024,0,0,0,0
nearest,106.3025,-1
cover,106.3579,0,0,0,0
nearest,106.3579,-1
cover,106.4117,0,0,0,0
nearest,106.4117,-1
cover,106.4605,0,0,0,0
nearest,106.4605,-1
cover,106.5119,0,0,0,0
nearest,106.5119,-1
cover,106.5612,1,0,1,0
nearest,106.5612,-1
cover,106.6156,0,0,0,0
nearest,106.6156,-1
cover,106.6755,0,0,0,0
nearest,106.6755,-1
cover,106.728,0,0,0,0
nearest,106.728,-1
cover,106.7752,0,0,0,0
nearest,106.7752,-1
cover,106.8293,0,0,0,0
nearest,106.8294,-1
cover,106.8916,0,0,0,0
nearest,106.8916,-1
cover,106.9503,0,0,0,0
nearest,106.9503,-1
cover,107.0079,0,0,0,0
nearest,107.0079,-1
cover,107.0622,0,0,0,0
nearest,107.0623,-1
cover,107.113,0,0,0,0
nearest,107.1131,-1
cover,107.1667,0,0,0,0
nearest,107.1667,-1
cover,107.2264,0,0,0,0
nearest,107.2264,-1
cover,107.2778,0,0,0,0
nearest,107.2778,-1
cover,107.3319,0,0,0,0
nearest,107.332,-1
cover,107.3879,0,0,0,0
nearest,107.3879,-1
cover,107.4352,0,0,0,0
nearest,107.4352,-1
cover,107.4911,0,0,0,0
nearest,107.4912,-1
cover,107.5422,0,0,0,0
nearest,107.5422,-1
cover,107.5925,0,0,0,0
nearest,107.5925,-1
cover,107.646,0,0,0,0
nearest,107.646,-1
cover,107.697,0,0,0,0
nearest,107.697,-1
cover,107.7526,1,0,1,0
nearest,107.7526,-1
cover,107.8066,1,0,1,0
nearest,107.8067,-1
cover,107.8592,1,0,1,0
nearest,107.8593,-1
cover,107.9092,0,0,0,0
nearest,107.9093,-1
cover,107.9624,0,0,0,0
nearest,107.9624,-1
cover,108.0111,0,0,0,0
nearest,108.0112,-1
cover,108.0602,0,0,0,0
nearest,108.0602,-1
cover,108.1094,0,0,0,0
nearest,108.1094,-1
cover,108.163,0,0,0,0
nearest,108.163,-1
cover,108.2083,0,0,0,0
nearest,108.2083,-1
cover,108.262,0,0,0,0
nearest,108.2621,-1
cover,108.3128,0,0,0,0
nearest,108.3128,-1
cover,108.36,0,0,0,0
nearest,108.36,-1
cover,108.41,0,0,0,0
nearest,108.4101,-1
cover,108.4592,0,0,0,0
nearest,108.4592,-1
cover,108.507,0,0,0,0
nearest,108.507,-1
cover,108.5602,0,0,0,0
nearest,108.5602,-1
cover,108.6125,1,0,1,0
nearest,108.6125,-1
cover,108.6612,0,0,0,0
nearest,108.6612,-1
cover,108.7142,1,0,1,0
nearest,108.7142,-1
cover,108.7768,0,0,0,0
nearest,108.7768,-1
cover,108.8358,0,0,0,0
nearest,108.8358,-1
cover,108.8917,1,0,1,0
nearest,108.8917,-1
cover,108.947,1,0,1,0
nearest,108.947,-1
cover,109.0038,1,0,1,0
nearest,109.0039,-1
cover,109.0561,1,0,1,0
nearest,109.0562,-1
cover,109.1094,1,0,1,0
nearest,109.1095,-1
cover,109.1624,0,0,0,0
nearest,109.1624,-1
cover,109.2094,1,0,1,0
nearest,109.2094,-1
cover,109.2584,1,0,1,0
nearest,109.2584,-1
cover,109.3076,0,0,0,0
nearest,109.3076,-1
cover,109.3584,0,0,0,0
nearest,109.3584,-1
cover,109.4056,1,0,1,0
nearest,109.4056,-1
cover,109.4611,1,0,1,0
nearest,109.4612,-1
cover,109.506,1,0,1,0
nearest,109.506,-1
cover,109.5584,0,0,0,0
nearest,109.5584,-1
cover,109.6072,0,0,0,0
nearest,109.6073,-1
cover,109.6581,0,0,0,0
nearest,109.6581,-1
cover,109.7067,0,0,0,0
nearest,109.7067,-1
cover,109.7614,0,0,0,0
nearest,109.7614,-1
cover,109.8065,0,0,0,0
nearest,109.8066,-1
cover,109.8558,0,0,0,0
nearest,109.8558,-1
cover,109.9045,0,0,0,0
nearest,109.9045,-1
cover,109.9644,0,0,0,0
nearest,109.9644,-1
cover,110.0152,0,0,0,0
nearest,110.0153,-1
cover,110.071,0,0,0,0
nearest,110.071,-1
cover,110.1161,0,0,0,0
nearest,110.1161,-1
cover,110.1667,0,0,0,0
nearest,110.1667,-1
cover,110.2149,0,0,0,0
nearest,110.215,-1
cover,110.2672,0,0,0,0
nearest,110.2672,-1
cover,110.312,0,0,0,0
nearest,110.312,-1
cover,110.3571,0,0,0,0
nearest,110.3571,-1
cover,110.4019,0,0,0,0
nearest,110.402,-1
cover,110.454,0,0,0,0
nearest,110.454,-1
cover,110.5003,0,0,0,0
nearest,110.5003,-1
cover,110.5499,0,0,0,0
nearest,110.5499,-1
cover,110.6019,0,0,0,0
nearest,110.602,-1
cover,110.6581,0,0,0,0
nearest,110.6581,-1
cover,110.7074,0,0,0,0
nearest,110.7074,-1
cover,110.7578,0,0,0,0
nearest,110.7578,-1
cover,110.8074,0,0,0,0
nearest,110.8075,-1
cover,110.8565,0,0,0,0
nearest,110.8565,-1
cover,110.9042,0,0,0,0
nearest,110.9042,-1
cover,110.9564,0,0,0,0
nearest,110.9564,-1
cover,111.0084,0,0,0,0
nearest,111.0084,-1
cover,111.0575,0,0,0,0
nearest,111.0576,-1
cover,111.104,0,0,0,0
nearest,111.104,-1
cover,111.1474,0,0,0,0
nearest,111.1474,-1
cover,111.198,0,0,0,0
nearest,111.198,-1
cover,111.2445,0,0,0,0
nearest,111.2445,-1
cover,111.2936,0,0,0,0
nearest,111.2936,-1
cover,111.3445,0,0,0,0
nearest,111.3445,-1
cover,111.3908,0,0,0,0
nearest,111.3908,-1
cover,111.436,0,0,0,0
nearest,111.4361,-1
cover,111.4832,0,0,0,0
nearest,111.4832,-1
cover,111.5284,0,0,0,0
nearest,111.5285,-1
cover,111.572,0,0,0,0
nearest,111.572,-1
cover,111.627,0,0,0,0
nearest,111.627,-1
cover,111.6725,0,0,0,0
nearest,111.6726,-1
cover,111.7269,0,0,0,0
nearest,111.727,-1
cover,111.7773,0,0,0,0
nearest,111.7774,-1
cover,111.8253,0,0,0,0
nearest,111.8253,-1
cover,111.8762,0,0,0,0
nearest,111.8762,-1
cover,111.9262,0,0,0,0
nearest,111.9263,-1
cover,111.9748,0,0,0,0
nearest,111.9749,-1
cover,112.0634,0,0,0,0
nearest,112.0634,-1
cover,112.1246,0,0,0,0
nearest,112.1246,-1
cover,112.1749,0,0,0,0
nearest,112.1749,-1
cover,112.2279,0,0,0,0
nearest,112.2279,-1
cover,112.2755,0,0,0,0
nearest,112.2755,-1
cover,112.326,0,0,0,0
nearest,112.326,-1
cover,112.3729,0,0,0,0
nearest,112.373,-1
cover,112.4253,0,0,0,0
nearest,112.4253,-1
cover,112.4751,0,0,0,0
nearest,112.4752,-1
cover,112.5278,0,0,0,0
nearest,112.5278,-1
cover,112.5944,0,0,0,0
nearest,112.5944,-1
cover,112.6413,0,0,0,0
nearest,112.6413,-1
cover,112.6963,0,0,0,0
nearest,112.6963,-1
cover,112.7471,0,0,0,0
nearest,112.7471,-1
cover,112.7998,0,0,0,0
nearest,112.7998,-1
cover,112.8598,0,0,0,0
nearest,112.8599,-1
cover,112.9103,0,0,0,0
nearest,112.9103,-1
cover,112.9666,0,0,0,0
nearest,112.9666,-1
cover,113.0306,0,0,0,0
nearest,113.0306,-1
cover,113.0956,0,0,0,0
nearest,113.0957,-1
cover,113.1453,0,0,0,0
nearest,113.1453,-1
cover,113.1985,0,0,0,0
nearest,113.1985,-1
cover,113.2503,0,0,0,0
nearest,113.2504,-1
cover,113.3026,0,0,0,0
nearest,113.3026,-1
cover,113.3617,0,0,0,0
nearest,113.3617,-1
cover,113.4088,0,0,0,0
nearest,113.4088,-1
cover,113.4689,0,0,0,0
nearest,113.4689,-1
cover,113.5289,0,0,0,0
nearest,113.5289,-1
cover,113.5762,0,0,0,0
nearest,113.5762,-1
cover,113.6182,0,0,0,0
nearest,113.6182,-1
cover,113.6651,0,0,0,0
nearest,113.6652,-1
cover,113.7127,0,0,0,0
nearest,113.7128,-1
cover,113.7627,0,0,0,0
nearest,113.7628,-1
cover,113.8095,0,0,0,0
nearest,113.8095,-1
cover,113.8541,0,0,0,0
nearest,113.8541,-1
cover,113.8963,0,0,0,0
nearest,113.8963,-1
cover,113.9392,0,0,0,0
nearest,113.9392,-1
cover,113.99,0,0,0,0
nearest,113.99,-1
cover,114.0398,0,0,0,0
nearest,114.0399,-1
cover,114.0948,0,0,0,0
nearest,114.0948,-1
cover,114.1422,0,0,0,0
nearest,114.1422,-1
cover,114.1885,1,0,1,0
nearest,114.1886,-1
cover,114.2397,0,0,0,0
nearest,114.2397,-1
cover,114.2971,0,0,0,0
nearest,114.2971,-1
cover,114.35,0,0,0,0
nearest,114.35,-1
cover,114.4011,0,0,0,0
nearest,114.4012,-1
cover,114.4522,0,0,0,0
nearest,114.4522,-1
cover,114.4966,0,0,0,0
nearest,114.4966,-1
cover,114.5484,0,0,0,0
nearest,114.5484,-1
cover,114.6015,0,0,0,0
nearest,114.6015,-1
cover,114.6523,0,0,0,0
nearest,114.6523,-1
cover,114.7016,0,0,0,0
nearest,114.7016,-1
cover,114.7576,0,0,0,0
nearest,114.7577,-1
cover,114.8101,0,0,0,0
nearest,114.8101,-1
cover,114.8651,0,0,0,0
nearest,114.8651,-1
cover,114.9148,0,0,0,0
nearest,114.9148,-1
cover,114.968,0,0,0,0
nearest,114.968,-1
cover,115.0127,1,0,1,0
nearest,115.0127,-1
cover,115.0684,1,0,1,0
nearest,115.0685,-1
cover,115.1188,0,0,0,0
nearest,115.1188,-1
cover,115.1719,0,0,0,0
nearest,115.1719,-1
cover,115.2195,0,0,0,0
nearest,115.2195,-1
cover,115.2647,0,0,0,0
nearest,115.2647,-1
cover,115.3162,1,0,1,0
nearest,115.3162,-1
cover,115.3669,0,0,0,0
nearest,115.3669,-1
cover,115.4162,0,0,0,0
nearest,115.4162,-1
cover,115.4657,0,0,0,0
nearest,115.4657,-1
cover,115.51,0,0,0,0
nearest,115.51,-1
cover,115.5609,0,0,0,0
nearest,115.5609,-1
cover,115.6039,0,0,0,0
nearest,115.6039,-1
cover,115.6515,0,0,0,0
nearest,115.6515,-1
cover,115.6982,0,0,0,0
nearest,115.6982,-1
cover,115.7468,0,0,0,0
nearest,115.7468,-1
cover,115.7993,0,0,0,0
nearest,115.7993,-1
cover,115.8488,0,0,0,0
nearest,115.8488,-1
cover,115.8976,0,0,0,0
nearest,115.8977,-1
cover,115.9541,0,0,0,0
nearest,115.9541,-1
cover,116.0045,0,0,0,0
nearest,116.0046,-1
cover,116.0522,0,0,0,0
nearest,116.0522,-1
cover,116.0984,0,0,0,0
nearest,116.0984,-1
cover,116.15,0,0,0,0
nearest,116.15,-1
cover,116.2003,0,0,0,0
nearest,116.2003,-1
cover,116.248,0,0,0,0
nearest,116.2481,-1
cover,116.2988,0,0,0,0
nearest,116.2989,-1
cover,116.3484,0,0,0,0
nearest,116.3485,-1
cover,116.4002,0,0,0,0
nearest,116.4002,-1
cover,116.4521,0,0,0,0
nearest,116.4521,-1
cover,116.4999,1,0,1,0
nearest,116.4999,-1
cover,116.5507,1,0,1,0
nearest,116.5508,-1
cover,116.6059,0,0,0,0
nearest,116.6059,-1
cover,116.6645,1,0,1,0
nearest,116.6645,-1
cover,116.7144,1,0,1,0
nearest,116.7144,-1
cover,116.7655,0,0,0,0
nearest,116.7655,-1
cover,116.8156,2,0,2,0
nearest,116.8157,-1
cover,116.8639,1,0,1,0
nearest,116.8639,-1
cover,116.9245,1,0,1,0
nearest,116.9246,-1
cover,116.974,0,0,0,0
nearest,116.974,-1
cover,117.022,0,0,0,0
nearest,117.022,-1
cover,117.0723,0,0,0,0
nearest,117.0726,-1
cover,117.1221,0,0,0,0
nearest,117.1221,-1
cover,117.1737,0,0,0,0
nearest,117.1737,-1
cover,117.2202,0,0,0,0
nearest,117.2202,-1
cover,117.2646,0,0,0,0
nearest,117.2646,-1
cover,117.3161,0,0,0,0
nearest,117.3162,-1
cover,117.3652,0,0,0,0
nearest,117.3652,-1
cover,117.4124,0,0,0,0
nearest,117.4124,-1
cover,117.4633,0,0,0,0
nearest,117.4633,-1
cover,117.5167,0,0,0,0
nearest,117.5168,-1
cover,117.5657,0,0,0,0
nearest,117.5657,-1
cover,117.6175,0,0,0,0
nearest,117.6175,-1
cover,117.67,0,0,0,0
nearest,117.67,-1
cover,117.716,0,0,0,0
nearest,117.716,-1
cover,117.7658,0,0,0,0
nearest,117.7658,-1
cover,117.8194,0,0,0,0
nearest,117.8194,-1
cover,117.8673,0,0,0,0
nearest,117.8673,-1
cover,117.9156,0,0,0,0
nearest,117.9156,-1
cover,117.966,0,0,0,0
nearest,117.966,-1
cover,118.0167,0,0,0,0
nearest,118.0168,-1
cover,118.0695,0,0,0,0
nearest,118.0695,-1
cover,118.1167,0,0,0,0
nearest,118.1168,-1
cover,118.1654,0,0,0,0
nearest,118.1654,-1
cover,118.2136,0,0,0,0
nearest,118.2136,-1
cover,118.2632,0,0,0,0
nearest,118.2632,-1
cover,118.3168,0,0,0,0
nearest,118.3168,-1
cover,118.3636,0,0,0,0
nearest,118.3636,-1
cover,118.4185,0,0,0,0
nearest,118.4185,-1
cover,118.47,0,0,0,0
nearest,118.47,-1
cover,118.5174,0,0,0,0
nearest,118.5175,-1
cover,118.5654,0,0,0,0
nearest,118.5654,-1
cover,118.6205,0,0,0,0
nearest,118.6206,-1
cover,118.668,0,0,0,0
nearest,118.668,-1
cover,118.7171,0,0,0,0
nearest,118.7172,-1
cover,118.7761,0,0,0,0
nearest,118.7761,-1
cover,118.8304,0,0,0,0
nearest,118.8305,-1
cover,118.8812,0,0,0,0
nearest,118.8812,-1
cover,118.9415,0,0,0,0
nearest,118.9417,-1
cover,118.9977,0,0,0,0
nearest,118.9977,-1
cover,119.0556,0,0,0,0
nearest,119.0557,-1
cover,119.1125,0,0,0,0
nearest,119.1126,-1
cover,119.1652,0,0,0,0
nearest,119.1653,-1
cover,119.2217,0,0,0,0
nearest,119.2218,-1
cover,119.2775,0,0,0,0
nearest,119.2775,-1
cover,119.3247,0,0,0,0
nearest,119.3247,-1
cover,119.3708,0,0,0,0
nearest,119.3708,-1
cover,119.4142,0,0,0,0
nearest,119.4142,-1
cover,119.4628,0,0,0,0
nearest,119.4628,-1
cover,119.5015,0,0,0,0
nearest,119.5015,-1
cover,119.5476,0,0,0,0
nearest,119.5477,-1
cover,119.5983,0,0,0,0
nearest,119.5983,-1
cover,119.6446,0,0,0,0
nearest,119.6446,-1
cover,119.6917,0,0,0,0
nearest,119.6917,-1
cover,119.7378,0,0,0,0
nearest,119.7379,-1
cover,119.7824,0,0,0,0
nearest,119.7825,-1
cover,119.8317,0,0,0,0
nearest,119.8317,-1
cover,119.8798,0,0,0,0
nearest,119.8799,-1
cover,119.9372,0,0,0,0
nearest,119.9373,-1
cover,119.9831,0,0,0,0
nearest,119.9832,-1
cover,120.033,0,0,0,0
nearest,120.033,-1
cover,120.0786,0,0,0,0
nearest,120.0786,-1
cover,120.1233,0,0,0,0
nearest,120.1234,-1
cover,120.1723,0,0,0,0
nearest,120.1723,-1
cover,120.2224,0,0,0,0
nearest,120.2224,-1
cover,120.2748,1,0,1,0
nearest,120.2748,-1
cover,120.3307,0,0,0,0
nearest,120.3307,-1
cover,120.3819,1,0,1,0
nearest,120.3819,-1
cover,120.4324,0,0,0,0
nearest,120.4324,-1
cover,120.477,0,0,0,0
nearest,120.477,-1
cover,120.5167,0,0,0,0
nearest,120.5167,-1
cover,120.5688,1,0,1,0
nearest,120.5688,-1
cover,120.6225,0,0,0,0
nearest,120.6225,-1
cover,120.6856,0,0,0,0
nearest,120.6856,-1
cover,120.7382,0,0,0,0
nearest,120.7382,-1
cover,120.8008,0,0,0,0
nearest,120.8008,-1
cover,120.8517,0,0,0,0
nearest,120.8517,-1
cover,120.913,0,0,0,0
nearest,120.913,-1
cover,120.9797,0,0,0,0
nearest,120.9797,-1
cover,121.0407,0,0,0,0
nearest,121.0407,-1
cover,121.1032,0,0,0,0
nearest,121.1032,-1
cover,121.1676,0,0,0,0
nearest,121.1676,-1
cover,121.232,0,0,0,0
nearest,121.232,-1
cover,121.2881,0,0,0,0
nearest,121.2881,-1
cover,121.339,0,0,0,0
nearest,121.339,-1
cover,121.3981,0,0,0,0
nearest,121.3981,-1
cover,121.4705,0,0,0,0
nearest,121.4705,-1
cover,121.5166,0,0,0,0
nearest,121.5166,-1
cover,121.5687,0,0,0,0
nearest,121.5688,-1
cover,121.6208,0,0,0,0
nearest,121.6208,-1
cover,121.6671,0,0,0,0
nearest,121.6671,-1
cover,121.7148,0,0,0,0
nearest,121.7148,-1
cover,121.7656,0,0,0,0
nearest,121.7656,-1
cover,121.8162,0,0,0,0
nearest,121.8162,-1
cover,121.8702,0,0,0,0
nearest,121.8703,-1
cover,121.9222,0,0,0,0
nearest,121.9222,-1
cover,121.9788,0,0,0,0
nearest,121.9788,-1
cover,122.025,0,0,0,0
nearest,122.025,-1
cover,122.0736,0,0,0,0
nearest,122.0736,-1
cover,122.1197,0,0,0,0
nearest,122.1198,-1
cover,122.1651,0,0,0,0
nearest,122.1651,-1
cover,122.2149,0,0,0,0
nearest,122.2149,-1
cover,122.2641,0,0,0,0
nearest,122.2641,-1
cover,122.3148,0,0,0,0
nearest,122.3149,-1
cover,122.3668,0,0,0,0
nearest,122.3668,-1
cover,122.415,1,0,1,0
nearest,122.415,-1
cover,122.4654,0,0,0,0
nearest,122.4655,-1
cover,122.5192,0,0,0,0
nearest,122.5193,-1
cover,122.5644,0,0,0,0
nearest,122.5645,-1
cover,122.6107,0,0,0,0
nearest,122.6108,-1
cover,122.6574,0,0,0,0
nearest,122.6574,-1
cover,122.7039,0,0,0,0
nearest,122.704,-1
cover,122.7463,0,0,0,0
nearest,122.7464,-1
cover,122.8056,0,0,0,0
nearest,122.8057,-1
cover,122.8668,1,0,1,0
nearest,122.8668,-1
cover,122.9179,0,0,0,0
nearest,122.9179,-1
cover,122.9729,0,0,0,0
nearest,122.9729,-1
cover,123.032,1,0,1,0
nearest,123.032,-1
cover,123.0839,1,0,1,0
nearest,123.084,-1
cover,123.134,1,0,1,0
nearest,123.134,-1
cover,123.1877,1,0,1,0
nearest,123.1877,-1
cover,123.2365,1,0,1,0
nearest,123.2366,-1
cover,123.2832,0,0,0,0
nearest,123.2832,-1
cover,123.3376,0,0,0,0
nearest,123.3376,-1
cover,123.386,0,0,0,0
nearest,123.386,-1
cover,123.433,0,0,0,0
nearest,123.433,-1
cover,123.4864,0,0,0,0
nearest,123.4864,-1
cover,123.5321,0,0,0,0
nearest,123.5321,-1
cover,123.5839,0,0,0,0
nearest,123.5839,-1
cover,123.6348,0,0,0,0
nearest,123.6349,-1
cover,123.6837,0,0,0,0
nearest,123.6837,-1
cover,123.7353,0,0,0,0
nearest,123.7353,-1
cover,123.7885,0,0,0,0
nearest,123.7885,-1
cover,123.8459,0,0,0,0
nearest,123.8459,-1
cover,123.9026,0,0,0,0
nearest,123.9027,-1
cover,123.9558,0,0,0,0
nearest,123.9558,-1
cover,124.0086,1,0,1,0
nearest,124.0086,-1
cover,124.0647,1,0,1,0
nearest,124.0648,-1
cover,124.1193,0,0,0,0
nearest,124.1193,-1
cover,124.1673,0,0,0,0
nearest,124.1673,-1
cover,124.2186,0,0,0,0
nearest,124.2187,-1
cover,124.2664,0,0,0,0
nearest,124.2664,-1
cover,124.3173,0,0,0,0
nearest,124.3173,-1
cover,124.3683,0,0,0,0
nearest,124.3684,-1
cover,124.4159,0,0,0,0
nearest,124.4159,-1
cover,124.4655,1,0,1,0
nearest,124.4655,-1
cover,124.5105,0,0,0,0
nearest,124.5105,-1
cover,124.5546,0,0,0,0
nearest,124.5547,-1
cover,124.6025,0,0,0,0
nearest,124.6025,-1
cover,124.6455,0,0,0,0
nearest,124.6455,-1
cover,124.6909,0,0,0,0
nearest,124.691,-1
cover,124.7405,0,0,0,0
nearest,124.7405,-1
cover,124.791,0,0,0,0
nearest,124.791,-1
cover,124.8411,0,0,0,0
nearest,124.8412,-1
cover,124.8882,0,0,0,0
nearest,124.8882,-1
cover,124.9429,0,0,0,0
nearest,124.9429,-1
cover,124.9927,0,0,0,0
nearest,124.9927,-1
cover,125.0403,0,0,0,0
nearest,125.0403,-1
cover,125.102,0,0,0,0
nearest,125.102,-1
cover,125.1529,0,0,0,0
nearest,125.153,-1
cover,125.1993,0,0,0,0
nearest,125.1993,-1
cover,125.2551,0,0,0,0
nearest,125.2552,-1
cover,125.3088,0,0,0,0
nearest,125.3088,-1
cover,125.3647,0,0,0,0
nearest,125.3647,-1
cover,125.4153,0,0,0,0
nearest,125.4153,-1
cover,125.4664,0,0,0,0
nearest,125.4664,-1
cover,125.5116,0,0,0,0
nearest,125.5116,-1
cover,125.5541,0,0,0,0
nearest,125.5542,-1
cover,125.5996,1,0,1,0
nearest,125.5996,-1
cover,125.6489,0,0,0,0
nearest,125.649,-1
cover,125.6998,0,0,0,0
nearest,125.6998,-1
cover,125.7444,0,0,0,0
nearest,125.7444,-1
cover,125.7911,0,0,0,0
nearest,125.7911,-1
cover,125.8395,0,0,0,0
nearest,125.8395,-1
cover,125.8873,0,0,0,0
nearest,125.8873,-1
cover,125.9365,0,0,0,0
nearest,125.9366,-1
cover,125.9838,0,0,0,0
nearest,125.9839,-1
cover,126.0334,0,0,0,0
nearest,126.0334,-1
cover,126.0897,0,0,0,0
nearest,126.0898,-1
cover,126.1451,0,0,0,0
nearest,126.1451,-1
cover,126.2032,0,0,0,0
nearest,126.2032,-1
cover,126.2498,0,0,0,0
nearest,126.2498,-1
cover,126.2987,0,0,0,0
nearest,126.2988,-1
cover,126.3499,0,0,0,0
nearest,126.3499,-1
cover,126.3992,0,0,0,0
nearest,126.3993,-1
cover,126.4493,0,0,0,0
nearest,126.4493,-1
cover,126.499,0,0,0,0
nearest,126.499,-1
cover,126.5521,0,0,0,0
nearest,126.5521,-1
cover,126.6011,0,0,0,0
nearest,126.6011,-1
cover,126.6494,0,0,0,0
nearest,126.6494,-1
cover,126.7016,0,0,0,0
nearest,126.7016,-1
cover,126.7494,0,0,0,0
nearest,126.7494,-1
cover,126.7997,0,0,0,0
nearest,126.7997,-1
cover,126.8495,0,0,0,0
nearest,126.8496,-1
cover,126.9011,0,0,0,0
nearest,126.9011,-1
cover,126.954,0,0,0,0
nearest,126.9541,-1
cover,127.0022,0,0,0,0
nearest,127.0023,-1
cover,127.0514,0,0,0,0
nearest,127.0514,-1
cover,127.0993,0,0,0,0
nearest,127.0993,-1
cover,127.1516,0,0,0,0
nearest,127.1516,-1
cover,127.2017,0,0,0,0
nearest,127.2017,-1
cover,127.2554,0,0,0,0
nearest,127.2555,-1
cover,127.3088,0,0,0,0
nearest,127.3088,-1
cover,127.3554,0,0,0,0
nearest,127.3555,-1
cover,127.4064,0,0,0,0
nearest,127.4064,-1
cover,127.4655,0,0,0,0
nearest,127.4656,-1
cover,127.5187,0,0,0,0
nearest,127.5187,-1
cover,127.5688,0,0,0,0
nearest,127.5688,-1
cover,127.6192,0,0,0,0
nearest,127.6192,-1
cover,127.6662,0,0,0,0
nearest,127.6662,-1
cover,127.716,0,0,0,0
nearest,127.716,-1
cover,127.7672,0,0,0,0
nearest,127.7672,-1
cover,127.8135,0,0,0,0
nearest,127.8135,-1
cover,127.8668,0,0,0,0
nearest,127.8668,-1
cover,127.9202,0,0,0,0
nearest,127.9202,-1
cover,127.9698,0,0,0,0
nearest,127.9698,-1
cover,128.0305,0,0,0,0
nearest,128.0305,-1
cover,128.0875,0,0,0,0
nearest,128.0875,-1
cover,128.1505,0,0,0,0
nearest,128.1505,-1
cover,128.2013,0,0,0,0
nearest,128.2013,-1
cover,128.2498,0,0,0,0
nearest,128.2498,-1
cover,128.3,0,0,0,0
nearest,128.3,-1
cover,128.3486,0,0,0,0
nearest,128.3487,-1
cover,128.4009,0,0,0,0
nearest,128.4009,-1
cover,128.4491,0,0,0,0
nearest,128.4491,-1
cover,128.4979,0,0,0,0
nearest,128.498,-1
cover,128.5456,0,0,0,0
nearest,128.5456,-1
cover,128.5878,0,0,0,0
nearest,128.5878,-1
cover,128.6375,0,0,0,0
nearest,128.6375,-1
cover,128.6745,0,0,0,0
nearest,128.6745,-1
cover,128.7236,0,0,0,0
nearest,128.7236,-1
cover,128.7678,0,0,0,0
nearest,128.7678,-1
cover,128.8118,0,0,0,0
nearest,128.8118,-1
cover,128.854,0,0,0,0
nearest,128.8541,-1
cover,128.8936,0,0,0,0
nearest,128.8937,-1
cover,128.9404,0,0,0,0
nearest,128.9405,-1
cover,129.0032,0,0,0,0
nearest,129.0032,-1
cover,129.0509,0,0,0,0
nearest,129.0509,-1
cover,129.1043,0,0,0,0
nearest,129.1043,-1
cover,129.1754,0,0,0,0
nearest,129.1754,-1
cover,129.2445,0,0,0,0
nearest,129.2445,-1
cover,129.3163,0,0,0,0
nearest,129.3164,-1
cover,129.3695,0,0,0,0
nearest,129.3696,-1
cover,129.4259,0,0,0,0
nearest,129.4259,-1
cover,129.4776,0,0,0,0
nearest,129.4776,-1
cover,129.5333,0,0,0,0
nearest,129.5333,-1
cover,129.5873,0,0,0,0
nearest,129.5873,-1
cover,129.6368,0,0,0,0
nearest,129.6368,-1
cover,129.6907,0,0,0,0
nearest,129.6908,-1
cover,129.7444,0,0,0,0
nearest,129.7444,-1
cover,129.8012,0,0,0,0
nearest,129.8012,-1
cover,129.862,0,0,0,0
nearest,129.862,-1
cover,129.9103,0,0,0,0
nearest,129.9104,-1
cover,129.985,0,0,0,0
nearest,129.985,-1
cover,130.0388,0,0,0,0
nearest,130.0389,-1
cover,130.1024,0,0,0,0
nearest,130.1024,-1
cover,130.1692,0,0,0,0
nearest,130.1693,-1
cover,130.2391,0,0,0,0
nearest,130.2392,-1
cover,130.3011,0,0,0,0
nearest,130.3012,-1
cover,130.3512,0,0,0,0
nearest,130.3512,-1
cover,130.4021,0,0,0,0
nearest,130.4021,-1
cover,130.4472,0,0,0,0
nearest,130.4472,-1
cover,130.5004,0,0,0,0
nearest,130.5004,-1
cover,130.5474,0,0,0,0
nearest,130.5474,-1
cover,130.6008,0,0,0,0
nearest,130.6008,-1
cover,130.6501,0,0,0,0
nearest,130.6501,-1
cover,130.7019,0,0,0,0
nearest,130.7019,-1
cover,130.7527,0,0,0,0
nearest,130.7527,-1
cover,130.8017,0,0,0,0
nearest,130.8018,-1
cover,130.8478,0,0,0,0
nearest,130.8478,-1
cover,130.902,0,0,0,0
nearest,130.902,-1
cover,130.9478,0,0,0,0
nearest,130.9478,-1
cover,131.0023,0,0,0,0
nearest,131.0023,-1
cover,131.0459,0,0,0,0
nearest,131.0459,-1
cover,131.0864,0,0,0,0
nearest,131.0864,-1
cover,131.1374,0,0,0,0
nearest,131.1374,-1
cover,131.1784,0,0,0,0
nearest,131.1784,-1
cover,131.223,0,0,0,0
nearest,131.223,-1
cover,131.2743,0,0,0,0
nearest,131.2743,-1
cover,131.3188,0,0,0,0
nearest,131.3188,-1
cover,131.3703,0,0,0,0
nearest,131.3703,-1
cover,131.4169,0,0,0,0
nearest,131.417,-1
cover,131.4704,0,0,0,0
nearest,131.4704,-1
cover,131.5163,0,0,0,0
nearest,131.5164,-1
cover,131.5689,0,0,0,0
nearest,131.569,-1
cover,131.6145,0,0,0,0
nearest,131.6145,-1
cover,131.6696,0,0,0,0
nearest,131.6696,-1
cover,131.7174,0,0,0,0
nearest,131.7174,-1
cover,131.7722,0,0,0,0
nearest,131.7722,-1
cover,131.8242,0,0,0,0
nearest,131.8242,-1
cover,131.8742,0,0,0,0
nearest,131.8743,-1
cover,131.9239,0,0,0,0
nearest,131.9239,-1
cover,131.9755,0,0,0,0
nearest,131.9755,-1
cover,132.0351,0,0,0,0
nearest,132.0351,-1
cover,132.0821,0,0,0,0
nearest,132.0821,-1
cover,132.136,0,0,0,0
nearest,132.136,-1
cover,132.1837,0,0,0,0
nearest,132.1838,-1
cover,132.2359,0,0,0,0
nearest,132.236,-1
cover,132.2813,0,0,0,0
nearest,132.2816,-1
cover,132.3348,0,0,0,0
nearest,132.3348,-1
cover,132.382,0,0,0,0
nearest,132.3821,-1
cover,132.4351,0,0,0,0
nearest,132.4351,-1
cover,132.4793,0,0,0,0
nearest,132.4793,-1
cover,132.536,0,0,0,0
nearest,132.536,-1
cover,132.5836,0,0,0,0
nearest,132.5836,-1
cover,132.6368,0,0,0,0
nearest,132.6369,-1
cover,132.6869,0,0,0,0
nearest,132.6869,-1
cover,132.7408,0,0,0,0
nearest,132.7408,-1
cover,132.8108,0,0,0,0
nearest,132.8108,-1
cover,132.8727,0,0,0,0
nearest,132.8727,-1
cover,132.9391,0,0,0,0
nearest,132.9391,-1
cover,132.9972,0,0,0,0
nearest,132.9972,-1
cover,133.071,0,0,0,0
nearest,133.071,-1
cover,133.1371,0,0,0,0
nearest,133.1372,-1
cover,133.184,0,0,0,0
nearest,133.184,-1
cover,133.2365,0,0,0,0
nearest,133.2365,-1
cover,133.286,0,0,0,0
nearest,133.2861,-1
cover,133.3355,0,0,0,0
nearest,133.3355,-1
cover,133.3819,0,0,0,0
nearest,133.3819,-1
cover,133.436,0,0,0,0
nearest,133.4361,-1
cover,133.4812,0,0,0,0
nearest,133.4812,-1
cover,133.5282,0,0,0,0
nearest,133.5283,-1
cover,133.5745,0,0,0,0
nearest,133.5745,-1
cover,133.624,0,0,0,0
nearest,133.6241,-1
cover,133.6754,0,0,0,0
nearest,133.6754,-1
cover,133.7244,0,0,0,0
nearest,133.7244,-1
cover,133.7754,0,0,0,0
nearest,133.7754,-1
cover,133.8244,0,0,0,0
nearest,133.8244,-1
cover,133.8751,0,0,0,0
nearest,133.8751,-1
cover,133.9255,0,0,0,0
nearest,133.9255,-1
cover,133.9742,0,0,0,0
nearest,133.9742,-1
cover,134.0196,0,0,0,0
nearest,134.0197,-1
cover,134.0697,0,0,0,0
nearest,134.0697,-1
cover,134.1212,1,0,1,0
nearest,134.1212,-1
cover,134.1721,0,0,0,0
nearest,134.1722,-1
cover,134.2234,0,0,0,0
nearest,134.2234,-1
cover,134.2707,0,0,0,0
nearest,134.2707,-1
cover,134.3152,0,0,0,0
nearest,134.3152,-1
cover,134.3606,0,0,0,0
nearest,134.3606,-1
cover,134.4066,0,0,0,0
nearest,134.4066,-1
cover,134.4575,0,0,0,0
nearest,134.4575,-1
cover,134.5053,0,0,0,0
nearest,134.5053,-1
cover,134.5563,0,0,0,0
nearest,134.5563,-1
cover,134.6463,0,0,0,0
nearest,134.6464,-1
cover,134.7038,0,0,0,0
nearest,134.7038,-1
cover,134.7496,0,0,0,0
nearest,134.7496,-1
cover,134.8031,0,0,0,0
nearest,134.8032,-1
cover,134.8526,0,0,0,0
nearest,134.8526,-1
cover,134.8959,0,0,0,0
nearest,134.8959,-1
cover,134.9499,0,0,0,0
nearest,134.9499,-1
cover,134.9923,0,0,0,0
nearest,134.9924,-1
cover,135.037,0,0,0,0
nearest,135.037,-1
cover,135.0812,0,0,0,0
nearest,135.0813,-1
cover,135.1278,0,0,0,0
nearest,135.1278,-1
cover,135.1757,0,0,0,0
nearest,135.1758,-1
cover,135.2214,0,0,0,0
nearest,135.2215,-1
cover,135.272,0,0,0,0
nearest,135.272,-1
cover,135.3254,0,0,0,0
nearest,135.3254,-1
cover,135.3762,0,0,0,0
nearest,135.3763,-1
cover,135.421,0,0,0,0
nearest,135.421,-1
cover,135.472,0,0,0,0
nearest,135.4721,-1
cover,135.5196,0,0,0,0
nearest,135.5196,-1
cover,135.5598,0,0,0,0
nearest,135.5598,-1
cover,135.6115,0,0,0,0
nearest,135.6115,-1
cover,135.6586,0,0,0,0
nearest,135.6586,-1
cover,135.7136,0,0,0,0
nearest,135.7136,-1
cover,135.7731,0,0,0,0
nearest,135.7731,-1
cover,135.8264,0,0,0,0
nearest,135.8264,-1
cover,135.8767,0,0,0,0
nearest,135.8767,-1
cover,135.9282,0,0,0,0
nearest,135.9282,-1
cover,135.9793,0,0,0,0
nearest,135.9793,-1
cover,136.0373,0,0,0,0
nearest,136.0374,-1
cover,136.0808,0,0,0,0
nearest,136.0808,-1
cover,136.1263,0,0,0,0
nearest,136.1263,-1
cover,136.1723,0,0,0,0
nearest,136.1723,-1
cover,136.2258,0,0,0,0
nearest,136.2258,-1
cover,136.2754,0,0,0,0
nearest,136.2754,-1
cover,136.3249,0,0,0,0
nearest,136.3249,-1
cover,136.3752,0,0,0,0
nearest,136.3752,-1
cover,136.4265,0,0,0,0
nearest,136.4265,-1
cover,136.4821,0,0,0,0
nearest,136.4821,-1
cover,136.538,0,0,0,0
nearest,136.538,-1
cover,136.5923,0,0,0,0
nearest,136.5923,-1
cover,136.6478,0,0,0,0
nearest,136.6478,-1
cover,136.7047,0,0,0,0
nearest,136.7047,-1
cover,136.7604,0,0,0,0
nearest,136.7604,-1
cover,136.8112,0,0,0,0
nearest,136.8113,-1
cover,136.857,0,0,0,0
nearest,136.857,-1
cover,136.9055,0,0,0,0
nearest,136.9055,-1
cover,136.969,0,0,0,0
nearest,136.969,-1
cover,137.0171,0,0,0,0
nearest,137.0171,-1
cover,137.0713,0,0,0,0
nearest,137.0713,-1
cover,137.1247,0,0,0,0
nearest,137.1247,-1
cover,137.174,0,0,0,0
nearest,137.174,-1
cover,137.2227,0,0,0,0
nearest,137.2227,-1
cover,137.2697,0,0,0,0
nearest,137.2697,-1
cover,137.3149,0,0,0,0
nearest,137.315,-1
cover,137.3695,0,0,0,0
nearest,137.3695,-1
cover,137.4149,0,0,0,0
nearest,137.415,-1
cover,137.4705,0,0,0,0
nearest,137.4705,-1
cover,137.5192,0,0,0,0
nearest,137.5192,-1
cover,137.5703,0,0,0,0
nearest,137.5703,-1
cover,137.6149,0,0,0,0
nearest,137.6149,-1
cover,137.6633,0,0,0,0
nearest,137.6633,-1
cover,137.7134,0,0,0,0
nearest,137.7135,-1
cover,137.7704,0,0,0,0
nearest,137.7704,-1
cover,137.81,0,0,0,0
nearest,137.81,-1
cover,137.8542,0,0,0,0
nearest,137.8542,-1
cover,137.9069,0,0,0,0
nearest,137.9069,-1
cover,137.9622,0,0,0,0
nearest,137.9622,-1
cover,138.0085,0,0,0,0
nearest,138.0086,-1
cover,138.0602,0,0,0,0
nearest,138.0603,-1
cover,138.1079,0,0,0,0
nearest,138.1079,-1
cover,138.1563,0,0,0,0
nearest,138.1563,-1
cover,138.2091,0,0,0,0
nearest,138.2091,-1
cover,138.2549,0,0,0,0
nearest,138.2549,-1
cover,138.3031,0,0,0,0
nearest,138.3031,-1
cover,138.3476,0,0,0,0
nearest,138.3476,-1
cover,138.4028,0,0,0,0
nearest,138.4028,-1
cover,138.4463,0,0,0,0
nearest,138.4463,-1
cover,138.4953,0,0,0,0
nearest,138.4953,-1
cover,138.5359,0,0,0,0
nearest,138.5359,-1
cover,138.583,0,0,0,0
nearest,138.5831,-1
cover,138.6316,0,0,0,0
nearest,138.6316,-1
cover,138.6853,0,0,0,0
nearest,138.6853,-1
cover,138.7381,0,0,0,0
nearest,138.7381,-1
cover,138.7898,0,0,0,0
nearest,138.7899,-1
cover,138.847,0,0,0,0
nearest,138.8471,-1
cover,138.9052,0,0,0,0
nearest,138.9052,-1
cover,138.9605,0,0,0,0
nearest,138.9606,-1
cover,139.0142,0,0,0,0
nearest,139.0142,-1
cover,139.0687,0,0,0,0
nearest,139.0687,-1
cover,139.1145,0,0,0,0
nearest,139.1145,-1
cover,139.169,0,0,0,0
nearest,139.169,-1
cover,139.2181,1,0,1,0
nearest,139.2181,-1
cover,139.2722,1,0,1,0
nearest,139.2722,-1
cover,139.3309,0,0,0,0
nearest,139.3309,-1
cover,139.3836,0,0,0,0
nearest,139.3837,-1
cover,139.4297,0,0,0,0
nearest,139.4297,-1
cover,139.4772,0,0,0,0
nearest,139.4772,-1
cover,139.5243,0,0,0,0
nearest,139.5243,-1
cover,139.5718,1,0,1,0
nearest,139.5719,-1
cover,139.6215,0,0,0,0
nearest,139.6215,-1
cover,139.6708,0,0,0,0
nearest,139.6708,-1
cover,139.7199,1,0,1,0
nearest,139.72,-1
cover,139.7681,1,0,1,0
nearest,139.7681,-1
cover,139.815,1,0,1,0
nearest,139.815,-1
cover,139.8628,1,0,1,0
nearest,139.8628,-1
cover,139.9135,0,0,0,0
nearest,139.9135,-1
cover,139.9678,0,0,0,0
nearest,139.9678,-1
cover,140.0138,0,0,0,0
nearest,140.0139,-1
cover,140.0606,0,0,0,0
nearest,140.0606,-1
cover,140.1087,0,0,0,0
nearest,140.1087,-1
cover,140.1564,0,0,0,0
nearest,140.1564,-1
cover,140.2066,0,0,0,0
nearest,140.2067,-1
cover,140.2574,0,0,0,0
nearest,140.2574,-1
cover,140.3052,0,0,0,0
nearest,140.3053,-1
cover,140.3532,0,0,0,0
nearest,140.3532,-1
cover,140.4054,0,0,0,0
nearest,140.4054,-1
cover,140.4647,0,0,0,0
nearest,140.4647,-1
cover,140.5208,0,0,0,0
nearest,140.5208,-1
cover,140.5819,0,0,0,0
nearest,140.5819,-1
cover,140.64,0,0,0,0
nearest,140.64,-1
cover,140.6913,0,0,0,0
nearest,140.6914,-1
cover,140.7441,0,0,0,0
nearest,140.7441,-1
cover,140.7941,0,0,0,0
nearest,140.7941,-1
cover,140.8441,0,0,0,0
nearest,140.8441,-1
cover,140.8954,0,0,0,0
nearest,140.8955,-1
cover,140.9433,1,0,1,0
nearest,140.9433,-1
cover,140.9923,1,0,1,0
nearest,140.9923,-1
cover,141.0435,1,0,1,0
nearest,141.0435,-1
cover,141.0927,2,1,1,0
nearest,141.0927,145.7
cover,141.1397,1,1,0,0
nearest,141.1398,58.7
cover,141.196,1,0,1,0
nearest,141.196,-1
cover,141.2453,1,0,1,0
nearest,141.2453,-1
cover,141.2894,1,0,1,0
nearest,141.2894,-1
cover,141.3372,1,0,1,0
nearest,141.3373,-1
cover,141.3801,0,0,0,0
nearest,141.3801,-1
cover,141.4378,1,0,1,0
nearest,141.4378,-1
cover,141.4934,1,0,1,0
nearest,141.4935,-1
cover,141.5413,0,0,0,0
nearest,141.5414,-1
cover,141.5969,0,0,0,0
nearest,141.5969,-1
cover,141.6496,0,0,0,0
nearest,141.6497,-1
cover,141.7046,0,0,0,0
nearest,141.7046,-1
cover,141.7595,0,0,0,0
nearest,141.7596,-1
cover,141.8087,0,0,0,0
nearest,141.8088,-1
cover,141.8588,0,0,0,0
nearest,141.8588,-1
cover,141.9071,0,0,0,0
nearest,141.9071,-1
cover,141.96,0,0,0,0
nearest,141.9601,-1
cover,142.0087,0,0,0,0
nearest,142.0087,-1
cover,142.0561,1,0,1,0
nearest,142.0561,-1
cover,142.1056,1,0,1,0
nearest,142.1057,-1
cover,142.1583,1,0,1,0
nearest,142.1583,-1
cover,142.2075,2,1,1,0
nearest,142.2075,210.7
cover,142.2592,2,1,1,0
nearest,142.2592,178.6
cover,142.309,2,1,1,0
nearest,142.309,17.7
cover,142.3639,1,0,1,0
nearest,142.3639,-1
cover,142.4137,1,0,1,0
nearest,142.4138,-1
cover,142.4707,2,1,1,0
nearest,142.4707,65.2
cover,142.5163,2,1,1,0
nearest,142.5163,49.0
cover,142.5628,1,0,1,0
nearest,142.5628,-1
cover,142.6114,2,1,1,0
nearest,142.6115,110.1
cover,142.6548,2,1,1,0
nearest,142.6549,133.7
cover,142.7086,0,0,0,0
nearest,142.7086,-1
cover,142.7575,0,0,0,0
nearest,142.7575,-1
cover,142.8072,1,0,1,0
nearest,142.8072,-1
cover,142.8545,0,0,0,0
nearest,142.8546,-1
cover,142.913,0,0,0,0
nearest,142.913,-1
cover,142.9769,0,0,0,0
nearest,142.9769,-1
cover,143.0247,0,0,0,0
nearest,143.0247,-1
cover,143.075,0,0,0,0
nearest,143.075,-1
cover,143.123,0,0,0,0
nearest,143.1231,-1
cover,143.1723,0,0,0,0
nearest,143.1724,-1
cover,143.2214,0,0,0,0
nearest,143.2214,-1
cover,143.2752,0,0,0,0
nearest,143.2752,-1
cover,143.3251,0,0,0,0
nearest,143.3251,-1
cover,143.375,0,0,0,0
nearest,143.375,-1
cover,143.4294,0,0,0,0
nearest,143.4295,-1
cover,143.4833,0,0,0,0
nearest,143.4833,-1
cover,143.5352,0,0,0,0
nearest,143.5352,-1
cover,143.5774,0,0,0,0
nearest,143.5774,-1
cover,143.62,0,0,0,0
nearest,143.62,-1
cover,143.6698,0,0,0,0
nearest,143.6699,-1
cover,143.7124,0,0,0,0
nearest,143.7124,-1
cover,143.7619,0,0,0,0
nearest,143.7619,-1
cover,143.8076,0,0,0,0
nearest,143.8076,-1
cover,143.856,0,0,0,0
nearest,143.8561,-1
cover,143.9062,0,0,0,0
nearest,143.9062,-1
cover,143.9607,0,0,0,0
nearest,143.9608,-1
cover,144.0045,0,0,0,0
nearest,144.0045,-1
cover,144.0568,0,0,0,0
nearest,144.0568,-1
cover,144.1044,0,0,0,0
nearest,144.1044,-1
cover,144.1567,0,0,0,0
nearest,144.1567,-1
cover,144.208,0,0,0,0
nearest,144.208,-1
cover,144.2578,0,0,0,0
nearest,144.2578,-1
cover,144.3063,0,0,0,0
nearest,144.3063,-1
cover,144.3593,0,0,0,0
nearest,144.3593,-1
cover,144.4099,1,0,1,0
nearest,144.4099,-1
cover,144.5105,0,0,0,0
nearest,144.5105,-1
cover,144.5585,0,0,0,0
nearest,144.5585,-1
cover,144.6106,0,0,0,0
nearest,144.6106,-1
cover,144.6636,1,0,1,0
nearest,144.6636,-1
cover,144.7208,1,0,1,0
nearest,144.7208,-1
cover,144.7774,2,1,1,0
nearest,144.7774,5.5
cover,144.8255,2,1,1,0
nearest,144.8256,19.6
cover,144.8783,2,1,1,0
nearest,144.8784,20.2
cover,144.9225,1,0,1,0
nearest,144.9225,-1
cover,144.977,1,0,1,0
nearest,144.977,-1
cover,145.0193,1,0,1,0
nearest,145.0193,-1
cover,145.0619,0,0,0,0
nearest,145.062,-1
cover,145.1094,0,0,0,0
nearest,145.1094,-1
cover,145.1536,0,0,0,0
nearest,145.1536,-1
cover,145.1997,0,0,0,0
nearest,145.1997,-1
cover,145.2434,0,0,0,0
nearest,145.2434,-1
cover,145.2889,1,0,1,0
nearest,145.2889,-1
cover,145.3422,0,0,0,0
nearest,145.3422,-1
cover,145.3903,1,0,1,0
nearest,145.3903,-1
cover,145.4431,1,0,1,0
nearest,145.4432,-1
cover,145.4888,1,0,1,0
nearest,145.4889,-1
cover,145.5413,1,0,1,0
nearest,145.5413,-1
cover,145.5896,1,0,1,0
nearest,145.5896,-1
cover,145.6427,2,1,1,0
nearest,145.6428,1.6
cover,145.6904,2,1,1,0
nearest,145.6904,1.0
cover,145.7428,1,0,1,0
nearest,145.7428,-1
cover,145.7885,1,0,1,0
nearest,145.7885,-1
cover,145.8456,1,0,1,0
nearest,145.8456,-1
cover,145.8912,1,0,1,0
nearest,145.8913,-1
cover,145.9459,1,0,1,0
nearest,145.9459,-1
cover,146.0016,1,0,1,0
nearest,146.0016,-1
cover,146.0488,0,0,0,0
nearest,146.0488,-1
cover,146.1013,0,0,0,0
nearest,146.1013,-1
cover,146.1499,1,0,1,0
nearest,146.1499,-1
cover,146.1989,1,0,1,0
nearest,146.1989,-1
cover,146.2457,0,0,0,0
nearest,146.2457,-1
cover,146.3006,1,0,1,0
nearest,146.3006,-1
cover,146.3491,0,0,0,0
nearest,146.3491,-1
cover,146.4003,1,0,1,0
nearest,146.4003,-1
cover,146.4515,0,0,0,0
nearest,146.4516,-1
cover,146.4997,0,0,0,0
nearest,146.4997,-1
cover,146.5475,0,0,0,0
nearest,146.5475,-1
cover,146.6002,0,0,0,0
nearest,146.6002,-1
cover,146.6473,0,0,0,0
nearest,146.6473,-1
cover,146.701,0,0,0,0
nearest,146.7011,-1
cover,146.7502,0,0,0,0
nearest,146.7502,-1
cover,146.7996,0,0,0,0
nearest,146.7996,-1
cover,146.8501,0,0,0,0
nearest,146.8501,-1
cover,146.9035,0,0,0,0
nearest,146.9035,-1
cover,146.9528,0,0,0,0
nearest,146.9528,-1
cover,147.002,0,0,0,0
nearest,147.002,-1
cover,147.0554,0,0,0,0
nearest,147.0554,-1
cover,147.1123,0,0,0,0
nearest,147.1123,-1
cover,147.1695,1,0,1,0
nearest,147.1696,-1
cover,147.2184,0,0,0,0
nearest,147.2185,-1
cover,147.2699,0,0,0,0
nearest,147.27,-1
cover,147.3196,0,0,0,0
nearest,147.3197,-1
cover,147.3761,0,0,0,0
nearest,147.3761,-1
cover,147.4254,0,0,0,0
nearest,147.4254,-1
cover,147.4768,0,0,0,0
nearest,147.4768,-1
cover,147.5265,0,0,0,0
nearest,147.5265,-1
cover,147.5807,0,0,0,0
nearest,147.5807,-1
cover,147.6455,0,0,0,0
nearest,147.6455,-1
cover,147.6934,0,0,0,0
nearest,147.6935,-1
cover,147.7469,0,0,0,0
nearest,147.747,-1
cover,147.8098,0,0,0,0
nearest,147.8098,-1
cover,147.858,0,0,0,0
nearest,147.858,-1
cover,147.9124,0,0,0,0
nearest,147.9124,-1
cover,147.977,0,0,0,0
nearest,147.977,-1
cover,148.0306,0,0,0,0
nearest,148.0307,-1
cover,148.0843,0,0,0,0
nearest,148.0843,-1
cover,148.1437,0,0,0,0
nearest,148.1438,-1
cover,148.1916,0,0,0,0
nearest,148.1916,-1
cover,148.2446,0,0,0,0
nearest,148.2447,-1
cover,148.299,0,0,0,0
nearest,148.299,-1
cover,148.3541,0,0,0,0
nearest,148.3541,-1
cover,148.4149,0,0,0,0
nearest,148.415,-1
cover,148.4769,0,0,0,0
nearest,148.477,-1
cover,148.5345,0,0,0,0
nearest,148.5346,-1
cover,148.591,0,0,0,0
nearest,148.591,-1
cover,148.6463,0,0,0,0
nearest,148.6463,-1
cover,148.7042,0,0,0,0
nearest,148.7042,-1
cover,148.759,0,0,0,0
nearest,148.7591,-1
cover,148.8099,0,0,0,0
nearest,148.8099,-1
cover,148.8626,0,0,0,0
nearest,148.8626,-1
cover,148.9246,0,0,0,0
nearest,148.9246,-1
cover,148.9782,0,0,0,0
nearest,148.9782,-1
cover,149.0259,0,0,0,0
nearest,149.026,-1
cover,149.0838,0,0,0,0
nearest,149.0838,-1
cover,149.1346,0,0,0,0
nearest,149.1346,-1
cover,149.188,0,0,0,0
nearest,149.188,-1
cover,149.2436,0,0,0,0
nearest,149.2436,-1
cover,149.3005,0,0,0,0
nearest,149.3006,-1
cover,149.3484,0,0,0,0
nearest,149.3484,-1
cover,149.3967,0,0,0,0
nearest,149.3967,-1
cover,149.4499,0,0,0,0
nearest,149.4499,-1
cover,149.5,0,0,0,0
nearest,149.5,-1
cover,149.5485,0,0,0,0
nearest,149.5485,-1
cover,149.5981,0,0,0,0
nearest,149.5982,-1
cover,149.6471,0,0,0,0
nearest,149.6471,-1
cover,149.6981,0,0,0,0
nearest,149.6981,-1
cover,149.7482,0,0,0,0
nearest,149.7482,-1
cover,149.8002,0,0,0,0
nearest,149.8002,-1
cover,149.8487,0,0,0,0
nearest,149.8487,-1
cover,149.9001,0,0,0,0
nearest,149.9001,-1
cover,149.9461,0,0,0,0
nearest,149.9462,-1
cover,150.0001,0,0,0,0
nearest,150.0001,-1
cover,150.0501,0,0,0,0
nearest,150.0502,-1
cover,150.0975,0,0,0,0
nearest,150.0975,-1
cover,150.1504,0,0,0,0
nearest,150.1504,-1
cover,150.2012,0,0,0,0
nearest,150.2012,-1
cover,150.2507,0,0,0,0
nearest,150.2508,-1
cover,150.2968,0,0,0,0
nearest,150.2969,-1
cover,150.3484,0,0,0,0
nearest,150.3484,-1
cover,150.4041,0,0,0,0
nearest,150.4041,-1
cover,150.4567,0,0,0,0
nearest,150.4567,-1
cover,150.5154,0,0,0,0
nearest,150.5154,-1
cover,150.5708,0,0,0,0
nearest,150.5708,-1
cover,150.6244,0,0,0,0
nearest,150.6244,-1
cover,150.6788,0,0,0,0
nearest,150.6788,-1
cover,150.726,0,0,0,0
nearest,150.726,-1
cover,150.7797,0,0,0,0
nearest,150.7797,-1
cover,150.8464,0,0,0,0
nearest,150.8464,-1
cover,150.8953,0,0,0,0
nearest,150.8953,-1
cover,150.9408,0,0,0,0
nearest,150.9408,-1
cover,150.9899,0,0,0,0
nearest,150.9899,-1
cover,151.0376,0,0,0,0
nearest,151.0376,-1
cover,151.0872,0,0,0,0
nearest,151.0872,-1
cover,151.1437,0,0,0,0
nearest,151.1437,-1
cover,151.1889,0,0,0,0
nearest,151.1889,-1
cover,151.2428,0,0,0,0
nearest,151.2428,-1
cover,151.2891,0,0,0,0
nearest,151.2891,-1
cover,151.3436,0,0,0,0
nearest,151.3436,-1
cover,151.3897,0,0,0,0
nearest,151.3898,-1
cover,151.436,0,0,0,0
nearest,151.436,-1
cover,151.4839,0,0,0,0
nearest,151.4839,-1
cover,151.5349,0,0,0,0
nearest,151.5349,-1
cover,151.5807,0,0,0,0
nearest,151.5807,-1
cover,151.6331,0,0,0,0
nearest,151.6331,-1
cover,151.685,0,0,0,0
nearest,151.685,-1
cover,151.7332,0,0,0,0
nearest,151.7332,-1
cover,151.7841,0,0,0,0
nearest,151.7841,-1
cover,151.8299,0,0,0,0
nearest,151.83,-1
cover,151.8789,0,0,0,0
nearest,151.8789,-1
cover,151.9306,0,0,0,0
nearest,151.9307,-1
cover,151.9857,0,0,0,0
nearest,151.9858,-1
cover,152.0316,0,0,0,0
nearest,152.0317,-1
cover,152.083,0,0,0,0
nearest,152.083,-1
cover,152.1317,0,0,0,0
nearest,152.1318,-1
cover,152.1817,0,0,0,0
nearest,152.1817,-1
cover,152.2316,0,0,0,0
nearest,152.2317,-1
cover,152.2876,0,0,0,0
nearest,152.2877,-1
cover,152.3447,0,0,0,0
nearest,152.3448,-1
cover,152.3932,0,0,0,0
nearest,152.3932,-1
cover,152.4439,0,0,0,0
nearest,152.4439,-1
cover,152.4919,0,0,0,0
nearest,152.4919,-1
cover,152.5451,0,0,0,0
nearest,152.5451,-1
cover,152.6003,0,0,0,0
nearest,152.6004,-1
cover,152.6516,0,0,0,0
nearest,152.6516,-1
cover,152.6986,0,0,0,0
nearest,152.6987,-1
cover,152.7486,0,0,0,0
nearest,152.7487,-1
cover,152.7972,0,0,0,0
nearest,152.7972,-1
cover,152.8459,0,0,0,0
nearest,152.8459,-1
cover,152.9147,1,0,1,0
nearest,152.9148,-1
cover,152.9724,0,0,0,0
nearest,152.9724,-1
cover,153.0309,0,0,0,0
nearest,153.031,-1
cover,153.0851,0,0,0,0
nearest,153.0851,-1
cover,153.1318,0,0,0,0
nearest,153.1318,-1
cover,153.1836,0,0,0,0
nearest,153.1836,-1
cover,153.2343,0,0,0,0
nearest,153.2344,-1
cover,153.2835,0,0,0,0
nearest,153.2835,-1
cover,153.3357,0,0,0,0
nearest,153.3357,-1
cover,153.381,0,0,0,0
nearest,153.3811,-1
cover,153.4288,0,0,0,0
nearest,153.4288,-1
cover,153.4793,0,0,0,0
nearest,153.4793,-1
cover,153.5312,0,0,0,0
nearest,153.5313,-1
cover,153.5867,0,0,0,0
nearest,153.5868,-1
cover,153.6443,0,0,0,0
nearest,153.6443,-1
cover,153.6916,0,0,0,0
nearest,153.6916,-1
cover,153.7458,0,0,0,0
nearest,153.7458,-1
cover,153.7981,0,0,0,0
nearest,153.7981,-1
cover,153.8523,0,0,0,0
nearest,153.8523,-1
cover,153.8985,0,0,0,0
nearest,153.8985,-1
cover,153.9506,1,0,1,0
nearest,153.9506,-1
cover,154.0017,1,0,1,0
nearest,154.0017,-1
cover,154.0476,0,0,0,0
nearest,154.0476,-1
cover,154.0999,0,0,0,0
nearest,154.0999,-1
cover,154.1635,0,0,0,0
nearest,154.1636,-1
cover,154.2159,0,0,0,0
nearest,154.2159,-1
cover,154.2662,1,0,1,0
nearest,154.2663,-1
cover,154.3165,0,0,0,0
nearest,154.3166,-1
cover,154.3638,0,0,0,0
nearest,154.3638,-1
cover,154.4161,0,0,0,0
nearest,154.4162,-1
cover,154.4658,0,0,0,0
nearest,154.4658,-1
cover,154.5116,0,0,0,0
nearest,154.5116,-1
cover,154.5887,0,0,0,0
nearest,154.5888,-1
cover,154.6466,0,0,0,0
nearest,154.6467,-1
cover,154.6999,0,0,0,0
nearest,154.6999,-1
cover,154.7465,0,0,0,0
nearest,154.7465,-1
cover,154.802,0,0,0,0
nearest,154.802,-1
cover,154.8461,0,0,0,0
nearest,154.8461,-1
cover,154.8993,0,0,0,0
nearest,154.8994,-1
cover,154.9489,0,0,0,0
nearest,154.949,-1
cover,154.9982,0,0,0,0
nearest,154.9983,-1
cover,155.0586,0,0,0,0
nearest,155.0587,-1
cover,155.1137,0,0,0,0
nearest,155.1137,-1
cover,155.1663,0,0,0,0
nearest,155.1663,-1
cover,155.215,0,0,0,0
nearest,155.215,-1
cover,155.2651,0,0,0,0
nearest,155.2651,-1
cover,155.3236,0,0,0,0
nearest,155.3236,-1
cover,155.3757,0,0,0,0
nearest,155.3757,-1
cover,155.4237,0,0,0,0
nearest,155.4238,-1
cover,155.4698,0,0,0,0
nearest,155.4699,-1
cover,155.5121,0,0,0,0
nearest,155.5122,-1
cover,155.5641,0,0,0,0
nearest,155.5641,-1
cover,155.6223,0,0,0,0
nearest,155.6223,-1
cover,155.6709,0,0,0,0
nearest,155.6709,-1
cover,155.7235,0,0,0,0
nearest,155.7235,-1
cover,155.7765,0,0,0,0
nearest,155.7765,-1
cover,155.8267,0,0,0,0
nearest,155.8267,-1
cover,155.8752,0,0,0,0
nearest,155.8752,-1
cover,155.9394,0,0,0,0
nearest,155.9394,-1
cover,155.9941,0,0,0,0
nearest,155.9941,-1
cover,156.0454,0,0,0,0
nearest,156.0455,-1
cover,156.1158,0,0,0,0
nearest,156.1158,-1
cover,156.1745,0,0,0,0
nearest,156.1745,-1
cover,156.226,0,0,0,0
nearest,156.226,-1
cover,156.2709,0,0,0,0
nearest,156.2709,-1
cover,156.325,0,0,0,0
nearest,156.325,-1
cover,156.3744,0,0,0,0
nearest,156.3744,-1
cover,156.4247,0,0,0,0
nearest,156.4247,-1
cover,156.4696,0,0,0,0
nearest,156.4697,-1
cover,156.5124,0,0,0,0
nearest,156.5124,-1
cover,156.5636,0,0,0,0
nearest,156.5636,-1
cover,156.6257,0,0,0,0
nearest,156.6258,-1
cover,156.6761,0,0,0,0
nearest,156.6761,-1
cover,156.7257,0,0,0,0
nearest,156.7258,-1
cover,156.7743,0,0,0,0
nearest,156.7744,-1
cover,156.825,0,0,0,0
nearest,156.825,-1
cover,156.8747,0,0,0,0
nearest,156.8747,-1
cover,156.9248,0,0,0,0
nearest,156.9249,-1
cover,156.9857,0,0,0,0
nearest,156.9857,-1
cover,157.0412,0,0,0,0
nearest,157.0412,-1
cover,157.0957,0,0,0,0
nearest,157.0958,-1
cover,157.1577,0,0,0,0
nearest,157.1577,-1
cover,157.2054,0,0,0,0
nearest,157.2054,-1
cover,157.26,0,0,0,0
nearest,157.26,-1
cover,157.3154,0,0,0,0
nearest,157.3154,-1
cover,157.3767,0,0,0,0
nearest,157.3767,-1
cover,157.4254,0,0,0,0
nearest,157.4254,-1
cover,157.4758,0,0,0,0
nearest,157.4758,-1
cover,157.5255,0,0,0,0
nearest,157.5255,-1
cover,157.5757,0,0,0,0
nearest,157.5757,-1
cover,157.6242,0,0,0,0
nearest,157.6242,-1
cover,157.6744,0,0,0,0
nearest,157.6744,-1
cover,157.725,0,0,0,0
nearest,157.725,-1
cover,157.7724,0,0,0,0
nearest,157.7724,-1
cover,157.825,0,0,0,0
nearest,157.825,-1
cover,157.8741,0,0,0,0
nearest,157.8741,-1
cover,157.9243,0,0,0,0
nearest,157.9243,-1
cover,157.976,0,0,0,0
nearest,157.976,-1
cover,158.0248,0,0,0,0
nearest,158.0248,-1
cover,158.0696,0,0,0,0
nearest,158.0696,-1
cover,158.1155,0,0,0,0
nearest,158.1155,-1
cover,158.1597,0,0,0,0
nearest,158.1597,-1
cover,158.207,0,0,0,0
nearest,158.2071,-1
cover,158.2577,0,0,0,0
nearest,158.2577,-1
cover,158.3072,0,0,0,0
nearest,158.3072,-1
cover,158.3563,0,0,0,0
nearest,158.3563,-1
cover,158.4066,0,0,0,0
nearest,158.4067,-1
cover,158.4579,0,0,0,0
nearest,158.4579,-1
cover,158.5036,0,0,0,0
nearest,158.5036,-1
cover,158.5465,0,0,0,0
nearest,158.5465,-1
cover,158.5938,0,0,0,0
nearest,158.5938,-1
cover,158.6439,0,0,0,0
nearest,158.644,-1
cover,158.6905,0,0,0,0
nearest,158.6906,-1
cover,158.7368,0,0,0,0
nearest,158.7368,-1
cover,158.7821,0,0,0,0
nearest,158.7821,-1
cover,158.8308,0,0,0,0
nearest,158.8308,-1
cover,158.8813,0,0,0,0
nearest,158.8814,-1
cover,158.9297,0,0,0,0
nearest,158.9297,-1
cover,158.983,0,0,0,0
nearest,158.983,-1
cover,159.0342,0,0,0,0
nearest,159.0342,-1
cover,159.0903,0,0,0,0
nearest,159.0904,-1
cover,159.1391,0,0,0,0
nearest,159.1391,-1
cover,159.1903,0,0,0,0
nearest,159.1903,-1
cover,159.2377,0,0,0,0
nearest,159.2378,-1
cover,159.2898,0,0,0,0
nearest,159.2898,-1
cover,159.3383,0,0,0,0
nearest,159.3384,-1
cover,159.3903,0,0,0,0
nearest,159.3903,-1
cover,159.438,0,0,0,0
nearest,159.4381,-1
cover,159.49,0,0,0,0
nearest,159.4901,-1
cover,159.5371,0,0,0,0
nearest,159.5371,-1
cover,159.5966,0,0,0,0
nearest,159.5966,-1
cover,159.6445,0,0,0,0
nearest,159.6446,-1
cover,159.696,0,0,0,0
nearest,159.696,-1
cover,159.7487,0,0,0,0
nearest,159.7488,-1
cover,159.8047,0,0,0,0
nearest,159.8047,-1
cover,159.8642,0,0,0,0
nearest,159.8642,-1
cover,159.9244,0,0,0,0
nearest,159.9244,-1
cover,159.9767,0,0,0,0
nearest,159.9767,-1
cover,160.0244,1,0,1,0
nearest,160.0245,-1
cover,160.0754,1,0,1,0
nearest,160.0754,-1
cover,160.1255,0,0,0,0
nearest,160.1255,-1
cover,160.1749,0,0,0,0
nearest,160.1749,-1
cover,160.2288,1,0,1,0
nearest,160.2289,-1
cover,160.2865,1,0,1,0
nearest,160.2865,-1
cover,160.3429,0,0,0,0
nearest,160.3429,-1
cover,160.3967,0,0,0,0
nearest,160.3967,-1
cover,160.4585,1,0,1,0
nearest,160.4586,-1
cover,160.5044,1,0,1,0
nearest,160.5044,-1
cover,160.5584,1,0,1,0
nearest,160.5585,-1
cover,160.6075,1,0,1,0
nearest,160.6075,-1
cover,160.6586,0,0,0,0
nearest,160.6586,-1
cover,160.7095,0,0,0,0
nearest,160.7095,-1
cover,160.7584,0,0,0,0
nearest,160.7584,-1
cover,160.8079,0,0,0,0
nearest,160.8079,-1
cover,160.8591,0,0,0,0
nearest,160.8592,-1
cover,160.9079,0,0,0,0
nearest,160.9079,-1
cover,160.9587,0,0,0,0
nearest,160.9588,-1
cover,161.0088,1,0,1,0
nearest,161.0089,-1
cover,161.0589,0,0,0,0
nearest,161.0589,-1
cover,161.1097,0,0,0,0
nearest,161.1097,-1
cover,161.1601,0,0,0,0
nearest,161.1601,-1
cover,161.2107,1,0,1,0
nearest,161.2107,-1
cover,161.2633,0,0,0,0
nearest,161.2633,-1
cover,161.3246,0,0,0,0
nearest,161.3247,-1
cover,161.3756,0,0,0,0
nearest,161.3757,-1
cover,161.4237,0,0,0,0
nearest,161.4237,-1
cover,161.4755,0,0,0,0
nearest,161.4755,-1
cover,161.5344,0,0,0,0
nearest,161.5344,-1
cover,161.5848,0,0,0,0
nearest,161.5848,-1
cover,161.633,0,0,0,0
nearest,161.633,-1
cover,161.6827,0,0,0,0
nearest,161.6827,-1
cover,161.7316,0,0,0,0
nearest,161.7316,-1
cover,161.782,0,0,0,0
nearest,161.782,-1
cover,161.8391,0,0,0,0
nearest,161.8391,-1
cover,161.8924,0,0,0,0
nearest,161.8924,-1
cover,161.9446,0,0,0,0
nearest,161.9446,-1
cover,161.9941,0,0,0,0
nearest,161.9941,-1
cover,162.0449,0,0,0,0
nearest,162.045,-1
cover,162.0911,0,0,0,0
nearest,162.0911,-1
cover,162.1371,0,0,0,0
nearest,162.1371,-1
cover,162.1909,0,0,0,0
nearest,162.1909,-1
cover,162.2406,0,0,0,0
nearest,162.2406,-1
cover,162.292,0,0,0,0
nearest,162.292,-1
cover,162.3411,0,0,0,0
nearest,162.3411,-1
cover,162.3908,0,0,0,0
nearest,162.3908,-1
cover,162.4363,0,0,0,0
nearest,162.4364,-1
cover,162.4813,0,0,0,0
nearest,162.4813,-1
cover,162.5311,2,1,1,0
nearest,162.5312,98.9
cover,162.5786,1,0,1,0
nearest,162.5787,-1
cover,162.6337,2,1,1,0
nearest,162.6338,105.9
cover,162.6822,2,1,1,0
nearest,162.6822,111.3
cover,162.7349,3,2,1,0
nearest,162.735,127.7
cover,162.783,4,2,2,0
nearest,162.783,141.1
cover,162.8324,2,0,2,0
nearest,162.8324,-1
cover,162.8833,1,0,1,0
nearest,162.8834,-1
cover,162.9313,1,0,1,0
nearest,162.9313,-1
cover,162.981,2,1,1,0
nearest,162.9811,234.7
cover,163.0286,2,1,1,0
nearest,163.0286,261.1
cover,163.0793,1,0,1,0
nearest,163.0794,-1
cover,163.1286,0,0,0,0
nearest,163.1287,-1
cover,163.1773,1,0,1,0
nearest,163.1773,-1
cover,163.219,1,0,1,0
nearest,163.2191,-1
cover,163.264,1,0,1,0
nearest,163.264,-1
cover,163.314,1,0,1,0
nearest,163.314,-1
cover,163.3673,2,1,1,0
nearest,163.3674,237.0
cover,163.4146,2,1,1,0
nearest,163.4146,216.0
cover,163.4599,2,0,2,0
nearest,163.46,-1
cover,163.502,2,0,2,0
nearest,163.502,-1
cover,163.547,2,0,2,0
nearest,163.547,-1
cover,163.5962,2,0,2,0
nearest,163.5963,-1
cover,163.6433,3,1,2,0
nearest,163.6433,127.9
cover,163.6935,2,0,2,0
nearest,163.6935,-1
cover,163.7374,2,1,1,0
nearest,163.7374,143.1
cover,163.7901,1,0,1,0
nearest,163.7901,-1
cover,163.8371,1,0,1,0
nearest,163.8371,-1
cover,163.8901,1,0,1,0
nearest,163.8901,-1
cover,163.9399,1,0,1,0
nearest,163.94,-1
cover,164.037,0,0,0,0
nearest,164.037,-1
cover,164.0837,1,0,1,0
nearest,164.0837,-1
cover,164.13,3,1,2,0
nearest,164.1301,172.9
cover,164.1789,1,0,1,0
nearest,164.179,-1
cover,164.2285,0,0,0,0
nearest,164.2285,-1
cover,164.2776,0,0,0,0
nearest,164.2776,-1
cover,164.3258,0,0,0,0
nearest,164.3258,-1
cover,164.3762,1,0,1,0
nearest,164.3762,-1
cover,164.4253,2,0,2,0
nearest,164.4253,-1
cover,164.4692,2,0,2,0
nearest,164.4693,-1
cover,164.5152,2,0,2,0
nearest,164.5152,-1
cover,164.5666,2,0,2,0
nearest,164.5666,-1
cover,164.6146,2,0,2,0
nearest,164.6146,-1
cover,164.6642,1,0,1,0
nearest,164.6642,-1
cover,164.7122,1,0,1,0
nearest,164.7122,-1
cover,164.7598,1,0,1,0
nearest,164.7599,-1
cover,164.8028,1,0,1,0
nearest,164.8028,-1
cover,164.8475,1,0,1,0
nearest,164.8475,-1
cover,164.8977,1,0,1,0
nearest,164.8978,-1
cover,164.9514,0,0,0,0
nearest,164.9514,-1
cover,165.0025,0,0,0,0
nearest,165.0025,-1
cover,165.0493,1,0,1,0
nearest,165.0494,-1
cover,165.0977,0,0,0,0
nearest,165.0977,-1
cover,165.1462,1,0,1,0
nearest,165.1463,-1
cover,165.1972,0,0,0,0
nearest,165.1972,-1
cover,165.2466,0,0,0,0
nearest,165.2466,-1
cover,165.298,0,0,0,0
nearest,165.2981,-1
cover,165.3645,0,0,0,0
nearest,165.3645,-1
cover,165.416,1,0,1,0
nearest,165.416,-1
cover,165.4623,0,0,0,0
nearest,165.4623,-1
cover,165.5159,0,0,0,0
nearest,165.516,-1
cover,165.5784,0,0,0,0
nearest,165.5784,-1
cover,165.6337,1,0,1,0
nearest,165.6337,-1
cover,165.6826,0,0,0,0
nearest,165.6826,-1
cover,165.7504,0,0,0,0
nearest,165.7504,-1
cover,165.7991,1,0,1,0
nearest,165.7991,-1
cover,165.8499,1,0,1,0
nearest,165.8499,-1
cover,165.9049,1,0,1,0
nearest,165.9049,-1
cover,165.9602,0,0,0,0
nearest,165.9602,-1
cover,166.0063,1,0,1,0
nearest,166.0064,-1
cover,166.0595,1,0,1,0
nearest,166.0595,-1
cover,166.1041,1,0,1,0
nearest,166.1042,-1
cover,166.1592,1,0,1,0
nearest,166.1593,-1
cover,166.2097,1,0,1,0
nearest,166.2097,-1
cover,166.2582,1,0,1,0
nearest,166.2583,-1
cover,166.3048,1,0,1,0
nearest,166.3048,-1
cover,166.3523,1,0,1,0
nearest,166.3523,-1
cover,166.3966,1,0,1,0
nearest,166.3966,-1
cover,166.4488,1,0,1,0
nearest,166.4488,-1
cover,166.4989,1,0,1,0
nearest,166.4989,-1
cover,166.5495,1,0,1,0
nearest,166.5495,-1
cover,166.5962,0,0,0,0
nearest,166.5962,-1
cover,166.6476,0,0,0,0
nearest,166.6477,-1
cover,166.6979,0,0,0,0
nearest,166.6979,-1
cover,166.7504,0,0,0,0
nearest,166.7504,-1
cover,166.7953,0,0,0,0
nearest,166.7954,-1
cover,166.8507,1,0,1,0
nearest,166.8507,-1
cover,166.9034,1,0,1,0
nearest,166.9034,-1
cover,166.9622,0,0,0,0
nearest,166.9623,-1
cover,167.0185,1,0,1,0
nearest,167.0186,-1
cover,167.0664,1,0,1,0
nearest,167.0664,-1
cover,167.1147,1,0,1,0
nearest,167.1147,-1
cover,167.1641,1,0,1,0
nearest,167.1642,-1
cover,167.2158,1,0,1,0
nearest,167.2158,-1
cover,167.2724,1,0,1,0
nearest,167.2725,-1
cover,167.3366,1,0,1,0
nearest,167.3367,-1
cover,167.4092,1,0,1,0
nearest,167.4093,-1
cover,167.4792,0,0,0,0
nearest,167.4793,-1
cover,167.5404,0,0,0,0
nearest,167.5404,-1
cover,167.593,0,0,0,0
nearest,167.593,-1
cover,167.6496,0,0,0,0
nearest,167.6496,-1
cover,167.7024,0,0,0,0
nearest,167.7025,-1
cover,167.7495,0,0,0,0
nearest,167.7495,-1
cover,167.8045,0,0,0,0
nearest,167.8045,-1
cover,167.8591,0,0,0,0
nearest,167.8592,-1
cover,167.9051,0,0,0,0
nearest,167.9051,-1
cover,167.9583,0,0,0,0
nearest,167.9583,-1
cover,168.0091,0,0,0,0
nearest,168.0091,-1
cover,168.0576,0,0,0,0
nearest,168.0577,-1
cover,168.1037,0,0,0,0
nearest,168.1037,-1
cover,168.1656,0,0,0,0
nearest,168.1656,-1
cover,168.2287,0,0,0,0
nearest,168.2287,-1
cover,168.296,0,0,0,0
nearest,168.2961,-1
cover,168.3639,0,0,0,0
nearest,168.3639,-1
cover,168.4341,0,0,0,0
nearest,168.4341,-1
cover,168.4937,0,0,0,0
nearest,168.4937,-1
cover,168.5521,0,0,0,0
nearest,168.5521,-1
cover,168.6083,0,0,0,0
nearest,168.6084,-1
cover,168.6601,0,0,0,0
nearest,168.6601,-1
cover,168.704,0,0,0,0
nearest,168.704,-1
cover,168.7607,0,0,0,0
nearest,168.7608,-1
cover,168.8069,0,0,0,0
nearest,168.8069,-1
cover,168.8606,0,0,0,0
nearest,168.8606,-1
cover,168.9081,0,0,0,0
nearest,168.9081,-1
cover,168.9658,0,0,0,0
nearest,168.9659,-1
cover,169.023,0,0,0,0
nearest,169.023,-1
cover,169.0771,0,0,0,0
nearest,169.0771,-1
cover,169.1275,0,0,0,0
nearest,169.1275,-1
cover,169.1711,0,0,0,0
nearest,169.1711,-1
cover,169.2264,0,0,0,0
nearest,169.2264,-1
cover,169.2769,0,0,0,0
nearest,169.2769,-1
cover,169.3277,0,0,0,0
nearest,169.3277,-1
cover,169.3848,0,0,0,0
nearest,169.3848,-1
cover,169.4384,0,0,0,0
nearest,169.4385,-1
cover,169.4965,0,0,0,0
nearest,169.4966,-1
cover,169.5507,0,0,0,0
nearest,169.5507,-1
cover,169.6009,0,0,0,0
nearest,169.6009,-1
cover,169.6599,0,0,0,0
nearest,169.6599,-1
cover,169.7073,0,0,0,0
nearest,169.7073,-1
cover,169.7594,0,0,0,0
nearest,169.7595,-1
cover,169.8078,1,0,1,0
nearest,169.8078,-1
cover,169.8639,0,0,0,0
nearest,169.8639,-1
cover,169.9137,0,0,0,0
nearest,169.9137,-1
cover,169.9673,0,0,0,0
nearest,169.9673,-1
cover,170.0199,0,0,0,0
nearest,170.0199,-1
cover,170.0821,0,0,0,0
nearest,170.0822,-1
cover,170.1319,0,0,0,0
nearest,170.1319,-1
cover,170.1823,0,0,0,0
nearest,170.1823,-1
cover,170.2313,0,0,0,0
nearest,170.2313,-1
cover,170.2829,0,0,0,0
nearest,170.2829,-1
cover,170.3324,0,0,0,0
nearest,170.3324,-1
cover,170.3834,0,0,0,0
nearest,170.3834,-1
cover,170.4307,0,0,0,0
nearest,170.4307,-1
cover,170.4848,0,0,0,0
nearest,170.4849,-1
cover,170.5598,0,0,0,0
nearest,170.5598,-1
cover,170.6134,0,0,0,0
nearest,170.6134,-1
cover,170.6728,0,0,0,0
nearest,170.6728,-1
cover,170.7294,0,0,0,0
nearest,170.7295,-1
cover,170.7919,0,0,0,0
nearest,170.7919,-1
cover,170.841,0,0,0,0
nearest,170.8411,-1
cover,170.8934,0,0,0,0
nearest,170.8935,-1
cover,170.9396,0,0,0,0
nearest,170.9396,-1
cover,170.9951,0,0,0,0
nearest,170.9952,-1
cover,171.0529,0,0,0,0
nearest,171.0529,-1
cover,171.1052,0,0,0,0
nearest,171.1052,-1
cover,171.1634,0,0,0,0
nearest,171.1635,-1
cover,171.227,0,0,0,0
nearest,171.227,-1
cover,171.2757,0,0,0,0
nearest,171.2757,-1
cover,171.3269,0,0,0,0
nearest,171.3269,-1
cover,171.3757,0,0,0,0
nearest,171.3757,-1
cover,171.4291,0,0,0,0
nearest,171.4291,-1
cover,171.4838,0,0,0,0
nearest,171.4838,-1
cover,171.5331,0,0,0,0
nearest,171.5331,-1
cover,171.5864,0,0,0,0
nearest,171.5864,-1
cover,171.6396,0,0,0,0
nearest,171.6397,-1
cover,171.6931,0,0,0,0
nearest,171.6932,-1
cover,171.7393,0,0,0,0
nearest,171.7393,-1
cover,171.7963,0,0,0,0
nearest,171.7963,-1
cover,171.8539,0,0,0,0
nearest,171.854,-1
cover,171.9063,0,0,0,0
nearest,171.9063,-1
cover,171.9523,1,0,1,0
nearest,171.9523,-1
cover,172.0017,0,0,0,0
nearest,172.0018,-1
cover,172.0477,0,0,0,0
nearest,172.0477,-1
cover,172.0966,0,0,0,0
nearest,172.0966,-1
cover,172.1464,0,0,0,0
nearest,172.1465,-1
cover,172.1984,0,0,0,0
nearest,172.1984,-1
cover,172.2472,0,0,0,0
nearest,172.2472,-1
cover,172.2976,0,0,0,0
nearest,172.2976,-1
cover,172.3448,0,0,0,0
nearest,172.3448,-1
cover,172.3933,0,0,0,0
nearest,172.3933,-1
cover,172.44,0,0,0,0
nearest,172.44,-1
cover,172.4934,0,0,0,0
nearest,172.4934,-1
cover,172.5344,1,0,1,0
nearest,172.5344,-1
cover,172.5789,0,0,0,0
nearest,172.5789,-1
cover,172.6299,0,0,0,0
nearest,172.6299,-1
cover,172.6806,0,0,0,0
nearest,172.6806,-1
cover,172.7274,0,0,0,0
nearest,172.7275,-1
cover,172.7712,0,0,0,0
nearest,172.7712,-1
cover,172.827,0,0,0,0
nearest,172.827,-1
cover,172.8729,0,0,0,0
nearest,172.8729,-1
cover,172.9263,0,0,0,0
nearest,172.9263,-1
cover,172.9765,0,0,0,0
nearest,172.9765,-1
cover,173.0289,0,0,0,0
nearest,173.0289,-1
cover,173.0861,0,0,0,0
nearest,173.0861,-1
cover,173.1348,0,0,0,0
nearest,173.1348,-1
cover,173.1803,0,0,0,0
nearest,173.1803,-1
cover,173.2292,0,0,0,0
nearest,173.2293,-1
cover,173.279,0,0,0,0
nearest,173.279,-1
cover,173.3287,0,0,0,0
nearest,173.3287,-1
cover,173.3811,0,0,0,0
nearest,173.3812,-1
cover,173.4274,0,0,0,0
nearest,173.4274,-1
cover,173.472,0,0,0,0
nearest,173.472,-1
cover,173.5261,0,0,0,0
nearest,173.5261,-1
cover,173.5732,0,0,0,0
nearest,173.5732,-1
cover,173.6271,0,0,0,0
nearest,173.6271,-1
cover,173.6729,0,0,0,0
nearest,173.673,-1
cover,173.7191,0,0,0,0
nearest,173.7191,-1
cover,173.7629,0,0,0,0
nearest,173.7629,-1
cover,173.8145,0,0,0,0
nearest,173.8145,-1
cover,173.8633,0,0,0,0
nearest,173.8633,-1
cover,173.9154,0,0,0,0
nearest,173.9155,-1
cover,173.9636,0,0,0,0
nearest,173.9637,-1
cover,174.017,0,0,0,0
nearest,174.017,-1
cover,174.063,0,0,0,0
nearest,174.063,-1
cover,174.1135,0,0,0,0
nearest,174.1136,-1
cover,174.1635,0,0,0,0
nearest,174.1635,-1
cover,174.2116,0,0,0,0
nearest,174.2116,-1
cover,174.2617,0,0,0,0
nearest,174.2618,-1
cover,174.315,0,0,0,0
nearest,174.3151,-1
cover,174.3635,0,0,0,0
nearest,174.3635,-1
cover,174.4109,0,0,0,0
nearest,174.4109,-1
cover,174.4625,0,0,0,0
nearest,174.4625,-1
cover,174.5115,0,0,0,0
nearest,174.5115,-1
cover,174.5653,0,0,0,0
nearest,174.5653,-1
cover,174.6192,0,0,0,0
nearest,174.6193,-1
cover,174.6657,0,0,0,0
nearest,174.6657,-1
cover,174.7133,0,0,0,0
nearest,174.7133,-1
cover,174.7673,0,0,0,0
nearest,174.7673,-1
cover,174.8204,0,0,0,0
nearest,174.8204,-1
cover,174.8722,0,0,0,0
nearest,174.8723,-1
cover,174.9291,0,0,0,0
nearest,174.9291,-1
cover,174.9838,0,0,0,0
nearest,174.9839,-1
cover,175.0333,0,0,0,0
nearest,175.0333,-1
cover,175.0873,1,0,1,0
nearest,175.0873,-1
cover,175.146,0,0,0,0
nearest,175.146,-1
cover,175.1997,0,0,0,0
nearest,175.1997,-1
cover,175.2464,0,0,0,0
nearest,175.2464,-1
cover,175.2956,0,0,0,0
nearest,175.2956,-1
cover,175.3445,0,0,0,0
nearest,175.3445,-1
cover,175.3957,0,0,0,0
nearest,175.3957,-1
cover,175.4498,0,0,0,0
nearest,175.4498,-1
cover,175.4978,0,0,0,0
nearest,175.4978,-1
cover,175.5484,0,0,0,0
nearest,175.5485,-1
cover,175.5971,0,0,0,0
nearest,175.5971,-1
cover,175.6479,0,0,0,0
nearest,175.6479,-1
cover,175.6973,0,0,0,0
nearest,175.6973,-1
cover,175.7744,0,0,0,0
nearest,175.7744,-1
cover,175.8211,0,0,0,0
nearest,175.8211,-1
cover,175.8719,0,0,0,0
nearest,175.8719,-1
cover,175.9216,0,0,0,0
nearest,175.9216,-1
cover,175.9739,0,0,0,0
nearest,175.974,-1
cover,176.0226,0,0,0,0
nearest,176.0227,-1
cover,176.0698,0,0,0,0
nearest,176.0698,-1
cover,176.1103,0,0,0,0
nearest,176.1103,-1
cover,176.1592,0,0,0,0
nearest,176.1592,-1
cover,176.2081,0,0,0,0
nearest,176.2081,-1
cover,176.257,0,0,0,0
nearest,176.2571,-1
cover,176.3052,0,0,0,0
nearest,176.3053,-1
cover,176.3553,0,0,0,0
nearest,176.3553,-1
cover,176.4025,0,0,0,0
nearest,176.4025,-1
cover,176.444,0,0,0,0
nearest,176.444,-1
cover,176.4892,0,0,0,0
nearest,176.4892,-1
cover,176.5357,0,0,0,0
nearest,176.5357,-1
cover,176.5804,0,0,0,0
nearest,176.5804,-1
cover,176.6335,0,0,0,0
nearest,176.6335,-1
cover,176.6788,0,0,0,0
nearest,176.6788,-1
cover,176.737,0,0,0,0
nearest,176.737,-1
cover,176.7936,0,0,0,0
nearest,176.7937,-1
cover,176.8469,0,0,0,0
nearest,176.8469,-1
cover,176.9021,0,0,0,0
nearest,176.9022,-1
cover,176.9542,0,0,0,0
nearest,176.9543,-1
cover,177.014,0,0,0,0
nearest,177.014,-1
cover,177.0698,0,0,0,0
nearest,177.0698,-1
cover,177.1325,0,0,0,0
nearest,177.1326,-1
cover,177.1818,0,0,0,0
nearest,177.1818,-1
cover,177.2349,0,0,0,0
nearest,177.2349,-1
cover,177.2808,0,0,0,0
nearest,177.2808,-1
cover,177.3351,0,0,0,0
nearest,177.3351,-1
cover,177.3819,0,0,0,0
nearest,177.382,-1
cover,177.4351,0,0,0,0
nearest,177.4351,-1
cover,177.4818,0,0,0,0
nearest,177.4819,-1
cover,177.5345,0,0,0,0
nearest,177.5345,-1
cover,177.5847,0,0,0,0
nearest,177.5847,-1
cover,177.637,0,0,0,0
nearest,177.637,-1
cover,177.6953,0,0,0,0
nearest,177.6954,-1
cover,177.7554,0,0,0,0
nearest,177.7554,-1
cover,177.813,0,0,0,0
nearest,177.813,-1
cover,177.8733,0,0,0,0
nearest,177.8733,-1
cover,177.9366,0,0,0,0
nearest,177.9366,-1
cover,178.004,0,0,0,0
nearest,178.004,-1
cover,178.0636,0,0,0,0
nearest,178.0637,-1
cover,178.1198,0,0,0,0
nearest,178.1199,-1
cover,178.1739,0,0,0,0
nearest,178.174,-1
cover,178.2228,0,0,0,0
nearest,178.2228,-1
cover,178.2789,0,0,0,0
nearest,178.279,-1
cover,178.3375,1,0,1,0
nearest,178.3375,-1
cover,178.3935,0,0,0,0
nearest,178.3935,-1
cover,178.4436,1,0,1,0
nearest,178.4436,-1
cover,178.4906,0,0,0,0
nearest,178.4907,-1
cover,178.5399,0,0,0,0
nearest,178.54,-1
cover,178.5916,0,0,0,0
nearest,178.5916,-1
cover,178.6434,0,0,0,0
nearest,178.6434,-1
cover,178.7004,0,0,0,0
nearest,178.7004,-1
cover,178.7482,0,0,0,0
nearest,178.7482,-1
cover,178.8005,0,0,0,0
nearest,178.8005,-1
cover,178.8458,0,0,0,0
nearest,178.8458,-1
cover,178.9017,0,0,0,0
nearest,178.9017,-1
cover,178.9513,1,0,1,0
nearest,178.9513,-1
cover,179.0058,0,0,0,0
nearest,179.0059,-1
cover,179.0683,0,0,0,0
nearest,179.0684,-1
cover,179.1246,0,0,0,0
nearest,179.1247,-1
cover,179.1805,0,0,0,0
nearest,179.1805,-1
cover,179.2361,0,0,0,0
nearest,179.2361,-1
cover,179.2837,0,0,0,0
nearest,179.2837,-1
cover,179.3355,0,0,0,0
nearest,179.3355,-1
cover,179.3838,0,0,0,0
nearest,179.3838,-1
cover,179.4349,0,0,0,0
nearest,179.435,-1
cover,179.4878,0,0,0,0
nearest,179.4878,-1
cover,179.542,0,0,0,0
nearest,179.542,-1
cover,179.5902,0,0,0,0
nearest,179.5902,-1
cover,179.6397,0,0,0,0
nearest,179.6397,-1
cover,179.6887,0,0,0,0
nearest,179.6888,-1
cover,179.7347,0,0,0,0
nearest,179.7347,-1
cover,179.7766,0,0,0,0
nearest,179.7766,-1
cover,179.8169,0,0,0,0
nearest,179.8169,-1
cover,179.859,0,0,0,0
nearest,179.859,-1
cover,179.9067,0,0,0,0
nearest,179.9067,-1
cover,179.9552,0,0,0,0
nearest,179.9553,-1
cover,180.0017,0,0,0,0
nearest,180.0017,-1
cover,180.045,0,0,0,0
nearest,180.0451,-1
cover,180.1002,0,0,0,0
nearest,180.1002,-1
cover,180.1475,0,0,0,0
nearest,180.1476,-1
cover,180.1946,0,0,0,0
nearest,180.1947,-1
cover,180.2402,0,0,0,0
nearest,180.2403,-1
cover,180.3069,0,0,0,0
nearest,180.307,-1
cover,180.3504,0,0,0,0
nearest,180.3505,-1
cover,180.4018,0,0,0,0
nearest,180.4018,-1
cover,180.4473,0,0,0,0
nearest,180.4473,-1
cover,180.5026,0,0,0,0
nearest,180.5026,-1
cover,180.5431,0,0,0,0
nearest,180.5431,-1
cover,180.5888,0,0,0,0
nearest,180.5888,-1
cover,180.6371,0,0,0,0
nearest,180.6372,-1
cover,180.6885,0,0,0,0
nearest,180.6885,-1
cover,180.7378,0,0,0,0
nearest,180.7379,-1
cover,180.7879,0,0,0,0
nearest,180.7879,-1
cover,180.8375,0,0,0,0
nearest,180.8375,-1
cover,180.8876,0,0,0,0
nearest,180.8877,-1
cover,180.9354,0,0,0,0
nearest,180.9354,-1
cover,180.9778,0,0,0,0
nearest,180.9779,-1
cover,181.0206,0,0,0,0
nearest,181.0207,-1
cover,181.0698,0,0,0,0
nearest,181.0698,-1
cover,181.1206,0,0,0,0
nearest,181.1206,-1
cover,181.1748,0,0,0,0
nearest,181.1748,-1
cover,181.2233,0,0,0,0
nearest,181.2233,-1
cover,181.2734,0,0,0,0
nearest,181.2734,-1
cover,181.321,0,0,0,0
nearest,181.321,-1
cover,181.3694,0,0,0,0
nearest,181.3694,-1
cover,181.416,0,0,0,0
nearest,181.416,-1
cover,181.4621,0,0,0,0
nearest,181.4622,-1
cover,181.5132,0,0,0,0
nearest,181.5133,-1
cover,181.5643,0,0,0,0
nearest,181.5647,-1
cover,181.6142,0,0,0,0
nearest,181.6143,-1
cover,181.663,0,0,0,0
nearest,181.6631,-1
cover,181.7156,0,0,0,0
nearest,181.7156,-1
cover,181.7671,0,0,0,0
nearest,181.7671,-1
cover,181.8091,0,0,0,0
nearest,181.8091,-1
cover,181.8544,0,0,0,0
nearest,181.8544,-1
cover,181.9049,0,0,0,0
nearest,181.905,-1
cover,181.9543,0,0,0,0
nearest,181.9544,-1
cover,182.005,0,0,0,0
nearest,182.005,-1
cover,182.0578,0,0,0,0
nearest,182.0578,-1
cover,182.1096,0,0,0,0
nearest,182.1096,-1
cover,182.1558,0,0,0,0
nearest,182.1559,-1
cover,182.2046,0,0,0,0
nearest,182.2046,-1
cover,182.2529,0,0,0,0
nearest,182.2529,-1
cover,182.3037,0,0,0,0
nearest,182.3038,-1
cover,182.354,0,0,0,0
nearest,182.354,-1
cover,182.4043,0,0,0,0
nearest,182.4043,-1
cover,182.4532,0,0,0,0
nearest,182.4532,-1
cover,182.5045,0,0,0,0
nearest,182.5045,-1
cover,182.5554,0,0,0,0
nearest,182.5554,-1
cover,182.6047,0,0,0,0
nearest,182.6047,-1
cover,182.6556,0,0,0,0
nearest,182.6556,-1
cover,182.703,1,0,1,0
nearest,182.703,-1
cover,182.7551,0,0,0,0
nearest,182.7551,-1
cover,182.8068,1,0,1,0
nearest,182.8068,-1
cover,182.8536,0,0,0,0
nearest,182.8537,-1
cover,182.9016,0,0,0,0
nearest,182.9016,-1
cover,182.94,0,0,0,0
nearest,182.9401,-1
cover,182.9895,0,0,0,0
nearest,182.9895,-1
cover,183.0362,0,0,0,0
nearest,183.0362,-1
cover,183.0781,0,0,0,0
nearest,183.0781,-1
cover,183.1254,0,0,0,0
nearest,183.1254,-1
cover,183.1686,0,0,0,0
nearest,183.1686,-1
cover,183.2129,0,0,0,0
nearest,183.2129,-1
cover,183.2587,0,0,0,0
nearest,183.2587,-1
cover,183.3038,0,0,0,0
nearest,183.3038,-1
cover,183.349,0,0,0,0
nearest,183.3491,-1
cover,183.3914,0,0,0,0
nearest,183.3914,-1
cover,183.4349,0,0,0,0
nearest,183.4349,-1
cover,183.4757,0,0,0,0
nearest,183.4757,-1
cover,183.5163,0,0,0,0
nearest,183.5163,-1
cover,183.5589,0,0,0,0
nearest,183.559,-1
cover,183.6068,0,0,0,0
nearest,183.6068,-1
cover,183.6551,0,0,0,0
nearest,183.6552,-1
cover,183.704,0,0,0,0
nearest,183.704,-1
cover,183.7581,0,0,0,0
nearest,183.7581,-1
cover,183.8077,0,0,0,0
nearest,183.8077,-1
cover,183.8588,0,0,0,0
nearest,183.8588,-1
cover,183.9126,0,0,0,0
nearest,183.9126,-1
cover,183.9717,0,0,0,0
nearest,183.9718,-1
cover,184.0232,0,0,0,0
nearest,184.0233,-1
cover,184.0711,0,0,0,0
nearest,184.0711,-1
cover,184.1218,0,0,0,0
nearest,184.1218,-1
cover,184.1668,0,0,0,0
nearest,184.1668,-1
cover,184.2107,0,0,0,0
nearest,184.2107,-1
cover,184.2549,0,0,0,0
nearest,184.2549,-1
cover,184.301,0,0,0,0
nearest,184.3011,-1
cover,184.3406,0,0,0,0
nearest,184.3406,-1
cover,184.3813,0,0,0,0
nearest,184.3813,-1
cover,184.4237,0,0,0,0
nearest,184.4237,-1
cover,184.4683,0,0,0,0
nearest,184.4683,-1
cover,184.509,0,0,0,0
nearest,184.509,-1
cover,184.5509,0,0,0,0
nearest,184.5509,-1
cover,184.5919,0,0,0,0
nearest,184.592,-1
cover,184.6383,0,0,0,0
nearest,184.6383,-1
cover,184.6847,0,0,0,0
nearest,184.6847,-1
cover,184.7283,0,0,0,0
nearest,184.7283,-1
cover,184.7789,0,0,0,0
nearest,184.779,-1
cover,184.8301,0,0,0,0
nearest,184.8302,-1
cover,184.8867,0,0,0,0
nearest,184.8867,-1
cover,184.9381,0,0,0,0
nearest,184.9381,-1
cover,184.9938,0,0,0,0
nearest,184.9939,-1
cover,185.043,0,0,0,0
nearest,185.043,-1
cover,185.091,0,0,0,0
nearest,185.091,-1
cover,185.1357,0,0,0,0
nearest,185.1357,-1
cover,185.1825,0,0,0,0
nearest,185.1826,-1
cover,185.2352,0,0,0,0
nearest,185.2352,-1
cover,185.2803,0,0,0,0
nearest,185.2803,-1
cover,185.326,0,0,0,0
nearest,185.326,-1
cover,185.37,0,0,0,0
nearest,185.37,-1
cover,185.4208,0,0,0,0
nearest,185.4209,-1
cover,185.479,0,0,0,0
nearest,185.479,-1
cover,185.5359,0,0,0,0
nearest,185.5359,-1
cover,185.5765,0,0,0,0
nearest,185.5772,-1
cover,185.6196,0,0,0,0
nearest,185.6197,-1
cover,185.6677,0,0,0,0
nearest,185.6677,-1
cover,185.7097,0,0,0,0
nearest,185.7097,-1
cover,185.7552,0,0,0,0
nearest,185.7552,-1
cover,185.8023,0,0,0,0
nearest,185.8024,-1
cover,185.8502,0,0,0,0
nearest,185.8503,-1
cover,185.8922,0,0,0,0
nearest,185.8922,-1
cover,185.9365,0,0,0,0
nearest,185.9365,-1
cover,185.9865,0,0,0,0
nearest,185.9865,-1
cover,186.0361,0,0,0,0
nearest,186.0362,-1
cover,186.0782,0,0,0,0
nearest,186.0782,-1
cover,186.1232,0,0,0,0
nearest,186.1232,-1
cover,186.1688,0,0,0,0
nearest,186.1688,-1
cover,186.2078,0,0,0,0
nearest,186.2079,-1
cover,186.2541,0,0,0,0
nearest,186.2541,-1
cover,186.3021,0,0,0,0
nearest,186.3021,-1
cover,186.358,1,0,1,0
nearest,186.358,-1
cover,186.4106,1,0,1,0
nearest,186.4106,-1
cover,186.4538,0,0,0,0
nearest,186.4538,-1
cover,186.5048,0,0,0,0
nearest,186.5048,-1
cover,186.5532,0,0,0,0
nearest,186.5532,-1
cover,186.6047,0,0,0,0
nearest,186.6047,-1
cover,186.6524,0,0,0,0
nearest,186.6524,-1
cover,186.7047,0,0,0,0
nearest,186.7047,-1
cover,186.751,0,0,0,0
nearest,186.751,-1
cover,186.7939,0,0,0,0
nearest,186.7939,-1
cover,186.8415,0,0,0,0
nearest,186.8415,-1
cover,186.887,0,0,0,0
nearest,186.887,-1
cover,186.9405,0,0,0,0
nearest,186.9405,-1
cover,186.9872,0,0,0,0
nearest,186.9873,-1
cover,187.0374,0,0,0,0
nearest,187.0374,-1
cover,187.0824,0,0,0,0
nearest,187.0824,-1
cover,187.1231,0,0,0,0
nearest,187.1231,-1
cover,187.1713,0,0,0,0
nearest,187.1714,-1
cover,187.2139,0,0,0,0
nearest,187.214,-1
cover,187.2582,0,0,0,0
nearest,187.2583,-1
cover,187.3031,0,0,0,0
nearest,187.3031,-1
cover,187.3522,0,0,0,0
nearest,187.3522,-1
cover,187.3952,0,0,0,0
nearest,187.3952,-1
cover,187.4451,0,0,0,0
nearest,187.4451,-1
cover,187.5021,0,0,0,0
nearest,187.5021,-1
cover,187.548,0,0,0,0
nearest,187.548,-1
cover,187.592,0,0,0,0
nearest,187.592,-1
cover,187.6368,0,0,0,0
nearest,187.6368,-1
cover,187.684,0,0,0,0
nearest,187.684,-1
cover,187.7263,0,0,0,0
nearest,187.7263,-1
cover,187.772,0,0,0,0
nearest,187.772,-1
cover,187.8185,0,0,0,0
nearest,187.8185,-1
cover,187.8612,0,0,0,0
nearest,187.8612,-1
cover,187.9137,1,0,1,0
nearest,187.9138,-1
cover,187.9605,1,0,1,0
nearest,187.9605,-1
cover,188.0029,1,0,1,0
nearest,188.0029,-1
cover,188.0474,1,0,1,0
nearest,188.0474,-1
cover,188.0907,1,0,1,0
nearest,188.0907,-1
cover,188.1363,0,0,0,0
nearest,188.1363,-1
cover,188.1827,0,0,0,0
nearest,188.1828,-1
cover,188.2273,0,0,0,0
nearest,188.2273,-1
cover,188.273,0,0,0,0
nearest,188.2731,-1
cover,188.3169,0,0,0,0
nearest,188.3169,-1
cover,188.3698,0,0,0,0
nearest,188.3698,-1
cover,188.4234,0,0,0,0
nearest,188.4234,-1
cover,188.4717,0,0,0,0
nearest,188.4717,-1
cover,188.5208,0,0,0,0
nearest,188.5208,-1
cover,188.5729,0,0,0,0
nearest,188.5729,-1
cover,188.6203,0,0,0,0
nearest,188.6203,-1
cover,188.6708,0,0,0,0
nearest,188.6709,-1
cover,188.7268,0,0,0,0
nearest,188.7268,-1
cover,188.7693,0,0,0,0
nearest,188.7693,-1
cover,188.8091,0,0,0,0
nearest,188.8091,-1
cover,188.8489,0,0,0,0
nearest,188.8489,-1
cover,188.8917,0,0,0,0
nearest,188.8917,-1
cover,188.9383,0,0,0,0
nearest,188.9383,-1
cover,188.9857,0,0,0,0
nearest,188.9857,-1
cover,189.0268,0,0,0,0
nearest,189.0268,-1
cover,189.0727,0,0,0,0
nearest,189.0728,-1
cover,189.1149,0,0,0,0
nearest,189.1156,-1
cover,189.1605,0,0,0,0
nearest,189.1605,-1
cover,189.2061,0,0,0,0
nearest,189.2061,-1
cover,189.2497,1,0,1,0
nearest,189.2497,-1
cover,189.2932,1,0,1,0
nearest,189.2932,-1
cover,189.337,0,0,0,0
nearest,189.337,-1
cover,189.3812,0,0,0,0
nearest,189.3812,-1
cover,189.4279,0,0,0,0
nearest,189.4279,-1
cover,189.4786,0,0,0,0
nearest,189.4786,-1
cover,189.5258,0,0,0,0
nearest,189.5258,-1
cover,189.5734,0,0,0,0
nearest,189.5734,-1
cover,189.622,0,0,0,0
nearest,189.622,-1
cover,189.6714,0,0,0,0
nearest,189.6714,-1
cover,189.7177,0,0,0,0
nearest,189.7178,-1
cover,189.7565,0,0,0,0
nearest,189.7565,-1
cover,189.8064,0,0,0,0
nearest,189.8064,-1
cover,189.8536,0,0,0,0
nearest,189.8536,-1
cover,189.9025,0,0,0,0
nearest,189.9026,-1
cover,189.9495,0,0,0,0
nearest,189.9495,-1
cover,189.9939,0,0,0,0
nearest,189.9939,-1
cover,190.0375,0,0,0,0
nearest,190.0375,-1
cover,190.0869,0,0,0,0
nearest,190.0869,-1
cover,190.1385,0,0,0,0
nearest,190.1385,-1
cover,190.1825,0,0,0,0
nearest,190.1825,-1
cover,190.2238,0,0,0,0
nearest,190.2238,-1
cover,190.2716,0,0,0,0
nearest,190.2717,-1
cover,190.3215,0,0,0,0
nearest,190.3216,-1
cover,190.3687,0,0,0,0
nearest,190.3687,-1
cover,190.4157,0,0,0,0
nearest,190.4157,-1
cover,190.4603,0,0,0,0
nearest,190.4604,-1
cover,190.5039,0,0,0,0
nearest,190.5039,-1
cover,190.5522,0,0,0,0
nearest,190.5522,-1
cover,190.5934,0,0,0,0
nearest,190.5935,-1
cover,190.6364,0,0,0,0
nearest,190.6364,-1
cover,190.688,0,0,0,0
nearest,190.688,-1
cover,190.7366,0,0,0,0
nearest,190.7366,-1
cover,190.7854,0,0,0,0
nearest,190.7854,-1
cover,190.8292,0,0,0,0
nearest,190.8292,-1
cover,190.8825,0,0,0,0
nearest,190.8825,-1
cover,190.9271,0,0,0,0
nearest,190.9271,-1
cover,190.9826,0,0,0,0
nearest,190.9826,-1
cover,191.0374,0,0,0,0
nearest,191.0374,-1
cover,191.0883,0,0,0,0
nearest,191.0883,-1
cover,191.139,1,0,1,0
nearest,191.1391,-1
cover,191.1902,0,0,0,0
nearest,191.1902,-1
cover,191.2423,0,0,0,0
nearest,191.2424,-1
cover,191.2936,0,0,0,0
nearest,191.2936,-1
cover,191.3379,0,0,0,0
nearest,191.338,-1
cover,191.3937,0,0,0,0
nearest,191.3937,-1
cover,191.439,0,0,0,0
nearest,191.439,-1
cover,191.4906,0,0,0,0
nearest,191.4906,-1
cover,191.541,0,0,0,0
nearest,191.541,-1
cover,191.5939,0,0,0,0
nearest,191.5939,-1
cover,191.6411,0,0,0,0
nearest,191.6411,-1
cover,191.6862,0,0,0,0
nearest,191.6862,-1
cover,191.738,0,0,0,0
nearest,191.738,-1
cover,191.785,0,0,0,0
nearest,191.785,-1
cover,191.8243,0,0,0,0
nearest,191.8243,-1
cover,191.8688,0,0,0,0
nearest,191.8689,-1
cover,191.9074,0,0,0,0
nearest,191.9074,-1
cover,191.9529,0,0,0,0
nearest,191.9529,-1
cover,192.0042,0,0,0,0
nearest,192.0042,-1
cover,192.0543,0,0,0,0
nearest,192.0544,-1
cover,192.1058,0,0,0,0
nearest,192.1058,-1
cover,192.1494,0,0,0,0
nearest,192.1494,-1
cover,192.1882,0,0,0,0
nearest,192.1882,-1
cover,192.2372,0,0,0,0
nearest,192.2372,-1
cover,192.2865,1,0,1,0
nearest,192.2865,-1
cover,192.3358,1,0,1,0
nearest,192.3358,-1
cover,192.3781,1,0,1,0
nearest,192.3781,-1
cover,192.4247,1,0,1,0
nearest,192.4247,-1
cover,192.4716,1,0,1,0
nearest,192.4716,-1
cover,192.5157,0,0,0,0
nearest,192.5157,-1
cover,192.5642,0,0,0,0
nearest,192.5642,-1
cover,192.6144,0,0,0,0
nearest,192.6145,-1
cover,192.6741,0,0,0,0
nearest,192.6741,-1
cover,192.7227,0,0,0,0
nearest,192.7228,-1
cover,192.7756,0,0,0,0
nearest,192.7757,-1
cover,192.8268,0,0,0,0
nearest,192.8268,-1
cover,192.8883,0,0,0,0
nearest,192.8883,-1
cover,192.943,0,0,0,0
nearest,192.943,-1
cover,192.9894,0,0,0,0
nearest,192.9894,-1
cover,193.0406,0,0,0,0
nearest,193.0406,-1
cover,193.0819,0,0,0,0
nearest,193.0819,-1
cover,193.1262,0,0,0,0
nearest,193.1262,-1
cover,193.1707,0,0,0,0
nearest,193.1708,-1
cover,193.2246,0,0,0,0
nearest,193.2247,-1
cover,193.272,0,0,0,0
nearest,193.272,-1
cover,193.3198,0,0,0,0
nearest,193.3198,-1
cover,193.3724,0,0,0,0
nearest,193.3725,-1
cover,193.4157,0,0,0,0
nearest,193.4157,-1
cover,193.4584,0,0,0,0
nearest,193.4584,-1
cover,193.5058,1,0,1,0
nearest,193.5058,-1
cover,193.5563,1,0,1,0
nearest,193.5563,-1
cover,193.6059,0,0,0,0
nearest,193.606,-1
cover,193.6567,0,0,0,0
nearest,193.6567,-1
cover,193.7052,0,0,0,0
nearest,193.7053,-1
cover,193.7566,0,0,0,0
nearest,193.7566,-1
cover,193.8058,0,0,0,0
nearest,193.8058,-1
cover,193.8549,0,0,0,0
nearest,193.855,-1
cover,193.9049,0,0,0,0
nearest,193.905,-1
cover,193.9522,0,0,0,0
nearest,193.9522,-1
cover,193.9968,0,0,0,0
nearest,193.9968,-1
cover,194.0455,0,0,0,0
nearest,194.0455,-1
cover,194.0955,0,0,0,0
nearest,194.0955,-1
cover,194.1481,0,0,0,0
nearest,194.1481,-1
cover,194.2029,1,0,1,0
nearest,194.2029,-1
cover,194.252,0,0,0,0
nearest,194.252,-1
cover,194.3048,0,0,0,0
nearest,194.3048,-1
cover,194.3552,0,0,0,0
nearest,194.3552,-1
cover,194.4063,0,0,0,0
nearest,194.4063,-1
cover,194.4542,0,0,0,0
nearest,194.4542,-1
cover,194.506,0,0,0,0
nearest,194.5061,-1
cover,194.5545,0,0,0,0
nearest,194.5545,-1
cover,194.6054,1,0,1,0
nearest,194.6055,-1
cover,194.6516,0,0,0,0
nearest,194.6516,-1
cover,194.6965,0,0,0,0
nearest,194.6965,-1
cover,194.7466,0,0,0,0
nearest,194.7467,-1
cover,194.7943,0,0,0,0
nearest,194.7943,-1
cover,194.8461,0,0,0,0
nearest,194.8462,-1
cover,194.8969,0,0,0,0
nearest,194.8969,-1
cover,194.9479,0,0,0,0
nearest,194.9479,-1
cover,195.006,0,0,0,0
nearest,195.006,-1
cover,195.0582,0,0,0,0
nearest,195.0582,-1
cover,195.1054,0,0,0,0
nearest,195.1054,-1
cover,195.1559,0,0,0,0
nearest,195.156,-1
cover,195.2073,0,0,0,0
nearest,195.2073,-1
cover,195.2553,0,0,0,0
nearest,195.2553,-1
cover,195.3047,0,0,0,0
nearest,195.3047,-1
cover,195.3531,0,0,0,0
nearest,195.3532,-1
cover,195.405,0,0,0,0
nearest,195.405,-1
cover,195.4594,0,0,0,0
nearest,195.4594,-1
cover,195.5074,0,0,0,0
nearest,195.5074,-1
cover,195.5555,0,0,0,0
nearest,195.5555,-1
cover,195.6088,0,0,0,0
nearest,195.6088,-1
cover,195.6586,0,0,0,0
nearest,195.6586,-1
cover,195.7055,0,0,0,0
nearest,195.7055,-1
cover,195.7541,0,0,0,0
nearest,195.7542,-1
cover,195.8062,0,0,0,0
nearest,195.8062,-1
cover,195.8487,0,0,0,0
nearest,195.8487,-1
cover,195.894,0,0,0,0
nearest,195.8941,-1
cover,195.9406,0,0,0,0
nearest,195.9406,-1
cover,195.9878,0,0,0,0
nearest,195.9878,-1
cover,196.0409,0,0,0,0
nearest,196.041,-1
cover,196.0814,0,0,0,0
nearest,196.0814,-1
cover,196.1246,0,0,0,0
nearest,196.1247,-1
cover,196.174,0,0,0,0
nearest,196.174,-1
cover,196.2259,0,0,0,0
nearest,196.226,-1
cover,196.2734,0,0,0,0
nearest,196.2734,-1
cover,196.3194,0,0,0,0
nearest,196.3194,-1
cover,196.372,0,0,0,0
nearest,196.372,-1
cover,196.4182,0,0,0,0
nearest,196.4182,-1
cover,196.4611,0,0,0,0
nearest,196.4611,-1
cover,196.5065,0,0,0,0
nearest,196.5065,-1
cover,196.5529,0,0,0,0
nearest,196.553,-1
cover,196.6043,0,0,0,0
nearest,196.6043,-1
cover,196.6553,0,0,0,0
nearest,196.6553,-1
cover,196.705,0,0,0,0
nearest,196.705,-1
cover,196.7531,0,0,0,0
nearest,196.7531,-1
cover,196.8068,0,0,0,0
nearest,196.8068,-1
cover,196.8553,0,0,0,0
nearest,196.8553,-1
cover,196.9075,0,0,0,0
nearest,196.9076,-1
cover,196.9602,0,0,0,0
nearest,196.9602,-1
cover,197.0183,0,0,0,0
nearest,197.0183,-1
cover,197.0771,0,0,0,0
nearest,197.0771,-1
cover,197.1307,0,0,0,0
nearest,197.1307,-1
cover,197.1817,1,0,1,0
nearest,197.1817,-1
cover,197.2382,0,0,0,0
nearest,197.2382,-1
cover,197.2876,0,0,0,0
nearest,197.2876,-1
cover,197.3372,1,0,1,0
nearest,197.3372,-1
cover,197.3857,0,0,0,0
nearest,197.3858,-1
cover,197.4376,0,0,0,0
nearest,197.4376,-1
cover,197.4874,0,0,0,0
nearest,197.4875,-1
cover,197.5386,0,0,0,0
nearest,197.5386,-1
cover,197.5895,0,0,0,0
nearest,197.5895,-1
cover,197.6385,0,0,0,0
nearest,197.6386,-1
cover,197.6855,0,0,0,0
nearest,197.6855,-1
cover,197.7273,0,0,0,0
nearest,197.7274,-1
cover,197.7723,0,0,0,0
nearest,197.7723,-1
cover,197.8166,0,0,0,0
nearest,197.8166,-1
cover,197.8642,0,0,0,0
nearest,197.8642,-1
cover,197.9198,0,0,0,0
nearest,197.9198,-1
cover,197.9694,0,0,0,0
nearest,197.9694,-1
cover,198.0249,0,0,0,0
nearest,198.025,-1
cover,198.0732,0,0,0,0
nearest,198.0732,-1
cover,198.1233,0,0,0,0
nearest,198.1233,-1
cover,198.1692,0,0,0,0
nearest,198.1692,-1
cover,198.2167,0,0,0,0
nearest,198.2168,-1
cover,198.2626,0,0,0,0
nearest,198.2626,-1
cover,198.3082,0,0,0,0
nearest,198.3082,-1
cover,198.3529,0,0,0,0
nearest,198.3529,-1
cover,198.3981,0,0,0,0
nearest,198.3981,-1
cover,198.4467,0,0,0,0
nearest,198.4468,-1
cover,198.4917,0,0,0,0
nearest,198.4917,-1
cover,198.5387,0,0,0,0
nearest,198.5387,-1
cover,198.5875,0,0,0,0
nearest,198.5875,-1
cover,198.6356,0,0,0,0
nearest,198.6356,-1
cover,198.6915,0,0,0,0
nearest,198.6915,-1
cover,198.7381,0,0,0,0
nearest,198.7381,-1
cover,198.7889,0,0,0,0
nearest,198.7889,-1
cover,198.8385,0,0,0,0
nearest,198.8386,-1
cover,198.8885,0,0,0,0
nearest,198.8885,-1
cover,198.9368,0,0,0,0
nearest,198.9368,-1
cover,198.9882,0,0,0,0
nearest,198.9882,-1
cover,199.0357,0,0,0,0
nearest,199.0357,-1
cover,199.0788,0,0,0,0
nearest,199.0788,-1
cover,199.1302,0,0,0,0
nearest,199.1302,-1
cover,199.1808,0,0,0,0
nearest,199.1809,-1
cover,199.2284,0,0,0,0
nearest,199.2284,-1
cover,199.2798,0,0,0,0
nearest,199.2798,-1
cover,199.3255,0,0,0,0
nearest,199.3255,-1
cover,199.3701,0,0,0,0
nearest,199.3701,-1
cover,199.422,0,0,0,0
nearest,199.422,-1
cover,199.4721,0,0,0,0
nearest,199.4721,-1
cover,199.5231,0,0,0,0
nearest,199.5231,-1
cover,199.5704,0,0,0,0
nearest,199.5704,-1
cover,199.6184,0,0,0,0
nearest,199.6184,-1
cover,199.6614,0,0,0,0
nearest,199.6614,-1
cover,199.7141,0,0,0,0
nearest,199.7141,-1
cover,199.7668,0,0,0,0
nearest,199.7668,-1
cover,199.815,0,0,0,0
nearest,199.815,-1
cover,199.8603,0,0,0,0
nearest,199.8603,-1
cover,199.9029,0,0,0,0
nearest,199.9029,-1
cover,199.9498,0,0,0,0
nearest,199.9499,-1
cover,199.9929,0,0,0,0
nearest,199.9929,-1
cover,200.0333,0,0,0,0
nearest,200.0333,-1
cover,200.079,0,0,0,0
nearest,200.079,-1
cover,200.1256,0,0,0,0
nearest,200.1256,-1
cover,200.1716,0,0,0,0
nearest,200.1716,-1
cover,200.2253,0,0,0,0
nearest,200.2253,-1
cover,200.2724,0,0,0,0
nearest,200.2724,-1
cover,200.3211,0,0,0,0
nearest,200.3211,-1
cover,200.37,0,0,0,0
nearest,200.37,-1
cover,200.4204,0,0,0,0
nearest,200.4205,-1
cover,200.4713,0,0,0,0
nearest,200.4714,-1
cover,200.5182,0,0,0,0
nearest,200.5182,-1
cover,200.5612,0,0,0,0
nearest,200.5613,-1
cover,200.6125,0,0,0,0
nearest,200.6125,-1
cover,200.6632,0,0,0,0
nearest,200.6633,-1
cover,200.7134,0,0,0,0
nearest,200.7134,-1
cover,200.763,0,0,0,0
nearest,200.763,-1
cover,200.8149,0,0,0,0
nearest,200.8149,-1
cover,200.8612,0,0,0,0
nearest,200.8612,-1
cover,200.9147,0,0,0,0
nearest,200.9147,-1
cover,200.9635,0,0,0,0
nearest,200.9635,-1
cover,201.0139,0,0,0,0
nearest,201.0139,-1
cover,201.0636,0,0,0,0
nearest,201.0636,-1
cover,201.1146,0,0,0,0
nearest,201.1147,-1
cover,201.1636,0,0,0,0
nearest,201.1636,-1
cover,201.2103,0,0,0,0
nearest,201.2104,-1
cover,201.2617,0,0,0,0
nearest,201.2617,-1
cover,201.3156,0,0,0,0
nearest,201.3156,-1
cover,201.3628,0,0,0,0
nearest,201.3628,-1
cover,201.4154,0,0,0,0
nearest,201.4154,-1
cover,201.4632,0,0,0,0
nearest,201.4632,-1
cover,201.516,0,0,0,0
nearest,201.516,-1
cover,201.567,0,0,0,0
nearest,201.567,-1
cover,201.6177,0,0,0,0
nearest,201.6177,-1
cover,201.6657,0,0,0,0
nearest,201.6657,-1
cover,201.7147,0,0,0,0
nearest,201.7147,-1
cover,201.7652,0,0,0,0
nearest,201.7653,-1
cover,201.8149,0,0,0,0
nearest,201.815,-1
cover,201.8634,0,0,0,0
nearest,201.8634,-1
cover,201.9187,0,0,0,0
nearest,201.9187,-1
cover,201.9627,0,0,0,0
nearest,201.9628,-1
cover,202.0172,0,0,0,0
nearest,202.0172,-1
cover,202.0599,0,0,0,0
nearest,202.0599,-1
cover,202.103,0,0,0,0
nearest,202.1031,-1
cover,202.1521,0,0,0,0
nearest,202.1522,-1
cover,202.203,0,0,0,0
nearest,202.203,-1
cover,202.25,0,0,0,0
nearest,202.2501,-1
cover,202.2944,0,0,0,0
nearest,202.2945,-1
cover,202.35,0,0,0,0
nearest,202.35,-1
cover,202.3943,0,0,0,0
nearest,202.3943,-1
cover,202.4469,0,0,0,0
nearest,202.4469,-1
cover,202.4907,0,0,0,0
nearest,202.4907,-1
cover,202.5364,0,0,0,0
nearest,202.5364,-1
cover,202.5865,0,0,0,0
nearest,202.5865,-1
cover,202.6387,0,0,0,0
nearest,202.6387,-1
cover,202.6857,0,0,0,0
nearest,202.6857,-1
cover,202.7283,0,0,0,0
nearest,202.7283,-1
cover,202.7811,0,0,0,0
nearest,202.7812,-1
cover,202.828,0,0,0,0
nearest,202.828,-1
cover,202.8818,0,0,0,0
nearest,202.8819,-1
cover,202.9295,0,0,0,0
nearest,202.9296,-1
cover,202.9815,0,0,0,0
nearest,202.9815,-1
cover,203.0251,0,0,0,0
nearest,203.0251,-1
cover,203.0659,0,0,0,0
nearest,203.0659,-1
cover,203.1129,0,0,0,0
nearest,203.113,-1
cover,203.1581,0,0,0,0
nearest,203.1581,-1
cover,203.2041,0,0,0,0
nearest,203.2042,-1
cover,203.2551,0,0,0,0
nearest,203.2551,-1
cover,203.305,0,0,0,0
nearest,203.305,-1
cover,203.3551,0,0,0,0
nearest,203.3551,-1
cover,203.4064,0,0,0,0
nearest,203.4064,-1
cover,203.4558,0,0,0,0
nearest,203.4558,-1
cover,203.5026,0,0,0,0
nearest,203.5027,-1
cover,203.5509,0,0,0,0
nearest,203.5509,-1
cover,203.5955,0,0,0,0
nearest,203.5956,-1
cover,203.6509,0,0,0,0
nearest,203.6509,-1
cover,203.696,0,0,0,0
nearest,203.696,-1
cover,203.741,0,0,0,0
nearest,203.741,-1
cover,203.7902,0,0,0,0
nearest,203.7902,-1
cover,203.8339,0,0,0,0
nearest,203.834,-1
cover,203.8806,0,0,0,0
nearest,203.8807,-1
cover,203.9296,0,0,0,0
nearest,203.9296,-1
cover,203.9813,0,0,0,0
nearest,203.9813,-1
cover,204.0308,0,0,0,0
nearest,204.0308,-1
cover,204.0793,0,0,0,0
nearest,204.0793,-1
cover,204.126,0,0,0,0
nearest,204.126,-1
cover,204.164,0,0,0,0
nearest,204.164,-1
cover,204.2081,0,0,0,0
nearest,204.2081,-1
cover,204.2536,0,0,0,0
nearest,204.2536,-1
cover,204.3033,0,0,0,0
nearest,204.3034,-1
cover,204.3497,0,0,0,0
nearest,204.3497,-1
cover,204.3937,0,0,0,0
nearest,204.3937,-1
cover,204.4338,0,0,0,0
nearest,204.4339,-1
cover,204.4806,0,0,0,0
nearest,204.4806,-1
cover,204.5279,0,0,0,0
nearest,204.5279,-1
cover,204.5851,0,0,0,0
nearest,204.5851,-1
cover,204.631,0,0,0,0
nearest,204.6311,-1
cover,204.6842,0,0,0,0
nearest,204.6842,-1
cover,204.7333,0,0,0,0
nearest,204.7334,-1
cover,204.7835,0,0,0,0
nearest,204.7835,-1
cover,204.8295,0,0,0,0
nearest,204.8295,-1
cover,204.8847,0,0,0,0
nearest,204.8847,-1
cover,204.9291,0,0,0,0
nearest,204.9291,-1
cover,204.982,0,0,0,0
nearest,204.982,-1
cover,205.0288,0,0,0,0
nearest,205.0288,-1
cover,205.0812,0,0,0,0
nearest,205.0812,-1
cover,205.1312,0,0,0,0
nearest,205.1313,-1
cover,205.1916,0,0,0,0
nearest,205.1916,-1
cover,205.2388,0,0,0,0
nearest,205.2388,-1
cover,205.2899,0,0,0,0
nearest,205.2899,-1
cover,205.3385,0,0,0,0
nearest,205.3385,-1
cover,205.3873,0,0,0,0
nearest,205.3874,-1
cover,205.4477,0,0,0,0
nearest,205.4477,-1
cover,205.4938,0,0,0,0
nearest,205.4938,-1
cover,205.5394,0,0,0,0
nearest,205.5394,-1
cover,205.5932,0,0,0,0
nearest,205.5932,-1
cover,205.6486,0,0,0,0
nearest,205.6486,-1
cover,205.6943,0,0,0,0
nearest,205.6943,-1
cover,205.7496,0,0,0,0
nearest,205.7497,-1
cover,205.8074,0,0,0,0
nearest,205.8075,-1
cover,205.8557,0,0,0,0
nearest,205.8557,-1
cover,205.9055,0,0,0,0
nearest,205.9055,-1
cover,205.9529,0,0,0,0
nearest,205.9529,-1
cover,206.0028,0,0,0,0
nearest,206.0029,-1
cover,206.0521,0,0,0,0
nearest,206.0521,-1
cover,206.103,0,0,0,0
nearest,206.1031,-1
cover,206.1571,0,0,0,0
nearest,206.1572,-1
cover,206.2067,0,0,0,0
nearest,206.2067,-1
cover,206.2559,0,0,0,0
nearest,206.2559,-1
cover,206.3055,0,0,0,0
nearest,206.3055,-1
cover,206.354,0,0,0,0
nearest,206.354,-1
cover,206.4066,0,0,0,0
nearest,206.4066,-1
cover,206.4555,0,0,0,0
nearest,206.4556,-1
cover,206.505,0,0,0,0
nearest,206.505,-1
cover,206.5528,0,0,0,0
nearest,206.5529,-1
cover,206.6052,0,0,0,0
nearest,206.6053,-1
cover,206.6545,0,0,0,0
nearest,206.6545,-1
cover,206.7049,0,0,0,0
nearest,206.7049,-1
cover,206.7564,0,0,0,0
nearest,206.7564,-1
cover,206.8068,0,0,0,0
nearest,206.8068,-1
cover,206.8528,0,0,0,0
nearest,206.8528,-1
cover,206.9033,0,0,0,0
nearest,206.9034,-1
cover,206.9494,0,0,0,0
nearest,206.9494,-1
cover,206.9932,0,0,0,0
nearest,206.9932,-1
cover,207.0385,0,0,0,0
nearest,207.0385,-1
cover,207.0832,0,0,0,0
nearest,207.0832,-1
cover,207.1253,0,0,0,0
nearest,207.1253,-1
cover,207.1702,0,0,0,0
nearest,207.1702,-1
cover,207.2174,0,0,0,0
nearest,207.2174,-1
cover,207.2607,0,0,0,0
nearest,207.2608,-1
cover,207.3152,0,0,0,0
nearest,207.3153,-1
cover,207.3596,0,0,0,0
nearest,207.3596,-1
cover,207.4061,0,0,0,0
nearest,207.4061,-1
cover,207.4555,0,0,0,0
nearest,207.4556,-1
cover,207.5054,0,0,0,0
nearest,207.5054,-1
cover,207.5593,0,0,0,0
nearest,207.5593,-1
cover,207.6048,0,0,0,0
nearest,207.6048,-1
cover,207.6581,0,0,0,0
nearest,207.6581,-1
cover,207.7037,0,0,0,0
nearest,207.7037,-1
cover,207.7581,0,0,0,0
nearest,207.7581,-1
cover,207.803,0,0,0,0
nearest,207.803,-1
cover,207.8553,0,0,0,0
nearest,207.8553,-1
cover,207.9026,0,0,0,0
nearest,207.9027,-1
cover,207.9557,0,0,0,0
nearest,207.9557,-1
cover,208.0072,0,0,0,0
nearest,208.0072,-1
cover,208.056,0,0,0,0
nearest,208.056,-1
cover,208.1005,1,0,1,0
nearest,208.1006,-1
cover,208.1423,1,0,1,0
nearest,208.1423,-1
cover,208.1866,1,0,1,0
nearest,208.1867,-1
cover,208.2338,0,0,0,0
nearest,208.2338,-1
cover,208.2759,1,0,1,0
nearest,208.276,-1
cover,208.3217,0,0,0,0
nearest,208.3218,-1
cover,208.3693,0,0,0,0
nearest,208.3693,-1
cover,208.4198,0,0,0,0
nearest,208.4198,-1
cover,208.4672,0,0,0,0
nearest,208.4672,-1
cover,208.5077,0,0,0,0
nearest,208.5077,-1
cover,208.5557,0,0,0,0
nearest,208.5557,-1
cover,208.5984,0,0,0,0
nearest,208.5984,-1
cover,208.6439,1,0,1,0
nearest,208.6439,-1
cover,208.6915,0,0,0,0
nearest,208.6915,-1
cover,208.7313,0,0,0,0
nearest,208.7313,-1
cover,208.7725,0,0,0,0
nearest,208.7725,-1
cover,208.8199,0,0,0,0
nearest,208.8199,-1
cover,208.8678,0,0,0,0
nearest,208.8679,-1
cover,208.9082,0,0,0,0
nearest,208.9082,-1
cover,208.9573,0,0,0,0
nearest,208.9573,-1
cover,209.0048,0,0,0,0
nearest,209.0048,-1
cover,209.0526,0,0,0,0
nearest,209.0526,-1
cover,209.1016,0,0,0,0
nearest,209.1017,-1
cover,209.1417,0,0,0,0
nearest,209.1418,-1
cover,209.1851,0,0,0,0
nearest,209.1851,-1
cover,209.2342,0,0,0,0
nearest,209.2342,-1
cover,209.2749,0,0,0,0
nearest,209.275,-1
cover,209.3188,0,0,0,0
nearest,209.3189,-1
cover,209.3597,0,0,0,0
nearest,209.3597,-1
cover,209.4013,0,0,0,0
nearest,209.4013,-1
cover,209.4422,0,0,0,0
nearest,209.4423,-1
cover,209.4838,0,0,0,0
nearest,209.4838,-1
cover,209.5265,0,0,0,0
nearest,209.5266,-1
cover,209.568,0,0,0,0
nearest,209.568,-1
cover,209.6093,0,0,0,0
nearest,209.6093,-1
cover,209.6542,0,0,0,0
nearest,209.6542,-1
cover,209.7029,0,0,0,0
nearest,209.7029,-1
cover,209.7546,0,0,0,0
nearest,209.7546,-1
cover,209.8028,0,0,0,0
nearest,209.8028,-1
cover,209.8523,0,0,0,0
nearest,209.8523,-1
cover,209.9038,0,0,0,0
nearest,209.9038,-1
cover,209.9528,0,0,0,0
nearest,209.9528,-1
cover,210.0063,0,0,0,0
nearest,210.0064,-1
cover,210.0533,0,0,0,0
nearest,210.0533,-1
cover,210.1002,0,0,0,0
nearest,210.1002,-1
cover,210.1405,0,0,0,0
nearest,210.1406,-1
cover,210.1871,0,0,0,0
nearest,210.1871,-1
cover,210.2309,0,0,0,0
nearest,210.2309,-1
cover,210.273,0,0,0,0
nearest,210.273,-1
cover,210.316,0,0,0,0
nearest,210.316,-1
cover,210.3569,0,0,0,0
nearest,210.3569,-1
cover,210.4008,0,0,0,0
nearest,210.4008,-1
cover,210.4389,0,0,0,0
nearest,210.4389,-1
cover,210.4926,0,0,0,0
nearest,210.4926,-1
cover,210.5398,0,0,0,0
nearest,210.5398,-1
cover,210.5854,0,0,0,0
nearest,210.5854,-1
cover,210.6398,0,0,0,0
nearest,210.6398,-1
cover,210.6883,0,0,0,0
nearest,210.6883,-1
cover,210.7366,0,0,0,0
nearest,210.7366,-1
cover,210.7875,0,0,0,0
nearest,210.7875,-1
cover,210.8364,0,0,0,0
nearest,210.8364,-1
cover,210.8852,0,0,0,0
nearest,210.8852,-1
cover,210.9262,0,0,0,0
nearest,210.9262,-1
cover,210.9688,0,0,0,0
nearest,210.9689,-1
cover,211.0205,0,0,0,0
nearest,211.0205,-1
cover,211.0685,0,0,0,0
nearest,211.0685,-1
cover,211.1192,0,0,0,0
nearest,211.1193,-1
cover,211.1688,0,0,0,0
nearest,211.1688,-1
cover,211.2221,0,0,0,0
nearest,211.2222,-1
cover,211.267,0,0,0,0
nearest,211.2671,-1
cover,211.3058,0,0,0,0
nearest,211.3059,-1
cover,211.3536,0,0,0,0
nearest,211.3536,-1
cover,211.4027,0,0,0,0
nearest,211.4027,-1
cover,211.4489,0,0,0,0
nearest,211.4489,-1
cover,211.4931,0,0,0,0
nearest,211.4931,-1
cover,211.5373,0,0,0,0
nearest,211.5374,-1
cover,211.5883,0,0,0,0
nearest,211.5883,-1
cover,211.6387,0,0,0,0
nearest,211.6388,-1
cover,211.6793,0,0,0,0
nearest,211.6793,-1
cover,211.728,0,0,0,0
nearest,211.7281,-1
cover,211.7762,0,0,0,0
nearest,211.7762,-1
cover,211.8168,0,0,0,0
nearest,211.8169,-1
cover,211.8552,0,0,0,0
nearest,211.8553,-1
cover,211.902,0,0,0,0
nearest,211.902,-1
cover,211.9417,0,0,0,0
nearest,211.9418,-1
cover,211.9869,0,0,0,0
nearest,211.9869,-1
cover,212.0357,0,0,0,0
nearest,212.0357,-1
cover,212.0836,0,0,0,0
nearest,212.0837,-1
cover,212.1241,0,0,0,0
nearest,212.1241,-1
cover,212.17,0,0,0,0
nearest,212.1701,-1
cover,212.225,1,0,1,0
nearest,212.225,-1
cover,212.2747,1,0,1,0
nearest,212.2747,-1
cover,212.3235,1,0,1,0
nearest,212.3236,-1
cover,212.3751,1,0,1,0
nearest,212.3751,-1
cover,212.4256,0,0,0,0
nearest,212.4257,-1
cover,212.4704,0,0,0,0
nearest,212.4704,-1
cover,212.5189,0,0,0,0
nearest,212.5189,-1
cover,212.5649,0,0,0,0
nearest,212.5649,-1
cover,212.6087,0,0,0,0
nearest,212.6087,-1
cover,212.6564,0,0,0,0
nearest,212.6564,-1
cover,212.7039,0,0,0,0
nearest,212.7039,-1
cover,212.7541,0,0,0,0
nearest,212.7541,-1
cover,212.807,0,0,0,0
nearest,212.807,-1
cover,212.8549,0,0,0,0
nearest,212.855,-1
cover,212.9059,0,0,0,0
nearest,212.9059,-1
cover,212.9537,0,0,0,0
nearest,212.9537,-1
cover,213.0078,0,0,0,0
nearest,213.0078,-1
cover,213.0543,0,0,0,0
nearest,213.0543,-1
cover,213.1018,0,0,0,0
nearest,213.1018,-1
cover,213.1425,0,0,0,0
nearest,213.1425,-1
cover,213.1882,0,0,0,0
nearest,213.1883,-1
cover,213.2361,0,0,0,0
nearest,213.2361,-1
cover,213.2866,0,0,0,0
nearest,213.2866,-1
cover,213.3319,0,0,0,0
nearest,213.3319,-1
cover,213.3885,0,0,0,0
nearest,213.3885,-1
cover,213.4373,0,0,0,0
nearest,213.4373,-1
cover,213.4915,0,0,0,0
nearest,213.4915,-1
cover,213.5329,0,0,0,0
nearest,213.5329,-1
cover,213.5772,0,0,0,0
nearest,213.5772,-1
cover,213.6308,0,0,0,0
nearest,213.6309,-1
cover,213.688,0,0,0,0
nearest,213.688,-1
cover,213.7378,0,0,0,0
nearest,213.7378,-1
cover,213.7897,0,0,0,0
nearest,213.7897,-1
cover,213.8389,0,0,0,0
nearest,213.8389,-1
cover,213.887,0,0,0,0
nearest,213.8871,-1
cover,213.9362,0,0,0,0
nearest,213.9362,-1
cover,213.9871,1,0,1,0
nearest,213.9871,-1
cover,214.0351,1,0,1,0
nearest,214.0352,-1
cover,214.0859,0,0,0,0
nearest,214.0859,-1
cover,214.1348,0,0,0,0
nearest,214.1349,-1
cover,214.1773,1,0,1,0
nearest,214.1773,-1
cover,214.2267,0,0,0,0
nearest,214.2267,-1
cover,214.2649,1,0,1,0
nearest,214.2649,-1
cover,214.3075,0,0,0,0
nearest,214.3076,-1
cover,214.3534,0,0,0,0
nearest,214.3535,-1
cover,214.4048,0,0,0,0
nearest,214.4049,-1
cover,214.4533,0,0,0,0
nearest,214.4533,-1
cover,214.5022,0,0,0,0
nearest,214.5022,-1
cover,214.5542,0,0,0,0
nearest,214.5542,-1
cover,214.6003,0,0,0,0
nearest,214.6003,-1
cover,214.6442,0,0,0,0
nearest,214.6442,-1
cover,214.6946,0,0,0,0
nearest,214.6947,-1
cover,214.7532,0,0,0,0
nearest,214.7533,-1
cover,214.8002,0,0,0,0
nearest,214.8003,-1
cover,214.8514,0,0,0,0
nearest,214.8514,-1
cover,214.8935,0,0,0,0
nearest,214.8936,-1
cover,214.934,0,0,0,0
nearest,214.934,-1
cover,214.9872,0,0,0,0
nearest,214.9872,-1
cover,215.0405,0,0,0,0
nearest,215.0405,-1
cover,215.0843,0,0,0,0
nearest,215.0843,-1
cover,215.1251,0,0,0,0
nearest,215.1251,-1
cover,215.1717,0,0,0,0
nearest,215.1718,-1
cover,215.213,0,0,0,0
nearest,215.213,-1
cover,215.2589,0,0,0,0
nearest,215.2589,-1
cover,215.3014,0,0,0,0
nearest,215.3014,-1
cover,215.3407,0,0,0,0
nearest,215.3407,-1
cover,215.3868,0,0,0,0
nearest,215.3868,-1
cover,215.4341,0,0,0,0
nearest,215.4341,-1
cover,215.4785,0,0,0,0
nearest,215.4785,-1
cover,215.5263,0,0,0,0
nearest,215.5263,-1
cover,215.5697,0,0,0,0
nearest,215.5697,-1
cover,215.6185,0,0,0,0
nearest,215.6186,-1
cover,215.6574,0,0,0,0
nearest,215.6574,-1
cover,215.6973,0,0,0,0
nearest,215.6973,-1
cover,215.737,0,0,0,0
nearest,215.737,-1
cover,215.7838,0,0,0,0
nearest,215.7839,-1
cover,215.8247,0,0,0,0
nearest,215.8248,-1
cover,215.8699,0,0,0,0
nearest,215.87,-1
cover,215.9212,0,0,0,0
nearest,215.9212,-1
cover,215.9663,0,0,0,0
nearest,215.9663,-1
cover,216.0196,0,0,0,0
nearest,216.0196,-1
cover,216.0701,0,0,0,0
nearest,216.0701,-1
cover,216.1164,0,0,0,0
nearest,216.1164,-1
cover,216.1552,0,0,0,0
nearest,216.1552,-1
cover,216.201,0,0,0,0
nearest,216.201,-1
cover,216.2419,0,0,0,0
nearest,216.242,-1
cover,216.2834,0,0,0,0
nearest,216.2834,-1
cover,216.3245,0,0,0,0
nearest,216.3245,-1
cover,216.3675,0,0,0,0
nearest,216.3676,-1
cover,216.4089,0,0,0,0
nearest,216.4089,-1
cover,216.454,0,0,0,0
nearest,216.454,-1
cover,216.5005,0,0,0,0
nearest,216.5005,-1
cover,216.5399,0,0,0,0
nearest,216.5399,-1
cover,216.5881,0,0,0,0
nearest,216.5881,-1
cover,216.634,0,0,0,0
nearest,216.6341,-1
cover,216.6878,0,0,0,0
nearest,216.6878,-1
cover,216.7326,0,0,0,0
nearest,216.7326,-1
cover,216.7844,0,0,0,0
nearest,216.7844,-1
cover,216.8236,0,0,0,0
nearest,216.8236,-1
cover,216.8664,0,0,0,0
nearest,216.8664,-1
cover,216.9082,0,0,0,0
nearest,216.9082,-1
cover,216.9522,0,0,0,0
nearest,216.9522,-1
cover,217.0038,0,0,0,0
nearest,217.004,-1
cover,217.0525,0,0,0,0
nearest,217.0525,-1
cover,217.0975,0,0,0,0
nearest,217.0976,-1
cover,217.1409,0,0,0,0
nearest,217.1409,-1
cover,217.1855,0,0,0,0
nearest,217.1855,-1
cover,217.23,0,0,0,0
nearest,217.23,-1
cover,217.2722,0,0,0,0
nearest,217.2722,-1
cover,217.3194,0,0,0,0
nearest,217.3194,-1
cover,217.3632,1,0,1,0
nearest,217.3632,-1
cover,217.4049,0,0,0,0
nearest,217.4049,-1
cover,217.451,1,0,1,0
nearest,217.451,-1
cover,217.4904,0,0,0,0
nearest,217.4904,-1
cover,217.5364,0,0,0,0
nearest,217.5364,-1
cover,217.5878,0,0,0,0
nearest,217.5878,-1
cover,217.6312,1,0,1,0
nearest,217.6313,-1
cover,217.6712,0,0,0,0
nearest,217.6712,-1
cover,217.7161,0,0,0,0
nearest,217.7161,-1
cover,217.7535,0,0,0,0
nearest,217.7535,-1
cover,217.799,0,0,0,0
nearest,217.799,-1
cover,217.8372,0,0,0,0
nearest,217.8372,-1
cover,217.9277,0,0,0,0
nearest,217.9278,-1
cover,217.9835,0,0,0,0
nearest,217.9835,-1
cover,218.0258,0,0,0,0
nearest,218.0258,-1
cover,218.0654,0,0,0,0
nearest,218.0654,-1
cover,218.1069,0,0,0,0
nearest,218.1069,-1
cover,218.1503,0,0,0,0
nearest,218.1503,-1
cover,218.1881,0,0,0,0
nearest,218.1881,-1
cover,218.2303,0,0,0,0
nearest,218.2303,-1
cover,218.2831,0,0,0,0
nearest,218.2831,-1
cover,218.3207,0,0,0,0
nearest,218.3207,-1
cover,218.3629,0,0,0,0
nearest,218.3629,-1
cover,218.4075,0,0,0,0
nearest,218.4075,-1
cover,218.4501,0,0,0,0
nearest,218.4501,-1
cover,218.4878,0,0,0,0
nearest,218.4879,-1
cover,218.5292,0,0,0,0
nearest,218.5293,-1
cover,218.5784,0,0,0,0
nearest,218.5784,-1
cover,218.6238,0,0,0,0
nearest,218.6238,-1
cover,218.666,0,0,0,0
nearest,218.666,-1
cover,218.7062,0,0,0,0
nearest,218.7062,-1
cover,218.7518,0,0,0,0
nearest,218.7518,-1
cover,218.7904,0,0,0,0
nearest,218.7904,-1
cover,218.829,0,0,0,0
nearest,218.829,-1
cover,218.8829,0,0,0,0
nearest,218.8829,-1
cover,218.922,0,0,0,0
nearest,218.922,-1
cover,218.9657,0,0,0,0
nearest,218.9657,-1
cover,219.0161,0,0,0,0
nearest,219.0161,-1
cover,219.0537,0,0,0,0
nearest,219.0538,-1
cover,219.0964,0,0,0,0
nearest,219.0964,-1
cover,219.1411,0,0,0,0
nearest,219.1411,-1
cover,219.1838,0,0,0,0
nearest,219.1839,-1
cover,219.2218,0,0,0,0
nearest,219.2218,-1
cover,219.2612,0,0,0,0
nearest,219.2613,-1
cover,219.3051,0,0,0,0
nearest,219.3051,-1
cover,219.3501,0,0,0,0
nearest,219.3501,-1
cover,219.3894,0,0,0,0
nearest,219.3894,-1
cover,219.4283,0,0,0,0
nearest,219.4283,-1
cover,219.4759,0,0,0,0
nearest,219.4759,-1
cover,219.5195,0,0,0,0
nearest,219.5195,-1
cover,219.5656,0,0,0,0
nearest,219.5656,-1
cover,219.6093,0,0,0,0
nearest,219.6093,-1
cover,219.6539,0,0,0,0
nearest,219.6539,-1
cover,219.6966,0,0,0,0
nearest,219.6967,-1
cover,219.7404,0,0,0,0
nearest,219.7404,-1
cover,219.7895,1,0,1,0
nearest,219.7895,-1
cover,219.8322,1,0,1,0
nearest,219.8323,-1
cover,219.8758,0,0,0,0
nearest,219.8758,-1
cover,219.9225,0,0,0,0
nearest,219.9225,-1
cover,219.9645,0,0,0,0
nearest,219.9646,-1
cover,220.011,0,0,0,0
nearest,220.011,-1
cover,220.0563,0,0,0,0
nearest,220.0563,-1
cover,220.0973,0,0,0,0
nearest,220.0973,-1
cover,220.1372,1,0,1,0
nearest,220.1372,-1
cover,220.1871,0,0,0,0
nearest,220.1871,-1
cover,220.2297,0,0,0,0
nearest,220.2298,-1
cover,220.2828,0,0,0,0
nearest,220.2828,-1
cover,220.324,0,0,0,0
nearest,220.324,-1
cover,220.3695,0,0,0,0
nearest,220.3695,-1
cover,220.4181,0,0,0,0
nearest,220.4181,-1
cover,220.4582,0,0,0,0
nearest,220.4582,-1
cover,220.4993,0,0,0,0
nearest,220.4993,-1
cover,220.5531,0,0,0,0
nearest,220.5531,-1
cover,220.603,0,0,0,0
nearest,220.603,-1
cover,220.6539,0,0,0,0
nearest,220.6539,-1
cover,220.7052,0,0,0,0
nearest,220.7053,-1
cover,220.7544,0,0,0,0
nearest,220.7544,-1
cover,220.8026,0,0,0,0
nearest,220.8027,-1
cover,220.8535,0,0,0,0
nearest,220.8535,-1
cover,220.9025,0,0,0,0
nearest,220.9025,-1
cover,220.9532,0,0,0,0
nearest,220.9532,-1
cover,221.0062,0,0,0,0
nearest,221.0063,-1
cover,221.0542,0,0,0,0
nearest,221.0542,-1
cover,221.1009,0,0,0,0
nearest,221.1009,-1
cover,221.145,0,0,0,0
nearest,221.1451,-1
cover,221.196,0,0,0,0
nearest,221.196,-1
cover,221.2437,0,0,0,0
nearest,221.2437,-1
cover,221.2924,1,0,1,0
nearest,221.2924,-1
cover,221.3345,0,0,0,0
nearest,221.3345,-1
cover,221.3756,0,0,0,0
nearest,221.3756,-1
cover,221.4201,0,0,0,0
nearest,221.4201,-1
cover,221.4686,0,0,0,0
nearest,221.4687,-1
cover,221.5225,0,0,0,0
nearest,221.5225,-1
cover,221.5668,0,0,0,0
nearest,221.5669,-1
cover,221.6181,0,0,0,0
nearest,221.6181,-1
cover,221.6601,0,0,0,0
nearest,221.6601,-1
cover,221.7232,0,0,0,0
nearest,221.7232,-1
cover,221.7721,0,0,0,0
nearest,221.7721,-1
cover,221.8244,0,0,0,0
nearest,221.8244,-1
cover,221.8677,0,0,0,0
nearest,221.8677,-1
cover,221.9132,0,0,0,0
nearest,221.9132,-1
cover,221.958,0,0,0,0
nearest,221.958,-1
cover,221.9998,0,0,0,0
nearest,221.9999,-1
cover,222.0441,0,0,0,0
nearest,222.0441,-1
cover,222.0952,0,0,0,0
nearest,222.0952,-1
cover,222.1453,0,0,0,0
nearest,222.1454,-1
cover,222.1974,0,0,0,0
nearest,222.1974,-1
cover,222.244,0,0,0,0
nearest,222.244,-1
cover,222.2923,0,0,0,0
nearest,222.2923,-1
cover,222.3341,0,0,0,0
nearest,222.3342,-1
cover,222.3762,0,0,0,0
nearest,222.3763,-1
cover,222.4232,0,0,0,0
nearest,222.4233,-1
cover,222.4678,0,0,0,0
nearest,222.4678,-1
cover,222.5139,0,0,0,0
nearest,222.5139,-1
cover,222.5601,0,0,0,0
nearest,222.5602,-1
cover,222.6018,0,0,0,0
nearest,222.6018,-1
cover,222.646,0,0,0,0
nearest,222.646,-1
cover,222.6954,0,0,0,0
nearest,222.6955,-1
cover,222.7437,1,0,1,0
nearest,222.7438,-1
cover,222.7925,0,0,0,0
nearest,222.7925,-1
cover,222.839,0,0,0,0
nearest,222.839,-1
cover,222.8886,0,0,0,0
nearest,222.8886,-1
cover,222.9336,0,0,0,0
nearest,222.9336,-1
cover,222.975,0,0,0,0
nearest,222.975,-1
cover,223.0231,0,0,0,0
nearest,223.0231,-1
cover,223.068,0,0,0,0
nearest,223.068,-1
cover,223.1138,0,0,0,0
nearest,223.1138,-1
cover,223.1607,0,0,0,0
nearest,223.1608,-1
cover,223.2144,0,0,0,0
nearest,223.2144,-1
cover,223.2594,0,0,0,0
nearest,223.2595,-1
cover,223.3032,0,0,0,0
nearest,223.3032,-1
cover,223.3561,0,0,0,0
nearest,223.3561,-1
cover,223.4015,0,0,0,0
nearest,223.4015,-1
cover,223.4466,0,0,0,0
nearest,223.4466,-1
cover,223.4921,0,0,0,0
nearest,223.4921,-1
cover,223.536,0,0,0,0
nearest,223.536,-1
cover,223.5908,0,0,0,0
nearest,223.5909,-1
cover,223.6337,0,0,0,0
nearest,223.6337,-1
cover,223.6773,0,0,0,0
nearest,223.6773,-1
cover,223.7283,0,0,0,0
nearest,223.7283,-1
cover,223.7747,0,0,0,0
nearest,223.7747,-1
cover,223.822,0,0,0,0
nearest,223.822,-1
cover,223.8667,0,0,0,0
nearest,223.8667,-1
cover,223.9074,0,0,0,0
nearest,223.9074,-1
cover,223.9555,0,0,0,0
nearest,223.9556,-1
cover,224.0048,0,0,0,0
nearest,224.0048,-1
cover,224.0562,0,0,0,0
nearest,224.0562,-1
cover,224.1017,0,0,0,0
nearest,224.1018,-1
cover,224.1426,0,0,0,0
nearest,224.1426,-1
cover,224.1895,0,0,0,0
nearest,224.1895,-1
cover,224.234,0,0,0,0
nearest,224.234,-1
cover,224.2784,0,0,0,0
nearest,224.2784,-1
cover,224.3292,0,0,0,0
nearest,224.3293,-1
cover,224.3788,0,0,0,0
nearest,224.3789,-1
cover,224.4238,0,0,0,0
nearest,224.4238,-1
cover,224.4662,0,0,0,0
nearest,224.4662,-1
cover,224.5098,0,0,0,0
nearest,224.5099,-1
cover,224.554,0,0,0,0
nearest,224.554,-1
cover,224.6367,1,0,1,0
nearest,224.6367,-1
cover,224.6883,1,0,1,0
nearest,224.6883,-1
cover,224.7338,1,0,1,0
nearest,224.7338,-1
cover,224.7783,1,0,1,0
nearest,224.7783,-1
cover,224.8271,1,0,1,0
nearest,224.8271,-1
cover,224.8793,1,0,1,0
nearest,224.8793,-1
cover,224.9258,1,0,1,0
nearest,224.9258,-1
cover,224.9692,0,0,0,0
nearest,224.9692,-1
cover,225.0145,0,0,0,0
nearest,225.0145,-1
cover,225.0622,0,0,0,0
nearest,225.0622,-1
cover,225.1097,0,0,0,0
nearest,225.1098,-1
cover,225.1548,0,0,0,0
nearest,225.1549,-1
cover,225.205,0,0,0,0
nearest,225.2051,-1
cover,225.2612,0,0,0,0
nearest,225.2612,-1
cover,225.3155,0,0,0,0
nearest,225.3155,-1
cover,225.3648,0,0,0,0
nearest,225.3648,-1
cover,225.4143,0,0,0,0
nearest,225.4143,-1
cover,225.46,0,0,0,0
nearest,225.46,-1
cover,225.5004,0,0,0,0
nearest,225.5004,-1
cover,225.5403,0,0,0,0
nearest,225.5403,-1
cover,225.5913,0,0,0,0
nearest,225.5913,-1
cover,225.6358,0,0,0,0
nearest,225.6358,-1
cover,225.6947,0,0,0,0
nearest,225.6947,-1
cover,225.7487,0,0,0,0
nearest,225.7488,-1
cover,225.7974,0,0,0,0
nearest,225.7974,-1
cover,225.8463,0,0,0,0
nearest,225.8463,-1
cover,225.8959,0,0,0,0
nearest,225.8959,-1
cover,225.9422,0,0,0,0
nearest,225.9422,-1
cover,225.9898,0,0,0,0
nearest,225.9898,-1
cover,226.0369,0,0,0,0
nearest,226.0369,-1
cover,226.0884,0,0,0,0
nearest,226.0884,-1
cover,226.1339,0,0,0,0
nearest,226.1339,-1
cover,226.1818,0,0,0,0
nearest,226.1818,-1
cover,226.2262,0,0,0,0
nearest,226.2262,-1
cover,226.2661,0,0,0,0
nearest,226.2661,-1
cover,226.3131,0,0,0,0
nearest,226.3131,-1
cover,226.3582,0,0,0,0
nearest,226.3582,-1
cover,226.4013,0,0,0,0
nearest,226.4013,-1
cover,226.4448,0,0,0,0
nearest,226.4449,-1
cover,226.4961,0,0,0,0
nearest,226.4961,-1
cover,226.5422,0,0,0,0
nearest,226.5422,-1
cover,226.5875,0,0,0,0
nearest,226.5875,-1
cover,226.6332,0,0,0,0
nearest,226.6332,-1
cover,226.6745,0,0,0,0
nearest,226.6745,-1
cover,226.7219,0,0,0,0
nearest,226.7219,-1
cover,226.7682,0,0,0,0
nearest,226.7682,-1
cover,226.8219,0,0,0,0
nearest,226.8219,-1
cover,226.87,0,0,0,0
nearest,226.87,-1
cover,226.922,0,0,0,0
nearest,226.922,-1
cover,226.9681,0,0,0,0
nearest,226.9681,-1
cover,227.0163,0,0,0,0
nearest,227.0163,-1
cover,227.0609,0,0,0,0
nearest,227.061,-1
cover,227.1104,0,0,0,0
nearest,227.1104,-1
cover,227.1605,0,0,0,0
nearest,227.1606,-1
cover,227.2095,0,0,0,0
nearest,227.2095,-1
cover,227.2562,0,0,0,0
nearest,227.2562,-1
cover,227.3024,0,0,0,0
nearest,227.3024,-1
cover,227.3572,0,0,0,0
nearest,227.3573,-1
cover,227.4061,0,0,0,0
nearest,227.4061,-1
cover,227.4498,0,0,0,0
nearest,227.4498,-1
cover,227.4947,0,0,0,0
nearest,227.4947,-1
cover,227.5457,0,0,0,0
nearest,227.5457,-1
cover,227.5962,0,0,0,0
nearest,227.5962,-1
cover,227.6458,0,0,0,0
nearest,227.6458,-1
cover,227.6992,0,0,0,0
nearest,227.6992,-1
cover,227.7433,0,0,0,0
nearest,227.7433,-1
cover,227.7828,0,0,0,0
nearest,227.7828,-1
cover,227.8328,0,0,0,0
nearest,227.8328,-1
cover,227.8855,0,0,0,0
nearest,227.8855,-1
cover,227.9491,0,0,0,0
nearest,227.9491,-1
cover,228.0143,0,0,0,0
nearest,228.0144,-1
cover,228.0721,0,0,0,0
nearest,228.0721,-1
cover,228.1269,0,0,0,0
nearest,228.1269,-1
cover,228.1816,0,0,0,0
nearest,228.1816,-1
cover,228.2349,0,0,0,0
nearest,228.2349,-1
cover,228.2805,0,0,0,0
nearest,228.2806,-1
cover,228.3288,0,0,0,0
nearest,228.3289,-1
cover,228.3747,0,0,0,0
nearest,228.3748,-1
cover,228.4157,0,0,0,0
nearest,228.4157,-1
cover,228.4582,0,0,0,0
nearest,228.4583,-1
cover,228.5013,0,0,0,0
nearest,228.5013,-1
cover,228.5427,0,0,0,0
nearest,228.5427,-1
cover,228.5903,0,0,0,0
nearest,228.5904,-1
cover,228.6353,0,0,0,0
nearest,228.6353,-1
cover,228.6903,0,0,0,0
nearest,228.6904,-1
cover,228.7557,0,0,0,0
nearest,228.7557,-1
cover,228.8031,0,0,0,0
nearest,228.8031,-1
cover,228.8493,0,0,0,0
nearest,228.8493,-1
cover,228.8907,0,0,0,0
nearest,228.8908,-1
cover,228.9346,0,0,0,0
nearest,228.9347,-1
cover,228.9898,0,0,0,0
nearest,228.9899,-1
cover,229.0559,0,0,0,0
nearest,229.0559,-1
cover,229.1015,0,0,0,0
nearest,229.1015,-1
cover,229.1553,0,0,0,0
nearest,229.1553,-1
cover,229.2023,0,0,0,0
nearest,229.2023,-1
cover,229.2552,0,0,0,0
nearest,229.2553,-1
cover,229.303,0,0,0,0
nearest,229.3031,-1
cover,229.3558,0,0,0,0
nearest,229.3559,-1
cover,229.4046,0,0,0,0
nearest,229.4046,-1
cover,229.4483,0,0,0,0
nearest,229.4483,-1
cover,229.4929,0,0,0,0
nearest,229.4929,-1
cover,229.5392,0,0,0,0
nearest,229.5392,-1
cover,229.5889,0,0,0,0
nearest,229.5889,-1
cover,229.6328,0,0,0,0
nearest,229.6328,-1
cover,229.6814,0,0,0,0
nearest,229.6814,-1
cover,229.7338,0,0,0,0
nearest,229.7338,-1
cover,229.7778,0,0,0,0
nearest,229.7778,-1
cover,229.83,0,0,0,0
nearest,229.83,-1
cover,229.8839,0,0,0,0
nearest,229.8839,-1
cover,229.9257,0,0,0,0
nearest,229.9257,-1
cover,229.9689,0,0,0,0
nearest,229.9689,-1
cover,230.0298,0,0,0,0
nearest,230.0298,-1
cover,230.0822,0,0,0,0
nearest,230.0822,-1
cover,230.1418,0,0,0,0
nearest,230.1418,-1
cover,230.1928,0,0,0,0
nearest,230.1928,-1
cover,230.2343,0,0,0,0
nearest,230.2343,-1
cover,230.2821,0,0,0,0
nearest,230.2821,-1
cover,230.3264,0,0,0,0
nearest,230.3264,-1
cover,230.3723,0,0,0,0
nearest,230.3723,-1
cover,230.4307,0,0,0,0
nearest,230.4307,-1
cover,230.4859,0,0,0,0
nearest,230.4859,-1
cover,230.5725,0,0,0,0
nearest,230.5726,-1
cover,230.6257,0,0,0,0
nearest,230.6257,-1
cover,230.668,0,0,0,0
nearest,230.668,-1
cover,230.7084,0,0,0,0
nearest,230.7084,-1
cover,230.7508,0,0,0,0
nearest,230.7509,-1
cover,230.7924,0,0,0,0
nearest,230.7924,-1
cover,230.8348,0,0,0,0
nearest,230.8348,-1
cover,230.8755,0,0,0,0
nearest,230.8755,-1
cover,230.9151,0,0,0,0
nearest,230.9151,-1
cover,230.9602,0,0,0,0
nearest,230.9602,-1
cover,231.0059,0,0,0,0
nearest,231.0059,-1
cover,231.0501,0,0,0,0
nearest,231.0501,-1
cover,231.0975,0,0,0,0
nearest,231.0975,-1
cover,231.143,0,0,0,0
nearest,231.143,-1
cover,231.192,0,0,0,0
nearest,231.192,-1
cover,231.2333,0,0,0,0
nearest,231.2333,-1
cover,231.2762,0,0,0,0
nearest,231.2762,-1
cover,231.315,0,0,0,0
nearest,231.315,-1
cover,231.364,0,0,0,0
nearest,231.364,-1
cover,231.4094,0,0,0,0
nearest,231.4094,-1
cover,231.4501,0,0,0,0
nearest,231.4501,-1
cover,231.4933,0,0,0,0
nearest,231.4933,-1
cover,231.5344,0,0,0,0
nearest,231.5344,-1
cover,231.5726,0,0,0,0
nearest,231.5726,-1
cover,231.6148,0,0,0,0
nearest,231.6148,-1
cover,231.6609,0,0,0,0
nearest,231.6609,-1
cover,231.7107,0,0,0,0
nearest,231.7107,-1
cover,231.7712,0,0,0,0
nearest,231.7712,-1
cover,231.8262,0,0,0,0
nearest,231.8263,-1
cover,231.8727,0,0,0,0
nearest,231.8728,-1
cover,231.9255,0,0,0,0
nearest,231.9256,-1
cover,231.9681,0,0,0,0
nearest,231.9681,-1
cover,232.0139,0,0,0,0
nearest,232.0139,-1
cover,232.0591,0,0,0,0
nearest,232.0591,-1
cover,232.1026,0,0,0,0
nearest,232.1026,-1
cover,232.159,0,0,0,0
nearest,232.159,-1
cover,232.1985,0,0,0,0
nearest,232.1985,-1
cover,232.2443,0,0,0,0
nearest,232.2443,-1
cover,232.2965,0,0,0,0
nearest,232.2965,-1
cover,232.3471,0,0,0,0
nearest,232.3471,-1
cover,232.4074,0,0,0,0
nearest,232.4074,-1
cover,232.4591,0,0,0,0
nearest,232.4592,-1
cover,232.5049,0,0,0,0
nearest,232.5049,-1
cover,232.5549,0,0,0,0
nearest,232.5549,-1
cover,232.6039,0,0,0,0
nearest,232.6039,-1
cover,232.651,0,0,0,0
nearest,232.6511,-1
cover,232.6939,0,0,0,0
nearest,232.6939,-1
cover,232.7459,0,0,0,0
nearest,232.7459,-1
cover,232.7923,0,0,0,0
nearest,232.7923,-1
cover,232.8395,0,0,0,0
nearest,232.8395,-1
cover,232.8919,0,0,0,0
nearest,232.8919,-1
cover,232.9358,0,0,0,0
nearest,232.9359,-1
cover,232.9923,0,0,0,0
nearest,232.9923,-1
cover,233.0366,0,0,0,0
nearest,233.0366,-1
cover,233.0838,0,0,0,0
nearest,233.0838,-1
cover,233.1254,0,0,0,0
nearest,233.1255,-1
cover,233.1683,0,0,0,0
nearest,233.1683,-1
cover,233.2117,0,0,0,0
nearest,233.2117,-1
cover,233.2642,0,0,0,0
nearest,233.2642,-1
cover,233.3295,0,0,0,0
nearest,233.3295,-1
cover,233.3804,0,0,0,0
nearest,233.3804,-1
cover,233.4312,0,0,0,0
nearest,233.4312,-1
cover,233.4851,0,0,0,0
nearest,233.4851,-1
cover,233.533,0,0,0,0
nearest,233.533,-1
cover,233.5797,0,0,0,0
nearest,233.5798,-1
cover,233.6279,0,0,0,0
nearest,233.6279,-1
cover,233.6781,0,0,0,0
nearest,233.6781,-1
cover,233.7281,0,0,0,0
nearest,233.7281,-1
cover,233.7835,0,0,0,0
nearest,233.7836,-1
cover,233.8287,0,0,0,0
nearest,233.8287,-1
cover,233.8857,0,0,0,0
nearest,233.8857,-1
cover,233.9403,0,0,0,0
nearest,233.9403,-1
cover,233.9825,0,0,0,0
nearest,233.9826,-1
cover,234.028,0,0,0,0
nearest,234.0281,-1
cover,234.0777,0,0,0,0
nearest,234.0778,-1
cover,234.1271,0,0,0,0
nearest,234.1271,-1
cover,234.1808,0,0,0,0
nearest,234.1809,-1
cover,234.2314,0,0,0,0
nearest,234.2314,-1
cover,234.2827,0,0,0,0
nearest,234.2827,-1
cover,234.3456,0,0,0,0
nearest,234.3456,-1
cover,234.3972,0,0,0,0
nearest,234.3973,-1
cover,234.4496,0,0,0,0
nearest,234.4496,-1
cover,234.4935,0,0,0,0
nearest,234.4935,-1
cover,234.5485,0,0,0,0
nearest,234.5485,-1
cover,234.5955,0,0,0,0
nearest,234.5955,-1
cover,234.6476,0,0,0,0
nearest,234.6477,-1
cover,234.698,0,0,0,0
nearest,234.698,-1
cover,234.747,0,0,0,0
nearest,234.747,-1
cover,234.7963,0,0,0,0
nearest,234.7964,-1
cover,234.8443,0,0,0,0
nearest,234.8443,-1
cover,234.893,0,0,0,0
nearest,234.893,-1
cover,234.9368,0,0,0,0
nearest,234.9368,-1
cover,234.9959,0,0,0,0
nearest,234.9959,-1
cover,235.0582,0,0,0,0
nearest,235.0582,-1
cover,235.1022,0,0,0,0
nearest,235.1023,-1
cover,235.1554,0,0,0,0
nearest,235.1554,-1
cover,235.2142,0,0,0,0
nearest,235.2142,-1
cover,235.2637,0,0,0,0
nearest,235.2637,-1
cover,235.3163,0,0,0,0
nearest,235.3163,-1
cover,235.3637,0,0,0,0
nearest,235.3637,-1
cover,235.4184,0,0,0,0
nearest,235.4185,-1
cover,235.4778,0,0,0,0
nearest,235.4778,-1
cover,235.5309,0,0,0,0
nearest,235.531,-1
cover,235.5813,0,0,0,0
nearest,235.5814,-1
cover,235.6368,0,0,0,0
nearest,235.6368,-1
cover,235.6853,0,0,0,0
nearest,235.6853,-1
cover,235.7556,0,0,0,0
nearest,235.7556,-1
cover,235.8158,0,0,0,0
nearest,235.8158,-1
cover,235.8588,0,0,0,0
nearest,235.8588,-1
cover,235.9032,0,0,0,0
nearest,235.9032,-1
cover,235.9569,0,0,0,0
nearest,235.957,-1
cover,236.0007,0,0,0,0
nearest,236.0007,-1
cover,236.0459,0,0,0,0
nearest,236.0459,-1
cover,236.1015,0,0,0,0
nearest,236.1015,-1
cover,236.1484,0,0,0,0
nearest,236.1485,-1
cover,236.2096,0,0,0,0
nearest,236.2096,-1
cover,236.2634,0,0,0,0
nearest,236.2634,-1
cover,236.3167,0,0,0,0
nearest,236.3167,-1
cover,236.3651,0,0,0,0
nearest,236.3651,-1
cover,236.4111,0,0,0,0
nearest,236.4111,-1
cover,236.4714,0,0,0,0
nearest,236.4715,-1
cover,236.5131,0,0,0,0
nearest,236.5131,-1
cover,236.5532,0,0,0,0
nearest,236.5532,-1
cover,236.5974,0,0,0,0
nearest,236.5975,-1
cover,236.6363,0,0,0,0
nearest,236.6363,-1
cover,236.688,0,0,0,0
nearest,236.688,-1
cover,236.7344,0,0,0,0
nearest,236.7344,-1
cover,236.7706,0,0,0,0
nearest,236.7707,-1
cover,236.8187,0,0,0,0
nearest,236.8187,-1
cover,236.8661,0,0,0,0
nearest,236.8661,-1
cover,236.9078,0,0,0,0
nearest,236.9078,-1
cover,236.9504,0,0,0,0
nearest,236.9504,-1
cover,236.9933,0,0,0,0
nearest,236.9933,-1
cover,237.0475,0,0,0,0
nearest,237.0476,-1
cover,237.1017,0,0,0,0
nearest,237.1017,-1
cover,237.1472,0,0,0,0
nearest,237.1472,-1
cover,237.1894,0,0,0,0
nearest,237.1894,-1
cover,237.2316,0,0,0,0
nearest,237.2316,-1
cover,237.2728,0,0,0,0
nearest,237.2728,-1
cover,237.3149,0,0,0,0
nearest,237.3149,-1
cover,237.3666,0,0,0,0
nearest,237.3666,-1
cover,237.4109,0,0,0,0
nearest,237.4109,-1
cover,237.4632,0,0,0,0
nearest,237.4633,-1
cover,237.5096,0,0,0,0
nearest,237.5096,-1
cover,237.549,0,0,0,0
nearest,237.5491,-1
cover,237.5869,0,0,0,0
nearest,237.587,-1
cover,237.6325,0,0,0,0
nearest,237.6325,-1
cover,237.6724,0,0,0,0
nearest,237.6724,-1
cover,237.7178,0,0,0,0
nearest,237.7178,-1
cover,237.7631,0,0,0,0
nearest,237.7631,-1
cover,237.8075,0,0,0,0
nearest,237.8075,-1
cover,237.8483,0,0,0,0
nearest,237.8484,-1
cover,237.8883,0,0,0,0
nearest,237.8883,-1
cover,237.9354,0,0,0,0
nearest,237.9354,-1
cover,237.9819,0,0,0,0
nearest,237.982,-1
cover,238.0257,0,0,0,0
nearest,238.0257,-1
cover,238.0732,0,0,0,0
nearest,238.0732,-1
cover,238.1142,0,0,0,0
nearest,238.1143,-1
cover,238.1551,0,0,0,0
nearest,238.1552,-1
cover,238.2018,0,0,0,0
nearest,238.2018,-1
cover,238.25,0,0,0,0
nearest,238.25,-1
cover,238.2877,0,0,0,0
nearest,238.2878,-1
cover,238.3327,0,0,0,0
nearest,238.3327,-1
cover,238.3763,0,0,0,0
nearest,238.3764,-1
cover,238.4347,0,0,0,0
nearest,238.4347,-1
cover,238.4845,0,0,0,0
nearest,238.4845,-1
cover,238.5218,0,0,0,0
nearest,238.5218,-1
cover,238.5661,0,0,0,0
nearest,238.5661,-1
cover,238.6053,0,0,0,0
nearest,238.6053,-1
cover,238.6492,0,0,0,0
nearest,238.6493,-1
cover,238.7051,0,0,0,0
nearest,238.7051,-1
cover,238.7522,0,0,0,0
nearest,238.7522,-1
cover,238.8032,0,0,0,0
nearest,238.8032,-1
cover,238.8495,0,0,0,0
nearest,238.8496,-1
cover,238.8882,0,0,0,0
nearest,238.8882,-1
cover,238.9323,0,0,0,0
nearest,238.9323,-1
cover,238.9723,0,0,0,0
nearest,238.9724,-1
cover,239.0183,0,0,0,0
nearest,239.0183,-1
cover,239.0664,0,0,0,0
nearest,239.0665,-1
cover,239.1045,0,0,0,0
nearest,239.1045,-1
cover,239.1475,0,0,0,0
nearest,239.1475,-1
cover,239.1906,0,0,0,0
nearest,239.1907,-1
cover,239.2321,0,0,0,0
nearest,239.2321,-1
cover,239.2742,0,0,0,0
nearest,239.2742,-1
cover,239.3221,0,0,0,0
nearest,239.3221,-1
cover,239.3638,0,0,0,0
nearest,239.3638,-1
cover,239.4038,0,0,0,0
nearest,239.4038,-1
cover,239.4481,0,0,0,0
nearest,239.4481,-1
cover,239.4878,0,0,0,0
nearest,239.4878,-1
cover,239.5316,0,0,0,0
nearest,239.5316,-1
cover,239.5721,0,0,0,0
nearest,239.5721,-1
cover,239.6159,0,0,0,0
nearest,239.616,-1
cover,239.6552,0,0,0,0
nearest,239.6552,-1
cover,239.6989,0,0,0,0
nearest,239.6989,-1
cover,239.7412,0,0,0,0
nearest,239.7413,-1
cover,239.7844,0,0,0,0
nearest,239.7845,-1
cover,239.8221,0,0,0,0
nearest,239.8221,-1
cover,239.866,0,0,0,0
nearest,239.866,-1
cover,239.9043,0,0,0,0
nearest,239.9043,-1
cover,239.9471,0,0,0,0
nearest,239.9498,-1
cover,239.9866,0,0,0,0
nearest,239.9867,-1
cover,240.0335,0,0,0,0
nearest,240.0335,-1
cover,240.0728,0,0,0,0
nearest,240.0729,-1
cover,240.1099,0,0,0,0
nearest,240.1099,-1
cover,240.1485,0,0,0,0
nearest,240.1485,-1
cover,240.1822,0,0,0,0
nearest,240.1822,-1
cover,240.2268,0,0,0,0
nearest,240.2268,-1
cover,240.2723,0,0,0,0
nearest,240.2723,-1
cover,240.3112,0,0,0,0
nearest,240.3113,-1
cover,240.3523,0,0,0,0
nearest,240.3524,-1
cover,240.3973,0,0,0,0
nearest,240.3973,-1
cover,240.4354,0,0,0,0
nearest,240.4355,-1
cover,240.4863,0,0,0,0
nearest,240.4863,-1
