kind,t,a,b
meta,0,1.3398561541818312,60
cover,0.2064,0,0,0,0
nearest,0.2064,-1
cover,0.2337,0,0,0,0
nearest,0.2337,-1
cover,0.2596,0,0,0,0
nearest,0.2596,-1
cover,0.2873,0,0,0,0
nearest,0.2873,-1
cover,0.3148,0,0,0,0
nearest,0.3148,-1
cover,0.3391,0,0,0,0
nearest,0.3392,-1
cover,0.3652,0,0,0,0
nearest,0.3652,-1
cover,0.3908,0,0,0,0
nearest,0.3908,-1
cover,0.4183,0,0,0,0
nearest,0.4183,-1
cover,0.4426,0,0,0,0
nearest,0.4426,-1
cover,0.4726,0,0,0,0
nearest,0.4726,-1
cover,0.4982,0,0,0,0
nearest,0.4983,-1
cover,0.5231,0,0,0,0
nearest,0.5231,-1
cover,0.55,0,0,0,0
nearest,0.55,-1
cover,0.5757,0,0,0,0
nearest,0.5757,-1
cover,0.6029,0,0,0,0
nearest,0.6029,-1
cover,0.629,0,0,0,0
nearest,0.629,-1
cover,0.6587,0,0,0,0
nearest,0.6587,-1
cover,0.6901,0,0,0,0
nearest,0.6901,-1
cover,0.7187,0,0,0,0
nearest,0.7187,-1
cover,0.745,0,0,0,0
nearest,0.745,-1
cover,0.7723,0,0,0,0
nearest,0.7723,-1
cover,0.8,0,0,0,0
nearest,0.8001,-1
cover,0.8257,0,0,0,0
nearest,0.8258,-1
cover,0.8534,0,0,0,0
nearest,0.8535,-1
cover,0.882,0,0,0,0
nearest,0.882,-1
cover,0.9063,0,0,0,0
nearest,0.9064,-1
cover,0.9347,0,0,0,0
nearest,0.9347,-1
cover,0.9638,0,0,0,0
nearest,0.9639,-1
cover,0.9903,0,0,0,0
nearest,0.9903,-1
cover,1.0172,0,0,0,0
nearest,1.0173,-1
cover,1.0413,0,0,0,0
nearest,1.0414,-1
cover,1.0681,0,0,0,0
nearest,1.0681,-1
cover,1.0926,0,0,0,0
nearest,1.0926,-1
cover,1.12,0,0,0,0
nearest,1.1201,-1
cover,1.148,0,0,0,0
nearest,1.148,-1
cover,1.1739,0,0,0,0
nearest,1.1739,-1
cover,1.2028,0,0,0,0
nearest,1.2028,-1
cover,1.2288,0,0,0,0
nearest,1.2288,-1
cover,1.2585,0,0,0,0
nearest,1.2585,-1
cover,1.2872,0,0,0,0
nearest,1.2872,-1
cover,1.3152,0,0,0,0
nearest,1.3152,-1
cover,1.3402,0,0,0,0
nearest,1.3403,-1
cover,1.3683,0,0,0,0
nearest,1.3683,-1
cover,1.3982,0,0,0,0
nearest,1.3982,-1
cover,1.4265,0,0,0,0
nearest,1.4266,-1
cover,1.4572,1,0,1,0
nearest,1.4572,-1
cover,1.4865,1,0,1,0
nearest,1.4865,-1
cover,1.5176,1,0,1,0
nearest,1.5176,-1
cover,1.5492,1,0,1,0
nearest,1.5492,-1
cover,1.5799,2,1,1,0
nearest,1.58,320.8
cover,1.6124,2,1,1,0
nearest,1.6125,316.8
cover,1.6442,0,0,0,0
nearest,1.6442,-1
cover,1.6766,0,0,0,0
nearest,1.6766,-1
cover,1.7078,0,0,0,0
nearest,1.7078,-1
cover,1.7418,0,0,0,0
nearest,1.7419,-1
cover,1.7725,0,0,0,0
nearest,1.7725,-1
cover,1.804,0,0,0,0
nearest,1.804,-1
cover,1.8353,0,0,0,0
nearest,1.8353,-1
cover,1.868,0,0,0,0
nearest,1.868,-1
cover,1.8996,0,0,0,0
nearest,1.8996,-1
cover,1.9297,0,0,0,0
nearest,1.9297,-1
cover,1.9601,0,0,0,0
nearest,1.9601,-1
cover,1.9905,0,0,0,0
nearest,1.9905,-1
cover,2.0212,0,0,0,0
nearest,2.0212,-1
cover,2.0515,0,0,0,0
nearest,2.0515,-1
cover,2.0835,0,0,0,0
nearest,2.0835,-1
cover,2.1125,0,0,0,0
nearest,2.1125,-1
cover,2.1433,0,0,0,0
nearest,2.1433,-1
cover,2.1741,0,0,0,0
nearest,2.1741,-1
cover,2.2032,0,0,0,0
nearest,2.2032,-1
cover,2.2355,0,0,0,0
nearest,2.2355,-1
cover,2.2628,0,0,0,0
nearest,2.2628,-1
cover,2.2932,0,0,0,0
nearest,2.2933,-1
cover,2.3234,0,0,0,0
nearest,2.3235,-1
cover,2.353,0,0,0,0
nearest,2.3531,-1
cover,2.3808,0,0,0,0
nearest,2.3808,-1
cover,2.4122,0,0,0,0
nearest,2.4122,-1
cover,2.4435,0,0,0,0
nearest,2.4435,-1
cover,2.4759,0,0,0,0
nearest,2.4759,-1
cover,2.5026,0,0,0,0
nearest,2.5026,-1
cover,2.5277,0,0,0,0
nearest,2.5277,-1
cover,2.5563,0,0,0,0
nearest,2.5563,-1
cover,2.5851,0,0,0,0
nearest,2.5851,-1
cover,2.6128,0,0,0,0
nearest,2.6128,-1
cover,2.6431,0,0,0,0
nearest,2.6431,-1
cover,2.6725,0,0,0,0
nearest,2.6725,-1
cover,2.7027,0,0,0,0
nearest,2.7027,-1
cover,2.7352,0,0,0,0
nearest,2.7353,-1
cover,2.7687,0,0,0,0
nearest,2.7688,-1
cover,2.8014,0,0,0,0
nearest,2.8014,-1
cover,2.8354,0,0,0,0
nearest,2.8354,-1
cover,2.8645,0,0,0,0
nearest,2.8645,-1
cover,2.8961,0,0,0,0
nearest,2.8961,-1
cover,2.9285,0,0,0,0
nearest,2.9286,-1
cover,2.9606,0,0,0,0
nearest,2.9606,-1
cover,2.9913,0,0,0,0
nearest,2.9913,-1
cover,3.0193,0,0,0,0
nearest,3.0193,-1
cover,3.0477,0,0,0,0
nearest,3.0477,-1
cover,3.0784,0,0,0,0
nearest,3.0785,-1
cover,3.1084,0,0,0,0
nearest,3.1084,-1
cover,3.1386,2,1,1,0
nearest,3.1386,305.2
cover,3.1705,1,0,1,0
nearest,3.1705,-1
cover,3.201,2,1,1,1
err,3.2011,85.0,-263.3
timing,3.2011,2.0,27.2
det,3.2011,1337.38,526.25,55.25,125.25,0.9,Body
det,3.2011,1357.62,527.25,14.75,17.19,0.809,Head
cover,3.2313,2,1,1,1
err,3.2314,81.75,-259.89
timing,3.2314,2.2,26.7
det,3.2314,1332.25,529.34,58.0,125.31,0.916,Body
det,3.2314,1354.5,530.0,14.5,18.38,0.685,Head
cover,3.2621,2,1,1,0
nearest,3.2621,271.3
cover,3.2929,2,1,1,1
err,3.293,80.75,-258.12
timing,3.293,2.5,26.9
det,3.293,1332.62,531.12,56.75,124.5,0.91,Body
det,3.293,1353.5,531.81,14.5,18.31,0.804,Head
cover,3.3227,2,1,1,0
nearest,3.3227,265.8
cover,3.356,2,1,1,0
nearest,3.356,265.8
cover,3.3846,2,1,1,0
nearest,3.3846,265.7
cover,3.414,2,1,1,1
err,3.4141,114.5,-232.77
timing,3.4141,2.0,26.8
det,3.4141,1366.5,556.78,56.0,124.94,0.903,Body
det,3.4141,1387.5,557.81,14.0,17.12,0.784,Head
cover,3.4446,2,1,1,0
nearest,3.4446,257.0
cover,3.4759,2,1,1,0
nearest,3.4759,256.9
cover,3.5066,2,1,1,0
nearest,3.5066,256.9
cover,3.5368,2,1,1,0
nearest,3.5368,256.9
cover,3.5642,2,1,1,0
nearest,3.5643,256.9
cover,3.5957,2,1,1,0
nearest,3.5957,252.9
cover,3.6263,2,1,1,1
err,3.6264,102.0,-228.68
timing,3.6264,3.3,26.6
det,3.6264,1354.0,561.31,55.5,123.38,0.891,Body
det,3.6264,1375.0,562.34,14.0,16.31,0.81,Head
cover,3.6578,2,1,1,0
nearest,3.6578,249.0
cover,3.6914,2,1,1,1
err,3.6915,95.5,-227.42
timing,3.6915,4.0,26.4
det,3.6915,1347.75,562.53,55.0,125.19,0.909,Body
det,3.6915,1368.25,563.5,14.5,16.5,0.825,Head
cover,3.7212,2,1,1,1
err,3.7212,88.0,-226.92
timing,3.7212,1.9,26.5
det,3.7212,1339.88,562.19,57.25,126.12,0.905,Body
det,3.7212,1360.88,563.91,14.25,16.69,0.822,Head
cover,3.7511,2,1,1,0
nearest,3.7511,242.5
cover,3.7815,2,1,1,0
nearest,3.7816,242.2
cover,3.8124,2,1,1,0
nearest,3.8124,242.1
cover,3.8431,2,1,1,1
err,3.8432,82.5,-226.94
timing,3.8432,3.1,27.0
det,3.8432,1333.5,562.81,57.5,122.88,0.917,Body
det,3.8432,1355.38,564.16,14.25,16.19,0.689,Head
cover,3.8755,2,1,1,1
err,3.8755,82.5,-226.94
timing,3.8755,3.2,27.7
det,3.8755,1333.5,562.94,57.0,122.62,0.918,Body
det,3.8755,1355.38,564.19,14.25,16.12,0.683,Head
cover,3.9093,2,1,1,1
err,3.9094,82.5,-226.82
timing,3.9094,2.1,30.2
det,3.9094,1333.75,563.0,57.0,122.5,0.917,Body
det,3.9094,1355.38,564.34,14.25,16.06,0.686,Head
cover,3.9438,2,1,1,1
err,3.9439,82.5,-226.89
timing,3.9439,3.4,29.6
det,3.9439,1333.75,563.0,57.0,122.5,0.917,Body
det,3.9439,1355.38,564.31,14.25,16.0,0.678,Head
cover,3.9759,2,1,1,1
err,3.9759,82.5,-226.89
timing,3.9759,2.2,28.1
det,3.9759,1333.75,563.0,57.0,122.5,0.917,Body
det,3.9759,1355.38,564.38,14.25,15.88,0.703,Head
cover,4.0077,2,1,1,1
err,4.0077,82.5,-226.9
timing,4.0077,2.9,27.5
det,4.0077,1333.75,563.0,57.0,122.5,0.917,Body
det,4.0077,1355.38,564.44,14.25,15.75,0.715,Head
cover,4.0395,2,1,1,1
err,4.0396,71.5,-229.04
timing,4.0396,2.4,27.6
det,4.0396,1323.38,560.75,56.25,125.25,0.894,Body
det,4.0396,1344.25,561.78,14.5,16.69,0.794,Head
lmb,4.075,1
cover,4.0761,2,1,1,1
err,4.0763,71.0,-228.98
timing,4.0763,4.1,29.4
gate,4.0762,239.7,1.0,0.0,0.0
det,4.0763,1321.88,560.88,57.25,125.0,0.901,Body
det,4.0763,1344.0,561.81,14.0,16.75,0.814,Head
cmd,4.0763,95,-307
cover,4.1069,2,1,1,1
err,4.107,71.0,-229.81
timing,4.107,2.2,26.9
gate,4.107,240.2,1.0,0.249,0.0
det,4.107,1322.75,560.28,56.0,124.69,0.896,Body
det,4.107,1343.75,561.22,14.5,16.31,0.761,Head
cover,4.1375,2,1,1,1
err,4.1376,71.0,-229.81
timing,4.1376,3.4,26.0
gate,4.1376,240.4,1.0,0.219,0.0
det,4.1376,1322.38,560.34,56.25,124.56,0.897,Body
det,4.1376,1343.75,561.22,14.5,16.31,0.761,Head
lmb,4.1655,0
cover,4.1672,2,1,1,1
err,4.1672,71.0,-229.68
timing,4.1672,1.8,25.2
gate,4.1672,240.4,1.0,0.219,0.0
det,4.1672,1322.38,560.28,56.25,124.44,0.898,Body
det,4.1672,1343.88,561.28,14.25,16.44,0.771,Head
cover,4.1977,2,1,1,0
nearest,4.1977,3.9
cover,4.2311,2,1,1,0
nearest,4.2311,3.9
lmb,4.2631,1
cover,4.2642,2,1,1,0
nearest,4.2642,3.9
cover,4.2942,2,1,1,0
nearest,4.2942,3.6
cover,4.3248,2,1,1,0
nearest,4.3248,3.7
lmb,4.355,0
cover,4.3562,2,1,1,1
err,4.3562,1.5,14.73
timing,4.3562,1.8,27.8
gate,4.3562,240.4,1.0,0.219,0.0
det,4.3562,1255.5,805.5,56.0,119.0,0.899,Body
det,4.3562,1273.88,806.75,15.25,14.5,0.689,Head
cover,4.3882,2,1,1,1
err,4.3883,1.0,12.77
timing,4.3883,1.9,28.3
gate,4.3883,240.4,1.0,0.219,0.0
det,4.3883,1256.62,802.75,54.75,120.0,0.896,Body
det,4.3883,1273.0,804.25,16.0,15.5,0.705,Head
cover,4.4163,2,1,1,1
err,4.4163,1.5,11.08
timing,4.4163,2.2,24.7
gate,4.4163,240.4,1.0,0.219,0.0
det,4.4163,1255.25,801.5,56.0,119.5,0.897,Body
det,4.4163,1273.88,802.0,15.25,16.5,0.682,Head
cover,4.4485,2,1,1,1
err,4.4486,2.0,9.36
timing,4.4486,2.9,27.9
gate,4.4486,240.4,1.0,0.219,0.0
det,4.4486,1256.12,798.88,54.75,121.25,0.901,Body
det,4.4486,1274.5,799.88,15.0,17.25,0.649,Head
cover,4.4798,2,1,1,1
err,4.4798,2.5,7.31
timing,4.4798,2.3,27.5
gate,4.4798,240.4,1.0,0.219,0.0
det,4.4798,1255.38,797.25,55.25,120.5,0.905,Body
det,4.4798,1275.12,798.38,14.75,16.25,0.707,Head
cover,4.5124,2,1,1,1
err,4.5124,1.75,6.33
timing,4.5124,2.7,28.5
gate,4.5124,240.4,1.0,0.219,0.0
det,4.5124,1256.12,796.5,54.75,119.0,0.896,Body
det,4.5124,1274.25,797.25,15.0,16.5,0.674,Head
cover,4.5456,2,1,1,0
nearest,4.5457,4.4
cover,4.5762,1,0,1,0
nearest,4.5763,-1
cover,4.6061,1,0,1,0
nearest,4.6061,-1
cover,4.6364,0,0,0,0
nearest,4.6364,-1
cover,4.6673,0,0,0,0
nearest,4.6673,-1
cover,4.6995,0,0,0,0
nearest,4.6995,-1
cover,4.7308,0,0,0,0
nearest,4.7308,-1
cover,4.762,0,0,0,0
nearest,4.762,-1
cover,4.804,0,0,0,0
nearest,4.804,-1
cover,4.8449,0,0,0,0
nearest,4.8449,-1
cover,4.8756,0,0,0,0
nearest,4.8756,-1
cover,4.9085,0,0,0,0
nearest,4.9085,-1
cover,4.9402,0,0,0,0
nearest,4.9402,-1
cover,4.9714,0,0,0,0
nearest,4.9714,-1
cover,5.001,0,0,0,0
nearest,5.001,-1
cover,5.033,0,0,0,0
nearest,5.0331,-1
cover,5.0621,0,0,0,0
nearest,5.0621,-1
cover,5.096,0,0,0,0
nearest,5.096,-1
cover,5.1273,0,0,0,0
nearest,5.1273,-1
cover,5.16,0,0,0,0
nearest,5.1601,-1
cover,5.1918,0,0,0,0
nearest,5.1918,-1
cover,5.2242,0,0,0,0
nearest,5.2242,-1
cover,5.255,0,0,0,0
nearest,5.255,-1
cover,5.2845,0,0,0,0
nearest,5.2845,-1
cover,5.3165,0,0,0,0
nearest,5.3165,-1
cover,5.3446,0,0,0,0
nearest,5.3447,-1
cover,5.3744,0,0,0,0
nearest,5.3744,-1
cover,5.4032,0,0,0,0
nearest,5.4033,-1
cover,5.4336,0,0,0,0
nearest,5.4336,-1
cover,5.4663,0,0,0,0
nearest,5.4663,-1
lmb,5.4953,1
cover,5.4964,0,0,0,0
nearest,5.4964,-1
cover,5.5258,0,0,0,0
nearest,5.5258,-1
cover,5.5554,0,0,0,0
nearest,5.5554,-1
lmb,5.5845,0
cover,5.5856,0,0,0,0
nearest,5.5856,-1
cover,5.6144,0,0,0,0
nearest,5.6144,-1
cover,5.6434,0,0,0,0
nearest,5.6434,-1
cover,5.675,0,0,0,0
nearest,5.675,-1
cover,5.7063,0,0,0,0
nearest,5.7063,-1
cover,5.738,0,0,0,0
nearest,5.738,-1
cover,5.7677,0,0,0,0
nearest,5.7677,-1
cover,5.7953,0,0,0,0
nearest,5.7954,-1
cover,5.8258,0,0,0,0
nearest,5.8258,-1
cover,5.8565,0,0,0,0
nearest,5.8565,-1
cover,5.885,0,0,0,0
nearest,5.885,-1
cover,5.9134,0,0,0,0
nearest,5.9134,-1
cover,5.9431,0,0,0,0
nearest,5.9431,-1
lmb,5.9742,1
cover,5.9752,0,0,0,0
nearest,5.9752,-1
cover,6.0079,0,0,0,0
nearest,6.0079,-1
cover,6.0398,0,0,0,0
nearest,6.0398,-1
lmb,6.0701,0
cover,6.072,0,0,0,0
nearest,6.072,-1
cover,6.1058,0,0,0,0
nearest,6.1058,-1
cover,6.1395,2,1,1,0
nearest,6.1396,243.6
lmb,6.1744,1
cover,6.176,2,1,1,0
nearest,6.176,243.9
cover,6.2097,2,1,1,0
nearest,6.2097,242.4
cover,6.2423,2,1,1,0
nearest,6.2423,230.7
lmb,6.2765,0
cover,6.2777,2,1,1,0
nearest,6.2777,232.9
cover,6.3103,0,0,0,0
nearest,6.3103,-1
lmb,6.3468,1
cover,6.3479,0,0,0,0
nearest,6.3479,-1
cover,6.3929,0,0,0,0
nearest,6.3929,-1
lmb,6.4392,0
cover,6.4416,0,0,0,0
nearest,6.4417,-1
cover,6.4737,1,0,1,0
nearest,6.4737,-1
cover,6.5096,1,0,1,0
nearest,6.5096,-1
cover,6.543,0,0,0,0
nearest,6.543,-1
cover,6.5743,0,0,0,0
nearest,6.5743,-1
cover,6.608,0,0,0,0
nearest,6.6081,-1
cover,6.643,0,0,0,0
nearest,6.6431,-1
cover,6.6746,0,0,0,0
nearest,6.6746,-1
cover,6.7137,0,0,0,0
nearest,6.7137,-1
cover,6.7484,0,0,0,0
nearest,6.7484,-1
cover,6.7836,0,0,0,0
nearest,6.7836,-1
cover,6.8171,0,0,0,0
nearest,6.8171,-1
cover,6.8501,0,0,0,0
nearest,6.8502,-1
cover,6.8815,0,0,0,0
nearest,6.8815,-1
cover,6.9147,0,0,0,0
nearest,6.9148,-1
cover,6.9478,0,0,0,0
nearest,6.9478,-1
cover,6.9823,0,0,0,0
nearest,6.9823,-1
cover,7.0189,0,0,0,0
nearest,7.019,-1
cover,7.0557,0,0,0,0
nearest,7.0557,-1
cover,7.0898,0,0,0,0
nearest,7.0898,-1
cover,7.123,0,0,0,0
nearest,7.123,-1
cover,7.154,0,0,0,0
nearest,7.154,-1
cover,7.1864,0,0,0,0
nearest,7.1864,-1
cover,7.2189,0,0,0,0
nearest,7.2189,-1
cover,7.2523,0,0,0,0
nearest,7.2523,-1
cover,7.283,0,0,0,0
nearest,7.283,-1
cover,7.3135,0,0,0,0
nearest,7.3136,-1
cover,7.3436,0,0,0,0
nearest,7.3436,-1
cover,7.3701,0,0,0,0
nearest,7.3701,-1
cover,7.4015,0,0,0,0
nearest,7.4016,-1
cover,7.4299,0,0,0,0
nearest,7.4299,-1
cover,7.4595,0,0,0,0
nearest,7.4595,-1
cover,7.4876,0,0,0,0
nearest,7.4876,-1
cover,7.5157,0,0,0,0
nearest,7.5157,-1
cover,7.5442,0,0,0,0
nearest,7.5442,-1
cover,7.5731,0,0,0,0
nearest,7.5731,-1
cover,7.6001,0,0,0,0
nearest,7.6002,-1
cover,7.6275,0,0,0,0
nearest,7.6276,-1
cover,7.6537,0,0,0,0
nearest,7.6537,-1
cover,7.6814,0,0,0,0
nearest,7.6814,-1
cover,7.7096,0,0,0,0
nearest,7.7096,-1
cover,7.7342,0,0,0,0
nearest,7.7343,-1
cover,7.7618,0,0,0,0
nearest,7.7619,-1
cover,7.7878,0,0,0,0
nearest,7.7878,-1
cover,7.8158,1,0,1,0
nearest,7.8158,-1
cover,7.8457,0,0,0,0
nearest,7.8457,-1
cover,7.8721,0,0,0,0
nearest,7.8721,-1
cover,7.9019,0,0,0,0
nearest,7.9019,-1
cover,7.9299,0,0,0,0
nearest,7.9299,-1
cover,7.9571,0,0,0,0
nearest,7.9571,-1
cover,7.9868,1,0,1,0
nearest,7.9868,-1
cover,8.0157,0,0,0,0
nearest,8.0157,-1
cover,8.0444,0,0,0,0
nearest,8.0444,-1
cover,8.071,0,0,0,0
nearest,8.071,-1
cover,8.1012,1,0,1,0
nearest,8.1013,-1
cover,8.1333,0,0,0,0
nearest,8.1333,-1
cover,8.162,0,0,0,0
nearest,8.162,-1
cover,8.1916,0,0,0,0
nearest,8.1916,-1
cover,8.2362,0,0,0,0
nearest,8.2362,-1
cover,8.2686,0,0,0,0
nearest,8.2686,-1
cover,8.2959,0,0,0,0
nearest,8.2959,-1
cover,8.3222,0,0,0,0
nearest,8.3222,-1
cover,8.3507,0,0,0,0
nearest,8.3508,-1
cover,8.378,0,0,0,0
nearest,8.378,-1
cover,8.4053,0,0,0,0
nearest,8.4053,-1
cover,8.4358,0,0,0,0
nearest,8.4358,-1
cover,8.4666,2,1,1,0
nearest,8.4666,227.0
cover,8.4949,2,1,1,0
nearest,8.4949,227.3
cover,8.5215,2,1,1,0
nearest,8.5215,227.5
cover,8.5503,2,1,1,0
nearest,8.5503,227.5
cover,8.5782,2,1,1,0
nearest,8.5782,227.5
cover,8.6041,2,1,1,0
nearest,8.6042,227.5
cover,8.632,2,1,1,0
nearest,8.632,227.5
cover,8.66,2,1,1,0
nearest,8.66,227.5
cover,8.6875,2,1,1,0
nearest,8.6876,227.5
cover,8.7186,2,1,1,0
nearest,8.7187,227.5
cover,8.7488,0,0,0,0
nearest,8.7489,-1
cover,8.7788,0,0,0,0
nearest,8.7788,-1
cover,8.8036,0,0,0,0
nearest,8.8036,-1
cover,8.8324,0,0,0,0
nearest,8.8324,-1
cover,8.8616,0,0,0,0
nearest,8.8617,-1
cover,8.8894,0,0,0,0
nearest,8.8894,-1
cover,8.9201,0,0,0,0
nearest,8.9201,-1
cover,8.9522,0,0,0,0
nearest,8.9522,-1
cover,8.9815,0,0,0,0
nearest,8.9816,-1
cover,9.0109,0,0,0,0
nearest,9.0109,-1
cover,9.0394,0,0,0,0
nearest,9.0394,-1
cover,9.0687,0,0,0,0
nearest,9.0687,-1
cover,9.0964,0,0,0,0
nearest,9.0964,-1
cover,9.1242,0,0,0,0
nearest,9.1242,-1
cover,9.1553,0,0,0,0
nearest,9.1553,-1
cover,9.1867,0,0,0,0
nearest,9.1867,-1
cover,9.2162,0,0,0,0
nearest,9.2163,-1
cover,9.2404,0,0,0,0
nearest,9.2404,-1
cover,9.2689,0,0,0,0
nearest,9.269,-1
cover,9.2974,0,0,0,0
nearest,9.2974,-1
cover,9.3262,0,0,0,0
nearest,9.3262,-1
cover,9.3544,0,0,0,0
nearest,9.3544,-1
cover,9.3827,0,0,0,0
nearest,9.3827,-1
cover,9.4081,0,0,0,0
nearest,9.4081,-1
cover,9.4377,0,0,0,0
nearest,9.4377,-1
cover,9.4683,0,0,0,0
nearest,9.4683,-1
cover,9.4967,0,0,0,0
nearest,9.4967,-1
cover,9.522,0,0,0,0
nearest,9.522,-1
cover,9.5499,0,0,0,0
nearest,9.5499,-1
cover,9.5765,0,0,0,0
nearest,9.5765,-1
cover,9.606,0,0,0,0
nearest,9.606,-1
cover,9.6351,0,0,0,0
nearest,9.6352,-1
cover,9.665,0,0,0,0
nearest,9.6651,-1
cover,9.6903,0,0,0,0
nearest,9.6903,-1
cover,9.7208,0,0,0,0
nearest,9.7208,-1
cover,9.7479,0,0,0,0
nearest,9.7479,-1
cover,9.7736,0,0,0,0
nearest,9.7736,-1
cover,9.8031,0,0,0,0
nearest,9.8031,-1
cover,9.8319,2,1,1,0
nearest,9.8319,227.1
cover,9.86,2,1,1,0
nearest,9.86,227.1
cover,9.8917,2,1,1,0
nearest,9.8918,227.1
cover,9.9241,2,1,1,0
nearest,9.9241,227.1
cover,9.9543,0,0,0,0
nearest,9.9543,-1
cover,9.9851,0,0,0,0
nearest,9.9852,-1
cover,10.0146,0,0,0,0
nearest,10.0146,-1
cover,10.0434,0,0,0,0
nearest,10.0434,-1
cover,10.0721,0,0,0,0
nearest,10.0722,-1
cover,10.0998,0,0,0,0
nearest,10.0998,-1
cover,10.1238,0,0,0,0
nearest,10.1238,-1
cover,10.1512,0,0,0,0
nearest,10.1512,-1
cover,10.1746,0,0,0,0
nearest,10.1746,-1
cover,10.2041,0,0,0,0
nearest,10.2041,-1
cover,10.2317,0,0,0,0
nearest,10.2318,-1
cover,10.2562,0,0,0,0
nearest,10.2562,-1
cover,10.2827,0,0,0,0
nearest,10.2827,-1
cover,10.3082,0,0,0,0
nearest,10.3083,-1
cover,10.3345,0,0,0,0
nearest,10.3345,-1
cover,10.3605,0,0,0,0
nearest,10.3605,-1
cover,10.3887,0,0,0,0
nearest,10.3887,-1
cover,10.4154,0,0,0,0
nearest,10.4154,-1
cover,10.4401,0,0,0,0
nearest,10.4401,-1
cover,10.4683,0,0,0,0
nearest,10.4683,-1
cover,10.4971,0,0,0,0
nearest,10.4971,-1
cover,10.5239,0,0,0,0
nearest,10.524,-1
cover,10.5517,0,0,0,0
nearest,10.5517,-1
cover,10.5773,0,0,0,0
nearest,10.5773,-1
cover,10.6049,0,0,0,0
nearest,10.605,-1
cover,10.6321,0,0,0,0
nearest,10.6321,-1
cover,10.6566,0,0,0,0
nearest,10.6566,-1
cover,10.6851,0,0,0,0
nearest,10.6851,-1
cover,10.7109,0,0,0,0
nearest,10.7109,-1
cover,10.7385,0,0,0,0
nearest,10.7385,-1
cover,10.7664,0,0,0,0
nearest,10.7664,-1
cover,10.7941,0,0,0,0
nearest,10.7941,-1
cover,10.8229,0,0,0,0
nearest,10.8229,-1
cover,10.8493,0,0,0,0
nearest,10.8493,-1
cover,10.8743,0,0,0,0
nearest,10.8743,-1
cover,10.9012,0,0,0,0
nearest,10.9012,-1
cover,10.927,0,0,0,0
nearest,10.927,-1
cover,10.9543,0,0,0,0
nearest,10.9543,-1
cover,10.9825,0,0,0,0
nearest,10.9825,-1
cover,11.0102,0,0,0,0
nearest,11.0102,-1
cover,11.0377,0,0,0,0
nearest,11.0377,-1
cover,11.0659,0,0,0,0
nearest,11.0659,-1
cover,11.0918,0,0,0,0
nearest,11.0918,-1
cover,11.1189,0,0,0,0
nearest,11.1189,-1
cover,11.1445,0,0,0,0
nearest,11.1445,-1
cover,11.1749,0,0,0,0
nearest,11.1749,-1
cover,11.2025,0,0,0,0
nearest,11.2025,-1
cover,11.2274,0,0,0,0
nearest,11.2274,-1
cover,11.255,0,0,0,0
nearest,11.255,-1
cover,11.2829,0,0,0,0
nearest,11.2829,-1
cover,11.31,0,0,0,0
nearest,11.3101,-1
cover,11.338,0,0,0,0
nearest,11.338,-1
cover,11.3648,0,0,0,0
nearest,11.3648,-1
cover,11.3922,0,0,0,0
nearest,11.3922,-1
cover,11.4217,0,0,0,0
nearest,11.4217,-1
cover,11.4476,2,1,1,1
err,11.4476,89.5,7.91
timing,11.4476,3.5,21.7
gate,11.4476,240.4,1.0,0.219,0.0
det,11.4476,1332.5,792.62,76.0,178.75,0.891,Body
det,11.4476,1359.25,792.38,20.5,28.25,0.746,Head
cover,11.4772,2,1,1,1
err,11.4773,90.0,8.36
timing,11.4773,1.8,26.5
gate,11.4773,240.4,1.0,0.219,0.0
det,11.4773,1332.38,793.38,75.25,177.25,0.878,Body
det,11.4773,1359.88,793.38,20.25,27.25,0.751,Head
cover,11.5051,2,1,1,1
err,11.5051,89.5,9.08
timing,11.5051,2.6,23.9
gate,11.5051,240.4,1.0,0.219,0.0
det,11.5051,1333.0,795.0,76.5,177.5,0.895,Body
det,11.5051,1359.12,794.5,20.75,26.5,0.755,Head
cover,11.533,2,1,1,1
err,11.533,88.5,7.81
timing,11.533,2.9,23.7
gate,11.533,240.4,1.0,0.219,0.0
det,11.533,1331.62,791.88,76.75,180.25,0.889,Body
det,11.533,1358.38,793.38,20.25,26.25,0.854,Head
cover,11.5611,2,1,1,1
err,11.5611,87.5,8.33
timing,11.5611,2.4,24.3
gate,11.5611,240.4,1.0,0.219,0.0
det,11.5611,1330.88,791.88,76.25,180.25,0.891,Body
det,11.5611,1357.62,793.75,19.75,26.5,0.866,Head
cover,11.5891,2,1,1,1
err,11.5892,86.75,7.8
timing,11.5892,2.9,23.8
gate,11.5892,240.4,1.0,0.219,0.0
det,11.5892,1330.12,791.62,75.75,180.75,0.887,Body
det,11.5892,1356.75,793.5,20.0,26.0,0.881,Head
cover,11.6171,2,1,1,1
err,11.6171,86.75,7.81
timing,11.6171,2.8,23.9
gate,11.6171,240.4,1.0,0.219,0.0
det,11.6171,1330.12,791.62,75.75,180.75,0.886,Body
det,11.6171,1356.75,793.38,20.0,26.25,0.881,Head
cover,11.6414,2,1,1,1
err,11.6415,86.5,7.79
timing,11.6415,1.6,22.0
gate,11.6415,240.4,1.0,0.219,0.0
det,11.6415,1330.12,791.62,75.75,180.75,0.886,Body
det,11.6415,1356.62,793.62,19.75,25.75,0.875,Head
cover,11.6684,2,1,1,1
err,11.6684,86.5,7.52
timing,11.6684,2.3,23.0
gate,11.6684,240.4,1.0,0.219,0.0
det,11.6684,1330.12,791.62,75.75,180.75,0.885,Body
det,11.6684,1356.62,793.5,19.75,25.5,0.866,Head
lmb,11.6942,1
cover,11.6953,2,1,1,1
err,11.6954,86.5,7.79
timing,11.6954,3.2,21.5
gate,11.6954,86.8,1.0,0.0,0.0
det,11.6954,1330.12,791.62,75.75,180.75,0.885,Body
det,11.6954,1356.75,793.62,19.5,25.75,0.859,Head
cmd,11.6954,116,10
cover,11.7232,2,1,1,1
err,11.7233,86.5,7.52
timing,11.7233,2.4,24.1
gate,11.7233,86.8,1.0,0.252,0.0
det,11.7233,1330.12,791.5,75.75,181.0,0.886,Body
det,11.7233,1356.62,793.5,19.75,25.5,0.869,Head
cover,11.7503,2,1,1,1
err,11.7504,86.5,7.79
timing,11.7504,2.6,23.2
gate,11.7504,86.8,1.0,0.225,0.0
det,11.7504,1330.12,791.25,75.75,181.0,0.886,Body
det,11.7504,1356.62,793.62,19.75,25.75,0.872,Head
cover,11.7753,2,1,1,1
err,11.7753,86.5,7.77
timing,11.7753,2.0,22.2
gate,11.7753,86.8,1.0,0.2,0.0
det,11.7753,1330.12,791.5,75.75,181.0,0.885,Body
det,11.7753,1356.62,793.75,19.75,25.5,0.866,Head
lmb,11.8032,0
cover,11.8044,1,0,1,0
nearest,11.8044,-1
cover,11.8338,1,0,1,0
nearest,11.8338,-1
cover,11.8582,1,0,1,0
nearest,11.8582,-1
cover,11.8859,1,0,1,0
nearest,11.8859,-1
cover,11.9124,1,0,1,0
nearest,11.9124,-1
cover,11.9414,1,0,1,0
nearest,11.9414,-1
cover,11.971,1,0,1,0
nearest,11.9711,-1
cover,12.0008,1,0,1,0
nearest,12.0008,-1
cover,12.0276,1,0,1,0
nearest,12.0276,-1
cover,12.057,1,0,1,0
nearest,12.057,-1
cover,12.0849,1,0,1,0
nearest,12.0849,-1
cover,12.1101,1,0,1,0
nearest,12.1102,-1
cover,12.1375,1,0,1,0
nearest,12.1375,-1
cover,12.1669,1,0,1,0
nearest,12.1669,-1
cover,12.1921,1,0,1,0
nearest,12.1921,-1
cover,12.2186,1,0,1,0
nearest,12.2186,-1
cover,12.2425,1,0,1,0
nearest,12.2425,-1
lmb,12.2726,1
cover,12.2739,1,0,1,0
nearest,12.2739,-1
cover,12.3009,1,0,1,0
nearest,12.3009,-1
cover,12.3273,1,0,1,0
nearest,12.3273,-1
cover,12.3565,1,0,1,0
nearest,12.3565,-1
lmb,12.3847,0
cover,12.3859,1,0,1,0
nearest,12.3859,-1
cover,12.413,1,0,1,0
nearest,12.413,-1
cover,12.4399,1,0,1,0
nearest,12.4399,-1
cover,12.4685,1,0,1,0
nearest,12.4685,-1
cover,12.4948,1,0,1,0
nearest,12.4949,-1
cover,12.5228,1,0,1,0
nearest,12.5228,-1
cover,12.5511,1,0,1,0
nearest,12.5511,-1
cover,12.5766,1,0,1,0
nearest,12.5766,-1
cover,12.6051,1,0,1,0
nearest,12.6051,-1
cover,12.6295,1,0,1,0
nearest,12.6295,-1
cover,12.656,1,0,1,0
nearest,12.656,-1
cover,12.6846,1,0,1,0
nearest,12.6847,-1
cover,12.7084,1,0,1,0
nearest,12.7084,-1
cover,12.7348,1,0,1,0
nearest,12.7348,-1
cover,12.7608,1,0,1,0
nearest,12.7608,-1
cover,12.7886,1,0,1,0
nearest,12.7886,-1
cover,12.8133,2,1,1,1
err,12.8134,0.5,19.3
timing,12.8134,3.0,21.1
gate,12.8134,86.8,1.0,0.2,0.0
det,12.8134,1244.0,805.38,76.5,176.25,0.895,Body
det,12.8134,1270.62,805.0,19.75,26.0,0.772,Head
cover,12.844,2,1,1,1
err,12.844,-0.5,17.8
timing,12.844,3.1,26.4
gate,12.844,86.8,1.0,0.2,0.0
det,12.844,1244.12,803.75,75.75,176.0,0.884,Body
det,12.844,1270.12,803.5,18.75,26.0,0.792,Head
cover,12.875,0,0,0,0
nearest,12.875,-1
cover,12.9022,0,0,0,0
nearest,12.9022,-1
cover,12.9261,0,0,0,0
nearest,12.9261,-1
cover,12.9526,0,0,0,0
nearest,12.9527,-1
cover,12.9764,0,0,0,0
nearest,12.9764,-1
cover,13.0038,0,0,0,0
nearest,13.0039,-1
cover,13.0295,0,0,0,0
nearest,13.0295,-1
cover,13.0567,0,0,0,0
nearest,13.0567,-1
cover,13.0847,0,0,0,0
nearest,13.0847,-1
cover,13.1098,1,0,1,0
nearest,13.1098,-1
cover,13.138,1,0,1,0
nearest,13.138,-1
cover,13.1685,1,0,1,0
nearest,13.1686,-1
cover,13.1947,0,0,0,0
nearest,13.1947,-1
cover,13.2246,0,0,0,0
nearest,13.2246,-1
cover,13.2541,0,0,0,0
nearest,13.2541,-1
cover,13.2836,0,0,0,0
nearest,13.2837,-1
cover,13.3119,0,0,0,0
nearest,13.3119,-1
cover,13.3426,2,0,2,0
nearest,13.3426,-1
cover,13.3724,0,0,0,0
nearest,13.3724,-1
cover,13.4018,0,0,0,0
nearest,13.4018,-1
cover,13.4288,0,0,0,0
nearest,13.4288,-1
cover,13.458,0,0,0,0
nearest,13.4581,-1
cover,13.486,0,0,0,0
nearest,13.486,-1
cover,13.512,0,0,0,0
nearest,13.512,-1
cover,13.5415,0,0,0,0
nearest,13.5416,-1
cover,13.5681,0,0,0,0
nearest,13.5682,-1
cover,13.5947,0,0,0,0
nearest,13.5947,-1
cover,13.6249,0,0,0,0
nearest,13.625,-1
cover,13.6537,0,0,0,0
nearest,13.6537,-1
cover,13.6803,0,0,0,0
nearest,13.6804,-1
cover,13.7081,0,0,0,0
nearest,13.7081,-1
cover,13.7373,0,0,0,0
nearest,13.7373,-1
cover,13.7636,0,0,0,0
nearest,13.7637,-1
cover,13.7914,0,0,0,0
nearest,13.7914,-1
cover,13.8189,0,0,0,0
nearest,13.8189,-1
cover,13.8449,0,0,0,0
nearest,13.8449,-1
cover,13.8743,0,0,0,0
nearest,13.8743,-1
cover,13.9026,0,0,0,0
nearest,13.9026,-1
cover,13.9289,0,0,0,0
nearest,13.9289,-1
cover,13.958,0,0,0,0
nearest,13.958,-1
cover,13.9851,0,0,0,0
nearest,13.9851,-1
cover,14.0107,0,0,0,0
nearest,14.0107,-1
cover,14.0409,0,0,0,0
nearest,14.0409,-1
cover,14.0684,0,0,0,0
nearest,14.0684,-1
cover,14.095,0,0,0,0
nearest,14.095,-1
cover,14.1254,0,0,0,0
nearest,14.1254,-1
cover,14.1542,0,0,0,0
nearest,14.1542,-1
cover,14.1812,0,0,0,0
nearest,14.1812,-1
cover,14.2094,0,0,0,0
nearest,14.2094,-1
cover,14.2399,0,0,0,0
nearest,14.2399,-1
cover,14.2644,0,0,0,0
nearest,14.2644,-1
cover,14.293,0,0,0,0
nearest,14.2931,-1
cover,14.3212,0,0,0,0
nearest,14.3212,-1
cover,14.3516,0,0,0,0
nearest,14.3516,-1
cover,14.378,2,1,1,0
nearest,14.378,192.5
cover,14.4075,1,0,1,0
nearest,14.4075,-1
cover,14.436,2,1,1,0
nearest,14.436,192.3
cover,14.4637,2,1,1,0
nearest,14.4637,192.3
cover,14.493,2,1,1,0
nearest,14.493,192.3
cover,14.5217,2,1,1,0
nearest,14.5218,192.3
cover,14.5476,2,1,1,0
nearest,14.5476,192.3
cover,14.5746,2,1,1,0
nearest,14.5747,192.3
cover,14.6054,2,1,1,0
nearest,14.6054,192.3
cover,14.6364,2,1,1,0
nearest,14.6364,192.3
lmb,14.663,1
cover,14.664,2,1,1,0
nearest,14.664,192.3
cover,14.6913,2,1,1,0
nearest,14.6913,192.3
cover,14.7194,2,1,1,0
nearest,14.7194,192.1
lmb,14.7455,0
cover,14.7467,2,1,1,0
nearest,14.7467,192.3
cover,14.7748,2,1,1,0
nearest,14.7748,192.3
cover,14.8019,2,1,1,0
nearest,14.8019,192.1
cover,14.8305,2,1,1,0
nearest,14.8306,192.3
cover,14.8591,2,1,1,0
nearest,14.8592,192.3
cover,14.8878,2,1,1,0
nearest,14.8878,192.3
lmb,14.9212,1
cover,14.9233,2,1,1,0
nearest,14.9233,192.2
cover,14.9553,2,1,1,0
nearest,14.9554,192.3
cover,14.9868,2,1,1,0
nearest,14.9868,192.3
cover,15.0142,2,1,1,0
nearest,15.0142,192.2
lmb,15.0438,0
cover,15.0457,2,1,1,0
nearest,15.0457,192.1
cover,15.0758,2,1,1,0
nearest,15.0758,192.2
cover,15.1047,2,1,1,0
nearest,15.1048,192.2
cover,15.1348,2,1,1,0
nearest,15.1349,192.3
cover,15.1627,2,1,1,0
nearest,15.1627,192.3
cover,15.1913,2,1,1,0
nearest,15.1913,192.1
cover,15.2203,2,1,1,0
nearest,15.2203,191.9
cover,15.2468,2,1,1,0
nearest,15.2468,192.0
cover,15.2769,2,1,1,0
nearest,15.277,191.9
cover,15.305,2,1,1,0
nearest,15.305,192.1
cover,15.3313,2,1,1,0
nearest,15.3313,192.1
cover,15.3613,2,1,1,0
nearest,15.3614,192.1
cover,15.3927,2,1,1,0
nearest,15.3927,192.0
cover,15.422,2,1,1,0
nearest,15.422,192.0
cover,15.4489,2,1,1,0
nearest,15.4489,195.3
cover,15.4797,2,1,1,0
nearest,15.4797,194.7
cover,15.5102,2,1,1,0
nearest,15.5103,194.0
cover,15.5399,2,1,1,0
nearest,15.5399,193.1
cover,15.5674,2,1,1,0
nearest,15.5674,193.4
cover,15.5968,2,1,1,0
nearest,15.5968,193.0
cover,15.626,2,1,1,0
nearest,15.626,192.5
cover,15.654,2,1,1,0
nearest,15.6541,192.6
cover,15.6897,2,1,1,0
nearest,15.6897,192.4
cover,15.7196,2,1,1,0
nearest,15.7196,192.4
cover,15.749,2,1,1,0
nearest,15.749,192.0
cover,15.7785,2,1,1,0
nearest,15.7786,192.1
cover,15.8061,2,1,1,0
nearest,15.8061,192.1
cover,15.8328,2,1,1,0
nearest,15.8329,192.1
cover,15.8618,0,0,0,0
nearest,15.8619,-1
cover,15.8905,0,0,0,0
nearest,15.8905,-1
cover,15.9159,0,0,0,0
nearest,15.9159,-1
cover,15.9452,0,0,0,0
nearest,15.9453,-1
cover,15.9727,0,0,0,0
nearest,15.9727,-1
cover,15.9987,0,0,0,0
nearest,15.9987,-1
cover,16.0282,0,0,0,0
nearest,16.0282,-1
cover,16.0563,0,0,0,0
nearest,16.0564,-1
cover,16.0819,0,0,0,0
nearest,16.0819,-1
cover,16.1088,0,0,0,0
nearest,16.1088,-1
cover,16.1363,0,0,0,0
nearest,16.1363,-1
cover,16.1636,0,0,0,0
nearest,16.1636,-1
cover,16.192,0,0,0,0
nearest,16.1921,-1
cover,16.2218,0,0,0,0
nearest,16.2218,-1
cover,16.2473,0,0,0,0
nearest,16.2473,-1
cover,16.2752,0,0,0,0
nearest,16.2752,-1
cover,16.2999,0,0,0,0
nearest,16.2999,-1
cover,16.3285,0,0,0,0
nearest,16.3286,-1
cover,16.3571,0,0,0,0
nearest,16.3571,-1
cover,16.3815,0,0,0,0
nearest,16.3815,-1
cover,16.4089,0,0,0,0
nearest,16.4089,-1
cover,16.4364,0,0,0,0
nearest,16.4364,-1
cover,16.4647,0,0,0,0
nearest,16.4647,-1
cover,16.494,0,0,0,0
nearest,16.494,-1
cover,16.5236,0,0,0,0
nearest,16.5236,-1
cover,16.5484,0,0,0,0
nearest,16.5484,-1
cover,16.5783,0,0,0,0
nearest,16.5784,-1
cover,16.6064,0,0,0,0
nearest,16.6064,-1
cover,16.6338,0,0,0,0
nearest,16.6338,-1
cover,16.6622,0,0,0,0
nearest,16.6623,-1
cover,16.692,0,0,0,0
nearest,16.692,-1
cover,16.7205,0,0,0,0
nearest,16.7205,-1
cover,16.7482,0,0,0,0
nearest,16.7483,-1
cover,16.777,0,0,0,0
nearest,16.777,-1
cover,16.8059,0,0,0,0
nearest,16.8059,-1
cover,16.8309,0,0,0,0
nearest,16.8309,-1
cover,16.8599,0,0,0,0
nearest,16.8599,-1
cover,16.8892,0,0,0,0
nearest,16.8892,-1
cover,16.917,0,0,0,0
nearest,16.9171,-1
cover,16.9454,0,0,0,0
nearest,16.9454,-1
cover,16.9729,0,0,0,0
nearest,16.9729,-1
cover,16.9982,0,0,0,0
nearest,16.9982,-1
cover,17.0274,0,0,0,0
nearest,17.0274,-1
cover,17.0578,0,0,0,0
nearest,17.0578,-1
cover,17.0836,0,0,0,0
nearest,17.0836,-1
cover,17.1132,0,0,0,0
nearest,17.1133,-1
cover,17.142,0,0,0,0
nearest,17.142,-1
cover,17.1713,0,0,0,0
nearest,17.1713,-1
cover,17.1984,0,0,0,0
nearest,17.1985,-1
cover,17.2285,0,0,0,0
nearest,17.2285,-1
cover,17.2563,0,0,0,0
nearest,17.2563,-1
cover,17.2818,0,0,0,0
nearest,17.2818,-1
cover,17.3097,0,0,0,0
nearest,17.3098,-1
cover,17.338,0,0,0,0
nearest,17.338,-1
cover,17.3667,0,0,0,0
nearest,17.3667,-1
cover,17.3953,2,1,1,1
err,17.3953,-211.88,11.23
timing,17.3953,3.7,24.3
gate,17.3953,86.8,1.0,0.2,0.0
det,17.3953,1042.5,800.5,53.0,120.5,0.896,Body
det,17.3953,1060.66,800.5,14.94,19.5,0.681,Head
cover,17.4242,2,1,1,1
err,17.4242,-212.0,11.96
timing,17.4242,2.9,24.7
gate,17.4242,86.8,1.0,0.2,0.0
det,17.4242,1042.41,801.12,53.44,120.75,0.905,Body
det,17.4242,1060.69,801.38,14.62,19.25,0.679,Head
cover,17.4503,2,1,1,0
nearest,17.4503,212.0
cover,17.4798,2,1,1,0
nearest,17.4799,211.9
cover,17.5075,2,1,1,0
nearest,17.5076,211.9
cover,17.534,2,1,1,0
nearest,17.534,211.9
cover,17.5637,2,1,1,0
nearest,17.5637,211.9
cover,17.5916,2,1,1,0
nearest,17.5916,211.9
lmb,17.6184,1
cover,17.6197,2,1,1,0
nearest,17.6197,211.9
cover,17.6486,2,1,1,0
nearest,17.6486,211.9
cover,17.6763,2,1,1,0
nearest,17.6763,211.8
cover,17.7077,2,1,1,0
nearest,17.7077,211.8
lmb,17.7357,0
cover,17.7368,2,1,1,0
nearest,17.7369,211.8
cover,17.7653,2,1,1,0
nearest,17.7653,211.8
cover,17.7945,2,1,1,0
nearest,17.7945,211.8
cover,17.8241,2,1,1,0
nearest,17.8241,211.8
cover,17.8508,2,1,1,0
nearest,17.8508,211.8
cover,17.8786,2,1,1,0
nearest,17.8786,211.9
cover,17.908,2,1,1,0
nearest,17.908,211.9
cover,17.9336,2,1,1,0
nearest,17.9336,211.8
cover,17.963,2,1,1,0
nearest,17.963,211.9
cover,17.9912,2,1,1,0
nearest,17.9912,211.8
cover,18.0174,2,1,1,0
nearest,18.0174,211.8
cover,18.0456,2,1,1,0
nearest,18.0456,211.8
cover,18.0739,2,1,1,0
nearest,18.074,211.8
cover,18.101,2,1,1,0
nearest,18.101,211.8
lmb,18.1294,1
cover,18.1307,2,1,1,0
nearest,18.1307,211.9
cover,18.1584,2,1,1,0
nearest,18.1584,211.9
cover,18.1843,2,1,1,0
nearest,18.1844,211.9
cover,18.2138,2,1,1,0
nearest,18.2138,211.9
lmb,18.2431,0
cover,18.2443,2,1,1,0
nearest,18.2443,211.9
cover,18.2745,2,1,1,0
nearest,18.2746,211.9
cover,18.3006,2,1,1,0
nearest,18.3006,211.9
cover,18.3288,2,1,1,0
nearest,18.3288,211.9
cover,18.3572,2,1,1,0
nearest,18.3572,211.9
cover,18.3844,2,1,1,0
nearest,18.3844,211.8
cover,18.4134,2,1,1,0
nearest,18.4135,211.8
cover,18.4415,2,1,1,0
nearest,18.4415,211.8
cover,18.469,2,1,1,0
nearest,18.4691,211.8
cover,18.4989,2,1,1,0
nearest,18.4989,211.8
cover,18.5283,2,1,1,0
nearest,18.5283,211.8
cover,18.5581,2,1,1,0
nearest,18.5582,211.7
cover,18.5842,2,1,1,0
nearest,18.5843,211.8
cover,18.6129,2,1,1,0
nearest,18.613,211.8
cover,18.6418,2,1,1,0
nearest,18.6418,211.8
cover,18.6684,2,1,1,1
err,18.6685,-211.88,30.99
timing,18.6685,1.6,24.4
gate,18.6684,86.8,1.0,0.2,0.0
det,18.6685,1041.22,819.88,54.31,121.25,0.9,Body
det,18.6685,1060.72,820.12,14.81,19.75,0.78,Head
cover,18.699,2,1,1,0
nearest,18.6991,213.6
cover,18.7302,2,1,1,1
err,18.7302,-211.62,24.56
timing,18.7302,3.2,26.4
gate,18.7302,86.8,1.0,0.2,0.0
det,18.7302,1042.25,812.88,53.5,122.25,0.913,Body
det,18.7302,1061.09,812.88,14.56,21.25,0.605,Head
cover,18.7602,2,1,1,0
nearest,18.7602,212.3
cover,18.7929,2,1,1,0
nearest,18.7929,212.4
cover,18.8211,2,1,1,0
nearest,18.8211,212.0
cover,18.8505,0,0,0,0
nearest,18.8505,-1
cover,18.8804,0,0,0,0
nearest,18.8804,-1
cover,18.9093,0,0,0,0
nearest,18.9093,-1
cover,18.938,0,0,0,0
nearest,18.938,-1
cover,18.9705,0,0,0,0
nearest,18.9705,-1
cover,19.0016,0,0,0,0
nearest,19.0016,-1
cover,19.0339,0,0,0,0
nearest,19.0339,-1
cover,19.065,0,0,0,0
nearest,19.0651,-1
cover,19.0955,0,0,0,0
nearest,19.0955,-1
cover,19.1261,0,0,0,0
nearest,19.1261,-1
cover,19.1542,0,0,0,0
nearest,19.1543,-1
cover,19.1848,0,0,0,0
nearest,19.1848,-1
cover,19.2138,0,0,0,0
nearest,19.2139,-1
cover,19.243,0,0,0,0
nearest,19.243,-1
cover,19.2696,0,0,0,0
nearest,19.2696,-1
cover,19.2982,0,0,0,0
nearest,19.2982,-1
cover,19.3277,0,0,0,0
nearest,19.3277,-1
cover,19.3593,0,0,0,0
nearest,19.3593,-1
cover,19.3849,0,0,0,0
nearest,19.3849,-1
cover,19.4154,0,0,0,0
nearest,19.4154,-1
cover,19.4443,0,0,0,0
nearest,19.4443,-1
cover,19.4764,0,0,0,0
nearest,19.4764,-1
cover,19.5028,0,0,0,0
nearest,19.5028,-1
cover,19.5332,0,0,0,0
nearest,19.5333,-1
cover,19.5635,0,0,0,0
nearest,19.5635,-1
cover,19.5933,0,0,0,0
nearest,19.5933,-1
cover,19.6204,0,0,0,0
nearest,19.6204,-1
cover,19.6494,0,0,0,0
nearest,19.6495,-1
cover,19.6799,0,0,0,0
nearest,19.6799,-1
cover,19.7092,0,0,0,0
nearest,19.7092,-1
cover,19.7372,0,0,0,0
nearest,19.7372,-1
cover,19.7667,0,0,0,0
nearest,19.7667,-1
cover,19.7934,0,0,0,0
nearest,19.7934,-1
cover,19.8201,0,0,0,0
nearest,19.8202,-1
cover,19.8506,0,0,0,0
nearest,19.8506,-1
cover,19.8808,0,0,0,0
nearest,19.8809,-1
cover,19.9102,0,0,0,0
nearest,19.9102,-1
cover,19.9361,0,0,0,0
nearest,19.9361,-1
cover,19.9672,0,0,0,0
nearest,19.9672,-1
cover,19.9965,0,0,0,0
nearest,19.9965,-1
cover,20.0269,0,0,0,0
nearest,20.0269,-1
cover,20.0536,0,0,0,0
nearest,20.0536,-1
cover,20.0826,0,0,0,0
nearest,20.0826,-1
cover,20.1122,0,0,0,0
nearest,20.1122,-1
cover,20.1409,0,0,0,0
nearest,20.1409,-1
cover,20.1698,0,0,0,0
nearest,20.1698,-1
cover,20.1998,0,0,0,0
nearest,20.1998,-1
cover,20.2302,0,0,0,0
nearest,20.2302,-1
cover,20.2603,0,0,0,0
nearest,20.2604,-1
cover,20.2867,0,0,0,0
nearest,20.2867,-1
cover,20.3159,0,0,0,0
nearest,20.3159,-1
cover,20.3448,0,0,0,0
nearest,20.3448,-1
cover,20.3726,2,1,1,1
err,20.3726,-24.5,8.67
timing,20.3726,2.1,24.9
gate,20.3726,86.8,1.0,0.2,0.0
det,20.3726,1229.75,797.38,56.0,130.25,0.896,Body
det,20.3726,1247.88,798.5,15.25,18.5,0.829,Head
cover,20.4027,1,0,1,0
nearest,20.4027,-1
cover,20.431,2,1,1,0
nearest,20.431,26.7
cover,20.4616,2,1,1,0
nearest,20.4616,26.7
cover,20.4892,2,1,1,0
nearest,20.4892,26.6
cover,20.5198,2,1,1,0
nearest,20.5199,26.7
cover,20.5498,2,1,1,0
nearest,20.5498,26.7
cover,20.5775,2,1,1,0
nearest,20.5775,26.7
cover,20.6034,2,1,1,0
nearest,20.6034,26.6
cover,20.6324,2,1,1,0
nearest,20.6325,26.4
lmb,20.6613,1
cover,20.6624,2,1,1,0
nearest,20.6624,26.4
cover,20.6947,2,1,1,0
nearest,20.6948,26.4
cover,20.7216,2,1,1,0
nearest,20.7216,26.4
cover,20.751,2,1,1,0
nearest,20.7511,26.4
lmb,20.7789,0
cover,20.7803,2,1,1,0
nearest,20.7804,26.5
cover,20.812,2,1,1,0
nearest,20.8121,26.5
cover,20.8384,2,1,1,0
nearest,20.8385,26.5
cover,20.8686,2,1,1,0
nearest,20.8686,26.5
cover,20.8986,2,1,1,0
nearest,20.8986,26.5
cover,20.9291,2,1,1,0
nearest,20.9291,26.5
cover,20.9604,2,1,1,0
nearest,20.9605,26.7
cover,20.9875,2,1,1,0
nearest,20.9876,26.7
cover,21.0165,2,1,1,0
nearest,21.0166,26.7
cover,21.0457,2,1,1,0
nearest,21.0457,26.7
cover,21.0731,2,1,1,0
nearest,21.0731,26.9
cover,21.103,2,1,1,0
nearest,21.103,26.9
cover,21.1339,2,1,1,0
nearest,21.1339,26.9
cover,21.1619,2,1,1,0
nearest,21.1619,26.9
cover,21.1898,2,1,1,0
nearest,21.1898,26.9
cover,21.2198,2,1,1,0
nearest,21.2198,26.9
cover,21.2516,2,1,1,0
nearest,21.2516,26.9
cover,21.2784,2,1,1,0
nearest,21.2785,26.9
cover,21.3051,2,1,1,0
nearest,21.3051,26.9
cover,21.3343,2,1,1,0
nearest,21.3343,26.9
cover,21.3637,2,1,1,0
nearest,21.3637,26.9
cover,21.3939,2,1,1,0
nearest,21.394,26.9
cover,21.423,2,1,1,0
nearest,21.423,26.9
cover,21.453,2,1,1,0
nearest,21.453,26.9
cover,21.483,2,1,1,0
nearest,21.4831,26.9
cover,21.5119,2,1,1,0
nearest,21.512,26.9
cover,21.5386,2,1,1,0
nearest,21.5387,26.9
cover,21.5675,2,1,1,0
nearest,21.5675,26.9
cover,21.5959,2,1,1,0
nearest,21.5959,26.9
lmb,21.6225,1
cover,21.6237,2,1,1,0
nearest,21.6237,26.9
cover,21.6532,2,1,1,0
nearest,21.6532,26.9
cover,21.6816,2,1,1,0
nearest,21.6816,26.9
cover,21.7126,2,1,1,0
nearest,21.7126,26.9
lmb,21.7397,0
cover,21.7409,2,1,1,0
nearest,21.7409,26.7
cover,21.7698,2,1,1,0
nearest,21.7699,26.7
cover,21.8046,2,1,1,0
nearest,21.8046,26.7
cover,21.8371,2,1,1,0
nearest,21.8372,26.7
cover,21.8662,0,0,0,0
nearest,21.8662,-1
cover,21.8959,0,0,0,0
nearest,21.8959,-1
cover,21.9242,0,0,0,0
nearest,21.9242,-1
cover,21.954,0,0,0,0
nearest,21.9541,-1
cover,21.9831,0,0,0,0
nearest,21.9831,-1
cover,22.013,0,0,0,0
nearest,22.013,-1
cover,22.0396,0,0,0,0
nearest,22.0396,-1
cover,22.0694,0,0,0,0
nearest,22.0694,-1
cover,22.0978,0,0,0,0
nearest,22.0979,-1
cover,22.124,0,0,0,0
nearest,22.124,-1
cover,22.1541,0,0,0,0
nearest,22.1541,-1
cover,22.1823,0,0,0,0
nearest,22.1823,-1
cover,22.2124,0,0,0,0
nearest,22.2124,-1
cover,22.2512,0,0,0,0
nearest,22.2513,-1
cover,22.3026,0,0,0,0
nearest,22.3026,-1
cover,22.3327,0,0,0,0
nearest,22.3327,-1
cover,22.3606,0,0,0,0
nearest,22.3606,-1
cover,22.3904,0,0,0,0
nearest,22.3904,-1
cover,22.4207,0,0,0,0
nearest,22.4207,-1
cover,22.4493,0,0,0,0
nearest,22.4493,-1
cover,22.4775,0,0,0,0
nearest,22.4775,-1
cover,22.5078,0,0,0,0
nearest,22.5078,-1
cover,22.537,0,0,0,0
nearest,22.537,-1
cover,22.5667,0,0,0,0
nearest,22.5667,-1
cover,22.5988,0,0,0,0
nearest,22.5988,-1
cover,22.6269,0,0,0,0
nearest,22.6269,-1
cover,22.6575,0,0,0,0
nearest,22.6575,-1
cover,22.6877,0,0,0,0
nearest,22.6878,-1
cover,22.716,0,0,0,0
nearest,22.716,-1
cover,22.7478,0,0,0,0
nearest,22.7479,-1
cover,22.7756,0,0,0,0
nearest,22.7757,-1
cover,22.806,0,0,0,0
nearest,22.8061,-1
cover,22.8366,0,0,0,0
nearest,22.8366,-1
cover,22.8664,0,0,0,0
nearest,22.8665,-1
cover,22.9004,0,0,0,0
nearest,22.9004,-1
cover,22.9282,0,0,0,0
nearest,22.9282,-1
cover,22.9567,0,0,0,0
nearest,22.9567,-1
cover,22.9861,0,0,0,0
nearest,22.9861,-1
cover,23.0163,0,0,0,0
nearest,23.0163,-1
cover,23.0424,0,0,0,0
nearest,23.0424,-1
cover,23.0718,0,0,0,0
nearest,23.0718,-1
cover,23.0996,0,0,0,0
nearest,23.0996,-1
cover,23.1265,0,0,0,0
nearest,23.1265,-1
cover,23.1556,0,0,0,0
nearest,23.1556,-1
cover,23.1854,0,0,0,0
nearest,23.1854,-1
cover,23.2142,0,0,0,0
nearest,23.2142,-1
cover,23.2429,0,0,0,0
nearest,23.2429,-1
cover,23.2737,0,0,0,0
nearest,23.2738,-1
cover,23.3048,0,0,0,0
nearest,23.3049,-1
cover,23.3352,0,0,0,0
nearest,23.3352,-1
cover,23.3656,2,1,1,1
err,23.3657,-229.44,14.16
timing,23.3657,2.2,27.4
gate,23.3657,86.8,1.0,0.2,0.0
det,23.3657,1014.5,802.0,73.0,161.5,0.892,Body
det,23.3657,1041.62,801.38,17.88,23.25,0.812,Head
cover,23.3948,2,1,1,1
err,23.3948,-229.06,14.16
timing,23.3948,3.0,24.7
gate,23.3948,86.8,1.0,0.2,0.0
det,23.3948,1015.0,801.38,73.38,167.25,0.883,Body
det,23.3948,1042.44,801.38,17.0,23.25,0.784,Head
cover,23.4251,2,1,1,1
err,23.4252,-228.44,15.21
timing,23.4252,2.8,26.2
gate,23.4252,86.8,1.0,0.2,0.0
det,23.4252,1015.72,803.0,71.81,160.0,0.893,Body
det,23.4252,1043.25,801.88,16.62,24.25,0.646,Head
cover,23.4546,2,1,1,1
err,23.4546,-229.75,14.17
timing,23.4546,3.1,25.0
gate,23.4546,86.8,1.0,0.2,0.0
det,23.4546,1015.12,801.25,71.62,161.0,0.891,Body
det,23.4546,1041.75,801.25,17.0,23.5,0.799,Head
cover,23.485,2,1,1,1
err,23.485,-229.75,14.17
timing,23.485,2.8,26.1
gate,23.485,86.8,1.0,0.2,0.0
det,23.485,1015.0,801.62,71.75,160.75,0.891,Body
det,23.485,1041.78,801.25,16.94,23.5,0.803,Head
cover,23.5161,2,1,1,1
err,23.5161,-229.88,14.19
timing,23.5161,3.6,25.1
gate,23.5161,86.8,1.0,0.2,0.0
det,23.5161,1015.22,800.88,71.56,161.25,0.892,Body
det,23.5161,1041.66,801.12,16.94,23.75,0.798,Head
cover,23.5437,2,1,1,1
err,23.5438,-229.88,14.19
timing,23.5438,2.1,24.3
gate,23.5438,86.8,1.0,0.2,0.0
det,23.5438,1015.28,800.88,71.44,161.25,0.893,Body
det,23.5438,1041.66,801.12,16.94,23.75,0.799,Head
cover,23.5725,2,1,1,1
err,23.5725,-229.75,14.19
timing,23.5725,3.1,24.9
gate,23.5725,86.8,1.0,0.2,0.0
det,23.5725,1015.16,800.88,71.44,161.25,0.892,Body
det,23.5725,1041.84,801.12,16.81,23.75,0.799,Head
cover,23.6005,2,1,1,1
err,23.6006,-229.81,14.19
timing,23.6006,3.1,24.3
gate,23.6006,86.8,1.0,0.2,0.0
det,23.6006,1015.25,801.62,71.38,160.75,0.891,Body
det,23.6006,1041.81,801.12,16.75,23.75,0.787,Head
cover,23.6276,2,1,1,1
err,23.6277,-229.75,14.19
timing,23.6277,2.0,23.6
gate,23.6277,86.8,1.0,0.2,0.0
det,23.6277,1015.25,801.62,71.38,160.75,0.891,Body
det,23.6277,1041.91,801.12,16.69,23.75,0.774,Head
cover,23.656,2,1,1,1
err,23.656,-229.75,14.19
timing,23.656,2.1,24.8
gate,23.656,86.8,1.0,0.2,0.0
det,23.656,1015.25,801.75,71.38,160.5,0.89,Body
det,23.656,1041.91,801.12,16.69,23.75,0.765,Head
cover,23.6842,2,1,1,1
err,23.6843,-229.75,13.92
timing,23.6843,3.2,23.8
gate,23.6843,86.8,1.0,0.2,0.0
det,23.6843,1014.62,801.5,74.88,163.5,0.891,Body
det,23.6843,1041.81,801.0,16.88,23.5,0.786,Head
lmb,23.7131,1
cover,23.7144,2,1,1,1
err,23.7145,-229.75,13.92
timing,23.7145,2.2,25.4
gate,23.7145,230.2,1.0,0.0,0.0
det,23.7145,1015.25,801.12,71.5,160.75,0.891,Body
det,23.7145,1041.81,801.0,16.88,23.5,0.794,Head
cmd,23.7145,-308,19
cover,23.7448,2,1,1,1
err,23.7449,-229.75,13.66
timing,23.7449,1.7,27.2
gate,23.7449,230.2,1.0,0.25,0.0
det,23.7449,1015.25,801.62,71.38,160.75,0.891,Body
det,23.7449,1041.84,800.88,16.81,23.25,0.787,Head
cover,23.7755,2,1,1,1
err,23.7756,-229.88,13.65
timing,23.7756,2.9,26.5
gate,23.7756,230.2,1.0,0.219,0.0
det,23.7756,1015.12,801.0,71.5,161.0,0.891,Body
det,23.7756,1041.78,801.0,16.69,23.0,0.799,Head
cover,23.8065,2,1,1,1
err,23.8066,-229.88,13.66
timing,23.8066,2.6,26.6
gate,23.8066,230.3,1.0,0.188,0.0
det,23.8066,1015.16,801.0,71.69,161.0,0.891,Body
det,23.8066,1041.72,800.88,16.81,23.25,0.803,Head
cover,23.8364,2,1,1,1
err,23.8365,5.75,-1.0
timing,23.8365,2.4,26.1
gate,23.8365,230.3,1.0,0.188,0.0
det,23.8365,1250.25,786.12,72.0,161.75,0.908,Body
det,23.8365,1275.75,785.25,20.0,25.0,0.527,Head
cover,23.8679,1,0,1,0
nearest,23.8679,-1
cover,23.8691,1,0,1,0
nearest,23.8691,-1
cover,23.9128,1,0,1,0
nearest,23.9128,-1
cover,23.9131,1,0,1,0
nearest,23.9131,-1
lmb,23.9585,0
cover,23.9598,2,1,1,1
err,23.9599,4.5,-5.44
timing,23.9599,1.6,25.8
gate,23.9599,230.3,1.0,0.188,0.0
det,23.9599,1249.88,782.88,72.25,160.25,0.909,Body
det,23.9599,1274.62,782.88,19.75,21.25,0.523,Head
cover,23.9611,2,1,1,1
err,23.9612,4.5,-5.44
timing,23.9612,1.6,25.8
gate,23.9612,230.3,1.0,0.188,0.0
det,23.9612,1249.88,782.88,72.25,160.25,0.909,Body
det,23.9612,1274.62,782.88,19.75,21.25,0.523,Head
cover,24.0048,2,1,1,1
err,24.0048,4.5,-5.45
timing,24.0048,1.6,24.8
gate,24.0048,230.3,1.0,0.188,0.0
det,24.0048,1249.88,782.75,72.25,160.0,0.908,Body
det,24.0048,1274.75,783.0,19.5,21.0,0.524,Head
cover,24.0052,2,1,1,1
err,24.0053,4.5,-5.45
timing,24.0053,1.6,24.8
gate,24.0053,230.3,1.0,0.188,0.0
det,24.0053,1249.88,782.75,72.25,160.0,0.908,Body
det,24.0053,1274.75,783.0,19.5,21.0,0.524,Head
cover,24.0512,2,1,1,1
err,24.0512,4.5,-5.44
timing,24.0512,2.1,26.7
gate,24.0512,230.3,1.0,0.188,0.0
det,24.0512,1249.88,782.38,72.25,160.25,0.908,Body
det,24.0512,1274.75,782.88,19.5,21.25,0.534,Head
cover,24.0524,2,1,1,1
err,24.0525,4.5,-5.44
timing,24.0525,2.1,26.7
gate,24.0525,230.3,1.0,0.188,0.0
det,24.0525,1249.88,782.38,72.25,160.25,0.908,Body
det,24.0525,1274.75,782.88,19.5,21.25,0.534,Head
cover,24.0961,2,1,1,1
err,24.0962,4.5,-5.45
timing,24.0962,3.5,22.9
gate,24.0962,230.3,1.0,0.188,0.0
det,24.0962,1250.0,782.38,72.0,160.25,0.907,Body
det,24.0962,1274.75,783.0,19.5,21.0,0.523,Head
cover,24.0972,2,1,1,1
err,24.0972,4.5,-5.45
timing,24.0972,3.5,22.9
gate,24.0972,230.3,1.0,0.188,0.0
det,24.0972,1250.0,782.38,72.0,160.25,0.907,Body
det,24.0972,1274.75,783.0,19.5,21.0,0.523,Head
cover,24.143,2,1,1,1
err,24.143,4.5,-5.45
timing,24.143,1.5,26.4
gate,24.143,230.3,1.0,0.188,0.0
det,24.143,1250.0,782.38,72.0,160.25,0.908,Body
det,24.143,1274.88,783.0,19.25,21.0,0.584,Head
cover,24.144,2,1,1,1
err,24.144,4.5,-5.45
timing,24.144,1.5,26.4
gate,24.144,230.3,1.0,0.188,0.0
det,24.144,1250.0,782.38,72.0,160.25,0.908,Body
det,24.144,1274.88,783.0,19.25,21.0,0.584,Head
cover,24.187,2,1,1,1
err,24.187,4.5,-5.46
timing,24.187,1.7,23.8
gate,24.187,230.3,1.0,0.188,0.0
det,24.187,1250.0,782.38,72.0,160.25,0.908,Body
det,24.187,1274.75,783.12,19.5,20.75,0.526,Head
cover,24.1884,2,1,1,1
err,24.1885,4.5,-5.46
timing,24.1885,1.7,23.8
gate,24.1885,230.3,1.0,0.188,0.0
det,24.1885,1250.0,782.38,72.0,160.25,0.908,Body
det,24.1885,1274.75,783.12,19.5,20.75,0.526,Head
cover,24.2325,2,1,1,1
err,24.2326,4.75,-5.44
timing,24.2326,2.2,24.6
gate,24.2326,230.3,1.0,0.188,0.0
det,24.2326,1250.0,782.38,72.0,160.25,0.908,Body
det,24.2326,1275.25,782.88,19.0,21.25,0.559,Head
cover,24.2337,2,1,1,1
err,24.2337,4.75,-5.44
timing,24.2337,2.2,24.6
gate,24.2337,230.3,1.0,0.188,0.0
det,24.2337,1250.0,782.38,72.0,160.25,0.908,Body
det,24.2337,1275.25,782.88,19.0,21.25,0.559,Head
cover,24.278,2,1,1,1
err,24.2781,4.5,-5.46
timing,24.2781,2.1,25.1
gate,24.2781,230.3,1.0,0.188,0.0
det,24.2781,1250.0,782.88,72.0,160.25,0.906,Body
det,24.2781,1275.25,783.12,18.5,20.75,0.555,Head
cover,24.2791,2,1,1,1
err,24.2792,4.5,-5.46
timing,24.2792,2.1,25.1
gate,24.2792,230.3,1.0,0.188,0.0
det,24.2792,1250.0,782.88,72.0,160.25,0.906,Body
det,24.2792,1275.25,783.12,18.5,20.75,0.555,Head
lmb,24.3233,1
cover,24.3251,2,1,1,1
err,24.3252,4.75,15.11
timing,24.3252,1.4,25.4
gate,24.3252,15.8,1.0,0.0,0.0
det,24.3252,1250.5,802.0,71.0,146.5,0.896,Body
det,24.3252,1275.75,802.88,18.0,22.25,0.841,Head
cmd,24.3252,-151,19
cover,24.3566,2,1,1,1
err,24.3567,4.5,14.66
timing,24.3567,2.3,27.6
gate,24.3567,15.6,1.0,0.249,0.0
det,24.3567,1250.5,802.0,71.0,158.5,0.88,Body
det,24.3567,1275.38,801.88,18.25,23.25,0.816,Head
cover,24.3867,2,1,1,1
err,24.3867,4.0,10.01
timing,24.3867,2.7,25.9
gate,24.3867,12.9,1.0,0.218,1.0
det,24.3867,1250.38,797.88,72.25,161.25,0.911,Body
det,24.3867,1275.0,798.88,18.0,20.25,0.801,Head
cmd,24.3867,5,13
cover,24.4174,2,1,1,1
err,24.4174,4.25,7.11
timing,24.4174,3.2,26.1
gate,24.4174,10.3,1.0,0.249,0.0
det,24.4174,1250.25,794.5,70.0,161.5,0.905,Body
det,24.4174,1275.25,794.88,18.0,22.25,0.804,Head
cover,24.4459,1,0,1,0
nearest,24.446,-1
cover,24.4776,0,0,0,0
nearest,24.4776,-1
lmb,24.5088,0
cover,24.5101,0,0,0,0
nearest,24.5101,-1
cover,24.5395,0,0,0,0
nearest,24.5395,-1
cover,24.5723,1,0,1,0
nearest,24.5723,-1
cover,24.6054,0,0,0,0
nearest,24.6055,-1
cover,24.6361,0,0,0,0
nearest,24.6361,-1
cover,24.6644,0,0,0,0
nearest,24.6644,-1
cover,24.6953,0,0,0,0
nearest,24.6953,-1
cover,24.7242,0,0,0,0
nearest,24.7243,-1
cover,24.7548,0,0,0,0
nearest,24.7548,-1
cover,24.7868,0,0,0,0
nearest,24.7868,-1
cover,24.8128,0,0,0,0
nearest,24.8128,-1
cover,24.844,0,0,0,0
nearest,24.844,-1
cover,24.8752,0,0,0,0
nearest,24.8752,-1
cover,24.9066,0,0,0,0
nearest,24.9066,-1
cover,24.9377,0,0,0,0
nearest,24.9377,-1
cover,24.9705,0,0,0,0
nearest,24.9705,-1
cover,25.0041,0,0,0,0
nearest,25.0042,-1
cover,25.0347,0,0,0,0
nearest,25.0347,-1
cover,25.0643,0,0,0,0
nearest,25.0643,-1
cover,25.095,0,0,0,0
nearest,25.095,-1
cover,25.1281,1,0,1,0
nearest,25.1281,-1
cover,25.1584,0,0,0,0
nearest,25.1584,-1
cover,25.1891,0,0,0,0
nearest,25.1892,-1
cover,25.2169,0,0,0,0
nearest,25.217,-1
cover,25.247,0,0,0,0
nearest,25.247,-1
cover,25.2765,0,0,0,0
nearest,25.2765,-1
cover,25.3071,0,0,0,0
nearest,25.3071,-1
cover,25.3385,0,0,0,0
nearest,25.3385,-1
cover,25.3738,0,0,0,0
nearest,25.3738,-1
cover,25.4071,0,0,0,0
nearest,25.4071,-1
cover,25.4385,0,0,0,0
nearest,25.4386,-1
cover,25.4669,0,0,0,0
nearest,25.4669,-1
cover,25.4978,0,0,0,0
nearest,25.4978,-1
cover,25.5289,0,0,0,0
nearest,25.5289,-1
cover,25.5607,0,0,0,0
nearest,25.5608,-1
cover,25.5909,0,0,0,0
nearest,25.591,-1
cover,25.6211,0,0,0,0
nearest,25.6211,-1
cover,25.6475,0,0,0,0
nearest,25.6475,-1
cover,25.6788,0,0,0,0
nearest,25.6789,-1
cover,25.7086,0,0,0,0
nearest,25.7086,-1
cover,25.7376,0,0,0,0
nearest,25.7376,-1
cover,25.7633,0,0,0,0
nearest,25.7633,-1
cover,25.7936,0,0,0,0
nearest,25.7936,-1
cover,25.8216,0,0,0,0
nearest,25.8216,-1
cover,25.849,0,0,0,0
nearest,25.849,-1
cover,25.8789,0,0,0,0
nearest,25.8789,-1
cover,25.9101,0,0,0,0
nearest,25.9101,-1
cover,25.9388,0,0,0,0
nearest,25.9388,-1
cover,25.9661,2,1,1,0
nearest,25.9661,107.8
cover,25.9956,1,0,1,0
nearest,25.9956,-1
cover,26.027,2,1,1,0
nearest,26.027,114.9
cover,26.0562,2,1,1,0
nearest,26.0562,115.0
cover,26.0835,2,1,1,0
nearest,26.0835,115.1
cover,26.1136,2,1,1,0
nearest,26.1137,115.1
cover,26.1456,2,1,1,0
nearest,26.1456,115.5
cover,26.1764,2,1,1,0
nearest,26.1764,115.4
cover,26.207,2,1,1,0
nearest,26.207,115.2
cover,26.235,2,1,1,0
nearest,26.235,115.1
cover,26.2641,2,1,1,0
nearest,26.2641,115.8
cover,26.2927,2,1,1,0
nearest,26.2928,115.9
cover,26.3223,2,1,1,0
nearest,26.3223,116.0
cover,26.3522,2,1,1,0
nearest,26.3522,115.7
cover,26.3821,2,1,1,0
nearest,26.3822,115.9
cover,26.4145,2,1,1,0
nearest,26.4145,115.7
cover,26.4442,2,1,1,0
nearest,26.4443,115.7
cover,26.4761,2,1,1,0
nearest,26.4762,115.7
cover,26.5067,2,1,1,0
nearest,26.5067,115.7
cover,26.5338,2,1,1,0
nearest,26.5338,115.9
cover,26.5645,2,1,1,0
nearest,26.5645,115.9
cover,26.5955,2,1,1,0
nearest,26.5956,116.0
cover,26.6251,2,1,1,0
nearest,26.6252,116.0
cover,26.6537,2,1,1,0
nearest,26.6537,115.8
cover,26.6847,2,1,1,0
nearest,26.6847,115.8
cover,26.7171,2,1,1,0
nearest,26.7171,115.8
cover,26.7483,2,1,1,0
nearest,26.7483,115.8
cover,26.7786,2,1,1,0
nearest,26.7786,115.8
cover,26.8078,2,1,1,0
nearest,26.8078,115.8
cover,26.8348,2,1,1,0
nearest,26.8348,115.8
cover,26.8647,2,1,1,0
nearest,26.8647,115.8
cover,26.8938,2,1,1,0
nearest,26.8938,115.8
cover,26.9236,2,1,1,0
nearest,26.9236,115.9
cover,26.9509,2,1,1,0
nearest,26.9509,115.9
cover,26.9828,2,1,1,0
nearest,26.9828,115.8
cover,27.0126,2,1,1,0
nearest,27.0126,115.8
cover,27.0406,2,1,1,0
nearest,27.0406,115.8
cover,27.0695,2,1,1,0
nearest,27.0695,115.8
cover,27.1008,2,1,1,0
nearest,27.1008,115.9
cover,27.1337,2,1,1,0
nearest,27.1337,90.8
cover,27.1652,2,1,1,0
nearest,27.1653,90.8
cover,27.1947,2,1,1,0
nearest,27.1948,72.8
cover,27.2267,2,1,1,0
nearest,27.2268,62.7
cover,27.2572,2,1,1,0
nearest,27.2572,62.7
cover,27.2845,2,1,1,0
nearest,27.2846,62.8
cover,27.3137,2,1,1,0
nearest,27.3138,62.5
cover,27.3442,2,1,1,0
nearest,27.3442,62.5
cover,27.3747,2,1,1,0
nearest,27.3748,69.8
cover,27.4037,2,1,1,0
nearest,27.4037,80.4
cover,27.4332,2,1,1,0
nearest,27.4333,85.5
cover,27.4626,0,0,0,0
nearest,27.4626,-1
cover,27.4939,0,0,0,0
nearest,27.4939,-1
cover,27.524,0,0,0,0
nearest,27.524,-1
cover,27.5611,0,0,0,0
nearest,27.5611,-1
cover,27.612,0,0,0,0
nearest,27.612,-1
cover,27.6424,0,0,0,0
nearest,27.6424,-1
cover,27.6694,0,0,0,0
nearest,27.6694,-1
cover,27.6985,0,0,0,0
nearest,27.6985,-1
cover,27.7293,0,0,0,0
nearest,27.7293,-1
cover,27.7576,0,0,0,0
nearest,27.7576,-1
cover,27.7845,0,0,0,0
nearest,27.7845,-1
cover,27.8134,0,0,0,0
nearest,27.8135,-1
cover,27.8426,0,0,0,0
nearest,27.8426,-1
cover,27.8688,0,0,0,0
nearest,27.8688,-1
cover,27.8986,0,0,0,0
nearest,27.8986,-1
cover,27.9284,0,0,0,0
nearest,27.9284,-1
cover,27.9582,0,0,0,0
nearest,27.9583,-1
cover,27.985,0,0,0,0
nearest,27.9851,-1
cover,28.0139,0,0,0,0
nearest,28.014,-1
cover,28.042,0,0,0,0
nearest,28.042,-1
cover,28.0695,0,0,0,0
nearest,28.0696,-1
cover,28.0993,0,0,0,0
nearest,28.0994,-1
cover,28.1292,0,0,0,0
nearest,28.1292,-1
cover,28.158,0,0,0,0
nearest,28.158,-1
cover,28.1832,0,0,0,0
nearest,28.1833,-1
cover,28.2078,0,0,0,0
nearest,28.2078,-1
cover,28.2323,0,0,0,0
nearest,28.2324,-1
cover,28.2619,0,0,0,0
nearest,28.2619,-1
cover,28.2899,0,0,0,0
nearest,28.2899,-1
cover,28.3148,0,0,0,0
nearest,28.3148,-1
cover,28.3415,0,0,0,0
nearest,28.3415,-1
cover,28.3667,0,0,0,0
nearest,28.3668,-1
cover,28.3927,0,0,0,0
nearest,28.3927,-1
cover,28.4195,0,0,0,0
nearest,28.4195,-1
cover,28.4506,0,0,0,0
nearest,28.4506,-1
cover,28.4794,0,0,0,0
nearest,28.4794,-1
cover,28.508,0,0,0,0
nearest,28.508,-1
cover,28.5326,0,0,0,0
nearest,28.5326,-1
cover,28.5606,0,0,0,0
nearest,28.5607,-1
cover,28.5859,0,0,0,0
nearest,28.586,-1
cover,28.6127,0,0,0,0
nearest,28.6127,-1
cover,28.6408,0,0,0,0
nearest,28.6408,-1
cover,28.6647,0,0,0,0
nearest,28.6647,-1
cover,28.6916,0,0,0,0
nearest,28.6916,-1
cover,28.7161,0,0,0,0
nearest,28.7161,-1
cover,28.7448,0,0,0,0
nearest,28.7448,-1
cover,28.7753,0,0,0,0
nearest,28.7753,-1
cover,28.8017,0,0,0,0
nearest,28.8017,-1
cover,28.831,0,0,0,0
nearest,28.831,-1
cover,28.8609,0,0,0,0
nearest,28.8609,-1
cover,28.8915,0,0,0,0
nearest,28.8916,-1
cover,28.9166,0,0,0,0
nearest,28.9166,-1
cover,28.9459,0,0,0,0
nearest,28.9459,-1
cover,28.9743,2,1,1,0
nearest,28.9743,315.6
cover,29.002,2,1,1,0
nearest,29.0021,315.6
cover,29.0296,2,1,1,0
nearest,29.0296,315.6
cover,29.0579,2,1,1,0
nearest,29.058,315.6
cover,29.0833,2,1,1,0
nearest,29.0834,315.6
cover,29.1112,2,1,1,0
nearest,29.1112,315.6
cover,29.1416,2,1,1,0
nearest,29.1416,315.6
cover,29.1699,2,1,1,0
nearest,29.1699,315.6
cover,29.2008,2,1,1,0
nearest,29.2008,315.6
cover,29.2287,2,1,1,0
nearest,29.2287,315.6
cover,29.2537,2,1,1,0
nearest,29.2538,315.6
cover,29.2821,2,1,1,0
nearest,29.2821,315.6
cover,29.309,2,1,1,0
nearest,29.309,315.6
cover,29.3341,2,1,1,0
nearest,29.3341,315.6
cover,29.3621,2,1,1,0
nearest,29.3621,315.6
cover,29.3898,2,1,1,0
nearest,29.3898,315.6
cover,29.4174,2,1,1,0
nearest,29.4174,315.7
cover,29.4455,2,1,1,0
nearest,29.4455,315.6
cover,29.4764,2,1,1,0
nearest,29.4765,315.6
cover,29.5034,2,1,1,0
nearest,29.5035,313.9
cover,29.5309,2,1,1,0
nearest,29.5309,313.9
cover,29.5564,2,1,1,0
nearest,29.5565,313.1
cover,29.5838,2,1,1,0
nearest,29.5838,313.1
cover,29.6096,2,1,1,0
nearest,29.6096,313.1
cover,29.6341,2,1,1,0
nearest,29.6341,313.1
cover,29.6615,2,1,1,0
nearest,29.6616,313.6
cover,29.6857,2,1,1,0
nearest,29.6857,313.6
cover,29.7141,2,1,1,0
nearest,29.7141,313.6
cover,29.7436,2,1,1,0
nearest,29.7436,313.6
cover,29.7686,2,1,1,0
nearest,29.7687,313.6
cover,29.7969,2,1,1,0
nearest,29.7969,313.6
cover,29.8221,2,1,1,0
nearest,29.8221,313.6
cover,29.8496,2,1,1,0
nearest,29.8496,313.6
cover,29.8758,2,1,1,0
nearest,29.8758,313.6
cover,29.9017,2,1,1,0
nearest,29.9017,313.1
cover,29.9289,0,0,0,0
nearest,29.9289,-1
cover,29.9581,0,0,0,0
nearest,29.9581,-1
cover,29.9845,0,0,0,0
nearest,29.9845,-1
cover,30.0143,0,0,0,0
nearest,30.0143,-1
cover,30.044,0,0,0,0
nearest,30.044,-1
cover,30.0708,0,0,0,0
nearest,30.0708,-1
cover,30.1006,1,0,1,0
nearest,30.1006,-1
cover,30.1297,0,0,0,0
nearest,30.1297,-1
cover,30.1581,0,0,0,0
nearest,30.1581,-1
cover,30.1832,0,0,0,0
nearest,30.1832,-1
cover,30.2113,0,0,0,0
nearest,30.2113,-1
cover,30.2356,0,0,0,0
nearest,30.2356,-1
cover,30.2636,0,0,0,0
nearest,30.2636,-1
cover,30.2908,0,0,0,0
nearest,30.2908,-1
cover,30.3197,0,0,0,0
nearest,30.3198,-1
cover,30.3473,0,0,0,0
nearest,30.3473,-1
cover,30.3774,0,0,0,0
nearest,30.3774,-1
cover,30.403,0,0,0,0
nearest,30.4031,-1
cover,30.4304,0,0,0,0
nearest,30.4304,-1
cover,30.4552,0,0,0,0
nearest,30.4552,-1
cover,30.4858,0,0,0,0
nearest,30.4858,-1
cover,30.5142,0,0,0,0
nearest,30.5142,-1
cover,30.5409,0,0,0,0
nearest,30.5409,-1
cover,30.5676,0,0,0,0
nearest,30.5676,-1
cover,30.5969,0,0,0,0
nearest,30.5969,-1
cover,30.6273,0,0,0,0
nearest,30.6273,-1
cover,30.6554,0,0,0,0
nearest,30.6554,-1
cover,30.6852,0,0,0,0
nearest,30.6852,-1
cover,30.7149,0,0,0,0
nearest,30.7149,-1
cover,30.7435,0,0,0,0
nearest,30.7435,-1
cover,30.7683,0,0,0,0
nearest,30.7683,-1
cover,30.7966,0,0,0,0
nearest,30.7966,-1
lmb,30.8267,1
cover,30.8282,0,0,0,0
nearest,30.8282,-1
cover,30.8546,0,0,0,0
nearest,30.8546,-1
cover,30.8843,0,0,0,0
nearest,30.8843,-1
lmb,30.914,0
cover,30.9155,0,0,0,0
nearest,30.9155,-1
cover,30.9477,0,0,0,0
nearest,30.9477,-1
cover,30.9775,0,0,0,0
nearest,30.9775,-1
cover,31.0048,0,0,0,0
nearest,31.0048,-1
cover,31.0327,0,0,0,0
nearest,31.0328,-1
cover,31.0596,0,0,0,0
nearest,31.0596,-1
cover,31.0849,0,0,0,0
nearest,31.0849,-1
cover,31.1124,0,0,0,0
nearest,31.1124,-1
cover,31.1374,0,0,0,0
nearest,31.1374,-1
cover,31.1658,0,0,0,0
nearest,31.1659,-1
cover,31.1967,0,0,0,0
nearest,31.1967,-1
cover,31.2274,0,0,0,0
nearest,31.2274,-1
cover,31.2553,0,0,0,0
nearest,31.2554,-1
cover,31.2846,0,0,0,0
nearest,31.2846,-1
cover,31.314,0,0,0,0
nearest,31.314,-1
cover,31.343,0,0,0,0
nearest,31.343,-1
cover,31.3679,0,0,0,0
nearest,31.3679,-1
cover,31.3939,0,0,0,0
nearest,31.394,-1
cover,31.4192,0,0,0,0
nearest,31.4192,-1
cover,31.4467,0,0,0,0
nearest,31.4468,-1
cover,31.4765,0,0,0,0
nearest,31.4765,-1
cover,31.5035,0,0,0,0
nearest,31.5035,-1
cover,31.5324,0,0,0,0
nearest,31.5325,-1
cover,31.5613,0,0,0,0
nearest,31.5613,-1
cover,31.5857,0,0,0,0
nearest,31.5857,-1
cover,31.6172,0,0,0,0
nearest,31.6172,-1
cover,31.6469,0,0,0,0
nearest,31.6469,-1
cover,31.6753,0,0,0,0
nearest,31.6753,-1
cover,31.7042,0,0,0,0
nearest,31.7043,-1
cover,31.7348,0,0,0,0
nearest,31.7349,-1
cover,31.762,0,0,0,0
nearest,31.7621,-1
cover,31.7859,0,0,0,0
nearest,31.786,-1
cover,31.8137,0,0,0,0
nearest,31.8137,-1
cover,31.84,0,0,0,0
nearest,31.84,-1
cover,31.8679,0,0,0,0
nearest,31.868,-1
cover,31.8948,0,0,0,0
nearest,31.8949,-1
cover,31.9203,0,0,0,0
nearest,31.9203,-1
cover,31.9493,0,0,0,0
nearest,31.9493,-1
cover,31.9754,1,0,1,0
nearest,31.9754,-1
cover,32.0024,2,1,1,0
nearest,32.0024,315.0
cover,32.0293,2,1,1,0
nearest,32.0293,343.6
cover,32.0535,2,1,1,0
nearest,32.0535,343.6
cover,32.0831,0,0,0,0
nearest,32.0831,-1
cover,32.1139,2,0,2,0
nearest,32.114,-1
cover,32.1452,2,1,1,0
nearest,32.1452,218.2
cover,32.177,2,1,1,0
nearest,32.177,186.9
cover,32.2056,2,1,1,0
nearest,32.2056,186.8
cover,32.2357,2,1,1,0
nearest,32.2357,200.5
cover,32.2636,2,1,1,0
nearest,32.2636,200.6
cover,32.2894,2,1,1,0
nearest,32.2895,223.1
cover,32.3165,2,1,1,0
nearest,32.3166,233.7
cover,32.3453,2,1,1,0
nearest,32.3453,233.7
cover,32.3724,2,1,1,0
nearest,32.3725,241.7
cover,32.4,2,1,1,0
nearest,32.4001,247.6
cover,32.4283,2,1,1,0
nearest,32.4283,251.7
cover,32.4539,2,1,1,0
nearest,32.454,251.7
cover,32.4828,2,1,1,0
nearest,32.4829,251.7
cover,32.5072,2,1,1,0
nearest,32.5072,249.3
cover,32.5362,2,1,1,0
nearest,32.5362,249.4
cover,32.5651,2,1,1,0
nearest,32.5651,249.9
cover,32.5894,2,1,1,0
nearest,32.5894,268.7
cover,32.617,2,1,1,0
nearest,32.617,307.8
cover,32.6443,0,0,0,0
nearest,32.6444,-1
cover,32.6726,0,0,0,0
nearest,32.6726,-1
cover,32.7024,0,0,0,0
nearest,32.7024,-1
cover,32.7315,0,0,0,0
nearest,32.7315,-1
cover,32.7613,0,0,0,0
nearest,32.7614,-1
cover,32.7889,0,0,0,0
nearest,32.7889,-1
cover,32.8187,2,1,1,0
nearest,32.8188,310.5
cover,32.8487,2,1,1,0
nearest,32.8488,154.5
cover,32.8729,2,1,1,0
nearest,32.8729,112.3
cover,32.8997,2,1,1,0
nearest,32.8997,110.9
cover,32.9245,2,1,1,0
nearest,32.9245,109.9
cover,32.9527,2,1,1,0
nearest,32.9528,109.9
cover,32.9794,2,1,1,0
nearest,32.9794,107.7
cover,33.0036,2,1,1,0
nearest,33.0036,105.3
cover,33.0304,2,1,1,0
nearest,33.0304,105.3
cover,33.0551,2,1,1,0
nearest,33.0551,110.3
cover,33.081,2,1,1,0
nearest,33.081,110.2
cover,33.1066,2,1,1,0
nearest,33.1066,110.8
cover,33.135,2,1,1,0
nearest,33.135,110.6
cover,33.1641,2,1,1,0
nearest,33.1641,127.7
cover,33.1898,2,1,1,0
nearest,33.1899,128.0
cover,33.2181,2,1,1,0
nearest,33.2182,128.0
lmb,33.2477,1
cover,33.2495,2,1,1,0
nearest,33.2495,127.9
cover,33.2824,2,1,1,0
nearest,33.2824,128.0
lmb,33.3075,0
cover,33.3088,2,1,1,0
nearest,33.3088,128.0
cover,33.337,2,1,1,0
nearest,33.337,127.9
cover,33.3663,2,1,1,0
nearest,33.3663,128.0
cover,33.395,2,1,1,0
nearest,33.3951,127.9
cover,33.4295,2,1,1,0
nearest,33.4296,127.9
cover,33.4587,0,0,0,0
nearest,33.4587,-1
cover,33.4886,0,0,0,0
nearest,33.4886,-1
cover,33.5182,0,0,0,0
nearest,33.5183,-1
cover,33.5476,0,0,0,0
nearest,33.5476,-1
lmb,33.575,1
cover,33.576,0,0,0,0
nearest,33.5761,-1
cover,33.6032,0,0,0,0
nearest,33.6032,-1
cover,33.6314,0,0,0,0
nearest,33.6314,-1
cover,33.655,0,0,0,0
nearest,33.655,-1
lmb,33.6815,0
cover,33.6826,0,0,0,0
nearest,33.6826,-1
cover,33.7074,0,0,0,0
nearest,33.7074,-1
cover,33.7362,0,0,0,0
nearest,33.7362,-1
cover,33.7609,0,0,0,0
nearest,33.7609,-1
cover,33.7883,0,0,0,0
nearest,33.7884,-1
cover,33.8154,0,0,0,0
nearest,33.8154,-1
cover,33.8428,0,0,0,0
nearest,33.8428,-1
cover,33.8702,0,0,0,0
nearest,33.8702,-1
cover,33.8978,0,0,0,0
nearest,33.8978,-1
cover,33.9222,0,0,0,0
nearest,33.9222,-1
cover,33.9483,0,0,0,0
nearest,33.9483,-1
cover,33.9727,0,0,0,0
nearest,33.9727,-1
cover,33.9981,0,0,0,0
nearest,33.9981,-1
cover,34.0234,0,0,0,0
nearest,34.0234,-1
cover,34.0502,0,0,0,0
nearest,34.0503,-1
cover,34.0748,0,0,0,0
nearest,34.0748,-1
cover,34.1033,0,0,0,0
nearest,34.1033,-1
cover,34.1309,0,0,0,0
nearest,34.1309,-1
cover,34.1565,0,0,0,0
nearest,34.1565,-1
cover,34.1845,0,0,0,0
nearest,34.1845,-1
cover,34.2085,0,0,0,0
nearest,34.2085,-1
cover,34.2365,0,0,0,0
nearest,34.2365,-1
cover,34.2655,0,0,0,0
nearest,34.2655,-1
cover,34.292,0,0,0,0
nearest,34.2921,-1
cover,34.3223,0,0,0,0
nearest,34.3224,-1
cover,34.3512,0,0,0,0
nearest,34.3513,-1
cover,34.3813,0,0,0,0
nearest,34.3814,-1
cover,34.4082,0,0,0,0
nearest,34.4083,-1
cover,34.4366,0,0,0,0
nearest,34.4366,-1
cover,34.4609,0,0,0,0
nearest,34.4609,-1
cover,34.4897,0,0,0,0
nearest,34.4897,-1
cover,34.5155,0,0,0,0
nearest,34.5155,-1
cover,34.5395,0,0,0,0
nearest,34.5395,-1
cover,34.5676,0,0,0,0
nearest,34.5676,-1
cover,34.5983,0,0,0,0
nearest,34.5983,-1
cover,34.6253,0,0,0,0
nearest,34.6253,-1
cover,34.6553,0,0,0,0
nearest,34.6553,-1
cover,34.685,0,0,0,0
nearest,34.685,-1
cover,34.7156,0,0,0,0
nearest,34.7156,-1
cover,34.742,0,0,0,0
nearest,34.742,-1
cover,34.7699,0,0,0,0
nearest,34.7699,-1
cover,34.7988,0,0,0,0
nearest,34.7988,-1
cover,34.825,0,0,0,0
nearest,34.8251,-1
cover,34.8513,0,0,0,0
nearest,34.8514,-1
cover,34.8773,0,0,0,0
nearest,34.8774,-1
cover,34.9064,0,0,0,0
nearest,34.9065,-1
cover,34.9333,0,0,0,0
nearest,34.9333,-1
cover,34.9589,1,0,1,0
nearest,34.9589,-1
cover,34.9866,1,0,1,0
nearest,34.9866,-1
cover,35.0163,2,1,1,1
err,35.0164,-19.0,10.19
timing,35.0164,3.3,25.8
gate,35.0164,10.3,1.0,0.249,0.0
det,35.0164,1227.38,800.25,70.25,160.5,0.872,Body
det,35.0164,1251.88,797.12,18.25,23.75,0.667,Head
cover,35.0457,2,1,1,1
err,35.0457,-19.0,10.19
timing,35.0457,2.2,25.3
gate,35.0457,10.3,1.0,0.249,0.0
det,35.0457,1226.88,800.75,70.25,160.0,0.87,Body
det,35.0457,1252.12,797.12,17.75,23.75,0.622,Head
cover,35.0761,2,1,1,1
err,35.0762,-19.0,10.19
timing,35.0762,3.1,25.9
gate,35.0762,10.3,1.0,0.249,0.0
det,35.0762,1226.88,801.25,70.25,159.5,0.869,Body
det,35.0762,1252.12,797.12,17.75,23.75,0.6,Head
cover,35.1072,2,1,1,1
err,35.1073,-19.0,10.19
timing,35.1073,2.8,26.8
gate,35.1073,10.3,1.0,0.249,0.0
det,35.1073,1227.0,801.0,70.0,159.5,0.869,Body
det,35.1073,1252.12,797.12,17.75,23.75,0.615,Head
cover,35.1366,2,1,1,1
err,35.1366,-19.0,10.19
timing,35.1366,2.7,25.1
gate,35.1366,10.3,1.0,0.249,0.0
det,35.1366,1227.0,801.0,70.0,159.5,0.869,Body
det,35.1366,1252.12,797.12,17.75,23.75,0.618,Head
cover,35.166,2,1,1,1
err,35.166,-19.25,10.2
timing,35.166,2.9,25.2
gate,35.166,10.3,1.0,0.249,0.0
det,35.166,1227.0,800.38,70.5,160.25,0.87,Body
det,35.166,1251.75,797.0,18.0,24.0,0.63,Head
cover,35.1941,2,1,1,1
err,35.1942,-19.25,10.19
timing,35.1942,2.7,23.9
gate,35.1942,10.3,1.0,0.249,0.0
det,35.1942,1227.0,799.38,70.5,161.25,0.87,Body
det,35.1942,1251.75,797.12,18.0,23.75,0.664,Head
cover,35.2236,2,1,1,1
err,35.2237,-19.25,10.19
timing,35.2237,3.0,25.3
gate,35.2236,10.3,1.0,0.249,0.0
det,35.2237,1226.88,799.5,70.25,161.0,0.871,Body
det,35.2237,1251.75,797.12,18.0,23.75,0.675,Head
cover,35.2528,2,1,1,1
err,35.2528,-19.25,10.2
timing,35.2528,2.7,25.0
gate,35.2528,10.3,1.0,0.249,0.0
det,35.2528,1227.0,799.25,70.5,161.5,0.87,Body
det,35.2528,1251.75,797.0,18.0,24.0,0.685,Head
cover,35.2777,2,1,1,1
err,35.2777,-19.5,10.45
timing,35.2777,2.0,21.7
gate,35.2777,10.3,1.0,0.249,0.0
det,35.2777,1227.0,800.25,70.5,160.5,0.871,Body
det,35.2777,1251.25,797.25,18.5,24.0,0.63,Head
cover,35.3061,2,1,1,1
err,35.3061,-19.5,10.71
timing,35.3061,3.1,24.0
gate,35.3061,10.3,1.0,0.249,0.0
det,35.3061,1227.0,800.25,70.5,160.5,0.87,Body
det,35.3061,1251.25,797.38,18.5,24.25,0.629,Head
cover,35.3322,2,1,1,1
err,35.3322,-19.5,10.71
timing,35.3322,3.2,22.3
gate,35.3322,10.3,1.0,0.249,0.0
det,35.3322,1227.0,801.12,70.5,159.75,0.871,Body
det,35.3322,1251.25,797.38,18.5,24.25,0.588,Head
cover,35.3587,2,1,1,1
err,35.3587,-19.5,10.71
timing,35.3587,1.6,23.8
gate,35.3587,10.3,1.0,0.249,0.0
det,35.3587,1227.0,800.38,70.5,160.25,0.871,Body
det,35.3587,1251.25,797.38,18.5,24.25,0.61,Head
cover,35.3864,2,1,1,1
err,35.3865,-19.5,10.45
timing,35.3865,2.8,23.5
gate,35.3865,10.3,1.0,0.249,0.0
det,35.3865,1227.0,800.12,70.5,160.75,0.871,Body
det,35.3865,1251.25,797.25,18.5,24.0,0.62,Head
cover,35.4158,2,1,1,1
err,35.4159,-19.5,10.71
timing,35.4159,2.7,25.4
gate,35.4159,10.3,1.0,0.249,0.0
det,35.4159,1227.0,800.0,70.5,161.0,0.869,Body
det,35.4159,1251.25,797.38,18.5,24.25,0.615,Head
cover,35.4429,2,1,1,1
err,35.4429,-19.5,10.71
timing,35.4429,1.7,24.3
gate,35.4429,10.3,1.0,0.249,0.0
det,35.4429,1227.12,800.0,70.75,161.0,0.869,Body
det,35.4429,1251.25,797.38,18.5,24.25,0.625,Head
cover,35.4707,2,1,1,1
err,35.4708,-19.5,10.45
timing,35.4708,2.8,23.7
gate,35.4708,10.3,1.0,0.249,0.0
det,35.4708,1227.0,799.0,70.5,162.0,0.872,Body
det,35.4708,1251.5,797.25,18.0,24.0,0.678,Head
cover,35.4984,2,1,1,1
err,35.4984,-19.5,10.45
timing,35.4984,2.2,24.0
gate,35.4984,10.3,1.0,0.249,0.0
det,35.4984,1227.0,798.5,70.5,162.5,0.871,Body
det,35.4984,1251.25,797.25,18.5,24.0,0.678,Head
cover,35.5254,2,1,1,1
err,35.5254,-19.5,10.45
timing,35.5254,1.8,24.4
gate,35.5254,10.3,1.0,0.249,0.0
det,35.5254,1227.0,798.38,70.5,162.25,0.872,Body
det,35.5254,1251.25,797.25,18.5,24.0,0.682,Head
cover,35.5544,2,1,1,1
err,35.5545,-19.5,10.45
timing,35.5545,3.1,25.2
gate,35.5545,10.3,1.0,0.249,0.0
det,35.5545,1227.0,798.0,70.5,163.0,0.874,Body
det,35.5545,1251.25,797.25,18.5,24.0,0.701,Head
cover,35.5838,2,1,1,1
err,35.5838,-19.5,10.45
timing,35.5838,3.3,24.7
gate,35.5838,10.3,1.0,0.249,0.0
det,35.5838,1226.75,797.38,70.5,163.25,0.872,Body
det,35.5838,1251.38,797.25,18.25,24.0,0.719,Head
cover,35.6143,2,1,1,1
err,35.6143,-16.75,11.0
timing,35.6143,2.5,26.6
gate,35.6143,10.3,1.0,0.249,0.0
det,35.6143,1228.38,798.0,70.25,163.0,0.873,Body
det,35.6143,1253.75,797.25,19.0,25.0,0.67,Head
cover,35.6421,2,1,1,1
err,35.6422,-16.75,11.26
timing,35.6422,2.0,24.6
gate,35.6422,10.3,1.0,0.249,0.0
det,35.6422,1228.5,798.12,70.0,162.75,0.874,Body
det,35.6422,1253.75,797.38,19.0,25.25,0.656,Head
cover,35.6702,2,1,1,1
err,35.6703,-15.5,11.24
timing,35.6703,2.5,24.2
gate,35.6702,10.3,1.0,0.249,0.0
det,35.6703,1229.25,797.75,69.5,162.0,0.867,Body
det,35.6703,1255.12,797.62,18.75,24.75,0.757,Head
cover,35.6992,2,1,1,1
err,35.6993,-15.5,11.23
timing,35.6993,2.6,25.2
gate,35.6993,10.3,1.0,0.249,0.0
det,35.6993,1229.25,797.75,69.5,162.0,0.869,Body
det,35.6993,1255.12,797.75,18.75,24.5,0.751,Head
cover,35.7254,2,1,1,1
err,35.7254,-15.75,11.23
timing,35.7254,1.9,23.0
gate,35.7254,10.3,1.0,0.249,0.0
det,35.7254,1229.38,797.75,69.25,162.0,0.869,Body
det,35.7254,1255.0,797.75,18.5,24.5,0.76,Head
cover,35.753,2,1,1,1
err,35.7531,-15.75,11.23
timing,35.7531,3.1,23.4
gate,35.753,10.3,1.0,0.249,0.0
det,35.7531,1229.25,797.62,69.5,161.75,0.871,Body
det,35.7531,1255.0,797.75,18.5,24.5,0.758,Head
cover,35.7803,2,1,1,1
err,35.7804,-15.75,11.24
timing,35.7804,3.7,22.9
gate,35.7804,10.3,1.0,0.249,0.0
det,35.7804,1229.5,797.62,69.0,161.75,0.872,Body
det,35.7804,1255.0,797.62,18.5,24.75,0.753,Head
cover,35.8076,2,1,1,1
err,35.8076,-15.75,11.24
timing,35.8076,1.7,24.1
gate,35.8076,10.3,1.0,0.249,0.0
det,35.8076,1229.38,797.38,69.25,162.25,0.872,Body
det,35.8076,1255.0,797.62,18.5,24.75,0.751,Head
cover,35.834,2,1,1,1
err,35.834,-15.75,11.5
timing,35.834,3.3,22.5
gate,35.834,10.3,1.0,0.249,0.0
det,35.834,1229.38,798.0,69.25,161.5,0.872,Body
det,35.834,1255.0,797.75,18.5,25.0,0.748,Head
cover,35.8597,2,1,1,1
err,35.8598,-15.75,11.5
timing,35.8598,2.0,22.4
gate,35.8598,10.3,1.0,0.249,0.0
det,35.8598,1229.38,797.62,69.25,161.75,0.872,Body
det,35.8598,1255.0,797.75,18.5,25.0,0.742,Head
cover,35.8884,2,1,1,1
err,35.8885,-15.75,11.5
timing,35.8885,2.8,24.7
gate,35.8885,10.3,1.0,0.249,0.0
det,35.8885,1229.38,797.5,69.25,162.0,0.872,Body
det,35.8885,1255.0,797.75,18.5,25.0,0.741,Head
cover,35.917,2,1,1,1
err,35.917,-15.75,11.24
timing,35.917,3.3,24.5
gate,35.917,10.3,1.0,0.249,0.0
det,35.917,1229.38,797.5,69.25,162.0,0.872,Body
det,35.917,1255.0,797.62,18.5,24.75,0.75,Head
cover,35.9429,2,1,1,1
err,35.943,-16.0,11.21
timing,35.943,2.6,21.1
gate,35.943,10.3,1.0,0.249,0.0
det,35.943,1229.38,797.62,69.25,161.75,0.872,Body
det,35.943,1254.75,797.88,18.5,24.25,0.745,Head
cover,35.9706,2,1,1,1
err,35.9706,-16.0,11.21
timing,35.9706,2.9,23.3
gate,35.9706,10.3,1.0,0.249,0.0
det,35.9706,1229.12,797.5,69.75,162.0,0.872,Body
det,35.9706,1254.62,797.88,18.75,24.25,0.76,Head
cover,35.9992,2,1,1,1
err,35.9992,-16.0,11.21
timing,35.9992,2.6,24.8
gate,35.9992,10.3,1.0,0.249,0.0
det,35.9992,1229.12,797.5,69.75,162.0,0.872,Body
det,35.9992,1254.75,797.88,18.5,24.25,0.758,Head
cover,36.0239,2,1,1,1
err,36.024,-16.0,11.23
timing,36.024,1.6,22.3
gate,36.024,10.3,1.0,0.249,0.0
det,36.024,1229.12,797.5,69.75,162.0,0.872,Body
det,36.024,1254.75,797.75,18.5,24.5,0.745,Head
cover,36.0526,2,1,1,1
err,36.0527,-16.0,11.23
timing,36.0527,2.2,24.7
gate,36.0527,10.3,1.0,0.249,0.0
det,36.0527,1229.5,797.5,69.5,162.0,0.869,Body
det,36.0527,1254.62,797.75,18.75,24.5,0.748,Head
cover,36.0767,2,1,1,1
err,36.0768,-16.0,11.23
timing,36.0768,3.2,20.2
gate,36.0768,10.3,1.0,0.249,0.0
det,36.0768,1229.25,797.38,70.0,162.25,0.87,Body
det,36.0768,1254.62,797.75,18.75,24.5,0.754,Head
cover,36.1033,2,1,1,1
err,36.1033,-16.0,11.23
timing,36.1033,3.3,22.4
gate,36.1033,10.3,1.0,0.249,0.0
det,36.1033,1229.62,797.38,69.75,162.25,0.871,Body
det,36.1033,1254.62,797.75,18.75,24.5,0.753,Head
cover,36.1278,2,1,1,1
err,36.1278,-16.0,11.23
timing,36.1278,3.1,20.8
gate,36.1278,10.3,1.0,0.249,0.0
det,36.1278,1229.38,797.5,70.25,162.5,0.869,Body
det,36.1278,1254.62,797.75,18.75,24.5,0.76,Head
cover,36.1564,2,1,1,1
err,36.1564,-16.0,11.24
timing,36.1564,3.2,24.1
gate,36.1564,10.3,1.0,0.249,0.0
det,36.1564,1229.38,797.5,70.25,162.5,0.869,Body
det,36.1564,1254.62,797.62,18.75,24.75,0.757,Head
cover,36.1843,2,1,1,1
err,36.1844,-16.0,11.24
timing,36.1844,3.0,24.3
gate,36.1844,10.3,1.0,0.249,0.0
det,36.1844,1229.38,797.5,70.25,162.5,0.87,Body
det,36.1844,1254.62,797.62,18.75,24.75,0.779,Head
cover,36.2104,2,1,1,1
err,36.2105,-16.0,11.24
timing,36.2105,2.5,22.4
gate,36.2105,10.3,1.0,0.249,0.0
det,36.2105,1229.38,797.5,70.25,162.5,0.869,Body
det,36.2105,1254.62,797.62,18.75,24.75,0.776,Head
cover,36.2378,2,1,1,1
err,36.2378,-16.0,11.24
timing,36.2378,3.3,23.4
gate,36.2378,10.3,1.0,0.249,0.0
det,36.2378,1229.38,797.88,70.25,162.25,0.871,Body
det,36.2378,1254.62,797.62,18.75,24.75,0.779,Head
cover,36.2655,2,1,1,1
err,36.2655,-16.0,11.73
timing,36.2655,3.4,23.7
gate,36.2655,10.3,1.0,0.249,0.0
det,36.2655,1229.25,798.5,70.5,161.5,0.869,Body
det,36.2655,1254.5,798.25,19.0,24.5,0.751,Head
cover,36.2911,2,1,1,1
err,36.2911,-16.0,11.45
timing,36.2911,1.7,22.8
gate,36.2911,10.3,1.0,0.249,0.0
det,36.2911,1229.25,797.88,70.5,162.25,0.871,Body
det,36.2911,1254.75,798.25,18.5,24.0,0.807,Head
cover,36.3182,2,1,1,1
err,36.3182,-16.0,11.45
timing,36.3182,2.6,23.1
gate,36.3182,10.3,1.0,0.249,0.0
det,36.3182,1229.12,798.0,70.75,162.0,0.87,Body
det,36.3182,1254.75,798.25,18.5,24.0,0.804,Head
cover,36.3475,2,1,1,1
err,36.3475,-16.0,11.45
timing,36.3475,4.1,23.6
gate,36.3475,10.3,1.0,0.249,0.0
det,36.3475,1229.25,798.0,70.5,162.0,0.871,Body
det,36.3475,1254.75,798.25,18.5,24.0,0.803,Head
cover,36.3733,2,1,1,1
err,36.3734,-16.0,11.45
timing,36.3734,1.4,23.8
gate,36.3734,10.3,1.0,0.249,0.0
det,36.3734,1229.25,798.0,70.5,162.0,0.87,Body
det,36.3734,1254.75,798.25,18.5,24.0,0.804,Head
cover,36.4002,2,1,1,1
err,36.4002,-16.0,11.19
timing,36.4002,3.4,22.8
gate,36.4002,10.3,1.0,0.249,0.0
det,36.4002,1229.12,798.0,70.75,162.0,0.871,Body
det,36.4002,1254.88,798.12,18.25,23.75,0.805,Head
cover,36.4261,0,0,0,0
nearest,36.4261,-1
cover,36.4547,0,0,0,0
nearest,36.4547,-1
cover,36.4826,0,0,0,0
nearest,36.4826,-1
cover,36.5075,0,0,0,0
nearest,36.5075,-1
cover,36.536,0,0,0,0
nearest,36.536,-1
cover,36.5603,0,0,0,0
nearest,36.5603,-1
cover,36.5874,0,0,0,0
nearest,36.5874,-1
cover,36.6164,0,0,0,0
nearest,36.6164,-1
cover,36.642,0,0,0,0
nearest,36.642,-1
cover,36.6692,0,0,0,0
nearest,36.6692,-1
cover,36.6952,0,0,0,0
nearest,36.6952,-1
cover,36.7235,0,0,0,0
nearest,36.7235,-1
cover,36.7501,0,0,0,0
nearest,36.7501,-1
cover,36.7767,0,0,0,0
nearest,36.7768,-1
cover,36.8031,0,0,0,0
nearest,36.8031,-1
cover,36.8269,0,0,0,0
nearest,36.8269,-1
cover,36.8541,0,0,0,0
nearest,36.8541,-1
cover,36.8804,0,0,0,0
nearest,36.8805,-1
cover,36.9058,0,0,0,0
nearest,36.9058,-1
cover,36.9331,0,0,0,0
nearest,36.9331,-1
cover,36.9575,0,0,0,0
nearest,36.9575,-1
cover,36.9841,0,0,0,0
nearest,36.9841,-1
cover,37.0089,0,0,0,0
nearest,37.009,-1
cover,37.0349,0,0,0,0
nearest,37.0349,-1
cover,37.0612,0,0,0,0
nearest,37.0612,-1
cover,37.0891,0,0,0,0
nearest,37.0891,-1
cover,37.1165,0,0,0,0
nearest,37.1165,-1
cover,37.1407,0,0,0,0
nearest,37.1407,-1
cover,37.1667,0,0,0,0
nearest,37.1667,-1
cover,37.1938,0,0,0,0
nearest,37.1938,-1
cover,37.2203,0,0,0,0
nearest,37.2203,-1
cover,37.2447,0,0,0,0
nearest,37.2447,-1
cover,37.2724,0,0,0,0
nearest,37.2724,-1
cover,37.3005,0,0,0,0
nearest,37.3005,-1
cover,37.3236,0,0,0,0
nearest,37.3237,-1
cover,37.3514,0,0,0,0
nearest,37.3514,-1
cover,37.3769,0,0,0,0
nearest,37.3769,-1
cover,37.4042,0,0,0,0
nearest,37.4042,-1
cover,37.4286,0,0,0,0
nearest,37.4287,-1
cover,37.4563,0,0,0,0
nearest,37.4564,-1
cover,37.4858,0,0,0,0
nearest,37.4858,-1
cover,37.5094,0,0,0,0
nearest,37.5094,-1
cover,37.5355,0,0,0,0
nearest,37.5355,-1
cover,37.5611,0,0,0,0
nearest,37.5611,-1
cover,37.5889,0,0,0,0
nearest,37.5889,-1
cover,37.6139,0,0,0,0
nearest,37.614,-1
cover,37.6424,0,0,0,0
nearest,37.6424,-1
cover,37.6705,0,0,0,0
nearest,37.6705,-1
cover,37.6955,0,0,0,0
nearest,37.6955,-1
cover,37.7224,0,0,0,0
nearest,37.7224,-1
cover,37.7511,0,0,0,0
nearest,37.7511,-1
cover,37.7771,0,0,0,0
nearest,37.7771,-1
cover,37.8041,0,0,0,0
nearest,37.8041,-1
cover,37.8279,0,0,0,0
nearest,37.8279,-1
cover,37.855,0,0,0,0
nearest,37.855,-1
cover,37.8789,0,0,0,0
nearest,37.8789,-1
cover,37.906,0,0,0,0
nearest,37.9061,-1
cover,37.9344,0,0,0,0
nearest,37.9344,-1
cover,37.9595,2,1,1,1
err,37.9596,-243.56,12.69
timing,37.9596,1.5,23.0
gate,37.9596,10.3,1.0,0.249,0.0
det,37.9596,1000.94,802.62,71.75,162.75,0.875,Body
det,37.9596,1027.12,799.62,18.62,23.75,0.512,Head
cover,37.9878,2,1,1,1
err,37.9878,-243.38,13.76
timing,37.9878,2.8,24.1
gate,37.9878,10.3,1.0,0.249,0.0
det,37.9878,1001.5,801.38,71.12,161.25,0.883,Body
det,37.9878,1027.34,799.88,18.56,25.25,0.514,Head
cover,38.0162,2,1,1,1
err,38.0162,-243.81,11.92
timing,38.0162,3.5,24.1
gate,38.0162,10.3,1.0,0.249,0.0
det,38.0162,998.81,798.38,76.62,167.25,0.884,Body
det,38.0162,1026.75,799.0,18.88,23.5,0.745,Head
cover,38.0432,2,1,1,1
err,38.0432,-243.88,11.66
timing,38.0432,2.5,22.4
gate,38.0432,10.3,1.0,0.249,0.0
det,38.0432,998.81,798.38,76.5,167.25,0.883,Body
det,38.0432,1026.78,798.88,18.69,23.25,0.743,Head
cover,38.0729,2,1,1,1
err,38.0729,-243.88,11.66
timing,38.0729,2.9,24.5
gate,38.0729,10.3,1.0,0.249,0.0
det,38.0729,998.75,798.38,76.62,167.25,0.883,Body
det,38.0729,1026.75,798.88,18.75,23.25,0.739,Head
cover,38.0962,2,1,1,1
err,38.0962,-244.06,12.16
timing,38.0962,2.3,20.4
gate,38.0962,10.3,1.0,0.249,0.0
det,38.0962,998.75,798.38,76.75,167.25,0.885,Body
det,38.0962,1026.44,799.38,19.0,23.25,0.771,Head
cover,38.1241,2,1,1,1
err,38.1242,-244.06,12.16
timing,38.1242,3.1,23.7
gate,38.1242,10.3,1.0,0.249,0.0
det,38.1242,998.47,798.38,77.06,167.25,0.886,Body
det,38.1242,1026.44,799.38,19.0,23.25,0.771,Head
cover,38.1512,2,1,1,1
err,38.1512,-244.0,12.16
timing,38.1512,3.5,22.9
gate,38.1512,10.3,1.0,0.249,0.0
det,38.1512,998.47,798.38,77.06,167.25,0.887,Body
det,38.1512,1026.47,799.38,19.06,23.25,0.767,Head
cover,38.179,2,1,1,1
err,38.179,-244.12,12.17
timing,38.179,1.6,24.9
gate,38.179,10.3,1.0,0.249,0.0
det,38.179,998.47,798.38,77.06,167.25,0.885,Body
det,38.179,1026.34,799.25,19.06,23.5,0.776,Head
cover,38.2065,2,1,1,1
err,38.2065,-244.06,12.17
timing,38.2065,2.8,23.2
gate,38.2065,10.3,1.0,0.249,0.0
det,38.2065,998.44,798.38,77.12,167.25,0.886,Body
det,38.2065,1026.38,799.25,19.12,23.5,0.774,Head
cover,38.2353,2,1,1,1
err,38.2353,-244.06,12.17
timing,38.2353,2.5,24.4
gate,38.2353,10.3,1.0,0.249,0.0
det,38.2353,998.44,798.38,77.12,167.25,0.887,Body
det,38.2353,1026.38,799.25,19.12,23.5,0.782,Head
cover,38.2616,2,1,1,1
err,38.2616,-244.0,12.19
timing,38.2616,3.3,21.7
gate,38.2616,10.3,1.0,0.249,0.0
det,38.2616,998.44,798.5,77.12,167.5,0.886,Body
det,38.2616,1026.44,799.12,19.12,23.75,0.788,Head
cover,38.2895,2,1,1,1
err,38.2895,-244.0,12.19
timing,38.2895,2.7,23.9
gate,38.2895,10.3,1.0,0.249,0.0
det,38.2895,998.47,798.38,77.06,167.25,0.887,Body
det,38.2895,1026.41,799.12,19.19,23.75,0.784,Head
cover,38.3176,2,1,1,1
err,38.3176,-243.94,12.19
timing,38.3176,3.1,24.0
gate,38.3176,10.3,1.0,0.249,0.0
det,38.3176,998.38,798.38,77.12,167.25,0.887,Body
det,38.3176,1026.44,799.12,19.25,23.75,0.778,Head
cover,38.3416,2,1,1,1
err,38.3417,-244.0,12.19
timing,38.3417,1.5,21.9
gate,38.3417,10.3,1.0,0.249,0.0
det,38.3417,998.44,798.5,77.12,167.5,0.888,Body
det,38.3417,1026.28,799.12,19.44,23.75,0.796,Head
cover,38.3681,2,1,1,1
err,38.3681,-244.0,12.45
timing,38.3681,2.9,22.3
gate,38.3681,10.3,1.0,0.249,0.0
det,38.3681,998.44,798.5,77.12,167.5,0.889,Body
det,38.3681,1026.28,799.25,19.44,24.0,0.795,Head
cover,38.3935,2,1,1,1
err,38.3935,-244.0,12.45
timing,38.3935,1.8,23.0
gate,38.3935,10.3,1.0,0.249,0.0
det,38.3935,998.72,798.75,76.81,167.0,0.888,Body
det,38.3935,1026.22,799.25,19.56,24.0,0.798,Head
cover,38.4214,2,1,1,1
err,38.4215,-243.94,12.45
timing,38.4215,2.4,23.8
gate,38.4215,10.3,1.0,0.249,0.0
det,38.4215,998.72,798.75,76.81,167.0,0.888,Body
det,38.4215,1026.31,799.25,19.5,24.0,0.801,Head
cover,38.445,2,1,1,1
err,38.445,-243.94,12.45
timing,38.445,2.9,20.0
gate,38.445,10.3,1.0,0.249,0.0
det,38.445,998.75,798.38,76.88,167.25,0.888,Body
det,38.445,1026.31,799.25,19.5,24.0,0.808,Head
cover,38.4728,2,1,1,1
err,38.4728,-243.94,12.45
timing,38.4728,2.6,23.8
gate,38.4728,10.3,1.0,0.249,0.0
det,38.4728,998.75,798.38,76.88,167.25,0.888,Body
det,38.4728,1026.31,799.25,19.5,24.0,0.806,Head
cover,38.5007,2,1,1,1
err,38.5008,-243.94,12.45
timing,38.5008,2.8,23.9
gate,38.5008,10.3,1.0,0.249,0.0
det,38.5008,998.81,798.5,77.0,167.5,0.888,Body
det,38.5008,1026.25,799.25,19.62,24.0,0.808,Head
cover,38.5277,2,1,1,1
err,38.5277,-243.94,12.45
timing,38.5277,2.0,23.7
gate,38.5277,10.3,1.0,0.249,0.0
det,38.5277,998.81,798.38,77.0,167.25,0.889,Body
det,38.5277,1026.25,799.25,19.62,24.0,0.81,Head
cover,38.5552,2,1,1,1
err,38.5553,-243.88,12.42
timing,38.5553,3.9,22.9
gate,38.5553,10.3,1.0,0.249,0.0
det,38.5553,998.81,798.75,77.0,167.0,0.889,Body
det,38.5553,1026.41,799.5,19.44,23.5,0.805,Head
cover,38.5843,2,1,1,1
err,38.5844,-243.88,12.42
timing,38.5844,2.8,25.2
gate,38.5844,10.3,1.0,0.249,0.0
det,38.5844,998.75,798.75,77.0,167.0,0.889,Body
det,38.5844,1026.34,799.5,19.56,23.5,0.805,Head
cover,38.6094,2,1,1,1
err,38.6095,-244.0,12.69
timing,38.6095,2.1,22.4
gate,38.6095,10.3,1.0,0.249,0.0
det,38.6095,998.78,798.88,76.94,167.25,0.889,Body
det,38.6095,1026.28,799.62,19.44,23.75,0.811,Head
cover,38.6372,2,1,1,1
err,38.6372,-244.0,12.69
timing,38.6372,2.8,23.5
gate,38.6372,10.3,1.0,0.249,0.0
det,38.6372,998.56,798.75,77.12,167.0,0.888,Body
det,38.6372,1026.22,799.62,19.56,23.75,0.808,Head
cover,38.668,2,1,1,1
err,38.6681,-244.0,12.7
timing,38.6681,4.0,26.2
gate,38.6681,10.3,1.0,0.249,0.0
det,38.6681,998.5,799.12,77.0,166.75,0.887,Body
det,38.6681,1026.25,799.5,19.5,24.0,0.812,Head
cover,38.6932,2,1,1,1
err,38.6932,-244.0,13.24
timing,38.6932,1.6,22.8
gate,38.6932,10.3,1.0,0.249,0.0
det,38.6932,998.25,798.62,77.5,166.75,0.887,Body
det,38.6932,1026.25,799.62,19.5,24.75,0.829,Head
cover,38.7208,2,1,1,1
err,38.721,-244.0,13.24
timing,38.721,2.9,23.3
gate,38.721,10.3,1.0,0.249,0.0
det,38.721,998.5,798.5,77.12,167.0,0.887,Body
det,38.721,1026.25,799.62,19.5,24.75,0.832,Head
cover,38.7451,2,1,1,1
err,38.7451,-244.12,13.24
timing,38.7451,3.2,20.2
gate,38.7451,10.3,1.0,0.249,0.0
det,38.7451,998.5,798.75,77.12,167.0,0.887,Body
det,38.7451,1026.16,799.62,19.44,24.75,0.827,Head
cover,38.7729,2,1,1,1
err,38.7729,-244.12,13.24
timing,38.7729,2.9,23.7
gate,38.7729,10.3,1.0,0.249,0.0
det,38.7729,998.44,798.75,77.12,167.0,0.886,Body
det,38.7729,1026.16,799.62,19.44,24.75,0.825,Head
cover,38.8054,2,1,1,1
err,38.8054,-244.12,13.24
timing,38.8054,4.8,26.4
gate,38.8054,10.3,1.0,0.249,0.0
det,38.8054,998.38,799.0,77.25,166.5,0.887,Body
det,38.8054,1026.16,799.62,19.44,24.75,0.825,Head
cover,38.837,2,1,1,1
err,38.8371,-244.38,13.23
timing,38.8371,2.8,28.1
gate,38.8371,10.3,1.0,0.249,0.0
det,38.8371,998.38,799.0,77.12,166.5,0.888,Body
det,38.8371,1026.22,799.75,18.81,24.5,0.829,Head
cover,38.8679,2,1,1,1
err,38.8679,-244.31,13.5
timing,38.8679,2.2,27.3
gate,38.8679,10.3,1.0,0.249,0.0
det,38.8679,998.44,799.0,77.12,166.5,0.889,Body
det,38.8679,1026.25,799.75,18.88,25.0,0.836,Head
cover,38.8957,2,1,1,1
err,38.8957,-244.38,13.5
timing,38.8957,2.2,24.3
gate,38.8957,10.3,1.0,0.249,0.0
det,38.8957,998.44,799.0,77.12,166.5,0.889,Body
det,38.8957,1026.19,799.75,18.88,25.0,0.839,Head
cover,38.9259,2,1,1,1
err,38.9259,-244.38,13.24
timing,38.9259,3.3,25.3
gate,38.9259,10.3,1.0,0.249,0.0
det,38.9259,998.31,799.0,77.12,166.5,0.887,Body
det,38.9259,1026.22,799.62,18.81,24.75,0.836,Head
cover,38.9545,2,1,1,1
err,38.9545,-244.31,13.5
timing,38.9545,2.4,24.4
gate,38.9545,10.3,1.0,0.249,0.0
det,38.9545,998.31,799.38,77.12,166.25,0.887,Body
det,38.9545,1026.25,799.75,18.88,25.0,0.83,Head
cover,38.9836,2,1,1,1
err,38.9836,-244.38,13.24
timing,38.9836,2.8,25.0
gate,38.9836,10.3,1.0,0.249,0.0
det,38.9836,998.34,799.38,77.06,166.25,0.887,Body
det,38.9836,1026.19,799.62,18.88,24.75,0.827,Head
cover,39.0103,2,1,1,1
err,39.0104,-244.38,13.48
timing,39.0104,2.2,23.4
gate,39.0104,10.3,1.0,0.249,0.0
det,39.0104,998.38,799.38,77.0,166.25,0.887,Body
det,39.0104,1026.25,800.0,18.75,24.5,0.825,Head
cover,39.0362,2,1,1,1
err,39.0363,-244.38,13.24
timing,39.0363,3.2,22.1
gate,39.0363,10.3,1.0,0.249,0.0
det,39.0363,998.34,799.5,77.06,166.0,0.887,Body
det,39.0363,1026.25,799.62,18.75,24.75,0.825,Head
cover,39.0615,2,1,1,1
err,39.0616,-244.38,13.48
timing,39.0616,2.1,22.6
gate,39.0616,10.3,1.0,0.249,0.0
det,39.0616,998.38,799.62,77.0,165.75,0.887,Body
det,39.0616,1026.28,800.0,18.69,24.5,0.803,Head
cover,39.0902,2,1,1,1
err,39.0902,-244.38,13.71
timing,39.0902,2.8,24.4
gate,39.0902,10.3,1.0,0.249,0.0
det,39.0902,998.34,800.0,77.06,165.5,0.887,Body
det,39.0902,1026.31,800.38,18.62,24.25,0.812,Head
cover,39.1192,2,1,1,1
err,39.1192,-244.38,13.45
timing,39.1192,2.4,25.2
gate,39.1192,10.3,1.0,0.249,0.0
det,39.1192,998.34,799.62,77.06,165.75,0.886,Body
det,39.1192,1026.34,800.25,18.56,24.0,0.812,Head
cover,39.1457,2,1,1,1
err,39.1457,-244.38,13.19
timing,39.1457,2.0,23.7
gate,39.1457,10.3,1.0,0.249,0.0
det,39.1457,998.38,799.75,77.12,166.0,0.886,Body
det,39.1457,1026.34,800.12,18.56,23.75,0.815,Head
cover,39.1786,2,1,1,1
err,39.1786,-244.38,13.19
timing,39.1786,3.2,26.7
gate,39.1786,10.3,1.0,0.249,0.0
det,39.1786,998.38,800.0,77.12,165.5,0.887,Body
det,39.1786,1026.34,800.12,18.56,23.75,0.82,Head
cover,39.2078,2,1,1,1
err,39.2078,-244.38,13.19
timing,39.2078,1.8,25.8
gate,39.2078,10.3,1.0,0.249,0.0
det,39.2078,998.34,800.12,77.31,165.75,0.886,Body
det,39.2078,1026.34,800.12,18.56,23.75,0.818,Head
cover,39.2368,2,1,1,1
err,39.2368,-244.38,13.19
timing,39.2368,3.4,25.0
gate,39.2368,10.3,1.0,0.249,0.0
det,39.2368,998.25,800.12,77.38,165.75,0.887,Body
det,39.2368,1026.38,800.12,18.5,23.75,0.826,Head
cover,39.2648,2,1,1,1
err,39.2649,-244.38,13.19
timing,39.2649,2.9,23.6
gate,39.2649,10.3,1.0,0.249,0.0
det,39.2649,998.41,800.0,77.19,165.5,0.885,Body
det,39.2649,1026.28,800.12,18.69,23.75,0.827,Head
cover,39.2976,2,1,1,1
err,39.2977,-244.38,13.17
timing,39.2977,3.7,27.2
gate,39.2977,10.3,1.0,0.249,0.0
det,39.2977,998.38,800.12,77.12,165.75,0.884,Body
det,39.2977,1026.31,800.25,18.62,23.5,0.815,Head
cover,39.3289,2,1,1,1
err,39.3289,-244.38,13.19
timing,39.3289,2.0,27.5
gate,39.3289,10.3,1.0,0.249,0.0
det,39.3289,998.47,800.12,77.31,165.75,0.885,Body
det,39.3289,1026.28,800.12,18.69,23.75,0.825,Head
cover,39.3563,2,1,1,1
err,39.3563,-244.38,13.45
timing,39.3563,2.5,23.5
gate,39.3563,10.3,1.0,0.249,0.0
det,39.3563,998.47,800.12,77.31,165.75,0.885,Body
det,39.3563,1026.28,800.25,18.69,24.0,0.825,Head
cover,39.3848,2,1,1,1
err,39.3849,-244.38,13.45
timing,39.3849,2.8,24.3
gate,39.3849,10.3,1.0,0.249,0.0
det,39.3849,998.41,800.0,77.44,166.0,0.885,Body
det,39.3849,1026.28,800.25,18.69,24.0,0.827,Head
cover,39.4149,2,1,1,1
err,39.4149,-244.25,13.69
timing,39.4149,1.6,26.9
gate,39.4149,10.3,1.0,0.249,0.0
det,39.4149,998.44,800.38,77.38,165.25,0.885,Body
det,39.4149,1026.41,800.62,18.69,23.75,0.808,Head
cover,39.4443,0,0,0,0
nearest,39.4443,-1
cover,39.4738,0,0,0,0
nearest,39.4738,-1
cover,39.5028,0,0,0,0
nearest,39.5028,-1
cover,39.5267,0,0,0,0
nearest,39.5267,-1
cover,39.5527,0,0,0,0
nearest,39.5527,-1
cover,39.5777,0,0,0,0
nearest,39.5777,-1
cover,39.6059,0,0,0,0
nearest,39.6059,-1
cover,39.63,0,0,0,0
nearest,39.63,-1
cover,39.6575,0,0,0,0
nearest,39.6575,-1
cover,39.6865,0,0,0,0
nearest,39.6865,-1
cover,39.7126,0,0,0,0
nearest,39.7126,-1
cover,39.7392,0,0,0,0
nearest,39.7392,-1
cover,39.7634,0,0,0,0
nearest,39.7635,-1
cover,39.7912,0,0,0,0
nearest,39.7912,-1
cover,39.8179,0,0,0,0
nearest,39.8179,-1
cover,39.8491,0,0,0,0
nearest,39.8492,-1
cover,39.8797,0,0,0,0
nearest,39.8797,-1
cover,39.905,0,0,0,0
nearest,39.905,-1
cover,39.9309,0,0,0,0
nearest,39.9309,-1
cover,39.9566,0,0,0,0
nearest,39.9566,-1
cover,39.9812,0,0,0,0
nearest,39.9812,-1
cover,40.011,0,0,0,0
nearest,40.011,-1
cover,40.0401,0,0,0,0
nearest,40.0402,-1
cover,40.0693,0,0,0,0
nearest,40.0694,-1
cover,40.0967,0,0,0,0
nearest,40.0967,-1
cover,40.1247,0,0,0,0
nearest,40.1248,-1
cover,40.1494,0,0,0,0
nearest,40.1494,-1
cover,40.174,0,0,0,0
nearest,40.174,-1
cover,40.2016,0,0,0,0
nearest,40.2016,-1
cover,40.2274,0,0,0,0
nearest,40.2274,-1
cover,40.2512,0,0,0,0
nearest,40.2512,-1
cover,40.2769,0,0,0,0
nearest,40.2769,-1
cover,40.3028,0,0,0,0
nearest,40.3028,-1
cover,40.3316,0,0,0,0
nearest,40.3316,-1
cover,40.3616,0,0,0,0
nearest,40.3617,-1
cover,40.3904,0,0,0,0
nearest,40.3904,-1
cover,40.4139,0,0,0,0
nearest,40.4139,-1
cover,40.4394,0,0,0,0
nearest,40.4394,-1
cover,40.4635,0,0,0,0
nearest,40.4635,-1
cover,40.4908,0,0,0,0
nearest,40.4908,-1
cover,40.5175,0,0,0,0
nearest,40.5175,-1
cover,40.5411,0,0,0,0
nearest,40.5411,-1
cover,40.5658,0,0,0,0
nearest,40.5658,-1
cover,40.5918,0,0,0,0
nearest,40.5918,-1
cover,40.6174,0,0,0,0
nearest,40.6174,-1
cover,40.6419,0,0,0,0
nearest,40.6419,-1
cover,40.6658,0,0,0,0
nearest,40.6658,-1
cover,40.6957,0,0,0,0
nearest,40.6958,-1
cover,40.7281,0,0,0,0
nearest,40.7281,-1
cover,40.7578,0,0,0,0
nearest,40.7578,-1
cover,40.7834,0,0,0,0
nearest,40.7834,-1
cover,40.8245,0,0,0,0
nearest,40.8245,-1
cover,40.8533,0,0,0,0
nearest,40.8533,-1
cover,40.8801,0,0,0,0
nearest,40.8801,-1
cover,40.9102,0,0,0,0
nearest,40.9102,-1
cover,40.9412,0,0,0,0
nearest,40.9413,-1
cover,40.971,1,0,1,0
nearest,40.971,-1
cover,41.0001,1,0,1,0
nearest,41.0001,-1
cover,41.0259,1,0,1,0
nearest,41.0259,-1
cover,41.0577,1,0,1,0
nearest,41.0577,-1
cover,41.0875,1,0,1,0
nearest,41.0875,-1
cover,41.1166,1,0,1,0
nearest,41.1166,-1
cover,41.1457,1,0,1,0
nearest,41.1457,-1
cover,41.1757,1,0,1,0
nearest,41.1758,-1
cover,41.2038,1,0,1,0
nearest,41.2039,-1
cover,41.2327,1,0,1,0
nearest,41.2328,-1
cover,41.2835,0,0,0,0
nearest,41.2835,-1
cover,41.3203,0,0,0,0
nearest,41.3203,-1
cover,41.3547,0,0,0,0
nearest,41.3548,-1
cover,41.3908,0,0,0,0
nearest,41.3909,-1
cover,41.4228,0,0,0,0
nearest,41.4228,-1
cover,41.4635,0,0,0,0
nearest,41.4636,-1
cover,41.496,0,0,0,0
nearest,41.4961,-1
cover,41.5267,0,0,0,0
nearest,41.5267,-1
cover,41.5557,0,0,0,0
nearest,41.5557,-1
cover,41.5862,0,0,0,0
nearest,41.5862,-1
cover,41.6174,0,0,0,0
nearest,41.6174,-1
cover,41.6497,0,0,0,0
nearest,41.6498,-1
cover,41.6811,0,0,0,0
nearest,41.6811,-1
cover,41.7092,0,0,0,0
nearest,41.7092,-1
cover,41.7415,0,0,0,0
nearest,41.7415,-1
cover,41.7692,0,0,0,0
nearest,41.7692,-1
cover,41.8004,0,0,0,0
nearest,41.8004,-1
cover,41.8298,0,0,0,0
nearest,41.8299,-1
cover,41.8635,0,0,0,0
nearest,41.8635,-1
cover,41.8936,0,0,0,0
nearest,41.8936,-1
cover,41.9267,0,0,0,0
nearest,41.9267,-1
cover,41.9601,0,0,0,0
nearest,41.9601,-1
cover,41.9941,0,0,0,0
nearest,41.9941,-1
cover,42.0257,0,0,0,0
nearest,42.0258,-1
cover,42.0604,0,0,0,0
nearest,42.0604,-1
cover,42.0912,0,0,0,0
nearest,42.0912,-1
cover,42.1218,0,0,0,0
nearest,42.1218,-1
cover,42.1542,0,0,0,0
nearest,42.1542,-1
cover,42.1837,0,0,0,0
nearest,42.1837,-1
cover,42.2158,0,0,0,0
nearest,42.2158,-1
cover,42.2444,0,0,0,0
nearest,42.2444,-1
cover,42.2748,0,0,0,0
nearest,42.2748,-1
cover,42.3054,0,0,0,0
nearest,42.3054,-1
cover,42.3349,0,0,0,0
nearest,42.3349,-1
cover,42.3628,0,0,0,0
nearest,42.3629,-1
cover,42.3937,0,0,0,0
nearest,42.3937,-1
cover,42.4244,0,0,0,0
nearest,42.4244,-1
cover,42.4611,0,0,0,0
nearest,42.4611,-1
cover,42.4932,0,0,0,0
nearest,42.4932,-1
cover,42.5218,0,0,0,0
nearest,42.5218,-1
cover,42.5497,0,0,0,0
nearest,42.5498,-1
cover,42.5812,0,0,0,0
nearest,42.5812,-1
cover,42.611,0,0,0,0
nearest,42.611,-1
cover,42.6477,0,0,0,0
nearest,42.6477,-1
cover,42.6781,0,0,0,0
nearest,42.6782,-1
cover,42.7125,0,0,0,0
nearest,42.7125,-1
cover,42.7493,0,0,0,0
nearest,42.7493,-1
cover,42.7809,0,0,0,0
nearest,42.7809,-1
cover,42.8146,0,0,0,0
nearest,42.8146,-1
cover,42.848,0,0,0,0
nearest,42.848,-1
cover,42.8812,0,0,0,0
nearest,42.8812,-1
cover,42.9102,0,0,0,0
nearest,42.9103,-1
cover,42.9415,0,0,0,0
nearest,42.9415,-1
cover,42.9711,0,0,0,0
nearest,42.9711,-1
cover,42.9989,0,0,0,0
nearest,42.9989,-1
cover,43.0279,0,0,0,0
nearest,43.0279,-1
cover,43.0579,0,0,0,0
nearest,43.058,-1
cover,43.0875,0,0,0,0
nearest,43.0876,-1
cover,43.1202,0,0,0,0
nearest,43.1202,-1
cover,43.1503,0,0,0,0
nearest,43.1503,-1
cover,43.1804,0,0,0,0
nearest,43.1804,-1
cover,43.2114,0,0,0,0
nearest,43.2114,-1
cover,43.2418,0,0,0,0
nearest,43.2418,-1
cover,43.2729,0,0,0,0
nearest,43.2729,-1
cover,43.3019,0,0,0,0
nearest,43.3019,-1
cover,43.3323,0,0,0,0
nearest,43.3323,-1
cover,43.3617,0,0,0,0
nearest,43.3617,-1
cover,43.3917,0,0,0,0
nearest,43.3918,-1
cover,43.4218,0,0,0,0
nearest,43.4219,-1
cover,43.4527,0,0,0,0
nearest,43.4527,-1
cover,43.4851,0,0,0,0
nearest,43.4851,-1
cover,43.5149,0,0,0,0
nearest,43.5149,-1
cover,43.5468,0,0,0,0
nearest,43.5469,-1
cover,43.5771,0,0,0,0
nearest,43.5772,-1
cover,43.6066,0,0,0,0
nearest,43.6066,-1
cover,43.6368,0,0,0,0
nearest,43.6368,-1
cover,43.6657,0,0,0,0
nearest,43.6657,-1
cover,43.7215,0,0,0,0
nearest,43.7216,-1
cover,43.7616,0,0,0,0
nearest,43.7617,-1
cover,43.7946,0,0,0,0
nearest,43.7946,-1
cover,43.8263,0,0,0,0
nearest,43.8263,-1
cover,43.8539,0,0,0,0
nearest,43.8539,-1
cover,43.8839,0,0,0,0
nearest,43.8839,-1
cover,43.9154,0,0,0,0
nearest,43.9154,-1
cover,43.9464,0,0,0,0
nearest,43.9464,-1
cover,43.9762,0,0,0,0
nearest,43.9762,-1
cover,44.006,0,0,0,0
nearest,44.006,-1
cover,44.0375,0,0,0,0
nearest,44.0375,-1
cover,44.0688,0,0,0,0
nearest,44.0689,-1
cover,44.1004,0,0,0,0
nearest,44.1005,-1
cover,44.1332,0,0,0,0
nearest,44.1332,-1
cover,44.1645,0,0,0,0
nearest,44.1645,-1
cover,44.1939,0,0,0,0
nearest,44.1939,-1
cover,44.2276,0,0,0,0
nearest,44.2276,-1
cover,44.2607,0,0,0,0
nearest,44.2607,-1
cover,44.2911,0,0,0,0
nearest,44.2912,-1
cover,44.3217,0,0,0,0
nearest,44.3218,-1
cover,44.3541,0,0,0,0
nearest,44.3541,-1
cover,44.3859,0,0,0,0
nearest,44.3859,-1
cover,44.4198,0,0,0,0
nearest,44.4198,-1
cover,44.4521,0,0,0,0
nearest,44.4521,-1
cover,44.4826,0,0,0,0
nearest,44.4826,-1
cover,44.5166,0,0,0,0
nearest,44.5166,-1
cover,44.5483,0,0,0,0
nearest,44.5483,-1
cover,44.5787,0,0,0,0
nearest,44.5787,-1
cover,44.6072,0,0,0,0
nearest,44.6073,-1
cover,44.6398,0,0,0,0
nearest,44.6399,-1
cover,44.6721,0,0,0,0
nearest,44.6721,-1
cover,44.702,0,0,0,0
nearest,44.7021,-1
cover,44.7318,0,0,0,0
nearest,44.7318,-1
cover,44.7633,0,0,0,0
nearest,44.7633,-1
cover,44.792,0,0,0,0
nearest,44.792,-1
cover,44.8214,0,0,0,0
nearest,44.8214,-1
cover,44.8476,0,0,0,0
nearest,44.8476,-1
cover,44.8785,0,0,0,0
nearest,44.8785,-1
cover,44.9111,0,0,0,0
nearest,44.9111,-1
cover,44.9426,0,0,0,0
nearest,44.9426,-1
cover,44.9738,0,0,0,0
nearest,44.9738,-1
cover,45.0057,0,0,0,0
nearest,45.0057,-1
cover,45.0363,0,0,0,0
nearest,45.0363,-1
cover,45.0671,0,0,0,0
nearest,45.0671,-1
cover,45.0973,0,0,0,0
nearest,45.0973,-1
cover,45.127,0,0,0,0
nearest,45.127,-1
cover,45.1588,0,0,0,0
nearest,45.1589,-1
cover,45.1847,0,0,0,0
nearest,45.1847,-1
cover,45.2175,0,0,0,0
nearest,45.2175,-1
cover,45.2438,0,0,0,0
nearest,45.2438,-1
cover,45.273,0,0,0,0
nearest,45.273,-1
cover,45.303,0,0,0,0
nearest,45.3031,-1
cover,45.3341,0,0,0,0
nearest,45.3341,-1
cover,45.361,0,0,0,0
nearest,45.361,-1
cover,45.3907,0,0,0,0
nearest,45.3907,-1
cover,45.4197,0,0,0,0
nearest,45.4197,-1
cover,45.4523,0,0,0,0
nearest,45.4523,-1
cover,45.483,0,0,0,0
nearest,45.483,-1
cover,45.5119,0,0,0,0
nearest,45.512,-1
cover,45.5434,0,0,0,0
nearest,45.5434,-1
cover,45.5736,0,0,0,0
nearest,45.5737,-1
cover,45.602,0,0,0,0
nearest,45.602,-1
cover,45.6338,0,0,0,0
nearest,45.6339,-1
cover,45.6669,0,0,0,0
nearest,45.6669,-1
cover,45.6965,0,0,0,0
nearest,45.6965,-1
cover,45.7299,0,0,0,0
nearest,45.7299,-1
cover,45.762,0,0,0,0
nearest,45.7621,-1
cover,45.7931,0,0,0,0
nearest,45.7932,-1
cover,45.8205,0,0,0,0
nearest,45.8205,-1
cover,45.8502,0,0,0,0
nearest,45.8503,-1
cover,45.8822,0,0,0,0
nearest,45.8822,-1
cover,45.9115,0,0,0,0
nearest,45.9115,-1
cover,45.9426,0,0,0,0
nearest,45.9426,-1
cover,45.9728,0,0,0,0
nearest,45.9729,-1
cover,46.0045,0,0,0,0
nearest,46.0046,-1
cover,46.035,0,0,0,0
nearest,46.035,-1
cover,46.0673,0,0,0,0
nearest,46.0673,-1
cover,46.0979,0,0,0,0
nearest,46.0979,-1
cover,46.1323,0,0,0,0
nearest,46.1324,-1
cover,46.1639,0,0,0,0
nearest,46.1639,-1
cover,46.1956,0,0,0,0
nearest,46.1956,-1
cover,46.2301,0,0,0,0
nearest,46.2301,-1
cover,46.2625,0,0,0,0
nearest,46.2625,-1
cover,46.2958,0,0,0,0
nearest,46.2959,-1
cover,46.3277,0,0,0,0
nearest,46.3278,-1
cover,46.3687,0,0,0,0
nearest,46.3687,-1
cover,46.4052,0,0,0,0
nearest,46.4052,-1
cover,46.4375,0,0,0,0
nearest,46.4375,-1
cover,46.4704,0,0,0,0
nearest,46.4705,-1
cover,46.5017,0,0,0,0
nearest,46.5017,-1
cover,46.5315,0,0,0,0
nearest,46.5316,-1
cover,46.5614,0,0,0,0
nearest,46.5614,-1
cover,46.5936,0,0,0,0
nearest,46.5937,-1
cover,46.6246,0,0,0,0
nearest,46.6246,-1
cover,46.6692,0,0,0,0
nearest,46.6693,-1
cover,46.7083,0,0,0,0
nearest,46.7083,-1
cover,46.7471,0,0,0,0
nearest,46.7471,-1
cover,46.7845,0,0,0,0
nearest,46.7846,-1
cover,46.832,0,0,0,0
nearest,46.8321,-1
cover,46.8682,0,0,0,0
nearest,46.8683,-1
cover,46.8972,0,0,0,0
nearest,46.8972,-1
cover,46.9277,0,0,0,0
nearest,46.9277,-1
cover,46.9545,0,0,0,0
nearest,46.9545,-1
cover,46.9823,0,0,0,0
nearest,46.9823,-1
cover,47.009,0,0,0,0
nearest,47.009,-1
cover,47.0351,0,0,0,0
nearest,47.0351,-1
cover,47.0601,0,0,0,0
nearest,47.0601,-1
cover,47.0883,0,0,0,0
nearest,47.0883,-1
cover,47.1163,0,0,0,0
nearest,47.1163,-1
cover,47.1425,0,0,0,0
nearest,47.1425,-1
cover,47.1769,0,0,0,0
nearest,47.1769,-1
cover,47.2094,0,0,0,0
nearest,47.2094,-1
cover,47.2427,0,0,0,0
nearest,47.2427,-1
cover,47.2703,0,0,0,0
nearest,47.2703,-1
cover,47.3,0,0,0,0
nearest,47.3,-1
cover,47.3323,0,0,0,0
nearest,47.3323,-1
cover,47.3646,0,0,0,0
nearest,47.3646,-1
cover,47.3942,0,0,0,0
nearest,47.3943,-1
cover,47.4212,0,0,0,0
nearest,47.4212,-1
cover,47.4567,0,0,0,0
nearest,47.4567,-1
cover,47.491,0,0,0,0
nearest,47.491,-1
cover,47.5205,0,0,0,0
nearest,47.5205,-1
cover,47.549,0,0,0,0
nearest,47.549,-1
cover,47.575,0,0,0,0
nearest,47.575,-1
cover,47.6019,0,0,0,0
nearest,47.6019,-1
cover,47.6279,0,0,0,0
nearest,47.6279,-1
cover,47.6584,0,0,0,0
nearest,47.6585,-1
cover,47.6902,0,0,0,0
nearest,47.6902,-1
cover,47.7217,0,0,0,0
nearest,47.7217,-1
cover,47.7494,0,0,0,0
nearest,47.7495,-1
cover,47.777,0,0,0,0
nearest,47.777,-1
cover,47.8045,0,0,0,0
nearest,47.8045,-1
cover,47.8342,0,0,0,0
nearest,47.8342,-1
cover,47.8652,2,1,1,1
err,47.8652,-131.0,12.81
timing,47.8652,4.8,24.8
gate,47.8652,10.3,1.0,0.249,0.0
det,47.8652,1111.19,794.88,78.12,194.25,0.898,Body
det,47.8652,1139.19,798.38,19.62,26.25,0.823,Head
cover,47.8906,2,1,1,1
err,47.8906,-131.0,12.81
timing,47.8906,1.7,22.3
gate,47.8906,10.3,1.0,0.249,0.0
det,47.8906,1111.19,794.88,78.12,194.25,0.898,Body
det,47.8906,1139.19,798.38,19.62,26.25,0.823,Head
cover,47.9154,2,1,1,1
err,47.9155,-131.0,12.81
timing,47.9155,0.7,23.5
gate,47.9155,10.3,1.0,0.249,0.0
det,47.9155,1111.19,794.88,78.12,194.25,0.898,Body
det,47.9155,1139.19,798.38,19.62,26.25,0.823,Head
cover,47.9411,2,1,1,1
err,47.9412,-131.0,12.81
timing,47.9412,0.7,24.1
gate,47.9412,10.3,1.0,0.249,0.0
det,47.9412,1111.19,794.88,78.12,194.25,0.898,Body
det,47.9412,1139.19,798.38,19.62,26.25,0.823,Head
cover,47.9676,2,1,1,1
err,47.9676,-131.0,12.81
timing,47.9676,0.6,25.3
gate,47.9676,10.3,1.0,0.249,0.0
det,47.9676,1111.19,794.88,78.12,194.25,0.898,Body
det,47.9676,1139.19,798.38,19.62,26.25,0.823,Head
cover,47.9958,2,1,1,1
err,47.9958,-131.0,12.81
timing,47.9958,0.7,26.7
gate,47.9958,10.3,1.0,0.249,0.0
det,47.9958,1111.19,794.88,78.12,194.25,0.898,Body
det,47.9958,1139.19,798.38,19.62,26.25,0.823,Head
cover,48.024,2,1,1,1
err,48.024,-131.0,12.81
timing,48.024,0.9,26.4
gate,48.024,10.3,1.0,0.249,0.0
det,48.024,1111.19,794.88,78.12,194.25,0.898,Body
det,48.024,1139.19,798.38,19.62,26.25,0.823,Head
cover,48.0571,2,1,1,1
err,48.0571,-54.0,178.71
timing,48.0571,1.9,30.2
gate,48.0571,10.3,1.0,0.249,0.0
det,48.0571,1189.19,964.25,77.62,159.5,0.889,Body
det,48.0571,1216.12,965.38,19.75,24.25,0.851,Head
cover,48.0919,2,1,1,1
err,48.0919,-51.5,217.23
timing,48.0919,3.6,29.6
gate,48.0919,10.3,1.0,0.249,0.0
det,48.0919,1189.94,1001.0,78.62,120.0,0.888,Body
det,48.0919,1218.5,1003.75,20.0,24.5,0.829,Head
cover,48.1532,2,1,1,1
err,48.1534,-102.5,219.75
timing,48.1534,4.9,54.6
gate,48.1534,10.3,1.0,0.249,0.0
det,48.1534,1137.75,1006.0,79.75,117.0,0.884,Body
det,48.1534,1167.56,1006.0,19.88,25.0,0.795,Head
cover,48.1961,2,1,1,0
nearest,48.1961,345.5
cover,48.2268,1,0,1,0
nearest,48.2268,-1
cover,48.2574,1,0,1,0
nearest,48.2574,-1
cover,48.2862,1,0,1,0
nearest,48.2863,-1
cover,48.3163,1,0,1,0
nearest,48.3164,-1
cover,48.3474,1,0,1,0
nearest,48.3474,-1
cover,48.3774,1,0,1,0
nearest,48.3774,-1
cover,48.4073,2,1,1,1
err,48.4073,-200.06,70.71
timing,48.4073,4.0,25.3
gate,48.4073,10.3,1.0,0.249,0.0
det,48.4073,1040.25,855.0,78.62,178.0,0.883,Body
det,48.4073,1069.88,857.38,20.12,24.25,0.855,Head
cover,48.4399,0,0,0,0
nearest,48.4399,-1
cover,48.467,0,0,0,0
nearest,48.467,-1
cover,48.4984,0,0,0,0
nearest,48.4984,-1
cover,48.5277,0,0,0,0
nearest,48.5277,-1
cover,48.5578,0,0,0,0
nearest,48.5578,-1
cover,48.5886,0,0,0,0
nearest,48.5887,-1
cover,48.6163,0,0,0,0
nearest,48.6163,-1
cover,48.6467,0,0,0,0
nearest,48.6467,-1
cover,48.6764,0,0,0,0
nearest,48.6764,-1
cover,48.7049,0,0,0,0
nearest,48.705,-1
cover,48.7332,0,0,0,0
nearest,48.7333,-1
cover,48.7616,0,0,0,0
nearest,48.7616,-1
cover,48.7903,1,0,1,0
nearest,48.7903,-1
cover,48.8221,0,0,0,0
nearest,48.8222,-1
cover,48.8605,0,0,0,0
nearest,48.8605,-1
cover,48.8899,0,0,0,0
nearest,48.89,-1
cover,48.9196,0,0,0,0
nearest,48.9196,-1
cover,48.9543,0,0,0,0
nearest,48.9543,-1
cover,48.9871,0,0,0,0
nearest,48.9872,-1
cover,49.0246,0,0,0,0
nearest,49.0246,-1
cover,49.0637,0,0,0,0
nearest,49.0637,-1
cover,49.0989,0,0,0,0
nearest,49.0989,-1
cover,49.1297,0,0,0,0
nearest,49.1297,-1
cover,49.1615,0,0,0,0
nearest,49.1615,-1
cover,49.1929,0,0,0,0
nearest,49.1929,-1
cover,49.2237,0,0,0,0
nearest,49.2237,-1
lmb,49.254,1
cover,49.2554,0,0,0,0
nearest,49.2554,-1
cover,49.2852,0,0,0,0
nearest,49.2852,-1
lmb,49.3287,0
cover,49.3309,0,0,0,0
nearest,49.3309,-1
cover,49.3831,0,0,0,0
nearest,49.3831,-1
cover,49.4148,0,0,0,0
nearest,49.4149,-1
cover,49.4466,0,0,0,0
nearest,49.4466,-1
cover,49.4752,0,0,0,0
nearest,49.4753,-1
cover,49.5063,0,0,0,0
nearest,49.5063,-1
cover,49.5355,0,0,0,0
nearest,49.5355,-1
cover,49.5657,0,0,0,0
nearest,49.5657,-1
cover,49.5958,0,0,0,0
nearest,49.5958,-1
cover,49.6221,0,0,0,0
nearest,49.6222,-1
cover,49.6529,0,0,0,0
nearest,49.6529,-1
cover,49.6823,0,0,0,0
nearest,49.6823,-1
cover,49.7098,0,0,0,0
nearest,49.7098,-1
cover,49.7409,0,0,0,0
nearest,49.7409,-1
cover,49.7708,1,0,1,0
nearest,49.7708,-1
cover,49.8015,1,0,1,0
nearest,49.8016,-1
cover,49.8297,1,0,1,0
nearest,49.8297,-1
cover,49.8574,0,0,0,0
nearest,49.8574,-1
cover,49.8887,0,0,0,0
nearest,49.8887,-1
cover,49.917,0,0,0,0
nearest,49.917,-1
cover,49.9464,2,1,1,0
nearest,49.9465,92.3
cover,49.9769,2,1,1,0
nearest,49.9769,92.1
cover,50.0072,2,1,1,1
err,50.0073,-91.75,-6.4
timing,50.0073,2.5,27.0
gate,50.0072,10.3,1.0,0.249,0.0
det,50.0073,1161.19,783.0,55.12,123.5,0.887,Body
det,50.0073,1180.81,784.25,14.88,17.0,0.795,Head
cover,50.0369,2,1,1,1
err,50.037,-91.75,-7.19
timing,50.037,2.2,25.9
gate,50.037,10.3,1.0,0.249,0.0
det,50.037,1161.81,782.5,54.38,123.0,0.9,Body
det,50.037,1181.25,783.88,14.0,16.25,0.774,Head
cover,50.0667,2,1,1,1
err,50.0668,-92.0,-7.69
timing,50.0668,2.3,25.9
gate,50.0668,10.3,1.0,0.249,0.0
det,50.0668,1161.75,782.25,54.75,123.0,0.896,Body
det,50.0668,1180.69,783.38,14.62,16.25,0.806,Head
cover,50.0964,2,1,1,1
err,50.0964,-92.0,-7.69
timing,50.0964,2.6,25.7
gate,50.0964,10.3,1.0,0.249,0.0
det,50.0964,1161.94,782.25,54.62,123.0,0.895,Body
det,50.0964,1180.81,783.38,14.38,16.25,0.806,Head
cover,50.1236,2,1,1,1
err,50.1236,-92.0,-7.69
timing,50.1236,1.5,24.9
gate,50.1236,10.3,1.0,0.249,0.0
det,50.1236,1161.75,782.25,54.75,123.0,0.896,Body
det,50.1236,1180.75,783.38,14.5,16.25,0.806,Head
cover,50.1535,2,1,1,1
err,50.1535,-92.0,-7.69
timing,50.1535,3.1,26.1
gate,50.1535,10.3,1.0,0.249,0.0
det,50.1535,1161.75,782.62,54.75,122.75,0.896,Body
det,50.1535,1180.69,783.38,14.62,16.25,0.798,Head
cover,50.1841,2,1,1,1
err,50.1841,-92.0,-7.69
timing,50.1841,2.8,26.3
gate,50.1841,10.3,1.0,0.249,0.0
det,50.1841,1161.75,782.62,54.75,122.75,0.895,Body
det,50.1841,1180.75,783.38,14.5,16.25,0.795,Head
cover,50.2153,2,1,1,1
err,50.2154,-92.0,-7.69
timing,50.2154,3.3,25.7
gate,50.2154,10.3,1.0,0.249,0.0
det,50.2154,1161.56,782.62,54.88,122.75,0.896,Body
det,50.2154,1180.81,783.38,14.38,16.25,0.797,Head
cover,50.2465,2,1,1,1
err,50.2465,-92.0,-7.7
timing,50.2465,4.4,25.2
gate,50.2465,10.3,1.0,0.249,0.0
det,50.2465,1161.75,782.62,54.75,122.75,0.896,Body
det,50.2465,1180.94,783.5,14.12,16.0,0.791,Head
cover,50.2805,2,1,1,1
err,50.2806,-92.0,-7.7
timing,50.2806,3.2,29.3
gate,50.2806,10.3,1.0,0.249,0.0
det,50.2806,1161.75,782.5,54.75,122.5,0.896,Body
det,50.2806,1180.81,783.5,14.38,16.0,0.783,Head
cover,50.3142,2,1,1,1
err,50.3142,-91.25,6.83
timing,50.3142,2.2,30.0
gate,50.3142,10.3,1.0,0.249,0.0
det,50.3142,1162.31,797.12,54.38,123.75,0.904,Body
det,50.3142,1181.69,797.75,14.12,16.5,0.848,Head
cover,50.3457,2,1,1,0
nearest,50.3457,91.1
cover,50.3743,2,1,1,0
nearest,50.3743,91.1
cover,50.4045,2,1,1,0
nearest,50.4045,90.8
cover,50.4353,2,1,1,1
err,50.4354,-89.25,14.31
timing,50.4354,3.4,26.7
gate,50.4354,10.3,1.0,0.249,0.0
det,50.4354,1164.44,804.25,54.12,124.5,0.895,Body
det,50.4354,1183.56,805.38,14.38,16.25,0.835,Head
cover,50.4651,2,1,1,1
err,50.4651,-89.38,14.79
timing,50.4651,2.4,25.8
gate,50.4651,10.3,1.0,0.249,0.0
det,50.4651,1164.44,804.25,54.12,124.5,0.895,Body
det,50.4651,1183.62,806.12,14.0,15.75,0.835,Head
cover,50.4987,2,1,1,0
nearest,50.4987,88.3
lmb,50.5316,1
cover,50.5329,2,1,1,0
nearest,50.5329,72.5
cover,50.5668,2,1,1,0
nearest,50.5669,70.0
cover,50.5954,2,1,1,0
nearest,50.5954,70.1
cover,50.6245,2,1,1,0
nearest,50.6246,70.1
lmb,50.6549,0
cover,50.6561,2,1,1,0
nearest,50.6561,70.0
cover,50.6853,2,1,1,0
nearest,50.6853,70.1
cover,50.7129,2,1,1,0
nearest,50.713,70.1
cover,50.7404,2,1,1,0
nearest,50.7404,70.1
cover,50.7705,2,1,1,0
nearest,50.7706,70.1
cover,50.7984,2,1,1,0
nearest,50.7985,70.1
cover,50.8242,2,1,1,0
nearest,50.8242,69.9
cover,50.855,2,1,1,0
nearest,50.855,70.1
cover,50.8848,2,1,1,0
nearest,50.8849,70.0
cover,50.9154,2,1,1,0
nearest,50.9155,70.0
cover,50.9436,2,1,1,0
nearest,50.9436,70.0
cover,50.9762,2,1,1,0
nearest,50.9762,70.0
cover,51.0072,2,1,1,0
nearest,51.0073,70.0
cover,51.037,2,1,1,0
nearest,51.037,70.0
cover,51.0664,2,1,1,0
nearest,51.0664,70.0
cover,51.0939,2,1,1,0
nearest,51.094,70.0
cover,51.1235,2,1,1,0
nearest,51.1235,70.0
cover,51.153,2,1,1,0
nearest,51.1531,70.0
cover,51.1834,2,1,1,0
nearest,51.1834,70.1
cover,51.2126,2,1,1,0
nearest,51.2127,70.1
cover,51.241,2,1,1,0
nearest,51.241,70.1
cover,51.271,2,1,1,0
nearest,51.2711,70.0
cover,51.2995,2,1,1,0
nearest,51.2996,70.0
cover,51.3279,2,1,1,0
nearest,51.3279,70.1
cover,51.357,2,1,1,0
nearest,51.357,70.1
cover,51.3863,2,1,1,0
nearest,51.3864,70.1
cover,51.4171,2,1,1,0
nearest,51.4172,70.1
cover,51.4482,0,0,0,0
nearest,51.4483,-1
cover,51.4765,0,0,0,0
nearest,51.4765,-1
cover,51.5076,0,0,0,0
nearest,51.5076,-1
cover,51.5384,0,0,0,0
nearest,51.5385,-1
cover,51.5689,0,0,0,0
nearest,51.5689,-1
cover,51.5989,0,0,0,0
nearest,51.5989,-1
cover,51.6269,0,0,0,0
nearest,51.6269,-1
cover,51.6585,0,0,0,0
nearest,51.6585,-1
cover,51.6881,0,0,0,0
nearest,51.6881,-1
cover,51.7161,0,0,0,0
nearest,51.7161,-1
cover,51.7425,0,0,0,0
nearest,51.7425,-1
cover,51.7722,0,0,0,0
nearest,51.7722,-1
cover,51.8006,0,0,0,0
nearest,51.8006,-1
cover,51.8273,0,0,0,0
nearest,51.8273,-1
cover,51.8583,0,0,0,0
nearest,51.8583,-1
cover,51.8892,0,0,0,0
nearest,51.8892,-1
cover,51.9194,0,0,0,0
nearest,51.9195,-1
cover,51.9494,0,0,0,0
nearest,51.9494,-1
cover,51.9777,0,0,0,0
nearest,51.9777,-1
cover,52.0067,0,0,0,0
nearest,52.0067,-1
cover,52.0375,0,0,0,0
nearest,52.0375,-1
cover,52.067,0,0,0,0
nearest,52.0671,-1
cover,52.095,0,0,0,0
nearest,52.095,-1
cover,52.1248,0,0,0,0
nearest,52.1248,-1
cover,52.1548,0,0,0,0
nearest,52.1548,-1
cover,52.1844,0,0,0,0
nearest,52.1844,-1
cover,52.2161,0,0,0,0
nearest,52.2161,-1
cover,52.2451,0,0,0,0
nearest,52.2451,-1
cover,52.277,0,0,0,0
nearest,52.277,-1
cover,52.308,0,0,0,0
nearest,52.3081,-1
cover,52.3401,0,0,0,0
nearest,52.3402,-1
cover,52.3706,0,0,0,0
nearest,52.3706,-1
cover,52.4006,0,0,0,0
nearest,52.4007,-1
cover,52.4326,0,0,0,0
nearest,52.4327,-1
cover,52.4617,0,0,0,0
nearest,52.4617,-1
cover,52.4948,0,0,0,0
nearest,52.4948,-1
cover,52.5252,0,0,0,0
nearest,52.5252,-1
cover,52.5564,0,0,0,0
nearest,52.5564,-1
cover,52.5828,0,0,0,0
nearest,52.5828,-1
cover,52.6119,0,0,0,0
nearest,52.6119,-1
cover,52.64,0,0,0,0
nearest,52.64,-1
cover,52.669,0,0,0,0
nearest,52.6691,-1
cover,52.6979,0,0,0,0
nearest,52.6979,-1
cover,52.7265,0,0,0,0
nearest,52.7265,-1
cover,52.755,0,0,0,0
nearest,52.755,-1
cover,52.7837,0,0,0,0
nearest,52.7837,-1
cover,52.811,0,0,0,0
nearest,52.8111,-1
cover,52.8406,0,0,0,0
nearest,52.8406,-1
cover,52.8739,0,0,0,0
nearest,52.874,-1
cover,52.9043,0,0,0,0
nearest,52.9043,-1
cover,52.9351,0,0,0,0
nearest,52.9351,-1
cover,52.9617,0,0,0,0
nearest,52.9617,-1
lmb,52.9936,1
cover,52.9949,0,0,0,0
nearest,52.9949,-1
cover,53.0255,0,0,0,0
nearest,53.0255,-1
cover,53.0561,0,0,0,0
nearest,53.0561,-1
cover,53.087,0,0,0,0
nearest,53.087,-1
lmb,53.1186,0
cover,53.1201,0,0,0,0
nearest,53.1201,-1
cover,53.1479,0,0,0,0
nearest,53.1479,-1
cover,53.1782,0,0,0,0
nearest,53.1782,-1
cover,53.2081,0,0,0,0
nearest,53.2081,-1
cover,53.2388,0,0,0,0
nearest,53.2389,-1
cover,53.2719,0,0,0,0
nearest,53.272,-1
cover,53.3032,0,0,0,0
nearest,53.3032,-1
cover,53.3311,0,0,0,0
nearest,53.3311,-1
cover,53.3628,0,0,0,0
nearest,53.3628,-1
cover,53.3935,0,0,0,0
nearest,53.3935,-1
cover,53.4224,0,0,0,0
nearest,53.4224,-1
cover,53.452,0,0,0,0
nearest,53.452,-1
cover,53.4796,0,0,0,0
nearest,53.4796,-1
cover,53.512,0,0,0,0
nearest,53.512,-1
cover,53.5415,0,0,0,0
nearest,53.5415,-1
cover,53.5708,0,0,0,0
nearest,53.5709,-1
cover,53.5992,0,0,0,0
nearest,53.5992,-1
cover,53.6286,0,0,0,0
nearest,53.6286,-1
cover,53.6613,0,0,0,0
nearest,53.6613,-1
cover,53.6921,0,0,0,0
nearest,53.6921,-1
cover,53.7244,0,0,0,0
nearest,53.7244,-1
cover,53.7566,0,0,0,0
nearest,53.7566,-1
cover,53.7862,0,0,0,0
nearest,53.7862,-1
cover,53.8151,0,0,0,0
nearest,53.8151,-1
cover,53.8434,0,0,0,0
nearest,53.8434,-1
cover,53.8732,0,0,0,0
nearest,53.8732,-1
cover,53.9027,0,0,0,0
nearest,53.9027,-1
cover,53.9289,0,0,0,0
nearest,53.9289,-1
cover,53.9591,0,0,0,0
nearest,53.9591,-1
cover,53.987,0,0,0,0
nearest,53.987,-1
cover,54.0134,0,0,0,0
nearest,54.0134,-1
cover,54.0412,0,0,0,0
nearest,54.0413,-1
cover,54.0704,0,0,0,0
nearest,54.0704,-1
cover,54.0968,0,0,0,0
nearest,54.0968,-1
cover,54.1268,0,0,0,0
nearest,54.1268,-1
cover,54.1565,0,0,0,0
nearest,54.1565,-1
cover,54.1866,0,0,0,0
nearest,54.1866,-1
cover,54.2122,0,0,0,0
nearest,54.2122,-1
cover,54.2425,0,0,0,0
nearest,54.2425,-1
cover,54.2708,0,0,0,0
nearest,54.2708,-1
cover,54.2978,0,0,0,0
nearest,54.2978,-1
lmb,54.3274,1
cover,54.3285,0,0,0,0
nearest,54.3285,-1
cover,54.3566,0,0,0,0
nearest,54.3567,-1
cover,54.3863,0,0,0,0
nearest,54.3863,-1
cover,54.4137,0,0,0,0
nearest,54.4137,-1
lmb,54.4433,0
cover,54.4444,0,0,0,0
nearest,54.4445,-1
cover,54.4733,0,0,0,0
nearest,54.4733,-1
cover,54.5022,0,0,0,0
nearest,54.5022,-1
cover,54.5322,0,0,0,0
nearest,54.5323,-1
cover,54.5617,0,0,0,0
nearest,54.5617,-1
cover,54.5922,0,0,0,0
nearest,54.5922,-1
cover,54.6215,0,0,0,0
nearest,54.6215,-1
cover,54.6493,0,0,0,0
nearest,54.6493,-1
cover,54.6772,0,0,0,0
nearest,54.6772,-1
cover,54.7071,0,0,0,0
nearest,54.7071,-1
cover,54.7369,0,0,0,0
nearest,54.7369,-1
cover,54.7628,0,0,0,0
nearest,54.7628,-1
cover,54.7921,0,0,0,0
nearest,54.7921,-1
cover,54.8209,0,0,0,0
nearest,54.821,-1
cover,54.8473,0,0,0,0
nearest,54.8473,-1
cover,54.8786,0,0,0,0
nearest,54.8786,-1
cover,54.9079,0,0,0,0
nearest,54.9079,-1
cover,54.9372,0,0,0,0
nearest,54.9372,-1
cover,54.9662,0,0,0,0
nearest,54.9663,-1
cover,54.9955,0,0,0,0
nearest,54.9955,-1
cover,55.0254,0,0,0,0
nearest,55.0254,-1
cover,55.0539,0,0,0,0
nearest,55.054,-1
cover,55.0818,0,0,0,0
nearest,55.0818,-1
cover,55.1103,0,0,0,0
nearest,55.1103,-1
cover,55.1397,0,0,0,0
nearest,55.1397,-1
cover,55.1681,0,0,0,0
nearest,55.1681,-1
cover,55.1963,0,0,0,0
nearest,55.1963,-1
cover,55.225,0,0,0,0
nearest,55.225,-1
cover,55.2535,0,0,0,0
nearest,55.2535,-1
cover,55.28,0,0,0,0
nearest,55.2801,-1
cover,55.3111,0,0,0,0
nearest,55.3111,-1
cover,55.3417,0,0,0,0
nearest,55.3417,-1
cover,55.3724,0,0,0,0
nearest,55.3725,-1
cover,55.3989,0,0,0,0
nearest,55.3989,-1
cover,55.4271,0,0,0,0
nearest,55.4271,-1
cover,55.4542,0,0,0,0
nearest,55.4542,-1
cover,55.4796,0,0,0,0
nearest,55.4796,-1
cover,55.5078,0,0,0,0
nearest,55.5078,-1
cover,55.533,0,0,0,0
nearest,55.533,-1
cover,55.5634,0,0,0,0
nearest,55.5634,-1
cover,55.5923,0,0,0,0
nearest,55.5924,-1
cover,55.622,0,0,0,0
nearest,55.622,-1
cover,55.6485,0,0,0,0
nearest,55.6485,-1
cover,55.6761,0,0,0,0
nearest,55.6761,-1
cover,55.7038,0,0,0,0
nearest,55.7038,-1
cover,55.7298,0,0,0,0
nearest,55.7298,-1
cover,55.7582,0,0,0,0
nearest,55.7583,-1
cover,55.7876,0,0,0,0
nearest,55.7876,-1
cover,55.8144,0,0,0,0
nearest,55.8144,-1
cover,55.8442,0,0,0,0
nearest,55.8443,-1
cover,55.8719,0,0,0,0
nearest,55.872,-1
cover,55.8983,0,0,0,0
nearest,55.8983,-1
cover,55.9259,0,0,0,0
nearest,55.9259,-1
cover,55.9551,2,1,1,1
err,55.9551,-292.47,12.29
timing,55.9551,3.8,24.6
gate,55.9551,10.3,1.0,0.249,0.0
det,55.9551,961.06,802.0,54.12,117.0,0.914,Body
det,55.9551,980.31,803.62,14.44,15.75,0.788,Head
cover,55.9836,2,1,1,0
nearest,55.9836,293.7
cover,56.0129,2,1,1,1
err,56.013,-293.36,12.3
timing,56.013,2.6,25.5
gate,56.013,10.3,1.0,0.249,0.0
det,56.013,961.56,801.62,53.88,115.75,0.908,Body
det,56.013,978.84,803.5,15.59,16.0,0.783,Head
cover,56.0428,2,1,1,1
err,56.0429,-292.88,12.29
timing,56.0429,3.1,25.6
gate,56.0429,10.3,1.0,0.249,0.0
det,56.0429,961.31,801.88,54.0,117.25,0.912,Body
det,56.0429,979.97,803.62,14.31,15.75,0.788,Head
cover,56.0716,2,1,1,1
err,56.0716,-292.86,12.29
timing,56.0716,2.4,24.9
gate,56.0716,10.3,1.0,0.249,0.0
det,56.0716,961.34,801.88,54.0,117.25,0.913,Body
det,56.0716,979.97,803.62,14.34,15.75,0.782,Head
cover,56.1004,2,1,1,1
err,56.1004,-292.88,12.3
timing,56.1004,2.2,24.1
gate,56.1004,10.3,1.0,0.249,0.0
det,56.1004,961.34,801.88,53.91,117.25,0.912,Body
det,56.1004,979.97,803.5,14.31,16.0,0.784,Head
cover,56.1274,2,1,1,1
err,56.1275,-292.81,12.3
timing,56.1275,2.1,24.2
gate,56.1275,10.3,1.0,0.249,0.0
det,56.1275,961.34,801.88,53.97,117.25,0.912,Body
det,56.1275,980.03,803.5,14.31,16.0,0.78,Head
cover,56.1559,2,1,1,1
err,56.156,-292.78,12.3
timing,56.156,2.7,24.4
gate,56.156,10.3,1.0,0.249,0.0
det,56.156,961.31,802.0,53.94,117.0,0.912,Body
det,56.156,980.05,803.5,14.33,16.0,0.775,Head
cover,56.1826,2,1,1,1
err,56.1826,-292.84,12.3
timing,56.1826,1.6,24.4
gate,56.1826,10.3,1.0,0.249,0.0
det,56.1826,961.31,802.0,53.94,117.0,0.912,Body
det,56.1826,980.01,803.5,14.3,16.0,0.778,Head
cover,56.2119,2,1,1,1
err,56.212,-292.83,12.3
timing,56.212,3.3,25.3
gate,56.212,10.3,1.0,0.249,0.0
det,56.212,961.38,802.0,53.88,117.0,0.913,Body
det,56.212,980.03,803.5,14.28,16.0,0.777,Head
cover,56.2397,2,1,1,1
err,56.2397,-292.84,12.3
timing,56.2397,3.2,23.8
gate,56.2397,10.3,1.0,0.249,0.0
det,56.2397,961.34,802.0,53.91,117.0,0.913,Body
det,56.2397,980.0,803.5,14.31,16.0,0.776,Head
cover,56.2654,2,1,1,1
err,56.2655,-292.84,12.3
timing,56.2655,2.9,22.2
gate,56.2655,10.3,1.0,0.249,0.0
det,56.2655,961.38,802.0,53.84,117.0,0.913,Body
det,56.2655,980.0,803.5,14.31,16.0,0.773,Head
cover,56.294,2,1,1,1
err,56.2941,-292.86,12.27
timing,56.2941,3.2,24.2
gate,56.2941,10.3,1.0,0.249,0.0
det,56.2941,961.38,801.88,53.88,117.25,0.913,Body
det,56.2941,980.03,803.75,14.22,15.5,0.788,Head
cover,56.3222,2,1,1,1
err,56.3223,-293.39,12.29
timing,56.3223,2.8,24.3
gate,56.3223,10.3,1.0,0.249,0.0
det,56.3223,961.38,802.12,53.62,116.75,0.914,Body
det,56.3223,979.12,803.62,14.97,15.75,0.796,Head
cover,56.3506,2,1,1,1
err,56.3507,-293.3,12.29
timing,56.3507,3.2,23.9
gate,56.3507,10.3,1.0,0.249,0.0
det,56.3507,961.34,802.12,53.62,116.75,0.915,Body
det,56.3507,979.25,803.62,14.91,15.75,0.788,Head
cover,56.3786,2,1,1,1
err,56.3786,-293.31,12.29
timing,56.3786,2.5,24.0
gate,56.3786,10.3,1.0,0.249,0.0
det,56.3786,961.34,802.12,53.69,116.75,0.916,Body
det,56.3786,979.21,803.62,14.95,15.75,0.791,Head
cover,56.4076,2,1,1,1
err,56.4077,-293.56,12.29
timing,56.4077,3.5,24.7
gate,56.4077,10.3,1.0,0.249,0.0
det,56.4077,961.28,802.12,53.81,116.75,0.916,Body
det,56.4077,978.84,803.62,15.19,15.75,0.806,Head
cover,56.4384,2,1,1,1
err,56.4384,-293.55,12.29
timing,56.4384,3.0,26.2
gate,56.4384,10.3,1.0,0.249,0.0
det,56.4384,961.31,802.12,53.75,116.75,0.915,Body
det,56.4384,978.91,803.62,15.09,15.75,0.806,Head
cover,56.4647,2,1,1,1
err,56.4647,-293.56,12.29
timing,56.4647,2.0,23.6
gate,56.4647,10.3,1.0,0.249,0.0
det,56.4647,961.22,802.25,53.88,117.0,0.915,Body
det,56.4647,978.87,803.62,15.14,15.75,0.804,Head
cover,56.4959,2,1,1,1
err,56.4959,-293.59,12.55
timing,56.4959,3.4,26.4
gate,56.4959,10.3,1.0,0.249,0.0
det,56.4959,961.19,802.25,53.94,117.0,0.916,Body
det,56.4959,978.84,803.75,15.12,16.0,0.806,Head
cover,56.5273,2,1,1,1
err,56.5274,-293.39,12.55
timing,56.5274,3.5,26.4
gate,56.5274,10.3,1.0,0.249,0.0
det,56.5274,961.19,802.25,54.0,117.0,0.915,Body
det,56.5274,979.19,803.75,14.84,16.0,0.803,Head
cover,56.5564,2,1,1,1
err,56.5565,-293.44,12.55
timing,56.5565,2.0,25.9
gate,56.5565,10.3,1.0,0.249,0.0
det,56.5565,961.19,802.25,54.06,117.0,0.914,Body
det,56.5565,979.12,803.75,14.88,16.0,0.788,Head
cover,56.5839,2,1,1,1
err,56.584,-293.62,12.55
timing,56.584,2.6,23.8
gate,56.584,10.3,1.0,0.249,0.0
det,56.584,961.12,802.25,54.06,117.0,0.917,Body
det,56.584,978.78,803.75,15.19,16.0,0.804,Head
cover,56.613,2,1,1,1
err,56.613,-293.62,12.55
timing,56.613,3.1,24.7
gate,56.613,10.3,1.0,0.249,0.0
det,56.613,961.16,802.25,54.03,117.0,0.917,Body
det,56.613,978.77,803.75,15.2,16.0,0.804,Head
cover,56.6395,2,1,1,1
err,56.6395,-293.61,12.79
timing,56.6395,3.2,22.7
gate,56.6395,10.3,1.0,0.249,0.0
det,56.6395,961.12,802.25,54.06,117.0,0.917,Body
det,56.6395,978.78,804.12,15.22,15.75,0.816,Head
cover,56.6705,2,1,1,1
err,56.6705,-293.62,12.79
timing,56.6705,3.3,26.3
gate,56.6705,10.3,1.0,0.249,0.0
det,56.6705,961.12,802.25,54.0,117.0,0.917,Body
det,56.6705,978.81,804.12,15.12,15.75,0.818,Head
cover,56.6964,2,1,1,0
nearest,56.6964,293.9
cover,56.7309,2,1,1,0
nearest,56.731,293.9
cover,56.7702,2,1,1,0
nearest,56.7702,293.8
cover,56.7975,2,1,1,0
nearest,56.7975,293.8
cover,56.824,2,1,1,0
nearest,56.824,293.8
cover,56.8513,2,1,1,0
nearest,56.8514,293.8
cover,56.8772,2,1,1,0
nearest,56.8772,293.8
cover,56.9033,0,0,0,0
nearest,56.9033,-1
cover,56.9282,0,0,0,0
nearest,56.9282,-1
cover,56.9536,0,0,0,0
nearest,56.9536,-1
cover,56.9812,0,0,0,0
nearest,56.9812,-1
cover,57.0095,0,0,0,0
nearest,57.0096,-1
cover,57.0378,0,0,0,0
nearest,57.0378,-1
cover,57.0641,0,0,0,0
nearest,57.0641,-1
cover,57.0934,0,0,0,0
nearest,57.0935,-1
cover,57.1187,0,0,0,0
nearest,57.1187,-1
cover,57.1443,0,0,0,0
nearest,57.1444,-1
cover,57.1681,0,0,0,0
nearest,57.1681,-1
cover,57.1936,0,0,0,0
nearest,57.1936,-1
cover,57.224,0,0,0,0
nearest,57.224,-1
cover,57.2538,0,0,0,0
nearest,57.2538,-1
cover,57.2794,0,0,0,0
nearest,57.2794,-1
cover,57.3043,0,0,0,0
nearest,57.3043,-1
cover,57.3296,0,0,0,0
nearest,57.3296,-1
cover,57.3538,0,0,0,0
nearest,57.3538,-1
cover,57.3783,0,0,0,0
nearest,57.3783,-1
cover,57.4033,0,0,0,0
nearest,57.4034,-1
cover,57.4268,0,0,0,0
nearest,57.4269,-1
cover,57.4522,0,0,0,0
nearest,57.4522,-1
cover,57.4782,0,0,0,0
nearest,57.4782,-1
cover,57.507,0,0,0,0
nearest,57.507,-1
cover,57.5322,0,0,0,0
nearest,57.5322,-1
cover,57.5568,0,0,0,0
nearest,57.5569,-1
cover,57.5823,0,0,0,0
nearest,57.5823,-1
cover,57.6145,0,0,0,0
nearest,57.6145,-1
cover,57.6437,0,0,0,0
nearest,57.6437,-1
cover,57.6694,0,0,0,0
nearest,57.6694,-1
cover,57.695,0,0,0,0
nearest,57.695,-1
cover,57.7213,0,0,0,0
nearest,57.7213,-1
cover,57.7468,0,0,0,0
nearest,57.7468,-1
cover,57.7736,0,0,0,0
nearest,57.7736,-1
cover,57.8001,0,0,0,0
nearest,57.8002,-1
cover,57.8306,0,0,0,0
nearest,57.8306,-1
cover,57.8599,0,0,0,0
nearest,57.8599,-1
cover,57.8922,0,0,0,0
nearest,57.8922,-1
cover,57.934,0,0,0,0
nearest,57.934,-1
cover,57.9637,0,0,0,0
nearest,57.9637,-1
cover,57.9911,0,0,0,0
nearest,57.9912,-1
cover,58.018,0,0,0,0
nearest,58.018,-1
cover,58.0469,0,0,0,0
nearest,58.047,-1
cover,58.0787,0,0,0,0
nearest,58.0787,-1
cover,58.1083,0,0,0,0
nearest,58.1083,-1
cover,58.1368,0,0,0,0
nearest,58.1368,-1
cover,58.1616,0,0,0,0
nearest,58.1616,-1
cover,58.1876,0,0,0,0
nearest,58.1877,-1
cover,58.215,0,0,0,0
nearest,58.215,-1
cover,58.243,0,0,0,0
nearest,58.243,-1
cover,58.2752,0,0,0,0
nearest,58.2752,-1
cover,58.3005,0,0,0,0
nearest,58.3006,-1
cover,58.3446,0,0,0,0
nearest,58.3447,-1
cover,58.3926,0,0,0,0
nearest,58.3926,-1
cover,58.4852,0,0,0,0
nearest,58.4853,-1
cover,58.5215,0,0,0,0
nearest,58.5215,-1
cover,58.5484,0,0,0,0
nearest,58.5484,-1
cover,58.5779,0,0,0,0
nearest,58.578,-1
cover,58.6082,0,0,0,0
nearest,58.6082,-1
cover,58.6403,0,0,0,0
nearest,58.6403,-1
cover,58.6702,0,0,0,0
nearest,58.6702,-1
cover,58.6988,0,0,0,0
nearest,58.6989,-1
cover,58.7286,0,0,0,0
nearest,58.7287,-1
cover,58.7565,0,0,0,0
nearest,58.7565,-1
cover,58.7853,0,0,0,0
nearest,58.7853,-1
cover,58.8136,0,0,0,0
nearest,58.8136,-1
cover,58.8424,0,0,0,0
nearest,58.8425,-1
cover,58.8766,0,0,0,0
nearest,58.8766,-1
cover,58.9047,0,0,0,0
nearest,58.9047,-1
cover,58.9391,0,0,0,0
nearest,58.9391,-1
cover,58.9748,0,0,0,0
nearest,58.9749,-1
cover,59.0012,0,0,0,0
nearest,59.0012,-1
cover,59.0291,0,0,0,0
nearest,59.0292,-1
cover,59.0603,0,0,0,0
nearest,59.0604,-1
cover,59.0892,0,0,0,0
nearest,59.0892,-1
cover,59.1147,0,0,0,0
nearest,59.1148,-1
cover,59.1449,0,0,0,0
nearest,59.1449,-1
cover,59.1769,0,0,0,0
nearest,59.1769,-1
cover,59.2051,0,0,0,0
nearest,59.2052,-1
cover,59.2361,0,0,0,0
nearest,59.2361,-1
cover,59.2671,0,0,0,0
nearest,59.2672,-1
cover,59.296,0,0,0,0
nearest,59.296,-1
cover,59.3222,0,0,0,0
nearest,59.3222,-1
cover,59.348,0,0,0,0
nearest,59.348,-1
cover,59.3762,0,0,0,0
nearest,59.3762,-1
cover,59.406,0,0,0,0
nearest,59.406,-1
cover,59.433,0,0,0,0
nearest,59.433,-1
cover,59.464,0,0,0,0
nearest,59.464,-1
cover,59.4974,0,0,0,0
nearest,59.4976,-1
cover,59.533,0,0,0,0
nearest,59.533,-1
cover,59.5672,0,0,0,0
nearest,59.5672,-1
cover,59.5983,0,0,0,0
nearest,59.5984,-1
cover,59.6268,0,0,0,0
nearest,59.6268,-1
cover,59.6577,0,0,0,0
nearest,59.6577,-1
cover,59.6831,0,0,0,0
nearest,59.6832,-1
cover,59.7128,0,0,0,0
nearest,59.7128,-1
cover,59.7414,0,0,0,0
nearest,59.7414,-1
cover,59.7717,0,0,0,0
nearest,59.7717,-1
cover,59.8028,0,0,0,0
nearest,59.8028,-1
cover,59.832,0,0,0,0
nearest,59.832,-1
cover,59.8643,0,0,0,0
nearest,59.8643,-1
cover,59.8962,0,0,0,0
nearest,59.8962,-1
cover,59.9249,0,0,0,0
nearest,59.9249,-1
cover,59.9512,0,0,0,0
nearest,59.9512,-1
cover,59.9799,0,0,0,0
nearest,59.98,-1
cover,60.0127,0,0,0,0
nearest,60.0127,-1
cover,60.0432,0,0,0,0
nearest,60.0432,-1
cover,60.0706,0,0,0,0
nearest,60.0706,-1
cover,60.1009,0,0,0,0
nearest,60.1009,-1
cover,60.1296,0,0,0,0
nearest,60.1296,-1
cover,60.1573,0,0,0,0
nearest,60.1573,-1
cover,60.1863,0,0,0,0
nearest,60.1863,-1
cover,60.2129,0,0,0,0
nearest,60.2129,-1
cover,60.2424,0,0,0,0
nearest,60.2424,-1
cover,60.2693,0,0,0,0
nearest,60.2693,-1
cover,60.2996,0,0,0,0
nearest,60.2997,-1
cover,60.3311,0,0,0,0
nearest,60.3311,-1
cover,60.361,0,0,0,0
nearest,60.361,-1
cover,60.3904,0,0,0,0
nearest,60.3904,-1
cover,60.4197,0,0,0,0
nearest,60.4197,-1
cover,60.4472,0,0,0,0
nearest,60.4472,-1
cover,60.4788,0,0,0,0
nearest,60.4789,-1
cover,60.5098,0,0,0,0
nearest,60.5099,-1
cover,60.5376,0,0,0,0
nearest,60.5376,-1
cover,60.5673,0,0,0,0
nearest,60.5673,-1
cover,60.599,0,0,0,0
nearest,60.599,-1
cover,60.6285,0,0,0,0
nearest,60.6285,-1
cover,60.6584,0,0,0,0
nearest,60.6584,-1
cover,60.6871,0,0,0,0
nearest,60.6871,-1
cover,60.7128,0,0,0,0
nearest,60.7129,-1
cover,60.7437,0,0,0,0
nearest,60.7438,-1
cover,60.773,0,0,0,0
nearest,60.773,-1
cover,60.801,0,0,0,0
nearest,60.801,-1
cover,60.8306,0,0,0,0
nearest,60.8306,-1
cover,60.8606,0,0,0,0
nearest,60.8606,-1
cover,60.8922,0,0,0,0
nearest,60.8923,-1
cover,60.927,0,0,0,0
nearest,60.9271,-1
cover,60.9569,0,0,0,0
nearest,60.9569,-1
cover,60.9887,0,0,0,0
nearest,60.9887,-1
cover,61.0201,0,0,0,0
nearest,61.0201,-1
cover,61.0495,0,0,0,0
nearest,61.0495,-1
cover,61.0787,0,0,0,0
nearest,61.0787,-1
cover,61.1095,0,0,0,0
nearest,61.1095,-1
cover,61.1363,0,0,0,0
nearest,61.1364,-1
cover,61.1668,0,0,0,0
nearest,61.1669,-1
cover,61.2004,0,0,0,0
nearest,61.2004,-1
cover,61.2289,0,0,0,0
nearest,61.2289,-1
cover,61.2666,0,0,0,0
nearest,61.2666,-1
cover,61.2986,0,0,0,0
nearest,61.2986,-1
cover,61.3296,0,0,0,0
nearest,61.3296,-1
cover,61.3607,0,0,0,0
nearest,61.3607,-1
cover,61.3905,0,0,0,0
nearest,61.3905,-1
cover,61.4225,0,0,0,0
nearest,61.4226,-1
cover,61.4514,0,0,0,0
nearest,61.4514,-1
cover,61.4782,0,0,0,0
nearest,61.4782,-1
cover,61.5073,0,0,0,0
nearest,61.5073,-1
cover,61.5358,0,0,0,0
nearest,61.5358,-1
cover,61.5657,0,0,0,0
nearest,61.5657,-1
cover,61.5974,0,0,0,0
nearest,61.5975,-1
cover,61.6258,0,0,0,0
nearest,61.6258,-1
cover,61.6516,0,0,0,0
nearest,61.6516,-1
cover,61.6815,0,0,0,0
nearest,61.6815,-1
cover,61.714,0,0,0,0
nearest,61.714,-1
cover,61.7452,0,0,0,0
nearest,61.7452,-1
cover,61.7769,0,0,0,0
nearest,61.7769,-1
cover,61.8057,0,0,0,0
nearest,61.8058,-1
cover,61.8331,0,0,0,0
nearest,61.8331,-1
cover,61.865,0,0,0,0
nearest,61.8651,-1
cover,61.8953,0,0,0,0
nearest,61.8953,-1
cover,61.925,0,0,0,0
nearest,61.925,-1
cover,61.9539,0,0,0,0
nearest,61.9539,-1
cover,61.9826,0,0,0,0
nearest,61.9826,-1
cover,62.0125,0,0,0,0
nearest,62.0125,-1
cover,62.0414,0,0,0,0
nearest,62.0414,-1
cover,62.0695,0,0,0,0
nearest,62.0695,-1
cover,62.0985,0,0,0,0
nearest,62.0985,-1
cover,62.1272,0,0,0,0
nearest,62.1272,-1
cover,62.1603,0,0,0,0
nearest,62.1604,-1
cover,62.1851,0,0,0,0
nearest,62.1852,-1
cover,62.215,0,0,0,0
nearest,62.215,-1
cover,62.2474,0,0,0,0
nearest,62.2474,-1
cover,62.2763,0,0,0,0
nearest,62.2763,-1
cover,62.3096,0,0,0,0
nearest,62.3097,-1
cover,62.3391,0,0,0,0
nearest,62.3391,-1
cover,62.3723,0,0,0,0
nearest,62.3723,-1
cover,62.4013,0,0,0,0
nearest,62.4013,-1
cover,62.4329,0,0,0,0
nearest,62.4329,-1
cover,62.4648,0,0,0,0
nearest,62.4649,-1
cover,62.498,0,0,0,0
nearest,62.498,-1
cover,62.5258,0,0,0,0
nearest,62.5258,-1
cover,62.5525,0,0,0,0
nearest,62.5525,-1
cover,62.5811,0,0,0,0
nearest,62.5811,-1
cover,62.611,0,0,0,0
nearest,62.611,-1
cover,62.6394,0,0,0,0
nearest,62.6394,-1
cover,62.6667,0,0,0,0
nearest,62.6668,-1
cover,62.6953,0,0,0,0
nearest,62.6953,-1
cover,62.7235,0,0,0,0
nearest,62.7235,-1
cover,62.7505,0,0,0,0
nearest,62.7505,-1
cover,62.7826,0,0,0,0
nearest,62.7826,-1
cover,62.8132,0,0,0,0
nearest,62.8132,-1
cover,62.8394,0,0,0,0
nearest,62.8394,-1
cover,62.8657,0,0,0,0
nearest,62.8657,-1
cover,62.8944,0,0,0,0
nearest,62.8944,-1
cover,62.9305,0,0,0,0
nearest,62.9306,-1
cover,62.9678,0,0,0,0
nearest,62.9679,-1
cover,62.9991,0,0,0,0
nearest,62.9991,-1
cover,63.0295,0,0,0,0
nearest,63.0295,-1
cover,63.0608,0,0,0,0
nearest,63.0608,-1
cover,63.088,0,0,0,0
nearest,63.088,-1
cover,63.1162,0,0,0,0
nearest,63.1162,-1
cover,63.1454,0,0,0,0
nearest,63.1455,-1
cover,63.1767,0,0,0,0
nearest,63.1768,-1
cover,63.2083,0,0,0,0
nearest,63.2084,-1
cover,63.241,0,0,0,0
nearest,63.241,-1
cover,63.2762,0,0,0,0
nearest,63.2762,-1
cover,63.3068,0,0,0,0
nearest,63.3068,-1
cover,63.3379,0,0,0,0
nearest,63.338,-1
cover,63.3714,0,0,0,0
nearest,63.3714,-1
cover,63.4054,0,0,0,0
nearest,63.4054,-1
cover,63.4374,0,0,0,0
nearest,63.4374,-1
cover,63.4674,0,0,0,0
nearest,63.4675,-1
cover,63.4961,0,0,0,0
nearest,63.4961,-1
cover,63.5311,0,0,0,0
nearest,63.5311,-1
cover,63.561,0,0,0,0
nearest,63.561,-1
cover,63.5893,0,0,0,0
nearest,63.5894,-1
cover,63.6199,0,0,0,0
nearest,63.6199,-1
cover,63.6489,0,0,0,0
nearest,63.6489,-1
cover,63.6786,0,0,0,0
nearest,63.6786,-1
cover,63.7109,0,0,0,0
nearest,63.7109,-1
cover,63.7391,0,0,0,0
nearest,63.7391,-1
cover,63.7672,0,0,0,0
nearest,63.7672,-1
cover,63.7954,0,0,0,0
nearest,63.7954,-1
cover,63.8249,0,0,0,0
nearest,63.8249,-1
cover,63.8552,0,0,0,0
nearest,63.8553,-1
cover,63.8825,0,0,0,0
nearest,63.8825,-1
cover,63.9109,0,0,0,0
nearest,63.911,-1
cover,63.9396,0,0,0,0
nearest,63.9396,-1
cover,63.9673,0,0,0,0
nearest,63.9674,-1
cover,63.9994,0,0,0,0
nearest,63.9994,-1
cover,64.0256,0,0,0,0
nearest,64.0256,-1
cover,64.0566,0,0,0,0
nearest,64.0567,-1
cover,64.0843,0,0,0,0
nearest,64.0843,-1
cover,64.1119,0,0,0,0
nearest,64.1119,-1
cover,64.143,0,0,0,0
nearest,64.143,-1
cover,64.172,0,0,0,0
nearest,64.172,-1
cover,64.2009,0,0,0,0
nearest,64.201,-1
cover,64.2289,0,0,0,0
nearest,64.2289,-1
cover,64.259,0,0,0,0
nearest,64.259,-1
cover,64.287,0,0,0,0
nearest,64.287,-1
cover,64.3193,0,0,0,0
nearest,64.3194,-1
cover,64.3484,0,0,0,0
nearest,64.3484,-1
cover,64.3783,0,0,0,0
nearest,64.3784,-1
cover,64.4057,0,0,0,0
nearest,64.4058,-1
cover,64.4376,0,0,0,0
nearest,64.4376,-1
cover,64.4658,0,0,0,0
nearest,64.4659,-1
cover,64.4991,0,0,0,0
nearest,64.4991,-1
cover,64.5267,0,0,0,0
nearest,64.5267,-1
cover,64.5547,0,0,0,0
nearest,64.5547,-1
cover,64.5814,0,0,0,0
nearest,64.5814,-1
cover,64.6095,0,0,0,0
nearest,64.6096,-1
cover,64.6389,0,0,0,0
nearest,64.639,-1
cover,64.6667,0,0,0,0
nearest,64.6667,-1
cover,64.6961,0,0,0,0
nearest,64.6962,-1
cover,64.7275,0,0,0,0
nearest,64.7276,-1
cover,64.7617,0,0,0,0
nearest,64.7618,-1
cover,64.7915,0,0,0,0
nearest,64.7915,-1
cover,64.8208,0,0,0,0
nearest,64.8209,-1
cover,64.8498,0,0,0,0
nearest,64.8498,-1
cover,64.8772,0,0,0,0
nearest,64.8773,-1
cover,64.9085,0,0,0,0
nearest,64.9086,-1
cover,64.9397,0,0,0,0
nearest,64.9397,-1
cover,64.9709,0,0,0,0
nearest,64.9709,-1
cover,65.0013,0,0,0,0
nearest,65.0014,-1
cover,65.031,0,0,0,0
nearest,65.0311,-1
cover,65.0598,0,0,0,0
nearest,65.0598,-1
cover,65.0903,0,0,0,0
nearest,65.0903,-1
cover,65.1232,0,0,0,0
nearest,65.1233,-1
cover,65.1522,0,0,0,0
nearest,65.1523,-1
cover,65.1822,0,0,0,0
nearest,65.1823,-1
cover,65.213,0,0,0,0
nearest,65.213,-1
cover,65.2405,0,0,0,0
nearest,65.2405,-1
cover,65.2678,0,0,0,0
nearest,65.2679,-1
cover,65.296,0,0,0,0
nearest,65.2961,-1
cover,65.3301,0,0,0,0
nearest,65.3301,-1
cover,65.36,0,0,0,0
nearest,65.36,-1
cover,65.3885,0,0,0,0
nearest,65.3885,-1
cover,65.4167,0,0,0,0
nearest,65.4167,-1
cover,65.4445,0,0,0,0
nearest,65.4445,-1
cover,65.4715,0,0,0,0
nearest,65.4716,-1
cover,65.5013,0,0,0,0
nearest,65.5013,-1
cover,65.5342,0,0,0,0
nearest,65.5342,-1
cover,65.564,0,0,0,0
nearest,65.564,-1
cover,65.5917,0,0,0,0
nearest,65.5917,-1
cover,65.6204,0,0,0,0
nearest,65.6205,-1
cover,65.6475,0,0,0,0
nearest,65.6475,-1
cover,65.676,0,0,0,0
nearest,65.676,-1
cover,65.7076,0,0,0,0
nearest,65.7076,-1
cover,65.7352,0,0,0,0
nearest,65.7352,-1
cover,65.7625,0,0,0,0
nearest,65.7625,-1
cover,65.7909,0,0,0,0
nearest,65.7909,-1
cover,65.8187,0,0,0,0
nearest,65.8187,-1
cover,65.8503,0,0,0,0
nearest,65.8503,-1
cover,65.8779,0,0,0,0
nearest,65.8779,-1
cover,65.9066,0,0,0,0
nearest,65.9066,-1
cover,65.9355,0,0,0,0
nearest,65.9356,-1
cover,65.9634,0,0,0,0
nearest,65.9635,-1
cover,65.9923,0,0,0,0
nearest,65.9923,-1
cover,66.0194,0,0,0,0
nearest,66.0194,-1
cover,66.0486,0,0,0,0
nearest,66.0486,-1
cover,66.0785,0,0,0,0
nearest,66.0786,-1
cover,66.1076,0,0,0,0
nearest,66.1076,-1
cover,66.136,0,0,0,0
nearest,66.136,-1
cover,66.1668,0,0,0,0
nearest,66.1668,-1
cover,66.1946,0,0,0,0
nearest,66.1947,-1
cover,66.222,0,0,0,0
nearest,66.222,-1
cover,66.2523,0,0,0,0
nearest,66.2523,-1
cover,66.2825,0,0,0,0
nearest,66.2825,-1
cover,66.3169,0,0,0,0
nearest,66.317,-1
cover,66.3489,0,0,0,0
nearest,66.3489,-1
cover,66.3794,0,0,0,0
nearest,66.3795,-1
cover,66.41,0,0,0,0
nearest,66.41,-1
cover,66.4405,0,0,0,0
nearest,66.4405,-1
cover,66.4754,0,0,0,0
nearest,66.4754,-1
cover,66.51,0,0,0,0
nearest,66.51,-1
cover,66.5394,0,0,0,0
nearest,66.5394,-1
cover,66.5698,0,0,0,0
nearest,66.5699,-1
cover,66.6037,0,0,0,0
nearest,66.6037,-1
cover,66.6304,0,0,0,0
nearest,66.6304,-1
cover,66.6589,0,0,0,0
nearest,66.6589,-1
cover,66.686,0,0,0,0
nearest,66.686,-1
cover,66.7156,0,0,0,0
nearest,66.7157,-1
cover,66.7507,0,0,0,0
nearest,66.7507,-1
cover,66.7808,0,0,0,0
nearest,66.7808,-1
cover,66.8121,0,0,0,0
nearest,66.8121,-1
cover,66.8454,0,0,0,0
nearest,66.8454,-1
cover,66.8777,0,0,0,0
nearest,66.8778,-1
cover,66.9101,0,0,0,0
nearest,66.9101,-1
cover,66.939,0,0,0,0
nearest,66.939,-1
cover,66.972,0,0,0,0
nearest,66.9721,-1
cover,67.0038,0,0,0,0
nearest,67.0038,-1
cover,67.0349,0,0,0,0
nearest,67.0349,-1
cover,67.0743,0,0,0,0
nearest,67.0743,-1
cover,67.1133,0,0,0,0
nearest,67.1134,-1
cover,67.1492,0,0,0,0
nearest,67.1492,-1
cover,67.1902,0,0,0,0
nearest,67.1902,-1
cover,67.2547,0,0,0,0
nearest,67.2548,-1
cover,67.3149,0,0,0,0
nearest,67.3149,-1
cover,67.3644,0,0,0,0
nearest,67.3644,-1
cover,67.4138,0,0,0,0
nearest,67.4138,-1
cover,67.4491,0,0,0,0
nearest,67.4491,-1
cover,67.4896,0,0,0,0
nearest,67.4896,-1
cover,67.5263,0,0,0,0
nearest,67.5263,-1
cover,67.5622,0,0,0,0
nearest,67.5622,-1
cover,67.5945,0,0,0,0
nearest,67.5945,-1
cover,67.6312,0,0,0,0
nearest,67.6312,-1
cover,67.6861,0,0,0,0
nearest,67.6863,-1
cover,67.7294,0,0,0,0
nearest,67.7294,-1
cover,67.7653,0,0,0,0
nearest,67.7653,-1
cover,67.8027,0,0,0,0
nearest,67.8027,-1
cover,67.8419,0,0,0,0
nearest,67.8419,-1
cover,67.8802,0,0,0,0
nearest,67.8802,-1
cover,67.9173,0,0,0,0
nearest,67.9173,-1
cover,67.9574,0,0,0,0
nearest,67.9575,-1
cover,67.9914,0,0,0,0
nearest,67.9914,-1
cover,68.0301,0,0,0,0
nearest,68.0301,-1
cover,68.0589,0,0,0,0
nearest,68.0589,-1
cover,68.0886,0,0,0,0
nearest,68.0887,-1
cover,68.1165,0,0,0,0
nearest,68.1165,-1
cover,68.1481,0,0,0,0
nearest,68.1481,-1
cover,68.1797,0,0,0,0
nearest,68.1797,-1
cover,68.2083,0,0,0,0
nearest,68.2083,-1
cover,68.2489,0,0,0,0
nearest,68.2489,-1
cover,68.2857,0,0,0,0
nearest,68.2857,-1
cover,68.3176,0,0,0,0
nearest,68.3177,-1
cover,68.348,0,0,0,0
nearest,68.348,-1
cover,68.38,0,0,0,0
nearest,68.3801,-1
cover,68.4128,0,0,0,0
nearest,68.4128,-1
cover,68.4471,0,0,0,0
nearest,68.4471,-1
cover,68.4807,0,0,0,0
nearest,68.4808,-1
cover,68.5125,0,0,0,0
nearest,68.5125,-1
cover,68.5393,0,0,0,0
nearest,68.5394,-1
cover,68.571,0,0,0,0
nearest,68.571,-1
cover,68.5989,0,0,0,0
nearest,68.5989,-1
cover,68.6283,0,0,0,0
nearest,68.6283,-1
cover,68.6553,0,0,0,0
nearest,68.6553,-1
cover,68.69,0,0,0,0
nearest,68.69,-1
cover,68.7223,0,0,0,0
nearest,68.7224,-1
cover,68.7604,0,0,0,0
nearest,68.7605,-1
cover,68.7907,0,0,0,0
nearest,68.7907,-1
cover,68.8178,0,0,0,0
nearest,68.8178,-1
cover,68.8491,0,0,0,0
nearest,68.8491,-1
cover,68.8791,0,0,0,0
nearest,68.8792,-1
cover,68.9132,0,0,0,0
nearest,68.9132,-1
cover,68.9476,0,0,0,0
nearest,68.9476,-1
cover,68.9861,0,0,0,0
nearest,68.9861,-1
cover,69.0211,0,0,0,0
nearest,69.0211,-1
cover,69.0562,0,0,0,0
nearest,69.0562,-1
cover,69.0866,0,0,0,0
nearest,69.0867,-1
cover,69.1175,0,0,0,0
nearest,69.1175,-1
cover,69.1485,0,0,0,0
nearest,69.1486,-1
cover,69.1809,0,0,0,0
nearest,69.1809,-1
cover,69.2141,0,0,0,0
nearest,69.2141,-1
cover,69.2456,0,0,0,0
nearest,69.2456,-1
cover,69.2807,0,0,0,0
nearest,69.2807,-1
cover,69.3125,0,0,0,0
nearest,69.3126,-1
cover,69.3422,0,0,0,0
nearest,69.3423,-1
cover,69.3722,0,0,0,0
nearest,69.3722,-1
cover,69.4086,0,0,0,0
nearest,69.4086,-1
cover,69.4413,0,0,0,0
nearest,69.4413,-1
cover,69.4719,0,0,0,0
nearest,69.472,-1
cover,69.5068,0,0,0,0
nearest,69.5068,-1
cover,69.5422,0,0,0,0
nearest,69.5422,-1
cover,69.5912,0,0,0,0
nearest,69.5913,-1
cover,69.6513,0,0,0,0
nearest,69.6513,-1
cover,69.7192,0,0,0,0
nearest,69.7193,-1
cover,69.7693,0,0,0,0
nearest,69.7693,-1
cover,69.8054,0,0,0,0
nearest,69.8054,-1
cover,69.8392,0,0,0,0
nearest,69.8393,-1
cover,69.8721,0,0,0,0
nearest,69.8721,-1
cover,69.9061,0,0,0,0
nearest,69.9061,-1
cover,69.9406,0,0,0,0
nearest,69.9406,-1
cover,69.9883,0,0,0,0
nearest,69.9883,-1
cover,70.035,0,0,0,0
nearest,70.035,-1
cover,70.1074,0,0,0,0
nearest,70.1085,-1
cover,70.2237,0,0,0,0
nearest,70.2237,-1
cover,70.2786,0,0,0,0
nearest,70.2786,-1
cover,70.3408,0,0,0,0
nearest,70.3409,-1
cover,70.4038,0,0,0,0
nearest,70.4038,-1
cover,70.4659,0,0,0,0
nearest,70.4659,-1
cover,70.5418,0,0,0,0
nearest,70.5419,-1
cover,70.6063,0,0,0,0
nearest,70.6063,-1
cover,70.6691,0,0,0,0
nearest,70.6691,-1
cover,70.7241,0,0,0,0
nearest,70.7241,-1
cover,70.7696,0,0,0,0
nearest,70.7696,-1
cover,70.8242,0,0,0,0
nearest,70.8242,-1
cover,70.8747,0,0,0,0
nearest,70.8747,-1
cover,70.9399,0,0,0,0
nearest,70.94,-1
cover,71.0081,0,0,0,0
nearest,71.0081,-1
cover,71.0756,0,0,0,0
nearest,71.0756,-1
cover,71.1331,0,0,0,0
nearest,71.1331,-1
cover,71.1785,0,0,0,0
nearest,71.1785,-1
cover,71.2221,0,0,0,0
nearest,71.2222,-1
cover,71.2623,0,0,0,0
nearest,71.2623,-1
cover,71.3015,0,0,0,0
nearest,71.3016,-1
cover,71.3413,0,0,0,0
nearest,71.3413,-1
cover,71.382,0,0,0,0
nearest,71.382,-1
cover,71.4237,0,0,0,0
nearest,71.4238,-1
cover,71.4735,0,0,0,0
nearest,71.4735,-1
cover,71.5193,0,0,0,0
nearest,71.5193,-1
cover,71.5628,0,0,0,0
nearest,71.5629,-1
cover,71.602,0,0,0,0
nearest,71.6021,-1
cover,71.6396,0,0,0,0
nearest,71.6397,-1
cover,71.6837,0,0,0,0
nearest,71.6837,-1
cover,71.7229,0,0,0,0
nearest,71.7229,-1
cover,71.7642,0,0,0,0
nearest,71.7643,-1
cover,71.822,0,0,0,0
nearest,71.8221,-1
cover,71.8671,0,0,0,0
nearest,71.8671,-1
cover,71.9067,0,0,0,0
nearest,71.9067,-1
cover,71.9453,0,0,0,0
nearest,71.9453,-1
cover,71.9906,0,0,0,0
nearest,71.9907,-1
cover,72.0308,0,0,0,0
nearest,72.0309,-1
cover,72.0709,0,0,0,0
nearest,72.0709,-1
cover,72.1133,0,0,0,0
nearest,72.1133,-1
cover,72.157,0,0,0,0
nearest,72.157,-1
cover,72.1995,0,0,0,0
nearest,72.1995,-1
cover,72.2434,0,0,0,0
nearest,72.2434,-1
cover,72.2855,0,0,0,0
nearest,72.2855,-1
cover,72.322,0,0,0,0
nearest,72.3221,-1
cover,72.3637,0,0,0,0
nearest,72.3637,-1
cover,72.404,0,0,0,0
nearest,72.404,-1
cover,72.4468,0,0,0,0
nearest,72.4468,-1
cover,72.4943,0,0,0,0
nearest,72.4943,-1
cover,72.5469,0,0,0,0
nearest,72.547,-1
cover,72.6062,0,0,0,0
nearest,72.6062,-1
cover,72.6697,0,0,0,0
nearest,72.6699,-1
cover,72.7207,0,0,0,0
nearest,72.7207,-1
cover,72.7632,0,0,0,0
nearest,72.7633,-1
cover,72.8054,0,0,0,0
nearest,72.8054,-1
cover,72.8406,0,0,0,0
nearest,72.8406,-1
cover,72.8785,0,0,0,0
nearest,72.8786,-1
cover,72.9177,0,0,0,0
nearest,72.9177,-1
cover,72.9532,0,0,0,0
nearest,72.9533,-1
cover,72.9873,0,0,0,0
nearest,72.9874,-1
cover,73.0285,0,0,0,0
nearest,73.0286,-1
cover,73.0692,0,0,0,0
nearest,73.0692,-1
cover,73.1111,0,0,0,0
nearest,73.1111,-1
cover,73.1538,0,0,0,0
nearest,73.1538,-1
cover,73.1977,0,0,0,0
nearest,73.1977,-1
cover,73.2389,0,0,0,0
nearest,73.239,-1
cover,73.2836,0,0,0,0
nearest,73.2836,-1
cover,73.3248,0,0,0,0
nearest,73.3248,-1
cover,73.3676,0,0,0,0
nearest,73.3676,-1
cover,73.4127,0,0,0,0
nearest,73.4127,-1
cover,73.4531,0,0,0,0
nearest,73.4531,-1
cover,73.4971,0,0,0,0
nearest,73.4972,-1
cover,73.5425,0,0,0,0
nearest,73.5425,-1
cover,73.5871,0,0,0,0
nearest,73.5872,-1
cover,73.6227,0,0,0,0
nearest,73.6227,-1
cover,73.6632,0,0,0,0
nearest,73.6632,-1
cover,73.7001,0,0,0,0
nearest,73.7002,-1
cover,73.7374,0,0,0,0
nearest,73.7374,-1
cover,73.7794,0,0,0,0
nearest,73.7794,-1
cover,73.8206,0,0,0,0
nearest,73.8206,-1
cover,73.8584,0,0,0,0
nearest,73.8585,-1
cover,73.8994,0,0,0,0
nearest,73.8994,-1
cover,73.9472,0,0,0,0
nearest,73.9473,-1
cover,73.9892,0,0,0,0
nearest,73.9892,-1
cover,74.0345,0,0,0,0
nearest,74.0345,-1
cover,74.0748,0,0,0,0
nearest,74.0749,-1
cover,74.1169,0,0,0,0
nearest,74.1169,-1
cover,74.1548,0,0,0,0
nearest,74.1548,-1
cover,74.1919,0,0,0,0
nearest,74.1919,-1
cover,74.2305,0,0,0,0
nearest,74.2305,-1
cover,74.2697,0,0,0,0
nearest,74.2698,-1
cover,74.3097,0,0,0,0
nearest,74.3097,-1
cover,74.354,0,0,0,0
nearest,74.354,-1
cover,74.3916,0,0,0,0
nearest,74.3916,-1
cover,74.4312,0,0,0,0
nearest,74.4313,-1
cover,74.4713,0,0,0,0
nearest,74.4714,-1
cover,74.5122,0,0,0,0
nearest,74.5122,-1
cover,74.5512,0,0,0,0
nearest,74.5512,-1
cover,74.5882,0,0,0,0
nearest,74.5882,-1
cover,74.6278,0,0,0,0
nearest,74.6279,-1
cover,74.6663,0,0,0,0
nearest,74.6663,-1
cover,74.7028,0,0,0,0
nearest,74.7028,-1
cover,74.7432,0,0,0,0
nearest,74.7432,-1
cover,74.7845,0,0,0,0
nearest,74.7845,-1
cover,74.8254,0,0,0,0
nearest,74.8254,-1
cover,74.8629,0,0,0,0
nearest,74.863,-1
cover,74.9023,0,0,0,0
nearest,74.9023,-1
cover,74.95,0,0,0,0
nearest,74.95,-1
cover,74.9914,0,0,0,0
nearest,74.9914,-1
cover,75.0332,0,0,0,0
nearest,75.0332,-1
cover,75.0732,0,0,0,0
nearest,75.0733,-1
cover,75.1152,0,0,0,0
nearest,75.1152,-1
cover,75.1588,0,0,0,0
nearest,75.1588,-1
cover,75.2008,0,0,0,0
nearest,75.2008,-1
cover,75.2409,0,0,0,0
nearest,75.241,-1
cover,75.282,0,0,0,0
nearest,75.282,-1
cover,75.3266,0,0,0,0
nearest,75.3267,-1
cover,75.3713,0,0,0,0
nearest,75.3713,-1
cover,75.4224,0,0,0,0
nearest,75.4224,-1
cover,75.4672,0,0,0,0
nearest,75.4673,-1
cover,75.5129,0,0,0,0
nearest,75.513,-1
cover,75.5583,0,0,0,0
nearest,75.5583,-1
cover,75.5989,0,0,0,0
nearest,75.5989,-1
cover,75.6389,0,0,0,0
nearest,75.6389,-1
cover,75.6841,0,0,0,0
nearest,75.6841,-1
cover,75.7324,0,0,0,0
nearest,75.7325,-1
cover,75.797,0,0,0,0
nearest,75.7971,-1
cover,75.8392,0,0,0,0
nearest,75.8392,-1
cover,75.8799,1,0,1,0
nearest,75.8799,-1
cover,75.9316,1,0,1,0
nearest,75.9316,-1
cover,75.9782,1,0,1,0
nearest,75.9783,-1
cover,76.025,1,0,1,0
nearest,76.025,-1
cover,76.0707,0,0,0,0
nearest,76.0708,-1
cover,76.1212,1,1,0,0
nearest,76.1212,129.8
cover,76.163,1,0,1,0
nearest,76.1631,-1
cover,76.2029,1,0,1,0
nearest,76.203,-1
cover,76.2619,1,0,1,0
nearest,76.262,-1
cover,76.3206,1,0,1,0
nearest,76.3206,-1
cover,76.36,0,0,0,0
nearest,76.36,-1
cover,76.402,0,0,0,0
nearest,76.4021,-1
cover,76.4557,0,0,0,0
nearest,76.4558,-1
cover,76.5036,0,0,0,0
nearest,76.5036,-1
cover,76.5538,0,0,0,0
nearest,76.5538,-1
cover,76.5961,0,0,0,0
nearest,76.5961,-1
cover,76.6371,0,0,0,0
nearest,76.6371,-1
cover,76.6752,0,0,0,0
nearest,76.6752,-1
cover,76.7219,0,0,0,0
nearest,76.7219,-1
cover,76.767,0,0,0,0
nearest,76.767,-1
cover,76.8094,0,0,0,0
nearest,76.8094,-1
cover,76.8493,0,0,0,0
nearest,76.8494,-1
cover,76.8928,0,0,0,0
nearest,76.8928,-1
cover,76.9342,0,0,0,0
nearest,76.9342,-1
cover,76.9805,0,0,0,0
nearest,76.9805,-1
cover,77.0266,0,0,0,0
nearest,77.0267,-1
cover,77.0698,0,0,0,0
nearest,77.0698,-1
cover,77.1085,0,0,0,0
nearest,77.1085,-1
cover,77.1557,1,0,1,0
nearest,77.1557,-1
cover,77.1929,0,0,0,0
nearest,77.1929,-1
cover,77.2329,0,0,0,0
nearest,77.2329,-1
cover,77.2723,0,0,0,0
nearest,77.2723,-1
cover,77.3132,0,0,0,0
nearest,77.3133,-1
cover,77.3596,0,0,0,0
nearest,77.3597,-1
cover,77.4032,0,0,0,0
nearest,77.4032,-1
cover,77.4447,0,0,0,0
nearest,77.4448,-1
cover,77.4883,0,0,0,0
nearest,77.4883,-1
cover,77.5245,0,0,0,0
nearest,77.5245,-1
lmb,77.5629,1
cover,77.5642,0,0,0,0
nearest,77.5642,-1
cover,77.6041,0,0,0,0
nearest,77.6041,-1
lmb,77.6412,0
cover,77.6424,0,0,0,0
nearest,77.6424,-1
cover,77.6883,0,0,0,0
nearest,77.6883,-1
cover,77.7319,0,0,0,0
nearest,77.732,-1
cover,77.7739,0,0,0,0
nearest,77.7739,-1
cover,77.8307,0,0,0,0
nearest,77.8307,-1
cover,77.8843,0,0,0,0
nearest,77.8843,-1
cover,77.9219,0,0,0,0
nearest,77.9219,-1
cover,77.9624,0,0,0,0
nearest,77.9624,-1
cover,78.0039,0,0,0,0
nearest,78.0039,-1
cover,78.048,0,0,0,0
nearest,78.0481,-1
cover,78.0918,1,0,1,0
nearest,78.0918,-1
cover,78.1321,0,0,0,0
nearest,78.1321,-1
cover,78.1721,0,0,0,0
nearest,78.1721,-1
cover,78.2227,1,0,1,0
nearest,78.2227,-1
cover,78.2914,0,0,0,0
nearest,78.2914,-1
cover,78.3676,0,0,0,0
nearest,78.3676,-1
cover,78.4115,0,0,0,0
nearest,78.4116,-1
cover,78.4646,0,0,0,0
nearest,78.4646,-1
cover,78.5165,0,0,0,0
nearest,78.5165,-1
cover,78.5636,0,0,0,0
nearest,78.5637,-1
cover,78.6119,0,0,0,0
nearest,78.6119,-1
cover,78.657,0,0,0,0
nearest,78.6571,-1
cover,78.7047,0,0,0,0
nearest,78.7047,-1
cover,78.7486,0,0,0,0
nearest,78.7486,-1
cover,78.7922,0,0,0,0
nearest,78.7922,-1
cover,78.8433,0,0,0,0
nearest,78.8433,-1
cover,78.8886,0,0,0,0
nearest,78.8886,-1
cover,78.9391,0,0,0,0
nearest,78.9392,-1
cover,78.9869,0,0,0,0
nearest,78.9869,-1
cover,79.048,0,0,0,0
nearest,79.048,-1
cover,79.0978,0,0,0,0
nearest,79.0978,-1
cover,79.1615,0,0,0,0
nearest,79.1615,-1
cover,79.2155,0,0,0,0
nearest,79.2155,-1
cover,79.2663,0,0,0,0
nearest,79.2663,-1
cover,79.3089,0,0,0,0
nearest,79.3089,-1
cover,79.3601,0,0,0,0
nearest,79.3601,-1
cover,79.4049,0,0,0,0
nearest,79.405,-1
cover,79.4496,0,0,0,0
nearest,79.4496,-1
cover,79.4945,0,0,0,0
nearest,79.4945,-1
cover,79.5385,0,0,0,0
nearest,79.5386,-1
cover,79.5799,0,0,0,0
nearest,79.5799,-1
cover,79.6225,0,0,0,0
nearest,79.6225,-1
cover,79.6629,0,0,0,0
nearest,79.6629,-1
cover,79.709,0,0,0,0
nearest,79.7091,-1
cover,79.764,0,0,0,0
nearest,79.7641,-1
cover,79.8142,0,0,0,0
nearest,79.8142,-1
cover,79.8662,0,0,0,0
nearest,79.8662,-1
cover,79.9139,0,0,0,0
nearest,79.914,-1
cover,79.9614,0,0,0,0
nearest,79.9614,-1
cover,80.0066,0,0,0,0
nearest,80.0067,-1
cover,80.0639,0,0,0,0
nearest,80.0639,-1
cover,80.1111,0,0,0,0
nearest,80.1112,-1
cover,80.1581,1,0,1,0
nearest,80.1581,-1
cover,80.2003,2,1,1,0
nearest,80.2004,111.4
cover,80.241,1,0,1,0
nearest,80.241,-1
cover,80.2826,1,0,1,0
nearest,80.2826,-1
cover,80.329,1,0,1,0
nearest,80.329,-1
cover,80.3744,1,0,1,0
nearest,80.3744,-1
cover,80.4173,0,0,0,0
nearest,80.4173,-1
cover,80.457,0,0,0,0
nearest,80.457,-1
cover,80.4963,0,0,0,0
nearest,80.4964,-1
cover,80.5432,1,0,1,0
nearest,80.5433,-1
cover,80.5835,0,0,0,0
nearest,80.5835,-1
cover,80.6239,0,0,0,0
nearest,80.6239,-1
cover,80.6682,0,0,0,0
nearest,80.6682,-1
cover,80.7086,0,0,0,0
nearest,80.7086,-1
cover,80.7556,0,0,0,0
nearest,80.7557,-1
cover,80.7963,0,0,0,0
nearest,80.7963,-1
cover,80.835,0,0,0,0
nearest,80.835,-1
cover,80.8781,0,0,0,0
nearest,80.8781,-1
cover,80.9232,0,0,0,0
nearest,80.9232,-1
cover,80.9624,0,0,0,0
nearest,80.9624,-1
cover,80.9983,0,0,0,0
nearest,80.9983,-1
cover,81.0418,0,0,0,0
nearest,81.0418,-1
cover,81.0962,0,0,0,0
nearest,81.0962,-1
cover,81.1408,0,0,0,0
nearest,81.1409,-1
cover,81.1896,0,0,0,0
nearest,81.1896,-1
cover,81.2296,0,0,0,0
nearest,81.2296,-1
cover,81.2797,0,0,0,0
nearest,81.2797,-1
cover,81.3412,0,0,0,0
nearest,81.3413,-1
cover,81.392,0,0,0,0
nearest,81.392,-1
cover,81.4467,0,0,0,0
nearest,81.4467,-1
cover,81.4958,0,0,0,0
nearest,81.4958,-1
cover,81.5482,0,0,0,0
nearest,81.5482,-1
cover,81.593,0,0,0,0
nearest,81.593,-1
cover,81.6396,0,0,0,0
nearest,81.6397,-1
cover,81.6811,0,0,0,0
nearest,81.6811,-1
cover,81.722,0,0,0,0
nearest,81.722,-1
cover,81.7594,0,0,0,0
nearest,81.7594,-1
cover,81.7989,0,0,0,0
nearest,81.799,-1
cover,81.84,0,0,0,0
nearest,81.8401,-1
cover,81.8851,0,0,0,0
nearest,81.8851,-1
cover,81.9295,0,0,0,0
nearest,81.9295,-1
cover,81.9725,1,0,1,0
nearest,81.9725,-1
cover,82.0178,1,0,1,0
nearest,82.0178,-1
cover,82.0624,1,0,1,0
nearest,82.0625,-1
cover,82.1027,1,0,1,0
nearest,82.1027,-1
cover,82.1412,0,0,0,0
nearest,82.1412,-1
cover,82.1871,0,0,0,0
nearest,82.1873,-1
cover,82.2278,0,0,0,0
nearest,82.2278,-1
cover,82.2651,0,0,0,0
nearest,82.2651,-1
cover,82.3091,0,0,0,0
nearest,82.3091,-1
cover,82.3481,0,0,0,0
nearest,82.3481,-1
cover,82.3889,0,0,0,0
nearest,82.389,-1
cover,82.4341,0,0,0,0
nearest,82.4341,-1
cover,82.4735,0,0,0,0
nearest,82.4736,-1
cover,82.517,0,0,0,0
nearest,82.517,-1
cover,82.5614,0,0,0,0
nearest,82.5614,-1
cover,82.6009,0,0,0,0
nearest,82.6009,-1
cover,82.6442,0,0,0,0
nearest,82.6442,-1
cover,82.6896,0,0,0,0
nearest,82.6896,-1
cover,82.7331,0,0,0,0
nearest,82.7331,-1
cover,82.7743,0,0,0,0
nearest,82.7744,-1
cover,82.8185,0,0,0,0
nearest,82.8186,-1
cover,82.8624,0,0,0,0
nearest,82.8624,-1
cover,82.9049,0,0,0,0
nearest,82.9049,-1
cover,82.9481,0,0,0,0
nearest,82.9481,-1
cover,82.9898,0,0,0,0
nearest,82.9898,-1
cover,83.037,0,0,0,0
nearest,83.037,-1
cover,83.0996,0,0,0,0
nearest,83.0996,-1
cover,83.1487,0,0,0,0
nearest,83.1487,-1
cover,83.196,0,0,0,0
nearest,83.196,-1
cover,83.2452,0,0,0,0
nearest,83.2452,-1
cover,83.2992,1,0,1,0
nearest,83.2993,-1
cover,83.3499,1,0,1,0
nearest,83.3499,-1
cover,83.3946,0,0,0,0
nearest,83.3946,-1
cover,83.4623,1,0,1,0
nearest,83.4623,-1
cover,83.5084,2,1,1,0
nearest,83.5084,396.5
cover,83.5573,0,0,0,0
nearest,83.5573,-1
cover,83.6039,0,0,0,0
nearest,83.6039,-1
cover,83.6408,0,0,0,0
nearest,83.6408,-1
cover,83.6819,0,0,0,0
nearest,83.682,-1
cover,83.7254,0,0,0,0
nearest,83.7254,-1
cover,83.769,0,0,0,0
nearest,83.7691,-1
cover,83.8063,0,0,0,0
nearest,83.8063,-1
cover,83.8457,0,0,0,0
nearest,83.8457,-1
cover,83.8916,0,0,0,0
nearest,83.8916,-1
cover,83.9371,0,0,0,0
nearest,83.9371,-1
cover,83.98,0,0,0,0
nearest,83.9801,-1
cover,84.023,0,0,0,0
nearest,84.0231,-1
cover,84.0611,0,0,0,0
nearest,84.0611,-1
cover,84.1064,0,0,0,0
nearest,84.1064,-1
cover,84.1495,0,0,0,0
nearest,84.1495,-1
cover,84.1976,0,0,0,0
nearest,84.1977,-1
cover,84.2927,0,0,0,0
nearest,84.2927,-1
cover,84.3491,0,0,0,0
nearest,84.3491,-1
cover,84.406,1,0,1,0
nearest,84.4061,-1
cover,84.4481,1,0,1,0
nearest,84.4481,-1
cover,84.4935,1,0,1,0
nearest,84.4936,-1
cover,84.5387,1,0,1,0
nearest,84.5388,-1
cover,84.582,0,0,0,0
nearest,84.582,-1
cover,84.6272,0,0,0,0
nearest,84.6272,-1
cover,84.6672,0,0,0,0
nearest,84.6672,-1
cover,84.7074,0,0,0,0
nearest,84.7074,-1
cover,84.748,0,0,0,0
nearest,84.748,-1
cover,84.7914,0,0,0,0
nearest,84.7914,-1
cover,84.8339,1,0,1,0
nearest,84.8339,-1
cover,84.8759,0,0,0,0
nearest,84.876,-1
cover,84.9235,0,0,0,0
nearest,84.9235,-1
cover,84.9634,0,0,0,0
nearest,84.9634,-1
cover,85.0052,0,0,0,0
nearest,85.0052,-1
cover,85.0545,0,0,0,0
nearest,85.0545,-1
cover,85.1054,0,0,0,0
nearest,85.1055,-1
cover,85.1572,0,0,0,0
nearest,85.1572,-1
cover,85.2017,0,0,0,0
nearest,85.2017,-1
cover,85.243,0,0,0,0
nearest,85.243,-1
cover,85.2976,0,0,0,0
nearest,85.2976,-1
cover,85.3412,0,0,0,0
nearest,85.3412,-1
cover,85.3906,0,0,0,0
nearest,85.3906,-1
cover,85.4314,0,0,0,0
nearest,85.4314,-1
cover,85.4767,2,1,1,0
nearest,85.4768,206.7
cover,85.531,2,1,1,0
nearest,85.531,155.0
cover,85.5746,0,0,0,0
nearest,85.5746,-1
cover,85.6168,0,0,0,0
nearest,85.6168,-1
cover,85.663,2,1,1,0
nearest,85.6631,162.6
cover,85.7055,1,0,1,0
nearest,85.7056,-1
cover,85.7557,1,0,1,0
nearest,85.7557,-1
cover,85.7967,0,0,0,0
nearest,85.7968,-1
cover,85.8472,0,0,0,0
nearest,85.8473,-1
cover,85.8954,0,0,0,0
nearest,85.8955,-1
cover,85.952,0,0,0,0
nearest,85.9523,-1
cover,86.0077,0,0,0,0
nearest,86.0077,-1
cover,86.0451,0,0,0,0
nearest,86.0451,-1
cover,86.0898,0,0,0,0
nearest,86.0898,-1
cover,86.1334,0,0,0,0
nearest,86.1334,-1
cover,86.1763,0,0,0,0
nearest,86.1764,-1
cover,86.2197,0,0,0,0
nearest,86.2197,-1
cover,86.2675,0,0,0,0
nearest,86.2676,-1
cover,86.3124,0,0,0,0
nearest,86.3124,-1
cover,86.3581,0,0,0,0
nearest,86.3581,-1
cover,86.3998,0,0,0,0
nearest,86.3999,-1
cover,86.4391,0,0,0,0
nearest,86.4392,-1
cover,86.4811,0,0,0,0
nearest,86.4812,-1
cover,86.5265,0,0,0,0
nearest,86.5266,-1
cover,86.5685,0,0,0,0
nearest,86.5685,-1
cover,86.6068,0,0,0,0
nearest,86.6068,-1
cover,86.6537,0,0,0,0
nearest,86.6537,-1
cover,86.6973,0,0,0,0
nearest,86.6973,-1
cover,86.7399,0,0,0,0
nearest,86.7399,-1
cover,86.7909,0,0,0,0
nearest,86.7909,-1
cover,86.8372,0,0,0,0
nearest,86.8372,-1
cover,86.8785,0,0,0,0
nearest,86.8785,-1
cover,86.9235,0,0,0,0
nearest,86.9236,-1
cover,86.9643,0,0,0,0
nearest,86.9644,-1
cover,87.0052,0,0,0,0
nearest,87.0053,-1
cover,87.0497,0,0,0,0
nearest,87.0498,-1
cover,87.0955,0,0,0,0
nearest,87.0955,-1
cover,87.1359,0,0,0,0
nearest,87.1359,-1
cover,87.1747,0,0,0,0
nearest,87.1747,-1
cover,87.2228,0,0,0,0
nearest,87.2228,-1
cover,87.2696,0,0,0,0
nearest,87.2697,-1
cover,87.3135,0,0,0,0
nearest,87.3135,-1
cover,87.3646,0,0,0,0
nearest,87.3646,-1
cover,87.4168,0,0,0,0
nearest,87.4168,-1
cover,87.4652,0,0,0,0
nearest,87.4653,-1
cover,87.5081,0,0,0,0
nearest,87.5081,-1
cover,87.5554,0,0,0,0
nearest,87.5554,-1
cover,87.5961,0,0,0,0
nearest,87.5961,-1
cover,87.6398,0,0,0,0
nearest,87.6399,-1
cover,87.6816,0,0,0,0
nearest,87.6816,-1
cover,87.7287,0,0,0,0
nearest,87.7287,-1
cover,87.7738,0,0,0,0
nearest,87.7738,-1
cover,87.8172,0,0,0,0
nearest,87.8173,-1
cover,87.8647,0,0,0,0
nearest,87.8647,-1
cover,87.9108,0,0,0,0
nearest,87.9108,-1
cover,87.9508,0,0,0,0
nearest,87.9508,-1
cover,87.9973,0,0,0,0
nearest,87.9973,-1
cover,88.0411,0,0,0,0
nearest,88.0412,-1
cover,88.0852,0,0,0,0
nearest,88.0853,-1
cover,88.1342,0,0,0,0
nearest,88.1342,-1
cover,88.1786,0,0,0,0
nearest,88.1786,-1
cover,88.2218,0,0,0,0
nearest,88.2218,-1
cover,88.2621,0,0,0,0
nearest,88.2622,-1
cover,88.305,0,0,0,0
nearest,88.305,-1
cover,88.3502,0,0,0,0
nearest,88.3502,-1
cover,88.3946,0,0,0,0
nearest,88.3946,-1
cover,88.4384,0,0,0,0
nearest,88.4384,-1
cover,88.4987,0,0,0,0
nearest,88.4987,-1
cover,88.5474,0,0,0,0
nearest,88.5474,-1
cover,88.602,0,0,0,0
nearest,88.602,-1
cover,88.6451,0,0,0,0
nearest,88.6452,-1
cover,88.6877,0,0,0,0
nearest,88.6877,-1
cover,88.7253,0,0,0,0
nearest,88.7253,-1
cover,88.7659,0,0,0,0
nearest,88.7659,-1
cover,88.8066,0,0,0,0
nearest,88.8073,-1
cover,88.8496,0,0,0,0
nearest,88.8496,-1
cover,88.8923,0,0,0,0
nearest,88.8924,-1
cover,88.934,0,0,0,0
nearest,88.934,-1
cover,88.9793,0,0,0,0
nearest,88.9793,-1
cover,89.0238,0,0,0,0
nearest,89.0238,-1
cover,89.0645,0,0,0,0
nearest,89.0646,-1
cover,89.1339,0,0,0,0
nearest,89.134,-1
cover,89.1808,0,0,0,0
nearest,89.1808,-1
cover,89.2295,0,0,0,0
nearest,89.2296,-1
cover,89.2813,0,0,0,0
nearest,89.2814,-1
cover,89.3252,0,0,0,0
nearest,89.3252,-1
cover,89.3913,0,0,0,0
nearest,89.3913,-1
cover,89.4351,0,0,0,0
nearest,89.4351,-1
cover,89.4799,0,0,0,0
nearest,89.4799,-1
cover,89.5291,0,0,0,0
nearest,89.5291,-1
cover,89.5746,0,0,0,0
nearest,89.5746,-1
cover,89.6171,0,0,0,0
nearest,89.6171,-1
cover,89.6612,0,0,0,0
nearest,89.6612,-1
cover,89.6985,0,0,0,0
nearest,89.6985,-1
cover,89.7437,0,0,0,0
nearest,89.7437,-1
cover,89.7913,0,0,0,0
nearest,89.7913,-1
cover,89.8349,0,0,0,0
nearest,89.8349,-1
cover,89.8729,0,0,0,0
nearest,89.8729,-1
cover,89.9126,0,0,0,0
nearest,89.9126,-1
cover,89.9485,0,0,0,0
nearest,89.9485,-1
cover,89.9894,0,0,0,0
nearest,89.9894,-1
cover,90.0324,0,0,0,0
nearest,90.0324,-1
cover,90.0763,0,0,0,0
nearest,90.0764,-1
cover,90.1257,0,0,0,0
nearest,90.1258,-1
cover,90.1806,0,0,0,0
nearest,90.1806,-1
cover,90.2319,0,0,0,0
nearest,90.2319,-1
cover,90.2787,0,0,0,0
nearest,90.2788,-1
cover,90.3314,0,0,0,0
nearest,90.3315,-1
cover,90.3768,0,0,0,0
nearest,90.3768,-1
cover,90.432,0,0,0,0
nearest,90.4321,-1
cover,90.4811,0,0,0,0
nearest,90.4811,-1
cover,90.5376,0,0,0,0
nearest,90.5376,-1
cover,90.5836,0,0,0,0
nearest,90.5836,-1
cover,90.6298,0,0,0,0
nearest,90.6298,-1
cover,90.6728,0,0,0,0
nearest,90.6728,-1
cover,90.7244,0,0,0,0
nearest,90.7245,-1
cover,90.7731,0,0,0,0
nearest,90.7731,-1
cover,90.8188,0,0,0,0
nearest,90.8188,-1
cover,90.8641,0,0,0,0
nearest,90.8641,-1
cover,90.9101,0,0,0,0
nearest,90.9101,-1
cover,90.9598,0,0,0,0
nearest,90.9598,-1
cover,91.033,0,0,0,0
nearest,91.033,-1
cover,91.1411,0,0,0,0
nearest,91.1411,-1
cover,91.1832,0,0,0,0
nearest,91.1832,-1
cover,91.2317,0,0,0,0
nearest,91.2317,-1
cover,91.276,0,0,0,0
nearest,91.276,-1
cover,91.3237,0,0,0,0
nearest,91.3237,-1
cover,91.3694,0,0,0,0
nearest,91.3694,-1
cover,91.4055,0,0,0,0
nearest,91.4055,-1
cover,91.448,0,0,0,0
nearest,91.448,-1
cover,91.4977,0,0,0,0
nearest,91.4977,-1
cover,91.5429,0,0,0,0
nearest,91.5429,-1
cover,91.5801,0,0,0,0
nearest,91.5801,-1
cover,91.6185,0,0,0,0
nearest,91.6185,-1
cover,91.6619,0,0,0,0
nearest,91.6619,-1
cover,91.7067,0,0,0,0
nearest,91.7067,-1
cover,91.744,0,0,0,0
nearest,91.744,-1
cover,91.7832,0,0,0,0
nearest,91.7833,-1
cover,91.8244,0,0,0,0
nearest,91.8245,-1
cover,91.8635,0,0,0,0
nearest,91.8636,-1
cover,91.9059,0,0,0,0
nearest,91.9059,-1
cover,91.9456,0,0,0,0
nearest,91.9456,-1
cover,91.987,0,0,0,0
nearest,91.987,-1
cover,92.0265,0,0,0,0
nearest,92.0265,-1
cover,92.0623,0,0,0,0
nearest,92.0623,-1
cover,92.1128,0,0,0,0
nearest,92.1128,-1
cover,92.1559,0,0,0,0
nearest,92.1559,-1
cover,92.1984,0,0,0,0
nearest,92.1985,-1
cover,92.2374,0,0,0,0
nearest,92.2374,-1
cover,92.2731,0,0,0,0
nearest,92.2731,-1
cover,92.3162,0,0,0,0
nearest,92.3162,-1
cover,92.3624,0,0,0,0
nearest,92.3624,-1
cover,92.4048,0,0,0,0
nearest,92.4048,-1
cover,92.4453,0,0,0,0
nearest,92.4454,-1
cover,92.4926,0,0,0,0
nearest,92.4926,-1
cover,92.5408,0,0,0,0
nearest,92.5408,-1
cover,92.5815,0,0,0,0
nearest,92.5815,-1
cover,92.623,0,0,0,0
nearest,92.6231,-1
cover,92.6658,0,0,0,0
nearest,92.6658,-1
cover,92.7123,0,0,0,0
nearest,92.7123,-1
cover,92.751,0,0,0,0
nearest,92.751,-1
cover,92.7959,0,0,0,0
nearest,92.7959,-1
cover,92.836,0,0,0,0
nearest,92.836,-1
cover,92.8791,0,0,0,0
nearest,92.8791,-1
cover,92.9216,0,0,0,0
nearest,92.9216,-1
cover,92.963,0,0,0,0
nearest,92.963,-1
cover,93.0024,0,0,0,0
nearest,93.0024,-1
cover,93.045,0,0,0,0
nearest,93.045,-1
cover,93.1034,0,0,0,0
nearest,93.1034,-1
cover,93.147,0,0,0,0
nearest,93.1471,-1
cover,93.2371,0,0,0,0
nearest,93.2371,-1
cover,93.2813,0,0,0,0
nearest,93.2813,-1
cover,93.3313,0,0,0,0
nearest,93.3313,-1
cover,93.3727,0,0,0,0
nearest,93.3727,-1
cover,93.4159,0,0,0,0
nearest,93.4159,-1
cover,93.4734,0,0,0,0
nearest,93.4734,-1
cover,93.5206,0,0,0,0
nearest,93.5206,-1
cover,93.5687,0,0,0,0
nearest,93.5687,-1
cover,93.6074,0,0,0,0
nearest,93.6075,-1
cover,93.6473,0,0,0,0
nearest,93.6473,-1
cover,93.6967,0,0,0,0
nearest,93.6967,-1
cover,93.7411,0,0,0,0
nearest,93.7412,-1
cover,93.781,0,0,0,0
nearest,93.781,-1
cover,93.8236,0,0,0,0
nearest,93.8236,-1
cover,93.8847,0,0,0,0
nearest,93.8848,-1
cover,93.9308,0,0,0,0
nearest,93.9308,-1
cover,93.9731,0,0,0,0
nearest,93.9731,-1
cover,94.0151,0,0,0,0
nearest,94.0151,-1
cover,94.0666,0,0,0,0
nearest,94.0667,-1
cover,94.1153,0,0,0,0
nearest,94.1154,-1
cover,94.1688,0,0,0,0
nearest,94.1689,-1
cover,94.2163,0,0,0,0
nearest,94.2163,-1
cover,94.2653,0,0,0,0
nearest,94.2653,-1
cover,94.3078,0,0,0,0
nearest,94.3078,-1
cover,94.356,0,0,0,0
nearest,94.356,-1
cover,94.3994,0,0,0,0
nearest,94.3995,-1
cover,94.439,0,0,0,0
nearest,94.439,-1
cover,94.4779,0,0,0,0
nearest,94.4779,-1
cover,94.5323,1,0,1,0
nearest,94.5324,-1
cover,94.5816,1,0,1,0
nearest,94.5817,-1
cover,94.6249,1,0,1,0
nearest,94.625,-1
cover,94.6724,1,0,1,0
nearest,94.6724,-1
cover,94.7149,2,1,1,0
nearest,94.7149,157.0
cover,94.7564,1,0,1,0
nearest,94.7565,-1
cover,94.799,1,0,1,0
nearest,94.799,-1
cover,94.8404,1,0,1,0
nearest,94.8404,-1
cover,94.8804,2,1,1,0
nearest,94.8804,32.1
cover,94.9224,0,0,0,0
nearest,94.9224,-1
cover,94.968,0,0,0,0
nearest,94.968,-1
cover,95.0044,0,0,0,0
nearest,95.0044,-1
cover,95.0381,0,0,0,0
nearest,95.0381,-1
cover,95.0834,0,0,0,0
nearest,95.0834,-1
cover,95.1333,0,0,0,0
nearest,95.1333,-1
cover,95.1806,0,0,0,0
nearest,95.1807,-1
cover,95.2308,0,0,0,0
nearest,95.2308,-1
cover,95.2777,0,0,0,0
nearest,95.2777,-1
cover,95.323,2,1,1,0
nearest,95.323,146.8
cover,95.3708,0,0,0,0
nearest,95.3709,-1
cover,95.4204,0,0,0,0
nearest,95.4204,-1
cover,95.4633,0,0,0,0
nearest,95.4633,-1
cover,95.5025,0,0,0,0
nearest,95.5026,-1
cover,95.5539,0,0,0,0
nearest,95.5539,-1
cover,95.5989,0,0,0,0
nearest,95.5989,-1
cover,95.6482,0,0,0,0
nearest,95.6482,-1
cover,95.6898,0,0,0,0
nearest,95.6899,-1
cover,95.7318,0,0,0,0
nearest,95.7318,-1
cover,95.7766,0,0,0,0
nearest,95.7766,-1
cover,95.8362,0,0,0,0
nearest,95.8362,-1
cover,95.8739,0,0,0,0
nearest,95.8739,-1
cover,95.9142,0,0,0,0
nearest,95.9142,-1
cover,95.9595,0,0,0,0
nearest,95.9595,-1
cover,96.0037,0,0,0,0
nearest,96.0037,-1
cover,96.0471,0,0,0,0
nearest,96.0471,-1
cover,96.0872,0,0,0,0
nearest,96.0872,-1
cover,96.1311,0,0,0,0
nearest,96.1311,-1
cover,96.1825,0,0,0,0
nearest,96.1826,-1
cover,96.223,0,0,0,0
nearest,96.223,-1
cover,96.2709,0,0,0,0
nearest,96.2709,-1
cover,96.322,0,0,0,0
nearest,96.322,-1
cover,96.3726,0,0,0,0
nearest,96.3726,-1
cover,96.4355,0,0,0,0
nearest,96.4356,-1
cover,96.4827,0,0,0,0
nearest,96.4828,-1
cover,96.5415,0,0,0,0
nearest,96.5415,-1
cover,96.5926,0,0,0,0
nearest,96.5926,-1
cover,96.6362,0,0,0,0
nearest,96.6362,-1
cover,96.682,0,0,0,0
nearest,96.6821,-1
cover,96.7318,0,0,0,0
nearest,96.7318,-1
cover,96.7803,0,0,0,0
nearest,96.7803,-1
cover,96.8323,0,0,0,0
nearest,96.8323,-1
cover,96.8729,0,0,0,0
nearest,96.873,-1
cover,96.9147,0,0,0,0
nearest,96.9147,-1
cover,96.9607,0,0,0,0
nearest,96.9607,-1
cover,97.0026,0,0,0,0
nearest,97.0026,-1
cover,97.0484,0,0,0,0
nearest,97.0485,-1
cover,97.1216,0,0,0,0
nearest,97.1216,-1
cover,97.1831,0,0,0,0
nearest,97.1831,-1
cover,97.2613,0,0,0,0
nearest,97.2613,-1
cover,97.313,0,0,0,0
nearest,97.3131,-1
cover,97.3771,0,0,0,0
nearest,97.3772,-1
cover,97.445,0,0,0,0
nearest,97.445,-1
cover,97.4919,0,0,0,0
nearest,97.4919,-1
cover,97.5501,0,0,0,0
nearest,97.5501,-1
cover,97.6041,0,0,0,0
nearest,97.6041,-1
cover,97.6552,0,0,0,0
nearest,97.6553,-1
cover,97.7069,0,0,0,0
nearest,97.7069,-1
cover,97.7565,0,0,0,0
nearest,97.7565,-1
cover,97.8053,0,0,0,0
nearest,97.8053,-1
cover,97.8503,0,0,0,0
nearest,97.8503,-1
cover,97.8988,0,0,0,0
nearest,97.8988,-1
cover,97.9458,0,0,0,0
nearest,97.9458,-1
cover,97.9905,0,0,0,0
nearest,97.9905,-1
cover,98.0413,0,0,0,0
nearest,98.0413,-1
cover,98.0907,0,0,0,0
nearest,98.0907,-1
cover,98.1406,0,0,0,0
nearest,98.1406,-1
cover,98.1844,0,0,0,0
nearest,98.1844,-1
cover,98.234,0,0,0,0
nearest,98.234,-1
cover,98.2805,0,0,0,0
nearest,98.2806,-1
cover,98.3236,0,0,0,0
nearest,98.3237,-1
cover,98.3662,0,0,0,0
nearest,98.3662,-1
cover,98.4158,0,0,0,0
nearest,98.416,-1
cover,98.4623,0,0,0,0
nearest,98.4623,-1
cover,98.5123,0,0,0,0
nearest,98.5123,-1
cover,98.559,0,0,0,0
nearest,98.5591,-1
cover,98.6011,0,0,0,0
nearest,98.6011,-1
cover,98.6455,0,0,0,0
nearest,98.6455,-1
cover,98.6816,0,0,0,0
nearest,98.6817,-1
cover,98.7323,0,0,0,0
nearest,98.7323,-1
cover,98.7745,1,0,1,0
nearest,98.7745,-1
cover,98.8154,1,0,1,0
nearest,98.8155,-1
cover,98.8547,0,0,0,0
nearest,98.8547,-1
cover,98.8977,0,0,0,0
nearest,98.8977,-1
cover,98.9382,0,0,0,0
nearest,98.9382,-1
cover,98.9816,0,0,0,0
nearest,98.9816,-1
cover,99.0285,0,0,0,0
nearest,99.0285,-1
cover,99.0745,0,0,0,0
nearest,99.0746,-1
cover,99.1168,0,0,0,0
nearest,99.1168,-1
cover,99.155,0,0,0,0
nearest,99.155,-1
cover,99.1994,0,0,0,0
nearest,99.1995,-1
cover,99.2475,0,0,0,0
nearest,99.2475,-1
cover,99.2887,0,0,0,0
nearest,99.2887,-1
cover,99.3346,0,0,0,0
nearest,99.3346,-1
cover,99.3813,0,0,0,0
nearest,99.3813,-1
cover,99.4232,0,0,0,0
nearest,99.4232,-1
cover,99.4708,0,0,0,0
nearest,99.4708,-1
cover,99.5207,0,0,0,0
nearest,99.5207,-1
cover,99.5697,0,0,0,0
nearest,99.5697,-1
cover,99.6154,0,0,0,0
nearest,99.6154,-1
cover,99.6582,0,0,0,0
nearest,99.6582,-1
cover,99.7008,0,0,0,0
nearest,99.7008,-1
cover,99.7386,0,0,0,0
nearest,99.7386,-1
cover,99.7825,0,0,0,0
nearest,99.7825,-1
cover,99.8244,0,0,0,0
nearest,99.8244,-1
cover,99.8732,0,0,0,0
nearest,99.8732,-1
cover,99.9146,0,0,0,0
nearest,99.9147,-1
cover,99.9567,0,0,0,0
nearest,99.9567,-1
cover,100.0016,0,0,0,0
nearest,100.0017,-1
cover,100.0462,0,0,0,0
nearest,100.0462,-1
cover,100.0876,0,0,0,0
nearest,100.0877,-1
cover,100.1328,0,0,0,0
nearest,100.1328,-1
cover,100.1839,0,0,0,0
nearest,100.1839,-1
cover,100.2322,0,0,0,0
nearest,100.2322,-1
cover,100.2836,0,0,0,0
nearest,100.2837,-1
cover,100.3227,0,0,0,0
nearest,100.3227,-1
cover,100.3667,0,0,0,0
nearest,100.3667,-1
cover,100.4051,0,0,0,0
nearest,100.4052,-1
cover,100.4406,0,0,0,0
nearest,100.4406,-1
cover,100.4837,0,0,0,0
nearest,100.4838,-1
cover,100.5511,0,0,0,0
nearest,100.5511,-1
cover,100.6217,0,0,0,0
nearest,100.6217,-1
cover,100.6744,0,0,0,0
nearest,100.6745,-1
cover,100.7155,0,0,0,0
nearest,100.7155,-1
cover,100.7657,0,0,0,0
nearest,100.7657,-1
cover,100.8036,0,0,0,0
nearest,100.8036,-1
cover,100.8447,0,0,0,0
nearest,100.8447,-1
cover,100.8895,0,0,0,0
nearest,100.8896,-1
cover,100.933,0,0,0,0
nearest,100.933,-1
cover,100.9727,0,0,0,0
nearest,100.9728,-1
cover,101.0148,0,0,0,0
nearest,101.0148,-1
cover,101.0538,0,0,0,0
nearest,101.0538,-1
cover,101.0963,0,0,0,0
nearest,101.0963,-1
cover,101.1357,0,0,0,0
nearest,101.1357,-1
cover,101.1827,0,0,0,0
nearest,101.1827,-1
cover,101.2264,0,0,0,0
nearest,101.2264,-1
cover,101.267,0,0,0,0
nearest,101.267,-1
cover,101.3141,0,0,0,0
nearest,101.3141,-1
cover,101.363,0,0,0,0
nearest,101.363,-1
cover,101.4123,0,0,0,0
nearest,101.4124,-1
cover,101.4538,0,0,0,0
nearest,101.4538,-1
cover,101.4922,0,0,0,0
nearest,101.4923,-1
cover,101.5319,0,0,0,0
nearest,101.532,-1
cover,101.5689,0,0,0,0
nearest,101.569,-1
cover,101.6058,0,0,0,0
nearest,101.6058,-1
cover,101.6439,0,0,0,0
nearest,101.6439,-1
cover,101.6831,0,0,0,0
nearest,101.6831,-1
cover,101.7187,0,0,0,0
nearest,101.7187,-1
cover,101.7534,0,0,0,0
nearest,101.7534,-1
cover,101.7919,0,0,0,0
nearest,101.7919,-1
cover,101.8289,0,0,0,0
nearest,101.8289,-1
cover,101.8703,0,0,0,0
nearest,101.8704,-1
cover,101.9132,0,0,0,0
nearest,101.9132,-1
cover,101.9516,0,0,0,0
nearest,101.9518,-1
cover,101.9882,0,0,0,0
nearest,101.9883,-1
cover,102.0312,0,0,0,0
nearest,102.0312,-1
cover,102.0685,0,0,0,0
nearest,102.0686,-1
cover,102.1193,0,0,0,0
nearest,102.1194,-1
cover,102.1747,0,0,0,0
nearest,102.1747,-1
cover,102.2159,0,0,0,0
nearest,102.2159,-1
cover,102.2617,0,0,0,0
nearest,102.2617,-1
cover,102.3061,0,0,0,0
nearest,102.3062,-1
cover,102.3465,0,0,0,0
nearest,102.3466,-1
cover,102.3846,0,0,0,0
nearest,102.3846,-1
cover,102.4317,0,0,0,0
nearest,102.4317,-1
cover,102.4696,0,0,0,0
nearest,102.4696,-1
cover,102.5076,0,0,0,0
nearest,102.5076,-1
cover,102.5463,0,0,0,0
nearest,102.5463,-1
cover,102.5808,0,0,0,0
nearest,102.5808,-1
cover,102.6182,0,0,0,0
nearest,102.6182,-1
cover,102.6556,0,0,0,0
nearest,102.6556,-1
cover,102.6966,0,0,0,0
nearest,102.6966,-1
cover,102.7338,0,0,0,0
nearest,102.7339,-1
cover,102.7799,0,0,0,0
nearest,102.7799,-1
cover,102.8327,0,0,0,0
nearest,102.8327,-1
cover,102.8721,0,0,0,0
nearest,102.8721,-1
cover,102.9108,0,0,0,0
nearest,102.9108,-1
cover,102.9489,0,0,0,0
nearest,102.9489,-1
cover,102.9825,0,0,0,0
nearest,102.9825,-1
cover,103.0201,0,0,0,0
nearest,103.0201,-1
cover,103.0584,0,0,0,0
nearest,103.0584,-1
cover,103.099,0,0,0,0
nearest,103.099,-1
cover,103.139,0,0,0,0
nearest,103.139,-1
cover,103.1912,0,0,0,0
nearest,103.1913,-1
cover,103.2376,0,0,0,0
nearest,103.2376,-1
cover,103.2826,0,0,0,0
nearest,103.2826,-1
cover,103.3327,0,0,0,0
nearest,103.3327,-1
cover,103.3748,0,0,0,0
nearest,103.3748,-1
cover,103.4138,0,0,0,0
nearest,103.4138,-1
cover,103.4503,0,0,0,0
nearest,103.4503,-1
cover,103.4884,0,0,0,0
nearest,103.4885,-1
cover,103.5342,0,0,0,0
nearest,103.5343,-1
cover,103.5794,0,0,0,0
nearest,103.5794,-1
cover,103.6186,0,0,0,0
nearest,103.6187,-1
cover,103.6701,0,0,0,0
nearest,103.6702,-1
cover,103.71,0,0,0,0
nearest,103.7101,-1
cover,103.7485,0,0,0,0
nearest,103.7485,-1
cover,103.7895,0,0,0,0
nearest,103.7895,-1
cover,103.8314,0,0,0,0
nearest,103.8315,-1
cover,103.8707,0,0,0,0
nearest,103.8707,-1
cover,103.9066,0,0,0,0
nearest,103.9066,-1
cover,103.9446,0,0,0,0
nearest,103.9446,-1
cover,103.9805,0,0,0,0
nearest,103.9805,-1
cover,104.0178,0,0,0,0
nearest,104.0178,-1
cover,104.0587,0,0,0,0
nearest,104.0588,-1
cover,104.1002,0,0,0,0
nearest,104.1002,-1
cover,104.14,0,0,0,0
nearest,104.14,-1
cover,104.1851,0,0,0,0
nearest,104.1852,-1
cover,104.2285,0,0,0,0
nearest,104.2286,-1
cover,104.2682,0,0,0,0
nearest,104.2683,-1
cover,104.3069,0,0,0,0
nearest,104.3069,-1
cover,104.3478,0,0,0,0
nearest,104.3478,-1
cover,104.4168,0,0,0,0
nearest,104.4168,-1
cover,104.4547,0,0,0,0
nearest,104.4547,-1
cover,104.498,0,0,0,0
nearest,104.498,-1
cover,104.5375,0,0,0,0
nearest,104.5375,-1
cover,104.5734,0,0,0,0
nearest,104.5734,-1
cover,104.6131,0,0,0,0
nearest,104.6131,-1
cover,104.6527,0,0,0,0
nearest,104.6527,-1
cover,104.6931,1,0,1,0
nearest,104.6931,-1
cover,104.732,0,0,0,0
nearest,104.732,-1
cover,104.7714,0,0,0,0
nearest,104.7714,-1
cover,104.8106,0,0,0,0
nearest,104.8106,-1
cover,104.8505,0,0,0,0
nearest,104.8505,-1
cover,104.8962,0,0,0,0
nearest,104.8962,-1
cover,104.9451,0,0,0,0
nearest,104.9451,-1
cover,104.9861,0,0,0,0
nearest,104.9861,-1
cover,105.0248,0,0,0,0
nearest,105.0248,-1
cover,105.067,0,0,0,0
nearest,105.0671,-1
cover,105.1066,0,0,0,0
nearest,105.1066,-1
cover,105.1447,0,0,0,0
nearest,105.1447,-1
cover,105.1847,1,0,1,0
nearest,105.1847,-1
cover,105.2367,0,0,0,0
nearest,105.2367,-1
cover,105.2796,0,0,0,0
nearest,105.2796,-1
cover,105.3224,0,0,0,0
nearest,105.3224,-1
cover,105.3709,0,0,0,0
nearest,105.3709,-1
cover,105.4134,0,0,0,0
nearest,105.4134,-1
cover,105.4552,0,0,0,0
nearest,105.4553,-1
cover,105.4971,0,0,0,0
nearest,105.4972,-1
cover,105.537,0,0,0,0
nearest,105.537,-1
cover,105.5774,0,0,0,0
nearest,105.5775,-1
cover,105.6152,0,0,0,0
nearest,105.6152,-1
cover,105.6558,0,0,0,0
nearest,105.6558,-1
cover,105.7023,0,0,0,0
nearest,105.7023,-1
cover,105.7423,0,0,0,0
nearest,105.7423,-1
cover,105.7817,0,0,0,0
nearest,105.7817,-1
cover,105.822,0,0,0,0
nearest,105.822,-1
cover,105.8626,0,0,0,0
nearest,105.8626,-1
cover,105.9032,0,0,0,0
nearest,105.9032,-1
cover,105.9411,0,0,0,0
nearest,105.9412,-1
cover,105.9811,0,0,0,0
nearest,105.9812,-1
cover,106.0213,0,0,0,0
nearest,106.0214,-1
cover,106.0623,0,0,0,0
nearest,106.0623,-1
cover,106.0985,0,0,0,0
nearest,106.0985,-1
cover,106.1351,0,0,0,0
nearest,106.1351,-1
cover,106.1742,0,0,0,0
nearest,106.1743,-1
cover,106.2145,0,0,0,0
nearest,106.2145,-1
cover,106.2508,0,0,0,0
nearest,106.2508,-1
cover,106.2887,0,0,0,0
nearest,106.2887,-1
cover,106.3268,0,0,0,0
nearest,106.3269,-1
cover,106.3697,0,0,0,0
nearest,106.3697,-1
cover,106.4063,0,0,0,0
nearest,106.4064,-1
cover,106.4419,0,0,0,0
nearest,106.4419,-1
cover,106.4793,0,0,0,0
nearest,106.4793,-1
cover,106.5179,0,0,0,0
nearest,106.5179,-1
cover,106.5692,0,0,0,0
nearest,106.5692,-1
cover,106.6108,0,0,0,0
nearest,106.6108,-1
cover,106.6547,0,0,0,0
nearest,106.6547,-1
cover,106.6999,0,0,0,0
nearest,106.7,-1
cover,106.7445,0,0,0,0
nearest,106.7445,-1
cover,106.7866,0,0,0,0
nearest,106.7867,-1
cover,106.8261,0,0,0,0
nearest,106.8261,-1
cover,106.8676,0,0,0,0
nearest,106.8676,-1
cover,106.9103,0,0,0,0
nearest,106.9103,-1
cover,106.9536,0,0,0,0
nearest,106.9537,-1
cover,106.9956,0,0,0,0
nearest,106.9957,-1
cover,107.0377,0,0,0,0
nearest,107.0378,-1
cover,107.0764,0,0,0,0
nearest,107.0764,-1
cover,107.1182,0,0,0,0
nearest,107.1182,-1
cover,107.158,0,0,0,0
nearest,107.158,-1
cover,107.2007,0,0,0,0
nearest,107.2007,-1
cover,107.2418,0,0,0,0
nearest,107.2418,-1
cover,107.2806,0,0,0,0
nearest,107.2807,-1
cover,107.3182,0,0,0,0
nearest,107.3183,-1
cover,107.3588,0,0,0,0
nearest,107.3589,-1
cover,107.4026,0,0,0,0
nearest,107.4026,-1
cover,107.4396,0,0,0,0
nearest,107.4396,-1
cover,107.4796,0,0,0,0
nearest,107.4796,-1
cover,107.5194,0,0,0,0
nearest,107.5194,-1
cover,107.5568,0,0,0,0
nearest,107.5568,-1
cover,107.5988,0,0,0,0
nearest,107.5988,-1
cover,107.6365,0,0,0,0
nearest,107.6366,-1
cover,107.6744,0,0,0,0
nearest,107.6745,-1
cover,107.7131,0,0,0,0
nearest,107.7132,-1
cover,107.7503,0,0,0,0
nearest,107.7504,-1
cover,107.7891,0,0,0,0
nearest,107.7891,-1
cover,107.8288,0,0,0,0
nearest,107.8289,-1
cover,107.8677,0,0,0,0
nearest,107.8678,-1
cover,107.9081,0,0,0,0
nearest,107.9081,-1
cover,107.9459,0,0,0,0
nearest,107.9459,-1
cover,107.9825,0,0,0,0
nearest,107.9826,-1
cover,108.0214,0,0,0,0
nearest,108.0214,-1
cover,108.0604,0,0,0,0
nearest,108.0604,-1
cover,108.1022,0,0,0,0
nearest,108.1022,-1
cover,108.1376,0,0,0,0
nearest,108.1376,-1
cover,108.1782,0,0,0,0
nearest,108.1783,-1
cover,108.2223,0,0,0,0
nearest,108.2223,-1
cover,108.2712,0,0,0,0
nearest,108.2712,-1
cover,108.3147,0,0,0,0
nearest,108.3148,-1
cover,108.3534,0,0,0,0
nearest,108.3534,-1
cover,108.4035,0,0,0,0
nearest,108.4035,-1
cover,108.4475,0,0,0,0
nearest,108.4476,-1
cover,108.4857,0,0,0,0
nearest,108.4857,-1
cover,108.5251,0,0,0,0
nearest,108.5251,-1
cover,108.5707,0,0,0,0
nearest,108.5707,-1
cover,108.6103,0,0,0,0
nearest,108.6103,-1
cover,108.6509,0,0,0,0
nearest,108.6509,-1
cover,108.6937,0,0,0,0
nearest,108.6937,-1
cover,108.7309,0,0,0,0
nearest,108.7309,-1
cover,108.7699,0,0,0,0
nearest,108.77,-1
cover,108.8099,0,0,0,0
nearest,108.8099,-1
cover,108.8495,0,0,0,0
nearest,108.8495,-1
cover,108.8881,0,0,0,0
nearest,108.8881,-1
cover,108.9375,0,0,0,0
nearest,108.9375,-1
cover,108.9979,0,0,0,0
nearest,108.998,-1
cover,109.0403,0,0,0,0
nearest,109.0404,-1
cover,109.0801,0,0,0,0
nearest,109.0802,-1
cover,109.1576,0,0,0,0
nearest,109.1577,-1
cover,109.2055,0,0,0,0
nearest,109.2055,-1
cover,109.2466,0,0,0,0
nearest,109.2466,-1
cover,109.2868,0,0,0,0
nearest,109.2868,-1
cover,109.33,0,0,0,0
nearest,109.3301,-1
cover,109.3711,0,0,0,0
nearest,109.3711,-1
cover,109.4112,0,0,0,0
nearest,109.4112,-1
cover,109.4496,0,0,0,0
nearest,109.4496,-1
cover,109.4893,0,0,0,0
nearest,109.4894,-1
cover,109.5304,0,0,0,0
nearest,109.5304,-1
cover,109.5709,0,0,0,0
nearest,109.5709,-1
cover,109.6074,0,0,0,0
nearest,109.6075,-1
cover,109.6476,0,0,0,0
nearest,109.6476,-1
cover,109.6875,0,0,0,0
nearest,109.6876,-1
cover,109.7259,0,0,0,0
nearest,109.7259,-1
cover,109.7704,0,0,0,0
nearest,109.7704,-1
cover,109.8119,0,0,0,0
nearest,109.812,-1
cover,109.8482,0,0,0,0
nearest,109.8482,-1
cover,109.8863,0,0,0,0
nearest,109.8863,-1
cover,109.9262,0,0,0,0
nearest,109.9262,-1
cover,109.9716,0,0,0,0
nearest,109.9716,-1
cover,110.0113,0,0,0,0
nearest,110.0113,-1
cover,110.0485,0,0,0,0
nearest,110.0486,-1
cover,110.0882,0,0,0,0
nearest,110.0882,-1
cover,110.128,0,0,0,0
nearest,110.128,-1
cover,110.1715,0,0,0,0
nearest,110.1715,-1
cover,110.2094,0,0,0,0
nearest,110.2094,-1
cover,110.2511,0,0,0,0
nearest,110.2511,-1
cover,110.2908,0,0,0,0
nearest,110.2908,-1
cover,110.3323,0,0,0,0
nearest,110.3323,-1
cover,110.3724,0,0,0,0
nearest,110.3725,-1
cover,110.4128,0,0,0,0
nearest,110.4128,-1
cover,110.4559,1,0,1,0
nearest,110.4559,-1
cover,110.4955,0,0,0,0
nearest,110.4956,-1
cover,110.539,0,0,0,0
nearest,110.539,-1
cover,110.5769,0,0,0,0
nearest,110.5769,-1
cover,110.6152,0,0,0,0
nearest,110.6153,-1
cover,110.6612,0,0,0,0
nearest,110.6612,-1
cover,110.7067,0,0,0,0
nearest,110.7069,-1
cover,110.7478,0,0,0,0
nearest,110.7478,-1
cover,110.789,0,0,0,0
nearest,110.789,-1
cover,110.8315,0,0,0,0
nearest,110.8315,-1
cover,110.8716,0,0,0,0
nearest,110.8717,-1
cover,110.912,0,0,0,0
nearest,110.912,-1
cover,110.9536,0,0,0,0
nearest,110.9536,-1
cover,110.9953,0,0,0,0
nearest,110.9954,-1
cover,111.0382,0,0,0,0
nearest,111.0382,-1
cover,111.0803,0,0,0,0
nearest,111.0803,-1
cover,111.1192,0,0,0,0
nearest,111.1192,-1
cover,111.1583,0,0,0,0
nearest,111.1584,-1
cover,111.2075,0,0,0,0
nearest,111.2075,-1
cover,111.2547,0,0,0,0
nearest,111.2547,-1
cover,111.3023,0,0,0,0
nearest,111.3023,-1
cover,111.3446,0,0,0,0
nearest,111.3447,-1
cover,111.3837,0,0,0,0
nearest,111.3837,-1
cover,111.4259,0,0,0,0
nearest,111.4259,-1
cover,111.4737,0,0,0,0
nearest,111.4737,-1
cover,111.5194,0,0,0,0
nearest,111.5194,-1
cover,111.5629,0,0,0,0
nearest,111.5629,-1
cover,111.6052,0,0,0,0
nearest,111.6052,-1
cover,111.6454,0,0,0,0
nearest,111.6455,-1
cover,111.6883,0,0,0,0
nearest,111.6883,-1
cover,111.732,0,0,0,0
nearest,111.732,-1
cover,111.7786,0,0,0,0
nearest,111.7786,-1
cover,111.8168,0,0,0,0
nearest,111.817,-1
cover,111.8572,0,0,0,0
nearest,111.8572,-1
cover,111.8973,0,0,0,0
nearest,111.8973,-1
cover,111.9397,0,0,0,0
nearest,111.9398,-1
cover,111.9778,0,0,0,0
nearest,111.9779,-1
cover,112.02,0,0,0,0
nearest,112.0201,-1
cover,112.06,0,0,0,0
nearest,112.06,-1
cover,112.1058,0,0,0,0
nearest,112.1058,-1
cover,112.1434,0,0,0,0
nearest,112.1435,-1
cover,112.1806,0,0,0,0
nearest,112.1806,-1
cover,112.216,0,0,0,0
nearest,112.216,-1
cover,112.2539,0,0,0,0
nearest,112.2539,-1
cover,112.2912,0,0,0,0
nearest,112.2913,-1
cover,112.3356,0,0,0,0
nearest,112.3356,-1
cover,112.3724,0,0,0,0
nearest,112.3724,-1
cover,112.4112,1,1,0,0
nearest,112.4112,325.8
cover,112.4474,0,0,0,0
nearest,112.4474,-1
cover,112.4855,0,0,0,0
nearest,112.4855,-1
cover,112.5308,0,0,0,0
nearest,112.5308,-1
cover,112.5731,0,0,0,0
nearest,112.5732,-1
cover,112.6127,0,0,0,0
nearest,112.6128,-1
cover,112.6523,0,0,0,0
nearest,112.6523,-1
cover,112.6924,0,0,0,0
nearest,112.6925,-1
cover,112.7394,0,0,0,0
nearest,112.7395,-1
cover,112.7784,0,0,0,0
nearest,112.7784,-1
cover,112.8182,0,0,0,0
nearest,112.8182,-1
cover,112.8533,1,0,1,0
nearest,112.8534,-1
cover,112.8904,0,0,0,0
nearest,112.8905,-1
cover,112.9312,0,0,0,0
nearest,112.9312,-1
cover,112.974,0,0,0,0
nearest,112.974,-1
cover,113.0117,0,0,0,0
nearest,113.0118,-1
cover,113.0563,0,0,0,0
nearest,113.0563,-1
cover,113.1044,0,0,0,0
nearest,113.1045,-1
cover,113.1474,0,0,0,0
nearest,113.1474,-1
cover,113.1865,0,0,0,0
nearest,113.1866,-1
cover,113.23,0,0,0,0
nearest,113.2301,-1
cover,113.2722,0,0,0,0
nearest,113.2722,-1
cover,113.3086,0,0,0,0
nearest,113.3086,-1
cover,113.3481,0,0,0,0
nearest,113.3482,-1
cover,113.3882,0,0,0,0
nearest,113.3882,-1
cover,113.4281,0,0,0,0
nearest,113.4281,-1
cover,113.4707,0,0,0,0
nearest,113.4708,-1
cover,113.5105,0,0,0,0
nearest,113.5105,-1
cover,113.553,0,0,0,0
nearest,113.5531,-1
cover,113.5894,0,0,0,0
nearest,113.5894,-1
cover,113.6344,0,0,0,0
nearest,113.6344,-1
cover,113.6722,0,0,0,0
nearest,113.6722,-1
cover,113.7093,0,0,0,0
nearest,113.7093,-1
cover,113.7464,0,0,0,0
nearest,113.7464,-1
cover,113.7867,0,0,0,0
nearest,113.7867,-1
cover,113.8257,0,0,0,0
nearest,113.8258,-1
cover,113.871,0,0,0,0
nearest,113.871,-1
cover,113.9096,0,0,0,0
nearest,113.9096,-1
cover,113.9463,0,0,0,0
nearest,113.9463,-1
cover,113.9857,0,0,0,0
nearest,113.9858,-1
cover,114.0271,0,0,0,0
nearest,114.0272,-1
cover,114.0708,0,0,0,0
nearest,114.0709,-1
cover,114.1109,0,0,0,0
nearest,114.1109,-1
cover,114.1487,0,0,0,0
nearest,114.1487,-1
cover,114.1909,1,0,1,0
nearest,114.1909,-1
cover,114.2408,0,0,0,0
nearest,114.2409,-1
cover,114.2806,1,0,1,0
nearest,114.2806,-1
cover,114.3232,1,0,1,0
nearest,114.3232,-1
cover,114.3657,0,0,0,0
nearest,114.3658,-1
cover,114.4113,0,0,0,0
nearest,114.4113,-1
cover,114.4528,0,0,0,0
nearest,114.4529,-1
cover,114.4954,0,0,0,0
nearest,114.4954,-1
cover,114.5393,0,0,0,0
nearest,114.5393,-1
cover,114.5823,1,0,1,0
nearest,114.5823,-1
cover,114.6226,1,0,1,0
nearest,114.6226,-1
cover,114.6615,0,0,0,0
nearest,114.6615,-1
cover,114.6995,0,0,0,0
nearest,114.6995,-1
cover,114.7424,0,0,0,0
nearest,114.7424,-1
cover,114.7837,0,0,0,0
nearest,114.7837,-1
cover,114.8219,1,0,1,0
nearest,114.8219,-1
cover,114.8636,0,0,0,0
nearest,114.8637,-1
cover,114.9052,0,0,0,0
nearest,114.9052,-1
cover,114.9446,0,0,0,0
nearest,114.9446,-1
cover,114.9822,0,0,0,0
nearest,114.9822,-1
cover,115.0174,0,0,0,0
nearest,115.0175,-1
cover,115.0563,0,0,0,0
nearest,115.0563,-1
cover,115.0985,0,0,0,0
nearest,115.0986,-1
cover,115.1453,0,0,0,0
nearest,115.1453,-1
cover,115.1898,0,0,0,0
nearest,115.1898,-1
cover,115.2341,0,0,0,0
nearest,115.2341,-1
cover,115.2793,0,0,0,0
nearest,115.2794,-1
cover,115.3226,1,0,1,0
nearest,115.3227,-1
cover,115.3725,1,0,1,0
nearest,115.3725,-1
cover,115.4193,1,0,1,0
nearest,115.4193,-1
cover,115.4606,1,0,1,0
nearest,115.4606,-1
cover,115.4982,0,0,0,0
nearest,115.4982,-1
cover,115.5422,0,0,0,0
nearest,115.5422,-1
cover,115.5867,0,0,0,0
nearest,115.5868,-1
cover,115.6277,0,0,0,0
nearest,115.6277,-1
cover,115.6728,0,0,0,0
nearest,115.6729,-1
cover,115.7173,0,0,0,0
nearest,115.7173,-1
cover,115.7583,0,0,0,0
nearest,115.7583,-1
cover,115.8051,1,0,1,0
nearest,115.8052,-1
cover,115.8443,2,1,1,0
nearest,115.8443,275.0
cover,115.8851,1,0,1,0
nearest,115.8851,-1
cover,115.9297,1,0,1,0
nearest,115.9297,-1
cover,115.9721,2,0,2,0
nearest,115.9721,-1
cover,116.0115,3,1,2,0
nearest,116.0115,269.2
cover,116.0558,3,1,2,0
nearest,116.0559,269.1
cover,116.103,3,1,2,0
nearest,116.103,269.7
cover,116.1412,3,1,2,0
nearest,116.1412,269.5
cover,116.1832,3,1,2,0
nearest,116.1832,270.5
cover,116.2263,3,1,2,0
nearest,116.2263,271.3
cover,116.2727,2,1,1,0
nearest,116.2727,270.8
cover,116.3112,2,0,2,0
nearest,116.3112,-1
cover,116.3497,2,0,2,0
nearest,116.3498,-1
cover,116.3886,3,0,3,0
nearest,116.3886,-1
cover,116.4307,2,0,2,0
nearest,116.4308,-1
cover,116.4771,2,0,2,0
nearest,116.4771,-1
cover,116.5153,2,0,2,0
nearest,116.5154,-1
cover,116.59,2,0,2,0
nearest,116.59,-1
cover,116.6338,2,0,2,0
nearest,116.6339,-1
cover,116.6775,2,0,2,0
nearest,116.6775,-1
cover,116.7246,3,0,3,0
nearest,116.7246,-1
cover,116.7716,2,0,2,0
nearest,116.7716,-1
cover,116.8151,1,0,1,0
nearest,116.8151,-1
cover,116.8619,1,0,1,0
nearest,116.8619,-1
cover,116.9106,1,0,1,0
nearest,116.9106,-1
cover,116.9567,3,1,2,0
nearest,116.9567,345.9
cover,117.0046,3,1,2,0
nearest,117.0046,346.0
cover,117.0465,3,1,2,0
nearest,117.0466,345.7
cover,117.09,3,1,2,0
nearest,117.09,346.4
cover,117.1343,2,1,1,0
nearest,117.1344,342.9
cover,117.1777,3,1,2,0
nearest,117.1777,342.1
cover,117.2179,3,1,2,0
nearest,117.218,340.1
cover,117.2575,2,0,2,0
nearest,117.2575,-1
cover,117.2997,1,0,1,0
nearest,117.2997,-1
cover,117.3437,2,0,2,0
nearest,117.3437,-1
cover,117.3908,2,0,2,0
nearest,117.3909,-1
cover,117.4331,1,0,1,0
nearest,117.4332,-1
cover,117.4757,1,0,1,0
nearest,117.4757,-1
cover,117.5194,2,0,2,0
nearest,117.5194,-1
cover,117.559,1,0,1,0
nearest,117.559,-1
cover,117.5976,1,0,1,0
nearest,117.5976,-1
cover,117.6482,1,0,1,0
nearest,117.6482,-1
cover,117.6873,2,0,2,0
nearest,117.6873,-1
cover,117.7262,1,0,1,0
nearest,117.7262,-1
cover,117.7695,4,1,3,0
nearest,117.7695,347.1
cover,117.806,2,0,2,0
nearest,117.8061,-1
cover,117.8453,2,0,2,0
nearest,117.8453,-1
cover,117.8848,3,0,3,0
nearest,117.8848,-1
cover,117.9192,2,0,2,0
nearest,117.9192,-1
cover,117.9557,1,0,1,0
nearest,117.9558,-1
cover,117.9972,3,0,3,0
nearest,117.9973,-1
cover,118.0394,4,1,3,0
nearest,118.0394,358.3
cover,118.0765,4,1,3,0
nearest,118.0765,360.4
cover,118.1145,4,1,3,0
nearest,118.1145,351.8
cover,118.1487,4,1,3,0
nearest,118.1487,358.0
cover,118.1853,3,0,3,0
nearest,118.1853,-1
cover,118.22,3,0,3,0
nearest,118.22,-1
cover,118.2515,3,0,3,0
nearest,118.2515,-1
cover,118.2867,2,0,2,0
nearest,118.2867,-1
cover,118.3178,3,0,3,0
nearest,118.3178,-1
cover,118.3525,3,0,3,0
nearest,118.3526,-1
cover,118.3872,4,1,3,0
nearest,118.3872,366.1
cover,118.4218,4,1,3,0
nearest,118.4218,366.6
cover,118.4542,3,0,3,0
nearest,118.4542,-1
cover,118.4891,3,0,3,0
nearest,118.4892,-1
cover,118.523,2,0,2,0
nearest,118.5231,-1
cover,118.5649,2,0,2,0
nearest,118.5649,-1
cover,118.6061,2,0,2,0
nearest,118.6061,-1
cover,118.6443,1,0,1,0
nearest,118.6444,-1
cover,118.6842,1,0,1,0
nearest,118.6842,-1
cover,118.7299,1,0,1,0
nearest,118.7299,-1
cover,118.7638,1,0,1,0
nearest,118.7638,-1
cover,118.8049,2,0,2,0
nearest,118.805,-1
cover,118.8428,2,0,2,0
nearest,118.8428,-1
cover,118.8781,2,0,2,0
nearest,118.8781,-1
cover,118.9148,2,0,2,0
nearest,118.9149,-1
cover,118.9561,2,0,2,0
nearest,118.9562,-1
cover,118.9939,1,0,1,0
nearest,118.9939,-1
cover,119.0304,1,0,1,0
nearest,119.0304,-1
cover,119.064,2,0,2,0
nearest,119.0641,-1
cover,119.1053,2,0,2,0
nearest,119.1053,-1
cover,119.1413,2,0,2,0
nearest,119.1413,-1
cover,119.1782,2,0,2,0
nearest,119.1782,-1
cover,119.2091,2,0,2,0
nearest,119.2091,-1
cover,119.2439,1,0,1,0
nearest,119.2439,-1
cover,119.2752,3,1,2,0
nearest,119.2752,367.9
cover,119.3077,1,0,1,0
nearest,119.3077,-1
cover,119.3399,1,0,1,0
nearest,119.34,-1
cover,119.3747,1,0,1,0
nearest,119.3748,-1
cover,119.4102,0,0,0,0
nearest,119.4102,-1
cover,119.4416,0,0,0,0
nearest,119.4416,-1
cover,119.4766,0,0,0,0
nearest,119.4767,-1
cover,119.5108,0,0,0,0
nearest,119.5108,-1
cover,119.5446,0,0,0,0
nearest,119.5447,-1
cover,119.5816,0,0,0,0
nearest,119.5816,-1
cover,119.614,0,0,0,0
nearest,119.6141,-1
cover,119.6518,0,0,0,0
nearest,119.6518,-1
cover,119.6858,0,0,0,0
nearest,119.6858,-1
cover,119.7197,0,0,0,0
nearest,119.7197,-1
cover,119.7505,0,0,0,0
nearest,119.7505,-1
cover,119.784,0,0,0,0
nearest,119.784,-1
cover,119.8149,0,0,0,0
nearest,119.815,-1
cover,119.8511,0,0,0,0
nearest,119.8512,-1
cover,119.8841,0,0,0,0
nearest,119.8841,-1
cover,119.9156,0,0,0,0
nearest,119.9156,-1
cover,119.9509,0,0,0,0
nearest,119.9509,-1
cover,119.9838,0,0,0,0
nearest,119.9838,-1
cover,120.0542,0,0,0,0
nearest,120.0542,-1
cover,120.0902,0,0,0,0
nearest,120.0903,-1
cover,120.1244,0,0,0,0
nearest,120.1244,-1
cover,120.1621,0,0,0,0
nearest,120.1621,-1
cover,120.1973,0,0,0,0
nearest,120.1973,-1
cover,120.2358,0,0,0,0
nearest,120.2358,-1
cover,120.2793,0,0,0,0
nearest,120.2793,-1
cover,120.3289,0,0,0,0
nearest,120.3289,-1
cover,120.3797,1,0,1,0
nearest,120.3797,-1
cover,120.4213,0,0,0,0
nearest,120.4213,-1
cover,120.4632,0,0,0,0
nearest,120.4632,-1
cover,120.5128,0,0,0,0
nearest,120.5128,-1
cover,120.5634,0,0,0,0
nearest,120.5634,-1
cover,120.6067,0,0,0,0
nearest,120.6067,-1
cover,120.6483,0,0,0,0
nearest,120.6483,-1
cover,120.6964,0,0,0,0
nearest,120.6964,-1
cover,120.7395,0,0,0,0
nearest,120.7395,-1
cover,120.7731,0,0,0,0
nearest,120.7731,-1
cover,120.8116,0,0,0,0
nearest,120.8117,-1
cover,120.8513,0,0,0,0
nearest,120.8514,-1
cover,120.8928,0,0,0,0
nearest,120.8928,-1
cover,120.9315,0,0,0,0
nearest,120.9315,-1
cover,120.9762,0,0,0,0
nearest,120.9762,-1
cover,121.0149,0,0,0,0
nearest,121.0149,-1
cover,121.0557,0,0,0,0
nearest,121.0558,-1
cover,121.09,0,0,0,0
nearest,121.09,-1
cover,121.1297,0,0,0,0
nearest,121.1297,-1
cover,121.1709,0,0,0,0
nearest,121.1709,-1
cover,121.2168,0,0,0,0
nearest,121.217,-1
cover,121.2574,0,0,0,0
nearest,121.2575,-1
cover,121.2967,0,0,0,0
nearest,121.2968,-1
cover,121.3384,0,0,0,0
nearest,121.3385,-1
cover,121.3763,0,0,0,0
nearest,121.3763,-1
cover,121.449,0,0,0,0
nearest,121.449,-1
cover,121.4914,0,0,0,0
nearest,121.4915,-1
cover,121.5339,0,0,0,0
nearest,121.5339,-1
cover,121.5741,0,0,0,0
nearest,121.5742,-1
cover,121.6114,0,0,0,0
nearest,121.6115,-1
cover,121.6484,0,0,0,0
nearest,121.6484,-1
cover,121.6904,0,0,0,0
nearest,121.6904,-1
cover,121.7246,0,0,0,0
nearest,121.7246,-1
cover,121.7611,0,0,0,0
nearest,121.7612,-1
cover,121.7986,0,0,0,0
nearest,121.7986,-1
cover,121.845,0,0,0,0
nearest,121.8451,-1
cover,121.8859,1,0,1,0
nearest,121.8859,-1
cover,121.9267,0,0,0,0
nearest,121.9267,-1
cover,121.9716,0,0,0,0
nearest,121.9717,-1
cover,122.0112,0,0,0,0
nearest,122.0113,-1
cover,122.0494,0,0,0,0
nearest,122.0494,-1
cover,122.0943,0,0,0,0
nearest,122.0943,-1
cover,122.1361,0,0,0,0
nearest,122.1361,-1
cover,122.1789,0,0,0,0
nearest,122.1789,-1
cover,122.2196,0,0,0,0
nearest,122.2196,-1
cover,122.2577,0,0,0,0
nearest,122.2577,-1
cover,122.2978,0,0,0,0
nearest,122.2978,-1
cover,122.3395,0,0,0,0
nearest,122.3395,-1
cover,122.3854,0,0,0,0
nearest,122.3854,-1
cover,122.4353,0,0,0,0
nearest,122.4353,-1
cover,122.4767,0,0,0,0
nearest,122.4767,-1
cover,122.5187,0,0,0,0
nearest,122.5187,-1
cover,122.5641,0,0,0,0
nearest,122.5641,-1
cover,122.5995,0,0,0,0
nearest,122.5996,-1
cover,122.64,0,0,0,0
nearest,122.6401,-1
cover,122.6816,0,0,0,0
nearest,122.6816,-1
cover,122.7213,0,0,0,0
nearest,122.7213,-1
cover,122.7594,0,0,0,0
nearest,122.7595,-1
cover,122.8067,0,0,0,0
nearest,122.8068,-1
cover,122.8494,0,0,0,0
nearest,122.8494,-1
cover,122.8961,0,0,0,0
nearest,122.8961,-1
cover,122.9426,0,0,0,0
nearest,122.9426,-1
cover,122.9843,0,0,0,0
nearest,122.9843,-1
cover,123.0361,0,0,0,0
nearest,123.0362,-1
cover,123.0817,0,0,0,0
nearest,123.0817,-1
cover,123.1204,0,0,0,0
nearest,123.1204,-1
cover,123.1572,0,0,0,0
nearest,123.1572,-1
cover,123.1989,0,0,0,0
nearest,123.1989,-1
cover,123.2521,0,0,0,0
nearest,123.2521,-1
cover,123.3042,0,0,0,0
nearest,123.3042,-1
cover,123.3503,0,0,0,0
nearest,123.3504,-1
cover,123.393,0,0,0,0
nearest,123.393,-1
cover,123.4471,0,0,0,0
nearest,123.4471,-1
cover,123.4978,0,0,0,0
nearest,123.4978,-1
cover,123.5463,0,0,0,0
nearest,123.5464,-1
cover,123.5881,0,0,0,0
nearest,123.5881,-1
cover,123.625,1,0,1,0
nearest,123.625,-1
cover,123.667,0,0,0,0
nearest,123.667,-1
cover,123.7158,0,0,0,0
nearest,123.7159,-1
cover,123.7669,0,0,0,0
nearest,123.7669,-1
cover,123.8124,0,0,0,0
nearest,123.8124,-1
cover,123.8529,0,0,0,0
nearest,123.853,-1
cover,123.8952,0,0,0,0
nearest,123.8952,-1
cover,123.9374,0,0,0,0
nearest,123.9375,-1
cover,123.9772,0,0,0,0
nearest,123.9772,-1
cover,124.0143,0,0,0,0
nearest,124.0143,-1
cover,124.0545,0,0,0,0
nearest,124.0545,-1
cover,124.0961,0,0,0,0
nearest,124.0962,-1
cover,124.1398,0,0,0,0
nearest,124.1398,-1
cover,124.1777,0,0,0,0
nearest,124.1777,-1
cover,124.2192,0,0,0,0
nearest,124.2192,-1
cover,124.2585,0,0,0,0
nearest,124.2585,-1
cover,124.3113,0,0,0,0
nearest,124.3113,-1
cover,124.3507,0,0,0,0
nearest,124.3507,-1
cover,124.3878,0,0,0,0
nearest,124.3878,-1
cover,124.4255,0,0,0,0
nearest,124.4255,-1
cover,124.4635,0,0,0,0
nearest,124.4635,-1
cover,124.5021,0,0,0,0
nearest,124.5022,-1
cover,124.5407,0,0,0,0
nearest,124.5408,-1
cover,124.5776,0,0,0,0
nearest,124.5777,-1
cover,124.6197,0,0,0,0
nearest,124.6197,-1
cover,124.6599,0,0,0,0
nearest,124.6599,-1
cover,124.6971,0,0,0,0
nearest,124.6971,-1
cover,124.7389,0,0,0,0
nearest,124.739,-1
cover,124.778,0,0,0,0
nearest,124.778,-1
cover,124.8234,0,0,0,0
nearest,124.8234,-1
cover,124.8972,0,0,0,0
nearest,124.8972,-1
cover,124.944,0,0,0,0
nearest,124.944,-1
cover,124.9848,1,0,1,0
nearest,124.9848,-1
cover,125.0276,0,0,0,0
nearest,125.0276,-1
cover,125.0689,0,0,0,0
nearest,125.0689,-1
cover,125.1109,0,0,0,0
nearest,125.1109,-1
cover,125.152,0,0,0,0
nearest,125.152,-1
cover,125.1919,0,0,0,0
nearest,125.1919,-1
cover,125.2381,0,0,0,0
nearest,125.2381,-1
cover,125.2943,0,0,0,0
nearest,125.2944,-1
cover,125.3358,0,0,0,0
nearest,125.3358,-1
cover,125.3791,0,0,0,0
nearest,125.3791,-1
cover,125.4201,0,0,0,0
nearest,125.4201,-1
cover,125.4696,0,0,0,0
nearest,125.4697,-1
cover,125.5152,0,0,0,0
nearest,125.5152,-1
cover,125.5531,0,0,0,0
nearest,125.5531,-1
cover,125.5872,0,0,0,0
nearest,125.5872,-1
cover,125.6241,0,0,0,0
nearest,125.6241,-1
cover,125.6646,0,0,0,0
nearest,125.6646,-1
cover,125.706,0,0,0,0
nearest,125.706,-1
cover,125.7438,0,0,0,0
nearest,125.7438,-1
cover,125.7819,0,0,0,0
nearest,125.7819,-1
cover,125.8188,0,0,0,0
nearest,125.8188,-1
cover,125.8617,0,0,0,0
nearest,125.8617,-1
cover,125.8964,0,0,0,0
nearest,125.8965,-1
cover,125.9361,0,0,0,0
nearest,125.9362,-1
cover,125.9738,0,0,0,0
nearest,125.9738,-1
cover,126.0116,0,0,0,0
nearest,126.0116,-1
cover,126.0518,0,0,0,0
nearest,126.0518,-1
cover,126.089,0,0,0,0
nearest,126.089,-1
cover,126.1249,0,0,0,0
nearest,126.125,-1
cover,126.1617,0,0,0,0
nearest,126.1617,-1
cover,126.1962,0,0,0,0
nearest,126.1962,-1
cover,126.234,0,0,0,0
nearest,126.234,-1
cover,126.2795,0,0,0,0
nearest,126.2796,-1
cover,126.3228,0,0,0,0
nearest,126.3229,-1
cover,126.3617,0,0,0,0
nearest,126.3617,-1
cover,126.3999,0,0,0,0
nearest,126.3999,-1
cover,126.4449,0,0,0,0
nearest,126.4449,-1
cover,126.491,0,0,0,0
nearest,126.491,-1
cover,126.5361,0,0,0,0
nearest,126.5361,-1
cover,126.5811,0,0,0,0
nearest,126.5811,-1
cover,126.6221,0,0,0,0
nearest,126.6221,-1
cover,126.6631,0,0,0,0
nearest,126.6631,-1
cover,126.7055,0,0,0,0
nearest,126.7055,-1
cover,126.7456,0,0,0,0
nearest,126.7456,-1
cover,126.785,0,0,0,0
nearest,126.785,-1
cover,126.8221,0,0,0,0
nearest,126.8221,-1
cover,126.8629,0,0,0,0
nearest,126.8629,-1
cover,126.9074,0,0,0,0
nearest,126.9074,-1
cover,126.9546,0,0,0,0
nearest,126.9546,-1
cover,127.0003,0,0,0,0
nearest,127.0003,-1
cover,127.0399,0,0,0,0
nearest,127.0399,-1
cover,127.0799,0,0,0,0
nearest,127.0799,-1
cover,127.1199,0,0,0,0
nearest,127.1199,-1
cover,127.1595,0,0,0,0
nearest,127.1595,-1
cover,127.1962,0,0,0,0
nearest,127.1963,-1
cover,127.2434,0,0,0,0
nearest,127.2434,-1
cover,127.2889,0,0,0,0
nearest,127.2889,-1
cover,127.3261,0,0,0,0
nearest,127.3261,-1
cover,127.3643,0,0,0,0
nearest,127.3643,-1
cover,127.4014,0,0,0,0
nearest,127.4014,-1
cover,127.4434,0,0,0,0
nearest,127.4435,-1
cover,127.491,0,0,0,0
nearest,127.491,-1
cover,127.5322,0,0,0,0
nearest,127.5322,-1
cover,127.5771,0,0,0,0
nearest,127.5772,-1
cover,127.619,2,1,1,0
nearest,127.6191,51.0
cover,127.6577,1,0,1,0
nearest,127.6578,-1
cover,127.6977,1,0,1,0
nearest,127.6978,-1
cover,127.7366,1,0,1,0
nearest,127.7366,-1
cover,127.772,1,0,1,0
nearest,127.7721,-1
cover,127.809,1,0,1,0
nearest,127.809,-1
cover,127.8464,1,0,1,0
nearest,127.8464,-1
cover,127.8867,1,0,1,0
nearest,127.8867,-1
cover,127.929,1,0,1,0
nearest,127.929,-1
cover,127.9645,0,0,0,0
nearest,127.9646,-1
cover,128.0105,0,0,0,0
nearest,128.0106,-1
cover,128.056,1,1,0,0
nearest,128.056,45.9
cover,128.1001,0,0,0,0
nearest,128.1002,-1
cover,128.1411,0,0,0,0
nearest,128.1411,-1
cover,128.1814,0,0,0,0
nearest,128.1814,-1
cover,128.2188,0,0,0,0
nearest,128.2189,-1
cover,128.2589,0,0,0,0
nearest,128.2589,-1
cover,128.296,0,0,0,0
nearest,128.296,-1
cover,128.3364,0,0,0,0
nearest,128.3364,-1
cover,128.3763,0,0,0,0
nearest,128.3763,-1
cover,128.4133,0,0,0,0
nearest,128.4133,-1
cover,128.4522,0,0,0,0
nearest,128.4522,-1
cover,128.4924,0,0,0,0
nearest,128.4924,-1
cover,128.5386,0,0,0,0
nearest,128.5387,-1
cover,128.5995,0,0,0,0
nearest,128.5995,-1
cover,128.6633,0,0,0,0
nearest,128.6634,-1
cover,128.7029,0,0,0,0
nearest,128.7031,-1
cover,128.7452,0,0,0,0
nearest,128.7452,-1
cover,128.7899,0,0,0,0
nearest,128.7899,-1
cover,128.8383,0,0,0,0
nearest,128.8384,-1
cover,128.8813,0,0,0,0
nearest,128.8813,-1
cover,128.9275,0,0,0,0
nearest,128.9275,-1
cover,128.9667,0,0,0,0
nearest,128.9667,-1
cover,129.0113,0,0,0,0
nearest,129.0113,-1
cover,129.0529,0,0,0,0
nearest,129.053,-1
cover,129.0886,0,0,0,0
nearest,129.0887,-1
cover,129.1269,0,0,0,0
nearest,129.127,-1
cover,129.1705,0,0,0,0
nearest,129.1706,-1
cover,129.2171,0,0,0,0
nearest,129.2171,-1
cover,129.2621,0,0,0,0
nearest,129.2621,-1
cover,129.3025,0,0,0,0
nearest,129.3025,-1
cover,129.3471,0,0,0,0
nearest,129.3471,-1
cover,129.3871,0,0,0,0
nearest,129.3872,-1
cover,129.4248,0,0,0,0
nearest,129.4248,-1
cover,129.4714,1,0,1,0
nearest,129.4715,-1
cover,129.5148,1,0,1,0
nearest,129.5149,-1
cover,129.5599,0,0,0,0
nearest,129.5599,-1
cover,129.6016,0,0,0,0
nearest,129.6017,-1
cover,129.6483,0,0,0,0
nearest,129.6483,-1
cover,129.6888,0,0,0,0
nearest,129.6889,-1
cover,129.7295,0,0,0,0
nearest,129.7296,-1
cover,129.7784,0,0,0,0
nearest,129.7784,-1
cover,129.8178,0,0,0,0
nearest,129.8178,-1
cover,129.8594,0,0,0,0
nearest,129.8594,-1
cover,129.8964,0,0,0,0
nearest,129.8964,-1
cover,129.9347,0,0,0,0
nearest,129.9347,-1
cover,129.9763,0,0,0,0
nearest,129.9763,-1
cover,130.0164,0,0,0,0
nearest,130.0164,-1
cover,130.0544,0,0,0,0
nearest,130.0544,-1
cover,130.091,0,0,0,0
nearest,130.091,-1
cover,130.1297,0,0,0,0
nearest,130.1298,-1
cover,130.1717,0,0,0,0
nearest,130.1717,-1
cover,130.2111,1,1,0,0
nearest,130.2112,30.2
cover,130.2479,1,1,0,0
nearest,130.2479,35.6
cover,130.2868,0,0,0,0
nearest,130.2869,-1
cover,130.3327,1,1,0,0
nearest,130.3327,39.8
cover,130.3657,1,1,0,0
nearest,130.3657,42.8
cover,130.4035,1,1,0,0
nearest,130.4036,45.2
