kind,t,a,b
meta,0,1.3398561541818312,60
cover,0.193,0,0,0,0
nearest,0.193,-1
cover,0.2246,0,0,0,0
nearest,0.2246,-1
cover,0.2547,0,0,0,0
nearest,0.2548,-1
cover,0.2846,0,0,0,0
nearest,0.2846,-1
cover,0.3148,0,0,0,0
nearest,0.3148,-1
cover,0.3481,0,0,0,0
nearest,0.3482,-1
cover,0.3771,0,0,0,0
nearest,0.3771,-1
cover,0.4067,0,0,0,0
nearest,0.4067,-1
cover,0.435,0,0,0,0
nearest,0.435,-1
cover,0.4629,0,0,0,0
nearest,0.463,-1
cover,0.4909,0,0,0,0
nearest,0.4909,-1
cover,0.5161,0,0,0,0
nearest,0.5161,-1
cover,0.5417,0,0,0,0
nearest,0.5417,-1
cover,0.5665,0,0,0,0
nearest,0.5665,-1
cover,0.5949,0,0,0,0
nearest,0.5949,-1
cover,0.6211,0,0,0,0
nearest,0.6212,-1
cover,0.6539,0,0,0,0
nearest,0.6539,-1
cover,0.6828,0,0,0,0
nearest,0.6828,-1
cover,0.7107,0,0,0,0
nearest,0.7107,-1
cover,0.7366,0,0,0,0
nearest,0.7366,-1
cover,0.7645,0,0,0,0
nearest,0.7645,-1
cover,0.7908,0,0,0,0
nearest,0.7908,-1
cover,0.8196,0,0,0,0
nearest,0.8196,-1
cover,0.8471,0,0,0,0
nearest,0.8471,-1
cover,0.8762,0,0,0,0
nearest,0.8762,-1
cover,0.9026,0,0,0,0
nearest,0.9026,-1
cover,0.9327,0,0,0,0
nearest,0.9327,-1
cover,0.9628,0,0,0,0
nearest,0.9628,-1
cover,0.9911,0,0,0,0
nearest,0.9911,-1
cover,1.0164,0,0,0,0
nearest,1.0164,-1
cover,1.0437,0,0,0,0
nearest,1.0437,-1
cover,1.0704,0,0,0,0
nearest,1.0704,-1
cover,1.0963,0,0,0,0
nearest,1.0963,-1
cover,1.125,0,0,0,0
nearest,1.125,-1
cover,1.1518,0,0,0,0
nearest,1.1518,-1
cover,1.1794,0,0,0,0
nearest,1.1794,-1
cover,1.2044,0,0,0,0
nearest,1.2044,-1
cover,1.233,0,0,0,0
nearest,1.233,-1
cover,1.2616,0,0,0,0
nearest,1.2616,-1
cover,1.2955,0,0,0,0
nearest,1.2956,-1
cover,1.3218,0,0,0,0
nearest,1.3219,-1
cover,1.3488,0,0,0,0
nearest,1.3488,-1
cover,1.3748,0,0,0,0
nearest,1.3748,-1
cover,1.4002,0,0,0,0
nearest,1.4002,-1
cover,1.4275,0,0,0,0
nearest,1.4275,-1
cover,1.4532,0,0,0,0
nearest,1.4532,-1
cover,1.4818,0,0,0,0
nearest,1.4818,-1
cover,1.513,0,0,0,0
nearest,1.513,-1
cover,1.5422,0,0,0,0
nearest,1.5422,-1
cover,1.5683,0,0,0,0
nearest,1.5683,-1
cover,1.5957,0,0,0,0
nearest,1.5957,-1
cover,1.6216,0,0,0,0
nearest,1.6217,-1
cover,1.6497,0,0,0,0
nearest,1.6497,-1
cover,1.677,0,0,0,0
nearest,1.677,-1
cover,1.7033,0,0,0,0
nearest,1.7033,-1
cover,1.7344,0,0,0,0
nearest,1.7344,-1
cover,1.769,0,0,0,0
nearest,1.769,-1
cover,1.8025,0,0,0,0
nearest,1.8025,-1
cover,1.8325,0,0,0,0
nearest,1.8325,-1
cover,1.8607,0,0,0,0
nearest,1.8607,-1
cover,1.8884,0,0,0,0
nearest,1.8884,-1
cover,1.9169,0,0,0,0
nearest,1.9169,-1
cover,1.945,0,0,0,0
nearest,1.945,-1
cover,1.9724,0,0,0,0
nearest,1.9725,-1
cover,1.9995,0,0,0,0
nearest,1.9996,-1
cover,2.0255,0,0,0,0
nearest,2.0255,-1
cover,2.0517,0,0,0,0
nearest,2.0517,-1
cover,2.0799,0,0,0,0
nearest,2.0799,-1
cover,2.1086,0,0,0,0
nearest,2.1086,-1
cover,2.1364,0,0,0,0
nearest,2.1364,-1
cover,2.1653,0,0,0,0
nearest,2.1654,-1
cover,2.1919,0,0,0,0
nearest,2.1919,-1
cover,2.2184,0,0,0,0
nearest,2.2184,-1
cover,2.2487,0,0,0,0
nearest,2.2487,-1
cover,2.2782,0,0,0,0
nearest,2.2782,-1
cover,2.3093,0,0,0,0
nearest,2.3094,-1
cover,2.3368,0,0,0,0
nearest,2.3369,-1
cover,2.3666,0,0,0,0
nearest,2.3666,-1
cover,2.397,0,0,0,0
nearest,2.397,-1
cover,2.4345,0,0,0,0
nearest,2.4345,-1
cover,2.4664,0,0,0,0
nearest,2.4664,-1
cover,2.4977,0,0,0,0
nearest,2.4977,-1
cover,2.5272,0,0,0,0
nearest,2.5272,-1
cover,2.5593,0,0,0,0
nearest,2.5593,-1
cover,2.59,0,0,0,0
nearest,2.59,-1
cover,2.6216,0,0,0,0
nearest,2.6216,-1
cover,2.6515,0,0,0,0
nearest,2.6515,-1
cover,2.681,0,0,0,0
nearest,2.6811,-1
cover,2.7102,0,0,0,0
nearest,2.7103,-1
cover,2.7422,0,0,0,0
nearest,2.7422,-1
cover,2.7717,0,0,0,0
nearest,2.7717,-1
cover,2.8034,0,0,0,0
nearest,2.8034,-1
cover,2.8317,0,0,0,0
nearest,2.8317,-1
cover,2.8596,0,0,0,0
nearest,2.8596,-1
cover,2.8867,0,0,0,0
nearest,2.8867,-1
cover,2.9148,0,0,0,0
nearest,2.9148,-1
cover,2.9465,0,0,0,0
nearest,2.9465,-1
cover,2.9773,0,0,0,0
nearest,2.9774,-1
cover,3.011,0,0,0,0
nearest,3.011,-1
cover,3.0439,0,0,0,0
nearest,3.0439,-1
cover,3.0771,0,0,0,0
nearest,3.0771,-1
cover,3.1116,0,0,0,0
nearest,3.1116,-1
cover,3.1429,0,0,0,0
nearest,3.1429,-1
cover,3.1715,0,0,0,0
nearest,3.1715,-1
cover,3.2014,0,0,0,0
nearest,3.2015,-1
cover,3.2323,0,0,0,0
nearest,3.2323,-1
cover,3.2628,0,0,0,0
nearest,3.2628,-1
cover,3.2939,0,0,0,0
nearest,3.2939,-1
cover,3.3264,0,0,0,0
nearest,3.3264,-1
cover,3.3575,0,0,0,0
nearest,3.3575,-1
cover,3.3857,0,0,0,0
nearest,3.3858,-1
cover,3.416,0,0,0,0
nearest,3.4161,-1
cover,3.4466,0,0,0,0
nearest,3.4466,-1
cover,3.4769,0,0,0,0
nearest,3.4769,-1
cover,3.5107,0,0,0,0
nearest,3.5107,-1
cover,3.5414,0,0,0,0
nearest,3.5415,-1
cover,3.569,0,0,0,0
nearest,3.569,-1
cover,3.5989,0,0,0,0
nearest,3.5989,-1
cover,3.6296,0,0,0,0
nearest,3.6297,-1
cover,3.6623,0,0,0,0
nearest,3.6623,-1
cover,3.6942,0,0,0,0
nearest,3.6942,-1
cover,3.7274,0,0,0,0
nearest,3.7274,-1
cover,3.7599,0,0,0,0
nearest,3.76,-1
cover,3.7913,0,0,0,0
nearest,3.7913,-1
cover,3.8228,0,0,0,0
nearest,3.8228,-1
cover,3.8534,0,0,0,0
nearest,3.8534,-1
cover,3.8844,0,0,0,0
nearest,3.8844,-1
cover,3.9172,0,0,0,0
nearest,3.9173,-1
cover,3.9477,0,0,0,0
nearest,3.9477,-1
cover,3.9782,0,0,0,0
nearest,3.9782,-1
cover,4.0062,0,0,0,0
nearest,4.0062,-1
cover,4.0368,0,0,0,0
nearest,4.0368,-1
cover,4.0682,0,0,0,0
nearest,4.0682,-1
cover,4.1003,0,0,0,0
nearest,4.1003,-1
cover,4.1326,0,0,0,0
nearest,4.1326,-1
cover,4.1635,0,0,0,0
nearest,4.1635,-1
cover,4.1946,0,0,0,0
nearest,4.1946,-1
cover,4.2248,0,0,0,0
nearest,4.2248,-1
cover,4.2536,0,0,0,0
nearest,4.2536,-1
cover,4.2857,0,0,0,0
nearest,4.2857,-1
cover,4.3149,0,0,0,0
nearest,4.3149,-1
cover,4.3435,0,0,0,0
nearest,4.3436,-1
cover,4.3724,0,0,0,0
nearest,4.3725,-1
cover,4.4043,0,0,0,0
nearest,4.4043,-1
cover,4.436,0,0,0,0
nearest,4.436,-1
cover,4.4693,0,0,0,0
nearest,4.4693,-1
cover,4.5128,0,0,0,0
nearest,4.5128,-1
cover,4.544,0,0,0,0
nearest,4.544,-1
cover,4.5737,0,0,0,0
nearest,4.5737,-1
cover,4.6028,0,0,0,0
nearest,4.6028,-1
cover,4.6321,0,0,0,0
nearest,4.6321,-1
cover,4.6628,0,0,0,0
nearest,4.6628,-1
cover,4.6912,0,0,0,0
nearest,4.6912,-1
cover,4.723,0,0,0,0
nearest,4.723,-1
cover,4.7931,0,0,0,0
nearest,4.7931,-1
cover,4.8283,0,0,0,0
nearest,4.8283,-1
cover,4.8586,0,0,0,0
nearest,4.8587,-1
cover,4.8938,0,0,0,0
nearest,4.8938,-1
cover,4.9223,0,0,0,0
nearest,4.9224,-1
cover,4.9521,0,0,0,0
nearest,4.9521,-1
cover,4.983,0,0,0,0
nearest,4.983,-1
cover,5.0124,0,0,0,0
nearest,5.0124,-1
cover,5.0388,0,0,0,0
nearest,5.0388,-1
cover,5.0692,0,0,0,0
nearest,5.0692,-1
cover,5.1009,0,0,0,0
nearest,5.1009,-1
cover,5.1306,0,0,0,0
nearest,5.1306,-1
cover,5.1605,0,0,0,0
nearest,5.1606,-1
cover,5.189,0,0,0,0
nearest,5.189,-1
cover,5.2182,0,0,0,0
nearest,5.2182,-1
cover,5.2464,0,0,0,0
nearest,5.2465,-1
cover,5.2785,0,0,0,0
nearest,5.2786,-1
cover,5.3107,0,0,0,0
nearest,5.3108,-1
cover,5.3389,0,0,0,0
nearest,5.3389,-1
cover,5.3694,0,0,0,0
nearest,5.3694,-1
cover,5.4011,0,0,0,0
nearest,5.4011,-1
cover,5.434,0,0,0,0
nearest,5.4341,-1
cover,5.461,0,0,0,0
nearest,5.461,-1
cover,5.4939,0,0,0,0
nearest,5.4939,-1
cover,5.5277,0,0,0,0
nearest,5.5277,-1
cover,5.5586,0,0,0,0
nearest,5.5586,-1
cover,5.593,0,0,0,0
nearest,5.593,-1
cover,5.6341,0,0,0,0
nearest,5.6341,-1
cover,5.6702,0,0,0,0
nearest,5.6702,-1
cover,5.7055,0,0,0,0
nearest,5.7055,-1
cover,5.7406,0,0,0,0
nearest,5.7406,-1
cover,5.7726,0,0,0,0
nearest,5.7726,-1
cover,5.8061,0,0,0,0
nearest,5.8061,-1
cover,5.8358,0,0,0,0
nearest,5.8359,-1
cover,5.8649,0,0,0,0
nearest,5.8649,-1
cover,5.8945,0,0,0,0
nearest,5.8945,-1
cover,5.924,0,0,0,0
nearest,5.9241,-1
cover,5.9549,0,0,0,0
nearest,5.955,-1
cover,5.9888,0,0,0,0
nearest,5.9888,-1
cover,6.0206,0,0,0,0
nearest,6.0206,-1
cover,6.0516,0,0,0,0
nearest,6.0516,-1
cover,6.0779,0,0,0,0
nearest,6.0779,-1
cover,6.1061,0,0,0,0
nearest,6.1061,-1
cover,6.1339,0,0,0,0
nearest,6.1339,-1
cover,6.1653,0,0,0,0
nearest,6.1653,-1
cover,6.1977,0,0,0,0
nearest,6.1977,-1
cover,6.2266,0,0,0,0
nearest,6.2266,-1
cover,6.2621,0,0,0,0
nearest,6.2621,-1
cover,6.2968,0,0,0,0
nearest,6.2968,-1
cover,6.3288,0,0,0,0
nearest,6.3288,-1
cover,6.3612,0,0,0,0
nearest,6.3612,-1
cover,6.3891,0,0,0,0
nearest,6.3891,-1
cover,6.4222,0,0,0,0
nearest,6.4222,-1
cover,6.4519,0,0,0,0
nearest,6.4519,-1
cover,6.4858,0,0,0,0
nearest,6.4858,-1
cover,6.5211,0,0,0,0
nearest,6.5211,-1
cover,6.5519,0,0,0,0
nearest,6.5519,-1
cover,6.5855,0,0,0,0
nearest,6.5856,-1
cover,6.6189,0,0,0,0
nearest,6.6189,-1
cover,6.652,0,0,0,0
nearest,6.652,-1
cover,6.6821,0,0,0,0
nearest,6.6821,-1
cover,6.7124,0,0,0,0
nearest,6.7124,-1
cover,6.7436,0,0,0,0
nearest,6.7437,-1
cover,6.7786,0,0,0,0
nearest,6.7787,-1
cover,6.8068,0,0,0,0
nearest,6.8068,-1
cover,6.8393,0,0,0,0
nearest,6.8394,-1
cover,6.8687,0,0,0,0
nearest,6.8687,-1
cover,6.8992,0,0,0,0
nearest,6.8992,-1
cover,6.9319,0,0,0,0
nearest,6.9319,-1
cover,6.9661,0,0,0,0
nearest,6.9661,-1
cover,6.9964,0,0,0,0
nearest,6.9965,-1
cover,7.0289,0,0,0,0
nearest,7.0289,-1
cover,7.0606,0,0,0,0
nearest,7.0606,-1
cover,7.0908,0,0,0,0
nearest,7.0909,-1
cover,7.1228,0,0,0,0
nearest,7.1228,-1
cover,7.1573,0,0,0,0
nearest,7.1573,-1
cover,7.1912,0,0,0,0
nearest,7.1913,-1
cover,7.2272,0,0,0,0
nearest,7.2273,-1
cover,7.2555,0,0,0,0
nearest,7.2555,-1
cover,7.2855,0,0,0,0
nearest,7.2855,-1
cover,7.3187,0,0,0,0
nearest,7.3187,-1
cover,7.3544,0,0,0,0
nearest,7.3544,-1
cover,7.3861,0,0,0,0
nearest,7.3861,-1
cover,7.4134,0,0,0,0
nearest,7.4134,-1
cover,7.4425,0,0,0,0
nearest,7.4425,-1
cover,7.4708,0,0,0,0
nearest,7.4708,-1
cover,7.4995,0,0,0,0
nearest,7.4995,-1
cover,7.5317,0,0,0,0
nearest,7.5317,-1
cover,7.564,0,0,0,0
nearest,7.564,-1
cover,7.5976,0,0,0,0
nearest,7.5976,-1
cover,7.6297,0,0,0,0
nearest,7.6297,-1
cover,7.6622,0,0,0,0
nearest,7.6622,-1
cover,7.6928,0,0,0,0
nearest,7.6928,-1
cover,7.7223,0,0,0,0
nearest,7.7223,-1
cover,7.7516,0,0,0,0
nearest,7.7516,-1
cover,7.7829,0,0,0,0
nearest,7.7829,-1
cover,7.811,0,0,0,0
nearest,7.811,-1
cover,7.8391,0,0,0,0
nearest,7.8391,-1
cover,7.8698,0,0,0,0
nearest,7.8698,-1
cover,7.8989,0,0,0,0
nearest,7.8989,-1
cover,7.9305,0,0,0,0
nearest,7.9305,-1
cover,7.9624,0,0,0,0
nearest,7.9625,-1
cover,7.9968,0,0,0,0
nearest,7.9968,-1
cover,8.0276,0,0,0,0
nearest,8.0276,-1
cover,8.0597,0,0,0,0
nearest,8.0597,-1
cover,8.0892,0,0,0,0
nearest,8.0892,-1
cover,8.1197,0,0,0,0
nearest,8.1197,-1
cover,8.1483,0,0,0,0
nearest,8.1483,-1
cover,8.1748,0,0,0,0
nearest,8.1748,-1
cover,8.2052,0,0,0,0
nearest,8.2052,-1
cover,8.2368,0,0,0,0
nearest,8.2368,-1
cover,8.2688,0,0,0,0
nearest,8.2688,-1
cover,8.2987,0,0,0,0
nearest,8.2988,-1
cover,8.3286,0,0,0,0
nearest,8.3286,-1
cover,8.3569,0,0,0,0
nearest,8.3569,-1
cover,8.3856,0,0,0,0
nearest,8.3856,-1
cover,8.4151,0,0,0,0
nearest,8.4152,-1
cover,8.4451,0,0,0,0
nearest,8.4451,-1
cover,8.4795,0,0,0,0
nearest,8.4795,-1
cover,8.5127,0,0,0,0
nearest,8.5127,-1
cover,8.5438,0,0,0,0
nearest,8.5439,-1
cover,8.5746,0,0,0,0
nearest,8.5746,-1
cover,8.6042,0,0,0,0
nearest,8.6042,-1
cover,8.6352,0,0,0,0
nearest,8.6352,-1
cover,8.6684,0,0,0,0
nearest,8.6684,-1
cover,8.6991,0,0,0,0
nearest,8.6991,-1
cover,8.7274,0,0,0,0
nearest,8.7274,-1
cover,8.7577,0,0,0,0
nearest,8.7577,-1
cover,8.7848,0,0,0,0
nearest,8.7849,-1
cover,8.8169,0,0,0,0
nearest,8.8169,-1
cover,8.8492,0,0,0,0
nearest,8.8492,-1
cover,8.8813,0,0,0,0
nearest,8.8813,-1
cover,8.9154,0,0,0,0
nearest,8.9154,-1
cover,8.9469,0,0,0,0
nearest,8.947,-1
cover,8.977,0,0,0,0
nearest,8.977,-1
cover,9.0088,0,0,0,0
nearest,9.0088,-1
cover,9.0408,0,0,0,0
nearest,9.0409,-1
cover,9.0713,0,0,0,0
nearest,9.0713,-1
cover,9.103,0,0,0,0
nearest,9.103,-1
cover,9.1348,0,0,0,0
nearest,9.1348,-1
cover,9.1692,0,0,0,0
nearest,9.1692,-1
cover,9.2003,0,0,0,0
nearest,9.2003,-1
cover,9.2318,0,0,0,0
nearest,9.2318,-1
cover,9.2596,0,0,0,0
nearest,9.2597,-1
cover,9.2894,0,0,0,0
nearest,9.2894,-1
cover,9.3206,0,0,0,0
nearest,9.3206,-1
cover,9.3539,0,0,0,0
nearest,9.3539,-1
cover,9.3864,0,0,0,0
nearest,9.3864,-1
cover,9.4181,0,0,0,0
nearest,9.4181,-1
cover,9.4508,0,0,0,0
nearest,9.4508,-1
cover,9.4823,0,0,0,0
nearest,9.4823,-1
cover,9.5135,0,0,0,0
nearest,9.5135,-1
cover,9.5434,0,0,0,0
nearest,9.5434,-1
cover,9.5731,0,0,0,0
nearest,9.5731,-1
cover,9.6052,0,0,0,0
nearest,9.6052,-1
cover,9.6348,0,0,0,0
nearest,9.6348,-1
cover,9.666,0,0,0,0
nearest,9.666,-1
cover,9.7008,0,0,0,0
nearest,9.7008,-1
cover,9.7307,0,0,0,0
nearest,9.7307,-1
cover,9.7628,0,0,0,0
nearest,9.7628,-1
cover,9.7944,0,0,0,0
nearest,9.7945,-1
cover,9.8278,0,0,0,0
nearest,9.8278,-1
cover,9.8573,0,0,0,0
nearest,9.8573,-1
cover,9.8888,0,0,0,0
nearest,9.8888,-1
cover,9.9198,0,0,0,0
nearest,9.9198,-1
cover,9.954,0,0,0,0
nearest,9.954,-1
cover,9.9838,0,0,0,0
nearest,9.9838,-1
cover,10.0206,0,0,0,0
nearest,10.0206,-1
cover,10.0544,0,0,0,0
nearest,10.0544,-1
cover,10.0865,0,0,0,0
nearest,10.0865,-1
cover,10.1214,0,0,0,0
nearest,10.1215,-1
cover,10.1572,0,0,0,0
nearest,10.1573,-1
cover,10.1954,0,0,0,0
nearest,10.1954,-1
cover,10.2599,0,0,0,0
nearest,10.2599,-1
cover,10.2986,0,0,0,0
nearest,10.2986,-1
cover,10.3335,0,0,0,0
nearest,10.3336,-1
cover,10.3651,0,0,0,0
nearest,10.3651,-1
cover,10.3971,0,0,0,0
nearest,10.3971,-1
cover,10.43,0,0,0,0
nearest,10.43,-1
cover,10.464,0,0,0,0
nearest,10.464,-1
cover,10.4957,0,0,0,0
nearest,10.4957,-1
cover,10.529,0,0,0,0
nearest,10.529,-1
cover,10.5622,0,0,0,0
nearest,10.5622,-1
cover,10.6008,0,0,0,0
nearest,10.6008,-1
cover,10.6334,0,0,0,0
nearest,10.6334,-1
cover,10.672,0,0,0,0
nearest,10.672,-1
cover,10.7106,0,0,0,0
nearest,10.7107,-1
cover,10.7477,0,0,0,0
nearest,10.7478,-1
cover,10.7838,0,0,0,0
nearest,10.7838,-1
cover,10.8181,0,0,0,0
nearest,10.8181,-1
cover,10.8479,0,0,0,0
nearest,10.8479,-1
cover,10.891,0,0,0,0
nearest,10.891,-1
cover,10.9319,0,0,0,0
nearest,10.9319,-1
cover,10.9644,0,0,0,0
nearest,10.9644,-1
cover,10.999,0,0,0,0
nearest,10.999,-1
cover,11.0354,0,0,0,0
nearest,11.0354,-1
cover,11.0708,0,0,0,0
nearest,11.0708,-1
cover,11.0947,0,0,0,0
nearest,11.0947,-1
cover,11.119,0,0,0,0
nearest,11.119,-1
cover,11.1524,0,0,0,0
nearest,11.1524,-1
cover,11.1863,0,0,0,0
nearest,11.1863,-1
cover,11.2196,0,0,0,0
nearest,11.2196,-1
cover,11.2572,0,0,0,0
nearest,11.2572,-1
cover,11.291,0,0,0,0
nearest,11.291,-1
cover,11.3257,0,0,0,0
nearest,11.3257,-1
cover,11.3597,0,0,0,0
nearest,11.3597,-1
cover,11.3951,0,0,0,0
nearest,11.3951,-1
cover,11.4334,0,0,0,0
nearest,11.4335,-1
cover,11.4678,0,0,0,0
nearest,11.4678,-1
cover,11.5048,0,0,0,0
nearest,11.5048,-1
cover,11.5406,0,0,0,0
nearest,11.5406,-1
cover,11.5751,0,0,0,0
nearest,11.5751,-1
cover,11.6085,0,0,0,0
nearest,11.6085,-1
cover,11.6413,0,0,0,0
nearest,11.6413,-1
cover,11.6745,0,0,0,0
nearest,11.6746,-1
cover,11.7079,0,0,0,0
nearest,11.7079,-1
cover,11.7421,0,0,0,0
nearest,11.7421,-1
cover,11.7738,0,0,0,0
nearest,11.7738,-1
cover,11.7999,0,0,0,0
nearest,11.8,-1
cover,11.8326,0,0,0,0
nearest,11.8326,-1
cover,11.8645,0,0,0,0
nearest,11.8645,-1
cover,11.898,0,0,0,0
nearest,11.8981,-1
cover,11.9306,0,0,0,0
nearest,11.9306,-1
cover,11.9631,0,0,0,0
nearest,11.9631,-1
cover,11.9955,0,0,0,0
nearest,11.9955,-1
cover,12.0256,0,0,0,0
nearest,12.0256,-1
cover,12.0551,0,0,0,0
nearest,12.0551,-1
cover,12.0848,0,0,0,0
nearest,12.0848,-1
cover,12.1165,0,0,0,0
nearest,12.1165,-1
cover,12.1479,0,0,0,0
nearest,12.1479,-1
cover,12.179,0,0,0,0
nearest,12.179,-1
cover,12.2113,0,0,0,0
nearest,12.2113,-1
cover,12.2447,0,0,0,0
nearest,12.2447,-1
cover,12.2763,0,0,0,0
nearest,12.2763,-1
cover,12.3088,0,0,0,0
nearest,12.3088,-1
cover,12.3418,0,0,0,0
nearest,12.3418,-1
cover,12.3747,0,0,0,0
nearest,12.3747,-1
cover,12.4036,0,0,0,0
nearest,12.4037,-1
cover,12.4389,0,0,0,0
nearest,12.439,-1
cover,12.4707,0,0,0,0
nearest,12.4707,-1
cover,12.5032,0,0,0,0
nearest,12.5032,-1
cover,12.5374,0,0,0,0
nearest,12.5374,-1
cover,12.5719,0,0,0,0
nearest,12.572,-1
cover,12.607,0,0,0,0
nearest,12.6071,-1
cover,12.6381,0,0,0,0
nearest,12.6381,-1
cover,12.6733,0,0,0,0
nearest,12.6734,-1
cover,12.7035,0,0,0,0
nearest,12.7036,-1
lmb,12.7379,1
cover,12.7393,0,0,0,0
nearest,12.7393,-1
cover,12.7722,0,0,0,0
nearest,12.7722,-1
cover,12.8059,0,0,0,0
nearest,12.8059,-1
cover,12.8379,0,0,0,0
nearest,12.8379,-1
lmb,12.8708,0
nail,12.8708,1
cover,12.8727,0,0,0,0
nearest,12.8727,-1
cover,12.9113,0,0,0,0
nearest,12.9113,-1
cover,12.9375,0,0,0,0
nearest,12.9375,-1
cover,12.9691,0,0,0,0
nearest,12.9691,-1
cover,13.0026,0,0,0,0
nearest,13.0026,-1
cover,13.0339,0,0,0,0
nearest,13.0339,-1
cover,13.0769,0,0,0,0
nearest,13.077,-1
cover,13.1051,0,0,0,0
nearest,13.1051,-1
cover,13.1383,0,0,0,0
nearest,13.1383,-1
cover,13.1675,0,0,0,0
nearest,13.1676,-1
cover,13.1967,0,0,0,0
nearest,13.1968,-1
cover,13.2267,0,0,0,0
nearest,13.2267,-1
nail,13.2556,0
cover,13.2568,0,0,0,0
nearest,13.2568,-1
cover,13.2863,0,0,0,0
nearest,13.2863,-1
cover,13.3182,0,0,0,0
nearest,13.3182,-1
cover,13.3483,0,0,0,0
nearest,13.3483,-1
cover,13.3763,0,0,0,0
nearest,13.3763,-1
cover,13.4043,0,0,0,0
nearest,13.4043,-1
cover,13.434,0,0,0,0
nearest,13.434,-1
cover,13.4632,0,0,0,0
nearest,13.4632,-1
cover,13.4941,0,0,0,0
nearest,13.4941,-1
cover,13.5222,0,0,0,0
nearest,13.5222,-1
cover,13.5509,0,0,0,0
nearest,13.551,-1
cover,13.5797,0,0,0,0
nearest,13.5797,-1
cover,13.6062,0,0,0,0
nearest,13.6063,-1
cover,13.6376,0,0,0,0
nearest,13.6376,-1
cover,13.6674,0,0,0,0
nearest,13.6674,-1
cover,13.6995,0,0,0,0
nearest,13.6995,-1
cover,13.7304,0,0,0,0
nearest,13.7304,-1
cover,13.757,0,0,0,0
nearest,13.757,-1
cover,13.7889,0,0,0,0
nearest,13.789,-1
cover,13.8197,0,0,0,0
nearest,13.8198,-1
cover,13.8506,0,0,0,0
nearest,13.8506,-1
cover,13.8809,0,0,0,0
nearest,13.8809,-1
cover,13.9113,0,0,0,0
nearest,13.9114,-1
cover,13.9386,0,0,0,0
nearest,13.9386,-1
cover,13.968,0,0,0,0
nearest,13.968,-1
cover,14.0064,0,0,0,0
nearest,14.0064,-1
cover,14.0463,0,0,0,0
nearest,14.0463,-1
cover,14.1192,0,0,0,0
nearest,14.1192,-1
cover,14.1534,0,0,0,0
nearest,14.1535,-1
cover,14.1865,0,0,0,0
nearest,14.1866,-1
cover,14.2203,0,0,0,0
nearest,14.2204,-1
cover,14.2559,0,0,0,0
nearest,14.2559,-1
cover,14.2891,0,0,0,0
nearest,14.2891,-1
cover,14.3249,0,0,0,0
nearest,14.3249,-1
cover,14.3625,0,0,0,0
nearest,14.3625,-1
cover,14.397,0,0,0,0
nearest,14.397,-1
cover,14.4298,0,0,0,0
nearest,14.4299,-1
cover,14.4612,0,0,0,0
nearest,14.4612,-1
cover,14.4898,0,0,0,0
nearest,14.4898,-1
cover,14.5248,0,0,0,0
nearest,14.5248,-1
cover,14.5563,0,0,0,0
nearest,14.5563,-1
cover,14.5903,0,0,0,0
nearest,14.5903,-1
cover,14.6231,0,0,0,0
nearest,14.6231,-1
cover,14.6604,0,0,0,0
nearest,14.6605,-1
cover,14.6939,0,0,0,0
nearest,14.6939,-1
cover,14.7228,0,0,0,0
nearest,14.7228,-1
lmb,14.7565,1
cover,14.7584,0,0,0,0
nearest,14.7584,-1
cover,14.7917,0,0,0,0
nearest,14.7917,-1
cover,14.8222,0,0,0,0
nearest,14.8222,-1
lmb,14.8577,0
cover,14.8588,0,0,0,0
nearest,14.8588,-1
nail,14.8903,1
cover,14.8915,0,0,0,0
nearest,14.8916,-1
cover,14.9242,0,0,0,0
nearest,14.9242,-1
cover,14.9572,0,0,0,0
nearest,14.9572,-1
cover,14.9929,0,0,0,0
nearest,14.9929,-1
cover,15.0252,0,0,0,0
nearest,15.0253,-1
cover,15.064,0,0,0,0
nearest,15.064,-1
cover,15.097,0,0,0,0
nearest,15.097,-1
cover,15.1325,0,0,0,0
nearest,15.1325,-1
cover,15.164,0,0,0,0
nearest,15.164,-1
cover,15.1978,0,0,0,0
nearest,15.1978,-1
cover,15.2314,0,0,0,0
nearest,15.2314,-1
nail,15.2628,0
cover,15.2641,0,0,0,0
nearest,15.2641,-1
cover,15.2981,0,0,0,0
nearest,15.2982,-1
cover,15.3304,0,0,0,0
nearest,15.3304,-1
cover,15.3592,0,0,0,0
nearest,15.3592,-1
cover,15.3947,0,0,0,0
nearest,15.3947,-1
cover,15.4278,0,0,0,0
nearest,15.4278,-1
cover,15.4574,0,0,0,0
nearest,15.4575,-1
cover,15.4944,0,0,0,0
nearest,15.4944,-1
cover,15.5242,0,0,0,0
nearest,15.5242,-1
cover,15.5569,0,0,0,0
nearest,15.557,-1
cover,15.5902,0,0,0,0
nearest,15.5903,-1
cover,15.623,0,0,0,0
nearest,15.623,-1
cover,15.6567,0,0,0,0
nearest,15.6567,-1
cover,15.69,0,0,0,0
nearest,15.69,-1
cover,15.7227,0,0,0,0
nearest,15.7228,-1
cover,15.7567,0,0,0,0
nearest,15.7567,-1
cover,15.7971,0,0,0,0
nearest,15.7971,-1
cover,15.8321,0,0,0,0
nearest,15.8321,-1
cover,15.8644,0,0,0,0
nearest,15.8644,-1
cover,15.8982,0,0,0,0
nearest,15.8982,-1
cover,15.9312,0,0,0,0
nearest,15.9312,-1
cover,15.963,0,0,0,0
nearest,15.963,-1
lmb,15.9979,1
cover,15.9993,0,0,0,0
nearest,15.9993,-1
cover,16.0339,0,0,0,0
nearest,16.0339,-1
cover,16.0681,0,0,0,0
nearest,16.0682,-1
lmb,16.1038,0
cover,16.1052,0,0,0,0
nearest,16.1053,-1
nail,16.1401,1
cover,16.1413,0,0,0,0
nearest,16.1413,-1
cover,16.1758,0,0,0,0
nearest,16.1758,-1
cover,16.2119,0,0,0,0
nearest,16.2119,-1
cover,16.2461,0,0,0,0
nearest,16.2461,-1
cover,16.2794,0,0,0,0
nearest,16.2794,-1
cover,16.3177,0,0,0,0
nearest,16.3177,-1
cover,16.3505,0,0,0,0
nearest,16.3505,-1
cover,16.3844,0,0,0,0
nearest,16.3844,-1
cover,16.4181,0,0,0,0
nearest,16.4182,-1
cover,16.4549,0,0,0,0
nearest,16.4549,-1
cover,16.4877,0,0,0,0
nearest,16.4877,-1
nail,16.5196,0
cover,16.5215,0,0,0,0
nearest,16.5216,-1
cover,16.554,0,0,0,0
nearest,16.5541,-1
cover,16.5879,0,0,0,0
nearest,16.5879,-1
cover,16.6228,0,0,0,0
nearest,16.6228,-1
cover,16.6591,0,0,0,0
nearest,16.6591,-1
cover,16.7002,0,0,0,0
nearest,16.7003,-1
cover,16.7472,0,0,0,0
nearest,16.7481,-1
cover,16.7894,0,0,0,0
nearest,16.7894,-1
cover,16.8283,0,0,0,0
nearest,16.8283,-1
cover,16.8662,0,0,0,0
nearest,16.8663,-1
cover,16.901,0,0,0,0
nearest,16.901,-1
cover,16.936,0,0,0,0
nearest,16.936,-1
cover,16.9716,0,0,0,0
nearest,16.9716,-1
cover,17.004,0,0,0,0
nearest,17.004,-1
cover,17.0329,0,0,0,0
nearest,17.0329,-1
cover,17.0724,0,0,0,0
nearest,17.0725,-1
cover,17.1054,0,0,0,0
nearest,17.1054,-1
cover,17.1385,0,0,0,0
nearest,17.1386,-1
cover,17.1713,0,0,0,0
nearest,17.1713,-1
cover,17.201,0,0,0,0
nearest,17.2011,-1
cover,17.2333,0,0,0,0
nearest,17.2333,-1
cover,17.2652,0,0,0,0
nearest,17.2653,-1
cover,17.3012,0,0,0,0
nearest,17.3012,-1
cover,17.3342,0,0,0,0
nearest,17.3343,-1
cover,17.367,0,0,0,0
nearest,17.3671,-1
cover,17.3977,0,0,0,0
nearest,17.3977,-1
cover,17.4305,0,0,0,0
nearest,17.4305,-1
cover,17.4644,0,0,0,0
nearest,17.4644,-1
cover,17.4971,0,0,0,0
nearest,17.4972,-1
lmb,17.5303,1
cover,17.5322,0,0,0,0
nearest,17.5323,-1
cover,17.5641,0,0,0,0
nearest,17.5641,-1
cover,17.5977,0,0,0,0
nearest,17.5977,-1
lmb,17.6315,0
cover,17.6331,0,0,0,0
nearest,17.6331,-1
nail,17.6661,1
cover,17.6681,0,0,0,0
nearest,17.6681,-1
cover,17.6994,0,0,0,0
nearest,17.6994,-1
cover,17.7325,0,0,0,0
nearest,17.7325,-1
cover,17.7655,0,0,0,0
nearest,17.7656,-1
cover,17.7973,0,0,0,0
nearest,17.7973,-1
cover,17.8317,0,0,0,0
nearest,17.8317,-1
cover,17.8655,0,0,0,0
nearest,17.8655,-1
cover,17.8991,0,0,0,0
nearest,17.8991,-1
cover,17.9309,0,0,0,0
nearest,17.9309,-1
cover,17.9649,0,0,0,0
nearest,17.9649,-1
cover,17.9986,0,0,0,0
nearest,17.9986,-1
nail,18.032,0
cover,18.0332,0,0,0,0
nearest,18.0332,-1
cover,18.0655,0,0,0,0
nearest,18.0655,-1
cover,18.101,0,0,0,0
nearest,18.101,-1
cover,18.1344,0,0,0,0
nearest,18.1345,-1
cover,18.169,0,0,0,0
nearest,18.169,-1
cover,18.2023,0,0,0,0
nearest,18.2023,-1
cover,18.2365,0,0,0,0
nearest,18.2365,-1
cover,18.2682,0,0,0,0
nearest,18.2682,-1
cover,18.3011,0,0,0,0
nearest,18.3011,-1
lmb,18.3346,1
cover,18.3358,0,0,0,0
nearest,18.3359,-1
cover,18.3691,0,0,0,0
nearest,18.3691,-1
cover,18.4047,0,0,0,0
nearest,18.4047,-1
lmb,18.4454,0
cover,18.4466,0,0,0,0
nearest,18.4466,-1
nail,18.4785,1
cover,18.4797,0,0,0,0
nearest,18.4798,-1
cover,18.5138,0,0,0,0
nearest,18.5138,-1
cover,18.5496,0,0,0,0
nearest,18.5496,-1
cover,18.5858,0,0,0,0
nearest,18.5858,-1
cover,18.62,0,0,0,0
nearest,18.62,-1
cover,18.6545,0,0,0,0
nearest,18.6545,-1
cover,18.6913,0,0,0,0
nearest,18.6913,-1
cover,18.7241,0,0,0,0
nearest,18.7242,-1
cover,18.7549,0,0,0,0
nearest,18.7549,-1
cover,18.7884,0,0,0,0
nearest,18.7884,-1
cover,18.8229,0,0,0,0
nearest,18.8229,-1
nail,18.8565,0
cover,18.858,0,0,0,0
nearest,18.858,-1
cover,18.8928,0,0,0,0
nearest,18.8928,-1
cover,18.9328,0,0,0,0
nearest,18.9328,-1
cover,18.9689,0,0,0,0
nearest,18.9689,-1
cover,18.9981,0,0,0,0
nearest,18.9981,-1
cover,19.0281,0,0,0,0
nearest,19.0281,-1
cover,19.0595,0,0,0,0
nearest,19.0595,-1
cover,19.0925,0,0,0,0
nearest,19.0925,-1
cover,19.127,0,0,0,0
nearest,19.127,-1
cover,19.1605,0,0,0,0
nearest,19.1605,-1
cover,19.1937,0,0,0,0
nearest,19.1937,-1
cover,19.2239,0,0,0,0
nearest,19.2239,-1
cover,19.2541,0,0,0,0
nearest,19.2542,-1
cover,19.2853,0,0,0,0
nearest,19.2854,-1
cover,19.3173,0,0,0,0
nearest,19.3173,-1
cover,19.3488,0,0,0,0
nearest,19.3488,-1
cover,19.3828,0,0,0,0
nearest,19.3829,-1
cover,19.4119,0,0,0,0
nearest,19.4119,-1
cover,19.4437,1,0,1,0
nearest,19.4437,-1
cover,19.4753,0,0,0,0
nearest,19.4754,-1
cover,19.5087,0,0,0,0
nearest,19.5087,-1
cover,19.5477,0,0,0,0
nearest,19.5477,-1
cover,19.5851,0,0,0,0
nearest,19.5851,-1
cover,19.62,0,0,0,0
nearest,19.6201,-1
cover,19.6549,0,0,0,0
nearest,19.655,-1
cover,19.6894,0,0,0,0
nearest,19.6895,-1
cover,19.7222,0,0,0,0
nearest,19.7223,-1
cover,19.7555,0,0,0,0
nearest,19.7556,-1
cover,19.7873,1,0,1,0
nearest,19.7873,-1
cover,19.8194,0,0,0,0
nearest,19.8194,-1
cover,19.8517,1,0,1,0
nearest,19.8517,-1
cover,19.8815,0,0,0,0
nearest,19.8815,-1
cover,19.9129,0,0,0,0
nearest,19.9129,-1
cover,19.9458,0,0,0,0
nearest,19.9458,-1
cover,19.979,0,0,0,0
nearest,19.9791,-1
cover,20.0117,0,0,0,0
nearest,20.0117,-1
cover,20.0425,0,0,0,0
nearest,20.0425,-1
cover,20.0711,0,0,0,0
nearest,20.0712,-1
cover,20.1007,0,0,0,0
nearest,20.1007,-1
cover,20.1342,0,0,0,0
nearest,20.1342,-1
cover,20.1645,1,0,1,0
nearest,20.1645,-1
cover,20.1973,0,0,0,0
nearest,20.1975,-1
cover,20.2318,0,0,0,0
nearest,20.2318,-1
cover,20.264,0,0,0,0
nearest,20.2641,-1
cover,20.2968,0,0,0,0
nearest,20.297,-1
cover,20.3305,0,0,0,0
nearest,20.3305,-1
cover,20.3643,0,0,0,0
nearest,20.3643,-1
cover,20.4019,0,0,0,0
nearest,20.402,-1
lmb,20.4375,1
cover,20.4387,0,0,0,0
nearest,20.4387,-1
cover,20.4701,0,0,0,0
nearest,20.4701,-1
cover,20.5037,0,0,0,0
nearest,20.5037,-1
cover,20.5378,0,0,0,0
nearest,20.5379,-1
lmb,20.5689,0
nail,20.5689,1
cover,20.5711,0,0,0,0
nearest,20.5712,-1
cover,20.6009,0,0,0,0
nearest,20.6009,-1
cover,20.6327,0,0,0,0
nearest,20.6327,-1
cover,20.6715,0,0,0,0
nearest,20.6715,-1
cover,20.7052,0,0,0,0
nearest,20.7052,-1
cover,20.7381,0,0,0,0
nearest,20.7381,-1
cover,20.7677,0,0,0,0
nearest,20.7677,-1
cover,20.8007,0,0,0,0
nearest,20.8008,-1
cover,20.8339,0,0,0,0
nearest,20.834,-1
cover,20.8739,0,0,0,0
nearest,20.8739,-1
cover,20.9153,0,0,0,0
nearest,20.9153,-1
lmb,20.951,1
cover,20.9527,0,0,0,0
nearest,20.9528,-1
cover,20.9872,0,0,0,0
nearest,20.9872,-1
cover,21.0222,0,0,0,0
nearest,21.0222,-1
cover,21.0587,0,0,0,0
nearest,21.0587,-1
lmb,21.0956,0
cover,21.0971,1,0,1,0
nearest,21.0971,-1
cover,21.1349,2,0,2,0
nearest,21.1349,-1
cover,21.1728,0,0,0,0
nearest,21.1729,-1
cover,21.2161,0,0,0,0
nearest,21.2161,-1
cover,21.25,0,0,0,0
nearest,21.25,-1
cover,21.2834,0,0,0,0
nearest,21.2835,-1
cover,21.3177,0,0,0,0
nearest,21.3177,-1
cover,21.356,0,0,0,0
nearest,21.356,-1
cover,21.3919,0,0,0,0
nearest,21.3919,-1
cover,21.4262,0,0,0,0
nearest,21.4262,-1
nail,21.4634,0
cover,21.4653,0,0,0,0
nearest,21.4654,-1
cover,21.5006,0,0,0,0
nearest,21.5006,-1
cover,21.5352,1,0,1,0
nearest,21.5352,-1
cover,21.5713,1,0,1,0
nearest,21.5713,-1
cover,21.6099,0,0,0,0
nearest,21.61,-1
cover,21.6496,0,0,0,0
nearest,21.6496,-1
cover,21.6872,0,0,0,0
nearest,21.6873,-1
cover,21.7298,0,0,0,0
nearest,21.7298,-1
cover,21.7679,0,0,0,0
nearest,21.7679,-1
cover,21.8083,0,0,0,0
nearest,21.8083,-1
cover,21.8466,0,0,0,0
nearest,21.8466,-1
cover,21.8824,0,0,0,0
nearest,21.8824,-1
cover,21.9181,1,0,1,0
nearest,21.9181,-1
cover,21.9621,0,0,0,0
nearest,21.9622,-1
cover,22.0015,1,0,1,0
nearest,22.0015,-1
cover,22.0413,0,0,0,0
nearest,22.0413,-1
cover,22.0839,0,0,0,0
nearest,22.0839,-1
cover,22.1199,0,0,0,0
nearest,22.1199,-1
cover,22.1553,0,0,0,0
nearest,22.1554,-1
cover,22.1927,0,0,0,0
nearest,22.1927,-1
cover,22.2308,0,0,0,0
nearest,22.2308,-1
cover,22.267,0,0,0,0
nearest,22.2671,-1
cover,22.3032,0,0,0,0
nearest,22.3032,-1
cover,22.3412,0,0,0,0
nearest,22.3412,-1
cover,22.3816,0,0,0,0
nearest,22.3816,-1
cover,22.4216,0,0,0,0
nearest,22.4217,-1
cover,22.4665,0,0,0,0
nearest,22.4665,-1
cover,22.5094,0,0,0,0
nearest,22.5094,-1
cover,22.5471,1,0,1,0
nearest,22.5471,-1
cover,22.59,0,0,0,0
nearest,22.59,-1
cover,22.634,0,0,0,0
nearest,22.634,-1
cover,22.6764,0,0,0,0
nearest,22.6764,-1
cover,22.7127,1,0,1,0
nearest,22.7127,-1
cover,22.7504,0,0,0,0
nearest,22.7504,-1
cover,22.7915,1,0,1,0
nearest,22.7915,-1
cover,22.8329,1,0,1,0
nearest,22.8329,-1
cover,22.8732,0,0,0,0
nearest,22.8733,-1
cover,22.9182,1,0,1,0
nearest,22.9182,-1
cover,22.9609,1,0,1,0
nearest,22.9609,-1
cover,22.9959,1,0,1,0
nearest,22.9959,-1
cover,23.0353,1,0,1,0
nearest,23.0353,-1
cover,23.0742,1,0,1,0
nearest,23.0742,-1
cover,23.1157,1,0,1,0
nearest,23.1157,-1
cover,23.1541,0,0,0,0
nearest,23.1541,-1
cover,23.1938,0,0,0,0
nearest,23.1938,-1
cover,23.2398,1,0,1,0
nearest,23.2398,-1
cover,23.288,1,0,1,0
nearest,23.288,-1
cover,23.3302,1,0,1,0
nearest,23.3302,-1
cover,23.3742,1,0,1,0
nearest,23.3742,-1
cover,23.4189,0,0,0,0
nearest,23.4189,-1
cover,23.4593,1,0,1,0
nearest,23.4593,-1
cover,23.4954,1,0,1,0
nearest,23.4954,-1
cover,23.535,1,0,1,0
nearest,23.535,-1
cover,23.5766,1,0,1,0
nearest,23.5767,-1
cover,23.6123,1,0,1,0
nearest,23.6124,-1
cover,23.6511,0,0,0,0
nearest,23.6511,-1
cover,23.6914,1,0,1,0
nearest,23.6914,-1
cover,23.7284,1,0,1,0
nearest,23.7285,-1
cover,23.7672,1,0,1,0
nearest,23.7673,-1
cover,23.8067,1,0,1,0
nearest,23.8068,-1
cover,23.8467,1,0,1,0
nearest,23.8467,-1
cover,23.8917,1,0,1,0
nearest,23.8918,-1
cover,23.9347,1,0,1,0
nearest,23.9347,-1
cover,23.9743,1,0,1,0
nearest,23.9743,-1
cover,24.0138,0,0,0,0
nearest,24.0139,-1
cover,24.0547,0,0,0,0
nearest,24.0548,-1
cover,24.0918,0,0,0,0
nearest,24.0918,-1
cover,24.1371,1,0,1,0
nearest,24.1371,-1
cover,24.181,1,0,1,0
nearest,24.181,-1
cover,24.2264,1,0,1,0
nearest,24.2265,-1
cover,24.2626,1,0,1,0
nearest,24.2626,-1
cover,24.2985,1,0,1,0
nearest,24.2985,-1
cover,24.3353,1,0,1,0
nearest,24.3353,-1
cover,24.3718,1,0,1,0
nearest,24.3718,-1
cover,24.4127,0,0,0,0
nearest,24.4128,-1
cover,24.4578,1,0,1,0
nearest,24.4578,-1
cover,24.5077,1,0,1,0
nearest,24.5077,-1
cover,24.5515,1,0,1,0
nearest,24.5515,-1
cover,24.5938,1,0,1,0
nearest,24.5938,-1
cover,24.6313,1,0,1,0
nearest,24.6313,-1
cover,24.6725,1,0,1,0
nearest,24.6725,-1
cover,24.7165,1,0,1,0
nearest,24.7165,-1
cover,24.7561,1,0,1,0
nearest,24.7561,-1
cover,24.7949,0,0,0,0
nearest,24.7949,-1
cover,24.8474,1,0,1,0
nearest,24.8474,-1
cover,24.891,1,0,1,0
nearest,24.8911,-1
cover,24.9357,0,0,0,0
nearest,24.9357,-1
cover,24.9821,0,0,0,0
nearest,24.9821,-1
cover,25.0219,1,0,1,0
nearest,25.0219,-1
cover,25.0636,1,0,1,0
nearest,25.0636,-1
cover,25.103,0,0,0,0
nearest,25.103,-1
cover,25.147,1,0,1,0
nearest,25.1471,-1
cover,25.1903,0,0,0,0
nearest,25.1903,-1
cover,25.2319,1,0,1,0
nearest,25.2319,-1
cover,25.2695,0,0,0,0
nearest,25.2695,-1
cover,25.3116,0,0,0,0
nearest,25.3116,-1
cover,25.3466,1,0,1,0
nearest,25.3466,-1
cover,25.3813,0,0,0,0
nearest,25.3814,-1
cover,25.4162,0,0,0,0
nearest,25.4162,-1
cover,25.454,0,0,0,0
nearest,25.454,-1
cover,25.4879,0,0,0,0
nearest,25.4879,-1
cover,25.5225,0,0,0,0
nearest,25.5225,-1
cover,25.5579,0,0,0,0
nearest,25.558,-1
cover,25.5914,0,0,0,0
nearest,25.5914,-1
cover,25.6438,0,0,0,0
nearest,25.6438,-1
cover,25.6882,0,0,0,0
nearest,25.6882,-1
cover,25.7256,0,0,0,0
nearest,25.7256,-1
cover,25.7851,0,0,0,0
nearest,25.7851,-1
cover,25.8221,0,0,0,0
nearest,25.8221,-1
cover,25.8607,0,0,0,0
nearest,25.8607,-1
cover,25.8981,0,0,0,0
nearest,25.8982,-1
cover,25.9356,0,0,0,0
nearest,25.9356,-1
cover,25.9767,0,0,0,0
nearest,25.9767,-1
cover,26.0113,0,0,0,0
nearest,26.0113,-1
cover,26.0459,0,0,0,0
nearest,26.046,-1
cover,26.0805,0,0,0,0
nearest,26.0805,-1
cover,26.1162,0,0,0,0
nearest,26.1163,-1
cover,26.151,0,0,0,0
nearest,26.151,-1
cover,26.1855,0,0,0,0
nearest,26.1855,-1
cover,26.2321,0,0,0,0
nearest,26.2322,-1
cover,26.2781,0,0,0,0
nearest,26.2781,-1
cover,26.3129,0,0,0,0
nearest,26.3129,-1
cover,26.3459,0,0,0,0
nearest,26.3459,-1
cover,26.3799,0,0,0,0
nearest,26.3799,-1
cover,26.4128,0,0,0,0
nearest,26.4128,-1
cover,26.4466,0,0,0,0
nearest,26.4466,-1
cover,26.4794,0,0,0,0
nearest,26.4794,-1
cover,26.5107,0,0,0,0
nearest,26.5107,-1
cover,26.5408,1,0,1,0
nearest,26.5408,-1
cover,26.5737,0,0,0,0
nearest,26.5738,-1
cover,26.6063,0,0,0,0
nearest,26.6063,-1
cover,26.639,0,0,0,0
nearest,26.6391,-1
cover,26.6729,0,0,0,0
nearest,26.673,-1
cover,26.7081,0,0,0,0
nearest,26.7081,-1
cover,26.741,1,0,1,0
nearest,26.741,-1
cover,26.7745,0,0,0,0
nearest,26.7746,-1
cover,26.8133,0,0,0,0
nearest,26.8133,-1
cover,26.8485,0,0,0,0
nearest,26.8485,-1
cover,26.8835,0,0,0,0
nearest,26.8835,-1
cover,26.9187,0,0,0,0
nearest,26.9188,-1
cover,26.9515,0,0,0,0
nearest,26.9516,-1
cover,26.9851,0,0,0,0
nearest,26.9851,-1
cover,27.0177,0,0,0,0
nearest,27.0177,-1
cover,27.0541,0,0,0,0
nearest,27.0541,-1
cover,27.0863,0,0,0,0
nearest,27.0863,-1
cover,27.1212,0,0,0,0
nearest,27.1212,-1
cover,27.1531,0,0,0,0
nearest,27.1531,-1
cover,27.185,0,0,0,0
nearest,27.185,-1
cover,27.2167,0,0,0,0
nearest,27.2167,-1
cover,27.2482,0,0,0,0
nearest,27.2482,-1
cover,27.2802,0,0,0,0
nearest,27.2802,-1
cover,27.3156,0,0,0,0
nearest,27.3157,-1
cover,27.3489,0,0,0,0
nearest,27.3489,-1
cover,27.3844,0,0,0,0
nearest,27.3844,-1
cover,27.4177,1,0,1,0
nearest,27.4177,-1
cover,27.4553,0,0,0,0
nearest,27.4553,-1
cover,27.4894,0,0,0,0
nearest,27.4894,-1
cover,27.5212,0,0,0,0
nearest,27.5212,-1
cover,27.5523,0,0,0,0
nearest,27.5524,-1
cover,27.5873,0,0,0,0
nearest,27.5874,-1
cover,27.6228,0,0,0,0
nearest,27.6228,-1
cover,27.6599,1,0,1,0
nearest,27.6599,-1
cover,27.6984,0,0,0,0
nearest,27.6985,-1
cover,27.7351,0,0,0,0
nearest,27.7351,-1
cover,27.7691,0,0,0,0
nearest,27.7691,-1
cover,27.8044,0,0,0,0
nearest,27.8044,-1
cover,27.8379,0,0,0,0
nearest,27.838,-1
cover,27.8727,0,0,0,0
nearest,27.8727,-1
cover,27.9047,0,0,0,0
nearest,27.9048,-1
cover,27.9378,0,0,0,0
nearest,27.9378,-1
cover,27.9709,0,0,0,0
nearest,27.9709,-1
cover,28.0016,0,0,0,0
nearest,28.0016,-1
cover,28.0324,0,0,0,0
nearest,28.0324,-1
cover,28.0616,0,0,0,0
nearest,28.0616,-1
cover,28.0945,0,0,0,0
nearest,28.0945,-1
cover,28.1317,0,0,0,0
nearest,28.1317,-1
cover,28.1649,1,0,1,0
nearest,28.1649,-1
cover,28.2022,0,0,0,0
nearest,28.2022,-1
cover,28.2358,0,0,0,0
nearest,28.2358,-1
cover,28.2683,0,0,0,0
nearest,28.2683,-1
cover,28.2998,0,0,0,0
nearest,28.2998,-1
cover,28.3324,2,1,1,1
err,28.3325,-277.62,15.39
timing,28.3325,4.1,27.7
det,28.3325,971.61,767.12,61.53,87.75,0.547,Head
det,28.3325,956.41,743.0,133.0,306.0,0.541,Body
cover,28.3665,0,0,0,0
nearest,28.3665,-1
cover,28.4019,2,1,1,1
err,28.402,-277.41,9.89
timing,28.402,5.3,28.7
det,28.402,957.62,738.5,133.38,307.5,0.649,Body
det,28.402,971.62,761.62,61.94,87.75,0.517,Head
cover,28.4359,1,0,1,0
nearest,28.4359,-1
cover,28.4703,1,0,1,0
nearest,28.4703,-1
cover,28.5068,0,0,0,0
nearest,28.5068,-1
cover,28.542,0,0,0,0
nearest,28.542,-1
cover,28.5758,0,0,0,0
nearest,28.5758,-1
cover,28.6087,0,0,0,0
nearest,28.6087,-1
cover,28.6438,2,1,1,1
err,28.6438,-263.91,11.98
timing,28.6438,2.8,31.7
det,28.6438,958.25,751.5,139.0,323.5,0.575,Body
det,28.6438,984.5,762.75,63.19,89.5,0.507,Head
cover,28.6821,0,0,0,0
nearest,28.6821,-1
cover,28.7178,0,0,0,0
nearest,28.7179,-1
cover,28.7523,0,0,0,0
nearest,28.7523,-1
cover,28.7833,0,0,0,0
nearest,28.7834,-1
cover,28.8169,0,0,0,0
nearest,28.8169,-1
cover,28.8486,0,0,0,0
nearest,28.8486,-1
cover,28.8829,0,0,0,0
nearest,28.8829,-1
cover,28.9163,0,0,0,0
nearest,28.9163,-1
cover,28.9496,1,0,1,0
nearest,28.9496,-1
cover,28.9823,0,0,0,0
nearest,28.9823,-1
cover,29.0151,1,0,1,0
nearest,29.0151,-1
cover,29.0459,1,0,1,0
nearest,29.0459,-1
cover,29.0778,1,0,1,0
nearest,29.0779,-1
cover,29.1129,0,0,0,0
nearest,29.1129,-1
cover,29.1499,0,0,0,0
nearest,29.1499,-1
cover,29.183,0,0,0,0
nearest,29.183,-1
cover,29.2157,0,0,0,0
nearest,29.2157,-1
cover,29.2476,0,0,0,0
nearest,29.2476,-1
cover,29.2805,0,0,0,0
nearest,29.2805,-1
cover,29.3114,0,0,0,0
nearest,29.3114,-1
cover,29.3439,0,0,0,0
nearest,29.3439,-1
cover,29.3755,0,0,0,0
nearest,29.3755,-1
cover,29.4095,0,0,0,0
nearest,29.4095,-1
cover,29.4444,0,0,0,0
nearest,29.4444,-1
cover,29.4779,0,0,0,0
nearest,29.4779,-1
cover,29.5093,0,0,0,0
nearest,29.5093,-1
cover,29.5414,1,0,1,0
nearest,29.5414,-1
cover,29.5734,0,0,0,0
nearest,29.5734,-1
cover,29.6079,0,0,0,0
nearest,29.6079,-1
cover,29.6408,0,0,0,0
nearest,29.6408,-1
cover,29.6745,0,0,0,0
nearest,29.6745,-1
cover,29.7107,0,0,0,0
nearest,29.7107,-1
cover,29.7428,0,0,0,0
nearest,29.7428,-1
cover,29.7743,0,0,0,0
nearest,29.7743,-1
cover,29.8071,0,0,0,0
nearest,29.8071,-1
cover,29.8389,0,0,0,0
nearest,29.8389,-1
cover,29.8702,0,0,0,0
nearest,29.8702,-1
cover,29.8992,0,0,0,0
nearest,29.8993,-1
cover,29.9324,0,0,0,0
nearest,29.9325,-1
cover,29.9676,0,0,0,0
nearest,29.9676,-1
cover,30.0033,1,0,1,0
nearest,30.0033,-1
cover,30.0342,0,0,0,0
nearest,30.0342,-1
cover,30.0675,0,0,0,0
nearest,30.0675,-1
cover,30.1002,0,0,0,0
nearest,30.1002,-1
cover,30.1338,0,0,0,0
nearest,30.1339,-1
cover,30.1623,1,0,1,0
nearest,30.1623,-1
cover,30.1937,0,0,0,0
nearest,30.1937,-1
cover,30.2263,0,0,0,0
nearest,30.2263,-1
cover,30.2574,0,0,0,0
nearest,30.2575,-1
cover,30.2906,0,0,0,0
nearest,30.2907,-1
cover,30.3219,0,0,0,0
nearest,30.322,-1
cover,30.3562,1,0,1,0
nearest,30.3562,-1
cover,30.3895,1,0,1,0
nearest,30.3895,-1
cover,30.4227,1,0,1,0
nearest,30.4227,-1
cover,30.4561,0,0,0,0
nearest,30.4561,-1
cover,30.4883,1,0,1,0
nearest,30.4883,-1
cover,30.5207,2,0,2,0
nearest,30.5208,-1
cover,30.555,3,0,3,0
nearest,30.555,-1
cover,30.5897,1,0,1,0
nearest,30.5897,-1
cover,30.6242,0,0,0,0
nearest,30.6242,-1
cover,30.6586,0,0,0,0
nearest,30.6587,-1
cover,30.6946,1,0,1,0
nearest,30.6946,-1
cover,30.731,0,0,0,0
nearest,30.731,-1
cover,30.7671,1,0,1,0
nearest,30.7671,-1
cover,30.8028,1,0,1,0
nearest,30.8029,-1
cover,30.8332,0,0,0,0
nearest,30.8333,-1
cover,30.8697,0,0,0,0
nearest,30.8698,-1
cover,30.9035,2,1,1,1
err,30.9036,285.0,15.44
timing,30.9036,3.6,29.4
det,30.9036,1553.25,799.62,23.5,28.75,0.828,Head
det,30.9036,1523.25,798.62,75.5,133.75,0.78,Body
cover,30.9398,2,1,1,1
err,30.9399,131.0,6.7
timing,30.9399,4.0,29.3
det,30.9399,1398.75,790.75,24.5,29.0,0.863,Head
det,30.9399,1355.38,789.0,96.25,201.5,0.839,Body
cover,30.9731,2,1,1,1
err,30.9732,119.5,4.35
timing,30.9732,1.8,29.0
det,30.9732,1388.12,789.5,22.75,27.0,0.88,Head
det,30.9732,1341.25,787.0,98.0,200.5,0.849,Body
cover,31.0039,2,1,1,1
err,31.0039,105.5,2.42
timing,31.0039,1.8,26.6
det,31.0039,1326.75,784.12,102.0,201.75,0.877,Body
det,31.0039,1374.12,786.75,22.75,28.5,0.869,Head
cover,31.0385,2,1,1,1
err,31.0386,90.75,1.92
timing,31.0386,3.1,28.7
det,31.0386,1311.88,784.0,103.25,203.0,0.856,Body
det,31.0386,1359.75,786.25,22.0,28.5,0.829,Head
cover,31.0698,2,1,1,1
err,31.0698,75.25,1.94
timing,31.0698,2.2,26.5
det,31.0698,1296.75,780.5,104.5,207.5,0.862,Body
det,31.0698,1343.5,786.12,23.5,28.75,0.849,Head
cover,31.1047,2,1,1,1
err,31.1048,59.25,1.67
timing,31.1048,3.8,28.2
det,31.1048,1280.75,779.88,104.5,208.25,0.856,Body
det,31.1048,1327.75,786.0,23.0,28.5,0.822,Head
cover,31.1401,2,1,1,1
err,31.1401,43.0,1.41
timing,31.1401,2.2,30.2
det,31.1401,1311.75,785.88,22.5,28.25,0.866,Head
det,31.1401,1264.5,778.38,104.5,210.25,0.857,Body
cover,31.1738,2,1,1,1
err,31.1738,26.25,1.44
timing,31.1738,2.9,28.2
det,31.1738,1295.25,785.62,22.0,28.75,0.858,Head
det,31.1738,1248.62,777.75,106.75,211.0,0.854,Body
cover,31.2093,2,1,1,1
err,31.2094,17.5,0.29
timing,31.2094,2.5,30.3
det,31.2094,1286.62,786.12,21.75,25.75,0.843,Head
det,31.2094,1240.5,780.5,101.5,207.5,0.825,Body
cover,31.243,2,1,1,1
err,31.2431,4.0,1.41
timing,31.2431,2.0,28.8
det,31.2431,1227.12,785.5,98.75,204.5,0.857,Body
det,31.2431,1272.62,785.88,22.75,28.25,0.54,Head
cover,31.2774,2,1,1,1
err,31.2774,12.5,2.94
timing,31.2774,2.0,29.9
det,31.2774,1233.62,789.0,100.75,202.5,0.858,Body
det,31.2774,1280.38,787.12,24.25,28.75,0.751,Head
cover,31.3124,2,1,1,1
err,31.3124,17.5,1.84
timing,31.3124,2.6,30.0
det,31.3124,1241.38,785.88,99.25,203.25,0.841,Body
det,31.3124,1286.38,787.12,22.25,26.75,0.803,Head
cover,31.3473,2,1,1,1
err,31.3473,21.0,2.39
timing,31.3473,2.2,30.2
det,31.3473,1241.0,787.25,108.0,203.0,0.839,Body
det,31.3473,1289.5,787.12,23.0,27.75,0.797,Head
cover,31.3807,2,1,1,1
err,31.3807,9.75,2.95
timing,31.3807,2.2,28.6
det,31.3807,1232.12,790.0,98.75,201.0,0.851,Body
det,31.3807,1278.5,787.0,22.5,29.0,0.675,Head
cover,31.4145,1,0,1,0
nearest,31.4146,-1
cover,31.4514,2,1,1,1
err,31.4515,-21.0,1.6
timing,31.4515,2.5,32.9
det,31.4515,1198.69,784.0,106.12,210.0,0.833,Body
det,31.4515,1247.62,786.75,22.75,27.0,0.825,Head
cover,31.49,2,1,1,1
err,31.49,-45.0,0.84
timing,31.49,3.4,31.7
det,31.49,1223.12,786.12,23.75,26.75,0.835,Head
det,31.49,1176.0,785.62,102.0,212.75,0.83,Body
cover,31.5236,2,1,1,1
err,31.5236,-60.5,1.15
timing,31.5236,1.9,28.6
det,31.5236,1160.94,785.12,100.62,214.75,0.811,Body
det,31.5236,1207.81,785.75,23.38,28.0,0.789,Head
cover,31.5578,2,1,1,1
err,31.5578,-76.25,0.1
timing,31.5578,1.8,29.6
det,31.5578,1192.06,785.25,23.38,27.0,0.851,Head
det,31.5578,1143.5,784.5,102.5,218.0,0.795,Body
cover,31.5913,2,1,1,1
err,31.5913,-90.75,1.44
timing,31.5913,2.5,28.1
det,31.5913,1127.75,783.5,105.75,219.5,0.822,Body
det,31.5913,1177.94,785.62,22.62,28.75,0.78,Head
cover,31.6226,2,1,1,1
err,31.6227,-103.75,0.94
timing,31.6227,1.9,26.8
det,31.6227,1164.19,785.12,24.12,28.75,0.885,Head
det,31.6227,1113.75,778.5,111.0,227.0,0.841,Body
lmb,31.655,1
cover,31.6564,2,1,1,1
err,31.6565,-115.5,1.46
timing,31.6565,3.6,26.4
gate,31.6565,115.5,1.0,0.0,0.0
det,31.6565,1152.25,785.38,24.5,29.25,0.909,Head
det,31.6565,1102.44,774.5,108.62,235.5,0.801,Body
cmd,31.6565,-155,2
cover,31.6902,2,1,1,1
err,31.6903,-123.75,0.89
timing,31.6903,3.1,28.7
gate,31.6903,123.8,1.0,0.246,0.0
det,31.6903,1144.56,785.62,23.38,27.75,0.887,Head
det,31.6903,1092.0,777.5,108.5,234.5,0.806,Body
cover,31.7228,2,1,1,1
err,31.7229,-128.75,2.04
timing,31.7229,2.1,27.9
gate,31.7229,126.5,1.0,0.214,0.0
det,31.7229,1138.75,785.12,25.0,30.75,0.848,Head
det,31.7229,1087.47,777.38,108.81,235.25,0.78,Body
lmb,31.7532,0
cover,31.7544,2,1,1,1
err,31.7545,-132.75,0.98
timing,31.7545,2.2,26.1
gate,31.7545,129.9,1.0,0.182,0.0
det,31.7545,1135.25,784.75,24.0,29.5,0.868,Head
det,31.7545,1084.28,775.5,110.44,238.0,0.804,Body
cover,31.7907,2,1,1,1
err,31.7908,-16.0,0.62
timing,31.7908,3.4,30.6
gate,31.7908,16.0,1.0,0.146,0.0
det,31.7908,1200.19,777.5,109.12,233.5,0.785,Body
det,31.7908,1250.62,782.75,26.75,32.5,0.554,Head
cover,31.8227,2,1,1,1
err,31.8227,-15.75,0.61
timing,31.8227,2.6,26.8
gate,31.8227,15.9,1.0,0.114,0.0
det,31.8227,1200.06,777.88,108.88,233.25,0.784,Body
det,31.8227,1251.25,782.88,26.0,32.25,0.562,Head
cover,31.8557,2,1,1,1
err,31.8558,-15.75,0.6
timing,31.8558,2.3,28.1
gate,31.8558,15.8,0.0,0.081,1.0
det,31.8558,1200.19,777.5,108.62,233.5,0.783,Body
det,31.8558,1251.25,783.0,26.0,32.0,0.631,Head
cmd,31.8558,-21,1
cover,31.8862,2,1,1,1
err,31.8863,-16.0,0.56
timing,31.8863,3.4,24.8
gate,31.8863,15.9,1.0,0.25,0.0
det,31.8863,1200.06,777.12,108.88,233.75,0.782,Body
det,31.8863,1251.0,783.38,26.0,31.25,0.619,Head
cover,31.9195,2,1,1,1
err,31.9195,-16.5,0.55
timing,31.9195,3.4,27.8
gate,31.9195,16.2,1.0,0.216,0.0
det,31.9195,1200.19,775.5,109.12,235.5,0.788,Body
det,31.9195,1250.38,783.5,26.25,31.0,0.63,Head
lmb,31.951,1
cover,31.9521,2,1,1,1
err,31.9521,-16.5,0.55
timing,31.9521,3.3,26.1
gate,31.9521,16.5,1.0,0.184,0.0
det,31.9521,1200.06,776.5,108.88,234.5,0.787,Body
det,31.9521,1250.38,783.5,26.25,31.0,0.619,Head
cover,31.983,1,0,1,0
nearest,31.9831,-1
cover,32.0145,1,0,1,0
nearest,32.0145,-1
lmb,32.0447,0
cover,32.0457,2,1,1,1
err,32.0457,-1.0,-1.51
timing,32.0457,2.9,26.7
gate,32.0457,16.5,1.0,0.184,0.0
det,32.0457,1216.12,773.0,108.75,237.0,0.803,Body
det,32.0457,1265.62,782.12,26.75,29.75,0.521,Head
cover,32.0794,1,0,1,0
nearest,32.0794,-1
cover,32.1136,1,0,1,0
nearest,32.1137,-1
cover,32.1464,1,0,1,0
nearest,32.1464,-1
cover,32.1754,1,0,1,0
nearest,32.1755,-1
nail,32.209,1
cover,32.2107,1,0,1,0
nearest,32.2107,-1
cover,32.2414,1,0,1,0
nearest,32.2414,-1
cover,32.2714,1,0,1,0
nearest,32.2715,-1
cover,32.3004,1,0,1,0
nearest,32.3004,-1
nail,32.3326,0
cover,32.3336,2,1,1,1
err,32.3336,-1.75,19.08
timing,32.3336,2.9,28.5
gate,32.3336,14.8,0.0,0.0,0.0
det,32.3336,1266.0,801.75,24.5,31.5,0.825,Head
det,32.3336,1215.38,794.88,109.25,236.25,0.785,Body
cover,32.3705,2,1,1,1
err,32.3706,-1.5,13.08
timing,32.3706,2.4,32.2
gate,32.3706,13.5,0.0,0.0,0.0
det,32.3706,1215.56,789.0,108.38,237.0,0.733,Body
det,32.3706,1266.88,798.5,23.25,26.5,0.71,Head
cover,32.4083,0,0,0,0
nearest,32.4084,-1
cover,32.4382,0,0,0,0
nearest,32.4382,-1
cover,32.4716,0,0,0,0
nearest,32.4716,-1
cover,32.5,0,0,0,0
nearest,32.5001,-1
cover,32.5337,0,0,0,0
nearest,32.5337,-1
cover,32.5653,0,0,0,0
nearest,32.5653,-1
cover,32.596,0,0,0,0
nearest,32.596,-1
cover,32.6275,0,0,0,0
nearest,32.6275,-1
cover,32.661,0,0,0,0
nearest,32.661,-1
cover,32.692,0,0,0,0
nearest,32.692,-1
cover,32.7223,0,0,0,0
nearest,32.7223,-1
cover,32.7557,0,0,0,0
nearest,32.7557,-1
cover,32.784,0,0,0,0
nearest,32.7841,-1
cover,32.8147,0,0,0,0
nearest,32.8147,-1
cover,32.8459,0,0,0,0
nearest,32.8459,-1
cover,32.8784,0,0,0,0
nearest,32.8784,-1
cover,32.9093,0,0,0,0
nearest,32.9093,-1
cover,32.9408,0,0,0,0
nearest,32.9408,-1
cover,32.9751,1,0,1,0
nearest,32.9751,-1
cover,33.0069,0,0,0,0
nearest,33.0069,-1
cover,33.0394,0,0,0,0
nearest,33.0394,-1
cover,33.0726,0,0,0,0
nearest,33.0726,-1
cover,33.1044,0,0,0,0
nearest,33.1044,-1
cover,33.1344,0,0,0,0
nearest,33.1344,-1
cover,33.1664,0,0,0,0
nearest,33.1664,-1
cover,33.1965,0,0,0,0
nearest,33.1965,-1
cover,33.2305,0,0,0,0
nearest,33.2306,-1
cover,33.2642,0,0,0,0
nearest,33.2643,-1
cover,33.2954,1,0,1,0
nearest,33.2954,-1
cover,33.3274,0,0,0,0
nearest,33.3274,-1
cover,33.3592,0,0,0,0
nearest,33.3592,-1
cover,33.3911,0,0,0,0
nearest,33.3912,-1
cover,33.4225,0,0,0,0
nearest,33.4225,-1
cover,33.4526,0,0,0,0
nearest,33.4526,-1
cover,33.4869,0,0,0,0
nearest,33.4869,-1
cover,33.5181,0,0,0,0
nearest,33.5181,-1
cover,33.552,0,0,0,0
nearest,33.5521,-1
cover,33.5849,0,0,0,0
nearest,33.5849,-1
cover,33.6172,0,0,0,0
nearest,33.6173,-1
cover,33.6503,0,0,0,0
nearest,33.6503,-1
cover,33.6823,0,0,0,0
nearest,33.6823,-1
cover,33.7142,0,0,0,0
nearest,33.7142,-1
cover,33.7488,0,0,0,0
nearest,33.7488,-1
cover,33.7808,0,0,0,0
nearest,33.7808,-1
cover,33.8118,0,0,0,0
nearest,33.8119,-1
cover,33.8436,0,0,0,0
nearest,33.8436,-1
cover,33.8735,0,0,0,0
nearest,33.8735,-1
cover,33.9051,0,0,0,0
nearest,33.9051,-1
cover,33.9383,0,0,0,0
nearest,33.9384,-1
cover,33.9722,0,0,0,0
nearest,33.9723,-1
cover,34.0077,0,0,0,0
nearest,34.0078,-1
cover,34.0419,0,0,0,0
nearest,34.0419,-1
cover,34.0787,0,0,0,0
nearest,34.0788,-1
cover,34.1142,0,0,0,0
nearest,34.1143,-1
cover,34.1504,0,0,0,0
nearest,34.1504,-1
cover,34.1844,0,0,0,0
nearest,34.1845,-1
cover,34.2182,0,0,0,0
nearest,34.2182,-1
cover,34.2516,0,0,0,0
nearest,34.2516,-1
cover,34.2853,0,0,0,0
nearest,34.2853,-1
cover,34.3177,0,0,0,0
nearest,34.3177,-1
cover,34.35,0,0,0,0
nearest,34.35,-1
cover,34.3815,0,0,0,0
nearest,34.3815,-1
cover,34.4127,0,0,0,0
nearest,34.4127,-1
cover,34.4458,0,0,0,0
nearest,34.4458,-1
cover,34.478,0,0,0,0
nearest,34.478,-1
cover,34.5097,0,0,0,0
nearest,34.5097,-1
cover,34.5414,0,0,0,0
nearest,34.5415,-1
cover,34.574,0,0,0,0
nearest,34.574,-1
cover,34.6053,0,0,0,0
nearest,34.6053,-1
cover,34.6363,0,0,0,0
nearest,34.6363,-1
cover,34.6691,0,0,0,0
nearest,34.6691,-1
cover,34.7003,0,0,0,0
nearest,34.7004,-1
cover,34.7316,0,0,0,0
nearest,34.7316,-1
cover,34.7615,0,0,0,0
nearest,34.7615,-1
cover,34.7941,0,0,0,0
nearest,34.7942,-1
cover,34.8241,0,0,0,0
nearest,34.8241,-1
cover,34.8531,0,0,0,0
nearest,34.8531,-1
cover,34.8829,0,0,0,0
nearest,34.8829,-1
cover,34.9135,0,0,0,0
nearest,34.9136,-1
cover,34.9468,0,0,0,0
nearest,34.9468,-1
cover,34.9793,0,0,0,0
nearest,34.9793,-1
cover,35.0123,0,0,0,0
nearest,35.0124,-1
cover,35.0464,0,0,0,0
nearest,35.0464,-1
cover,35.0795,0,0,0,0
nearest,35.0796,-1
cover,35.1091,0,0,0,0
nearest,35.1092,-1
cover,35.1397,0,0,0,0
nearest,35.1398,-1
cover,35.1688,0,0,0,0
nearest,35.1688,-1
cover,35.1997,0,0,0,0
nearest,35.1997,-1
cover,35.2311,0,0,0,0
nearest,35.2311,-1
cover,35.2624,0,0,0,0
nearest,35.2624,-1
cover,35.295,0,0,0,0
nearest,35.2951,-1
cover,35.3262,0,0,0,0
nearest,35.3262,-1
cover,35.3537,0,0,0,0
nearest,35.3537,-1
cover,35.3842,0,0,0,0
nearest,35.3842,-1
cover,35.4142,0,0,0,0
nearest,35.4143,-1
cover,35.4454,0,0,0,0
nearest,35.4454,-1
cover,35.4776,0,0,0,0
nearest,35.4776,-1
cover,35.5081,0,0,0,0
nearest,35.5081,-1
cover,35.5371,0,0,0,0
nearest,35.5371,-1
cover,35.568,0,0,0,0
nearest,35.568,-1
cover,35.6011,0,0,0,0
nearest,35.6011,-1
cover,35.6324,0,0,0,0
nearest,35.6324,-1
cover,35.6636,0,0,0,0
nearest,35.6636,-1
cover,35.6932,0,0,0,0
nearest,35.6932,-1
cover,35.7255,0,0,0,0
nearest,35.7255,-1
cover,35.7542,0,0,0,0
nearest,35.7542,-1
cover,35.7868,0,0,0,0
nearest,35.7868,-1
cover,35.8187,0,0,0,0
nearest,35.8187,-1
cover,35.863,1,0,1,0
nearest,35.8631,-1
cover,35.9041,0,0,0,0
nearest,35.9041,-1
cover,35.9399,0,0,0,0
nearest,35.9399,-1
cover,35.9715,0,0,0,0
nearest,35.9715,-1
cover,36.0024,0,0,0,0
nearest,36.0025,-1
cover,36.0332,0,0,0,0
nearest,36.0332,-1
cover,36.0617,0,0,0,0
nearest,36.0617,-1
cover,36.0931,0,0,0,0
nearest,36.0932,-1
cover,36.1245,0,0,0,0
nearest,36.1245,-1
cover,36.155,0,0,0,0
nearest,36.155,-1
cover,36.1868,0,0,0,0
nearest,36.1868,-1
cover,36.2176,0,0,0,0
nearest,36.2176,-1
cover,36.2518,0,0,0,0
nearest,36.2518,-1
cover,36.2834,0,0,0,0
nearest,36.2834,-1
cover,36.3116,0,0,0,0
nearest,36.3117,-1
cover,36.342,0,0,0,0
nearest,36.342,-1
cover,36.3727,0,0,0,0
nearest,36.3727,-1
cover,36.4045,1,0,1,0
nearest,36.4045,-1
cover,36.436,0,0,0,0
nearest,36.4361,-1
cover,36.469,0,0,0,0
nearest,36.469,-1
cover,36.502,0,0,0,0
nearest,36.502,-1
cover,36.5334,0,0,0,0
nearest,36.5334,-1
cover,36.5657,0,0,0,0
nearest,36.5657,-1
cover,36.5955,0,0,0,0
nearest,36.5955,-1
cover,36.6279,0,0,0,0
nearest,36.6279,-1
cover,36.6594,0,0,0,0
nearest,36.6594,-1
cover,36.69,0,0,0,0
nearest,36.6901,-1
cover,36.7215,1,0,1,0
nearest,36.7215,-1
cover,36.7538,1,0,1,0
nearest,36.7538,-1
cover,36.784,1,0,1,0
nearest,36.784,-1
cover,36.8393,1,0,1,0
nearest,36.8393,-1
cover,36.8777,0,0,0,0
nearest,36.8777,-1
cover,36.9105,0,0,0,0
nearest,36.9106,-1
cover,36.9448,0,0,0,0
nearest,36.9448,-1
cover,36.9778,0,0,0,0
nearest,36.9778,-1
cover,37.011,0,0,0,0
nearest,37.011,-1
cover,37.0423,0,0,0,0
nearest,37.0423,-1
cover,37.0748,0,0,0,0
nearest,37.0748,-1
cover,37.1097,0,0,0,0
nearest,37.1097,-1
cover,37.1445,0,0,0,0
nearest,37.1446,-1
cover,37.1743,0,0,0,0
nearest,37.1744,-1
cover,37.2036,0,0,0,0
nearest,37.2037,-1
cover,37.2299,0,0,0,0
nearest,37.2299,-1
cover,37.261,0,0,0,0
nearest,37.261,-1
cover,37.2896,0,0,0,0
nearest,37.2896,-1
cover,37.3167,0,0,0,0
nearest,37.3168,-1
cover,37.3456,0,0,0,0
nearest,37.3457,-1
cover,37.3749,0,0,0,0
nearest,37.375,-1
cover,37.4013,0,0,0,0
nearest,37.4013,-1
cover,37.4318,0,0,0,0
nearest,37.4318,-1
cover,37.4618,0,0,0,0
nearest,37.4619,-1
cover,37.4925,0,0,0,0
nearest,37.4925,-1
cover,37.5224,0,0,0,0
nearest,37.5224,-1
cover,37.5507,0,0,0,0
nearest,37.5507,-1
cover,37.5807,0,0,0,0
nearest,37.5807,-1
cover,37.611,0,0,0,0
nearest,37.611,-1
cover,37.6408,0,0,0,0
nearest,37.6408,-1
cover,37.6704,0,0,0,0
nearest,37.6705,-1
cover,37.6988,0,0,0,0
nearest,37.6988,-1
cover,37.7305,0,0,0,0
nearest,37.7305,-1
cover,37.7599,0,0,0,0
nearest,37.76,-1
cover,37.7892,0,0,0,0
nearest,37.7892,-1
cover,37.8174,0,0,0,0
nearest,37.8174,-1
cover,37.8496,0,0,0,0
nearest,37.8496,-1
cover,37.8807,0,0,0,0
nearest,37.8807,-1
cover,37.9131,0,0,0,0
nearest,37.9131,-1
cover,37.9441,0,0,0,0
nearest,37.9441,-1
cover,37.9767,0,0,0,0
nearest,37.9767,-1
cover,38.01,0,0,0,0
nearest,38.0101,-1
cover,38.042,0,0,0,0
nearest,38.042,-1
cover,38.074,0,0,0,0
nearest,38.074,-1
cover,38.1046,0,0,0,0
nearest,38.1046,-1
cover,38.1397,0,0,0,0
nearest,38.1397,-1
cover,38.1698,0,0,0,0
nearest,38.1698,-1
cover,38.201,0,0,0,0
nearest,38.201,-1
cover,38.2323,0,0,0,0
nearest,38.2323,-1
cover,38.2635,0,0,0,0
nearest,38.2635,-1
cover,38.2951,0,0,0,0
nearest,38.2951,-1
cover,38.326,0,0,0,0
nearest,38.326,-1
cover,38.3588,0,0,0,0
nearest,38.3588,-1
cover,38.3939,0,0,0,0
nearest,38.3939,-1
cover,38.4273,0,0,0,0
nearest,38.4273,-1
cover,38.4607,0,0,0,0
nearest,38.4607,-1
cover,38.4936,0,0,0,0
nearest,38.4936,-1
cover,38.5253,0,0,0,0
nearest,38.5253,-1
cover,38.5603,0,0,0,0
nearest,38.5604,-1
cover,38.5953,0,0,0,0
nearest,38.5954,-1
cover,38.6308,0,0,0,0
nearest,38.6308,-1
cover,38.6634,0,0,0,0
nearest,38.6635,-1
cover,38.6974,0,0,0,0
nearest,38.6974,-1
cover,38.7304,0,0,0,0
nearest,38.7305,-1
cover,38.7642,0,0,0,0
nearest,38.7642,-1
cover,38.7966,0,0,0,0
nearest,38.7967,-1
cover,38.8281,0,0,0,0
nearest,38.8282,-1
cover,38.8619,0,0,0,0
nearest,38.8619,-1
cover,38.8975,0,0,0,0
nearest,38.8975,-1
cover,38.932,0,0,0,0
nearest,38.932,-1
cover,38.966,0,0,0,0
nearest,38.966,-1
cover,38.9994,0,0,0,0
nearest,38.9994,-1
cover,39.0323,0,0,0,0
nearest,39.0324,-1
cover,39.0645,0,0,0,0
nearest,39.0645,-1
cover,39.0955,0,0,0,0
nearest,39.0955,-1
cover,39.1285,0,0,0,0
nearest,39.1286,-1
cover,39.1598,0,0,0,0
nearest,39.1598,-1
cover,39.1908,1,0,1,0
nearest,39.1908,-1
cover,39.2278,0,0,0,0
nearest,39.2278,-1
cover,39.2625,0,0,0,0
nearest,39.2626,-1
cover,39.2957,0,0,0,0
nearest,39.2957,-1
cover,39.3289,0,0,0,0
nearest,39.329,-1
cover,39.3579,0,0,0,0
nearest,39.3579,-1
cover,39.3898,0,0,0,0
nearest,39.3898,-1
cover,39.4213,0,0,0,0
nearest,39.4213,-1
cover,39.4535,1,0,1,0
nearest,39.4535,-1
cover,39.4851,0,0,0,0
nearest,39.4851,-1
cover,39.5194,0,0,0,0
nearest,39.5194,-1
cover,39.5507,0,0,0,0
nearest,39.5507,-1
cover,39.5814,0,0,0,0
nearest,39.5815,-1
cover,39.6133,1,0,1,0
nearest,39.6133,-1
cover,39.6438,1,0,1,0
nearest,39.6438,-1
cover,39.6765,1,0,1,0
nearest,39.6765,-1
cover,39.7083,0,0,0,0
nearest,39.7083,-1
cover,39.742,0,0,0,0
nearest,39.742,-1
cover,39.7753,0,0,0,0
nearest,39.7753,-1
cover,39.8089,0,0,0,0
nearest,39.8089,-1
cover,39.841,1,0,1,0
nearest,39.841,-1
cover,39.8737,0,0,0,0
nearest,39.8737,-1
cover,39.9076,0,0,0,0
nearest,39.9076,-1
cover,39.9404,0,0,0,0
nearest,39.9404,-1
cover,39.9738,0,0,0,0
nearest,39.9738,-1
cover,40.0066,1,0,1,0
nearest,40.0067,-1
cover,40.0406,1,0,1,0
nearest,40.0406,-1
cover,40.0729,3,1,2,0
nearest,40.073,310.6
cover,40.1073,2,0,2,0
nearest,40.1073,-1
cover,40.1409,3,1,2,0
nearest,40.1409,311.6
cover,40.1761,3,1,2,0
nearest,40.1761,304.7
cover,40.2125,3,1,2,1
err,40.2126,-295.39,-16.15
timing,40.2126,2.8,32.1
gate,40.2126,13.5,0.0,0.0,0.0
det,40.2126,999.06,882.62,35.12,84.75,0.794,Body
det,40.2126,973.22,769.0,22.78,27.0,0.749,Head
det,40.2126,958.75,768.75,68.62,211.5,0.598,Body
cover,40.252,1,0,1,0
nearest,40.252,-1
cover,40.2868,3,1,2,1
err,40.2869,-271.62,-16.55
timing,40.2869,4.0,29.0
gate,40.2869,13.5,0.0,0.0,0.0
det,40.2869,960.5,770.0,86.75,199.5,0.763,Body
det,40.2869,1022.91,883.75,31.19,88.5,0.757,Body
det,40.2869,996.23,767.5,24.28,29.0,0.605,Head
cover,40.3216,3,1,2,1
err,40.3217,-263.03,-16.88
timing,40.3217,2.6,29.6
gate,40.3217,13.5,0.0,0.0,0.0
det,40.3217,1033.38,887.75,32.12,87.5,0.776,Body
det,40.3217,1005.25,768.0,23.44,27.5,0.696,Head
det,40.3217,963.62,766.62,91.88,207.75,0.623,Body
cover,40.3549,1,0,1,0
nearest,40.3549,-1
cover,40.39,2,0,2,0
nearest,40.39,-1
cover,40.4247,3,1,2,1
err,40.4247,-231.62,-17.09
timing,40.4247,2.4,30.9
gate,40.4247,13.5,0.0,0.0,0.0
det,40.4247,1064.88,887.88,38.5,96.25,0.79,Body
det,40.4247,992.66,774.62,93.44,207.75,0.747,Body
det,40.4247,1036.88,767.38,23.0,28.25,0.522,Head
cover,40.4611,3,1,2,1
err,40.4611,-220.5,-16.15
timing,40.4611,2.6,31.3
gate,40.4611,13.5,0.0,0.0,0.0
det,40.4611,1004.25,774.0,94.38,210.0,0.712,Body
det,40.4611,1075.38,890.75,33.75,92.5,0.697,Body
det,40.4611,1047.28,766.25,24.44,32.0,0.637,Head
cover,40.5064,2,0,2,0
nearest,40.5064,-1
cover,40.5436,2,0,2,0
nearest,40.5436,-1
cover,40.5781,2,0,2,0
nearest,40.5782,-1
cover,40.6116,2,0,2,0
nearest,40.6116,-1
cover,40.6457,2,0,2,0
nearest,40.6457,-1
cover,40.6795,2,0,2,0
nearest,40.6795,-1
cover,40.7106,2,0,2,0
nearest,40.7107,-1
cover,40.7412,2,0,2,0
nearest,40.7412,-1
cover,40.7711,3,1,2,1
err,40.7712,-179.75,-1.84
timing,40.7712,3.0,26.3
gate,40.7712,13.5,0.0,0.0,0.0
det,40.7712,1116.94,915.0,45.12,109.0,0.735,Body
det,40.7712,1035.12,791.0,102.62,233.0,0.67,Body
det,40.7712,1087.19,779.88,26.12,33.25,0.502,Head
cover,40.8034,2,0,2,0
nearest,40.8034,-1
cover,40.8355,2,0,2,0
nearest,40.8355,-1
cover,40.8681,2,0,2,0
nearest,40.8681,-1
cover,40.9011,2,0,2,0
nearest,40.9011,-1
cover,40.9355,2,0,2,0
nearest,40.9355,-1
cover,40.9718,2,0,2,0
nearest,40.9718,-1
cover,41.0069,2,0,2,0
nearest,41.007,-1
cover,41.0398,2,0,2,0
nearest,41.0399,-1
cover,41.0732,2,0,2,0
nearest,41.0733,-1
cover,41.1064,2,0,2,0
nearest,41.1064,-1
cover,41.1399,3,1,2,1
err,41.14,-179.88,-1.55
timing,41.14,3.1,29.8
gate,41.1399,13.5,0.0,0.0,0.0
det,41.14,1117.0,915.0,45.0,108.5,0.722,Body
det,41.14,1035.22,793.0,101.81,230.5,0.667,Body
det,41.14,1087.03,779.75,26.19,34.0,0.514,Head
cover,41.1729,2,0,2,0
nearest,41.173,-1
cover,41.2064,2,0,2,0
nearest,41.2064,-1
cover,41.2387,2,0,2,0
nearest,41.2387,-1
cover,41.2719,2,0,2,0
nearest,41.2719,-1
cover,41.3056,2,0,2,0
nearest,41.3056,-1
cover,41.3391,2,0,2,0
nearest,41.3392,-1
cover,41.3693,2,0,2,0
nearest,41.3693,-1
cover,41.4022,2,0,2,0
nearest,41.4022,-1
cover,41.4364,3,1,2,1
err,41.4364,-164.38,-1.8
timing,41.4364,3.1,30.4
gate,41.4364,13.5,0.0,0.0,0.0
det,41.4364,1132.06,915.0,43.88,108.5,0.737,Body
det,41.4364,1050.25,792.0,103.0,231.0,0.73,Body
det,41.4364,1103.12,779.5,25.0,34.0,0.594,Head
cover,41.4739,2,0,2,0
nearest,41.4739,-1
cover,41.5072,1,0,1,0
nearest,41.5072,-1
cover,41.5421,2,0,2,0
nearest,41.5421,-1
cover,41.5752,3,1,2,1
err,41.5753,-132.25,-2.84
timing,41.5753,2.5,29.2
gate,41.5753,13.5,0.0,0.0,0.0
det,41.5753,1164.19,920.0,45.62,107.0,0.767,Body
det,41.5753,1080.31,789.5,106.88,236.0,0.665,Body
det,41.5753,1134.25,778.88,27.0,33.25,0.572,Head
cover,41.609,2,0,2,0
nearest,41.609,-1
cover,41.6439,3,1,2,1
err,41.6439,-129.0,-3.89
timing,41.6439,2.8,30.7
gate,41.6439,13.5,0.0,0.0,0.0
det,41.6439,1168.0,924.0,47.0,109.5,0.68,Body
det,41.6439,1087.81,789.0,107.88,246.0,0.651,Body
det,41.6439,1136.94,778.38,28.12,32.25,0.63,Head
cover,41.6792,2,0,2,0
nearest,41.6792,-1
cover,41.7138,2,0,2,0
nearest,41.7138,-1
cover,41.7468,3,1,2,1
err,41.7468,-125.25,-4.05
timing,41.7468,2.8,29.3
gate,41.7468,13.5,0.0,0.0,0.0
det,41.7468,1171.69,924.0,48.12,113.5,0.649,Body
det,41.7468,1140.44,777.25,28.62,34.0,0.572,Head
det,41.7468,1086.69,788.88,111.12,244.25,0.522,Body
lmb,41.7817,1
cover,41.783,1,0,1,0
nearest,41.783,-1
cover,41.8175,1,0,1,0
nearest,41.8175,-1
cover,41.8527,3,1,2,1
err,41.8528,-125.25,-3.77
timing,41.8528,2.4,32.2
gate,41.8528,125.3,1.0,0.0,0.0
det,41.8528,1171.5,923.5,48.5,114.0,0.631,Body
det,41.8528,1140.25,777.25,29.0,34.5,0.554,Head
det,41.8528,1086.5,788.0,111.25,244.5,0.516,Body
cmd,41.8528,-168,-5
lmb,41.8908,0
cover,41.8918,3,1,2,1
err,41.8919,-125.25,-3.76
timing,41.8919,4.8,30.7
gate,41.8919,125.3,1.0,0.241,0.0
det,41.8919,1171.5,923.5,48.5,114.0,0.608,Body
det,41.8919,1140.25,777.12,29.0,34.75,0.608,Head
det,41.8919,1086.38,786.88,111.75,246.25,0.546,Body
cover,41.9273,3,1,2,1
err,41.9274,-125.25,-3.76
timing,41.9274,2.1,30.6
gate,41.9274,125.3,1.0,0.205,0.0
det,41.9274,1171.5,923.38,48.5,114.25,0.59,Body
det,41.9274,1140.25,777.12,29.0,34.75,0.571,Head
det,41.9274,1086.19,787.5,112.12,245.5,0.549,Body
lmb,41.9629,1
cover,41.9641,3,1,2,1
err,41.9641,-125.25,-3.76
timing,41.9641,2.9,29.9
gate,41.9641,125.3,1.0,0.169,0.0
det,41.9641,1171.5,923.62,48.5,113.75,0.634,Body
det,41.9641,1140.25,777.12,29.0,34.75,0.594,Head
det,41.9641,1086.28,787.0,111.94,245.5,0.521,Body
cover,41.9981,2,0,2,0
nearest,41.9982,-1
cover,42.0322,2,0,2,0
nearest,42.0323,-1
lmb,42.0654,0
cover,42.0665,2,0,2,0
nearest,42.0665,-1
cover,42.0997,2,0,2,0
nearest,42.0998,-1
nail,42.134,1
cover,42.1351,2,0,2,0
nearest,42.1351,-1
cover,42.1719,0,0,0,0
nearest,42.1719,-1
cover,42.2069,0,0,0,0
nearest,42.2069,-1
cover,42.2394,0,0,0,0
nearest,42.2394,-1
nail,42.272,0
cover,42.2731,2,1,1,1
err,42.2732,-138.62,7.62
timing,42.2732,3.0,29.0
gate,42.2732,127.1,0.0,0.0,0.0
det,42.2732,1107.38,794.12,65.0,148.75,0.839,Body
det,42.2732,1132.75,795.25,17.25,22.5,0.829,Head
cover,42.306,1,0,1,0
nearest,42.3061,-1
cover,42.3393,2,1,1,1
err,42.3394,-139.25,24.54
timing,42.3394,4.5,27.1
gate,42.3394,128.8,0.0,0.0,0.0
det,42.3394,1107.5,812.0,67.0,149.0,0.862,Body
det,42.3394,1132.31,813.12,16.88,20.75,0.76,Head
cover,42.3726,2,1,1,1
err,42.3726,-139.25,20.49
timing,42.3726,2.7,27.6
gate,42.3726,130.3,0.0,0.0,0.0
det,42.3726,1107.75,809.5,67.25,150.0,0.884,Body
det,42.3726,1133.06,809.62,15.38,19.75,0.853,Head
cover,42.4065,2,1,1,1
err,42.4067,-139.25,18.2
timing,42.4067,3.4,27.4
gate,42.4066,131.6,0.0,0.0,0.0
det,42.4067,1108.25,806.88,65.5,149.25,0.891,Body
det,42.4067,1132.75,807.75,16.0,19.0,0.826,Head
cover,42.4418,3,1,2,1
err,42.4418,-139.25,16.05
timing,42.4418,3.3,29.0
gate,42.4418,132.7,0.0,0.0,0.0
det,42.4418,1107.75,803.75,66.5,151.0,0.895,Body
det,42.4418,1132.69,804.5,16.12,21.0,0.855,Head
det,42.4418,1259.0,756.38,8.0,20.25,0.661,Body
cover,42.4752,3,1,2,1
err,42.4752,-139.0,12.49
timing,42.4752,2.4,28.6
gate,42.4752,132.7,0.0,0.0,0.0
det,42.4752,1107.31,800.88,67.38,151.25,0.877,Body
det,42.4752,1133.44,801.62,15.12,19.75,0.789,Head
det,42.4752,1258.25,751.5,8.0,23.5,0.602,Body
cover,42.5106,2,1,1,1
err,42.5107,-139.0,11.77
timing,42.5107,2.1,30.7
gate,42.5106,132.7,0.0,0.0,0.0
det,42.5107,1108.0,799.5,66.0,149.0,0.863,Body
det,42.5107,1133.19,800.5,15.62,20.5,0.733,Head
cover,42.5448,2,1,1,1
err,42.5449,-139.25,10.51
timing,42.5449,2.3,29.5
gate,42.5449,132.7,0.0,0.0,0.0
det,42.5449,1107.94,797.88,65.62,149.25,0.859,Body
det,42.5449,1132.69,799.38,16.12,20.25,0.808,Head
cover,42.578,2,1,1,1
err,42.5781,-139.0,9.05
timing,42.5781,1.9,29.1
gate,42.5781,132.7,0.0,0.0,0.0
det,42.5781,1107.81,796.88,63.88,149.25,0.854,Body
det,42.5781,1132.75,797.5,16.5,21.0,0.776,Head
cover,42.6116,2,1,1,1
err,42.6117,-139.25,7.54
timing,42.6117,1.9,29.3
gate,42.6117,132.7,0.0,0.0,0.0
det,42.6117,1108.0,796.5,65.0,147.0,0.868,Body
det,42.6117,1132.12,796.12,17.25,20.75,0.787,Head
cover,42.646,2,1,1,1
err,42.6461,-143.5,6.58
timing,42.6461,2.0,30.0
gate,42.646,132.7,0.0,0.0,0.0
det,42.6461,1103.31,795.5,65.88,147.5,0.865,Body
det,42.6461,1127.75,794.75,17.5,21.5,0.863,Head
cover,42.6801,2,1,1,1
err,42.6801,-143.5,4.52
timing,42.6801,2.2,29.4
gate,42.6801,132.7,0.0,0.0,0.0
det,42.6801,1102.75,793.88,66.75,148.25,0.86,Body
det,42.6801,1128.12,793.25,16.75,20.5,0.81,Head
cover,42.7136,2,1,1,1
err,42.7136,-143.25,4.55
timing,42.7136,2.1,28.9
gate,42.7136,132.7,0.0,0.0,0.0
det,42.7136,1103.56,793.88,65.88,147.25,0.86,Body
det,42.7136,1128.56,793.0,16.38,21.0,0.784,Head
cover,42.747,2,1,1,1
err,42.7471,-143.25,4.55
timing,42.7471,2.0,28.9
gate,42.7471,132.7,0.0,0.0,0.0
det,42.7471,1103.31,793.88,66.38,147.25,0.862,Body
det,42.7471,1128.56,793.0,16.38,21.0,0.779,Head
cover,42.7813,2,1,1,1
err,42.7814,-143.38,4.56
timing,42.7814,3.6,28.7
gate,42.7813,132.7,0.0,0.0,0.0
det,42.7814,1102.56,793.88,66.88,147.25,0.86,Body
det,42.7814,1128.38,792.88,16.5,21.25,0.806,Head
cover,42.8138,2,1,1,1
err,42.8138,-144.0,4.27
timing,42.8138,2.0,28.1
gate,42.8138,132.7,0.0,0.0,0.0
det,42.8138,1101.62,793.0,67.5,149.5,0.86,Body
det,42.8138,1127.69,793.0,16.62,20.5,0.842,Head
cover,42.8478,2,1,1,1
err,42.8478,-145.12,3.75
timing,42.8478,2.3,29.3
gate,42.8478,132.7,0.0,0.0,0.0
det,42.8478,1100.0,794.62,68.5,148.75,0.867,Body
det,42.8478,1126.88,792.75,16.0,20.0,0.761,Head
cover,42.8796,2,1,1,1
err,42.8796,-146.5,4.01
timing,42.8796,1.8,27.7
gate,42.8796,132.7,0.0,0.0,0.0
det,42.8796,1098.06,793.25,69.88,150.5,0.868,Body
det,42.8796,1125.62,792.88,15.75,20.25,0.779,Head
cover,42.9149,2,1,1,1
err,42.915,-147.25,3.49
timing,42.915,3.3,28.9
gate,42.915,132.7,0.0,0.0,0.0
det,42.915,1096.56,792.88,70.88,152.25,0.874,Body
det,42.915,1125.0,792.62,15.5,19.75,0.826,Head
cover,42.9476,2,1,1,1
err,42.9476,-148.25,12.6
timing,42.9476,1.7,28.8
gate,42.9476,132.7,0.0,0.0,0.0
det,42.9476,1094.12,799.62,72.0,155.75,0.909,Body
det,42.9476,1123.44,800.5,16.62,22.0,0.75,Head
cover,42.9835,2,1,1,1
err,42.9835,-149.62,27.66
timing,42.9835,2.1,31.5
gate,42.9835,132.7,0.0,0.0,0.0
det,42.9835,1093.0,813.88,72.0,159.25,0.914,Body
det,42.9835,1121.5,814.88,17.75,23.25,0.827,Head
cover,43.0205,2,1,1,1
err,43.0205,-150.75,41.1
timing,43.0205,1.9,32.6
gate,43.0205,132.7,0.0,0.0,0.0
det,43.0205,1091.69,828.38,72.12,159.25,0.908,Body
det,43.0205,1120.06,829.0,18.38,22.0,0.834,Head
cover,43.0566,3,1,2,1
err,43.0567,-151.25,59.11
timing,43.0567,3.4,30.3
gate,43.0567,132.7,0.0,0.0,0.0
det,43.0567,1092.12,845.0,72.25,163.5,0.918,Body
det,43.0567,1119.75,846.88,18.0,22.25,0.789,Head
det,43.0567,1458.88,927.75,8.25,20.5,0.566,Body
cover,43.092,2,1,1,1
err,43.092,-151.88,68.59
timing,43.092,3.2,28.7
gate,43.092,132.7,0.0,0.0,0.0
det,43.092,1090.94,857.0,72.62,160.5,0.892,Body
det,43.092,1119.25,856.62,17.75,21.75,0.801,Head
cover,43.1271,2,1,1,1
err,43.1271,-152.12,77.66
timing,43.1271,2.2,30.3
gate,43.1271,132.7,0.0,0.0,0.0
det,43.1271,1090.75,866.88,74.0,161.25,0.888,Body
det,43.1271,1118.75,864.88,18.25,23.25,0.779,Head
cover,43.1628,2,1,1,1
err,43.1628,-152.25,84.33
timing,43.1628,2.4,30.6
gate,43.1628,132.7,0.0,0.0,0.0
det,43.1628,1090.25,873.5,74.5,165.0,0.896,Body
det,43.1628,1119.06,872.5,17.38,21.5,0.771,Head
cover,43.1962,2,1,1,1
err,43.1962,-152.0,89.54
timing,43.1962,1.9,29.1
gate,43.1962,132.7,0.0,0.0,0.0
det,43.1962,1090.88,877.12,73.25,168.75,0.903,Body
det,43.1962,1119.94,878.12,16.12,20.75,0.804,Head
cover,43.2306,2,1,1,1
err,43.2306,-153.62,94.1
timing,43.2306,2.2,30.0
gate,43.2306,132.7,0.0,0.0,0.0
det,43.2306,1086.75,880.0,76.25,168.5,0.871,Body
det,43.2306,1117.38,882.0,18.0,22.0,0.81,Head
cover,43.2669,2,1,1,1
err,43.2669,-153.75,95.88
timing,43.2669,2.6,31.4
gate,43.2669,132.7,0.0,0.0,0.0
det,43.2669,1086.69,884.62,76.62,168.75,0.875,Body
det,43.2669,1117.31,883.5,17.88,22.5,0.593,Head
cover,43.3058,2,1,1,1
err,43.3059,-154.12,95.88
timing,43.3059,2.2,34.1
gate,43.3059,132.7,0.0,0.0,0.0
det,43.3059,1086.19,884.0,77.62,170.5,0.875,Body
det,43.3059,1116.5,883.5,18.75,22.5,0.762,Head
cover,43.3431,2,1,1,1
err,43.3431,-154.62,93.11
timing,43.3431,3.8,30.8
gate,43.3431,132.7,0.0,0.0,0.0
det,43.3431,1085.94,878.5,76.12,174.5,0.855,Body
det,43.3431,1116.88,880.88,17.0,22.25,0.784,Head
cover,43.3768,2,1,1,1
err,43.3768,-154.75,88.38
timing,43.3768,2.1,29.1
gate,43.3768,132.7,0.0,0.0,0.0
det,43.3768,1083.62,874.0,78.75,175.5,0.867,Body
det,43.3768,1115.94,876.0,18.62,22.5,0.751,Head
cover,43.4113,3,1,2,1
err,43.4114,-155.25,81.4
timing,43.4114,2.5,29.7
gate,43.4114,132.7,0.0,0.0,0.0
det,43.4114,1084.16,869.5,78.69,178.0,0.835,Body
det,43.4114,1115.62,868.75,18.25,23.0,0.799,Head
det,43.4114,1135.75,964.0,24.75,76.0,0.634,Body
cover,43.4432,2,1,1,1
err,43.4433,-155.5,73.66
timing,43.4433,2.3,27.4
gate,43.4433,132.7,0.0,0.0,0.0
det,43.4433,1083.25,857.5,79.75,181.5,0.861,Body
det,43.4433,1114.69,860.88,19.62,23.25,0.828,Head
cover,43.4769,2,1,1,1
err,43.4769,-156.62,62.74
timing,43.4769,1.8,29.3
gate,43.4769,132.7,0.0,0.0,0.0
det,43.4769,1083.78,847.5,79.19,183.0,0.857,Body
det,43.4769,1113.75,849.12,19.25,24.75,0.853,Head
cover,43.5109,2,1,1,1
err,43.5109,-156.88,50.76
timing,43.5109,2.2,29.3
gate,43.5109,132.7,0.0,0.0,0.0
det,43.5109,1113.25,836.88,19.75,25.25,0.862,Head
det,43.5109,1080.62,834.88,83.0,183.25,0.85,Body
cover,43.5441,2,1,1,1
err,43.5441,-157.25,35.27
timing,43.5441,1.9,28.7
gate,43.5441,132.7,0.0,0.0,0.0
det,43.5441,1112.69,821.25,20.12,25.5,0.86,Head
det,43.5441,1079.53,819.12,83.69,185.75,0.845,Body
cover,43.5771,2,1,1,1
err,43.5771,-157.62,27.84
timing,43.5771,1.9,29.0
gate,43.5771,132.7,0.0,0.0,0.0
det,43.5771,1111.5,813.12,21.75,26.75,0.893,Head
det,43.5771,1076.75,812.5,87.25,186.5,0.864,Body
cover,43.6102,2,1,1,1
err,43.6102,-157.25,22.6
timing,43.6102,2.2,28.5
gate,43.6102,132.7,0.0,0.0,0.0
det,43.6102,1079.06,805.5,85.88,189.5,0.847,Body
det,43.6102,1112.44,807.75,20.62,27.0,0.803,Head
cover,43.644,2,1,1,1
err,43.644,-154.88,26.74
timing,43.644,2.1,29.4
gate,43.644,132.7,0.0,0.0,0.0
det,43.644,1085.0,811.0,82.75,191.5,0.849,Body
det,43.644,1114.88,813.12,20.5,24.75,0.845,Head
cover,43.6762,2,1,1,1
err,43.6763,-152.5,32.84
timing,43.6763,2.2,27.2
gate,43.6763,132.7,0.0,0.0,0.0
det,43.6763,1085.69,818.0,84.62,191.0,0.863,Body
det,43.6763,1117.38,818.12,20.25,26.75,0.726,Head
cover,43.7081,2,1,1,1
err,43.7081,-151.25,36.98
timing,43.7081,2.1,27.2
gate,43.7081,132.7,0.0,0.0,0.0
det,43.7081,1085.12,821.88,87.25,194.25,0.851,Body
det,43.7081,1118.69,823.5,20.12,24.5,0.804,Head
cover,43.7432,2,1,1,1
err,43.7433,-150.38,42.34
timing,43.7433,4.3,28.1
gate,43.7433,132.7,0.0,0.0,0.0
det,43.7433,1119.5,827.62,20.25,26.75,0.872,Head
det,43.7433,1084.19,824.5,88.12,196.5,0.86,Body
cover,43.7738,2,1,1,1
err,43.7738,-150.25,44.08
timing,43.7738,1.8,26.5
gate,43.7738,132.7,0.0,0.0,0.0
det,43.7738,1082.66,827.5,92.19,199.5,0.853,Body
det,43.7738,1119.31,829.5,20.88,26.5,0.829,Head
cover,43.808,2,1,1,1
err,43.8081,-149.62,45.52
timing,43.8081,4.7,26.8
gate,43.8081,132.7,0.0,0.0,0.0
det,43.8081,1082.5,827.0,92.5,204.0,0.855,Body
det,43.8081,1120.0,831.5,20.75,25.5,0.855,Head
cover,43.8406,2,1,1,1
err,43.8406,-150.25,48.38
timing,43.8406,3.7,26.1
gate,43.8406,132.7,0.0,0.0,0.0
det,43.8406,1119.0,833.25,21.5,27.5,0.894,Head
det,43.8406,1082.06,829.12,92.88,205.75,0.839,Body
cover,43.8765,2,1,1,1
err,43.8765,-150.25,50.35
timing,43.8765,4.8,28.6
gate,43.8765,132.7,0.0,0.0,0.0
det,43.8765,1119.44,835.5,20.62,27.0,0.904,Head
det,43.8765,1083.38,832.62,91.0,206.75,0.836,Body
cover,43.9114,2,1,1,1
err,43.9114,-150.88,52.3
timing,43.9114,2.9,29.8
gate,43.9114,132.7,0.0,0.0,0.0
det,43.9114,1118.75,838.0,20.75,26.0,0.862,Head
det,43.9114,1082.81,834.38,92.38,211.25,0.816,Body
cover,43.9442,2,1,1,1
err,43.9442,-152.0,54.08
timing,43.9442,2.1,28.0
gate,43.9442,132.7,0.0,0.0,0.0
det,43.9442,1082.62,837.5,91.75,213.5,0.812,Body
det,43.9442,1117.31,839.5,21.38,26.5,0.808,Head
cover,43.9775,2,1,1,1
err,43.9775,-153.12,57.49
timing,43.9775,2.9,27.8
gate,43.9775,132.7,0.0,0.0,0.0
det,43.9775,1115.12,841.12,23.5,29.75,0.843,Head
det,43.9775,1081.19,838.5,92.62,219.5,0.833,Body
cover,44.0109,2,1,1,1
err,44.011,-154.5,59.48
timing,44.011,2.2,28.7
gate,44.011,132.7,0.0,0.0,0.0
det,44.011,1114.19,843.25,22.62,29.5,0.86,Head
det,44.011,1080.81,839.0,91.88,226.0,0.834,Body
cover,44.0424,2,1,1,1
err,44.0424,-156.25,63.94
timing,44.0424,2.0,27.1
gate,44.0424,132.7,0.0,0.0,0.0
det,44.0424,1112.81,848.12,21.88,28.75,0.839,Head
det,44.0424,1073.97,848.5,96.31,219.0,0.803,Body
cover,44.0788,2,1,1,1
err,44.0788,-157.5,65.0
timing,44.0788,3.9,29.9
gate,44.0788,132.7,0.0,0.0,0.0
det,44.0788,1111.06,848.5,22.88,30.0,0.854,Head
det,44.0788,1072.81,848.5,93.88,219.5,0.802,Body
cover,44.1141,2,1,1,1
err,44.1141,-159.38,67.44
timing,44.1141,2.1,30.9
gate,44.1141,132.7,0.0,0.0,0.0
det,44.1141,1069.81,850.0,96.88,231.0,0.82,Body
det,44.1141,1109.62,851.62,22.0,28.75,0.812,Head
cover,44.151,2,1,1,1
err,44.151,-161.5,70.96
timing,44.151,2.4,32.2
gate,44.151,132.7,0.0,0.0,0.0
det,44.151,1064.03,853.0,102.69,230.5,0.864,Body
det,44.151,1107.12,854.88,22.75,29.25,0.825,Head
cover,44.1848,2,1,1,1
err,44.1849,-165.0,73.56
timing,44.1849,3.0,28.6
gate,44.1849,132.7,0.0,0.0,0.0
det,44.1849,1063.75,855.38,97.75,230.25,0.854,Body
det,44.1849,1103.25,856.38,23.5,31.25,0.827,Head
cover,44.2192,2,1,1,1
err,44.2192,-167.0,73.56
timing,44.2192,2.0,30.0
gate,44.2192,132.7,0.0,0.0,0.0
det,44.2192,1101.5,856.38,23.0,31.25,0.854,Head
det,44.2192,1058.56,853.12,102.88,242.75,0.82,Body
cover,44.2523,2,1,1,1
err,44.2523,-170.12,73.8
timing,44.2523,2.2,28.3
gate,44.2523,132.7,0.0,0.0,0.0
det,44.2523,1097.75,856.75,24.25,31.0,0.896,Head
det,44.2523,1054.41,853.38,102.94,244.25,0.822,Body
cover,44.2862,2,1,1,1
err,44.2862,-173.25,70.61
timing,44.2862,2.1,29.6
gate,44.2862,132.7,0.0,0.0,0.0
det,44.2862,1094.56,852.88,24.38,32.25,0.871,Head
det,44.2862,1051.22,851.5,106.56,253.5,0.837,Body
cover,44.3188,2,1,1,1
err,44.3189,-177.0,71.83
timing,44.3189,2.3,28.0
gate,44.3189,132.7,0.0,0.0,0.0
det,44.3189,1045.0,852.0,109.25,252.5,0.834,Body
det,44.3189,1090.31,854.5,25.38,31.5,0.666,Head
cover,44.3522,2,1,1,1
err,44.3523,-180.88,74.71
timing,44.3523,2.2,28.9
gate,44.3523,132.7,0.0,0.0,0.0
det,44.3523,1085.66,855.88,26.94,34.25,0.88,Head
det,44.3523,1043.31,850.12,108.38,267.75,0.829,Body
cover,44.3842,2,1,1,1
err,44.3843,-183.62,75.23
timing,44.3843,2.4,27.0
gate,44.3843,132.7,0.0,0.0,0.0
det,44.3843,1036.91,854.0,112.19,277.0,0.822,Body
det,44.3843,1083.09,856.25,26.56,34.5,0.666,Head
cover,44.4193,2,1,1,1
err,44.4194,-188.25,76.23
timing,44.4194,3.2,29.6
gate,44.4194,132.7,0.0,0.0,0.0
det,44.4194,1034.09,852.88,109.56,275.25,0.839,Body
det,44.4194,1078.47,857.25,26.56,34.5,0.784,Head
cover,44.4518,2,1,1,1
err,44.4518,-192.25,38.83
timing,44.4518,1.8,28.3
gate,44.4518,132.7,0.0,0.0,0.0
det,44.4518,1026.62,819.0,113.62,273.5,0.815,Body
det,44.4518,1073.38,818.75,28.75,36.5,0.654,Head
cover,44.4873,2,1,1,1
err,44.4873,-197.31,0.79
timing,44.4873,2.2,30.8
gate,44.4873,132.7,0.0,0.0,0.0
det,44.4873,1068.75,781.12,27.88,35.75,0.822,Head
det,44.4873,1020.72,780.0,122.31,289.0,0.816,Body
cover,44.5281,2,1,1,1
err,44.5281,-198.69,0.85
timing,44.5281,3.1,32.7
gate,44.5281,132.7,0.0,0.0,0.0
det,44.5281,1017.75,780.0,124.0,295.0,0.816,Body
det,44.5281,1066.38,780.5,29.88,37.0,0.805,Head
cover,44.5624,2,1,1,1
err,44.5625,-196.62,-0.11
timing,44.5625,2.0,30.0
gate,44.5625,132.7,0.0,0.0,0.0
det,44.5625,1017.25,776.5,127.5,306.5,0.787,Body
det,44.5625,1068.22,779.12,30.31,37.75,0.729,Head
cover,44.5963,2,1,1,1
err,44.5964,-190.88,0.02
timing,44.5964,2.5,29.1
gate,44.5964,132.7,0.0,0.0,0.0
det,44.5964,1022.62,778.38,125.88,301.25,0.796,Body
det,44.5964,1072.72,777.75,32.81,40.5,0.526,Head
cover,44.63,1,0,1,0
nearest,44.63,-1
cover,44.6639,1,0,1,0
nearest,44.6639,-1
cover,44.6982,2,1,1,1
err,44.6982,-166.38,-1.48
timing,44.6982,3.0,30.5
gate,44.6982,132.7,0.0,0.0,0.0
det,44.6982,1043.56,771.0,137.88,320.5,0.805,Body
det,44.6982,1097.62,776.25,32.0,40.5,0.547,Head
cover,44.7331,1,0,1,0
nearest,44.7331,-1
cover,44.7808,1,0,1,0
nearest,44.7808,-1
cover,44.8253,1,0,1,0
nearest,44.8253,-1
cover,44.8589,1,0,1,0
nearest,44.859,-1
cover,44.8908,1,0,1,0
nearest,44.8908,-1
cover,44.9241,1,0,1,0
nearest,44.9242,-1
lmb,44.9584,1
cover,44.9596,1,0,1,0
nearest,44.9596,-1
cover,44.9949,1,0,1,0
nearest,44.995,-1
cover,45.0268,1,0,1,0
nearest,45.0268,-1
lmb,45.0608,0
cover,45.0627,1,0,1,0
nearest,45.0627,-1
nail,45.0923,1
cover,45.0936,1,0,1,0
nearest,45.0936,-1
cover,45.1262,1,0,1,0
nearest,45.1263,-1
cover,45.1595,1,0,1,0
nearest,45.1595,-1
lmb,45.1942,1
cover,45.1954,1,0,1,0
nearest,45.1955,-1
cover,45.226,1,0,1,0
nearest,45.226,-1
cover,45.2582,1,0,1,0
nearest,45.2583,-1
cover,45.2914,1,0,1,0
nearest,45.2914,-1
lmb,45.3251,0
cover,45.3262,1,0,1,0
nearest,45.3262,-1
cover,45.3585,1,0,1,0
nearest,45.3586,-1
cover,45.3913,1,0,1,0
nearest,45.3913,-1
cover,45.4252,1,0,1,0
nearest,45.4252,-1
cover,45.4583,1,0,1,0
nearest,45.4583,-1
cover,45.4913,1,0,1,0
nearest,45.4913,-1
cover,45.5242,1,0,1,0
nearest,45.5242,-1
cover,45.5584,1,0,1,0
nearest,45.5584,-1
cover,45.5917,1,0,1,0
nearest,45.5917,-1
cover,45.6227,1,0,1,0
nearest,45.6227,-1
cover,45.6528,1,0,1,0
nearest,45.6528,-1
lmb,45.6839,1
cover,45.6851,1,0,1,0
nearest,45.6851,-1
cover,45.7163,1,0,1,0
nearest,45.7164,-1
cover,45.7479,1,0,1,0
nearest,45.7479,-1
cover,45.7789,1,0,1,0
nearest,45.7789,-1
lmb,45.8098,0
cover,45.8112,1,0,1,0
nearest,45.8112,-1
cover,45.8445,1,0,1,0
nearest,45.8445,-1
cover,45.8745,1,0,1,0
nearest,45.8746,-1
lmb,45.9047,1
cover,45.9058,1,0,1,0
nearest,45.9058,-1
cover,45.936,1,0,1,0
nearest,45.936,-1
cover,45.9702,1,0,1,0
nearest,45.9702,-1
lmb,46.0075,0
cover,46.0087,1,0,1,0
nearest,46.0088,-1
cover,46.0452,1,0,1,0
nearest,46.0452,-1
cover,46.0791,1,0,1,0
nearest,46.0791,-1
cover,46.1103,1,0,1,0
nearest,46.1103,-1
cover,46.1419,1,0,1,0
nearest,46.1419,-1
cover,46.1728,1,0,1,0
nearest,46.1728,-1
cover,46.2032,1,0,1,0
nearest,46.2032,-1
cover,46.2341,1,0,1,0
nearest,46.2341,-1
cover,46.2652,1,0,1,0
nearest,46.2652,-1
cover,46.2976,1,0,1,0
nearest,46.2976,-1
cover,46.3287,1,0,1,0
nearest,46.3288,-1
cover,46.3611,1,0,1,0
nearest,46.3611,-1
cover,46.3925,1,0,1,0
nearest,46.3925,-1
nail,46.4257,0
cover,46.4266,1,0,1,0
nearest,46.4266,-1
cover,46.4594,1,0,1,0
nearest,46.4594,-1
cover,46.4925,1,0,1,0
nearest,46.4925,-1
cover,46.5257,1,0,1,0
nearest,46.5257,-1
cover,46.5543,1,0,1,0
nearest,46.5543,-1
cover,46.5868,1,0,1,0
nearest,46.5868,-1
cover,46.6183,0,0,0,0
nearest,46.6183,-1
cover,46.6514,0,0,0,0
nearest,46.6514,-1
cover,46.6852,0,0,0,0
nearest,46.6852,-1
cover,46.7165,0,0,0,0
nearest,46.7166,-1
cover,46.7485,0,0,0,0
nearest,46.7485,-1
cover,46.7779,0,0,0,0
nearest,46.7779,-1
cover,46.8095,0,0,0,0
nearest,46.8095,-1
cover,46.8425,1,0,1,0
nearest,46.8426,-1
lmb,46.8799,1
cover,46.8811,1,0,1,0
nearest,46.8812,-1
cover,46.9179,1,0,1,0
nearest,46.9179,-1
lmb,46.9556,0
cover,46.9567,1,0,1,0
nearest,46.9567,-1
cover,46.9932,1,0,1,0
nearest,46.9932,-1
nail,47.0268,1
cover,47.0284,1,0,1,0
nearest,47.0284,-1
cover,47.061,1,0,1,0
nearest,47.0611,-1
cover,47.0951,1,0,1,0
nearest,47.0951,-1
cover,47.1284,1,0,1,0
nearest,47.1285,-1
cover,47.164,1,0,1,0
nearest,47.1641,-1
cover,47.1983,1,0,1,0
nearest,47.1983,-1
cover,47.232,0,0,0,0
nearest,47.2321,-1
cover,47.2646,0,0,0,0
nearest,47.2646,-1
cover,47.2959,0,0,0,0
nearest,47.2959,-1
cover,47.3304,0,0,0,0
nearest,47.3304,-1
cover,47.3598,0,0,0,0
nearest,47.3598,-1
nail,47.3877,0
cover,47.3887,0,0,0,0
nearest,47.3887,-1
cover,47.4213,0,0,0,0
nearest,47.4214,-1
cover,47.4529,0,0,0,0
nearest,47.4529,-1
lmb,47.4856,1
cover,47.4873,0,0,0,0
nearest,47.4873,-1
cover,47.5186,0,0,0,0
nearest,47.5186,-1
cover,47.5509,0,0,0,0
nearest,47.5509,-1
lmb,47.5837,0
cover,47.5848,0,0,0,0
nearest,47.5848,-1
nail,47.615,1
cover,47.6164,0,0,0,0
nearest,47.6164,-1
cover,47.6466,0,0,0,0
nearest,47.6466,-1
lmb,47.6796,1
cover,47.6808,1,0,1,0
nearest,47.6808,-1
cover,47.7128,1,0,1,0
nearest,47.7128,-1
cover,47.7436,1,0,1,0
nearest,47.7437,-1
lmb,47.7758,0
cover,47.7769,0,0,0,0
nearest,47.7769,-1
cover,47.8139,1,0,1,0
nearest,47.814,-1
cover,47.8468,0,0,0,0
nearest,47.8468,-1
lmb,47.88,1
cover,47.8812,1,0,1,0
nearest,47.8812,-1
cover,47.9121,1,0,1,0
nearest,47.9121,-1
cover,47.9424,1,0,1,0
nearest,47.9424,-1
lmb,47.9743,0
cover,47.9754,1,0,1,0
nearest,47.9755,-1
cover,48.0083,0,0,0,0
nearest,48.0083,-1
cover,48.0416,1,0,1,0
nearest,48.0416,-1
cover,48.0752,1,0,1,0
nearest,48.0753,-1
cover,48.1104,1,0,1,0
nearest,48.1104,-1
cover,48.1428,1,0,1,0
nearest,48.1428,-1
cover,48.1755,1,0,1,0
nearest,48.1755,-1
cover,48.2084,1,0,1,0
nearest,48.2084,-1
cover,48.241,1,0,1,0
nearest,48.2411,-1
cover,48.2703,0,0,0,0
nearest,48.2703,-1
cover,48.3019,1,0,1,0
nearest,48.3019,-1
cover,48.3351,1,0,1,0
nearest,48.3351,-1
cover,48.3645,1,0,1,0
nearest,48.3645,-1
nail,48.3957,0
cover,48.3968,0,0,0,0
nearest,48.3968,-1
cover,48.429,0,0,0,0
nearest,48.429,-1
cover,48.4614,1,0,1,0
nearest,48.4614,-1
cover,48.4937,2,0,2,0
nearest,48.4937,-1
cover,48.526,1,0,1,0
nearest,48.526,-1
cover,48.5591,1,0,1,0
nearest,48.5591,-1
cover,48.5926,1,0,1,0
nearest,48.5927,-1
cover,48.6217,0,0,0,0
nearest,48.6218,-1
cover,48.6525,1,0,1,0
nearest,48.6526,-1
cover,48.6856,0,0,0,0
nearest,48.6857,-1
cover,48.7185,0,0,0,0
nearest,48.7185,-1
cover,48.7485,0,0,0,0
nearest,48.7485,-1
cover,48.7787,0,0,0,0
nearest,48.7787,-1
cover,48.8107,0,0,0,0
nearest,48.8107,-1
cover,48.8413,0,0,0,0
nearest,48.8413,-1
cover,48.8706,0,0,0,0
nearest,48.8706,-1
cover,48.9018,2,0,2,0
nearest,48.9019,-1
cover,48.9324,0,0,0,0
nearest,48.9325,-1
cover,48.9635,0,0,0,0
nearest,48.9635,-1
cover,48.9933,0,0,0,0
nearest,48.9933,-1
lmb,49.025,1
cover,49.0262,0,0,0,0
nearest,49.0263,-1
cover,49.0598,0,0,0,0
nearest,49.0598,-1
cover,49.0927,0,0,0,0
nearest,49.0928,-1
lmb,49.1239,0
cover,49.1251,0,0,0,0
nearest,49.1252,-1
nail,49.1556,1
cover,49.1567,0,0,0,0
nearest,49.1567,-1
cover,49.1885,0,0,0,0
nearest,49.1886,-1
cover,49.2212,0,0,0,0
nearest,49.2212,-1
cover,49.2524,0,0,0,0
nearest,49.2524,-1
cover,49.2857,0,0,0,0
nearest,49.2857,-1
cover,49.32,0,0,0,0
nearest,49.32,-1
cover,49.3532,1,0,1,0
nearest,49.3532,-1
cover,49.3858,0,0,0,0
nearest,49.3858,-1
cover,49.4202,0,0,0,0
nearest,49.4202,-1
cover,49.4522,0,0,0,0
nearest,49.4522,-1
cover,49.4845,0,0,0,0
nearest,49.4845,-1
cover,49.5152,0,0,0,0
nearest,49.5153,-1
nail,49.5445,0
cover,49.5464,0,0,0,0
nearest,49.5464,-1
cover,49.578,1,0,1,0
nearest,49.578,-1
cover,49.6111,1,0,1,0
nearest,49.6111,-1
cover,49.6425,2,0,2,0
nearest,49.6425,-1
cover,49.6729,0,0,0,0
nearest,49.6729,-1
cover,49.7095,1,0,1,0
nearest,49.7095,-1
cover,49.7444,2,0,2,0
nearest,49.7444,-1
cover,49.7799,2,0,2,0
nearest,49.7799,-1
cover,49.8106,0,0,0,0
nearest,49.8106,-1
cover,49.8394,0,0,0,0
nearest,49.8394,-1
cover,49.8711,0,0,0,0
nearest,49.8712,-1
cover,49.9021,0,0,0,0
nearest,49.9022,-1
cover,49.9313,0,0,0,0
nearest,49.9313,-1
cover,49.9647,0,0,0,0
nearest,49.9647,-1
cover,49.9972,0,0,0,0
nearest,49.9972,-1
cover,50.0283,0,0,0,0
nearest,50.0284,-1
cover,50.059,0,0,0,0
nearest,50.059,-1
cover,50.0891,0,0,0,0
nearest,50.0892,-1
cover,50.1226,0,0,0,0
nearest,50.1226,-1
cover,50.1579,0,0,0,0
nearest,50.1579,-1
cover,50.1927,0,0,0,0
nearest,50.1927,-1
cover,50.2234,0,0,0,0
nearest,50.2234,-1
cover,50.2555,0,0,0,0
nearest,50.2556,-1
cover,50.2857,0,0,0,0
nearest,50.2857,-1
cover,50.3185,0,0,0,0
nearest,50.3185,-1
cover,50.3517,0,0,0,0
nearest,50.3517,-1
cover,50.3827,0,0,0,0
nearest,50.3827,-1
cover,50.4131,0,0,0,0
nearest,50.4131,-1
cover,50.444,0,0,0,0
nearest,50.4441,-1
cover,50.4776,0,0,0,0
nearest,50.4776,-1
cover,50.5093,0,0,0,0
nearest,50.5093,-1
cover,50.5386,0,0,0,0
nearest,50.5386,-1
cover,50.569,0,0,0,0
nearest,50.569,-1
cover,50.6012,0,0,0,0
nearest,50.6012,-1
cover,50.6321,0,0,0,0
nearest,50.6321,-1
cover,50.6623,0,0,0,0
nearest,50.6623,-1
cover,50.6953,0,0,0,0
nearest,50.6954,-1
cover,50.7282,0,0,0,0
nearest,50.7282,-1
cover,50.7596,0,0,0,0
nearest,50.7596,-1
cover,50.7918,0,0,0,0
nearest,50.7918,-1
cover,50.8264,0,0,0,0
nearest,50.8265,-1
cover,50.8601,0,0,0,0
nearest,50.8601,-1
cover,50.8928,0,0,0,0
nearest,50.8928,-1
cover,50.9236,0,0,0,0
nearest,50.9236,-1
cover,50.9539,0,0,0,0
nearest,50.9539,-1
cover,50.9884,0,0,0,0
nearest,50.9884,-1
cover,51.021,0,0,0,0
nearest,51.021,-1
cover,51.0534,0,0,0,0
nearest,51.0534,-1
cover,51.0854,0,0,0,0
nearest,51.0854,-1
cover,51.1184,0,0,0,0
nearest,51.1185,-1
cover,51.1523,0,0,0,0
nearest,51.1523,-1
cover,51.1851,0,0,0,0
nearest,51.1851,-1
cover,51.2188,0,0,0,0
nearest,51.2188,-1
cover,51.251,0,0,0,0
nearest,51.251,-1
cover,51.2836,0,0,0,0
nearest,51.2836,-1
cover,51.3161,0,0,0,0
nearest,51.3161,-1
cover,51.3474,0,0,0,0
nearest,51.3475,-1
cover,51.3792,0,0,0,0
nearest,51.3792,-1
cover,51.4112,0,0,0,0
nearest,51.4113,-1
cover,51.4438,0,0,0,0
nearest,51.4438,-1
cover,51.4739,0,0,0,0
nearest,51.4739,-1
cover,51.5059,0,0,0,0
nearest,51.5059,-1
cover,51.5378,0,0,0,0
nearest,51.5378,-1
cover,51.5701,0,0,0,0
nearest,51.5701,-1
cover,51.602,0,0,0,0
nearest,51.602,-1
cover,51.6326,0,0,0,0
nearest,51.6326,-1
cover,51.6643,0,0,0,0
nearest,51.6643,-1
cover,51.6955,0,0,0,0
nearest,51.6955,-1
cover,51.7266,0,0,0,0
nearest,51.7266,-1
cover,51.7578,0,0,0,0
nearest,51.7579,-1
cover,51.7903,0,0,0,0
nearest,51.7904,-1
cover,51.8215,0,0,0,0
nearest,51.8216,-1
cover,51.8527,0,0,0,0
nearest,51.8528,-1
cover,51.8843,0,0,0,0
nearest,51.8844,-1
cover,51.9161,0,0,0,0
nearest,51.9162,-1
cover,51.9494,0,0,0,0
nearest,51.9494,-1
cover,51.979,0,0,0,0
nearest,51.979,-1
cover,52.0128,0,0,0,0
nearest,52.0129,-1
cover,52.0447,0,0,0,0
nearest,52.0447,-1
cover,52.0755,0,0,0,0
nearest,52.0755,-1
cover,52.1071,0,0,0,0
nearest,52.1071,-1
cover,52.1412,0,0,0,0
nearest,52.1413,-1
cover,52.1728,0,0,0,0
nearest,52.1728,-1
cover,52.2063,0,0,0,0
nearest,52.2063,-1
cover,52.2399,0,0,0,0
nearest,52.2399,-1
cover,52.2722,0,0,0,0
nearest,52.2723,-1
cover,52.305,0,0,0,0
nearest,52.3051,-1
cover,52.3378,0,0,0,0
nearest,52.3379,-1
cover,52.3722,0,0,0,0
nearest,52.3722,-1
cover,52.4036,0,0,0,0
nearest,52.4036,-1
cover,52.4361,0,0,0,0
nearest,52.4361,-1
cover,52.4684,0,0,0,0
nearest,52.4685,-1
cover,52.501,0,0,0,0
nearest,52.5011,-1
cover,52.5315,0,0,0,0
nearest,52.5315,-1
cover,52.5646,0,0,0,0
nearest,52.5646,-1
cover,52.5973,0,0,0,0
nearest,52.5973,-1
cover,52.6298,0,0,0,0
nearest,52.6299,-1
cover,52.6625,0,0,0,0
nearest,52.6625,-1
cover,52.6961,0,0,0,0
nearest,52.6961,-1
cover,52.7302,0,0,0,0
nearest,52.7302,-1
cover,52.7636,0,0,0,0
nearest,52.7636,-1
cover,52.7972,0,0,0,0
nearest,52.7973,-1
cover,52.8307,0,0,0,0
nearest,52.8307,-1
cover,52.8639,0,0,0,0
nearest,52.864,-1
cover,52.8966,0,0,0,0
nearest,52.8966,-1
cover,52.9248,0,0,0,0
nearest,52.9248,-1
cover,52.9535,0,0,0,0
nearest,52.9535,-1
cover,52.9803,0,0,0,0
nearest,52.9803,-1
cover,53.0067,0,0,0,0
nearest,53.0068,-1
cover,53.0346,1,0,1,0
nearest,53.0346,-1
cover,53.0641,0,0,0,0
nearest,53.0641,-1
cover,53.0918,0,0,0,0
nearest,53.0918,-1
cover,53.1205,0,0,0,0
nearest,53.1205,-1
cover,53.1512,0,0,0,0
nearest,53.1512,-1
cover,53.1812,1,0,1,0
nearest,53.1812,-1
cover,53.2135,1,0,1,0
nearest,53.2135,-1
cover,53.2413,2,1,1,0
nearest,53.2413,316.1
cover,53.2711,2,1,1,0
nearest,53.2711,308.6
cover,53.3002,2,1,1,1
err,53.3003,281.0,-94.31
timing,53.3003,2.4,25.3
gate,53.3003,132.7,0.0,0.0,0.0
det,53.3003,1522.25,684.0,77.5,241.5,0.882,Body
det,53.3003,1547.75,687.06,26.5,33.88,0.708,Head
cover,53.3306,2,1,1,1
err,53.3306,270.5,-87.14
timing,53.3306,1.6,25.7
gate,53.3306,132.7,0.0,0.0,0.0
det,53.3306,1511.75,689.06,82.5,238.38,0.869,Body
det,53.3306,1537.0,693.75,27.0,34.75,0.846,Head
cover,53.3638,2,1,1,1
err,53.3638,262.5,-81.96
timing,53.3638,3.9,26.2
gate,53.3638,132.7,0.0,0.0,0.0
det,53.3638,1505.25,695.5,83.5,238.5,0.86,Body
det,53.3638,1529.0,699.75,27.0,33.25,0.839,Head
cover,53.3953,2,1,1,1
err,53.3953,256.0,-81.14
timing,53.3953,3.0,26.1
gate,53.3953,132.7,0.0,0.0,0.0
det,53.3953,1499.25,701.44,79.5,235.12,0.855,Body
det,53.3953,1522.75,701.12,26.5,32.25,0.811,Head
cover,53.4246,2,1,1,1
err,53.4246,252.5,-78.79
timing,53.4246,2.3,24.5
gate,53.4246,132.7,0.0,0.0,0.0
det,53.4246,1495.0,697.25,81.0,236.5,0.843,Body
det,53.4246,1518.5,701.0,28.0,36.75,0.651,Head
cover,53.4541,2,1,1,1
err,53.4542,245.5,-77.41
timing,53.4542,2.4,24.8
gate,53.4541,132.7,0.0,0.0,0.0
det,53.4542,1488.5,707.0,81.0,229.0,0.866,Body
det,53.4542,1512.0,703.75,27.0,34.25,0.687,Head
cover,53.4838,2,1,1,1
err,53.4839,238.0,-74.83
timing,53.4839,2.2,24.9
gate,53.4839,132.7,0.0,0.0,0.0
det,53.4839,1481.5,703.38,80.0,234.25,0.87,Body
det,53.4839,1504.5,706.81,27.0,33.38,0.845,Head
cover,53.514,2,1,1,1
err,53.5141,230.0,-74.55
timing,53.5141,1.9,25.7
gate,53.5141,132.7,0.0,0.0,0.0
det,53.5141,1473.25,707.5,83.5,237.5,0.856,Body
det,53.5141,1496.25,706.75,27.5,34.0,0.856,Head
cover,53.5508,2,1,1,1
err,53.5509,225.0,-71.12
timing,53.5509,5.8,27.9
gate,53.5509,132.7,0.0,0.0,0.0
det,53.5509,1467.88,710.0,83.25,229.0,0.88,Body
det,53.5509,1491.75,711.0,26.5,32.5,0.803,Head
cover,53.581,2,1,1,1
err,53.581,221.5,-58.55
timing,53.581,1.5,26.3
gate,53.581,132.7,0.0,0.0,0.0
det,53.581,1463.0,720.62,83.0,197.75,0.858,Body
det,53.581,1488.0,722.75,27.0,34.0,0.686,Head
cover,53.6108,2,1,1,1
err,53.6109,213.5,-59.08
timing,53.6109,2.9,24.4
gate,53.6109,132.7,0.0,0.0,0.0
det,53.6109,1459.0,721.12,79.0,176.75,0.831,Body
det,53.6109,1480.0,722.5,27.0,33.5,0.754,Head
cover,53.6419,2,1,1,1
err,53.642,213.5,-43.71
timing,53.642,3.3,25.5
gate,53.642,132.7,0.0,0.0,0.0
det,53.642,1455.12,737.88,82.75,168.25,0.85,Body
det,53.642,1479.0,736.62,29.0,35.75,0.818,Head
cover,53.6711,2,1,1,1
err,53.6712,207.0,-35.34
timing,53.6712,1.8,25.0
gate,53.6712,132.7,0.0,0.0,0.0
det,53.6712,1473.25,746.38,27.5,33.25,0.83,Head
det,53.6712,1448.75,748.25,82.5,154.5,0.821,Body
cover,53.6995,2,1,1,1
err,53.6995,201.0,-13.79
timing,53.6995,1.7,24.1
gate,53.6995,132.7,0.0,0.0,0.0
det,53.6995,1468.0,767.38,26.0,34.25,0.69,Head
det,53.6995,1442.0,768.88,86.0,140.25,0.671,Body
cover,53.7364,2,1,1,1
err,53.7364,192.5,-2.12
timing,53.7364,2.4,31.0
gate,53.7364,132.7,0.0,0.0,0.0
det,53.7364,1458.38,780.0,28.25,32.5,0.821,Head
det,53.7364,1428.75,775.0,90.5,247.5,0.708,Body
cover,53.8048,1,0,1,0
nearest,53.8048,-1
cover,53.8369,1,0,1,0
nearest,53.8369,-1
cover,53.8635,2,1,1,1
err,53.8636,142.75,4.49
timing,53.8636,2.0,23.9
gate,53.8636,132.7,0.0,0.0,0.0
det,53.8636,1384.0,798.12,90.0,247.75,0.856,Body
det,53.8636,1408.0,782.62,29.5,39.75,0.67,Head
cover,53.8928,1,0,1,0
nearest,53.8928,-1
cover,53.9235,1,0,1,0
nearest,53.9236,-1
cover,53.9532,1,0,1,0
nearest,53.9532,-1
cover,53.9804,2,1,1,1
err,53.9804,90.0,-0.98
timing,53.9804,1.7,24.8
gate,53.9804,132.7,0.0,0.0,0.0
det,53.9804,1331.5,780.5,94.0,270.5,0.869,Body
det,53.9804,1354.62,779.5,30.75,35.5,0.808,Head
cover,54.0112,2,1,1,1
err,54.0113,82.0,-0.69
timing,54.0113,1.8,26.3
gate,54.0113,132.7,0.0,0.0,0.0
det,54.0113,1319.12,785.0,94.75,270.0,0.839,Body
det,54.0113,1346.62,779.38,30.75,36.25,0.792,Head
cover,54.0423,2,1,1,1
err,54.0423,66.0,-1.16
timing,54.0423,1.9,26.5
gate,54.0423,132.7,0.0,0.0,0.0
det,54.0423,1303.62,781.38,96.75,271.25,0.851,Body
det,54.0423,1330.62,778.62,30.75,36.75,0.698,Head
cover,54.0711,2,1,1,1
err,54.0711,53.75,-2.19
timing,54.0711,1.7,24.8
gate,54.0711,132.7,0.0,0.0,0.0
det,54.0711,1318.5,777.88,30.5,36.25,0.738,Head
det,54.0711,1292.62,806.0,94.75,255.5,0.724,Body
cover,54.1033,2,1,1,1
err,54.1033,77.5,0.77
timing,54.1033,4.5,25.4
gate,54.1033,132.7,0.0,0.0,0.0
det,54.1033,1312.38,784.12,103.25,291.75,0.801,Body
det,54.1033,1341.12,778.5,32.75,40.5,0.656,Head
cover,54.1335,2,1,1,1
err,54.1335,97.0,2.92
timing,54.1335,2.9,24.3
gate,54.1335,132.7,0.0,0.0,0.0
det,54.1335,1336.62,812.0,94.75,259.5,0.657,Body
det,54.1335,1360.88,781.75,32.25,38.5,0.637,Head
cover,54.1644,1,0,1,0
nearest,54.1644,-1
cover,54.1942,2,1,1,1
err,54.1943,107.0,6.96
timing,54.1943,2.9,25.6
gate,54.1943,132.7,0.0,0.0,0.0
det,54.1943,1343.12,795.0,100.75,286.0,0.806,Body
det,54.1943,1370.75,785.38,32.5,39.25,0.671,Head
cover,54.2236,2,1,1,1
err,54.2236,110.5,6.2
timing,54.2236,2.0,25.0
gate,54.2236,132.7,0.0,0.0,0.0
det,54.2236,1374.38,784.75,32.25,39.0,0.842,Head
det,54.2236,1343.12,789.0,106.75,297.0,0.721,Body
cover,54.2539,2,1,1,1
err,54.2539,117.25,7.2
timing,54.2539,1.9,26.1
gate,54.2539,132.7,0.0,0.0,0.0
det,54.2539,1352.88,797.5,99.25,286.5,0.817,Body
det,54.2539,1381.5,785.75,31.5,39.0,0.812,Head
cover,54.2858,2,1,1,1
err,54.2859,118.5,7.2
timing,54.2859,3.6,26.0
gate,54.2858,132.7,0.0,0.0,0.0
det,54.2859,1355.12,798.0,98.75,282.0,0.815,Body
det,54.2859,1382.62,785.75,31.75,39.0,0.703,Head
cover,54.3132,2,1,1,1
err,54.3133,118.5,7.2
timing,54.3133,1.8,23.4
gate,54.3133,132.7,0.0,0.0,0.0
det,54.3133,1355.12,798.0,98.75,282.0,0.815,Body
det,54.3133,1382.62,785.75,31.75,39.0,0.703,Head
cover,54.3438,1,0,1,0
nearest,54.3438,-1
cover,54.374,2,1,1,1
err,54.3741,118.5,6.96
timing,54.3741,3.2,25.6
gate,54.3741,132.7,0.0,0.0,0.0
det,54.3741,1355.0,799.5,98.0,280.0,0.822,Body
det,54.3741,1382.5,785.38,32.0,39.25,0.524,Head
cover,54.4018,1,0,1,0
nearest,54.4018,-1
cover,54.4315,1,0,1,0
nearest,54.4315,-1
cover,54.4604,2,1,1,1
err,54.4604,118.25,7.2
timing,54.4604,2.6,25.6
gate,54.4604,132.7,0.0,0.0,0.0
det,54.4604,1354.88,797.5,98.25,282.5,0.797,Body
det,54.4604,1382.5,785.75,31.5,39.0,0.545,Head
cover,54.4902,2,1,1,1
err,54.4902,118.0,7.46
timing,54.4902,1.8,25.5
gate,54.4902,132.7,0.0,0.0,0.0
det,54.4902,1355.12,798.12,97.75,282.75,0.815,Body
det,54.4902,1382.12,785.88,31.75,39.25,0.576,Head
cover,54.5212,2,1,1,1
err,54.5212,118.25,7.46
timing,54.5212,1.5,26.9
gate,54.5212,132.7,0.0,0.0,0.0
det,54.5212,1354.62,796.5,97.75,283.5,0.781,Body
det,54.5212,1382.25,785.88,32.0,39.25,0.683,Head
cover,54.5515,2,1,1,1
err,54.5515,118.0,7.73
timing,54.5515,4.5,23.5
gate,54.5515,132.7,0.0,0.0,0.0
det,54.5515,1354.5,797.5,97.5,282.5,0.781,Body
det,54.5515,1382.12,786.0,31.75,39.5,0.687,Head
cover,54.5811,2,1,1,1
err,54.5812,118.25,7.73
timing,54.5812,2.2,25.3
gate,54.5812,132.7,0.0,0.0,0.0
det,54.5812,1354.75,797.5,97.5,282.5,0.798,Body
det,54.5812,1382.25,786.0,32.0,39.5,0.684,Head
cover,54.6128,2,1,1,1
err,54.6128,118.0,7.73
timing,54.6128,1.8,26.9
gate,54.6128,132.7,0.0,0.0,0.0
det,54.6128,1354.5,798.5,97.5,280.5,0.804,Body
det,54.6128,1381.88,786.0,32.25,39.5,0.768,Head
cover,54.6429,2,1,1,1
err,54.6429,118.0,7.46
timing,54.6429,2.1,25.7
gate,54.6429,132.7,0.0,0.0,0.0
det,54.6429,1354.5,799.0,98.0,280.0,0.806,Body
det,54.6429,1381.88,785.88,32.25,39.25,0.765,Head
cover,54.6719,2,1,1,1
err,54.6719,118.25,7.94
timing,54.6719,1.7,25.0
gate,54.6719,132.7,0.0,0.0,0.0
det,54.6719,1355.12,800.5,97.75,278.0,0.798,Body
det,54.6719,1382.25,786.62,32.0,38.75,0.786,Head
cover,54.7025,2,1,1,1
err,54.7026,118.0,7.94
timing,54.7026,4.2,23.7
gate,54.7026,132.7,0.0,0.0,0.0
det,54.7026,1354.88,801.0,98.25,277.5,0.804,Body
det,54.7026,1381.88,786.62,32.25,38.75,0.792,Head
cover,54.7297,2,1,1,1
err,54.7297,118.0,7.94
timing,54.7297,1.8,23.0
gate,54.7297,132.7,0.0,0.0,0.0
det,54.7297,1354.75,800.0,98.5,278.5,0.805,Body
det,54.7297,1382.0,786.62,32.0,38.75,0.792,Head
cover,54.7583,2,1,1,1
err,54.7583,118.0,7.92
timing,54.7583,2.4,24.4
gate,54.7583,132.7,0.0,0.0,0.0
det,54.7583,1354.75,800.0,98.5,279.5,0.811,Body
det,54.7583,1381.88,786.75,32.25,38.5,0.799,Head
cover,54.7858,2,1,1,1
err,54.7859,118.0,7.94
timing,54.7859,1.5,23.5
gate,54.7859,132.7,0.0,0.0,0.0
det,54.7859,1354.62,801.12,98.75,278.75,0.809,Body
det,54.7859,1381.88,786.62,32.25,38.75,0.758,Head
cover,54.8164,2,1,1,1
err,54.8164,118.0,7.95
timing,54.8164,2.5,26.0
gate,54.8164,132.7,0.0,0.0,0.0
det,54.8164,1355.0,800.0,98.0,279.5,0.797,Body
det,54.8164,1382.0,786.5,32.0,39.0,0.767,Head
cover,54.8481,2,1,1,1
err,54.8482,118.0,7.95
timing,54.8482,2.6,26.8
gate,54.8482,132.7,0.0,0.0,0.0
det,54.8482,1354.62,799.0,98.75,280.0,0.801,Body
det,54.8482,1381.88,786.5,32.25,39.0,0.776,Head
cover,54.8775,2,1,1,1
err,54.8775,118.0,8.2
timing,54.8775,1.9,24.8
gate,54.8775,132.7,0.0,0.0,0.0
det,54.8775,1354.12,797.88,98.75,281.25,0.802,Body
det,54.8775,1382.0,786.75,32.0,39.0,0.758,Head
cover,54.9084,2,1,1,1
err,54.9085,118.0,8.2
timing,54.9085,2.1,26.3
gate,54.9085,132.7,0.0,0.0,0.0
det,54.9085,1354.0,798.5,99.5,280.5,0.806,Body
det,54.9085,1382.0,786.75,32.0,39.0,0.774,Head
cover,54.9384,2,1,1,1
err,54.9384,118.0,8.23
timing,54.9384,2.3,25.1
gate,54.9384,132.7,0.0,0.0,0.0
det,54.9384,1354.38,801.0,99.25,277.5,0.815,Body
det,54.9384,1382.0,786.5,32.0,39.5,0.709,Head
cover,54.9711,2,1,1,1
err,54.9711,118.0,8.2
timing,54.9711,4.6,25.8
gate,54.9711,132.7,0.0,0.0,0.0
det,54.9711,1354.25,801.12,99.5,277.75,0.819,Body
det,54.9711,1382.0,786.75,32.0,39.0,0.671,Head
cover,55.0028,2,1,1,1
err,55.0029,118.0,8.2
timing,55.0029,3.2,26.2
gate,55.0029,132.7,0.0,0.0,0.0
det,55.0029,1354.12,801.12,99.75,277.75,0.818,Body
det,55.0029,1382.0,786.75,32.0,39.0,0.656,Head
cover,55.0311,2,1,1,1
err,55.0311,118.0,8.44
timing,55.0311,1.8,24.2
gate,55.0311,132.7,0.0,0.0,0.0
det,55.0311,1354.12,801.0,99.75,279.0,0.814,Body
det,55.0311,1382.0,787.12,32.0,38.75,0.662,Head
cover,55.0588,2,1,1,1
err,55.0589,118.0,8.44
timing,55.0589,2.1,23.7
gate,55.0589,132.7,0.0,0.0,0.0
det,55.0589,1353.88,799.5,100.25,280.5,0.808,Body
det,55.0589,1382.0,787.12,32.0,38.75,0.687,Head
cover,55.0888,2,1,1,1
err,55.0889,118.5,7.91
timing,55.0889,2.1,25.1
gate,55.0889,132.7,0.0,0.0,0.0
det,55.0889,1353.88,802.0,100.25,278.0,0.819,Body
det,55.0889,1382.38,786.88,32.25,38.25,0.712,Head
cover,55.1223,2,1,1,1
err,55.1223,118.5,7.91
timing,55.1223,2.9,28.0
gate,55.1223,132.7,0.0,0.0,0.0
det,55.1223,1354.12,802.5,99.75,277.0,0.831,Body
det,55.1223,1382.38,786.88,32.25,38.25,0.588,Head
cover,55.1551,2,1,1,1
err,55.1552,118.25,7.91
timing,55.1552,3.0,26.9
gate,55.1552,132.7,0.0,0.0,0.0
det,55.1552,1354.12,802.12,99.75,277.75,0.825,Body
det,55.1552,1382.25,786.88,32.0,38.25,0.535,Head
cover,55.1836,2,1,1,1
err,55.1836,114.5,8.12
timing,55.1836,3.1,23.3
gate,55.1836,132.7,0.0,0.0,0.0
det,55.1836,1349.12,799.0,102.75,280.0,0.804,Body
det,55.1836,1378.62,787.5,31.75,37.5,0.684,Head
cover,55.2127,2,1,1,1
err,55.2127,113.5,8.12
timing,55.2127,2.6,24.4
gate,55.2127,132.7,0.0,0.0,0.0
det,55.2127,1377.62,787.5,31.75,37.5,0.773,Head
det,55.2127,1349.5,782.88,104.0,291.25,0.708,Body
cover,55.244,2,1,1,1
err,55.2441,113.0,8.39
timing,55.2441,2.1,26.8
gate,55.2441,132.7,0.0,0.0,0.0
det,55.2441,1377.25,787.62,31.5,37.75,0.842,Head
det,55.2441,1348.0,788.62,103.0,285.75,0.675,Body
cover,55.2732,2,1,1,1
err,55.2732,113.0,8.65
timing,55.2732,2.5,24.1
gate,55.2732,132.7,0.0,0.0,0.0
det,55.2732,1377.25,787.75,31.5,38.0,0.795,Head
det,55.2732,1347.62,789.0,102.75,285.0,0.67,Body
cover,55.3035,2,1,1,1
err,55.3036,111.0,7.95
timing,55.3036,3.2,24.6
gate,55.3036,132.7,0.0,0.0,0.0
det,55.3036,1375.0,786.5,32.0,39.0,0.776,Head
det,55.3036,1352.12,820.62,94.75,263.75,0.631,Body
cover,55.3327,2,1,1,1
err,55.3327,111.0,7.95
timing,55.3327,1.9,25.2
gate,55.3327,132.7,0.0,0.0,0.0
det,55.3327,1374.75,786.5,32.5,39.0,0.792,Head
det,55.3327,1346.12,784.5,102.75,297.5,0.622,Body
cover,55.3618,1,0,1,0
nearest,55.3618,-1
cover,55.3889,1,0,1,0
nearest,55.3889,-1
cover,55.4138,2,1,1,1
err,55.4138,112.0,20.9
timing,55.4138,1.8,22.5
gate,55.4138,132.7,0.0,0.0,0.0
det,55.4138,1353.38,886.0,93.25,214.0,0.793,Body
det,55.4138,1375.38,800.0,33.25,38.0,0.669,Head
cover,55.4425,1,0,1,0
nearest,55.4425,-1
cover,55.4719,2,1,1,1
err,55.4719,111.25,16.2
timing,55.4719,2.4,25.6
gate,55.4719,132.7,0.0,0.0,0.0
det,55.4719,1375.0,794.75,32.5,39.0,0.76,Head
det,55.4719,1344.38,798.38,107.25,300.25,0.688,Body
cover,55.5041,2,1,1,1
err,55.5041,111.5,12.35
timing,55.5041,3.5,26.7
gate,55.5041,132.7,0.0,0.0,0.0
det,55.5041,1374.88,792.0,33.25,37.0,0.783,Head
det,55.5041,1345.5,795.0,105.5,298.0,0.768,Body
cover,55.5346,2,1,1,1
err,55.5347,111.0,11.08
timing,55.5347,2.3,25.6
gate,55.5347,132.7,0.0,0.0,0.0
det,55.5347,1374.62,791.0,32.75,36.5,0.743,Head
det,55.5347,1346.38,791.0,104.25,303.5,0.704,Body
cover,55.5649,2,1,1,1
err,55.5649,111.0,9.36
timing,55.5649,2.1,26.1
gate,55.5649,132.7,0.0,0.0,0.0
det,55.5649,1352.5,850.0,94.0,237.0,0.765,Body
det,55.5649,1375.62,788.88,30.75,37.25,0.645,Head
cover,55.5955,2,1,1,1
err,55.5955,106.75,9.36
timing,55.5955,2.3,26.1
gate,55.5955,132.7,0.0,0.0,0.0
det,55.5955,1371.25,788.88,31.0,37.25,0.847,Head
det,55.5955,1344.38,785.0,102.25,293.5,0.754,Body
cover,55.6253,2,1,1,1
err,55.6253,106.5,8.89
timing,55.6253,1.7,25.4
gate,55.6253,132.7,0.0,0.0,0.0
det,55.6253,1341.5,797.0,102.0,286.0,0.816,Body
det,55.6253,1370.5,788.12,32.0,37.75,0.659,Head
cover,55.654,2,1,1,1
err,55.654,106.0,7.65
timing,55.654,1.7,24.5
gate,55.654,132.7,0.0,0.0,0.0
det,55.654,1370.12,786.75,31.75,38.0,0.731,Head
det,55.654,1349.12,858.5,90.75,215.0,0.706,Body
cover,55.6839,2,1,1,1
err,55.6839,106.0,7.44
timing,55.6839,1.8,25.8
gate,55.6839,132.7,0.0,0.0,0.0
det,55.6839,1370.0,786.12,32.0,38.75,0.781,Head
det,55.6839,1348.5,832.0,92.5,240.5,0.669,Body
cover,55.7128,2,1,1,1
err,55.7128,106.0,7.2
timing,55.7128,1.5,25.2
gate,55.7128,132.7,0.0,0.0,0.0
det,55.7128,1370.0,785.75,32.0,39.0,0.747,Head
det,55.7128,1348.12,821.38,92.75,251.25,0.62,Body
cover,55.7423,2,1,1,1
err,55.7424,106.0,7.44
timing,55.7424,1.5,25.8
gate,55.7424,132.7,0.0,0.0,0.0
det,55.7424,1370.0,786.12,32.0,38.75,0.779,Head
det,55.7424,1348.25,823.5,93.0,249.5,0.624,Body
cover,55.7728,2,1,1,1
err,55.7728,106.0,7.45
timing,55.7728,1.5,26.6
gate,55.7728,132.7,0.0,0.0,0.0
det,55.7728,1370.0,786.0,32.0,39.0,0.763,Head
det,55.7728,1348.0,818.0,93.5,255.0,0.599,Body
cover,55.8064,2,1,1,1
err,55.8065,101.5,6.15
timing,55.8065,4.8,26.5
gate,55.8065,132.7,0.0,0.0,0.0
det,55.8065,1336.38,796.0,99.25,278.0,0.859,Body
det,55.8065,1364.5,785.25,34.0,38.0,0.678,Head
cover,55.8368,2,1,1,1
err,55.8368,102.0,5.94
timing,55.8368,4.4,23.5
gate,55.8368,132.7,0.0,0.0,0.0
det,55.8368,1336.5,795.5,99.5,278.0,0.863,Body
det,55.8368,1365.62,784.62,32.75,38.75,0.757,Head
cover,55.865,1,0,1,0
nearest,55.8651,-1
cover,55.894,1,0,1,0
nearest,55.894,-1
cover,55.9226,2,1,1,1
err,55.9226,85.0,-1.61
timing,55.9226,3.6,24.5
gate,55.9226,132.7,0.0,0.0,0.0
det,55.9226,1349.38,777.62,31.25,37.75,0.716,Head
det,55.9226,1325.75,822.5,97.0,246.0,0.708,Body
cover,55.9503,2,1,1,1
err,55.9503,85.0,-1.85
timing,55.9503,2.8,22.6
gate,55.9503,132.7,0.0,0.0,0.0
det,55.9503,1321.38,783.0,100.25,282.0,0.735,Body
det,55.9503,1349.38,777.25,31.25,38.0,0.667,Head
cover,55.9809,2,1,1,1
err,55.981,85.0,-2.14
timing,55.981,1.7,26.3
gate,55.981,132.7,0.0,0.0,0.0
det,55.981,1321.0,783.0,100.5,282.0,0.74,Body
det,55.981,1349.5,777.38,31.0,37.25,0.714,Head
lmb,56.0149,1
cover,56.0164,2,1,1,1
err,56.0164,85.0,-1.9
timing,56.0164,2.0,29.5
gate,56.0164,85.0,1.0,0.0,0.0
det,56.0164,1321.25,785.0,100.5,281.0,0.757,Body
det,56.0164,1349.5,777.75,31.0,37.0,0.691,Head
cmd,56.0164,114,-3
lmb,56.0488,0
cover,56.0501,2,1,1,1
err,56.0502,85.0,-1.9
timing,56.0502,2.2,27.7
gate,56.0502,85.0,1.0,0.246,0.0
det,56.0502,1321.0,785.0,100.5,281.0,0.77,Body
det,56.0502,1349.5,777.75,31.0,37.0,0.7,Head
cover,56.0808,2,1,1,1
err,56.0809,85.0,-1.88
timing,56.0809,2.1,26.2
gate,56.0809,85.0,1.0,0.216,0.0
det,56.0809,1321.25,784.5,100.0,280.5,0.758,Body
det,56.0809,1349.38,777.5,31.25,37.5,0.718,Head
cover,56.1116,1,0,1,0
nearest,56.1116,-1
cover,56.1416,1,0,1,0
nearest,56.1416,-1
cover,56.1706,1,0,1,0
nearest,56.1706,-1
cover,56.1986,1,0,1,0
nearest,56.1986,-1
cover,56.2269,1,0,1,0
nearest,56.2269,-1
nail,56.2519,1
cover,56.2527,1,0,1,0
nearest,56.2527,-1
cover,56.2807,1,0,1,0
nearest,56.2807,-1
cover,56.3075,1,0,1,0
nearest,56.3075,-1
cover,56.3324,1,0,1,0
nearest,56.3325,-1
cover,56.3618,1,0,1,0
nearest,56.3618,-1
cover,56.39,1,0,1,0
nearest,56.39,-1
cover,56.4178,1,0,1,0
nearest,56.4179,-1
cover,56.4474,1,0,1,0
nearest,56.4474,-1
cover,56.4748,1,0,1,0
nearest,56.4748,-1
cover,56.5022,1,0,1,0
nearest,56.5022,-1
nail,56.5298,0
cover,56.5307,1,0,1,0
nearest,56.5307,-1
cover,56.5572,1,0,1,0
nearest,56.5572,-1
cover,56.5825,1,0,1,0
nearest,56.5826,-1
cover,56.6113,1,0,1,0
nearest,56.6113,-1
cover,56.6386,1,0,1,0
nearest,56.6386,-1
cover,56.6654,1,0,1,0
nearest,56.6654,-1
cover,56.6926,1,0,1,0
nearest,56.6927,-1
cover,56.7215,1,0,1,0
nearest,56.7215,-1
cover,56.7471,1,0,1,0
nearest,56.7471,-1
cover,56.7748,1,0,1,0
nearest,56.7748,-1
cover,56.8002,1,0,1,0
nearest,56.8002,-1
cover,56.8274,1,0,1,0
nearest,56.8274,-1
cover,56.8549,1,0,1,0
nearest,56.8549,-1
lmb,56.8808,1
cover,56.8819,1,0,1,0
nearest,56.8819,-1
cover,56.9076,1,0,1,0
nearest,56.9076,-1
cover,56.9345,1,0,1,0
nearest,56.9345,-1
lmb,56.963,0
cover,56.9641,1,0,1,0
nearest,56.9641,-1
cover,56.9913,1,0,1,0
nearest,56.9913,-1
nail,57.016,1
cover,57.0171,1,0,1,0
nearest,57.0171,-1
cover,57.0448,1,0,1,0
nearest,57.0448,-1
cover,57.0748,1,0,1,0
nearest,57.0748,-1
cover,57.0991,1,0,1,0
nearest,57.0991,-1
cover,57.1299,1,0,1,0
nearest,57.1299,-1
cover,57.1581,1,0,1,0
nearest,57.1581,-1
cover,57.1832,1,0,1,0
nearest,57.1833,-1
cover,57.2117,1,0,1,0
nearest,57.2117,-1
nail,57.2379,0
cover,57.2391,2,1,1,1
err,57.2392,1.0,20.67
timing,57.2392,3.6,22.0
gate,57.2392,20.7,0.0,0.0,0.0
det,57.2392,1237.5,854.0,98.5,242.0,0.744,Body
det,57.2392,1264.88,799.5,32.25,38.5,0.708,Head
cover,57.2686,1,0,1,0
nearest,57.2686,-1
cover,57.2967,0,0,0,0
nearest,57.2968,-1
cover,57.3248,0,0,0,0
nearest,57.3248,-1
cover,57.3499,0,0,0,0
nearest,57.3499,-1
cover,57.3785,0,0,0,0
nearest,57.3785,-1
cover,57.4053,0,0,0,0
nearest,57.4053,-1
cover,57.433,0,0,0,0
nearest,57.433,-1
cover,57.4605,0,0,0,0
nearest,57.4605,-1
cover,57.4874,0,0,0,0
nearest,57.4874,-1
cover,57.5149,0,0,0,0
nearest,57.5149,-1
cover,57.542,1,0,1,0
nearest,57.542,-1
cover,57.5713,1,0,1,0
nearest,57.5713,-1
cover,57.599,1,0,1,0
nearest,57.599,-1
cover,57.6264,1,0,1,0
nearest,57.6265,-1
cover,57.6532,0,0,0,0
nearest,57.6532,-1
cover,57.6829,0,0,0,0
nearest,57.6829,-1
cover,57.71,0,0,0,0
nearest,57.71,-1
cover,57.7346,0,0,0,0
nearest,57.7346,-1
cover,57.7619,1,0,1,0
nearest,57.762,-1
cover,57.7925,2,0,2,0
nearest,57.7925,-1
cover,57.821,0,0,0,0
nearest,57.821,-1
cover,57.8502,1,0,1,0
nearest,57.8502,-1
cover,57.8786,1,0,1,0
nearest,57.8786,-1
cover,57.904,0,0,0,0
nearest,57.904,-1
cover,57.9327,0,0,0,0
nearest,57.9328,-1
cover,57.9603,0,0,0,0
nearest,57.9603,-1
cover,57.9861,1,0,1,0
nearest,57.9861,-1
cover,58.0158,0,0,0,0
nearest,58.0158,-1
cover,58.0438,0,0,0,0
nearest,58.0439,-1
cover,58.0693,0,0,0,0
nearest,58.0693,-1
cover,58.0982,1,0,1,0
nearest,58.0982,-1
cover,58.1272,1,0,1,0
nearest,58.1272,-1
cover,58.1547,0,0,0,0
nearest,58.1547,-1
cover,58.1847,1,0,1,0
nearest,58.1847,-1
cover,58.2133,1,0,1,0
nearest,58.2133,-1
cover,58.2381,0,0,0,0
nearest,58.2382,-1
cover,58.2671,1,0,1,0
nearest,58.2671,-1
cover,58.2965,1,0,1,0
nearest,58.2965,-1
cover,58.3224,1,0,1,0
nearest,58.3224,-1
cover,58.3504,1,0,1,0
nearest,58.3505,-1
cover,58.3772,0,0,0,0
nearest,58.3772,-1
cover,58.4042,1,0,1,0
nearest,58.4043,-1
cover,58.4329,1,0,1,0
nearest,58.4329,-1
cover,58.4611,1,0,1,0
nearest,58.4611,-1
cover,58.487,1,0,1,0
nearest,58.487,-1
cover,58.5141,0,0,0,0
nearest,58.5141,-1
cover,58.5439,0,0,0,0
nearest,58.5439,-1
cover,58.5689,0,0,0,0
nearest,58.5689,-1
cover,58.5965,0,0,0,0
nearest,58.5965,-1
cover,58.6214,0,0,0,0
nearest,58.6214,-1
cover,58.6499,0,0,0,0
nearest,58.6499,-1
cover,58.678,0,0,0,0
nearest,58.678,-1
cover,58.7026,0,0,0,0
nearest,58.7026,-1
cover,58.7296,0,0,0,0
nearest,58.7296,-1
cover,58.7545,1,0,1,0
nearest,58.7546,-1
cover,58.7836,0,0,0,0
nearest,58.7836,-1
cover,58.8135,0,0,0,0
nearest,58.8135,-1
cover,58.8369,0,0,0,0
nearest,58.8369,-1
cover,58.8651,1,0,1,0
nearest,58.8651,-1
cover,58.8951,0,0,0,0
nearest,58.8951,-1
cover,58.9266,0,0,0,0
nearest,58.9266,-1
cover,58.9535,0,0,0,0
nearest,58.9535,-1
cover,58.9819,0,0,0,0
nearest,58.9819,-1
cover,59.0065,0,0,0,0
nearest,59.0065,-1
cover,59.0361,0,0,0,0
nearest,59.0362,-1
cover,59.0673,0,0,0,0
nearest,59.0673,-1
cover,59.094,0,0,0,0
nearest,59.0941,-1
cover,59.1192,1,0,1,0
nearest,59.1192,-1
cover,59.1471,0,0,0,0
nearest,59.1471,-1
cover,59.1731,0,0,0,0
nearest,59.1731,-1
cover,59.2008,0,0,0,0
nearest,59.2009,-1
cover,59.2272,0,0,0,0
nearest,59.2272,-1
cover,59.2526,0,0,0,0
nearest,59.2526,-1
cover,59.281,0,0,0,0
nearest,59.281,-1
cover,59.3059,1,0,1,0
nearest,59.3059,-1
cover,59.3349,1,0,1,0
nearest,59.335,-1
cover,59.3637,0,0,0,0
nearest,59.3637,-1
cover,59.3918,1,0,1,0
nearest,59.3919,-1
cover,59.4185,0,0,0,0
nearest,59.4185,-1
cover,59.4478,0,0,0,0
nearest,59.4478,-1
cover,59.4761,0,0,0,0
nearest,59.4761,-1
cover,59.501,0,0,0,0
nearest,59.5011,-1
cover,59.5276,0,0,0,0
nearest,59.5276,-1
cover,59.5523,1,0,1,0
nearest,59.5523,-1
cover,59.5788,1,0,1,0
nearest,59.5788,-1
cover,59.6045,1,0,1,0
nearest,59.6046,-1
cover,59.6332,1,0,1,0
nearest,59.6332,-1
cover,59.6617,0,0,0,0
nearest,59.6617,-1
cover,59.6889,1,0,1,0
nearest,59.6889,-1
cover,59.7189,1,0,1,0
nearest,59.719,-1
cover,59.7477,0,0,0,0
nearest,59.7477,-1
cover,59.7758,1,0,1,0
nearest,59.7758,-1
cover,59.8032,0,0,0,0
nearest,59.8032,-1
cover,59.8316,1,0,1,0
nearest,59.8316,-1
cover,59.8611,1,0,1,0
nearest,59.8611,-1
cover,59.8874,0,0,0,0
nearest,59.8875,-1
cover,59.9162,1,0,1,0
nearest,59.9163,-1
cover,59.9446,0,0,0,0
nearest,59.9446,-1
cover,59.9706,1,0,1,0
nearest,59.9706,-1
cover,59.9974,1,0,1,0
nearest,59.9974,-1
cover,60.0221,0,0,0,0
nearest,60.0221,-1
cover,60.0516,0,0,0,0
nearest,60.0516,-1
cover,60.0793,0,0,0,0
nearest,60.0793,-1
cover,60.1045,1,0,1,0
nearest,60.1045,-1
cover,60.1321,0,0,0,0
nearest,60.1322,-1
cover,60.1594,1,0,1,0
nearest,60.1594,-1
cover,60.1882,1,0,1,0
nearest,60.1882,-1
cover,60.2179,1,0,1,0
nearest,60.218,-1
cover,60.2447,1,0,1,0
nearest,60.2447,-1
cover,60.2701,0,0,0,0
nearest,60.2701,-1
cover,60.2985,2,0,2,0
nearest,60.2985,-1
cover,60.328,2,0,2,0
nearest,60.328,-1
cover,60.3529,2,0,2,0
nearest,60.3529,-1
cover,60.3804,2,0,2,0
nearest,60.3804,-1
cover,60.4056,2,0,2,0
nearest,60.4056,-1
cover,60.435,1,0,1,0
nearest,60.435,-1
cover,60.4613,1,0,1,0
nearest,60.4614,-1
cover,60.4864,1,0,1,0
nearest,60.4864,-1
cover,60.5155,1,0,1,0
nearest,60.5155,-1
cover,60.5404,1,0,1,0
nearest,60.5404,-1
cover,60.568,1,0,1,0
nearest,60.568,-1
cover,60.5955,1,0,1,0
nearest,60.5955,-1
cover,60.6186,0,0,0,0
nearest,60.6186,-1
cover,60.6449,0,0,0,0
nearest,60.645,-1
cover,60.6695,0,0,0,0
nearest,60.6695,-1
cover,60.6964,0,0,0,0
nearest,60.6965,-1
cover,60.7217,0,0,0,0
nearest,60.7217,-1
cover,60.7502,0,0,0,0
nearest,60.7502,-1
cover,60.7779,0,0,0,0
nearest,60.7779,-1
cover,60.8049,0,0,0,0
nearest,60.8049,-1
cover,60.8341,0,0,0,0
nearest,60.8341,-1
cover,60.8619,0,0,0,0
nearest,60.8619,-1
cover,60.8869,0,0,0,0
nearest,60.8869,-1
cover,60.915,0,0,0,0
nearest,60.915,-1
cover,60.9411,0,0,0,0
nearest,60.9412,-1
cover,60.9686,0,0,0,0
nearest,60.9686,-1
cover,60.9978,0,0,0,0
nearest,60.9978,-1
cover,61.0278,0,0,0,0
nearest,61.0279,-1
cover,61.0552,0,0,0,0
nearest,61.0552,-1
cover,61.0829,0,0,0,0
nearest,61.0829,-1
cover,61.1115,0,0,0,0
nearest,61.1115,-1
cover,61.1392,0,0,0,0
nearest,61.1392,-1
cover,61.1702,0,0,0,0
nearest,61.1702,-1
cover,61.1981,0,0,0,0
nearest,61.1981,-1
cover,61.2256,0,0,0,0
nearest,61.2256,-1
cover,61.2506,0,0,0,0
nearest,61.2506,-1
cover,61.2776,0,0,0,0
nearest,61.2776,-1
cover,61.3011,0,0,0,0
nearest,61.3011,-1
cover,61.3276,0,0,0,0
nearest,61.3276,-1
cover,61.3536,0,0,0,0
nearest,61.3536,-1
cover,61.3817,0,0,0,0
nearest,61.3817,-1
cover,61.4087,0,0,0,0
nearest,61.4087,-1
cover,61.4343,0,0,0,0
nearest,61.4343,-1
cover,61.4606,0,0,0,0
nearest,61.4606,-1
cover,61.4846,0,0,0,0
nearest,61.4847,-1
cover,61.5109,0,0,0,0
nearest,61.5109,-1
cover,61.5342,0,0,0,0
nearest,61.5342,-1
cover,61.5609,0,0,0,0
nearest,61.5609,-1
cover,61.5846,0,0,0,0
nearest,61.5847,-1
cover,61.6109,0,0,0,0
nearest,61.6109,-1
cover,61.6359,0,0,0,0
nearest,61.636,-1
cover,61.6654,0,0,0,0
nearest,61.6655,-1
cover,61.6925,0,0,0,0
nearest,61.6925,-1
cover,61.7188,0,0,0,0
nearest,61.7188,-1
cover,61.7456,0,0,0,0
nearest,61.7456,-1
cover,61.7708,0,0,0,0
nearest,61.7708,-1
cover,61.7983,0,0,0,0
nearest,61.7983,-1
cover,61.8234,0,0,0,0
nearest,61.8234,-1
cover,61.8508,0,0,0,0
nearest,61.8509,-1
cover,61.8775,0,0,0,0
nearest,61.8775,-1
cover,61.9026,0,0,0,0
nearest,61.9026,-1
cover,61.9287,0,0,0,0
nearest,61.9287,-1
cover,61.9534,0,0,0,0
nearest,61.9534,-1
cover,61.9819,0,0,0,0
nearest,61.9819,-1
cover,62.0059,0,0,0,0
nearest,62.0059,-1
cover,62.0332,1,0,1,0
nearest,62.0332,-1
cover,62.0598,1,0,1,0
nearest,62.0598,-1
cover,62.0842,0,0,0,0
nearest,62.0842,-1
cover,62.1179,0,0,0,0
nearest,62.1179,-1
cover,62.1667,0,0,0,0
nearest,62.1667,-1
cover,62.2006,0,0,0,0
nearest,62.2006,-1
cover,62.2277,0,0,0,0
nearest,62.2277,-1
cover,62.2544,0,0,0,0
nearest,62.2545,-1
cover,62.2823,0,0,0,0
nearest,62.2824,-1
cover,62.3092,0,0,0,0
nearest,62.3092,-1
cover,62.335,0,0,0,0
nearest,62.335,-1
cover,62.3616,0,0,0,0
nearest,62.3617,-1
cover,62.3859,0,0,0,0
nearest,62.3859,-1
cover,62.4122,0,0,0,0
nearest,62.4122,-1
cover,62.4367,0,0,0,0
nearest,62.4367,-1
cover,62.463,0,0,0,0
nearest,62.463,-1
cover,62.4867,0,0,0,0
nearest,62.4868,-1
cover,62.5131,0,0,0,0
nearest,62.5131,-1
cover,62.5373,0,0,0,0
nearest,62.5373,-1
cover,62.5658,0,0,0,0
nearest,62.5658,-1
cover,62.5934,0,0,0,0
nearest,62.5935,-1
cover,62.6205,0,0,0,0
nearest,62.6205,-1
cover,62.6467,0,0,0,0
nearest,62.6467,-1
cover,62.672,0,0,0,0
nearest,62.672,-1
cover,62.6995,0,0,0,0
nearest,62.6996,-1
cover,62.7268,0,0,0,0
nearest,62.7268,-1
cover,62.7523,0,0,0,0
nearest,62.7523,-1
cover,62.7788,0,0,0,0
nearest,62.7788,-1
cover,62.8051,0,0,0,0
nearest,62.8052,-1
cover,62.8319,0,0,0,0
nearest,62.8319,-1
cover,62.8597,0,0,0,0
nearest,62.8597,-1
cover,62.8871,0,0,0,0
nearest,62.8871,-1
cover,62.9128,0,0,0,0
nearest,62.9128,-1
cover,62.9364,0,0,0,0
nearest,62.9364,-1
cover,62.9632,0,0,0,0
nearest,62.9632,-1
cover,62.9873,0,0,0,0
nearest,62.9873,-1
cover,63.0139,0,0,0,0
nearest,63.0139,-1
cover,63.0386,0,0,0,0
nearest,63.0386,-1
cover,63.0654,0,0,0,0
nearest,63.0654,-1
cover,63.0914,0,0,0,0
nearest,63.0915,-1
cover,63.1219,0,0,0,0
nearest,63.1219,-1
cover,63.1493,0,0,0,0
nearest,63.1493,-1
cover,63.1791,0,0,0,0
nearest,63.1791,-1
cover,63.2037,0,0,0,0
nearest,63.2037,-1
cover,63.2304,0,0,0,0
nearest,63.2305,-1
cover,63.2553,0,0,0,0
nearest,63.2553,-1
cover,63.2812,0,0,0,0
nearest,63.2812,-1
cover,63.3067,0,0,0,0
nearest,63.3067,-1
cover,63.3335,1,0,1,0
nearest,63.3335,-1
cover,63.3577,1,0,1,0
nearest,63.3578,-1
cover,63.385,0,0,0,0
nearest,63.385,-1
cover,63.4132,0,0,0,0
nearest,63.4133,-1
cover,63.4386,1,0,1,0
nearest,63.4386,-1
cover,63.4679,1,0,1,0
nearest,63.4679,-1
cover,63.4944,1,0,1,0
nearest,63.4944,-1
cover,63.5208,0,0,0,0
nearest,63.5208,-1
cover,63.5492,1,0,1,0
nearest,63.5493,-1
cover,63.5758,0,0,0,0
nearest,63.5758,-1
cover,63.6054,0,0,0,0
nearest,63.6055,-1
cover,63.633,0,0,0,0
nearest,63.633,-1
cover,63.659,0,0,0,0
nearest,63.659,-1
cover,63.6868,0,0,0,0
nearest,63.6868,-1
cover,63.714,0,0,0,0
nearest,63.714,-1
cover,63.7391,0,0,0,0
nearest,63.7391,-1
cover,63.7671,0,0,0,0
nearest,63.7671,-1
cover,63.7917,0,0,0,0
nearest,63.7917,-1
cover,63.8193,1,0,1,0
nearest,63.8193,-1
cover,63.8498,1,0,1,0
nearest,63.8498,-1
cover,63.8754,1,0,1,0
nearest,63.8754,-1
cover,63.903,0,0,0,0
nearest,63.903,-1
cover,63.932,0,0,0,0
nearest,63.932,-1
cover,63.9571,0,0,0,0
nearest,63.9571,-1
cover,63.9846,0,0,0,0
nearest,63.9846,-1
cover,64.0132,2,0,2,0
nearest,64.0133,-1
cover,64.0401,1,0,1,0
nearest,64.0401,-1
cover,64.0693,1,0,1,0
nearest,64.0693,-1
cover,64.0964,0,0,0,0
nearest,64.0964,-1
cover,64.1241,1,0,1,0
nearest,64.1242,-1
cover,64.1526,0,0,0,0
nearest,64.1526,-1
cover,64.1802,0,0,0,0
nearest,64.1802,-1
cover,64.2047,0,0,0,0
nearest,64.2047,-1
cover,64.2313,0,0,0,0
nearest,64.2313,-1
cover,64.261,0,0,0,0
nearest,64.261,-1
cover,64.2871,0,0,0,0
nearest,64.2871,-1
cover,64.3148,0,0,0,0
nearest,64.3148,-1
cover,64.341,0,0,0,0
nearest,64.341,-1
cover,64.368,0,0,0,0
nearest,64.368,-1
cover,64.3947,0,0,0,0
nearest,64.3947,-1
cover,64.4204,0,0,0,0
nearest,64.4204,-1
cover,64.4481,0,0,0,0
nearest,64.4481,-1
cover,64.4722,0,0,0,0
nearest,64.4722,-1
cover,64.5008,0,0,0,0
nearest,64.5008,-1
cover,64.5254,0,0,0,0
nearest,64.5255,-1
cover,64.5536,0,0,0,0
nearest,64.5536,-1
cover,64.5801,0,0,0,0
nearest,64.5801,-1
cover,64.6041,0,0,0,0
nearest,64.6041,-1
cover,64.6324,0,0,0,0
nearest,64.6324,-1
cover,64.6579,0,0,0,0
nearest,64.658,-1
cover,64.6863,0,0,0,0
nearest,64.6864,-1
cover,64.7138,1,0,1,0
nearest,64.7138,-1
cover,64.7405,0,0,0,0
nearest,64.7406,-1
cover,64.7697,0,0,0,0
nearest,64.7697,-1
cover,64.7965,0,0,0,0
nearest,64.7965,-1
cover,64.8206,0,0,0,0
nearest,64.8206,-1
cover,64.8466,0,0,0,0
nearest,64.8467,-1
cover,64.8714,0,0,0,0
nearest,64.8715,-1
cover,64.8975,0,0,0,0
nearest,64.8975,-1
cover,64.9282,0,0,0,0
nearest,64.9283,-1
cover,64.9539,0,0,0,0
nearest,64.9539,-1
cover,64.9807,0,0,0,0
nearest,64.9807,-1
cover,65.0061,0,0,0,0
nearest,65.0061,-1
cover,65.0333,0,0,0,0
nearest,65.0333,-1
cover,65.0587,0,0,0,0
nearest,65.0587,-1
cover,65.0881,0,0,0,0
nearest,65.0881,-1
cover,65.1165,1,0,1,0
nearest,65.1165,-1
cover,65.1469,1,0,1,0
nearest,65.1469,-1
cover,65.1716,0,0,0,0
nearest,65.1716,-1
cover,65.202,0,0,0,0
nearest,65.202,-1
cover,65.2316,0,0,0,0
nearest,65.2316,-1
cover,65.2567,0,0,0,0
nearest,65.2567,-1
cover,65.2836,1,0,1,0
nearest,65.2836,-1
cover,65.3114,1,0,1,0
nearest,65.3114,-1
cover,65.3374,1,0,1,0
nearest,65.3374,-1
cover,65.3654,1,0,1,0
nearest,65.3654,-1
cover,65.3918,1,0,1,0
nearest,65.3919,-1
cover,65.4196,0,0,0,0
nearest,65.4196,-1
cover,65.4506,1,0,1,0
nearest,65.4506,-1
cover,65.48,1,0,1,0
nearest,65.48,-1
cover,65.5092,1,0,1,0
nearest,65.5093,-1
cover,65.5373,1,0,1,0
nearest,65.5374,-1
cover,65.566,1,0,1,0
nearest,65.566,-1
cover,65.5911,1,0,1,0
nearest,65.5911,-1
cover,65.6188,1,0,1,0
nearest,65.6188,-1
cover,65.6453,1,0,1,0
nearest,65.6453,-1
cover,65.6711,1,0,1,0
nearest,65.6711,-1
cover,65.6976,1,0,1,0
nearest,65.6977,-1
cover,65.7221,1,0,1,0
nearest,65.7221,-1
cover,65.7486,1,0,1,0
nearest,65.7486,-1
cover,65.7741,1,0,1,0
nearest,65.7741,-1
cover,65.8041,1,0,1,0
nearest,65.8041,-1
cover,65.831,1,0,1,0
nearest,65.831,-1
cover,65.8549,1,0,1,0
nearest,65.855,-1
cover,65.8824,1,0,1,0
nearest,65.8824,-1
cover,65.907,1,0,1,0
nearest,65.907,-1
cover,65.9347,1,0,1,0
nearest,65.9347,-1
cover,65.9601,1,0,1,0
nearest,65.9601,-1
cover,65.9872,1,0,1,0
nearest,65.9873,-1
cover,66.0142,0,0,0,0
nearest,66.0142,-1
cover,66.041,1,0,1,0
nearest,66.041,-1
cover,66.0691,1,0,1,0
nearest,66.0692,-1
cover,66.0977,1,0,1,0
nearest,66.0977,-1
cover,66.1255,1,0,1,0
nearest,66.1255,-1
cover,66.1547,1,0,1,0
nearest,66.1548,-1
cover,66.1805,0,0,0,0
nearest,66.1805,-1
cover,66.208,1,0,1,0
nearest,66.208,-1
cover,66.2365,1,0,1,0
nearest,66.2365,-1
cover,66.2642,1,0,1,0
nearest,66.2643,-1
cover,66.2901,0,0,0,0
nearest,66.2901,-1
cover,66.3192,0,0,0,0
nearest,66.3192,-1
cover,66.3454,0,0,0,0
nearest,66.3454,-1
cover,66.3714,0,0,0,0
nearest,66.3715,-1
cover,66.4,0,0,0,0
nearest,66.4001,-1
cover,66.4242,0,0,0,0
nearest,66.4242,-1
cover,66.4507,0,0,0,0
nearest,66.4508,-1
cover,66.4759,0,0,0,0
nearest,66.4759,-1
cover,66.5024,0,0,0,0
nearest,66.5024,-1
cover,66.5304,0,0,0,0
nearest,66.5304,-1
cover,66.5555,0,0,0,0
nearest,66.5555,-1
cover,66.5804,0,0,0,0
nearest,66.5804,-1
cover,66.605,0,0,0,0
nearest,66.605,-1
cover,66.6312,0,0,0,0
nearest,66.6312,-1
cover,66.6575,0,0,0,0
nearest,66.6576,-1
cover,66.6878,0,0,0,0
nearest,66.6879,-1
cover,66.7158,0,0,0,0
nearest,66.7158,-1
cover,66.7401,1,0,1,0
nearest,66.7401,-1
cover,66.7686,1,0,1,0
nearest,66.7687,-1
cover,66.7938,1,0,1,0
nearest,66.7938,-1
cover,66.8215,1,0,1,0
nearest,66.8216,-1
cover,66.8481,1,0,1,0
nearest,66.8482,-1
cover,66.8727,1,0,1,0
nearest,66.8727,-1
cover,66.8996,1,0,1,0
nearest,66.8996,-1
cover,66.9243,1,0,1,0
nearest,66.9243,-1
cover,66.9514,1,0,1,0
nearest,66.9514,-1
cover,66.9798,1,0,1,0
nearest,66.9798,-1
cover,67.007,1,0,1,0
nearest,67.007,-1
cover,67.0343,1,0,1,0
nearest,67.0343,-1
cover,67.0587,1,0,1,0
nearest,67.0587,-1
cover,67.0854,1,0,1,0
nearest,67.0854,-1
cover,67.1151,1,0,1,0
nearest,67.1152,-1
cover,67.1435,1,0,1,0
nearest,67.1435,-1
cover,67.1737,1,0,1,0
nearest,67.1737,-1
cover,67.2017,1,0,1,0
nearest,67.2018,-1
cover,67.2281,1,0,1,0
nearest,67.2281,-1
cover,67.2555,1,0,1,0
nearest,67.2555,-1
cover,67.2848,0,0,0,0
nearest,67.2848,-1
cover,67.3102,0,0,0,0
nearest,67.3102,-1
cover,67.3376,0,0,0,0
nearest,67.3377,-1
cover,67.3642,0,0,0,0
nearest,67.3642,-1
cover,67.3894,0,0,0,0
nearest,67.3895,-1
cover,67.4163,1,0,1,0
nearest,67.4163,-1
cover,67.4444,1,0,1,0
nearest,67.4444,-1
cover,67.4726,1,0,1,0
nearest,67.4726,-1
cover,67.5011,1,0,1,0
nearest,67.5011,-1
cover,67.5315,1,0,1,0
nearest,67.5315,-1
cover,67.5588,1,0,1,0
nearest,67.5588,-1
cover,67.5884,1,0,1,0
nearest,67.5884,-1
cover,67.6166,1,0,1,0
nearest,67.6166,-1
cover,67.6446,0,0,0,0
nearest,67.6446,-1
cover,67.6741,0,0,0,0
nearest,67.6741,-1
cover,67.7032,1,0,1,0
nearest,67.7032,-1
cover,67.7292,1,0,1,0
nearest,67.7293,-1
cover,67.7587,1,0,1,0
nearest,67.7587,-1
cover,67.787,1,0,1,0
nearest,67.787,-1
cover,67.8146,1,0,1,0
nearest,67.8146,-1
cover,67.8409,1,0,1,0
nearest,67.841,-1
cover,67.8689,0,0,0,0
nearest,67.8689,-1
cover,67.895,0,0,0,0
nearest,67.895,-1
cover,67.9232,0,0,0,0
nearest,67.9232,-1
cover,67.9547,0,0,0,0
nearest,67.9547,-1
cover,67.9838,0,0,0,0
nearest,67.9838,-1
cover,68.0103,0,0,0,0
nearest,68.0103,-1
cover,68.0401,0,0,0,0
nearest,68.0401,-1
cover,68.0672,0,0,0,0
nearest,68.0672,-1
cover,68.0935,0,0,0,0
nearest,68.0935,-1
cover,68.1227,0,0,0,0
nearest,68.1227,-1
cover,68.154,0,0,0,0
nearest,68.1541,-1
cover,68.1858,0,0,0,0
nearest,68.1858,-1
cover,68.2128,0,0,0,0
nearest,68.2128,-1
cover,68.2426,0,0,0,0
nearest,68.2427,-1
cover,68.2703,0,0,0,0
nearest,68.2704,-1
cover,68.2982,0,0,0,0
nearest,68.2982,-1
cover,68.3253,1,0,1,0
nearest,68.3253,-1
cover,68.3551,1,0,1,0
nearest,68.3551,-1
cover,68.3839,0,0,0,0
nearest,68.3839,-1
cover,68.412,0,0,0,0
nearest,68.412,-1
cover,68.4407,1,0,1,0
nearest,68.4407,-1
cover,68.4712,1,0,1,0
nearest,68.4713,-1
cover,68.5001,1,0,1,0
nearest,68.5001,-1
cover,68.5298,1,0,1,0
nearest,68.5298,-1
cover,68.5606,1,0,1,0
nearest,68.5606,-1
cover,68.5896,1,0,1,0
nearest,68.5896,-1
cover,68.6181,1,0,1,0
nearest,68.6181,-1
cover,68.6447,1,0,1,0
nearest,68.6447,-1
cover,68.6762,1,0,1,0
nearest,68.6763,-1
cover,68.7088,1,0,1,0
nearest,68.7088,-1
cover,68.7359,1,0,1,0
nearest,68.7359,-1
cover,68.7664,1,0,1,0
nearest,68.7664,-1
cover,68.7945,1,0,1,0
nearest,68.7945,-1
cover,68.8235,1,0,1,0
nearest,68.8235,-1
cover,68.8511,1,0,1,0
nearest,68.8512,-1
cover,68.8806,1,0,1,0
nearest,68.8806,-1
cover,68.9081,0,0,0,0
nearest,68.9082,-1
cover,68.9375,0,0,0,0
nearest,68.9376,-1
cover,68.9659,1,0,1,0
nearest,68.9659,-1
cover,68.9947,0,0,0,0
nearest,68.9948,-1
cover,69.0255,0,0,0,0
nearest,69.0255,-1
cover,69.0545,0,0,0,0
nearest,69.0545,-1
cover,69.0808,0,0,0,0
nearest,69.0808,-1
cover,69.1118,0,0,0,0
nearest,69.1118,-1
cover,69.1421,1,0,1,0
nearest,69.1422,-1
cover,69.1723,1,0,1,0
nearest,69.1723,-1
cover,69.1992,1,0,1,0
nearest,69.1993,-1
cover,69.2268,0,0,0,0
nearest,69.2268,-1
cover,69.2571,0,0,0,0
nearest,69.2571,-1
cover,69.2854,0,0,0,0
nearest,69.2854,-1
cover,69.3136,0,0,0,0
nearest,69.3136,-1
cover,69.3471,0,0,0,0
nearest,69.3472,-1
cover,69.3762,0,0,0,0
nearest,69.3763,-1
cover,69.4047,0,0,0,0
nearest,69.4047,-1
cover,69.433,0,0,0,0
nearest,69.433,-1
cover,69.4587,0,0,0,0
nearest,69.4588,-1
cover,69.488,0,0,0,0
nearest,69.488,-1
cover,69.5181,0,0,0,0
nearest,69.5181,-1
cover,69.5499,0,0,0,0
nearest,69.5499,-1
cover,69.5765,0,0,0,0
nearest,69.5765,-1
cover,69.6045,0,0,0,0
nearest,69.6045,-1
cover,69.6333,0,0,0,0
nearest,69.6333,-1
cover,69.6605,0,0,0,0
nearest,69.6605,-1
cover,69.6892,0,0,0,0
nearest,69.6892,-1
cover,69.7186,1,0,1,0
nearest,69.7186,-1
cover,69.7473,1,0,1,0
nearest,69.7473,-1
cover,69.7753,0,0,0,0
nearest,69.7754,-1
cover,69.8045,0,0,0,0
nearest,69.8045,-1
cover,69.8312,0,0,0,0
nearest,69.8312,-1
cover,69.8607,0,0,0,0
nearest,69.8607,-1
cover,69.8889,0,0,0,0
nearest,69.889,-1
cover,69.9162,0,0,0,0
nearest,69.9162,-1
cover,69.9457,0,0,0,0
nearest,69.9457,-1
cover,69.9766,1,0,1,0
nearest,69.9766,-1
cover,70.0076,1,0,1,0
nearest,70.0077,-1
cover,70.0362,0,0,0,0
nearest,70.0362,-1
cover,70.0686,0,0,0,0
nearest,70.0687,-1
cover,70.0949,0,0,0,0
nearest,70.0949,-1
cover,70.1245,0,0,0,0
nearest,70.1245,-1
cover,70.1547,0,0,0,0
nearest,70.1548,-1
cover,70.1816,1,0,1,0
nearest,70.1816,-1
cover,70.2122,0,0,0,0
nearest,70.2122,-1
cover,70.2422,1,0,1,0
nearest,70.2422,-1
cover,70.2729,1,0,1,0
nearest,70.2729,-1
cover,70.3006,1,0,1,0
nearest,70.3006,-1
cover,70.3291,1,0,1,0
nearest,70.3292,-1
cover,70.3571,1,0,1,0
nearest,70.3572,-1
cover,70.3842,1,0,1,0
nearest,70.3843,-1
cover,70.4113,1,0,1,0
nearest,70.4113,-1
cover,70.4397,0,0,0,0
nearest,70.4397,-1
cover,70.4705,1,0,1,0
nearest,70.4705,-1
cover,70.5029,1,0,1,0
nearest,70.5029,-1
cover,70.5297,0,0,0,0
nearest,70.5298,-1
cover,70.5603,0,0,0,0
nearest,70.5603,-1
cover,70.5899,1,0,1,0
nearest,70.5899,-1
cover,70.6256,0,0,0,0
nearest,70.6256,-1
cover,70.68,1,0,1,0
nearest,70.68,-1
cover,70.7122,1,0,1,0
nearest,70.7122,-1
cover,70.7443,1,0,1,0
nearest,70.7443,-1
lmb,70.774,1
cover,70.7753,1,0,1,0
nearest,70.7753,-1
cover,70.8029,1,0,1,0
nearest,70.8029,-1
cover,70.835,1,0,1,0
nearest,70.835,-1
lmb,70.865,0
cover,70.866,1,0,1,0
nearest,70.866,-1
cover,70.8936,1,0,1,0
nearest,70.8937,-1
nail,70.9189,1
cover,70.92,1,0,1,0
nearest,70.9201,-1
cover,70.9473,1,0,1,0
nearest,70.9473,-1
cover,70.9764,0,0,0,0
nearest,70.9764,-1
cover,71.0039,0,0,0,0
nearest,71.004,-1
cover,71.0344,0,0,0,0
nearest,71.0344,-1
cover,71.0641,0,0,0,0
nearest,71.0641,-1
cover,71.0914,0,0,0,0
nearest,71.0914,-1
cover,71.1201,0,0,0,0
nearest,71.1201,-1
cover,71.1519,0,0,0,0
nearest,71.1519,-1
cover,71.1813,0,0,0,0
nearest,71.1814,-1
cover,71.2111,0,0,0,0
nearest,71.2112,-1
cover,71.2401,0,0,0,0
nearest,71.2401,-1
cover,71.2699,0,0,0,0
nearest,71.2699,-1
nail,71.2999,0
cover,71.3015,0,0,0,0
nearest,71.3015,-1
cover,71.3336,1,0,1,0
nearest,71.3336,-1
cover,71.364,0,0,0,0
nearest,71.364,-1
cover,71.3949,0,0,0,0
nearest,71.3949,-1
cover,71.4265,0,0,0,0
nearest,71.4265,-1
cover,71.4623,0,0,0,0
nearest,71.4624,-1
cover,71.4929,1,0,1,0
nearest,71.4929,-1
cover,71.5257,0,0,0,0
nearest,71.5257,-1
cover,71.566,1,0,1,0
nearest,71.566,-1
cover,71.6046,1,0,1,0
nearest,71.6046,-1
cover,71.6364,1,0,1,0
nearest,71.6364,-1
cover,71.6684,1,0,1,0
nearest,71.6684,-1
cover,71.7012,1,0,1,0
nearest,71.7012,-1
cover,71.7352,1,0,1,0
nearest,71.7353,-1
cover,71.7846,1,0,1,0
nearest,71.7846,-1
cover,71.8154,1,0,1,0
nearest,71.8154,-1
cover,71.8453,1,0,1,0
nearest,71.8454,-1
cover,71.8759,1,0,1,0
nearest,71.8759,-1
cover,71.9183,1,0,1,0
nearest,71.9184,-1
cover,71.956,1,0,1,0
nearest,71.956,-1
cover,71.9874,1,0,1,0
nearest,71.9874,-1
cover,72.0193,1,0,1,0
nearest,72.0193,-1
cover,72.049,1,0,1,0
nearest,72.049,-1
cover,72.0806,1,0,1,0
nearest,72.0806,-1
cover,72.1102,1,0,1,0
nearest,72.1102,-1
cover,72.14,1,0,1,0
nearest,72.1401,-1
cover,72.171,1,0,1,0
nearest,72.171,-1
cover,72.201,1,0,1,0
nearest,72.201,-1
cover,72.2313,1,0,1,0
nearest,72.2313,-1
cover,72.2619,0,0,0,0
nearest,72.262,-1
cover,72.2965,0,0,0,0
nearest,72.2965,-1
cover,72.3267,0,0,0,0
nearest,72.3268,-1
cover,72.3557,0,0,0,0
nearest,72.3557,-1
cover,72.3863,0,0,0,0
nearest,72.3863,-1
cover,72.4166,0,0,0,0
nearest,72.4167,-1
cover,72.4473,1,0,1,0
nearest,72.4474,-1
cover,72.479,1,0,1,0
nearest,72.479,-1
cover,72.5071,1,0,1,0
nearest,72.5071,-1
cover,72.5374,1,0,1,0
nearest,72.5374,-1
cover,72.5673,1,0,1,0
nearest,72.5673,-1
cover,72.5995,1,0,1,0
nearest,72.5995,-1
cover,72.6291,1,0,1,0
nearest,72.6291,-1
cover,72.6574,1,0,1,0
nearest,72.6574,-1
cover,72.691,1,0,1,0
nearest,72.6911,-1
cover,72.722,1,0,1,0
nearest,72.722,-1
cover,72.7529,1,0,1,0
nearest,72.7529,-1
cover,72.783,0,0,0,0
nearest,72.783,-1
cover,72.8137,1,0,1,0
nearest,72.8137,-1
cover,72.847,1,0,1,0
nearest,72.847,-1
cover,72.8774,0,0,0,0
nearest,72.8774,-1
cover,72.9072,0,0,0,0
nearest,72.9073,-1
cover,72.9409,0,0,0,0
nearest,72.9409,-1
cover,72.9754,0,0,0,0
nearest,72.9755,-1
cover,73.0076,0,0,0,0
nearest,73.0076,-1
cover,73.039,1,0,1,0
nearest,73.0392,-1
cover,73.0715,1,0,1,0
nearest,73.0715,-1
cover,73.102,1,0,1,0
nearest,73.102,-1
cover,73.135,1,0,1,0
nearest,73.135,-1
cover,73.1662,1,0,1,0
nearest,73.1662,-1
cover,73.1981,0,0,0,0
nearest,73.1981,-1
cover,73.2326,0,0,0,0
nearest,73.2327,-1
cover,73.2643,0,0,0,0
nearest,73.2643,-1
cover,73.2978,1,0,1,0
nearest,73.2978,-1
cover,73.3304,0,0,0,0
nearest,73.3304,-1
cover,73.3646,0,0,0,0
nearest,73.3646,-1
cover,73.3955,0,0,0,0
nearest,73.3955,-1
cover,73.4288,0,0,0,0
nearest,73.4288,-1
cover,73.4586,0,0,0,0
nearest,73.4587,-1
cover,73.4895,0,0,0,0
nearest,73.4896,-1
cover,73.5195,0,0,0,0
nearest,73.5196,-1
cover,73.5478,1,0,1,0
nearest,73.5478,-1
cover,73.5763,0,0,0,0
nearest,73.5763,-1
cover,73.6074,0,0,0,0
nearest,73.6074,-1
cover,73.6406,0,0,0,0
nearest,73.6407,-1
cover,73.6722,0,0,0,0
nearest,73.6722,-1
cover,73.7031,0,0,0,0
nearest,73.7031,-1
cover,73.7316,0,0,0,0
nearest,73.7316,-1
cover,73.7598,0,0,0,0
nearest,73.7598,-1
cover,73.7907,1,0,1,0
nearest,73.7908,-1
cover,73.8204,1,0,1,0
nearest,73.8204,-1
cover,73.8507,0,0,0,0
nearest,73.8507,-1
cover,73.8824,0,0,0,0
nearest,73.8824,-1
cover,73.9151,0,0,0,0
nearest,73.9151,-1
cover,73.9465,0,0,0,0
nearest,73.9465,-1
cover,73.9754,0,0,0,0
nearest,73.9754,-1
cover,74.0062,0,0,0,0
nearest,74.0062,-1
cover,74.0371,0,0,0,0
nearest,74.0372,-1
cover,74.0667,0,0,0,0
nearest,74.0668,-1
cover,74.0968,0,0,0,0
nearest,74.0969,-1
cover,74.1251,0,0,0,0
nearest,74.1252,-1
cover,74.1578,0,0,0,0
nearest,74.1579,-1
cover,74.1892,0,0,0,0
nearest,74.1893,-1
cover,74.2191,0,0,0,0
nearest,74.2191,-1
cover,74.2445,0,0,0,0
nearest,74.2445,-1
cover,74.2754,0,0,0,0
nearest,74.2755,-1
cover,74.3062,0,0,0,0
nearest,74.3062,-1
cover,74.3357,0,0,0,0
nearest,74.3357,-1
cover,74.3633,0,0,0,0
nearest,74.3633,-1
cover,74.3919,0,0,0,0
nearest,74.392,-1
cover,74.4227,0,0,0,0
nearest,74.4227,-1
cover,74.4554,0,0,0,0
nearest,74.4554,-1
cover,74.4881,0,0,0,0
nearest,74.4881,-1
cover,74.5196,1,0,1,0
nearest,74.5197,-1
cover,74.5509,1,0,1,0
nearest,74.5509,-1
cover,74.5788,0,0,0,0
nearest,74.5789,-1
cover,74.6097,0,0,0,0
nearest,74.6097,-1
cover,74.6405,0,0,0,0
nearest,74.6406,-1
cover,74.6701,0,0,0,0
nearest,74.6701,-1
cover,74.7024,1,0,1,0
nearest,74.7024,-1
cover,74.7345,1,0,1,0
nearest,74.7345,-1
cover,74.7623,0,0,0,0
nearest,74.7623,-1
cover,74.7951,0,0,0,0
nearest,74.7951,-1
cover,74.8268,0,0,0,0
nearest,74.8268,-1
cover,74.8578,0,0,0,0
nearest,74.8579,-1
cover,74.89,0,0,0,0
nearest,74.89,-1
cover,74.9224,0,0,0,0
nearest,74.9224,-1
cover,74.9537,0,0,0,0
nearest,74.9537,-1
cover,74.984,1,0,1,0
nearest,74.984,-1
cover,75.014,0,0,0,0
nearest,75.0141,-1
cover,75.0572,0,0,0,0
nearest,75.0573,-1
cover,75.096,0,0,0,0
nearest,75.096,-1
cover,75.1263,0,0,0,0
nearest,75.1263,-1
cover,75.156,0,0,0,0
nearest,75.156,-1
cover,75.1844,0,0,0,0
nearest,75.1844,-1
cover,75.213,0,0,0,0
nearest,75.2131,-1
cover,75.2437,0,0,0,0
nearest,75.2437,-1
cover,75.2741,0,0,0,0
nearest,75.2741,-1
cover,75.3042,0,0,0,0
nearest,75.3042,-1
cover,75.3342,1,0,1,0
nearest,75.3343,-1
cover,75.3607,1,0,1,0
nearest,75.3607,-1
cover,75.3901,1,0,1,0
nearest,75.3901,-1
cover,75.419,0,0,0,0
nearest,75.419,-1
cover,75.4514,1,0,1,0
nearest,75.4514,-1
cover,75.4838,1,0,1,0
nearest,75.4838,-1
cover,75.513,1,0,1,0
nearest,75.513,-1
cover,75.5441,1,0,1,0
nearest,75.5442,-1
cover,75.5742,1,0,1,0
nearest,75.5742,-1
cover,75.6027,0,0,0,0
nearest,75.6028,-1
cover,75.6323,1,0,1,0
nearest,75.6323,-1
cover,75.662,1,0,1,0
nearest,75.6621,-1
cover,75.6962,1,0,1,0
nearest,75.6962,-1
cover,75.7265,1,0,1,0
nearest,75.7265,-1
cover,75.76,0,0,0,0
nearest,75.76,-1
cover,75.7911,1,0,1,0
nearest,75.7911,-1
cover,75.8222,1,0,1,0
nearest,75.8222,-1
cover,75.8525,0,0,0,0
nearest,75.8525,-1
cover,75.8852,0,0,0,0
nearest,75.8853,-1
cover,75.9182,0,0,0,0
nearest,75.9182,-1
cover,75.9504,0,0,0,0
nearest,75.9504,-1
cover,75.9835,1,0,1,0
nearest,75.9835,-1
cover,76.0143,1,0,1,0
nearest,76.0143,-1
cover,76.0443,1,0,1,0
nearest,76.0444,-1
cover,76.0741,1,0,1,0
nearest,76.0742,-1
cover,76.1019,1,0,1,0
nearest,76.1019,-1
cover,76.1317,1,0,1,0
nearest,76.1317,-1
cover,76.1638,1,0,1,0
nearest,76.1639,-1
cover,76.1948,1,0,1,0
nearest,76.1948,-1
cover,76.2266,1,0,1,0
nearest,76.2266,-1
cover,76.2602,1,0,1,0
nearest,76.2602,-1
cover,76.2905,0,0,0,0
nearest,76.2905,-1
cover,76.3228,0,0,0,0
nearest,76.3229,-1
cover,76.3532,1,0,1,0
nearest,76.3532,-1
cover,76.3885,1,0,1,0
nearest,76.3885,-1
cover,76.4202,1,0,1,0
nearest,76.4202,-1
cover,76.4523,0,0,0,0
nearest,76.4523,-1
cover,76.4853,1,0,1,0
nearest,76.4853,-1
cover,76.5179,1,0,1,0
nearest,76.5179,-1
cover,76.5494,1,0,1,0
nearest,76.5494,-1
cover,76.5838,1,0,1,0
nearest,76.5838,-1
cover,76.6157,1,0,1,0
nearest,76.6157,-1
cover,76.6455,1,0,1,0
nearest,76.6456,-1
cover,76.6766,1,0,1,0
nearest,76.6766,-1
cover,76.7078,1,0,1,0
nearest,76.7078,-1
cover,76.7401,1,0,1,0
nearest,76.7401,-1
cover,76.7709,0,0,0,0
nearest,76.7709,-1
cover,76.8074,0,0,0,0
nearest,76.8075,-1
cover,76.8419,0,0,0,0
nearest,76.842,-1
cover,76.8738,0,0,0,0
nearest,76.8738,-1
cover,76.9062,0,0,0,0
nearest,76.9063,-1
cover,76.9384,0,0,0,0
nearest,76.9384,-1
cover,76.9712,0,0,0,0
nearest,76.9712,-1
cover,77.0042,0,0,0,0
nearest,77.0042,-1
cover,77.035,0,0,0,0
nearest,77.0351,-1
cover,77.0638,0,0,0,0
nearest,77.0638,-1
cover,77.0949,0,0,0,0
nearest,77.0949,-1
cover,77.1256,0,0,0,0
nearest,77.1257,-1
cover,77.1585,0,0,0,0
nearest,77.1586,-1
cover,77.1896,2,0,2,0
nearest,77.1897,-1
cover,77.222,2,0,2,0
nearest,77.222,-1
cover,77.2515,0,0,0,0
nearest,77.2515,-1
cover,77.2818,0,0,0,0
nearest,77.2819,-1
cover,77.312,0,0,0,0
nearest,77.312,-1
cover,77.3427,1,0,1,0
nearest,77.3427,-1
cover,77.3739,1,0,1,0
nearest,77.3739,-1
cover,77.404,1,0,1,0
nearest,77.4041,-1
cover,77.4341,0,0,0,0
nearest,77.4341,-1
cover,77.4631,2,1,1,1
err,77.4631,-104.25,-29.8
timing,77.4631,1.8,25.9
gate,77.4631,20.7,0.0,0.0,0.0
det,77.4631,1086.75,752.0,156.0,318.0,0.602,Body
det,77.4631,1151.81,740.5,47.88,54.0,0.572,Head
cover,77.4928,1,0,1,0
nearest,77.4929,-1
cover,77.5229,0,0,0,0
nearest,77.5229,-1
cover,77.5525,2,1,1,1
err,77.5525,-103.75,-29.71
timing,77.5525,4.3,23.8
gate,77.5525,20.7,0.0,0.0,0.0
det,77.5525,1153.69,739.62,45.12,55.75,0.706,Head
det,77.5525,1087.5,760.5,149.75,306.5,0.512,Body
cover,77.5806,2,1,1,1
err,77.5807,-103.75,-29.71
timing,77.5807,0.8,25.1
gate,77.5807,20.7,0.0,0.0,0.0
det,77.5807,1153.69,739.62,45.12,55.75,0.706,Head
det,77.5807,1087.5,760.5,149.75,306.5,0.512,Body
cover,77.6093,1,0,1,0
nearest,77.6094,-1
cover,77.6381,1,0,1,0
nearest,77.6381,-1
cover,77.6659,1,0,1,0
nearest,77.6659,-1
cover,77.6937,1,0,1,0
nearest,77.6937,-1
cover,77.7223,1,0,1,0
nearest,77.7223,-1
cover,77.7497,1,0,1,0
nearest,77.7497,-1
cover,77.7781,1,0,1,0
nearest,77.7782,-1
cover,77.8056,1,0,1,0
nearest,77.8056,-1
cover,77.8302,1,0,1,0
nearest,77.8302,-1
lmb,77.8598,1
cover,77.8609,1,0,1,0
nearest,77.8609,-1
cover,77.8893,1,0,1,0
nearest,77.8893,-1
cover,77.9165,1,0,1,0
nearest,77.9166,-1
cover,77.9442,1,0,1,0
nearest,77.9442,-1
lmb,77.9741,0
cover,77.9752,1,0,1,0
nearest,77.9752,-1
nail,78.0042,1
cover,78.0051,1,0,1,0
nearest,78.0051,-1
cover,78.0318,1,0,1,0
nearest,78.0318,-1
cover,78.0623,1,0,1,0
nearest,78.0623,-1
lmb,78.0916,1
cover,78.0927,1,0,1,0
nearest,78.0927,-1
cover,78.1208,1,0,1,0
nearest,78.1208,-1
cover,78.1475,1,0,1,0
nearest,78.1475,-1
cover,78.1766,1,0,1,0
nearest,78.1766,-1
cover,78.2044,0,0,0,0
nearest,78.2045,-1
cover,78.232,0,0,0,0
nearest,78.232,-1
lmb,78.2625,0
cover,78.2637,0,0,0,0
nearest,78.2638,-1
nail,78.2946,0
cover,78.2954,1,1,0,1
err,78.2955,-117.5,-14.42
timing,78.2955,3.2,26.8
gate,78.2955,118.4,0.0,0.0,1.0
det,78.2955,1140.69,754.5,43.62,56.5,0.63,Head
cmd,78.2955,-157,-19
cover,78.3266,1,1,0,1
err,78.3267,-117.88,-17.42
timing,78.3267,1.9,27.0
gate,78.3267,118.8,0.0,0.249,0.0
det,78.3267,1141.38,751.5,41.5,56.5,0.622,Head
cover,78.3585,1,0,1,0
nearest,78.3585,-1
cover,78.3881,1,0,1,0
nearest,78.3881,-1
cover,78.4145,1,0,1,0
nearest,78.4146,-1
cover,78.4448,0,0,0,0
nearest,78.4448,-1
cover,78.4744,0,0,0,0
nearest,78.4745,-1
nail,78.5033,1
cover,78.5042,0,0,0,0
nearest,78.5042,-1
cover,78.5327,0,0,0,0
nearest,78.5327,-1
cover,78.5603,0,0,0,0
nearest,78.5603,-1
cover,78.5912,0,0,0,0
nearest,78.5912,-1
nail,78.6209,0
cover,78.6219,0,0,0,0
nearest,78.6219,-1
cover,78.6501,0,0,0,0
nearest,78.6502,-1
cover,78.6805,0,0,0,0
nearest,78.6805,-1
cover,78.7116,0,0,0,0
nearest,78.7117,-1
cover,78.7426,0,0,0,0
nearest,78.7426,-1
cover,78.7721,0,0,0,0
nearest,78.7721,-1
cover,78.7987,0,0,0,0
nearest,78.7987,-1
cover,78.8287,0,0,0,0
nearest,78.8287,-1
cover,78.8576,0,0,0,0
nearest,78.8577,-1
cover,78.8883,1,1,0,1
err,78.8884,0.0,-13.45
timing,78.8884,3.3,26.6
gate,78.8884,118.8,0.0,0.249,0.0
det,78.8884,1259.12,755.75,41.75,56.0,0.507,Head
cover,78.9209,0,0,0,0
nearest,78.921,-1
lmb,78.9539,1
cover,78.9552,0,0,0,0
nearest,78.9552,-1
cover,78.9852,0,0,0,0
nearest,78.9852,-1
cover,79.0122,0,0,0,0
nearest,79.0123,-1
cover,79.0422,0,0,0,0
nearest,79.0422,-1
lmb,79.0707,0
cover,79.0719,0,0,0,0
nearest,79.0719,-1
nail,79.0995,1
cover,79.1006,0,0,0,0
nearest,79.1006,-1
cover,79.1309,0,0,0,0
nearest,79.131,-1
cover,79.1624,1,0,1,0
nearest,79.1624,-1
cover,79.1928,0,0,0,0
nearest,79.1929,-1
cover,79.2227,0,0,0,0
nearest,79.2227,-1
cover,79.2507,0,0,0,0
nearest,79.2508,-1
cover,79.2825,1,0,1,0
nearest,79.2825,-1
cover,79.314,0,0,0,0
nearest,79.314,-1
cover,79.3438,0,0,0,0
nearest,79.3438,-1
cover,79.3721,0,0,0,0
nearest,79.3721,-1
cover,79.4014,1,0,1,0
nearest,79.4014,-1
cover,79.4308,1,0,1,0
nearest,79.4309,-1
nail,79.4598,0
cover,79.4607,1,0,1,0
nearest,79.4607,-1
cover,79.4911,0,0,0,0
nearest,79.4911,-1
cover,79.522,2,0,2,0
nearest,79.522,-1
cover,79.5526,0,0,0,0
nearest,79.5526,-1
cover,79.5814,1,0,1,0
nearest,79.5814,-1
cover,79.6121,1,0,1,0
nearest,79.6121,-1
cover,79.6419,1,0,1,0
nearest,79.642,-1
cover,79.6701,1,0,1,0
nearest,79.6701,-1
cover,79.7172,1,0,1,0
nearest,79.7172,-1
cover,79.7482,1,0,1,0
nearest,79.7482,-1
cover,79.7779,2,0,2,0
nearest,79.778,-1
cover,79.806,2,0,2,0
nearest,79.806,-1
cover,79.8356,1,0,1,0
nearest,79.8356,-1
cover,79.865,1,0,1,0
nearest,79.865,-1
cover,79.8941,1,0,1,0
nearest,79.8941,-1
cover,79.9221,1,0,1,0
nearest,79.9222,-1
cover,79.9501,0,0,0,0
nearest,79.9501,-1
cover,79.9797,0,0,0,0
nearest,79.9798,-1
cover,80.0095,0,0,0,0
nearest,80.0095,-1
cover,80.0382,0,0,0,0
nearest,80.0382,-1
cover,80.0636,0,0,0,0
nearest,80.0636,-1
cover,80.0914,0,0,0,0
nearest,80.0914,-1
cover,80.117,0,0,0,0
nearest,80.1171,-1
cover,80.1482,0,0,0,0
nearest,80.1482,-1
cover,80.1798,0,0,0,0
nearest,80.1798,-1
cover,80.2083,0,0,0,0
nearest,80.2083,-1
cover,80.2363,0,0,0,0
nearest,80.2363,-1
cover,80.2664,0,0,0,0
nearest,80.2664,-1
cover,80.2941,0,0,0,0
nearest,80.2941,-1
cover,80.3228,0,0,0,0
nearest,80.3228,-1
cover,80.3494,0,0,0,0
nearest,80.3494,-1
cover,80.3789,0,0,0,0
nearest,80.3789,-1
cover,80.4073,0,0,0,0
nearest,80.4073,-1
cover,80.4318,0,0,0,0
nearest,80.4318,-1
cover,80.4618,0,0,0,0
nearest,80.4618,-1
cover,80.49,0,0,0,0
nearest,80.49,-1
cover,80.5152,0,0,0,0
nearest,80.5152,-1
cover,80.5441,0,0,0,0
nearest,80.5441,-1
cover,80.5723,0,0,0,0
nearest,80.5723,-1
cover,80.598,0,0,0,0
nearest,80.598,-1
cover,80.6263,0,0,0,0
nearest,80.6263,-1
cover,80.6536,0,0,0,0
nearest,80.6536,-1
cover,80.6826,0,0,0,0
nearest,80.6826,-1
cover,80.7107,0,0,0,0
nearest,80.7107,-1
cover,80.7404,0,0,0,0
nearest,80.7405,-1
cover,80.7672,0,0,0,0
nearest,80.7672,-1
cover,80.7961,0,0,0,0
nearest,80.7961,-1
cover,80.8256,0,0,0,0
nearest,80.8256,-1
cover,80.8538,0,0,0,0
nearest,80.8538,-1
cover,80.8816,0,0,0,0
nearest,80.8816,-1
cover,80.9102,1,0,1,0
nearest,80.9102,-1
cover,80.9412,0,0,0,0
nearest,80.9412,-1
cover,80.9709,0,0,0,0
nearest,80.9709,-1
cover,80.9984,0,0,0,0
nearest,80.9984,-1
cover,81.0286,0,0,0,0
nearest,81.0286,-1
cover,81.0586,0,0,0,0
nearest,81.0586,-1
cover,81.1103,0,0,0,0
nearest,81.1103,-1
cover,81.1501,0,0,0,0
nearest,81.1502,-1
cover,81.1819,0,0,0,0
nearest,81.1819,-1
cover,81.21,0,0,0,0
nearest,81.21,-1
cover,81.2364,0,0,0,0
nearest,81.2364,-1
cover,81.2672,0,0,0,0
nearest,81.2672,-1
cover,81.2979,0,0,0,0
nearest,81.2979,-1
cover,81.3284,0,0,0,0
nearest,81.3284,-1
cover,81.3537,0,0,0,0
nearest,81.3537,-1
cover,81.3837,0,0,0,0
nearest,81.3837,-1
cover,81.4119,0,0,0,0
nearest,81.4119,-1
cover,81.4404,0,0,0,0
nearest,81.4404,-1
cover,81.4689,0,0,0,0
nearest,81.4689,-1
cover,81.499,0,0,0,0
nearest,81.4991,-1
cover,81.5288,0,0,0,0
nearest,81.5288,-1
cover,81.5587,0,0,0,0
nearest,81.5587,-1
cover,81.5861,0,0,0,0
nearest,81.5862,-1
cover,81.6173,0,0,0,0
nearest,81.6173,-1
cover,81.6458,0,0,0,0
nearest,81.6458,-1
cover,81.676,0,0,0,0
nearest,81.6761,-1
cover,81.7023,0,0,0,0
nearest,81.7023,-1
cover,81.7317,0,0,0,0
nearest,81.7318,-1
cover,81.7613,0,0,0,0
nearest,81.7613,-1
cover,81.7902,0,0,0,0
nearest,81.7903,-1
cover,81.8218,0,0,0,0
nearest,81.8218,-1
cover,81.8547,0,0,0,0
nearest,81.8548,-1
cover,81.885,0,0,0,0
nearest,81.8851,-1
cover,81.9166,0,0,0,0
nearest,81.9166,-1
cover,81.9494,1,0,1,0
nearest,81.9494,-1
cover,81.9812,0,0,0,0
nearest,81.9813,-1
cover,82.0092,0,0,0,0
nearest,82.0092,-1
cover,82.0367,0,0,0,0
nearest,82.0367,-1
cover,82.0676,0,0,0,0
nearest,82.0676,-1
cover,82.0959,0,0,0,0
nearest,82.0959,-1
cover,82.1261,0,0,0,0
nearest,82.1261,-1
cover,82.1552,0,0,0,0
nearest,82.1552,-1
cover,82.1846,1,0,1,0
nearest,82.1846,-1
cover,82.2151,0,0,0,0
nearest,82.2152,-1
cover,82.2471,0,0,0,0
nearest,82.2472,-1
cover,82.276,0,0,0,0
nearest,82.276,-1
cover,82.3023,0,0,0,0
nearest,82.3023,-1
cover,82.3304,0,0,0,0
nearest,82.3305,-1
cover,82.3599,0,0,0,0
nearest,82.3599,-1
cover,82.3867,1,0,1,0
nearest,82.3868,-1
cover,82.4158,0,0,0,0
nearest,82.4159,-1
cover,82.4464,0,0,0,0
nearest,82.4464,-1
cover,82.4745,0,0,0,0
nearest,82.4745,-1
cover,82.5029,0,0,0,0
nearest,82.503,-1
cover,82.5332,0,0,0,0
nearest,82.5332,-1
cover,82.561,0,0,0,0
nearest,82.561,-1
cover,82.5898,0,0,0,0
nearest,82.5898,-1
cover,82.6196,0,0,0,0
nearest,82.6196,-1
cover,82.6478,0,0,0,0
nearest,82.6478,-1
cover,82.6779,1,0,1,0
nearest,82.6779,-1
cover,82.7064,0,0,0,0
nearest,82.7064,-1
cover,82.7366,0,0,0,0
nearest,82.7367,-1
cover,82.768,1,0,1,0
nearest,82.7681,-1
cover,82.796,0,0,0,0
nearest,82.7961,-1
cover,82.8278,0,0,0,0
nearest,82.8279,-1
cover,82.8551,0,0,0,0
nearest,82.8551,-1
cover,82.8857,0,0,0,0
nearest,82.8857,-1
cover,82.9133,0,0,0,0
nearest,82.9133,-1
cover,82.9406,0,0,0,0
nearest,82.9406,-1
cover,82.9733,1,0,1,0
nearest,82.9733,-1
cover,83.0031,0,0,0,0
nearest,83.0031,-1
cover,83.032,0,0,0,0
nearest,83.032,-1
cover,83.0602,0,0,0,0
nearest,83.0602,-1
cover,83.0891,0,0,0,0
nearest,83.0891,-1
cover,83.1201,0,0,0,0
nearest,83.1201,-1
cover,83.1505,0,0,0,0
nearest,83.1506,-1
cover,83.1797,0,0,0,0
nearest,83.1797,-1
cover,83.2077,0,0,0,0
nearest,83.2077,-1
cover,83.2375,0,0,0,0
nearest,83.2375,-1
cover,83.2692,0,0,0,0
nearest,83.2693,-1
cover,83.2982,0,0,0,0
nearest,83.2982,-1
cover,83.3246,0,0,0,0
nearest,83.3246,-1
cover,83.3536,0,0,0,0
nearest,83.3536,-1
cover,83.3829,0,0,0,0
nearest,83.3829,-1
cover,83.4129,1,0,1,0
nearest,83.4129,-1
cover,83.4439,1,0,1,0
nearest,83.4439,-1
cover,83.4727,1,0,1,0
nearest,83.4727,-1
cover,83.5009,1,0,1,0
nearest,83.5009,-1
cover,83.529,2,1,1,0
nearest,83.529,305.3
cover,83.5577,2,1,1,1
err,83.5577,295.0,-52.74
timing,83.5577,3.1,24.4
gate,83.5577,118.8,0.0,0.249,0.0
det,83.5577,1560.75,727.94,28.5,35.12,0.804,Head
det,83.5577,1536.25,731.0,63.5,230.0,0.78,Body
cover,83.5886,2,1,1,1
err,83.5886,283.0,-52.29
timing,83.5886,2.0,26.5
gate,83.5886,118.8,0.0,0.249,0.0
det,83.5886,1548.75,728.94,28.5,34.12,0.767,Head
det,83.5886,1525.75,730.38,74.5,216.25,0.762,Body
cover,83.6181,2,1,1,1
err,83.6181,272.0,-51.45
timing,83.6181,1.8,25.4
gate,83.6181,118.8,0.0,0.249,0.0
det,83.6181,1512.25,729.25,87.5,217.5,0.853,Body
det,83.6181,1537.0,728.75,30.0,36.0,0.801,Head
cover,83.6475,2,1,1,1
err,83.6475,260.0,-51.92
timing,83.6475,1.5,25.4
gate,83.6475,118.8,0.0,0.249,0.0
det,83.6475,1500.75,733.0,90.5,201.0,0.835,Body
det,83.6475,1525.25,727.94,29.5,36.62,0.779,Head
cover,83.6797,2,1,1,1
err,83.6797,255.0,-48.34
timing,83.6797,3.2,26.1
gate,83.6797,118.8,0.0,0.249,0.0
det,83.6797,1500.0,751.0,87.0,182.0,0.838,Body
det,83.6797,1520.25,730.69,29.5,38.12,0.645,Head
cover,83.7121,1,0,1,0
nearest,83.7121,-1
cover,83.7412,1,0,1,0
nearest,83.7413,-1
cover,83.7727,2,1,1,1
err,83.7727,255.5,-25.83
timing,83.7727,3.4,27.2
gate,83.7727,118.8,0.0,0.249,0.0
det,83.7727,1496.0,760.88,95.0,195.25,0.818,Body
det,83.7727,1520.0,753.0,31.0,38.5,0.503,Head
cover,83.8035,2,1,1,1
err,83.8035,251.0,-22.23
timing,83.8035,1.7,26.8
gate,83.8035,118.8,0.0,0.249,0.0
det,83.8035,1488.75,754.0,96.5,200.5,0.851,Body
det,83.8035,1514.75,755.5,32.5,40.5,0.711,Head
cover,83.8343,2,1,1,1
err,83.8343,248.0,-14.29
timing,83.8343,1.7,26.4
gate,83.8343,118.8,0.0,0.249,0.0
det,83.8343,1483.25,754.88,103.5,197.25,0.782,Body
det,83.8343,1511.25,761.38,33.5,44.25,0.54,Head
cover,83.8674,0,0,0,0
nearest,83.8675,-1
cover,83.9001,1,1,0,1
err,83.9002,243.0,-6.55
timing,83.9002,2.5,28.6
gate,83.9002,118.8,0.0,0.249,0.0
det,83.9002,1505.75,769.25,34.5,44.0,0.799,Head
cover,83.9299,1,1,0,1
err,83.9299,241.5,-3.76
timing,83.9299,2.0,25.4
gate,83.9299,118.8,0.0,0.249,0.0
det,83.9299,1503.5,771.62,36.0,44.75,0.673,Head
cover,83.9629,0,0,0,0
nearest,83.963,-1
cover,83.995,1,1,0,1
err,83.9951,239.0,-4.19
timing,83.9951,2.6,28.1
gate,83.9951,118.8,0.0,0.249,0.0
det,83.9951,1500.25,770.38,37.5,46.25,0.627,Head
cover,84.0254,1,1,0,1
err,84.0255,239.0,-4.19
timing,84.0255,1.7,26.1
gate,84.0255,118.8,0.0,0.249,0.0
det,84.0255,1500.25,770.38,37.5,46.25,0.627,Head
cover,84.0561,1,0,1,0
nearest,84.0562,-1
cover,84.0886,0,0,0,0
nearest,84.0886,-1
cover,84.1188,0,0,0,0
nearest,84.1188,-1
cover,84.1484,0,0,0,0
nearest,84.1485,-1
cover,84.1778,1,1,0,1
err,84.1779,190.0,-7.44
timing,84.1779,2.9,25.9
gate,84.1779,118.8,0.0,0.249,0.0
det,84.1779,1449.62,764.38,40.75,51.25,0.701,Head
cover,84.2066,0,0,0,0
nearest,84.2066,-1
cover,84.2376,1,1,0,1
err,84.2377,178.25,-2.81
timing,84.2377,3.0,26.7
gate,84.2377,118.8,0.0,0.249,0.0
det,84.2377,1435.5,762.12,45.5,63.75,0.513,Head
cover,84.2683,0,0,0,0
nearest,84.2684,-1
cover,84.2975,0,0,0,0
nearest,84.2975,-1
cover,84.3251,0,0,0,0
nearest,84.3251,-1
cover,84.3551,0,0,0,0
nearest,84.3551,-1
cover,84.3855,0,0,0,0
nearest,84.3856,-1
cover,84.4136,1,0,1,0
nearest,84.4136,-1
cover,84.4406,0,0,0,0
nearest,84.4407,-1
cover,84.4716,0,0,0,0
nearest,84.4717,-1
cover,84.5006,0,0,0,0
nearest,84.5006,-1
cover,84.5307,0,0,0,0
nearest,84.5307,-1
cover,84.5561,0,0,0,0
nearest,84.5562,-1
cover,84.5855,0,0,0,0
nearest,84.5856,-1
cover,84.6134,0,0,0,0
nearest,84.6134,-1
cover,84.6421,1,1,0,1
err,84.6422,216.5,-26.38
timing,84.6422,2.0,26.0
gate,84.6422,118.8,0.0,0.249,0.0
det,84.6422,1472.5,739.25,48.0,62.5,0.718,Head
cover,84.6726,0,0,0,0
nearest,84.6726,-1
cover,84.7051,0,0,0,0
nearest,84.7051,-1
cover,84.7349,1,0,1,0
nearest,84.7349,-1
cover,84.7648,1,0,1,0
nearest,84.7649,-1
cover,84.7947,0,0,0,0
nearest,84.7947,-1
cover,84.8246,0,0,0,0
nearest,84.8246,-1
cover,84.8527,0,0,0,0
nearest,84.8527,-1
cover,84.8814,0,0,0,0
nearest,84.8814,-1
cover,84.9074,1,0,1,0
nearest,84.9074,-1
cover,84.9374,1,1,0,1
err,84.9375,202.0,21.04
timing,84.9375,3.3,25.5
gate,84.9375,118.8,0.0,0.249,0.0
det,84.9375,1458.62,787.62,46.75,60.75,0.72,Head
cover,84.967,0,0,0,0
nearest,84.967,-1
cover,84.9967,1,0,1,0
nearest,84.9967,-1
cover,85.0248,1,1,0,1
err,85.0249,257.0,3.95
timing,85.0249,2.8,24.1
gate,85.0249,118.8,0.0,0.249,0.0
det,85.0249,1513.5,771.5,47.0,59.0,0.71,Head
cover,85.0549,1,1,0,1
err,85.0549,257.0,3.36
timing,85.0549,2.0,25.7
gate,85.0549,118.8,0.0,0.249,0.0
det,85.0549,1513.75,771.88,46.5,57.25,0.656,Head
cover,85.0847,2,1,1,1
err,85.0848,294.0,13.58
timing,85.0848,1.6,25.9
gate,85.0848,118.8,0.0,0.249,0.0
det,85.0848,1549.75,779.75,48.5,61.5,0.855,Head
det,85.0848,1524.5,777.62,76.0,193.75,0.536,Body
cover,85.1134,0,0,0,0
nearest,85.1134,-1
cover,85.146,0,0,0,0
nearest,85.146,-1
cover,85.1752,0,0,0,0
nearest,85.1753,-1
cover,85.2042,0,0,0,0
nearest,85.2042,-1
cover,85.2329,1,1,0,1
err,85.233,293.5,-12.42
timing,85.233,3.3,24.5
gate,85.233,118.8,0.0,0.249,0.0
det,85.233,1549.0,751.0,49.0,66.5,0.734,Head
cover,85.2616,1,1,0,1
err,85.2616,279.0,-30.36
timing,85.2616,1.8,24.4
gate,85.2616,118.8,0.0,0.249,0.0
det,85.2616,1534.25,735.06,49.5,62.88,0.635,Head
cover,85.2918,0,0,0,0
nearest,85.2918,-1
cover,85.3214,1,1,0,1
err,85.3214,242.0,-45.7
timing,85.3214,2.7,25.6
gate,85.3214,118.8,0.0,0.249,0.0
det,85.3214,1498.75,723.5,46.5,56.0,0.719,Head
cover,85.3525,1,1,0,1
err,85.3525,216.5,-62.12
timing,85.3525,2.4,26.4
gate,85.3525,118.8,0.0,0.249,0.0
det,85.3525,1473.0,703.5,47.0,62.5,0.556,Head
cover,85.3816,0,0,0,0
nearest,85.3816,-1
cover,85.4096,1,1,0,1
err,85.4097,149.0,-63.51
timing,85.4097,2.4,24.1
gate,85.4097,118.8,0.0,0.249,0.0
det,85.4097,1405.38,702.25,47.25,62.25,0.644,Head
cover,85.4418,1,1,0,1
err,85.4419,131.25,-64.26
timing,85.4419,1.9,27.9
gate,85.4419,118.8,0.0,0.249,0.0
det,85.4419,1387.75,702.81,47.0,59.88,0.762,Head
cover,85.4748,2,1,1,1
err,85.4748,96.5,-66.21
timing,85.4748,2.2,28.5
gate,85.4748,118.8,0.0,0.249,0.0
det,85.4748,1353.25,703.06,46.5,55.88,0.541,Head
det,85.4748,1319.62,817.5,125.75,311.5,0.529,Body
cover,85.5065,0,0,0,0
nearest,85.5066,-1
cover,85.5367,0,0,0,0
nearest,85.5367,-1
cover,85.5647,1,1,0,1
err,85.5648,151.0,10.8
timing,85.5648,3.3,24.2
gate,85.5648,118.8,0.0,0.249,0.0
det,85.5648,1407.88,777.25,46.25,61.0,0.597,Head
cover,85.5919,0,0,0,0
nearest,85.5919,-1
cover,85.6233,1,0,1,0
nearest,85.6233,-1
cover,85.6516,0,0,0,0
nearest,85.6517,-1
cover,85.6811,0,0,0,0
nearest,85.6811,-1
cover,85.7096,0,0,0,0
nearest,85.7097,-1
cover,85.7382,0,0,0,0
nearest,85.7382,-1
cover,85.7682,0,0,0,0
nearest,85.7682,-1
cover,85.7954,0,0,0,0
nearest,85.7954,-1
cover,85.8242,1,0,1,0
nearest,85.8242,-1
cover,85.8527,0,0,0,0
nearest,85.8527,-1
cover,85.8814,0,0,0,0
nearest,85.8814,-1
cover,85.9087,1,0,1,0
nearest,85.9087,-1
cover,85.9377,1,0,1,0
nearest,85.9377,-1
cover,85.9656,1,0,1,0
nearest,85.9657,-1
cover,85.992,1,0,1,0
nearest,85.992,-1
cover,86.0216,1,0,1,0
nearest,86.0217,-1
cover,86.0503,1,0,1,0
nearest,86.0504,-1
cover,86.0763,1,0,1,0
nearest,86.0763,-1
cover,86.1046,1,0,1,0
nearest,86.1046,-1
cover,86.1323,1,0,1,0
nearest,86.1323,-1
cover,86.1595,1,0,1,0
nearest,86.1595,-1
cover,86.1902,1,0,1,0
nearest,86.1902,-1
cover,86.2185,1,0,1,0
nearest,86.2185,-1
cover,86.2434,1,0,1,0
nearest,86.2434,-1
cover,86.2703,1,0,1,0
nearest,86.2703,-1
cover,86.2986,1,0,1,0
nearest,86.2986,-1
cover,86.3243,1,0,1,0
nearest,86.3244,-1
cover,86.3524,1,0,1,0
nearest,86.3524,-1
cover,86.3768,0,0,0,0
nearest,86.3768,-1
cover,86.4057,0,0,0,0
nearest,86.4058,-1
cover,86.4321,0,0,0,0
nearest,86.4322,-1
cover,86.4562,0,0,0,0
nearest,86.4562,-1
cover,86.4835,0,0,0,0
nearest,86.4835,-1
cover,86.5083,0,0,0,0
nearest,86.5083,-1
cover,86.5352,0,0,0,0
nearest,86.5352,-1
cover,86.5606,0,0,0,0
nearest,86.5606,-1
cover,86.588,0,0,0,0
nearest,86.5881,-1
cover,86.6167,0,0,0,0
nearest,86.6167,-1
cover,86.6437,0,0,0,0
nearest,86.6437,-1
cover,86.671,0,0,0,0
nearest,86.671,-1
cover,86.698,0,0,0,0
nearest,86.698,-1
cover,86.7219,0,0,0,0
nearest,86.7219,-1
cover,86.7478,0,0,0,0
nearest,86.7479,-1
cover,86.7726,0,0,0,0
nearest,86.7726,-1
cover,86.7989,0,0,0,0
nearest,86.7989,-1
cover,86.8236,0,0,0,0
nearest,86.8236,-1
cover,86.8496,1,0,1,0
nearest,86.8497,-1
cover,86.876,1,0,1,0
nearest,86.876,-1
cover,86.9065,0,0,0,0
nearest,86.9065,-1
cover,86.9402,0,0,0,0
nearest,86.9402,-1
cover,86.9717,0,0,0,0
nearest,86.9717,-1
cover,86.9985,0,0,0,0
nearest,86.9985,-1
lmb,87.0243,1
cover,87.0252,0,0,0,0
nearest,87.0252,-1
cover,87.0532,0,0,0,0
nearest,87.0532,-1
cover,87.0814,0,0,0,0
nearest,87.0814,-1
cover,87.1054,0,0,0,0
nearest,87.1054,-1
lmb,87.1326,0
cover,87.1337,0,0,0,0
nearest,87.1337,-1
nail,87.1594,1
cover,87.1603,1,0,1,0
nearest,87.1604,-1
cover,87.1892,1,0,1,0
nearest,87.1892,-1
cover,87.2166,1,0,1,0
nearest,87.2167,-1
cover,87.2463,1,0,1,0
nearest,87.2464,-1
cover,87.2745,1,0,1,0
nearest,87.2746,-1
cover,87.3034,1,0,1,0
nearest,87.3034,-1
cover,87.3319,1,0,1,0
nearest,87.3319,-1
cover,87.359,1,0,1,0
nearest,87.359,-1
cover,87.3877,1,0,1,0
nearest,87.3877,-1
cover,87.4147,1,0,1,0
nearest,87.4147,-1
cover,87.4395,1,0,1,0
nearest,87.4395,-1
cover,87.4684,1,0,1,0
nearest,87.4684,-1
cover,87.4919,1,0,1,0
nearest,87.492,-1
cover,87.5194,1,0,1,0
nearest,87.5194,-1
nail,87.549,0
cover,87.5513,1,0,1,0
nearest,87.5514,-1
cover,87.5803,1,0,1,0
nearest,87.5803,-1
cover,87.6095,1,0,1,0
nearest,87.6095,-1
cover,87.6405,1,0,1,0
nearest,87.6406,-1
cover,87.6695,1,0,1,0
nearest,87.6695,-1
cover,87.697,1,0,1,0
nearest,87.697,-1
lmb,87.7233,1
cover,87.7242,0,0,0,0
nearest,87.7242,-1
cover,87.754,0,0,0,0
nearest,87.754,-1
cover,87.7801,0,0,0,0
nearest,87.7801,-1
cover,87.8068,0,0,0,0
nearest,87.8069,-1
cover,87.8364,0,0,0,0
nearest,87.8364,-1
lmb,87.8666,0
nail,87.8666,1
cover,87.8697,0,0,0,0
nearest,87.8697,-1
cover,87.8994,0,0,0,0
nearest,87.8994,-1
cover,87.9275,0,0,0,0
nearest,87.9275,-1
cover,87.9567,0,0,0,0
nearest,87.9568,-1
cover,87.9857,0,0,0,0
nearest,87.9857,-1
cover,88.0108,1,0,1,0
nearest,88.0108,-1
cover,88.0392,1,0,1,0
nearest,88.0392,-1
cover,88.0673,0,0,0,0
nearest,88.0673,-1
cover,88.0991,0,0,0,0
nearest,88.0991,-1
cover,88.1243,0,0,0,0
nearest,88.1243,-1
cover,88.1532,0,0,0,0
nearest,88.1532,-1
cover,88.1772,1,0,1,0
nearest,88.1772,-1
cover,88.2057,0,0,0,0
nearest,88.2058,-1
nail,88.2332,0
cover,88.2342,0,0,0,0
nearest,88.2342,-1
cover,88.2622,0,0,0,0
nearest,88.2622,-1
cover,88.2911,0,0,0,0
nearest,88.2911,-1
cover,88.3207,0,0,0,0
nearest,88.3207,-1
cover,88.3503,0,0,0,0
nearest,88.3503,-1
cover,88.3775,0,0,0,0
nearest,88.3775,-1
cover,88.4079,0,0,0,0
nearest,88.4079,-1
cover,88.4358,0,0,0,0
nearest,88.4358,-1
cover,88.4607,0,0,0,0
nearest,88.4607,-1
cover,88.4884,0,0,0,0
nearest,88.4884,-1
cover,88.5161,0,0,0,0
nearest,88.5161,-1
cover,88.5433,0,0,0,0
nearest,88.5433,-1
cover,88.5721,0,0,0,0
nearest,88.5721,-1
cover,88.5997,0,0,0,0
nearest,88.5997,-1
cover,88.6244,1,0,1,0
nearest,88.6245,-1
cover,88.6528,0,0,0,0
nearest,88.6528,-1
cover,88.6788,0,0,0,0
nearest,88.6788,-1
cover,88.7068,0,0,0,0
nearest,88.7068,-1
cover,88.7336,0,0,0,0
nearest,88.7337,-1
cover,88.7601,0,0,0,0
nearest,88.7601,-1
cover,88.7902,0,0,0,0
nearest,88.7902,-1
cover,88.8207,0,0,0,0
nearest,88.8207,-1
cover,88.8516,0,0,0,0
nearest,88.8516,-1
cover,88.8815,1,0,1,0
nearest,88.8815,-1
cover,88.9117,1,0,1,0
nearest,88.9117,-1
cover,88.9385,0,0,0,0
nearest,88.9385,-1
cover,88.9674,0,0,0,0
nearest,88.9674,-1
cover,88.9941,0,0,0,0
nearest,88.9941,-1
lmb,89.0215,1
cover,89.0224,1,0,1,0
nearest,89.0225,-1
cover,89.0504,0,0,0,0
nearest,89.0504,-1
cover,89.0789,2,1,1,1
err,89.0791,145.5,114.5
timing,89.0791,1.6,25.5
gate,89.079,185.1,1.0,0.0,0.0
det,89.0791,1411.0,898.0,29.0,30.0,0.74,Head
det,89.0791,1334.12,887.25,129.75,235.5,0.589,Body
cmd,89.0791,195,153
lmb,89.1086,0
cover,89.11,2,1,1,1
err,89.11,145.5,114.5
timing,89.11,1.6,25.8
gate,89.11,185.1,1.0,0.249,0.0
det,89.11,1411.0,898.0,29.0,30.0,0.725,Head
det,89.11,1333.88,887.25,129.25,235.5,0.567,Body
cover,89.1386,2,1,1,1
err,89.1386,145.5,114.5
timing,89.1386,0.9,25.3
gate,89.1386,185.1,1.0,0.22,0.0
det,89.1386,1411.0,898.0,29.0,30.0,0.725,Head
det,89.1386,1333.88,887.25,129.25,235.5,0.567,Body
cover,89.1671,2,1,1,1
err,89.1672,146.0,114.51
timing,89.1672,2.0,25.0
gate,89.1672,185.4,1.0,0.192,0.0
det,89.1672,1411.62,897.88,28.75,30.25,0.762,Head
det,89.1672,1334.0,888.0,129.5,236.0,0.583,Body
cover,89.1946,1,0,1,0
nearest,89.1946,-1
lmb,89.2231,1
cover,89.224,1,0,1,0
nearest,89.224,-1
cover,89.2497,1,0,1,0
nearest,89.2497,-1
cover,89.2768,1,0,1,0
nearest,89.2768,-1
cover,89.304,1,0,1,0
nearest,89.3041,-1
nail,89.3292,1
cover,89.3303,1,0,1,0
nearest,89.3303,-1
lmb,89.3568,0
cover,89.3579,1,0,1,0
nearest,89.3579,-1
cover,89.3858,1,0,1,0
nearest,89.3858,-1
cover,89.4132,1,0,1,0
nearest,89.4132,-1
cover,89.4449,1,0,1,0
nearest,89.4449,-1
cover,89.4749,1,0,1,0
nearest,89.475,-1
cover,89.5034,1,0,1,0
nearest,89.5034,-1
cover,89.5284,1,0,1,0
nearest,89.5284,-1
cover,89.5589,2,0,2,0
nearest,89.559,-1
cover,89.5868,1,0,1,0
nearest,89.5868,-1
cover,89.617,1,0,1,0
nearest,89.617,-1
cover,89.6415,1,0,1,0
nearest,89.6415,-1
cover,89.6675,1,0,1,0
nearest,89.6675,-1
cover,89.6929,1,0,1,0
nearest,89.6929,-1
cover,89.7202,1,0,1,0
nearest,89.7202,-1
nail,89.746,0
cover,89.747,1,0,1,0
nearest,89.7471,-1
cover,89.7729,1,0,1,0
nearest,89.7729,-1
cover,89.8002,1,0,1,0
nearest,89.8002,-1
cover,89.8254,1,0,1,0
nearest,89.8255,-1
cover,89.8542,1,0,1,0
nearest,89.8542,-1
cover,89.8815,1,0,1,0
nearest,89.8815,-1
cover,89.9063,1,0,1,0
nearest,89.9063,-1
cover,89.9332,1,0,1,0
nearest,89.9332,-1
cover,89.9587,1,0,1,0
nearest,89.9587,-1
cover,89.9869,1,0,1,0
nearest,89.987,-1
cover,90.0173,1,0,1,0
nearest,90.0173,-1
cover,90.0447,1,0,1,0
nearest,90.0447,-1
cover,90.0739,1,0,1,0
nearest,90.0739,-1
cover,90.1029,1,0,1,0
nearest,90.103,-1
cover,90.1331,1,0,1,0
nearest,90.1331,-1
cover,90.1619,1,0,1,0
nearest,90.162,-1
cover,90.1875,1,0,1,0
nearest,90.1875,-1
cover,90.2119,1,0,1,0
nearest,90.212,-1
cover,90.2386,0,0,0,0
nearest,90.2386,-1
cover,90.2647,1,0,1,0
nearest,90.2647,-1
cover,90.2901,1,0,1,0
nearest,90.2901,-1
cover,90.3173,2,0,2,0
nearest,90.3173,-1
cover,90.3435,0,0,0,0
nearest,90.3435,-1
cover,90.3711,0,0,0,0
nearest,90.3711,-1
cover,90.3978,1,0,1,0
nearest,90.3978,-1
cover,90.4241,0,0,0,0
nearest,90.4242,-1
cover,90.4512,1,0,1,0
nearest,90.4512,-1
cover,90.4789,1,0,1,0
nearest,90.4789,-1
cover,90.5051,1,0,1,0
nearest,90.5051,-1
cover,90.5318,1,0,1,0
nearest,90.5318,-1
cover,90.5566,1,0,1,0
nearest,90.5567,-1
cover,90.5834,1,0,1,0
nearest,90.5834,-1
cover,90.609,1,0,1,0
nearest,90.609,-1
cover,90.637,1,0,1,0
nearest,90.6371,-1
cover,90.6617,1,0,1,0
nearest,90.6617,-1
cover,90.6912,1,0,1,0
nearest,90.6912,-1
cover,90.7178,1,0,1,0
nearest,90.7179,-1
cover,90.7428,1,0,1,0
nearest,90.7428,-1
cover,90.7717,0,0,0,0
nearest,90.7718,-1
cover,90.8009,0,0,0,0
nearest,90.8009,-1
cover,90.8284,0,0,0,0
nearest,90.8284,-1
cover,90.8589,0,0,0,0
nearest,90.8589,-1
cover,90.8891,0,0,0,0
nearest,90.8892,-1
cover,90.9169,0,0,0,0
nearest,90.9169,-1
cover,90.9413,0,0,0,0
nearest,90.9413,-1
cover,90.9676,0,0,0,0
nearest,90.9676,-1
cover,90.993,0,0,0,0
nearest,90.993,-1
cover,91.0204,0,0,0,0
nearest,91.0204,-1
cover,91.0503,0,0,0,0
nearest,91.0503,-1
cover,91.0751,0,0,0,0
nearest,91.0751,-1
cover,91.1028,0,0,0,0
nearest,91.1028,-1
lmb,91.1288,1
cover,91.13,0,0,0,0
nearest,91.13,-1
cover,91.1578,0,0,0,0
nearest,91.1579,-1
lmb,91.227,0
cover,91.2282,1,0,1,0
nearest,91.2282,-1
nail,91.2565,1
cover,91.2574,1,0,1,0
nearest,91.2574,-1
lmb,91.284,1
cover,91.285,1,0,1,0
nearest,91.285,-1
cover,91.3102,1,0,1,0
nearest,91.3102,-1
cover,91.3375,1,0,1,0
nearest,91.3375,-1
cover,91.3632,0,0,0,0
nearest,91.3632,-1
cover,91.3909,0,0,0,0
nearest,91.3909,-1
lmb,91.4177,0
cover,91.4188,0,0,0,0
nearest,91.4189,-1
cover,91.4441,0,0,0,0
nearest,91.4441,-1
cover,91.4717,1,0,1,0
nearest,91.4717,-1
cover,91.501,1,0,1,0
nearest,91.501,-1
cover,91.5255,0,0,0,0
nearest,91.5255,-1
cover,91.5553,0,0,0,0
nearest,91.5553,-1
cover,91.5861,0,0,0,0
nearest,91.5861,-1
cover,91.6157,0,0,0,0
nearest,91.6157,-1
cover,91.6449,0,0,0,0
nearest,91.6449,-1
cover,91.675,1,0,1,0
nearest,91.6751,-1
cover,91.7041,0,0,0,0
nearest,91.7041,-1
cover,91.7321,0,0,0,0
nearest,91.7321,-1
cover,91.7593,0,0,0,0
nearest,91.7593,-1
nail,91.7877,0
cover,91.7887,0,0,0,0
nearest,91.7887,-1
cover,91.8166,0,0,0,0
nearest,91.8167,-1
cover,91.8445,0,0,0,0
nearest,91.8445,-1
cover,91.876,0,0,0,0
nearest,91.876,-1
lmb,91.9057,1
cover,91.9069,0,0,0,0
nearest,91.9069,-1
cover,91.9371,0,0,0,0
nearest,91.9371,-1
cover,91.9668,0,0,0,0
nearest,91.9669,-1
cover,91.9927,0,0,0,0
nearest,91.9927,-1
cover,92.0204,0,0,0,0
nearest,92.0204,-1
lmb,92.0467,0
nail,92.0467,1
cover,92.0484,0,0,0,0
nearest,92.0484,-1
cover,92.0747,0,0,0,0
nearest,92.0747,-1
cover,92.1014,0,0,0,0
nearest,92.1014,-1
cover,92.1277,0,0,0,0
nearest,92.1277,-1
cover,92.1569,0,0,0,0
nearest,92.1569,-1
cover,92.1871,0,0,0,0
nearest,92.1871,-1
cover,92.2166,0,0,0,0
nearest,92.2166,-1
nail,92.246,0
cover,92.2469,1,1,0,1
err,92.247,170.5,-9.9
timing,92.247,2.0,26.6
gate,92.247,170.8,0.0,0.0,0.0
det,92.247,1425.12,753.25,50.75,67.0,0.689,Head
cover,92.2761,1,0,1,0
nearest,92.2761,-1
cover,92.306,0,0,0,0
nearest,92.306,-1
cover,92.3334,0,0,0,0
nearest,92.3334,-1
lmb,92.3609,1
cover,92.3618,0,0,0,0
nearest,92.3618,-1
cover,92.3878,0,0,0,0
nearest,92.3878,-1
nail,92.4124,1
cover,92.4133,0,0,0,0
nearest,92.4133,-1
cover,92.4409,0,0,0,0
nearest,92.441,-1
lmb,92.4689,0
cover,92.4702,0,0,0,0
nearest,92.4702,-1
cover,92.4948,0,0,0,0
nearest,92.4948,-1
cover,92.5229,0,0,0,0
nearest,92.5229,-1
cover,92.5476,0,0,0,0
nearest,92.5476,-1
cover,92.5742,0,0,0,0
nearest,92.5743,-1
cover,92.6002,0,0,0,0
nearest,92.6002,-1
cover,92.6287,0,0,0,0
nearest,92.6287,-1
cover,92.6557,0,0,0,0
nearest,92.6557,-1
cover,92.6839,0,0,0,0
nearest,92.6839,-1
cover,92.7105,0,0,0,0
nearest,92.7105,-1
cover,92.7378,0,0,0,0
nearest,92.7378,-1
cover,92.7629,0,0,0,0
nearest,92.7629,-1
cover,92.7902,0,0,0,0
nearest,92.7902,-1
cover,92.8158,0,0,0,0
nearest,92.8159,-1
cover,92.8448,0,0,0,0
nearest,92.8448,-1
nail,92.8715,0
cover,92.8725,0,0,0,0
nearest,92.8725,-1
cover,92.8972,0,0,0,0
nearest,92.8972,-1
cover,92.9236,0,0,0,0
nearest,92.9236,-1
cover,92.9496,0,0,0,0
nearest,92.9497,-1
cover,92.977,0,0,0,0
nearest,92.977,-1
cover,93.0035,0,0,0,0
nearest,93.0035,-1
cover,93.0274,0,0,0,0
nearest,93.0274,-1
cover,93.0543,1,1,0,1
err,93.0544,168.75,-22.04
timing,93.0544,3.5,22.9
gate,93.0544,170.8,0.0,0.0,0.0
det,93.0544,1423.5,739.88,50.5,69.25,0.511,Head
cover,93.0867,0,0,0,0
nearest,93.0867,-1
cover,93.1153,0,0,0,0
nearest,93.1153,-1
cover,93.143,0,0,0,0
nearest,93.143,-1
cover,93.1696,0,0,0,0
nearest,93.1696,-1
cover,93.1948,0,0,0,0
nearest,93.1949,-1
cover,93.2218,0,0,0,0
nearest,93.2219,-1
cover,93.2484,0,0,0,0
nearest,93.2484,-1
cover,93.2761,0,0,0,0
nearest,93.2762,-1
cover,93.303,0,0,0,0
nearest,93.303,-1
cover,93.3275,0,0,0,0
nearest,93.3275,-1
cover,93.3538,1,0,1,0
nearest,93.3538,-1
cover,93.384,0,0,0,0
nearest,93.384,-1
cover,93.4107,0,0,0,0
nearest,93.4107,-1
cover,93.4404,0,0,0,0
nearest,93.4404,-1
cover,93.4642,0,0,0,0
nearest,93.4643,-1
cover,93.4924,0,0,0,0
nearest,93.4924,-1
cover,93.5174,0,0,0,0
nearest,93.5174,-1
cover,93.5423,0,0,0,0
nearest,93.5423,-1
cover,93.5696,0,0,0,0
nearest,93.5697,-1
cover,93.5955,0,0,0,0
nearest,93.5955,-1
cover,93.6236,0,0,0,0
nearest,93.6236,-1
cover,93.6492,0,0,0,0
nearest,93.6492,-1
cover,93.6773,0,0,0,0
nearest,93.6774,-1
cover,93.7061,0,0,0,0
nearest,93.7061,-1
cover,93.7316,0,0,0,0
nearest,93.7316,-1
cover,93.7595,1,1,0,1
err,93.7595,111.0,-8.9
timing,93.7595,3.1,24.0
gate,93.7595,170.8,0.0,0.0,0.0
det,93.7595,1366.62,757.0,48.75,62.0,0.571,Head
cover,93.7877,0,0,0,0
nearest,93.7877,-1
cover,93.8161,0,0,0,0
nearest,93.8161,-1
cover,93.8444,0,0,0,0
nearest,93.8444,-1
cover,93.8734,0,0,0,0
nearest,93.8734,-1
cover,93.8973,0,0,0,0
nearest,93.8973,-1
cover,93.9247,0,0,0,0
nearest,93.9248,-1
cover,93.9538,0,0,0,0
nearest,93.9538,-1
cover,93.9785,0,0,0,0
nearest,93.9785,-1
cover,94.0072,0,0,0,0
nearest,94.0072,-1
cover,94.0342,0,0,0,0
nearest,94.0342,-1
cover,94.0602,0,0,0,0
nearest,94.0602,-1
cover,94.0908,0,0,0,0
nearest,94.0908,-1
cover,94.12,0,0,0,0
nearest,94.12,-1
cover,94.1463,1,0,1,0
nearest,94.1463,-1
cover,94.1753,0,0,0,0
nearest,94.1754,-1
cover,94.2039,1,1,0,1
err,94.2039,101.5,-16.91
timing,94.2039,2.7,24.7
gate,94.2039,170.8,0.0,0.0,0.0
det,94.2039,1357.0,749.12,49.0,61.75,0.51,Head
cover,94.235,0,0,0,0
nearest,94.235,-1
cover,94.2614,0,0,0,0
nearest,94.2614,-1
cover,94.2901,0,0,0,0
nearest,94.2902,-1
cover,94.3164,0,0,0,0
nearest,94.3164,-1
cover,94.3448,0,0,0,0
nearest,94.3448,-1
cover,94.3714,0,0,0,0
nearest,94.3714,-1
cover,94.3958,0,0,0,0
nearest,94.3958,-1
cover,94.4221,0,0,0,0
nearest,94.4221,-1
cover,94.4465,0,0,0,0
nearest,94.4465,-1
cover,94.4736,0,0,0,0
nearest,94.4736,-1
cover,94.4994,0,0,0,0
nearest,94.4994,-1
cover,94.5279,0,0,0,0
nearest,94.5279,-1
cover,94.5548,0,0,0,0
nearest,94.5548,-1
cover,94.5815,0,0,0,0
nearest,94.5815,-1
cover,94.6079,0,0,0,0
nearest,94.6079,-1
cover,94.6333,0,0,0,0
nearest,94.6333,-1
cover,94.6608,0,0,0,0
nearest,94.6608,-1
cover,94.6892,0,0,0,0
nearest,94.6892,-1
cover,94.7154,0,0,0,0
nearest,94.7154,-1
cover,94.7428,0,0,0,0
nearest,94.7429,-1
cover,94.769,0,0,0,0
nearest,94.769,-1
cover,94.7964,0,0,0,0
nearest,94.7964,-1
cover,94.8226,0,0,0,0
nearest,94.8226,-1
cover,94.8466,0,0,0,0
nearest,94.8466,-1
cover,94.874,0,0,0,0
nearest,94.8741,-1
cover,94.9015,1,0,1,0
nearest,94.9015,-1
cover,94.9305,1,0,1,0
nearest,94.9306,-1
cover,94.9579,1,0,1,0
nearest,94.9579,-1
cover,94.9832,1,0,1,0
nearest,94.9833,-1
cover,95.0118,1,0,1,0
nearest,95.0119,-1
cover,95.0386,1,0,1,0
nearest,95.0387,-1
cover,95.0634,1,0,1,0
nearest,95.0634,-1
cover,95.0898,1,0,1,0
nearest,95.0898,-1
cover,95.1139,0,0,0,0
nearest,95.1139,-1
lmb,95.1435,1
cover,95.1447,1,0,1,0
nearest,95.1447,-1
cover,95.1732,1,0,1,0
nearest,95.1732,-1
cover,95.2001,1,0,1,0
nearest,95.2002,-1
cover,95.2265,0,0,0,0
nearest,95.2265,-1
cover,95.2548,1,0,1,0
nearest,95.2548,-1
nail,95.2816,1
cover,95.2825,0,0,0,0
nearest,95.2825,-1
cover,95.31,0,0,0,0
nearest,95.3101,-1
cover,95.3355,0,0,0,0
nearest,95.3355,-1
cover,95.3617,0,0,0,0
nearest,95.3617,-1
cover,95.3887,0,0,0,0
nearest,95.3887,-1
cover,95.4138,0,0,0,0
nearest,95.4139,-1
cover,95.4403,1,0,1,0
nearest,95.4403,-1
cover,95.4668,0,0,0,0
nearest,95.4668,-1
cover,95.4949,0,0,0,0
nearest,95.4949,-1
cover,95.5228,0,0,0,0
nearest,95.5228,-1
lmb,95.5482,0
cover,95.5493,0,0,0,0
nearest,95.5493,-1
cover,95.5754,0,0,0,0
nearest,95.5754,-1
cover,95.6,1,0,1,0
nearest,95.6,-1
cover,95.6275,1,0,1,0
nearest,95.6275,-1
nail,95.6549,0
cover,95.6557,1,0,1,0
nearest,95.6557,-1
cover,95.6804,0,0,0,0
nearest,95.6804,-1
cover,95.7082,0,0,0,0
nearest,95.7082,-1
cover,95.7376,0,0,0,0
nearest,95.7376,-1
cover,95.7631,0,0,0,0
nearest,95.7631,-1
cover,95.7886,0,0,0,0
nearest,95.7886,-1
cover,95.8119,0,0,0,0
nearest,95.8119,-1
cover,95.8382,0,0,0,0
nearest,95.8383,-1
cover,95.8617,0,0,0,0
nearest,95.8617,-1
cover,95.8881,0,0,0,0
nearest,95.8881,-1
cover,95.9119,0,0,0,0
nearest,95.9119,-1
cover,95.9385,0,0,0,0
nearest,95.9385,-1
cover,95.963,0,0,0,0
nearest,95.963,-1
cover,95.9895,0,0,0,0
nearest,95.9895,-1
cover,96.0129,0,0,0,0
nearest,96.0129,-1
cover,96.043,0,0,0,0
nearest,96.043,-1
cover,96.0722,0,0,0,0
nearest,96.0722,-1
cover,96.0956,0,0,0,0
nearest,96.0956,-1
cover,96.1225,0,0,0,0
nearest,96.1225,-1
cover,96.1471,0,0,0,0
nearest,96.1472,-1
cover,96.1747,0,0,0,0
nearest,96.1748,-1
cover,96.2006,0,0,0,0
nearest,96.2006,-1
cover,96.227,0,0,0,0
nearest,96.227,-1
cover,96.2543,0,0,0,0
nearest,96.2543,-1
cover,96.279,0,0,0,0
nearest,96.279,-1
cover,96.3063,0,0,0,0
nearest,96.3063,-1
cover,96.3305,0,0,0,0
nearest,96.3305,-1
cover,96.3592,0,0,0,0
nearest,96.3592,-1
lmb,96.3835,1
cover,96.3846,0,0,0,0
nearest,96.3846,-1
cover,96.4114,0,0,0,0
nearest,96.4114,-1
cover,96.4388,1,0,1,0
nearest,96.4388,-1
cover,96.4641,0,0,0,0
nearest,96.4641,-1
cover,96.4946,0,0,0,0
nearest,96.4946,-1
nail,96.5229,1
cover,96.5238,0,0,0,0
nearest,96.5239,-1
cover,96.5543,0,0,0,0
nearest,96.5543,-1
cover,96.5785,0,0,0,0
nearest,96.5786,-1
cover,96.6051,0,0,0,0
nearest,96.6051,-1
cover,96.6302,0,0,0,0
nearest,96.6302,-1
cover,96.6571,0,0,0,0
nearest,96.6571,-1
cover,96.6813,0,0,0,0
nearest,96.6813,-1
cover,96.7086,0,0,0,0
nearest,96.7087,-1
cover,96.7389,0,0,0,0
nearest,96.7389,-1
cover,96.764,0,0,0,0
nearest,96.764,-1
cover,96.79,0,0,0,0
nearest,96.79,-1
cover,96.814,0,0,0,0
nearest,96.8141,-1
cover,96.84,0,0,0,0
nearest,96.84,-1
cover,96.8643,0,0,0,0
nearest,96.8643,-1
cover,96.8946,0,0,0,0
nearest,96.8946,-1
lmb,96.923,0
nail,96.923,0
cover,96.9249,0,0,0,0
nearest,96.9249,-1
cover,96.9507,0,0,0,0
nearest,96.9507,-1
cover,96.978,0,0,0,0
nearest,96.978,-1
cover,97.0036,0,0,0,0
nearest,97.0036,-1
cover,97.0296,0,0,0,0
nearest,97.0296,-1
cover,97.0616,0,0,0,0
nearest,97.0616,-1
cover,97.0873,0,0,0,0
nearest,97.0873,-1
cover,97.113,0,0,0,0
nearest,97.1131,-1
cover,97.1406,0,0,0,0
nearest,97.1406,-1
cover,97.165,0,0,0,0
nearest,97.165,-1
cover,97.1909,0,0,0,0
nearest,97.1909,-1
cover,97.2154,0,0,0,0
nearest,97.2154,-1
cover,97.2445,0,0,0,0
nearest,97.2445,-1
cover,97.2688,0,0,0,0
nearest,97.2688,-1
cover,97.2959,0,0,0,0
nearest,97.2959,-1
cover,97.3247,0,0,0,0
nearest,97.3247,-1
cover,97.3578,0,0,0,0
nearest,97.3578,-1
cover,97.387,0,0,0,0
nearest,97.387,-1
cover,97.416,0,0,0,0
nearest,97.416,-1
cover,97.4479,0,0,0,0
nearest,97.448,-1
cover,97.4836,0,0,0,0
nearest,97.4836,-1
cover,97.5169,0,0,0,0
nearest,97.5169,-1
cover,97.547,0,0,0,0
nearest,97.547,-1
cover,97.5737,0,0,0,0
nearest,97.5738,-1
cover,97.6041,0,0,0,0
nearest,97.6041,-1
cover,97.6322,0,0,0,0
nearest,97.6322,-1
cover,97.6598,0,0,0,0
nearest,97.6599,-1
cover,97.6861,0,0,0,0
nearest,97.6861,-1
cover,97.7117,0,0,0,0
nearest,97.7118,-1
cover,97.7389,0,0,0,0
nearest,97.7389,-1
cover,97.7656,0,0,0,0
nearest,97.7656,-1
cover,97.7916,0,0,0,0
nearest,97.7917,-1
cover,97.8192,0,0,0,0
nearest,97.8192,-1
cover,97.8487,0,0,0,0
nearest,97.8487,-1
cover,97.8758,0,0,0,0
nearest,97.8758,-1
cover,97.9064,0,0,0,0
nearest,97.9064,-1
cover,97.9352,0,0,0,0
nearest,97.9352,-1
cover,97.9621,0,0,0,0
nearest,97.9621,-1
cover,97.9907,0,0,0,0
nearest,97.9908,-1
cover,98.0195,0,0,0,0
nearest,98.0195,-1
cover,98.0439,0,0,0,0
nearest,98.0439,-1
cover,98.0714,0,0,0,0
nearest,98.0714,-1
cover,98.0988,0,0,0,0
nearest,98.0988,-1
cover,98.1295,0,0,0,0
nearest,98.1295,-1
cover,98.1616,0,0,0,0
nearest,98.1617,-1
cover,98.195,0,0,0,0
nearest,98.195,-1
cover,98.2241,0,0,0,0
nearest,98.2242,-1
cover,98.2522,0,0,0,0
nearest,98.2522,-1
cover,98.2834,0,0,0,0
nearest,98.2835,-1
cover,98.3075,0,0,0,0
nearest,98.3076,-1
cover,98.3367,0,0,0,0
nearest,98.3367,-1
cover,98.3635,0,0,0,0
nearest,98.3635,-1
cover,98.3917,0,0,0,0
nearest,98.3917,-1
cover,98.4272,0,0,0,0
nearest,98.4273,-1
cover,98.4621,0,0,0,0
nearest,98.4621,-1
cover,98.4918,0,0,0,0
nearest,98.4918,-1
cover,98.5256,0,0,0,0
nearest,98.5257,-1
cover,98.556,0,0,0,0
nearest,98.5561,-1
cover,98.5902,0,0,0,0
nearest,98.5902,-1
cover,98.6174,0,0,0,0
nearest,98.6174,-1
cover,98.6474,0,0,0,0
nearest,98.6475,-1
cover,98.6781,0,0,0,0
nearest,98.6781,-1
cover,98.7086,0,0,0,0
nearest,98.7086,-1
cover,98.7371,0,0,0,0
nearest,98.7371,-1
cover,98.7766,0,0,0,0
nearest,98.7766,-1
cover,98.8094,0,0,0,0
nearest,98.8094,-1
cover,98.8398,0,0,0,0
nearest,98.8399,-1
cover,98.8788,2,1,1,0
nearest,98.8788,214.0
cover,98.9116,2,1,1,0
nearest,98.9116,214.1
cover,98.9434,2,1,1,0
nearest,98.9434,214.3
cover,98.971,2,1,1,0
nearest,98.971,214.2
cover,98.9987,2,1,1,0
nearest,98.9987,214.0
cover,99.0302,2,1,1,0
nearest,99.0303,214.2
cover,99.0653,2,1,1,0
nearest,99.0653,214.2
cover,99.0937,2,1,1,0
nearest,99.0937,214.1
cover,99.126,2,1,1,0
nearest,99.126,214.1
cover,99.1577,2,1,1,0
nearest,99.1577,214.0
cover,99.1877,2,1,1,0
nearest,99.1877,214.2
cover,99.219,2,1,1,0
nearest,99.219,214.2
cover,99.2475,2,1,1,0
nearest,99.2476,214.2
cover,99.2747,2,1,1,0
nearest,99.2748,213.9
cover,99.3044,2,1,1,0
nearest,99.3044,214.0
cover,99.3318,2,1,1,0
nearest,99.3318,213.8
cover,99.362,2,1,1,0
nearest,99.3621,213.8
cover,99.3904,2,1,1,0
nearest,99.3904,213.8
cover,99.4194,2,1,1,0
nearest,99.4195,213.6
cover,99.4509,2,1,1,0
nearest,99.4509,214.0
cover,99.4782,2,1,1,0
nearest,99.4782,214.0
cover,99.5056,2,1,1,0
nearest,99.5056,213.8
cover,99.5391,0,0,0,0
nearest,99.5391,-1
cover,99.5691,0,0,0,0
nearest,99.5691,-1
cover,99.5944,0,0,0,0
nearest,99.5944,-1
cover,99.6215,0,0,0,0
nearest,99.6216,-1
cover,99.6494,0,0,0,0
nearest,99.6495,-1
cover,99.6736,0,0,0,0
nearest,99.6736,-1
cover,99.6978,0,0,0,0
nearest,99.6978,-1
cover,99.7227,0,0,0,0
nearest,99.7227,-1
cover,99.7476,0,0,0,0
nearest,99.7476,-1
cover,99.7741,0,0,0,0
nearest,99.7741,-1
cover,99.8002,0,0,0,0
nearest,99.8003,-1
cover,99.8271,0,0,0,0
nearest,99.8271,-1
cover,99.8545,0,0,0,0
nearest,99.8545,-1
cover,99.8806,0,0,0,0
nearest,99.8806,-1
cover,99.9063,0,0,0,0
nearest,99.9064,-1
cover,99.9365,0,0,0,0
nearest,99.9365,-1
cover,99.9612,0,0,0,0
nearest,99.9612,-1
cover,99.9882,0,0,0,0
nearest,99.9883,-1
cover,100.0153,0,0,0,0
nearest,100.0153,-1
cover,100.0418,0,0,0,0
nearest,100.0418,-1
cover,100.0672,0,0,0,0
nearest,100.0672,-1
