kind,t,a,b
meta,0,1.3398561541818312,60
cover,0.2953,0,0,0,0
nearest,0.2953,-1
cover,0.3269,0,0,0,0
nearest,0.3269,-1
cover,0.3585,0,0,0,0
nearest,0.3586,-1
cover,0.3929,0,0,0,0
nearest,0.3929,-1
cover,0.4242,0,0,0,0
nearest,0.4242,-1
cover,0.4531,0,0,0,0
nearest,0.4531,-1
cover,0.4842,0,0,0,0
nearest,0.4842,-1
cover,0.5129,0,0,0,0
nearest,0.513,-1
cover,0.5468,0,0,0,0
nearest,0.5468,-1
cover,0.5828,0,0,0,0
nearest,0.5828,-1
cover,0.6199,0,0,0,0
nearest,0.6199,-1
cover,0.6548,0,0,0,0
nearest,0.6549,-1
cover,0.698,0,0,0,0
nearest,0.698,-1
cover,0.7323,0,0,0,0
nearest,0.7323,-1
cover,0.7613,0,0,0,0
nearest,0.7613,-1
cover,0.7853,0,0,0,0
nearest,0.7853,-1
cover,0.8127,0,0,0,0
nearest,0.8127,-1
cover,0.8412,0,0,0,0
nearest,0.8412,-1
cover,0.8724,0,0,0,0
nearest,0.8724,-1
cover,0.9071,0,0,0,0
nearest,0.9071,-1
cover,0.9462,1,0,1,1
err,0.9463,-227.62,61.9
timing,0.9463,6.4,31.7
gate,0.9463,235.9,0.0,0.0,0.0
det,0.9463,974.25,829.5,156.25,324.0,0.6,Body
cover,0.9799,1,0,1,1
err,0.98,-227.62,59.95
timing,0.98,4.3,27.5
gate,0.98,235.6,0.0,0.0,0.0
det,0.98,973.75,827.5,157.25,324.5,0.642,Body
cover,1.0138,1,0,1,1
err,1.0139,-227.69,60.5
timing,1.0139,4.5,27.7
gate,1.0139,235.6,0.0,0.0,0.0
det,1.0139,973.62,828.0,157.38,325.0,0.672,Body
cover,1.0475,1,0,1,1
err,1.0476,-226.94,59.55
timing,1.0476,5.0,27.1
gate,1.0476,235.1,1.0,0.0,0.0
det,1.0476,973.88,827.0,158.38,325.5,0.674,Body
cmd,1.0476,-304,80
cover,1.0816,1,0,1,1
err,1.0816,-227.25,59.95
timing,1.0816,4.5,27.9
gate,1.0816,235.0,1.0,0.246,0.0
det,1.0816,973.75,827.5,158.0,324.5,0.66,Body
cover,1.1165,2,0,2,1
err,1.1166,-227.12,60.4
timing,1.1166,4.5,28.8
gate,1.1166,235.0,1.0,0.211,0.0
det,1.1166,974.0,828.0,157.75,324.0,0.609,Body
det,1.1166,1511.0,855.88,8.0,21.25,0.513,Body
cover,1.1529,1,0,1,1
err,1.1529,-228.25,63.15
timing,1.1529,4.3,30.2
gate,1.1529,236.0,1.0,0.175,0.0
det,1.1529,973.12,831.0,157.25,321.5,0.667,Body
cover,1.1975,1,0,1,1
err,1.1976,-20.5,-3.1
timing,1.1976,3.7,39.1
gate,1.1976,20.7,0.0,0.13,0.0
det,1.1976,1185.38,764.0,148.25,329.0,0.669,Body
cover,1.2387,0,0,0,0
nearest,1.2388,-1
cover,1.2813,1,0,1,1
err,1.2815,-10.5,-1.75
timing,1.2815,5.3,35.7
gate,1.2815,15.2,0.0,0.046,1.0
det,1.2815,1192.62,765.5,153.75,327.5,0.583,Body
cmd,1.2815,-14,-2
cover,1.3195,2,0,2,1
err,1.3196,-38.25,-8.65
timing,1.3196,3.5,32.8
gate,1.3196,18.5,1.0,0.242,0.0
det,1.3196,1162.81,757.5,157.88,338.5,0.74,Body
det,1.3196,1509.75,866.75,8.5,19.5,0.515,Body
cover,1.3628,1,0,1,1
err,1.3629,-54.5,-11.05
timing,1.3629,4.6,36.8
gate,1.3629,55.6,0.0,0.199,0.0
det,1.3629,1146.75,754.5,157.5,344.5,0.689,Body
cover,1.4022,1,0,1,1
err,1.4022,-67.25,-17.3
timing,1.4022,4.9,32.8
gate,1.4022,57.5,0.0,0.159,0.0
det,1.4022,1131.81,748.0,161.88,347.0,0.645,Body
cover,1.4399,1,0,1,1
err,1.44,-67.62,-17.5
timing,1.44,4.0,32.2
gate,1.44,59.2,0.0,0.121,0.0
det,1.44,1131.75,747.5,161.25,350.0,0.697,Body
cover,1.4823,1,0,1,1
err,1.4823,-67.62,-17.2
timing,1.4823,4.9,35.9
gate,1.4823,65.0,1.0,0.079,0.0
det,1.4823,1131.75,747.88,161.25,349.25,0.687,Body
cover,1.5191,1,0,1,1
err,1.5192,-53.5,-10.95
timing,1.5192,3.7,31.7
gate,1.5192,59.3,1.0,0.042,0.0
det,1.5192,1143.69,754.5,165.62,345.5,0.692,Body
cover,1.5565,1,0,1,1
err,1.5566,-53.5,-11.4
timing,1.5566,4.1,31.6
gate,1.5566,56.8,1.0,0.005,0.0
det,1.5566,1143.25,754.0,166.5,346.0,0.674,Body
cover,1.5965,1,0,1,1
err,1.5966,-53.5,-12.4
timing,1.5966,4.2,34.0
gate,1.5966,55.7,1.0,0.0,0.0
det,1.5966,1143.38,752.88,166.25,347.25,0.635,Body
cmd,1.5966,-72,-16
cover,1.6333,1,0,1,1
err,1.6334,-54.25,-12.3
timing,1.6334,5.9,29.2
gate,1.6334,55.7,1.0,0.243,0.0
det,1.6334,1143.0,753.0,165.5,347.0,0.602,Body
cover,1.6681,1,0,1,1
err,1.6682,-55.0,-12.75
timing,1.6682,3.8,29.4
gate,1.6682,56.1,1.0,0.208,0.0
det,1.6682,1142.5,752.5,165.0,347.5,0.63,Body
cover,1.7032,1,0,1,1
err,1.7033,-55.25,-12.75
timing,1.7033,3.7,29.9
gate,1.7033,56.4,1.0,0.173,0.0
det,1.7033,1142.69,752.5,164.12,347.5,0.661,Body
cover,1.7371,1,0,1,1
err,1.7371,-54.75,-12.75
timing,1.7371,3.6,28.9
gate,1.7371,56.3,1.0,0.139,0.0
det,1.7371,1142.94,752.5,164.62,347.5,0.663,Body
cover,1.7784,1,0,1,1
err,1.7784,-55.0,-13.1
timing,1.7784,4.4,35.3
gate,1.7784,56.4,1.0,0.098,0.0
det,1.7784,1142.62,752.12,164.75,347.75,0.622,Body
cover,1.8144,0,0,0,0
nearest,1.8145,-1
cover,1.8523,0,0,0,0
nearest,1.8523,-1
cover,1.8889,1,0,1,1
err,1.889,-2.0,2.15
timing,1.889,4.5,31.3
gate,1.889,56.4,1.0,0.098,0.0
det,1.889,1196.38,767.5,163.25,346.5,0.673,Body
cover,1.89,1,0,1,1
err,1.8901,-2.0,2.15
timing,1.8901,4.5,31.3
gate,1.8901,56.4,1.0,0.098,0.0
det,1.8901,1196.38,767.5,163.25,346.5,0.673,Body
cover,1.9391,0,0,0,0
nearest,1.9391,-1
cover,1.9401,0,0,0,0
nearest,1.9401,-1
cover,1.9922,1,0,1,1
err,1.9933,-42.0,-1.5
timing,1.9933,1.7,30.4
gate,1.9932,42.0,0.0,0.0,0.0
det,1.9933,1154.12,764.5,167.75,340.0,0.685,Body
cover,2.0388,2,1,1,1
err,2.0389,-64.75,-13.5
timing,2.0389,6.7,35.7
gate,2.0389,45.2,0.0,0.0,0.0
det,2.0389,1131.75,761.5,157.75,356.5,0.682,Body
det,2.0389,1195.19,756.25,40.12,55.0,0.551,Head
cover,2.0799,1,0,1,1
err,2.08,-92.88,7.0
timing,2.08,4.2,35.4
gate,2.08,93.1,0.0,0.0,0.0
det,2.08,1109.75,773.0,154.75,340.0,0.734,Body
cover,2.1178,1,0,1,1
err,2.1179,-131.12,1.9
timing,2.1179,4.6,31.5
gate,2.1179,131.1,0.0,0.0,0.0
det,2.1179,1072.0,768.38,153.75,335.25,0.646,Body
cover,2.1565,1,0,1,1
err,2.1565,-158.38,8.75
timing,2.1565,3.8,33.2
gate,2.1565,134.9,0.0,0.0,0.0
det,2.1565,1043.12,773.5,157.0,352.5,0.751,Body
cover,2.197,2,0,2,1
err,2.197,-190.62,10.8
timing,2.197,5.4,33.4
gate,2.197,190.9,0.0,0.0,0.0
det,2.197,1497.75,892.75,8.5,20.0,0.762,Body
det,2.197,1014.0,776.0,150.75,348.0,0.689,Body
cover,2.2346,1,0,1,1
err,2.2347,-232.38,6.1
timing,2.2347,4.9,31.1
gate,2.2347,232.5,0.0,0.0,0.0
det,2.2347,965.75,770.12,163.75,359.75,0.732,Body
cover,2.2719,1,0,1,1
err,2.2719,-254.12,16.95
timing,2.2719,4.1,31.6
gate,2.2719,235.5,0.0,0.0,0.0
det,2.2719,955.0,785.0,141.75,319.5,0.647,Body
cover,2.313,2,0,2,1
err,2.3131,-265.5,14.5
timing,2.3131,3.9,35.6
gate,2.3131,265.9,0.0,0.0,0.0
det,2.3131,956.5,783.12,116.0,313.75,0.737,Body
det,2.3131,1501.25,870.75,9.5,21.0,0.667,Body
cover,2.3535,1,0,1,0
nearest,2.3535,-1
cover,2.3972,1,0,1,1
err,2.3973,-284.41,15.5
timing,2.3973,6.8,35.4
gate,2.3973,268.5,0.0,0.0,0.0
det,2.3973,957.94,785.0,75.31,305.0,0.566,Body
cover,2.4373,1,0,1,1
err,2.4374,-285.62,14.35
timing,2.4374,4.9,33.3
gate,2.4374,270.9,1.0,0.0,0.0
det,2.4374,957.75,783.0,73.25,313.5,0.535,Body
cmd,2.4374,-383,19
cover,2.4795,0,0,0,0
nearest,2.4795,-1
cover,2.5173,0,0,0,0
nearest,2.5173,-1
cover,2.5539,0,0,0,0
nearest,2.5539,-1
cover,2.5929,0,0,0,0
nearest,2.5929,-1
cover,2.6299,1,0,1,1
err,2.63,-15.0,-10.0
timing,2.63,2.4,33.0
gate,2.63,18.0,0.0,0.087,0.0
det,2.63,1195.12,754.5,139.75,355.0,0.521,Body
cover,2.6672,1,0,1,1
err,2.6673,-15.0,-10.45
timing,2.6673,4.1,31.4
gate,2.6673,18.2,0.0,0.05,1.0
det,2.6673,1195.56,754.0,138.88,355.5,0.53,Body
cmd,2.6673,-20,-14
cover,2.7022,1,0,1,1
err,2.7023,-11.0,-13.95
timing,2.7023,3.6,29.9
gate,2.7023,17.7,0.0,0.245,0.0
det,2.7023,1195.69,751.5,146.62,345.5,0.517,Body
cover,2.7436,1,0,1,1
err,2.7437,-15.0,-11.25
timing,2.7437,4.2,35.5
gate,2.7436,18.3,1.0,0.204,0.0
det,2.7437,1195.62,753.0,138.75,357.5,0.568,Body
cover,2.7812,1,0,1,1
err,2.7813,-15.0,-11.4
timing,2.7813,3.5,32.5
gate,2.7813,18.6,1.0,0.166,0.0
det,2.7813,1195.38,753.0,139.25,356.0,0.54,Body
cover,2.8192,2,1,1,1
err,2.8193,3.75,-18.16
timing,2.8193,4.2,32.4
gate,2.8192,17.3,1.0,0.128,0.0
det,2.8193,1213.0,755.0,148.0,366.0,0.628,Body
det,2.8193,1264.25,756.12,39.0,46.75,0.524,Head
cover,2.8611,2,1,1,1
err,2.8612,3.75,-18.15
timing,2.8612,4.4,35.9
gate,2.8611,16.5,1.0,0.086,0.0
det,2.8612,1213.12,755.5,146.75,365.5,0.635,Body
det,2.8612,1264.25,756.0,39.0,47.0,0.529,Head
cover,2.8989,2,1,1,1
err,2.899,3.5,-18.15
timing,2.899,5.9,30.3
gate,2.899,16.1,1.0,0.048,0.0
det,2.899,1213.06,755.5,146.38,365.5,0.625,Body
det,2.899,1264.12,756.0,38.75,47.0,0.535,Head
cover,2.9358,2,1,1,1
err,2.9359,3.75,-18.1
timing,2.9359,4.1,31.4
gate,2.9358,15.8,1.0,0.011,0.0
det,2.9359,1213.12,756.5,143.75,363.5,0.636,Body
det,2.9359,1264.25,755.5,39.0,48.0,0.514,Head
cover,2.9743,2,1,1,1
err,2.9744,4.0,-18.11
timing,2.9744,5.9,31.2
gate,2.9744,16.5,1.0,0.0,0.0
det,2.9744,1213.25,756.62,146.0,361.75,0.595,Body
det,2.9744,1264.62,755.62,38.75,47.75,0.508,Head
cmd,2.9744,5,-24
cover,3.0155,2,1,1,1
err,3.0156,3.75,-18.1
timing,3.0156,5.0,34.3
gate,3.0156,17.5,1.0,0.239,0.0
det,3.0156,1213.25,757.0,146.0,361.5,0.603,Body
det,3.0156,1264.5,755.5,38.5,48.0,0.515,Head
cover,3.0511,2,1,1,1
err,3.0512,4.0,-18.35
timing,3.0512,3.9,30.3
gate,3.0512,18.2,1.0,0.203,0.0
det,3.0512,1213.19,757.0,145.12,361.0,0.61,Body
det,3.0512,1264.62,755.25,38.75,48.0,0.563,Head
cover,3.0875,2,1,1,1
err,3.0875,1.0,-18.04
timing,3.0875,4.4,30.5
gate,3.0875,18.1,1.0,0.167,0.0
det,3.0875,1210.5,751.0,148.5,369.0,0.677,Body
det,3.0875,1261.5,754.88,39.0,49.25,0.661,Head
cover,3.1304,2,1,1,1
err,3.1304,-6.5,-17.49
timing,3.1304,3.5,37.0
gate,3.1304,17.9,1.0,0.124,0.0
det,3.1304,1200.38,756.0,147.25,364.5,0.648,Body
det,3.1304,1254.38,754.88,38.25,50.25,0.601,Head
cover,3.1694,1,0,1,1
err,3.1695,-32.5,16.6
timing,3.1695,5.2,32.1
gate,3.1695,36.5,0.0,0.085,0.0
det,3.1695,1179.94,780.0,135.12,366.0,0.703,Body
cover,3.2109,1,0,1,1
err,3.211,-42.0,17.8
timing,3.211,4.0,35.4
gate,3.211,41.5,0.0,0.043,0.0
det,3.211,1161.5,782.0,153.0,358.0,0.649,Body
cover,3.2524,2,1,1,1
err,3.2524,-79.75,1.11
timing,3.2524,6.0,32.5
gate,3.2524,79.8,0.0,0.002,0.0
det,3.2524,1131.75,780.5,142.25,366.5,0.705,Body
det,3.2524,1180.25,772.38,40.0,52.25,0.675,Head
cover,3.2896,2,0,2,1
err,3.2897,-97.5,23.7
timing,3.2897,4.6,31.0
gate,3.2896,82.3,0.0,0.0,0.0
det,3.2897,1110.31,788.0,144.38,357.0,0.654,Body
det,3.2897,1506.0,868.25,9.0,20.0,0.623,Body
cover,3.3303,2,1,1,1
err,3.3303,-129.0,0.54
timing,3.3303,4.3,34.6
gate,3.3303,129.0,0.0,0.0,0.0
det,3.3303,1086.0,786.5,139.25,358.0,0.624,Body
det,3.3303,1129.88,772.62,42.25,50.75,0.523,Head
cover,3.3654,2,1,1,1
err,3.3654,-168.12,-0.02
timing,3.3654,4.5,28.9
gate,3.3654,168.1,0.0,0.0,0.0
det,3.3654,1092.12,772.75,39.5,49.5,0.679,Head
det,3.3654,1050.0,783.0,145.25,345.5,0.627,Body
cover,3.4006,2,1,1,1
err,3.4007,-183.62,-0.04
timing,3.4007,3.7,29.9
gate,3.4006,170.3,0.0,0.0,0.0
det,3.4007,1076.47,772.88,39.81,49.25,0.771,Head
det,3.4007,1033.75,786.5,145.75,341.5,0.625,Body
cover,3.4354,2,1,1,1
err,3.4355,-192.88,0.01
timing,3.4355,4.6,28.7
gate,3.4355,173.4,0.0,0.0,0.0
det,3.4355,1067.0,772.38,40.25,50.25,0.686,Head
det,3.4355,1025.12,785.5,138.5,356.0,0.5,Body
cover,3.4698,1,1,0,1
err,3.4699,-195.06,-0.09
timing,3.4699,4.0,28.9
gate,3.4699,176.3,1.0,0.0,0.0
det,3.4699,1064.5,773.38,40.88,48.25,0.69,Head
cmd,3.4699,-261,0
cover,3.5043,1,1,0,1
err,3.5044,-195.12,-0.09
timing,3.5044,3.7,29.3
gate,3.5043,178.9,1.0,0.246,0.0
det,3.5044,1064.41,773.38,40.94,48.25,0.718,Head
cover,3.5389,1,1,0,1
err,3.5389,-195.06,-0.09
timing,3.5389,4.5,28.8
gate,3.5389,181.1,1.0,0.211,0.0
det,3.5389,1064.5,773.38,40.88,48.25,0.703,Head
cover,3.5726,1,1,0,1
err,3.5726,-195.06,-0.09
timing,3.5726,4.5,27.8
gate,3.5726,183.1,1.0,0.177,0.0
det,3.5726,1064.38,773.38,41.12,48.25,0.683,Head
cover,3.606,1,1,0,1
err,3.606,-195.06,-0.09
timing,3.606,3.9,27.9
gate,3.606,184.7,1.0,0.144,0.0
det,3.606,1064.38,773.38,41.12,48.25,0.684,Head
cover,3.6465,1,1,0,1
err,3.6466,-195.06,-0.09
timing,3.6466,4.8,34.8
gate,3.6466,190.4,1.0,0.103,0.0
det,3.6466,1064.38,773.38,41.12,48.25,0.703,Head
cover,3.6817,1,1,0,1
err,3.6818,-195.06,-0.09
timing,3.6818,4.7,28.8
gate,3.6818,193.0,1.0,0.068,0.0
det,3.6818,1064.38,773.38,41.12,48.25,0.7,Head
cover,3.7148,1,1,0,1
err,3.7149,-195.0,-0.09
timing,3.7149,3.6,27.9
gate,3.7148,194.1,1.0,0.035,0.0
det,3.7149,1064.38,773.38,41.25,48.25,0.697,Head
cover,3.7482,1,1,0,1
err,3.7483,-195.0,-0.09
timing,3.7483,4.2,28.5
gate,3.7483,194.6,1.0,0.002,0.0
det,3.7483,1064.38,773.38,41.25,48.25,0.699,Head
cover,3.7827,1,1,0,1
err,3.7828,-195.0,0.41
timing,3.7828,4.7,29.1
gate,3.7828,194.8,1.0,0.0,0.0
det,3.7828,1064.41,773.88,41.19,48.25,0.702,Head
cmd,3.7828,-261,0
cover,3.8171,1,1,0,1
err,3.8172,-194.88,-0.11
timing,3.8172,3.9,28.9
gate,3.8172,194.8,1.0,0.246,0.0
det,3.8172,1064.62,773.62,41.0,47.75,0.718,Head
cover,3.8525,1,1,0,1
err,3.8526,-194.88,0.15
timing,3.8526,3.9,30.2
gate,3.8525,194.9,1.0,0.21,0.0
det,3.8526,1064.59,773.75,41.06,48.0,0.721,Head
cover,3.8886,2,1,1,1
err,3.8886,18.75,0.0
timing,3.8886,4.7,30.6
gate,3.8886,18.8,0.0,0.174,0.0
det,3.8886,1278.25,772.5,41.0,50.0,0.666,Head
det,3.8886,1239.0,790.5,139.0,331.5,0.652,Body
cover,3.9315,2,1,1,1
err,3.9316,18.75,0.01
timing,3.9316,4.4,36.4
gate,3.9316,18.8,0.0,0.131,0.0
det,3.9316,1278.25,772.38,41.0,50.25,0.701,Head
det,3.9316,1238.88,788.88,139.25,334.25,0.65,Body
cover,3.9644,1,1,0,1
err,3.9644,234.0,-0.54
timing,3.9644,3.6,27.8
gate,3.9644,234.0,0.0,0.098,0.0
det,3.9644,1493.75,772.38,40.5,49.25,0.748,Head
cover,4.0007,1,1,0,1
err,4.0008,234.0,-0.54
timing,4.0008,4.8,29.9
gate,4.0008,234.0,0.0,0.062,0.0
det,4.0008,1493.75,772.38,40.5,49.25,0.74,Head
cover,4.0371,1,1,0,1
err,4.0372,234.0,-0.51
timing,4.0372,3.9,30.7
gate,4.0372,234.0,0.0,0.026,1.0
det,4.0372,1493.75,772.12,40.5,49.75,0.7,Head
cmd,4.0372,314,-1
cover,4.0712,1,1,0,1
err,4.0713,234.0,-0.75
timing,4.0713,3.4,28.6
gate,4.0713,234.0,1.0,0.246,0.0
det,4.0713,1493.25,771.75,41.5,50.0,0.69,Head
cover,4.1053,1,1,0,1
err,4.1053,233.5,-0.5
timing,4.1053,4.4,28.3
gate,4.1053,233.7,1.0,0.212,0.0
det,4.1053,1492.5,772.0,42.0,50.0,0.713,Head
cover,4.1412,1,1,0,1
err,4.1412,233.0,-0.51
timing,4.1412,6.3,28.1
gate,4.1412,233.3,1.0,0.176,0.0
det,4.1412,1492.25,772.12,41.5,49.75,0.696,Head
cover,4.1807,2,1,1,1
err,4.1808,-25.5,0.48
timing,4.1808,4.6,33.4
gate,4.1808,25.5,0.0,0.136,0.0
det,4.1808,1195.75,787.0,140.0,341.0,0.723,Body
det,4.1808,1235.12,773.25,38.75,49.5,0.691,Head
cover,4.214,2,1,1,1
err,4.2141,-25.5,0.46
timing,4.2141,4.3,27.3
gate,4.214,25.5,0.0,0.103,0.0
det,4.2141,1195.88,786.88,140.25,341.25,0.717,Body
det,4.2141,1235.12,773.38,38.75,49.25,0.698,Head
cover,4.2476,2,1,1,1
err,4.2477,-25.5,0.45
timing,4.2477,4.4,27.6
gate,4.2477,25.5,0.0,0.069,1.0
det,4.2477,1195.56,786.38,140.38,342.25,0.71,Body
det,4.2477,1235.12,773.5,38.75,49.0,0.702,Head
cmd,4.2477,-34,1
cover,4.2832,2,1,1,1
err,4.2833,-25.5,0.44
timing,4.2833,5.4,28.6
gate,4.2833,25.5,1.0,0.244,0.0
det,4.2833,1195.88,787.5,140.25,340.5,0.705,Body
det,4.2833,1235.12,773.62,38.75,48.75,0.676,Head
cover,4.3172,2,1,1,1
err,4.3173,-25.5,-0.06
timing,4.3173,4.1,28.4
gate,4.3173,25.5,1.0,0.21,0.0
det,4.3173,1235.25,773.12,38.5,48.75,0.76,Head
det,4.3173,1195.62,787.0,139.75,342.0,0.715,Body
cover,4.3522,2,1,1,1
err,4.3523,-25.5,-0.06
timing,4.3523,3.9,29.7
gate,4.3523,25.5,1.0,0.175,0.0
det,4.3523,1235.25,773.12,38.5,48.75,0.761,Head
det,4.3523,1195.62,787.5,139.75,341.0,0.714,Body
cover,4.3873,2,1,1,1
err,4.3873,-25.5,-0.06
timing,4.3873,5.4,28.8
gate,4.3873,25.5,1.0,0.14,0.0
det,4.3873,1235.25,773.12,38.5,48.75,0.767,Head
det,4.3873,1195.38,787.5,140.25,341.0,0.708,Body
cover,4.4227,2,1,1,1
err,4.4228,-25.5,-0.06
timing,4.4228,4.3,29.8
gate,4.4228,25.5,1.0,0.105,0.0
det,4.4228,1235.25,773.12,38.5,48.75,0.77,Head
det,4.4228,1195.5,787.88,140.0,340.25,0.711,Body
cover,4.4649,2,1,1,1
err,4.4649,-25.5,0.17
timing,4.4649,5.6,35.0
gate,4.4649,25.5,1.0,0.063,0.0
det,4.4649,1235.0,773.5,39.0,48.5,0.78,Head
det,4.4649,1195.38,787.0,140.25,342.0,0.723,Body
cover,4.4992,2,1,1,1
err,4.4992,3.5,0.27
timing,4.4992,4.6,28.3
gate,4.4992,25.5,1.0,0.063,0.0
det,4.4992,1263.88,772.5,39.25,50.5,0.699,Head
det,4.4992,1222.5,785.0,139.5,337.5,0.604,Body
cover,4.5341,2,1,1,1
err,4.5341,3.25,0.27
timing,4.5341,4.4,29.1
gate,4.5341,25.5,1.0,0.063,0.0
det,4.5341,1263.5,772.5,39.5,50.5,0.675,Head
det,4.5341,1222.5,785.38,139.5,337.25,0.611,Body
cover,4.5353,2,1,1,1
err,4.5354,3.25,0.27
timing,4.5354,4.4,29.1
gate,4.5354,25.5,1.0,0.063,0.0
det,4.5354,1263.5,772.5,39.5,50.5,0.675,Head
det,4.5354,1222.5,785.38,139.5,337.25,0.611,Body
cover,4.582,2,1,1,1
err,4.582,3.25,0.01
timing,4.582,1.9,27.4
gate,4.582,25.5,1.0,0.063,0.0
det,4.582,1263.5,772.38,39.5,50.25,0.692,Head
det,4.582,1223.38,784.5,129.25,353.0,0.566,Body
cover,4.5828,2,1,1,1
err,4.5829,3.25,0.01
timing,4.5829,1.9,27.4
gate,4.5829,25.5,1.0,0.063,0.0
det,4.5829,1263.5,772.38,39.5,50.25,0.692,Head
det,4.5829,1223.38,784.5,129.25,353.0,0.566,Body
cover,4.631,2,1,1,1
err,4.631,3.5,0.0
timing,4.631,2.7,27.7
gate,4.631,25.5,1.0,0.063,0.0
det,4.631,1263.88,772.5,39.25,50.0,0.678,Head
det,4.631,1223.5,785.0,129.0,352.5,0.566,Body
cover,4.6321,2,1,1,1
err,4.6321,3.5,0.0
timing,4.6321,2.7,27.7
gate,4.6321,25.5,1.0,0.063,0.0
det,4.6321,1263.88,772.5,39.25,50.0,0.678,Head
det,4.6321,1223.5,785.0,129.0,352.5,0.566,Body
cover,4.6811,2,1,1,1
err,4.6811,3.5,0.0
timing,4.6811,2.7,28.9
gate,4.6811,25.5,1.0,0.063,0.0
det,4.6811,1263.88,772.5,39.25,50.0,0.679,Head
det,4.6811,1222.0,785.0,139.5,337.0,0.565,Body
cover,4.6815,2,1,1,1
err,4.6815,3.5,0.0
timing,4.6815,2.7,28.9
gate,4.6815,25.5,1.0,0.063,0.0
det,4.6815,1263.88,772.5,39.25,50.0,0.679,Head
det,4.6815,1222.0,785.0,139.5,337.0,0.565,Body
cover,4.731,2,1,1,1
err,4.7311,-2.75,-0.66
timing,4.7311,3.2,28.7
gate,4.7311,25.5,1.0,0.063,0.0
det,4.7311,1257.75,773.62,39.0,46.75,0.57,Head
det,4.7311,1219.12,781.0,139.75,348.0,0.54,Body
cover,4.7321,2,1,1,1
err,4.7322,-2.75,-0.66
timing,4.7322,3.2,28.7
gate,4.7322,25.5,1.0,0.063,0.0
det,4.7322,1257.75,773.62,39.0,46.75,0.57,Head
det,4.7322,1219.12,781.0,139.75,348.0,0.54,Body
cover,4.7808,2,1,1,1
err,4.7809,-16.5,-0.27
timing,4.7809,3.9,27.5
gate,4.7809,25.5,1.0,0.063,0.0
det,4.7809,1242.75,772.5,41.5,49.5,0.732,Head
det,4.7809,1203.5,782.0,142.0,343.5,0.594,Body
cover,4.7819,2,1,1,1
err,4.7819,-16.5,-0.27
timing,4.7819,3.9,27.5
gate,4.7819,25.5,1.0,0.063,0.0
det,4.7819,1242.75,772.5,41.5,49.5,0.732,Head
det,4.7819,1203.5,782.0,142.0,343.5,0.594,Body
cover,4.8299,2,1,1,1
err,4.8299,-27.75,11.5
timing,4.8299,3.4,27.2
gate,4.8299,25.5,1.0,0.063,0.0
det,4.8299,1220.62,772.62,38.75,48.75,0.809,Head
det,4.8299,1182.69,776.88,139.12,346.25,0.593,Body
cover,4.8312,2,1,1,1
err,4.8312,-27.75,11.5
timing,4.8312,3.4,27.2
gate,4.8312,25.5,1.0,0.063,0.0
det,4.8312,1220.62,772.62,38.75,48.75,0.809,Head
det,4.8312,1182.69,776.88,139.12,346.25,0.593,Body
cover,4.8807,2,1,1,1
err,4.8808,-70.62,-0.02
timing,4.8808,4.1,27.9
gate,4.8808,70.6,0.0,0.0,0.0
det,4.8808,1152.56,781.0,138.38,342.5,0.639,Body
det,4.8808,1189.75,772.75,39.25,49.5,0.596,Head
cover,4.9151,2,1,1,1
err,4.9151,-92.75,0.01
timing,4.9151,4.1,28.5
gate,4.9151,73.7,0.0,0.0,0.0
det,4.9151,1167.19,772.38,40.12,50.25,0.812,Head
det,4.9151,1130.0,786.38,134.75,331.25,0.602,Body
cover,4.9493,2,1,1,1
err,4.9493,-107.75,16.2
timing,4.9493,3.8,28.8
gate,4.9493,109.0,0.0,0.0,0.0
det,4.9493,1140.56,772.0,40.38,52.5,0.741,Head
det,4.9493,1104.25,782.12,136.0,340.75,0.666,Body
cover,4.9846,2,1,1,1
err,4.9847,-146.12,0.06
timing,4.9847,4.0,29.7
gate,4.9847,146.1,0.0,0.0,0.0
det,4.9847,1113.5,771.88,40.75,51.25,0.623,Head
det,4.9847,1076.75,794.0,135.5,321.0,0.607,Body
cover,5.0196,2,1,1,1
err,5.0197,-163.0,18.1
timing,5.0197,3.8,29.8
gate,5.0197,148.5,0.0,0.0,0.0
det,5.0197,1084.78,772.0,41.44,53.0,0.784,Head
det,5.0197,1050.38,784.5,133.25,336.0,0.677,Body
cover,5.058,2,1,1,1
err,5.0581,-199.56,0.9
timing,5.0581,4.2,32.7
gate,5.0581,199.6,0.0,0.0,0.0
det,5.0581,1027.81,791.62,129.88,328.75,0.653,Body
det,5.0581,1059.88,771.75,41.12,53.0,0.648,Head
cover,5.0979,2,1,1,1
err,5.098,-216.06,1.16
timing,5.098,4.3,33.9
gate,5.098,201.8,0.0,0.0,0.0
det,5.098,1011.0,788.12,130.38,332.75,0.695,Body
det,5.098,1043.81,771.88,40.25,53.25,0.577,Head
cover,5.1327,2,1,1,1
err,5.1328,-214.88,7.0
timing,5.1328,4.3,29.0
gate,5.1328,203.6,0.0,0.0,0.0
det,5.1328,1032.12,773.5,42.38,50.0,0.62,Head
det,5.1328,997.5,772.0,135.25,350.0,0.557,Body
cover,5.1694,2,1,1,1
err,5.1695,-216.25,11.95
timing,5.1695,4.3,30.9
gate,5.1695,205.4,1.0,0.0,0.0
det,5.1695,996.75,777.5,134.0,344.5,0.629,Body
det,5.1695,1031.38,773.5,42.5,50.5,0.585,Head
cmd,5.1695,-290,16
cover,5.2043,2,1,1,1
err,5.2044,-216.12,11.0
timing,5.2044,4.3,29.0
gate,5.2044,206.9,1.0,0.245,0.0
det,5.2044,996.75,776.5,134.25,345.0,0.62,Body
det,5.2044,1031.47,773.75,42.56,50.5,0.615,Head
cover,5.2438,2,1,1,1
err,5.2438,-216.19,11.9
timing,5.2438,3.9,34.2
gate,5.2438,208.2,1.0,0.206,0.0
det,5.2438,996.75,777.5,134.12,344.0,0.623,Body
det,5.2438,1031.22,773.75,42.81,50.5,0.612,Head
cover,5.2812,2,1,1,1
err,5.2812,-216.5,12.75
timing,5.2812,3.4,32.5
gate,5.2812,212.9,1.0,0.168,0.0
det,5.2812,996.75,778.5,133.5,342.5,0.628,Body
det,5.2812,1031.38,773.62,42.5,50.75,0.579,Head
cover,5.3177,2,1,1,1
err,5.3178,-216.5,12.35
timing,5.3178,4.6,30.4
gate,5.3178,215.1,1.0,0.132,0.0
det,5.3178,996.75,778.0,133.5,343.5,0.625,Body
det,5.3178,1031.53,773.38,42.19,50.25,0.521,Head
cover,5.3574,2,1,1,1
err,5.3575,-216.75,13.3
timing,5.3575,4.7,33.4
gate,5.3575,216.2,1.0,0.092,0.0
det,5.3575,996.75,779.12,133.0,341.75,0.617,Body
det,5.3575,1031.25,773.38,42.38,50.25,0.541,Head
cover,5.3964,1,0,1,1
err,5.3965,-217.12,15.55
timing,5.3965,4.4,32.9
gate,5.3965,217.0,1.0,0.053,0.0
det,5.3965,996.25,781.5,133.25,340.5,0.618,Body
cover,5.4351,2,1,1,1
err,5.4352,-217.31,14.2
timing,5.4352,6.6,30.4
gate,5.4352,217.4,1.0,0.014,0.0
det,5.4352,996.25,780.0,132.88,342.0,0.606,Body
det,5.4352,1031.41,773.38,42.19,51.25,0.573,Head
cover,5.4698,2,1,1,1
err,5.4699,10.5,-12.1
timing,5.4699,4.1,28.9
gate,5.4699,16.0,0.0,0.0,0.0
det,5.4699,1271.5,761.5,38.0,48.0,0.7,Head
det,5.4699,1238.88,772.5,124.25,335.0,0.653,Body
cover,5.5062,2,1,1,1
err,5.5063,10.5,-12.11
timing,5.5063,3.9,30.7
gate,5.5063,16.0,0.0,0.0,0.0
det,5.5063,1271.62,761.62,37.75,47.75,0.694,Head
det,5.5063,1238.88,774.5,124.25,332.5,0.647,Body
cover,5.5444,2,1,1,1
err,5.5444,10.5,-12.11
timing,5.5444,4.5,31.9
gate,5.5444,16.0,0.0,0.0,1.0
det,5.5444,1271.5,761.62,38.0,47.75,0.752,Head
det,5.5444,1238.88,773.0,124.25,333.5,0.647,Body
cmd,5.5444,14,-16
cover,5.5805,2,1,1,1
err,5.5806,10.5,-12.11
timing,5.5806,2.6,32.0
gate,5.5806,16.0,1.0,0.244,0.0
det,5.5806,1271.5,761.62,38.0,47.75,0.761,Head
det,5.5806,1239.12,773.0,123.75,333.5,0.658,Body
cover,5.6203,2,1,1,1
err,5.6204,10.25,-12.09
timing,5.6204,5.6,32.4
gate,5.6204,15.9,1.0,0.204,0.0
det,5.6204,1271.25,761.38,38.0,48.25,0.718,Head
det,5.6204,1238.62,774.38,124.75,333.25,0.663,Body
cover,5.6568,2,1,1,1
err,5.6569,10.5,-11.83
timing,5.6569,3.8,31.0
gate,5.6569,15.9,1.0,0.168,0.0
det,5.6569,1271.62,761.5,37.75,48.5,0.692,Head
det,5.6569,1238.5,774.5,125.0,332.5,0.645,Body
cover,5.6935,1,0,1,1
err,5.6936,11.25,8.75
timing,5.6936,4.2,30.9
gate,5.6936,13.9,1.0,0.131,0.0
det,5.6936,1226.0,774.0,130.5,347.5,0.558,Body
cover,5.7224,1,0,1,1
err,5.7224,11.0,8.4
timing,5.7224,2.1,25.4
gate,5.7224,12.5,1.0,0.102,0.0
det,5.7224,1225.62,773.62,130.75,347.75,0.568,Body
cover,5.7545,1,0,1,1
err,5.7546,11.0,10.1
timing,5.7546,4.7,26.3
gate,5.7546,11.5,1.0,0.07,0.0
det,5.7546,1225.62,775.5,130.75,346.0,0.559,Body
cover,5.7851,2,0,2,1
err,5.7851,10.5,9.9
timing,5.7851,4.6,24.7
gate,5.7851,10.9,1.0,0.039,0.0
det,5.7851,1224.88,775.38,131.25,345.25,0.58,Body
det,5.7851,1509.75,856.25,8.5,20.0,0.502,Body
cover,5.8171,1,0,1,1
err,5.8172,10.5,9.3
timing,5.8172,4.5,26.2
gate,5.8172,11.3,1.0,0.007,0.0
det,5.8172,1225.0,774.62,131.0,346.75,0.59,Body
cover,5.8488,1,0,1,1
err,5.8489,10.5,9.7
timing,5.8489,4.1,26.2
gate,5.8489,12.7,1.0,0.0,0.0
det,5.8489,1225.12,775.12,130.75,345.75,0.562,Body
cmd,5.8489,14,13
cover,5.8797,1,0,1,1
err,5.8797,10.5,10.85
timing,5.8797,3.9,25.1
gate,5.8797,14.0,1.0,0.249,0.0
det,5.8797,1225.12,776.5,130.75,343.5,0.545,Body
cover,5.9121,1,0,1,1
err,5.9122,10.5,10.4
timing,5.9122,5.1,26.0
gate,5.9122,14.4,1.0,0.217,0.0
det,5.9122,1225.12,776.0,130.75,344.0,0.554,Body
cover,5.9481,1,0,1,1
err,5.9481,10.5,11.4
timing,5.9481,6.4,27.7
gate,5.9481,15.0,1.0,0.181,0.0
det,5.9481,1225.5,777.12,130.0,342.75,0.561,Body
cover,5.9844,2,1,1,1
err,5.9844,-1.0,11.3
timing,5.9844,4.4,30.4
gate,5.9844,11.8,1.0,0.144,0.0
det,5.9844,1216.88,779.0,124.25,323.0,0.616,Body
det,5.9844,1247.88,763.62,40.25,50.75,0.598,Head
cover,6.0168,2,1,1,1
err,6.0168,-1.25,8.7
timing,6.0168,4.1,26.9
gate,6.0168,9.8,1.0,0.112,0.0
det,6.0168,1247.88,764.0,40.25,50.5,0.626,Head
det,6.0168,1216.25,776.0,125.0,327.0,0.625,Body
cover,6.0562,2,1,1,1
err,6.0562,-3.25,2.55
timing,6.0562,6.6,31.6
gate,6.0562,9.8,1.0,0.112,0.0
det,6.0562,1212.19,769.5,129.12,330.5,0.598,Body
det,6.0562,1245.38,763.62,40.25,52.75,0.582,Head
cover,6.0946,2,1,1,1
err,6.0947,-13.25,8.35
timing,6.0947,4.4,32.6
gate,6.0947,9.8,1.0,0.112,0.0
det,6.0947,1205.94,773.5,121.62,348.5,0.663,Body
det,6.0947,1238.62,763.75,39.75,53.5,0.638,Head
cover,6.0961,2,1,1,1
err,6.0961,-13.25,8.35
timing,6.0961,4.4,32.6
gate,6.0961,9.8,1.0,0.112,0.0
det,6.0961,1205.94,773.5,121.62,348.5,0.663,Body
det,6.0961,1238.62,763.75,39.75,53.5,0.638,Head
cover,6.1478,2,1,1,1
err,6.1478,-48.5,-7.44
timing,6.1478,6.7,27.8
gate,6.1478,49.1,0.0,0.0,0.0
det,6.1478,1180.56,767.12,123.88,335.75,0.661,Body
det,6.1478,1211.75,764.38,39.5,51.25,0.661,Head
cover,6.1819,2,1,1,1
err,6.1819,-55.0,6.6
timing,6.1819,4.5,28.0
gate,6.1819,49.7,0.0,0.0,0.0
det,6.1819,1193.94,765.12,39.12,49.75,0.65,Head
det,6.1819,1164.06,773.88,121.88,327.25,0.636,Body
cover,6.214,2,1,1,1
err,6.2141,-73.5,3.9
timing,6.2141,3.9,26.7
gate,6.2141,52.9,0.0,0.0,0.0
det,6.2141,1173.38,764.0,37.75,50.5,0.618,Head
det,6.2141,1145.94,771.0,121.12,329.0,0.519,Body
cover,6.2482,1,0,1,1
err,6.2482,-97.75,8.3
timing,6.2482,5.6,27.1
gate,6.2482,98.1,0.0,0.0,0.0
det,6.2482,1124.06,776.5,116.38,318.0,0.529,Body
cover,6.2805,0,0,0,0
nearest,6.2806,-1
cover,6.3154,1,1,0,1
err,6.3155,-162.0,-8.56
timing,6.3155,5.4,28.0
gate,6.3155,162.2,0.0,0.0,0.0
det,6.3155,1098.56,764.62,38.88,48.75,0.523,Head
cover,6.3498,0,0,0,0
nearest,6.3498,-1
cover,6.3834,1,1,0,1
err,6.3835,-218.94,-7.96
timing,6.3835,4.6,27.7
gate,6.3835,219.1,0.0,0.0,0.0
det,6.3835,1041.38,764.12,39.38,50.75,0.604,Head
cover,6.4174,1,1,0,1
err,6.4174,-248.75,-7.4
timing,6.4174,4.3,28.1
gate,6.4174,223.2,0.0,0.0,0.0
det,6.4174,1011.44,764.0,39.62,52.0,0.634,Head
cover,6.4516,1,1,0,1
err,6.4516,-268.41,-6.86
timing,6.4516,4.1,28.6
gate,6.4516,268.5,0.0,0.0,0.0
det,6.4516,991.12,764.12,40.94,52.75,0.586,Head
cover,6.4867,1,0,1,1
err,6.4868,-271.06,44.25
timing,6.4868,4.1,29.6
gate,6.4868,274.7,0.0,0.0,0.0
det,6.4868,960.12,811.5,97.62,327.5,0.618,Body
cover,6.5209,2,1,1,1
err,6.521,-276.09,60.8
timing,6.521,4.7,28.3
gate,6.521,275.7,0.0,0.0,0.0
det,6.521,971.53,764.75,39.38,48.5,0.763,Head
det,6.521,956.81,830.0,94.19,308.0,0.699,Body
cover,6.5547,1,0,1,1
err,6.5548,-275.88,49.0
timing,6.5548,4.4,28.2
gate,6.5548,278.2,0.0,0.0,0.0
det,6.5548,958.31,816.5,91.62,325.0,0.643,Body
cover,6.586,1,0,1,1
err,6.5861,-275.88,48.7
timing,6.5861,4.4,25.6
gate,6.5861,279.3,1.0,0.0,0.0
det,6.5861,958.38,816.12,91.5,325.75,0.641,Body
cmd,6.5861,-370,65
cover,6.6175,2,1,1,1
err,6.6176,-275.88,49.0
timing,6.6176,3.7,26.2
gate,6.6176,279.8,1.0,0.248,0.0
det,6.6176,958.38,816.5,91.5,325.0,0.626,Body
det,6.6176,970.28,764.38,40.0,49.25,0.504,Head
cover,6.6489,2,1,1,1
err,6.6489,-275.88,48.6
timing,6.6489,3.8,26.1
gate,6.6489,280.0,1.0,0.217,0.0
det,6.6489,958.38,816.0,91.5,326.0,0.612,Body
det,6.6489,970.41,764.38,39.66,49.25,0.511,Head
cover,6.6821,2,1,1,1
err,6.6822,-275.75,48.05
timing,6.6822,3.8,28.1
gate,6.6822,279.9,1.0,0.184,0.0
det,6.6822,970.69,764.62,39.31,48.75,0.622,Head
det,6.6822,958.38,815.5,91.75,325.5,0.607,Body
cover,6.7138,0,0,0,0
nearest,6.7139,-1
cover,6.7475,0,0,0,0
nearest,6.7476,-1
cover,6.7794,0,0,0,0
nearest,6.7794,-1
cover,6.8146,0,0,0,0
nearest,6.8147,-1
cover,6.8477,0,0,0,0
nearest,6.8477,-1
cover,6.8818,0,0,0,0
nearest,6.8818,-1
cover,6.9117,0,0,0,0
nearest,6.9118,-1
cover,6.939,1,0,1,1
err,6.939,26.0,-13.5
timing,6.939,2.1,24.4
gate,6.939,29.3,0.0,0.0,0.0
det,6.939,1259.0,754.12,94.0,323.75,0.507,Body
cover,6.9718,1,0,1,1
err,6.9719,26.0,-12.6
timing,6.9719,4.1,27.2
gate,6.9719,29.1,0.0,0.0,1.0
det,6.9719,1259.12,755.0,93.75,324.0,0.526,Body
cmd,6.9719,35,-17
cover,7.0148,1,0,1,1
err,7.0148,26.25,-9.4
timing,7.0148,4.0,37.4
gate,7.0148,28.4,0.0,0.237,0.0
det,7.0148,1259.5,758.5,93.5,321.0,0.573,Body
cover,7.051,1,0,1,1
err,7.0511,26.0,-13.1
timing,7.0511,5.9,28.9
gate,7.0511,28.8,1.0,0.201,0.0
det,7.0511,1259.12,754.5,93.75,324.0,0.561,Body
cover,7.0837,1,0,1,1
err,7.0838,26.25,-11.4
timing,7.0838,4.1,27.1
gate,7.0838,28.7,1.0,0.168,0.0
det,7.0838,1259.5,756.5,93.5,321.0,0.56,Body
cover,7.1184,1,0,1,1
err,7.1184,26.25,-13.25
timing,7.1184,3.9,30.0
gate,7.1184,29.1,1.0,0.133,0.0
det,7.1184,1259.5,754.5,93.5,322.5,0.531,Body
cover,7.1506,0,0,0,0
nearest,7.1507,-1
cover,7.1795,0,0,0,0
nearest,7.1795,-1
cover,7.2119,0,0,0,0
nearest,7.2119,-1
cover,7.2458,0,0,0,0
nearest,7.2458,-1
cover,7.281,0,0,0,0
nearest,7.281,-1
cover,7.3131,0,0,0,0
nearest,7.3131,-1
cover,7.3466,0,0,0,0
nearest,7.3466,-1
cover,7.3808,0,0,0,0
nearest,7.3808,-1
cover,7.4129,0,0,0,0
nearest,7.4129,-1
cover,7.4478,0,0,0,0
nearest,7.4478,-1
cover,7.4797,0,0,0,0
nearest,7.4798,-1
cover,7.5126,0,0,0,0
nearest,7.5126,-1
cover,7.5466,0,0,0,0
nearest,7.5466,-1
cover,7.581,0,0,0,0
nearest,7.581,-1
cover,7.6132,0,0,0,0
nearest,7.6132,-1
cover,7.646,0,0,0,0
nearest,7.646,-1
cover,7.6796,0,0,0,0
nearest,7.6796,-1
cover,7.7134,0,0,0,0
nearest,7.7134,-1
cover,7.7471,0,0,0,0
nearest,7.7471,-1
cover,7.7786,0,0,0,0
nearest,7.7786,-1
cover,7.8123,0,0,0,0
nearest,7.8124,-1
cover,7.8459,0,0,0,0
nearest,7.846,-1
cover,7.8796,0,0,0,0
nearest,7.8797,-1
cover,7.9139,0,0,0,0
nearest,7.9139,-1
cover,7.9477,0,0,0,0
nearest,7.9477,-1
cover,7.9807,0,0,0,0
nearest,7.9807,-1
cover,8.0127,0,0,0,0
nearest,8.0127,-1
cover,8.0459,1,0,1,1
err,8.046,-3.25,6.35
timing,8.046,6.1,26.4
gate,8.046,29.1,1.0,0.133,0.0
det,8.046,1230.0,775.0,93.5,313.5,0.581,Body
cover,8.0828,1,0,1,1
err,8.0828,-10.5,2.5
timing,8.0828,5.3,29.1
gate,8.0828,29.1,1.0,0.133,0.0
det,8.0828,1221.88,771.12,95.25,313.75,0.628,Body
cover,8.084,1,0,1,1
err,8.084,-10.5,2.5
timing,8.084,5.3,29.1
gate,8.084,29.1,1.0,0.133,0.0
det,8.084,1221.88,771.12,95.25,313.75,0.628,Body
cover,8.1313,1,0,1,1
err,8.1314,-27.5,-1.25
timing,8.1314,1.7,27.9
gate,8.1314,29.1,1.0,0.133,0.0
det,8.1314,1203.06,766.0,98.88,327.5,0.596,Body
cover,8.1325,1,0,1,1
err,8.1325,-27.5,-1.25
timing,8.1325,1.7,27.9
gate,8.1325,29.1,1.0,0.133,0.0
det,8.1325,1203.06,766.0,98.88,327.5,0.596,Body
cover,8.1808,1,0,1,1
err,8.1808,-55.5,7.05
timing,8.1808,2.8,28.0
gate,8.1808,55.9,0.0,0.0,0.0
det,8.1808,1173.88,775.5,101.25,315.5,0.555,Body
cover,8.2138,1,0,1,1
err,8.2138,-74.25,26.0
timing,8.2138,4.1,27.1
gate,8.2138,58.9,0.0,0.0,1.0
det,8.2138,1155.56,797.5,100.38,285.0,0.681,Body
cmd,8.2138,-99,35
cover,8.2474,1,0,1,1
err,8.2474,-94.0,7.2
timing,8.2474,4.8,27.3
gate,8.2474,94.3,0.0,0.246,0.0
det,8.2474,1134.69,775.88,102.62,313.25,0.662,Body
cover,8.2808,1,0,1,1
err,8.2808,-118.5,7.9
timing,8.2808,4.3,27.6
gate,8.2808,97.6,0.0,0.213,0.0
det,8.2808,1109.69,776.0,103.62,319.0,0.738,Body
cover,8.3141,1,0,1,1
err,8.3142,-144.62,31.25
timing,8.3142,4.4,27.5
gate,8.3142,148.0,0.0,0.18,0.0
det,8.3142,1083.88,803.5,103.0,277.5,0.725,Body
cover,8.3472,2,0,2,1
err,8.3472,-87.25,-35.5
timing,8.3472,4.7,26.7
gate,8.3472,94.2,0.0,0.147,0.0
det,8.3472,1139.0,732.0,107.5,325.0,0.645,Body
det,8.3472,1498.5,887.25,8.0,20.5,0.56,Body
cover,8.3808,1,0,1,1
err,8.3809,-106.25,-30.85
timing,8.3809,3.9,27.5
gate,8.3809,96.4,0.0,0.113,0.0
det,8.3809,1121.0,738.0,105.5,311.5,0.533,Body
cover,8.4145,2,1,1,1
err,8.4146,-119.0,-28.25
timing,8.4146,4.9,27.3
gate,8.4146,122.3,0.0,0.079,0.0
det,8.4146,1107.56,741.0,106.88,307.5,0.729,Body
det,8.4146,1128.88,698.0,40.5,48.0,0.54,Head
cover,8.4481,1,0,1,1
err,8.4482,-125.0,1.4
timing,8.4482,4.0,27.9
gate,8.4482,125.0,0.0,0.046,0.0
det,8.4482,1103.19,775.12,103.62,262.75,0.768,Body
cover,8.4821,1,0,1,1
err,8.4821,-125.62,-3.5
timing,8.4821,4.0,28.3
gate,8.4821,125.4,0.0,0.012,0.0
det,8.4821,1102.75,770.0,103.25,265.0,0.751,Body
cover,8.517,1,0,1,1
err,8.5171,-125.75,-5.8
timing,8.5171,4.1,29.5
gate,8.5171,125.6,0.0,0.0,0.0
det,8.5171,1102.5,767.5,103.5,267.0,0.739,Body
cover,8.5524,1,0,1,1
err,8.5525,-126.0,-3.85
timing,8.5525,4.0,30.1
gate,8.5525,125.9,1.0,0.0,0.0
det,8.5525,1102.69,769.5,102.62,266.5,0.732,Body
cmd,8.5525,-169,-5
cover,8.5848,1,0,1,1
err,8.5848,-125.75,-8.8
timing,8.5848,3.8,27.0
gate,8.5848,125.9,1.0,0.248,0.0
det,8.5848,1102.75,764.0,103.0,272.0,0.726,Body
cover,8.6171,1,0,1,1
err,8.6171,-125.88,-4.75
timing,8.6171,4.2,26.7
gate,8.6171,126.0,1.0,0.215,0.0
det,8.6171,1102.75,768.5,102.75,267.5,0.747,Body
cover,8.6491,1,0,1,1
err,8.6491,-22.5,-10.4
timing,8.6491,4.5,26.1
gate,8.6491,24.8,0.0,0.183,0.0
det,8.6491,1206.69,760.5,101.62,291.0,0.707,Body
cover,8.6804,1,0,1,1
err,8.6804,10.75,-23.7
timing,8.6804,4.1,25.5
gate,8.6804,26.0,0.0,0.152,0.0
det,8.6804,1239.5,745.5,102.5,308.0,0.649,Body
cover,8.7123,1,0,1,1
err,8.7124,10.5,-22.8
timing,8.7124,3.6,26.9
gate,8.7124,25.5,0.0,0.12,0.0
det,8.7124,1239.12,746.5,102.75,307.0,0.661,Body
cover,8.7453,1,0,1,1
err,8.7454,10.75,-21.55
timing,8.7454,6.1,25.1
gate,8.7454,24.7,0.0,0.087,1.0
det,8.7454,1239.25,748.0,103.0,304.5,0.698,Body
cmd,8.7454,14,-29
cover,8.7798,1,0,1,1
err,8.7799,10.75,-22.95
timing,8.7799,5.8,26.5
gate,8.7799,25.1,1.0,0.245,0.0
det,8.7799,1239.5,746.5,102.5,305.5,0.674,Body
cover,8.814,1,0,1,1
err,8.8141,10.5,-23.75
timing,8.8141,3.3,29.2
gate,8.8141,25.6,1.0,0.211,0.0
det,8.8141,1239.12,745.5,102.75,307.5,0.667,Body
cover,8.8455,1,0,1,1
err,8.8456,-0.5,29.25
timing,8.8456,4.4,25.6
gate,8.8456,29.3,0.0,0.18,0.0
det,8.8456,1228.62,803.0,101.75,262.5,0.822,Body
cover,8.8806,1,0,1,1
err,8.8806,-0.5,26.5
timing,8.8806,6.9,26.4
gate,8.8806,27.7,0.0,0.145,0.0
det,8.8806,1228.38,800.0,102.25,265.0,0.823,Body
cover,8.9126,1,0,1,1
err,8.9126,-0.5,28.8
timing,8.9126,4.6,26.0
gate,8.9126,28.3,0.0,0.113,0.0
det,8.9126,1228.5,802.5,102.0,263.0,0.822,Body
cover,8.946,1,0,1,1
err,8.9461,-0.5,31.45
timing,8.9461,5.9,25.7
gate,8.9461,30.0,1.0,0.079,0.0
det,8.9461,1228.5,805.5,102.0,259.5,0.823,Body
cover,8.9813,1,0,1,1
err,8.9814,-0.5,30.55
timing,8.9814,5.5,27.5
gate,8.9813,30.3,1.0,0.044,0.0
det,8.9814,1228.62,804.5,101.75,260.5,0.827,Body
cover,9.0148,1,0,1,1
err,9.0149,-0.5,32.35
timing,9.0149,4.0,27.8
gate,9.0149,31.4,1.0,0.01,0.0
det,9.0149,1228.62,806.5,101.75,258.5,0.827,Body
cover,9.0487,1,0,1,1
err,9.0488,-0.75,32.35
timing,9.0488,4.2,28.1
gate,9.0488,31.9,1.0,0.0,0.0
det,9.0488,1228.5,806.5,101.5,258.5,0.825,Body
cmd,9.0488,-1,43
cover,9.0821,1,0,1,1
err,9.0822,-0.5,29.3
timing,9.0822,4.0,27.7
gate,9.0822,30.5,1.0,0.247,0.0
det,9.0822,1228.5,803.12,102.0,261.75,0.82,Body
cover,9.1125,1,0,1,1
err,9.1126,-0.5,28.25
timing,9.1126,4.3,24.6
gate,9.1126,29.3,1.0,0.216,0.0
det,9.1126,1228.5,802.0,102.0,262.5,0.822,Body
cover,9.1488,1,0,1,1
err,9.1489,0.5,-17.75
timing,9.1489,6.0,28.5
gate,9.1489,17.8,0.0,0.18,0.0
det,9.1489,1229.0,755.0,103.0,272.5,0.774,Body
cover,9.1845,1,0,1,1
err,9.1845,0.5,-20.1
timing,9.1845,4.6,29.5
gate,9.1845,19.0,0.0,0.144,1.0
det,9.1845,1229.0,752.5,103.0,274.0,0.771,Body
cmd,9.1845,1,-27
cover,9.2177,1,0,1,1
err,9.2178,0.5,-25.95
timing,9.2178,4.3,27.2
gate,9.2178,22.8,0.0,0.247,0.0
det,9.2178,1228.88,746.0,103.25,280.5,0.749,Body
cover,9.2518,1,0,1,1
err,9.2519,0.5,-22.1
timing,9.2519,4.3,28.0
gate,9.2519,22.4,1.0,0.213,0.0
det,9.2519,1228.88,750.0,103.25,279.0,0.765,Body
cover,9.2839,1,0,1,1
err,9.284,0.0,9.4
timing,9.284,4.0,26.5
gate,9.284,9.4,0.0,0.181,0.0
det,9.284,1228.88,783.0,102.25,264.0,0.764,Body
cover,9.3158,1,0,1,1
err,9.3159,0.0,14.4
timing,9.3159,3.9,26.3
gate,9.3159,12.1,0.0,0.149,0.0
det,9.3159,1229.12,788.5,101.75,259.0,0.769,Body
cover,9.3486,1,0,1,1
err,9.3486,0.0,17.15
timing,9.3486,4.0,27.2
gate,9.3486,14.9,0.0,0.116,0.0
det,9.3486,1229.12,791.5,101.75,256.5,0.772,Body
cover,9.3834,1,0,1,1
err,9.3834,0.0,7.75
timing,9.3834,4.4,28.8
gate,9.3834,14.9,0.0,0.116,0.0
det,9.3834,1228.38,781.0,103.25,267.5,0.766,Body
cover,9.3844,1,0,1,1
err,9.3844,0.0,7.75
timing,9.3844,4.4,28.8
gate,9.3844,14.9,0.0,0.116,0.0
det,9.3844,1228.38,781.0,103.25,267.5,0.766,Body
cover,9.4314,1,0,1,1
err,9.4315,0.0,13.4
timing,9.4315,1.7,27.8
gate,9.4315,14.9,0.0,0.116,0.0
det,9.4315,1228.88,787.5,102.25,259.0,0.76,Body
cover,9.433,1,0,1,1
err,9.4331,0.0,13.4
timing,9.4331,1.7,27.8
gate,9.4331,14.9,0.0,0.116,0.0
det,9.4331,1228.88,787.5,102.25,259.0,0.76,Body
cover,9.4822,1,0,1,1
err,9.4823,-0.5,11.5
timing,9.4823,3.9,27.9
gate,9.4823,14.9,0.0,0.116,0.0
det,9.4823,1228.75,785.38,101.5,261.25,0.79,Body
cover,9.4833,1,0,1,1
err,9.4833,-0.5,11.5
timing,9.4833,3.9,27.9
gate,9.4833,14.9,0.0,0.116,0.0
det,9.4833,1228.75,785.38,101.5,261.25,0.79,Body
cover,9.5324,1,0,1,1
err,9.5325,-0.5,12.95
timing,9.5325,3.4,28.5
gate,9.5325,14.9,0.0,0.116,0.0
det,9.5325,1228.5,787.0,102.0,259.5,0.779,Body
cover,9.5335,1,0,1,1
err,9.5335,-0.5,12.95
timing,9.5335,3.4,28.5
gate,9.5335,14.9,0.0,0.116,0.0
det,9.5335,1228.5,787.0,102.0,259.5,0.779,Body
cover,9.5817,1,0,1,1
err,9.5818,-0.75,18.85
timing,9.5818,3.0,28.0
gate,9.5818,14.9,0.0,0.116,0.0
det,9.5818,1228.25,793.5,102.0,253.5,0.783,Body
cover,9.5832,1,0,1,1
err,9.5832,-0.75,18.85
timing,9.5832,3.0,28.0
gate,9.5832,14.9,0.0,0.116,0.0
det,9.5832,1228.25,793.5,102.0,253.5,0.783,Body
cover,9.633,1,0,1,1
err,9.633,-0.5,15.3
timing,9.633,4.1,28.5
gate,9.633,14.9,0.0,0.116,0.0
det,9.633,1228.38,789.5,102.25,258.0,0.766,Body
cover,9.6339,1,0,1,1
err,9.6339,-0.5,15.3
timing,9.6339,4.1,28.5
gate,9.6339,14.9,0.0,0.116,0.0
det,9.6339,1228.38,789.5,102.25,258.0,0.766,Body
cover,9.6818,1,0,1,1
err,9.6818,0.0,-4.15
timing,9.6818,3.1,27.0
gate,9.6818,14.9,0.0,0.116,0.0
det,9.6818,1227.88,768.0,104.25,278.5,0.712,Body
cover,9.6828,1,0,1,1
err,9.6828,0.0,-4.15
timing,9.6828,3.1,27.0
gate,9.6828,14.9,0.0,0.116,0.0
det,9.6828,1227.88,768.0,104.25,278.5,0.712,Body
cover,9.7324,1,0,1,1
err,9.7325,0.0,-4.95
timing,9.7325,4.2,27.8
gate,9.7325,14.9,0.0,0.116,0.0
det,9.7325,1227.88,767.0,104.25,280.5,0.741,Body
cover,9.7335,1,0,1,1
err,9.7336,0.0,-4.95
timing,9.7336,4.2,27.8
gate,9.7336,14.9,0.0,0.116,0.0
det,9.7336,1227.88,767.0,104.25,280.5,0.741,Body
cover,9.7824,1,0,1,1
err,9.7824,0.0,-13.0
timing,9.7824,3.5,28.0
gate,9.7824,14.9,0.0,0.116,0.0
det,9.7824,1227.25,758.0,105.5,290.0,0.692,Body
cover,9.7835,1,0,1,1
err,9.7835,0.0,-13.0
timing,9.7835,3.5,28.0
gate,9.7835,14.9,0.0,0.116,0.0
det,9.7835,1227.25,758.0,105.5,290.0,0.692,Body
cover,9.8325,1,0,1,1
err,9.8326,0.0,-13.45
timing,9.8326,3.9,27.5
gate,9.8326,14.9,0.0,0.116,0.0
det,9.8326,1227.25,757.5,105.5,290.5,0.665,Body
cover,9.8334,1,0,1,1
err,9.8335,0.0,-13.45
timing,9.8335,3.9,27.5
gate,9.8335,14.9,0.0,0.116,0.0
det,9.8335,1227.25,757.5,105.5,290.5,0.665,Body
cover,9.884,1,0,1,1
err,9.884,0.0,-18.0
timing,9.884,4.8,28.2
gate,9.884,14.9,0.0,0.116,0.0
det,9.884,1227.12,752.5,105.75,295.0,0.66,Body
cover,9.8849,1,0,1,1
err,9.885,0.0,-18.0
timing,9.885,4.8,28.2
gate,9.885,14.9,0.0,0.116,0.0
det,9.885,1227.12,752.5,105.75,295.0,0.66,Body
cover,9.9329,1,0,1,1
err,9.9329,-0.25,-12.0
timing,9.9329,2.5,28.0
gate,9.9329,14.9,0.0,0.116,0.0
det,9.9329,1227.25,759.38,105.0,286.25,0.72,Body
cover,9.9339,1,0,1,1
err,9.934,-0.25,-12.0
timing,9.934,2.5,28.0
gate,9.934,14.9,0.0,0.116,0.0
det,9.934,1227.25,759.38,105.0,286.25,0.72,Body
cover,9.9832,1,0,1,1
err,9.9832,-0.75,-10.0
timing,9.9832,3.5,28.4
gate,9.9832,14.9,0.0,0.116,0.0
det,9.9832,1227.5,761.38,103.5,286.25,0.748,Body
cover,9.9841,1,0,1,1
err,9.9842,-0.75,-10.0
timing,9.9842,3.5,28.4
gate,9.9842,14.9,0.0,0.116,0.0
det,9.9842,1227.5,761.38,103.5,286.25,0.748,Body
cover,10.0352,1,0,1,1
err,10.0352,-1.0,-7.65
timing,10.0352,3.5,30.3
gate,10.0352,14.9,0.0,0.116,0.0
det,10.0352,1227.38,764.0,103.25,283.5,0.745,Body
cover,10.0363,1,0,1,1
err,10.0363,-1.0,-7.65
timing,10.0363,3.5,30.3
gate,10.0363,14.9,0.0,0.116,0.0
det,10.0363,1227.38,764.0,103.25,283.5,0.745,Body
cover,10.0845,1,0,1,1
err,10.0846,-0.5,-12.55
timing,10.0846,1.8,29.2
gate,10.0846,14.9,0.0,0.116,0.0
det,10.0846,1227.12,758.5,104.75,289.5,0.711,Body
cover,10.0855,1,0,1,1
err,10.0855,-0.5,-12.55
timing,10.0855,1.8,29.2
gate,10.0855,14.9,0.0,0.116,0.0
det,10.0855,1227.12,758.5,104.75,289.5,0.711,Body
cover,10.133,1,0,1,1
err,10.1331,-0.5,-13.5
timing,10.1331,1.8,27.7
gate,10.1331,14.9,0.0,0.116,0.0
det,10.1331,1227.25,757.5,104.5,290.0,0.7,Body
cover,10.1341,1,0,1,1
err,10.1341,-0.5,-13.5
timing,10.1341,1.8,27.7
gate,10.1341,14.9,0.0,0.116,0.0
det,10.1341,1227.25,757.5,104.5,290.0,0.7,Body
cover,10.1835,1,0,1,1
err,10.1836,-1.0,-7.8
timing,10.1836,3.5,28.6
gate,10.1835,14.9,0.0,0.116,0.0
det,10.1836,1227.12,763.88,103.75,283.25,0.744,Body
cover,10.1848,1,0,1,1
err,10.1849,-1.0,-7.8
timing,10.1849,3.5,28.6
gate,10.1849,14.9,0.0,0.116,0.0
det,10.1849,1227.12,763.88,103.75,283.25,0.744,Body
cover,10.2339,1,0,1,1
err,10.234,-0.75,-6.1
timing,10.234,3.3,28.6
gate,10.234,14.9,0.0,0.116,0.0
det,10.234,1227.25,765.88,104.0,280.25,0.748,Body
cover,10.2349,1,0,1,1
err,10.2349,-0.75,-6.1
timing,10.2349,3.3,28.6
gate,10.2349,14.9,0.0,0.116,0.0
det,10.2349,1227.25,765.88,104.0,280.25,0.748,Body
cover,10.2831,1,0,1,1
err,10.2831,-0.75,-7.4
timing,10.2831,2.7,27.9
gate,10.2831,14.9,0.0,0.116,0.0
det,10.2831,1227.0,764.5,104.5,281.0,0.754,Body
cover,10.2844,1,0,1,1
err,10.2844,-0.75,-7.4
timing,10.2844,2.7,27.9
gate,10.2844,14.9,0.0,0.116,0.0
det,10.2844,1227.0,764.5,104.5,281.0,0.754,Body
cover,10.3332,1,0,1,1
err,10.3332,-0.5,-9.25
timing,10.3332,3.2,28.2
gate,10.3332,14.9,0.0,0.116,0.0
det,10.3332,1226.62,762.5,105.75,282.5,0.738,Body
cover,10.3343,1,0,1,1
err,10.3343,-0.5,-9.25
timing,10.3343,3.2,28.2
gate,10.3343,14.9,0.0,0.116,0.0
det,10.3343,1226.62,762.5,105.75,282.5,0.738,Body
cover,10.3832,1,0,1,1
err,10.3833,-0.5,-6.85
timing,10.3833,3.2,28.2
gate,10.3833,14.9,0.0,0.116,0.0
det,10.3833,1227.12,765.0,104.75,281.5,0.739,Body
cover,10.3844,1,0,1,1
err,10.3844,-0.5,-6.85
timing,10.3844,3.2,28.2
gate,10.3844,14.9,0.0,0.116,0.0
det,10.3844,1227.12,765.0,104.75,281.5,0.739,Body
cover,10.4328,1,0,1,1
err,10.4328,-0.75,-15.1
timing,10.4328,3.6,27.4
gate,10.4328,14.9,0.0,0.116,0.0
det,10.4328,1227.0,755.88,104.5,290.25,0.714,Body
cover,10.4341,1,0,1,1
err,10.4342,-0.75,-15.1
timing,10.4342,3.6,27.4
gate,10.4342,14.9,0.0,0.116,0.0
det,10.4342,1227.0,755.88,104.5,290.25,0.714,Body
cover,10.4822,1,1,0,1
err,10.4823,-92.12,-25.11
timing,10.4823,4.1,26.5
gate,10.4823,95.5,0.0,0.0,0.0
det,10.4823,1169.0,748.62,37.75,47.75,0.689,Head
cover,10.5165,1,0,1,1
err,10.5166,-144.38,46.3
timing,10.5166,5.2,27.3
gate,10.5166,151.6,0.0,0.0,0.0
det,10.5166,1081.03,818.5,109.19,278.0,0.733,Body
cover,10.5514,1,0,1,1
err,10.5515,-153.25,37.2
timing,10.5515,4.9,28.3
gate,10.5515,152.4,0.0,0.0,0.0
det,10.5515,1071.03,803.5,111.44,337.0,0.559,Body
cover,10.5837,1,0,1,1
err,10.5837,-201.75,64.45
timing,10.5837,4.1,26.6
gate,10.5837,211.8,0.0,0.0,0.0
det,10.5837,1023.62,837.0,109.25,274.5,0.715,Body
cover,10.618,1,0,1,1
err,10.618,-203.25,40.8
timing,10.618,4.8,28.1
gate,10.618,211.0,0.0,0.0,0.0
det,10.618,1021.0,807.5,111.5,333.0,0.638,Body
cover,10.653,2,1,1,1
err,10.653,-204.56,58.95
timing,10.653,4.8,28.7
gate,10.653,212.0,0.0,0.0,0.0
det,10.653,1020.5,829.0,109.88,299.5,0.756,Body
det,10.653,1045.81,769.0,38.12,50.5,0.549,Head
cover,10.6897,1,0,1,1
err,10.6897,-206.44,70.85
timing,10.6897,4.9,30.3
gate,10.6897,215.4,1.0,0.0,0.0
det,10.6897,1019.25,843.0,108.62,278.5,0.774,Body
cmd,10.6897,-277,95
cover,10.726,1,0,1,1
err,10.726,-206.5,70.4
timing,10.726,4.2,30.4
gate,10.726,216.9,1.0,0.244,0.0
det,10.726,1019.22,842.5,108.56,279.0,0.777,Body
cover,10.7677,1,0,1,1
err,10.7678,-206.38,67.55
timing,10.7678,5.1,35.2
gate,10.7678,217.0,1.0,0.202,0.0
det,10.7678,1019.25,839.5,108.75,280.5,0.783,Body
cover,10.8014,1,0,1,1
err,10.8015,21.0,-9.35
timing,10.8015,4.2,28.0
gate,10.8015,23.0,0.0,0.168,0.0
det,10.8015,1248.88,763.5,104.25,271.5,0.784,Body
cover,10.8356,1,0,1,1
err,10.8357,21.0,-6.35
timing,10.8357,4.8,27.7
gate,10.8357,22.4,0.0,0.134,0.0
det,10.8357,1249.12,767.0,103.75,266.5,0.788,Body
cover,10.872,1,0,1,1
err,10.8721,21.25,-13.6
timing,10.8721,5.5,29.4
gate,10.8721,23.8,0.0,0.098,1.0
det,10.8721,1249.0,759.0,104.5,274.0,0.784,Body
cmd,10.8721,28,-18
cover,10.9093,1,0,1,1
err,10.9094,22.5,-16.6
timing,10.9094,4.9,30.9
gate,10.9094,26.0,1.0,0.243,0.0
det,10.9094,1250.25,755.0,104.5,284.0,0.738,Body
cover,10.9487,1,0,1,1
err,10.9488,22.5,-16.6
timing,10.9488,4.8,32.8
gate,10.9488,27.1,1.0,0.203,0.0
det,10.9488,1250.12,755.0,104.75,284.0,0.739,Body
cover,10.9852,1,0,1,1
err,10.9852,22.75,-17.9
timing,10.9852,4.8,30.6
gate,10.9852,28.1,1.0,0.167,0.0
det,10.9852,1250.5,753.62,104.5,284.75,0.727,Body
cover,11.0193,1,0,1,1
err,11.0193,-1.0,10.25
timing,11.0193,4.3,28.2
gate,11.0193,10.3,0.0,0.133,0.0
det,11.0193,1228.12,784.5,101.75,257.5,0.794,Body
cover,11.0524,1,0,1,1
err,11.0525,-0.75,12.4
timing,11.0525,4.2,27.5
gate,11.0525,11.5,0.0,0.1,0.0
det,11.0525,1228.5,787.0,101.5,254.0,0.798,Body
cover,11.0858,1,0,1,1
err,11.0858,-1.0,14.65
timing,11.0858,3.8,28.0
gate,11.0858,13.2,0.0,0.066,0.0
det,11.0858,1228.38,789.5,101.25,251.5,0.799,Body
cover,11.1182,1,0,1,1
err,11.1183,-0.5,5.15
timing,11.1183,4.0,27.0
gate,11.1183,13.2,0.0,0.066,0.0
det,11.1183,1228.62,779.0,101.75,261.5,0.788,Body
cover,11.1193,1,0,1,1
err,11.1193,-0.5,5.15
timing,11.1193,4.0,27.0
gate,11.1193,13.2,0.0,0.066,0.0
det,11.1193,1228.62,779.0,101.75,261.5,0.788,Body
cover,11.1675,1,0,1,1
err,11.1676,-0.5,3.5
timing,11.1676,3.0,27.5
gate,11.1676,13.2,0.0,0.066,0.0
det,11.1676,1228.38,777.12,102.25,263.75,0.779,Body
cover,11.1687,1,0,1,1
err,11.1687,-0.5,3.5
timing,11.1687,3.0,27.5
gate,11.1687,13.2,0.0,0.066,0.0
det,11.1687,1228.38,777.12,102.25,263.75,0.779,Body
cover,11.2186,1,0,1,1
err,11.2187,-0.5,1.15
timing,11.2187,3.7,28.8
gate,11.2187,13.2,0.0,0.066,0.0
det,11.2187,1228.38,774.5,102.25,266.5,0.773,Body
cover,11.2196,1,0,1,1
err,11.2197,-0.5,1.15
timing,11.2197,3.7,28.8
gate,11.2197,13.2,0.0,0.066,0.0
det,11.2197,1228.38,774.5,102.25,266.5,0.773,Body
cover,11.2685,1,0,1,1
err,11.2686,-0.5,-7.5
timing,11.2686,2.9,28.5
gate,11.2685,13.2,0.0,0.066,0.0
det,11.2686,1228.0,765.0,103.0,275.0,0.751,Body
cover,11.2696,1,0,1,1
err,11.2697,-0.5,-7.5
timing,11.2697,2.9,28.5
gate,11.2697,13.2,0.0,0.066,0.0
det,11.2697,1228.0,765.0,103.0,275.0,0.751,Body
cover,11.3199,1,0,1,1
err,11.3199,-0.75,1.05
timing,11.3199,4.7,28.4
gate,11.3199,13.2,0.0,0.066,0.0
det,11.3199,1228.25,774.5,102.0,265.5,0.779,Body
cover,11.3209,1,0,1,1
err,11.3209,-0.75,1.05
timing,11.3209,4.7,28.4
gate,11.3209,13.2,0.0,0.066,0.0
det,11.3209,1228.25,774.5,102.0,265.5,0.779,Body
cover,11.3679,1,0,1,1
err,11.368,-0.75,-2.55
timing,11.368,1.8,27.7
gate,11.368,13.2,0.0,0.066,0.0
det,11.368,1228.0,770.5,102.5,269.5,0.785,Body
cover,11.369,1,0,1,1
err,11.3691,-0.75,-2.55
timing,11.3691,1.8,27.7
gate,11.3691,13.2,0.0,0.066,0.0
det,11.3691,1228.0,770.5,102.5,269.5,0.785,Body
cover,11.4178,1,0,1,1
err,11.4178,-0.75,7.3
timing,11.4178,3.2,28.0
gate,11.4178,13.2,0.0,0.066,0.0
det,11.4178,1228.25,781.5,102.0,258.0,0.797,Body
cover,11.4188,1,0,1,1
err,11.4188,-0.75,7.3
timing,11.4188,3.2,28.0
gate,11.4188,13.2,0.0,0.066,0.0
det,11.4188,1228.25,781.5,102.0,258.0,0.797,Body
cover,11.4677,1,0,1,1
err,11.4677,-0.5,6.4
timing,11.4677,3.9,27.8
gate,11.4677,13.2,0.0,0.066,0.0
det,11.4677,1228.38,780.5,102.25,259.0,0.795,Body
cover,11.4687,1,0,1,1
err,11.4688,-0.5,6.4
timing,11.4688,3.9,27.8
gate,11.4688,13.2,0.0,0.066,0.0
det,11.4688,1228.38,780.5,102.25,259.0,0.795,Body
cover,11.5189,1,0,1,1
err,11.519,-0.5,9.2
timing,11.519,4.8,27.8
gate,11.519,13.2,0.0,0.066,0.0
det,11.519,1228.38,783.5,102.25,257.0,0.794,Body
cover,11.5199,1,0,1,1
err,11.5199,-0.5,9.2
timing,11.5199,4.8,27.8
gate,11.5199,13.2,0.0,0.066,0.0
det,11.5199,1228.38,783.5,102.25,257.0,0.794,Body
cover,11.5681,1,0,1,1
err,11.5681,-38.0,-3.55
timing,11.5681,2.7,27.8
gate,11.5681,38.2,0.0,0.0,0.0
det,11.5681,1189.44,763.0,105.12,334.5,0.607,Body
cover,11.6017,1,0,1,1
err,11.6019,-126.62,20.35
timing,11.6019,4.7,27.4
gate,11.6018,128.2,0.0,0.0,0.0
det,11.6019,1100.88,793.5,105.0,268.5,0.812,Body
cover,11.6369,1,0,1,1
err,11.637,-151.38,11.6
timing,11.637,4.6,28.8
gate,11.637,131.4,0.0,0.0,0.0
det,11.637,1075.5,783.5,106.25,281.0,0.714,Body
cover,11.6708,2,1,1,1
err,11.6708,-251.69,-41.51
timing,11.6708,4.2,28.3
gate,11.6708,255.1,0.0,0.0,0.0
det,11.6708,983.62,810.5,109.12,282.0,0.793,Body
det,11.6708,1008.39,731.12,39.84,49.75,0.646,Head
cover,11.7045,1,0,1,1
err,11.7045,-267.53,25.5
timing,11.7045,4.2,28.2
gate,11.7045,268.7,0.0,0.0,0.0
det,11.7045,958.19,796.0,108.56,295.0,0.816,Body
cover,11.7384,1,0,1,1
err,11.7385,-267.84,30.15
timing,11.7385,4.9,27.7
gate,11.7385,269.2,0.0,0.0,0.0
det,11.7385,958.12,801.0,108.06,291.5,0.824,Body
cover,11.773,1,0,1,1
err,11.7731,-267.78,33.1
timing,11.7731,4.6,28.3
gate,11.7731,269.5,0.0,0.0,0.0
det,11.7731,958.06,804.0,108.31,291.0,0.825,Body
cover,11.8073,1,0,1,1
err,11.8074,-267.66,30.95
timing,11.8074,5.3,28.1
gate,11.8074,269.5,1.0,0.0,0.0
det,11.8074,958.06,801.5,108.56,294.5,0.819,Body
cmd,11.8074,-359,41
cover,11.8421,1,0,1,1
err,11.8422,-267.69,32.75
timing,11.8422,4.7,28.7
gate,11.8422,269.6,1.0,0.245,0.0
det,11.8422,958.12,803.5,108.38,292.5,0.821,Body
cover,11.8777,1,0,1,1
err,11.8778,-267.81,30.95
timing,11.8778,4.9,29.0
gate,11.8778,269.6,1.0,0.21,0.0
det,11.8778,958.0,801.5,108.38,294.5,0.816,Body
cover,11.916,1,0,1,1
err,11.9161,-267.62,29.4
timing,11.9161,4.9,32.0
gate,11.9161,269.4,1.0,0.171,0.0
det,11.9161,957.94,799.62,108.88,297.75,0.808,Body
cover,11.9526,2,1,1,1
err,11.9526,-68.5,-73.1
timing,11.9526,4.9,30.1
gate,11.9526,100.2,0.0,0.135,0.0
det,11.9526,1192.25,700.5,38.5,48.0,0.671,Head
det,11.9526,1168.75,741.0,108.5,333.5,0.554,Body
cover,11.9877,1,0,1,1
err,11.9878,25.5,-20.1
timing,11.9878,4.3,29.3
gate,11.9878,32.5,0.0,0.1,0.0
det,11.9878,1252.88,751.0,105.25,289.0,0.62,Body
cover,12.024,1,0,1,1
err,12.024,25.0,-31.4
timing,12.024,4.8,30.0
gate,12.024,36.5,0.0,0.063,0.0
det,12.024,1252.25,739.88,105.5,287.25,0.615,Body
cover,12.0596,1,0,1,1
err,12.0596,25.25,-32.8
timing,12.0596,5.4,28.7
gate,12.0596,39.1,0.0,0.028,1.0
det,12.0596,1252.25,738.38,106.0,288.25,0.594,Body
cmd,12.0596,34,-44
cover,12.0996,1,0,1,1
err,12.0996,25.75,-19.5
timing,12.0996,4.5,33.7
gate,12.0996,35.2,1.0,0.24,0.0
det,12.0996,1253.5,752.0,104.5,285.0,0.621,Body
cover,12.1374,1,0,1,1
err,12.1375,25.0,-30.5
timing,12.1375,5.0,31.2
gate,12.1375,37.4,1.0,0.202,0.0
det,12.1375,1252.38,741.0,105.25,285.0,0.628,Body
cover,12.1726,2,1,1,1
err,12.1727,-11.0,-39.15
timing,12.1727,4.2,29.6
gate,12.1727,40.7,0.0,0.167,0.0
det,12.1727,1249.25,735.0,39.5,47.0,0.735,Head
det,12.1727,1225.88,789.5,105.25,311.5,0.635,Body
cover,12.2086,2,1,1,1
err,12.2087,-11.0,-39.15
timing,12.2087,4.6,29.7
gate,12.2087,40.7,0.0,0.131,0.0
det,12.2087,1249.0,735.0,40.0,47.0,0.737,Head
det,12.2087,1226.25,789.0,105.5,311.5,0.635,Body
cover,12.2434,2,1,1,1
err,12.2435,-11.0,-39.16
timing,12.2435,4.6,28.6
gate,12.2435,40.7,0.0,0.096,0.0
det,12.2435,1249.0,735.12,40.0,46.75,0.704,Head
det,12.2435,1226.25,789.62,105.5,310.75,0.628,Body
cover,12.2868,2,1,1,1
err,12.2869,-11.0,-38.87
timing,12.2869,6.7,35.1
gate,12.2869,40.5,1.0,0.053,0.0
det,12.2869,1249.0,734.94,40.0,47.62,0.75,Head
det,12.2869,1226.5,794.5,105.0,304.0,0.679,Body
cover,12.3226,2,1,1,1
err,12.3226,-11.25,-39.14
timing,12.3226,4.7,29.2
gate,12.3226,40.6,1.0,0.017,0.0
det,12.3226,1248.5,734.94,40.5,47.12,0.705,Head
det,12.3226,1226.88,794.12,104.25,305.75,0.686,Body
cover,12.3608,2,1,1,1
err,12.3608,-11.0,-39.12
timing,12.3608,5.0,31.7
gate,12.3608,40.6,1.0,0.0,0.0
det,12.3608,1248.75,734.75,40.5,47.5,0.678,Head
det,12.3608,1226.62,793.88,104.75,305.25,0.675,Body
cmd,12.3608,-15,-52
cover,12.4041,1,0,1,1
err,12.4041,-0.25,38.95
timing,12.4041,5.7,35.7
gate,12.4041,39.0,0.0,0.237,0.0
det,12.4041,1227.0,810.0,105.5,289.5,0.737,Body
cover,12.4397,1,0,1,1
err,12.4398,-1.25,64.8
timing,12.4398,4.9,29.2
gate,12.4398,42.5,0.0,0.201,0.0
det,12.4398,1226.5,835.5,104.5,293.0,0.706,Body
cover,12.4739,1,0,1,1
err,12.474,-1.5,94.8
timing,12.474,5.0,27.9
gate,12.474,94.8,0.0,0.167,1.0
det,12.474,1226.38,869.38,104.25,254.25,0.787,Body
cmd,12.474,-2,127
cover,12.509,1,0,1,1
err,12.5091,-1.75,109.7
timing,12.5091,5.4,28.3
gate,12.5091,96.9,0.0,0.245,0.0
det,12.5091,1227.5,886.0,101.5,237.0,0.617,Body
cover,12.5431,1,0,1,1
err,12.5431,-0.75,134.3
timing,12.5431,5.0,27.7
gate,12.5431,134.3,0.0,0.211,0.0
det,12.5431,1228.5,913.5,101.5,208.0,0.688,Body
cover,12.5789,1,0,1,1
err,12.579,9.0,119.8
timing,12.579,4.9,29.8
gate,12.579,132.3,0.0,0.175,0.0
det,12.579,1235.88,897.0,106.25,228.0,0.646,Body
cover,12.621,1,0,1,1
err,12.621,18.5,95.1
timing,12.621,5.6,34.8
gate,12.621,96.9,0.0,0.133,0.0
det,12.621,1246.62,870.0,103.75,251.0,0.797,Body
cover,12.6581,1,0,1,1
err,12.6582,20.25,103.8
timing,12.6582,4.7,30.6
gate,12.6582,101.8,0.0,0.096,0.0
det,12.6582,1248.25,879.75,104.0,240.5,0.745,Body
cover,12.6933,1,0,1,1
err,12.6934,20.5,86.55
timing,12.6934,3.4,30.3
gate,12.6934,100.0,0.0,0.061,0.0
det,12.6934,1248.88,860.5,103.25,260.5,0.733,Body
cover,12.7333,1,0,1,1
err,12.7333,20.0,104.8
timing,12.7333,5.4,33.1
gate,12.7333,103.7,1.0,0.021,0.0
det,12.7333,1248.0,880.75,104.0,240.5,0.758,Body
cover,12.771,1,0,1,1
err,12.7711,20.0,104.8
timing,12.7711,3.2,32.8
gate,12.7711,105.3,1.0,0.0,0.0
det,12.7711,1248.0,880.75,104.0,240.5,0.748,Body
cmd,12.7711,27,140
cover,12.8076,1,0,1,1
err,12.8077,20.0,105.3
timing,12.8077,5.2,29.8
gate,12.8076,106.4,1.0,0.243,0.0
det,12.8077,1248.25,881.38,103.5,239.25,0.755,Body
cover,12.843,1,0,1,1
err,12.8431,20.5,93.5
timing,12.8431,5.2,28.9
gate,12.8431,100.5,1.0,0.208,0.0
det,12.8431,1249.0,868.0,103.0,255.0,0.757,Body
cover,12.8774,1,0,1,1
err,12.8775,20.25,95.8
timing,12.8775,5.2,27.8
gate,12.8775,99.1,1.0,0.174,0.0
det,12.8775,1249.0,870.5,102.5,253.0,0.755,Body
cover,12.9133,1,0,1,1
err,12.9134,20.5,94.8
timing,12.9134,5.2,28.9
gate,12.9134,97.9,1.0,0.138,0.0
det,12.9134,1248.88,869.25,103.25,255.5,0.769,Body
cover,12.9529,1,0,1,1
err,12.9529,20.25,95.5
timing,12.9529,4.9,33.2
gate,12.9529,97.8,1.0,0.098,0.0
det,12.9529,1248.5,870.0,103.5,255.0,0.776,Body
cover,13.0097,1,0,1,1
err,13.0098,1.5,-38.95
timing,13.0098,4.8,50.6
gate,13.0098,39.0,0.0,0.041,0.0
det,13.0098,1229.5,733.5,104.0,275.5,0.748,Body
cover,13.059,2,1,1,1
err,13.059,0.5,-60.1
timing,13.059,12.3,35.0
gate,13.059,41.9,0.0,0.0,1.0
det,13.059,1249.38,655.5,37.25,48.5,0.627,Head
det,13.059,1228.5,711.5,104.0,284.0,0.512,Body
cmd,13.059,1,-81
cover,13.0954,2,1,1,1
err,13.0955,0.5,-60.05
timing,13.0955,4.0,30.8
gate,13.0955,44.4,0.0,0.244,0.0
det,13.0955,1249.12,655.56,37.75,48.38,0.647,Head
det,13.0955,1228.62,711.5,103.75,284.5,0.538,Body
cover,13.1306,2,1,1,1
err,13.1307,0.5,-60.3
timing,13.1307,4.9,28.6
gate,13.1307,46.6,1.0,0.208,0.0
det,13.1307,1249.0,655.62,38.0,48.5,0.63,Head
det,13.1307,1228.62,711.0,103.75,287.0,0.507,Body
cover,13.1682,1,1,0,1
err,13.1683,-12.0,-117.84
timing,13.1683,4.8,31.2
gate,13.1683,118.5,0.0,0.171,0.0
det,13.1683,1248.88,655.69,38.25,48.12,0.671,Head
cover,13.2057,1,1,0,1
err,13.2057,-12.0,-117.85
timing,13.2057,2.7,33.0
gate,13.2057,118.5,0.0,0.133,0.0
det,13.2057,1248.88,655.75,38.25,48.0,0.666,Head
cover,13.2412,1,1,0,1
err,13.2412,-12.25,-117.45
timing,13.2412,5.5,29.2
gate,13.2412,118.3,0.0,0.098,0.0
det,13.2412,1248.5,655.88,38.5,48.5,0.678,Head
cover,13.2792,2,1,1,1
err,13.2793,-12.25,-50.65
timing,13.2793,5.1,31.3
gate,13.2793,52.1,0.0,0.06,0.0
det,13.2793,1227.25,771.38,103.5,296.25,0.67,Body
det,13.2793,1249.0,723.5,37.5,47.0,0.669,Head
cover,13.3241,2,1,1,1
err,13.3241,-12.5,-51.14
timing,13.3241,6.0,37.0
gate,13.3241,52.4,0.0,0.015,0.0
det,13.3241,1248.38,722.88,38.25,47.25,0.657,Head
det,13.3241,1226.88,767.5,104.25,300.5,0.642,Body
cover,13.3627,2,1,1,1
err,13.3628,-12.0,-50.38
timing,13.3628,4.8,32.2
gate,13.3628,52.1,0.0,0.0,0.0
det,13.3628,1227.12,774.5,103.75,293.0,0.717,Body
det,13.3628,1249.12,723.5,37.75,47.5,0.647,Head
cover,13.4027,2,1,1,1
err,13.4029,-12.5,-51.14
timing,13.4029,5.0,33.0
gate,13.4029,52.4,1.0,0.0,0.0
det,13.4029,1227.38,777.0,103.25,290.5,0.731,Body
det,13.4029,1248.38,722.88,38.25,47.25,0.684,Head
cmd,13.4029,-17,-69
cover,13.441,2,1,1,1
err,13.4411,-12.5,-51.12
timing,13.4411,3.2,32.8
gate,13.4411,52.5,1.0,0.242,0.0
det,13.4411,1227.38,779.88,103.25,287.25,0.747,Body
det,13.4411,1248.38,722.75,38.25,47.5,0.684,Head
cover,13.4781,2,1,1,1
err,13.4782,-12.5,-51.13
timing,13.4782,5.0,30.5
gate,13.4782,52.6,1.0,0.205,0.0
det,13.4782,1227.25,780.0,103.0,288.5,0.744,Body
det,13.4782,1248.38,722.81,38.25,47.38,0.687,Head
cover,13.5159,2,1,1,1
err,13.516,-12.5,-51.13
timing,13.516,5.0,31.3
gate,13.516,52.6,1.0,0.167,0.0
det,13.516,1227.38,776.88,103.25,291.25,0.731,Body
det,13.516,1248.5,722.81,38.0,47.38,0.668,Head
cover,13.5565,2,1,1,1
err,13.5566,-12.5,-51.14
timing,13.5566,5.3,33.6
gate,13.5566,52.6,1.0,0.126,0.0
det,13.5566,1227.38,774.5,103.25,292.5,0.725,Body
det,13.5566,1248.5,722.94,38.0,47.12,0.654,Head
cover,13.5959,1,0,1,1
err,13.5959,11.75,55.75
timing,13.5959,5.8,31.8
gate,13.5959,57.0,0.0,0.087,0.0
det,13.5959,1239.75,825.5,104.0,302.5,0.646,Body
cover,13.6367,1,0,1,1
err,13.6368,16.0,84.15
timing,13.6368,4.8,34.3
gate,13.6368,60.9,0.0,0.046,0.0
det,13.6368,1243.38,857.5,105.25,266.5,0.713,Body
cover,13.6734,0,0,0,0
nearest,13.6734,-1
cover,13.7092,2,1,1,1
err,13.7093,20.0,159.17
timing,13.7093,5.5,28.8
gate,13.7093,160.4,0.0,0.0,0.0
det,13.7093,1254.5,927.5,103.0,195.0,0.783,Body
det,13.7093,1281.38,932.5,37.25,48.5,0.5,Head
cover,13.7432,1,0,1,1
err,13.7433,42.0,174.2
timing,13.7433,5.0,27.6
gate,13.7433,162.9,0.0,0.0,1.0
det,13.7433,1275.88,957.75,92.25,164.5,0.669,Body
cmd,13.7433,56,233
cover,13.7769,1,0,1,1
err,13.777,42.0,181.6
timing,13.777,4.9,27.3
gate,13.777,186.4,0.0,0.246,0.0
det,13.777,1274.5,966.0,95.0,156.0,0.793,Body
cover,13.8126,1,0,1,1
err,13.8126,46.5,193.9
timing,13.8126,5.5,28.6
gate,13.8126,188.2,0.0,0.211,0.0
det,13.8126,1272.88,979.88,107.25,140.25,0.591,Body
cover,13.8476,0,0,0,0
nearest,13.8476,-1
cover,13.891,2,1,1,1
err,13.8911,-2.75,22.92
timing,13.8911,6.1,35.7
gate,13.8911,23.1,0.0,0.132,0.0
det,13.8911,1236.5,859.0,101.0,264.0,0.667,Body
det,13.8911,1257.5,796.25,39.5,48.5,0.606,Head
cover,13.9269,1,0,1,1
err,13.927,8.5,77.75
timing,13.927,5.1,29.1
gate,13.927,78.2,0.0,0.096,1.0
det,13.927,1237.62,850.5,101.75,272.5,0.684,Body
cmd,13.927,11,104
cover,13.961,1,0,1,1
err,13.9611,9.5,74.45
timing,13.9611,4.9,27.7
gate,13.9611,76.5,0.0,0.246,0.0
det,13.9611,1237.88,847.0,103.25,274.5,0.679,Body
cover,13.997,1,0,1,1
err,13.997,8.5,85.5
timing,13.997,4.8,29.6
gate,13.997,81.7,0.0,0.21,0.0
det,13.997,1237.5,859.12,102.0,263.75,0.748,Body
cover,14.0333,1,0,1,1
err,14.0334,8.75,84.1
timing,14.0334,5.0,29.9
gate,14.0334,83.3,1.0,0.174,0.0
det,14.0334,1237.75,857.62,102.0,264.75,0.736,Body
cover,14.075,1,0,1,1
err,14.0751,8.5,85.3
timing,14.0751,5.7,34.5
gate,14.0751,84.6,1.0,0.132,0.0
det,14.0751,1237.62,858.88,101.75,264.25,0.736,Body
cover,14.1094,1,0,1,1
err,14.1095,0.25,0.05
timing,14.1095,4.7,28.0
gate,14.1094,84.6,1.0,0.132,0.0
det,14.1095,1228.0,772.5,104.5,275.5,0.712,Body
cover,14.1436,1,0,1,1
err,14.1436,0.0,5.05
timing,14.1436,5.0,27.5
gate,14.1436,84.6,1.0,0.132,0.0
det,14.1436,1227.88,778.0,104.25,270.5,0.733,Body
cover,14.1892,1,0,1,1
err,14.1892,0.0,10.35
timing,14.1892,4.7,39.3
gate,14.1892,84.6,1.0,0.132,0.0
det,14.1892,1227.88,784.0,104.25,263.5,0.744,Body
cover,14.1907,1,0,1,1
err,14.1907,0.0,10.35
timing,14.1907,4.7,39.3
gate,14.1907,84.6,1.0,0.132,0.0
det,14.1907,1227.88,784.0,104.25,263.5,0.744,Body
cover,14.2502,1,0,1,1
err,14.2503,0.0,-6.85
timing,14.2503,2.8,39.7
gate,14.2503,84.6,1.0,0.132,0.0
det,14.2503,1227.5,765.0,105.0,281.5,0.721,Body
cover,14.2514,1,0,1,1
err,14.2514,0.0,-6.85
timing,14.2514,2.8,39.7
gate,14.2514,84.6,1.0,0.132,0.0
det,14.2514,1227.5,765.0,105.0,281.5,0.721,Body
cover,14.2978,1,0,1,1
err,14.2979,0.0,-16.5
timing,14.2979,1.7,27.6
gate,14.2979,84.6,1.0,0.132,0.0
det,14.2979,1227.12,754.0,105.75,295.0,0.647,Body
cover,14.2987,1,0,1,1
err,14.2988,0.0,-16.5
timing,14.2988,1.7,27.6
gate,14.2988,84.6,1.0,0.132,0.0
det,14.2988,1227.12,754.0,105.75,295.0,0.647,Body
cover,14.347,1,0,1,1
err,14.347,0.5,-15.1
timing,14.347,2.8,27.7
gate,14.347,84.6,1.0,0.132,0.0
det,14.347,1227.62,755.62,105.75,292.75,0.656,Body
cover,14.348,1,0,1,1
err,14.348,0.5,-15.1
timing,14.348,2.8,27.7
gate,14.348,84.6,1.0,0.132,0.0
det,14.348,1227.62,755.62,105.75,292.75,0.656,Body
cover,14.3967,1,0,1,1
err,14.3968,0.5,-16.4
timing,14.3968,3.2,28.2
gate,14.3968,84.6,1.0,0.132,0.0
det,14.3968,1227.38,754.12,106.25,294.75,0.606,Body
cover,14.3981,1,0,1,1
err,14.3982,0.5,-16.4
timing,14.3982,3.2,28.2
gate,14.3982,84.6,1.0,0.132,0.0
det,14.3982,1227.38,754.12,106.25,294.75,0.606,Body
cover,14.4474,1,0,1,1
err,14.4475,0.0,2.6
timing,14.4475,3.6,27.9
gate,14.4475,84.6,1.0,0.132,0.0
det,14.4475,1227.88,775.38,104.25,272.25,0.718,Body
cover,14.4487,1,0,1,1
err,14.4487,0.0,2.6
timing,14.4487,3.6,27.9
gate,14.4487,84.6,1.0,0.132,0.0
det,14.4487,1227.88,775.38,104.25,272.25,0.718,Body
cover,14.4968,1,0,1,1
err,14.4969,0.0,7.1
timing,14.4969,3.3,27.0
gate,14.4969,84.6,1.0,0.132,0.0
det,14.4969,1228.12,780.38,103.75,267.25,0.732,Body
cover,14.4982,1,0,1,1
err,14.4982,0.0,7.1
timing,14.4982,3.3,27.0
gate,14.4982,84.6,1.0,0.132,0.0
det,14.4982,1228.12,780.38,103.75,267.25,0.732,Body
cover,14.5464,1,0,1,1
err,14.5465,-0.25,13.5
timing,14.5465,3.5,27.5
gate,14.5465,84.6,1.0,0.132,0.0
det,14.5465,1227.75,787.5,104.0,260.0,0.751,Body
cover,14.5477,1,0,1,1
err,14.5477,-0.25,13.5
timing,14.5477,3.5,27.5
gate,14.5477,84.6,1.0,0.132,0.0
det,14.5477,1227.75,787.5,104.0,260.0,0.751,Body
cover,14.5962,1,0,1,1
err,14.5962,0.0,12.5
timing,14.5962,3.5,27.8
gate,14.5962,84.6,1.0,0.132,0.0
det,14.5962,1227.75,786.5,104.5,260.0,0.743,Body
cover,14.5972,1,0,1,1
err,14.5973,0.0,12.5
timing,14.5973,3.5,27.8
gate,14.5973,84.6,1.0,0.132,0.0
det,14.5973,1227.75,786.5,104.5,260.0,0.743,Body
cover,14.6478,1,0,1,1
err,14.6478,0.5,-12.1
timing,14.6478,4.5,28.3
gate,14.6478,84.6,1.0,0.132,0.0
det,14.6478,1227.38,759.0,106.25,289.0,0.656,Body
cover,14.6488,1,0,1,1
err,14.6488,0.5,-12.1
timing,14.6488,4.5,28.3
gate,14.6488,84.6,1.0,0.132,0.0
det,14.6488,1227.38,759.0,106.25,289.0,0.656,Body
cover,14.6972,1,0,1,1
err,14.6972,-0.25,0.9
timing,14.6972,2.8,27.9
gate,14.6972,84.6,1.0,0.132,0.0
det,14.6972,1227.75,773.62,104.0,272.75,0.706,Body
cover,14.6985,1,0,1,1
err,14.6985,-0.25,0.9
timing,14.6985,2.8,27.9
gate,14.6985,84.6,1.0,0.132,0.0
det,14.6985,1227.75,773.62,104.0,272.75,0.706,Body
cover,14.7467,1,0,1,1
err,14.7467,0.25,14.6
timing,14.7467,3.1,28.0
gate,14.7467,84.6,1.0,0.132,0.0
det,14.7467,1228.75,787.88,103.0,267.25,0.784,Body
cover,14.7477,1,0,1,1
err,14.7477,0.25,14.6
timing,14.7477,3.1,28.0
gate,14.7477,84.6,1.0,0.132,0.0
det,14.7477,1228.75,787.88,103.0,267.25,0.784,Body
cover,14.797,1,0,1,1
err,14.7971,-0.5,45.5
timing,14.7971,4.4,27.8
gate,14.7971,45.5,0.0,0.0,0.0
det,14.7971,1227.25,820.0,104.5,255.0,0.811,Body
cover,14.8326,1,0,1,1
err,14.8327,36.0,131.5
timing,14.8327,5.3,28.8
gate,14.8327,136.3,0.0,0.0,0.0
det,14.8327,1264.88,910.0,102.25,215.0,0.602,Body
cover,14.8669,1,0,1,1
err,14.867,43.5,145.2
timing,14.867,5.3,27.5
gate,14.867,138.4,0.0,0.0,0.0
det,14.867,1270.88,925.62,105.25,195.75,0.734,Body
cover,14.9027,2,1,1,1
err,14.9028,45.5,146.5
timing,14.9028,5.1,29.3
gate,14.9028,140.5,0.0,0.0,0.0
det,14.9028,1274.38,927.0,102.25,195.0,0.779,Body
det,14.9028,1299.88,927.12,38.25,50.75,0.503,Head
cover,14.938,1,0,1,1
err,14.9381,45.5,145.8
timing,14.9381,5.3,28.5
gate,14.9381,142.2,1.0,0.0,0.0
det,14.9381,1274.38,926.25,102.25,195.5,0.782,Body
cmd,14.9381,61,195
cover,14.9726,1,0,1,1
err,14.9727,47.5,144.4
timing,14.9727,4.9,28.1
gate,14.9727,147.6,1.0,0.245,0.0
det,14.9727,1278.12,924.62,98.75,197.75,0.693,Body
cover,15.0139,1,0,1,1
err,15.014,53.0,147.6
timing,15.014,5.5,34.3
gate,15.014,152.6,1.0,0.204,0.0
det,15.014,1285.62,928.25,94.75,193.5,0.668,Body
cover,15.0483,1,0,1,1
err,15.0484,53.5,146.9
timing,15.0484,5.0,27.8
gate,15.0484,154.7,1.0,0.17,0.0
det,15.0484,1285.5,927.5,96.0,194.0,0.709,Body
cover,15.0836,1,0,1,1
err,15.0836,6.0,61.7
timing,15.0836,5.2,28.5
gate,15.0836,62.0,0.0,0.134,0.0
det,15.0836,1232.38,831.38,107.25,303.25,0.75,Body
cover,15.1207,1,0,1,1
err,15.1208,6.0,57.7
timing,15.1208,4.5,31.1
gate,15.1208,59.8,0.0,0.097,0.0
det,15.1208,1232.25,827.0,107.5,307.0,0.745,Body
cover,15.1562,1,0,1,1
err,15.1563,5.75,56.35
timing,15.1563,4.8,29.1
gate,15.1563,58.1,0.0,0.062,1.0
det,15.1563,1232.0,825.5,107.5,308.5,0.734,Body
cmd,15.1563,8,76
cover,15.1911,1,0,1,1
err,15.1911,5.75,58.3
timing,15.1911,4.9,28.3
gate,15.1911,58.3,1.0,0.245,0.0
det,15.1911,1232.25,827.62,107.0,306.75,0.744,Body
cover,15.2269,1,0,1,1
err,15.227,6.0,52.85
timing,15.227,5.4,28.9
gate,15.227,55.5,1.0,0.209,0.0
det,15.227,1232.12,821.5,107.75,313.5,0.723,Body
cover,15.2654,1,0,1,1
err,15.2655,6.0,53.2
timing,15.2655,2.6,34.0
gate,15.2655,54.4,1.0,0.171,0.0
det,15.2655,1232.12,822.0,107.75,312.0,0.72,Body
cover,15.3012,1,0,1,1
err,15.3013,5.75,50.5
timing,15.3013,5.0,28.8
gate,15.3013,52.4,1.0,0.135,0.0
det,15.3013,1232.0,819.0,107.5,315.0,0.713,Body
cover,15.338,1,0,1,1
err,15.3381,-1.5,-8.6
timing,15.3381,5.6,29.6
gate,15.3381,8.7,0.0,0.098,0.0
det,15.3381,1226.62,764.0,103.75,274.0,0.682,Body
cover,15.3733,1,0,1,1
err,15.3734,-1.5,-11.35
timing,15.3734,4.5,29.3
gate,15.3734,10.2,0.0,0.063,1.0
det,15.3734,1226.62,761.0,103.75,276.5,0.673,Body
cmd,15.3734,-2,-15
cover,15.4147,1,0,1,1
err,15.4147,-1.5,-13.05
timing,15.4147,5.0,34.8
gate,15.4147,11.8,0.0,0.239,0.0
det,15.4147,1226.5,759.0,104.0,279.5,0.633,Body
cover,15.4497,1,0,1,1
err,15.4498,-1.5,-14.45
timing,15.4498,5.3,28.2
gate,15.4498,13.3,1.0,0.204,0.0
det,15.4498,1226.62,757.5,103.75,280.5,0.622,Body
cover,15.4847,1,0,1,1
err,15.4847,-1.5,-11.4
timing,15.4847,5.2,28.3
gate,15.4847,12.3,1.0,0.169,0.0
det,15.4847,1226.75,761.0,103.5,276.0,0.673,Body
cover,15.52,1,0,1,1
err,15.52,2.0,-2.15
timing,15.52,4.8,29.1
gate,15.52,12.3,1.0,0.169,0.0
det,15.52,1228.12,768.5,107.75,293.5,0.686,Body
cover,15.5211,1,0,1,1
err,15.5211,2.0,-2.15
timing,15.5211,4.8,29.1
gate,15.5211,12.3,1.0,0.169,0.0
det,15.5211,1228.12,768.5,107.75,293.5,0.686,Body
cover,15.567,1,0,1,1
err,15.5671,2.0,2.4
timing,15.5671,2.4,26.3
gate,15.5671,12.3,1.0,0.169,0.0
det,15.5671,1228.25,773.5,107.5,289.0,0.71,Body
cover,15.5679,1,0,1,1
err,15.5679,2.0,2.4
timing,15.5679,2.4,26.3
gate,15.5679,12.3,1.0,0.169,0.0
det,15.5679,1228.25,773.5,107.5,289.0,0.71,Body
cover,15.6165,1,0,1,1
err,15.6165,2.0,4.9
timing,15.6165,2.4,28.5
gate,15.6165,12.3,1.0,0.169,0.0
det,15.6165,1228.5,776.38,107.0,285.25,0.737,Body
cover,15.6182,1,0,1,1
err,15.6183,2.0,4.9
timing,15.6183,2.4,28.5
gate,15.6183,12.3,1.0,0.169,0.0
det,15.6183,1228.5,776.38,107.0,285.25,0.737,Body
cover,15.6673,0,0,0,0
nearest,15.6673,-1
cover,15.6682,0,0,0,0
nearest,15.6682,-1
cover,15.7195,1,0,1,1
err,15.7195,-0.25,2.7
timing,15.7195,4.2,29.7
gate,15.7195,12.3,1.0,0.169,0.0
det,15.7195,1228.25,773.62,103.0,290.75,0.77,Body
cover,15.7205,1,0,1,1
err,15.7205,-0.25,2.7
timing,15.7205,4.2,29.7
gate,15.7205,12.3,1.0,0.169,0.0
det,15.7205,1228.25,773.62,103.0,290.75,0.77,Body
cover,15.7672,1,0,1,1
err,15.7672,1.0,-2.7
timing,15.7672,1.8,27.6
gate,15.7672,12.3,1.0,0.169,0.0
det,15.7672,1227.12,767.62,107.75,296.75,0.727,Body
cover,15.7683,1,0,1,1
err,15.7683,1.0,-2.7
timing,15.7683,1.8,27.6
gate,15.7683,12.3,1.0,0.169,0.0
det,15.7683,1227.12,767.62,107.75,296.75,0.727,Body
cover,15.817,1,0,1,1
err,15.8171,2.0,-4.5
timing,15.8171,3.1,28.3
gate,15.8171,12.3,1.0,0.169,0.0
det,15.8171,1228.88,766.5,106.25,290.0,0.715,Body
cover,15.8182,1,0,1,1
err,15.8183,2.0,-4.5
timing,15.8183,3.1,28.3
gate,15.8183,12.3,1.0,0.169,0.0
det,15.8183,1228.88,766.5,106.25,290.0,0.715,Body
cover,15.8703,1,0,1,1
err,15.8704,2.0,-1.65
timing,15.8704,3.4,31.3
gate,15.8704,12.3,1.0,0.169,0.0
det,15.8704,1230.38,770.5,103.25,278.5,0.699,Body
cover,15.8714,1,0,1,1
err,15.8715,2.0,-1.65
timing,15.8715,3.4,31.3
gate,15.8715,12.3,1.0,0.169,0.0
det,15.8715,1230.38,770.5,103.25,278.5,0.699,Body
cover,15.9199,1,0,1,1
err,15.9199,1.5,-18.6
timing,15.9199,2.2,28.8
gate,15.9199,12.3,1.0,0.169,0.0
det,15.9199,1228.38,751.5,106.25,299.0,0.688,Body
cover,15.9211,1,0,1,1
err,15.9211,1.5,-18.6
timing,15.9211,2.2,28.8
gate,15.9211,12.3,1.0,0.169,0.0
det,15.9211,1228.38,751.5,106.25,299.0,0.688,Body
cover,15.972,1,0,1,1
err,15.9721,3.0,-3.25
timing,15.9721,3.2,30.2
gate,15.9721,12.3,1.0,0.169,0.0
det,15.9721,1229.0,768.0,108.0,287.5,0.706,Body
cover,15.9732,1,0,1,1
err,15.9732,3.0,-3.25
timing,15.9732,3.2,30.2
gate,15.9732,12.3,1.0,0.169,0.0
det,15.9732,1229.0,768.0,108.0,287.5,0.706,Body
cover,16.0218,1,0,1,1
err,16.0218,3.0,-3.25
timing,16.0218,1.4,29.8
gate,16.0218,12.3,1.0,0.169,0.0
det,16.0218,1229.0,768.0,108.0,287.5,0.706,Body
cover,16.0221,1,0,1,1
err,16.0222,3.0,-3.25
timing,16.0222,1.4,29.8
gate,16.0222,12.3,1.0,0.169,0.0
det,16.0222,1229.0,768.0,108.0,287.5,0.706,Body
cover,16.0724,1,0,1,1
err,16.0725,2.75,27.65
timing,16.0725,3.0,29.7
gate,16.0725,27.8,0.0,0.0,0.0
det,16.0725,1231.0,803.0,103.5,246.5,0.833,Body
cover,16.1089,1,0,1,1
err,16.109,4.5,3.2
timing,16.109,4.6,30.2
gate,16.109,27.8,0.0,0.0,0.0
det,16.109,1230.88,773.5,107.25,297.0,0.73,Body
cover,16.1511,1,0,1,1
err,16.1511,4.75,0.15
timing,16.1511,4.7,35.6
gate,16.1511,27.8,0.0,0.0,0.0
det,16.1511,1231.0,770.5,107.5,296.5,0.686,Body
cover,16.1525,1,0,1,1
err,16.1525,4.75,0.15
timing,16.1525,4.7,35.6
gate,16.1525,27.8,0.0,0.0,0.0
det,16.1525,1231.0,770.5,107.5,296.5,0.686,Body
cover,16.203,2,1,1,1
err,16.2031,6.25,5.45
timing,16.2031,3.3,29.9
gate,16.2031,27.8,0.0,0.0,0.0
det,16.2031,1256.88,736.0,40.25,45.5,0.739,Head
det,16.2031,1233.5,772.5,105.5,329.5,0.573,Body
cover,16.2041,2,1,1,1
err,16.2041,6.25,5.45
timing,16.2041,3.3,29.9
gate,16.2041,27.8,0.0,0.0,0.0
det,16.2041,1256.88,736.0,40.25,45.5,0.739,Head
det,16.2041,1233.5,772.5,105.5,329.5,0.573,Body
cover,16.2544,2,1,1,1
err,16.2545,5.75,-2.4
timing,16.2545,2.4,30.6
gate,16.2545,27.8,0.0,0.0,0.0
det,16.2545,1234.75,767.62,102.0,299.75,0.639,Body
det,16.2545,1258.0,735.94,37.5,45.12,0.601,Head
cover,16.2556,2,1,1,1
err,16.2556,5.75,-2.4
timing,16.2556,2.4,30.6
gate,16.2556,27.8,0.0,0.0,0.0
det,16.2556,1234.75,767.62,102.0,299.75,0.639,Body
det,16.2556,1258.0,735.94,37.5,45.12,0.601,Head
cover,16.3076,1,0,1,1
err,16.3076,8.0,-1.6
timing,16.3076,2.3,32.0
gate,16.3076,27.8,0.0,0.0,0.0
det,16.3076,1238.62,769.0,98.75,294.0,0.646,Body
cover,16.3087,1,0,1,1
err,16.3088,8.0,-1.6
timing,16.3088,2.3,32.0
gate,16.3088,27.8,0.0,0.0,0.0
det,16.3088,1238.62,769.0,98.75,294.0,0.646,Body
cover,16.3571,1,0,1,1
err,16.3571,22.25,63.7
timing,16.3571,1.7,28.9
gate,16.3571,67.5,0.0,0.0,0.0
det,16.3571,1256.5,842.12,91.5,215.75,0.77,Body
cover,16.393,1,0,1,1
err,16.3931,21.0,39.3
timing,16.3931,4.9,29.5
gate,16.3931,64.3,0.0,0.0,0.0
det,16.3931,1255.5,812.12,91.0,271.75,0.667,Body
cover,16.4328,1,0,1,1
err,16.4328,36.5,46.4
timing,16.4328,5.2,33.1
gate,16.4328,63.2,0.0,0.0,0.0
det,16.4328,1270.38,820.5,92.25,259.0,0.692,Body
cover,16.4708,2,1,1,1
err,16.4709,51.5,53.6
timing,16.4709,5.3,31.4
gate,16.4709,74.3,0.0,0.0,0.0
det,16.4709,1286.5,825.88,90.0,277.25,0.61,Body
det,16.4709,1305.75,802.12,32.0,40.75,0.606,Head
cover,16.5064,2,1,1,1
err,16.5065,58.25,43.79
timing,16.5065,5.0,29.2
gate,16.5065,73.3,0.0,0.0,0.0
det,16.5065,1323.0,824.12,30.5,35.75,0.688,Head
det,16.5065,1301.88,814.12,92.25,291.75,0.681,Body
cover,16.5427,1,0,1,1
err,16.5428,70.5,55.0
timing,16.5428,4.9,29.8
gate,16.5428,75.5,0.0,0.0,0.0
det,16.5428,1304.88,826.0,91.25,290.0,0.771,Body
cover,16.586,1,0,1,1
err,16.5862,71.5,56.75
timing,16.5862,5.4,36.2
gate,16.5861,77.7,1.0,0.0,0.0
det,16.5862,1307.88,829.0,87.25,277.5,0.757,Body
cmd,16.5862,96,76
cover,16.623,1,0,1,1
err,16.6231,70.5,55.3
timing,16.6231,4.9,30.4
gate,16.6231,79.3,1.0,0.243,0.0
det,16.6231,1307.88,828.5,85.25,268.0,0.714,Body
cover,16.66,1,0,1,1
err,16.6601,70.0,59.2
timing,16.6601,6.1,29.6
gate,16.6601,81.0,1.0,0.206,0.0
det,16.6601,1306.12,832.0,87.75,272.0,0.743,Body
cover,16.7023,1,0,1,1
err,16.7023,70.0,59.05
timing,16.7023,5.6,34.9
gate,16.7023,86.8,1.0,0.164,0.0
det,16.7023,1306.25,832.0,87.5,270.5,0.772,Body
cover,16.7373,1,0,1,1
err,16.7374,-7.5,-4.2
timing,16.7374,3.2,29.9
gate,16.7374,8.6,0.0,0.129,0.0
det,16.7374,1231.38,769.88,82.25,259.25,0.642,Body
cover,16.7715,1,0,1,1
err,16.7716,-9.75,-2.75
timing,16.7716,5.1,27.6
gate,16.7716,9.4,0.0,0.095,0.0
det,16.7716,1227.0,771.0,86.5,262.5,0.681,Body
cover,16.8064,1,0,1,1
err,16.8065,-8.0,-3.65
timing,16.8065,5.1,28.3
gate,16.8065,9.1,0.0,0.06,1.0
det,16.8065,1230.12,770.5,83.75,258.5,0.716,Body
cmd,16.8065,-11,-5
cover,16.8421,1,0,1,1
err,16.8421,-8.0,-5.0
timing,16.8421,4.8,29.2
gate,16.8421,9.2,1.0,0.244,0.0
det,16.8421,1230.88,769.0,82.25,260.0,0.623,Body
cover,16.8784,1,0,1,1
err,16.8785,-7.5,24.6
timing,16.8785,5.0,29.9
gate,16.8785,8.1,1.0,0.208,0.0
det,16.8785,1232.0,800.38,81.0,242.25,0.589,Body
cover,16.9192,1,0,1,1
err,16.9193,-7.5,20.7
timing,16.9193,5.2,34.0
gate,16.9192,8.4,1.0,0.167,0.0
det,16.9193,1231.75,796.0,81.5,247.0,0.584,Body
cover,16.9527,1,0,1,1
err,16.9528,1.75,-5.45
timing,16.9528,5.1,26.9
gate,16.9528,8.4,1.0,0.167,0.0
det,16.9528,1239.75,768.5,84.0,260.5,0.866,Body
cover,16.9538,1,0,1,1
err,16.9538,1.75,-5.45
timing,16.9538,5.1,26.9
gate,16.9538,8.4,1.0,0.167,0.0
det,16.9538,1239.75,768.5,84.0,260.5,0.866,Body
cover,17.0029,1,0,1,1
err,17.0029,1.75,-7.25
timing,17.0029,3.6,28.4
gate,17.0029,8.4,1.0,0.167,0.0
det,17.0029,1239.5,766.5,84.5,262.5,0.862,Body
cover,17.004,1,0,1,1
err,17.004,1.75,-7.25
timing,17.004,3.6,28.4
gate,17.004,8.4,1.0,0.167,0.0
det,17.004,1239.5,766.5,84.5,262.5,0.862,Body
cover,17.0547,1,0,1,1
err,17.0548,2.0,-7.1
timing,17.0548,4.2,29.0
gate,17.0547,8.4,1.0,0.167,0.0
det,17.0548,1239.75,766.62,84.5,262.75,0.861,Body
cover,17.0551,1,0,1,1
err,17.0551,2.0,-7.1
timing,17.0551,4.2,29.0
gate,17.0551,8.4,1.0,0.167,0.0
det,17.0551,1239.75,766.62,84.5,262.75,0.861,Body
cover,17.1032,2,1,1,1
err,17.1032,2.25,-8.1
timing,17.1032,2.9,27.5
gate,17.1032,8.4,1.0,0.167,0.0
det,17.1032,1240.0,765.5,84.5,264.0,0.858,Body
det,17.1032,1257.25,772.88,31.5,35.25,0.565,Head
cover,17.1042,2,1,1,1
err,17.1042,2.25,-8.1
timing,17.1042,2.9,27.5
gate,17.1042,8.4,1.0,0.167,0.0
det,17.1042,1240.0,765.5,84.5,264.0,0.858,Body
det,17.1042,1257.25,772.88,31.5,35.25,0.565,Head
cover,17.1567,2,1,1,1
err,17.1568,2.0,-6.8
timing,17.1568,3.9,30.3
gate,17.1568,8.4,1.0,0.167,0.0
det,17.1568,1240.25,767.0,83.5,262.0,0.86,Body
det,17.1568,1257.12,773.38,31.75,35.25,0.593,Head
cover,17.1579,2,1,1,1
err,17.1579,2.0,-6.8
timing,17.1579,3.9,30.3
gate,17.1579,8.4,1.0,0.167,0.0
det,17.1579,1240.25,767.0,83.5,262.0,0.86,Body
det,17.1579,1257.12,773.38,31.75,35.25,0.593,Head
cover,17.2059,2,1,1,1
err,17.2059,2.0,-8.15
timing,17.2059,1.9,28.7
gate,17.2059,8.4,1.0,0.167,0.0
det,17.2059,1240.25,765.5,83.5,263.5,0.86,Body
det,17.2059,1256.75,773.25,32.0,35.0,0.584,Head
cover,17.2071,2,1,1,1
err,17.2071,2.0,-8.15
timing,17.2071,1.9,28.7
gate,17.2071,8.4,1.0,0.167,0.0
det,17.2071,1240.25,765.5,83.5,263.5,0.86,Body
det,17.2071,1256.75,773.25,32.0,35.0,0.584,Head
cover,17.2538,2,1,1,1
err,17.2539,2.0,-6.3
timing,17.2539,1.5,27.7
gate,17.2539,8.4,1.0,0.167,0.0
det,17.2539,1240.25,767.5,83.5,262.0,0.863,Body
det,17.2539,1256.88,773.25,32.25,35.5,0.567,Head
cover,17.2549,2,1,1,1
err,17.2549,2.0,-6.3
timing,17.2549,1.5,27.7
gate,17.2549,8.4,1.0,0.167,0.0
det,17.2549,1240.25,767.5,83.5,262.0,0.863,Body
det,17.2549,1256.88,773.25,32.25,35.5,0.567,Head
cover,17.305,1,0,1,1
err,17.3051,2.0,-4.05
timing,17.3051,3.9,28.6
gate,17.3051,8.4,1.0,0.167,0.0
det,17.3051,1240.38,770.0,83.25,259.5,0.866,Body
cover,17.3064,1,0,1,1
err,17.3064,2.0,-4.05
timing,17.3064,3.9,28.6
gate,17.3064,8.4,1.0,0.167,0.0
det,17.3064,1240.38,770.0,83.25,259.5,0.866,Body
cover,17.3555,0,0,0,0
nearest,17.3556,-1
cover,17.3566,0,0,0,0
nearest,17.3566,-1
cover,17.4049,0,0,0,0
nearest,17.4049,-1
cover,17.4052,0,0,0,0
nearest,17.4052,-1
cover,17.4559,0,0,0,0
nearest,17.4559,-1
cover,17.4562,0,0,0,0
nearest,17.4562,-1
cover,17.5069,0,0,0,0
nearest,17.5069,-1
cover,17.5071,0,0,0,0
nearest,17.5071,-1
cover,17.555,0,0,0,0
nearest,17.555,-1
cover,17.5554,0,0,0,0
nearest,17.5554,-1
cover,17.6059,0,0,0,0
nearest,17.6059,-1
cover,17.6061,0,0,0,0
nearest,17.6061,-1
cover,17.6555,1,0,1,0
nearest,17.6555,-1
cover,17.6565,1,0,1,0
nearest,17.6566,-1
cover,17.7055,1,0,1,0
nearest,17.7056,-1
cover,17.7059,1,0,1,0
nearest,17.7059,-1
cover,17.7562,1,0,1,0
nearest,17.7562,-1
cover,17.7564,1,0,1,0
nearest,17.7564,-1
cover,17.8058,1,0,1,0
nearest,17.8058,-1
cover,17.8061,1,0,1,0
nearest,17.8061,-1
cover,17.8553,1,0,1,0
nearest,17.8553,-1
cover,17.8555,1,0,1,0
nearest,17.8555,-1
cover,17.9057,0,0,0,0
nearest,17.9057,-1
cover,17.907,0,0,0,0
nearest,17.907,-1
cover,17.9559,1,0,1,0
nearest,17.9559,-1
cover,17.9569,1,0,1,0
nearest,17.9569,-1
cover,18.0063,0,0,0,0
nearest,18.0063,-1
cover,18.0075,0,0,0,0
nearest,18.0076,-1
cover,18.0569,1,0,1,0
nearest,18.057,-1
cover,18.0581,1,0,1,0
nearest,18.0581,-1
cover,18.1119,0,0,0,0
nearest,18.1119,-1
cover,18.1131,0,0,0,0
nearest,18.1131,-1
cover,18.1616,0,0,0,0
nearest,18.1616,-1
cover,18.1619,0,0,0,0
nearest,18.1619,-1
cover,18.2126,0,0,0,0
nearest,18.2127,-1
cover,18.2129,0,0,0,0
nearest,18.2129,-1
cover,18.2631,0,0,0,0
nearest,18.2632,-1
cover,18.2634,0,0,0,0
nearest,18.2634,-1
cover,18.3085,1,0,1,0
nearest,18.3085,-1
cover,18.3095,1,0,1,0
nearest,18.3095,-1
cover,18.3564,1,0,1,0
nearest,18.3564,-1
cover,18.3567,1,0,1,0
nearest,18.3567,-1
cover,18.4057,0,0,0,0
nearest,18.4057,-1
cover,18.4069,0,0,0,0
nearest,18.407,-1
cover,18.4567,0,0,0,0
nearest,18.4567,-1
cover,18.457,0,0,0,0
nearest,18.457,-1
cover,18.5074,0,0,0,0
nearest,18.5074,-1
cover,18.5077,0,0,0,0
nearest,18.5077,-1
cover,18.5567,0,0,0,0
nearest,18.5567,-1
cover,18.557,0,0,0,0
nearest,18.557,-1
cover,18.6064,0,0,0,0
nearest,18.6064,-1
cover,18.6066,0,0,0,0
nearest,18.6066,-1
cover,18.6582,0,0,0,0
nearest,18.6582,-1
cover,18.6586,0,0,0,0
nearest,18.6586,-1
cover,18.7075,0,0,0,0
nearest,18.7075,-1
cover,18.7078,0,0,0,0
nearest,18.7078,-1
cover,18.757,0,0,0,0
nearest,18.757,-1
cover,18.7573,0,0,0,0
nearest,18.7573,-1
cover,18.8072,0,0,0,0
nearest,18.8073,-1
cover,18.8076,0,0,0,0
nearest,18.8076,-1
cover,18.8579,1,0,1,0
nearest,18.8579,-1
cover,18.859,1,0,1,0
nearest,18.859,-1
cover,18.9076,0,0,0,0
nearest,18.9076,-1
cover,18.9085,0,0,0,0
nearest,18.9085,-1
cover,18.9579,0,0,0,0
nearest,18.9579,-1
cover,18.9581,0,0,0,0
nearest,18.9581,-1
cover,19.0082,0,0,0,0
nearest,19.0082,-1
cover,19.0084,0,0,0,0
nearest,19.0084,-1
cover,19.0583,1,0,1,0
nearest,19.0584,-1
cover,19.0595,1,0,1,0
nearest,19.0595,-1
cover,19.1048,1,0,1,0
nearest,19.1049,-1
cover,19.1053,1,0,1,0
nearest,19.1053,-1
cover,19.1548,1,0,1,1
err,19.155,-298.39,19.5
timing,19.155,4.2,27.5
gate,19.1549,299.0,0.0,0.0,0.0
det,19.155,958.84,794.0,45.53,255.0,0.711,Body
cover,19.1916,3,1,2,1
err,19.1917,-295.02,13.9
timing,19.1917,2.3,32.7
gate,19.1917,297.0,0.0,0.0,0.0
det,19.1917,958.53,787.0,52.91,269.0,0.722,Body
det,19.1917,1507.5,888.38,9.0,20.25,0.652,Body
det,19.1917,960.34,777.25,16.75,35.5,0.645,Head
cover,19.2259,2,1,1,1
err,19.2259,-284.94,9.85
timing,19.2259,4.8,28.0
gate,19.2259,295.3,0.0,0.0,0.0
det,19.2259,957.75,784.0,74.62,258.5,0.829,Body
det,19.2259,964.41,777.0,30.3,37.0,0.599,Head
cover,19.2601,2,1,1,1
err,19.2602,-278.0,19.75
timing,19.2602,5.3,27.3
gate,19.2602,293.1,1.0,0.0,0.0
det,19.2602,977.59,776.12,31.2,37.75,0.818,Head
det,19.2602,958.38,793.5,87.25,262.5,0.81,Body
cmd,19.2602,-372,26
cover,19.2935,1,0,1,1
err,19.2936,-265.88,20.25
timing,19.2936,4.1,27.7
gate,19.2936,289.4,1.0,0.247,0.0
det,19.2936,967.0,792.0,94.25,282.5,0.751,Body
cover,19.326,2,1,1,1
err,19.3261,-251.12,19.2
timing,19.3261,4.6,26.6
gate,19.3261,251.9,0.0,0.214,0.0
det,19.3261,978.41,790.5,100.94,287.0,0.737,Body
det,19.3261,1002.86,775.88,30.41,36.25,0.583,Head
cover,19.3581,2,1,1,1
err,19.3582,-249.56,17.35
timing,19.3582,4.1,26.2
gate,19.3581,250.9,0.0,0.182,0.0
det,19.3582,979.75,789.0,101.38,283.5,0.75,Body
det,19.3582,1003.39,776.25,30.72,37.5,0.623,Head
cover,19.3909,2,1,1,1
err,19.3909,-234.44,19.2
timing,19.3909,4.7,26.3
gate,19.3909,248.8,0.0,0.149,0.0
det,19.3909,991.62,790.88,107.88,283.25,0.806,Body
det,19.3909,1016.22,774.88,31.56,38.25,0.653,Head
cover,19.4228,2,1,1,1
err,19.4228,71.0,-24.83
timing,19.4228,3.3,27.4
gate,19.4228,75.2,0.0,0.117,0.0
det,19.4228,1314.25,760.5,107.0,291.0,0.816,Body
det,19.4228,1336.12,754.0,29.75,38.5,0.693,Head
cover,19.4571,2,1,1,1
err,19.4572,82.0,-24.06
timing,19.4572,3.4,29.1
gate,19.4572,80.8,0.0,0.083,0.0
det,19.4572,1322.38,769.0,102.25,284.0,0.846,Body
det,19.4572,1346.62,754.62,30.75,38.75,0.745,Head
cover,19.49,2,1,1,1
err,19.4901,89.5,-25.06
timing,19.4901,4.3,27.0
gate,19.4901,82.5,0.0,0.05,0.0
det,19.4901,1331.12,764.5,99.75,287.0,0.831,Body
det,19.4901,1354.38,753.62,30.25,38.75,0.797,Head
cover,19.5261,2,1,1,1
err,19.5262,106.5,-25.27
timing,19.5262,6.1,28.1
gate,19.5262,86.2,1.0,0.014,1.0
det,19.5262,1348.25,766.0,101.0,295.5,0.83,Body
det,19.5262,1371.38,753.0,30.25,39.5,0.628,Head
cmd,19.5262,143,-34
cover,19.5583,1,0,1,1
err,19.5583,127.5,-0.4
timing,19.5583,4.2,26.2
gate,19.5583,127.5,0.0,0.248,0.0
det,19.5583,1356.88,770.5,101.25,291.0,0.815,Body
cover,19.5908,2,1,1,1
err,19.5909,128.75,-2.85
timing,19.5909,5.1,26.1
gate,19.5909,128.2,0.0,0.215,0.0
det,19.5909,1358.25,767.5,101.0,296.5,0.801,Body
det,19.5909,1382.62,751.25,31.75,41.5,0.688,Head
cover,19.6238,2,1,1,1
err,19.6238,128.5,-3.7
timing,19.6238,3.2,28.2
gate,19.6238,128.4,0.0,0.182,0.0
det,19.6238,1357.88,766.5,101.25,298.0,0.801,Body
det,19.6238,1383.0,751.62,31.5,40.75,0.701,Head
cover,19.6574,2,1,1,1
err,19.6574,128.5,-2.45
timing,19.6574,2.9,29.1
gate,19.6574,128.5,1.0,0.149,0.0
det,19.6574,1357.88,768.0,101.25,295.5,0.807,Body
det,19.6574,1382.75,751.5,31.5,41.0,0.674,Head
cover,19.6911,2,1,1,1
err,19.6912,128.75,-2.8
timing,19.6912,3.8,28.7
gate,19.6912,128.6,1.0,0.115,0.0
det,19.6912,1358.0,767.62,101.5,295.75,0.804,Body
det,19.6912,1382.75,751.5,31.5,41.0,0.67,Head
cover,19.7238,2,1,1,1
err,19.7239,129.0,-1.6
timing,19.7239,3.4,28.5
gate,19.7239,128.8,1.0,0.082,0.0
det,19.7239,1358.38,768.88,101.25,295.25,0.806,Body
det,19.7239,1383.0,751.75,32.0,40.5,0.668,Head
cover,19.7578,2,1,1,1
err,19.7579,128.75,-5.6
timing,19.7579,3.4,28.9
gate,19.7579,128.8,1.0,0.048,0.0
det,19.7579,1358.0,764.5,101.5,299.0,0.799,Body
det,19.7579,1383.12,751.88,31.75,40.25,0.797,Head
cover,19.7893,2,1,1,1
err,19.7893,129.0,-5.7
timing,19.7893,3.8,26.0
gate,19.7893,129.0,1.0,0.017,0.0
det,19.7893,1358.62,764.5,100.75,298.0,0.797,Body
det,19.7893,1383.25,751.88,31.5,40.25,0.768,Head
cover,19.824,2,1,1,1
err,19.824,129.0,-5.4
timing,19.824,2.0,31.5
gate,19.824,129.1,1.0,0.0,0.0
det,19.824,1383.25,751.25,31.5,40.5,0.801,Head
det,19.824,1358.62,764.88,100.75,297.25,0.801,Body
cmd,19.824,173,-7
cover,19.8587,2,1,1,1
err,19.8587,2.5,3.56
timing,19.8587,3.5,29.3
gate,19.8587,129.1,1.0,0.0,0.0
det,19.8587,1242.0,795.5,102.5,291.0,0.826,Body
det,19.8587,1266.12,780.88,32.75,41.25,0.526,Head
cover,19.8919,2,1,1,1
err,19.8919,2.5,3.56
timing,19.8919,5.6,26.3
gate,19.8919,129.1,1.0,0.0,0.0
det,19.8919,1242.25,795.5,102.0,291.5,0.816,Body
det,19.8919,1266.25,780.88,32.5,41.25,0.541,Head
cover,19.8928,2,1,1,1
err,19.8928,2.5,3.56
timing,19.8928,5.6,26.3
gate,19.8928,129.1,1.0,0.0,0.0
det,19.8928,1242.25,795.5,102.0,291.5,0.816,Body
det,19.8928,1266.25,780.88,32.5,41.25,0.541,Head
cover,19.9433,2,1,1,1
err,19.9433,-138.0,6.5
timing,19.9433,5.1,27.6
gate,19.9433,138.2,0.0,0.161,0.0
det,19.9433,1101.12,800.62,104.0,292.75,0.812,Body
det,19.9433,1125.94,784.5,32.12,40.0,0.774,Head
cover,19.9771,2,1,1,1
err,19.9772,-138.0,6.5
timing,19.9772,5.5,27.0
gate,19.9772,138.2,0.0,0.127,1.0
det,19.9772,1101.06,800.12,103.88,293.75,0.816,Body
det,19.9772,1125.81,784.5,32.38,40.0,0.78,Head
cmd,19.9772,-185,9
cover,20.0136,2,1,1,1
err,20.0136,-138.0,6.52
timing,20.0136,5.1,29.7
gate,20.0136,138.2,0.0,0.244,0.0
det,20.0136,1101.56,800.5,103.38,292.0,0.816,Body
det,20.0136,1125.81,784.25,32.38,40.5,0.757,Head
cover,20.0468,2,1,1,1
err,20.0469,-138.0,6.52
timing,20.0469,4.4,27.4
gate,20.0469,138.2,1.0,0.21,0.0
det,20.0469,1101.56,800.5,103.38,292.5,0.82,Body
det,20.0469,1125.75,784.25,32.5,40.5,0.76,Head
cover,20.079,2,1,1,1
err,20.0791,-138.0,6.52
timing,20.0791,5.0,26.4
gate,20.0791,138.2,1.0,0.178,0.0
det,20.0791,1101.56,801.5,103.38,291.5,0.814,Body
det,20.0791,1125.69,784.25,32.62,40.5,0.739,Head
cover,20.1122,2,1,1,1
err,20.1122,-138.0,6.54
timing,20.1122,4.4,27.3
gate,20.1122,138.2,1.0,0.145,0.0
det,20.1122,1101.25,801.5,103.5,289.5,0.818,Body
det,20.1122,1125.69,784.12,32.62,40.75,0.703,Head
cover,20.1425,2,1,1,1
err,20.1426,-137.88,6.54
timing,20.1426,4.0,24.9
gate,20.1426,138.1,1.0,0.115,0.0
det,20.1426,1101.5,800.5,103.0,290.5,0.814,Body
det,20.1426,1125.75,784.12,32.75,40.75,0.733,Head
cover,20.1755,2,1,1,1
err,20.1756,-137.75,6.54
timing,20.1756,5.7,25.8
gate,20.1755,138.0,1.0,0.082,0.0
det,20.1756,1101.31,800.12,102.88,290.75,0.816,Body
det,20.1756,1125.94,784.12,32.62,40.75,0.733,Head
cover,20.2087,2,1,1,1
err,20.2088,-138.0,6.54
timing,20.2088,3.6,28.3
gate,20.2088,138.1,1.0,0.048,0.0
det,20.2088,1100.94,798.0,103.62,293.0,0.814,Body
det,20.2088,1125.62,784.12,32.75,40.75,0.753,Head
cover,20.2421,1,0,1,1
err,20.2422,24.5,20.75
timing,20.2422,5.9,25.9
gate,20.2422,32.1,0.0,0.015,0.0
det,20.2422,1254.62,790.5,99.75,302.5,0.807,Body
cover,20.2753,1,0,1,1
err,20.2754,24.5,21.15
timing,20.2754,5.8,26.2
gate,20.2754,32.2,0.0,0.0,0.0
det,20.2754,1254.62,791.0,99.75,301.5,0.808,Body
cover,20.3023,1,0,1,1
err,20.3024,24.75,20.8
timing,20.3024,3.6,22.7
gate,20.3024,32.3,0.0,0.0,0.0
det,20.3024,1254.75,790.5,100.0,303.0,0.805,Body
cover,20.3331,1,0,1,1
err,20.3332,25.0,20.75
timing,20.3332,5.2,24.8
gate,20.3332,32.4,1.0,0.0,1.0
det,20.3332,1255.12,790.5,99.75,302.5,0.81,Body
cmd,20.3332,33,28
cover,20.3685,1,0,1,1
err,20.3685,24.75,20.4
timing,20.3685,4.1,29.5
gate,20.3685,32.2,1.0,0.245,0.0
det,20.3685,1254.75,790.12,100.0,302.75,0.81,Body
cover,20.4058,1,0,1,1
err,20.4058,24.5,20.7
timing,20.4058,4.1,31.5
gate,20.4058,32.1,1.0,0.207,0.0
det,20.4058,1254.5,790.5,100.0,302.0,0.812,Body
cover,20.444,1,0,1,1
err,20.4441,24.5,20.75
timing,20.4441,2.7,33.6
gate,20.4441,32.1,1.0,0.169,0.0
det,20.4441,1254.62,790.5,99.75,302.5,0.811,Body
cover,20.4802,1,0,1,1
err,20.4804,24.5,20.1
timing,20.4804,5.5,28.8
gate,20.4804,31.9,1.0,0.133,0.0
det,20.4804,1254.5,790.0,100.0,301.0,0.811,Body
cover,20.5143,1,0,1,1
err,20.5143,24.5,20.55
timing,20.5143,4.3,28.8
gate,20.5143,31.9,1.0,0.099,0.0
det,20.5143,1254.5,790.5,100.0,300.5,0.81,Body
cover,20.5455,2,1,1,1
err,20.5456,-14.25,-22.01
timing,20.5456,4.9,25.5
gate,20.5456,26.2,0.0,0.068,0.0
det,20.5456,1225.62,771.5,102.75,278.5,0.831,Body
det,20.5456,1250.0,756.12,31.5,39.75,0.733,Head
cover,20.5773,2,1,1,1
err,20.5773,-14.25,-22.01
timing,20.5773,4.1,26.1
gate,20.5773,26.2,0.0,0.036,0.0
det,20.5773,1225.5,771.5,103.0,278.5,0.834,Body
det,20.5773,1250.0,756.12,31.5,39.75,0.749,Head
cover,20.6094,2,1,1,1
err,20.6094,-14.25,-22.0
timing,20.6094,5.3,26.0
gate,20.6094,26.2,0.0,0.004,0.0
det,20.6094,1225.5,771.5,102.5,278.5,0.83,Body
det,20.6094,1250.0,756.0,31.5,40.0,0.74,Head
cover,20.6442,2,1,1,1
err,20.6443,-14.25,-22.0
timing,20.6443,2.1,31.5
gate,20.6443,26.2,1.0,0.0,1.0
det,20.6443,1225.62,771.88,102.75,278.25,0.833,Body
det,20.6443,1250.0,756.0,31.5,40.0,0.754,Head
cmd,20.6443,-19,-29
cover,20.6815,2,1,1,1
err,20.6816,-14.25,-22.01
timing,20.6816,5.5,29.5
gate,20.6816,26.2,1.0,0.243,0.0
det,20.6816,1225.5,771.5,103.0,277.5,0.832,Body
det,20.6816,1250.0,756.12,31.5,39.75,0.754,Head
cover,20.7198,2,1,1,1
err,20.7199,-14.25,-22.01
timing,20.7199,5.8,30.8
gate,20.7199,26.2,1.0,0.204,0.0
det,20.7199,1225.38,772.0,103.25,278.5,0.833,Body
det,20.7199,1250.0,756.12,31.5,39.75,0.732,Head
cover,20.7633,2,1,1,1
err,20.7634,-14.5,-22.51
timing,20.7634,5.4,37.3
gate,20.7634,26.5,1.0,0.161,0.0
det,20.7634,1225.62,772.5,102.75,278.0,0.831,Body
det,20.7634,1249.88,755.62,31.25,39.75,0.739,Head
cover,20.7996,2,1,1,1
err,20.7997,-14.5,-21.99
timing,20.7997,5.6,30.0
gate,20.7997,26.4,1.0,0.125,0.0
det,20.7997,1225.5,771.88,103.0,279.25,0.833,Body
det,20.7997,1249.75,755.88,31.5,40.25,0.724,Head
cover,20.8338,2,1,1,1
err,20.8339,-14.5,-22.0
timing,20.8339,4.9,28.4
gate,20.8339,26.4,1.0,0.09,0.0
det,20.8339,1225.5,772.5,103.0,277.5,0.834,Body
det,20.8339,1249.62,756.0,31.75,40.0,0.714,Head
cover,20.868,1,0,1,1
err,20.8681,12.75,22.6
timing,20.8681,5.5,27.8
gate,20.8681,25.9,0.0,0.056,0.0
det,20.8681,1241.0,793.5,103.5,291.0,0.818,Body
cover,20.9014,1,0,1,1
err,20.9015,12.75,23.3
timing,20.9015,4.3,27.8
gate,20.9015,26.3,0.0,0.023,1.0
det,20.9015,1241.25,794.38,103.0,289.25,0.821,Body
cmd,20.9015,17,31
cover,20.9363,1,0,1,1
err,20.9364,12.5,23.7
timing,20.9364,4.9,28.7
gate,20.9364,26.6,0.0,0.245,0.0
det,20.9364,1240.88,794.88,103.25,288.25,0.825,Body
cover,20.9718,1,0,1,1
err,20.9718,12.5,23.8
timing,20.9718,4.9,29.1
gate,20.9718,26.7,1.0,0.21,0.0
det,20.9718,1241.38,795.0,102.25,288.0,0.825,Body
cover,21.0122,1,0,1,1
err,21.0122,12.25,24.0
timing,21.0122,5.4,33.9
gate,21.0122,26.9,1.0,0.169,0.0
det,21.0122,1241.5,795.12,101.5,288.75,0.825,Body
cover,21.0493,2,1,1,1
err,21.0494,-12.5,-23.1
timing,21.0494,5.9,30.4
gate,21.0494,26.3,0.0,0.132,0.0
det,21.0494,1227.75,768.0,100.5,287.0,0.832,Body
det,21.0494,1251.38,753.25,32.25,43.0,0.602,Head
cover,21.0868,2,1,1,1
err,21.0869,-12.5,-22.81
timing,21.0869,4.3,31.6
gate,21.0869,26.1,0.0,0.095,0.0
det,21.0869,1227.88,768.38,100.25,287.25,0.833,Body
det,21.0869,1251.38,753.12,32.25,43.75,0.558,Head
cover,21.1214,2,1,1,1
err,21.1214,-12.5,-22.81
timing,21.1214,5.4,28.4
gate,21.1214,26.1,0.0,0.06,1.0
det,21.1214,1227.88,769.0,100.25,286.0,0.833,Body
det,21.1214,1251.12,753.12,32.75,43.75,0.537,Head
cmd,21.1214,-17,-31
cover,21.1619,2,1,1,1
err,21.162,-12.5,-22.52
timing,21.162,5.1,33.5
gate,21.162,25.9,1.0,0.239,0.0
det,21.162,1228.25,770.5,100.0,284.0,0.837,Body
det,21.162,1251.12,753.0,32.75,44.5,0.521,Head
cover,21.1971,2,1,1,1
err,21.1972,-12.5,-22.21
timing,21.1972,5.6,28.1
gate,21.1972,25.7,1.0,0.204,0.0
det,21.1972,1228.0,771.0,100.5,284.0,0.838,Body
det,21.1972,1251.0,752.62,33.0,45.75,0.541,Head
cover,21.2313,2,1,1,1
err,21.2314,-12.5,-21.67
timing,21.2314,4.7,28.2
gate,21.2314,25.3,1.0,0.17,0.0
det,21.2314,1228.25,770.5,100.5,284.5,0.836,Body
det,21.2314,1251.0,752.75,33.0,46.5,0.508,Head
cover,21.2656,2,1,1,1
err,21.2657,-12.5,-21.98
timing,21.2657,4.4,29.0
gate,21.2656,25.3,1.0,0.136,0.0
det,21.2657,1228.38,770.5,100.25,284.5,0.836,Body
det,21.2657,1251.0,753.0,33.0,45.5,0.58,Head
cover,21.3018,1,0,1,1
err,21.3018,12.0,24.8
timing,21.3018,4.7,30.4
gate,21.3018,27.6,0.0,0.1,0.0
det,21.3018,1241.0,796.0,102.0,288.0,0.833,Body
cover,21.3377,1,0,1,1
err,21.3377,12.5,24.85
timing,21.3377,4.5,30.0
gate,21.3377,27.7,0.0,0.064,1.0
det,21.3377,1241.38,796.0,102.25,288.5,0.831,Body
cmd,21.3377,17,33
cover,21.3758,1,0,1,1
err,21.3759,12.0,25.6
timing,21.3759,4.7,31.7
gate,21.3759,28.0,0.0,0.242,0.0
det,21.3759,1241.0,796.88,102.0,287.25,0.818,Body
cover,21.4131,1,0,1,1
err,21.4132,12.5,25.2
timing,21.4132,2.9,32.4
gate,21.4132,28.1,1.0,0.205,0.0
det,21.4132,1241.38,796.38,102.25,288.25,0.83,Body
cover,21.4519,1,0,1,1
err,21.4519,12.0,24.7
timing,21.4519,5.7,31.3
gate,21.4519,27.7,1.0,0.166,0.0
det,21.4519,1241.12,795.88,101.75,288.25,0.823,Body
cover,21.4953,1,0,1,1
err,21.4955,12.5,23.8
timing,21.4955,5.0,36.6
gate,21.4955,27.3,1.0,0.122,0.0
det,21.4955,1241.5,794.88,102.0,289.25,0.827,Body
cover,21.5341,1,0,1,1
err,21.5342,12.0,24.35
timing,21.5342,6.9,30.1
gate,21.5342,27.2,1.0,0.084,0.0
det,21.5342,1241.12,795.5,101.75,288.5,0.819,Body
cover,21.57,1,0,1,1
err,21.5701,12.5,24.0
timing,21.5701,4.4,29.8
gate,21.5701,27.1,1.0,0.048,0.0
det,21.5701,1241.62,795.12,101.75,288.75,0.828,Body
cover,21.6043,1,0,1,1
err,21.6043,-2.0,-2.5
timing,21.6043,4.6,28.3
gate,21.6043,27.1,1.0,0.048,0.0
det,21.6043,1226.88,768.5,102.25,290.0,0.842,Body
cover,21.6401,1,0,1,1
err,21.6401,-2.75,16.7
timing,21.6401,4.4,29.9
gate,21.6401,27.1,1.0,0.048,0.0
det,21.6401,1226.5,788.12,101.5,285.75,0.81,Body
cover,21.6412,1,0,1,1
err,21.6412,-2.75,16.7
timing,21.6412,4.4,29.9
gate,21.6412,27.1,1.0,0.048,0.0
det,21.6412,1226.5,788.12,101.5,285.75,0.81,Body
cover,21.6992,1,0,1,1
err,21.6992,-1.0,10.65
timing,21.6992,2.5,38.2
gate,21.6992,27.1,1.0,0.048,0.0
det,21.6992,1228.88,781.5,100.25,291.5,0.845,Body
cover,21.7005,1,0,1,1
err,21.7006,-1.0,10.65
timing,21.7006,2.5,38.2
gate,21.7006,27.1,1.0,0.048,0.0
det,21.7006,1228.88,781.5,100.25,291.5,0.845,Body
cover,21.7508,2,1,1,1
err,21.7508,-4.0,2.4
timing,21.7508,3.1,29.5
gate,21.7508,27.1,1.0,0.048,0.0
det,21.7508,1225.5,774.12,101.0,282.75,0.823,Body
det,21.7508,1248.88,757.5,31.25,40.0,0.548,Head
cover,21.752,2,1,1,1
err,21.7521,-4.0,2.4
timing,21.7521,3.1,29.5
gate,21.7521,27.1,1.0,0.048,0.0
det,21.7521,1225.5,774.12,101.0,282.75,0.823,Body
det,21.7521,1248.88,757.5,31.25,40.0,0.548,Head
cover,21.8006,2,1,1,1
err,21.8007,-3.75,-5.85
timing,21.8007,1.9,29.5
gate,21.8007,27.1,1.0,0.048,0.0
det,21.8007,1225.0,764.5,102.5,296.5,0.812,Body
det,21.8007,1242.75,758.38,30.5,37.25,0.641,Head
cover,21.8018,2,1,1,1
err,21.8018,-3.75,-5.85
timing,21.8018,1.9,29.5
gate,21.8018,27.1,1.0,0.048,0.0
det,21.8018,1225.0,764.5,102.5,296.5,0.812,Body
det,21.8018,1242.75,758.38,30.5,37.25,0.641,Head
cover,21.8511,2,1,1,1
err,21.8511,-3.5,-5.0
timing,21.8511,1.9,29.6
gate,21.8511,27.1,1.0,0.048,0.0
det,21.8511,1224.62,767.0,103.75,280.0,0.853,Body
det,21.8511,1239.38,759.25,32.25,35.0,0.696,Head
cover,21.8523,2,1,1,1
err,21.8523,-3.5,-5.0
timing,21.8523,1.9,29.6
gate,21.8523,27.1,1.0,0.048,0.0
det,21.8523,1224.62,767.0,103.75,280.0,0.853,Body
det,21.8523,1239.38,759.25,32.25,35.0,0.696,Head
cover,21.9035,2,1,1,1
err,21.9036,-3.5,-0.25
timing,21.9036,3.0,30.7
gate,21.9036,27.1,1.0,0.048,0.0
det,21.9036,1224.75,771.5,103.5,282.5,0.854,Body
det,21.9036,1239.12,758.5,31.75,35.0,0.648,Head
cover,21.9047,2,1,1,1
err,21.9047,-3.5,-0.25
timing,21.9047,3.0,30.7
gate,21.9047,27.1,1.0,0.048,0.0
det,21.9047,1224.75,771.5,103.5,282.5,0.854,Body
det,21.9047,1239.12,758.5,31.75,35.0,0.648,Head
cover,21.9539,1,0,1,1
err,21.954,-3.0,-0.3
timing,21.954,2.0,29.7
gate,21.954,27.1,1.0,0.048,0.0
det,21.954,1224.88,771.0,104.25,287.0,0.831,Body
cover,21.955,1,0,1,1
err,21.9551,-3.0,-0.3
timing,21.9551,2.0,29.7
gate,21.9551,27.1,1.0,0.048,0.0
det,21.9551,1224.88,771.0,104.25,287.0,0.831,Body
cover,22.0065,1,0,1,1
err,22.0065,-3.0,-0.3
timing,22.0065,1.1,33.1
gate,22.0065,27.1,1.0,0.048,0.0
det,22.0065,1224.88,771.0,104.25,287.0,0.831,Body
cover,22.0069,1,0,1,1
err,22.0069,-3.0,-0.3
timing,22.0069,1.1,33.1
gate,22.0069,27.1,1.0,0.048,0.0
det,22.0069,1224.88,771.0,104.25,287.0,0.831,Body
cover,22.0546,2,1,1,1
err,22.0547,-2.5,-2.15
timing,22.0547,1.7,28.8
gate,22.0547,27.1,1.0,0.048,0.0
det,22.0547,1224.88,769.0,105.25,288.5,0.827,Body
det,22.0547,1245.0,754.88,33.0,40.25,0.635,Head
cover,22.0549,2,1,1,1
err,22.055,-2.5,-2.15
timing,22.055,1.7,28.8
gate,22.055,27.1,1.0,0.048,0.0
det,22.055,1224.88,769.0,105.25,288.5,0.827,Body
det,22.055,1245.0,754.88,33.0,40.25,0.635,Head
cover,22.1027,2,1,1,1
err,22.1028,-2.5,-9.9
timing,22.1028,1.6,28.2
gate,22.1028,27.1,1.0,0.048,0.0
det,22.1028,1224.62,760.38,105.75,297.25,0.814,Body
det,22.1028,1248.38,753.75,32.25,41.5,0.742,Head
cover,22.1037,2,1,1,1
err,22.1038,-2.5,-9.9
timing,22.1038,1.6,28.2
gate,22.1037,27.1,1.0,0.048,0.0
det,22.1038,1224.62,760.38,105.75,297.25,0.814,Body
det,22.1038,1248.38,753.75,32.25,41.5,0.742,Head
cover,22.1529,2,1,1,1
err,22.153,-2.5,-10.75
timing,22.153,2.0,29.9
gate,22.153,27.1,1.0,0.048,0.0
det,22.153,1224.62,759.5,105.75,297.5,0.81,Body
det,22.153,1249.0,754.5,33.0,43.5,0.683,Head
cover,22.1541,2,1,1,1
err,22.1542,-2.5,-10.75
timing,22.1542,2.0,29.9
gate,22.1542,27.1,1.0,0.048,0.0
det,22.1542,1224.62,759.5,105.75,297.5,0.81,Body
det,22.1542,1249.0,754.5,33.0,43.5,0.683,Head
cover,22.2027,2,1,1,1
err,22.2028,-3.0,-8.0
timing,22.2028,1.7,29.3
gate,22.2028,27.1,1.0,0.048,0.0
det,22.2028,1224.75,762.5,104.5,295.0,0.816,Body
det,22.2028,1250.25,753.12,32.5,43.75,0.689,Head
cover,22.2039,2,1,1,1
err,22.2039,-3.0,-8.0
timing,22.2039,1.7,29.3
gate,22.2039,27.1,1.0,0.048,0.0
det,22.2039,1224.75,762.5,104.5,295.0,0.816,Body
det,22.2039,1250.25,753.12,32.5,43.75,0.689,Head
cover,22.2518,1,0,1,1
err,22.2519,-3.0,-1.1
timing,22.2519,2.4,28.6
gate,22.2518,27.1,1.0,0.048,0.0
det,22.2519,1226.12,770.0,101.75,289.0,0.809,Body
cover,22.2528,1,0,1,1
err,22.2528,-3.0,-1.1
timing,22.2528,2.4,28.6
gate,22.2528,27.1,1.0,0.048,0.0
det,22.2528,1226.12,770.0,101.75,289.0,0.809,Body
cover,22.2999,1,0,1,1
err,22.3,-2.5,-1.1
timing,22.3,2.2,27.4
gate,22.3,27.1,1.0,0.048,0.0
det,22.3,1226.38,769.88,102.25,290.25,0.816,Body
cover,22.3011,1,0,1,1
err,22.3011,-2.5,-1.1
timing,22.3011,2.2,27.4
gate,22.3011,27.1,1.0,0.048,0.0
det,22.3011,1226.38,769.88,102.25,290.25,0.816,Body
cover,22.3503,1,0,1,1
err,22.3504,-2.0,-0.2
timing,22.3504,3.9,28.2
gate,22.3504,27.1,1.0,0.048,0.0
det,22.3504,1227.38,771.0,101.25,288.0,0.822,Body
cover,22.3515,1,0,1,1
err,22.3516,-2.0,-0.2
timing,22.3516,3.9,28.2
gate,22.3515,27.1,1.0,0.048,0.0
det,22.3516,1227.38,771.0,101.25,288.0,0.822,Body
cover,22.4019,1,0,1,1
err,22.402,-2.0,0.25
timing,22.402,3.4,29.7
gate,22.402,27.1,1.0,0.048,0.0
det,22.402,1227.38,771.5,101.25,287.5,0.812,Body
cover,22.403,1,0,1,1
err,22.403,-2.0,0.25
timing,22.403,3.4,29.7
gate,22.403,27.1,1.0,0.048,0.0
det,22.403,1227.38,771.5,101.25,287.5,0.812,Body
cover,22.4522,1,0,1,1
err,22.4522,-2.0,0.35
timing,22.4522,2.1,29.7
gate,22.4522,27.1,1.0,0.048,0.0
det,22.4522,1227.12,771.5,101.75,288.5,0.807,Body
cover,22.4527,1,0,1,1
err,22.4527,-2.0,0.35
timing,22.4527,2.1,29.7
gate,22.4527,27.1,1.0,0.048,0.0
det,22.4527,1227.12,771.5,101.75,288.5,0.807,Body
cover,22.5053,1,0,1,1
err,22.5053,-2.25,0.0
timing,22.5053,4.6,30.2
gate,22.5053,27.1,1.0,0.048,0.0
det,22.5053,1227.0,771.12,101.5,288.75,0.822,Body
cover,22.5065,1,0,1,1
err,22.5065,-2.25,0.0
timing,22.5065,4.6,30.2
gate,22.5065,27.1,1.0,0.048,0.0
det,22.5065,1227.0,771.12,101.5,288.75,0.822,Body
cover,22.5579,1,0,1,1
err,22.558,1.5,14.3
timing,22.558,2.1,31.9
gate,22.558,27.1,1.0,0.048,0.0
det,22.558,1231.0,785.0,101.0,293.0,0.839,Body
cover,22.5589,1,0,1,1
err,22.559,1.5,14.3
timing,22.559,2.1,31.9
gate,22.559,27.1,1.0,0.048,0.0
det,22.559,1231.0,785.0,101.0,293.0,0.839,Body
cover,22.6075,2,1,1,1
err,22.6075,2.0,11.1
timing,22.6075,1.6,29.5
gate,22.6075,27.1,1.0,0.048,0.0
det,22.6075,1231.38,781.38,101.25,297.25,0.831,Body
det,22.6075,1255.0,767.25,32.0,41.0,0.679,Head
cover,22.6086,2,1,1,1
err,22.6086,2.0,11.1
timing,22.6086,1.6,29.5
gate,22.6086,27.1,1.0,0.048,0.0
det,22.6086,1231.38,781.38,101.25,297.25,0.831,Body
det,22.6086,1255.0,767.25,32.0,41.0,0.679,Head
cover,22.6549,2,1,1,1
err,22.6549,1.75,12.55
timing,22.6549,1.6,27.5
gate,22.6549,27.1,1.0,0.048,0.0
det,22.6549,1231.0,783.0,101.5,295.5,0.832,Body
det,22.6549,1254.88,767.0,32.25,41.5,0.645,Head
cover,22.6559,2,1,1,1
err,22.6559,1.75,12.55
timing,22.6559,1.6,27.5
gate,22.6559,27.1,1.0,0.048,0.0
det,22.6559,1231.0,783.0,101.5,295.5,0.832,Body
det,22.6559,1254.88,767.0,32.25,41.5,0.645,Head
cover,22.7031,1,0,1,1
err,22.7031,5.0,22.5
timing,22.7031,2.0,27.7
gate,22.7031,27.1,1.0,0.048,0.0
det,22.7031,1234.0,793.0,102.0,295.0,0.806,Body
cover,22.7041,1,0,1,1
err,22.7041,5.0,22.5
timing,22.7041,2.0,27.7
gate,22.7041,27.1,1.0,0.048,0.0
det,22.7041,1234.0,793.0,102.0,295.0,0.806,Body
cover,22.7514,1,0,1,1
err,22.7515,5.5,24.85
timing,22.7515,2.0,27.8
gate,22.7515,27.1,1.0,0.048,0.0
det,22.7515,1234.88,795.5,101.25,293.5,0.814,Body
cover,22.7526,1,0,1,1
err,22.7526,5.5,24.85
timing,22.7526,2.0,27.8
gate,22.7526,27.1,1.0,0.048,0.0
det,22.7526,1234.88,795.5,101.25,293.5,0.814,Body
cover,22.802,1,0,1,1
err,22.8021,5.25,24.4
timing,22.8021,3.5,28.3
gate,22.8021,27.1,1.0,0.048,0.0
det,22.8021,1234.75,795.0,101.0,294.0,0.812,Body
cover,22.8025,1,0,1,1
err,22.8025,5.25,24.4
timing,22.8025,3.5,28.3
gate,22.8025,27.1,1.0,0.048,0.0
det,22.8025,1234.75,795.0,101.0,294.0,0.812,Body
cover,22.8538,1,0,1,1
err,22.8538,5.5,24.05
timing,22.8538,4.0,29.3
gate,22.8538,27.1,1.0,0.048,0.0
det,22.8538,1234.75,794.5,101.5,295.5,0.822,Body
cover,22.855,1,0,1,1
err,22.855,5.5,24.05
timing,22.855,4.0,29.3
gate,22.855,27.1,1.0,0.048,0.0
det,22.855,1234.75,794.5,101.5,295.5,0.822,Body
cover,22.9042,1,0,1,1
err,22.9042,5.5,24.55
timing,22.9042,2.2,29.5
gate,22.9042,27.1,1.0,0.048,0.0
det,22.9042,1234.62,795.0,101.75,295.5,0.819,Body
cover,22.9046,1,0,1,1
err,22.9046,5.5,24.55
timing,22.9046,2.2,29.5
gate,22.9046,27.1,1.0,0.048,0.0
det,22.9046,1234.62,795.0,101.75,295.5,0.819,Body
cover,22.9515,1,0,1,1
err,22.9516,5.0,27.95
timing,22.9516,1.9,27.4
gate,22.9516,27.1,1.0,0.048,0.0
det,22.9516,1232.5,798.0,105.0,299.5,0.834,Body
cover,22.9528,1,0,1,1
err,22.9529,5.0,27.95
timing,22.9529,1.9,27.4
gate,22.9529,27.1,1.0,0.048,0.0
det,22.9529,1232.5,798.0,105.0,299.5,0.834,Body
cover,23.0045,2,1,1,1
err,23.0046,5.0,27.0
timing,23.0046,3.9,30.2
gate,23.0046,27.1,1.0,0.048,0.0
det,23.0046,1232.38,797.38,105.25,296.25,0.849,Body
det,23.0046,1258.0,783.0,31.5,40.5,0.69,Head
cover,23.0058,2,1,1,1
err,23.0058,5.0,27.0
timing,23.0058,3.9,30.2
gate,23.0058,27.1,1.0,0.048,0.0
det,23.0058,1232.38,797.38,105.25,296.25,0.849,Body
det,23.0058,1258.0,783.0,31.5,40.5,0.69,Head
cover,23.0576,2,1,1,1
err,23.0577,5.0,26.2
timing,23.0577,2.4,32.0
gate,23.0577,27.1,1.0,0.048,0.0
det,23.0577,1232.25,796.5,105.5,297.0,0.849,Body
det,23.0577,1257.62,783.0,31.75,40.5,0.69,Head
cover,23.0581,2,1,1,1
err,23.0581,5.0,26.2
timing,23.0581,2.4,32.0
gate,23.0581,27.1,1.0,0.048,0.0
det,23.0581,1232.25,796.5,105.5,297.0,0.849,Body
det,23.0581,1257.62,783.0,31.75,40.5,0.69,Head
cover,23.1087,2,1,1,1
err,23.1088,5.0,27.2
timing,23.1088,2.1,31.4
gate,23.1088,27.1,1.0,0.048,0.0
det,23.1088,1232.5,797.62,105.0,295.75,0.846,Body
det,23.1088,1258.0,782.88,31.5,40.25,0.688,Head
cover,23.1099,2,1,1,1
err,23.1099,5.0,27.2
timing,23.1099,2.1,31.4
gate,23.1099,27.1,1.0,0.048,0.0
det,23.1099,1232.5,797.62,105.0,295.75,0.846,Body
det,23.1099,1258.0,782.88,31.5,40.25,0.688,Head
cover,23.1577,2,1,1,1
err,23.1578,5.0,26.75
timing,23.1578,1.7,28.6
gate,23.1578,27.1,1.0,0.048,0.0
det,23.1578,1232.38,797.0,105.25,297.5,0.844,Body
det,23.1578,1258.0,783.12,31.5,40.75,0.743,Head
cover,23.1588,2,1,1,1
err,23.1588,5.0,26.75
timing,23.1588,1.7,28.6
gate,23.1588,27.1,1.0,0.048,0.0
det,23.1588,1232.38,797.0,105.25,297.5,0.844,Body
det,23.1588,1258.0,783.12,31.5,40.75,0.743,Head
cover,23.2056,2,1,1,1
err,23.2056,4.5,26.2
timing,23.2056,1.5,27.4
gate,23.2056,27.1,1.0,0.048,0.0
det,23.2056,1231.88,796.5,105.25,297.0,0.843,Body
det,23.2056,1257.62,783.12,31.75,40.75,0.739,Head
cover,23.2069,2,1,1,1
err,23.207,4.5,26.2
timing,23.207,1.5,27.4
gate,23.207,27.1,1.0,0.048,0.0
det,23.207,1231.88,796.5,105.25,297.0,0.843,Body
det,23.207,1257.62,783.12,31.75,40.75,0.739,Head
cover,23.2548,2,1,1,1
err,23.2548,4.75,26.7
timing,23.2548,2.0,28.4
gate,23.2548,27.1,1.0,0.048,0.0
det,23.2548,1232.25,797.12,105.0,295.75,0.846,Body
det,23.2548,1257.62,782.88,31.75,41.25,0.732,Head
cover,23.256,2,1,1,1
err,23.256,4.75,26.7
timing,23.256,2.0,28.4
gate,23.256,27.1,1.0,0.048,0.0
det,23.256,1232.25,797.12,105.0,295.75,0.846,Body
det,23.256,1257.62,782.88,31.75,41.25,0.732,Head
cover,23.3038,2,1,1,1
err,23.3039,4.75,26.6
timing,23.3039,1.9,28.4
gate,23.3039,27.1,1.0,0.048,0.0
det,23.3039,1232.0,797.0,105.5,296.0,0.847,Body
det,23.3039,1258.0,783.38,31.5,41.25,0.706,Head
cover,23.305,2,1,1,1
err,23.3051,4.75,26.6
timing,23.3051,1.9,28.4
gate,23.3051,27.1,1.0,0.048,0.0
det,23.3051,1232.0,797.0,105.5,296.0,0.847,Body
det,23.3051,1258.0,783.38,31.5,41.25,0.706,Head
cover,23.3536,2,1,1,1
err,23.3536,4.75,26.65
timing,23.3536,3.1,27.9
gate,23.3536,27.1,1.0,0.048,0.0
det,23.3536,1232.25,797.0,105.0,296.5,0.847,Body
det,23.3536,1258.0,783.12,31.5,40.75,0.697,Head
cover,23.3546,2,1,1,1
err,23.3546,4.75,26.65
timing,23.3546,3.1,27.9
gate,23.3546,27.1,1.0,0.048,0.0
det,23.3546,1232.25,797.0,105.0,296.5,0.847,Body
det,23.3546,1258.0,783.12,31.5,40.75,0.697,Head
cover,23.4035,2,1,1,1
err,23.4035,5.0,27.45
timing,23.4035,3.4,28.0
gate,23.4035,27.1,1.0,0.048,0.0
det,23.4035,1232.62,798.0,104.75,294.5,0.847,Body
det,23.4035,1257.88,783.12,31.25,40.75,0.708,Head
cover,23.4046,2,1,1,1
err,23.4046,5.0,27.45
timing,23.4046,3.4,28.0
gate,23.4046,27.1,1.0,0.048,0.0
det,23.4046,1232.62,798.0,104.75,294.5,0.847,Body
det,23.4046,1257.88,783.12,31.25,40.75,0.708,Head
cover,23.4556,1,0,1,1
err,23.4557,5.25,39.5
timing,23.4557,3.3,29.7
gate,23.4557,3.4,1.0,0.0,0.0
det,23.4557,1233.25,809.5,104.0,300.0,0.835,Body
cover,23.493,0,0,0,0
nearest,23.493,-1
cover,23.5322,0,0,0,0
nearest,23.5322,-1
cover,23.5704,0,0,0,0
nearest,23.5704,-1
cover,23.6053,0,0,0,0
nearest,23.6053,-1
cover,23.6411,0,0,0,0
nearest,23.6412,-1
cover,23.678,0,0,0,0
nearest,23.678,-1
cover,23.7208,0,0,0,0
nearest,23.7209,-1
cover,23.7557,2,0,2,0
nearest,23.7557,-1
cover,23.7922,2,0,2,0
nearest,23.7922,-1
cover,23.8262,1,0,1,0
nearest,23.8262,-1
cover,23.859,1,0,1,0
nearest,23.859,-1
cover,23.8918,1,0,1,0
nearest,23.8918,-1
cover,23.9247,2,0,2,0
nearest,23.9248,-1
cover,23.9567,2,0,2,0
nearest,23.9567,-1
cover,23.9915,1,0,1,0
nearest,23.9915,-1
cover,24.027,1,0,1,0
nearest,24.027,-1
cover,24.0618,1,0,1,0
nearest,24.0618,-1
cover,24.1025,0,0,0,0
nearest,24.1025,-1
cover,24.1369,0,0,0,0
nearest,24.1369,-1
cover,24.1699,0,0,0,0
nearest,24.1699,-1
cover,24.2026,0,0,0,0
nearest,24.2026,-1
cover,24.2367,0,0,0,0
nearest,24.2367,-1
cover,24.2702,0,0,0,0
nearest,24.2702,-1
cover,24.3052,0,0,0,0
nearest,24.3052,-1
cover,24.3387,0,0,0,0
nearest,24.3387,-1
cover,24.3712,0,0,0,0
nearest,24.3712,-1
cover,24.4059,0,0,0,0
nearest,24.406,-1
cover,24.4393,0,0,0,0
nearest,24.4394,-1
cover,24.473,1,0,1,0
nearest,24.473,-1
cover,24.5114,2,1,1,1
err,24.5114,296.0,0.0
timing,24.5114,6.2,30.7
gate,24.5114,296.0,0.0,0.0,0.0
det,24.5114,1551.5,782.5,49.0,175.0,0.833,Body
det,24.5114,1572.25,783.62,21.5,23.75,0.682,Head
cover,24.5468,2,1,1,1
err,24.5469,287.0,-0.7
timing,24.5469,4.5,29.7
gate,24.5469,291.1,0.0,0.0,0.0
det,24.5469,1534.5,782.88,65.0,164.25,0.85,Body
det,24.5469,1555.5,783.62,22.0,24.75,0.698,Head
cover,24.5828,2,1,1,1
err,24.5829,275.0,-2.6
timing,24.5829,5.3,29.2
gate,24.5829,288.8,0.0,0.0,0.0
det,24.5829,1516.25,782.38,77.5,150.25,0.857,Body
det,24.5829,1538.75,783.25,22.5,26.5,0.727,Head
cover,24.6223,2,1,1,1
err,24.6223,257.0,-1.1
timing,24.6223,4.6,33.2
gate,24.6223,257.0,0.0,0.0,0.0
det,24.6223,1501.75,783.75,70.5,151.5,0.848,Body
det,24.6223,1521.75,784.0,22.5,27.0,0.773,Head
cover,24.6564,1,0,1,1
err,24.6564,232.0,0.4
timing,24.6564,4.6,27.8
gate,24.6564,253.6,0.0,0.0,0.0
det,24.6564,1475.5,785.62,73.0,147.75,0.855,Body
cover,24.6912,1,0,1,1
err,24.6913,212.0,7.25
timing,24.6913,4.3,28.7
gate,24.6913,212.1,0.0,0.0,0.0
det,24.6913,1455.75,788.5,72.5,187.5,0.812,Body
cover,24.7251,2,1,1,1
err,24.7252,195.5,5.0
timing,24.7252,4.5,27.9
gate,24.7252,209.8,0.0,0.0,0.0
det,24.7252,1438.88,785.38,73.25,196.25,0.841,Body
det,24.7252,1461.5,783.25,22.0,28.0,0.754,Head
cover,24.7594,2,1,1,1
err,24.7594,178.25,6.5
timing,24.7594,4.1,28.5
gate,24.7594,178.4,0.0,0.0,0.0
det,24.7594,1422.5,786.0,71.5,205.0,0.843,Body
det,24.7594,1444.0,783.88,22.0,29.25,0.822,Head
cover,24.7934,2,1,1,1
err,24.7935,161.0,4.6
timing,24.7935,4.2,28.4
gate,24.7934,176.0,0.0,0.0,0.0
det,24.7935,1404.5,784.38,73.0,202.25,0.873,Body
det,24.7935,1426.75,783.5,22.5,30.0,0.78,Head
cover,24.8269,2,1,1,1
err,24.827,146.5,10.7
timing,24.827,4.3,27.7
gate,24.827,146.9,0.0,0.0,0.0
det,24.827,1390.38,791.38,72.25,193.25,0.872,Body
det,24.827,1412.62,784.0,21.75,29.0,0.555,Head
cover,24.8592,2,1,1,1
err,24.8593,137.25,8.6
timing,24.8593,4.1,26.8
gate,24.8593,141.7,0.0,0.0,0.0
det,24.8593,1380.25,789.0,74.0,196.0,0.883,Body
det,24.8593,1403.0,783.5,21.5,29.5,0.76,Head
cover,24.8941,2,1,1,1
err,24.8942,130.5,9.8
timing,24.8942,4.7,28.8
gate,24.8942,135.8,0.0,0.0,0.0
det,24.8942,1375.38,790.12,70.25,196.75,0.876,Body
det,24.8942,1396.38,784.0,22.25,30.0,0.565,Head
cover,24.9283,1,0,1,1
err,24.9284,128.5,11.9
timing,24.9284,4.9,27.9
gate,24.9284,132.1,1.0,0.0,0.0
det,24.9284,1373.5,792.38,70.0,195.25,0.865,Body
cmd,24.9284,172,16
cover,24.9612,1,0,1,1
err,24.9612,128.5,14.25
timing,24.9612,4.2,27.2
gate,24.9612,130.5,1.0,0.247,0.0
det,24.9612,1373.25,795.0,70.5,192.5,0.868,Body
cover,24.9958,1,0,1,1
err,24.9959,128.5,14.9
timing,24.9959,4.3,29.0
gate,24.9959,129.9,1.0,0.213,0.0
det,24.9959,1373.25,795.75,70.5,191.5,0.867,Body
cover,25.0291,1,0,1,1
err,25.0291,128.5,16.05
timing,25.0291,4.7,27.8
gate,25.0291,129.7,1.0,0.179,0.0
det,25.0291,1373.38,797.0,70.25,190.5,0.868,Body
cover,25.0634,1,0,1,1
err,25.0634,128.5,15.7
timing,25.0634,4.9,28.5
gate,25.0634,129.5,1.0,0.145,0.0
det,25.0634,1373.38,796.62,70.25,190.75,0.868,Body
cover,25.0976,1,0,1,1
err,25.0976,128.5,14.7
timing,25.0976,4.8,28.1
gate,25.0976,129.4,1.0,0.111,0.0
det,25.0976,1373.38,795.5,70.25,192.0,0.867,Body
cover,25.1329,1,0,1,1
err,25.133,128.75,15.35
timing,25.133,4.1,30.3
gate,25.133,129.6,1.0,0.075,0.0
det,25.133,1373.5,796.25,70.5,191.0,0.867,Body
cover,25.1701,2,1,1,1
err,25.1701,-15.25,-13.61
timing,25.1701,4.5,30.9
gate,25.1701,20.4,0.0,0.038,0.0
det,25.1701,1234.12,787.12,68.75,182.75,0.874,Body
det,25.1701,1254.25,771.12,21.0,27.75,0.558,Head
cover,25.2093,2,1,1,1
err,25.2095,-15.5,-13.6
timing,25.2095,3.4,34.1
gate,25.2095,20.5,0.0,0.0,0.0
det,25.2095,1234.0,785.12,69.0,184.75,0.872,Body
det,25.2095,1253.88,771.0,21.25,28.0,0.615,Head
cover,25.2484,2,1,1,1
err,25.2485,-15.5,-13.59
timing,25.2485,4.2,33.0
gate,25.2485,20.6,0.0,0.0,1.0
det,25.2485,1234.0,784.88,69.0,185.25,0.872,Body
det,25.2485,1253.88,770.88,21.25,28.25,0.636,Head
cmd,25.2485,-21,-18
cover,25.2923,2,1,1,1
err,25.2924,-15.5,-13.6
timing,25.2924,4.3,37.7
gate,25.2924,20.6,1.0,0.236,0.0
det,25.2924,1234.25,783.75,69.0,186.5,0.874,Body
det,25.2924,1253.88,771.0,21.25,28.0,0.671,Head
cover,25.3323,2,1,1,1
err,25.3324,-15.5,-13.59
timing,25.3324,4.7,33.3
gate,25.3324,20.6,1.0,0.196,0.0
det,25.3324,1234.12,784.5,68.75,185.5,0.875,Body
det,25.3324,1253.88,770.88,21.25,28.25,0.66,Head
cover,25.3733,2,1,1,1
err,25.3733,2.0,-0.45
timing,25.3733,4.3,34.7
gate,25.3733,20.6,1.0,0.196,0.0
det,25.3733,1250.75,794.12,69.5,190.75,0.884,Body
det,25.3733,1271.12,785.25,21.75,26.0,0.652,Head
cover,25.3746,2,1,1,1
err,25.3746,2.0,-0.45
timing,25.3746,4.3,34.7
gate,25.3746,20.6,1.0,0.196,0.0
det,25.3746,1250.75,794.12,69.5,190.75,0.884,Body
det,25.3746,1271.12,785.25,21.75,26.0,0.652,Head
cover,25.4262,2,1,1,1
err,25.4263,2.0,-0.19
timing,25.4263,6.1,28.0
gate,25.4263,20.6,1.0,0.196,0.0
det,25.4263,1250.75,794.5,69.5,190.5,0.887,Body
det,25.4263,1271.12,785.38,21.75,26.25,0.649,Head
cover,25.4266,2,1,1,1
err,25.4267,2.0,-0.19
timing,25.4267,6.1,28.0
gate,25.4266,20.6,1.0,0.196,0.0
det,25.4267,1250.75,794.5,69.5,190.5,0.887,Body
det,25.4267,1271.12,785.38,21.75,26.25,0.649,Head
cover,25.4782,2,1,1,1
err,25.4782,2.0,-0.14
timing,25.4782,4.3,29.8
gate,25.4782,20.6,1.0,0.196,0.0
det,25.4782,1250.75,794.12,69.5,190.75,0.884,Body
det,25.4782,1271.0,784.88,22.0,27.25,0.658,Head
cover,25.4794,2,1,1,1
err,25.4794,2.0,-0.14
timing,25.4794,4.3,29.8
gate,25.4794,20.6,1.0,0.196,0.0
det,25.4794,1250.75,794.12,69.5,190.75,0.884,Body
det,25.4794,1271.0,784.88,22.0,27.25,0.658,Head
cover,25.528,2,1,1,1
err,25.5281,2.0,-0.16
timing,25.5281,1.9,29.2
gate,25.5281,20.6,1.0,0.196,0.0
det,25.5281,1250.62,794.12,69.75,190.75,0.885,Body
det,25.5281,1271.12,785.12,21.75,26.75,0.645,Head
cover,25.529,2,1,1,1
err,25.529,2.0,-0.16
timing,25.529,1.9,29.2
gate,25.529,20.6,1.0,0.196,0.0
det,25.529,1250.62,794.12,69.75,190.75,0.885,Body
det,25.529,1271.12,785.12,21.75,26.75,0.645,Head
cover,25.5786,2,1,1,1
err,25.5787,2.25,-0.17
timing,25.5787,2.3,29.4
gate,25.5787,20.6,1.0,0.196,0.0
det,25.5787,1250.62,792.75,69.75,192.0,0.884,Body
det,25.5787,1271.0,785.25,22.5,26.5,0.687,Head
cover,25.5799,2,1,1,1
err,25.5799,2.25,-0.17
timing,25.5799,2.3,29.4
gate,25.5799,20.6,1.0,0.196,0.0
det,25.5799,1250.62,792.75,69.75,192.0,0.884,Body
det,25.5799,1271.0,785.25,22.5,26.5,0.687,Head
cover,25.6369,2,1,1,1
err,25.637,2.25,-0.19
timing,25.637,3.8,35.4
gate,25.637,20.6,1.0,0.196,0.0
det,25.637,1250.62,792.0,69.75,193.0,0.884,Body
det,25.637,1271.0,785.38,22.5,26.25,0.704,Head
cover,25.6388,2,1,1,1
err,25.6389,2.25,-0.19
timing,25.6389,3.8,35.4
gate,25.6389,20.6,1.0,0.196,0.0
det,25.6389,1250.62,792.0,69.75,193.0,0.884,Body
det,25.6389,1271.0,785.38,22.5,26.25,0.704,Head
cover,25.6948,2,1,1,1
err,25.6948,2.0,-0.19
timing,25.6948,1.7,37.0
gate,25.6948,20.6,1.0,0.196,0.0
det,25.6948,1250.75,792.5,69.5,192.0,0.884,Body
det,25.6948,1270.88,785.38,22.25,26.25,0.711,Head
cover,25.6964,2,1,1,1
err,25.6964,2.0,-0.19
timing,25.6964,1.7,37.0
gate,25.6964,20.6,1.0,0.196,0.0
det,25.6964,1250.75,792.5,69.5,192.0,0.884,Body
det,25.6964,1270.88,785.38,22.25,26.25,0.711,Head
cover,25.7459,2,1,1,1
err,25.7459,2.5,-0.98
timing,25.7459,2.9,29.8
gate,25.7459,20.6,1.0,0.196,0.0
det,25.7459,1250.88,792.0,69.25,192.5,0.884,Body
det,25.7459,1271.5,785.0,22.0,25.5,0.717,Head
cover,25.7469,2,1,1,1
err,25.7469,2.5,-0.98
timing,25.7469,2.9,29.8
gate,25.7469,20.6,1.0,0.196,0.0
det,25.7469,1250.88,792.0,69.25,192.5,0.884,Body
det,25.7469,1271.5,785.0,22.0,25.5,0.717,Head
cover,25.7977,2,1,1,1
err,25.7977,2.5,-0.17
timing,25.7977,2.2,31.1
gate,25.7977,20.6,1.0,0.196,0.0
det,25.7977,1250.62,792.38,69.75,192.25,0.886,Body
det,25.7977,1271.38,785.25,22.25,26.5,0.705,Head
cover,25.7989,2,1,1,1
err,25.7989,2.5,-0.17
timing,25.7989,2.2,31.1
gate,25.7989,20.6,1.0,0.196,0.0
det,25.7989,1250.62,792.38,69.75,192.25,0.886,Body
det,25.7989,1271.38,785.25,22.25,26.5,0.705,Head
cover,25.8482,2,1,1,1
err,25.8483,2.5,-0.19
timing,25.8483,1.9,30.3
gate,25.8483,20.6,1.0,0.196,0.0
det,25.8483,1251.0,792.62,69.5,191.75,0.886,Body
det,25.8483,1271.38,785.38,22.25,26.25,0.708,Head
cover,25.8493,2,1,1,1
err,25.8493,2.5,-0.19
timing,25.8493,1.9,30.3
gate,25.8493,20.6,1.0,0.196,0.0
det,25.8493,1251.0,792.62,69.5,191.75,0.886,Body
det,25.8493,1271.38,785.38,22.25,26.25,0.708,Head
cover,25.8972,2,1,1,1
err,25.8973,2.5,-0.45
timing,25.8973,2.5,28.0
gate,25.8973,20.6,1.0,0.196,0.0
det,25.8973,1251.12,792.12,69.75,192.75,0.885,Body
det,25.8973,1271.38,785.25,22.25,26.0,0.705,Head
cover,25.8981,2,1,1,1
err,25.8981,2.5,-0.45
timing,25.8981,2.5,28.0
gate,25.8981,20.6,1.0,0.196,0.0
det,25.8981,1251.12,792.12,69.75,192.75,0.885,Body
det,25.8981,1271.38,785.25,22.25,26.0,0.705,Head
cover,25.9483,1,0,1,1
err,25.9483,5.5,23.9
timing,25.9483,3.2,29.1
gate,25.9483,20.6,1.0,0.196,0.0
det,25.9483,1251.38,804.12,68.25,197.75,0.882,Body
cover,25.9494,1,0,1,1
err,25.9494,5.5,23.9
timing,25.9494,3.2,29.1
gate,25.9494,20.6,1.0,0.196,0.0
det,25.9494,1251.38,804.12,68.25,197.75,0.882,Body
cover,25.9991,0,0,0,0
nearest,25.9992,-1
cover,26.0014,0,0,0,0
nearest,26.0014,-1
cover,26.0506,0,0,0,0
nearest,26.0506,-1
cover,26.0508,0,0,0,0
nearest,26.0508,-1
cover,26.099,0,0,0,0
nearest,26.099,-1
cover,26.0993,0,0,0,0
nearest,26.0993,-1
cover,26.1477,1,0,1,0
nearest,26.1477,-1
cover,26.149,1,0,1,0
nearest,26.149,-1
cover,26.197,0,0,0,0
nearest,26.197,-1
cover,26.1981,0,0,0,0
nearest,26.1981,-1
cover,26.248,2,0,2,0
nearest,26.248,-1
cover,26.249,2,0,2,0
nearest,26.249,-1
cover,26.3067,0,0,0,0
nearest,26.3067,-1
cover,26.3077,0,0,0,0
nearest,26.3077,-1
cover,26.3601,0,0,0,0
nearest,26.3601,-1
cover,26.3603,0,0,0,0
nearest,26.3603,-1
cover,26.4045,0,0,0,0
nearest,26.4045,-1
cover,26.4051,0,0,0,0
nearest,26.4051,-1
cover,26.4485,0,0,0,0
nearest,26.4485,-1
cover,26.4487,0,0,0,0
nearest,26.4487,-1
cover,26.4917,0,0,0,0
nearest,26.4918,-1
cover,26.492,0,0,0,0
nearest,26.492,-1
cover,26.5471,0,0,0,0
nearest,26.5471,-1
cover,26.5473,0,0,0,0
nearest,26.5473,-1
cover,26.5994,0,0,0,0
nearest,26.5994,-1
cover,26.5998,0,0,0,0
nearest,26.5998,-1
cover,26.6447,0,0,0,0
nearest,26.6447,-1
cover,26.6449,0,0,0,0
nearest,26.645,-1
cover,26.6947,0,0,0,0
nearest,26.6947,-1
cover,26.6949,0,0,0,0
nearest,26.6949,-1
cover,26.7433,0,0,0,0
nearest,26.7433,-1
cover,26.7435,0,0,0,0
nearest,26.7435,-1
cover,26.7894,0,0,0,0
nearest,26.7894,-1
cover,26.7896,0,0,0,0
nearest,26.7896,-1
cover,26.8366,0,0,0,0
nearest,26.8366,-1
cover,26.8369,0,0,0,0
nearest,26.8369,-1
cover,26.8893,0,0,0,0
nearest,26.8893,-1
cover,26.8895,0,0,0,0
nearest,26.8895,-1
cover,26.9442,0,0,0,0
nearest,26.9442,-1
cover,26.9444,0,0,0,0
nearest,26.9444,-1
cover,26.9954,0,0,0,0
nearest,26.9954,-1
cover,26.9956,0,0,0,0
nearest,26.9956,-1
