kind,t,a,b
meta,0,1.3398561541818312,60
err,2.1296,81.45,-22.57
dbg,2.1296,81.5,0.0,-22.6,0.0
det,2.1296,1320.58,763.24,81.24,194.35,0.906,Body
det,2.1296,1352.06,762.53,18.79,27.09,0.724,Head
cmd,2.1296,109,-30
err,2.1793,81.44,-22.64
dbg,2.1793,81.4,0.0,-22.6,0.0
det,2.1793,1320.61,763.19,81.2,194.38,0.907,Body
det,2.1793,1352.04,762.5,18.81,27.03,0.721,Head
err,2.2172,81.46,-22.62
dbg,2.2172,81.5,0.0,-22.6,0.0
det,2.2172,1320.54,763.22,81.24,194.29,0.907,Body
det,2.2172,1352.07,762.51,18.79,27.04,0.724,Head
err,2.2434,81.46,-22.61
dbg,2.2434,81.5,0.0,-22.6,0.0
det,2.2434,1320.67,763.22,81.08,194.36,0.907,Body
det,2.2434,1352.04,762.52,18.84,27.03,0.724,Head
err,2.2777,1.44,0.35
dbg,2.2777,81.5,0.0,-22.6,0.0
det,2.2777,1237.7,783.83,82.27,197.37,0.915,Body
det,2.2777,1271.61,784.22,19.66,29.33,0.605,Head
err,2.3133,1.42,0.29
dbg,2.3133,81.5,0.0,-22.6,0.0
det,2.3133,1237.66,783.69,82.47,197.48,0.913,Body
det,2.3133,1271.46,784.12,19.94,29.41,0.614,Head
err,2.3459,1.46,0.34
dbg,2.3459,81.5,0.0,-22.6,0.0
det,2.3459,1237.53,783.8,82.49,197.36,0.914,Body
det,2.3459,1271.53,784.17,19.85,29.39,0.616,Head
err,2.3791,1.44,0.35
dbg,2.3791,81.5,0.0,-22.6,0.0
det,2.3791,1237.6,783.79,82.41,197.38,0.915,Body
det,2.3791,1271.54,784.18,19.81,29.39,0.614,Head
err,2.4119,1.44,0.33
dbg,2.4119,81.5,0.0,-22.6,0.0
det,2.4119,1237.61,783.76,82.48,197.49,0.915,Body
det,2.4119,1271.51,784.17,19.85,29.38,0.61,Head
err,2.4431,1.44,0.3
dbg,2.4431,81.5,0.0,-22.6,0.0
det,2.4431,1237.59,783.77,82.38,197.42,0.915,Body
det,2.4431,1271.55,784.17,19.78,29.32,0.609,Head
err,2.4808,1.46,0.33
dbg,2.4808,81.5,0.0,-22.6,0.0
det,2.4808,1237.54,783.8,82.47,197.38,0.915,Body
det,2.4808,1271.54,784.17,19.84,29.38,0.615,Head
err,2.5223,1.45,0.35
dbg,2.5223,81.5,0.0,-22.6,0.0
det,2.5223,1237.62,783.8,82.39,197.38,0.915,Body
det,2.5223,1271.54,784.18,19.82,29.39,0.614,Head
err,2.5639,1.45,0.29
dbg,2.5639,81.5,0.0,-22.6,0.0
det,2.5639,1237.59,783.76,82.39,197.43,0.915,Body
det,2.5639,1271.54,784.16,19.81,29.33,0.61,Head
err,2.5975,1.44,0.32
dbg,2.5975,81.5,0.0,-22.6,0.0
det,2.5975,1237.55,783.79,82.38,197.39,0.915,Body
det,2.5975,1271.54,784.17,19.79,29.37,0.61,Head
err,2.6305,1.44,0.34
dbg,2.6305,81.5,0.0,-22.6,0.0
det,2.6305,1237.75,783.79,82.19,197.34,0.914,Body
det,2.6305,1271.54,784.18,19.8,29.39,0.614,Head
err,2.663,1.42,0.36
dbg,2.663,81.5,0.0,-22.6,0.0
det,2.663,1237.65,783.8,82.28,197.3,0.915,Body
det,2.663,1271.53,784.17,19.77,29.43,0.612,Head
err,2.6997,1.44,0.3
dbg,2.6997,81.5,0.0,-22.6,0.0
det,2.6997,1237.6,783.78,82.35,197.39,0.915,Body
det,2.6997,1271.56,784.18,19.77,29.31,0.609,Head
err,2.7321,1.44,0.32
dbg,2.7321,81.5,0.0,-22.6,0.0
det,2.7321,1237.53,783.79,82.41,197.39,0.915,Body
det,2.7321,1271.54,784.17,19.8,29.37,0.61,Head
err,2.763,1.44,0.34
dbg,2.763,81.5,0.0,-22.6,0.0
det,2.763,1237.75,783.81,82.17,197.3,0.914,Body
det,2.763,1271.56,784.19,19.77,29.37,0.612,Head
err,2.7942,1.41,0.36
dbg,2.7942,81.5,0.0,-22.6,0.0
det,2.7942,1237.67,783.83,82.22,197.25,0.915,Body
det,2.7942,1271.56,784.19,19.7,29.41,0.609,Head
err,2.8273,1.44,0.31
dbg,2.8273,81.5,0.0,-22.6,0.0
det,2.8273,1237.67,783.84,82.2,197.31,0.915,Body
det,2.8273,1271.62,784.21,19.65,29.28,0.605,Head
err,2.8608,1.43,0.33
dbg,2.8608,81.5,0.0,-22.6,0.0
det,2.8608,1237.59,783.84,82.27,197.32,0.915,Body
det,2.8608,1271.6,784.2,19.67,29.33,0.606,Head
err,2.8945,1.43,0.36
dbg,2.8945,81.5,0.0,-22.6,0.0
det,2.8945,1237.8,783.88,82.03,197.2,0.915,Body
det,2.8945,1271.63,784.24,19.61,29.31,0.608,Head
err,2.9277,1.41,0.38
dbg,2.9277,81.5,0.0,-22.6,0.0
det,2.9277,1237.72,783.87,82.1,197.2,0.915,Body
det,2.9277,1271.61,784.22,19.6,29.37,0.607,Head
err,2.9645,1.44,0.32
dbg,2.9645,81.5,0.0,-22.6,0.0
det,2.9645,1237.7,783.88,82.1,197.25,0.915,Body
det,2.9645,1271.67,784.24,19.55,29.25,0.603,Head
err,2.9995,1.43,0.35
dbg,2.9995,81.5,0.0,-22.6,0.0
det,2.9995,1237.63,783.89,82.14,197.25,0.915,Body
det,2.9995,1271.65,784.23,19.56,29.3,0.604,Head
err,3.0342,1.44,0.37
dbg,3.0342,81.5,0.0,-22.6,0.0
det,3.0342,1237.83,783.9,81.94,197.17,0.915,Body
det,3.0342,1271.66,784.25,19.56,29.31,0.607,Head
err,3.0703,1.41,0.39
dbg,3.0703,81.5,0.0,-22.6,0.0
det,3.0703,1237.75,783.9,82.01,197.14,0.915,Body
det,3.0703,1271.65,784.24,19.54,29.35,0.605,Head
err,3.1018,1.44,0.33
dbg,3.1018,81.5,0.0,-22.6,0.0
det,3.1018,1237.72,783.89,82.06,197.23,0.915,Body
det,3.1018,1271.68,784.24,19.53,29.24,0.602,Head
err,3.1325,1.44,0.35
dbg,3.1325,81.5,0.0,-22.6,0.0
det,3.1325,1237.68,783.92,82.04,197.2,0.916,Body
det,3.1325,1271.68,784.25,19.51,29.28,0.602,Head
err,3.1615,1.44,0.37
dbg,3.1615,81.5,0.0,-22.6,0.0
det,3.1615,1237.86,783.9,81.9,197.16,0.915,Body
det,3.1615,1271.66,784.25,19.55,29.31,0.607,Head
err,3.1957,1.41,0.39
dbg,3.1957,81.5,0.0,-22.6,0.0
det,3.1957,1237.74,783.9,82.03,197.13,0.915,Body
det,3.1957,1271.65,784.24,19.54,29.36,0.605,Head
err,3.2278,1.45,0.32
dbg,3.2278,81.5,0.0,-22.6,0.0
det,3.2278,1237.7,783.88,82.1,197.25,0.915,Body
det,3.2278,1271.67,784.24,19.55,29.25,0.603,Head
err,3.2609,1.44,0.35
dbg,3.2609,81.5,0.0,-22.6,0.0
det,3.2609,1237.64,783.89,82.14,197.23,0.915,Body
det,3.2609,1271.66,784.24,19.55,29.3,0.603,Head
err,3.2939,1.44,0.37
dbg,3.2939,81.5,0.0,-22.6,0.0
det,3.2939,1237.84,783.91,81.9,197.14,0.915,Body
det,3.2939,1271.68,784.26,19.53,29.3,0.606,Head
err,3.3278,1.42,0.38
dbg,3.3278,81.5,0.0,-22.6,0.0
det,3.3278,1237.75,783.89,82.01,197.15,0.915,Body
det,3.3278,1271.64,784.23,19.55,29.36,0.605,Head
err,3.3628,1.45,0.32
dbg,3.3628,81.5,0.0,-22.6,0.0
det,3.3628,1237.69,783.87,82.11,197.25,0.915,Body
det,3.3628,1271.67,784.23,19.57,29.25,0.603,Head
err,3.3958,1.44,0.33
dbg,3.3958,81.5,0.0,-22.6,0.0
det,3.3958,1237.59,783.84,82.25,197.29,0.915,Body
det,3.3958,1271.62,784.21,19.65,29.32,0.605,Head
err,3.4293,1.45,0.35
dbg,3.4293,81.5,0.0,-22.6,0.0
det,3.4293,1237.77,783.85,82.09,197.23,0.915,Body
det,3.4293,1271.62,784.22,19.66,29.32,0.609,Head
err,3.462,1.42,0.37
dbg,3.462,81.5,0.0,-22.6,0.0
det,3.462,1237.69,783.86,82.13,197.19,0.915,Body
det,3.462,1271.61,784.22,19.63,29.37,0.607,Head
err,3.4945,1.45,0.3
dbg,3.4945,81.5,0.0,-22.6,0.0
det,3.4945,1237.64,783.83,82.23,197.3,0.915,Body
det,3.4945,1271.63,784.21,19.64,29.26,0.604,Head
err,3.5273,1.44,0.32
dbg,3.5273,81.5,0.0,-22.6,0.0
det,3.5273,1237.54,783.81,82.35,197.34,0.915,Body
det,3.5273,1271.59,784.19,19.71,29.33,0.607,Head
err,3.5611,1.45,0.34
dbg,3.5611,81.5,0.0,-22.6,0.0
det,3.5611,1237.74,783.82,82.16,197.26,0.915,Body
det,3.5611,1271.59,784.21,19.72,29.34,0.611,Head
err,3.5985,1.42,0.36
dbg,3.5985,81.5,0.0,-22.6,0.0
det,3.5985,1237.67,783.81,82.19,197.25,0.915,Body
det,3.5985,1271.58,784.19,19.69,29.39,0.608,Head
err,3.6305,1.45,0.29
dbg,3.6305,81.5,0.0,-22.6,0.0
det,3.6305,1237.58,783.78,82.38,197.37,0.915,Body
det,3.6305,1271.58,784.18,19.74,29.3,0.607,Head
err,3.6638,1.44,0.33
dbg,3.6638,81.5,0.0,-22.6,0.0
det,3.6638,1237.54,783.82,82.33,197.3,0.915,Body
det,3.6638,1271.6,784.2,19.69,29.33,0.606,Head
err,3.6968,1.44,0.35
dbg,3.6968,81.5,0.0,-22.6,0.0
det,3.6968,1237.74,783.84,82.13,197.2,0.915,Body
det,3.6968,1271.61,784.22,19.66,29.32,0.609,Head
err,3.7278,1.42,0.36
dbg,3.7278,81.5,0.0,-22.6,0.0
det,3.7278,1237.57,783.81,82.39,197.24,0.915,Body
det,3.7278,1271.54,784.19,19.74,29.4,0.61,Head
err,3.7612,1.44,0.31
dbg,3.7612,81.5,0.0,-22.6,0.0
det,3.7612,1237.57,783.82,82.37,197.29,0.915,Body
det,3.7612,1271.6,784.2,19.69,29.28,0.607,Head
err,3.7947,1.44,0.33
dbg,3.7947,81.5,0.0,-22.6,0.0
det,3.7947,1237.5,783.84,82.39,197.27,0.915,Body
det,3.7947,1271.61,784.21,19.66,29.31,0.606,Head
err,3.8273,1.44,0.35
dbg,3.8273,81.5,0.0,-22.6,0.0
det,3.8273,1237.77,783.86,82.08,197.2,0.915,Body
det,3.8273,1271.63,784.23,19.63,29.31,0.608,Head
err,3.8612,1.42,0.38
dbg,3.8612,81.5,0.0,-22.6,0.0
det,3.8612,1237.68,783.89,82.14,197.14,0.915,Body
det,3.8612,1271.63,784.23,19.58,29.35,0.606,Head
err,3.8951,1.44,0.31
dbg,3.8951,81.5,0.0,-22.6,0.0
det,3.8951,1237.64,783.87,82.21,197.24,0.915,Body
det,3.8951,1271.65,784.23,19.58,29.24,0.603,Head
err,3.9317,1.44,0.33
dbg,3.9317,81.5,0.0,-22.6,0.0
det,3.9317,1237.54,783.85,82.34,197.26,0.915,Body
det,3.9317,1271.61,784.21,19.65,29.31,0.605,Head
err,3.9649,1.44,0.36
dbg,3.9649,81.5,0.0,-22.6,0.0
det,3.9649,1237.75,783.87,82.1,197.16,0.915,Body
det,3.9649,1271.63,784.24,19.61,29.3,0.608,Head
err,4.0008,1.41,0.37
dbg,4.0008,81.5,0.0,-22.6,0.0
det,4.0008,1237.62,783.85,82.27,197.18,0.915,Body
det,4.0008,1271.59,784.22,19.63,29.37,0.607,Head
err,4.0299,1.44,0.3
dbg,4.0299,81.5,0.0,-22.6,0.0
det,4.0299,1237.55,783.79,82.41,197.34,0.915,Body
det,4.0299,1271.58,784.19,19.73,29.29,0.607,Head
err,4.0651,1.43,0.33
dbg,4.0651,81.5,0.0,-22.6,0.0
det,4.0651,1237.48,783.81,82.46,197.32,0.915,Body
det,4.0651,1271.57,784.19,19.73,29.34,0.608,Head
err,4.0974,1.44,0.35
dbg,4.0974,81.5,0.0,-22.6,0.0
det,4.0974,1237.71,783.84,82.2,197.22,0.914,Body
det,4.0974,1271.6,784.22,19.67,29.33,0.61,Head
err,4.1311,1.41,0.36
dbg,4.1311,81.5,0.0,-22.6,0.0
det,4.1311,1237.57,783.8,82.41,197.28,0.914,Body
det,4.1311,1271.54,784.19,19.74,29.41,0.61,Head
err,4.1654,1.44,0.3
dbg,4.1654,81.5,0.0,-22.6,0.0
det,4.1654,1237.57,783.79,82.42,197.37,0.915,Body
det,4.1654,1271.57,784.19,19.74,29.3,0.607,Head
err,4.1965,1.43,0.33
dbg,4.1965,81.5,0.0,-22.6,0.0
det,4.1965,1237.49,783.83,82.45,197.32,0.915,Body
det,4.1965,1271.58,784.2,19.7,29.33,0.607,Head
err,4.2314,1.44,0.36
dbg,4.2314,81.5,0.0,-22.6,0.0
det,4.2314,1237.71,783.85,82.19,197.23,0.914,Body
det,4.2314,1271.61,784.23,19.66,29.33,0.609,Head
err,4.2644,1.41,0.38
dbg,4.2644,81.5,0.0,-22.6,0.0
det,4.2644,1237.61,783.86,82.28,197.2,0.915,Body
det,4.2644,1271.59,784.22,19.64,29.38,0.608,Head
err,4.3007,1.44,0.31
dbg,4.3007,81.5,0.0,-22.6,0.0
det,4.3007,1237.59,783.82,82.34,197.34,0.915,Body
det,4.3007,1271.61,784.2,19.66,29.29,0.606,Head
err,4.3343,1.43,0.34
dbg,4.3343,81.5,0.0,-22.6,0.0
det,4.3343,1237.51,783.83,82.4,197.34,0.915,Body
det,4.3343,1271.59,784.2,19.68,29.34,0.607,Head
err,4.3653,1.44,0.36
dbg,4.3653,81.5,0.0,-22.6,0.0
det,4.3653,1237.72,783.83,82.17,197.27,0.915,Body
det,4.3653,1271.6,784.22,19.67,29.34,0.61,Head
err,4.3967,1.41,0.37
dbg,4.3967,81.5,0.0,-22.6,0.0
det,4.3967,1237.62,783.83,82.29,197.27,0.915,Body
det,4.3967,1271.57,784.2,19.67,29.41,0.609,Head
err,4.429,1.44,0.3
dbg,4.429,81.5,0.0,-22.6,0.0
det,4.429,1237.56,783.78,82.41,197.41,0.915,Body
det,4.429,1271.58,784.18,19.73,29.31,0.607,Head
err,4.4626,1.43,0.32
dbg,4.4626,81.5,0.0,-22.6,0.0
det,4.4626,1237.45,783.78,82.54,197.42,0.915,Body
det,4.4626,1271.54,784.17,19.78,29.37,0.609,Head
err,4.4951,1.44,0.34
dbg,4.4951,81.5,0.0,-22.6,0.0
det,4.4951,1237.64,783.77,82.39,197.36,0.914,Body
det,4.4951,1271.52,784.17,19.82,29.4,0.614,Head
err,4.5292,1.41,0.36
dbg,4.5292,81.5,0.0,-22.6,0.0
det,4.5292,1237.55,783.78,82.46,197.32,0.914,Body
det,4.5292,1271.51,784.16,19.81,29.45,0.613,Head
err,4.5615,1.44,0.29
dbg,4.5615,81.5,0.0,-22.6,0.0
det,4.5615,1237.51,783.73,82.55,197.47,0.915,Body
det,4.5615,1271.52,784.15,19.86,29.35,0.611,Head
err,4.595,1.43,0.31
dbg,4.595,81.5,0.0,-22.6,0.0
det,4.595,1237.42,783.73,82.67,197.48,0.914,Body
det,4.595,1271.49,784.13,19.9,29.42,0.612,Head
err,4.6284,1.44,0.33
dbg,4.6284,81.5,0.0,-22.6,0.0
det,4.6284,1237.59,783.72,82.54,197.44,0.914,Body
det,4.6284,1271.46,784.14,19.95,29.44,0.617,Head
err,4.6643,1.41,0.34
dbg,4.6643,81.5,0.0,-22.6,0.0
det,4.6643,1237.46,783.69,82.72,197.47,0.914,Body
det,4.6643,1271.41,784.1,20.0,29.51,0.617,Head
err,4.698,1.44,0.28
dbg,4.698,81.5,0.0,-22.6,0.0
det,4.698,1237.45,783.68,82.72,197.55,0.914,Body
det,4.698,1271.45,784.11,19.99,29.39,0.614,Head
err,4.7316,1.43,0.31
dbg,4.7316,81.5,0.0,-22.6,0.0
det,4.7316,1237.44,783.74,82.63,197.46,0.914,Body
det,4.7316,1271.48,784.14,19.9,29.4,0.612,Head
err,4.7618,1.44,0.32
dbg,4.7618,81.5,0.0,-22.6,0.0
det,4.7618,1237.6,783.69,82.56,197.49,0.914,Body
det,4.7618,1271.44,784.12,19.99,29.45,0.618,Head
err,4.7946,1.41,0.34
dbg,4.7946,81.5,0.0,-22.6,0.0
det,4.7946,1237.5,783.7,82.65,197.46,0.914,Body
det,4.7946,1271.43,784.12,19.96,29.49,0.616,Head
err,4.8283,1.44,0.27
dbg,4.8283,81.5,0.0,-22.6,0.0
det,4.8283,1237.46,783.67,82.72,197.59,0.914,Body
det,4.8283,1271.44,784.11,19.99,29.39,0.614,Head
err,4.8618,1.43,0.31
dbg,4.8618,81.5,0.0,-22.6,0.0
det,4.8618,1237.44,783.72,82.65,197.52,0.914,Body
det,4.8618,1271.47,784.13,19.93,29.42,0.613,Head
err,4.8947,1.44,0.33
dbg,4.8947,81.5,0.0,-22.6,0.0
det,4.8947,1237.65,783.74,82.43,197.43,0.914,Body
det,4.8947,1271.48,784.15,19.91,29.42,0.616,Head
err,4.928,1.41,0.35
dbg,4.928,81.5,0.0,-22.6,0.0
det,4.928,1237.56,783.76,82.5,197.36,0.914,Body
det,4.928,1271.48,784.15,19.86,29.46,0.614,Head
err,4.9623,1.44,0.29
dbg,4.9623,81.5,0.0,-22.6,0.0
det,4.9623,1237.55,783.75,82.51,197.45,0.914,Body
det,4.9623,1271.52,784.15,19.85,29.34,0.611,Head
err,4.9972,1.43,0.32
dbg,4.9972,81.5,0.0,-22.6,0.0
det,4.9972,1237.49,783.77,82.53,197.42,0.914,Body
det,4.9972,1271.51,784.16,19.84,29.39,0.611,Head
err,5.0305,1.44,0.34
dbg,5.0305,81.5,0.0,-22.6,0.0
det,5.0305,1237.69,783.77,82.33,197.36,0.914,Body
det,5.0305,1271.51,784.17,19.85,29.4,0.615,Head
err,5.063,1.41,0.37
dbg,5.063,81.5,0.0,-22.6,0.0
det,5.063,1237.62,783.81,82.34,197.28,0.914,Body
det,5.063,1271.53,784.18,19.75,29.43,0.611,Head
err,5.0961,1.44,0.29
dbg,5.0961,81.5,0.0,-22.6,0.0
det,5.0961,1237.58,783.77,82.43,197.42,0.915,Body
det,5.0961,1271.54,784.16,19.79,29.33,0.609,Head
err,5.1304,1.43,0.32
dbg,5.1304,81.5,0.0,-22.6,0.0
det,5.1304,1237.5,783.78,82.51,197.42,0.915,Body
det,5.1304,1271.53,784.16,19.81,29.38,0.61,Head
err,5.1632,1.44,0.34
dbg,5.1632,81.5,0.0,-22.6,0.0
det,5.1632,1237.71,783.77,82.3,197.37,0.914,Body
det,5.1632,1271.53,784.17,19.82,29.39,0.614,Head
err,5.1968,1.41,0.35
dbg,5.1968,81.5,0.0,-22.6,0.0
det,5.1968,1237.61,783.78,82.38,197.33,0.914,Body
det,5.1968,1271.52,784.16,19.79,29.44,0.612,Head
err,5.2287,7.59,2.59
dbg,5.2287,7.6,0.0,2.6,0.0
det,5.2287,1245.18,784.64,81.23,197.91,0.907,Body
det,5.2287,1277.27,786.36,20.63,29.51,0.742,Head
cmd,5.2287,10,3
err,5.2632,60.56,21.3
dbg,5.2632,60.6,0.0,21.3,0.0
det,5.2632,1297.43,805.5,78.53,198.71,0.921,Body
det,5.2632,1331.77,806.83,17.56,26.31,0.713,Head
err,5.296,129.69,27.17
dbg,5.296,129.7,0.0,27.2,0.0
det,5.296,1369.97,811.41,78.93,197.58,0.923,Body
det,5.296,1400.5,811.56,18.37,28.38,0.696,Head
err,5.3292,156.91,24.24
dbg,5.3292,156.9,0.0,24.2,0.0
det,5.3292,1398.62,804.76,76.59,194.78,0.921,Body
det,5.3292,1429.95,806.25,18.48,27.31,0.607,Head
err,6.4623,154.56,11.97
dbg,6.4623,154.6,0.0,12.0,0.0
det,6.4623,1390.33,796.85,80.83,199.26,0.89,Body
det,6.4623,1425.79,797.0,17.53,27.2,0.77,Head
cmd,6.4623,127,10
err,6.4954,140.41,5.68
dbg,6.4954,140.4,0.0,5.7,0.0
det,6.4954,1378.28,790.56,81.05,199.95,0.902,Body
det,6.4954,1410.75,791.7,19.31,25.42,0.742,Head
err,6.5288,135.01,6.12
dbg,6.5288,135.0,0.0,6.1,0.0
det,6.5288,1373.83,789.28,75.85,197.75,0.907,Body
det,6.5288,1405.7,791.11,18.62,27.27,0.777,Head
err,6.5626,127.24,5.6
dbg,6.5626,127.2,0.0,5.6,0.0
det,6.5626,1365.07,789.4,82.95,199.06,0.911,Body
det,6.5626,1397.81,790.83,18.87,26.86,0.652,Head
err,6.5978,121.13,5.86
dbg,6.5978,121.1,0.0,5.9,0.0
det,6.5978,1358.17,789.78,79.04,199.79,0.902,Body
det,6.5978,1391.82,791.33,18.61,26.42,0.783,Head
err,6.6307,116.66,6.62
dbg,6.6307,116.7,0.0,6.6,0.0
det,6.6307,1355.62,789.64,78.26,197.23,0.896,Body
det,6.6307,1387.27,791.44,18.79,27.61,0.789,Head
err,6.6638,116.7,6.64
dbg,6.6638,116.7,0.0,6.6,0.0
det,6.6638,1355.68,789.65,78.28,197.25,0.897,Body
det,6.6638,1387.31,791.44,18.78,27.63,0.789,Head
err,6.6971,116.71,6.61
dbg,6.6971,116.7,0.0,6.6,0.0
det,6.6971,1355.62,789.64,78.34,197.27,0.896,Body
det,6.6971,1387.32,791.44,18.77,27.59,0.789,Head
err,6.7295,116.71,6.64
dbg,6.7295,116.7,0.0,6.6,0.0
det,6.7295,1355.59,789.64,78.35,197.33,0.896,Body
det,6.7295,1387.31,791.45,18.79,27.63,0.789,Head
err,6.7638,116.66,6.62
dbg,6.7638,116.7,0.0,6.6,0.0
det,6.7638,1355.6,789.65,78.26,197.23,0.896,Body
det,6.7638,1387.27,791.44,18.78,27.6,0.789,Head
err,6.7974,21.45,-1.07
dbg,6.7974,21.4,0.0,-1.1,0.0
det,6.7974,1258.94,782.22,81.14,196.26,0.906,Body
det,6.7974,1292.41,783.69,18.08,27.72,0.756,Head
err,6.831,21.44,-1.09
dbg,6.831,21.4,0.0,-1.1,0.0
det,6.831,1258.93,782.13,81.55,196.34,0.906,Body
det,6.831,1292.31,783.65,18.27,27.76,0.756,Head
err,6.8646,21.45,-1.06
dbg,6.8646,21.4,0.0,-1.1,0.0
det,6.8646,1258.9,782.17,81.61,196.36,0.906,Body
det,6.8646,1292.35,783.67,18.2,27.76,0.756,Head
err,6.8999,21.49,-1.07
dbg,6.8999,21.5,0.0,-1.1,0.0
det,6.8999,1259.03,782.15,81.35,196.36,0.905,Body
det,6.8999,1292.41,783.65,18.17,27.78,0.757,Head
err,6.9305,21.43,-1.08
dbg,6.9305,21.4,0.0,-1.1,0.0
det,6.9305,1258.81,782.16,81.51,196.36,0.905,Body
det,6.9305,1292.3,783.66,18.26,27.75,0.756,Head
err,6.9631,21.45,-1.08
dbg,6.9631,21.5,0.0,-1.1,0.0
det,6.9631,1258.93,782.15,81.53,196.28,0.906,Body
det,6.9631,1292.34,783.66,18.22,27.74,0.756,Head
cmd,6.9631,29,-1
err,6.9954,21.45,-1.06
dbg,6.9954,21.5,0.0,-1.1,0.0
det,6.9954,1258.91,782.18,81.57,196.33,0.906,Body
det,6.9954,1292.38,783.68,18.14,27.74,0.756,Head
err,7.029,21.5,-1.06
dbg,7.029,21.5,0.0,-1.1,0.0
det,7.029,1259.07,782.18,81.25,196.34,0.906,Body
det,7.029,1292.45,783.66,18.1,27.77,0.757,Head
err,7.0626,21.44,-1.06
dbg,7.0626,21.4,0.0,-1.1,0.0
det,7.0626,1258.88,782.2,81.33,196.3,0.906,Body
det,7.0626,1292.37,783.68,18.15,27.74,0.756,Head
err,7.0991,21.45,-1.08
dbg,7.0991,21.5,0.0,-1.1,0.0
det,7.0991,1258.96,782.17,81.45,196.26,0.906,Body
det,7.0991,1292.36,783.66,18.19,27.74,0.756,Head
err,7.1304,-0.68,-1.65
dbg,7.1304,21.5,0.0,-1.1,0.0
det,7.1304,1236.47,782.84,82.33,197.57,0.915,Body
det,7.1304,1269.43,783.07,19.77,27.78,0.569,Head
err,7.1805,-0.66,-1.64
dbg,7.1805,21.5,0.0,-1.1,0.0
det,7.1805,1236.43,782.82,82.29,197.56,0.914,Body
det,7.1805,1269.41,783.08,19.87,27.79,0.571,Head
err,7.2085,-0.68,-1.67
dbg,7.2085,21.5,0.0,-1.1,0.0
det,7.2085,1236.42,782.82,82.46,197.59,0.915,Body
det,7.2085,1269.4,783.06,19.84,27.76,0.571,Head
err,7.2495,-0.68,-1.65
dbg,7.2495,21.5,0.0,-1.1,0.0
det,7.2495,1236.46,782.85,82.36,197.56,0.914,Body
det,7.2495,1269.42,783.07,19.8,27.79,0.57,Head
err,7.2804,-0.64,-1.63
dbg,7.2804,21.5,0.0,-1.1,0.0
det,7.2804,1236.51,782.86,82.31,197.47,0.914,Body
det,7.2804,1269.42,783.09,19.88,27.78,0.569,Head
err,7.3129,-0.65,-1.66
dbg,7.3129,21.5,0.0,-1.1,0.0
det,7.3129,1236.35,782.77,82.53,197.66,0.914,Body
det,7.3129,1269.36,783.05,19.98,27.8,0.574,Head
err,7.3484,-0.66,-1.67
dbg,7.3484,21.5,0.0,-1.1,0.0
det,7.3484,1236.39,782.83,82.53,197.59,0.914,Body
det,7.3484,1269.39,783.05,19.9,27.78,0.571,Head
err,7.3813,-0.62,-1.67
dbg,7.3813,21.5,0.0,-1.1,0.0
det,7.3813,1236.36,782.8,82.53,197.59,0.915,Body
det,7.3813,1269.43,783.04,19.89,27.8,0.569,Head
err,7.4155,-0.63,-1.66
dbg,7.4155,21.5,0.0,-1.1,0.0
det,7.4155,1236.45,782.8,82.5,197.58,0.914,Body
det,7.4155,1269.38,783.05,20.0,27.8,0.571,Head
err,7.4474,-0.65,-1.66
dbg,7.4474,21.5,0.0,-1.1,0.0
det,7.4474,1236.34,782.77,82.55,197.66,0.914,Body
det,7.4474,1269.35,783.05,19.99,27.8,0.574,Head
err,7.4798,-0.66,-1.67
dbg,7.4798,21.5,0.0,-1.1,0.0
det,7.4798,1236.42,782.83,82.48,197.59,0.915,Body
det,7.4798,1269.39,783.06,19.89,27.77,0.57,Head
err,7.5147,-0.67,-1.68
dbg,7.5147,21.5,0.0,-1.1,0.0
det,7.5147,1236.42,782.8,82.52,197.67,0.914,Body
det,7.5147,1269.38,783.04,19.9,27.8,0.573,Head
err,7.5471,-0.63,-1.65
dbg,7.5471,21.5,0.0,-1.1,0.0
det,7.5471,1236.47,782.82,82.46,197.57,0.914,Body
det,7.5471,1269.39,783.06,19.96,27.79,0.571,Head
err,7.5822,-0.65,-1.65
dbg,7.5822,21.5,0.0,-1.1,0.0
det,7.5822,1236.41,782.8,82.38,197.61,0.914,Body
det,7.5822,1269.38,783.06,19.94,27.79,0.573,Head
err,7.6163,-0.66,-1.67
dbg,7.6163,21.5,0.0,-1.1,0.0
det,7.6163,1236.45,782.85,82.38,197.55,0.915,Body
det,7.6163,1269.4,783.06,19.87,27.77,0.57,Head
err,7.6488,-0.67,-1.66
dbg,7.6488,21.5,0.0,-1.1,0.0
det,7.6488,1236.48,782.84,82.34,197.58,0.915,Body
det,7.6488,1269.41,783.06,19.83,27.78,0.571,Head
err,7.6813,-0.64,-1.63
dbg,7.6813,21.5,0.0,-1.1,0.0
det,7.6813,1236.56,782.88,82.2,197.44,0.914,Body
det,7.6813,1269.43,783.1,19.86,27.77,0.569,Head
err,7.7136,-0.66,-1.64
dbg,7.7136,21.5,0.0,-1.1,0.0
det,7.7136,1236.43,782.84,82.3,197.53,0.914,Body
det,7.7136,1269.4,783.08,19.89,27.78,0.572,Head
err,7.7457,-0.68,-1.64
dbg,7.7457,21.5,0.0,-1.1,0.0
det,7.7457,1236.51,782.91,82.2,197.42,0.915,Body
det,7.7457,1269.45,783.11,19.74,27.74,0.567,Head
err,7.7793,-0.68,-1.64
dbg,7.7793,21.5,0.0,-1.1,0.0
det,7.7793,1236.52,782.88,82.23,197.49,0.915,Body
det,7.7793,1269.44,783.09,19.76,27.77,0.569,Head
err,7.8155,-0.64,-1.62
dbg,7.8155,21.5,0.0,-1.1,0.0
det,7.8155,1236.57,782.9,82.15,197.39,0.914,Body
det,7.8155,1269.45,783.11,19.81,27.76,0.568,Head
err,7.8443,-0.65,-1.63
dbg,7.8443,21.5,0.0,-1.1,0.0
det,7.8443,1236.5,782.88,82.23,197.5,0.915,Body
det,7.8443,1269.45,783.09,19.8,27.78,0.569,Head
err,7.8814,10.59,0.21
dbg,7.8814,10.6,0.0,0.2,0.0
det,7.8814,1247.41,783.46,82.09,199.59,0.901,Body
det,7.8814,1279.7,785.09,21.77,27.49,0.742,Head
cmd,7.8814,14,0
err,7.9135,29.66,0.65
dbg,7.9135,29.7,0.0,0.6,0.0
det,7.9135,1266.17,784.51,80.26,196.0,0.918,Body
det,7.9135,1300.47,785.56,18.37,27.44,0.674,Head
err,7.9462,43.95,-2.53
dbg,7.9462,43.9,0.0,-2.5,0.0
det,7.9462,1281.67,781.77,79.05,193.87,0.906,Body
det,7.9462,1314.75,782.75,18.4,26.76,0.7,Head
err,7.9797,54.94,-7.89
dbg,7.9797,54.9,0.0,-7.9,0.0
det,7.9797,1294.02,775.78,78.19,197.2,0.91,Body
det,7.9797,1326.78,777.61,16.31,26.35,0.772,Head
err,8.0156,59.39,-8.52
dbg,8.0156,59.4,0.0,-8.5,0.0
det,8.0156,1297.73,776.22,77.67,196.67,0.922,Body
det,8.0156,1330.53,776.93,17.71,26.46,0.734,Head
err,8.0457,59.38,-8.52
dbg,8.0457,59.4,0.0,-8.5,0.0
det,8.0457,1297.81,776.18,77.68,196.68,0.921,Body
det,8.0457,1330.49,776.91,17.78,26.49,0.736,Head
err,8.0828,49.78,-7.42
dbg,8.0828,49.8,0.0,-7.4,0.0
det,8.0828,1290.29,777.58,79.39,195.46,0.906,Body
det,8.0828,1320.29,777.51,18.98,27.42,0.722,Head
err,8.1154,49.77,-7.41
dbg,8.1154,49.8,0.0,-7.4,0.0
det,8.1154,1290.34,777.52,79.35,195.54,0.906,Body
det,8.1154,1320.28,777.48,18.98,27.48,0.722,Head
err,8.1481,49.78,-7.38
dbg,8.1481,49.8,0.0,-7.4,0.0
det,8.1481,1290.21,777.52,79.53,195.58,0.906,Body
det,8.1481,1320.26,777.5,19.03,27.49,0.724,Head
err,8.1824,49.77,-7.4
dbg,8.1824,49.8,0.0,-7.4,0.0
det,8.1824,1290.31,777.57,79.28,195.51,0.906,Body
det,8.1824,1320.28,777.52,18.97,27.42,0.722,Head
err,8.214,49.78,-7.41
dbg,8.214,49.8,0.0,-7.4,0.0
det,8.214,1290.29,777.56,79.38,195.47,0.906,Body
det,8.214,1320.29,777.51,18.98,27.42,0.721,Head
err,8.2459,49.77,-7.41
dbg,8.2459,49.8,0.0,-7.4,0.0
det,8.2459,1290.36,777.54,79.3,195.5,0.906,Body
det,8.2459,1320.31,777.5,18.93,27.44,0.722,Head
err,8.2797,49.78,-7.38
dbg,8.2797,49.8,0.0,-7.4,0.0
det,8.2797,1290.29,777.6,79.34,195.44,0.906,Body
det,8.2797,1320.32,777.54,18.92,27.41,0.722,Head
err,8.3132,49.76,-7.4
dbg,8.3132,49.8,0.0,-7.4,0.0
det,8.3132,1290.33,777.59,79.24,195.48,0.906,Body
det,8.3132,1320.3,777.53,18.93,27.4,0.722,Head
err,8.3459,49.77,-7.41
dbg,8.3459,49.8,0.0,-7.4,0.0
det,8.3459,1290.33,777.61,79.28,195.4,0.906,Body
det,8.3459,1320.32,777.53,18.91,27.38,0.721,Head
err,8.3791,49.77,-7.41
dbg,8.3791,49.8,0.0,-7.4,0.0
det,8.3791,1290.38,777.56,79.24,195.45,0.906,Body
det,8.3791,1320.33,777.52,18.88,27.42,0.721,Head
err,8.4143,49.78,-7.38
dbg,8.4143,49.8,0.0,-7.4,0.0
det,8.4143,1290.27,777.6,79.36,195.45,0.906,Body
det,8.4143,1320.32,777.54,18.92,27.41,0.722,Head
cmd,8.4143,67,-10
err,8.4464,49.77,-7.4
dbg,8.4464,49.8,0.0,-7.4,0.0
det,8.4464,1290.33,777.61,79.23,195.46,0.906,Body
det,8.4464,1320.29,777.53,18.94,27.41,0.722,Head
err,8.4795,49.78,-7.41
dbg,8.4795,49.8,0.0,-7.4,0.0
det,8.4795,1290.3,777.6,79.33,195.42,0.906,Body
det,8.4795,1320.3,777.51,18.96,27.41,0.721,Head
err,8.5141,1.05,0.5
dbg,8.5141,49.8,0.0,-7.4,0.0
det,8.5141,1236.95,783.6,81.69,197.2,0.909,Body
det,8.5141,1270.63,784.03,20.84,29.94,0.6,Head
err,8.546,1.02,0.5
dbg,8.546,49.8,0.0,-7.4,0.0
det,8.546,1237.2,783.61,81.33,197.24,0.909,Body
det,8.546,1270.66,784.03,20.71,29.95,0.594,Head
err,8.5788,1.04,0.5
dbg,8.5788,49.8,0.0,-7.4,0.0
det,8.5788,1237.18,783.66,81.24,197.12,0.909,Body
det,8.5788,1270.74,784.05,20.59,29.91,0.594,Head
err,8.6123,1.07,0.51
dbg,8.6123,49.8,0.0,-7.4,0.0
det,8.6123,1237.18,783.7,81.25,197.04,0.909,Body
det,8.6123,1270.75,784.07,20.63,29.9,0.598,Head
err,8.6487,1.04,0.52
dbg,8.6487,49.8,0.0,-7.4,0.0
det,8.6487,1237.08,783.69,81.36,197.06,0.909,Body
det,8.6487,1270.73,784.09,20.63,29.88,0.595,Head
err,8.6812,1.01,0.51
dbg,8.6812,49.8,0.0,-7.4,0.0
det,8.6812,1237.28,783.66,81.17,197.15,0.909,Body
det,8.6812,1270.71,784.06,20.61,29.92,0.591,Head
err,8.7139,1.04,0.5
dbg,8.7139,49.8,0.0,-7.4,0.0
det,8.7139,1237.2,783.66,81.23,197.11,0.909,Body
det,8.7139,1270.74,784.05,20.59,29.91,0.594,Head
err,8.7484,1.07,0.51
dbg,8.7484,49.8,0.0,-7.4,0.0
det,8.7484,1237.16,783.68,81.3,197.07,0.909,Body
det,8.7484,1270.73,784.05,20.68,29.92,0.599,Head
err,8.7818,1.05,0.52
dbg,8.7818,49.8,0.0,-7.4,0.0
det,8.7818,1237.07,783.66,81.4,197.11,0.909,Body
det,8.7818,1270.71,784.07,20.68,29.91,0.596,Head
err,8.8146,1.02,0.5
dbg,8.8146,49.8,0.0,-7.4,0.0
det,8.8146,1237.23,783.61,81.28,197.22,0.909,Body
det,8.8146,1270.68,784.03,20.69,29.95,0.593,Head
err,8.8457,1.05,0.48
dbg,8.8457,49.8,0.0,-7.4,0.0
det,8.8457,1237.13,783.59,81.4,197.21,0.909,Body
det,8.8457,1270.68,784.01,20.73,29.96,0.598,Head
err,8.8789,1.08,0.49
dbg,8.8789,49.8,0.0,-7.4,0.0
det,8.8789,1237.09,783.62,81.49,197.16,0.909,Body
det,8.8789,1270.67,784.02,20.82,29.95,0.602,Head
err,8.9145,1.05,0.5
dbg,8.9145,49.8,0.0,-7.4,0.0
det,8.9145,1237.03,783.63,81.5,197.15,0.909,Body
det,8.9145,1270.68,784.05,20.75,29.91,0.597,Head
err,8.9467,1.07,0.53
dbg,8.9467,49.8,0.0,-7.4,0.0
det,8.9467,1237.15,783.62,81.31,197.06,0.909,Body
det,8.9467,1270.72,784.05,20.71,29.96,0.6,Head
err,8.9798,1.05,0.47
dbg,8.9798,49.8,0.0,-7.4,0.0
det,8.9798,1237.06,783.54,81.55,197.29,0.908,Body
det,8.9798,1270.63,783.98,20.83,29.98,0.6,Head
err,9.0128,1.08,0.48
dbg,9.0128,49.8,0.0,-7.4,0.0
det,9.0128,1237.07,783.6,81.54,197.2,0.909,Body
det,9.0128,1270.65,784.0,20.86,29.97,0.603,Head
err,9.0463,1.06,0.49
dbg,9.0463,49.8,0.0,-7.4,0.0
det,9.0463,1236.97,783.57,81.66,197.23,0.909,Body
det,9.0463,1270.62,784.01,20.87,29.95,0.6,Head
err,9.0802,1.02,0.48
dbg,9.0802,49.8,0.0,-7.4,0.0
det,9.0802,1237.12,783.53,81.57,197.33,0.908,Body
det,9.0802,1270.59,783.98,20.87,30.0,0.598,Head
err,9.1167,1.05,0.47
dbg,9.1167,49.8,0.0,-7.4,0.0
det,9.1167,1237.05,783.55,81.58,197.25,0.908,Body
det,9.1167,1270.63,783.98,20.83,29.98,0.6,Head
err,9.1476,1.06,0.48
dbg,9.1476,49.8,0.0,-7.4,0.0
det,9.1476,1236.88,783.57,81.8,197.25,0.909,Body
det,9.1476,1270.66,783.99,20.8,29.99,0.599,Head
err,9.1812,22.72,7.01
dbg,9.1812,22.7,0.0,7.0,0.0
det,9.1812,1260.81,790.18,79.73,197.6,0.903,Body
det,9.1812,1293.2,792.07,19.04,27.15,0.777,Head
cmd,9.1812,30,9
err,9.2132,42.86,7.61
dbg,9.2132,42.9,0.0,7.6,0.0
det,9.2132,1281.82,792.42,79.99,198.61,0.903,Body
det,9.2132,1313.4,793.05,18.93,26.47,0.745,Head
err,9.2497,49.83,6.45
dbg,9.2497,49.8,0.0,6.4,0.0
det,9.2497,1289.8,790.19,79.96,198.66,0.896,Body
det,9.2497,1320.23,791.5,19.19,27.18,0.747,Head
err,9.2813,30.99,-2.63
dbg,9.2813,31.0,0.0,-2.6,0.0
det,9.2813,1267.27,782.53,83.05,196.64,0.926,Body
det,9.2813,1301.72,782.75,18.55,26.58,0.611,Head
err,9.3157,36.47,-5.93
dbg,9.3157,36.5,0.0,-5.9,0.0
det,9.3157,1275.46,778.5,78.7,195.24,0.917,Body
det,9.3157,1307.37,778.97,18.2,27.45,0.761,Head
err,9.3492,43.08,-5.8
dbg,9.3492,43.1,0.0,-5.8,0.0
det,9.3492,1280.78,778.49,80.25,196.68,0.911,Body
det,9.3492,1313.7,778.32,18.75,28.88,0.732,Head
err,9.3819,45.82,-7.8
dbg,9.3819,45.8,0.0,-7.8,0.0
det,9.3819,1282.54,778.78,81.52,195.92,0.897,Body
det,9.3819,1316.38,777.27,18.89,27.15,0.671,Head
err,9.4164,45.81,-7.8
dbg,9.4164,45.8,0.0,-7.8,0.0
det,9.4164,1282.72,778.79,81.24,195.87,0.897,Body
det,9.4164,1316.36,777.26,18.88,27.16,0.673,Head
err,9.4486,45.83,-7.82
dbg,9.4486,45.8,0.0,-7.8,0.0
det,9.4486,1282.88,777.31,80.57,197.36,0.897,Body
det,9.4486,1316.41,777.26,18.84,27.13,0.671,Head
err,9.48,45.86,-7.79
dbg,9.48,45.9,0.0,-7.8,0.0
det,9.48,1282.88,777.41,80.6,197.15,0.897,Body
det,9.48,1316.45,777.33,18.81,27.05,0.669,Head
err,9.5129,45.82,-7.81
dbg,9.5129,45.8,0.0,-7.8,0.0
det,9.5129,1282.56,778.81,81.49,195.88,0.897,Body
det,9.5129,1316.4,777.28,18.84,27.11,0.671,Head
err,9.5461,45.81,-7.8
dbg,9.5461,45.8,0.0,-7.8,0.0
det,9.5461,1282.97,777.33,80.43,197.25,0.897,Body
det,9.5461,1316.38,777.27,18.85,27.15,0.672,Head
err,9.579,45.83,-7.82
dbg,9.579,45.8,0.0,-7.8,0.0
det,9.579,1282.91,777.33,80.51,197.32,0.897,Body
det,9.579,1316.43,777.27,18.8,27.11,0.67,Head
err,9.6124,45.86,-7.79
dbg,9.6124,45.9,0.0,-7.8,0.0
det,9.6124,1282.89,777.42,80.57,197.13,0.897,Body
det,9.6124,1316.46,777.34,18.79,27.05,0.669,Head
err,9.6473,45.82,-7.82
dbg,9.6473,45.8,0.0,-7.8,0.0
det,9.6473,1282.86,777.42,80.57,197.18,0.897,Body
det,9.6473,1316.46,777.32,18.72,27.02,0.669,Head
err,9.6809,45.8,-7.8
dbg,9.6809,45.8,0.0,-7.8,0.0
det,9.6809,1283.0,777.38,80.37,197.18,0.897,Body
det,9.6809,1316.41,777.29,18.79,27.1,0.672,Head
err,9.7133,45.82,-7.82
dbg,9.7133,45.8,0.0,-7.8,0.0
det,9.7133,1282.94,777.37,80.46,197.26,0.897,Body
det,9.7133,1316.45,777.29,18.75,27.07,0.67,Head
cmd,9.7133,61,-10
err,9.7455,45.86,-7.79
dbg,9.7455,45.9,0.0,-7.8,0.0
det,9.7455,1282.93,777.45,80.5,197.09,0.898,Body
det,9.7455,1316.48,777.35,18.76,27.03,0.668,Head
err,9.7789,45.82,-7.81
dbg,9.7789,45.8,0.0,-7.8,0.0
det,9.7789,1282.86,777.39,80.58,197.22,0.897,Body
det,9.7789,1316.45,777.31,18.74,27.05,0.67,Head
err,9.8129,45.8,-7.8
dbg,9.8129,45.8,0.0,-7.8,0.0
det,9.8129,1283.0,777.37,80.37,197.21,0.897,Body
det,9.8129,1316.4,777.28,18.81,27.12,0.672,Head
err,9.8459,-0.68,-0.21
dbg,9.8459,45.8,0.0,-7.8,0.0
det,9.8459,1236.68,784.25,79.71,195.01,0.914,Body
det,9.8459,1269.58,784.47,19.47,27.85,0.577,Head
err,9.879,-0.67,-0.2
dbg,9.879,45.8,0.0,-7.8,0.0
det,9.879,1236.74,784.25,79.7,194.95,0.914,Body
det,9.879,1269.57,784.46,19.52,27.9,0.575,Head
err,9.9128,-0.68,-0.24
dbg,9.9128,45.8,0.0,-7.8,0.0
det,9.9128,1236.67,784.23,79.71,194.95,0.914,Body
det,9.9128,1269.57,784.43,19.5,27.88,0.576,Head
err,9.9466,-0.67,-0.16
dbg,9.9466,45.8,0.0,-7.8,0.0
det,9.9466,1236.68,784.28,79.74,194.86,0.914,Body
det,9.9466,1269.57,784.47,19.53,27.93,0.575,Head
err,9.9791,-0.66,-0.22
dbg,9.9791,45.8,0.0,-7.8,0.0
det,9.9791,1236.57,784.2,79.94,195.05,0.914,Body
det,9.9791,1269.53,784.44,19.62,27.9,0.581,Head
err,10.0131,-0.64,-0.17
dbg,10.0131,45.8,0.0,-7.8,0.0
det,10.0131,1236.7,784.27,79.77,194.84,0.914,Body
det,10.0131,1269.58,784.47,19.56,27.92,0.574,Head
err,10.0466,-0.66,-0.27
dbg,10.0466,45.8,0.0,-7.8,0.0
det,10.0466,1236.6,784.17,79.93,195.03,0.913,Body
det,10.0466,1269.52,784.38,19.64,27.91,0.58,Head
err,10.0815,-0.65,-0.19
dbg,10.0815,45.8,0.0,-7.8,0.0
det,10.0815,1236.63,784.22,79.93,194.96,0.914,Body
det,10.0815,1269.52,784.43,19.67,27.96,0.579,Head
err,10.1161,-0.65,-0.24
dbg,10.1161,45.8,0.0,-7.8,0.0
det,10.1161,1236.53,784.15,80.1,195.13,0.913,Body
det,10.1161,1269.49,784.41,19.73,27.91,0.584,Head
err,10.1507,-0.64,-0.22
dbg,10.1507,45.8,0.0,-7.8,0.0
det,10.1507,1236.64,784.17,79.98,195.06,0.913,Body
det,10.1507,1269.5,784.41,19.72,27.95,0.58,Head
err,10.1818,-0.66,-0.27
dbg,10.1818,45.8,0.0,-7.8,0.0
det,10.1818,1236.61,784.17,79.91,195.03,0.913,Body
det,10.1818,1269.52,784.38,19.65,27.9,0.58,Head
err,10.2141,-0.65,-0.19
dbg,10.2141,45.8,0.0,-7.8,0.0
det,10.2141,1236.67,784.24,79.83,194.94,0.914,Body
det,10.2141,1269.53,784.44,19.64,27.95,0.578,Head
err,10.247,-0.66,-0.23
dbg,10.247,45.8,0.0,-7.8,0.0
det,10.247,1236.59,784.18,79.94,195.08,0.914,Body
det,10.247,1269.51,784.42,19.66,27.89,0.583,Head
err,10.2806,-0.65,-0.22
dbg,10.2806,45.8,0.0,-7.8,0.0
det,10.2806,1236.67,784.18,79.92,195.05,0.914,Body
det,10.2806,1269.51,784.41,19.68,27.94,0.58,Head
err,10.3137,-0.66,-0.27
dbg,10.3137,45.8,0.0,-7.8,0.0
det,10.3137,1236.64,784.18,79.84,195.01,0.913,Body
det,10.3137,1269.53,784.39,19.63,27.9,0.579,Head
err,10.3476,-0.65,-0.18
dbg,10.3476,45.8,0.0,-7.8,0.0
det,10.3476,1236.69,784.25,79.78,194.91,0.914,Body
det,10.3476,1269.54,784.45,19.62,27.95,0.578,Head
err,10.3802,-0.66,-0.23
dbg,10.3802,45.8,0.0,-7.8,0.0
det,10.3802,1236.62,784.21,79.86,195.04,0.914,Body
det,10.3802,1269.53,784.43,19.63,27.89,0.582,Head
err,10.4128,12.31,2.03
dbg,10.4128,12.3,0.0,2.0,0.0
det,10.4128,1250.42,786.3,80.71,195.74,0.898,Body
det,10.4128,1281.47,787.37,21.68,26.65,0.718,Head
cmd,10.4128,16,3
err,10.4483,29.62,4.33
dbg,10.4483,29.6,0.0,4.3,0.0
det,10.4483,1267.73,786.74,78.39,197.97,0.924,Body
det,10.4483,1299.96,788.45,19.32,28.89,0.742,Head
err,10.4811,40.64,2.29
dbg,10.4811,40.6,0.0,2.3,0.0
det,10.4811,1278.4,785.71,81.42,197.1,0.913,Body
det,10.4811,1311.2,787.88,18.88,26.21,0.727,Head
err,10.5147,45.72,0.58
dbg,10.5147,45.7,0.0,0.6,0.0
det,10.5147,1283.15,784.13,80.38,197.12,0.9,Body
det,10.5147,1316.48,785.73,18.49,26.99,0.645,Head
err,10.5463,39.78,-1.44
dbg,10.5463,39.8,0.0,-1.4,0.0
det,10.5463,1277.16,781.86,79.65,197.7,0.918,Body
det,10.5463,1310.34,783.36,18.88,27.64,0.752,Head
err,10.5813,47.36,-1.35
dbg,10.5813,47.4,0.0,-1.3,0.0
det,10.5813,1283.43,782.17,82.31,198.38,0.907,Body
det,10.5813,1317.58,783.5,19.57,27.55,0.591,Head
err,10.6143,58.69,-1.64
dbg,10.6143,58.7,0.0,-1.6,0.0
det,10.6143,1295.28,782.91,79.1,196.44,0.921,Body
det,10.6143,1330.33,783.64,16.72,26.76,0.745,Head
err,10.6462,67.05,-0.8
dbg,10.6462,67.1,0.0,-0.8,0.0
det,10.6462,1307.03,782.94,79.29,196.17,0.919,Body
det,10.6462,1338.1,783.71,17.89,28.16,0.742,Head
err,10.6811,75.99,-1.29
dbg,10.6811,76.0,0.0,-1.3,0.0
det,10.6811,1313.15,783.1,78.7,197.0,0.913,Body
det,10.6811,1347.42,783.94,17.13,26.86,0.712,Head
err,10.7129,76.01,3.09
dbg,10.7129,76.0,0.0,3.1,0.0
det,10.7129,1315.33,783.43,81.35,196.59,0.914,Body
det,10.7129,1350.25,783.82,18.64,27.95,0.526,Head
err,10.7483,91.14,0.4
dbg,10.7483,91.1,0.0,0.4,0.0
det,10.7483,1326.56,783.82,81.32,196.61,0.919,Body
det,10.7483,1362.26,785.35,17.77,27.36,0.74,Head
err,10.7801,126.36,5.21
dbg,10.7801,126.4,0.0,5.2,0.0
det,10.7801,1364.46,789.25,80.41,199.87,0.912,Body
det,10.7801,1396.93,790.74,18.87,26.32,0.697,Head
err,10.8138,132.8,6.19
dbg,10.8138,132.8,0.0,6.2,0.0
det,10.8138,1371.53,789.15,77.4,197.33,0.907,Body
det,10.8138,1403.67,791.21,18.26,27.24,0.783,Head
err,10.8468,132.79,6.16
dbg,10.8468,132.8,0.0,6.2,0.0
det,10.8468,1371.42,789.16,77.38,197.07,0.907,Body
det,10.8468,1403.73,791.23,18.11,27.15,0.783,Head
err,10.8825,132.78,6.15
dbg,10.8825,132.8,0.0,6.2,0.0
det,10.8825,1371.52,789.14,77.36,197.32,0.906,Body
det,10.8825,1403.71,791.22,18.15,27.16,0.783,Head
err,10.9146,132.81,6.14
dbg,10.9146,132.8,0.0,6.1,0.0
det,10.9146,1371.53,789.11,77.52,197.19,0.907,Body
det,10.9146,1403.74,791.2,18.14,27.15,0.783,Head
cmd,10.9146,127,6
err,10.9494,132.8,6.17
dbg,10.9494,132.8,0.0,6.2,0.0
det,10.9494,1371.52,789.16,77.41,197.24,0.906,Body
det,10.9494,1403.69,791.22,18.23,27.18,0.783,Head
err,10.9841,132.78,6.18
dbg,10.9841,132.8,0.0,6.2,0.0
det,10.9841,1371.41,789.16,77.48,197.22,0.907,Body
det,10.9841,1403.73,791.23,18.11,27.17,0.783,Head
err,11.0177,132.78,6.17
dbg,11.0177,132.8,0.0,6.2,0.0
det,11.0177,1371.53,789.14,77.4,197.49,0.907,Body
det,11.0177,1403.7,791.21,18.15,27.2,0.783,Head
err,11.0478,132.81,6.15
dbg,11.0478,132.8,0.0,6.2,0.0
det,11.0478,1371.56,789.11,77.33,197.41,0.907,Body
det,11.0478,1403.75,791.2,18.12,27.18,0.783,Head
err,11.0797,132.79,6.19
dbg,11.0797,132.8,0.0,6.2,0.0
det,11.0797,1371.55,789.17,77.37,197.47,0.907,Body
det,11.0797,1403.7,791.22,18.19,27.21,0.783,Head
err,11.1128,132.79,6.19
dbg,11.1128,132.8,0.0,6.2,0.0
det,11.1128,1371.44,789.16,77.41,197.29,0.908,Body
det,11.1128,1403.74,791.23,18.08,27.2,0.783,Head
err,11.1464,132.78,6.18
dbg,11.1464,132.8,0.0,6.2,0.0
det,11.1464,1371.55,789.13,77.28,197.73,0.907,Body
det,11.1464,1403.7,791.21,18.15,27.22,0.783,Head
err,11.1811,36.62,0.6
dbg,11.1811,36.6,0.0,0.6,0.0
det,11.1811,1274.61,784.04,80.4,196.58,0.913,Body
det,11.1811,1307.77,785.44,17.7,27.56,0.738,Head
err,11.2153,36.64,0.57
dbg,11.2153,36.6,0.0,0.6,0.0
det,11.2153,1274.42,784.05,80.63,196.63,0.913,Body
det,11.2153,1307.77,785.44,17.74,27.51,0.739,Head
err,11.2486,36.61,0.61
dbg,11.2486,36.6,0.0,0.6,0.0
det,11.2486,1274.7,784.08,80.26,196.49,0.914,Body
det,11.2486,1307.79,785.46,17.63,27.54,0.738,Head
err,11.2835,36.6,0.6
dbg,11.2835,36.6,0.0,0.6,0.0
det,11.2835,1274.65,784.12,80.27,196.48,0.914,Body
det,11.2835,1307.79,785.47,17.62,27.51,0.738,Head
err,11.3129,36.63,0.61
dbg,11.3129,36.6,0.0,0.6,0.0
det,11.3129,1274.7,784.12,80.17,196.42,0.914,Body
det,11.3129,1307.84,785.47,17.58,27.53,0.738,Head
err,11.3466,36.65,0.58
dbg,11.3466,36.7,0.0,0.6,0.0
det,11.3466,1274.57,784.11,80.36,196.49,0.914,Body
det,11.3466,1307.85,785.47,17.6,27.47,0.739,Head
err,11.3802,36.61,0.61
dbg,11.3802,36.6,0.0,0.6,0.0
det,11.3802,1274.66,784.05,80.33,196.53,0.914,Body
det,11.3802,1307.75,785.44,17.72,27.59,0.738,Head
err,11.4131,36.6,0.6
dbg,11.4131,36.6,0.0,0.6,0.0
det,11.4131,1274.57,784.07,80.41,196.54,0.914,Body
det,11.4131,1307.72,785.44,17.75,27.57,0.738,Head
err,11.4486,36.62,0.61
dbg,11.4486,36.6,0.0,0.6,0.0
det,11.4486,1274.59,784.04,80.38,196.52,0.913,Body
det,11.4486,1307.76,785.43,17.73,27.59,0.738,Head
cmd,11.4486,49,1
err,11.4827,36.65,0.58
dbg,11.4827,36.6,0.0,0.6,0.0
det,11.4827,1274.48,784.04,80.51,196.59,0.914,Body
det,11.4827,1307.78,785.43,17.74,27.55,0.739,Head
err,11.5162,36.61,0.61
dbg,11.5162,36.6,0.0,0.6,0.0
det,11.5162,1274.64,784.02,80.39,196.56,0.914,Body
det,11.5162,1307.72,785.42,17.77,27.62,0.738,Head
err,11.5512,36.59,0.61
dbg,11.5512,36.6,0.0,0.6,0.0
det,11.5512,1274.5,783.99,80.54,196.64,0.913,Body
det,11.5512,1307.64,785.4,17.91,27.66,0.739,Head
err,11.5813,1.05,0.5
dbg,11.5813,36.6,0.0,0.6,0.0
det,11.5813,1236.99,783.63,81.58,197.14,0.909,Body
det,11.5813,1270.67,784.05,20.76,29.9,0.598,Head
err,11.6148,1.02,0.49
dbg,11.6148,36.6,0.0,0.6,0.0
det,11.6148,1237.2,783.58,81.36,197.26,0.909,Body
det,11.6148,1270.64,784.01,20.75,29.96,0.595,Head
err,11.6462,1.05,0.48
dbg,11.6462,36.6,0.0,0.6,0.0
det,11.6462,1237.11,783.58,81.44,197.23,0.908,Body
det,11.6462,1270.67,784.0,20.76,29.96,0.599,Head
err,11.6794,1.07,0.48
dbg,11.6794,36.6,0.0,0.6,0.0
det,11.6794,1237.08,783.58,81.53,197.21,0.908,Body
det,11.6794,1270.64,783.99,20.87,29.98,0.603,Head
err,11.7182,1.06,0.48
dbg,11.7182,36.6,0.0,0.6,0.0
det,11.7182,1236.97,783.56,81.65,197.25,0.909,Body
det,11.7182,1270.62,784.01,20.87,29.95,0.601,Head
err,11.7486,1.02,0.48
dbg,11.7486,36.6,0.0,0.6,0.0
det,11.7486,1237.17,783.54,81.45,197.33,0.909,Body
det,11.7486,1270.6,783.98,20.84,30.0,0.597,Head
err,11.7796,1.06,0.47
dbg,11.7796,36.6,0.0,0.6,0.0
det,11.7796,1237.11,783.55,81.46,197.25,0.908,Body
det,11.7796,1270.66,783.98,20.8,29.98,0.6,Head
err,11.8037,1.06,0.48
dbg,11.8037,36.6,0.0,0.6,0.0
det,11.8037,1236.92,783.56,81.73,197.27,0.909,Body
det,11.8037,1270.65,783.98,20.82,30.0,0.6,Head
err,11.8294,1.06,0.49
dbg,11.8294,36.6,0.0,0.6,0.0
det,11.8294,1237.13,783.57,81.48,197.19,0.908,Body
det,11.8294,1270.65,783.99,20.82,30.0,0.603,Head
err,11.8638,1.07,0.52
dbg,11.8638,36.6,0.0,0.6,0.0
det,11.8638,1237.07,783.57,81.51,197.13,0.908,Body
det,11.8638,1270.66,784.02,20.82,30.01,0.603,Head
err,11.8962,1.08,0.47
dbg,11.8962,36.6,0.0,0.6,0.0
det,11.8962,1237.02,783.58,81.6,197.28,0.908,Body
det,11.8962,1270.69,784.02,20.78,29.92,0.601,Head
err,11.9313,1.06,0.49
dbg,11.9313,36.6,0.0,0.6,0.0
det,11.9313,1236.86,783.56,81.84,197.27,0.909,Body
det,11.9313,1270.64,783.98,20.84,30.01,0.601,Head
err,11.9651,1.06,0.51
dbg,11.9651,36.6,0.0,0.6,0.0
det,11.9651,1237.12,783.61,81.45,197.13,0.908,Body
det,11.9651,1270.68,784.02,20.76,29.97,0.602,Head
err,11.9996,1.07,0.53
dbg,11.9996,36.6,0.0,0.6,0.0
det,11.9996,1237.05,783.59,81.52,197.1,0.908,Body
det,11.9996,1270.66,784.03,20.81,30.01,0.603,Head
err,12.0335,1.07,0.49
dbg,12.0335,36.6,0.0,0.6,0.0
det,12.0335,1237.06,783.62,81.51,197.24,0.909,Body
det,12.0335,1270.72,784.04,20.71,29.9,0.6,Head
err,12.0659,1.05,0.5
dbg,12.0659,36.6,0.0,0.6,0.0
det,12.0659,1236.94,783.63,81.65,197.19,0.909,Body
det,12.0659,1270.7,784.02,20.7,29.96,0.597,Head
err,12.0963,1.05,0.51
dbg,12.0963,36.6,0.0,0.6,0.0
det,12.0963,1237.21,783.66,81.27,197.07,0.909,Body
det,12.0963,1270.74,784.05,20.64,29.93,0.598,Head
err,12.1301,1.07,0.53
dbg,12.1301,36.6,0.0,0.6,0.0
det,12.1301,1237.1,783.63,81.41,197.05,0.908,Body
det,12.1301,1270.7,784.05,20.73,29.97,0.601,Head
err,12.1624,1.07,0.48
dbg,12.1624,36.6,0.0,0.6,0.0
det,12.1624,1237.03,783.61,81.59,197.25,0.909,Body
det,12.1624,1270.7,784.04,20.75,29.9,0.6,Head
err,12.1972,1.05,0.49
dbg,12.1972,36.6,0.0,0.6,0.0
det,12.1972,1236.89,783.61,81.76,197.2,0.909,Body
det,12.1972,1270.68,784.01,20.75,29.96,0.598,Head
err,12.2316,1.06,0.5
dbg,12.2316,36.6,0.0,0.6,0.0
det,12.2316,1237.12,783.6,81.49,197.15,0.908,Body
det,12.2316,1270.66,784.01,20.79,29.98,0.602,Head
err,12.2632,5.29,1.2
dbg,12.2632,5.3,0.0,1.2,0.0
det,12.2632,1243.88,784.32,79.87,195.31,0.908,Body
det,12.2632,1275.56,785.51,19.46,28.54,0.733,Head
cmd,12.2632,7,2
err,12.297,19.79,2.0
dbg,12.297,19.8,0.0,2.0,0.0
det,12.297,1255.72,785.11,83.76,195.74,0.9,Body
det,12.297,1290.54,786.48,18.49,28.22,0.759,Head
err,12.3294,32.56,1.7
dbg,12.3294,32.6,0.0,1.7,0.0
det,12.3294,1268.89,785.68,81.27,194.03,0.921,Body
det,12.3294,1303.16,786.45,18.81,27.73,0.617,Head
err,12.3636,40.18,0.14
dbg,12.3636,40.2,0.0,0.1,0.0
det,12.3636,1278.29,783.71,78.39,197.25,0.915,Body
det,12.3636,1311.25,785.27,17.86,27.05,0.731,Head
err,12.3963,61.2,0.37
dbg,12.3963,61.2,0.0,0.4,0.0
det,12.3963,1298.55,784.8,78.91,196.4,0.921,Body
det,12.3963,1332.63,785.8,17.13,26.49,0.672,Head
err,12.4335,75.61,1.48
dbg,12.4335,75.6,0.0,1.5,0.0
det,12.4335,1311.81,785.6,81.01,196.6,0.905,Body
det,12.4335,1346.77,786.78,17.66,26.72,0.715,Head
err,12.4639,76.66,1.16
dbg,12.4639,76.7,0.0,1.2,0.0
det,12.4639,1313.53,785.6,80.4,196.92,0.907,Body
det,12.4639,1347.88,786.58,17.55,26.52,0.69,Head
err,12.4997,76.7,1.18
dbg,12.4997,76.7,0.0,1.2,0.0
det,12.4997,1313.68,785.62,80.27,196.85,0.907,Body
det,12.4997,1347.94,786.57,17.54,26.55,0.689,Head
err,12.5314,76.7,1.2
dbg,12.5314,76.7,0.0,1.2,0.0
det,12.5314,1313.65,785.63,80.17,196.82,0.908,Body
det,12.5314,1347.91,786.61,17.57,26.53,0.69,Head
err,12.5637,80.41,3.07
dbg,12.5637,80.4,0.0,3.1,0.0
det,12.5637,1318.26,786.85,78.53,195.03,0.91,Body
det,12.5637,1351.2,787.25,18.43,28.77,0.561,Head
err,12.5959,83.25,3.8
dbg,12.5959,83.2,0.0,3.8,0.0
det,12.5959,1322.81,787.57,76.52,192.82,0.907,Body
det,12.5959,1353.81,788.0,18.88,28.73,0.776,Head
err,12.6313,83.24,3.76
dbg,12.6313,83.2,0.0,3.8,0.0
det,12.6313,1322.84,787.56,76.32,192.81,0.907,Body
det,12.6313,1353.82,787.94,18.83,28.77,0.777,Head
err,12.6644,83.29,3.77
dbg,12.6644,83.3,0.0,3.8,0.0
det,12.6644,1322.85,787.54,76.46,192.9,0.907,Body
det,12.6644,1353.84,787.94,18.89,28.78,0.778,Head
err,12.6956,83.25,3.8
dbg,12.6956,83.3,0.0,3.8,0.0
det,12.6956,1322.79,787.56,76.56,192.84,0.907,Body
det,12.6956,1353.83,787.96,18.85,28.79,0.777,Head
err,12.7296,83.25,3.81
dbg,12.7296,83.2,0.0,3.8,0.0
det,12.7296,1322.81,787.59,76.59,192.83,0.907,Body
det,12.7296,1353.81,788.01,18.87,28.72,0.776,Head
err,12.7624,83.23,3.76
dbg,12.7624,83.2,0.0,3.8,0.0
det,12.7624,1322.81,787.56,76.42,192.83,0.907,Body
det,12.7624,1353.82,787.95,18.83,28.76,0.777,Head
err,12.7965,83.28,3.76
dbg,12.7965,83.3,0.0,3.8,0.0
det,12.7965,1322.85,787.54,76.55,192.89,0.907,Body
det,12.7965,1353.84,787.94,18.88,28.78,0.778,Head
cmd,12.7965,112,5
err,12.8301,83.26,3.8
dbg,12.8301,83.3,0.0,3.8,0.0
det,12.8301,1322.75,787.56,76.62,192.83,0.907,Body
det,12.8301,1353.83,787.96,18.86,28.79,0.777,Head
err,12.8638,83.24,3.8
dbg,12.8638,83.2,0.0,3.8,0.0
det,12.8638,1322.78,787.58,76.57,192.82,0.907,Body
det,12.8638,1353.8,788.0,18.88,28.73,0.776,Head
err,12.8958,-0.41,-0.45
dbg,12.8958,83.2,0.0,3.8,0.0
det,12.8958,1236.86,783.7,80.0,196.86,0.911,Body
det,12.8958,1269.47,783.98,20.25,28.31,0.563,Head
err,12.929,-0.4,-0.52
dbg,12.929,83.2,0.0,3.8,0.0
det,12.929,1236.8,783.58,80.42,197.06,0.911,Body
det,12.929,1269.37,783.9,20.44,28.32,0.569,Head
err,12.9636,-0.37,-0.53
dbg,12.9636,83.2,0.0,3.8,0.0
det,12.9636,1236.76,783.58,80.46,197.09,0.91,Body
det,12.9636,1269.35,783.88,20.56,28.34,0.57,Head
err,12.996,-0.39,-0.53
dbg,12.996,83.2,0.0,3.8,0.0
det,12.996,1236.67,783.61,80.49,196.99,0.911,Body
det,12.996,1269.38,783.89,20.46,28.33,0.57,Head
err,13.0313,-0.38,-0.49
dbg,13.0313,83.2,0.0,3.8,0.0
det,13.0313,1236.76,783.61,80.34,196.97,0.911,Body
det,13.0313,1269.37,783.91,20.51,28.36,0.57,Head
err,13.0643,-0.4,-0.51
dbg,13.0643,83.2,0.0,3.8,0.0
det,13.0643,1236.82,783.6,80.37,197.05,0.911,Body
det,13.0643,1269.38,783.91,20.44,28.32,0.569,Head
err,13.0968,-0.38,-0.52
dbg,13.0968,83.2,0.0,3.8,0.0
det,13.0968,1236.81,783.61,80.31,197.02,0.911,Body
det,13.0968,1269.38,783.9,20.49,28.33,0.569,Head
err,13.1313,-0.4,-0.51
dbg,13.1313,83.2,0.0,3.8,0.0
det,13.1313,1236.72,783.66,80.34,196.91,0.912,Body
det,13.1313,1269.42,783.92,20.37,28.31,0.568,Head
err,13.1625,-0.38,-0.48
dbg,13.1625,83.2,0.0,3.8,0.0
det,13.1625,1236.79,783.64,80.24,196.91,0.911,Body
det,13.1625,1269.39,783.93,20.46,28.35,0.569,Head
err,13.1955,-0.41,-0.5
dbg,13.1955,83.2,0.0,3.8,0.0
det,13.1955,1236.85,783.64,80.25,196.97,0.911,Body
det,13.1955,1269.4,783.93,20.37,28.3,0.567,Head
err,13.229,-0.39,-0.5
dbg,13.229,83.2,0.0,3.8,0.0
det,13.229,1236.84,783.65,80.2,196.96,0.911,Body
det,13.229,1269.41,783.93,20.41,28.31,0.567,Head
err,13.2623,-0.41,-0.5
dbg,13.2623,83.2,0.0,3.8,0.0
det,13.2623,1236.75,783.7,80.24,196.85,0.912,Body
det,13.2623,1269.45,783.94,20.29,28.29,0.566,Head
err,13.2964,-0.39,-0.47
dbg,13.2964,83.2,0.0,3.8,0.0
det,13.2964,1236.82,783.67,80.16,196.88,0.911,Body
det,13.2964,1269.41,783.94,20.39,28.33,0.568,Head
err,13.3297,-0.42,-0.5
dbg,13.3297,83.2,0.0,3.8,0.0
det,13.3297,1236.86,783.64,80.24,196.97,0.911,Body
det,13.3297,1269.42,783.94,20.33,28.3,0.567,Head
err,13.362,-0.39,-0.5
dbg,13.362,83.2,0.0,3.8,0.0
det,13.362,1236.87,783.66,80.15,196.95,0.911,Body
det,13.362,1269.43,783.93,20.36,28.3,0.566,Head
err,13.3966,-0.41,-0.51
dbg,13.3966,83.2,0.0,3.8,0.0
det,13.3966,1236.76,783.69,80.23,196.87,0.912,Body
det,13.3966,1269.45,783.94,20.29,28.28,0.566,Head
err,13.4304,-0.39,-0.47
dbg,13.4304,83.2,0.0,3.8,0.0
det,13.4304,1236.82,783.67,80.16,196.88,0.911,Body
det,13.4304,1269.41,783.95,20.39,28.33,0.567,Head
err,13.4651,-0.41,-0.5
dbg,13.4651,83.2,0.0,3.8,0.0
det,13.4651,1236.87,783.66,80.2,196.96,0.911,Body
det,13.4651,1269.42,783.94,20.33,28.29,0.566,Head
err,13.4954,-0.39,-0.5
dbg,13.4954,83.2,0.0,3.8,0.0
det,13.4954,1236.89,783.68,80.08,196.92,0.911,Body
det,13.4954,1269.43,783.94,20.35,28.29,0.565,Head
err,13.5302,-0.41,-0.5
dbg,13.5302,83.2,0.0,3.8,0.0
det,13.5302,1236.79,783.72,80.11,196.82,0.912,Body
det,13.5302,1269.46,783.95,20.26,28.27,0.565,Head
err,13.5632,-0.39,-0.47
dbg,13.5632,83.2,0.0,3.8,0.0
det,13.5632,1236.85,783.69,80.05,196.84,0.911,Body
det,13.5632,1269.43,783.96,20.37,28.32,0.567,Head
err,13.5964,-0.42,-0.5
dbg,13.5964,83.2,0.0,3.8,0.0
det,13.5964,1236.87,783.66,80.16,196.94,0.911,Body
det,13.5964,1269.42,783.95,20.33,28.28,0.566,Head
err,13.6314,-0.39,-0.5
dbg,13.6314,83.2,0.0,3.8,0.0
det,13.6314,1236.86,783.67,80.11,196.92,0.911,Body
det,13.6314,1269.43,783.94,20.36,28.29,0.566,Head
err,13.6646,-0.43,-0.52
dbg,13.6646,83.2,0.0,3.8,0.0
det,13.6646,1236.85,783.64,80.12,196.97,0.911,Body
det,13.6646,1269.42,783.91,20.31,28.3,0.568,Head
err,13.6989,-0.39,-0.47
dbg,13.6989,83.2,0.0,3.8,0.0
det,13.6989,1236.84,783.69,80.08,196.84,0.911,Body
det,13.6989,1269.42,783.96,20.37,28.32,0.567,Head
err,13.7306,-0.42,-0.48
dbg,13.7306,83.2,0.0,3.8,0.0
det,13.7306,1236.91,783.69,80.06,196.9,0.911,Body
det,13.7306,1269.45,783.96,20.24,28.27,0.565,Head
err,13.765,-0.4,-0.48
dbg,13.765,83.2,0.0,3.8,0.0
det,13.765,1236.9,783.71,80.0,196.87,0.911,Body
det,13.765,1269.47,783.96,20.27,28.28,0.564,Head
err,13.7985,-4.24,2.22
dbg,13.7985,-4.2,0.0,2.2,0.0
det,13.7985,1233.38,786.37,79.03,198.46,0.92,Body
det,13.7985,1266.66,787.06,18.2,27.57,0.712,Head
cmd,13.7985,-6,3
err,13.8299,-28.95,24.51
dbg,13.8299,-29.0,0.0,24.5,0.0
det,13.8299,1210.91,809.54,76.06,196.3,0.918,Body
det,13.8299,1242.62,809.7,16.86,26.93,0.746,Head
err,13.8629,-47.1,42.61
dbg,13.8629,-47.1,0.0,42.6,0.0
det,13.8629,1188.78,828.46,83.61,197.7,0.903,Body
det,13.8629,1223.44,827.62,18.91,27.26,0.663,Head
err,13.896,-55.5,49.78
dbg,13.896,-55.5,0.0,49.8,0.0
det,13.896,1181.37,833.63,80.13,200.38,0.908,Body
det,13.896,1215.04,834.75,18.92,27.33,0.737,Head
err,13.9296,-56.03,52.13
dbg,13.9296,-56.0,0.0,52.1,0.0
det,13.9296,1182.81,834.96,77.13,198.47,0.904,Body
det,13.9296,1214.59,836.4,18.76,28.6,0.748,Head
err,13.9647,-51.87,49.0
dbg,13.9647,-51.9,0.0,49.0,0.0
det,13.9647,1184.38,833.03,81.16,199.34,0.906,Body
det,13.9647,1219.38,834.18,17.51,26.94,0.705,Head
err,13.9996,-51.87,49.01
dbg,13.9996,-51.9,0.0,49.0,0.0
det,13.9996,1184.14,833.07,81.37,199.27,0.906,Body
det,13.9996,1219.37,834.22,17.53,26.89,0.705,Head
err,14.0332,-51.92,48.96
dbg,14.0332,-51.9,0.0,49.0,0.0
det,14.0332,1184.21,833.06,81.32,199.32,0.906,Body
det,14.0332,1219.36,834.2,17.43,26.83,0.705,Head
err,14.0649,-51.85,48.99
dbg,14.0649,-51.8,0.0,49.0,0.0
det,14.0649,1184.14,833.06,81.41,199.31,0.906,Body
det,14.0649,1219.41,834.21,17.49,26.88,0.704,Head
err,14.098,-51.87,49.0
dbg,14.098,-51.9,0.0,49.0,0.0
det,14.098,1184.38,833.03,81.15,199.35,0.906,Body
det,14.098,1219.38,834.18,17.5,26.94,0.705,Head
err,14.1323,-51.87,49.01
dbg,14.1323,-51.9,0.0,49.0,0.0
det,14.1323,1184.16,833.07,81.34,199.27,0.906,Body
det,14.1323,1219.37,834.22,17.52,26.88,0.705,Head
err,14.1636,-51.92,48.96
dbg,14.1636,-51.9,0.0,49.0,0.0
det,14.1636,1184.19,833.05,81.34,199.34,0.906,Body
det,14.1636,1219.36,834.2,17.44,26.84,0.705,Head
err,14.1985,-51.85,48.99
dbg,14.1985,-51.8,0.0,49.0,0.0
det,14.1985,1184.13,833.06,81.43,199.33,0.906,Body
det,14.1985,1219.4,834.2,17.5,26.88,0.703,Head
err,14.2319,-51.87,49.0
dbg,14.2319,-51.9,0.0,49.0,0.0
det,14.2319,1184.4,833.03,81.13,199.34,0.906,Body
det,14.2319,1219.38,834.18,17.5,26.94,0.705,Head
err,14.2667,-51.87,49.0
dbg,14.2667,-51.9,0.0,49.0,0.0
det,14.2667,1184.18,833.07,81.32,199.27,0.906,Body
det,14.2667,1219.37,834.22,17.52,26.88,0.705,Head
err,14.2993,-51.92,48.96
dbg,14.2993,-51.9,0.0,49.0,0.0
det,14.2993,1184.25,833.06,81.28,199.33,0.906,Body
det,14.2993,1219.37,834.2,17.42,26.82,0.705,Head
cmd,14.2993,-70,66
err,14.3322,-51.85,48.99
dbg,14.3322,-51.8,0.0,49.0,0.0
det,14.3322,1184.17,833.06,81.38,199.32,0.906,Body
det,14.3322,1219.41,834.21,17.49,26.87,0.703,Head
err,14.3636,-51.87,48.99
dbg,14.3636,-51.9,0.0,49.0,0.0
det,14.3636,1184.42,833.04,81.12,199.34,0.906,Body
det,14.3636,1219.39,834.19,17.49,26.93,0.705,Head
err,14.3971,-51.87,49.0
dbg,14.3971,-51.9,0.0,49.0,0.0
det,14.3971,1184.18,833.07,81.33,199.28,0.906,Body
det,14.3971,1219.37,834.22,17.53,26.87,0.704,Head
err,14.4311,1.08,0.5
dbg,14.4311,-51.9,0.0,49.0,0.0
det,14.4311,1237.13,783.66,81.35,197.19,0.909,Body
det,14.4311,1270.78,784.07,20.61,29.88,0.597,Head
err,14.4645,1.06,0.5
dbg,14.4645,-51.9,0.0,49.0,0.0
det,14.4645,1236.97,783.61,81.62,197.23,0.909,Body
det,14.4645,1270.7,784.01,20.72,29.97,0.597,Head
err,14.498,1.06,0.5
dbg,14.498,-51.9,0.0,49.0,0.0
det,14.498,1237.18,783.6,81.35,197.16,0.909,Body
det,14.498,1270.69,784.02,20.75,29.96,0.6,Head
err,14.5319,1.08,0.53
dbg,14.5319,-51.9,0.0,49.0,0.0
det,14.5319,1237.13,783.6,81.38,197.09,0.908,Body
det,14.5319,1270.69,784.03,20.77,29.99,0.602,Head
err,14.5627,1.08,0.47
dbg,14.5627,-51.9,0.0,49.0,0.0
det,14.5627,1236.99,783.57,81.68,197.31,0.908,Body
det,14.5627,1270.66,784.01,20.83,29.94,0.602,Head
err,14.5958,1.06,0.48
dbg,14.5958,-51.9,0.0,49.0,0.0
det,14.5958,1236.86,783.54,81.86,197.29,0.909,Body
det,14.5958,1270.62,783.97,20.87,30.01,0.601,Head
err,14.6291,1.06,0.5
dbg,14.6291,-51.9,0.0,49.0,0.0
det,14.6291,1237.11,783.58,81.49,197.16,0.908,Body
det,14.6291,1270.65,784.0,20.82,29.99,0.603,Head
err,14.6625,1.07,0.52
dbg,14.6625,-51.9,0.0,49.0,0.0
det,14.6625,1237.0,783.56,81.66,197.14,0.908,Body
det,14.6625,1270.63,784.01,20.9,30.03,0.606,Head
err,14.6977,1.07,0.48
dbg,14.6977,-51.9,0.0,49.0,0.0
det,14.6977,1236.98,783.6,81.68,197.26,0.908,Body
det,14.6977,1270.68,784.03,20.78,29.92,0.602,Head
err,14.7311,1.06,0.49
dbg,14.7311,-51.9,0.0,49.0,0.0
det,14.7311,1236.86,783.58,81.83,197.23,0.909,Body
det,14.7311,1270.65,783.99,20.82,29.99,0.6,Head
err,14.763,1.06,0.51
dbg,14.763,-51.9,0.0,49.0,0.0
det,14.763,1237.17,783.63,81.36,197.1,0.909,Body
det,14.763,1270.7,784.03,20.72,29.96,0.6,Head
err,14.796,1.07,0.54
dbg,14.796,-51.9,0.0,49.0,0.0
det,14.796,1237.12,783.64,81.38,197.03,0.908,Body
det,14.796,1270.72,784.06,20.71,29.96,0.601,Head
err,14.8294,1.07,0.49
dbg,14.8294,-51.9,0.0,49.0,0.0
det,14.8294,1237.05,783.64,81.52,197.21,0.909,Body
det,14.8294,1270.73,784.05,20.69,29.88,0.598,Head
err,14.8631,1.05,0.49
dbg,14.8631,-51.9,0.0,49.0,0.0
det,14.8631,1236.91,783.62,81.73,197.18,0.909,Body
det,14.8631,1270.68,784.02,20.74,29.96,0.597,Head
err,14.8962,1.06,0.5
dbg,14.8962,-51.9,0.0,49.0,0.0
det,14.8962,1237.15,783.64,81.41,197.08,0.909,Body
det,14.8962,1270.7,784.03,20.72,29.95,0.6,Head
err,14.93,1.07,0.53
dbg,14.93,-51.9,0.0,49.0,0.0
det,14.93,1237.06,783.63,81.52,197.04,0.908,Body
det,14.93,1270.69,784.05,20.76,29.97,0.602,Head
err,14.9634,1.07,0.48
dbg,14.9634,-51.9,0.0,49.0,0.0
det,14.9634,1236.97,783.58,81.73,197.28,0.908,Body
det,14.9634,1270.65,784.01,20.84,29.94,0.603,Head
err,14.9963,1.06,0.48
dbg,14.9963,-51.9,0.0,49.0,0.0
det,14.9963,1236.83,783.56,81.93,197.28,0.908,Body
det,14.9963,1270.62,783.98,20.88,30.01,0.601,Head
err,15.0312,1.06,0.5
dbg,15.0312,-51.9,0.0,49.0,0.0
det,15.0312,1237.11,783.6,81.52,197.14,0.908,Body
det,15.0312,1270.66,784.01,20.8,29.98,0.602,Head
err,15.0629,1.07,0.53
dbg,15.0629,-51.9,0.0,49.0,0.0
det,15.0629,1237.04,783.6,81.59,197.11,0.908,Body
det,15.0629,1270.66,784.03,20.82,30.0,0.604,Head
err,15.0964,1.07,0.49
dbg,15.0964,-51.9,0.0,49.0,0.0
det,15.0964,1237.02,783.6,81.64,197.28,0.909,Body
det,15.0964,1270.68,784.02,20.79,29.93,0.601,Head
err,15.1297,1.05,0.5
dbg,15.1297,-51.9,0.0,49.0,0.0
det,15.1297,1236.88,783.61,81.78,197.21,0.909,Body
det,15.1297,1270.68,784.01,20.74,29.97,0.598,Head
err,15.1644,-3.04,-0.61
dbg,15.1644,-3.0,0.0,-0.6,0.0
det,15.1644,1234.11,783.44,78.35,196.93,0.915,Body
det,15.1644,1267.77,784.35,18.37,27.35,0.686,Head
cmd,15.1644,-4,-1
err,15.1989,-26.01,-3.94
dbg,15.1989,-26.0,0.0,-3.9,0.0
det,15.1989,1211.56,779.43,79.5,196.4,0.914,Body
det,15.1989,1244.22,780.0,19.54,29.2,0.764,Head
err,15.2321,-52.12,-6.31
dbg,15.2321,-52.1,0.0,-6.3,0.0
det,15.2321,1185.28,778.29,79.25,194.44,0.905,Body
det,15.2321,1218.48,778.42,18.8,27.76,0.74,Head
err,15.2656,-64.73,-6.48
dbg,15.2656,-64.7,0.0,-6.5,0.0
det,15.2656,1174.92,777.7,79.02,197.11,0.908,Body
det,15.2656,1205.87,777.84,18.81,28.51,0.633,Head
err,15.3013,-67.48,-7.74
dbg,15.3013,-67.5,0.0,-7.7,0.0
det,15.3013,1168.37,777.05,79.5,197.72,0.915,Body
det,15.3013,1203.42,777.52,18.21,26.8,0.716,Head
err,15.3305,-71.4,-8.86
dbg,15.3305,-71.4,0.0,-8.9,0.0
det,15.3305,1166.36,774.12,78.51,199.51,0.912,Body
det,15.3305,1199.59,776.29,18.03,27.0,0.752,Head
err,15.3649,-80.61,-10.15
dbg,15.3649,-80.6,0.0,-10.1,0.0
det,15.3649,1158.73,772.63,78.35,197.75,0.891,Body
det,15.3649,1189.31,774.18,20.16,28.5,0.646,Head
err,15.3962,-80.58,-10.19
dbg,15.3962,-80.6,0.0,-10.2,0.0
det,15.3962,1158.63,772.58,78.51,197.79,0.891,Body
det,15.3962,1189.31,774.13,20.2,28.51,0.645,Head
err,15.4291,-80.6,-10.16
dbg,15.4291,-80.6,0.0,-10.2,0.0
det,15.4291,1158.71,772.58,78.37,197.73,0.891,Body
det,15.4291,1189.3,774.15,20.21,28.53,0.648,Head
err,15.4641,-80.59,-10.17
dbg,15.4641,-80.6,0.0,-10.2,0.0
det,15.4641,1158.71,772.56,78.5,197.89,0.891,Body
det,15.4641,1189.29,774.14,20.25,28.52,0.648,Head
err,15.4962,-80.61,-10.14
dbg,15.4962,-80.6,0.0,-10.1,0.0
det,15.4962,1158.7,772.61,78.43,197.82,0.891,Body
det,15.4962,1189.29,774.16,20.2,28.54,0.647,Head
err,15.5307,-80.58,-10.19
dbg,15.5307,-80.6,0.0,-10.2,0.0
det,15.5307,1158.63,772.58,78.53,197.82,0.891,Body
det,15.5307,1189.31,774.12,20.22,28.52,0.645,Head
err,15.5658,-80.59,-10.16
dbg,15.5658,-80.6,0.0,-10.2,0.0
det,15.5658,1158.68,772.55,78.43,197.79,0.891,Body
det,15.5658,1189.28,774.13,20.26,28.57,0.648,Head
err,15.5993,-80.58,-10.17
dbg,15.5993,-80.6,0.0,-10.2,0.0
det,15.5993,1158.67,772.52,78.59,197.96,0.891,Body
det,15.5993,1189.26,774.12,20.32,28.56,0.649,Head
err,15.6322,-80.6,-10.14
dbg,15.6322,-80.6,0.0,-10.1,0.0
det,15.6322,1158.68,772.6,78.49,197.84,0.891,Body
det,15.6322,1189.29,774.15,20.22,28.55,0.647,Head
err,15.6643,-80.58,-10.19
dbg,15.6643,-80.6,0.0,-10.2,0.0
det,15.6643,1158.62,772.57,78.54,197.83,0.891,Body
det,15.6643,1189.3,774.12,20.24,28.52,0.645,Head
err,15.699,-80.59,-10.16
dbg,15.699,-80.6,0.0,-10.2,0.0
det,15.699,1158.7,772.57,78.4,197.75,0.891,Body
det,15.699,1189.29,774.15,20.23,28.54,0.648,Head
cmd,15.699,-108,-14
err,15.7331,-80.58,-10.17
dbg,15.7331,-80.6,0.0,-10.2,0.0
det,15.7331,1158.67,772.54,78.58,197.93,0.891,Body
det,15.7331,1189.27,774.13,20.31,28.55,0.649,Head
err,15.7643,-80.6,-10.14
dbg,15.7643,-80.6,0.0,-10.1,0.0
det,15.7643,1158.68,772.6,78.48,197.81,0.891,Body
det,15.7643,1189.29,774.16,20.21,28.54,0.647,Head
err,15.7977,-80.58,-10.19
dbg,15.7977,-80.6,0.0,-10.2,0.0
det,15.7977,1158.63,772.58,78.54,197.79,0.891,Body
det,15.7977,1189.31,774.13,20.2,28.51,0.645,Head
err,15.8299,-80.6,-10.15
dbg,15.8299,-80.6,0.0,-10.2,0.0
det,15.8299,1158.71,772.57,78.39,197.72,0.891,Body
det,15.8299,1189.3,774.15,20.2,28.54,0.647,Head
err,15.8632,-80.59,-10.17
dbg,15.8632,-80.6,0.0,-10.2,0.0
det,15.8632,1158.7,772.56,78.54,197.87,0.891,Body
det,15.8632,1189.3,774.15,20.24,28.51,0.648,Head
err,15.897,1.07,0.49
dbg,15.897,-80.6,0.0,-10.2,0.0
det,15.897,1237.11,783.64,81.45,197.23,0.909,Body
det,15.897,1270.72,784.05,20.7,29.9,0.6,Head
err,15.9298,1.05,0.5
dbg,15.9298,-80.6,0.0,-10.2,0.0
det,15.9298,1236.95,783.62,81.65,197.21,0.909,Body
det,15.9298,1270.69,784.01,20.73,29.98,0.598,Head
err,15.9636,1.06,0.51
dbg,15.9636,-80.6,0.0,-10.2,0.0
det,15.9636,1237.16,783.61,81.43,197.17,0.909,Body
det,15.9636,1270.66,784.01,20.78,30.0,0.603,Head
err,15.9983,1.07,0.53
dbg,15.9983,-80.6,0.0,-10.2,0.0
det,15.9983,1237.09,783.6,81.5,197.11,0.908,Body
det,15.9983,1270.65,784.02,20.84,30.02,0.605,Head
err,16.0319,1.08,0.48
dbg,16.0319,-80.6,0.0,-10.2,0.0
det,16.0319,1237.03,783.58,81.66,197.33,0.908,Body
det,16.0319,1270.65,784.0,20.86,29.96,0.604,Head
err,16.0643,1.05,0.5
dbg,16.0643,-80.6,0.0,-10.2,0.0
det,16.0643,1236.92,783.59,81.76,197.26,0.909,Body
det,16.0643,1270.65,783.99,20.8,30.0,0.6,Head
err,16.098,1.06,0.5
dbg,16.098,-80.6,0.0,-10.2,0.0
det,16.098,1237.14,783.59,81.5,197.21,0.909,Body
det,16.098,1270.64,783.99,20.83,30.02,0.604,Head
err,16.1301,1.07,0.53
dbg,16.1301,-80.6,0.0,-10.2,0.0
det,16.1301,1237.09,783.59,81.52,197.14,0.908,Body
det,16.1301,1270.65,784.02,20.83,30.02,0.605,Head
err,16.1631,1.07,0.48
dbg,16.1631,-80.6,0.0,-10.2,0.0
det,16.1631,1237.06,783.6,81.58,197.31,0.909,Body
det,16.1631,1270.68,784.02,20.78,29.93,0.602,Head
err,16.1982,1.05,0.5
dbg,16.1982,-80.6,0.0,-10.2,0.0
det,16.1982,1236.94,783.61,81.72,197.24,0.909,Body
det,16.1982,1270.66,784.0,20.78,30.0,0.6,Head
err,16.2306,1.06,0.51
dbg,16.2306,-80.6,0.0,-10.2,0.0
det,16.2306,1237.19,783.62,81.37,197.16,0.909,Body
det,16.2306,1270.67,784.01,20.78,29.99,0.603,Head
err,16.2645,1.07,0.53
dbg,16.2645,-80.6,0.0,-10.2,0.0
det,16.2645,1237.13,783.62,81.39,197.09,0.908,Body
det,16.2645,1270.68,784.03,20.78,30.0,0.604,Head
err,16.2987,1.08,0.49
dbg,16.2987,-80.6,0.0,-10.2,0.0
det,16.2987,1237.09,783.61,81.49,197.27,0.909,Body
det,16.2987,1270.7,784.03,20.76,29.92,0.602,Head
err,16.3323,1.05,0.49
dbg,16.3323,-80.6,0.0,-10.2,0.0
det,16.3323,1236.95,783.6,81.67,197.23,0.909,Body
det,16.3323,1270.67,784.0,20.77,29.99,0.599,Head
err,16.3649,1.06,0.5
dbg,16.3649,-80.6,0.0,-10.2,0.0
det,16.3649,1237.17,783.6,81.4,197.17,0.908,Body
det,16.3649,1270.66,784.0,20.8,30.0,0.603,Head
err,16.3977,1.07,0.53
dbg,16.3977,-80.6,0.0,-10.2,0.0
det,16.3977,1237.11,783.6,81.45,197.11,0.908,Body
det,16.3977,1270.66,784.02,20.82,30.01,0.604,Head
err,16.4314,1.08,0.49
dbg,16.4314,-80.6,0.0,-10.2,0.0
det,16.4314,1237.09,783.63,81.47,197.25,0.909,Body
det,16.4314,1270.71,784.04,20.72,29.91,0.6,Head
err,16.4644,-2.61,-0.97
dbg,16.4644,-2.6,0.0,-1.0,0.0
det,16.4644,1234.47,783.51,79.98,195.74,0.916,Body
det,16.4644,1268.14,784.17,18.49,27.02,0.671,Head
cmd,16.4644,-4,-1
err,16.4991,-20.71,-9.7
dbg,16.4991,-20.7,0.0,-9.7,0.0
det,16.4991,1217.28,773.99,79.53,198.29,0.906,Body
det,16.4991,1249.4,775.34,19.79,27.19,0.738,Head
err,16.5311,-47.68,-18.06
dbg,16.5311,-47.7,0.0,-18.1,0.0
det,16.5311,1188.6,767.16,84.14,195.09,0.902,Body
det,16.5311,1222.57,766.65,19.49,27.79,0.574,Head
err,16.5659,-74.56,-27.99
dbg,16.5659,-74.6,0.0,-28.0,0.0
det,16.5659,1163.37,754.33,79.55,197.41,0.898,Body
det,16.5659,1196.33,755.9,18.23,29.29,0.78,Head
err,16.6008,-97.27,-29.64
dbg,16.6008,-97.3,0.0,-29.6,0.0
det,16.6008,1141.4,750.78,82.65,195.8,0.922,Body
det,16.6008,1175.19,751.32,18.59,28.04,0.548,Head
err,16.6365,-116.61,-40.66
dbg,16.6365,-116.6,0.0,-40.7,0.0
det,16.6365,1121.69,742.95,79.12,196.8,0.902,Body
det,16.6365,1153.66,743.88,19.46,28.11,0.732,Head
err,16.6674,-120.03,-41.3
dbg,16.6674,-120.0,0.0,-41.3,0.0
det,16.6674,1119.38,742.0,77.78,197.36,0.902,Body
det,16.6674,1150.41,743.27,19.11,28.06,0.753,Head
err,16.6999,-120.02,-41.29
dbg,16.6999,-120.0,0.0,-41.3,0.0
det,16.6999,1119.45,742.02,77.73,197.33,0.902,Body
det,16.6999,1150.43,743.29,19.12,28.04,0.753,Head
err,16.7302,-120.03,-41.3
dbg,16.7302,-120.0,0.0,-41.3,0.0
det,16.7302,1119.52,742.01,77.58,197.24,0.902,Body
det,16.7302,1150.43,743.28,19.1,28.03,0.753,Head
err,16.765,-120.0,-41.31
dbg,16.765,-120.0,0.0,-41.3,0.0
det,16.765,1119.49,742.01,77.6,197.26,0.902,Body
det,16.765,1150.43,743.27,19.15,28.03,0.753,Head
err,16.7988,-120.03,-41.31
dbg,16.7988,-120.0,0.0,-41.3,0.0
det,16.7988,1119.37,741.98,77.82,197.42,0.902,Body
det,16.7988,1150.39,743.26,19.15,28.05,0.753,Head
err,16.8305,-120.01,-41.28
dbg,16.8305,-120.0,0.0,-41.3,0.0
det,16.8305,1119.43,741.99,77.79,197.38,0.902,Body
det,16.8305,1150.4,743.28,19.17,28.07,0.753,Head
err,16.8652,-120.02,-41.3
dbg,16.8652,-120.0,0.0,-41.3,0.0
det,16.8652,1119.5,741.99,77.62,197.27,0.902,Body
det,16.8652,1150.41,743.27,19.13,28.06,0.753,Head
err,16.8971,-120.0,-41.31
dbg,16.8971,-120.0,0.0,-41.3,0.0
det,16.8971,1119.47,741.99,77.65,197.3,0.901,Body
det,16.8971,1150.41,743.26,19.2,28.06,0.753,Head
err,16.9318,-120.03,-41.3
dbg,16.9318,-120.0,0.0,-41.3,0.0
det,16.9318,1119.37,741.98,77.83,197.39,0.902,Body
det,16.9318,1150.4,743.26,19.14,28.08,0.753,Head
err,16.9665,-120.01,-41.29
dbg,16.9665,-120.0,0.0,-41.3,0.0
det,16.9665,1119.42,741.97,77.83,197.41,0.901,Body
det,16.9665,1150.39,743.27,19.2,28.09,0.752,Head
cmd,16.9665,-120,-41
err,17.0147,-120.02,-41.3
dbg,17.0147,-120.0,0.0,-41.3,0.0
det,17.0147,1119.5,741.98,77.65,197.3,0.901,Body
det,17.0147,1150.4,743.26,19.15,28.07,0.753,Head
err,17.0549,-30.71,-9.88
dbg,17.0549,-30.7,0.0,-9.9,0.0
det,17.0549,1209.9,773.08,77.27,197.52,0.92,Body
det,17.0549,1240.12,774.78,18.33,27.9,0.703,Head
err,17.086,-30.73,-9.89
dbg,17.086,-30.7,0.0,-9.9,0.0
det,17.086,1209.94,773.09,77.1,197.48,0.92,Body
det,17.086,1240.12,774.79,18.3,27.84,0.7,Head
err,17.1197,-30.72,-9.87
dbg,17.1197,-30.7,0.0,-9.9,0.0
det,17.1197,1209.88,773.13,77.23,197.47,0.92,Body
det,17.1197,1240.12,774.81,18.31,27.86,0.702,Head
err,17.1516,-30.73,-9.9
dbg,17.1516,-30.7,0.0,-9.9,0.0
det,17.1516,1210.02,773.13,76.98,197.35,0.921,Body
det,17.1516,1240.14,774.83,18.26,27.78,0.701,Head
err,17.1811,-30.71,-9.89
dbg,17.1811,-30.7,0.0,-9.9,0.0
det,17.1811,1209.98,773.11,77.14,197.44,0.92,Body
det,17.1811,1240.15,774.79,18.28,27.84,0.703,Head
err,17.2173,-30.73,-9.9
dbg,17.2173,-30.7,0.0,-9.9,0.0
det,17.2173,1209.96,773.1,77.04,197.44,0.92,Body
det,17.2173,1240.13,774.8,18.28,27.82,0.701,Head
err,17.248,-30.72,-9.87
dbg,17.248,-30.7,0.0,-9.9,0.0
det,17.248,1209.89,773.13,77.21,197.46,0.92,Body
det,17.248,1240.13,774.81,18.31,27.85,0.702,Head
err,17.2832,-30.73,-9.89
dbg,17.2832,-30.7,0.0,-9.9,0.0
det,17.2832,1209.99,773.12,77.03,197.38,0.921,Body
det,17.2832,1240.14,774.82,18.27,27.79,0.701,Head
err,17.315,-30.71,-9.89
dbg,17.315,-30.7,0.0,-9.9,0.0
det,17.315,1209.98,773.11,77.13,197.43,0.92,Body
det,17.315,1240.15,774.79,18.28,27.84,0.703,Head
err,17.3513,-30.73,-9.9
dbg,17.3513,-30.7,0.0,-9.9,0.0
det,17.3513,1210.01,773.12,76.94,197.4,0.92,Body
det,17.3513,1240.14,774.81,18.26,27.81,0.701,Head
err,17.3834,-30.72,-9.87
dbg,17.3834,-30.7,0.0,-9.9,0.0
det,17.3834,1209.91,773.13,77.17,197.45,0.92,Body
det,17.3834,1240.12,774.81,18.32,27.86,0.702,Head
err,17.416,-30.73,-9.9
dbg,17.416,-30.7,0.0,-9.9,0.0
det,17.416,1210.04,773.13,76.9,197.33,0.921,Body
det,17.416,1240.14,774.82,18.26,27.78,0.702,Head
err,17.4507,-30.71,-9.89
dbg,17.4507,-30.7,0.0,-9.9,0.0
det,17.4507,1210.02,773.12,77.02,197.39,0.92,Body
det,17.4507,1240.16,774.8,18.26,27.83,0.704,Head
err,17.484,-30.73,-9.9
dbg,17.484,-30.7,0.0,-9.9,0.0
det,17.484,1210.06,773.13,76.82,197.36,0.921,Body
det,17.484,1240.16,774.82,18.23,27.78,0.701,Head
cmd,17.484,-41,-13
err,17.5168,-30.72,-9.87
dbg,17.5168,-30.7,0.0,-9.9,0.0
det,17.5168,1209.96,773.15,77.04,197.41,0.921,Body
det,17.5168,1240.14,774.82,18.28,27.83,0.702,Head
err,17.5499,-30.73,-9.9
dbg,17.5499,-30.7,0.0,-9.9,0.0
det,17.5499,1210.07,773.14,76.86,197.33,0.921,Body
det,17.5499,1240.15,774.83,18.24,27.77,0.702,Head
err,17.5835,-30.71,-9.89
dbg,17.5835,-30.7,0.0,-9.9,0.0
det,17.5835,1210.0,773.11,77.08,197.44,0.92,Body
det,17.5835,1240.14,774.79,18.29,27.86,0.703,Head
err,17.6172,-30.73,-9.9
dbg,17.6172,-30.7,0.0,-9.9,0.0
det,17.6172,1210.0,773.11,76.95,197.44,0.92,Body
det,17.6172,1240.13,774.8,18.28,27.83,0.701,Head
err,17.6509,-2.14,2.95
dbg,17.6509,-2.1,0.0,3.0,0.0
det,17.6509,1235.85,783.15,84.01,198.0,0.916,Body
det,17.6509,1270.56,783.32,19.82,28.74,0.474,Head
err,17.6828,-2.17,2.96
dbg,17.6828,-2.2,0.0,3.0,0.0
det,17.6828,1235.83,783.17,84.01,197.91,0.915,Body
det,17.6828,1270.61,783.32,19.77,28.72,0.475,Head
err,17.7141,-2.18,2.93
dbg,17.7141,-2.2,0.0,2.9,0.0
det,17.7141,1235.73,783.12,84.19,198.08,0.916,Body
det,17.7141,1270.51,783.31,19.9,28.73,0.474,Head
err,17.7473,-2.13,2.95
dbg,17.7473,-2.1,0.0,3.0,0.0
det,17.7473,1235.86,783.16,84.02,197.92,0.916,Body
det,17.7473,1270.61,783.34,19.75,28.71,0.471,Head
err,17.7807,-2.14,2.95
dbg,17.7807,-2.1,0.0,3.0,0.0
det,17.7807,1235.79,783.15,84.16,198.05,0.916,Body
det,17.7807,1270.55,783.33,19.83,28.75,0.474,Head
err,17.8146,-2.15,2.96
dbg,17.8146,-2.1,0.0,3.0,0.0
det,17.8146,1235.83,783.16,84.03,197.93,0.916,Body
det,17.8146,1270.59,783.31,19.8,28.73,0.476,Head
err,17.848,-2.18,2.97
dbg,17.848,-2.2,0.0,3.0,0.0
det,17.848,1235.78,783.16,84.08,198.02,0.916,Body
det,17.848,1270.55,783.34,19.83,28.72,0.471,Head
err,17.8808,-2.13,2.97
dbg,17.8808,-2.1,0.0,3.0,0.0
det,17.8808,1235.89,783.18,83.96,197.91,0.916,Body
det,17.8808,1270.62,783.34,19.72,28.71,0.47,Head
err,17.9393,-2.16,2.95
dbg,17.9393,-2.2,0.0,3.0,0.0
det,17.9393,1235.77,783.15,84.14,198.05,0.916,Body
det,17.9393,1270.59,783.33,19.77,28.69,0.474,Head
err,17.9725,-2.14,2.96
dbg,17.9725,-2.1,0.0,3.0,0.0
det,17.9725,1235.92,783.17,83.89,197.93,0.916,Body
det,17.9725,1270.62,783.34,19.76,28.75,0.48,Head
err,18.0049,-2.15,2.97
dbg,18.0049,-2.2,0.0,3.0,0.0
det,18.0049,1235.9,783.17,83.9,197.95,0.916,Body
det,18.0049,1270.61,783.33,19.72,28.79,0.469,Head
cmd,18.0049,-3,4
err,18.0352,-2.17,2.96
dbg,18.0352,-2.2,0.0,3.0,0.0
det,18.0352,1235.81,783.15,84.06,198.05,0.917,Body
det,18.0352,1270.61,783.33,19.74,28.69,0.472,Head
err,18.0674,-2.2,2.96
dbg,18.0674,-2.2,0.0,3.0,0.0
det,18.0674,1235.76,783.16,84.1,197.96,0.916,Body
det,18.0674,1270.61,783.33,19.78,28.72,0.477,Head
err,18.1047,1.76,-2.41
dbg,18.1047,1.8,0.0,-2.4,0.0
det,18.1047,1240.82,781.53,80.87,196.25,0.916,Body
det,18.1047,1271.86,782.27,19.79,27.86,0.619,Head
err,18.1373,1.81,-2.37
dbg,18.1373,1.8,0.0,-2.4,0.0
det,18.1373,1240.68,781.51,80.99,196.33,0.916,Body
det,18.1373,1271.88,782.26,19.86,27.94,0.623,Head
err,18.1725,1.81,-2.42
dbg,18.1725,1.8,0.0,-2.4,0.0
det,18.1725,1240.56,781.47,81.14,196.38,0.916,Body
det,18.1725,1271.91,782.22,19.8,27.94,0.626,Head
err,18.2023,1.78,-2.41
dbg,18.2023,1.8,0.0,-2.4,0.0
det,18.2023,1240.5,781.49,81.18,196.35,0.916,Body
det,18.2023,1271.85,782.22,19.87,27.93,0.623,Head
err,18.2335,1.76,-2.41
dbg,18.2335,1.8,0.0,-2.4,0.0
det,18.2335,1240.79,781.52,80.91,196.26,0.916,Body
det,18.2335,1271.85,782.26,19.81,27.87,0.62,Head
err,18.267,1.8,-2.38
dbg,18.267,1.8,0.0,-2.4,0.0
det,18.267,1240.64,781.48,81.07,196.36,0.916,Body
det,18.267,1271.85,782.25,19.9,27.95,0.624,Head
err,18.3004,1.81,-2.42
dbg,18.3004,1.8,0.0,-2.4,0.0
det,18.3004,1240.52,781.44,81.23,196.42,0.916,Body
det,18.3004,1271.88,782.2,19.86,27.96,0.627,Head
err,18.3336,1.78,-2.43
dbg,18.3336,1.8,0.0,-2.4,0.0
det,18.3336,1240.41,781.42,81.36,196.44,0.915,Body
det,18.3336,1271.79,782.19,19.98,27.97,0.626,Head
err,18.3665,1.75,-2.42
dbg,18.3665,1.8,0.0,-2.4,0.0
det,18.3665,1240.73,781.48,81.05,196.31,0.915,Body
det,18.3665,1271.81,782.24,19.89,27.89,0.621,Head
err,18.4007,1.8,-2.39
dbg,18.4007,1.8,0.0,-2.4,0.0
det,18.4007,1240.62,781.47,81.12,196.37,0.915,Body
det,18.4007,1271.83,782.24,19.93,27.95,0.625,Head
err,18.4331,1.81,-2.43
dbg,18.4331,1.8,0.0,-2.4,0.0
det,18.4331,1240.54,781.46,81.19,196.41,0.916,Body
det,18.4331,1271.89,782.21,19.84,27.94,0.627,Head
err,18.4683,11.41,-2.06
dbg,18.4683,11.4,0.0,-2.1,0.0
det,18.4683,1248.93,781.65,79.53,195.93,0.901,Body
det,18.4683,1281.14,782.75,20.55,27.63,0.721,Head
err,18.5004,41.55,5.67
dbg,18.5004,41.5,0.0,5.7,0.0
det,18.5004,1281.56,789.15,76.02,199.06,0.911,Body
det,18.5004,1311.96,791.32,19.17,26.08,0.763,Head
err,18.5335,65.4,16.51
dbg,18.5335,65.4,0.0,16.5,0.0
det,18.5335,1303.52,800.96,79.49,196.65,0.918,Body
det,18.5335,1336.61,801.91,17.57,26.55,0.634,Head
cmd,18.5335,88,22
err,18.5669,77.46,34.44
dbg,18.5669,77.5,0.0,34.4,0.0
det,18.5669,1317.83,814.95,79.25,194.89,0.907,Body
det,18.5669,1350.45,815.75,18.38,28.12,0.504,Head
err,18.6008,87.81,39.27
dbg,18.6008,87.8,0.0,39.3,0.0
det,18.6008,1325.52,824.01,79.37,197.58,0.911,Body
det,18.6008,1359.14,824.91,17.33,26.11,0.784,Head
err,18.6337,91.85,48.04
dbg,18.6337,91.8,0.0,48.0,0.0
det,18.6337,1329.82,832.54,79.71,198.72,0.92,Body
det,18.6337,1363.49,833.66,16.71,26.16,0.719,Head
err,18.6668,26.84,33.31
dbg,18.6668,26.8,0.0,33.3,0.0
det,18.6668,1264.21,817.38,79.85,198.4,0.925,Body
det,18.6668,1297.86,818.25,17.95,27.39,0.707,Head
err,18.7012,26.57,33.95
dbg,18.7012,26.6,0.0,33.9,0.0
det,18.7012,1263.69,818.47,80.15,199.6,0.924,Body
det,18.7012,1297.86,819.5,17.43,26.28,0.713,Head
err,18.7347,28.03,37.44
dbg,18.7347,28.0,0.0,37.4,0.0
det,18.7347,1265.59,821.63,78.2,198.0,0.919,Body
det,18.7347,1298.86,823.17,18.34,25.95,0.742,Head
err,18.7712,29.37,38.46
dbg,18.7712,29.4,0.0,38.5,0.0
det,18.7712,1267.87,822.45,78.58,198.61,0.921,Body
det,18.7712,1300.03,823.75,18.67,26.74,0.706,Head
err,18.8031,29.24,39.02
dbg,18.8031,29.2,0.0,39.0,0.0
det,18.8031,1267.6,824.24,77.94,196.16,0.921,Body
det,18.8031,1300.25,825.05,17.98,25.4,0.698,Head
err,18.8366,29.21,39.07
dbg,18.8366,29.2,0.0,39.1,0.0
det,18.8366,1267.59,824.28,78.0,196.11,0.922,Body
det,18.8366,1300.24,825.09,17.95,25.42,0.698,Head
err,18.8718,29.25,39.01
dbg,18.8718,29.2,0.0,39.0,0.0
det,18.8718,1267.65,824.19,77.95,196.18,0.921,Body
det,18.8718,1300.27,825.03,17.95,25.41,0.697,Head
err,18.9013,29.23,39.04
dbg,18.9013,29.2,0.0,39.0,0.0
det,18.9013,1267.63,824.22,77.93,196.16,0.921,Body
det,18.9013,1300.26,825.05,17.95,25.44,0.697,Head
err,18.9359,29.24,39.02
dbg,18.9359,29.2,0.0,39.0,0.0
det,18.9359,1267.61,824.25,77.92,196.15,0.921,Body
det,18.9359,1300.25,825.06,17.98,25.39,0.698,Head
err,18.9682,29.21,39.07
dbg,18.9682,29.2,0.0,39.1,0.0
det,18.9682,1267.58,824.28,78.01,196.12,0.922,Body
det,18.9682,1300.24,825.09,17.95,25.43,0.698,Head
err,19.0004,29.25,39.01
dbg,19.0004,29.2,0.0,39.0,0.0
det,19.0004,1267.64,824.2,77.96,196.18,0.921,Body
det,19.0004,1300.28,825.04,17.94,25.4,0.697,Head
err,19.0363,29.23,39.04
dbg,19.0363,29.2,0.0,39.0,0.0
det,19.0363,1267.62,824.23,77.93,196.14,0.921,Body
det,19.0363,1300.27,825.06,17.93,25.43,0.697,Head
cmd,19.0363,39,52
err,19.0685,29.24,39.02
dbg,19.0685,29.2,0.0,39.0,0.0
det,19.0685,1267.6,824.24,77.93,196.16,0.921,Body
det,19.0685,1300.25,825.06,17.97,25.38,0.698,Head
err,19.1013,29.21,39.07
dbg,19.1013,29.2,0.0,39.1,0.0
det,19.1013,1267.57,824.28,78.0,196.11,0.921,Body
det,19.1013,1300.24,825.09,17.94,25.41,0.697,Head
err,19.1336,0.95,1.52
dbg,19.1336,29.2,0.0,39.1,0.0
det,19.1336,1236.59,785.19,81.75,195.47,0.916,Body
det,19.1336,1271.25,785.24,19.39,29.6,0.579,Head
err,19.1673,0.96,1.54
dbg,19.1673,29.2,0.0,39.1,0.0
det,19.1673,1236.77,785.25,81.5,195.29,0.915,Body
det,19.1673,1271.28,785.3,19.35,29.54,0.578,Head
err,19.2012,0.95,1.61
dbg,19.2012,29.2,0.0,39.1,0.0
det,19.2012,1236.68,785.26,81.51,195.39,0.915,Body
det,19.2012,1271.29,785.3,19.32,29.65,0.58,Head
err,19.2352,0.92,1.56
dbg,19.2352,29.2,0.0,39.1,0.0
det,19.2352,1236.68,785.23,81.51,195.36,0.916,Body
det,19.2352,1271.29,785.28,19.25,29.61,0.568,Head
err,19.2681,0.95,1.54
dbg,19.2681,29.2,0.0,39.1,0.0
det,19.2681,1236.67,785.24,81.51,195.39,0.916,Body
det,19.2681,1271.33,785.28,19.25,29.56,0.574,Head
err,19.3008,0.96,1.55
dbg,19.3008,29.2,0.0,39.1,0.0
det,19.3008,1236.8,785.27,81.4,195.27,0.915,Body
det,19.3008,1271.31,785.31,19.28,29.52,0.575,Head
err,19.3335,0.95,1.62
dbg,19.3335,29.2,0.0,39.1,0.0
det,19.3335,1236.7,785.29,81.42,195.35,0.916,Body
det,19.3335,1271.34,785.33,19.22,29.62,0.577,Head
err,19.3676,0.92,1.57
dbg,19.3676,29.2,0.0,39.1,0.0
det,19.3676,1236.7,785.25,81.45,195.32,0.916,Body
det,19.3676,1271.32,785.29,19.2,29.59,0.566,Head
err,19.4002,0.96,1.54
dbg,19.4002,29.2,0.0,39.1,0.0
det,19.4002,1236.7,785.25,81.45,195.36,0.916,Body
det,19.4002,1271.35,785.29,19.21,29.54,0.572,Head
err,19.4339,0.96,1.55
dbg,19.4339,29.2,0.0,39.1,0.0
det,19.4339,1236.83,785.28,81.33,195.22,0.916,Body
det,19.4339,1271.34,785.33,19.23,29.5,0.574,Head
err,19.4686,0.95,1.62
dbg,19.4686,29.2,0.0,39.1,0.0
det,19.4686,1236.71,785.31,81.4,195.31,0.916,Body
det,19.4686,1271.35,785.34,19.2,29.61,0.576,Head
err,19.5055,0.92,1.57
dbg,19.5055,29.2,0.0,39.1,0.0
det,19.5055,1236.7,785.26,81.43,195.31,0.916,Body
det,19.5055,1271.33,785.3,19.18,29.59,0.565,Head
err,19.5372,0.96,1.55
dbg,19.5372,29.2,0.0,39.1,0.0
det,19.5372,1236.72,785.28,81.39,195.31,0.916,Body
det,19.5372,1271.38,785.31,19.16,29.53,0.571,Head
err,19.5729,0.96,1.56
dbg,19.5729,29.2,0.0,39.1,0.0
det,19.5729,1236.84,785.29,81.32,195.22,0.916,Body
det,19.5729,1271.35,785.33,19.22,29.5,0.573,Head
err,19.6051,0.95,1.62
dbg,19.6051,29.2,0.0,39.1,0.0
det,19.6051,1236.69,785.29,81.47,195.33,0.916,Body
det,19.6051,1271.33,785.33,19.23,29.62,0.577,Head
err,19.6354,0.92,1.57
dbg,19.6354,29.2,0.0,39.1,0.0
det,19.6354,1236.7,785.25,81.46,195.33,0.916,Body
det,19.6354,1271.33,785.29,19.19,29.59,0.565,Head
err,19.6677,0.95,1.54
dbg,19.6677,29.2,0.0,39.1,0.0
det,19.6677,1236.67,785.25,81.52,195.38,0.916,Body
det,19.6677,1271.34,785.28,19.24,29.56,0.573,Head
err,19.7006,3.96,5.09
dbg,19.7006,4.0,0.0,5.1,0.0
det,19.7006,1241.63,787.0,78.39,196.32,0.919,Body
det,19.7006,1274.59,789.15,18.74,28.98,0.773,Head
cmd,19.7006,5,7
err,19.7351,29.94,21.83
dbg,19.7351,29.9,0.0,21.8,0.0
det,19.7351,1267.0,805.15,78.26,196.57,0.928,Body
det,19.7351,1300.69,806.58,18.51,27.73,0.705,Head
err,19.7676,49.5,32.14
dbg,19.7676,49.5,0.0,32.1,0.0
det,19.7676,1287.86,815.32,81.02,196.37,0.916,Body
det,19.7676,1320.61,816.6,17.77,28.26,0.647,Head
err,19.8015,51.72,38.28
dbg,19.8015,51.7,0.0,38.3,0.0
det,19.8015,1291.36,821.88,80.22,197.97,0.903,Body
det,19.8015,1322.48,823.17,18.47,27.48,0.774,Head
err,19.8354,54.35,53.32
dbg,19.8354,54.3,0.0,53.3,0.0
det,19.8354,1293.9,835.17,77.21,199.42,0.906,Body
det,19.8354,1325.43,838.0,17.83,27.86,0.771,Head
err,19.8676,54.83,62.35
dbg,19.8676,54.8,0.0,62.4,0.0
det,19.8676,1292.31,845.99,79.88,196.96,0.907,Body
det,19.8676,1325.84,847.16,17.97,27.62,0.772,Head
err,19.9001,57.9,69.82
dbg,19.9001,57.9,0.0,69.8,0.0
det,19.9001,1293.74,854.18,83.31,200.22,0.915,Body
det,19.9001,1328.62,855.48,18.57,26.07,0.775,Head
err,19.9381,59.82,78.3
dbg,19.9381,59.8,0.0,78.3,0.0
det,19.9381,1297.55,863.39,78.98,196.86,0.92,Body
det,19.9381,1331.25,863.84,17.14,26.31,0.744,Head
err,19.9683,63.13,85.82
dbg,19.9683,63.1,0.0,85.8,0.0
det,19.9683,1303.03,868.79,79.36,200.68,0.922,Body
det,19.9683,1333.7,870.1,18.85,28.58,0.643,Head
err,20.0028,63.93,89.94
dbg,20.0028,63.9,0.0,89.9,0.0
det,20.0028,1303.94,869.8,79.96,201.37,0.919,Body
det,20.0028,1334.65,870.79,17.47,27.38,0.522,Head
err,20.0346,63.97,89.94
dbg,20.0346,64.0,0.0,89.9,0.0
det,20.0346,1304.07,869.81,79.8,201.25,0.919,Body
det,20.0346,1334.66,870.81,17.46,27.33,0.522,Head
err,20.068,64.0,89.96
dbg,20.068,64.0,0.0,90.0,0.0
det,20.068,1304.03,869.84,79.92,201.27,0.919,Body
det,20.068,1334.66,870.82,17.46,27.33,0.519,Head
err,20.1024,63.95,89.97
dbg,20.1024,63.9,0.0,90.0,0.0
det,20.1024,1303.92,869.83,80.05,201.45,0.919,Body
det,20.1024,1334.64,870.82,17.45,27.3,0.525,Head
err,20.1345,63.97,89.94
dbg,20.1345,64.0,0.0,89.9,0.0
det,20.1345,1303.93,869.8,80.08,201.4,0.919,Body
det,20.1345,1334.64,870.79,17.48,27.39,0.523,Head
err,20.1676,63.99,89.95
dbg,20.1676,64.0,0.0,89.9,0.0
det,20.1676,1304.08,869.82,79.83,201.27,0.919,Body
det,20.1676,1334.65,870.81,17.47,27.33,0.522,Head
err,20.2014,64.0,89.95
dbg,20.2014,64.0,0.0,90.0,0.0
det,20.2014,1304.04,869.82,79.92,201.31,0.919,Body
det,20.2014,1334.66,870.82,17.46,27.33,0.521,Head
cmd,20.2014,74,103
err,20.2348,63.94,89.96
dbg,20.2348,63.9,0.0,90.0,0.0
det,20.2348,1303.93,869.82,80.02,201.4,0.919,Body
det,20.2348,1334.64,870.82,17.45,27.3,0.526,Head
err,20.2708,63.98,89.94
dbg,20.2708,64.0,0.0,89.9,0.0
det,20.2708,1303.95,869.8,80.06,201.43,0.919,Body
det,20.2708,1334.64,870.79,17.47,27.38,0.523,Head
err,20.306,64.0,89.94
dbg,20.306,64.0,0.0,89.9,0.0
det,20.306,1304.08,869.81,79.83,201.3,0.919,Body
det,20.306,1334.65,870.81,17.46,27.34,0.524,Head
err,20.3379,64.02,89.96
dbg,20.3379,64.0,0.0,90.0,0.0
det,20.3379,1304.03,869.82,79.98,201.38,0.919,Body
det,20.3379,1334.66,870.82,17.46,27.34,0.521,Head
err,20.3714,63.96,89.96
dbg,20.3714,64.0,0.0,90.0,0.0
det,20.3714,1303.93,869.81,80.07,201.5,0.919,Body
det,20.3714,1334.64,870.82,17.45,27.31,0.526,Head
err,20.4014,7.72,6.66
dbg,20.4014,7.7,0.0,6.7,0.0
det,20.4014,1245.81,790.11,79.35,199.21,0.909,Body
det,20.4014,1277.87,791.68,19.69,27.23,0.765,Head
err,20.438,7.7,6.69
dbg,20.438,7.7,0.0,6.7,0.0
det,20.438,1245.81,790.11,79.4,199.26,0.909,Body
det,20.438,1277.86,791.69,19.68,27.27,0.765,Head
err,20.4704,7.68,6.67
dbg,20.4704,7.7,0.0,6.7,0.0
det,20.4704,1245.71,790.01,79.63,199.4,0.909,Body
det,20.4704,1277.77,791.63,19.83,27.35,0.766,Head
err,20.5078,7.68,6.68
dbg,20.5078,7.7,0.0,6.7,0.0
det,20.5078,1245.69,790.09,79.52,199.28,0.909,Body
det,20.5078,1277.78,791.66,19.8,27.31,0.765,Head
err,20.5382,7.71,6.64
dbg,20.5382,7.7,0.0,6.6,0.0
det,20.5382,1245.71,790.05,79.58,199.3,0.909,Body
det,20.5382,1277.78,791.64,19.85,27.28,0.765,Head
err,20.5704,7.7,6.69
dbg,20.5704,7.7,0.0,6.7,0.0
det,20.5704,1245.76,790.08,79.52,199.32,0.909,Body
det,20.5704,1277.81,791.67,19.79,27.31,0.765,Head
err,20.6024,7.68,6.68
dbg,20.6024,7.7,0.0,6.7,0.0
det,20.6024,1245.74,790.04,79.54,199.35,0.909,Body
det,20.6024,1277.82,791.65,19.73,27.31,0.766,Head
err,20.6382,7.69,6.69
dbg,20.6382,7.7,0.0,6.7,0.0
det,20.6382,1245.71,790.1,79.47,199.26,0.909,Body
det,20.6382,1277.81,791.67,19.75,27.3,0.765,Head
err,20.6893,7.71,6.65
dbg,20.6893,7.7,0.0,6.7,0.0
det,20.6893,1245.76,790.08,79.46,199.26,0.909,Body
det,20.6893,1277.84,791.66,19.75,27.25,0.765,Head
err,20.7329,7.71,6.71
dbg,20.7329,7.7,0.0,6.7,0.0
det,20.7329,1245.71,790.1,79.52,199.26,0.91,Body
det,20.7329,1277.83,791.68,19.75,27.33,0.765,Head
cmd,20.7329,10,9
err,20.7724,7.69,6.69
dbg,20.7724,7.7,0.0,6.7,0.0
det,20.7724,1245.72,790.1,79.45,199.27,0.91,Body
det,20.7724,1277.81,791.67,19.74,27.31,0.765,Head
err,20.8065,7.71,6.65
dbg,20.8065,7.7,0.0,6.7,0.0
det,20.8065,1245.75,790.08,79.48,199.26,0.909,Body
det,20.8065,1277.83,791.66,19.77,27.26,0.765,Head
err,20.8409,7.7,6.69
dbg,20.8409,7.7,0.0,6.7,0.0
det,20.8409,1245.79,790.09,79.45,199.3,0.909,Body
det,20.8409,1277.83,791.68,19.74,27.3,0.765,Head
err,20.8725,7.69,6.68
dbg,20.8725,7.7,0.0,6.7,0.0
det,20.8725,1245.77,790.05,79.48,199.34,0.909,Body
det,20.8725,1277.84,791.66,19.7,27.31,0.766,Head
err,20.9085,1.82,1.85
dbg,20.9085,1.8,0.0,1.8,0.0
det,20.9085,1237.25,785.2,83.15,196.04,0.92,Body
det,20.9085,1272.18,785.42,19.28,29.87,0.685,Head
err,20.9403,1.78,1.89
dbg,20.9403,1.8,0.0,1.9,0.0
det,20.9403,1237.18,785.17,83.27,196.09,0.92,Body
det,20.9403,1272.1,785.35,19.35,30.07,0.684,Head
err,20.9722,1.79,1.83
dbg,20.9722,1.8,0.0,1.8,0.0
det,20.9722,1237.09,785.14,83.45,196.16,0.92,Body
det,20.9722,1272.07,785.34,19.44,29.99,0.685,Head
err,21.006,1.82,1.8
dbg,21.006,1.8,0.0,1.8,0.0
det,21.006,1237.09,785.14,83.42,196.11,0.92,Body
det,21.006,1272.14,785.33,19.37,29.95,0.686,Head
err,21.0415,1.82,1.84
dbg,21.0415,1.8,0.0,1.8,0.0
det,21.0415,1237.18,785.16,83.34,196.08,0.92,Body
det,21.0415,1272.09,785.38,19.46,29.93,0.688,Head
err,21.0758,1.78,1.88
dbg,21.0758,1.8,0.0,1.9,0.0
det,21.0758,1237.14,785.13,83.38,196.16,0.92,Body
det,21.0758,1272.03,785.31,19.49,30.12,0.686,Head
err,21.1091,1.79,1.83
dbg,21.1091,1.8,0.0,1.8,0.0
det,21.1091,1237.06,785.12,83.54,196.19,0.92,Body
det,21.1091,1272.03,785.32,19.52,30.01,0.686,Head
err,21.141,1.82,1.8
dbg,21.141,1.8,0.0,1.8,0.0
det,21.141,1237.09,785.13,83.43,196.12,0.92,Body
det,21.141,1272.12,785.33,19.41,29.95,0.687,Head
err,21.1747,1.82,1.83
dbg,21.1747,1.8,0.0,1.8,0.0
det,21.1747,1237.19,785.14,83.34,196.12,0.92,Body
det,21.1747,1272.07,785.37,19.49,29.94,0.688,Head
err,21.2066,1.78,1.88
dbg,21.2066,1.8,0.0,1.9,0.0
det,21.2066,1237.17,785.15,83.29,196.13,0.92,Body
det,21.2066,1272.07,785.34,19.41,30.08,0.685,Head
err,21.2361,1.79,1.83
dbg,21.2361,1.8,0.0,1.8,0.0
det,21.2361,1237.08,785.12,83.49,196.2,0.92,Body
det,21.2361,1272.04,785.32,19.52,30.01,0.686,Head
cmd,21.2361,2,2
err,21.2691,1.82,1.8
dbg,21.2691,1.8,0.0,1.8,0.0
det,21.2691,1237.09,785.13,83.42,196.12,0.92,Body
det,21.2691,1272.12,785.33,19.41,29.95,0.687,Head
err,21.3036,1.82,1.84
dbg,21.3036,1.8,0.0,1.8,0.0
det,21.3036,1237.24,785.17,83.21,196.05,0.92,Body
det,21.3036,1272.12,785.39,19.41,29.91,0.687,Head
err,21.3376,1.78,1.89
dbg,21.3376,1.8,0.0,1.9,0.0
det,21.3376,1237.24,785.19,83.14,196.04,0.92,Body
det,21.3376,1272.13,785.36,19.31,30.04,0.684,Head
err,21.3704,1.8,1.84
dbg,21.3704,1.8,0.0,1.8,0.0
det,21.3704,1237.14,785.16,83.35,196.11,0.92,Body
det,21.3704,1272.09,785.36,19.4,29.96,0.684,Head
err,21.4045,1.83,1.81
dbg,21.4045,1.8,0.0,1.8,0.0
det,21.4045,1237.15,785.17,83.29,196.03,0.92,Body
det,21.4045,1272.17,785.35,19.33,29.91,0.686,Head
err,21.4374,-0.39,-0.48
dbg,21.4374,1.8,0.0,1.8,0.0
det,21.4374,1236.8,783.66,80.21,196.87,0.911,Body
det,21.4374,1269.4,783.94,20.43,28.33,0.568,Head
err,21.4691,-0.41,-0.51
dbg,21.4691,1.8,0.0,1.8,0.0
det,21.4691,1236.83,783.65,80.28,196.95,0.911,Body
det,21.4691,1269.41,783.94,20.35,28.28,0.567,Head
err,21.5022,-0.38,-0.51
dbg,21.5022,1.8,0.0,1.8,0.0
det,21.5022,1236.84,783.65,80.23,196.96,0.911,Body
det,21.5022,1269.41,783.93,20.42,28.3,0.567,Head
err,21.5366,6.42,2.06
dbg,21.5366,6.4,0.0,2.1,0.0
det,21.5366,1246.24,785.13,78.32,194.84,0.911,Body
det,21.5366,1276.37,786.42,20.09,28.44,0.736,Head
err,21.5698,36.19,6.0
dbg,21.5698,36.2,0.0,6.0,0.0
det,21.5698,1273.72,788.06,78.71,196.36,0.922,Body
det,21.5698,1307.22,790.87,17.94,27.5,0.779,Head
err,21.6042,79.09,-2.36
dbg,21.6042,79.1,0.0,-2.4,0.0
det,21.6042,1316.7,781.94,81.74,195.8,0.905,Body
det,21.6042,1349.7,782.4,18.76,27.71,0.58,Head
err,21.6356,123.86,-14.57
dbg,21.6356,123.9,0.0,-14.6,0.0
det,21.6356,1361.73,769.1,77.71,198.03,0.912,Body
det,21.6356,1394.79,769.82,18.15,28.38,0.73,Head
err,21.6703,155.37,-11.65
dbg,21.6703,155.4,0.0,-11.6,0.0
det,21.6703,1392.83,766.62,85.08,217.38,0.904,Body
det,21.6703,1429.76,767.01,18.81,26.71,0.646,Head
err,23.2704,158.01,-7.17
dbg,23.2704,158.0,0.0,-7.2,0.0
det,23.2704,1396.07,771.15,83.88,216.77,0.903,Body
det,23.2704,1432.21,772.17,17.77,28.91,0.655,Head
cmd,23.2704,127,-6
err,23.3046,150.19,-10.84
dbg,23.3046,150.2,0.0,-10.8,0.0
det,23.3046,1386.21,773.76,75.5,195.21,0.894,Body
det,23.3046,1421.37,773.33,17.64,28.8,0.773,Head
err,23.3363,143.22,-10.58
dbg,23.3363,143.2,0.0,-10.6,0.0
det,23.3363,1378.94,771.11,80.21,202.23,0.897,Body
det,23.3363,1413.53,773.14,19.38,29.6,0.639,Head
err,23.3696,45.51,-8.69
dbg,23.3696,45.5,0.0,-8.7,0.0
det,23.3696,1284.22,776.7,78.31,194.95,0.903,Body
det,23.3696,1316.31,776.99,18.39,26.05,0.676,Head
err,23.4032,45.5,-8.71
dbg,23.4032,45.5,0.0,-8.7,0.0
det,23.4032,1284.28,776.75,78.23,194.9,0.904,Body
det,23.4032,1316.37,777.03,18.27,25.93,0.676,Head
err,23.4377,45.48,-8.64
dbg,23.4377,45.5,0.0,-8.6,0.0
det,23.4377,1284.1,776.65,78.45,195.1,0.902,Body
det,23.4377,1316.22,777.0,18.53,26.12,0.679,Head
err,23.4719,45.5,-8.69
dbg,23.4719,45.5,0.0,-8.7,0.0
det,23.4719,1284.22,776.66,78.33,194.95,0.903,Body
det,23.4719,1316.29,776.98,18.43,26.06,0.678,Head
err,23.5051,45.52,-8.69
dbg,23.5051,45.5,0.0,-8.7,0.0
det,23.5051,1284.17,776.61,78.39,195.06,0.902,Body
det,23.5051,1316.28,776.95,18.48,26.11,0.677,Head
err,23.5362,45.51,-8.71
dbg,23.5362,45.5,0.0,-8.7,0.0
det,23.5362,1284.24,776.69,78.29,194.96,0.903,Body
det,23.5362,1316.33,777.0,18.35,25.99,0.677,Head
err,23.5691,45.48,-8.64
dbg,23.5691,45.5,0.0,-8.6,0.0
det,23.5691,1284.14,776.72,78.4,194.98,0.903,Body
det,23.5691,1316.25,777.02,18.46,26.07,0.678,Head
err,23.6024,45.5,-8.69
dbg,23.6024,45.5,0.0,-8.7,0.0
det,23.6024,1284.22,776.67,78.33,194.92,0.903,Body
det,23.6024,1316.29,776.98,18.41,26.05,0.678,Head
err,23.6364,45.52,-8.69
dbg,23.6364,45.5,0.0,-8.7,0.0
det,23.6364,1284.19,776.64,78.35,195.02,0.903,Body
det,23.6364,1316.3,776.96,18.45,26.1,0.676,Head
err,23.6702,45.51,-8.71
dbg,23.6702,45.5,0.0,-8.7,0.0
det,23.6702,1284.24,776.68,78.29,194.98,0.903,Body
det,23.6702,1316.32,776.99,18.38,26.01,0.677,Head
err,23.7036,45.48,-8.64
dbg,23.7036,45.5,0.0,-8.6,0.0
det,23.7036,1284.13,776.71,78.43,194.99,0.902,Body
det,23.7036,1316.24,777.02,18.48,26.09,0.679,Head
err,23.7361,45.5,-8.69
dbg,23.7361,45.5,0.0,-8.7,0.0
det,23.7361,1284.22,776.67,78.34,194.92,0.903,Body
det,23.7361,1316.29,776.98,18.41,26.05,0.678,Head
err,23.7689,45.52,-8.69
dbg,23.7689,45.5,0.0,-8.7,0.0
det,23.7689,1284.17,776.61,78.39,195.06,0.902,Body
det,23.7689,1316.28,776.95,18.48,26.12,0.677,Head
err,23.8026,45.51,-8.71
dbg,23.8026,45.5,0.0,-8.7,0.0
det,23.8026,1284.21,776.63,78.36,195.04,0.902,Body
det,23.8026,1316.3,776.97,18.43,26.04,0.678,Head
cmd,23.8026,61,-12
err,23.8355,45.48,-8.64
dbg,23.8355,45.5,0.0,-8.6,0.0
det,23.8355,1284.12,776.69,78.45,195.01,0.902,Body
det,23.8355,1316.23,777.01,18.5,26.1,0.679,Head
err,23.8696,45.5,-8.69
dbg,23.8696,45.5,0.0,-8.7,0.0
det,23.8696,1284.2,776.64,78.38,194.95,0.902,Body
det,23.8696,1316.27,776.97,18.46,26.07,0.678,Head
err,23.9035,45.52,-8.69
dbg,23.9035,45.5,0.0,-8.7,0.0
det,23.9035,1284.14,776.57,78.45,195.09,0.902,Body
det,23.9035,1316.26,776.93,18.54,26.15,0.677,Head
err,23.9357,45.51,-8.71
dbg,23.9357,45.5,0.0,-8.7,0.0
det,23.9357,1284.19,776.62,78.38,195.02,0.902,Body
det,23.9357,1316.3,776.97,18.43,26.04,0.678,Head
err,23.9702,0.95,1.53
dbg,23.9702,45.5,0.0,-8.7,0.0
det,23.9702,1236.76,785.2,81.5,195.35,0.915,Body
det,23.9702,1271.27,785.27,19.37,29.58,0.578,Head
err,24.0033,0.94,1.59
dbg,24.0033,45.5,0.0,-8.7,0.0
det,24.0033,1236.59,785.2,81.73,195.48,0.915,Body
det,24.0033,1271.24,785.26,19.41,29.7,0.584,Head
err,24.0355,0.91,1.53
dbg,24.0355,45.5,0.0,-8.7,0.0
det,24.0355,1236.53,785.1,81.9,195.6,0.915,Body
det,24.0355,1271.15,785.18,19.53,29.72,0.578,Head
err,24.0686,0.95,1.52
dbg,24.0686,45.5,0.0,-8.7,0.0
det,24.0686,1236.61,785.17,81.7,195.5,0.915,Body
det,24.0686,1271.25,785.22,19.4,29.63,0.58,Head
err,24.1024,0.95,1.53
dbg,24.1024,45.5,0.0,-8.7,0.0
det,24.1024,1236.73,785.19,81.6,195.37,0.915,Body
det,24.1024,1271.22,785.25,19.46,29.59,0.582,Head
err,24.1363,0.95,1.6
dbg,24.1363,45.5,0.0,-8.7,0.0
det,24.1363,1236.65,785.23,81.59,195.4,0.915,Body
det,24.1363,1271.27,785.28,19.36,29.67,0.583,Head
err,24.16,0.9,1.54
dbg,24.16,45.5,0.0,-8.7,0.0
det,24.16,1236.63,785.18,81.7,195.42,0.915,Body
det,24.16,1271.18,785.25,19.46,29.62,0.576,Head
err,24.1869,0.94,1.57
dbg,24.1869,45.5,0.0,-8.7,0.0
det,24.1869,1236.69,785.18,81.64,195.44,0.915,Body
det,24.1869,1271.2,785.24,19.48,29.69,0.583,Head
err,24.2206,0.93,1.55
dbg,24.2206,45.5,0.0,-8.7,0.0
det,24.2206,1236.6,785.2,81.7,195.43,0.915,Body
det,24.2206,1271.22,785.27,19.41,29.6,0.578,Head
err,24.2539,0.94,1.51
dbg,24.2539,45.5,0.0,-8.7,0.0
det,24.2539,1236.6,785.13,81.76,195.5,0.915,Body
det,24.2539,1271.19,785.2,19.49,29.66,0.584,Head
err,24.286,0.9,1.54
dbg,24.286,45.5,0.0,-8.7,0.0
det,24.286,1236.63,785.18,81.7,195.44,0.915,Body
det,24.286,1271.18,785.25,19.44,29.62,0.575,Head
err,24.3204,0.94,1.56
dbg,24.3204,45.5,0.0,-8.7,0.0
det,24.3204,1236.66,785.16,81.72,195.47,0.915,Body
det,24.3204,1271.18,785.22,19.51,29.7,0.584,Head
err,24.3524,0.93,1.54
dbg,24.3524,45.5,0.0,-8.7,0.0
det,24.3524,1236.59,785.2,81.74,195.44,0.915,Body
det,24.3524,1271.21,785.26,19.43,29.6,0.579,Head
err,24.3869,0.94,1.51
dbg,24.3869,45.5,0.0,-8.7,0.0
det,24.3869,1236.6,785.13,81.78,195.5,0.915,Body
det,24.3869,1271.18,785.2,19.51,29.66,0.584,Head
err,24.4195,0.91,1.54
dbg,24.4195,45.5,0.0,-8.7,0.0
det,24.4195,1236.65,785.18,81.66,195.42,0.915,Body
det,24.4195,1271.18,785.26,19.45,29.61,0.575,Head
err,24.4527,0.95,1.57
dbg,24.4527,45.5,0.0,-8.7,0.0
det,24.4527,1236.7,785.18,81.62,195.42,0.915,Body
det,24.4527,1271.2,785.24,19.48,29.69,0.583,Head
err,24.4863,0.93,1.55
dbg,24.4863,45.5,0.0,-8.7,0.0
det,24.4863,1236.64,785.22,81.61,195.4,0.915,Body
det,24.4863,1271.24,785.28,19.38,29.58,0.577,Head
err,24.5193,0.94,1.52
dbg,24.5193,45.5,0.0,-8.7,0.0
det,24.5193,1236.62,785.14,81.7,195.47,0.915,Body
det,24.5193,1271.2,785.21,19.49,29.65,0.584,Head
err,24.5527,0.91,1.55
dbg,24.5527,45.5,0.0,-8.7,0.0
det,24.5527,1236.65,785.18,81.62,195.42,0.915,Body
det,24.5527,1271.19,785.26,19.43,29.61,0.574,Head
err,24.586,0.94,1.56
dbg,24.586,45.5,0.0,-8.7,0.0
det,24.586,1236.68,785.16,81.66,195.47,0.915,Body
det,24.586,1271.19,785.23,19.51,29.7,0.584,Head
err,24.6195,0.93,1.55
dbg,24.6195,45.5,0.0,-8.7,0.0
det,24.6195,1236.65,785.22,81.58,195.4,0.915,Body
det,24.6195,1271.25,785.29,19.36,29.58,0.576,Head
err,24.6528,0.94,1.52
dbg,24.6528,45.5,0.0,-8.7,0.0
det,24.6528,1236.65,785.15,81.62,195.46,0.915,Body
det,24.6528,1271.22,785.22,19.44,29.64,0.581,Head
err,24.6865,0.91,1.56
dbg,24.6865,45.5,0.0,-8.7,0.0
det,24.6865,1236.7,785.21,81.5,195.39,0.916,Body
det,24.6865,1271.24,785.28,19.34,29.59,0.571,Head
err,24.7202,0.94,1.57
dbg,24.7202,45.5,0.0,-8.7,0.0
det,24.7202,1236.74,785.19,81.53,195.43,0.915,Body
det,24.7202,1271.24,785.25,19.41,29.67,0.58,Head
err,24.7522,0.93,1.56
dbg,24.7522,45.5,0.0,-8.7,0.0
det,24.7522,1236.67,785.25,81.5,195.36,0.916,Body
det,24.7522,1271.29,785.31,19.28,29.55,0.573,Head
err,24.7869,0.94,1.53
dbg,24.7869,45.5,0.0,-8.7,0.0
det,24.7869,1236.67,785.17,81.57,195.43,0.915,Body
det,24.7869,1271.25,785.24,19.38,29.62,0.579,Head
err,24.8195,0.91,1.56
dbg,24.8195,45.5,0.0,-8.7,0.0
det,24.8195,1236.72,785.23,81.44,195.35,0.916,Body
det,24.8195,1271.26,785.3,19.29,29.56,0.569,Head
err,24.8526,0.95,1.58
dbg,24.8526,45.5,0.0,-8.7,0.0
det,24.8526,1236.76,785.23,81.43,195.36,0.915,Body
det,24.8526,1271.28,785.28,19.33,29.64,0.578,Head
err,24.8866,0.94,1.57
dbg,24.8866,45.5,0.0,-8.7,0.0
det,24.8866,1236.69,785.26,81.44,195.33,0.916,Body
det,24.8866,1271.32,785.32,19.24,29.54,0.571,Head
err,24.92,0.95,1.53
dbg,24.92,45.5,0.0,-8.7,0.0
det,24.92,1236.69,785.19,81.51,195.4,0.916,Body
det,24.92,1271.28,785.25,19.33,29.61,0.578,Head
err,24.9539,0.91,1.57
dbg,24.9539,45.5,0.0,-8.7,0.0
det,24.9539,1236.72,785.24,81.43,195.33,0.916,Body
det,24.9539,1271.27,785.31,19.27,29.56,0.569,Head
err,24.9863,0.95,1.58
dbg,24.9863,45.5,0.0,-8.7,0.0
det,24.9863,1236.78,785.24,81.39,195.33,0.916,Body
det,24.9863,1271.3,785.29,19.3,29.63,0.577,Head
err,25.0207,0.94,1.57
dbg,25.0207,45.5,0.0,-8.7,0.0
det,25.0207,1236.71,785.27,81.42,195.32,0.916,Body
det,25.0207,1271.32,785.32,19.23,29.53,0.571,Head
err,25.0543,0.94,1.53
dbg,25.0543,45.5,0.0,-8.7,0.0
det,25.0543,1236.67,785.18,81.57,195.4,0.916,Body
det,25.0543,1271.27,785.24,19.35,29.62,0.579,Head
err,25.0883,0.91,1.57
dbg,25.0883,45.5,0.0,-8.7,0.0
det,25.0883,1236.71,785.25,81.47,195.32,0.916,Body
det,25.0883,1271.27,785.31,19.28,29.56,0.569,Head
err,25.1207,0.95,1.58
dbg,25.1207,45.5,0.0,-8.7,0.0
det,25.1207,1236.75,785.23,81.47,195.35,0.915,Body
det,25.1207,1271.28,785.28,19.33,29.64,0.577,Head
err,25.1546,2.28,2.48
dbg,25.1546,2.3,0.0,2.5,0.0
det,25.1546,1239.34,785.7,80.16,195.07,0.917,Body
det,25.1546,1271.81,786.29,20.93,29.44,0.717,Head
cmd,25.1546,3,3
err,25.1872,44.63,2.81
dbg,25.1872,44.6,0.0,2.8,0.0
det,25.1872,1283.17,786.28,78.77,197.2,0.904,Body
det,25.1872,1314.96,787.52,19.34,27.79,0.728,Head
err,25.2206,102.72,11.07
dbg,25.2206,102.7,0.0,11.1,0.0
det,25.2206,1339.71,794.98,80.43,197.89,0.914,Body
det,25.2206,1373.68,795.43,18.07,28.45,0.793,Head
err,25.2529,155.93,15.42
dbg,25.2529,155.9,0.0,15.4,0.0
det,25.2529,1391.84,799.73,79.83,196.04,0.9,Body
det,25.2529,1427.18,800.59,17.5,26.96,0.731,Head
err,27.2929,82.45,-18.7
dbg,27.2929,82.5,0.0,-18.7,0.0
det,27.2929,1349.58,773.98,25.75,73.29,0.79,Body
cmd,27.2929,110,-25
err,27.3253,77.49,-19.55
dbg,27.3253,77.5,0.0,-19.6,0.0
det,27.3253,1344.85,772.88,25.28,75.63,0.76,Body
err,27.3596,74.32,-18.47
dbg,27.3596,74.3,0.0,-18.5,0.0
det,27.3596,1341.6,772.52,25.55,77.1,0.75,Body
det,27.3596,1350.28,773.51,8.07,14.58,0.412,Head
err,27.393,61.6,-20.68
dbg,27.393,61.6,0.0,-20.7,0.0
det,27.393,1329.25,771.98,24.7,73.35,0.758,Body
err,27.4245,44.99,-21.74
dbg,27.4245,45.0,0.0,-21.7,0.0
det,27.4245,1311.83,771.18,26.33,70.81,0.748,Body
err,27.4596,-42.27,-1.24
dbg,27.4596,-42.3,0.0,-1.2,0.0
det,27.4596,1224.48,788.02,27.19,72.94,0.698,Body
det,27.4596,1232.31,789.77,10.82,16.35,0.405,Head
err,27.4933,-42.88,-5.23
dbg,27.4933,-42.9,0.0,-5.2,0.0
det,27.4933,1223.33,787.5,27.58,72.67,0.768,Body
det,27.4933,1231.03,789.17,11.43,16.43,0.365,Head
err,27.5247,-42.9,-5.23
dbg,27.5247,-42.9,0.0,-5.2,0.0
det,27.5247,1223.26,787.49,27.67,72.76,0.768,Body
det,27.5247,1231.0,789.16,11.46,16.44,0.366,Head
err,27.5583,-42.82,-5.28
dbg,27.5583,-42.8,0.0,-5.3,0.0
det,27.5583,1223.33,787.44,27.68,72.81,0.768,Body
det,27.5583,1231.05,789.15,11.47,16.45,0.37,Head
err,27.592,-42.91,-5.23
dbg,27.592,-42.9,0.0,-5.2,0.0
det,27.592,1223.3,787.5,27.58,72.77,0.769,Body
det,27.592,1230.99,789.16,11.47,16.43,0.364,Head
err,27.6276,-42.89,-5.25
dbg,27.6276,-42.9,0.0,-5.2,0.0
det,27.6276,1223.31,787.49,27.61,72.68,0.769,Body
det,27.6276,1231.01,789.16,11.47,16.45,0.367,Head
err,27.6603,-42.91,-5.24
dbg,27.6603,-42.9,0.0,-5.2,0.0
det,27.6603,1223.25,787.48,27.68,72.77,0.768,Body
det,27.6603,1230.99,789.15,11.48,16.46,0.367,Head
err,27.6921,-42.82,-5.3
dbg,27.6921,-42.8,0.0,-5.3,0.0
det,27.6921,1223.33,787.42,27.69,72.82,0.768,Body
det,27.6921,1231.04,789.14,11.47,16.46,0.37,Head
err,27.7244,-42.91,-5.23
dbg,27.7244,-42.9,0.0,-5.2,0.0
det,27.7244,1223.3,787.49,27.57,72.78,0.769,Body
det,27.7244,1230.99,789.16,11.46,16.43,0.364,Head
err,27.7587,-42.88,-5.24
dbg,27.7587,-42.9,0.0,-5.2,0.0
det,27.7587,1223.32,787.49,27.6,72.68,0.769,Body
det,27.7587,1231.01,789.16,11.47,16.44,0.366,Head
err,27.7913,-42.9,-1.69
dbg,27.7913,-42.9,0.0,-1.7,0.0
det,27.7913,1224.2,787.42,26.92,73.15,0.717,Body
det,27.7913,1231.47,789.27,11.26,16.43,0.375,Head
err,27.8238,-40.07,-1.86
dbg,27.8238,-40.1,0.0,-1.9,0.0
det,27.8238,1226.44,786.69,27.15,73.56,0.726,Body
det,27.8238,1234.59,789.16,10.67,16.32,0.47,Head
cmd,27.8238,-54,-2
err,27.8584,-40.09,-1.84
dbg,27.8584,-40.1,0.0,-1.8,0.0
det,27.8584,1226.44,786.7,27.16,73.5,0.726,Body
det,27.8584,1234.57,789.18,10.69,16.33,0.467,Head
err,27.8927,-40.12,-1.86
dbg,27.8927,-40.1,0.0,-1.9,0.0
det,27.8927,1226.43,786.72,27.17,73.51,0.726,Body
det,27.8927,1234.55,789.18,10.65,16.31,0.465,Head
err,27.9251,-40.08,-1.87
dbg,27.9251,-40.1,0.0,-1.9,0.0
det,27.9251,1226.46,786.63,27.14,73.61,0.725,Body
det,27.9251,1234.59,789.14,10.67,16.33,0.469,Head
err,27.9604,-0.02,-8.43
dbg,27.9604,-0.0,0.0,-8.4,0.0
det,27.9604,1266.64,783.72,26.67,78.44,0.749,Body
err,27.9938,-0.02,-8.43
dbg,27.9938,-0.0,0.0,-8.4,0.0
det,27.9938,1266.64,783.73,26.69,78.38,0.748,Body
err,28.0258,0.01,-8.39
dbg,28.0258,0.0,0.0,-8.4,0.0
det,28.0258,1266.67,783.77,26.69,78.36,0.746,Body
err,28.0587,-0.0,-8.44
dbg,28.0587,-0.0,0.0,-8.4,0.0
det,28.0587,1266.65,783.71,26.7,78.46,0.746,Body
err,28.0943,-0.02,-8.41
dbg,28.0943,-0.0,0.0,-8.4,0.0
det,28.0943,1266.67,783.74,26.62,78.45,0.75,Body
err,28.1266,-0.01,-8.42
dbg,28.1266,-0.0,0.0,-8.4,0.0
det,28.1266,1266.65,783.74,26.66,78.38,0.748,Body
err,28.1608,0.01,-8.37
dbg,28.1608,0.0,0.0,-8.4,0.0
det,28.1608,1266.68,783.79,26.66,78.36,0.747,Body
err,28.1939,-0.01,-8.41
dbg,28.1939,-0.0,0.0,-8.4,0.0
det,28.1939,1266.66,783.74,26.67,78.44,0.747,Body
err,28.2271,-0.02,-8.4
dbg,28.2271,-0.0,0.0,-8.4,0.0
det,28.2271,1266.68,783.76,26.61,78.43,0.75,Body
err,28.2608,-0.02,-8.46
dbg,28.2608,-0.0,0.0,-8.5,0.0
det,28.2608,1266.61,783.7,26.74,78.43,0.748,Body
err,28.2924,0.01,-8.41
dbg,28.2924,0.0,0.0,-8.4,0.0
det,28.2924,1266.64,783.74,26.74,78.43,0.747,Body
err,28.3256,-0.0,-8.42
dbg,28.3256,-0.0,0.0,-8.4,0.0
det,28.3256,1266.67,783.74,26.66,78.46,0.747,Body
cmd,28.3256,0,-11
err,28.3593,-0.02,-8.41
dbg,28.3593,-0.0,0.0,-8.4,0.0
det,28.3593,1266.67,783.74,26.62,78.47,0.751,Body
err,28.393,-0.01,-8.39
dbg,28.393,-0.0,0.0,-8.4,0.0
det,28.393,1266.68,783.77,26.61,78.38,0.749,Body
err,28.4251,0.01,-8.37
dbg,28.4251,0.0,0.0,-8.4,0.0
det,28.4251,1266.69,783.8,26.64,78.39,0.747,Body
err,28.4587,0.52,-1.59
dbg,28.4587,0.0,0.0,-8.4,0.0
det,28.4587,1268.51,790.64,24.02,77.71,0.726,Body
err,28.4919,0.49,-1.54
dbg,28.4919,0.0,0.0,-8.4,0.0
det,28.4919,1268.53,790.69,23.91,77.74,0.715,Body
err,28.5256,0.51,-1.59
dbg,28.5256,0.0,0.0,-8.4,0.0
det,28.5256,1268.55,790.64,23.91,77.69,0.717,Body
err,28.5657,0.48,-1.56
dbg,28.5657,0.0,0.0,-8.4,0.0
det,28.5657,1268.53,790.67,23.91,77.75,0.716,Body
err,28.5952,0.51,-1.56
dbg,28.5952,0.0,0.0,-8.4,0.0
det,28.5952,1268.53,790.67,23.95,77.68,0.726,Body
err,28.6279,0.48,-1.51
dbg,28.6279,0.0,0.0,-8.4,0.0
det,28.6279,1268.57,790.72,23.83,77.69,0.716,Body
err,28.6603,0.51,-1.54
dbg,28.6603,0.0,0.0,-8.4,0.0
det,28.6603,1268.55,790.69,23.92,77.69,0.72,Body
err,28.695,0.48,-1.54
dbg,28.695,0.0,0.0,-8.4,0.0
det,28.695,1268.55,790.69,23.87,77.72,0.716,Body
err,28.7287,0.51,-1.55
dbg,28.7287,0.0,0.0,-8.4,0.0
det,28.7287,1268.54,790.68,23.94,77.66,0.725,Body
err,28.7631,0.48,-1.5
dbg,28.7631,0.0,0.0,-8.4,0.0
det,28.7631,1268.56,790.73,23.85,77.69,0.714,Body
err,28.7946,0.5,-1.55
dbg,28.7946,0.0,0.0,-8.4,0.0
det,28.7946,1268.6,790.69,23.81,77.65,0.717,Body
err,28.8303,-21.76,0.06
dbg,28.8303,-21.8,0.0,0.1,0.0
det,28.8303,1246.86,792.83,22.75,72.27,0.718,Body
cmd,28.8303,-29,0
err,28.8634,-35.6,-4.49
dbg,28.8634,-35.6,0.0,-4.5,0.0
det,28.8634,1231.85,787.99,25.11,75.17,0.698,Body
err,28.8991,-53.29,-2.56
dbg,28.8991,-53.3,0.0,-2.6,0.0
det,28.8991,1215.31,787.88,24.08,74.62,0.726,Body
det,28.8991,1222.31,789.0,8.81,15.34,0.392,Head
err,28.9297,-31.58,-3.48
dbg,28.9297,-31.6,0.0,-3.5,0.0
det,28.9297,1235.55,789.36,25.73,71.6,0.732,Body
err,28.9637,-31.58,-3.52
dbg,28.9637,-31.6,0.0,-3.5,0.0
det,28.9637,1235.55,789.33,25.74,71.56,0.73,Body
err,28.9951,-31.6,-3.56
dbg,28.9951,-31.6,0.0,-3.6,0.0
det,28.9951,1235.57,789.27,25.67,71.71,0.73,Body
err,29.0275,-31.58,-3.44
dbg,29.0275,-31.6,0.0,-3.4,0.0
det,29.0275,1235.55,789.38,25.73,71.72,0.73,Body
err,29.0614,-31.58,-3.49
dbg,29.0614,-31.6,0.0,-3.5,0.0
det,29.0614,1235.54,789.35,25.76,71.6,0.733,Body
err,29.0947,-31.58,-3.52
dbg,29.0947,-31.6,0.0,-3.5,0.0
det,29.0947,1235.54,789.32,25.77,71.55,0.731,Body
err,29.1276,-31.6,-3.58
dbg,29.1276,-31.6,0.0,-3.6,0.0
det,29.1276,1235.55,789.25,25.7,71.71,0.73,Body
err,29.1616,-31.58,-3.47
dbg,29.1616,-31.6,0.0,-3.5,0.0
det,29.1616,1235.53,789.36,25.79,71.72,0.73,Body
err,29.1964,-31.58,-3.5
dbg,29.1964,-31.6,0.0,-3.5,0.0
det,29.1964,1235.53,789.34,25.77,71.6,0.732,Body
err,29.2294,-31.58,-3.53
dbg,29.2294,-31.6,0.0,-3.5,0.0
det,29.2294,1235.53,789.31,25.78,71.55,0.731,Body
err,29.263,-31.6,-3.58
dbg,29.263,-31.6,0.0,-3.6,0.0
det,29.263,1235.54,789.25,25.72,71.72,0.73,Body
err,29.2948,-31.58,-3.47
dbg,29.2948,-31.6,0.0,-3.5,0.0
det,29.2948,1235.52,789.36,25.79,71.74,0.73,Body
err,29.3294,-31.58,-3.5
dbg,29.3294,-31.6,0.0,-3.5,0.0
det,29.3294,1235.52,789.34,25.79,71.62,0.733,Body
err,29.3617,-31.58,-3.53
dbg,29.3617,-31.6,0.0,-3.5,0.0
det,29.3617,1235.52,789.31,25.8,71.57,0.731,Body
cmd,29.3617,-42,-5
err,29.3956,-31.6,-3.58
dbg,29.3956,-31.6,0.0,-3.6,0.0
det,29.3956,1235.54,789.25,25.71,71.73,0.731,Body
err,29.4298,-31.58,-3.49
dbg,29.4298,-31.6,0.0,-3.5,0.0
det,29.4298,1235.51,789.33,25.81,71.76,0.73,Body
err,29.4631,-31.58,-3.52
dbg,29.4631,-31.6,0.0,-3.5,0.0
det,29.4631,1235.51,789.32,25.82,71.62,0.733,Body
err,29.4947,0.0,-4.09
dbg,29.4947,0.0,0.0,-4.1,0.0
det,29.4947,1265.77,788.12,28.46,77.97,0.777,Body
err,29.528,-0.01,-4.16
dbg,29.528,-0.0,0.0,-4.2,0.0
det,29.528,1265.72,788.03,28.53,78.11,0.778,Body
err,29.5639,-0.06,-4.17
dbg,29.5639,-0.1,0.0,-4.2,0.0
det,29.5639,1265.66,788.02,28.56,78.11,0.775,Body
err,29.5969,-0.03,-4.18
dbg,29.5969,-0.0,0.0,-4.2,0.0
det,29.5969,1265.73,788.01,28.47,78.12,0.778,Body
err,29.63,0.0,-4.09
dbg,29.63,0.0,0.0,-4.1,0.0
det,29.63,1265.77,788.11,28.48,77.97,0.777,Body
err,29.6634,-0.01,-4.15
dbg,29.6634,-0.0,0.0,-4.2,0.0
det,29.6634,1265.73,788.04,28.53,78.1,0.778,Body
err,29.6975,-0.05,-4.18
dbg,29.6975,-0.1,0.0,-4.2,0.0
det,29.6975,1265.64,788.01,28.6,78.11,0.776,Body
err,29.7279,-0.03,-4.18
dbg,29.7279,-0.0,0.0,-4.2,0.0
det,29.7279,1265.73,788.01,28.49,78.12,0.778,Body
err,29.7615,0.0,-4.09
dbg,29.7615,0.0,0.0,-4.1,0.0
det,29.7615,1265.76,788.11,28.48,77.97,0.778,Body
err,29.7945,-0.01,-4.17
dbg,29.7945,-0.0,0.0,-4.2,0.0
det,29.7945,1265.7,788.02,28.58,78.11,0.778,Body
err,29.8276,-0.06,-4.18
dbg,29.8276,-0.1,0.0,-4.2,0.0
det,29.8276,1265.64,788.01,28.61,78.11,0.776,Body
err,29.8613,-0.03,-4.18
dbg,29.8613,-0.0,0.0,-4.2,0.0
det,29.8613,1265.71,788.01,28.51,78.1,0.779,Body
err,29.8946,0.0,-4.1
dbg,29.8946,0.0,0.0,-4.1,0.0
det,29.8946,1265.74,788.1,28.52,77.96,0.778,Body
cmd,29.8946,0,-5
err,29.9298,-0.01,-4.17
dbg,29.9298,-0.0,0.0,-4.2,0.0
det,29.9298,1265.69,788.02,28.59,78.11,0.778,Body
err,29.9619,-0.06,-4.18
dbg,29.9619,-0.1,0.0,-4.2,0.0
det,29.9619,1265.64,788.01,28.61,78.11,0.775,Body
err,29.9964,-0.03,-4.17
dbg,29.9964,-0.0,0.0,-4.2,0.0
det,29.9964,1265.72,788.01,28.49,78.11,0.778,Body
err,30.0298,-0.0,-4.08
dbg,30.0298,-0.0,0.0,-4.1,0.0
det,30.0298,1265.76,788.12,28.47,77.95,0.777,Body
err,30.0612,0.5,-1.52
dbg,30.0612,-0.0,0.0,-4.1,0.0
det,30.0612,1268.56,790.72,23.89,77.58,0.73,Body
err,30.0952,0.47,-1.46
dbg,30.0952,-0.0,0.0,-4.1,0.0
det,30.0952,1268.58,790.78,23.78,77.57,0.719,Body
err,30.1281,0.5,-1.52
dbg,30.1281,-0.0,0.0,-4.1,0.0
det,30.1281,1268.6,790.72,23.8,77.54,0.72,Body
err,30.1638,0.51,-1.5
dbg,30.1638,-0.0,0.0,-4.1,0.0
det,30.1638,1268.63,790.75,23.77,77.56,0.722,Body
err,30.1961,0.51,-1.51
dbg,30.1961,-0.0,0.0,-4.1,0.0
det,30.1961,1268.58,790.73,23.86,77.56,0.729,Body
err,30.2287,0.47,-1.46
dbg,30.2287,-0.0,0.0,-4.1,0.0
det,30.2287,1268.6,790.79,23.74,77.56,0.72,Body
err,30.2629,0.49,-1.52
dbg,30.2629,-0.0,0.0,-4.1,0.0
det,30.2629,1268.61,790.73,23.76,77.54,0.722,Body
err,30.2969,0.51,-1.51
dbg,30.2969,-0.0,0.0,-4.1,0.0
det,30.2969,1268.63,790.73,23.77,77.58,0.723,Body
err,30.3297,0.51,-1.52
dbg,30.3297,-0.0,0.0,-4.1,0.0
det,30.3297,1268.59,790.73,23.84,77.56,0.73,Body
err,30.3622,0.48,-1.47
dbg,30.3622,-0.0,0.0,-4.1,0.0
det,30.3622,1268.6,790.77,23.76,77.58,0.72,Body
err,30.3965,0.5,-1.53
dbg,30.3965,-0.0,0.0,-4.1,0.0
det,30.3965,1268.61,790.72,23.77,77.55,0.722,Body
err,30.431,0.52,-1.51
dbg,30.431,-0.0,0.0,-4.1,0.0
det,30.431,1268.63,790.73,23.78,77.58,0.723,Body
err,30.4632,0.51,-1.51
dbg,30.4632,-0.0,0.0,-4.1,0.0
det,30.4632,1268.6,790.73,23.82,77.56,0.73,Body
err,30.4952,0.48,-1.46
dbg,30.4952,-0.0,0.0,-4.1,0.0
det,30.4952,1268.61,790.78,23.74,77.56,0.72,Body
err,30.5285,0.51,-1.53
dbg,30.5285,-0.0,0.0,-4.1,0.0
det,30.5285,1268.61,790.71,23.79,77.55,0.722,Body
err,30.5625,0.53,-1.52
dbg,30.5625,-0.0,0.0,-4.1,0.0
det,30.5625,1268.63,790.72,23.8,77.59,0.722,Body
err,30.5947,0.52,-1.54
dbg,30.5947,-0.0,0.0,-4.1,0.0
det,30.5947,1268.58,790.7,23.89,77.59,0.729,Body
err,30.6281,2.21,0.24
dbg,30.6281,2.2,0.0,0.2,0.0
det,30.6281,1270.59,792.66,23.26,75.83,0.773,Body
cmd,30.6281,3,0
err,30.6617,19.94,3.55
dbg,30.6617,19.9,0.0,3.6,0.0
det,30.6617,1286.49,796.16,26.9,73.86,0.651,Body
err,30.7282,35.51,6.25
dbg,30.7282,35.5,0.0,6.3,0.0
det,30.7282,1303.25,799.13,24.52,71.21,0.711,Body
err,30.7624,38.19,10.92
dbg,30.7624,38.2,0.0,10.9,0.0
det,30.7624,1305.47,800.03,26.01,72.14,0.677,Body
det,30.7624,1313.17,802.12,10.04,16.01,0.481,Head
err,30.7968,38.19,10.88
dbg,30.7968,38.2,0.0,10.9,0.0
det,30.7968,1305.45,799.98,26.08,72.15,0.68,Body
det,30.7968,1313.15,802.06,10.08,16.04,0.482,Head
err,30.8288,35.87,6.01
dbg,30.8288,35.9,0.0,6.0,0.0
det,30.8288,1303.68,798.71,24.39,72.96,0.733,Body
err,30.8613,35.9,5.89
dbg,30.8613,35.9,0.0,5.9,0.0
det,30.8613,1303.71,798.59,24.38,73.03,0.729,Body
err,30.8945,35.86,6.01
dbg,30.8945,35.9,0.0,6.0,0.0
det,30.8945,1303.68,798.7,24.35,73.08,0.73,Body
err,30.9281,35.86,5.92
dbg,30.9281,35.9,0.0,5.9,0.0
det,30.9281,1303.65,798.61,24.42,73.13,0.73,Body
err,30.9646,35.87,5.99
dbg,30.9646,35.9,0.0,6.0,0.0
det,30.9646,1303.66,798.69,24.43,72.98,0.728,Body
err,30.9955,35.9,5.87
dbg,30.9955,35.9,0.0,5.9,0.0
det,30.9955,1303.68,798.56,24.44,73.08,0.723,Body
err,31.0287,35.86,5.98
dbg,31.0287,35.9,0.0,6.0,0.0
det,31.0287,1303.66,798.66,24.41,73.15,0.726,Body
err,31.0631,35.86,5.92
dbg,31.0631,35.9,0.0,5.9,0.0
det,31.0631,1303.65,798.6,24.42,73.18,0.728,Body
err,31.0958,35.86,6.0
dbg,31.0958,35.9,0.0,6.0,0.0
det,31.0958,1303.66,798.7,24.4,72.99,0.731,Body
err,31.1278,35.89,5.89
dbg,31.1278,35.9,0.0,5.9,0.0
det,31.1278,1303.7,798.58,24.37,73.05,0.728,Body
err,31.1609,35.85,5.99
dbg,31.1609,35.9,0.0,6.0,0.0
det,31.1609,1303.67,798.68,24.36,73.15,0.729,Body
cmd,31.1609,48,8
err,31.1944,35.85,5.94
dbg,31.1944,35.8,0.0,5.9,0.0
det,31.1944,1303.66,798.62,24.38,73.13,0.734,Body
err,31.2283,35.86,6.01
dbg,31.2283,35.9,0.0,6.0,0.0
det,31.2283,1303.67,798.71,24.39,72.98,0.735,Body
err,31.2635,35.88,5.9
dbg,31.2635,35.9,0.0,5.9,0.0
det,31.2635,1303.71,798.59,24.35,73.03,0.731,Body
err,31.2949,35.83,6.02
dbg,31.2949,35.8,0.0,6.0,0.0
det,31.2949,1303.72,798.73,24.23,72.92,0.728,Body
err,31.3295,-0.03,-4.25
dbg,31.3295,-0.0,0.0,-4.2,0.0
det,31.3295,1265.68,787.93,28.57,78.19,0.778,Body
err,31.3637,-0.0,-4.12
dbg,31.3637,-0.0,0.0,-4.1,0.0
det,31.3637,1265.77,788.07,28.45,78.04,0.777,Body
err,31.3982,-0.01,-4.18
dbg,31.3982,-0.0,0.0,-4.2,0.0
det,31.3982,1265.72,788.0,28.54,78.16,0.778,Body
err,31.4297,-0.06,-4.18
dbg,31.4297,-0.1,0.0,-4.2,0.0
det,31.4297,1265.67,788.01,28.55,78.15,0.775,Body
err,31.4622,-0.03,-4.19
dbg,31.4622,-0.0,0.0,-4.2,0.0
det,31.4622,1265.73,788.0,28.47,78.15,0.778,Body
err,31.4943,0.0,-4.1
dbg,31.4943,0.0,0.0,-4.1,0.0
det,31.4943,1265.77,788.1,28.47,78.01,0.777,Body
err,31.5278,-0.01,-4.16
dbg,31.5278,-0.0,0.0,-4.2,0.0
det,31.5278,1265.73,788.03,28.52,78.13,0.778,Body
err,31.5631,-0.06,-4.16
dbg,31.5631,-0.1,0.0,-4.2,0.0
det,31.5631,1265.68,788.03,28.51,78.13,0.775,Body
err,31.5961,-0.03,-4.18
dbg,31.5961,-0.0,0.0,-4.2,0.0
det,31.5961,1265.75,788.01,28.43,78.15,0.778,Body
err,31.6299,0.0,-4.09
dbg,31.6299,0.0,0.0,-4.1,0.0
det,31.6299,1265.78,788.11,28.44,78.0,0.777,Body
err,31.6646,-0.01,-4.16
dbg,31.6646,-0.0,0.0,-4.2,0.0
det,31.6646,1265.73,788.02,28.51,78.14,0.778,Body
cmd,31.6646,0,-6
err,31.6958,-0.06,-4.16
dbg,31.6958,-0.1,0.0,-4.2,0.0
det,31.6958,1265.68,788.02,28.51,78.14,0.775,Body
err,31.7278,-0.03,-4.2
dbg,31.7278,-0.0,0.0,-4.2,0.0
det,31.7278,1265.73,787.99,28.47,78.18,0.778,Body
err,31.7623,0.06,-0.39
dbg,31.7623,-0.0,0.0,-4.2,0.0
det,31.7623,1268.04,791.93,24.05,76.81,0.615,Body
err,31.7948,0.05,-0.35
dbg,31.7948,-0.0,0.0,-4.2,0.0
det,31.7948,1267.98,791.97,24.14,76.8,0.626,Body
err,31.8293,0.04,-0.3
dbg,31.8293,-0.0,0.0,-4.2,0.0
det,31.8293,1267.95,792.03,24.18,76.75,0.623,Body
err,31.8624,0.08,-0.54
dbg,31.8624,-0.0,0.0,-4.2,0.0
det,31.8624,1267.97,791.76,24.21,76.97,0.626,Body
err,31.8971,0.06,-0.42
dbg,31.8971,-0.0,0.0,-4.2,0.0
det,31.8971,1268.0,791.89,24.11,76.84,0.616,Body
err,31.9297,0.04,-0.38
dbg,31.9297,-0.0,0.0,-4.2,0.0
det,31.9297,1267.94,791.94,24.2,76.81,0.624,Body
err,31.9629,0.03,-0.31
dbg,31.9629,-0.0,0.0,-4.2,0.0
det,31.9629,1267.93,792.01,24.21,76.75,0.621,Body
err,31.9965,0.07,-0.54
dbg,31.9965,-0.0,0.0,-4.2,0.0
det,31.9965,1267.98,791.77,24.2,76.97,0.625,Body
err,32.0293,0.06,-0.43
dbg,32.0293,-0.0,0.0,-4.2,0.0
det,32.0293,1268.0,791.89,24.11,76.83,0.617,Body
err,32.0611,0.04,-0.39
dbg,32.0611,-0.0,0.0,-4.2,0.0
det,32.0611,1267.93,791.92,24.22,76.82,0.626,Body
err,32.0945,0.03,-0.32
dbg,32.0945,-0.0,0.0,-4.2,0.0
det,32.0945,1267.93,792.0,24.2,76.75,0.625,Body
err,32.1278,0.07,-0.53
dbg,32.1278,-0.0,0.0,-4.2,0.0
det,32.1278,1267.99,791.78,24.17,76.95,0.628,Body
err,32.1613,0.05,-0.43
dbg,32.1613,-0.0,0.0,-4.2,0.0
det,32.1613,1268.0,791.89,24.11,76.83,0.617,Body
err,32.1953,0.04,-0.39
dbg,32.1953,-0.0,0.0,-4.2,0.0
det,32.1953,1267.93,791.93,24.21,76.81,0.626,Body
err,32.2283,0.03,-0.32
dbg,32.2283,-0.0,0.0,-4.2,0.0
det,32.2283,1267.92,792.01,24.23,76.74,0.622,Body
err,32.263,0.08,-0.52
dbg,32.263,-0.0,0.0,-4.2,0.0
det,32.263,1267.99,791.79,24.18,76.93,0.627,Body
err,32.2952,0.05,-0.39
dbg,32.2952,-0.0,0.0,-4.2,0.0
det,32.2952,1268.02,791.93,24.07,76.77,0.618,Body
err,32.3309,0.04,-0.35
dbg,32.3309,-0.0,0.0,-4.2,0.0
det,32.3309,1267.96,791.97,24.17,76.77,0.628,Body
err,32.3626,0.03,-0.3
dbg,32.3626,-0.0,0.0,-4.2,0.0
det,32.3626,1267.92,792.03,24.22,76.72,0.623,Body
err,32.3967,0.08,-0.5
dbg,32.3967,-0.0,0.0,-4.2,0.0
det,32.3967,1267.99,791.81,24.16,76.91,0.626,Body
err,32.4315,0.05,-0.42
dbg,32.4315,-0.0,0.0,-4.2,0.0
det,32.4315,1267.99,791.9,24.13,76.81,0.616,Body
err,32.4639,2.3,0.55
dbg,32.4639,2.3,0.0,0.6,0.0
det,32.4639,1271.09,792.92,22.41,76.38,0.757,Body
cmd,32.4639,3,1
err,32.4949,21.09,-4.35
dbg,32.4949,21.1,0.0,-4.4,0.0
det,32.4949,1287.77,788.04,26.64,76.08,0.726,Body
err,32.5284,52.05,-7.97
dbg,32.5284,52.0,0.0,-8.0,0.0
det,32.5284,1319.76,782.06,25.82,71.44,0.703,Body
det,32.5284,1325.72,783.0,12.66,16.44,0.434,Head
err,32.562,83.22,-20.38
dbg,32.562,83.2,0.0,-20.4,0.0
det,32.562,1351.13,772.76,24.17,68.65,0.784,Body
err,32.5945,94.16,-30.05
dbg,32.5945,94.2,0.0,-30.0,0.0
det,32.5945,1360.8,762.54,26.73,74.17,0.739,Body
err,32.6283,94.17,-30.12
dbg,32.6283,94.2,0.0,-30.1,0.0
det,32.6283,1360.72,762.44,26.91,74.34,0.739,Body
err,32.6624,94.13,-30.04
dbg,32.6624,94.1,0.0,-30.0,0.0
det,32.6624,1360.78,762.54,26.68,74.19,0.738,Body
err,32.6947,94.11,-29.99
dbg,32.6947,94.1,0.0,-30.0,0.0
det,32.6947,1360.68,762.6,26.87,74.15,0.738,Body
err,32.7295,94.15,-30.06
dbg,32.7295,94.2,0.0,-30.1,0.0
det,32.7295,1360.79,762.52,26.72,74.21,0.738,Body
err,32.7643,94.17,-30.08
dbg,32.7643,94.2,0.0,-30.1,0.0
det,32.7643,1360.77,762.48,26.81,74.32,0.739,Body
err,32.7973,94.12,-30.0
dbg,32.7973,94.1,0.0,-30.0,0.0
det,32.7973,1360.73,762.58,26.78,74.25,0.738,Body
err,32.8321,94.11,-30.01
dbg,32.8321,94.1,0.0,-30.0,0.0
det,32.8321,1360.68,762.57,26.86,74.23,0.739,Body
err,32.8637,94.15,-30.13
dbg,32.8637,94.2,0.0,-30.1,0.0
det,32.8637,1360.72,762.44,26.88,74.31,0.736,Body
err,32.8958,94.12,-30.09
dbg,32.8958,94.1,0.0,-30.1,0.0
det,32.8958,1360.69,762.48,26.86,74.3,0.738,Body
err,32.9293,94.13,-30.1
dbg,32.9293,94.1,0.0,-30.1,0.0
det,32.9293,1360.74,762.47,26.79,74.28,0.738,Body
err,32.9617,94.12,-29.98
dbg,32.9617,94.1,0.0,-30.0,0.0
det,32.9617,1360.7,762.6,26.84,74.18,0.74,Body
err,32.9946,94.16,-30.07
dbg,32.9946,94.2,0.0,-30.1,0.0
det,32.9946,1360.78,762.51,26.76,74.22,0.738,Body
cmd,32.9946,121,-39
err,33.0282,94.18,-30.02
dbg,33.0282,94.2,0.0,-30.0,0.0
det,33.0282,1360.82,762.55,26.71,74.26,0.74,Body
err,33.0621,94.13,-30.03
dbg,33.0621,94.1,0.0,-30.0,0.0
det,33.0621,1360.81,762.55,26.64,74.2,0.74,Body
err,33.0958,94.11,-30.0
dbg,33.0958,94.1,0.0,-30.0,0.0
det,33.0958,1360.69,762.58,26.85,74.19,0.74,Body
err,33.1296,94.15,-30.03
dbg,33.1296,94.2,0.0,-30.0,0.0
det,33.1296,1360.81,762.55,26.69,74.18,0.739,Body
err,33.164,94.18,-29.99
dbg,33.164,94.2,0.0,-30.0,0.0
det,33.164,1360.87,762.59,26.62,74.23,0.741,Body
err,33.1967,94.13,-30.0
dbg,33.1967,94.1,0.0,-30.0,0.0
det,33.1967,1360.85,762.58,26.56,74.19,0.74,Body
err,33.2296,4.35,-1.49
dbg,33.2296,4.4,0.0,-1.5,0.0
det,33.2296,1271.56,791.06,25.58,74.49,0.757,Body
err,33.263,4.32,-1.51
dbg,33.263,4.3,0.0,-1.5,0.0
det,33.263,1271.54,791.03,25.57,74.59,0.757,Body
err,33.2972,4.35,-1.47
dbg,33.2972,4.4,0.0,-1.5,0.0
det,33.2972,1271.56,791.07,25.58,74.51,0.754,Body
err,33.3288,4.32,-1.55
dbg,33.3288,4.3,0.0,-1.5,0.0
det,33.3288,1271.54,790.99,25.55,74.61,0.757,Body
err,33.3617,4.35,-1.52
dbg,33.3617,4.4,0.0,-1.5,0.0
det,33.3617,1271.56,791.04,25.58,74.47,0.756,Body
err,33.3957,4.32,-1.54
dbg,33.3957,4.3,0.0,-1.5,0.0
det,33.3957,1271.53,791.01,25.6,74.57,0.756,Body
err,33.4323,4.35,-1.48
dbg,33.4323,4.4,0.0,-1.5,0.0
det,33.4323,1271.55,791.07,25.6,74.51,0.754,Body
err,33.4656,4.32,-1.56
dbg,33.4656,4.3,0.0,-1.6,0.0
det,33.4656,1271.5,790.98,25.64,74.6,0.755,Body
err,33.4971,4.35,-1.52
dbg,33.4971,4.4,0.0,-1.5,0.0
det,33.4971,1271.55,791.03,25.61,74.47,0.756,Body
cmd,33.4971,6,-2
err,33.5301,4.32,-1.54
dbg,33.5301,4.3,0.0,-1.5,0.0
det,33.5301,1271.5,791.0,25.64,74.58,0.756,Body
err,33.5615,4.35,-1.48
dbg,33.5615,4.4,0.0,-1.5,0.0
det,33.5615,1271.55,791.07,25.61,74.51,0.755,Body
err,33.5953,4.32,-1.56
dbg,33.5953,4.3,0.0,-1.6,0.0
det,33.5953,1271.5,790.98,25.64,74.61,0.755,Body
err,33.6285,4.35,-1.51
dbg,33.6285,4.4,0.0,-1.5,0.0
det,33.6285,1271.55,791.04,25.59,74.48,0.756,Body
err,33.6622,4.32,-1.54
dbg,33.6622,4.3,0.0,-1.5,0.0
det,33.6622,1271.5,791.0,25.63,74.59,0.756,Body
err,33.6952,4.35,-1.48
dbg,33.6952,4.4,0.0,-1.5,0.0
det,33.6952,1271.54,791.07,25.62,74.52,0.755,Body
err,33.7289,-0.14,-3.59
dbg,33.7289,-0.1,0.0,-3.6,0.0
det,33.7289,1265.21,788.57,29.3,78.39,0.763,Body
err,33.7615,-0.13,-3.54
dbg,33.7615,-0.1,0.0,-3.5,0.0
det,33.7615,1265.24,788.62,29.27,78.38,0.762,Body
err,33.7955,-0.1,-3.45
dbg,33.7955,-0.1,0.0,-3.4,0.0
det,33.7955,1265.29,788.73,29.21,78.19,0.765,Body
err,33.828,-0.16,-3.49
dbg,33.828,-0.2,0.0,-3.5,0.0
det,33.828,1265.22,788.68,29.25,78.26,0.762,Body
err,33.8616,-0.14,-3.57
dbg,33.8616,-0.1,0.0,-3.6,0.0
det,33.8616,1265.25,788.6,29.22,78.36,0.763,Body
err,33.8951,-0.12,-3.52
dbg,33.8951,-0.1,0.0,-3.5,0.0
det,33.8951,1265.29,788.65,29.17,78.36,0.762,Body
err,33.9288,-0.1,-3.43
dbg,33.9288,-0.1,0.0,-3.4,0.0
det,33.9288,1265.32,788.76,29.15,78.17,0.765,Body
err,33.9616,-0.16,-3.49
dbg,33.9616,-0.2,0.0,-3.5,0.0
det,33.9616,1265.21,788.68,29.26,78.28,0.762,Body
err,33.9951,-0.14,-3.58
dbg,33.9951,-0.1,0.0,-3.6,0.0
det,33.9951,1265.24,788.58,29.25,78.4,0.763,Body
err,34.0288,-0.13,-3.5
dbg,34.0288,-0.1,0.0,-3.5,0.0
det,34.0288,1265.29,788.66,29.17,78.35,0.762,Body
cmd,34.0288,0,-5
err,34.0627,-0.11,-3.41
dbg,34.0627,-0.1,0.0,-3.4,0.0
det,34.0627,1265.32,788.77,29.14,78.17,0.765,Body
err,34.097,-0.16,-3.47
dbg,34.097,-0.2,0.0,-3.5,0.0
det,34.097,1265.22,788.7,29.24,78.26,0.763,Body
err,34.1336,-0.14,-3.56
dbg,34.1336,-0.1,0.0,-3.6,0.0
det,34.1336,1265.26,788.6,29.21,78.38,0.763,Body
err,34.1665,-0.13,-3.49
dbg,34.1665,-0.1,0.0,-3.5,0.0
det,34.1665,1265.29,788.67,29.16,78.34,0.762,Body
err,34.1987,-0.11,-3.41
dbg,34.1987,-0.1,0.0,-3.4,0.0
det,34.1987,1265.32,788.77,29.16,78.16,0.765,Body
err,34.4624,0.91,4.68
dbg,34.4624,0.9,0.0,4.7,0.0
det,34.4624,1269.38,797.54,23.07,71.47,0.539,Body
err,34.4948,4.61,-3.17
dbg,34.4948,4.6,0.0,-3.2,0.0
det,34.4948,1271.94,786.1,27.73,75.53,0.761,Body
det,34.4948,1279.27,787.6,10.69,16.78,0.428,Head
err,34.5279,4.61,-8.27
dbg,34.5279,4.6,0.0,-8.3,0.0
det,34.5279,1272.07,780.69,27.66,73.18,0.663,Body
det,34.5279,1278.39,782.5,12.43,16.78,0.483,Head
err,34.551,5.36,-12.72
dbg,34.551,5.4,0.0,-12.7,0.0
det,34.551,1272.25,780.14,26.22,71.4,0.728,Body
cmd,34.551,7,-17
err,34.5787,6.31,-17.61
dbg,34.5787,6.3,0.0,-17.6,0.0
det,34.5787,1273.16,773.11,26.75,76.13,0.748,Body
det,34.5787,1281.67,774.08,9.28,15.12,0.487,Head
err,34.612,7.19,-18.88
dbg,34.612,7.2,0.0,-18.9,0.0
det,34.612,1274.08,771.0,25.97,71.44,0.726,Body
det,34.612,1282.92,772.65,8.53,15.4,0.509,Head
err,34.6449,7.79,-23.66
dbg,34.6449,7.8,0.0,-23.7,0.0
det,34.6449,1275.81,765.66,25.61,69.65,0.547,Body
det,34.6449,1282.27,767.3,11.03,16.44,0.411,Head
err,34.7116,4.47,-23.96
dbg,34.7116,4.5,0.0,-24.0,0.0
det,34.7116,1270.81,768.5,27.32,75.35,0.74,Body
det,34.7116,1278.64,770.03,10.76,16.68,0.353,Head
err,34.7447,4.43,-23.98
dbg,34.7447,4.4,0.0,-24.0,0.0
det,34.7447,1270.75,768.47,27.37,75.47,0.74,Body
det,34.7447,1278.62,769.97,10.77,16.72,0.35,Head
err,34.7783,4.41,-24.01
dbg,34.7783,4.4,0.0,-24.0,0.0
det,34.7783,1270.8,768.45,27.22,75.37,0.742,Body
det,34.7783,1278.6,769.95,10.78,16.7,0.352,Head
err,34.8138,4.42,-23.99
dbg,34.8138,4.4,0.0,-24.0,0.0
det,34.8138,1270.71,768.46,27.41,75.5,0.742,Body
det,34.8138,1278.59,769.96,10.8,16.75,0.353,Head
err,34.8476,4.47,-23.96
dbg,34.8476,4.5,0.0,-24.0,0.0
det,34.8476,1270.8,768.5,27.35,75.39,0.739,Body
det,34.8476,1278.63,770.03,10.77,16.69,0.352,Head
err,34.8811,4.44,-24.0
dbg,34.8811,4.4,0.0,-24.0,0.0
det,34.8811,1270.73,768.45,27.43,75.54,0.739,Body
det,34.8811,1278.59,769.95,10.8,16.76,0.35,Head
err,34.9168,4.42,-24.04
dbg,34.9168,4.4,0.0,-24.0,0.0
det,34.9168,1270.78,768.42,27.29,75.39,0.74,Body
det,34.9168,1278.56,769.91,10.85,16.75,0.354,Head
err,34.9503,4.42,-24.01
dbg,34.9503,4.4,0.0,-24.0,0.0
det,34.9503,1270.7,768.44,27.44,75.49,0.741,Body
det,34.9503,1278.54,769.92,10.86,16.8,0.356,Head
err,34.9803,4.47,-23.98
dbg,34.9803,4.5,0.0,-24.0,0.0
det,34.9803,1270.78,768.48,27.38,75.37,0.738,Body
det,34.9803,1278.58,770.0,10.84,16.73,0.355,Head
err,35.0121,4.44,-24.02
dbg,35.0121,4.4,0.0,-24.0,0.0
det,35.0121,1270.72,768.43,27.45,75.52,0.737,Body
det,35.0121,1278.54,769.92,10.88,16.8,0.354,Head
err,35.0452,4.41,-24.03
dbg,35.0452,4.4,0.0,-24.0,0.0
det,35.0452,1270.78,768.44,27.25,75.36,0.741,Body
det,35.0452,1278.56,769.92,10.84,16.73,0.354,Head
err,35.0805,4.41,-24.01
dbg,35.0805,4.4,0.0,-24.0,0.0
det,35.0805,1270.7,768.44,27.42,75.46,0.742,Body
det,35.0805,1278.54,769.93,10.86,16.79,0.356,Head
cmd,35.0805,6,-32
err,35.1114,4.47,-23.98
dbg,35.1114,4.5,0.0,-24.0,0.0
det,35.1114,1270.78,768.48,27.36,75.35,0.738,Body
det,35.1114,1278.59,770.0,10.82,16.72,0.354,Head
err,35.1444,4.44,-24.01
dbg,35.1444,4.4,0.0,-24.0,0.0
det,35.1444,1270.71,768.44,27.45,75.52,0.736,Body
det,35.1444,1278.56,769.93,10.85,16.78,0.352,Head
err,35.1785,4.41,-24.04
dbg,35.1785,4.4,0.0,-24.0,0.0
det,35.1785,1270.77,768.42,27.29,75.38,0.738,Body
det,35.1785,1278.55,769.91,10.85,16.74,0.353,Head
err,35.2116,4.41,-24.01
dbg,35.2116,4.4,0.0,-24.0,0.0
det,35.2116,1270.7,768.45,27.42,75.48,0.741,Body
det,35.2116,1278.56,769.93,10.83,16.77,0.354,Head
err,35.2449,-0.62,-6.02
dbg,35.2449,-0.6,0.0,-6.0,0.0
det,35.2449,1266.8,785.99,25.16,79.92,0.753,Body
err,35.2793,-0.68,-6.06
dbg,35.2793,-0.7,0.0,-6.1,0.0
det,35.2793,1266.74,785.94,25.17,80.0,0.754,Body
err,35.3119,-0.69,-5.99
dbg,35.3119,-0.7,0.0,-6.0,0.0
det,35.3119,1266.69,786.02,25.25,79.93,0.753,Body
err,35.3452,-0.65,-5.99
dbg,35.3452,-0.7,0.0,-6.0,0.0
det,35.3452,1266.75,786.03,25.19,79.86,0.753,Body
err,35.3784,-0.63,-6.03
dbg,35.3784,-0.6,0.0,-6.0,0.0
det,35.3784,1266.78,785.98,25.19,79.92,0.753,Body
err,35.4127,-0.68,-6.06
dbg,35.4127,-0.7,0.0,-6.1,0.0
det,35.4127,1266.74,785.94,25.17,80.0,0.753,Body
err,35.4453,-0.69,-5.97
dbg,35.4453,-0.7,0.0,-6.0,0.0
det,35.4453,1266.71,786.04,25.2,79.92,0.753,Body
err,35.4788,-0.65,-5.95
dbg,35.4788,-0.6,0.0,-6.0,0.0
det,35.4788,1266.8,786.07,25.1,79.83,0.752,Body
err,35.5127,-0.62,-6.01
dbg,35.5127,-0.6,0.0,-6.0,0.0
det,35.5127,1266.81,786.0,25.12,79.91,0.752,Body
err,35.5468,-0.67,-6.05
dbg,35.5468,-0.7,0.0,-6.0,0.0
det,35.5468,1266.75,785.95,25.15,79.99,0.753,Body
err,35.5788,-0.68,-5.97
dbg,35.5788,-0.7,0.0,-6.0,0.0
det,35.5788,1266.71,786.04,25.21,79.91,0.753,Body
err,35.612,-0.64,-5.95
dbg,35.612,-0.6,0.0,-6.0,0.0
det,35.612,1266.8,786.07,25.11,79.82,0.752,Body
cmd,35.612,-1,-8
err,35.6475,-0.62,-5.99
dbg,35.6475,-0.6,0.0,-6.0,0.0
det,35.6475,1266.83,786.02,25.09,79.88,0.752,Body
err,35.6807,-0.67,-6.03
dbg,35.6807,-0.7,0.0,-6.0,0.0
det,35.6807,1266.78,785.97,25.11,79.96,0.753,Body
err,36.2454,-5.56,-0.03
dbg,36.2454,-5.6,0.0,-0.0,0.0
det,36.2454,1263.18,792.42,22.51,75.47,0.747,Body
cmd,36.2454,-7,0
err,36.2799,-21.7,-0.47
dbg,36.2799,-21.7,0.0,-0.5,0.0
det,36.2799,1246.98,792.46,22.64,70.61,0.678,Body
err,36.3137,-28.81,-4.1
dbg,36.3137,-28.8,0.0,-4.1,0.0
det,36.3137,1238.54,788.84,25.3,70.59,0.783,Body
err,36.3476,-34.61,-9.29
dbg,36.3476,-34.6,0.0,-9.3,0.0
det,36.3476,1232.31,783.55,26.17,71.57,0.728,Body
err,36.3799,-28.65,-7.84
dbg,36.3799,-28.6,0.0,-7.8,0.0
det,36.3799,1238.95,782.7,25.42,70.9,0.727,Body
det,36.3799,1244.8,783.43,13.1,15.86,0.421,Head
err,36.4124,-30.57,-12.36
dbg,36.4124,-30.6,0.0,-12.4,0.0
det,36.4124,1235.92,780.5,27.04,71.42,0.741,Body
err,36.4472,-30.61,-12.45
dbg,36.4472,-30.6,0.0,-12.4,0.0
det,36.4472,1235.83,780.39,27.12,71.6,0.741,Body
err,36.48,-30.61,-12.3
dbg,36.48,-30.6,0.0,-12.3,0.0
det,36.48,1235.95,780.55,26.89,71.46,0.739,Body
err,36.5127,-30.54,-12.39
dbg,36.5127,-30.5,0.0,-12.4,0.0
det,36.5127,1235.99,780.46,26.93,71.46,0.741,Body
err,36.5472,-30.56,-12.38
dbg,36.5472,-30.6,0.0,-12.4,0.0
det,36.5472,1235.91,780.48,27.05,71.42,0.742,Body
err,36.5881,-30.61,-12.43
dbg,36.5881,-30.6,0.0,-12.4,0.0
det,36.5881,1235.87,780.41,27.05,71.57,0.741,Body
err,36.6174,-30.6,-12.29
dbg,36.6174,-30.6,0.0,-12.3,0.0
det,36.6174,1235.98,780.57,26.83,71.43,0.74,Body
err,36.6491,-30.54,-12.38
dbg,36.6491,-30.5,0.0,-12.4,0.0
det,36.6491,1236.02,780.48,26.88,71.43,0.741,Body
err,36.6835,-30.57,-12.37
dbg,36.6835,-30.6,0.0,-12.4,0.0
det,36.6835,1235.93,780.48,27.0,71.43,0.742,Body
err,36.7134,-30.61,-12.44
dbg,36.7134,-30.6,0.0,-12.4,0.0
det,36.7134,1235.86,780.4,27.06,71.59,0.741,Body
err,36.7462,-30.6,-12.28
dbg,36.7462,-30.6,0.0,-12.3,0.0
det,36.7462,1236.0,780.58,26.8,71.43,0.74,Body
cmd,36.7462,-41,-16
err,36.7812,-30.54,-12.37
dbg,36.7812,-30.5,0.0,-12.4,0.0
det,36.7812,1236.04,780.49,26.85,71.43,0.741,Body
err,36.8173,-30.56,-12.36
dbg,36.8173,-30.6,0.0,-12.4,0.0
det,36.8173,1235.96,780.5,26.94,71.4,0.742,Body
err,36.8503,-30.61,-12.43
dbg,36.8503,-30.6,0.0,-12.4,0.0
det,36.8503,1235.88,780.42,27.03,71.57,0.741,Body
err,36.8857,-0.21,-7.39
dbg,36.8857,-0.2,0.0,-7.4,0.0
det,36.8857,1266.68,784.67,26.22,79.33,0.754,Body
err,36.9168,-0.22,-7.43
dbg,36.9168,-0.2,0.0,-7.4,0.0
det,36.9168,1266.61,784.63,26.34,79.4,0.753,Body
err,36.9475,-0.16,-7.35
dbg,36.9475,-0.2,0.0,-7.4,0.0
det,36.9475,1266.76,784.72,26.17,79.3,0.753,Body
err,36.9805,-0.15,-7.4
dbg,36.9805,-0.1,0.0,-7.4,0.0
det,36.9805,1266.7,784.66,26.3,79.38,0.754,Body
err,37.0136,-0.21,-7.38
dbg,37.0136,-0.2,0.0,-7.4,0.0
det,37.0136,1266.71,784.69,26.16,79.31,0.754,Body
err,37.0453,-0.21,-7.42
dbg,37.0453,-0.2,0.0,-7.4,0.0
det,37.0453,1266.63,784.64,26.3,79.39,0.753,Body
err,37.0797,-0.16,-7.34
dbg,37.0797,-0.2,0.0,-7.3,0.0
det,37.0797,1266.77,784.73,26.15,79.3,0.753,Body
err,37.1121,-0.14,-7.39
dbg,37.1121,-0.1,0.0,-7.4,0.0
det,37.1121,1266.73,784.67,26.26,79.38,0.754,Body
err,37.1474,-0.21,-7.37
dbg,37.1474,-0.2,0.0,-7.4,0.0
det,37.1474,1266.72,784.7,26.15,79.31,0.754,Body
err,37.1832,-0.21,-7.42
dbg,37.1832,-0.2,0.0,-7.4,0.0
det,37.1832,1266.64,784.64,26.3,79.4,0.753,Body
err,37.2149,-0.15,-7.34
dbg,37.2149,-0.2,0.0,-7.3,0.0
det,37.2149,1266.78,784.73,26.14,79.31,0.753,Body
err,37.2491,-0.15,-7.41
dbg,37.2491,-0.1,0.0,-7.4,0.0
det,37.2491,1266.69,784.65,26.32,79.41,0.754,Body
cmd,37.2491,0,-10
err,37.2841,-0.21,-7.41
dbg,37.2841,-0.2,0.0,-7.4,0.0
det,37.2841,1266.67,784.66,26.23,79.35,0.754,Body
err,37.315,-0.22,-7.46
dbg,37.315,-0.2,0.0,-7.5,0.0
det,37.315,1266.59,784.6,26.39,79.43,0.753,Body
err,37.9116,-2.35,-2.28
dbg,37.9116,-2.3,0.0,-2.3,0.0
det,37.9116,1264.37,789.94,26.57,77.82,0.732,Body
cmd,37.9116,-3,-3
err,37.9446,-19.38,-12.4
dbg,37.9446,-19.4,0.0,-12.4,0.0
det,37.9446,1247.47,780.54,26.3,70.66,0.728,Body
err,37.9781,-32.21,-32.33
dbg,37.9781,-32.2,0.0,-32.3,0.0
det,37.9781,1234.11,760.09,27.36,75.79,0.741,Body
err,38.0116,-36.96,-38.79
dbg,38.0116,-37.0,0.0,-38.8,0.0
det,38.0116,1229.32,753.91,27.45,73.04,0.597,Body
err,38.0441,-37.65,-42.9
dbg,38.0441,-37.7,0.0,-42.9,0.0
det,38.0441,1230.09,750.0,24.51,70.97,0.695,Body
err,38.0849,-37.63,-42.95
dbg,38.0849,-37.6,0.0,-43.0,0.0
det,38.0849,1230.13,749.94,24.46,71.04,0.697,Body
err,38.121,-37.66,-42.89
dbg,38.121,-37.7,0.0,-42.9,0.0
det,38.121,1230.12,750.01,24.44,71.0,0.691,Body
err,38.1501,-36.82,-41.73
dbg,38.1501,-36.8,0.0,-41.7,0.0
det,38.1501,1229.68,750.94,26.98,73.31,0.544,Body
err,38.1848,-36.82,-41.73
dbg,38.1848,-36.8,0.0,-41.7,0.0
det,38.1848,1229.66,750.95,27.02,73.23,0.528,Body
err,38.2158,-36.82,-41.73
dbg,38.2158,-36.8,0.0,-41.7,0.0
det,38.2158,1229.69,750.94,26.98,73.29,0.542,Body
err,38.2485,-36.81,-41.76
dbg,38.2485,-36.8,0.0,-41.8,0.0
det,38.2485,1229.67,750.9,27.03,73.36,0.526,Body
err,38.2815,-36.83,-41.73
dbg,38.2815,-36.8,0.0,-41.7,0.0
det,38.2815,1229.69,750.94,26.97,73.3,0.542,Body
err,38.3146,-36.83,-41.74
dbg,38.3146,-36.8,0.0,-41.7,0.0
det,38.3146,1229.66,750.94,27.02,73.24,0.524,Body
err,38.3488,-36.82,-41.73
dbg,38.3488,-36.8,0.0,-41.7,0.0
det,38.3488,1229.69,750.94,26.98,73.29,0.543,Body
err,38.3815,-36.81,-41.76
dbg,38.3815,-36.8,0.0,-41.8,0.0
det,38.3815,1229.67,750.91,27.04,73.35,0.531,Body
err,38.4042,-36.83,-41.71
dbg,38.4042,-36.8,0.0,-41.7,0.0
det,38.4042,1229.72,750.96,26.91,73.22,0.535,Body
err,38.4314,-36.8,-41.76
dbg,38.4314,-36.8,0.0,-41.8,0.0
det,38.4314,1229.68,750.9,27.04,73.33,0.54,Body
cmd,38.4314,-49,-56
err,38.4659,-36.82,-41.69
dbg,38.4659,-36.8,0.0,-41.7,0.0
det,38.4659,1229.71,750.98,26.93,73.24,0.548,Body
err,38.4984,-36.8,-41.69
dbg,38.4984,-36.8,0.0,-41.7,0.0
det,38.4984,1229.67,750.99,27.05,73.24,0.559,Body
err,38.5315,-36.83,-41.72
dbg,38.5315,-36.8,0.0,-41.7,0.0
det,38.5315,1229.71,750.96,26.92,73.22,0.543,Body
err,38.5654,-36.8,-41.77
dbg,38.5654,-36.8,0.0,-41.8,0.0
det,38.5654,1229.67,750.9,27.05,73.33,0.543,Body
err,38.5993,0.89,-2.81
dbg,38.5993,0.9,0.0,-2.8,0.0
det,38.5993,1267.1,789.66,27.59,75.25,0.796,Body
err,38.6335,0.88,-2.87
dbg,38.6335,0.9,0.0,-2.9,0.0
det,38.6335,1267.08,789.6,27.61,75.3,0.795,Body
err,38.6665,0.89,-2.87
dbg,38.6665,0.9,0.0,-2.9,0.0
det,38.6665,1267.11,789.59,27.55,75.34,0.795,Body
err,38.7008,0.91,-2.85
dbg,38.7008,0.9,0.0,-2.8,0.0
det,38.7008,1267.13,789.62,27.56,75.31,0.795,Body
err,38.7311,0.89,-2.84
dbg,38.7311,0.9,0.0,-2.8,0.0
det,38.7311,1267.09,789.63,27.6,75.28,0.795,Body
err,38.7648,0.89,-2.8
dbg,38.7648,0.9,0.0,-2.8,0.0
det,38.7648,1267.11,789.68,27.55,75.28,0.793,Body
err,38.7978,0.88,-2.88
dbg,38.7978,0.9,0.0,-2.9,0.0
det,38.7978,1267.1,789.58,27.56,75.35,0.794,Body
err,38.8312,0.91,-2.87
dbg,38.8312,0.9,0.0,-2.9,0.0
det,38.8312,1267.12,789.6,27.57,75.33,0.795,Body
err,38.8645,0.89,-2.85
dbg,38.8645,0.9,0.0,-2.9,0.0
det,38.8645,1267.09,789.62,27.61,75.3,0.795,Body
err,38.9014,0.89,-2.81
dbg,38.9014,0.9,0.0,-2.8,0.0
det,38.9014,1267.11,789.66,27.56,75.3,0.793,Body
err,38.9324,0.88,-2.9
dbg,38.9324,0.9,0.0,-2.9,0.0
det,38.9324,1267.07,789.56,27.61,75.37,0.794,Body
cmd,38.9324,1,-4
err,38.9648,0.9,-2.87
dbg,38.9648,0.9,0.0,-2.9,0.0
det,38.9648,1267.1,789.6,27.6,75.33,0.795,Body
err,38.9978,0.88,-2.87
dbg,38.9978,0.9,0.0,-2.9,0.0
det,38.9978,1267.05,789.6,27.68,75.31,0.795,Body
err,39.0308,0.88,-2.81
dbg,39.0308,0.9,0.0,-2.8,0.0
det,39.0308,1267.09,789.66,27.59,75.3,0.793,Body
err,39.065,0.88,-2.9
dbg,39.065,0.9,0.0,-2.9,0.0
det,39.065,1267.08,789.57,27.59,75.37,0.794,Body
err,39.1,0.9,-2.86
dbg,39.1,0.9,0.0,-2.9,0.0
det,39.1,1267.11,789.6,27.59,75.32,0.795,Body
err,39.1315,0.88,-2.86
dbg,39.1315,0.9,0.0,-2.9,0.0
det,39.1315,1267.05,789.61,27.66,75.31,0.795,Body
err,39.1663,-0.2,-2.06
dbg,39.1663,-0.2,0.0,-2.1,0.0
det,39.1663,1266.79,790.08,26.03,78.6,0.711,Body
err,39.1997,-0.18,-2.27
dbg,39.1997,-0.2,0.0,-2.3,0.0
det,39.1997,1266.79,789.83,26.05,78.94,0.715,Body
err,39.2335,-0.19,-2.03
dbg,39.2335,-0.2,0.0,-2.0,0.0
det,39.2335,1266.84,790.09,25.94,78.73,0.713,Body
err,39.2688,-0.15,-2.02
dbg,39.2688,-0.2,0.0,-2.0,0.0
det,39.2688,1266.89,790.13,25.91,78.56,0.718,Body
err,39.2997,-0.2,-2.03
dbg,39.2997,-0.2,0.0,-2.0,0.0
det,39.2997,1266.84,790.12,25.93,78.56,0.712,Body
err,39.3311,-0.18,-2.24
dbg,39.3311,-0.2,0.0,-2.2,0.0
det,39.3311,1266.85,789.87,25.95,78.9,0.715,Body
err,39.3649,-0.19,-2.02
dbg,39.3649,-0.2,0.0,-2.0,0.0
det,39.3649,1266.88,790.11,25.86,78.71,0.714,Body
err,39.3977,-0.15,-1.99
dbg,39.3977,-0.2,0.0,-2.0,0.0
det,39.3977,1266.93,790.16,25.83,78.53,0.719,Body
err,39.432,-0.2,-2.04
dbg,39.432,-0.2,0.0,-2.0,0.0
det,39.432,1266.83,790.11,25.94,78.59,0.713,Body
err,39.4667,-0.18,-2.24
dbg,39.4667,-0.2,0.0,-2.2,0.0
det,39.4667,1266.84,789.87,25.95,78.91,0.716,Body
cmd,39.4667,0,-3
err,39.4982,-0.19,-1.99
dbg,39.4982,-0.2,0.0,-2.2,0.0
det,39.4982,1266.9,790.14,25.81,78.69,0.714,Body
err,39.5321,-0.15,-1.97
dbg,39.5321,-0.2,0.0,-2.2,0.0
det,39.5321,1266.94,790.18,25.81,78.52,0.718,Body
err,39.5646,-0.2,-2.0
dbg,39.5646,-0.2,0.0,-2.0,0.0
det,39.5646,1266.85,790.14,25.89,78.55,0.713,Body
err,39.598,-0.18,-2.22
dbg,39.598,-0.2,0.0,-2.2,0.0
det,39.598,1266.86,789.89,25.91,78.89,0.715,Body
err,39.7647,1.92,3.43
dbg,39.7647,1.9,0.0,3.4,0.0
det,39.7647,1270.79,796.02,22.25,74.09,0.684,Body
err,39.7989,12.64,-0.84
dbg,39.7989,12.6,0.0,-0.8,0.0
det,39.7989,1278.78,791.59,27.72,75.7,0.702,Body
err,39.8329,24.64,-3.36
dbg,39.8329,24.6,0.0,-3.4,0.0
det,39.8329,1293.0,789.44,23.28,71.99,0.699,Body
err,39.8659,31.32,-6.04
dbg,39.8659,31.3,0.0,-6.0,0.0
det,39.8659,1297.96,786.62,26.71,73.32,0.739,Body
err,39.9005,34.83,-3.86
dbg,39.9005,34.8,0.0,-3.9,0.0
det,39.9005,1301.19,789.2,27.28,69.41,0.785,Body
err,39.9329,34.85,-3.89
dbg,39.9329,34.8,0.0,-3.9,0.0
det,39.9329,1301.21,789.16,27.27,69.48,0.786,Body
err,39.9656,34.85,-3.88
dbg,39.9656,34.9,0.0,-3.9,0.0
det,39.9656,1301.17,789.18,27.36,69.38,0.786,Body
err,39.9984,34.86,-3.95
dbg,39.9984,34.9,0.0,-4.0,0.0
det,39.9984,1301.2,789.1,27.32,69.54,0.786,Body
cmd,39.9984,47,-5
err,40.031,34.83,-3.88
dbg,40.031,34.8,0.0,-3.9,0.0
det,40.031,1301.17,789.18,27.31,69.41,0.784,Body
err,40.0651,34.85,-3.91
dbg,40.0651,34.8,0.0,-3.9,0.0
det,40.0651,1301.18,789.15,27.34,69.48,0.786,Body
err,40.0979,34.85,-3.89
dbg,40.0979,34.9,0.0,-3.9,0.0
det,40.0979,1301.15,789.17,27.41,69.37,0.786,Body
err,40.1325,34.86,-3.95
dbg,40.1325,34.9,0.0,-3.9,0.0
det,40.1325,1301.19,789.1,27.34,69.52,0.786,Body
err,40.1654,-1.25,-8.01
dbg,40.1654,-1.3,0.0,-8.0,0.0
det,40.1654,1265.7,784.25,26.09,77.45,0.759,Body
err,40.198,-1.23,-8.06
dbg,40.198,-1.2,0.0,-8.1,0.0
det,40.198,1265.71,784.2,26.13,77.44,0.76,Body
err,40.2313,-1.25,-8.09
dbg,40.2313,-1.3,0.0,-8.1,0.0
det,40.2313,1265.7,784.16,26.1,77.48,0.759,Body
err,40.2656,-1.27,-8.03
dbg,40.2656,-1.3,0.0,-8.0,0.0
det,40.2656,1265.66,784.23,26.15,77.39,0.759,Body
err,40.2986,-1.25,-8.03
dbg,40.2986,-1.2,0.0,-8.0,0.0
det,40.2986,1265.67,784.22,26.16,77.48,0.76,Body
err,40.3316,-1.23,-8.06
dbg,40.3316,-1.2,0.0,-8.1,0.0
det,40.3316,1265.7,784.19,26.14,77.45,0.761,Body
err,40.3647,-1.26,-8.12
dbg,40.3647,-1.3,0.0,-8.1,0.0
det,40.3647,1265.68,784.13,26.14,77.49,0.759,Body
err,40.4007,-1.27,-8.05
dbg,40.4007,-1.3,0.0,-8.1,0.0
det,40.4007,1265.65,784.21,26.17,77.4,0.759,Body
err,40.4329,-1.25,-8.03
dbg,40.4329,-1.3,0.0,-8.0,0.0
det,40.4329,1265.66,784.22,26.17,77.46,0.759,Body
err,40.4647,-1.23,-8.06
dbg,40.4647,-1.2,0.0,-8.1,0.0
det,40.4647,1265.68,784.19,26.17,77.43,0.76,Body
err,40.4984,-1.26,-8.09
dbg,40.4984,-1.3,0.0,-8.1,0.0
det,40.4984,1265.7,784.16,26.1,77.46,0.76,Body
err,40.5318,-1.27,-8.01
dbg,40.5318,-1.3,0.0,-8.0,0.0
det,40.5318,1265.69,784.25,26.09,77.37,0.76,Body
cmd,40.5318,-2,-11
err,40.5669,-1.25,-8.02
dbg,40.5669,-1.2,0.0,-8.0,0.0
det,40.5669,1265.68,784.24,26.15,77.45,0.76,Body
err,40.6003,-1.23,-8.05
dbg,40.6003,-1.2,0.0,-8.1,0.0
det,40.6003,1265.7,784.2,26.15,77.42,0.761,Body
err,40.632,0.89,4.84
dbg,40.632,0.9,0.0,4.8,0.0
det,40.632,1269.33,797.71,23.11,71.27,0.534,Body
err,40.6648,0.89,4.64
dbg,40.6648,0.9,0.0,4.6,0.0
det,40.6648,1269.31,797.5,23.17,71.38,0.534,Body
err,40.7005,0.86,4.8
dbg,40.7005,0.9,0.0,4.8,0.0
det,40.7005,1269.34,797.68,23.05,71.23,0.53,Body
err,40.7312,0.91,4.68
dbg,40.7312,0.9,0.0,4.7,0.0
det,40.7312,1269.33,797.54,23.16,71.4,0.529,Body
err,40.7644,0.89,4.83
dbg,40.7644,0.9,0.0,4.8,0.0
det,40.7644,1269.3,797.7,23.16,71.27,0.527,Body
err,40.798,0.89,4.64
dbg,40.798,0.9,0.0,4.6,0.0
det,40.798,1269.29,797.5,23.2,71.37,0.529,Body
err,40.8314,0.86,4.79
dbg,40.8314,0.9,0.0,4.8,0.0
det,40.8314,1269.31,797.67,23.1,71.24,0.529,Body
err,40.8651,0.91,4.68
dbg,40.8651,0.9,0.0,4.7,0.0
det,40.8651,1269.33,797.54,23.16,71.41,0.53,Body
err,40.8982,0.88,4.83
dbg,40.8982,0.9,0.0,4.8,0.0
det,40.8982,1269.32,797.71,23.11,71.25,0.536,Body
err,40.9317,0.89,4.65
dbg,40.9317,0.9,0.0,4.6,0.0
det,40.9317,1269.32,797.51,23.14,71.36,0.539,Body
err,40.9647,0.85,4.8
dbg,40.9647,0.9,0.0,4.8,0.0
det,40.9647,1269.34,797.68,23.03,71.22,0.539,Body
err,40.9982,0.9,4.69
dbg,40.9982,0.9,0.0,4.7,0.0
det,40.9982,1269.35,797.55,23.11,71.39,0.539,Body
err,41.0325,0.88,4.84
dbg,41.0325,0.9,0.0,4.8,0.0
det,41.0325,1269.34,797.72,23.07,71.23,0.538,Body
cmd,41.0325,1,6
err,41.0648,0.89,4.65
dbg,41.0648,0.9,0.0,4.7,0.0
det,41.0648,1269.32,797.52,23.15,71.33,0.534,Body
err,41.0986,0.86,4.81
dbg,41.0986,0.9,0.0,4.8,0.0
det,41.0986,1269.36,797.69,22.99,71.19,0.541,Body
err,41.1311,0.91,4.69
dbg,41.1311,0.9,0.0,4.7,0.0
det,41.1311,1269.36,797.56,23.09,71.37,0.541,Body
err,41.1653,0.88,4.84
dbg,41.1653,0.9,0.0,4.8,0.0
det,41.1653,1269.35,797.72,23.06,71.22,0.542,Body
err,41.1994,0.1,-3.12
dbg,41.1994,0.1,0.0,-3.1,0.0
det,41.1994,1265.47,789.13,29.26,77.55,0.779,Body
err,41.2314,-10.38,-0.48
dbg,41.2314,-10.4,0.0,-0.5,0.0
det,41.2314,1255.6,792.13,28.05,73.86,0.616,Body
err,41.2653,-24.63,0.73
dbg,41.2653,-24.6,0.0,0.7,0.0
det,41.2653,1242.6,793.55,25.55,71.78,0.713,Body
err,41.2981,-24.64,0.74
dbg,41.2981,-24.6,0.0,0.7,0.0
det,41.2981,1242.59,793.56,25.54,71.86,0.714,Body
err,41.3314,-27.29,-0.75
dbg,41.3314,-27.3,0.0,-0.8,0.0
det,41.3314,1239.74,791.88,25.93,73.73,0.753,Body
err,41.3651,-27.3,-0.72
dbg,41.3651,-27.3,0.0,-0.7,0.0
det,41.3651,1239.75,791.91,25.9,73.68,0.752,Body
err,41.3985,-27.29,-0.67
dbg,41.3985,-27.3,0.0,-0.7,0.0
det,41.3985,1239.75,791.97,25.91,73.64,0.751,Body
err,41.4327,-27.28,-0.75
dbg,41.4327,-27.3,0.0,-0.8,0.0
det,41.4327,1239.79,791.87,25.86,73.74,0.752,Body
err,41.4662,-27.28,-0.78
dbg,41.4662,-27.3,0.0,-0.8,0.0
det,41.4662,1239.73,791.85,25.97,73.77,0.753,Body
err,41.5007,-27.29,-0.75
dbg,41.5007,-27.3,0.0,-0.8,0.0
det,41.5007,1239.74,791.88,25.94,73.7,0.752,Body
err,41.532,-27.28,-0.72
dbg,41.532,-27.3,0.0,-0.7,0.0
det,41.532,1239.74,791.91,25.97,73.7,0.75,Body
err,41.5644,-27.27,-0.79
dbg,41.5644,-27.3,0.0,-0.8,0.0
det,41.5644,1239.78,791.83,25.91,73.78,0.752,Body
cmd,41.5644,-37,-1
err,41.5985,-27.28,-0.8
dbg,41.5985,-27.3,0.0,-0.8,0.0
det,41.5985,1239.73,791.83,25.99,73.78,0.752,Body
err,41.6332,-27.29,-0.77
dbg,41.6332,-27.3,0.0,-0.8,0.0
det,41.6332,1239.74,791.86,25.95,73.73,0.751,Body
err,41.6661,-0.01,-4.2
dbg,41.6661,-0.0,0.0,-4.2,0.0
det,41.6661,1265.68,787.98,28.61,78.12,0.778,Body
err,41.6999,-0.06,-4.21
dbg,41.6999,-0.1,0.0,-4.2,0.0
det,41.6999,1265.64,787.97,28.61,78.13,0.775,Body
err,41.7352,-0.04,-4.24
dbg,41.7352,-0.0,0.0,-4.2,0.0
det,41.7352,1265.68,787.95,28.57,78.16,0.778,Body
err,41.7661,-0.0,-4.14
dbg,41.7661,-0.0,0.0,-4.1,0.0
det,41.7661,1265.73,788.06,28.53,78.0,0.777,Body
err,41.7981,-0.02,-4.2
dbg,41.7981,-0.0,0.0,-4.2,0.0
det,41.7981,1265.69,787.99,28.59,78.13,0.778,Body
err,41.8312,-0.06,-4.21
dbg,41.8312,-0.1,0.0,-4.2,0.0
det,41.8312,1265.63,787.98,28.61,78.13,0.775,Body
err,41.8649,-0.04,-4.23
dbg,41.8649,-0.0,0.0,-4.2,0.0
det,41.8649,1265.69,787.96,28.56,78.16,0.778,Body
err,41.8988,-0.0,-4.15
dbg,41.8988,-0.0,0.0,-4.1,0.0
det,41.8988,1265.72,788.05,28.56,78.01,0.777,Body
err,41.9311,-0.01,-4.21
dbg,41.9311,-0.0,0.0,-4.2,0.0
det,41.9311,1265.67,787.97,28.63,78.16,0.778,Body
err,41.9645,-0.06,-4.23
dbg,41.9645,-0.1,0.0,-4.2,0.0
det,41.9645,1265.61,787.96,28.65,78.17,0.775,Body
err,42.001,-0.03,-4.24
dbg,42.001,-0.0,0.0,-4.2,0.0
det,42.001,1265.68,787.94,28.57,78.2,0.778,Body
err,42.0354,-0.0,-4.12
dbg,42.0354,-0.0,0.0,-4.1,0.0
det,42.0354,1265.76,788.08,28.47,78.0,0.777,Body
err,42.0694,-0.01,-4.19
dbg,42.0694,-0.0,0.0,-4.2,0.0
det,42.0694,1265.71,787.99,28.57,78.15,0.778,Body
cmd,42.0694,0,-6
err,42.1011,-0.06,-4.2
dbg,42.1011,-0.1,0.0,-4.2,0.0
det,42.1011,1265.65,787.98,28.59,78.16,0.775,Body
err,42.133,-0.03,-4.22
dbg,42.133,-0.0,0.0,-4.2,0.0
det,42.133,1265.71,787.97,28.51,78.18,0.778,Body
err,42.1642,0.06,-0.48
dbg,42.1642,-0.0,0.0,-4.2,0.0
det,42.1642,1267.96,791.83,24.19,76.91,0.613,Body
err,42.1999,0.05,-0.43
dbg,42.1999,-0.0,0.0,-4.2,0.0
det,42.1999,1267.92,791.89,24.26,76.88,0.623,Body
err,42.2323,0.04,-0.31
dbg,42.2323,-0.0,0.0,-4.2,0.0
det,42.2323,1267.94,792.01,24.21,76.76,0.621,Body
err,42.2647,0.08,-0.54
dbg,42.2647,-0.0,0.0,-4.2,0.0
det,42.2647,1267.98,791.76,24.19,76.97,0.626,Body
err,42.2983,0.06,-0.43
dbg,42.2983,-0.0,0.0,-4.2,0.0
det,42.2983,1268.0,791.89,24.12,76.84,0.613,Body
err,42.3316,0.05,-0.4
dbg,42.3316,-0.0,0.0,-4.2,0.0
det,42.3316,1267.94,791.92,24.21,76.85,0.622,Body
err,42.3649,0.04,-0.3
dbg,42.3649,-0.0,0.0,-4.2,0.0
det,42.3649,1267.95,792.03,24.17,76.74,0.622,Body
err,42.3986,0.08,-0.52
dbg,42.3986,-0.0,0.0,-4.2,0.0
det,42.3986,1267.99,791.79,24.17,76.95,0.623,Body
err,42.4331,0.06,-0.42
dbg,42.4331,-0.0,0.0,-4.2,0.0
det,42.4331,1268.0,791.9,24.11,76.84,0.61,Body
err,42.4675,0.05,-0.37
dbg,42.4675,-0.0,0.0,-4.2,0.0
det,42.4675,1267.96,791.95,24.18,76.82,0.621,Body
err,42.5014,0.04,-0.27
dbg,42.5014,-0.0,0.0,-4.2,0.0
det,42.5014,1267.97,792.06,24.12,76.72,0.621,Body
err,42.5337,0.07,-0.51
dbg,42.5337,-0.0,0.0,-4.2,0.0
det,42.5337,1268.0,791.79,24.14,76.94,0.624,Body
err,42.5678,0.06,-0.39
dbg,42.5678,-0.0,0.0,-4.2,0.0
det,42.5678,1268.03,791.93,24.05,76.81,0.614,Body
err,42.5997,0.05,-0.36
dbg,42.5997,-0.0,0.0,-4.2,0.0
det,42.5997,1267.98,791.96,24.14,76.8,0.625,Body
err,42.6312,0.04,-0.26
dbg,42.6312,-0.0,0.0,-4.2,0.0
det,42.6312,1267.99,792.07,24.1,76.71,0.624,Body
err,42.6648,0.08,-0.51
dbg,42.6648,-0.0,0.0,-4.2,0.0
det,42.6648,1268.01,791.8,24.12,76.95,0.627,Body
err,42.6981,-5.02,2.42
dbg,42.6981,-5.0,0.0,2.4,0.0
det,42.6981,1263.0,795.01,23.96,74.07,0.644,Body
cmd,42.6981,-7,3
err,42.7318,-19.03,2.05
dbg,42.7318,-19.0,0.0,2.1,0.0
det,42.7318,1248.28,794.72,25.36,73.3,0.661,Body
err,42.7649,-33.18,-1.72
dbg,42.7649,-33.2,0.0,-1.7,0.0
det,42.7649,1234.28,790.68,25.08,75.91,0.735,Body
err,42.7989,-37.18,-2.45
dbg,42.7989,-37.2,0.0,-2.5,0.0
det,42.7989,1231.12,786.88,23.79,74.95,0.729,Body
det,42.7989,1238.3,788.92,9.04,15.69,0.405,Head
err,42.832,-38.37,-2.29
dbg,42.832,-38.4,0.0,-2.3,0.0
det,42.832,1229.44,786.64,24.06,74.35,0.738,Body
det,42.832,1236.82,788.97,9.61,15.89,0.461,Head
err,42.8648,-38.36,-2.26
dbg,42.8648,-38.4,0.0,-2.3,0.0
det,42.8648,1229.46,786.64,24.05,74.34,0.736,Body
det,42.8648,1236.82,788.97,9.65,15.95,0.459,Head
err,42.9006,-38.36,-2.27
dbg,42.9006,-38.4,0.0,-2.3,0.0
det,42.9006,1229.46,786.65,24.02,74.35,0.736,Body
det,42.9006,1236.83,788.97,9.62,15.92,0.46,Head
err,42.9328,-38.37,-2.27
dbg,42.9328,-38.4,0.0,-2.3,0.0
det,42.9328,1229.47,786.63,24.08,74.29,0.737,Body
det,42.9328,1236.8,788.96,9.66,15.94,0.46,Head
err,42.9668,-38.37,-2.28
dbg,42.9668,-38.4,0.0,-2.3,0.0
det,42.9668,1229.42,786.63,24.09,74.36,0.738,Body
det,42.9668,1236.81,788.97,9.64,15.91,0.461,Head
err,43.0003,-38.36,-2.25
dbg,43.0003,-38.4,0.0,-2.3,0.0
det,43.0003,1229.44,786.64,24.08,74.35,0.736,Body
det,43.0003,1236.81,788.98,9.66,15.95,0.459,Head
err,43.0348,-38.36,-2.27
dbg,43.0348,-38.4,0.0,-2.3,0.0
det,43.0348,1229.44,786.64,24.07,74.38,0.737,Body
det,43.0348,1236.81,788.97,9.65,15.93,0.461,Head
err,43.0677,-38.37,-2.27
dbg,43.0677,-38.4,0.0,-2.3,0.0
det,43.0677,1229.48,786.65,24.06,74.29,0.737,Body
det,43.0677,1236.81,788.97,9.64,15.92,0.459,Head
err,43.0988,-38.37,-2.28
dbg,43.0988,-38.4,0.0,-2.3,0.0
det,43.0988,1229.42,786.62,24.09,74.36,0.738,Body
det,43.0988,1236.8,788.96,9.65,15.91,0.462,Head
err,43.1317,-38.36,-2.25
dbg,43.1317,-38.4,0.0,-2.3,0.0
det,43.1317,1229.43,786.62,24.1,74.35,0.736,Body
det,43.1317,1236.8,788.96,9.69,15.97,0.46,Head
err,43.1649,-38.36,-2.27
dbg,43.1649,-38.4,0.0,-2.3,0.0
det,43.1649,1229.43,786.64,24.07,74.35,0.736,Body
det,43.1649,1236.81,788.97,9.65,15.93,0.46,Head
err,43.1994,-38.37,-2.27
dbg,43.1994,-38.4,0.0,-2.3,0.0
det,43.1994,1229.46,786.65,24.08,74.27,0.737,Body
det,43.1994,1236.8,788.97,9.66,15.93,0.459,Head
cmd,43.1994,-51,-3
err,43.2314,-38.37,-2.28
dbg,43.2314,-38.4,0.0,-2.3,0.0
det,43.2314,1229.42,786.64,24.08,74.34,0.738,Body
det,43.2314,1236.81,788.97,9.63,15.9,0.461,Head
err,43.2648,-38.36,-2.25
dbg,43.2648,-38.4,0.0,-2.3,0.0
det,43.2648,1229.43,786.64,24.1,74.33,0.736,Body
det,43.2648,1236.81,788.97,9.68,15.95,0.459,Head
err,43.2991,-0.2,-7.39
dbg,43.2991,-0.2,0.0,-7.4,0.0
det,43.2991,1266.65,784.69,26.3,79.25,0.754,Body
err,43.3317,-0.18,-7.25
dbg,43.3317,-0.2,0.0,-7.2,0.0
det,43.3317,1266.63,784.84,26.38,79.08,0.754,Body
err,43.3664,-0.18,-7.19
dbg,43.3664,-0.2,0.0,-7.2,0.0
det,43.3664,1266.68,784.91,26.28,79.04,0.753,Body
err,43.3984,-0.17,-7.37
dbg,43.3984,-0.2,0.0,-7.4,0.0
det,43.3984,1266.66,784.7,26.33,79.26,0.754,Body
err,43.4327,-0.19,-7.38
dbg,43.4327,-0.2,0.0,-7.4,0.0
det,43.4327,1266.66,784.7,26.28,79.25,0.754,Body
err,43.4647,-0.18,-7.25
dbg,43.4647,-0.2,0.0,-7.3,0.0
det,43.4647,1266.63,784.84,26.38,79.09,0.754,Body
err,43.499,-0.19,-7.2
dbg,43.499,-0.2,0.0,-7.2,0.0
det,43.499,1266.66,784.89,26.31,79.05,0.753,Body
err,43.5342,-0.18,-7.37
dbg,43.5342,-0.2,0.0,-7.4,0.0
det,43.5342,1266.65,784.7,26.35,79.25,0.754,Body
err,43.5677,-0.2,-7.39
dbg,43.5677,-0.2,0.0,-7.4,0.0
det,43.5677,1266.64,784.68,26.32,79.26,0.754,Body
err,43.601,-0.18,-7.23
dbg,43.601,-0.2,0.0,-7.2,0.0
det,43.601,1266.65,784.86,26.34,79.07,0.754,Body
err,43.6341,-0.19,-7.18
dbg,43.6341,-0.2,0.0,-7.2,0.0
det,43.6341,1266.69,784.91,26.25,79.03,0.753,Body
err,43.6647,-0.17,-7.35
dbg,43.6647,-0.2,0.0,-7.3,0.0
det,43.6647,1266.7,784.73,26.26,79.23,0.754,Body
err,43.6987,-0.19,-7.35
dbg,43.6987,-0.2,0.0,-7.4,0.0
det,43.6987,1266.7,784.72,26.22,79.23,0.754,Body
err,43.734,-0.18,-7.22
dbg,43.734,-0.2,0.0,-7.2,0.0
det,43.734,1266.67,784.87,26.32,79.06,0.754,Body
cmd,43.734,0,-10
err,43.7653,-0.16,-7.35
dbg,43.7653,-0.2,0.0,-7.3,0.0
det,43.7653,1266.75,784.73,26.18,79.27,0.753,Body
err,43.799,-0.17,-7.36
dbg,43.799,-0.2,0.0,-7.4,0.0
det,43.799,1266.67,784.71,26.3,79.23,0.753,Body
err,44.2004,0.05,-0.37
dbg,44.2004,-0.2,0.0,-7.4,0.0
det,44.2004,1267.94,791.95,24.21,76.78,0.626,Body
err,44.2328,11.75,-10.85
dbg,44.2328,11.7,0.0,-10.9,0.0
det,44.2328,1278.46,782.16,26.56,69.84,0.671,Body
err,44.2686,29.46,-29.03
dbg,44.2686,29.5,0.0,-29.0,0.0
det,44.2686,1295.69,763.56,27.54,74.11,0.711,Body
cmd,44.2686,39,-39
err,44.3054,41.31,-36.11
dbg,44.3054,41.3,0.0,-36.1,0.0
det,44.3054,1306.76,753.48,26.37,71.08,0.676,Body
det,44.3054,1316.41,755.43,9.8,15.36,0.511,Head
err,44.3534,51.03,-51.61
dbg,44.3534,51.0,0.0,-51.6,0.0
det,44.3534,1318.36,741.38,25.34,70.13,0.786,Body
err,44.3903,58.01,-60.13
dbg,44.3903,58.0,0.0,-60.1,0.0
det,44.3903,1326.24,732.96,23.54,69.09,0.715,Body
err,44.4235,29.11,-37.43
dbg,44.4235,29.1,0.0,-37.4,0.0
det,44.4235,1295.32,754.96,27.57,76.1,0.72,Body
err,44.4577,29.09,-37.33
dbg,44.4577,29.1,0.0,-37.3,0.0
det,44.4577,1295.32,755.07,27.55,76.01,0.72,Body
err,44.4906,29.11,-37.4
dbg,44.4906,29.1,0.0,-37.4,0.0
det,44.4906,1295.26,755.0,27.7,76.05,0.718,Body
err,44.5276,29.1,-37.53
dbg,44.5276,29.1,0.0,-37.5,0.0
det,44.5276,1295.23,754.85,27.74,76.18,0.72,Body
err,44.5602,29.09,-37.53
dbg,44.5602,29.1,0.0,-37.5,0.0
det,44.5602,1295.29,754.86,27.6,76.15,0.72,Body
err,44.592,29.08,-37.42
dbg,44.592,29.1,0.0,-37.4,0.0
det,44.592,1295.28,754.98,27.6,76.05,0.72,Body
err,44.6227,29.1,-37.39
dbg,44.6227,29.1,0.0,-37.4,0.0
det,44.6227,1295.25,755.01,27.7,76.0,0.719,Body
err,44.6561,29.09,-37.53
dbg,44.6561,29.1,0.0,-37.5,0.0
det,44.6561,1295.22,754.86,27.74,76.15,0.72,Body
err,44.6892,29.09,-37.56
dbg,44.6892,29.1,0.0,-37.6,0.0
det,44.6892,1295.26,754.82,27.65,76.18,0.719,Body
err,44.7224,29.08,-37.44
dbg,44.7224,29.1,0.0,-37.4,0.0
det,44.7224,1295.27,754.95,27.63,76.08,0.719,Body
err,44.7556,29.11,-37.38
dbg,44.7556,29.1,0.0,-37.4,0.0
det,44.7556,1295.24,755.01,27.74,76.03,0.718,Body
err,44.7899,29.11,-37.43
dbg,44.7899,29.1,0.0,-37.4,0.0
det,44.7899,1295.28,754.95,27.66,76.11,0.72,Body
cmd,44.7899,39,-50
err,44.8244,29.1,-37.49
dbg,44.8244,29.1,0.0,-37.5,0.0
det,44.8244,1295.3,754.89,27.59,76.14,0.72,Body
err,44.8618,29.1,-37.34
dbg,44.8618,29.1,0.0,-37.3,0.0
det,44.8618,1295.31,755.05,27.57,76.02,0.719,Body
err,44.8927,28.39,-37.96
dbg,44.8927,28.4,0.0,-38.0,0.0
det,44.8927,1295.78,754.47,25.23,75.68,0.703,Body
err,44.9267,28.37,-37.99
dbg,44.9267,28.4,0.0,-38.0,0.0
det,44.9267,1295.74,754.44,25.26,75.71,0.7,Body
err,44.9563,0.11,-2.77
dbg,44.9563,0.1,0.0,-2.8,0.0
det,44.9563,1266.12,789.38,27.97,78.48,0.76,Body
err,44.9891,0.14,-2.9
dbg,44.9891,0.1,0.0,-2.9,0.0
det,44.9891,1266.2,789.24,27.89,78.66,0.76,Body
err,45.0233,0.07,-2.89
dbg,45.0233,0.1,0.0,-2.9,0.0
det,45.0233,1266.09,789.24,27.96,78.65,0.759,Body
err,45.0557,0.13,-2.8
dbg,45.0557,0.1,0.0,-2.8,0.0
det,45.0557,1266.21,789.34,27.84,78.59,0.76,Body
err,45.0892,0.11,-2.75
dbg,45.0892,0.1,0.0,-2.8,0.0
det,45.0892,1266.15,789.4,27.93,78.46,0.76,Body
err,45.1221,0.15,-2.87
dbg,45.1221,0.1,0.0,-2.9,0.0
det,45.1221,1266.2,789.26,27.89,78.63,0.76,Body
err,45.1563,0.07,-2.87
dbg,45.1563,0.1,0.0,-2.9,0.0
det,45.1563,1266.1,789.27,27.94,78.62,0.759,Body
err,45.1905,0.13,-2.78
dbg,45.1905,0.1,0.0,-2.8,0.0
det,45.1905,1266.22,789.36,27.82,78.58,0.76,Body
err,45.223,0.11,-2.73
dbg,45.223,0.1,0.0,-2.7,0.0
det,45.223,1266.19,789.43,27.83,78.44,0.76,Body
err,45.2584,0.14,-2.86
dbg,45.2584,0.1,0.0,-2.9,0.0
det,45.2584,1266.24,789.28,27.81,78.62,0.76,Body
err,45.291,0.07,-2.86
dbg,45.291,0.1,0.0,-2.9,0.0
det,45.291,1266.14,789.28,27.87,78.61,0.759,Body
cmd,45.291,0,-4
err,45.3245,0.13,-2.77
dbg,45.3245,0.1,0.0,-2.8,0.0
det,45.3245,1266.24,789.37,27.77,78.57,0.76,Body
err,45.3558,0.11,-2.73
dbg,45.3558,0.1,0.0,-2.7,0.0
det,45.3558,1266.2,789.43,27.82,78.44,0.76,Body
err,45.5227,0.15,-3.17
dbg,45.5227,0.2,0.0,-3.2,0.0
det,45.5227,1265.44,789.07,29.43,77.66,0.78,Body
err,45.557,-3.18,-19.73
dbg,45.557,-3.2,0.0,-19.7,0.0
det,45.557,1263.38,772.78,26.88,74.86,0.75,Body
err,45.5891,-5.5,-33.55
dbg,45.5891,-5.5,0.0,-33.5,0.0
det,45.5891,1261.4,754.51,25.63,73.62,0.649,Body
det,45.5891,1268.88,757.24,11.23,16.74,0.363,Head
err,45.6229,-7.61,-53.05
dbg,45.6229,-7.6,0.0,-53.1,0.0
det,45.6229,1260.15,739.94,24.46,70.11,0.416,Body
err,45.6555,-8.58,-58.32
dbg,45.6555,-8.6,0.0,-58.3,0.0
det,45.6555,1258.85,734.4,25.14,72.75,0.376,Body
err,45.6916,-9.32,-60.49
dbg,45.6916,-9.3,0.0,-60.5,0.0
det,45.6916,1257.74,732.16,25.87,73.46,0.437,Body
err,45.7261,-10.67,-58.79
dbg,45.7261,-10.7,0.0,-58.8,0.0
det,45.7261,1256.58,729.84,27.83,76.21,0.683,Body
det,45.7261,1262.41,731.72,13.84,17.25,0.409,Head
err,45.7619,-10.73,-58.78
dbg,45.7619,-10.7,0.0,-58.8,0.0
det,45.7619,1256.54,729.88,27.85,76.25,0.687,Body
det,45.7619,1262.41,731.75,13.71,17.22,0.416,Head
err,45.7969,-10.71,-58.76
dbg,45.7969,-10.7,0.0,-58.8,0.0
det,45.7969,1256.56,729.86,27.83,76.05,0.677,Body
det,45.7969,1262.37,731.74,13.85,17.27,0.402,Head
cmd,45.7969,-14,-79
err,45.8303,-10.75,-58.8
dbg,45.8303,-10.7,0.0,-58.8,0.0
det,45.8303,1256.51,729.77,27.85,76.18,0.68,Body
det,45.8303,1262.3,731.69,13.92,17.29,0.401,Head
err,45.8583,-10.68,-58.79
dbg,45.8583,-10.7,0.0,-58.8,0.0
det,45.8583,1256.57,729.83,27.85,76.19,0.682,Body
det,45.8583,1262.39,731.72,13.87,17.26,0.408,Head
err,45.8907,-0.04,-8.46
dbg,45.8907,-0.0,0.0,-8.5,0.0
det,45.8907,1266.61,783.68,26.71,78.57,0.751,Body
err,45.9242,-0.03,-8.34
dbg,45.9242,-0.0,0.0,-8.3,0.0
det,45.9242,1266.69,783.83,26.55,78.38,0.751,Body
err,45.9573,-0.01,-8.46
dbg,45.9573,-0.0,0.0,-8.5,0.0
det,45.9573,1266.73,783.68,26.52,78.57,0.748,Body
err,45.9904,-0.03,-8.29
dbg,45.9904,-0.0,0.0,-8.3,0.0
det,45.9904,1266.73,783.87,26.49,78.37,0.751,Body
err,46.0227,-0.03,-8.44
dbg,46.0227,-0.0,0.0,-8.4,0.0
det,46.0227,1266.63,783.7,26.67,78.56,0.751,Body
err,46.0557,-0.03,-8.33
dbg,46.0557,-0.0,0.0,-8.3,0.0
det,46.0557,1266.69,783.83,26.56,78.39,0.751,Body
err,46.0892,-0.02,-8.46
dbg,46.0892,-0.0,0.0,-8.5,0.0
det,46.0892,1266.72,783.69,26.53,78.56,0.749,Body
err,46.1229,-0.03,-8.33
dbg,46.1229,-0.0,0.0,-8.3,0.0
det,46.1229,1266.69,783.84,26.56,78.4,0.751,Body
err,46.1557,-0.04,-8.45
dbg,46.1557,-0.0,0.0,-8.5,0.0
det,46.1557,1266.62,783.69,26.7,78.58,0.751,Body
err,46.1893,-0.04,-8.35
dbg,46.1893,-0.0,0.0,-8.3,0.0
det,46.1893,1266.67,783.81,26.58,78.41,0.751,Body
err,46.2227,-0.02,-8.45
dbg,46.2227,-0.0,0.0,-8.5,0.0
det,46.2227,1266.71,783.69,26.54,78.55,0.749,Body
err,46.2555,-0.04,-8.32
dbg,46.2555,-0.0,0.0,-8.3,0.0
det,46.2555,1266.68,783.84,26.57,78.39,0.751,Body
err,46.2927,-0.04,-8.46
dbg,46.2927,-0.0,0.0,-8.5,0.0
det,46.2927,1266.59,783.68,26.73,78.57,0.751,Body
err,46.3254,-0.04,-8.35
dbg,46.3254,-0.0,0.0,-8.4,0.0
det,46.3254,1266.66,783.81,26.6,78.4,0.751,Body
cmd,46.3254,0,-11
err,46.3595,-0.02,-8.44
dbg,46.3595,-0.0,0.0,-8.4,0.0
det,46.3595,1266.73,783.71,26.5,78.54,0.749,Body
err,46.3919,-0.03,-8.29
dbg,46.3919,-0.0,0.0,-8.3,0.0
det,46.3919,1266.72,783.88,26.5,78.35,0.752,Body
err,46.424,-0.04,-8.41
dbg,46.424,-0.0,0.0,-8.4,0.0
det,46.424,1266.64,783.73,26.65,78.53,0.751,Body
err,46.458,-0.04,-8.32
dbg,46.458,-0.0,0.0,-8.3,0.0
det,46.458,1266.69,783.84,26.54,78.37,0.752,Body
err,46.4896,-0.02,-8.42
dbg,46.4896,-0.0,0.0,-8.4,0.0
det,46.4896,1266.74,783.72,26.49,78.52,0.749,Body
err,46.5255,0.5,-1.47
dbg,46.5255,-0.0,0.0,-8.4,0.0
det,46.5255,1268.6,790.77,23.79,77.55,0.723,Body
err,46.5592,0.47,-1.49
dbg,46.5592,-0.0,0.0,-8.4,0.0
det,46.5592,1268.57,790.75,23.82,77.6,0.72,Body
err,46.5934,0.5,-1.56
dbg,46.5934,-0.0,0.0,-8.4,0.0
det,46.5934,1268.62,790.67,23.76,77.67,0.72,Body
err,46.6281,0.49,-1.61
dbg,46.6281,-0.0,0.0,-8.4,0.0
det,46.6281,1268.58,790.63,23.83,77.64,0.722,Body
err,46.6586,0.5,-1.47
dbg,46.6586,-0.0,0.0,-8.4,0.0
det,46.6586,1268.62,790.78,23.76,77.54,0.725,Body
err,46.6909,0.48,-1.5
dbg,46.6909,-0.0,0.0,-8.4,0.0
det,46.6909,1268.57,790.73,23.81,77.62,0.721,Body
err,46.7234,0.5,-1.57
dbg,46.7234,-0.0,0.0,-8.4,0.0
det,46.7234,1268.63,790.66,23.76,77.67,0.721,Body
err,46.7572,0.49,-1.62
dbg,46.7572,-0.0,0.0,-8.4,0.0
det,46.7572,1268.58,790.62,23.82,77.65,0.723,Body
err,46.7897,0.51,-1.49
dbg,46.7897,-0.0,0.0,-8.4,0.0
det,46.7897,1268.6,790.75,23.81,77.57,0.724,Body
err,46.8236,0.48,-1.5
dbg,46.8236,-0.0,0.0,-8.4,0.0
det,46.8236,1268.58,790.74,23.8,77.61,0.721,Body
err,46.8565,0.5,-1.55
dbg,46.8565,-0.0,0.0,-8.4,0.0
det,46.8565,1268.64,790.68,23.72,77.65,0.721,Body
err,46.8909,0.49,-1.61
dbg,46.8909,-0.0,0.0,-8.4,0.0
det,46.8909,1268.59,790.62,23.81,77.64,0.723,Body
err,46.9253,0.52,-1.5
dbg,46.9253,-0.0,0.0,-8.4,0.0
det,46.9253,1268.59,790.74,23.85,77.58,0.724,Body
err,46.9591,0.49,-1.52
dbg,46.9591,-0.0,0.0,-8.4,0.0
det,46.9591,1268.57,790.72,23.84,77.63,0.72,Body
err,46.9922,0.51,-1.58
dbg,46.9922,-0.0,0.0,-8.4,0.0
det,46.9922,1268.63,790.66,23.77,77.68,0.72,Body
err,47.0273,0.51,-1.65
dbg,47.0273,-0.0,0.0,-8.4,0.0
det,47.0273,1268.56,790.58,23.88,77.7,0.721,Body
err,47.0598,0.52,-1.52
dbg,47.0598,-0.0,0.0,-8.4,0.0
det,47.0598,1268.58,790.71,23.87,77.62,0.723,Body
err,47.091,0.49,-1.53
dbg,47.091,-0.0,0.0,-8.4,0.0
det,47.091,1268.57,790.7,23.85,77.67,0.718,Body
err,47.1235,0.52,-1.62
dbg,47.1235,-0.0,0.0,-8.4,0.0
det,47.1235,1268.59,790.61,23.86,77.75,0.717,Body
err,47.1573,0.5,-1.66
dbg,47.1573,-0.0,0.0,-8.4,0.0
det,47.1573,1268.55,790.56,23.92,77.72,0.719,Body
err,47.1896,0.52,-1.54
dbg,47.1896,-0.0,0.0,-8.4,0.0
det,47.1896,1268.55,790.69,23.94,77.66,0.722,Body
err,47.2231,0.49,-1.55
dbg,47.2231,-0.0,0.0,-8.4,0.0
det,47.2231,1268.53,790.68,23.91,77.7,0.718,Body
err,47.2569,0.51,-1.61
dbg,47.2569,-0.0,0.0,-8.4,0.0
det,47.2569,1268.6,790.62,23.83,77.74,0.718,Body
err,47.2927,0.5,-1.66
dbg,47.2927,-0.0,0.0,-8.4,0.0
det,47.2927,1268.55,790.57,23.9,77.73,0.72,Body
err,47.3265,13.26,1.88
dbg,47.3265,13.3,0.0,1.9,0.0
det,47.3265,1279.58,794.32,27.36,75.57,0.545,Body
cmd,47.3265,18,3
err,47.362,54.05,14.55
dbg,47.362,54.0,0.0,14.5,0.0
det,47.362,1320.86,805.03,27.23,69.93,0.734,Body
det,47.362,1328.92,805.95,10.26,15.64,0.434,Head
err,47.395,104.04,22.28
dbg,47.395,104.0,0.0,22.3,0.0
det,47.395,1371.84,812.62,24.64,69.23,0.684,Body
det,47.395,1377.48,814.14,13.12,14.81,0.433,Head
err,48.8619,159.4,-10.1
dbg,48.8619,159.4,0.0,-10.1,0.0
det,48.8619,1419.46,779.37,39.88,105.32,0.81,Body
det,48.8619,1430.13,781.26,14.19,17.01,0.383,Head
cmd,48.8619,127,-8
err,48.8969,122.39,-14.01
dbg,48.8969,122.4,0.0,-14.0,0.0
det,48.8969,1383.79,775.8,37.22,101.98,0.818,Body
det,48.8969,1396.74,776.95,12.85,18.03,0.362,Head
err,48.9325,96.53,-16.51
dbg,48.9325,96.5,0.0,-16.5,0.0
det,48.9325,1355.92,772.94,41.23,105.48,0.817,Body
err,48.9643,75.11,-15.0
dbg,48.9643,75.1,0.0,-15.0,0.0
det,48.9643,1336.91,774.83,36.41,101.74,0.813,Body
err,48.9994,65.77,-16.77
dbg,48.9994,65.8,0.0,-16.8,0.0
det,48.9994,1325.31,772.76,40.92,104.76,0.807,Body
err,49.0308,64.2,-16.44
dbg,49.0308,64.2,0.0,-16.4,0.0
det,49.0308,1322.47,773.11,43.47,104.47,0.833,Body
err,49.0599,-35.99,-8.12
dbg,49.0599,-36.0,0.0,-8.1,0.0
det,49.0599,1225.31,779.09,41.01,103.37,0.798,Body
det,49.0599,1236.87,782.03,14.28,17.9,0.514,Head
err,49.0927,-36.94,-7.34
dbg,49.0927,-36.9,0.0,-7.3,0.0
det,49.0927,1223.26,780.62,37.97,101.04,0.802,Body
det,49.0927,1236.04,782.66,14.04,18.19,0.579,Head
err,49.1281,-44.39,-8.95
dbg,49.1281,-44.4,0.0,-8.9,0.0
det,49.1281,1215.11,780.62,39.86,102.95,0.81,Body
det,49.1281,1229.26,781.42,12.7,17.51,0.518,Head
err,49.1614,-61.56,-8.87
dbg,49.1614,-61.6,0.0,-8.9,0.0
det,49.1614,1198.0,779.6,41.07,104.5,0.793,Body
det,49.1614,1210.93,781.06,15.02,18.31,0.467,Head
err,49.1924,-68.98,-7.42
dbg,49.1924,-69.0,0.0,-7.4,0.0
det,49.1924,1191.28,780.93,38.5,102.36,0.802,Body
det,49.1924,1204.34,782.78,13.36,17.81,0.573,Head
err,49.2251,-69.35,-7.1
dbg,49.2251,-69.4,0.0,-7.1,0.0
det,49.2251,1191.08,780.44,37.99,103.87,0.809,Body
det,49.2251,1203.73,782.77,13.82,18.41,0.6,Head
err,49.259,-69.32,-7.06
dbg,49.259,-69.3,0.0,-7.1,0.0
det,49.259,1191.08,780.46,37.97,103.92,0.811,Body
det,49.259,1203.77,782.8,13.83,18.43,0.601,Head
err,49.2925,-69.36,-7.12
dbg,49.2925,-69.4,0.0,-7.1,0.0
det,49.2925,1191.08,780.42,37.98,103.86,0.809,Body
det,49.2925,1203.71,782.73,13.87,18.46,0.601,Head
err,49.3287,-69.37,-7.14
dbg,49.3287,-69.4,0.0,-7.1,0.0
det,49.3287,1191.15,780.37,37.88,103.82,0.809,Body
det,49.3287,1203.72,782.7,13.82,18.46,0.603,Head
err,49.3611,-69.35,-7.12
dbg,49.3611,-69.3,0.0,-7.1,0.0
det,49.3611,1191.11,780.49,37.92,103.8,0.81,Body
det,49.3611,1203.77,782.79,13.75,18.35,0.598,Head
err,49.3924,-69.31,-7.07
dbg,49.3924,-69.3,0.0,-7.1,0.0
det,49.3924,1191.11,780.49,37.9,103.87,0.811,Body
det,49.3924,1203.8,782.82,13.77,18.39,0.6,Head
cmd,49.3924,-93,-9
err,49.426,-69.36,-7.12
dbg,49.426,-69.4,0.0,-7.1,0.0
det,49.426,1191.08,780.42,37.98,103.86,0.809,Body
det,49.426,1203.71,782.73,13.87,18.46,0.601,Head
err,49.4596,-69.37,-7.14
dbg,49.4596,-69.4,0.0,-7.1,0.0
det,49.4596,1191.15,780.38,37.89,103.81,0.809,Body
det,49.4596,1203.71,782.71,13.83,18.47,0.603,Head
err,49.4935,-69.35,-7.11
dbg,49.4935,-69.4,0.0,-7.1,0.0
det,49.4935,1191.09,780.46,37.98,103.84,0.81,Body
det,49.4935,1203.75,782.78,13.8,18.39,0.6,Head
err,49.5285,-0.04,-6.51
dbg,49.5285,-0.0,0.0,-6.5,0.0
det,49.5285,1259.38,782.56,41.15,109.3,0.809,Body
err,49.5625,-0.04,-6.41
dbg,49.5625,-0.0,0.0,-6.4,0.0
det,49.5625,1259.42,782.67,41.09,109.18,0.81,Body
err,49.5952,-0.08,-6.34
dbg,49.5952,-0.1,0.0,-6.3,0.0
det,49.5952,1259.41,782.76,41.03,109.03,0.81,Body
err,49.6276,-0.02,-6.44
dbg,49.6276,-0.0,0.0,-6.4,0.0
det,49.6276,1259.39,782.64,41.18,109.17,0.81,Body
err,49.6614,3.78,-3.37
dbg,49.6614,3.8,0.0,-3.4,0.0
det,49.6614,1263.2,785.97,41.17,106.57,0.824,Body
err,49.6925,11.55,-2.51
dbg,49.6925,11.5,0.0,-2.5,0.0
det,49.6925,1272.49,787.16,38.11,103.31,0.829,Body
err,49.7271,11.58,-2.49
dbg,49.7271,11.6,0.0,-2.5,0.0
det,49.7271,1272.52,787.18,38.12,103.24,0.829,Body
err,49.7621,11.55,-2.51
dbg,49.7621,11.5,0.0,-2.5,0.0
det,49.7621,1272.49,787.17,38.11,103.18,0.829,Body
err,49.7925,11.57,-2.56
dbg,49.7925,11.6,0.0,-2.6,0.0
det,49.7925,1272.45,787.1,38.25,103.44,0.83,Body
err,49.8256,11.55,-2.53
dbg,49.8256,11.5,0.0,-2.5,0.0
det,49.8256,1272.48,787.14,38.14,103.35,0.829,Body
err,49.8615,11.58,-2.54
dbg,49.8615,11.6,0.0,-2.5,0.0
det,49.8615,1272.49,787.13,38.18,103.31,0.829,Body
err,49.8904,11.55,-2.54
dbg,49.8904,11.6,0.0,-2.5,0.0
det,49.8904,1272.45,787.14,38.21,103.26,0.829,Body
err,49.9258,11.58,-2.59
dbg,49.9258,11.6,0.0,-2.6,0.0
det,49.9258,1272.42,787.06,38.32,103.51,0.83,Body
cmd,49.9258,16,-3
err,49.9591,11.55,-2.56
dbg,49.9591,11.6,0.0,-2.6,0.0
det,49.9591,1272.46,787.1,38.19,103.4,0.829,Body
err,49.9925,11.58,-2.54
dbg,49.9925,11.6,0.0,-2.5,0.0
det,49.9925,1272.49,787.12,38.18,103.32,0.829,Body
err,50.0271,11.56,-2.57
dbg,50.0271,11.6,0.0,-2.6,0.0
det,50.0271,1272.47,787.11,38.18,103.27,0.829,Body
err,50.0593,11.57,-2.59
dbg,50.0593,11.6,0.0,-2.6,0.0
det,50.0593,1272.43,787.06,38.28,103.5,0.83,Body
err,50.0928,-0.28,-5.2
dbg,50.0928,-0.3,0.0,-5.2,0.0
det,50.0928,1259.14,783.75,41.17,110.48,0.808,Body
err,50.1256,-0.28,-5.25
dbg,50.1256,-0.3,0.0,-5.2,0.0
det,50.1256,1259.08,783.7,41.28,110.51,0.807,Body
err,50.1588,-0.27,-5.26
dbg,50.1588,-0.3,0.0,-5.3,0.0
det,50.1588,1259.09,783.67,41.28,110.6,0.809,Body
err,50.1925,-0.28,-5.19
dbg,50.1925,-0.3,0.0,-5.2,0.0
det,50.1925,1259.11,783.77,41.23,110.48,0.809,Body
err,50.2268,-0.28,-5.17
dbg,50.2268,-0.3,0.0,-5.2,0.0
det,50.2268,1259.15,783.79,41.14,110.44,0.808,Body
err,50.2597,-0.29,-5.17
dbg,50.2597,-0.3,0.0,-5.2,0.0
det,50.2597,1259.12,783.79,41.18,110.43,0.808,Body
err,50.2936,-0.27,-5.23
dbg,50.2936,-0.3,0.0,-5.2,0.0
det,50.2936,1259.1,783.71,41.25,110.57,0.809,Body
err,50.3271,-0.28,-5.16
dbg,50.3271,-0.3,0.0,-5.2,0.0
det,50.3271,1259.11,783.79,41.22,110.46,0.81,Body
err,50.3616,-0.28,-5.18
dbg,50.3616,-0.3,0.0,-5.2,0.0
det,50.3616,1259.13,783.77,41.18,110.46,0.808,Body
err,50.3948,-0.29,-5.2
dbg,50.3948,-0.3,0.0,-5.2,0.0
det,50.3948,1259.09,783.75,41.25,110.46,0.808,Body
err,50.4281,-0.28,-5.22
dbg,50.4281,-0.3,0.0,-5.2,0.0
det,50.4281,1259.1,783.73,41.24,110.54,0.809,Body
cmd,50.4281,0,-7
err,50.461,-0.29,-5.13
dbg,50.461,-0.3,0.0,-5.1,0.0
det,50.461,1259.13,783.83,41.18,110.41,0.81,Body
err,50.493,-0.28,-5.15
dbg,50.493,-0.3,0.0,-5.2,0.0
det,50.493,1259.15,783.81,41.13,110.41,0.808,Body
err,50.5256,0.17,2.85
dbg,50.5256,0.2,0.0,2.9,0.0
det,50.5256,1259.88,791.89,40.57,109.68,0.807,Body
err,50.5591,0.18,2.74
dbg,50.5591,0.2,0.0,2.7,0.0
det,50.5591,1259.96,791.74,40.45,109.95,0.806,Body
err,50.5922,-16.32,2.89
dbg,50.5922,-16.3,0.0,2.9,0.0
det,50.5922,1242.82,792.36,41.7,105.24,0.801,Body
err,50.6253,-62.91,-0.36
dbg,50.6253,-62.9,0.0,-0.4,0.0
det,50.6253,1195.61,788.87,42.96,107.73,0.807,Body
err,50.6593,-64.29,-1.66
dbg,50.6593,-64.3,0.0,-1.7,0.0
det,50.6593,1194.17,787.88,43.08,104.58,0.822,Body
err,50.6923,-69.76,-1.25
dbg,50.6923,-69.8,0.0,-1.3,0.0
det,50.6923,1191.0,788.17,38.48,105.82,0.831,Body
det,50.6923,1204.34,788.7,12.59,17.99,0.467,Head
err,50.7264,-70.81,-1.86
dbg,50.7264,-70.8,0.0,-1.9,0.0
det,50.7264,1189.87,787.49,38.63,106.53,0.829,Body
det,50.7264,1203.05,788.5,13.0,17.59,0.429,Head
err,50.7601,-70.82,-1.89
dbg,50.7601,-70.8,0.0,-1.9,0.0
det,50.7601,1189.82,787.45,38.72,106.61,0.828,Body
det,50.7601,1203.06,788.45,13.04,17.61,0.429,Head
err,50.7935,-70.8,-1.91
dbg,50.7935,-70.8,0.0,-1.9,0.0
det,50.7935,1189.89,787.43,38.63,106.64,0.829,Body
det,50.7935,1203.02,788.44,13.04,17.63,0.43,Head
err,50.8256,-70.8,-1.85
dbg,50.8256,-70.8,0.0,-1.9,0.0
det,50.8256,1189.86,787.49,38.68,106.59,0.828,Body
det,50.8256,1203.02,788.51,13.08,17.62,0.422,Head
err,50.8589,-70.81,-1.87
dbg,50.8589,-70.8,0.0,-1.9,0.0
det,50.8589,1189.87,787.47,38.65,106.55,0.829,Body
det,50.8589,1203.05,788.49,13.01,17.6,0.429,Head
err,50.8926,-70.81,-1.89
dbg,50.8926,-70.8,0.0,-1.9,0.0
det,50.8926,1189.83,787.45,38.71,106.61,0.829,Body
det,50.8926,1203.07,788.45,13.03,17.61,0.429,Head
err,50.9279,-70.79,-1.96
dbg,50.9279,-70.8,0.0,-2.0,0.0
det,50.9279,1189.86,787.37,38.69,106.72,0.829,Body
det,50.9279,1202.99,788.43,13.08,17.66,0.431,Head
err,50.9599,-70.8,-1.88
dbg,50.9599,-70.8,0.0,-1.9,0.0
det,50.9599,1189.84,787.46,38.73,106.63,0.828,Body
det,50.9599,1203.0,788.5,13.11,17.64,0.423,Head
cmd,50.9599,-95,-3
err,50.9925,-70.81,-1.9
dbg,50.9925,-70.8,0.0,-1.9,0.0
det,50.9925,1189.84,787.44,38.7,106.6,0.829,Body
det,50.9925,1203.02,788.48,13.04,17.62,0.43,Head
err,51.0258,-70.81,-1.92
dbg,51.0258,-70.8,0.0,-1.9,0.0
det,51.0258,1189.81,787.41,38.76,106.66,0.829,Body
det,51.0258,1203.05,788.44,13.07,17.63,0.43,Head
err,51.0591,-70.79,-1.95
dbg,51.0591,-70.8,0.0,-2.0,0.0
det,51.0591,1189.86,787.38,38.7,106.72,0.829,Body
det,51.0591,1202.99,788.43,13.09,17.66,0.431,Head
err,51.0934,-70.8,-1.9
dbg,51.0934,-70.8,0.0,-1.9,0.0
det,51.0934,1189.81,787.43,38.78,106.67,0.828,Body
det,51.0934,1202.98,788.5,13.14,17.65,0.423,Head
err,51.13,1.48,-3.44
dbg,51.13,1.5,0.0,-3.4,0.0
det,51.13,1260.43,785.77,42.1,107.93,0.802,Body
err,51.1648,1.41,-3.56
dbg,51.1648,1.4,0.0,-3.6,0.0
det,51.1648,1260.37,785.63,42.09,108.1,0.802,Body
err,51.1962,1.47,-3.53
dbg,51.1962,1.5,0.0,-3.5,0.0
det,51.1962,1260.35,785.66,42.24,108.07,0.802,Body
err,51.2319,1.47,-3.57
dbg,51.2319,1.5,0.0,-3.6,0.0
det,51.2319,1260.38,785.62,42.19,108.15,0.802,Body
err,51.2628,1.48,-3.46
dbg,51.2628,1.5,0.0,-3.5,0.0
det,51.2628,1260.41,785.74,42.14,107.97,0.802,Body
err,51.2924,1.42,-3.57
dbg,51.2924,1.4,0.0,-3.6,0.0
det,51.2924,1260.35,785.61,42.13,108.12,0.801,Body
err,51.3266,1.46,-3.53
dbg,51.3266,1.5,0.0,-3.5,0.0
det,51.3266,1260.34,785.66,42.24,108.07,0.802,Body
err,51.3613,1.47,-3.63
dbg,51.3613,1.5,0.0,-3.6,0.0
det,51.3613,1260.32,785.55,42.3,108.22,0.801,Body
err,51.3954,1.48,-3.5
dbg,51.3954,1.5,0.0,-3.5,0.0
det,51.3954,1260.36,785.69,42.24,108.03,0.802,Body
err,51.4306,1.41,-3.53
dbg,51.4306,1.4,0.0,-3.5,0.0
det,51.4306,1260.38,785.67,42.05,108.06,0.802,Body
err,51.4645,1.46,-3.47
dbg,51.4645,1.5,0.0,-3.5,0.0
det,51.4645,1260.38,785.73,42.15,107.99,0.802,Body
cmd,51.4645,2,-5
err,51.4958,1.46,-3.58
dbg,51.4958,1.5,0.0,-3.6,0.0
det,51.4958,1260.36,785.6,42.22,108.16,0.802,Body
err,51.5274,1.48,-3.45
dbg,51.5274,1.5,0.0,-3.5,0.0
det,51.5274,1260.42,785.75,42.13,107.95,0.802,Body
err,51.5598,0.33,1.32
dbg,51.5598,1.5,0.0,-3.5,0.0
det,51.5598,1259.44,790.39,41.78,109.38,0.804,Body
err,51.5944,0.34,1.35
dbg,51.5944,1.5,0.0,-3.5,0.0
det,51.5944,1259.49,790.41,41.7,109.32,0.802,Body
err,51.6274,0.36,1.4
dbg,51.6274,1.5,0.0,-3.5,0.0
det,51.6274,1259.5,790.46,41.72,109.43,0.803,Body
err,51.6603,0.34,1.21
dbg,51.6603,1.5,0.0,-3.5,0.0
det,51.6603,1259.53,790.25,41.63,109.56,0.803,Body
err,51.6936,0.33,1.28
dbg,51.6936,1.5,0.0,-3.5,0.0
det,51.6936,1259.42,790.34,41.83,109.43,0.804,Body
err,51.7278,0.34,1.32
dbg,51.7278,1.5,0.0,-3.5,0.0
det,51.7278,1259.47,790.39,41.74,109.34,0.802,Body
err,51.762,0.35,1.41
dbg,51.762,1.5,0.0,-3.5,0.0
det,51.762,1259.5,790.47,41.71,109.4,0.803,Body
err,51.7943,0.33,1.23
dbg,51.7943,1.5,0.0,-3.5,0.0
det,51.7943,1259.53,790.28,41.59,109.53,0.803,Body
err,51.8304,0.32,1.34
dbg,51.8304,1.5,0.0,-3.5,0.0
det,51.8304,1259.45,790.4,41.75,109.37,0.804,Body
err,51.8627,0.32,1.41
dbg,51.8627,1.5,0.0,-3.5,0.0
det,51.8627,1259.52,790.49,41.6,109.25,0.802,Body
err,51.8933,0.34,1.49
dbg,51.8933,1.5,0.0,-3.5,0.0
det,51.8933,1259.54,790.56,41.59,109.32,0.803,Body
err,51.9299,0.33,1.29
dbg,51.9299,1.5,0.0,-3.5,0.0
det,51.9299,1259.56,790.35,41.53,109.46,0.803,Body
err,51.9636,0.32,1.36
dbg,51.9636,1.5,0.0,-3.5,0.0
det,51.9636,1259.46,790.43,41.72,109.34,0.804,Body
err,51.9974,0.33,1.42
dbg,51.9974,1.5,0.0,-3.5,0.0
det,51.9974,1259.53,790.49,41.6,109.23,0.802,Body
err,52.0309,0.35,1.51
dbg,52.0309,1.5,0.0,-3.5,0.0
det,52.0309,1259.56,790.58,41.57,109.3,0.803,Body
err,52.0639,-2.56,3.35
dbg,52.0639,-2.6,0.0,3.4,0.0
det,52.0639,1257.24,792.37,40.41,109.89,0.831,Body
det,52.0639,1269.2,794.42,13.1,18.93,0.388,Head
cmd,52.0639,-3,4
err,52.098,-19.99,24.34
dbg,52.098,-20.0,0.0,24.3,0.0
det,52.098,1241.81,811.55,40.51,107.86,0.829,Body
det,52.098,1253.65,814.68,12.72,17.57,0.534,Head
err,52.1341,-28.48,34.99
dbg,52.1341,-28.5,0.0,35.0,0.0
det,52.1341,1231.57,824.4,39.91,105.89,0.821,Body
err,52.1668,-30.36,37.05
dbg,52.1668,-30.4,0.0,37.1,0.0
det,52.1668,1229.45,826.43,40.38,106.25,0.801,Body
err,52.2008,-31.77,36.91
dbg,52.2008,-31.8,0.0,36.9,0.0
det,52.2008,1228.21,826.07,40.05,108.43,0.796,Body
det,52.2008,1238.4,827.22,15.9,19.65,0.4,Head
err,52.234,-31.75,36.94
dbg,52.234,-31.7,0.0,36.9,0.0
det,52.234,1228.23,826.1,40.04,108.37,0.796,Body
det,52.234,1238.42,827.25,15.79,19.61,0.402,Head
err,52.2663,-31.78,36.92
dbg,52.2663,-31.8,0.0,36.9,0.0
det,52.2663,1228.2,826.08,40.03,108.46,0.796,Body
det,52.2663,1238.41,827.24,15.8,19.61,0.402,Head
err,52.2987,-31.75,36.89
dbg,52.2987,-31.7,0.0,36.9,0.0
det,52.2987,1228.3,826.04,39.9,108.46,0.797,Body
det,52.2987,1238.44,827.21,15.77,19.6,0.395,Head
err,52.3286,-31.77,36.95
dbg,52.3286,-31.8,0.0,36.9,0.0
det,52.3286,1228.22,826.11,40.01,108.38,0.796,Body
det,52.3286,1238.42,827.24,15.86,19.61,0.398,Head
err,52.3613,-31.74,36.94
dbg,52.3613,-31.7,0.0,36.9,0.0
det,52.3613,1228.24,826.1,40.04,108.37,0.796,Body
det,52.3613,1238.42,827.25,15.78,19.61,0.402,Head
err,52.3949,-31.77,36.89
dbg,52.3949,-31.8,0.0,36.9,0.0
det,52.3949,1228.19,826.04,40.08,108.51,0.796,Body
det,52.3949,1238.4,827.22,15.86,19.66,0.406,Head
err,52.4281,-31.74,36.86
dbg,52.4281,-31.7,0.0,36.9,0.0
det,52.4281,1228.29,826.01,39.94,108.5,0.796,Body
det,52.4281,1238.42,827.2,15.83,19.64,0.397,Head
err,52.4634,-31.76,36.92
dbg,52.4634,-31.8,0.0,36.9,0.0
det,52.4634,1228.22,826.08,40.04,108.42,0.796,Body
det,52.4634,1238.41,827.23,15.89,19.64,0.4,Head
err,52.4949,-31.74,36.92
dbg,52.4949,-31.7,0.0,36.9,0.0
det,52.4949,1228.23,826.08,40.07,108.41,0.796,Body
det,52.4949,1238.41,827.24,15.83,19.64,0.403,Head
err,52.5279,-31.77,36.88
dbg,52.5279,-31.8,0.0,36.9,0.0
det,52.5279,1228.19,826.03,40.08,108.52,0.796,Body
det,52.5279,1238.4,827.22,15.86,19.66,0.405,Head
err,52.5645,-31.74,36.83
dbg,52.5645,-31.7,0.0,36.8,0.0
det,52.5645,1228.27,825.97,39.99,108.55,0.796,Body
det,52.5645,1238.42,827.18,15.87,19.68,0.399,Head
cmd,52.5645,-43,49
err,52.5986,-31.76,36.82
dbg,52.5986,-31.8,0.0,36.8,0.0
det,52.5986,1228.14,825.97,40.19,108.55,0.796,Body
det,52.5986,1238.37,827.17,16.05,19.77,0.407,Head
err,52.6356,-31.74,36.84
dbg,52.6356,-31.7,0.0,36.8,0.0
det,52.6356,1228.17,825.99,40.2,108.51,0.795,Body
det,52.6356,1238.38,827.2,15.96,19.73,0.41,Head
err,52.6671,-31.77,36.78
dbg,52.6671,-31.8,0.0,36.8,0.0
det,52.6671,1228.1,825.92,40.25,108.67,0.795,Body
det,52.6671,1238.36,827.15,16.04,19.79,0.413,Head
err,52.7001,-31.74,36.77
dbg,52.7001,-31.7,0.0,36.8,0.0
det,52.7001,1228.22,825.91,40.07,108.62,0.796,Body
det,52.7001,1238.4,827.14,15.97,19.75,0.404,Head
err,52.7323,0.29,-1.85
dbg,52.7323,-31.7,0.0,36.8,0.0
det,52.7323,1259.48,787.39,41.62,107.62,0.807,Body
err,52.7672,0.28,-1.89
dbg,52.7672,-31.7,0.0,36.8,0.0
det,52.7672,1259.39,787.34,41.79,107.77,0.806,Body
err,52.7998,0.26,-1.7
dbg,52.7998,-31.7,0.0,36.8,0.0
det,52.7998,1259.41,787.55,41.71,107.45,0.805,Body
err,52.8329,0.3,-1.82
dbg,52.8329,-31.7,0.0,36.8,0.0
det,52.8329,1259.44,787.42,41.72,107.64,0.806,Body
err,52.8655,0.3,-1.96
dbg,52.8655,-31.7,0.0,36.8,0.0
det,52.8655,1259.43,787.27,41.74,107.72,0.806,Body
err,52.8984,0.28,-1.92
dbg,52.8984,-31.7,0.0,36.8,0.0
det,52.8984,1259.39,787.3,41.79,107.79,0.806,Body
err,52.932,0.27,-1.75
dbg,52.932,-31.7,0.0,36.8,0.0
det,52.932,1259.39,787.5,41.77,107.49,0.805,Body
err,52.9655,0.3,-1.82
dbg,52.9655,-31.7,0.0,36.8,0.0
det,52.9655,1259.45,787.41,41.71,107.64,0.806,Body
err,52.9977,0.29,-1.87
dbg,52.9977,-31.7,0.0,36.8,0.0
det,52.9977,1259.46,787.37,41.66,107.64,0.807,Body
err,53.0319,0.27,-1.87
dbg,53.0319,-31.7,0.0,36.8,0.0
det,53.0319,1259.39,787.35,41.77,107.76,0.806,Body
err,53.0638,0.26,-1.74
dbg,53.0638,-31.7,0.0,36.8,0.0
det,53.0638,1259.38,787.51,41.77,107.5,0.805,Body
err,53.0984,0.29,-1.83
dbg,53.0984,-31.7,0.0,36.8,0.0
det,53.0984,1259.43,787.4,41.72,107.67,0.806,Body
err,53.1307,0.28,-1.88
dbg,53.1307,-31.7,0.0,36.8,0.0
det,53.1307,1259.45,787.35,41.67,107.66,0.807,Body
err,53.1642,0.28,-1.86
dbg,53.1642,-31.7,0.0,36.8,0.0
det,53.1642,1259.39,787.36,41.77,107.75,0.806,Body
err,53.1976,0.26,-1.67
dbg,53.1976,-31.7,0.0,36.8,0.0
det,53.1976,1259.41,787.59,41.69,107.42,0.806,Body
err,53.2312,0.3,-1.78
dbg,53.2312,-31.7,0.0,36.8,0.0
det,53.2312,1259.46,787.46,41.68,107.6,0.806,Body
err,53.2626,0.29,-1.84
dbg,53.2626,-31.7,0.0,36.8,0.0
det,53.2626,1259.48,787.4,41.61,107.61,0.807,Body
err,53.2955,0.28,-1.85
dbg,53.2955,-31.7,0.0,36.8,0.0
det,53.2955,1259.41,787.38,41.75,107.72,0.806,Body
err,53.3286,0.27,-1.68
dbg,53.3286,-31.7,0.0,36.8,0.0
det,53.3286,1259.42,787.58,41.7,107.42,0.806,Body
err,53.3625,0.31,-1.83
dbg,53.3625,-31.7,0.0,36.8,0.0
det,53.3625,1259.44,787.4,41.74,107.65,0.806,Body
err,53.395,0.28,-1.81
dbg,53.395,-31.7,0.0,36.8,0.0
det,53.395,1259.49,787.43,41.59,107.58,0.808,Body
err,53.4283,0.27,-1.77
dbg,53.4283,-31.7,0.0,36.8,0.0
det,53.4283,1259.44,787.46,41.65,107.66,0.807,Body
err,53.4624,0.26,-1.65
dbg,53.4624,-31.7,0.0,36.8,0.0
det,53.4624,1259.43,787.61,41.65,107.41,0.806,Body
err,53.4947,0.29,-1.76
dbg,53.4947,-31.7,0.0,36.8,0.0
det,53.4947,1259.47,787.48,41.64,107.6,0.806,Body
err,53.5285,0.28,-1.81
dbg,53.5285,-31.7,0.0,36.8,0.0
det,53.5285,1259.49,787.43,41.58,107.59,0.808,Body
err,53.5629,0.27,-1.8
dbg,53.5629,-31.7,0.0,36.8,0.0
det,53.5629,1259.44,787.43,41.67,107.7,0.807,Body
err,53.5954,0.25,-1.65
dbg,53.5954,-31.7,0.0,36.8,0.0
det,53.5954,1259.44,787.6,41.63,107.43,0.806,Body
err,53.6287,0.29,-1.74
dbg,53.6287,-31.7,0.0,36.8,0.0
det,53.6287,1259.49,787.5,41.6,107.61,0.807,Body
err,53.6623,9.89,-1.57
dbg,53.6623,9.9,0.0,-1.6,0.0
det,53.6623,1271.74,788.2,36.31,102.34,0.833,Body
cmd,53.6623,13,-2
err,53.6956,21.7,-8.2
dbg,53.6956,21.7,0.0,-8.2,0.0
det,53.6956,1281.23,781.34,40.93,104.54,0.85,Body
det,53.6956,1295.11,782.28,11.08,17.0,0.478,Head
err,53.7284,34.14,-9.34
dbg,53.7284,34.1,0.0,-9.3,0.0
det,53.7284,1293.29,780.48,41.71,101.73,0.788,Body
err,53.762,42.93,-8.84
dbg,53.762,42.9,0.0,-8.8,0.0
det,53.762,1303.37,780.93,36.98,99.12,0.793,Body
det,53.762,1316.82,781.79,12.22,17.04,0.513,Head
err,53.7958,45.53,-10.56
dbg,53.7958,45.5,0.0,-10.6,0.0
det,53.7958,1306.29,779.31,38.49,101.29,0.799,Body
det,53.7958,1318.22,780.4,12.49,17.33,0.381,Head
err,53.8288,47.79,-12.17
dbg,53.8288,47.8,0.0,-12.2,0.0
det,53.8288,1307.69,777.37,40.19,104.61,0.812,Body
err,53.863,35.68,-9.96
dbg,53.863,35.7,0.0,-10.0,0.0
det,53.863,1297.43,779.37,41.51,103.69,0.811,Body
det,53.863,1309.23,780.65,12.9,17.06,0.481,Head
err,53.8967,35.7,-9.99
dbg,53.8967,35.7,0.0,-10.0,0.0
det,53.8967,1297.44,779.28,41.57,103.84,0.813,Body
det,53.8967,1309.25,780.62,12.9,17.06,0.479,Head
err,53.9298,35.68,-10.03
dbg,53.9298,35.7,0.0,-10.0,0.0
det,53.9298,1297.4,779.19,41.57,103.86,0.811,Body
det,53.9298,1309.22,780.56,12.91,17.11,0.48,Head
err,53.9623,35.68,-10.01
dbg,53.9623,35.7,0.0,-10.0,0.0
det,53.9623,1297.33,779.19,41.71,103.94,0.811,Body
det,53.9623,1309.19,780.57,12.98,17.12,0.483,Head
err,53.9985,35.66,-9.95
dbg,53.9985,35.7,0.0,-10.0,0.0
det,53.9985,1297.33,779.31,41.67,103.75,0.809,Body
det,53.9985,1309.17,780.63,12.99,17.13,0.485,Head
err,54.0301,35.69,-9.98
dbg,54.0301,35.7,0.0,-10.0,0.0
det,54.0301,1297.38,779.25,41.67,103.87,0.812,Body
det,54.0301,1309.22,780.61,12.94,17.1,0.48,Head
err,54.0626,35.66,-10.02
dbg,54.0626,35.7,0.0,-10.0,0.0
det,54.0626,1297.3,779.15,41.71,103.91,0.81,Body
det,54.0626,1309.16,780.53,13.01,17.17,0.484,Head
err,54.0969,35.67,-10.01
dbg,54.0969,35.7,0.0,-10.0,0.0
det,54.0969,1297.29,779.17,41.78,103.96,0.81,Body
det,54.0969,1309.15,780.55,13.04,17.16,0.486,Head
err,54.1301,35.67,-9.96
dbg,54.1301,35.7,0.0,-10.0,0.0
det,54.1301,1297.37,779.33,41.62,103.72,0.81,Body
det,54.1301,1309.18,780.63,12.98,17.12,0.485,Head
err,54.1633,35.69,-9.99
dbg,54.1633,35.7,0.0,-10.0,0.0
det,54.1633,1297.44,779.28,41.57,103.82,0.813,Body
det,54.1633,1309.24,780.62,12.91,17.07,0.479,Head
cmd,54.1633,48,-13
err,54.1969,35.68,-10.03
dbg,54.1969,35.7,0.0,-10.0,0.0
det,54.1969,1297.39,779.19,41.58,103.85,0.812,Body
det,54.1969,1309.21,780.55,12.94,17.12,0.481,Head
err,54.2313,35.68,-10.02
dbg,54.2313,35.7,0.0,-10.0,0.0
det,54.2313,1297.35,779.2,41.68,103.92,0.811,Body
det,54.2313,1309.19,780.57,12.98,17.11,0.483,Head
err,54.2634,35.67,-9.96
dbg,54.2634,35.7,0.0,-10.0,0.0
det,54.2634,1297.39,779.34,41.59,103.71,0.81,Body
det,54.2634,1309.2,780.64,12.94,17.09,0.483,Head
err,54.2966,1.26,-4.46
dbg,54.2966,1.3,0.0,-4.5,0.0
det,54.2966,1260.97,784.78,40.58,107.57,0.827,Body
err,54.3305,1.23,-4.46
dbg,54.3305,1.2,0.0,-4.5,0.0
det,54.3305,1260.93,784.78,40.61,107.55,0.825,Body
err,54.3623,1.24,-4.46
dbg,54.3623,1.2,0.0,-4.5,0.0
det,54.3623,1260.94,784.79,40.59,107.53,0.825,Body
err,54.3951,1.26,-4.45
dbg,54.3951,1.3,0.0,-4.5,0.0
det,54.3951,1260.94,784.8,40.63,107.47,0.824,Body
err,54.4294,1.26,-4.49
dbg,54.4294,1.3,0.0,-4.5,0.0
det,54.4294,1260.93,784.75,40.64,107.59,0.826,Body
err,54.4632,1.23,-4.44
dbg,54.4632,1.2,0.0,-4.4,0.0
det,54.4632,1260.95,784.81,40.56,107.5,0.825,Body
err,54.4953,1.24,-4.46
dbg,54.4953,1.2,0.0,-4.5,0.0
det,54.4953,1260.95,784.79,40.58,107.54,0.825,Body
err,54.5285,1.25,-4.45
dbg,54.5285,1.2,0.0,-4.5,0.0
det,54.5285,1260.93,784.8,40.63,107.47,0.824,Body
err,54.5629,1.25,-4.45
dbg,54.5629,1.3,0.0,-4.4,0.0
det,54.5629,1260.96,784.8,40.59,107.54,0.827,Body
err,54.5974,1.22,-4.41
dbg,54.5974,1.2,0.0,-4.4,0.0
det,54.5974,1260.96,784.84,40.52,107.48,0.825,Body
err,54.6308,1.23,-4.44
dbg,54.6308,1.2,0.0,-4.4,0.0
det,54.6308,1260.95,784.81,40.57,107.5,0.825,Body
err,54.6631,1.25,-4.43
dbg,54.6631,1.2,0.0,-4.4,0.0
det,54.6631,1260.95,784.83,40.6,107.44,0.825,Body
err,54.6976,1.25,-4.45
dbg,54.6976,1.3,0.0,-4.4,0.0
det,54.6976,1260.96,784.8,40.59,107.54,0.827,Body
cmd,54.6976,2,-6
err,54.7298,1.23,-4.41
dbg,54.7298,1.2,0.0,-4.4,0.0
det,54.7298,1260.97,784.85,40.52,107.47,0.825,Body
err,54.7623,1.23,-4.41
dbg,54.7623,1.2,0.0,-4.4,0.0
det,54.7623,1260.97,784.84,40.52,107.46,0.825,Body
err,54.7961,1.25,-4.4
dbg,54.7961,1.2,0.0,-4.4,0.0
det,54.7961,1260.97,784.86,40.56,107.4,0.825,Body
err,54.8294,1.25,-4.43
dbg,54.8294,1.2,0.0,-4.4,0.0
det,54.8294,1260.97,784.82,40.57,107.51,0.827,Body
err,54.8647,1.82,-3.12
dbg,54.8647,1.8,0.0,-3.1,0.0
det,54.8647,1260.83,786.24,41.97,106.38,0.827,Body
err,54.898,7.65,0.34
dbg,54.898,7.6,0.0,0.3,0.0
det,54.898,1268.19,789.49,38.92,108.49,0.864,Body
err,54.9303,18.53,0.46
dbg,54.9303,18.5,0.0,0.5,0.0
det,54.9303,1277.23,789.91,42.6,105.55,0.818,Body
err,54.9633,40.47,-0.87
dbg,54.9633,40.5,0.0,-0.9,0.0
det,54.9633,1301.04,788.71,38.86,104.23,0.844,Body
det,54.9633,1313.55,789.51,11.29,16.63,0.36,Head
err,54.9961,58.98,-4.56
dbg,54.9961,59.0,0.0,-4.6,0.0
det,54.9961,1321.55,786.38,36.12,100.49,0.825,Body
det,54.9961,1333.11,786.29,11.75,16.65,0.48,Head
err,55.0294,72.31,-5.54
dbg,55.0294,72.3,0.0,-5.5,0.0
det,55.0294,1333.97,784.28,37.62,105.72,0.836,Body
det,55.0294,1346.75,785.15,11.11,16.93,0.551,Head
err,55.0624,74.78,-5.61
dbg,55.0624,74.8,0.0,-5.6,0.0
det,55.0624,1336.3,784.56,36.5,102.94,0.824,Body
det,55.0624,1348.96,785.1,11.64,16.89,0.51,Head
err,55.0956,74.77,-5.6
dbg,55.0956,74.8,0.0,-5.6,0.0
det,55.0956,1336.31,784.6,36.48,102.9,0.823,Body
det,55.0956,1348.96,785.14,11.63,16.84,0.511,Head
err,55.1312,74.8,-5.6
dbg,55.1312,74.8,0.0,-5.6,0.0
det,55.1312,1336.29,784.59,36.51,102.98,0.823,Body
det,55.1312,1348.99,785.16,11.61,16.8,0.509,Head
err,55.1626,74.8,-5.57
dbg,55.1626,74.8,0.0,-5.6,0.0
det,55.1626,1336.28,784.63,36.57,102.92,0.824,Body
det,55.1626,1348.99,785.17,11.63,16.83,0.512,Head
err,55.1968,74.79,-5.63
dbg,55.1968,74.8,0.0,-5.6,0.0
det,55.1968,1336.29,784.54,36.51,102.99,0.824,Body
det,55.1968,1348.97,785.09,11.62,16.87,0.51,Head
err,55.23,74.78,-5.62
dbg,55.23,74.8,0.0,-5.6,0.0
det,55.23,1336.3,784.58,36.47,102.95,0.824,Body
det,55.23,1348.97,785.13,11.62,16.82,0.511,Head
cmd,55.23,100,-8
err,55.2639,74.8,-5.6
dbg,55.2639,74.8,0.0,-5.6,0.0
det,55.2639,1336.29,784.58,36.51,102.99,0.823,Body
det,55.2639,1348.99,785.16,11.61,16.8,0.509,Head
err,55.2977,74.8,-5.58
dbg,55.2977,74.8,0.0,-5.6,0.0
det,55.2977,1336.28,784.63,36.54,102.92,0.824,Body
det,55.2977,1348.99,785.17,11.62,16.82,0.512,Head
err,55.3296,-0.29,-5.19
dbg,55.3296,-0.3,0.0,-5.2,0.0
det,55.3296,1259.09,783.76,41.24,110.45,0.808,Body
err,55.3634,-0.27,-5.19
dbg,55.3634,-0.3,0.0,-5.2,0.0
det,55.3634,1259.14,783.75,41.18,110.53,0.81,Body
err,55.3982,-0.27,-5.17
dbg,55.3982,-0.3,0.0,-5.2,0.0
det,55.3982,1259.11,783.78,41.24,110.48,0.809,Body
err,55.4301,-0.29,-5.18
dbg,55.4301,-0.3,0.0,-5.2,0.0
det,55.4301,1259.13,783.77,41.17,110.45,0.808,Body
err,55.4623,-0.29,-5.18
dbg,55.4623,-0.3,0.0,-5.2,0.0
det,55.4623,1259.11,783.77,41.2,110.47,0.808,Body
err,55.4957,-0.27,-5.23
dbg,55.4957,-0.3,0.0,-5.2,0.0
det,55.4957,1259.1,783.71,41.26,110.57,0.809,Body
err,55.529,-0.27,-5.18
dbg,55.529,-0.3,0.0,-5.2,0.0
det,55.529,1259.11,783.77,41.24,110.49,0.809,Body
err,55.5626,-0.28,-5.21
dbg,55.5626,-0.3,0.0,-5.2,0.0
det,55.5626,1259.12,783.74,41.19,110.48,0.808,Body
err,55.6014,-0.24,-5.19
dbg,55.6014,-0.2,0.0,-5.2,0.0
det,55.6014,1259.09,783.76,41.35,110.56,0.809,Body
err,55.6344,-0.28,-5.17
dbg,55.6344,-0.3,0.0,-5.2,0.0
det,55.6344,1259.08,783.78,41.28,110.52,0.809,Body
err,55.6675,-0.25,-5.1
dbg,55.6675,-0.3,0.0,-5.1,0.0
det,55.6675,1259.14,783.86,41.22,110.34,0.808,Body
err,55.6956,-0.28,-5.16
dbg,55.6956,-0.3,0.0,-5.2,0.0
det,55.6956,1259.15,783.79,41.14,110.45,0.808,Body
err,55.7297,-0.24,-5.12
dbg,55.7297,-0.2,0.0,-5.1,0.0
det,55.7297,1259.14,783.84,41.26,110.48,0.81,Body
err,55.7629,-0.28,-5.22
dbg,55.7629,-0.3,0.0,-5.2,0.0
det,55.7629,1259.1,783.72,41.24,110.58,0.809,Body
cmd,55.7629,0,-7
err,55.7964,-0.29,-5.17
dbg,55.7964,-0.3,0.0,-5.2,0.0
det,55.7964,1259.09,783.78,41.23,110.48,0.809,Body
err,55.8304,-0.29,-5.18
dbg,55.8304,-0.3,0.0,-5.2,0.0
det,55.8304,1259.12,783.77,41.18,110.48,0.808,Body
err,55.8626,0.16,2.82
dbg,55.8626,0.2,0.0,2.8,0.0
det,55.8626,1259.86,791.85,40.61,109.73,0.806,Body
err,55.8962,0.18,2.69
dbg,55.8962,0.2,0.0,2.7,0.0
det,55.8962,1259.92,791.69,40.51,110.01,0.806,Body
err,55.9302,-1.77,1.4
dbg,55.9302,-1.8,0.0,1.4,0.0
det,55.9302,1258.33,790.28,39.8,111.18,0.809,Body
err,55.9645,-23.05,-2.12
dbg,55.9645,-23.0,0.0,-2.1,0.0
det,55.9645,1236.77,787.47,40.36,104.02,0.827,Body
err,55.9984,-36.89,-9.69
dbg,55.9984,-36.9,0.0,-9.7,0.0
det,55.9984,1222.98,777.98,37.84,102.4,0.803,Body
det,55.9984,1236.04,780.1,14.13,18.56,0.52,Head
err,56.0329,-48.49,-26.8
dbg,56.0329,-48.5,0.0,-26.8,0.0
det,56.0329,1211.13,762.46,40.76,107.36,0.802,Body
det,56.0329,1222.35,764.87,15.32,17.75,0.396,Head
err,56.0644,-53.34,-31.34
dbg,56.0644,-53.3,0.0,-31.3,0.0
det,56.0644,1207.14,758.2,39.04,104.62,0.829,Body
det,56.0644,1220.26,760.53,13.89,18.89,0.444,Head
err,56.0958,-56.03,-33.62
dbg,56.0958,-56.0,0.0,-33.6,0.0
det,56.0958,1202.91,755.75,42.11,106.26,0.836,Body
det,56.0958,1216.2,757.49,13.07,16.87,0.364,Head
err,56.1314,-59.39,-36.92
dbg,56.1314,-59.4,0.0,-36.9,0.0
det,56.1314,1202.67,751.31,39.49,105.65,0.815,Body
det,56.1314,1214.44,752.84,12.34,18.61,0.526,Head
err,56.163,-59.38,-36.93
dbg,56.163,-59.4,0.0,-36.9,0.0
det,56.163,1202.65,751.32,39.5,105.6,0.816,Body
det,56.163,1214.45,752.82,12.33,18.63,0.529,Head
err,56.1955,-59.4,-36.98
dbg,56.1955,-59.4,0.0,-37.0,0.0
det,56.1955,1202.64,751.25,39.54,105.71,0.815,Body
det,56.1955,1214.44,752.79,12.32,18.61,0.526,Head
err,56.2295,-59.38,-36.96
dbg,56.2295,-59.4,0.0,-37.0,0.0
det,56.2295,1202.68,751.3,39.48,105.63,0.816,Body
det,56.2295,1214.46,752.81,12.31,18.61,0.528,Head
err,56.2633,-59.39,-36.92
dbg,56.2633,-59.4,0.0,-36.9,0.0
det,56.2633,1202.66,751.31,39.5,105.65,0.815,Body
det,56.2633,1214.43,752.84,12.35,18.62,0.526,Head
cmd,56.2633,-80,-49
err,56.2992,-59.39,-36.93
dbg,56.2992,-59.4,0.0,-36.9,0.0
det,56.2992,1202.63,751.29,39.56,105.63,0.815,Body
det,56.2992,1214.42,752.81,12.38,18.66,0.53,Head
err,56.3318,-59.41,-36.97
dbg,56.3318,-59.4,0.0,-37.0,0.0
det,56.3318,1202.61,751.23,39.59,105.74,0.815,Body
det,56.3318,1214.41,752.78,12.37,18.63,0.527,Head
err,56.365,-59.38,-36.96
dbg,56.365,-59.4,0.0,-37.0,0.0
det,56.365,1202.68,751.28,39.49,105.65,0.815,Body
det,56.365,1214.46,752.8,12.33,18.63,0.529,Head
err,56.3997,-59.4,-36.91
dbg,56.3997,-59.4,0.0,-36.9,0.0
det,56.3997,1202.62,751.28,39.58,105.68,0.814,Body
det,56.3997,1214.4,752.82,12.41,18.66,0.528,Head
err,56.4351,1.59,-3.66
dbg,56.4351,1.6,0.0,-3.7,0.0
det,56.4351,1261.5,785.46,40.19,108.79,0.823,Body
err,56.4722,1.54,-3.53
dbg,56.4722,1.5,0.0,-3.5,0.0
det,56.4722,1261.37,785.59,40.35,108.75,0.821,Body
err,56.5023,1.57,-3.62
dbg,56.5023,1.6,0.0,-3.6,0.0
det,56.5023,1261.44,785.51,40.25,108.7,0.821,Body
err,56.536,1.55,-3.6
dbg,56.536,1.5,0.0,-3.6,0.0
det,56.536,1261.39,785.53,40.32,108.72,0.822,Body
err,56.565,1.59,-3.7
dbg,56.565,1.6,0.0,-3.7,0.0
det,56.565,1261.48,785.42,40.22,108.84,0.822,Body
err,56.5997,1.55,-3.51
dbg,56.5997,1.5,0.0,-3.5,0.0
det,56.5997,1261.39,785.62,40.3,108.73,0.822,Body
err,56.6325,1.57,-3.63
dbg,56.6325,1.6,0.0,-3.6,0.0
det,56.6325,1261.44,785.5,40.26,108.71,0.821,Body
err,56.6638,1.55,-3.62
dbg,56.6638,1.6,0.0,-3.6,0.0
det,56.6638,1261.37,785.51,40.35,108.75,0.821,Body
err,56.697,1.59,-3.73
dbg,56.697,1.6,0.0,-3.7,0.0
det,56.697,1261.44,785.38,40.29,108.89,0.822,Body
err,56.7296,1.54,-3.55
dbg,56.7296,1.5,0.0,-3.5,0.0
det,56.7296,1261.36,785.58,40.37,108.78,0.821,Body
err,56.7629,1.56,-3.65
dbg,56.7629,1.6,0.0,-3.7,0.0
det,56.7629,1261.41,785.47,40.31,108.75,0.821,Body
err,56.7966,1.54,-3.63
dbg,56.7966,1.5,0.0,-3.6,0.0
det,56.7966,1261.35,785.49,40.39,108.77,0.821,Body
cmd,56.7966,2,-5
err,56.8301,1.58,-3.7
dbg,56.8301,1.6,0.0,-3.7,0.0
det,56.8301,1261.46,785.41,40.26,108.85,0.822,Body
err,56.8638,1.54,-3.52
dbg,56.8638,1.5,0.0,-3.5,0.0
det,56.8638,1261.37,785.61,40.33,108.75,0.821,Body
err,56.8993,1.57,-3.6
dbg,56.8993,1.6,0.0,-3.6,0.0
det,56.8993,1261.45,785.53,40.24,108.68,0.821,Body
err,56.9813,4.19,-8.29
dbg,56.9813,4.2,0.0,-8.3,0.0
det,56.9813,1265.95,780.97,40.8,104.62,0.835,Body
det,56.9813,1278.17,782.13,12.03,17.42,0.547,Head
err,57.0341,36.26,-46.43
dbg,57.0341,36.3,0.0,-46.4,0.0
det,57.0341,1293.77,743.21,44.97,103.62,0.811,Body
det,57.0341,1308.45,745.22,14.07,18.79,0.389,Head
err,57.0691,43.27,-54.54
dbg,57.0691,43.3,0.0,-54.5,0.0
det,57.0691,1305.2,735.34,37.54,102.35,0.802,Body
det,57.0691,1317.24,736.17,12.06,16.89,0.53,Head
err,57.1024,54.47,-63.07
dbg,57.1024,54.5,0.0,-63.1,0.0
det,57.1024,1314.26,726.3,40.42,106.34,0.848,Body
err,57.1349,61.82,-65.76
dbg,57.1349,61.8,0.0,-65.8,0.0
det,57.1349,1320.6,723.73,42.44,105.12,0.822,Body
det,57.1349,1332.96,723.77,12.97,17.44,0.42,Head
err,57.1697,66.09,-70.05
dbg,57.1697,66.1,0.0,-70.1,0.0
det,57.1697,1325.5,719.57,41.18,103.74,0.811,Body
det,57.1697,1339.86,720.39,13.73,18.15,0.376,Head
err,57.199,68.17,-74.92
dbg,57.199,68.2,0.0,-74.9,0.0
det,57.199,1329.59,713.44,42.27,104.62,0.805,Body
det,57.199,1341.27,715.32,13.81,17.75,0.507,Head
err,57.2327,74.58,-80.79
dbg,57.2327,74.6,0.0,-80.8,0.0
det,57.2327,1335.04,709.02,39.07,101.89,0.811,Body
det,57.2327,1348.34,709.32,12.32,16.99,0.394,Head
err,57.2647,78.07,-86.71
dbg,57.2647,78.1,0.0,-86.7,0.0
det,57.2647,1337.62,702.7,40.9,105.98,0.815,Body
det,57.2647,1350.17,704.4,12.38,15.97,0.44,Head
err,57.296,78.29,-87.58
dbg,57.296,78.3,0.0,-87.6,0.0
det,57.296,1338.67,701.81,39.25,106.13,0.803,Body
det,57.296,1350.39,703.39,12.77,16.48,0.44,Head
err,57.3293,78.3,-87.61
dbg,57.3293,78.3,0.0,-87.6,0.0
det,57.3293,1338.64,701.77,39.32,106.18,0.803,Body
det,57.3293,1350.4,703.37,12.75,16.45,0.441,Head
cmd,57.3293,85,-95
err,57.3635,78.26,-87.55
dbg,57.3635,78.3,0.0,-87.6,0.0
det,57.3635,1338.64,701.84,39.24,106.07,0.804,Body
det,57.3635,1350.42,703.42,12.72,16.43,0.437,Head
err,57.3969,78.29,-87.54
dbg,57.3969,78.3,0.0,-87.5,0.0
det,57.3969,1338.65,701.85,39.27,106.11,0.803,Body
det,57.3969,1350.43,703.4,12.75,16.46,0.433,Head
err,57.4315,78.29,-87.54
dbg,57.4315,78.3,0.0,-87.5,0.0
det,57.4315,1338.69,701.85,39.19,106.07,0.802,Body
det,57.4315,1350.41,703.42,12.72,16.43,0.437,Head
err,57.4631,15.22,-14.95
dbg,57.4631,15.2,0.0,-14.9,0.0
det,57.4631,1274.17,774.58,42.09,104.75,0.826,Body
err,57.4958,15.18,-15.0
dbg,57.4958,15.2,0.0,-15.0,0.0
det,57.4958,1274.2,774.52,41.97,104.77,0.827,Body
err,57.5293,15.19,-14.78
dbg,57.5293,15.2,0.0,-14.8,0.0
det,57.5293,1274.12,774.75,42.15,104.7,0.827,Body
err,57.5628,15.26,-14.93
dbg,57.5628,15.3,0.0,-14.9,0.0
det,57.5628,1274.16,774.6,42.21,104.75,0.827,Body
err,57.5966,15.22,-14.93
dbg,57.5966,15.2,0.0,-14.9,0.0
det,57.5966,1274.17,774.6,42.1,104.71,0.826,Body
err,57.631,15.19,-14.96
dbg,57.631,15.2,0.0,-15.0,0.0
det,57.631,1274.23,774.57,41.92,104.71,0.827,Body
err,57.6637,15.19,-14.76
dbg,57.6637,15.2,0.0,-14.8,0.0
det,57.6637,1274.12,774.77,42.15,104.69,0.827,Body
err,57.6957,15.26,-14.92
dbg,57.6957,15.3,0.0,-14.9,0.0
det,57.6957,1274.17,774.61,42.19,104.73,0.827,Body
err,57.7287,15.22,-14.91
dbg,57.7287,15.2,0.0,-14.9,0.0
det,57.7287,1274.19,774.62,42.07,104.7,0.827,Body
err,57.7623,15.19,-14.95
dbg,57.7623,15.2,0.0,-15.0,0.0
det,57.7623,1274.24,774.58,41.91,104.71,0.827,Body
err,57.797,15.19,-14.76
dbg,57.797,15.2,0.0,-14.8,0.0
det,57.797,1274.12,774.77,42.15,104.68,0.827,Body
err,57.8326,15.26,-14.92
dbg,57.8326,15.3,0.0,-14.9,0.0
det,57.8326,1274.17,774.61,42.18,104.74,0.827,Body
cmd,57.8326,20,-20
err,57.8635,15.22,-14.94
dbg,57.8635,15.2,0.0,-14.9,0.0
det,57.8635,1274.16,774.59,42.12,104.73,0.826,Body
err,57.8969,15.19,-14.98
dbg,57.8969,15.2,0.0,-15.0,0.0
det,57.8969,1274.21,774.55,41.96,104.75,0.827,Body
err,57.9302,15.19,-14.79
dbg,57.9302,15.2,0.0,-14.8,0.0
det,57.9302,1274.1,774.74,42.17,104.71,0.827,Body
err,57.9634,-0.28,-5.77
dbg,57.9634,-0.3,0.0,-5.8,0.0
det,57.9634,1259.11,783.1,41.21,111.26,0.812,Body
err,57.9968,-0.31,-5.79
dbg,57.9968,-0.3,0.0,-5.8,0.0
det,57.9968,1259.08,783.08,41.22,111.24,0.81,Body
err,58.0295,-0.28,-5.91
dbg,58.0295,-0.3,0.0,-5.9,0.0
det,58.0295,1259.08,782.95,41.28,111.34,0.811,Body
err,58.064,-0.31,-5.84
dbg,58.064,-0.3,0.0,-5.8,0.0
det,58.064,1259.05,783.02,41.27,111.4,0.811,Body
err,58.0965,-0.28,-5.81
dbg,58.0965,-0.3,0.0,-5.8,0.0
det,58.0965,1259.09,783.06,41.25,111.3,0.811,Body
err,58.1297,-0.31,-5.8
dbg,58.1297,-0.3,0.0,-5.8,0.0
det,58.1297,1259.07,783.07,41.24,111.26,0.81,Body
err,58.1627,-0.28,-5.91
dbg,58.1627,-0.3,0.0,-5.9,0.0
det,58.1627,1259.08,782.95,41.29,111.36,0.811,Body
err,58.196,-0.32,-5.83
dbg,58.196,-0.3,0.0,-5.8,0.0
det,58.196,1259.06,783.03,41.25,111.38,0.811,Body
err,58.2307,-0.28,-5.79
dbg,58.2307,-0.3,0.0,-5.8,0.0
det,58.2307,1259.11,783.09,41.23,111.27,0.811,Body
err,58.2641,-0.31,-5.79
dbg,58.2641,-0.3,0.0,-5.8,0.0
det,58.2641,1259.07,783.08,41.23,111.24,0.81,Body
err,58.2993,-0.28,-5.92
dbg,58.2993,-0.3,0.0,-5.9,0.0
det,58.2993,1259.08,782.95,41.29,111.35,0.811,Body
err,58.3301,-0.32,-5.86
dbg,58.3301,-0.3,0.0,-5.9,0.0
det,58.3301,1259.05,783.01,41.28,111.39,0.811,Body
err,58.3655,-0.28,-5.8
dbg,58.3655,-0.3,0.0,-5.8,0.0
det,58.3655,1259.1,783.07,41.24,111.28,0.811,Body
cmd,58.3655,0,-8
err,58.4013,-0.31,-5.78
dbg,58.4013,-0.3,0.0,-5.8,0.0
det,58.4013,1259.08,783.1,41.23,111.22,0.81,Body
err,58.4336,-14.56,-8.09
dbg,58.4336,-14.6,0.0,-8.1,0.0
det,58.4336,1245.33,781.33,40.22,105.78,0.802,Body
err,58.4654,-41.18,-11.53
dbg,58.4654,-41.2,0.0,-11.5,0.0
det,58.4654,1220.22,777.26,39.43,104.66,0.828,Body
det,58.4654,1232.42,778.85,12.8,17.5,0.505,Head
err,58.4965,-76.66,-24.9
dbg,58.4965,-76.7,0.0,-24.9,0.0
det,58.4965,1182.74,763.28,40.63,106.22,0.8,Body
det,58.4965,1196.9,764.93,12.87,18.5,0.525,Head
err,58.5299,-110.93,-33.17
dbg,58.5299,-110.9,0.0,-33.2,0.0
det,58.5299,1148.06,756.12,42.03,107.06,0.805,Body
err,58.5634,-127.04,-40.7
dbg,58.5634,-127.0,0.0,-40.7,0.0
det,58.5634,1132.27,748.49,41.37,108.16,0.797,Body
det,58.5634,1145.49,750.73,16.23,19.57,0.409,Head
err,58.5964,-141.87,-43.51
dbg,58.5964,-141.9,0.0,-43.5,0.0
det,58.5964,1115.47,744.08,45.55,108.07,0.811,Body
det,58.5964,1129.83,745.69,16.61,19.62,0.491,Head
err,58.6304,-143.19,-46.0
dbg,58.6304,-143.2,0.0,-46.0,0.0
det,58.6304,1114.0,743.37,45.62,106.29,0.796,Body
det,58.6304,1129.49,745.33,16.75,19.33,0.399,Head
err,58.6626,-143.19,-45.98
dbg,58.6626,-143.2,0.0,-46.0,0.0
det,58.6626,1114.05,743.4,45.51,106.17,0.796,Body
det,58.6626,1129.5,745.33,16.72,19.33,0.395,Head
err,58.6961,-143.2,-46.04
dbg,58.6961,-143.2,0.0,-46.0,0.0
det,58.6961,1113.96,743.33,45.68,106.3,0.796,Body
det,58.6961,1129.46,745.26,16.77,19.37,0.398,Head
err,58.7288,-143.25,-46.05
dbg,58.7288,-143.2,0.0,-46.0,0.0
det,58.7288,1113.93,743.32,45.64,106.26,0.796,Body
det,58.7288,1129.5,745.28,16.72,19.33,0.391,Head
err,58.7632,-143.19,-46.0
dbg,58.7632,-143.2,0.0,-46.0,0.0
det,58.7632,1114.0,743.38,45.61,106.29,0.796,Body
det,58.7632,1129.49,745.34,16.75,19.33,0.399,Head
err,58.7963,-143.21,-45.99
dbg,58.7963,-143.2,0.0,-46.0,0.0
det,58.7963,1114.04,743.4,45.5,106.18,0.796,Body
det,58.7963,1129.49,745.33,16.73,19.33,0.395,Head
err,58.832,-143.21,-46.04
dbg,58.832,-143.2,0.0,-46.0,0.0
det,58.832,1113.96,743.33,45.65,106.3,0.796,Body
det,58.832,1129.47,745.27,16.76,19.36,0.397,Head
err,58.8623,-143.23,-45.96
dbg,58.8623,-143.2,0.0,-46.0,0.0
det,58.8623,1113.98,743.41,45.58,106.24,0.796,Body
det,58.8623,1129.52,745.33,16.71,19.32,0.4,Head
err,58.8966,-143.2,-45.99
dbg,58.8966,-143.2,0.0,-46.0,0.0
det,58.8966,1114.0,743.38,45.6,106.29,0.796,Body
det,58.8966,1129.5,745.34,16.73,19.32,0.399,Head
cmd,58.8966,-121,-39
err,58.9293,-143.21,-45.98
dbg,58.9293,-143.2,0.0,-46.0,0.0
det,58.9293,1114.05,743.4,45.48,106.17,0.796,Body
det,58.9293,1129.5,745.33,16.71,19.33,0.395,Head
err,58.9625,-143.22,-46.04
dbg,58.9625,-143.2,0.0,-46.0,0.0
det,58.9625,1113.97,743.33,45.63,106.3,0.796,Body
det,58.9625,1129.47,745.27,16.75,19.36,0.397,Head
err,58.9957,-143.26,-46.06
dbg,58.9957,-143.3,0.0,-46.1,0.0
det,58.9957,1113.92,743.31,45.64,106.29,0.796,Body
det,58.9957,1129.49,745.28,16.73,19.34,0.392,Head
err,59.0292,-143.21,-46.01
dbg,59.0292,-143.2,0.0,-46.0,0.0
det,59.0292,1113.98,743.36,45.62,106.32,0.796,Body
det,59.0292,1129.48,745.33,16.76,19.34,0.4,Head
err,59.0626,-49.94,-15.38
dbg,59.0626,-49.9,0.0,-15.4,0.0
det,59.0626,1209.09,774.27,41.95,103.48,0.838,Body
err,59.0959,-49.92,-15.36
dbg,59.0959,-49.9,0.0,-15.4,0.0
det,59.0959,1209.07,774.3,42.02,103.45,0.837,Body
err,59.1294,-49.96,-15.37
dbg,59.1294,-50.0,0.0,-15.4,0.0
det,59.1294,1209.1,774.28,41.88,103.49,0.837,Body
err,59.1626,-49.95,-15.35
dbg,59.1626,-49.9,0.0,-15.4,0.0
det,59.1626,1209.11,774.3,41.89,103.42,0.839,Body
err,59.199,-49.95,-15.38
dbg,59.199,-49.9,0.0,-15.4,0.0
det,59.199,1209.1,774.27,41.91,103.49,0.839,Body
err,59.2297,-49.93,-15.34
dbg,59.2297,-49.9,0.0,-15.3,0.0
det,59.2297,1209.08,774.31,41.98,103.43,0.838,Body
err,59.2639,-49.96,-15.38
dbg,59.2639,-50.0,0.0,-15.4,0.0
det,59.2639,1209.1,774.27,41.88,103.5,0.837,Body
err,59.2954,-49.94,-15.37
dbg,59.2954,-49.9,0.0,-15.4,0.0
det,59.2954,1209.1,774.29,41.92,103.44,0.839,Body
err,59.329,-49.94,-15.41
dbg,59.329,-49.9,0.0,-15.4,0.0
det,59.329,1209.08,774.24,41.96,103.53,0.838,Body
err,59.3623,-49.92,-15.36
dbg,59.3623,-49.9,0.0,-15.4,0.0
det,59.3623,1209.07,774.29,42.02,103.46,0.837,Body
err,59.3963,-49.95,-15.39
dbg,59.3963,-49.9,0.0,-15.4,0.0
det,59.3963,1209.1,774.25,41.91,103.51,0.837,Body
err,59.4292,-49.93,-15.38
dbg,59.4292,-49.9,0.0,-15.4,0.0
det,59.4292,1209.09,774.28,41.95,103.46,0.838,Body
cmd,59.4292,-67,-21
err,59.4628,-49.93,-15.4
dbg,59.4628,-49.9,0.0,-15.4,0.0
det,59.4628,1209.09,774.25,41.96,103.52,0.838,Body
err,59.496,-49.91,-15.38
dbg,59.496,-49.9,0.0,-15.4,0.0
det,59.496,1209.07,774.28,42.04,103.48,0.837,Body
err,59.5295,-49.94,-15.41
dbg,59.5295,-49.9,0.0,-15.4,0.0
det,59.5295,1209.09,774.23,41.95,103.54,0.836,Body
err,59.5625,-49.93,-15.38
dbg,59.5625,-49.9,0.0,-15.4,0.0
det,59.5625,1209.09,774.27,41.96,103.46,0.838,Body
err,59.595,-49.93,-15.41
dbg,59.595,-49.9,0.0,-15.4,0.0
det,59.595,1209.07,774.24,41.99,103.53,0.837,Body
err,59.6296,-0.24,-6.54
dbg,59.6296,-0.2,0.0,-6.5,0.0
det,59.6296,1258.48,782.31,42.56,111.56,0.822,Body
err,59.6625,-0.2,-6.4
dbg,59.6625,-0.2,0.0,-6.4,0.0
det,59.6625,1258.5,782.46,42.6,111.45,0.822,Body
err,59.6952,-0.17,-6.53
dbg,59.6952,-0.2,0.0,-6.5,0.0
det,59.6952,1258.51,782.3,42.65,111.69,0.823,Body
err,59.7286,-0.2,-6.4
dbg,59.7286,-0.2,0.0,-6.4,0.0
det,59.7286,1258.5,782.46,42.6,111.46,0.821,Body
err,59.762,-0.24,-6.5
dbg,59.762,-0.2,0.0,-6.5,0.0
det,59.762,1258.49,782.35,42.55,111.5,0.822,Body
err,59.7952,-0.19,-6.41
dbg,59.7952,-0.2,0.0,-6.4,0.0
det,59.7952,1258.49,782.44,42.62,111.46,0.822,Body
err,59.8297,-0.17,-6.54
dbg,59.8297,-0.2,0.0,-6.5,0.0
det,59.8297,1258.5,782.29,42.65,111.71,0.823,Body
err,59.8627,-0.2,-6.41
dbg,59.8627,-0.2,0.0,-6.4,0.0
det,59.8627,1258.5,782.44,42.59,111.48,0.821,Body
err,59.8954,-0.24,-6.55
dbg,59.8954,-0.2,0.0,-6.6,0.0
det,59.8954,1258.47,782.29,42.59,111.58,0.821,Body
err,59.9292,-0.21,-6.4
dbg,59.9292,-0.2,0.0,-6.4,0.0
det,59.9292,1258.49,782.46,42.6,111.45,0.822,Body
cmd,59.9292,0,-9
err,59.9618,-0.18,-6.54
dbg,59.9618,-0.2,0.0,-6.5,0.0
det,59.9618,1258.51,782.29,42.63,111.72,0.823,Body
err,59.9965,-0.21,-6.41
dbg,59.9965,-0.2,0.0,-6.4,0.0
det,59.9965,1258.49,782.44,42.6,111.49,0.821,Body
err,60.029,-0.24,-6.53
dbg,60.029,-0.2,0.0,-6.5,0.0
det,60.029,1258.48,782.31,42.56,111.55,0.822,Body
err,60.062,-0.66,1.62
dbg,60.062,-0.2,0.0,-6.5,0.0
det,60.062,1258.92,790.46,40.83,111.57,0.816,Body
err,60.0961,-0.71,1.78
dbg,60.0961,-0.2,0.0,-6.5,0.0
det,60.0961,1258.83,790.64,40.91,111.46,0.816,Body
err,60.1301,6.34,5.61
dbg,60.1301,6.3,0.0,5.6,0.0
det,60.1301,1269.56,794.0,37.86,108.32,0.804,Body
det,60.1301,1281.12,796.11,10.45,17.27,0.475,Head
err,60.1636,33.54,14.45
dbg,60.1636,33.5,0.0,14.4,0.0
det,60.1636,1293.44,803.98,40.2,104.71,0.795,Body
err,60.1954,57.39,21.75
dbg,60.1954,57.4,0.0,21.7,0.0
det,60.1954,1317.84,811.27,38.12,103.59,0.837,Body
det,60.1954,1331.52,812.64,11.73,16.57,0.501,Head
err,60.2289,75.94,26.34
dbg,60.2289,75.9,0.0,26.3,0.0
det,60.2289,1337.61,816.12,36.65,102.25,0.814,Body
det,60.2289,1349.93,816.73,11.23,16.55,0.454,Head
err,60.2619,82.77,27.14
dbg,60.2619,82.8,0.0,27.1,0.0
det,60.2619,1342.72,816.69,40.09,104.54,0.829,Body
err,60.2955,85.13,29.03
dbg,60.2955,85.1,0.0,29.0,0.0
det,60.2955,1344.25,818.52,41.75,105.12,0.844,Body
det,60.2955,1359.2,819.35,10.76,17.97,0.372,Head
err,60.329,87.76,29.21
dbg,60.329,87.8,0.0,29.2,0.0
det,60.329,1348.35,818.57,38.82,106.36,0.862,Body
det,60.329,1361.58,819.84,10.75,17.66,0.447,Head
err,60.3624,87.76,29.22
dbg,60.3624,87.8,0.0,29.2,0.0
det,60.3624,1348.36,818.58,38.81,106.39,0.862,Body
det,60.3624,1361.58,819.89,10.76,17.59,0.449,Head
err,60.3949,87.81,29.31
dbg,60.3949,87.8,0.0,29.3,0.0
det,60.3949,1348.41,818.67,38.8,106.36,0.862,Body
det,60.3949,1361.56,819.93,10.75,17.58,0.444,Head
err,60.4289,87.77,29.1
dbg,60.4289,87.8,0.0,29.1,0.0
det,60.4289,1348.37,818.45,38.81,106.52,0.863,Body
det,60.4289,1361.48,819.76,10.73,17.66,0.451,Head
err,60.4626,87.76,29.21
dbg,60.4626,87.8,0.0,29.2,0.0
det,60.4626,1348.36,818.57,38.81,106.36,0.862,Body
det,60.4626,1361.58,819.84,10.75,17.65,0.447,Head
cmd,60.4626,118,39
err,60.4961,87.76,29.22
dbg,60.4961,87.8,0.0,29.2,0.0
det,60.4961,1348.36,818.58,38.8,106.39,0.862,Body
det,60.4961,1361.59,819.89,10.74,17.59,0.448,Head
err,60.529,87.82,29.32
dbg,60.529,87.8,0.0,29.3,0.0
det,60.529,1348.43,818.68,38.78,106.34,0.862,Body
det,60.529,1361.58,819.93,10.72,17.57,0.443,Head
err,60.5616,-0.21,-6.6
dbg,60.5616,-0.2,0.0,-6.6,0.0
det,60.5616,1258.45,782.24,42.69,111.65,0.82,Body
err,60.5953,-0.19,-6.38
dbg,60.5953,-0.2,0.0,-6.4,0.0
det,60.5953,1258.5,782.48,42.62,111.42,0.822,Body
err,60.6287,-0.16,-6.56
dbg,60.6287,-0.2,0.0,-6.6,0.0
det,60.6287,1258.49,782.27,42.69,111.73,0.822,Body
err,60.6622,-0.18,-6.43
dbg,60.6622,-0.2,0.0,-6.4,0.0
det,60.6622,1258.49,782.42,42.65,111.49,0.821,Body
err,60.6962,-0.21,-6.57
dbg,60.6962,-0.2,0.0,-6.6,0.0
det,60.6962,1258.47,782.27,42.63,111.57,0.821,Body
err,60.7304,-0.18,-6.44
dbg,60.7304,-0.2,0.0,-6.4,0.0
det,60.7304,1258.5,782.41,42.66,111.48,0.821,Body
err,60.7637,-0.15,-6.59
dbg,60.7637,-0.2,0.0,-6.6,0.0
det,60.7637,1258.49,782.24,42.72,111.75,0.821,Body
err,60.7954,-0.17,-6.49
dbg,60.7954,-0.2,0.0,-6.5,0.0
det,60.7954,1258.47,782.35,42.72,111.56,0.82,Body
err,60.8292,-0.21,-6.62
dbg,60.8292,-0.2,0.0,-6.6,0.0
det,60.8292,1258.45,782.21,42.69,111.66,0.82,Body
err,60.8619,-0.18,-6.49
dbg,60.8619,-0.2,0.0,-6.5,0.0
det,60.8619,1258.46,782.35,42.72,111.57,0.82,Body
err,60.8948,-0.15,-6.62
dbg,60.8948,-0.1,0.0,-6.6,0.0
det,60.8948,1258.47,782.2,42.76,111.8,0.821,Body
err,60.9285,-0.17,-6.49
dbg,60.9285,-0.2,0.0,-6.5,0.0
det,60.9285,1258.46,782.35,42.74,111.57,0.819,Body
err,60.9637,-0.22,-6.59
dbg,60.9637,-0.2,0.0,-6.6,0.0
det,60.9637,1258.45,782.25,42.67,111.62,0.82,Body
cmd,60.9637,0,-9
err,60.9951,-0.18,-6.48
dbg,60.9951,-0.2,0.0,-6.5,0.0
det,60.9951,1258.46,782.37,42.73,111.55,0.82,Body
err,61.0296,-0.15,-6.63
dbg,61.0296,-0.1,0.0,-6.6,0.0
det,61.0296,1258.46,782.18,42.79,111.82,0.82,Body
err,61.0639,-0.68,1.5
dbg,61.0639,-0.1,0.0,-6.6,0.0
det,61.0639,1258.77,790.32,41.1,111.78,0.815,Body
err,61.097,-0.7,1.64
dbg,61.097,-0.1,0.0,-6.6,0.0
det,61.097,1258.8,790.48,40.99,111.59,0.815,Body
err,61.1315,-0.66,1.54
dbg,61.1315,-0.1,0.0,-6.6,0.0
det,61.1315,1258.89,790.37,40.9,111.67,0.815,Body
err,61.1639,-0.71,1.73
dbg,61.1639,-0.1,0.0,-6.6,0.0
det,61.1639,1258.81,790.57,40.97,111.53,0.815,Body
err,61.196,-0.68,1.58
dbg,61.196,-0.1,0.0,-6.6,0.0
det,61.196,1258.8,790.41,41.03,111.68,0.815,Body
err,61.2307,-0.71,1.67
dbg,61.2307,-0.1,0.0,-6.6,0.0
det,61.2307,1258.8,790.51,40.98,111.57,0.815,Body
err,61.2624,0.33,1.66
dbg,61.2624,-0.1,0.0,-6.6,0.0
det,61.2624,1260.13,790.57,40.38,110.88,0.8,Body
err,61.2952,-40.34,8.37
dbg,61.2952,-40.3,0.0,8.4,0.0
det,61.2952,1222.3,796.65,36.7,105.59,0.817,Body
det,61.2952,1234.59,798.36,10.13,18.2,0.574,Head
err,61.3312,-81.58,8.6
dbg,61.3312,-81.6,0.0,8.6,0.0
det,61.3312,1177.26,797.91,42.32,106.92,0.807,Body
det,61.3312,1190.0,799.43,12.6,17.05,0.452,Head
err,61.3633,-86.79,13.87
dbg,61.3633,-86.8,0.0,13.9,0.0
det,61.3633,1172.33,802.91,41.03,106.91,0.811,Body
det,61.3633,1186.75,804.11,12.9,17.74,0.511,Head
err,61.3971,-106.16,27.48
dbg,61.3971,-106.2,0.0,27.5,0.0
det,61.3971,1154.93,815.89,40.12,105.87,0.845,Body
det,61.3971,1168.06,817.34,11.54,18.43,0.537,Head
err,61.4279,-110.93,32.77
dbg,61.4279,-110.9,0.0,32.8,0.0
det,61.4279,1148.06,822.08,42.0,106.94,0.827,Body
err,61.463,-116.05,39.98
dbg,61.463,-116.1,0.0,40.0,0.0
det,61.463,1145.14,827.47,38.87,106.13,0.799,Body
det,61.463,1157.4,830.19,13.09,17.79,0.537,Head
err,61.4965,-116.18,40.52
dbg,61.4965,-116.2,0.0,40.5,0.0
det,61.4965,1144.08,828.79,38.32,105.58,0.802,Body
det,61.4965,1157.34,830.66,12.95,17.94,0.532,Head
cmd,61.4965,-120,42
err,61.5289,-116.16,40.47
dbg,61.5289,-116.2,0.0,40.5,0.0
det,61.5289,1144.08,828.72,38.32,105.77,0.802,Body
det,61.5289,1157.36,830.6,12.96,17.94,0.528,Head
err,61.5641,-116.17,40.51
dbg,61.5641,-116.2,0.0,40.5,0.0
det,61.5641,1144.06,828.86,38.28,105.56,0.803,Body
det,61.5641,1157.38,830.67,12.9,17.89,0.529,Head
err,61.5982,-26.21,6.72
dbg,61.5982,-26.2,0.0,6.7,0.0
det,61.5982,1233.81,796.17,39.95,105.54,0.828,Body
det,61.5982,1247.17,797.09,11.14,16.77,0.474,Head
err,61.6302,-26.23,6.64
dbg,61.6302,-26.2,0.0,6.6,0.0
det,61.6302,1233.8,796.07,39.93,105.61,0.828,Body
det,61.6302,1247.17,797.04,11.11,16.79,0.471,Head
err,61.6647,-26.21,6.68
dbg,61.6647,-26.2,0.0,6.7,0.0
det,61.6647,1233.82,796.12,39.93,105.6,0.829,Body
det,61.6647,1247.2,797.05,11.07,16.77,0.47,Head
err,61.6952,-26.22,6.61
dbg,61.6952,-26.2,0.0,6.6,0.0
det,61.6952,1233.84,796.04,39.89,105.7,0.829,Body
det,61.6952,1247.14,796.98,11.15,16.82,0.473,Head
err,61.7284,-26.21,6.71
dbg,61.7284,-26.2,0.0,6.7,0.0
det,61.7284,1233.82,796.15,39.95,105.56,0.828,Body
det,61.7284,1247.17,797.08,11.14,16.78,0.474,Head
err,61.7625,-26.24,6.65
dbg,61.7625,-26.2,0.0,6.7,0.0
det,61.7625,1233.83,796.09,39.87,105.6,0.83,Body
det,61.7625,1247.2,797.04,11.07,16.77,0.47,Head
err,61.7958,-26.21,6.66
dbg,61.7958,-26.2,0.0,6.7,0.0
det,61.7958,1233.83,796.1,39.92,105.62,0.829,Body
det,61.7958,1247.2,797.04,11.08,16.78,0.47,Head
err,61.8304,-26.22,6.63
dbg,61.8304,-26.2,0.0,6.6,0.0
det,61.8304,1233.86,796.07,39.84,105.65,0.83,Body
det,61.8304,1247.17,797.0,11.1,16.79,0.472,Head
err,61.8639,-26.21,6.72
dbg,61.8639,-26.2,0.0,6.7,0.0
det,61.8639,1233.83,796.16,39.92,105.53,0.829,Body
det,61.8639,1247.19,797.09,11.12,16.77,0.473,Head
err,61.8961,-26.23,6.64
dbg,61.8961,-26.2,0.0,6.6,0.0
det,61.8961,1233.82,796.08,39.89,105.61,0.829,Body
det,61.8961,1247.19,797.03,11.08,16.78,0.47,Head
err,61.9311,-26.21,6.65
dbg,61.9311,-26.2,0.0,6.6,0.0
det,61.9311,1233.8,796.08,39.96,105.63,0.829,Body
det,61.9311,1247.18,797.03,11.11,16.8,0.471,Head
err,61.9621,-26.22,6.62
dbg,61.9621,-26.2,0.0,6.6,0.0
det,61.9621,1233.85,796.05,39.87,105.66,0.829,Body
det,61.9621,1247.16,796.99,11.12,16.8,0.472,Head
err,61.9965,-26.21,6.72
dbg,61.9965,-26.2,0.0,6.7,0.0
det,61.9965,1233.83,796.17,39.93,105.53,0.829,Body
det,61.9965,1247.18,797.09,11.12,16.77,0.473,Head
cmd,61.9965,-35,9
err,62.0295,-26.23,6.63
dbg,62.0295,-26.2,0.0,6.6,0.0
det,62.0295,1233.8,796.06,39.94,105.63,0.829,Body
det,62.0295,1247.16,797.03,11.12,16.81,0.472,Head
err,62.0618,-26.21,6.62
dbg,62.0618,-26.2,0.0,6.6,0.0
det,62.0618,1233.79,796.05,40.0,105.67,0.828,Body
det,62.0618,1247.15,797.02,11.14,16.83,0.472,Head
err,62.0956,-26.22,6.61
dbg,62.0956,-26.2,0.0,6.6,0.0
det,62.0956,1233.84,796.04,39.89,105.68,0.829,Body
det,62.0956,1247.14,796.98,11.14,16.81,0.473,Head
err,62.1302,-26.21,6.71
dbg,62.1302,-26.2,0.0,6.7,0.0
det,62.1302,1233.82,796.15,39.95,105.55,0.828,Body
det,62.1302,1247.17,797.08,11.14,16.78,0.474,Head
err,62.1621,0.48,-3.6
dbg,62.1621,0.5,0.0,-3.6,0.0
det,62.1621,1259.05,785.54,42.86,108.59,0.81,Body
err,62.1953,0.45,-3.56
dbg,62.1953,0.4,0.0,-3.6,0.0
det,62.1953,1259.03,785.59,42.84,108.52,0.811,Body
err,62.2296,0.39,-3.7
dbg,62.2296,0.4,0.0,-3.7,0.0
det,62.2296,1259.03,785.43,42.71,108.7,0.81,Body
err,62.2617,0.45,-3.62
dbg,62.2617,0.4,0.0,-3.6,0.0
det,62.2617,1259.01,785.52,42.88,108.56,0.81,Body
err,62.2952,0.48,-3.62
dbg,62.2952,0.5,0.0,-3.6,0.0
det,62.2952,1259.04,785.52,42.89,108.61,0.81,Body
err,62.3272,0.52,-3.61
dbg,62.3272,0.5,0.0,-3.6,0.0
det,62.3272,1259.06,785.53,42.91,108.57,0.811,Body
err,62.3601,0.47,-3.73
dbg,62.3601,0.5,0.0,-3.7,0.0
det,62.3601,1259.05,785.4,42.84,108.7,0.811,Body
err,62.3956,0.44,-3.56
dbg,62.3956,0.4,0.0,-3.6,0.0
det,62.3956,1259.04,785.59,42.8,108.48,0.81,Body
err,62.4295,0.48,-3.59
dbg,62.4295,0.5,0.0,-3.6,0.0
det,62.4295,1259.05,785.56,42.85,108.56,0.811,Body
err,62.4622,0.45,-3.52
dbg,62.4622,0.5,0.0,-3.5,0.0
det,62.4622,1259.06,785.64,42.79,108.46,0.812,Body
err,62.4964,0.39,-3.67
dbg,62.4964,0.4,0.0,-3.7,0.0
det,62.4964,1259.06,785.47,42.66,108.64,0.811,Body
err,62.5302,0.45,-3.6
dbg,62.5302,0.5,0.0,-3.6,0.0
det,62.5302,1259.02,785.55,42.86,108.52,0.81,Body
cmd,62.5302,1,-5
err,62.563,0.48,-3.61
dbg,62.563,0.5,0.0,-3.6,0.0
det,62.563,1259.05,785.53,42.87,108.59,0.81,Body
err,62.5971,18.7,1.97
dbg,62.5971,18.7,0.0,2.0,0.0
det,62.5971,1278.32,791.47,40.75,105.01,0.844,Body
err,62.6299,65.33,2.36
dbg,62.6299,65.3,0.0,2.4,0.0
det,62.6299,1325.06,792.09,40.54,102.74,0.806,Body
err,62.6643,113.09,-1.73
dbg,62.6643,113.1,0.0,-1.7,0.0
det,62.6643,1373.48,787.63,39.22,106.44,0.816,Body
err,62.696,151.47,-6.38
dbg,62.696,151.5,0.0,-6.4,0.0
det,62.696,1412.12,782.89,38.69,107.26,0.855,Body
det,62.696,1424.89,784.32,10.34,17.63,0.492,Head
err,62.7292,159.26,-8.32
dbg,62.7292,159.3,0.0,-8.3,0.0
det,62.7292,1418.48,780.97,41.55,107.12,0.817,Body
det,62.7292,1430.47,782.31,13.2,16.78,0.401,Head
err,62.762,159.19,-8.38
dbg,62.762,159.2,0.0,-8.4,0.0
det,62.762,1418.48,780.89,41.42,107.21,0.819,Body
det,62.762,1430.46,782.23,13.26,16.83,0.403,Head
err,62.7953,159.12,-8.35
dbg,62.7953,159.1,0.0,-8.3,0.0
det,62.7953,1418.43,780.93,41.38,107.19,0.817,Body
det,62.7953,1430.42,782.28,13.29,16.85,0.411,Head
err,62.8289,159.15,-8.33
dbg,62.8289,159.1,0.0,-8.3,0.0
det,62.8289,1418.47,780.96,41.35,107.13,0.817,Body
det,62.8289,1430.47,782.3,13.24,16.81,0.404,Head
err,62.8618,159.21,-8.34
dbg,62.8618,159.2,0.0,-8.3,0.0
det,62.8618,1418.49,780.95,41.44,107.09,0.82,Body
det,62.8618,1430.47,782.31,13.19,16.78,0.403,Head
err,62.8952,159.2,-8.4
dbg,62.8952,159.2,0.0,-8.4,0.0
det,62.8952,1418.5,780.89,41.4,107.18,0.82,Body
det,62.8952,1430.47,782.22,13.24,16.82,0.402,Head
err,62.9291,159.21,-8.33
dbg,62.9291,159.2,0.0,-8.3,0.0
det,62.9291,1418.45,780.95,41.5,107.17,0.819,Body
det,62.9291,1430.45,782.29,13.21,16.82,0.408,Head
err,62.9626,159.26,-8.31
dbg,62.9626,159.3,0.0,-8.3,0.0
det,62.9626,1418.47,780.97,41.58,107.17,0.819,Body
det,62.9626,1430.48,782.31,13.2,16.8,0.405,Head
err,62.9951,159.21,-8.34
dbg,62.9951,159.2,0.0,-8.3,0.0
det,62.9951,1418.5,780.95,41.41,107.13,0.82,Body
det,62.9951,1430.47,782.31,13.18,16.79,0.403,Head
err,63.0296,159.2,-8.36
dbg,63.0296,159.2,0.0,-8.4,0.0
det,63.0296,1418.52,780.92,41.36,107.23,0.82,Body
det,63.0296,1430.48,782.23,13.2,16.8,0.399,Head
err,63.0632,159.2,-8.31
dbg,63.0632,159.2,0.0,-8.3,0.0
det,63.0632,1418.47,780.97,41.45,107.2,0.82,Body
det,63.0632,1430.46,782.3,13.17,16.79,0.405,Head
cmd,63.0632,127,-7
err,63.0971,159.26,-8.34
dbg,63.0971,159.3,0.0,-8.3,0.0
det,63.0971,1418.46,780.93,41.6,107.24,0.819,Body
det,63.0971,1430.48,782.3,13.21,16.82,0.405,Head
err,63.1301,63.63,-1.03
dbg,63.1301,63.6,0.0,-1.0,0.0
det,63.1301,1323.41,788.71,40.44,102.57,0.804,Body
err,63.1628,63.35,-0.93
dbg,63.1628,63.4,0.0,-0.9,0.0
det,63.1628,1322.94,788.84,40.83,102.34,0.805,Body
err,63.1967,63.69,-2.39
dbg,63.1967,63.7,0.0,-2.4,0.0
det,63.1967,1323.01,787.03,41.35,105.79,0.813,Body
err,63.2293,63.65,-2.35
dbg,63.2293,63.7,0.0,-2.4,0.0
det,63.2293,1323.01,787.08,41.28,105.74,0.813,Body
err,63.2626,63.65,-2.27
dbg,63.2626,63.6,0.0,-2.3,0.0
det,63.2626,1323.05,787.17,41.19,105.55,0.814,Body
err,63.2957,63.65,-2.31
dbg,63.2957,63.6,0.0,-2.3,0.0
det,63.2957,1322.99,787.11,41.32,105.72,0.813,Body
err,63.3299,63.67,-2.37
dbg,63.3299,63.7,0.0,-2.4,0.0
det,63.3299,1323.02,787.05,41.3,105.79,0.814,Body
err,63.3623,63.64,-2.38
dbg,63.3623,63.6,0.0,-2.4,0.0
det,63.3623,1322.97,787.04,41.34,105.8,0.813,Body
err,63.3966,63.64,-2.31
dbg,63.3966,63.6,0.0,-2.3,0.0
det,63.3966,1323.01,787.12,41.26,105.64,0.814,Body
err,63.4289,63.64,-2.34
dbg,63.4289,63.6,0.0,-2.3,0.0
det,63.4289,1322.97,787.08,41.35,105.78,0.813,Body
err,63.462,63.66,-2.39
dbg,63.462,63.7,0.0,-2.4,0.0
det,63.462,1322.99,787.02,41.33,105.83,0.813,Body
err,63.4952,63.63,-2.39
dbg,63.4952,63.6,0.0,-2.4,0.0
det,63.4952,1322.96,787.03,41.34,105.82,0.813,Body
err,63.5299,63.63,-2.34
dbg,63.5299,63.6,0.0,-2.3,0.0
det,63.5299,1322.97,787.09,41.31,105.7,0.813,Body
err,63.5628,63.64,-2.36
dbg,63.5628,63.6,0.0,-2.4,0.0
det,63.5628,1322.94,787.06,41.39,105.81,0.813,Body
err,63.5978,63.66,-2.43
dbg,63.5978,63.7,0.0,-2.4,0.0
det,63.5978,1322.96,786.98,41.4,105.89,0.813,Body
cmd,63.5978,85,-3
err,63.6301,63.67,-2.3
dbg,63.6301,63.7,0.0,-2.3,0.0
det,63.6301,1322.98,787.13,41.38,105.71,0.813,Body
err,63.6622,63.64,-2.34
dbg,63.6622,63.6,0.0,-2.3,0.0
det,63.6622,1322.97,787.09,41.34,105.7,0.813,Body
err,63.6969,-0.28,-5.75
dbg,63.6969,-0.3,0.0,-5.8,0.0
det,63.6969,1259.11,783.12,41.22,111.23,0.811,Body
err,63.7302,-0.3,-5.72
dbg,63.7302,-0.3,0.0,-5.7,0.0
det,63.7302,1259.12,783.17,41.16,111.16,0.811,Body
err,63.764,-0.27,-5.9
dbg,63.764,-0.3,0.0,-5.9,0.0
det,63.764,1259.08,782.96,41.29,111.33,0.811,Body
err,63.7954,-0.31,-5.84
dbg,63.7954,-0.3,0.0,-5.8,0.0
det,63.7954,1259.06,783.02,41.26,111.37,0.811,Body
err,63.8292,-0.28,-5.8
dbg,63.8292,-0.3,0.0,-5.8,0.0
det,63.8292,1259.1,783.07,41.24,111.29,0.811,Body
err,63.8632,-0.3,-5.78
dbg,63.8632,-0.3,0.0,-5.8,0.0
det,63.8632,1259.08,783.09,41.24,111.22,0.81,Body
err,63.8954,-0.28,-5.89
dbg,63.8954,-0.3,0.0,-5.9,0.0
det,63.8954,1259.08,782.98,41.28,111.31,0.811,Body
err,63.9302,-0.31,-5.77
dbg,63.9302,-0.3,0.0,-5.8,0.0
det,63.9302,1259.09,783.1,41.2,111.29,0.812,Body
err,63.9622,-0.27,-5.73
dbg,63.9622,-0.3,0.0,-5.7,0.0
det,63.9622,1259.15,783.15,41.16,111.22,0.813,Body
err,63.9966,-0.3,-5.76
dbg,63.9966,-0.3,0.0,-5.8,0.0
det,63.9966,1259.09,783.12,41.22,111.21,0.811,Body
err,64.0288,-0.28,-5.88
dbg,64.0288,-0.3,0.0,-5.9,0.0
det,64.0288,1259.1,782.99,41.25,111.31,0.811,Body
err,64.063,-0.31,-5.78
dbg,64.063,-0.3,0.0,-5.8,0.0
det,64.063,1259.09,783.09,41.2,111.31,0.812,Body
err,64.0966,-0.28,-5.76
dbg,64.0966,-0.3,0.0,-5.8,0.0
det,64.0966,1259.12,783.12,41.2,111.24,0.812,Body
err,64.1292,-0.3,-5.72
dbg,64.1292,-0.3,0.0,-5.7,0.0
det,64.1292,1259.12,783.16,41.16,111.17,0.812,Body
cmd,64.1292,0,-8
err,64.1597,-0.27,-5.86
dbg,64.1597,-0.3,0.0,-5.9,0.0
det,64.1597,1259.11,783.01,41.23,111.28,0.812,Body
err,64.197,-0.28,-5.81
dbg,64.197,-0.3,0.0,-5.8,0.0
det,64.197,1259.09,783.07,41.25,111.22,0.811,Body
err,64.2301,-0.27,-5.74
dbg,64.2301,-0.3,0.0,-5.7,0.0
det,64.2301,1259.13,783.13,41.19,111.22,0.812,Body
err,64.2635,-1.63,-4.57
dbg,64.2635,-1.6,0.0,-4.6,0.0
det,64.2635,1257.06,784.43,42.62,110.01,0.832,Body
err,64.2974,-46.4,-2.43
dbg,64.2974,-46.4,0.0,-2.4,0.0
det,64.2974,1212.66,786.95,41.89,106.15,0.825,Body
err,64.3311,-78.83,-2.45
dbg,64.3311,-78.8,0.0,-2.5,0.0
det,64.3311,1179.45,786.76,43.45,107.85,0.819,Body
err,64.3623,-83.67,-2.17
dbg,64.3623,-83.7,0.0,-2.2,0.0
det,64.3623,1175.44,787.18,41.78,106.54,0.819,Body
det,64.3623,1188.79,788.43,13.28,18.18,0.411,Head
err,64.3849,-87.88,-2.66
dbg,64.3849,-87.9,0.0,-2.7,0.0
det,64.3849,1170.29,786.49,43.66,108.55,0.833,Body
det,64.3849,1184.85,788.67,13.9,17.4,0.386,Head
err,64.4133,-90.56,-2.02
dbg,64.4133,-90.6,0.0,-2.0,0.0
det,64.4133,1166.69,787.42,45.49,105.63,0.823,Body
det,64.4133,1181.72,789.05,13.33,17.93,0.401,Head
err,64.4462,-90.57,-2.07
dbg,64.4462,-90.6,0.0,-2.1,0.0
det,64.4462,1166.77,787.36,45.31,105.71,0.824,Body
det,64.4462,1181.75,788.97,13.26,17.91,0.402,Head
err,64.4789,-90.55,-2.02
dbg,64.4789,-90.5,0.0,-2.0,0.0
det,64.4789,1166.79,787.42,45.32,105.62,0.822,Body
det,64.4789,1181.75,789.04,13.26,17.9,0.403,Head
err,64.512,-90.56,-2.02
dbg,64.512,-90.6,0.0,-2.0,0.0
det,64.512,1166.75,787.41,45.36,105.67,0.822,Body
det,64.512,1181.73,789.03,13.29,17.92,0.401,Head
err,64.5454,-90.56,-2.0
dbg,64.5454,-90.6,0.0,-2.0,0.0
det,64.5454,1166.72,787.44,45.45,105.61,0.823,Body
det,64.5454,1181.74,789.05,13.3,17.92,0.4,Head
err,64.5812,-90.57,-2.08
dbg,64.5812,-90.6,0.0,-2.1,0.0
det,64.5812,1166.75,787.35,45.35,105.72,0.823,Body
det,64.5812,1181.74,788.97,13.28,17.92,0.403,Head
err,64.613,-90.55,-2.03
dbg,64.613,-90.5,0.0,-2.0,0.0
det,64.613,1166.76,787.41,45.37,105.63,0.822,Body
det,64.613,1181.74,789.03,13.29,17.91,0.404,Head
err,64.6481,-90.59,-2.02
dbg,64.6481,-90.6,0.0,-2.0,0.0
det,64.6481,1166.69,787.41,45.43,105.66,0.822,Body
det,64.6481,1181.69,789.03,13.34,17.94,0.4,Head
cmd,64.6481,-121,-3
err,64.6806,-90.56,-2.01
dbg,64.6806,-90.6,0.0,-2.0,0.0
det,64.6806,1166.72,787.43,45.44,105.67,0.822,Body
det,64.6806,1181.7,789.02,13.3,17.95,0.4,Head
err,64.7144,-90.57,-2.08
dbg,64.7144,-90.6,0.0,-2.1,0.0
det,64.7144,1166.75,787.35,45.35,105.72,0.823,Body
det,64.7144,1181.74,788.97,13.29,17.92,0.403,Head
err,64.7468,-90.55,-2.03
dbg,64.7468,-90.6,0.0,-2.0,0.0
det,64.7468,1166.75,787.4,45.39,105.65,0.822,Body
det,64.7468,1181.73,789.03,13.3,17.91,0.403,Head
err,64.7794,-90.6,-2.04
dbg,64.7794,-90.6,0.0,-2.0,0.0
det,64.7794,1166.65,787.39,45.51,105.7,0.822,Body
det,64.7794,1181.67,789.02,13.38,17.95,0.4,Head
err,64.8122,-0.29,-5.7
dbg,64.8122,-0.3,0.0,-5.7,0.0
det,64.8122,1259.13,783.17,41.14,111.31,0.813,Body
err,64.8456,-0.29,-5.73
dbg,64.8456,-0.3,0.0,-5.7,0.0
det,64.8456,1259.13,783.16,41.16,111.13,0.813,Body
err,64.8803,-0.29,-5.77
dbg,64.8803,-0.3,0.0,-5.8,0.0
det,64.8803,1259.14,783.11,41.14,111.23,0.813,Body
err,64.9135,-0.26,-5.71
dbg,64.9135,-0.3,0.0,-5.7,0.0
det,64.9135,1259.15,783.17,41.18,111.23,0.811,Body
err,64.9473,-0.29,-5.75
dbg,64.9473,-0.3,0.0,-5.8,0.0
det,64.9473,1259.11,783.11,41.2,111.37,0.812,Body
err,64.9792,-0.29,-5.79
dbg,64.9792,-0.3,0.0,-5.8,0.0
det,64.9792,1259.1,783.09,41.22,111.21,0.812,Body
err,65.0123,-0.3,-5.81
dbg,65.0123,-0.3,0.0,-5.8,0.0
det,65.0123,1259.1,783.06,41.2,111.29,0.813,Body
err,65.0454,-0.26,-5.7
dbg,65.0454,-0.3,0.0,-5.7,0.0
det,65.0454,1259.16,783.18,41.16,111.21,0.812,Body
err,65.0792,-0.29,-5.73
dbg,65.0792,-0.3,0.0,-5.7,0.0
det,65.0792,1259.12,783.13,41.18,111.35,0.813,Body
err,65.1122,-0.29,-5.74
dbg,65.1122,-0.3,0.0,-5.7,0.0
det,65.1122,1259.13,783.15,41.16,111.15,0.813,Body
err,65.1462,-0.29,-5.74
dbg,65.1462,-0.3,0.0,-5.7,0.0
det,65.1462,1259.16,783.14,41.1,111.19,0.814,Body
err,65.1796,-0.26,-5.66
dbg,65.1796,-0.3,0.0,-5.7,0.0
det,65.1796,1259.18,783.22,41.13,111.15,0.812,Body
cmd,65.1796,0,-8
err,65.2134,-0.29,-5.75
dbg,65.2134,-0.3,0.0,-5.8,0.0
det,65.2134,1259.12,783.11,41.19,111.35,0.812,Body
err,65.2462,-0.29,-5.77
dbg,65.2462,-0.3,0.0,-5.8,0.0
det,65.2462,1259.12,783.11,41.2,111.18,0.812,Body
err,65.2794,0.17,2.76
dbg,65.2794,0.2,0.0,2.8,0.0
det,65.2794,1259.88,791.77,40.57,109.91,0.806,Body
err,65.3134,0.16,2.72
dbg,65.3134,0.2,0.0,2.7,0.0
det,65.3134,1259.87,791.73,40.58,109.92,0.806,Body
err,65.347,0.18,2.75
dbg,65.347,0.2,0.0,2.7,0.0
det,65.347,1259.85,791.75,40.66,109.99,0.806,Body
err,65.3789,0.16,2.84
dbg,65.3789,0.2,0.0,2.8,0.0
det,65.3789,1259.85,791.85,40.61,109.86,0.806,Body
err,65.4127,0.16,2.77
dbg,65.4127,0.2,0.0,2.8,0.0
det,65.4127,1259.88,791.78,40.57,109.9,0.806,Body
err,65.4477,0.16,2.72
dbg,65.4477,0.2,0.0,2.7,0.0
det,65.4477,1259.87,791.73,40.57,109.91,0.806,Body
err,65.4789,0.18,2.79
dbg,65.4789,0.2,0.0,2.8,0.0
det,65.4789,1259.89,791.8,40.57,109.94,0.806,Body
err,65.5132,0.16,2.9
dbg,65.5132,0.2,0.0,2.9,0.0
det,65.5132,1259.91,791.92,40.49,109.8,0.806,Body
err,65.5455,0.16,2.83
dbg,65.5455,0.2,0.0,2.8,0.0
det,65.5455,1259.94,791.85,40.44,109.83,0.806,Body
err,65.5794,2.66,3.1
dbg,65.5794,2.7,0.0,3.1,0.0
det,65.5794,1263.16,792.19,38.99,109.13,0.825,Body
err,65.6126,20.73,10.36
dbg,65.6126,20.7,0.0,10.4,0.0
det,65.6126,1281.77,799.86,37.91,105.09,0.813,Body
det,65.6126,1294.72,800.88,11.4,17.77,0.43,Head
err,65.6478,41.46,15.64
dbg,65.6478,41.5,0.0,15.6,0.0
det,65.6478,1303.07,804.98,36.76,106.67,0.809,Body
det,65.6478,1316.16,805.61,10.3,16.89,0.407,Head
err,65.6794,54.68,17.32
dbg,65.6794,54.7,0.0,17.3,0.0
det,65.6794,1314.92,806.8,39.52,105.14,0.864,Body
err,65.7163,55.37,17.82
dbg,65.7163,55.4,0.0,17.8,0.0
det,65.7163,1316.14,807.22,38.46,105.96,0.841,Body
det,65.7163,1328.36,808.82,11.82,17.85,0.378,Head
cmd,65.7163,74,24
err,65.7498,55.36,17.75
dbg,65.7498,55.4,0.0,17.7,0.0
det,65.7498,1316.15,807.14,38.41,106.06,0.842,Body
det,65.7498,1328.39,808.73,11.77,17.9,0.371,Head
err,65.783,55.35,17.7
dbg,65.783,55.3,0.0,17.7,0.0
det,65.783,1316.14,807.09,38.43,106.06,0.842,Body
det,65.783,1328.4,808.66,11.8,17.94,0.369,Head
err,65.8128,-0.28,-5.76
dbg,65.8128,-0.3,0.0,-5.8,0.0
det,65.8128,1259.16,783.12,41.12,111.21,0.814,Body
err,65.8452,-0.26,-5.72
dbg,65.8452,-0.3,0.0,-5.7,0.0
det,65.8452,1259.14,783.16,41.2,111.23,0.811,Body
err,65.8791,-0.3,-5.74
dbg,65.8791,-0.3,0.0,-5.7,0.0
det,65.8791,1259.11,783.13,41.18,111.33,0.812,Body
err,65.9124,-0.3,-5.73
dbg,65.9124,-0.3,0.0,-5.7,0.0
det,65.9124,1259.12,783.16,41.16,111.13,0.813,Body
err,65.9465,-0.3,-5.71
dbg,65.9465,-0.3,0.0,-5.7,0.0
det,65.9465,1259.17,783.18,41.07,111.14,0.814,Body
err,65.9802,-0.27,-5.67
dbg,65.9802,-0.3,0.0,-5.7,0.0
det,65.9802,1259.17,783.22,41.13,111.14,0.812,Body
err,66.0124,-0.29,-5.71
dbg,66.0124,-0.3,0.0,-5.7,0.0
det,66.0124,1259.14,783.16,41.14,111.29,0.813,Body
err,66.0464,-0.29,-5.75
dbg,66.0464,-0.3,0.0,-5.8,0.0
det,66.0464,1259.12,783.13,41.18,111.15,0.812,Body
err,66.0796,-0.29,-5.78
dbg,66.0796,-0.3,0.0,-5.8,0.0
det,66.0796,1259.13,783.1,41.15,111.21,0.813,Body
err,66.1129,-0.26,-5.7
dbg,66.1129,-0.3,0.0,-5.7,0.0
det,66.1129,1259.15,783.18,41.18,111.17,0.811,Body
err,66.1455,-0.29,-5.76
dbg,66.1455,-0.3,0.0,-5.8,0.0
det,66.1455,1259.12,783.11,41.19,111.35,0.812,Body
err,66.1786,-0.29,-5.8
dbg,66.1786,-0.3,0.0,-5.8,0.0
det,66.1786,1259.09,783.07,41.24,111.21,0.812,Body
err,66.213,-0.29,-5.81
dbg,66.213,-0.3,0.0,-5.8,0.0
det,66.213,1259.12,783.06,41.18,111.26,0.813,Body
err,66.2475,-0.26,-5.77
dbg,66.2475,-0.3,0.0,-5.8,0.0
det,66.2475,1259.11,783.11,41.25,111.26,0.81,Body
cmd,66.2475,0,-8
err,66.279,-0.29,-5.84
dbg,66.279,-0.3,0.0,-5.8,0.0
det,66.279,1259.06,783.02,41.31,111.45,0.811,Body
err,66.3123,-0.29,-5.87
dbg,66.3123,-0.3,0.0,-5.9,0.0
det,66.3123,1259.05,783.0,41.33,111.31,0.811,Body
err,66.3462,-0.29,-5.86
dbg,66.3462,-0.3,0.0,-5.9,0.0
det,66.3462,1259.08,783.01,41.25,111.33,0.812,Body
err,66.3794,-0.26,-5.77
dbg,66.3794,-0.3,0.0,-5.8,0.0
det,66.3794,1259.1,783.1,41.27,111.28,0.81,Body
err,66.4121,0.19,2.75
dbg,66.4121,0.2,0.0,2.8,0.0
det,66.4121,1259.86,791.76,40.66,109.96,0.805,Body
err,66.4459,0.17,2.81
dbg,66.4459,0.2,0.0,2.8,0.0
det,66.4459,1259.84,791.82,40.67,109.89,0.806,Body
err,66.4788,0.18,2.74
dbg,66.4788,0.2,0.0,2.7,0.0
det,66.4788,1259.87,791.75,40.62,109.92,0.805,Body
err,66.5137,0.17,2.67
dbg,66.5137,0.2,0.0,2.7,0.0
det,66.5137,1259.83,791.67,40.69,109.96,0.805,Body
err,66.5462,0.19,2.74
dbg,66.5462,0.2,0.0,2.7,0.0
det,66.5462,1259.86,791.74,40.66,109.98,0.805,Body
err,66.5804,-8.64,3.73
dbg,66.5804,-8.6,0.0,3.7,0.0
det,66.5804,1251.53,793.05,39.66,106.79,0.838,Body
det,66.5804,1263.53,795.25,12.81,17.97,0.427,Head
err,66.6137,-41.68,2.01
dbg,66.6137,-41.7,0.0,2.0,0.0
det,66.6137,1218.57,791.29,39.52,107.24,0.851,Body
err,66.6454,-62.86,-0.4
dbg,66.6454,-62.9,0.0,-0.4,0.0
det,66.6454,1195.62,788.84,43.05,107.65,0.809,Body
err,66.6792,-80.73,-2.97
dbg,66.6792,-80.7,0.0,-3.0,0.0
det,66.6792,1175.56,786.2,47.4,108.36,0.815,Body
det,66.6792,1189.12,787.3,13.72,17.72,0.401,Head
err,66.7124,-86.02,-2.26
dbg,66.7124,-86.0,0.0,-2.3,0.0
det,66.7124,1172.89,787.35,42.19,103.94,0.82,Body
det,66.7124,1187.66,788.88,13.51,17.16,0.375,Head
err,66.7462,-86.06,-2.24
dbg,66.7462,-86.1,0.0,-2.2,0.0
det,66.7462,1172.84,787.36,42.19,103.93,0.82,Body
det,66.7462,1187.56,788.89,13.6,17.19,0.38,Head
err,66.797,-86.05,-2.29
dbg,66.797,-86.0,0.0,-2.3,0.0
det,66.797,1172.85,787.32,42.2,103.93,0.821,Body
det,66.797,1187.58,788.86,13.59,17.17,0.381,Head
cmd,66.797,-115,-3
err,66.8305,-86.06,-2.28
dbg,66.8305,-86.1,0.0,-2.3,0.0
det,66.8305,1172.85,787.33,42.19,103.95,0.82,Body
det,66.8305,1187.59,788.87,13.59,17.18,0.38,Head
err,66.8631,-86.09,-2.19
dbg,66.8631,-86.1,0.0,-2.2,0.0
det,66.8631,1172.85,787.42,42.13,103.93,0.82,Body
det,66.8631,1187.65,788.91,13.49,17.13,0.368,Head
err,66.896,-86.01,-2.37
dbg,66.896,-86.0,0.0,-2.4,0.0
det,66.896,1172.88,787.23,42.21,104.07,0.818,Body
det,66.896,1187.57,788.86,13.59,17.17,0.373,Head
err,66.9287,-86.06,-2.29
dbg,66.9287,-86.1,0.0,-2.3,0.0
det,66.9287,1172.86,787.32,42.17,103.91,0.821,Body
det,66.9287,1187.59,788.86,13.58,17.17,0.38,Head
err,66.9628,-86.06,-2.27
dbg,66.9628,-86.1,0.0,-2.3,0.0
det,66.9628,1172.86,787.34,42.16,103.92,0.82,Body
det,66.9628,1187.6,788.87,13.58,17.17,0.38,Head
err,66.9953,-86.1,-2.19
dbg,66.9953,-86.1,0.0,-2.2,0.0
det,66.9953,1172.85,787.42,42.1,103.91,0.82,Body
det,66.9953,1187.67,788.91,13.47,17.12,0.368,Head
err,67.031,-86.02,-2.35
dbg,67.031,-86.0,0.0,-2.4,0.0
det,67.031,1172.91,787.24,42.15,104.04,0.819,Body
det,67.031,1187.59,788.86,13.56,17.16,0.374,Head
err,67.0647,0.97,-4.23
dbg,67.0647,1.0,0.0,-4.2,0.0
det,67.0647,1260.05,784.69,41.84,110.86,0.813,Body
err,67.0965,1.0,-4.3
dbg,67.0965,1.0,0.0,-4.3,0.0
det,67.0965,1260.09,784.61,41.82,110.94,0.813,Body
err,67.1297,0.99,-4.22
dbg,67.1297,1.0,0.0,-4.2,0.0
det,67.1297,1260.06,784.68,41.86,110.98,0.812,Body
err,67.1655,0.97,-4.2
dbg,67.1655,1.0,0.0,-4.2,0.0
det,67.1655,1260.05,784.7,41.84,110.96,0.812,Body
err,67.1965,0.97,-4.22
dbg,67.1965,1.0,0.0,-4.2,0.0
det,67.1965,1260.06,784.7,41.82,110.84,0.813,Body
err,67.229,1.0,-4.33
dbg,67.229,1.0,0.0,-4.3,0.0
det,67.229,1260.07,784.58,41.85,110.95,0.813,Body
err,67.2627,1.0,-4.16
dbg,67.2627,1.0,0.0,-4.2,0.0
det,67.2627,1260.13,784.75,41.74,110.93,0.813,Body
err,67.2951,0.97,-4.19
dbg,67.2951,1.0,0.0,-4.2,0.0
det,67.2951,1260.05,784.71,41.83,110.95,0.813,Body
err,67.3288,0.97,-4.2
dbg,67.3288,1.0,0.0,-4.2,0.0
det,67.3288,1260.07,784.71,41.79,110.83,0.813,Body
cmd,67.3288,1,-6
err,67.362,1.0,-4.31
dbg,67.362,1.0,0.0,-4.3,0.0
det,67.362,1260.08,784.59,41.83,110.94,0.813,Body
err,67.3948,0.99,-4.22
dbg,67.3948,1.0,0.0,-4.2,0.0
det,67.3948,1260.08,784.69,41.83,110.96,0.812,Body
err,67.4285,1.68,0.65
dbg,67.4285,1.0,0.0,-4.2,0.0
det,67.4285,1260.55,789.61,42.26,110.42,0.802,Body
err,67.4636,1.65,0.78
dbg,67.4636,1.0,0.0,-4.2,0.0
det,67.4636,1260.56,789.76,42.18,110.25,0.804,Body
err,67.4969,1.66,0.77
dbg,67.4969,1.0,0.0,-4.2,0.0
det,67.4969,1260.57,789.74,42.19,110.3,0.803,Body
err,67.5312,8.86,3.82
dbg,67.5312,8.9,0.0,3.8,0.0
det,67.5312,1270.01,792.97,37.69,108.5,0.835,Body
det,67.5312,1281.98,795.53,11.29,17.43,0.459,Head
err,67.5627,46.7,18.56
dbg,67.5627,46.7,0.0,18.6,0.0
det,67.5627,1306.18,808.39,41.04,101.72,0.847,Body
err,67.5972,65.95,23.17
dbg,67.5972,65.9,0.0,23.2,0.0
det,67.5972,1326.2,812.79,39.5,103.78,0.808,Body
err,67.6289,70.64,22.12
dbg,67.6289,70.6,0.0,22.1,0.0
det,67.6289,1331.09,811.52,39.11,105.97,0.845,Body
det,67.6289,1343.26,813.34,10.81,16.39,0.475,Head
err,67.662,70.72,23.76
dbg,67.662,70.7,0.0,23.8,0.0
det,67.662,1332.89,813.0,37.59,102.21,0.823,Body
det,67.662,1345.69,814.4,10.07,17.02,0.558,Head
err,67.6959,70.73,23.77
dbg,67.6959,70.7,0.0,23.8,0.0
det,67.6959,1332.88,812.97,37.59,102.18,0.824,Body
det,67.6959,1345.7,814.39,10.07,17.06,0.557,Head
err,67.7291,70.71,23.78
dbg,67.7291,70.7,0.0,23.8,0.0
det,67.7291,1332.84,812.97,37.68,102.16,0.824,Body
det,67.7291,1345.66,814.38,10.11,17.08,0.56,Head
err,67.7633,70.7,23.75
dbg,67.7633,70.7,0.0,23.7,0.0
det,67.7633,1332.89,812.96,37.58,102.16,0.823,Body
det,67.7633,1345.65,814.37,10.1,17.05,0.557,Head
err,67.7959,70.72,23.76
dbg,67.7959,70.7,0.0,23.8,0.0
det,67.7959,1332.9,813.01,37.58,102.2,0.824,Body
det,67.7959,1345.69,814.41,10.07,17.01,0.559,Head
err,67.8299,70.73,23.77
dbg,67.8299,70.7,0.0,23.8,0.0
det,67.8299,1332.9,813.0,37.56,102.15,0.824,Body
det,67.8299,1345.7,814.4,10.06,17.05,0.557,Head
cmd,67.8299,95,32
err,67.8622,70.72,23.77
dbg,67.8622,70.7,0.0,23.8,0.0
det,67.8622,1332.88,813.02,37.61,102.11,0.825,Body
det,67.8622,1345.71,814.4,10.03,17.03,0.558,Head
err,67.8957,70.7,23.74
dbg,67.8957,70.7,0.0,23.7,0.0
det,67.8957,1332.92,812.99,37.53,102.13,0.824,Body
det,67.8957,1345.68,814.38,10.04,17.02,0.556,Head
err,67.9292,1.0,-4.18
dbg,67.9292,1.0,0.0,-4.2,0.0
det,67.9292,1260.1,784.72,41.8,110.95,0.813,Body
err,67.9643,0.97,-4.21
dbg,67.9643,1.0,0.0,-4.2,0.0
det,67.9643,1260.04,784.69,41.86,110.98,0.812,Body
err,67.9976,0.97,-4.18
dbg,67.9976,1.0,0.0,-4.2,0.0
det,67.9976,1260.09,784.75,41.76,110.79,0.813,Body
err,68.0303,1.0,-4.33
dbg,68.0303,1.0,0.0,-4.3,0.0
det,68.0303,1260.07,784.57,41.85,110.97,0.812,Body
err,68.0624,0.99,-4.22
dbg,68.0624,1.0,0.0,-4.2,0.0
det,68.0624,1260.07,784.69,41.83,110.98,0.812,Body
err,68.0965,0.96,-4.22
dbg,68.0965,1.0,0.0,-4.2,0.0
det,68.0965,1260.02,784.68,41.88,111.0,0.812,Body
err,68.146,0.97,-4.19
dbg,68.146,1.0,0.0,-4.2,0.0
det,68.146,1260.08,784.72,41.78,110.82,0.813,Body
err,68.1892,1.0,-4.31
dbg,68.1892,1.0,0.0,-4.3,0.0
det,68.1892,1260.1,784.59,41.8,110.96,0.812,Body
err,68.2183,1.02,-4.28
dbg,68.2183,1.0,0.0,-4.3,0.0
det,68.2183,1260.1,784.62,41.84,110.98,0.813,Body
err,68.2514,0.99,-4.15
dbg,68.2514,1.0,0.0,-4.1,0.0
det,68.2514,1260.08,784.77,41.82,110.86,0.812,Body
err,68.2844,0.96,-4.17
dbg,68.2844,1.0,0.0,-4.2,0.0
det,68.2844,1260.05,784.74,41.82,110.96,0.813,Body
err,68.3183,1.0,-4.3
dbg,68.3183,1.0,0.0,-4.3,0.0
det,68.3183,1260.09,784.61,41.81,110.93,0.813,Body
err,68.3528,-0.29,-5.75
dbg,68.3528,-0.3,0.0,-5.8,0.0
det,68.3528,1259.15,783.13,41.11,111.2,0.813,Body
cmd,68.3528,0,-8
err,68.3849,-40.7,-1.93
dbg,68.3849,-40.7,0.0,-1.9,0.0
det,68.3849,1219.02,787.43,40.57,106.4,0.843,Body
det,68.3849,1232.65,788.99,12.27,17.91,0.466,Head
err,68.4181,-100.4,-7.47
dbg,68.4181,-100.4,0.0,-7.5,0.0
det,68.4181,1160.65,779.85,38.4,104.45,0.807,Body
det,68.4181,1172.48,782.29,14.23,18.62,0.56,Head
err,68.4513,-124.82,-10.82
dbg,68.4513,-124.8,0.0,-10.8,0.0
det,68.4513,1132.81,776.2,46.48,107.99,0.79,Body
det,68.4513,1147.37,778.11,15.63,20.12,0.548,Head
err,68.4853,-135.47,-13.2
dbg,68.4853,-135.5,0.0,-13.2,0.0
det,68.4853,1123.67,773.63,42.64,108.38,0.799,Body
det,68.4853,1136.25,775.9,16.57,19.81,0.52,Head
err,68.5176,-136.62,-13.44
dbg,68.5176,-136.6,0.0,-13.4,0.0
det,68.5176,1122.45,773.73,42.74,108.81,0.798,Body
det,68.5176,1135.07,775.66,16.62,19.81,0.522,Head
err,68.551,-136.57,-13.38
dbg,68.551,-136.6,0.0,-13.4,0.0
det,68.551,1122.47,773.84,42.71,108.68,0.798,Body
det,68.551,1135.12,775.76,16.62,19.76,0.526,Head
err,68.5843,-136.62,-13.39
dbg,68.5843,-136.6,0.0,-13.4,0.0
det,68.5843,1122.39,773.76,42.82,108.76,0.797,Body
det,68.5843,1135.04,775.7,16.68,19.84,0.527,Head
err,68.6182,-136.64,-7.68
dbg,68.6182,-136.6,0.0,-7.7,0.0
det,68.6182,1123.2,779.38,41.74,106.85,0.801,Body
det,68.6182,1136.47,781.85,13.78,19.03,0.628,Head
err,68.6519,-136.58,-7.66
dbg,68.6519,-136.6,0.0,-7.7,0.0
det,68.6519,1123.15,779.39,41.82,106.87,0.801,Body
det,68.6519,1136.53,781.9,13.79,18.98,0.628,Head
err,68.6871,-136.55,-7.67
dbg,68.6871,-136.6,0.0,-7.7,0.0
det,68.6871,1123.19,779.36,41.77,106.91,0.8,Body
det,68.6871,1136.54,781.87,13.82,19.02,0.629,Head
err,68.7189,-136.58,-7.65
dbg,68.7189,-136.6,0.0,-7.6,0.0
det,68.7189,1123.19,779.44,41.73,106.82,0.801,Body
det,68.7189,1136.55,781.91,13.74,18.99,0.628,Head
err,68.7528,-136.63,-7.68
dbg,68.7528,-136.6,0.0,-7.7,0.0
det,68.7528,1123.21,779.39,41.72,106.84,0.801,Body
det,68.7528,1136.48,781.85,13.77,19.02,0.628,Head
err,68.7844,-136.57,-7.66
dbg,68.7844,-136.6,0.0,-7.7,0.0
det,68.7844,1123.15,779.39,41.84,106.87,0.801,Body
det,68.7844,1136.53,781.9,13.8,18.98,0.629,Head
err,68.8174,-136.55,-7.67
dbg,68.8174,-136.6,0.0,-7.7,0.0
det,68.8174,1123.19,779.36,41.79,106.91,0.8,Body
det,68.8174,1136.53,781.87,13.83,19.02,0.629,Head
err,68.8514,-136.58,-7.65
dbg,68.8514,-136.6,0.0,-7.6,0.0
det,68.8514,1123.2,779.44,41.72,106.82,0.801,Body
det,68.8514,1136.56,781.91,13.73,18.98,0.628,Head
err,68.8843,-136.63,-7.68
dbg,68.8843,-136.6,0.0,-7.7,0.0
det,68.8843,1123.19,779.38,41.76,106.86,0.801,Body
det,68.8843,1136.47,781.85,13.79,19.04,0.628,Head
cmd,68.8843,-127,-7
err,68.9188,-136.57,-7.66
dbg,68.9188,-136.6,0.0,-7.7,0.0
det,68.9188,1123.16,779.39,41.83,106.87,0.801,Body
det,68.9188,1136.53,781.9,13.79,18.97,0.628,Head
err,68.9517,-136.55,-7.67
dbg,68.9517,-136.5,0.0,-7.7,0.0
det,68.9517,1123.19,779.36,41.79,106.92,0.8,Body
det,68.9517,1136.54,781.87,13.82,19.02,0.628,Head
err,68.9848,-136.57,-7.64
dbg,68.9848,-136.6,0.0,-7.6,0.0
det,68.9848,1123.18,779.43,41.77,106.84,0.801,Body
det,68.9848,1136.55,781.91,13.76,19.0,0.628,Head
err,69.0185,-41.31,-2.81
dbg,69.0185,-41.3,0.0,-2.8,0.0
det,69.0185,1220.12,785.38,39.47,106.35,0.848,Body
det,69.0185,1232.56,787.21,12.25,18.15,0.511,Head
err,69.0518,-41.26,-2.83
dbg,69.0518,-41.3,0.0,-2.8,0.0
det,69.0518,1220.08,785.36,39.55,106.46,0.849,Body
det,69.0518,1232.6,787.17,12.27,18.17,0.514,Head
err,69.0862,-41.27,-2.76
dbg,69.0862,-41.3,0.0,-2.8,0.0
det,69.0862,1220.08,785.46,39.49,106.38,0.849,Body
det,69.0862,1232.62,787.27,12.22,18.12,0.512,Head
err,69.1201,-41.26,-2.82
dbg,69.1201,-41.3,0.0,-2.8,0.0
det,69.1201,1220.08,785.36,39.53,106.46,0.849,Body
det,69.1201,1232.61,787.21,12.27,18.13,0.511,Head
err,69.1535,-41.32,-2.81
dbg,69.1535,-41.3,0.0,-2.8,0.0
det,69.1535,1220.1,785.35,39.51,106.43,0.848,Body
det,69.1535,1232.54,787.2,12.27,18.15,0.511,Head
err,69.1869,-41.26,-2.84
dbg,69.1869,-41.3,0.0,-2.8,0.0
det,69.1869,1220.08,785.33,39.55,106.51,0.849,Body
det,69.1869,1232.6,787.16,12.27,18.18,0.514,Head
err,69.2193,-41.27,-2.77
dbg,69.2193,-41.3,0.0,-2.8,0.0
det,69.2193,1220.04,785.42,39.56,106.45,0.849,Body
det,69.2193,1232.6,787.26,12.26,18.13,0.512,Head
err,69.2585,-41.29,-2.76
dbg,69.2585,-41.3,0.0,-2.8,0.0
det,69.2585,1220.07,785.38,39.6,106.5,0.848,Body
det,69.2585,1232.55,787.25,12.32,18.16,0.512,Head
err,69.2875,-41.32,-2.82
dbg,69.2875,-41.3,0.0,-2.8,0.0
det,69.2875,1220.08,785.33,39.54,106.45,0.847,Body
det,69.2875,1232.54,787.19,12.29,18.16,0.512,Head
err,69.3191,-41.26,-2.84
dbg,69.3191,-41.3,0.0,-2.8,0.0
det,69.3191,1220.07,785.33,39.56,106.51,0.849,Body
det,69.3191,1232.6,787.16,12.28,18.18,0.514,Head
err,69.3529,-41.26,-2.77
dbg,69.3529,-41.3,0.0,-2.8,0.0
det,69.3529,1220.04,785.43,39.56,106.44,0.849,Body
det,69.3529,1232.6,787.26,12.26,18.13,0.512,Head
err,69.3869,-41.26,-2.82
dbg,69.3869,-41.3,0.0,-2.8,0.0
det,69.3869,1220.1,785.38,39.49,106.43,0.849,Body
det,69.3869,1232.62,787.22,12.24,18.12,0.51,Head
cmd,69.3869,-55,-4
err,69.4204,-41.32,-2.81
dbg,69.4204,-41.3,0.0,-2.8,0.0
det,69.4204,1220.1,785.35,39.51,106.43,0.848,Body
det,69.4204,1232.55,787.2,12.27,18.15,0.512,Head
err,69.4525,-41.26,-2.84
dbg,69.4525,-41.3,0.0,-2.8,0.0
det,69.4525,1220.09,785.35,39.52,106.48,0.849,Body
det,69.4525,1232.61,787.17,12.25,18.17,0.514,Head
err,69.4876,-41.26,-2.77
dbg,69.4876,-41.3,0.0,-2.8,0.0
det,69.4876,1220.05,785.43,39.55,106.44,0.849,Body
det,69.4876,1232.62,787.27,12.24,18.13,0.512,Head
err,69.5209,-41.26,-2.82
dbg,69.5209,-41.3,0.0,-2.8,0.0
det,69.5209,1220.09,785.37,39.52,106.45,0.849,Body
det,69.5209,1232.61,787.21,12.25,18.13,0.511,Head
err,69.5534,-41.32,-2.81
dbg,69.5534,-41.3,0.0,-2.8,0.0
det,69.5534,1220.11,785.36,39.48,106.41,0.848,Body
det,69.5534,1232.56,787.21,12.26,18.15,0.511,Head
err,69.5866,-41.26,-2.84
dbg,69.5866,-41.3,0.0,-2.8,0.0
det,69.5866,1220.12,785.37,39.48,106.46,0.85,Body
det,69.5866,1232.63,787.18,12.21,18.16,0.513,Head
err,69.6206,0.97,-4.18
dbg,69.6206,1.0,0.0,-4.2,0.0
det,69.6206,1260.05,784.71,41.83,111.01,0.812,Body
err,69.6526,1.04,-4.15
dbg,69.6526,1.0,0.0,-4.2,0.0
det,69.6526,1260.09,784.77,41.9,110.79,0.813,Body
err,69.6871,1.02,-4.35
dbg,69.6871,1.0,0.0,-4.4,0.0
det,69.6871,1260.06,784.54,41.93,111.05,0.813,Body
err,69.7194,0.99,-4.18
dbg,69.7194,1.0,0.0,-4.2,0.0
det,69.7194,1260.05,784.73,41.87,110.9,0.812,Body
err,69.7523,0.97,-4.23
dbg,69.7523,1.0,0.0,-4.2,0.0
det,69.7523,1260.01,784.67,41.91,111.04,0.812,Body
err,69.787,1.04,-4.12
dbg,69.787,1.0,0.0,-4.1,0.0
det,69.787,1260.12,784.81,41.85,110.75,0.813,Body
err,69.8202,1.02,-4.3
dbg,69.8202,1.0,0.0,-4.3,0.0
det,69.8202,1260.09,784.6,41.86,110.99,0.813,Body
err,69.8539,0.98,-4.14
dbg,69.8539,1.0,0.0,-4.1,0.0
det,69.8539,1260.08,784.77,41.8,110.87,0.813,Body
err,69.8867,0.97,-4.19
dbg,69.8867,1.0,0.0,-4.2,0.0
det,69.8867,1260.05,784.71,41.84,111.0,0.813,Body
err,69.9197,1.05,-4.09
dbg,69.9197,1.0,0.0,-4.1,0.0
det,69.9197,1260.14,784.83,41.81,110.73,0.813,Body
cmd,69.9197,1,-5
err,69.952,1.03,-4.28
dbg,69.952,1.0,0.0,-4.3,0.0
det,69.952,1260.12,784.62,41.82,110.98,0.813,Body
err,69.9865,0.99,-4.16
dbg,69.9865,1.0,0.0,-4.2,0.0
det,69.9865,1260.08,784.75,41.82,110.88,0.812,Body
err,70.0189,0.96,-4.19
dbg,70.0189,1.0,0.0,-4.2,0.0
det,70.0189,1260.04,784.71,41.85,111.01,0.813,Body
err,70.0523,1.05,-4.13
dbg,70.0523,1.0,0.0,-4.1,0.0
det,70.0523,1260.12,784.8,41.85,110.77,0.813,Body
err,70.0864,10.36,-0.11
dbg,70.0864,10.4,0.0,-0.1,0.0
det,70.0864,1271.76,789.33,37.21,105.55,0.84,Body
err,70.1207,33.75,1.66
dbg,70.1207,33.7,0.0,1.7,0.0
det,70.1207,1293.79,791.32,39.92,103.44,0.82,Body
err,70.1529,55.1,2.62
dbg,70.1529,55.1,0.0,2.6,0.0
det,70.1529,1316.12,791.95,37.94,106.69,0.86,Body
err,70.1854,70.7,6.44
dbg,70.1854,70.7,0.0,6.4,0.0
det,70.1854,1331.27,795.87,38.86,105.68,0.837,Body
det,70.1854,1343.05,796.6,10.78,16.06,0.422,Head
err,70.2206,70.66,8.86
dbg,70.2206,70.7,0.0,8.9,0.0
det,70.2206,1333.47,798.48,37.6,104.94,0.804,Body
det,70.2206,1345.97,799.71,9.37,16.64,0.527,Head
err,70.2692,70.65,8.85
dbg,70.2692,70.6,0.0,8.8,0.0
det,70.2692,1333.49,798.49,37.59,104.86,0.803,Body
det,70.2692,1345.97,799.71,9.36,16.62,0.524,Head
err,70.3007,70.63,8.99
dbg,70.3007,70.6,0.0,9.0,0.0
det,70.3007,1333.49,798.66,37.56,104.71,0.803,Body
det,70.3007,1345.96,799.84,9.35,16.63,0.527,Head
err,70.3363,70.62,8.92
dbg,70.3363,70.6,0.0,8.9,0.0
det,70.3363,1333.5,798.55,37.61,104.77,0.804,Body
det,70.3363,1345.94,799.78,9.36,16.61,0.524,Head
err,70.3697,70.66,8.84
dbg,70.3697,70.7,0.0,8.8,0.0
det,70.3697,1333.43,798.49,37.61,104.9,0.803,Body
det,70.3697,1345.97,799.72,9.37,16.59,0.526,Head
err,70.404,70.65,8.85
dbg,70.404,70.6,0.0,8.9,0.0
det,70.404,1333.48,798.48,37.63,104.86,0.803,Body
det,70.404,1345.96,799.7,9.38,16.63,0.525,Head
err,70.4372,70.65,8.96
dbg,70.4372,70.6,0.0,9.0,0.0
det,70.4372,1333.44,798.55,37.61,104.86,0.803,Body
det,70.4372,1345.95,799.79,9.39,16.68,0.529,Head
cmd,70.4372,95,12
err,70.4698,70.61,8.92
dbg,70.4698,70.6,0.0,8.9,0.0
det,70.4698,1333.46,798.52,37.68,104.77,0.804,Body
det,70.4698,1345.91,799.77,9.41,16.63,0.525,Head
err,70.503,70.66,8.84
dbg,70.503,70.7,0.0,8.8,0.0
det,70.503,1333.42,798.47,37.64,104.93,0.804,Body
det,70.503,1345.96,799.71,9.4,16.6,0.527,Head
err,70.5387,0.6,-4.56
dbg,70.5387,0.6,0.0,-4.6,0.0
det,70.5387,1260.71,784.5,39.77,109.37,0.813,Body
err,70.5693,0.6,-4.56
dbg,70.5693,0.6,0.0,-4.6,0.0
det,70.5693,1260.67,784.51,39.87,109.32,0.813,Body
err,70.6031,0.6,-4.68
dbg,70.6031,0.6,0.0,-4.7,0.0
det,70.6031,1260.61,784.37,39.98,109.45,0.812,Body
err,70.6369,0.62,-4.52
dbg,70.6369,0.6,0.0,-4.5,0.0
det,70.6369,1260.71,784.56,39.83,109.28,0.812,Body
err,70.6698,0.58,-4.63
dbg,70.6698,0.6,0.0,-4.6,0.0
det,70.6698,1260.62,784.42,39.92,109.45,0.812,Body
err,70.7041,0.6,-4.59
dbg,70.7041,0.6,0.0,-4.6,0.0
det,70.7041,1260.63,784.48,39.93,109.34,0.812,Body
err,70.738,0.61,-4.67
dbg,70.738,0.6,0.0,-4.7,0.0
det,70.738,1260.64,784.39,39.94,109.42,0.812,Body
err,70.7693,0.61,-4.55
dbg,70.7693,0.6,0.0,-4.6,0.0
det,70.7693,1260.67,784.52,39.89,109.33,0.812,Body
err,70.803,0.58,-4.64
dbg,70.803,0.6,0.0,-4.6,0.0
det,70.803,1260.62,784.42,39.92,109.48,0.812,Body
err,70.8359,0.59,-4.6
dbg,70.8359,0.6,0.0,-4.6,0.0
det,70.8359,1260.62,784.47,39.94,109.37,0.812,Body
err,70.8694,0.6,-4.66
dbg,70.8694,0.6,0.0,-4.7,0.0
det,70.8694,1260.64,784.4,39.91,109.42,0.813,Body
err,70.9038,0.61,-4.56
dbg,70.9038,0.6,0.0,-4.6,0.0
det,70.9038,1260.66,784.5,39.9,109.36,0.812,Body
err,70.9362,0.58,-4.63
dbg,70.9362,0.6,0.0,-4.6,0.0
det,70.9362,1260.63,784.43,39.89,109.47,0.812,Body
err,70.9698,0.59,-4.56
dbg,70.9698,0.6,0.0,-4.6,0.0
det,70.9698,1260.66,784.51,39.87,109.33,0.813,Body
cmd,70.9698,1,-6
err,71.0052,0.6,-4.63
dbg,71.0052,0.6,0.0,-4.6,0.0
det,71.0052,1260.68,784.43,39.85,109.39,0.813,Body
err,71.0375,0.62,-4.53
dbg,71.0375,0.6,0.0,-4.5,0.0
det,71.0375,1260.69,784.54,39.85,109.31,0.812,Body
err,71.0691,0.58,-4.61
dbg,71.0691,0.6,0.0,-4.6,0.0
det,71.0691,1260.65,784.45,39.87,109.44,0.812,Body
err,71.1026,0.6,-4.56
dbg,71.1026,0.6,0.0,-4.6,0.0
det,71.1026,1260.66,784.5,39.88,109.33,0.813,Body
err,71.1367,0.61,-4.63
dbg,71.1367,0.6,0.0,-4.6,0.0
det,71.1367,1260.68,784.44,39.86,109.37,0.813,Body
err,71.17,1.49,2.01
dbg,71.17,1.5,0.0,2.0,0.0
det,71.17,1260.66,791.01,41.66,109.99,0.826,Body
err,71.2072,1.43,2.04
dbg,71.2072,1.4,0.0,2.0,0.0
det,71.2072,1260.67,791.06,41.54,109.86,0.827,Body
err,71.2384,-24.38,0.98
dbg,71.2384,-24.4,0.0,1.0,0.0
det,71.2384,1235.62,790.26,39.99,107.22,0.834,Body
err,71.2713,-64.56,-2.6
dbg,71.2713,-64.6,0.0,-2.6,0.0
det,71.2713,1194.04,786.72,42.8,106.83,0.808,Body
err,71.3064,-92.1,-4.34
dbg,71.3064,-92.1,0.0,-4.3,0.0
det,71.3064,1167.76,783.24,42.5,107.06,0.807,Body
det,71.3064,1181.28,785.07,13.24,19.26,0.569,Head
err,71.3386,-107.82,-4.98
dbg,71.3386,-107.8,0.0,-5.0,0.0
det,71.3386,1151.83,783.08,41.73,105.52,0.811,Body
det,71.3386,1165.82,784.71,12.72,18.75,0.575,Head
err,71.3704,-110.58,-7.14
dbg,71.3704,-110.6,0.0,-7.1,0.0
det,71.3704,1149.65,782.26,39.54,105.99,0.805,Body
det,71.3704,1163.58,784.1,14.1,18.37,0.401,Head
err,71.4029,-110.55,-7.29
dbg,71.4029,-110.5,0.0,-7.3,0.0
det,71.4029,1149.67,782.1,39.56,106.15,0.806,Body
det,71.4029,1163.58,783.93,14.07,18.43,0.394,Head
err,71.4368,-110.55,-7.22
dbg,71.4368,-110.6,0.0,-7.2,0.0
det,71.4368,1149.66,782.17,39.56,106.05,0.806,Body
det,71.4368,1163.61,783.99,14.07,18.43,0.405,Head
err,71.4698,-110.59,-7.18
dbg,71.4698,-110.6,0.0,-7.2,0.0
det,71.4698,1149.61,782.22,39.61,106.07,0.806,Body
det,71.4698,1163.6,784.03,14.05,18.42,0.401,Head
err,71.5029,-110.57,-7.14
dbg,71.5029,-110.6,0.0,-7.1,0.0
det,71.5029,1149.65,782.26,39.55,105.99,0.805,Body
det,71.5029,1163.58,784.09,14.11,18.38,0.402,Head
cmd,71.5029,-127,-8
err,71.5367,-110.55,-7.29
dbg,71.5367,-110.5,0.0,-7.3,0.0
det,71.5367,1149.65,782.1,39.59,106.15,0.806,Body
det,71.5367,1163.56,783.93,14.1,18.43,0.396,Head
err,71.5696,-110.56,-7.23
dbg,71.5696,-110.6,0.0,-7.2,0.0
det,71.5696,1149.65,782.17,39.58,106.07,0.806,Body
det,71.5696,1163.59,783.99,14.09,18.43,0.406,Head
err,71.6034,-110.59,-7.19
dbg,71.6034,-110.6,0.0,-7.2,0.0
det,71.6034,1149.57,782.2,39.68,106.1,0.805,Body
det,71.6034,1163.55,784.01,14.12,18.45,0.406,Head
err,71.6368,-110.58,-7.16
dbg,71.6368,-110.6,0.0,-7.2,0.0
det,71.6368,1149.63,782.24,39.59,106.02,0.805,Body
det,71.6368,1163.55,784.09,14.15,18.39,0.404,Head
err,71.6697,-110.55,-7.31
dbg,71.6697,-110.5,0.0,-7.3,0.0
det,71.6697,1149.63,782.07,39.64,106.18,0.805,Body
det,71.6697,1163.53,783.92,14.13,18.46,0.398,Head
err,71.7033,-15.74,-1.72
dbg,71.7033,-15.7,0.0,-1.7,0.0
det,71.7033,1243.86,787.56,40.8,107.22,0.809,Body
err,71.7367,-15.79,-1.69
dbg,71.7367,-15.8,0.0,-1.7,0.0
det,71.7367,1243.86,787.6,40.69,107.12,0.808,Body
err,71.7712,-15.8,-1.76
dbg,71.7712,-15.8,0.0,-1.8,0.0
det,71.7712,1243.81,787.51,40.78,107.36,0.809,Body
err,71.8044,-15.78,-1.74
dbg,71.8044,-15.8,0.0,-1.7,0.0
det,71.8044,1243.85,787.53,40.74,107.24,0.809,Body
err,71.8372,-15.74,-1.7
dbg,71.8372,-15.7,0.0,-1.7,0.0
det,71.8372,1243.87,787.57,40.79,107.25,0.81,Body
err,71.8701,-15.79,-1.67
dbg,71.8701,-15.8,0.0,-1.7,0.0
det,71.8701,1243.87,787.61,40.67,107.13,0.808,Body
err,71.9039,-15.81,-1.8
dbg,71.9039,-15.8,0.0,-1.8,0.0
det,71.9039,1243.77,787.46,40.83,107.42,0.808,Body
err,71.9368,-15.78,-1.77
dbg,71.9368,-15.8,0.0,-1.8,0.0
det,71.9368,1243.83,787.51,40.77,107.27,0.809,Body
err,71.9701,-15.75,-1.8
dbg,71.9701,-15.8,0.0,-1.8,0.0
det,71.9701,1243.79,787.46,40.91,107.36,0.809,Body
err,72.0035,-15.8,-1.75
dbg,72.0035,-15.8,0.0,-1.7,0.0
det,72.0035,1243.82,787.53,40.77,107.21,0.808,Body
cmd,72.0035,-21,-2
err,72.0382,-15.81,-1.81
dbg,72.0382,-15.8,0.0,-1.8,0.0
det,72.0382,1243.76,787.44,40.86,107.42,0.808,Body
err,72.0709,-15.79,-1.75
dbg,72.0709,-15.8,0.0,-1.8,0.0
det,72.0709,1243.83,787.52,40.76,107.24,0.809,Body
err,72.1029,-15.75,-1.74
dbg,72.1029,-15.8,0.0,-1.7,0.0
det,72.1029,1243.82,787.53,40.85,107.27,0.809,Body
err,72.1377,-15.8,-1.67
dbg,72.1377,-15.8,0.0,-1.7,0.0
det,72.1377,1243.86,787.61,40.68,107.14,0.808,Body
err,72.1712,-15.83,-1.77
dbg,72.1712,-15.8,0.0,-1.8,0.0
det,72.1712,1243.76,787.49,40.84,107.39,0.809,Body
err,72.203,0.76,-1.36
dbg,72.203,-15.8,0.0,-1.8,0.0
det,72.203,1259.93,787.78,41.66,108.67,0.798,Body
err,72.2371,0.74,-1.44
dbg,72.2371,-15.8,0.0,-1.8,0.0
det,72.2371,1259.89,787.68,41.7,108.83,0.798,Body
err,72.2704,0.72,-1.47
dbg,72.2704,-15.8,0.0,-1.8,0.0
det,72.2704,1259.89,787.66,41.66,108.79,0.797,Body
err,72.303,0.75,-1.37
dbg,72.303,-15.8,0.0,-1.8,0.0
det,72.303,1259.96,787.76,41.58,108.73,0.798,Body
err,72.3364,0.76,-1.32
dbg,72.3364,-15.8,0.0,-1.8,0.0
det,72.3364,1259.94,787.81,41.63,108.63,0.798,Body
err,72.3694,0.74,-1.42
dbg,72.3694,-15.8,0.0,-1.8,0.0
det,72.3694,1259.91,787.69,41.68,108.82,0.798,Body
err,72.4024,0.72,-1.42
dbg,72.4024,-15.8,0.0,-1.8,0.0
det,72.4024,1259.92,787.7,41.61,108.75,0.797,Body
err,72.4365,0.76,-1.4
dbg,72.4365,-15.8,0.0,-1.8,0.0
det,72.4365,1259.94,787.73,41.63,108.74,0.798,Body
err,72.471,0.76,-1.34
dbg,72.471,-15.8,0.0,-1.8,0.0
det,72.471,1259.94,787.8,41.65,108.64,0.798,Body
err,72.5043,0.74,-1.39
dbg,72.5043,-15.8,0.0,-1.8,0.0
det,72.5043,1259.92,787.73,41.65,108.79,0.798,Body
err,72.5365,0.72,-1.39
dbg,72.5365,-15.8,0.0,-1.8,0.0
det,72.5365,1259.93,787.74,41.58,108.73,0.797,Body
err,72.57,0.75,-1.35
dbg,72.57,-15.8,0.0,-1.8,0.0
det,72.57,1259.97,787.78,41.56,108.72,0.798,Body
err,72.6033,0.75,-1.29
dbg,72.6033,-15.8,0.0,-1.8,0.0
det,72.6033,1259.95,787.85,41.61,108.62,0.798,Body
err,72.6368,2.97,-0.95
dbg,72.6368,3.0,0.0,-0.9,0.0
det,72.6368,1262.58,788.44,40.79,106.17,0.819,Body
cmd,72.6368,4,-1
err,72.6727,22.59,3.68
dbg,72.6727,22.6,0.0,3.7,0.0
det,72.6727,1283.01,793.01,39.17,106.64,0.86,Body
det,72.6727,1294.65,794.73,11.86,17.34,0.355,Head
err,72.7043,52.55,9.31
dbg,72.7043,52.6,0.0,9.3,0.0
det,72.7043,1313.31,799.13,39.76,104.23,0.837,Body
det,72.7043,1327.48,800.06,10.15,16.81,0.509,Head
err,72.7376,99.97,19.83
dbg,72.7376,100.0,0.0,19.8,0.0
det,72.7376,1359.44,809.52,41.06,103.1,0.839,Body
err,72.7713,130.57,23.54
dbg,72.7713,130.6,0.0,23.5,0.0
det,72.7713,1390.32,812.95,40.5,105.85,0.825,Body
det,72.7713,1404.72,814.02,12.64,17.33,0.4,Head
err,72.8039,131.9,23.97
dbg,72.8039,131.9,0.0,24.0,0.0
det,72.8039,1392.22,813.43,41.94,105.39,0.837,Body
det,72.8039,1405.89,814.34,12.01,17.5,0.554,Head
err,72.8373,131.91,23.91
dbg,72.8373,131.9,0.0,23.9,0.0
det,72.8373,1392.25,813.36,41.9,105.5,0.836,Body
det,72.8373,1405.94,814.28,11.95,17.51,0.551,Head
err,72.871,131.88,23.98
dbg,72.871,131.9,0.0,24.0,0.0
det,72.871,1392.26,813.38,41.9,105.52,0.836,Body
det,72.871,1405.88,814.33,12.01,17.53,0.554,Head
err,72.904,130.43,23.63
dbg,72.904,130.4,0.0,23.6,0.0
det,72.904,1390.96,813.26,38.93,103.7,0.826,Body
err,72.9373,130.45,23.7
dbg,72.9373,130.4,0.0,23.7,0.0
det,72.9373,1390.99,813.33,38.91,103.65,0.826,Body
err,72.9704,130.43,23.69
dbg,72.9704,130.4,0.0,23.7,0.0
det,72.9704,1390.96,813.32,38.95,103.66,0.825,Body
err,73.0066,130.43,23.58
dbg,73.0066,130.4,0.0,23.6,0.0
det,73.0066,1390.94,813.2,38.96,103.83,0.826,Body
err,73.0376,130.43,23.65
dbg,73.0376,130.4,0.0,23.7,0.0
det,73.0376,1390.97,813.29,38.93,103.69,0.826,Body
err,73.0693,130.44,23.71
dbg,73.0693,130.4,0.0,23.7,0.0
det,73.0693,1390.98,813.35,38.92,103.56,0.825,Body
err,73.1044,130.42,23.68
dbg,73.1044,130.4,0.0,23.7,0.0
det,73.1044,1390.95,813.31,38.94,103.66,0.825,Body
err,73.1371,130.41,23.56
dbg,73.1371,130.4,0.0,23.6,0.0
det,73.1371,1390.94,813.18,38.94,103.83,0.826,Body
cmd,73.1371,125,23
err,73.1703,130.41,23.63
dbg,73.1703,130.4,0.0,23.6,0.0
det,73.1703,1390.97,813.26,38.88,103.73,0.825,Body
err,73.2049,130.41,23.68
dbg,73.2049,130.4,0.0,23.7,0.0
det,73.2049,1390.98,813.32,38.86,103.64,0.826,Body
err,73.238,130.4,23.7
dbg,73.238,130.4,0.0,23.7,0.0
det,73.238,1390.97,813.34,38.86,103.62,0.825,Body
err,73.2711,130.39,23.6
dbg,73.2711,130.4,0.0,23.6,0.0
det,73.2711,1390.96,813.22,38.85,103.78,0.826,Body
err,73.3045,130.41,23.69
dbg,73.3045,130.4,0.0,23.7,0.0
det,73.3045,1391.02,813.33,38.78,103.62,0.826,Body
err,73.3383,130.43,23.75
dbg,73.3383,130.4,0.0,23.7,0.0
det,73.3383,1391.03,813.39,38.79,103.59,0.827,Body
err,73.3719,130.4,23.74
dbg,73.3719,130.4,0.0,23.7,0.0
det,73.3719,1391.0,813.39,38.81,103.58,0.826,Body
err,73.4059,35.56,8.08
dbg,73.4059,35.6,0.0,8.1,0.0
det,73.4059,1296.25,797.83,38.6,102.44,0.824,Body
det,73.4059,1310.33,798.04,11.08,16.48,0.413,Head
err,73.4399,35.55,8.11
dbg,73.4399,35.5,0.0,8.1,0.0
det,73.4399,1296.25,797.85,38.6,102.58,0.822,Body
det,73.4399,1310.34,798.05,11.08,16.49,0.42,Head
err,73.4902,35.53,8.09
dbg,73.4902,35.5,0.0,8.1,0.0
det,73.4902,1296.22,797.84,38.62,102.48,0.823,Body
det,73.4902,1310.28,798.05,11.13,16.5,0.419,Head
err,73.5221,35.51,8.1
dbg,73.5221,35.5,0.0,8.1,0.0
det,73.5221,1296.2,797.85,38.62,102.51,0.821,Body
det,73.5221,1310.28,798.06,11.15,16.52,0.421,Head
err,73.5546,35.5,8.07
dbg,73.5546,35.5,0.0,8.1,0.0
det,73.5546,1296.21,797.82,38.58,102.5,0.823,Body
det,73.5546,1310.29,798.04,11.13,16.51,0.419,Head
err,73.5883,35.52,8.1
dbg,73.5883,35.5,0.0,8.1,0.0
det,73.5883,1296.22,797.85,38.59,102.51,0.822,Body
det,73.5883,1310.28,798.04,11.16,16.52,0.424,Head
err,73.6219,35.54,8.08
dbg,73.6219,35.5,0.0,8.1,0.0
det,73.6219,1296.22,797.83,38.63,102.5,0.823,Body
det,73.6219,1310.27,798.04,11.14,16.52,0.419,Head
err,73.6585,35.51,8.09
dbg,73.6585,35.5,0.0,8.1,0.0
det,73.6585,1296.2,797.84,38.62,102.52,0.821,Body
det,73.6585,1310.28,798.06,11.15,16.53,0.421,Head
cmd,73.6585,48,11
err,73.6892,35.55,8.03
dbg,73.6892,35.5,0.0,8.0,0.0
det,73.6892,1296.23,797.79,38.64,102.47,0.823,Body
det,73.6892,1310.28,798.0,11.14,16.52,0.415,Head
err,73.7235,35.53,8.12
dbg,73.7235,35.5,0.0,8.1,0.0
det,73.7235,1296.25,797.87,38.56,102.49,0.823,Body
det,73.7235,1310.31,798.06,11.12,16.48,0.421,Head
err,73.7504,35.56,8.09
dbg,73.7504,35.6,0.0,8.1,0.0
det,73.7504,1296.25,797.84,38.63,102.56,0.823,Body
det,73.7504,1310.32,798.04,11.11,16.49,0.418,Head
err,73.7885,35.52,8.12
dbg,73.7885,35.5,0.0,8.1,0.0
det,73.7885,1296.22,797.87,38.6,102.49,0.821,Body
det,73.7885,1310.31,798.08,11.11,16.49,0.418,Head
err,73.8224,35.51,8.09
dbg,73.8224,35.5,0.0,8.1,0.0
det,73.8224,1296.23,797.84,38.55,102.48,0.823,Body
det,73.8224,1310.32,798.06,11.09,16.48,0.416,Head
err,73.8527,35.54,8.1
dbg,73.8527,35.5,0.0,8.1,0.0
det,73.8527,1296.24,797.84,38.61,102.6,0.822,Body
det,73.8527,1310.34,798.05,11.09,16.49,0.42,Head
err,73.8897,35.53,8.11
dbg,73.8897,35.5,0.0,8.1,0.0
det,73.8897,1296.24,797.87,38.59,102.44,0.823,Body
det,73.8897,1310.32,798.08,11.08,16.46,0.416,Head
err,73.9221,35.51,8.13
dbg,73.9221,35.5,0.0,8.1,0.0
det,73.9221,1296.22,797.88,38.59,102.47,0.822,Body
det,73.9221,1310.32,798.09,11.1,16.48,0.418,Head
err,73.9548,-0.49,-6.38
dbg,73.9548,-0.5,0.0,-6.4,0.0
det,73.9548,1259.01,782.61,40.99,110.18,0.813,Body
err,73.988,-0.53,-6.25
dbg,73.988,-0.5,0.0,-6.2,0.0
det,73.988,1259.02,782.75,40.9,109.97,0.814,Body
err,74.0219,-0.51,-6.29
dbg,74.0219,-0.5,0.0,-6.3,0.0
det,74.0219,1259.04,782.7,40.91,110.11,0.813,Body
err,74.0548,-0.52,-6.29
dbg,74.0548,-0.5,0.0,-6.3,0.0
det,74.0548,1259.06,782.71,40.85,110.02,0.813,Body
err,74.0885,-0.5,-6.27
dbg,74.0885,-0.5,0.0,-6.3,0.0
det,74.0885,1259.08,782.73,40.85,110.03,0.815,Body
err,74.1208,-0.53,-6.2
dbg,74.1208,-0.5,0.0,-6.2,0.0
det,74.1208,1259.05,782.81,40.84,109.9,0.814,Body
err,74.1535,-0.51,-6.28
dbg,74.1535,-0.5,0.0,-6.3,0.0
det,74.1535,1259.04,782.71,40.9,110.09,0.814,Body
err,74.1883,-0.51,-6.3
dbg,74.1883,-0.5,0.0,-6.3,0.0
det,74.1883,1259.06,782.7,40.85,110.02,0.813,Body
cmd,74.1883,-1,-8
err,74.2195,0.41,18.4
dbg,74.2195,0.4,0.0,18.4,0.0
det,74.2195,1258.79,807.71,43.25,106.95,0.82,Body
err,74.2916,1.25,16.49
dbg,74.2916,1.2,0.0,16.5,0.0
det,74.2916,1259.2,805.95,44.11,105.43,0.804,Body
err,74.3242,0.13,7.07
dbg,74.3242,0.1,0.0,7.1,0.0
det,74.3242,1261.04,796.4,38.17,106.69,0.786,Body
err,74.361,0.37,-17.99
dbg,74.361,0.4,0.0,-18.0,0.0
det,74.361,1258.72,768.63,43.3,133.75,0.795,Body
det,74.361,1269.47,766.68,17.76,24.9,0.388,Head
err,74.3926,1.03,-15.42
dbg,74.3926,1.0,0.0,-15.4,0.0
det,74.3926,1261.79,771.33,38.49,132.44,0.777,Body
err,74.4237,0.53,-15.63
dbg,74.4237,0.5,0.0,-15.6,0.0
det,74.4237,1261.7,771.37,37.67,129.96,0.788,Body
err,74.4567,0.96,-3.93
dbg,74.4567,1.0,0.0,-3.9,0.0
det,74.4567,1261.22,784.49,39.47,115.86,0.788,Body
err,74.4911,0.9,0.26
dbg,74.4911,1.0,0.0,-3.9,0.0
det,74.4911,1260.49,788.84,40.83,114.2,0.797,Body
err,74.525,0.67,3.54
dbg,74.525,0.7,0.0,3.5,0.0
det,74.525,1259.45,792.71,42.44,108.33,0.791,Body
err,74.559,0.33,2.6
dbg,74.559,0.3,0.0,2.6,0.0
det,74.559,1259.78,791.75,41.1,108.49,0.786,Body
err,74.5913,0.71,1.55
dbg,74.5913,0.3,0.0,2.6,0.0
det,74.5913,1259.7,790.54,42.03,110.09,0.787,Body
err,74.6256,0.71,1.31
dbg,74.6256,0.3,0.0,2.6,0.0
det,74.6256,1260.14,790.45,41.15,108.6,0.788,Body
err,74.6578,-1.88,-0.74
dbg,74.6578,-1.9,0.0,-0.7,0.0
det,74.6578,1258.61,787.95,39.01,113.06,0.816,Body
err,74.6895,-64.09,1.69
dbg,74.6895,-64.1,0.0,1.7,0.0
det,74.6895,1194.2,791.09,43.41,106.0,0.8,Body
cmd,74.6895,-86,2
err,74.7228,-105.12,-8.2
dbg,74.7228,-105.1,0.0,-8.2,0.0
det,74.7228,1157.31,778.39,39.55,108.35,0.809,Body
det,74.7228,1167.9,780.37,13.96,20.78,0.55,Head
err,74.7562,-104.78,-8.91
dbg,74.7562,-104.8,0.0,-8.9,0.0
det,74.7562,1157.26,777.39,39.71,109.46,0.806,Body
det,74.7562,1168.05,779.64,14.34,20.81,0.546,Head
err,74.7852,-104.37,-9.02
dbg,74.7852,-104.4,0.0,-9.0,0.0
det,74.7852,1157.19,777.19,39.82,109.61,0.805,Body
det,74.7852,1168.47,779.52,14.33,20.83,0.549,Head
err,74.8236,-104.57,-8.39
dbg,74.8236,-104.6,0.0,-8.4,0.0
det,74.8236,1157.17,778.03,39.73,108.81,0.808,Body
det,74.8236,1168.6,780.36,13.66,20.46,0.543,Head
err,74.8572,-104.96,-7.98
dbg,74.8572,-105.0,0.0,-8.0,0.0
det,74.8572,1157.19,778.48,39.65,108.27,0.809,Body
det,74.8572,1168.43,780.87,13.23,20.27,0.546,Head
err,74.8908,-39.59,-8.65
dbg,74.8908,-39.6,0.0,-8.7,0.0
det,74.8908,1222.72,778.84,37.24,107.62,0.823,Body
det,74.8908,1234.5,780.88,11.83,19.04,0.553,Head
err,74.9233,-39.75,-8.65
dbg,74.9233,-39.7,0.0,-8.7,0.0
det,74.9233,1222.65,779.05,37.29,107.46,0.824,Body
det,74.9233,1234.35,780.94,11.8,18.92,0.576,Head
err,74.958,-39.72,-8.55
dbg,74.958,-39.7,0.0,-8.6,0.0
det,74.958,1222.68,779.21,37.29,107.29,0.825,Body
det,74.958,1234.44,781.12,11.69,18.78,0.577,Head
err,74.9899,-39.48,-8.31
dbg,74.9899,-39.5,0.0,-8.3,0.0
det,74.9899,1222.58,779.54,37.34,107.1,0.825,Body
det,74.9899,1234.77,781.52,11.51,18.49,0.584,Head
err,75.0234,-39.49,-8.32
dbg,75.0234,-39.5,0.0,-8.3,0.0
det,75.0234,1222.61,779.55,37.34,106.92,0.826,Body
det,75.0234,1234.76,781.5,11.51,18.51,0.585,Head
err,75.0563,-39.62,-8.38
dbg,75.0563,-39.6,0.0,-8.4,0.0
det,75.0563,1222.56,779.56,37.37,106.95,0.825,Body
det,75.0563,1234.57,781.54,11.62,18.34,0.59,Head
err,75.0912,-39.57,-8.33
dbg,75.0912,-39.6,0.0,-8.3,0.0
det,75.0912,1222.58,779.62,37.4,106.89,0.826,Body
det,75.0912,1234.62,781.58,11.62,18.35,0.591,Head
err,75.1228,-39.47,-8.16
dbg,75.1228,-39.5,0.0,-8.2,0.0
det,75.1228,1222.47,779.8,37.48,106.86,0.825,Body
det,75.1228,1234.75,781.83,11.57,18.2,0.596,Head
err,75.1563,-39.38,-8.06
dbg,75.1563,-39.4,0.0,-8.1,0.0
det,75.1563,1222.5,779.93,37.48,106.58,0.827,Body
det,75.1563,1234.86,781.96,11.54,18.13,0.597,Head
err,75.1895,-39.33,-8.03
dbg,75.1895,-39.3,0.0,-8.0,0.0
det,75.1895,1222.51,780.01,37.43,106.53,0.827,Body
det,75.1895,1234.92,782.03,11.49,18.07,0.599,Head
cmd,75.1895,-53,-11
err,75.2237,-39.21,-7.9
dbg,75.2237,-39.2,0.0,-7.9,0.0
det,75.2237,1222.52,780.15,37.5,106.37,0.828,Body
det,75.2237,1235.05,782.17,11.49,18.05,0.602,Head
err,75.2563,-39.28,-7.97
dbg,75.2563,-39.3,0.0,-8.0,0.0
det,75.2563,1222.46,780.07,37.48,106.59,0.827,Body
det,75.2563,1234.98,782.12,11.48,18.02,0.601,Head
err,75.2906,1.03,-4.16
dbg,75.2906,1.0,0.0,-4.2,0.0
det,75.2906,1260.15,784.78,41.75,110.66,0.81,Body
err,75.3233,1.0,-4.33
dbg,75.3233,1.0,0.0,-4.3,0.0
det,75.3233,1260.1,784.58,41.81,110.91,0.81,Body
err,75.3578,0.97,-4.16
dbg,75.3578,1.0,0.0,-4.2,0.0
det,75.3578,1260.12,784.76,41.69,110.78,0.81,Body
err,75.3911,0.94,-4.18
dbg,75.3911,0.9,0.0,-4.2,0.0
det,75.3911,1260.09,784.73,41.71,110.86,0.81,Body
err,75.423,1.03,-4.09
dbg,75.423,1.0,0.0,-4.1,0.0
det,75.423,1260.21,784.84,41.65,110.62,0.81,Body
err,75.4563,1.01,-4.28
dbg,75.4563,1.0,0.0,-4.3,0.0
det,75.4563,1260.15,784.64,41.72,110.86,0.811,Body
err,75.4902,0.97,-4.14
dbg,75.4902,1.0,0.0,-4.1,0.0
det,75.4902,1260.14,784.78,41.65,110.77,0.81,Body
err,75.5195,0.96,-4.18
dbg,75.5195,1.0,0.0,-4.2,0.0
det,75.5195,1260.14,784.75,41.64,110.72,0.81,Body
err,75.5568,1.03,-4.14
dbg,75.5568,1.0,0.0,-4.1,0.0
det,75.5568,1260.17,784.8,41.72,110.65,0.81,Body
err,75.5907,1.0,-4.29
dbg,75.5907,1.0,0.0,-4.3,0.0
det,75.5907,1260.13,784.62,41.75,110.86,0.81,Body
err,75.6248,0.97,-4.2
dbg,75.6248,1.0,0.0,-4.2,0.0
det,75.6248,1260.11,784.72,41.73,110.81,0.809,Body
err,75.658,0.93,-4.22
dbg,75.658,0.9,0.0,-4.2,0.0
det,75.658,1260.05,784.69,41.76,110.89,0.809,Body
err,75.6903,1.03,-4.15
dbg,75.6903,1.0,0.0,-4.2,0.0
det,75.6903,1260.15,784.78,41.75,110.66,0.81,Body
cmd,75.6903,1,-6
err,75.7294,1.24,18.56
dbg,75.7294,1.2,0.0,18.6,0.0
det,75.7294,1258.82,807.77,44.83,107.86,0.802,Body
err,75.7581,2.09,15.93
dbg,75.7581,2.1,0.0,15.9,0.0
det,75.7581,1259.63,805.54,44.92,103.93,0.794,Body
err,75.7911,0.74,10.26
dbg,75.7911,0.7,0.0,10.3,0.0
det,75.7911,1259.54,799.22,42.41,110.36,0.814,Body
det,75.7911,1270.71,801.14,14.01,19.22,0.407,Head
err,75.8229,-0.47,9.48
dbg,75.8229,-0.5,0.0,9.5,0.0
det,75.8229,1258.3,798.37,42.46,111.17,0.808,Body
det,75.8229,1270.09,799.91,13.71,20.5,0.442,Head
err,75.8565,0.64,-17.98
dbg,75.8565,0.6,0.0,-18.0,0.0
det,75.8565,1258.74,767.94,43.81,140.82,0.817,Body
det,75.8565,1269.6,768.29,16.61,22.77,0.43,Head
err,75.8898,-1.65,-20.93
dbg,75.8898,-1.6,0.0,-20.9,0.0
det,75.8898,1258.09,764.69,43.37,140.91,0.787,Body
det,75.8898,1269.41,765.21,17.88,25.21,0.456,Head
err,75.9233,0.15,-23.07
dbg,75.9233,0.1,0.0,-23.1,0.0
det,75.9233,1260.19,763.17,39.92,137.56,0.793,Body
det,75.9233,1269.93,763.33,15.91,23.99,0.419,Head
err,75.9569,0.32,-24.23
dbg,75.9569,0.3,0.0,-24.2,0.0
det,75.9569,1260.62,761.79,39.39,139.75,0.787,Body
err,75.9903,0.35,-27.11
dbg,75.9903,0.4,0.0,-27.1,0.0
det,75.9903,1259.39,758.45,41.92,144.38,0.779,Body
det,75.9903,1269.47,760.73,16.74,23.41,0.357,Head
err,76.0234,0.39,-7.69
dbg,76.0234,0.4,0.0,-7.7,0.0
det,76.0234,1260.7,780.38,39.39,119.31,0.8,Body
err,76.0578,1.13,4.09
dbg,76.0578,1.1,0.0,4.1,0.0
det,76.0578,1260.68,793.61,40.89,104.76,0.791,Body
err,76.0905,22.46,2.1
dbg,76.0905,22.5,0.0,2.1,0.0
det,76.0905,1283.44,791.09,38.03,110.11,0.83,Body
err,76.1233,73.55,7.62
dbg,76.1233,73.6,0.0,7.6,0.0
det,76.1233,1335.7,797.17,36.23,103.49,0.814,Body
det,76.1233,1348.02,797.95,11.06,17.58,0.589,Head
err,76.1572,114.37,7.98
dbg,76.1572,114.4,0.0,8.0,0.0
det,76.1572,1375.62,797.78,37.51,102.06,0.798,Body
det,76.1572,1388.5,797.8,13.25,18.38,0.356,Head
err,76.1909,130.17,8.23
dbg,76.1909,130.2,0.0,8.2,0.0
det,76.1909,1391.12,797.78,38.1,104.55,0.805,Body
cmd,76.1909,127,8
err,76.2241,130.19,7.7
dbg,76.2241,130.2,0.0,7.7,0.0
det,76.2241,1391.06,797.19,38.28,105.12,0.805,Body
err,76.2574,129.77,6.77
dbg,76.2574,129.8,0.0,6.8,0.0
det,76.2574,1390.36,796.14,38.82,106.3,0.805,Body
err,76.2907,129.82,6.93
dbg,76.2907,129.8,0.0,6.9,0.0
det,76.2907,1390.28,796.31,39.08,106.2,0.807,Body
err,76.3238,129.77,6.86
dbg,76.3238,129.8,0.0,6.9,0.0
det,76.3238,1390.22,796.23,39.09,106.32,0.806,Body
err,76.3586,129.77,6.83
dbg,76.3586,129.8,0.0,6.8,0.0
det,76.3586,1390.25,796.2,39.05,106.29,0.807,Body
err,76.3916,33.84,-0.19
dbg,76.3916,33.8,0.0,-0.2,0.0
det,76.3916,1293.72,789.27,40.24,105.4,0.807,Body
err,76.4241,33.85,-0.25
dbg,76.4241,33.9,0.0,-0.3,0.0
det,76.4241,1293.7,789.2,40.31,105.46,0.806,Body
err,76.4573,33.7,-0.94
dbg,76.4573,33.7,0.0,-0.9,0.0
det,76.4573,1294.08,788.51,39.24,105.53,0.807,Body
err,76.491,33.72,-0.97
dbg,76.491,33.7,0.0,-1.0,0.0
det,76.491,1294.17,788.48,39.1,105.52,0.806,Body
err,76.5245,33.7,-0.71
dbg,76.5245,33.7,0.0,-0.7,0.0
det,76.5245,1294.11,788.76,39.19,105.26,0.806,Body
err,76.56,33.81,-0.04
dbg,76.56,33.8,0.0,-0.0,0.0
det,76.56,1293.66,789.45,40.29,105.11,0.806,Body
err,76.5909,33.67,-0.49
dbg,76.5909,33.7,0.0,-0.5,0.0
det,76.5909,1294.07,789.01,39.2,104.96,0.806,Body
err,76.6246,33.69,-0.44
dbg,76.6246,33.7,0.0,-0.4,0.0
det,76.6246,1294.16,789.08,39.06,104.86,0.805,Body
err,76.6582,33.68,-0.29
dbg,76.6582,33.7,0.0,-0.3,0.0
det,76.6582,1294.11,789.23,39.14,104.75,0.805,Body
err,76.6928,33.7,-0.27
dbg,76.6928,33.7,0.0,-0.3,0.0
det,76.6928,1294.13,789.26,39.13,104.69,0.805,Body
cmd,76.6928,45,0
err,76.7298,33.67,-0.29
dbg,76.7298,33.7,0.0,-0.3,0.0
det,76.7298,1294.1,789.24,39.14,104.73,0.806,Body
err,76.7587,33.68,-0.37
dbg,76.7587,33.7,0.0,-0.4,0.0
det,76.7587,1294.16,789.15,39.05,104.78,0.805,Body
err,76.7942,33.68,-0.28
dbg,76.7942,33.7,0.0,-0.3,0.0
det,76.7942,1294.11,789.24,39.13,104.74,0.805,Body
err,76.8246,0.65,-4.63
dbg,76.8246,0.7,0.0,-4.6,0.0
det,76.8246,1260.76,784.45,39.78,109.25,0.808,Body
err,76.8584,0.61,-4.54
dbg,76.8584,0.6,0.0,-4.5,0.0
det,76.8584,1260.75,784.54,39.72,109.18,0.808,Body
err,76.8915,0.65,-4.46
dbg,76.8915,0.7,0.0,-4.5,0.0
det,76.8915,1260.81,784.64,39.69,109.02,0.809,Body
err,76.9247,0.64,-4.58
dbg,76.9247,0.6,0.0,-4.6,0.0
det,76.9247,1260.79,784.51,39.7,109.12,0.809,Body
err,76.9602,0.65,-4.58
dbg,76.9602,0.7,0.0,-4.6,0.0
det,76.9602,1260.8,784.5,39.71,109.16,0.809,Body
err,76.993,0.61,-4.56
dbg,76.993,0.6,0.0,-4.6,0.0
det,76.993,1260.74,784.53,39.76,109.18,0.808,Body
err,77.0261,0.66,-4.5
dbg,77.0261,0.7,0.0,-4.5,0.0
det,77.0261,1260.77,784.6,39.79,109.03,0.808,Body
err,77.0601,0.65,-4.63
dbg,77.0601,0.7,0.0,-4.6,0.0
det,77.0601,1260.74,784.45,39.81,109.17,0.808,Body
err,77.0911,0.66,-4.61
dbg,77.0911,0.7,0.0,-4.6,0.0
det,77.0911,1260.77,784.47,39.76,109.2,0.808,Body
err,77.1254,0.62,-4.57
dbg,77.1254,0.6,0.0,-4.6,0.0
det,77.1254,1260.73,784.51,39.77,109.2,0.807,Body
err,77.1588,0.66,-4.51
dbg,77.1588,0.7,0.0,-4.5,0.0
det,77.1588,1260.77,784.59,39.79,109.05,0.808,Body
err,77.1924,1.24,18.38
dbg,77.1924,1.2,0.0,18.4,0.0
det,77.1924,1259.24,807.78,44.02,105.99,0.78,Body
err,77.2265,1.46,11.59
dbg,77.2265,1.5,0.0,11.6,0.0
det,77.2265,1260.78,800.54,41.35,110.53,0.804,Body
cmd,77.2265,2,16
err,77.2606,0.88,-14.72
dbg,77.2606,0.9,0.0,-14.7,0.0
det,77.2606,1259.65,771.54,42.46,137.35,0.827,Body
err,77.2938,0.84,4.21
dbg,77.2938,0.8,0.0,4.2,0.0
det,77.2938,1262.49,793.2,36.68,110.09,0.772,Body
err,77.3271,0.43,-27.56
dbg,77.3271,0.4,0.0,-27.6,0.0
det,77.3271,1260.68,758.09,39.5,143.45,0.771,Body
err,77.3601,0.51,-7.12
dbg,77.3601,0.5,0.0,-7.1,0.0
det,77.3601,1260.23,781.21,40.56,116.69,0.81,Body
err,77.3919,0.26,2.68
dbg,77.3919,0.3,0.0,2.7,0.0
det,77.3919,1259.79,792.43,40.93,102.45,0.794,Body
err,77.4261,-0.35,-10.98
dbg,77.4261,-0.3,0.0,-11.0,0.0
det,77.4261,1258.98,778.53,41.34,104.92,0.801,Body
det,77.4261,1268.39,779.75,17.07,20.16,0.415,Head
err,77.462,-5.93,-10.62
dbg,77.462,-5.9,0.0,-10.6,0.0
det,77.462,1254.87,779.08,38.39,103.06,0.796,Body
det,77.462,1267.69,780.43,14.42,18.07,0.38,Head
err,77.4924,-73.28,-19.39
dbg,77.4924,-73.3,0.0,-19.4,0.0
det,77.4924,1186.24,770.52,43.26,108.45,0.793,Body
det,77.4924,1199.82,770.09,13.8,19.12,0.483,Head
err,77.525,-140.25,-32.55
dbg,77.525,-140.3,0.0,-32.5,0.0
det,77.525,1117.98,756.52,43.54,109.3,0.82,Body
det,77.525,1132.37,754.97,13.7,21.29,0.442,Head
err,78.4584,-140.37,-25.25
dbg,78.4584,-140.4,0.0,-25.3,0.0
det,78.4584,1119.87,763.13,43.51,105.3,0.799,Body
det,78.4584,1132.96,764.81,13.34,18.06,0.524,Head
cmd,78.4584,-125,-22
err,78.4937,-127.26,-27.56
dbg,78.4937,-127.3,0.0,-27.6,0.0
det,78.4937,1131.48,761.46,42.52,109.79,0.807,Body
err,78.5258,-127.28,-27.62
dbg,78.5258,-127.3,0.0,-27.6,0.0
det,78.5258,1131.47,761.39,42.5,109.87,0.807,Body
err,78.5596,-127.29,-27.5
dbg,78.5596,-127.3,0.0,-27.5,0.0
det,78.5596,1131.46,761.52,42.51,109.84,0.807,Body
err,78.592,-127.24,-27.53
dbg,78.592,-127.2,0.0,-27.5,0.0
det,78.592,1131.48,761.48,42.57,109.86,0.807,Body
err,78.627,-35.89,-8.92
dbg,78.627,-35.9,0.0,-8.9,0.0
det,78.627,1227.16,779.59,39.88,106.53,0.814,Body
det,78.627,1237.52,781.27,13.18,17.84,0.49,Head
err,78.6588,-35.87,-8.97
dbg,78.6588,-35.9,0.0,-9.0,0.0
det,78.6588,1227.16,779.46,39.92,106.7,0.813,Body
det,78.6588,1237.53,781.22,13.2,17.83,0.489,Head
err,78.6919,-35.87,-8.85
dbg,78.6919,-35.9,0.0,-8.8,0.0
det,78.6919,1227.19,779.55,39.86,106.54,0.812,Body
det,78.6919,1237.52,781.35,13.22,17.83,0.493,Head
err,78.7255,-35.89,-8.85
dbg,78.7255,-35.9,0.0,-8.8,0.0
det,78.7255,1227.13,779.6,39.81,106.52,0.813,Body
det,78.7255,1237.52,781.38,13.18,17.77,0.49,Head
err,78.7587,-35.88,-8.94
dbg,78.7587,-35.9,0.0,-8.9,0.0
det,78.7587,1227.16,779.58,39.87,106.56,0.813,Body
det,78.7587,1237.53,781.26,13.18,17.82,0.49,Head
err,78.7938,-35.86,-8.97
dbg,78.7938,-35.9,0.0,-9.0,0.0
det,78.7938,1227.15,779.44,39.94,106.72,0.813,Body
det,78.7938,1237.52,781.21,13.24,17.85,0.49,Head
err,78.828,-35.87,-8.85
dbg,78.828,-35.9,0.0,-8.9,0.0
det,78.828,1227.2,779.57,39.84,106.53,0.812,Body
det,78.828,1237.52,781.35,13.2,17.82,0.492,Head
err,78.8607,-35.89,-8.84
dbg,78.8607,-35.9,0.0,-8.8,0.0
det,78.8607,1227.14,779.61,39.8,106.51,0.813,Body
det,78.8607,1237.53,781.38,13.17,17.77,0.491,Head
err,78.8943,-35.88,-8.93
dbg,78.8943,-35.9,0.0,-8.9,0.0
det,78.8943,1227.16,779.57,39.89,106.56,0.813,Body
det,78.8943,1237.52,781.26,13.19,17.84,0.49,Head
err,78.9262,-35.87,-8.97
dbg,78.9262,-35.9,0.0,-9.0,0.0
det,78.9262,1227.16,779.44,39.94,106.72,0.813,Body
det,78.9262,1237.52,781.21,13.22,17.84,0.49,Head
err,78.9587,-35.87,-8.85
dbg,78.9587,-35.9,0.0,-8.8,0.0
det,78.9587,1227.18,779.53,39.9,106.57,0.812,Body
det,78.9587,1237.51,781.33,13.25,17.85,0.494,Head
cmd,78.9587,-48,-12
err,78.9948,-35.88,-8.84
dbg,78.9948,-35.9,0.0,-8.8,0.0
det,78.9948,1227.12,779.58,39.84,106.54,0.813,Body
det,78.9948,1237.51,781.37,13.21,17.8,0.492,Head
err,79.0254,-35.88,-8.93
dbg,79.0254,-35.9,0.0,-8.9,0.0
det,79.0254,1227.14,779.53,39.94,106.59,0.813,Body
det,79.0254,1237.5,781.24,13.24,17.88,0.492,Head
err,79.0591,0.96,-4.38
dbg,79.0591,1.0,0.0,-4.4,0.0
det,79.0591,1260.85,784.62,40.22,110.05,0.808,Body
err,79.0936,0.89,-4.36
dbg,79.0936,0.9,0.0,-4.4,0.0
det,79.0936,1260.77,784.63,40.24,110.07,0.807,Body
err,79.1268,0.93,-4.38
dbg,79.1268,0.9,0.0,-4.4,0.0
det,79.1268,1260.77,784.61,40.32,110.11,0.807,Body
err,79.1601,0.98,-4.35
dbg,79.1601,1.0,0.0,-4.3,0.0
det,79.1601,1260.82,784.65,40.31,110.04,0.807,Body
err,79.1931,0.97,-4.4
dbg,79.1931,1.0,0.0,-4.4,0.0
det,79.1931,1260.85,784.59,40.23,110.08,0.808,Body
err,79.2282,0.9,-4.35
dbg,79.2282,0.9,0.0,-4.4,0.0
det,79.2282,1260.79,784.64,40.22,110.05,0.807,Body
err,79.2585,0.96,-4.32
dbg,79.2585,1.0,0.0,-4.3,0.0
det,79.2585,1260.89,784.68,40.15,110.0,0.814,Body
err,79.2921,1.0,-4.21
dbg,79.2921,1.0,0.0,-4.2,0.0
det,79.2921,1260.91,784.79,40.18,109.94,0.814,Body
err,79.3254,0.98,-4.32
dbg,79.3254,1.0,0.0,-4.3,0.0
det,79.3254,1260.92,784.68,40.12,110.03,0.814,Body
err,79.3599,0.92,-4.21
dbg,79.3599,0.9,0.0,-4.2,0.0
det,79.3599,1260.86,784.79,40.12,109.97,0.813,Body
err,79.3931,0.94,-4.26
dbg,79.3931,0.9,0.0,-4.3,0.0
det,79.3931,1260.84,784.74,40.19,110.03,0.814,Body
err,79.4279,0.99,-4.2
dbg,79.4279,1.0,0.0,-4.2,0.0
det,79.4279,1260.91,784.81,40.17,109.92,0.815,Body
err,79.46,0.98,-4.3
dbg,79.46,1.0,0.0,-4.3,0.0
det,79.46,1260.93,784.7,40.1,110.01,0.815,Body
cmd,79.46,1,-6
err,79.4929,0.91,-4.22
dbg,79.4929,0.9,0.0,-4.2,0.0
det,79.4929,1260.84,784.78,40.13,109.97,0.813,Body
err,79.5271,0.93,-4.25
dbg,79.5271,0.9,0.0,-4.3,0.0
det,79.5271,1260.83,784.74,40.2,110.02,0.814,Body
err,79.5613,1.8,1.09
dbg,79.5613,1.8,0.0,1.1,0.0
det,79.5613,1261.14,790.11,41.33,109.85,0.801,Body
err,79.592,1.82,0.93
dbg,79.592,1.8,0.0,0.9,0.0
det,79.592,1261.18,789.93,41.28,110.05,0.801,Body
err,79.6249,1.87,1.02
dbg,79.6249,1.9,0.0,1.0,0.0
det,79.6249,1261.26,790.03,41.23,109.87,0.802,Body
err,79.6586,1.83,0.9
dbg,79.6586,1.8,0.0,0.9,0.0
det,79.6586,1261.18,789.89,41.29,110.06,0.802,Body
err,79.6931,1.81,1.07
dbg,79.6931,1.8,0.0,1.1,0.0
det,79.6931,1261.13,790.09,41.35,109.86,0.801,Body
err,79.7305,1.82,0.9
dbg,79.7305,1.8,0.0,0.9,0.0
det,79.7305,1261.16,789.89,41.33,110.08,0.801,Body
err,79.7738,1.88,0.99
dbg,79.7738,1.9,0.0,1.0,0.0
det,79.7738,1261.24,790.0,41.29,109.91,0.802,Body
err,79.809,1.88,0.9
dbg,79.809,1.9,0.0,0.9,0.0
det,79.809,1261.28,789.89,41.2,110.02,0.802,Body
err,79.8418,1.87,0.92
dbg,79.8418,1.9,0.0,0.9,0.0
det,79.8418,1261.22,789.91,41.29,110.07,0.802,Body
err,79.8755,1.8,0.84
dbg,79.8755,1.9,0.0,0.9,0.0
det,79.8755,1261.11,789.82,41.37,110.17,0.801,Body
err,79.9072,1.88,0.96
dbg,79.9072,1.9,0.0,1.0,0.0
det,79.9072,1261.23,789.97,41.3,109.93,0.802,Body
err,79.9431,1.87,0.85
dbg,79.9431,1.9,0.0,0.8,0.0
det,79.9431,1261.22,789.84,41.3,110.06,0.802,Body
err,79.9773,1.86,0.88
dbg,79.9773,1.9,0.0,0.9,0.0
det,79.9773,1261.19,789.87,41.35,110.13,0.802,Body
cmd,79.9773,2,1
err,80.0091,2.11,1.31
dbg,80.0091,2.1,0.0,1.3,0.0
det,80.0091,1261.62,790.37,40.98,109.41,0.799,Body
err,80.0429,14.25,4.15
dbg,80.0429,14.3,0.0,4.2,0.0
det,80.0429,1274.47,793.2,39.58,109.51,0.819,Body
err,80.0767,49.07,13.73
dbg,80.0767,49.1,0.0,13.7,0.0
det,80.0767,1308.34,803.3,41.46,104.31,0.82,Body
err,80.1098,110.7,21.27
dbg,80.1098,110.7,0.0,21.3,0.0
det,80.1098,1370.64,810.73,40.11,105.48,0.813,Body
det,80.1098,1382.33,812.67,11.86,16.56,0.393,Head
err,82.2316,157.16,17.23
dbg,82.2316,157.2,0.0,17.2,0.0
det,82.2316,1394.59,801.28,79.95,198.52,0.92,Body
det,82.2316,1427.56,802.56,19.21,26.66,0.71,Head
cmd,82.2316,126,14
err,82.2617,101.78,11.33
dbg,82.2617,101.8,0.0,11.3,0.0
det,82.2617,1340.86,795.74,77.37,198.84,0.91,Body
det,82.2617,1371.87,796.52,19.82,26.93,0.724,Head
err,82.2944,80.47,7.24
dbg,82.2944,80.5,0.0,7.2,0.0
det,82.2944,1321.21,791.35,80.12,198.31,0.896,Body
det,82.2944,1350.5,792.66,19.94,26.51,0.592,Head
err,82.3288,79.22,7.33
dbg,82.3288,79.2,0.0,7.3,0.0
det,82.3288,1319.85,791.84,80.51,197.84,0.9,Body
det,82.3288,1349.1,792.58,20.25,26.82,0.648,Head
err,82.3611,79.21,7.34
dbg,82.3611,79.2,0.0,7.3,0.0
det,82.3611,1319.83,791.86,80.54,197.77,0.901,Body
det,82.3611,1349.08,792.6,20.26,26.8,0.649,Head
err,82.3943,80.49,7.25
dbg,82.3943,80.5,0.0,7.2,0.0
det,82.3943,1321.19,791.36,80.05,198.29,0.896,Body
det,82.3943,1350.51,792.66,19.95,26.53,0.596,Head
err,82.4292,80.47,7.25
dbg,82.4292,80.5,0.0,7.3,0.0
det,82.4292,1321.19,791.34,80.06,198.32,0.896,Body
det,82.4292,1350.48,792.65,19.97,26.55,0.595,Head
err,82.4639,80.47,7.25
dbg,82.4639,80.5,0.0,7.3,0.0
det,82.4639,1321.19,791.36,80.0,198.3,0.896,Body
det,82.4639,1350.49,792.66,19.96,26.53,0.593,Head
err,82.4973,80.48,7.29
dbg,82.4973,80.5,0.0,7.3,0.0
det,82.4973,1321.1,791.36,80.19,198.31,0.895,Body
det,82.4973,1350.47,792.67,20.01,26.58,0.598,Head
err,82.5308,80.48,7.26
dbg,82.5308,80.5,0.0,7.3,0.0
det,82.5308,1321.13,791.34,80.13,198.34,0.895,Body
det,82.5308,1350.48,792.64,20.01,26.57,0.599,Head
err,82.5618,-13.18,-1.88
dbg,82.5618,-13.2,0.0,-1.9,0.0
det,82.5618,1224.38,780.92,82.6,195.97,0.908,Body
det,82.5618,1255.57,782.32,22.49,28.74,0.664,Head
err,82.5955,-13.17,-1.86
dbg,82.5955,-13.2,0.0,-1.9,0.0
det,82.5955,1224.55,780.94,82.22,195.86,0.908,Body
det,82.5955,1255.59,782.32,22.48,28.76,0.663,Head
err,82.628,-13.15,-1.83
dbg,82.628,-13.1,0.0,-1.8,0.0
det,82.628,1224.53,780.94,82.57,195.92,0.908,Body
det,82.628,1255.62,782.34,22.47,28.77,0.666,Head
err,82.6618,-13.14,-1.84
dbg,82.6618,-13.1,0.0,-1.8,0.0
det,82.6618,1224.4,780.91,82.56,195.95,0.908,Body
det,82.6618,1255.59,782.32,22.53,28.79,0.665,Head
err,82.6946,-13.17,-1.86
dbg,82.6946,-13.2,0.0,-1.9,0.0
det,82.6946,1224.5,780.98,82.31,195.9,0.908,Body
det,82.6946,1255.66,782.35,22.34,28.7,0.661,Head
err,82.7312,-13.16,-1.86
dbg,82.7312,-13.2,0.0,-1.9,0.0
det,82.7312,1224.52,780.91,82.29,195.91,0.908,Body
det,82.7312,1255.55,782.29,22.59,28.81,0.664,Head
err,82.7638,-13.14,-1.84
dbg,82.7638,-13.1,0.0,-1.8,0.0
det,82.7638,1224.47,780.91,82.71,195.97,0.908,Body
det,82.7638,1255.57,782.31,22.58,28.81,0.668,Head
cmd,82.7638,-18,-2
err,82.7975,-13.13,-1.86
dbg,82.7975,-13.1,0.0,-1.9,0.0
det,82.7975,1224.3,780.83,82.88,196.06,0.908,Body
det,82.7975,1255.5,782.26,22.74,28.86,0.669,Head
err,82.8305,-13.17,-1.88
dbg,82.8305,-13.2,0.0,-1.9,0.0
det,82.8305,1224.4,780.91,82.6,196.0,0.908,Body
det,82.8305,1255.56,782.3,22.55,28.76,0.664,Head
err,82.8631,-0.6,-1.22
dbg,82.8631,-13.2,0.0,-1.9,0.0
det,82.8631,1236.71,782.76,84.19,198.22,0.918,Body
det,82.8631,1269.25,783.37,20.3,28.02,0.574,Head
err,82.8967,-0.6,-1.2
dbg,82.8967,-13.2,0.0,-1.9,0.0
det,82.8967,1236.68,782.81,84.17,198.12,0.918,Body
det,82.8967,1269.29,783.4,20.22,28.0,0.57,Head
err,82.9309,-0.63,-1.19
dbg,82.9309,-13.2,0.0,-1.9,0.0
det,82.9309,1236.6,782.8,84.27,198.15,0.918,Body
det,82.9309,1269.23,783.4,20.29,28.02,0.575,Head
err,82.9651,-0.61,-1.19
dbg,82.9651,-13.2,0.0,-1.9,0.0
det,82.9651,1236.61,782.79,84.3,198.19,0.918,Body
det,82.9651,1269.23,783.4,20.31,28.01,0.574,Head
err,83.0018,-0.61,-1.21
dbg,83.0018,-13.2,0.0,-1.9,0.0
det,83.0018,1236.69,782.77,84.21,198.18,0.917,Body
det,83.0018,1269.26,783.38,20.26,28.01,0.573,Head
err,83.0337,-0.61,-1.19
dbg,83.0337,-13.2,0.0,-1.9,0.0
det,83.0337,1236.62,782.82,84.26,198.12,0.918,Body
det,83.0337,1269.28,783.4,20.22,28.0,0.57,Head
err,83.0656,-0.63,-1.18
dbg,83.0656,-13.2,0.0,-1.9,0.0
det,83.0656,1236.58,782.82,84.29,198.13,0.918,Body
det,83.0656,1269.23,783.41,20.26,28.01,0.574,Head
err,83.097,-0.61,-1.17
dbg,83.097,-13.2,0.0,-1.9,0.0
det,83.097,1236.67,782.83,84.2,198.14,0.918,Body
det,83.097,1269.27,783.42,20.24,28.01,0.571,Head
err,83.1292,-0.62,-1.2
dbg,83.1292,-13.2,0.0,-1.9,0.0
det,83.1292,1236.79,782.82,84.04,198.1,0.918,Body
det,83.1292,1269.31,783.41,20.16,27.99,0.569,Head
err,83.1616,-1.24,2.68
dbg,83.1616,-1.2,0.0,2.7,0.0
det,83.1616,1236.72,782.87,84.1,198.04,0.918,Body
det,83.1616,1269.33,783.44,20.1,27.96,0.566,Head
err,83.1956,-0.64,-1.18
dbg,83.1956,-1.2,0.0,2.7,0.0
det,83.1956,1236.61,782.83,84.25,198.1,0.918,Body
det,83.1956,1269.25,783.42,20.23,27.99,0.573,Head
err,83.2294,-0.61,-1.18
dbg,83.2294,-1.2,0.0,2.7,0.0
det,83.2294,1236.62,782.81,84.28,198.15,0.918,Body
det,83.2294,1269.25,783.42,20.27,28.0,0.573,Head
err,83.2629,-13.72,2.91
dbg,83.2629,-13.7,0.0,2.9,0.0
det,83.2629,1223.66,785.17,80.83,196.52,0.903,Body
det,83.2629,1254.77,786.71,23.02,29.46,0.72,Head
err,83.2953,-70.64,9.55
dbg,83.2953,-70.6,0.0,9.5,0.0
det,83.2953,1165.59,794.37,82.2,198.56,0.905,Body
det,83.2953,1198.69,795.02,21.34,26.42,0.761,Head
cmd,83.2953,-95,13
err,83.3283,-103.42,12.81
dbg,83.3283,-103.4,0.0,12.8,0.0
det,83.3283,1132.35,797.04,83.02,197.72,0.909,Body
det,83.3283,1166.69,798.29,19.78,26.41,0.751,Head
err,83.3636,-121.49,16.19
dbg,83.3636,-121.5,0.0,16.2,0.0
det,83.3636,1116.8,799.48,78.46,196.97,0.898,Body
det,83.3636,1148.25,800.9,20.54,27.79,0.741,Head
err,83.3964,-55.58,7.78
dbg,83.3964,-55.6,0.0,7.8,0.0
det,83.3964,1180.99,793.37,82.4,197.42,0.908,Body
det,83.3964,1214.08,793.47,20.68,26.03,0.733,Head
err,83.4285,-55.58,7.8
dbg,83.4285,-55.6,0.0,7.8,0.0
det,83.4285,1181.07,793.37,82.36,197.49,0.908,Body
det,83.4285,1214.07,793.48,20.7,26.04,0.732,Head
err,83.4618,-55.58,7.79
dbg,83.4618,-55.6,0.0,7.8,0.0
det,83.4618,1181.11,793.3,82.31,197.56,0.908,Body
det,83.4618,1214.07,793.42,20.69,26.13,0.733,Head
err,83.4982,-55.58,7.77
dbg,83.4982,-55.6,0.0,7.8,0.0
det,83.4982,1181.08,793.33,82.32,197.48,0.908,Body
det,83.4982,1214.08,793.45,20.68,26.05,0.732,Head
err,83.5334,-55.57,7.79
dbg,83.5334,-55.6,0.0,7.8,0.0
det,83.5334,1180.97,793.36,82.42,197.44,0.908,Body
det,83.5334,1214.09,793.46,20.68,26.05,0.733,Head
err,83.5643,-55.57,7.8
dbg,83.5643,-55.6,0.0,7.8,0.0
det,83.5643,1181.1,793.37,82.31,197.47,0.908,Body
det,83.5643,1214.1,793.48,20.66,26.03,0.731,Head
err,83.5993,-55.57,7.8
dbg,83.5993,-55.6,0.0,7.8,0.0
det,83.5993,1181.14,793.3,82.28,197.56,0.908,Body
det,83.5993,1214.1,793.42,20.66,26.14,0.733,Head
err,83.6323,-55.57,7.78
dbg,83.6323,-55.6,0.0,7.8,0.0
det,83.6323,1181.07,793.33,82.33,197.49,0.908,Body
det,83.6323,1214.1,793.45,20.67,26.05,0.732,Head
err,83.6658,-55.56,7.79
dbg,83.6658,-55.6,0.0,7.8,0.0
det,83.6658,1180.95,793.35,82.46,197.46,0.908,Body
det,83.6658,1214.09,793.46,20.69,26.05,0.733,Head
err,83.6969,-55.57,7.8
dbg,83.6969,-55.6,0.0,7.8,0.0
det,83.6969,1181.07,793.36,82.37,197.49,0.908,Body
det,83.6969,1214.09,793.48,20.68,26.04,0.731,Head
err,83.729,-55.57,7.79
dbg,83.729,-55.6,0.0,7.8,0.0
det,83.729,1181.13,793.3,82.29,197.57,0.908,Body
det,83.729,1214.1,793.42,20.67,26.14,0.733,Head
err,83.7621,-55.56,7.78
dbg,83.7621,-55.6,0.0,7.8,0.0
det,83.7621,1181.09,793.33,82.3,197.49,0.908,Body
det,83.7621,1214.11,793.45,20.66,26.05,0.731,Head
err,83.7945,-55.55,7.79
dbg,83.7945,-55.6,0.0,7.8,0.0
det,83.7945,1180.94,793.35,82.48,197.48,0.908,Body
det,83.7945,1214.1,793.46,20.69,26.05,0.732,Head
err,83.8282,-55.56,7.8
dbg,83.8282,-55.6,0.0,7.8,0.0
det,83.8282,1181.06,793.36,82.38,197.51,0.908,Body
det,83.8282,1214.1,793.48,20.68,26.04,0.731,Head
cmd,83.8282,-74,10
err,83.8606,-55.56,7.8
dbg,83.8606,-55.6,0.0,7.8,0.0
det,83.8606,1181.11,793.3,82.32,197.58,0.908,Body
det,83.8606,1214.1,793.42,20.67,26.14,0.732,Head
err,83.894,-55.56,7.78
dbg,83.894,-55.6,0.0,7.8,0.0
det,83.894,1181.04,793.32,82.38,197.53,0.908,Body
det,83.894,1214.1,793.45,20.68,26.05,0.731,Head
err,83.9272,-55.55,7.79
dbg,83.9272,-55.6,0.0,7.8,0.0
det,83.9272,1180.92,793.35,82.5,197.5,0.908,Body
det,83.9272,1214.1,793.46,20.69,26.05,0.732,Head
err,83.9625,-0.83,1.1
dbg,83.9625,-55.6,0.0,7.8,0.0
det,83.9625,1236.52,784.9,81.91,195.85,0.914,Body
det,83.9625,1268.8,785.89,20.72,27.65,0.62,Head
err,83.9951,-0.78,1.05
dbg,83.9951,-55.6,0.0,7.8,0.0
det,83.9951,1236.49,784.82,82.04,195.92,0.914,Body
det,83.9951,1268.75,785.84,20.94,27.65,0.622,Head
err,84.0279,-0.84,1.06
dbg,84.0279,-55.6,0.0,7.8,0.0
det,84.0279,1236.57,784.87,81.86,195.88,0.915,Body
det,84.0279,1268.79,785.88,20.75,27.6,0.621,Head
err,84.0613,-0.76,1.09
dbg,84.0613,-55.6,0.0,7.8,0.0
det,84.0613,1236.5,784.81,82.12,196.01,0.913,Body
det,84.0613,1268.74,785.85,21.01,27.71,0.62,Head
err,84.0953,-0.82,1.07
dbg,84.0953,-55.6,0.0,7.8,0.0
det,84.0953,1236.46,784.84,82.09,195.96,0.914,Body
det,84.0953,1268.75,785.86,20.86,27.65,0.622,Head
err,84.1288,-0.78,1.03
dbg,84.1288,-55.6,0.0,7.8,0.0
det,84.1288,1236.47,784.79,82.09,196.0,0.914,Body
det,84.1288,1268.73,785.83,20.99,27.64,0.622,Head
err,84.1623,-0.84,1.05
dbg,84.1623,-55.6,0.0,7.8,0.0
det,84.1623,1236.55,784.85,81.91,195.9,0.915,Body
det,84.1623,1268.76,785.88,20.8,27.58,0.622,Head
err,84.1958,-0.77,1.09
dbg,84.1958,-55.6,0.0,7.8,0.0
det,84.1958,1236.56,784.87,81.96,195.89,0.914,Body
det,84.1958,1268.79,785.88,20.9,27.65,0.617,Head
err,84.2304,-0.84,1.07
dbg,84.2304,-55.6,0.0,7.8,0.0
det,84.2304,1236.53,784.89,81.91,195.86,0.914,Body
det,84.2304,1268.78,785.89,20.76,27.6,0.621,Head
err,84.2641,-0.8,1.02
dbg,84.2641,-55.6,0.0,7.8,0.0
det,84.2641,1236.51,784.82,81.99,195.9,0.914,Body
det,84.2641,1268.74,785.84,20.93,27.59,0.622,Head
err,84.2992,-0.84,1.04
dbg,84.2992,-55.6,0.0,7.8,0.0
det,84.2992,1236.58,784.88,81.84,195.82,0.915,Body
det,84.2992,1268.78,785.9,20.75,27.54,0.621,Head
err,84.3305,-0.78,1.09
dbg,84.3305,-55.6,0.0,7.8,0.0
det,84.3305,1236.62,784.9,81.82,195.82,0.914,Body
det,84.3305,1268.82,785.9,20.81,27.62,0.615,Head
err,84.3629,-0.84,1.07
dbg,84.3629,-55.6,0.0,7.8,0.0
det,84.3629,1236.55,784.91,81.84,195.81,0.914,Body
det,84.3629,1268.81,785.9,20.7,27.58,0.619,Head
err,84.3957,-0.8,1.03
dbg,84.3957,-55.6,0.0,7.8,0.0
det,84.3957,1236.52,784.83,81.98,195.9,0.914,Body
det,84.3957,1268.75,785.85,20.9,27.6,0.621,Head
err,84.4294,16.76,2.83
dbg,84.4294,16.8,0.0,2.8,0.0
det,84.4294,1254.08,786.68,82.78,195.05,0.924,Body
det,84.4294,1286.54,787.94,20.44,27.07,0.68,Head
cmd,84.4294,22,4
err,84.4646,53.71,6.81
dbg,84.4646,53.7,0.0,6.8,0.0
det,84.4646,1293.77,792.48,77.19,195.19,0.908,Body
det,84.4646,1324.42,792.99,18.57,25.13,0.71,Head
err,84.4968,108.2,21.82
dbg,84.4968,108.2,0.0,21.8,0.0
det,84.4968,1348.24,807.02,79.61,197.86,0.899,Body
det,84.4968,1378.14,807.36,20.14,26.29,0.716,Head
err,84.5299,143.2,30.01
dbg,84.5299,143.2,0.0,30.0,0.0
det,84.5299,1380.94,814.62,79.01,195.88,0.911,Body
det,84.5299,1413.23,814.63,19.95,27.96,0.598,Head
err,84.5628,147.4,31.35
dbg,84.5628,147.4,0.0,31.4,0.0
det,84.5628,1387.61,815.13,75.4,190.97,0.902,Body
det,84.5628,1418.23,815.96,18.35,27.98,0.661,Head
err,84.5963,132.47,30.52
dbg,84.5963,132.5,0.0,30.5,0.0
det,84.5963,1372.14,814.31,78.65,197.35,0.919,Body
det,84.5963,1402.87,814.85,19.2,28.49,0.711,Head
err,84.6288,132.43,30.55
dbg,84.6288,132.4,0.0,30.5,0.0
det,84.6288,1372.12,814.34,78.63,197.3,0.919,Body
det,84.6288,1402.81,814.88,19.24,28.48,0.71,Head
err,84.6636,132.45,30.54
dbg,84.6636,132.5,0.0,30.5,0.0
det,84.6636,1372.14,814.31,78.55,197.31,0.919,Body
det,84.6636,1402.83,814.86,19.24,28.52,0.709,Head
err,84.6963,132.5,30.54
dbg,84.6963,132.5,0.0,30.5,0.0
det,84.6963,1372.04,814.31,78.72,197.18,0.919,Body
det,84.6963,1402.85,814.85,19.29,28.53,0.712,Head
err,84.7288,132.47,30.51
dbg,84.7288,132.5,0.0,30.5,0.0
det,84.7288,1372.14,814.31,78.61,197.12,0.918,Body
det,84.7288,1402.86,814.85,19.22,28.48,0.711,Head
err,84.7637,132.48,30.51
dbg,84.7637,132.5,0.0,30.5,0.0
det,84.7637,1372.15,814.3,78.62,197.15,0.918,Body
det,84.7637,1402.89,814.86,19.18,28.46,0.711,Head
err,84.797,132.52,30.5
dbg,84.797,132.5,0.0,30.5,0.0
det,84.797,1372.22,814.24,78.5,197.16,0.918,Body
det,84.797,1402.97,814.83,19.1,28.5,0.71,Head
err,84.8291,132.61,30.48
dbg,84.8291,132.6,0.0,30.5,0.0
det,84.8291,1372.09,814.21,78.74,197.24,0.919,Body
det,84.8291,1403.03,814.79,19.16,28.52,0.714,Head
err,84.8635,132.59,30.45
dbg,84.8635,132.6,0.0,30.4,0.0
det,84.8635,1372.21,814.2,78.6,197.26,0.917,Body
det,84.8635,1403.05,814.78,19.08,28.48,0.713,Head
err,84.8954,132.57,30.47
dbg,84.8954,132.6,0.0,30.5,0.0
det,84.8954,1372.22,814.21,78.56,197.18,0.918,Body
det,84.8954,1403.04,814.81,19.06,28.47,0.711,Head
err,84.9293,132.58,30.46
dbg,84.9293,132.6,0.0,30.5,0.0
det,84.9293,1372.26,814.17,78.48,197.11,0.918,Body
det,84.9293,1403.08,814.78,19.01,28.51,0.708,Head
err,84.9633,132.64,30.45
dbg,84.9633,132.6,0.0,30.5,0.0
det,84.9633,1372.12,814.14,78.68,197.25,0.918,Body
det,84.9633,1403.1,814.76,19.08,28.54,0.711,Head
cmd,84.9633,124,28
err,84.997,132.6,30.43
dbg,84.997,132.6,0.0,30.4,0.0
det,84.997,1372.26,814.14,78.53,197.22,0.918,Body
det,84.997,1403.09,814.75,19.03,28.52,0.71,Head
err,85.0311,132.57,30.47
dbg,85.0311,132.6,0.0,30.5,0.0
det,85.0311,1372.23,814.16,78.56,197.22,0.918,Body
det,85.0311,1403.04,814.78,19.06,28.53,0.708,Head
err,85.065,38.97,6.79
dbg,85.065,39.0,0.0,6.8,0.0
det,85.065,1278.39,791.83,79.88,198.1,0.915,Body
det,85.065,1308.77,792.89,20.4,25.27,0.712,Head
err,85.0968,39.02,6.79
dbg,85.0968,39.0,0.0,6.8,0.0
det,85.0968,1278.4,791.86,79.8,198.05,0.915,Body
det,85.0968,1308.82,792.9,20.39,25.27,0.712,Head
err,85.129,38.98,6.78
dbg,85.129,39.0,0.0,6.8,0.0
det,85.129,1278.46,791.84,79.7,197.93,0.915,Body
det,85.129,1308.77,792.87,20.41,25.28,0.712,Head
err,85.163,38.97,6.75
dbg,85.163,39.0,0.0,6.8,0.0
det,85.163,1278.41,791.83,79.75,197.97,0.915,Body
det,85.163,1308.78,792.87,20.38,25.24,0.711,Head
err,85.1953,38.98,6.79
dbg,85.1953,39.0,0.0,6.8,0.0
det,85.1953,1278.39,791.83,79.84,198.06,0.915,Body
det,85.1953,1308.78,792.89,20.4,25.27,0.711,Head
err,85.2291,39.01,6.79
dbg,85.2291,39.0,0.0,6.8,0.0
det,85.2291,1278.41,791.84,79.77,198.03,0.916,Body
det,85.2291,1308.8,792.89,20.42,25.28,0.711,Head
err,85.2615,38.98,6.78
dbg,85.2615,39.0,0.0,6.8,0.0
det,85.2615,1278.44,791.81,79.73,197.97,0.915,Body
det,85.2615,1308.75,792.86,20.47,25.31,0.712,Head
err,85.2973,39.0,6.79
dbg,85.2973,39.0,0.0,6.8,0.0
det,85.2973,1278.38,791.8,79.82,198.07,0.915,Body
det,85.2973,1308.77,792.88,20.45,25.3,0.711,Head
err,85.3331,38.96,6.79
dbg,85.3331,39.0,0.0,6.8,0.0
det,85.3331,1278.38,791.82,79.86,198.08,0.915,Body
det,85.3331,1308.74,792.89,20.45,25.27,0.71,Head
err,85.3635,39.02,6.8
dbg,85.3635,39.0,0.0,6.8,0.0
det,85.3635,1278.37,791.82,79.84,198.07,0.915,Body
det,85.3635,1308.79,792.88,20.47,25.31,0.71,Head
err,85.3974,38.99,6.79
dbg,85.3974,39.0,0.0,6.8,0.0
det,85.3974,1278.4,791.79,79.8,198.01,0.915,Body
det,85.3974,1308.73,792.86,20.52,25.33,0.712,Head
err,85.4317,38.95,6.76
dbg,85.4317,39.0,0.0,6.8,0.0
det,85.4317,1278.34,791.8,79.89,198.04,0.915,Body
det,85.4317,1308.7,792.86,20.5,25.27,0.709,Head
err,85.4642,38.96,6.79
dbg,85.4642,39.0,0.0,6.8,0.0
det,85.4642,1278.34,791.79,79.95,198.13,0.915,Body
det,85.4642,1308.69,792.88,20.53,25.29,0.709,Head
cmd,85.4642,52,9
err,85.4972,38.99,6.8
dbg,85.4972,39.0,0.0,6.8,0.0
det,85.4972,1278.34,791.83,79.92,198.09,0.915,Body
det,85.4972,1308.73,792.89,20.53,25.3,0.708,Head
err,85.5306,38.96,6.79
dbg,85.5306,39.0,0.0,6.8,0.0
det,85.5306,1278.36,791.8,79.88,198.02,0.915,Body
det,85.5306,1308.68,792.87,20.56,25.31,0.71,Head
err,85.5643,38.95,6.76
dbg,85.5643,38.9,0.0,6.8,0.0
det,85.5643,1278.33,791.82,79.93,198.03,0.915,Body
det,85.5643,1308.7,792.87,20.5,25.25,0.706,Head
err,85.5982,38.94,6.8
dbg,85.5982,38.9,0.0,6.8,0.0
det,85.5982,1278.33,791.81,79.98,198.13,0.915,Body
det,85.5982,1308.67,792.89,20.53,25.28,0.706,Head
err,85.632,38.98,6.81
dbg,85.632,39.0,0.0,6.8,0.0
det,85.632,1278.34,791.84,79.92,198.11,0.915,Body
det,85.632,1308.71,792.9,20.53,25.3,0.705,Head
err,85.664,38.97,6.81
dbg,85.664,39.0,0.0,6.8,0.0
det,85.664,1278.37,791.81,79.87,198.05,0.915,Body
det,85.664,1308.69,792.88,20.56,25.33,0.708,Head
err,85.6978,38.94,6.79
dbg,85.6978,38.9,0.0,6.8,0.0
det,85.6978,1278.34,791.82,79.9,198.07,0.915,Body
det,85.6978,1308.68,792.88,20.52,25.29,0.705,Head
err,85.7308,2.06,1.74
dbg,85.7308,2.1,0.0,1.7,0.0
det,85.7308,1237.96,784.75,82.37,196.96,0.917,Body
det,85.7308,1271.75,785.35,20.61,29.79,0.704,Head
err,85.7698,2.03,1.74
dbg,85.7698,2.0,0.0,1.7,0.0
det,85.7698,1238.05,784.69,82.3,197.03,0.918,Body
det,85.7698,1271.69,785.33,20.7,29.83,0.704,Head
err,85.8025,2.05,1.76
dbg,85.8025,2.1,0.0,1.8,0.0
det,85.8025,1238.09,784.79,82.13,196.94,0.918,Body
det,85.8025,1271.78,785.37,20.53,29.78,0.704,Head
err,85.8373,2.02,1.75
dbg,85.8373,2.0,0.0,1.7,0.0
det,85.8373,1237.97,784.79,82.27,196.95,0.918,Body
det,85.8373,1271.73,785.36,20.58,29.79,0.703,Head
err,85.8679,2.06,1.73
dbg,85.8679,2.1,0.0,1.7,0.0
det,85.8679,1237.97,784.75,82.34,196.97,0.918,Body
det,85.8679,1271.74,785.35,20.64,29.8,0.704,Head
err,85.9022,2.03,1.74
dbg,85.9022,2.0,0.0,1.7,0.0
det,85.9022,1238.08,784.73,82.21,196.98,0.918,Body
det,85.9022,1271.73,785.36,20.6,29.79,0.703,Head
err,85.9341,2.05,1.75
dbg,85.9341,2.1,0.0,1.8,0.0
det,85.9341,1238.05,784.76,82.2,196.97,0.917,Body
det,85.9341,1271.75,785.36,20.6,29.81,0.705,Head
err,85.9669,2.02,1.75
dbg,85.9669,2.0,0.0,1.7,0.0
det,85.9669,1237.95,784.78,82.31,196.96,0.918,Body
det,85.9669,1271.72,785.36,20.6,29.8,0.703,Head
cmd,85.9669,3,2
err,85.9986,2.05,1.73
dbg,85.9986,2.1,0.0,1.7,0.0
det,85.9986,1237.93,784.72,82.43,197.02,0.917,Body
det,85.9986,1271.7,785.33,20.7,29.82,0.705,Head
err,86.0333,-1.11,-0.67
dbg,86.0333,2.1,0.0,1.7,0.0
det,86.0333,1236.72,783.41,80.41,197.27,0.91,Body
det,86.0333,1268.35,784.1,21.09,27.68,0.624,Head
err,86.0666,-1.11,-0.67
dbg,86.0666,2.1,0.0,1.7,0.0
det,86.0666,1236.69,783.39,80.46,197.28,0.91,Body
det,86.0666,1268.36,784.09,21.05,27.71,0.624,Head
err,86.1003,-1.07,-0.68
dbg,86.1003,2.1,0.0,1.7,0.0
det,86.1003,1236.72,783.39,80.39,197.29,0.91,Body
det,86.1003,1268.37,784.09,21.12,27.7,0.621,Head
err,86.1308,-5.2,-0.6
dbg,86.1308,-5.2,0.0,-0.6,0.0
det,86.1308,1232.25,782.58,79.76,198.23,0.913,Body
det,86.1308,1264.54,784.26,20.51,27.52,0.731,Head
err,86.1657,-38.66,5.83
dbg,86.1657,-38.7,0.0,5.8,0.0
det,86.1657,1198.54,790.27,80.08,198.27,0.908,Body
det,86.1657,1230.96,791.64,20.77,25.79,0.746,Head
err,86.2001,-79.49,13.73
dbg,86.2001,-79.5,0.0,13.7,0.0
det,86.2001,1158.12,797.63,81.8,197.14,0.891,Body
det,86.2001,1190.59,798.68,19.83,27.36,0.545,Head
err,86.2326,-122.34,15.34
dbg,86.2326,-122.3,0.0,15.3,0.0
det,86.2326,1115.98,799.47,78.99,197.31,0.902,Body
det,86.2326,1148.05,800.68,19.22,26.65,0.737,Head
err,86.2683,-128.95,16.65
dbg,86.2683,-128.9,0.0,16.6,0.0
det,86.2683,1108.25,800.72,81.45,198.51,0.925,Body
det,86.2683,1141.36,801.72,19.4,27.13,0.631,Head
err,86.3004,-128.9,16.68
dbg,86.3004,-128.9,0.0,16.7,0.0
det,86.3004,1108.23,800.72,81.57,198.54,0.924,Body
det,86.3004,1141.4,801.72,19.41,27.2,0.628,Head
err,86.3335,-128.88,16.65
dbg,86.3335,-128.9,0.0,16.6,0.0
det,86.3335,1108.29,800.73,81.56,198.52,0.924,Body
det,86.3335,1141.43,801.71,19.38,27.16,0.625,Head
err,86.3661,-128.83,16.67
dbg,86.3661,-128.8,0.0,16.7,0.0
det,86.3661,1108.28,800.7,81.57,198.54,0.923,Body
det,86.3661,1141.49,801.68,19.36,27.24,0.62,Head
err,86.4004,-128.77,16.7
dbg,86.4004,-128.8,0.0,16.7,0.0
det,86.4004,1108.22,800.73,81.56,198.53,0.924,Body
det,86.4004,1141.57,801.68,19.32,27.3,0.612,Head
err,86.4349,-128.71,16.74
dbg,86.4349,-128.7,0.0,16.7,0.0
det,86.4349,1108.19,800.75,81.68,198.52,0.923,Body
det,86.4349,1141.63,801.69,19.31,27.35,0.606,Head
err,86.4672,-128.69,16.73
dbg,86.4672,-128.7,0.0,16.7,0.0
det,86.4672,1108.28,800.78,81.63,198.48,0.924,Body
det,86.4672,1141.68,801.71,19.26,27.3,0.603,Head
cmd,86.4672,-126,16
err,86.4996,-128.64,16.76
dbg,86.4996,-128.6,0.0,16.8,0.0
det,86.4996,1108.28,800.78,81.58,198.47,0.923,Body
det,86.4996,1141.75,801.7,19.22,27.38,0.596,Head
err,86.5326,-128.58,16.8
dbg,86.5326,-128.6,0.0,16.8,0.0
det,86.5326,1108.2,800.81,81.62,198.46,0.924,Body
det,86.5326,1141.81,801.7,19.21,27.45,0.588,Head
err,86.5653,-128.53,16.84
dbg,86.5653,-128.5,0.0,16.8,0.0
det,86.5653,1108.18,800.84,81.71,198.44,0.923,Body
det,86.5653,1141.88,801.72,19.19,27.48,0.582,Head
err,86.5999,-128.52,16.83
dbg,86.5999,-128.5,0.0,16.8,0.0
det,86.5999,1108.27,800.87,81.67,198.4,0.923,Body
det,86.5999,1141.91,801.74,19.14,27.44,0.58,Head
err,86.6337,-34.08,5.72
dbg,86.6337,-34.1,0.0,5.7,0.0
det,86.6337,1204.23,789.06,79.84,197.63,0.916,Body
det,86.6337,1235.71,790.77,20.44,27.18,0.692,Head
err,86.6663,-34.04,5.75
dbg,86.6663,-34.0,0.0,5.7,0.0
det,86.6663,1204.06,788.99,80.18,197.64,0.916,Body
det,86.6663,1235.73,790.74,20.46,27.29,0.692,Head
err,86.7021,-33.98,5.78
dbg,86.7021,-34.0,0.0,5.8,0.0
det,86.7021,1204.15,788.97,80.14,197.75,0.916,Body
det,86.7021,1235.83,790.72,20.39,27.38,0.691,Head
err,86.737,-33.91,5.75
dbg,86.737,-33.9,0.0,5.8,0.0
det,86.737,1204.17,788.94,80.12,197.71,0.916,Body
det,86.737,1235.95,790.71,20.29,27.35,0.69,Head
err,86.7709,-33.9,5.77
dbg,86.7709,-33.9,0.0,5.8,0.0
det,86.7709,1204.19,789.01,79.98,197.73,0.916,Body
det,86.7709,1236.0,790.73,20.2,27.34,0.688,Head
err,86.8034,-33.85,5.8
dbg,86.8034,-33.8,0.0,5.8,0.0
det,86.8034,1204.08,788.98,80.14,197.64,0.917,Body
det,86.8034,1236.08,790.73,20.14,27.4,0.687,Head
err,86.8322,-33.77,5.83
dbg,86.8322,-33.8,0.0,5.8,0.0
det,86.8322,1204.13,788.96,80.23,197.77,0.916,Body
det,86.8322,1236.19,790.71,20.08,27.49,0.685,Head
err,86.8669,-33.71,5.81
dbg,86.8669,-33.7,0.0,5.8,0.0
det,86.8669,1204.17,788.95,80.12,197.7,0.916,Body
det,86.8669,1236.29,790.72,19.98,27.44,0.684,Head
err,86.9022,-33.7,5.83
dbg,86.9022,-33.7,0.0,5.8,0.0
det,86.9022,1204.21,789.04,79.95,197.68,0.916,Body
det,86.9022,1236.37,790.75,19.87,27.41,0.68,Head
err,86.9367,-33.65,5.86
dbg,86.9367,-33.7,0.0,5.9,0.0
det,86.9367,1204.09,789.04,80.12,197.59,0.917,Body
det,86.9367,1236.44,790.76,19.81,27.44,0.678,Head
err,86.9708,-33.6,5.88
dbg,86.9708,-33.6,0.0,5.9,0.0
det,86.9708,1204.16,789.03,80.14,197.69,0.916,Body
det,86.9708,1236.51,790.75,19.77,27.51,0.677,Head
cmd,86.9708,-45,8
err,87.0038,-33.57,5.84
dbg,87.0038,-33.6,0.0,5.8,0.0
det,87.0038,1204.17,789.02,80.11,197.63,0.916,Body
det,87.0038,1236.58,790.76,19.72,27.43,0.676,Head
err,87.0366,-33.57,5.86
dbg,87.0366,-33.6,0.0,5.9,0.0
det,87.0366,1204.19,789.11,79.97,197.63,0.916,Body
det,87.0366,1236.61,790.79,19.64,27.41,0.673,Head
err,87.0671,-2.17,2.93
dbg,87.0671,-2.2,0.0,2.9,0.0
det,87.0671,1235.83,783.12,84.01,198.05,0.916,Body
det,87.0671,1270.47,783.31,19.98,28.85,0.482,Head
err,87.0997,-2.1,2.9
dbg,87.0997,-2.1,0.0,2.9,0.0
det,87.0997,1235.91,783.1,83.98,198.0,0.916,Body
det,87.0997,1270.52,783.3,19.91,28.84,0.485,Head
err,87.1325,-2.12,2.92
dbg,87.1325,-2.1,0.0,2.9,0.0
det,87.1325,1235.86,783.11,84.03,198.07,0.916,Body
det,87.1325,1270.53,783.3,19.91,28.83,0.484,Head
err,87.1662,-2.14,2.92
dbg,87.1662,-2.1,0.0,2.9,0.0
det,87.1662,1235.9,783.13,83.93,197.96,0.916,Body
det,87.1662,1270.56,783.28,19.87,28.79,0.483,Head
err,87.1992,-2.15,2.88
dbg,87.1992,-2.2,0.0,2.9,0.0
det,87.1992,1235.8,783.07,84.09,198.13,0.916,Body
det,87.1992,1270.45,783.26,20.01,28.81,0.481,Head
err,87.2322,-2.09,2.87
dbg,87.2322,-2.1,0.0,2.9,0.0
det,87.2322,1235.89,783.07,84.04,198.05,0.916,Body
det,87.2322,1270.48,783.26,19.96,28.82,0.483,Head
err,87.2675,-2.12,2.92
dbg,87.2675,-2.1,0.0,2.9,0.0
det,87.2675,1235.89,783.11,83.98,198.04,0.916,Body
det,87.2675,1270.5,783.29,19.92,28.82,0.479,Head
err,87.3012,-2.14,2.92
dbg,87.3012,-2.1,0.0,2.9,0.0
det,87.3012,1235.92,783.12,83.88,197.95,0.916,Body
det,87.3012,1270.54,783.27,19.89,28.8,0.482,Head
err,87.3348,-2.16,2.89
dbg,87.3348,-2.2,0.0,2.9,0.0
det,87.3348,1235.81,783.08,84.06,198.1,0.916,Body
det,87.3348,1270.44,783.27,20.02,28.82,0.482,Head
err,87.3693,-2.1,2.89
dbg,87.3693,-2.1,0.0,2.9,0.0
det,87.3693,1235.93,783.09,83.94,198.0,0.916,Body
det,87.3693,1270.51,783.27,19.92,28.8,0.481,Head
err,87.4019,13.83,-0.37
dbg,87.4019,13.8,0.0,-0.4,0.0
det,87.4019,1251.43,783.29,81.98,197.0,0.895,Body
det,87.4019,1282.97,784.67,21.71,27.18,0.695,Head
err,87.4324,58.41,3.79
dbg,87.4324,58.4,0.0,3.8,0.0
det,87.4324,1296.17,787.77,80.03,199.7,0.921,Body
det,87.4324,1329.43,788.88,17.97,27.11,0.75,Head
err,87.4659,98.47,4.12
dbg,87.4659,98.5,0.0,4.1,0.0
det,87.4659,1336.51,786.65,79.96,198.91,0.923,Body
det,87.4659,1369.27,788.41,18.4,28.57,0.755,Head
err,87.4995,122.09,4.83
dbg,87.4995,122.1,0.0,4.8,0.0
det,87.4995,1359.74,789.2,79.79,200.01,0.91,Body
det,87.4995,1392.81,790.66,18.55,25.76,0.765,Head
cmd,87.4995,127,5
err,87.5335,123.01,4.91
dbg,87.5335,123.0,0.0,4.9,0.0
det,87.5335,1361.08,789.37,78.09,199.44,0.911,Body
det,87.5335,1393.7,790.89,18.63,25.48,0.756,Head
err,87.5678,123.01,4.9
dbg,87.5678,123.0,0.0,4.9,0.0
det,87.5678,1361.07,789.36,78.25,199.33,0.911,Body
det,87.5678,1393.7,790.87,18.62,25.5,0.756,Head
err,87.5998,27.8,0.68
dbg,87.5998,27.8,0.0,0.7,0.0
det,87.5998,1263.91,784.23,79.85,196.62,0.922,Body
det,87.5998,1298.52,785.63,18.55,27.36,0.736,Head
err,87.633,27.81,0.7
dbg,87.633,27.8,0.0,0.7,0.0
det,87.633,1263.88,784.23,79.93,196.54,0.922,Body
det,87.633,1298.49,785.66,18.65,27.35,0.735,Head
err,87.6665,27.8,0.62
dbg,87.6665,27.8,0.0,0.6,0.0
det,87.6665,1263.89,784.21,79.8,196.46,0.922,Body
det,87.6665,1298.51,785.6,18.58,27.32,0.736,Head
err,87.7017,27.85,0.66
dbg,87.7017,27.9,0.0,0.7,0.0
det,87.7017,1263.82,784.28,79.91,196.4,0.923,Body
det,87.7017,1298.59,785.65,18.52,27.31,0.734,Head
err,87.7372,27.81,0.67
dbg,87.7372,27.8,0.0,0.7,0.0
det,87.7372,1263.91,784.26,79.82,196.52,0.923,Body
det,87.7372,1298.54,785.64,18.53,27.34,0.736,Head
err,87.7696,27.82,0.69
dbg,87.7696,27.8,0.0,0.7,0.0
det,87.7696,1263.94,784.29,79.81,196.43,0.923,Body
det,87.7696,1298.55,785.67,18.54,27.31,0.735,Head
err,87.8029,27.8,0.62
dbg,87.8029,27.8,0.0,0.6,0.0
det,87.8029,1263.91,784.23,79.77,196.43,0.923,Body
det,87.8029,1298.52,785.6,18.56,27.31,0.736,Head
err,87.8351,27.85,0.66
dbg,87.8351,27.9,0.0,0.7,0.0
det,87.8351,1263.83,784.28,79.89,196.4,0.923,Body
det,87.8351,1298.59,785.64,18.53,27.31,0.734,Head
err,87.8684,27.81,0.67
dbg,87.8684,27.8,0.0,0.7,0.0
det,87.8684,1263.92,784.26,79.8,196.52,0.923,Body
det,87.8684,1298.55,785.64,18.52,27.34,0.736,Head
err,87.9003,27.82,0.69
dbg,87.9003,27.8,0.0,0.7,0.0
det,87.9003,1263.92,784.27,79.85,196.47,0.922,Body
det,87.9003,1298.53,785.67,18.59,27.32,0.735,Head
err,87.9337,27.79,0.63
dbg,87.9337,27.8,0.0,0.6,0.0
det,87.9337,1263.84,784.18,79.89,196.51,0.922,Body
det,87.9337,1298.46,785.58,18.67,27.35,0.736,Head
err,87.9663,27.84,0.66
dbg,87.9663,27.8,0.0,0.7,0.0
det,87.9663,1263.76,784.23,80.01,196.47,0.922,Body
det,87.9663,1298.53,785.62,18.64,27.35,0.735,Head
err,87.9991,27.8,0.68
dbg,87.9991,27.8,0.0,0.7,0.0
det,87.9991,1263.84,784.2,79.94,196.62,0.922,Body
det,87.9991,1298.46,785.61,18.68,27.39,0.736,Head
err,88.0333,27.81,0.69
dbg,88.0333,27.8,0.0,0.7,0.0
det,88.0333,1263.91,784.26,79.87,196.47,0.922,Body
det,88.0333,1298.5,785.66,18.63,27.33,0.735,Head
cmd,88.0333,37,1
err,88.0682,27.79,0.62
dbg,88.0682,27.8,0.0,0.6,0.0
det,88.0682,1263.85,784.16,79.9,196.54,0.922,Body
det,88.0682,1298.43,785.57,18.72,27.36,0.736,Head
err,88.1002,27.84,0.66
dbg,88.1002,27.8,0.0,0.7,0.0
det,88.1002,1263.75,784.19,80.06,196.52,0.922,Body
det,88.1002,1298.48,785.61,18.72,27.38,0.735,Head
err,88.1372,27.8,0.68
dbg,88.1372,27.8,0.0,0.7,0.0
det,88.1372,1263.81,784.16,80.02,196.68,0.921,Body
det,88.1372,1298.42,785.6,18.76,27.41,0.736,Head
err,88.1733,-0.43,-0.54
dbg,88.1733,27.8,0.0,0.7,0.0
det,88.1733,1236.86,783.66,80.09,196.94,0.911,Body
det,88.1733,1269.42,783.93,20.3,28.23,0.566,Head
err,88.2154,-0.43,-0.53
dbg,88.2154,27.8,0.0,0.7,0.0
det,88.2154,1236.87,783.62,80.07,196.98,0.911,Body
det,88.2154,1269.42,783.91,20.31,28.3,0.568,Head
err,88.2522,-0.38,-0.54
dbg,88.2522,27.8,0.0,0.7,0.0
det,88.2522,1236.84,783.6,80.14,197.03,0.911,Body
det,88.2522,1269.4,783.9,20.45,28.28,0.568,Head
err,88.2854,-0.41,-0.52
dbg,88.2854,27.8,0.0,0.7,0.0
det,88.2854,1236.84,783.6,80.27,197.01,0.911,Body
det,88.2854,1269.38,783.91,20.42,28.31,0.568,Head
err,88.3178,-0.38,-0.52
dbg,88.3178,27.8,0.0,0.7,0.0
det,88.3178,1236.85,783.61,80.18,196.99,0.911,Body
det,88.3178,1269.39,783.9,20.46,28.32,0.567,Head
err,88.3497,-0.4,-0.52
dbg,88.3497,27.8,0.0,0.7,0.0
det,88.3497,1236.71,783.63,80.35,196.92,0.911,Body
det,88.3497,1269.4,783.91,20.4,28.3,0.568,Head
err,88.3832,-0.38,-0.49
dbg,88.3832,27.8,0.0,0.7,0.0
det,88.3832,1236.78,783.61,80.24,196.91,0.911,Body
det,88.3832,1269.38,783.92,20.47,28.34,0.569,Head
err,88.4166,-0.41,-0.53
dbg,88.4166,27.8,0.0,0.7,0.0
det,88.4166,1236.8,783.58,80.38,197.03,0.911,Body
det,88.4166,1269.37,783.9,20.45,28.31,0.569,Head
err,88.4494,-0.38,-0.53
dbg,88.4494,27.8,0.0,0.7,0.0
det,88.4494,1236.78,783.59,80.35,197.02,0.91,Body
det,88.4494,1269.37,783.89,20.5,28.33,0.569,Head
err,88.4834,1.06,0.48
dbg,88.4834,27.8,0.0,0.7,0.0
det,88.4834,1236.84,783.54,81.89,197.28,0.908,Body
det,88.4834,1270.62,783.97,20.88,30.02,0.602,Head
err,88.5166,24.1,0.17
dbg,88.5166,24.1,0.0,0.2,0.0
det,88.5166,1261.77,783.02,79.38,197.04,0.912,Body
det,88.5166,1294.27,784.72,19.66,28.09,0.765,Head
err,88.5512,88.03,2.12
dbg,88.5512,88.0,0.0,2.1,0.0
det,88.5512,1326.12,785.36,80.95,196.67,0.914,Body
det,88.5512,1359.07,787.46,17.92,26.66,0.747,Head
cmd,88.5512,118,3
err,88.5833,152.45,1.44
dbg,88.5833,152.4,0.0,1.4,0.0
det,88.5833,1389.67,786.26,81.61,204.71,0.894,Body
det,88.5833,1423.43,786.87,18.04,26.48,0.746,Head
err,88.8192,80.94,-0.74
dbg,88.8192,80.9,0.0,-0.7,0.0
det,88.8192,1317.75,782.62,80.26,196.41,0.901,Body
det,88.8192,1351.89,783.71,18.09,28.26,0.611,Head
err,88.8495,80.95,-0.71
dbg,88.8495,81.0,0.0,-0.7,0.0
det,88.8495,1317.61,782.63,80.42,196.52,0.901,Body
det,88.8495,1351.89,783.73,18.13,28.29,0.617,Head
err,88.8832,80.94,-0.71
dbg,88.8832,80.9,0.0,-0.7,0.0
det,88.8832,1317.55,782.64,80.46,196.55,0.901,Body
det,88.8832,1351.87,783.73,18.15,28.29,0.617,Head
err,88.917,80.95,-0.74
dbg,88.917,80.9,0.0,-0.7,0.0
det,88.917,1317.64,782.62,80.33,196.49,0.901,Body
det,88.917,1351.88,783.71,18.14,28.28,0.615,Head
err,88.9519,80.93,-0.75
dbg,88.9519,80.9,0.0,-0.7,0.0
det,88.9519,1317.73,782.62,80.11,196.4,0.901,Body
det,88.9519,1351.87,783.7,18.13,28.28,0.614,Head
err,88.9833,80.95,-0.71
dbg,88.9833,81.0,0.0,-0.7,0.0
det,88.9833,1317.64,782.64,80.24,196.45,0.901,Body
det,88.9833,1351.89,783.72,18.13,28.3,0.618,Head
err,89.0163,80.94,-0.71
dbg,89.0163,80.9,0.0,-0.7,0.0
det,89.0163,1317.59,782.66,80.4,196.52,0.902,Body
det,89.0163,1351.88,783.73,18.13,28.29,0.616,Head
err,89.0498,80.95,-0.74
dbg,89.0498,80.9,0.0,-0.7,0.0
det,89.0498,1317.67,782.62,80.31,196.48,0.901,Body
det,89.0498,1351.88,783.7,18.13,28.29,0.615,Head
err,89.0834,80.93,-0.74
dbg,89.0834,80.9,0.0,-0.7,0.0
det,89.0834,1317.74,782.62,80.09,196.42,0.901,Body
det,89.0834,1351.87,783.69,18.13,28.29,0.614,Head
cmd,89.0834,108,-1
err,89.1179,80.95,-0.71
dbg,89.1179,81.0,0.0,-0.7,0.0
det,89.1179,1317.63,782.64,80.26,196.47,0.901,Body
det,89.1179,1351.88,783.72,18.13,28.31,0.618,Head
err,89.1516,80.95,-0.72
dbg,89.1516,80.9,0.0,-0.7,0.0
det,89.1516,1317.58,782.65,80.42,196.52,0.902,Body
det,89.1516,1351.89,783.73,18.12,28.28,0.616,Head
err,89.1845,80.95,-0.73
dbg,89.1845,81.0,0.0,-0.7,0.0
det,89.1845,1317.67,782.63,80.31,196.47,0.901,Body
det,89.1845,1351.89,783.71,18.13,28.28,0.615,Head
err,89.2174,80.93,-0.74
dbg,89.2174,80.9,0.0,-0.7,0.0
det,89.2174,1317.74,782.63,80.13,196.41,0.901,Body
det,89.2174,1351.87,783.7,18.13,28.28,0.614,Head
err,89.2512,-2.2,2.97
dbg,89.2512,-2.2,0.0,3.0,0.0
det,89.2512,1235.87,783.18,83.86,197.97,0.917,Body
det,89.2512,1270.64,783.35,19.69,28.69,0.469,Head
err,89.2848,-2.2,2.93
dbg,89.2848,-2.2,0.0,2.9,0.0
det,89.2848,1235.8,783.14,84.0,197.97,0.916,Body
det,89.2848,1270.6,783.31,19.78,28.74,0.477,Head
err,89.3183,-2.12,2.9
dbg,89.3183,-2.1,0.0,2.9,0.0
det,89.3183,1235.88,783.09,84.0,198.04,0.916,Body
det,89.3183,1270.54,783.28,19.89,28.81,0.486,Head
err,89.3525,-2.12,2.88
dbg,89.3525,-2.1,0.0,2.9,0.0
det,89.3525,1235.8,783.07,84.15,198.11,0.916,Body
det,89.3525,1270.48,783.26,19.94,28.88,0.481,Head
err,89.3861,-2.13,2.84
dbg,89.3861,-2.1,0.0,2.8,0.0
det,89.3861,1235.67,783.01,84.4,198.28,0.916,Body
det,89.3861,1270.44,783.23,20.04,28.82,0.488,Head
err,89.4168,-2.16,2.85
dbg,89.4168,-2.2,0.0,2.8,0.0
det,89.4168,1235.63,783.03,84.42,198.19,0.916,Body
det,89.4168,1270.44,783.23,20.07,28.84,0.492,Head
err,89.4495,-2.11,2.86
dbg,89.4495,-2.1,0.0,2.9,0.0
det,89.4495,1235.82,783.05,84.14,198.12,0.915,Body
det,89.4495,1270.47,783.25,20.0,28.84,0.493,Head
err,89.4832,-2.11,2.85
dbg,89.4832,-2.1,0.0,2.9,0.0
det,89.4832,1235.8,783.04,84.17,198.17,0.915,Body
det,89.4832,1270.45,783.24,19.98,28.89,0.483,Head
err,89.517,-2.12,2.83
dbg,89.517,-2.1,0.0,2.8,0.0
det,89.517,1235.67,783.0,84.41,198.31,0.916,Body
det,89.517,1270.43,783.23,20.05,28.82,0.489,Head
err,89.55,-2.15,2.84
dbg,89.55,-2.1,0.0,2.8,0.0
det,89.55,1235.64,783.02,84.42,198.21,0.916,Body
det,89.55,1270.44,783.23,20.07,28.84,0.493,Head
err,89.583,-2.11,2.86
dbg,89.583,-2.1,0.0,2.9,0.0
det,89.583,1235.86,783.05,84.07,198.12,0.915,Body
det,89.583,1270.48,783.25,19.99,28.84,0.493,Head
err,89.616,-2.13,2.89
dbg,89.616,-2.1,0.0,2.9,0.0
det,89.616,1235.86,783.08,84.03,198.09,0.916,Body
det,89.616,1270.49,783.26,19.93,28.87,0.481,Head
cmd,89.616,-3,4
err,89.6498,-2.14,2.87
dbg,89.6498,-2.1,0.0,2.9,0.0
det,89.6498,1235.75,783.05,84.24,198.21,0.916,Body
det,89.6498,1270.48,783.25,19.97,28.79,0.485,Head
err,89.6832,-2.17,2.91
dbg,89.6832,-2.2,0.0,2.9,0.0
det,89.6832,1235.76,783.11,84.14,198.03,0.916,Body
det,89.6832,1270.52,783.28,19.93,28.79,0.486,Head
err,89.7183,12.22,-9.96
dbg,89.7183,12.2,0.0,-10.0,0.0
det,89.7183,1249.58,775.04,79.52,196.2,0.905,Body
det,89.7183,1282.54,775.77,19.36,25.93,0.718,Head
err,89.7512,62.6,-38.9
dbg,89.7512,62.6,0.0,-38.9,0.0
det,89.7512,1300.71,746.12,77.18,196.95,0.92,Body
det,89.7512,1333.58,746.01,18.05,27.43,0.668,Head
err,89.7841,136.8,-80.14
dbg,89.7841,136.8,0.0,-80.1,0.0
det,89.7841,1377.57,700.33,78.47,195.27,0.906,Body
det,89.7841,1413.01,700.12,18.35,26.06,0.689,Head
err,91.1513,105.86,-97.39
dbg,91.1513,105.9,0.0,-97.4,0.0
det,91.1513,1338.59,686.74,83.71,197.03,0.91,Body
det,91.1513,1376.43,687.48,18.87,27.53,0.735,Head
cmd,91.1513,93,-86
err,91.1842,48.81,-90.57
dbg,91.1842,48.8,0.0,-90.6,0.0
det,91.1842,1285.07,693.3,81.1,195.31,0.884,Body
det,91.1842,1319.56,694.17,18.51,27.76,0.68,Head
err,91.2174,38.44,-89.5
dbg,91.2174,38.4,0.0,-89.5,0.0
det,91.2174,1275.35,692.94,78.19,195.39,0.906,Body
det,91.2174,1309.27,695.27,18.35,27.69,0.779,Head
err,91.2504,38.46,-89.54
dbg,91.2504,38.5,0.0,-89.5,0.0
det,91.2504,1275.42,692.96,78.09,195.31,0.906,Body
det,91.2504,1309.32,695.29,18.27,27.58,0.778,Head
err,91.284,38.46,-89.54
dbg,91.284,38.5,0.0,-89.5,0.0
det,91.284,1275.35,692.85,78.22,195.53,0.906,Body
det,91.284,1309.25,695.22,18.42,27.72,0.778,Head
err,91.3167,38.46,-89.5
dbg,91.3167,38.5,0.0,-89.5,0.0
det,91.3167,1275.3,692.94,78.23,195.4,0.906,Body
det,91.3167,1309.3,695.28,18.31,27.67,0.779,Head
err,91.3524,-32.51,-26.09
dbg,91.3524,-32.5,0.0,-26.1,0.0
det,91.3524,1206.35,757.12,79.83,197.25,0.914,Body
det,91.3524,1238.1,758.74,18.77,27.58,0.616,Head
err,91.3852,-32.51,-26.12
dbg,91.3852,-32.5,0.0,-26.1,0.0
det,91.3852,1206.28,757.12,79.79,197.21,0.914,Body
det,91.3852,1238.11,758.72,18.77,27.56,0.616,Head
err,91.4178,-32.53,-26.12
dbg,91.4178,-32.5,0.0,-26.1,0.0
det,91.4178,1206.13,757.06,80.06,197.32,0.914,Body
det,91.4178,1238.08,758.71,18.77,27.57,0.619,Head
err,91.4521,-32.52,-26.11
dbg,91.4521,-32.5,0.0,-26.1,0.0
det,91.4521,1206.3,757.1,79.72,197.16,0.914,Body
det,91.4521,1238.1,758.73,18.76,27.56,0.618,Head
err,91.4844,-32.51,-26.08
dbg,91.4844,-32.5,0.0,-26.1,0.0
det,91.4844,1206.37,757.11,79.77,197.2,0.914,Body
det,91.4844,1238.1,758.74,18.78,27.6,0.616,Head
err,91.5198,-32.5,-26.11
dbg,91.5198,-32.5,0.0,-26.1,0.0
det,91.5198,1206.27,757.11,79.8,197.22,0.914,Body
det,91.5198,1238.11,758.72,18.77,27.58,0.616,Head
err,91.5539,-32.53,-26.12
dbg,91.5539,-32.5,0.0,-26.1,0.0
det,91.5539,1206.14,757.07,80.04,197.32,0.914,Body
det,91.5539,1238.09,758.72,18.76,27.57,0.619,Head
err,91.5872,-32.52,-26.11
dbg,91.5872,-32.5,0.0,-26.1,0.0
det,91.5872,1206.32,757.1,79.7,197.17,0.914,Body
det,91.5872,1238.11,758.74,18.75,27.55,0.618,Head
err,91.6216,-32.51,-26.09
dbg,91.6216,-32.5,0.0,-26.1,0.0
det,91.6216,1206.39,757.11,79.73,197.22,0.914,Body
det,91.6216,1238.1,758.74,18.77,27.58,0.616,Head
err,91.6514,-32.51,-26.12
dbg,91.6514,-32.5,0.0,-26.1,0.0
det,91.6514,1206.3,757.1,79.75,197.22,0.914,Body
det,91.6514,1238.11,758.72,18.78,27.58,0.616,Head
cmd,91.6514,-44,-35
err,91.6845,-32.53,-26.12
dbg,91.6845,-32.5,0.0,-26.1,0.0
det,91.6845,1206.16,757.07,79.99,197.32,0.914,Body
det,91.6845,1238.09,758.72,18.76,27.56,0.619,Head
err,91.7176,-32.52,-26.11
dbg,91.7176,-32.5,0.0,-26.1,0.0
det,91.7176,1206.32,757.1,79.71,197.19,0.914,Body
det,91.7176,1238.1,758.73,18.76,27.55,0.618,Head
err,91.7529,1.41,0.35
dbg,91.7529,-32.5,0.0,-26.1,0.0
det,91.7529,1237.52,783.72,82.56,197.39,0.914,Body
det,91.7529,1271.46,784.13,19.91,29.48,0.615,Head
err,91.7859,1.44,0.3
dbg,91.7859,-32.5,0.0,-26.1,0.0
det,91.7859,1237.57,783.77,82.4,197.4,0.915,Body
det,91.7859,1271.56,784.18,19.76,29.31,0.608,Head
err,91.8192,1.43,0.33
dbg,91.8192,-32.5,0.0,-26.1,0.0
det,91.8192,1237.5,783.79,82.41,197.37,0.915,Body
det,91.8192,1271.57,784.18,19.73,29.36,0.608,Head
err,91.8528,1.44,0.35
dbg,91.8528,-32.5,0.0,-26.1,0.0
det,91.8528,1237.71,783.78,82.21,197.34,0.914,Body
det,91.8528,1271.56,784.19,19.76,29.38,0.612,Head
err,91.8854,1.41,0.36
dbg,91.8854,-32.5,0.0,-26.1,0.0
det,91.8854,1237.58,783.78,82.38,197.33,0.915,Body
det,91.8854,1271.52,784.17,19.77,29.44,0.612,Head
err,91.9175,1.44,0.29
dbg,91.9175,-32.5,0.0,-26.1,0.0
det,91.9175,1237.52,783.72,82.51,197.49,0.914,Body
det,91.9175,1271.52,784.14,19.85,29.36,0.611,Head
err,91.9507,1.44,0.32
dbg,91.9507,-32.5,0.0,-26.1,0.0
det,91.9507,1237.45,783.75,82.56,197.45,0.914,Body
det,91.9507,1271.51,784.15,19.86,29.41,0.612,Head
err,91.9837,1.44,0.33
dbg,91.9837,-32.5,0.0,-26.1,0.0
det,91.9837,1237.64,783.74,82.39,197.39,0.914,Body
det,91.9837,1271.5,784.15,19.89,29.43,0.616,Head
err,92.018,1.42,0.35
dbg,92.018,-32.5,0.0,-26.1,0.0
det,92.018,1237.55,783.73,82.49,197.39,0.914,Body
det,92.018,1271.47,784.13,19.88,29.48,0.615,Head
err,92.0519,1.44,0.28
dbg,92.0519,-32.5,0.0,-26.1,0.0
det,92.0519,1237.49,783.68,82.61,197.54,0.914,Body
det,92.0519,1271.47,784.11,19.95,29.39,0.613,Head
err,92.0848,1.44,0.3
dbg,92.0848,-32.5,0.0,-26.1,0.0
det,92.0848,1237.39,783.69,82.74,197.54,0.914,Body
det,92.0848,1271.44,784.1,19.99,29.45,0.615,Head
err,92.1197,1.44,0.31
dbg,92.1197,-32.5,0.0,-26.1,0.0
det,92.1197,1237.57,783.66,82.6,197.52,0.914,Body
det,92.1197,1271.41,784.1,20.06,29.48,0.62,Head
err,92.1528,1.41,0.33
dbg,92.1528,-32.5,0.0,-26.1,0.0
det,92.1528,1237.49,783.68,82.66,197.47,0.914,Body
det,92.1528,1271.41,784.1,20.02,29.52,0.618,Head
err,92.1867,1.44,0.27
dbg,92.1867,-32.5,0.0,-26.1,0.0
det,92.1867,1237.51,783.69,82.61,197.53,0.914,Body
det,92.1867,1271.46,784.11,19.97,29.38,0.613,Head
err,92.2196,-13.92,2.27
dbg,92.2196,-13.9,0.0,2.3,0.0
det,92.2196,1221.96,784.27,82.98,196.47,0.926,Body
det,92.2196,1255.35,785.25,21.46,30.96,0.72,Head
cmd,92.2196,-19,3
err,92.2525,-33.52,1.47
dbg,92.2525,-33.5,0.0,1.5,0.0
det,92.2525,1203.24,785.14,82.1,195.79,0.922,Body
det,92.2525,1236.84,786.27,19.27,27.63,0.67,Head
err,92.2844,-39.25,0.37
dbg,92.2844,-39.3,0.0,0.4,0.0
det,92.2844,1197.19,782.85,82.53,198.95,0.905,Body
det,92.2844,1230.61,784.65,20.27,28.57,0.753,Head
err,92.3175,-47.12,-10.42
dbg,92.3175,-47.1,0.0,-10.4,0.0
det,92.3175,1189.12,771.91,84.09,197.31,0.894,Body
det,92.3175,1223.26,773.83,19.23,28.63,0.697,Head
err,92.3504,-62.69,-13.99
dbg,92.3504,-62.7,0.0,-14.0,0.0
det,92.3504,1175.99,769.42,79.84,196.66,0.907,Body
det,92.3504,1207.73,770.58,19.17,28.06,0.689,Head
err,92.3846,-62.37,-14.2
dbg,92.3846,-62.4,0.0,-14.2,0.0
det,92.3846,1176.06,769.34,79.72,196.75,0.906,Body
det,92.3846,1208.32,769.81,18.63,29.08,0.688,Head
err,92.4174,-62.37,-14.18
dbg,92.4174,-62.4,0.0,-14.2,0.0
det,92.4174,1176.1,769.4,79.61,196.65,0.907,Body
det,92.4174,1208.41,769.84,18.45,29.06,0.685,Head
err,92.4506,-62.68,-14.01
dbg,92.4506,-62.7,0.0,-14.0,0.0
det,92.4506,1176.03,769.39,79.73,196.67,0.907,Body
det,92.4506,1207.78,770.56,19.08,28.05,0.688,Head
err,92.4836,-62.69,-13.99
dbg,92.4836,-62.7,0.0,-14.0,0.0
det,92.4836,1176.0,769.42,79.8,196.65,0.907,Body
det,92.4836,1207.75,770.59,19.13,28.04,0.689,Head
err,92.52,-62.37,-14.19
dbg,92.52,-62.4,0.0,-14.2,0.0
det,92.52,1176.05,769.34,79.71,196.74,0.906,Body
det,92.52,1208.32,769.81,18.62,29.08,0.688,Head
err,92.5524,-62.71,-14.0
dbg,92.5524,-62.7,0.0,-14.0,0.0
det,92.5524,1176.06,769.39,79.67,196.69,0.907,Body
det,92.5524,1207.74,770.55,19.11,28.09,0.686,Head
err,92.5857,-62.69,-14.02
dbg,92.5857,-62.7,0.0,-14.0,0.0
det,92.5857,1176.01,769.39,79.77,196.68,0.907,Body
det,92.5857,1207.77,770.56,19.09,28.04,0.688,Head
err,92.6195,-62.69,-14.0
dbg,92.6195,-62.7,0.0,-14.0,0.0
det,92.6195,1176.01,769.44,79.77,196.63,0.907,Body
det,92.6195,1207.76,770.6,19.1,28.0,0.688,Head
err,92.6526,-62.37,-14.19
dbg,92.6526,-62.4,0.0,-14.2,0.0
det,92.6526,1176.07,769.36,79.69,196.73,0.906,Body
det,92.6526,1208.34,769.83,18.58,29.05,0.687,Head
err,92.6842,-62.71,-14.0
dbg,92.6842,-62.7,0.0,-14.0,0.0
det,92.6842,1176.07,769.4,79.65,196.67,0.907,Body
det,92.6842,1207.77,770.57,19.05,28.04,0.685,Head
err,92.7184,-62.69,-14.03
dbg,92.7184,-62.7,0.0,-14.0,0.0
det,92.7184,1176.02,769.4,79.75,196.67,0.907,Body
det,92.7184,1207.79,770.57,19.06,28.0,0.687,Head
err,92.7483,-62.71,-14.03
dbg,92.7483,-62.7,0.0,-14.0,0.0
det,92.7483,1176.06,769.43,79.48,196.6,0.907,Body
det,92.7483,1207.78,770.6,19.01,27.95,0.685,Head
cmd,92.7483,-84,-19
err,92.7838,-62.37,-14.19
dbg,92.7838,-62.4,0.0,-14.2,0.0
det,92.7838,1176.08,769.36,79.64,196.71,0.906,Body
det,92.7838,1208.36,769.83,18.55,29.05,0.687,Head
err,92.8184,-62.71,-14.01
dbg,92.8184,-62.7,0.0,-14.0,0.0
det,92.8184,1176.08,769.4,79.64,196.66,0.907,Body
det,92.8184,1207.77,770.57,19.05,28.04,0.685,Head
err,92.8507,1.07,0.51
dbg,92.8507,-62.7,0.0,-14.0,0.0
det,92.8507,1237.22,783.72,81.15,197.11,0.909,Body
det,92.8507,1270.81,784.1,20.53,29.85,0.595,Head
err,92.8839,1.05,0.51
dbg,92.8839,-62.7,0.0,-14.0,0.0
det,92.8839,1237.05,783.67,81.41,197.13,0.909,Body
det,92.8839,1270.74,784.04,20.63,29.96,0.596,Head
err,92.9179,1.06,0.51
dbg,92.9179,-62.7,0.0,-14.0,0.0
det,92.9179,1237.26,783.65,81.18,197.09,0.909,Body
det,92.9179,1270.72,784.04,20.67,29.96,0.599,Head
err,92.9514,1.07,0.53
dbg,92.9514,-62.7,0.0,-14.0,0.0
det,92.9514,1237.14,783.6,81.37,197.11,0.908,Body
det,92.9514,1270.67,784.02,20.8,30.01,0.603,Head
err,92.9838,1.08,0.48
dbg,92.9838,-62.7,0.0,-14.0,0.0
det,92.9838,1237.07,783.58,81.54,197.32,0.909,Body
det,92.9838,1270.67,784.01,20.82,29.95,0.603,Head
err,93.019,1.05,0.5
dbg,93.019,-62.7,0.0,-14.0,0.0
det,93.019,1237.0,783.63,81.53,197.19,0.909,Body
det,93.019,1270.71,784.02,20.68,29.97,0.597,Head
err,93.0536,1.06,0.51
dbg,93.0536,-62.7,0.0,-14.0,0.0
det,93.0536,1237.24,783.63,81.23,197.13,0.909,Body
det,93.0536,1270.71,784.03,20.7,29.97,0.6,Head
err,93.0874,1.06,0.54
dbg,93.0874,-62.7,0.0,-14.0,0.0
det,93.0874,1237.17,783.64,81.26,197.05,0.908,Body
det,93.0874,1270.72,784.06,20.68,29.97,0.6,Head
err,93.1196,1.07,0.5
dbg,93.1196,-62.7,0.0,-14.0,0.0
det,93.1196,1237.14,783.66,81.33,197.19,0.909,Body
det,93.1196,1270.76,784.06,20.61,29.88,0.597,Head
err,93.1536,1.05,0.51
dbg,93.1536,-62.7,0.0,-14.0,0.0
det,93.1536,1237.03,783.67,81.44,197.15,0.909,Body
det,93.1536,1270.75,784.04,20.6,29.93,0.594,Head
err,93.1846,1.05,0.52
dbg,93.1846,-62.7,0.0,-14.0,0.0
det,93.1846,1237.28,783.69,81.09,197.05,0.909,Body
det,93.1846,1270.76,784.06,20.58,29.93,0.597,Head
err,93.2179,1.06,0.55
dbg,93.2179,-62.7,0.0,-14.0,0.0
det,93.2179,1237.21,783.68,81.15,196.99,0.909,Body
det,93.2179,1270.77,784.08,20.59,29.95,0.598,Head
err,93.2515,1.07,0.51
dbg,93.2515,-62.7,0.0,-14.0,0.0
det,93.2515,1237.18,783.7,81.21,197.14,0.909,Body
det,93.2515,1270.8,784.08,20.54,29.86,0.595,Head
err,93.284,1.05,0.51
dbg,93.284,-62.7,0.0,-14.0,0.0
det,93.284,1237.05,783.68,81.4,197.12,0.91,Body
det,93.284,1270.76,784.05,20.58,29.93,0.594,Head
err,93.3172,1.05,0.53
dbg,93.3172,-62.7,0.0,-14.0,0.0
det,93.3172,1237.33,783.72,80.98,196.98,0.909,Body
det,93.3172,1270.8,784.09,20.49,29.9,0.594,Head
err,93.3506,-4.84,-1.18
dbg,93.3506,-4.8,0.0,-1.2,0.0
det,93.3506,1230.76,782.88,80.86,197.33,0.911,Body
det,93.3506,1266.19,784.05,17.96,26.86,0.724,Head
cmd,93.3506,-6,-2
err,93.3838,-54.51,-10.39
dbg,93.3838,-54.5,0.0,-10.4,0.0
det,93.3838,1182.36,773.4,81.25,197.56,0.905,Body
det,93.3838,1216.17,774.74,18.66,27.03,0.754,Head
err,93.4157,-125.25,-29.59
dbg,93.4157,-125.2,0.0,-29.6,0.0
det,93.4157,1111.92,754.06,81.43,195.65,0.917,Body
det,93.4157,1145.87,754.62,17.77,28.72,0.755,Head
err,93.4573,-150.17,-38.32
dbg,93.4573,-150.2,0.0,-38.3,0.0
det,93.4573,1081.35,745.75,88.17,200.14,0.907,Body
det,93.4573,1119.51,745.19,20.64,29.98,0.725,Head
err,94.6941,-154.46,-41.04
dbg,94.6941,-154.5,0.0,-41.0,0.0
det,94.6941,1083.17,741.04,82.89,199.68,0.896,Body
det,94.6941,1115.52,743.0,20.04,29.01,0.762,Head
cmd,94.6941,-123,-33
err,94.7269,-137.73,-41.41
dbg,94.7269,-137.7,0.0,-41.4,0.0
det,94.7269,1101.76,741.5,78.62,196.69,0.9,Body
det,94.7269,1132.82,743.33,18.9,27.75,0.776,Head
err,94.7592,-129.93,-42.16
dbg,94.7592,-129.9,0.0,-42.2,0.0
det,94.7592,1108.46,741.37,79.57,198.65,0.926,Body
det,94.7592,1140.87,742.89,18.4,27.19,0.695,Head
err,94.7924,-35.01,-17.82
dbg,94.7924,-35.0,0.0,-17.8,0.0
det,94.7924,1201.62,767.06,79.04,193.05,0.921,Body
det,94.7924,1236.29,767.75,17.39,26.24,0.718,Head
err,94.8267,-34.09,-17.55
dbg,94.8267,-34.1,0.0,-17.6,0.0
det,94.8267,1202.1,767.09,79.56,193.56,0.928,Body
det,94.8267,1237.03,767.76,17.77,26.7,0.694,Head
err,94.8596,-34.09,-17.56
dbg,94.8596,-34.1,0.0,-17.6,0.0
det,94.8596,1202.03,767.07,79.64,193.66,0.928,Body
det,94.8596,1237.01,767.74,17.8,26.72,0.695,Head
err,94.8939,-34.07,-17.54
dbg,94.8939,-34.1,0.0,-17.5,0.0
det,94.8939,1202.1,767.09,79.61,193.63,0.927,Body
det,94.8939,1237.04,767.77,17.77,26.71,0.694,Head
err,94.9268,-34.1,-17.57
dbg,94.9268,-34.1,0.0,-17.6,0.0
det,94.9268,1202.06,767.08,79.63,193.66,0.928,Body
det,94.9268,1237.01,767.75,17.78,26.69,0.696,Head
err,94.9629,-34.09,-17.55
dbg,94.9629,-34.1,0.0,-17.5,0.0
det,94.9629,1202.08,767.09,79.61,193.59,0.928,Body
det,94.9629,1237.03,767.76,17.76,26.71,0.694,Head
err,94.995,-34.09,-17.56
dbg,94.995,-34.1,0.0,-17.6,0.0
det,94.995,1202.03,767.07,79.67,193.66,0.928,Body
det,94.995,1237.01,767.74,17.8,26.72,0.695,Head
err,95.0276,-34.07,-17.54
dbg,95.0276,-34.1,0.0,-17.5,0.0
det,95.0276,1202.1,767.09,79.62,193.64,0.927,Body
det,95.0276,1237.03,767.77,17.79,26.71,0.694,Head
err,95.06,-34.11,-17.57
dbg,95.06,-34.1,0.0,-17.6,0.0
det,95.06,1202.06,767.08,79.65,193.69,0.928,Body
det,95.06,1237.0,767.76,17.78,26.68,0.696,Head
err,95.0954,-34.09,-17.55
dbg,95.0954,-34.1,0.0,-17.5,0.0
det,95.0954,1202.11,767.09,79.56,193.58,0.928,Body
det,95.0954,1237.03,767.76,17.77,26.71,0.694,Head
err,95.1289,-34.09,-17.56
dbg,95.1289,-34.1,0.0,-17.6,0.0
det,95.1289,1202.04,767.07,79.61,193.65,0.928,Body
det,95.1289,1237.01,767.74,17.8,26.72,0.695,Head
err,95.1613,-34.07,-17.54
dbg,95.1613,-34.1,0.0,-17.5,0.0
det,95.1613,1202.13,767.1,79.53,193.58,0.928,Body
det,95.1613,1237.04,767.77,17.77,26.7,0.694,Head
err,95.1933,-34.1,-17.57
dbg,95.1933,-34.1,0.0,-17.6,0.0
det,95.1933,1202.07,767.09,79.59,193.64,0.928,Body
det,95.1933,1237.01,767.76,17.77,26.68,0.696,Head
err,95.226,-34.09,-17.55
dbg,95.226,-34.1,0.0,-17.6,0.0
det,95.226,1202.1,767.1,79.56,193.57,0.928,Body
det,95.226,1237.03,767.76,17.76,26.7,0.694,Head
cmd,95.226,-46,-24
err,95.2622,-34.09,-17.56
dbg,95.2622,-34.1,0.0,-17.6,0.0
det,95.2622,1202.02,767.07,79.65,193.64,0.927,Body
det,95.2622,1237.02,767.75,17.79,26.71,0.695,Head
err,95.2925,-34.07,-17.54
dbg,95.2925,-34.1,0.0,-17.5,0.0
det,95.2925,1202.1,767.1,79.6,193.62,0.927,Body
det,95.2925,1237.04,767.77,17.77,26.7,0.694,Head
err,95.3256,-0.4,-0.45
dbg,95.3256,-34.1,0.0,-17.5,0.0
det,95.3256,1236.88,783.74,79.95,196.75,0.912,Body
det,95.3256,1269.47,783.99,20.25,28.28,0.564,Head
err,95.3589,-0.42,-0.49
dbg,95.3589,-34.1,0.0,-17.5,0.0
det,95.3589,1236.91,783.68,80.08,196.9,0.911,Body
det,95.3589,1269.45,783.96,20.26,28.27,0.565,Head
err,95.3932,-0.39,-0.5
dbg,95.3932,-34.1,0.0,-17.5,0.0
det,95.3932,1236.86,783.67,80.15,196.93,0.911,Body
det,95.3932,1269.43,783.94,20.37,28.29,0.566,Head
err,95.4258,-0.41,-0.5
dbg,95.4258,-34.1,0.0,-17.5,0.0
det,95.4258,1236.77,783.71,80.17,196.83,0.912,Body
det,95.4258,1269.46,783.95,20.26,28.27,0.565,Head
err,95.4607,-0.4,-0.47
dbg,95.4607,-34.1,0.0,-17.5,0.0
det,95.4607,1236.85,783.71,80.05,196.82,0.911,Body
det,95.4607,1269.44,783.97,20.32,28.31,0.566,Head
err,95.4923,-0.42,-0.5
dbg,95.4923,-34.1,0.0,-17.5,0.0
det,95.4923,1236.89,783.66,80.14,196.93,0.911,Body
det,95.4923,1269.43,783.95,20.3,28.28,0.566,Head
err,95.5256,-0.39,-0.5
dbg,95.5256,-34.1,0.0,-17.5,0.0
det,95.5256,1236.89,783.68,80.07,196.9,0.911,Body
det,95.5256,1269.43,783.94,20.35,28.29,0.565,Head
err,95.559,-0.41,-0.5
dbg,95.559,-34.1,0.0,-17.5,0.0
det,95.559,1236.8,783.71,80.09,196.81,0.912,Body
det,95.559,1269.46,783.95,20.26,28.27,0.565,Head
err,95.5924,-0.39,-0.47
dbg,95.5924,-34.1,0.0,-17.5,0.0
det,95.5924,1236.84,783.68,80.08,196.85,0.911,Body
det,95.5924,1269.42,783.95,20.39,28.32,0.567,Head
err,95.6265,-0.42,-0.5
dbg,95.6265,-34.1,0.0,-17.5,0.0
det,95.6265,1236.87,783.65,80.17,196.94,0.911,Body
det,95.6265,1269.42,783.94,20.33,28.29,0.567,Head
err,95.6617,-0.38,-0.5
dbg,95.6617,-34.1,0.0,-17.5,0.0
det,95.6617,1236.86,783.65,80.15,196.95,0.911,Body
det,95.6617,1269.41,783.93,20.4,28.31,0.567,Head
err,95.6936,1.05,0.48
dbg,95.6936,-34.1,0.0,-17.5,0.0
det,95.6936,1237.12,783.58,81.44,197.23,0.908,Body
det,95.6936,1270.65,783.99,20.79,29.98,0.6,Head
err,95.7277,13.21,5.44
dbg,95.7277,13.2,0.0,5.4,0.0
det,95.7277,1250.59,790.38,81.36,199.49,0.896,Body
det,95.7277,1282.73,791.41,20.95,25.5,0.735,Head
cmd,95.7277,18,7
err,95.7581,28.82,13.48
dbg,95.7581,28.8,0.0,13.5,0.0
det,95.7581,1264.83,798.0,79.14,195.06,0.917,Body
det,95.7581,1299.67,798.53,18.29,27.18,0.704,Head
err,95.7927,119.02,15.74
dbg,95.7927,119.0,0.0,15.7,0.0
det,95.7927,1358.21,800.27,77.68,196.16,0.911,Body
det,95.7927,1390.43,801.14,17.18,26.53,0.756,Head
err,98.2844,-11.44,-50.18
dbg,98.2844,-11.4,0.0,-50.2,0.0
det,98.2844,1255.63,742.45,25.86,73.71,0.715,Body
cmd,98.2844,-15,-67
err,98.3532,-11.94,-50.08
dbg,98.3532,-11.9,0.0,-50.1,0.0
det,98.3532,1255.15,742.48,25.81,74.41,0.439,Body
err,98.3865,-8.81,-42.96
dbg,98.3865,-8.8,0.0,-43.0,0.0
det,98.3865,1258.04,750.2,26.32,68.36,0.444,Body
err,98.4219,-5.91,-37.94
dbg,98.4219,-5.9,0.0,-37.9,0.0
det,98.4219,1261.43,751.59,24.72,71.5,0.589,Body
det,98.4219,1268.97,753.63,10.26,15.31,0.368,Head
err,98.4536,5.36,8.97
dbg,98.4536,5.4,0.0,9.0,0.0
det,98.4536,1272.29,798.4,28.55,76.81,0.767,Body
det,98.4536,1280.12,800.24,10.47,15.88,0.445,Head
err,98.4832,6.91,13.16
dbg,98.4832,6.9,0.0,13.2,0.0
det,98.4832,1274.82,801.54,26.81,75.63,0.59,Body
det,98.4832,1281.86,804.52,10.1,15.71,0.394,Head
err,98.5164,5.85,12.34
dbg,98.5164,5.8,0.0,12.3,0.0
det,98.5164,1274.17,801.07,26.8,78.15,0.744,Body
det,98.5164,1280.68,803.47,10.33,16.12,0.435,Head
err,98.5503,5.85,12.49
dbg,98.5503,5.8,0.0,12.5,0.0
det,98.5503,1274.15,801.25,26.84,78.0,0.743,Body
det,98.5503,1280.67,803.64,10.36,16.09,0.43,Head
err,98.583,5.79,12.42
dbg,98.583,5.8,0.0,12.4,0.0
det,98.583,1274.1,801.17,26.84,78.06,0.743,Body
det,98.583,1280.58,803.54,10.41,16.15,0.431,Head
err,98.6158,5.79,12.39
dbg,98.6158,5.8,0.0,12.4,0.0
det,98.6158,1274.08,801.04,26.9,78.12,0.741,Body
det,98.6158,1280.57,803.52,10.44,16.14,0.431,Head
err,98.6482,5.85,12.34
dbg,98.6482,5.8,0.0,12.3,0.0
det,98.6482,1274.17,801.07,26.79,78.14,0.744,Body
det,98.6482,1280.68,803.48,10.34,16.12,0.434,Head
err,98.682,5.85,12.49
dbg,98.682,5.8,0.0,12.5,0.0
det,98.682,1274.14,801.22,26.87,78.04,0.742,Body
det,98.682,1280.65,803.63,10.4,16.11,0.43,Head
err,98.7147,5.78,12.41
dbg,98.7147,5.8,0.0,12.4,0.0
det,98.7147,1274.09,801.13,26.87,78.12,0.742,Body
det,98.7147,1280.56,803.51,10.44,16.17,0.432,Head
err,98.7495,5.8,12.38
dbg,98.7495,5.8,0.0,12.4,0.0
det,98.7495,1274.08,801.02,26.91,78.16,0.742,Body
det,98.7495,1280.57,803.5,10.44,16.14,0.431,Head
err,98.7813,5.85,12.35
dbg,98.7813,5.8,0.0,12.3,0.0
det,98.7813,1274.17,801.07,26.8,78.13,0.744,Body
det,98.7813,1280.67,803.48,10.35,16.13,0.435,Head
err,98.8158,5.84,12.49
dbg,98.8158,5.8,0.0,12.5,0.0
det,98.8158,1274.14,801.21,26.88,78.03,0.742,Body
det,98.8158,1280.64,803.62,10.41,16.12,0.431,Head
cmd,98.8158,8,17
err,98.8482,5.77,12.4
dbg,98.8482,5.8,0.0,12.4,0.0
det,98.8482,1274.07,801.07,26.94,78.14,0.742,Body
det,98.8482,1280.5,803.48,10.54,16.23,0.434,Head
err,98.8826,5.78,12.37
dbg,98.8826,5.8,0.0,12.4,0.0
det,98.8826,1274.06,800.95,26.98,78.2,0.74,Body
det,98.8826,1280.52,803.46,10.53,16.2,0.433,Head
err,98.9164,2.06,-2.16
dbg,98.9164,2.1,0.0,-2.2,0.0
det,98.9164,1269.16,790.26,25.8,75.81,0.793,Body
err,98.951,2.08,-2.1
dbg,98.951,2.1,0.0,-2.1,0.0
det,98.951,1269.23,790.32,25.71,75.77,0.793,Body
err,98.984,2.05,-2.19
dbg,98.984,2.0,0.0,-2.2,0.0
det,98.984,1269.15,790.22,25.8,75.87,0.793,Body
err,99.017,2.05,-2.16
dbg,99.017,2.0,0.0,-2.2,0.0
det,99.017,1269.17,790.26,25.76,75.87,0.792,Body
err,99.0488,2.06,-2.17
dbg,99.0488,2.1,0.0,-2.2,0.0
det,99.0488,1269.14,790.25,25.84,75.82,0.793,Body
err,99.0815,2.08,-2.11
dbg,99.0815,2.1,0.0,-2.1,0.0
det,99.0815,1269.21,790.31,25.74,75.78,0.793,Body
err,99.1162,2.05,-2.2
dbg,99.1162,2.0,0.0,-2.2,0.0
det,99.1162,1269.12,790.21,25.84,75.88,0.793,Body
err,99.1491,2.04,-2.16
dbg,99.1491,2.0,0.0,-2.2,0.0
det,99.1491,1269.14,790.25,25.81,75.88,0.792,Body
err,99.1829,2.06,-2.18
dbg,99.1829,2.1,0.0,-2.2,0.0
det,99.1829,1269.14,790.24,25.83,75.83,0.793,Body
err,99.2163,2.08,-2.11
dbg,99.2163,2.1,0.0,-2.1,0.0
det,99.2163,1269.22,790.31,25.72,75.79,0.793,Body
err,99.2499,2.05,-2.19
dbg,99.2499,2.0,0.0,-2.2,0.0
det,99.2499,1269.13,790.22,25.84,75.88,0.793,Body
err,99.2823,2.05,-2.16
dbg,99.2823,2.0,0.0,-2.2,0.0
det,99.2823,1269.14,790.25,25.82,75.88,0.792,Body
err,99.3155,2.06,-2.18
dbg,99.3155,2.1,0.0,-2.2,0.0
det,99.3155,1269.11,790.23,25.9,75.83,0.794,Body
err,99.3484,2.08,-2.12
dbg,99.3484,2.1,0.0,-2.1,0.0
det,99.3484,1269.19,790.3,25.79,75.8,0.794,Body
cmd,99.3484,3,-3
err,99.3821,2.18,-1.55
dbg,99.3821,2.2,0.0,-1.6,0.0
det,99.3821,1269.33,790.82,25.69,76.3,0.79,Body
err,99.4154,-28.19,5.38
dbg,99.4154,-28.2,0.0,5.4,0.0
det,99.4154,1240.03,798.23,23.56,71.5,0.454,Body
err,99.4484,-69.25,12.77
dbg,99.4484,-69.2,0.0,12.8,0.0
det,99.4484,1198.0,802.2,25.57,72.61,0.749,Body
det,99.4484,1206.07,804.35,9.36,15.31,0.463,Head
err,99.4838,-72.09,14.49
dbg,99.4838,-72.1,0.0,14.5,0.0
det,99.4838,1194.08,802.76,28.74,73.51,0.651,Body
det,99.4838,1202.19,805.57,11.45,16.22,0.435,Head
err,99.5139,-72.02,14.47
dbg,99.5139,-72.0,0.0,14.5,0.0
det,99.5139,1194.1,802.75,28.76,73.57,0.665,Body
det,99.5139,1202.27,805.56,11.41,16.19,0.445,Head
err,99.5499,-72.03,14.47
dbg,99.5499,-72.0,0.0,14.5,0.0
det,99.5499,1194.06,802.73,28.77,73.58,0.666,Body
det,99.5499,1202.25,805.56,11.43,16.21,0.446,Head
err,99.5852,-72.02,14.5
dbg,99.5852,-72.0,0.0,14.5,0.0
det,99.5852,1194.11,802.84,28.69,73.47,0.669,Body
det,99.5852,1202.27,805.61,11.42,16.18,0.446,Head
err,99.6181,-72.08,14.49
dbg,99.6181,-72.1,0.0,14.5,0.0
det,99.6181,1194.1,802.81,28.72,73.45,0.658,Body
det,99.6181,1202.22,805.59,11.41,16.19,0.44,Head
err,99.652,-72.05,14.54
dbg,99.652,-72.1,0.0,14.5,0.0
det,99.652,1194.11,802.92,28.68,73.39,0.662,Body
det,99.652,1202.26,805.64,11.38,16.17,0.44,Head
err,99.6848,-72.03,14.48
dbg,99.6848,-72.0,0.0,14.5,0.0
det,99.6848,1194.07,802.77,28.74,73.54,0.665,Body
det,99.6848,1202.27,805.57,11.4,16.19,0.446,Head
err,99.7177,-72.02,14.51
dbg,99.7177,-72.0,0.0,14.5,0.0
det,99.7177,1194.12,802.85,28.67,73.46,0.666,Body
det,99.7177,1202.27,805.61,11.41,16.17,0.444,Head
err,99.7485,-72.09,14.49
dbg,99.7485,-72.1,0.0,14.5,0.0
det,99.7485,1194.1,802.82,28.69,73.43,0.654,Body
det,99.7485,1202.22,805.59,11.39,16.18,0.438,Head
err,99.7819,-72.06,14.54
dbg,99.7819,-72.1,0.0,14.5,0.0
det,99.7819,1194.12,802.92,28.65,73.36,0.658,Body
det,99.7819,1202.26,805.64,11.36,16.17,0.438,Head
err,99.8149,-72.03,14.47
dbg,99.8149,-72.0,0.0,14.5,0.0
det,99.8149,1194.09,802.81,28.68,73.47,0.665,Body
det,99.8149,1202.3,805.59,11.35,16.16,0.447,Head
err,99.8482,-72.02,14.5
dbg,99.8482,-72.0,0.0,14.5,0.0
det,99.8482,1194.15,802.92,28.6,73.38,0.67,Body
det,99.8482,1202.32,805.63,11.32,16.13,0.448,Head
err,99.8818,-72.08,14.49
dbg,99.8818,-72.1,0.0,14.5,0.0
det,99.8818,1194.12,802.86,28.65,73.38,0.656,Body
det,99.8818,1202.25,805.61,11.34,16.15,0.44,Head
cmd,99.8818,-97,19
err,99.9153,-72.05,14.53
dbg,99.9153,-72.1,0.0,14.5,0.0
det,99.9153,1194.14,802.96,28.61,73.32,0.663,Body
det,99.9153,1202.3,805.66,11.3,16.13,0.441,Head
err,99.9496,-72.03,14.47
dbg,99.9496,-72.0,0.0,14.5,0.0
det,99.9496,1194.1,802.81,28.68,73.48,0.666,Body
det,99.9496,1202.31,805.58,11.33,16.16,0.448,Head
err,99.9826,-72.02,14.5
dbg,99.9826,-72.0,0.0,14.5,0.0
det,99.9826,1194.15,802.91,28.61,73.39,0.669,Body
det,99.9826,1202.33,805.63,11.32,16.13,0.447,Head
err,100.0168,-72.08,14.49
dbg,100.0168,-72.1,0.0,14.5,0.0
det,100.0168,1194.11,802.82,28.68,73.42,0.655,Body
det,100.0168,1202.24,805.6,11.36,16.17,0.439,Head
err,100.0507,-72.05,14.53
dbg,100.0507,-72.1,0.0,14.5,0.0
det,100.0507,1194.13,802.94,28.63,73.35,0.662,Body
det,100.0507,1202.29,805.65,11.32,16.15,0.44,Head
err,100.0824,-72.02,14.47
dbg,100.0824,-72.0,0.0,14.5,0.0
det,100.0824,1194.1,802.82,28.67,73.46,0.669,Body
det,100.0824,1202.32,805.59,11.32,16.15,0.45,Head
err,100.1163,-72.02,14.5
dbg,100.1163,-72.0,0.0,14.5,0.0
det,100.1163,1194.15,802.9,28.62,73.39,0.67,Body
det,100.1163,1202.32,805.63,11.33,16.14,0.448,Head
err,100.1491,-72.08,14.49
dbg,100.1491,-72.1,0.0,14.5,0.0
det,100.1491,1194.1,802.81,28.71,73.43,0.654,Body
det,100.1491,1202.22,805.59,11.4,16.19,0.438,Head
err,100.1829,1.07,-7.34
dbg,100.1829,1.1,0.0,-7.3,0.0
det,100.1829,1268.23,785.19,25.68,74.66,0.765,Body
err,100.2185,1.05,-7.42
dbg,100.2185,1.1,0.0,-7.4,0.0
det,100.2185,1268.2,785.1,25.7,74.75,0.764,Body
err,100.2534,1.08,-7.35
dbg,100.2534,1.1,0.0,-7.3,0.0
det,100.2534,1268.2,785.18,25.75,74.67,0.763,Body
err,100.2878,1.07,-7.38
dbg,100.2878,1.1,0.0,-7.4,0.0
det,100.2878,1268.19,785.14,25.77,74.8,0.765,Body
err,100.3208,1.08,-7.39
dbg,100.3208,1.1,0.0,-7.4,0.0
det,100.3208,1268.19,785.14,25.77,74.7,0.764,Body
err,100.3526,1.05,-7.43
dbg,100.3526,1.1,0.0,-7.4,0.0
det,100.3526,1268.19,785.09,25.74,74.76,0.764,Body
err,100.3845,1.07,-7.33
dbg,100.3845,1.1,0.0,-7.3,0.0
det,100.3845,1268.21,785.2,25.73,74.66,0.763,Body
cmd,100.3845,1,-10
err,100.418,1.07,-7.37
dbg,100.418,1.1,0.0,-7.4,0.0
det,100.418,1268.18,785.15,25.77,74.8,0.765,Body
err,100.4509,1.07,-7.39
dbg,100.4509,1.1,0.0,-7.4,0.0
det,100.4509,1268.18,785.14,25.78,74.69,0.764,Body
err,100.4833,1.05,-7.46
dbg,100.4833,1.1,0.0,-7.5,0.0
det,100.4833,1268.17,785.06,25.76,74.78,0.764,Body
err,100.5169,1.08,-7.38
dbg,100.5169,1.1,0.0,-7.4,0.0
det,100.5169,1268.18,785.15,25.78,74.7,0.764,Body
err,100.5492,1.07,-7.41
dbg,100.5492,1.1,0.0,-7.4,0.0
det,100.5492,1268.15,785.11,25.83,74.81,0.765,Body
err,100.5837,-0.21,-2.06
dbg,100.5837,-0.2,0.0,-2.1,0.0
det,100.5837,1266.89,790.08,25.8,78.56,0.715,Body
err,100.6175,-0.18,-2.0
dbg,100.6175,-0.2,0.0,-2.0,0.0
det,100.6175,1266.95,790.15,25.76,78.53,0.718,Body
err,100.6531,-0.2,-1.99
dbg,100.6531,-0.2,0.0,-2.0,0.0
det,100.6531,1266.85,790.16,25.91,78.51,0.717,Body
err,100.6826,-0.16,-2.04
dbg,100.6826,-0.2,0.0,-2.0,0.0
det,100.6826,1266.93,790.11,25.83,78.54,0.715,Body
err,100.7154,-0.2,-2.05
dbg,100.7154,-0.2,0.0,-2.0,0.0
det,100.7154,1266.92,790.1,25.75,78.53,0.715,Body
err,100.749,-0.17,-2.0
dbg,100.749,-0.2,0.0,-2.0,0.0
det,100.749,1266.94,790.14,25.77,78.54,0.718,Body
err,100.7824,-0.2,-2.0
dbg,100.7824,-0.2,0.0,-2.0,0.0
det,100.7824,1266.82,790.14,25.96,78.54,0.717,Body
err,100.8156,-0.16,-2.04
dbg,100.8156,-0.2,0.0,-2.0,0.0
det,100.8156,1266.92,790.11,25.83,78.56,0.714,Body
err,100.8497,-0.21,-2.08
dbg,100.8497,-0.2,0.0,-2.1,0.0
det,100.8497,1266.87,790.06,25.84,78.58,0.714,Body
err,100.884,-0.17,-2.02
dbg,100.884,-0.2,0.0,-2.0,0.0
det,100.884,1266.92,790.13,25.8,78.55,0.717,Body
err,100.9157,-0.2,-2.01
dbg,100.9157,-0.2,0.0,-2.0,0.0
det,100.9157,1266.81,790.14,25.99,78.54,0.716,Body
cmd,100.9157,0,-3
err,100.9494,-0.16,-2.05
dbg,100.9494,-0.2,0.0,-2.0,0.0
det,100.9494,1266.9,790.09,25.88,78.56,0.714,Body
err,100.9796,-0.15,-1.96
dbg,100.9796,-0.2,0.0,-2.0,0.0
det,100.9796,1266.93,790.2,25.83,78.44,0.72,Body
err,101.0502,10.75,7.19
dbg,101.0502,10.8,0.0,7.2,0.0
det,101.0502,1277.47,797.19,28.92,80.28,0.75,Body
det,101.0502,1285.39,798.37,10.72,16.04,0.449,Head
err,101.0827,33.92,19.12
dbg,101.0827,33.9,0.0,19.1,0.0
det,101.0827,1301.54,812.02,24.76,71.0,0.742,Body
err,101.1147,41.6,20.61
dbg,101.1147,41.6,0.0,20.6,0.0
det,101.1147,1309.87,813.71,23.46,69.03,0.722,Body
err,101.1479,41.36,24.1
dbg,101.1479,41.4,0.0,24.1,0.0
det,101.1479,1308.94,814.59,24.65,70.47,0.724,Body
det,101.1479,1316.47,816.72,9.78,13.41,0.476,Head
err,101.1816,41.37,24.1
dbg,101.1816,41.4,0.0,24.1,0.0
det,101.1816,1308.86,814.55,24.71,70.56,0.725,Body
det,101.1816,1316.53,816.68,9.69,13.49,0.479,Head
err,101.2173,41.34,24.09
dbg,101.2173,41.3,0.0,24.1,0.0
det,101.2173,1308.9,814.56,24.68,70.5,0.725,Body
det,101.2173,1316.5,816.7,9.67,13.45,0.48,Head
err,101.2519,41.34,24.02
dbg,101.2519,41.3,0.0,24.0,0.0
det,101.2519,1308.91,814.53,24.69,70.55,0.724,Body
det,101.2519,1316.46,816.64,9.75,13.43,0.477,Head
err,101.2841,41.38,24.12
dbg,101.2841,41.4,0.0,24.1,0.0
det,101.2841,1308.87,814.58,24.7,70.52,0.724,Body
det,101.2841,1316.55,816.71,9.66,13.46,0.479,Head
err,101.3185,41.37,24.1
dbg,101.3185,41.4,0.0,24.1,0.0
det,101.3185,1308.89,814.56,24.67,70.57,0.725,Body
det,101.3185,1316.55,816.69,9.63,13.46,0.479,Head
err,101.3483,41.34,24.1
dbg,101.3483,41.3,0.0,24.1,0.0
det,101.3483,1308.9,814.56,24.67,70.52,0.725,Body
det,101.3483,1316.52,816.7,9.63,13.45,0.481,Head
err,101.3816,41.34,24.03
dbg,101.3816,41.3,0.0,24.0,0.0
det,101.3816,1308.91,814.53,24.68,70.58,0.723,Body
det,101.3816,1316.48,816.65,9.71,13.43,0.478,Head
err,101.417,41.36,24.1
dbg,101.417,41.4,0.0,24.1,0.0
det,101.417,1308.95,814.59,24.63,70.5,0.724,Body
det,101.417,1316.5,816.73,9.73,13.41,0.476,Head
cmd,101.417,55,32
err,101.4514,41.36,24.16
dbg,101.4514,41.4,0.0,24.2,0.0
det,101.4514,1308.87,814.59,24.78,70.48,0.723,Body
det,101.4514,1316.55,816.74,9.62,13.48,0.481,Head
err,101.4833,41.34,24.1
dbg,101.4833,41.3,0.0,24.1,0.0
det,101.4833,1308.9,814.57,24.67,70.51,0.725,Body
det,101.4833,1316.52,816.71,9.63,13.45,0.48,Head
err,101.5172,41.34,24.05
dbg,101.5172,41.3,0.0,24.0,0.0
det,101.5172,1308.89,814.53,24.72,70.56,0.723,Body
det,101.5172,1316.47,816.65,9.74,13.46,0.478,Head
err,101.5508,41.36,24.11
dbg,101.5508,41.4,0.0,24.1,0.0
det,101.5508,1308.94,814.59,24.65,70.48,0.724,Body
det,101.5508,1316.49,816.72,9.75,13.42,0.477,Head
err,101.5835,-0.07,-7.93
dbg,101.5835,-0.1,0.0,-7.9,0.0
det,101.5835,1266.61,784.17,26.63,78.98,0.764,Body
err,101.6149,-0.11,-7.88
dbg,101.6149,-0.1,0.0,-7.9,0.0
det,101.6149,1266.55,784.23,26.68,78.89,0.764,Body
err,101.6487,-0.1,-7.97
dbg,101.6487,-0.1,0.0,-8.0,0.0
det,101.6487,1266.55,784.14,26.7,78.96,0.763,Body
err,101.6824,-0.12,-7.96
dbg,101.6824,-0.1,0.0,-8.0,0.0
det,101.6824,1266.49,784.14,26.78,78.92,0.763,Body
err,101.7164,-0.07,-7.99
dbg,101.7164,-0.1,0.0,-8.0,0.0
det,101.7164,1266.58,784.11,26.7,79.0,0.763,Body
err,101.7488,-0.1,-7.95
dbg,101.7488,-0.1,0.0,-7.9,0.0
det,101.7488,1266.52,784.16,26.75,78.92,0.763,Body
err,101.7835,-0.1,-8.01
dbg,101.7835,-0.1,0.0,-8.0,0.0
det,101.7835,1266.53,784.09,26.74,78.99,0.763,Body
err,101.8193,-0.13,-8.02
dbg,101.8193,-0.1,0.0,-8.0,0.0
det,101.8193,1266.43,784.08,26.89,78.96,0.763,Body
err,101.8506,-0.08,-8.04
dbg,101.8506,-0.1,0.0,-8.0,0.0
det,101.8506,1266.52,784.05,26.8,79.05,0.763,Body
err,101.8832,-0.11,-7.96
dbg,101.8832,-0.1,0.0,-8.0,0.0
det,101.8832,1266.5,784.14,26.79,78.94,0.763,Body
err,101.9162,-0.1,-8.01
dbg,101.9162,-0.1,0.0,-8.0,0.0
det,101.9162,1266.53,784.09,26.74,78.99,0.763,Body
err,101.9481,-0.12,-7.99
dbg,101.9481,-0.1,0.0,-8.0,0.0
det,101.9481,1266.46,784.12,26.83,78.96,0.763,Body
cmd,101.9481,0,-11
err,101.9818,-0.08,-8.02
dbg,101.9818,-0.1,0.0,-8.0,0.0
det,101.9818,1266.53,784.07,26.77,79.04,0.763,Body
err,102.0177,-0.11,-7.96
dbg,102.0177,-0.1,0.0,-8.0,0.0
det,102.0177,1266.5,784.15,26.78,78.93,0.763,Body
err,102.0491,-0.05,-7.91
dbg,102.0491,-0.1,0.0,-7.9,0.0
det,102.0491,1266.56,784.21,26.77,78.84,0.762,Body
err,102.0823,-0.13,-8.02
dbg,102.0823,-0.1,0.0,-8.0,0.0
det,102.0823,1266.42,784.08,26.9,79.01,0.763,Body
err,102.1168,-0.07,-8.02
dbg,102.1168,-0.1,0.0,-8.0,0.0
det,102.1168,1266.55,784.07,26.75,79.06,0.763,Body
err,102.15,-0.11,-7.95
dbg,102.15,-0.1,0.0,-8.0,0.0
det,102.15,1266.5,784.15,26.78,78.95,0.764,Body
err,102.1842,-0.04,-7.85
dbg,102.1842,-0.0,0.0,-7.9,0.0
det,102.1842,1266.61,784.26,26.69,78.83,0.763,Body
err,102.2189,0.04,-0.39
dbg,102.2189,-0.0,0.0,-7.9,0.0
det,102.2189,1267.89,791.93,24.3,76.79,0.62,Body
err,102.2498,0.07,-0.63
dbg,102.2498,-0.0,0.0,-7.9,0.0
det,102.2498,1267.91,791.66,24.31,77.09,0.621,Body
err,102.2838,0.07,-0.43
dbg,102.2838,-0.0,0.0,-7.9,0.0
det,102.2838,1267.96,791.88,24.21,76.92,0.622,Body
err,102.3174,0.02,-0.6
dbg,102.3174,-0.0,0.0,-7.9,0.0
det,102.3174,1267.89,791.7,24.27,77.06,0.631,Body
err,102.3736,0.04,-0.33
dbg,102.3736,-0.0,0.0,-7.9,0.0
det,102.3736,1267.93,791.99,24.22,76.78,0.622,Body
err,102.4146,0.04,-0.37
dbg,102.4146,-0.0,0.0,-7.9,0.0
det,102.4146,1267.9,791.96,24.27,76.77,0.62,Body
err,102.4468,0.07,-0.56
dbg,102.4468,-0.0,0.0,-7.9,0.0
det,102.4468,1267.97,791.74,24.19,77.01,0.624,Body
err,102.4794,0.06,-0.38
dbg,102.4794,-0.0,0.0,-7.9,0.0
det,102.4794,1267.99,791.93,24.15,76.87,0.62,Body
err,102.5115,0.04,-0.29
dbg,102.5115,-0.0,0.0,-7.9,0.0
det,102.5115,1267.95,792.03,24.18,76.74,0.62,Body
err,102.546,0.08,-0.53
dbg,102.546,-0.0,0.0,-7.9,0.0
det,102.546,1267.98,791.77,24.19,76.97,0.622,Body
err,102.5789,0.06,-0.4
dbg,102.5789,-0.0,0.0,-7.9,0.0
det,102.5789,1268.03,791.92,24.06,76.82,0.613,Body
err,102.6119,0.05,-0.36
dbg,102.6119,-0.0,0.0,-7.9,0.0
det,102.6119,1267.97,791.96,24.16,76.81,0.622,Body
err,102.6444,0.04,-0.26
dbg,102.6444,-0.0,0.0,-7.9,0.0
det,102.6444,1267.98,792.07,24.11,76.71,0.621,Body
err,102.6823,0.08,-0.5
dbg,102.6823,-0.0,0.0,-7.9,0.0
det,102.6823,1268.01,791.8,24.13,76.94,0.625,Body
err,102.7155,1.0,1.61
dbg,102.7155,-0.0,0.0,-7.9,0.0
det,102.7155,1269.23,794.17,23.53,74.4,0.704,Body
err,102.7484,30.26,-5.64
dbg,102.7484,30.3,0.0,-5.6,0.0
det,102.7484,1296.66,786.99,27.2,73.73,0.749,Body
cmd,102.7484,41,-8
err,102.7814,70.63,-15.37
dbg,102.7814,70.6,0.0,-15.4,0.0
det,102.7814,1337.64,777.56,25.98,70.72,0.742,Body
err,102.8175,81.95,-16.49
dbg,102.8175,82.0,0.0,-16.5,0.0
det,102.8175,1348.29,776.37,27.32,71.31,0.775,Body
err,102.8696,81.95,-16.57
dbg,102.8696,82.0,0.0,-16.6,0.0
det,102.8696,1348.35,776.28,27.2,71.43,0.775,Body
err,102.9107,81.95,-16.57
dbg,102.9107,82.0,0.0,-16.6,0.0
det,102.9107,1348.35,776.28,27.2,71.43,0.775,Body
err,102.9525,81.95,-16.57
dbg,102.9525,82.0,0.0,-16.6,0.0
det,102.9525,1348.35,776.28,27.2,71.43,0.775,Body
err,102.9965,81.95,-16.57
dbg,102.9965,82.0,0.0,-16.6,0.0
det,102.9965,1348.35,776.28,27.2,71.43,0.775,Body
err,103.0362,81.95,-16.49
dbg,103.0362,82.0,0.0,-16.5,0.0
det,103.0362,1348.36,776.37,27.18,71.4,0.774,Body
err,103.0701,81.96,-16.53
dbg,103.0701,82.0,0.0,-16.5,0.0
det,103.0701,1348.36,776.33,27.2,71.42,0.775,Body
err,103.1031,81.97,-16.59
dbg,103.1031,82.0,0.0,-16.6,0.0
det,103.1031,1348.36,776.27,27.21,71.47,0.775,Body
err,103.136,51.04,-10.22
dbg,103.136,51.0,0.0,-10.2,0.0
det,103.136,1319.64,782.85,22.8,69.3,0.699,Body
err,103.1696,51.03,-10.28
dbg,103.1696,51.0,0.0,-10.3,0.0
det,103.1696,1319.64,782.79,22.78,69.33,0.702,Body
err,103.2028,51.06,-10.21
dbg,103.2028,51.1,0.0,-10.2,0.0
det,103.2028,1319.67,782.84,22.77,69.53,0.694,Body
err,103.236,51.09,-10.28
dbg,103.236,51.1,0.0,-10.3,0.0
det,103.236,1319.68,782.78,22.83,69.43,0.697,Body
err,103.2676,51.06,-10.25
dbg,103.2676,51.1,0.0,-10.2,0.0
det,103.2676,1319.62,782.81,22.87,69.43,0.698,Body
cmd,103.2676,68,-14
err,103.3061,51.04,-10.29
dbg,103.3061,51.0,0.0,-10.3,0.0
det,103.3061,1319.61,782.78,22.85,69.35,0.701,Body
err,103.3386,51.05,-10.21
dbg,103.3386,51.1,0.0,-10.2,0.0
det,103.3386,1319.67,782.84,22.77,69.52,0.696,Body
err,103.3708,51.08,-10.27
dbg,103.3708,51.1,0.0,-10.3,0.0
det,103.3708,1319.68,782.79,22.79,69.4,0.698,Body
err,103.4034,51.04,-10.21
dbg,103.4034,51.0,0.0,-10.2,0.0
det,103.4034,1319.64,782.85,22.8,69.31,0.7,Body
err,103.4357,-0.21,-4.18
dbg,103.4357,-0.2,0.0,-4.2,0.0
det,103.4357,1266.24,788.04,27.1,77.79,0.758,Body
err,103.4699,-0.22,-4.19
dbg,103.4699,-0.2,0.0,-4.2,0.0
det,103.4699,1266.23,788.02,27.09,77.86,0.758,Body
err,103.5024,-0.21,-4.17
dbg,103.5024,-0.2,0.0,-4.2,0.0
det,103.5024,1266.26,788.05,27.06,77.83,0.758,Body
err,103.536,-0.19,-4.14
dbg,103.536,-0.2,0.0,-4.1,0.0
det,103.536,1266.28,788.09,27.06,77.73,0.758,Body
err,103.5694,-0.2,-4.16
dbg,103.5694,-0.2,0.0,-4.2,0.0
det,103.5694,1266.28,788.07,27.04,77.77,0.758,Body
err,103.6025,-0.22,-4.18
dbg,103.6025,-0.2,0.0,-4.2,0.0
det,103.6025,1266.23,788.04,27.09,77.84,0.759,Body
err,103.6358,-0.22,-4.18
dbg,103.6358,-0.2,0.0,-4.2,0.0
det,103.6358,1266.23,788.03,27.1,77.84,0.758,Body
err,103.6694,-0.19,-4.16
dbg,103.6694,-0.2,0.0,-4.2,0.0
det,103.6694,1266.26,788.07,27.11,77.74,0.759,Body
err,103.7027,-0.2,-4.17
dbg,103.7027,-0.2,0.0,-4.2,0.0
det,103.7027,1266.26,788.05,27.08,77.79,0.758,Body
err,103.7371,-0.22,-4.17
dbg,103.7371,-0.2,0.0,-4.2,0.0
det,103.7371,1266.25,788.05,27.06,77.83,0.759,Body
err,103.7703,-0.22,-4.17
dbg,103.7703,-0.2,0.0,-4.2,0.0
det,103.7703,1266.24,788.04,27.08,77.83,0.758,Body
cmd,103.7703,0,-6
err,103.8033,-0.19,-4.13
dbg,103.8033,-0.2,0.0,-4.1,0.0
det,103.8033,1266.29,788.1,27.03,77.71,0.758,Body
err,103.8366,-0.2,-4.15
dbg,103.8366,-0.2,0.0,-4.2,0.0
det,103.8366,1266.28,788.07,27.03,77.76,0.758,Body
err,103.8695,-0.22,-4.16
dbg,103.8695,-0.2,0.0,-4.2,0.0
det,103.8695,1266.26,788.06,27.04,77.8,0.758,Body
err,103.9028,-0.22,-4.17
dbg,103.9028,-0.2,0.0,-4.2,0.0
det,103.9028,1266.23,788.05,27.1,77.82,0.758,Body
err,103.9394,0.47,-1.49
dbg,103.9394,-0.2,0.0,-4.2,0.0
det,103.9394,1268.57,790.75,23.81,77.61,0.719,Body
err,104.0041,-0.33,19.16
dbg,104.0041,-0.3,0.0,19.2,0.0
det,104.0041,1265.79,811.91,27.77,72.54,0.721,Body
err,104.0393,0.23,18.86
dbg,104.0393,0.2,0.0,18.9,0.0
det,104.0393,1266.98,811.91,26.49,69.46,0.474,Body
err,104.1048,0.09,8.21
dbg,104.1048,0.1,0.0,8.2,0.0
det,104.1048,1268.28,801.08,23.62,71.22,0.587,Body
err,104.2029,0.35,-2.12
dbg,104.2029,0.4,0.0,-2.1,0.0
det,104.2029,1267.83,789.74,25.05,81.47,0.649,Body
err,104.2365,0.14,-1.97
dbg,104.2365,0.4,0.0,-2.1,0.0
det,104.2365,1267.54,790.18,25.2,78.56,0.681,Body
err,104.2701,0.51,-1.6
dbg,104.2701,0.4,0.0,-2.1,0.0
det,104.2701,1268.62,790.64,23.77,77.67,0.722,Body
err,104.3031,0.51,-1.49
dbg,104.3031,0.4,0.0,-2.1,0.0
det,104.3031,1268.61,790.75,23.81,77.57,0.723,Body
err,104.3368,0.49,-1.52
dbg,104.3368,0.4,0.0,-2.1,0.0
det,104.3368,1268.57,790.72,23.84,77.63,0.719,Body
err,104.3701,0.51,-1.58
dbg,104.3701,0.4,0.0,-2.1,0.0
det,104.3701,1268.63,790.65,23.77,77.69,0.719,Body
err,104.4032,0.51,-1.65
dbg,104.4032,0.4,0.0,-2.1,0.0
det,104.4032,1268.57,790.58,23.88,77.7,0.72,Body
err,104.437,0.52,-1.52
dbg,104.437,0.4,0.0,-2.1,0.0
det,104.437,1268.59,790.72,23.85,77.62,0.723,Body
err,104.4701,0.49,-1.53
dbg,104.4701,0.4,0.0,-2.1,0.0
det,104.4701,1268.57,790.7,23.84,77.67,0.718,Body
err,104.5034,0.52,-1.62
dbg,104.5034,0.4,0.0,-2.1,0.0
det,104.5034,1268.59,790.61,23.84,77.75,0.716,Body
err,104.537,0.5,-1.67
dbg,104.537,0.4,0.0,-2.1,0.0
det,104.537,1268.54,790.55,23.93,77.74,0.718,Body
err,104.5702,0.52,-1.55
dbg,104.5702,0.4,0.0,-2.1,0.0
det,104.5702,1268.55,790.69,23.94,77.66,0.721,Body
err,104.6036,0.49,-1.55
dbg,104.6036,0.4,0.0,-2.1,0.0
det,104.6036,1268.53,790.68,23.92,77.7,0.717,Body
err,104.6369,0.51,-1.61
dbg,104.6369,0.4,0.0,-2.1,0.0
det,104.6369,1268.6,790.62,23.82,77.75,0.717,Body
err,104.6724,0.5,-1.66
dbg,104.6724,0.4,0.0,-2.1,0.0
det,104.6724,1268.55,790.57,23.89,77.73,0.719,Body
err,104.704,-3.89,-10.72
dbg,104.704,-3.9,0.0,-10.7,0.0
det,104.704,1263.65,782.45,24.91,68.34,0.729,Body
cmd,104.704,-5,-14
err,104.7721,-5.6,-31.21
dbg,104.7721,-5.6,0.0,-31.2,0.0
det,104.7721,1262.28,761.62,24.24,71.65,0.701,Body
err,104.8053,-5.93,-33.95
dbg,104.8053,-5.9,0.0,-34.0,0.0
det,104.8053,1261.64,753.95,24.65,73.84,0.602,Body
det,104.8053,1268.91,757.04,10.31,16.38,0.381,Head
err,104.8376,-5.22,-33.73
dbg,104.8376,-5.2,0.0,-33.7,0.0
det,104.8376,1261.03,754.27,27.01,74.04,0.711,Body
det,104.8376,1269.1,756.91,11.36,17.02,0.446,Head
err,104.8714,-2.12,-26.94
dbg,104.8714,-2.1,0.0,-26.9,0.0
det,104.8714,1265.16,765.96,25.43,71.01,0.534,Body
err,104.9036,-2.11,-26.93
dbg,104.9036,-2.1,0.0,-26.9,0.0
det,104.9036,1265.23,765.97,25.31,71.0,0.521,Body
err,104.9375,-2.03,-26.85
dbg,104.9375,-2.0,0.0,-26.8,0.0
det,104.9375,1265.29,766.05,25.35,71.0,0.534,Body
err,104.9712,-2.08,-26.87
dbg,104.9712,-2.1,0.0,-26.9,0.0
det,104.9712,1265.24,766.03,25.36,70.96,0.537,Body
err,105.005,-2.11,-26.91
dbg,105.005,-2.1,0.0,-26.9,0.0
det,105.005,1265.2,765.99,25.37,70.97,0.538,Body
err,105.038,-2.1,-26.88
dbg,105.038,-2.1,0.0,-26.9,0.0
det,105.038,1265.28,766.02,25.25,70.96,0.533,Body
err,105.0714,-2.03,-26.78
dbg,105.0714,-2.0,0.0,-26.8,0.0
det,105.0714,1265.35,766.12,25.24,70.91,0.541,Body
err,105.1039,-2.09,-26.81
dbg,105.1039,-2.1,0.0,-26.8,0.0
det,105.1039,1265.29,766.1,25.24,70.88,0.546,Body
err,105.1367,-2.12,-26.87
dbg,105.1367,-2.1,0.0,-26.9,0.0
det,105.1367,1265.23,766.03,25.29,70.91,0.54,Body
err,105.1697,-2.11,-26.87
dbg,105.1697,-2.1,0.0,-26.9,0.0
det,105.1697,1265.29,766.04,25.2,70.93,0.531,Body
err,105.2031,-2.03,-26.78
dbg,105.2031,-2.0,0.0,-26.8,0.0
det,105.2031,1265.36,766.14,25.21,70.89,0.542,Body
err,105.2704,-2.12,-26.86
dbg,105.2704,-2.1,0.0,-26.9,0.0
det,105.2704,1265.25,766.06,25.27,70.89,0.543,Body
cmd,105.2704,-3,-36
err,105.3053,-2.1,-26.84
dbg,105.3053,-2.1,0.0,-26.8,0.0
det,105.3053,1265.31,766.07,25.19,70.92,0.539,Body
err,105.3384,-2.03,-26.73
dbg,105.3384,-2.0,0.0,-26.7,0.0
det,105.3384,1265.4,766.19,25.13,70.83,0.551,Body
err,105.3714,-2.09,-26.78
dbg,105.3714,-2.1,0.0,-26.8,0.0
det,105.3714,1265.31,766.14,25.19,70.83,0.549,Body
err,105.4052,-2.12,-26.82
dbg,105.4052,-2.1,0.0,-26.8,0.0
det,105.4052,1265.28,766.09,25.19,70.84,0.546,Body
err,105.4376,-2.1,-26.82
dbg,105.4376,-2.1,0.0,-26.8,0.0
det,105.4376,1265.34,766.1,25.13,70.87,0.539,Body
err,105.4717,0.88,-2.88
dbg,105.4717,0.9,0.0,-2.9,0.0
det,105.4717,1267.1,789.58,27.57,75.36,0.795,Body
err,105.5037,0.86,-2.95
dbg,105.5037,0.9,0.0,-3.0,0.0
det,105.5037,1267.09,789.51,27.53,75.43,0.794,Body
err,105.538,0.91,-2.9
dbg,105.538,0.9,0.0,-2.9,0.0
det,105.538,1267.17,789.55,27.49,75.46,0.795,Body
err,105.5714,0.9,-2.89
dbg,105.5714,0.9,0.0,-2.9,0.0
det,105.5714,1267.14,789.58,27.54,75.37,0.795,Body
err,105.6059,0.88,-2.9
dbg,105.6059,0.9,0.0,-2.9,0.0
det,105.6059,1267.08,789.56,27.61,75.39,0.795,Body
err,105.6387,0.86,-2.96
dbg,105.6387,0.9,0.0,-3.0,0.0
det,105.6387,1267.07,789.49,27.58,75.43,0.794,Body
err,105.6705,0.88,-2.89
dbg,105.6705,0.9,0.0,-2.9,0.0
det,105.6705,1267.1,789.57,27.57,75.4,0.795,Body
err,105.707,0.9,-2.89
dbg,105.707,0.9,0.0,-2.9,0.0
det,105.707,1267.11,789.57,27.58,75.36,0.795,Body
err,105.7411,0.88,-2.88
dbg,105.7411,0.9,0.0,-2.9,0.0
det,105.7411,1267.08,789.58,27.61,75.35,0.795,Body
err,105.7749,0.85,-2.95
dbg,105.7749,0.9,0.0,-3.0,0.0
det,105.7749,1267.06,789.51,27.58,75.41,0.794,Body
cmd,105.7749,1,-4
err,105.8094,0.91,-2.9
dbg,105.8094,0.9,0.0,-2.9,0.0
det,105.8094,1267.13,789.56,27.56,75.44,0.796,Body
err,105.8404,0.9,-2.88
dbg,105.8404,0.9,0.0,-2.9,0.0
det,105.8404,1267.1,789.59,27.59,75.35,0.795,Body
err,105.8711,0.88,-2.89
dbg,105.8711,0.9,0.0,-2.9,0.0
det,105.8711,1267.07,789.57,27.63,75.37,0.795,Body
err,105.9049,0.85,-2.96
dbg,105.9049,0.9,0.0,-3.0,0.0
det,105.9049,1267.05,789.5,27.6,75.42,0.794,Body
err,105.9374,0.91,-2.91
dbg,105.9374,0.9,0.0,-2.9,0.0
det,105.9374,1267.11,789.55,27.58,75.44,0.796,Body
err,105.972,0.7,20.64
dbg,105.972,0.7,0.0,20.6,0.0
det,105.972,1267.93,813.49,25.54,71.51,0.651,Body
err,106.0055,1.53,10.82
dbg,106.0055,1.5,0.0,10.8,0.0
det,106.0055,1266.15,802.82,30.76,80.01,0.722,Body
err,106.038,1.2,11.68
dbg,106.038,1.2,0.0,11.7,0.0
det,106.038,1267.99,804.27,26.42,74.09,0.486,Body
err,106.0718,0.98,-18.08
dbg,106.0718,1.0,0.0,-18.1,0.0
det,106.0718,1265.3,771.51,31.37,104.07,0.45,Body
err,106.1721,1.29,-26.86
dbg,106.1721,1.3,0.0,-26.9,0.0
det,106.1721,1264.9,762.46,32.79,106.77,0.718,Body
err,106.2063,1.44,-23.0
dbg,106.2063,1.4,0.0,-23.0,0.0
det,106.2063,1267.26,766.63,28.35,103.76,0.615,Body
err,106.2397,1.43,-16.79
dbg,106.2397,1.4,0.0,-16.8,0.0
det,106.2397,1268.97,773.59,24.93,96.22,0.727,Body
err,106.2743,-0.04,-14.77
dbg,106.2743,-0.0,0.0,-14.8,0.0
det,106.2743,1266.59,775.88,26.73,93.47,0.677,Body
err,106.3085,-0.23,-10.67
dbg,106.3085,-0.2,0.0,-10.7,0.0
det,106.3085,1266.45,780.44,26.64,88.92,0.618,Body
cmd,106.3085,0,-14
err,106.3373,-0.25,-5.32
dbg,106.3373,-0.3,0.0,-5.3,0.0
det,106.3373,1266.46,786.35,26.58,83.34,0.46,Body
err,106.3715,-0.17,-0.94
dbg,106.3715,-0.3,0.0,-5.3,0.0
det,106.3715,1267.17,791.28,25.31,77.79,0.476,Body
err,106.4006,-0.13,-1.6
dbg,106.4006,-0.3,0.0,-5.3,0.0
det,106.4006,1267.23,790.57,25.29,78.3,0.565,Body
err,106.4371,-0.14,-1.53
dbg,106.4371,-0.3,0.0,-5.3,0.0
det,106.4371,1267.18,790.66,25.36,78.13,0.57,Body
err,106.4728,-0.82,-4.78
dbg,106.4728,-0.8,0.0,-4.8,0.0
det,106.4728,1265.56,787.13,27.23,80.95,0.718,Body
err,106.5051,-21.59,-3.68
dbg,106.5051,-21.6,0.0,-3.7,0.0
det,106.5051,1246.31,786.38,23.96,74.06,0.75,Body
det,106.5051,1254.27,788.34,8.27,14.5,0.482,Head
err,106.5383,-41.72,-17.52
dbg,106.5383,-41.7,0.0,-17.5,0.0
det,106.5383,1225.87,771.26,26.81,73.93,0.644,Body
det,106.5383,1232.76,773.59,11.05,16.17,0.421,Head
err,106.572,-51.36,-30.0
dbg,106.572,-51.4,0.0,-30.0,0.0
det,106.572,1215.48,762.65,26.33,73.49,0.714,Body
err,106.604,-52.78,-33.86
dbg,106.604,-52.8,0.0,-33.9,0.0
det,106.604,1214.92,758.49,24.6,76.49,0.722,Body
err,106.6375,-52.76,-33.8
dbg,106.6375,-52.8,0.0,-33.8,0.0
det,106.6375,1214.92,758.56,24.64,76.34,0.722,Body
err,106.6673,-52.74,-33.85
dbg,106.6673,-52.7,0.0,-33.8,0.0
det,106.6673,1214.91,758.51,24.7,76.41,0.722,Body
err,106.7051,-52.76,-33.85
dbg,106.7051,-52.8,0.0,-33.9,0.0
det,106.7051,1214.92,758.5,24.64,76.41,0.722,Body
err,106.7385,-52.78,-33.83
dbg,106.7385,-52.8,0.0,-33.8,0.0
det,106.7385,1214.93,758.52,24.58,76.45,0.722,Body
err,106.7713,-52.77,-33.74
dbg,106.7713,-52.8,0.0,-33.7,0.0
det,106.7713,1214.95,758.64,24.56,76.28,0.722,Body
err,106.8056,-52.74,-33.81
dbg,106.8056,-52.7,0.0,-33.8,0.0
det,106.8056,1214.9,758.54,24.72,76.42,0.722,Body
err,106.838,-52.76,-33.84
dbg,106.838,-52.8,0.0,-33.8,0.0
det,106.838,1214.92,758.52,24.64,76.4,0.723,Body
cmd,106.838,-71,-45
err,106.8748,-52.78,-33.84
dbg,106.8748,-52.8,0.0,-33.8,0.0
det,106.8748,1214.92,758.51,24.6,76.46,0.722,Body
err,106.9071,-52.77,-33.75
dbg,106.9071,-52.8,0.0,-33.7,0.0
det,106.9071,1214.94,758.62,24.58,76.29,0.722,Body
err,106.9387,-52.75,-33.79
dbg,106.9387,-52.7,0.0,-33.8,0.0
det,106.9387,1214.91,758.57,24.69,76.39,0.723,Body
err,106.9706,-52.76,-33.83
dbg,106.9706,-52.8,0.0,-33.8,0.0
det,106.9706,1214.93,758.53,24.62,76.38,0.723,Body
err,107.0039,-52.78,-33.84
dbg,107.0039,-52.8,0.0,-33.8,0.0
det,107.0039,1214.93,758.52,24.59,76.45,0.723,Body
err,107.0392,-52.77,-33.76
dbg,107.0392,-52.8,0.0,-33.8,0.0
det,107.0392,1214.94,758.61,24.59,76.3,0.722,Body
err,107.0718,-52.74,-33.85
dbg,107.0718,-52.7,0.0,-33.8,0.0
det,107.0718,1214.88,758.51,24.74,76.44,0.722,Body
err,107.105,1.32,-1.74
dbg,107.105,1.3,0.0,-1.7,0.0
det,107.105,1268.13,790.65,26.38,76.13,0.791,Body
err,107.137,1.3,-1.8
dbg,107.137,1.3,0.0,-1.8,0.0
det,107.137,1268.08,790.58,26.44,76.21,0.792,Body
err,107.1713,1.34,-1.75
dbg,107.1713,1.3,0.0,-1.8,0.0
det,107.1713,1268.11,790.63,26.45,76.13,0.79,Body
err,107.2077,1.3,-1.75
dbg,107.2077,1.3,0.0,-1.7,0.0
det,107.2077,1268.14,790.64,26.33,76.13,0.791,Body
err,107.2386,1.32,-1.76
dbg,107.2386,1.3,0.0,-1.8,0.0
det,107.2386,1268.1,790.62,26.44,76.18,0.79,Body
err,107.2712,1.3,-1.8
dbg,107.2712,1.3,0.0,-1.8,0.0
det,107.2712,1268.09,790.57,26.42,76.23,0.792,Body
err,107.3071,1.34,-1.76
dbg,107.3071,1.3,0.0,-1.8,0.0
det,107.3071,1268.1,790.63,26.47,76.15,0.79,Body
err,107.3401,1.3,-1.76
dbg,107.3401,1.3,0.0,-1.8,0.0
det,107.3401,1268.11,790.63,26.36,76.15,0.791,Body
cmd,107.3401,2,-2
err,107.3721,1.32,-1.77
dbg,107.3721,1.3,0.0,-1.8,0.0
det,107.3721,1268.09,790.62,26.45,76.18,0.79,Body
err,107.4041,1.29,-1.79
dbg,107.4041,1.3,0.0,-1.8,0.0
det,107.4041,1268.11,790.59,26.37,76.23,0.792,Body
err,107.4379,1.33,-1.76
dbg,107.4379,1.3,0.0,-1.8,0.0
det,107.4379,1268.11,790.63,26.45,76.15,0.791,Body
err,107.4721,-0.2,-3.75
dbg,107.4721,-0.2,0.0,-3.7,0.0
det,107.4721,1267.69,788.23,24.23,80.27,0.724,Body
err,107.504,-0.18,-3.52
dbg,107.504,-0.2,0.0,-3.5,0.0
det,107.504,1267.74,788.48,24.17,80.0,0.721,Body
err,107.5376,-0.22,-3.63
dbg,107.5376,-0.2,0.0,-3.6,0.0
det,107.5376,1267.65,788.35,24.25,80.12,0.723,Body
err,107.571,-0.16,-3.6
dbg,107.571,-0.2,0.0,-3.6,0.0
det,107.571,1267.77,788.39,24.15,80.1,0.721,Body
err,107.6041,-0.2,-3.75
dbg,107.6041,-0.2,0.0,-3.7,0.0
det,107.6041,1267.69,788.22,24.23,80.27,0.724,Body
err,107.6379,-0.17,-3.49
dbg,107.6379,-0.2,0.0,-3.5,0.0
det,107.6379,1267.78,788.51,24.11,79.98,0.72,Body
err,107.6729,-0.21,-3.61
dbg,107.6729,-0.2,0.0,-3.6,0.0
det,107.6729,1267.69,788.37,24.19,80.11,0.722,Body
err,107.7055,-0.15,-3.59
dbg,107.7055,-0.2,0.0,-3.6,0.0
det,107.7055,1267.78,788.4,24.13,80.1,0.72,Body
err,107.7511,-0.16,-3.54
dbg,107.7511,-0.2,0.0,-3.5,0.0
det,107.7511,1267.78,788.46,24.11,80.02,0.721,Body
err,107.7866,-0.15,12.66
dbg,107.7866,-0.2,0.0,12.7,0.0
det,107.7866,1265.46,804.63,28.77,80.28,0.76,Body
err,107.8188,-0.29,14.29
dbg,107.8188,-0.3,0.0,14.3,0.0
det,107.8188,1266.49,806.72,26.44,75.67,0.666,Body
err,107.8504,-0.59,6.97
dbg,107.8504,-0.6,0.0,7.0,0.0
det,107.8504,1267.29,799.18,24.26,77.91,0.374,Body
cmd,107.8504,-1,9
err,107.8833,-0.9,3.25
dbg,107.8833,-0.9,0.0,3.3,0.0
det,107.8833,1266.17,795.21,25.86,80.46,0.729,Body
err,107.9073,-0.84,-2.41
dbg,107.9073,-0.8,0.0,-2.4,0.0
det,107.9073,1267.2,789.28,23.91,83.11,0.65,Body
err,107.9343,-0.23,-4.15
dbg,107.9343,-0.2,0.0,-4.1,0.0
det,107.9343,1267.63,787.74,24.28,81.12,0.72,Body
err,107.967,-0.82,-3.42
dbg,107.967,-0.8,0.0,-3.4,0.0
det,107.967,1267.5,788.57,23.35,80.14,0.667,Body
err,108.001,-0.11,-6.8
dbg,108.001,-0.1,0.0,-6.8,0.0
det,108.001,1267.52,784.76,24.74,84.33,0.735,Body
err,108.0351,-0.91,-5.12
dbg,108.0351,-0.9,0.0,-5.1,0.0
det,108.0351,1266.56,786.63,25.06,82.46,0.721,Body
err,108.0689,-0.43,-5.04
dbg,108.0689,-0.4,0.0,-5.0,0.0
det,108.0689,1267.45,786.78,24.25,81.85,0.723,Body
err,108.1011,-0.45,-4.99
dbg,108.1011,-0.4,0.0,-5.0,0.0
det,108.1011,1267.41,786.83,24.29,81.79,0.724,Body
err,108.1341,-0.42,-4.94
dbg,108.1341,-0.4,0.0,-4.9,0.0
det,108.1341,1267.45,786.89,24.24,81.76,0.721,Body
err,108.1679,-0.49,-4.89
dbg,108.1679,-0.5,0.0,-4.9,0.0
det,108.1679,1267.37,786.94,24.29,81.72,0.724,Body
err,108.2007,-0.42,-5.04
dbg,108.2007,-0.4,0.0,-5.0,0.0
det,108.2007,1267.46,786.78,24.24,81.85,0.723,Body
err,108.234,-0.45,-4.99
dbg,108.234,-0.4,0.0,-5.0,0.0
det,108.234,1267.4,786.83,24.3,81.79,0.725,Body
err,108.2683,-0.24,-5.8
dbg,108.2683,-0.2,0.0,-5.8,0.0
det,108.2683,1266.98,785.91,25.56,82.92,0.707,Body
err,108.3014,28.79,-19.01
dbg,108.3014,28.8,0.0,-19.0,0.0
det,108.3014,1295.21,773.12,27.17,78.71,0.732,Body
err,108.3358,95.05,-65.25
dbg,108.3358,95.1,0.0,-65.3,0.0
det,108.3358,1362.65,726.92,24.8,78.27,0.761,Body
err,109.0349,124.01,-97.38
dbg,109.0349,124.0,0.0,-97.4,0.0
det,109.0349,1390.51,691.03,26.81,81.29,0.697,Body
det,109.0349,1398.59,693.01,10.85,17.47,0.403,Head
cmd,109.0349,100,-78
err,109.0688,80.74,-84.26
dbg,109.0688,80.7,0.0,-84.3,0.0
det,109.0688,1347.01,708.46,27.46,72.88,0.768,Body
err,109.102,62.91,-84.69
dbg,109.102,62.9,0.0,-84.7,0.0
det,109.102,1328.69,707.52,28.44,77.94,0.747,Body
err,109.1362,52.05,-82.83
dbg,109.1362,52.0,0.0,-82.8,0.0
det,109.1362,1318.21,709.48,27.69,76.91,0.786,Body
err,109.1681,-37.06,-21.54
dbg,109.1681,-37.1,0.0,-21.5,0.0
det,109.1681,1231.15,768.35,24.11,77.48,0.757,Body
det,109.1681,1238.66,770.24,8.56,14.93,0.466,Head
err,109.201,-39.71,-19.53
dbg,109.201,-39.7,0.0,-19.5,0.0
det,109.201,1227.98,769.07,24.78,78.63,0.719,Body
det,109.201,1235.32,771.4,9.93,16.49,0.601,Head
err,109.2337,-39.71,-19.51
dbg,109.2337,-39.7,0.0,-19.5,0.0
det,109.2337,1228.01,769.11,24.69,78.58,0.714,Body
det,109.2337,1235.33,771.44,9.92,16.45,0.599,Head
err,109.2665,-36.12,-20.46
dbg,109.2665,-36.1,0.0,-20.5,0.0
det,109.2665,1231.01,771.95,25.74,75.95,0.735,Body
det,109.2665,1238.64,773.55,9.37,15.01,0.38,Head
err,109.2998,-36.12,-20.45
dbg,109.2998,-36.1,0.0,-20.4,0.0
det,109.2998,1231.02,771.97,25.73,75.82,0.734,Body
det,109.2998,1238.63,773.54,9.39,15.02,0.379,Head
err,109.3343,-36.13,-20.45
dbg,109.3343,-36.1,0.0,-20.5,0.0
det,109.3343,1231.05,771.96,25.66,75.82,0.734,Body
det,109.3343,1238.62,773.55,9.39,15.02,0.383,Head
err,109.3717,-36.14,-20.4
dbg,109.3717,-36.1,0.0,-20.4,0.0
det,109.3717,1231.01,772.03,25.7,75.71,0.734,Body
det,109.3717,1238.64,773.59,9.39,15.0,0.377,Head
err,109.4118,-36.12,-20.46
dbg,109.4118,-36.1,0.0,-20.5,0.0
det,109.4118,1230.99,771.94,25.76,75.95,0.735,Body
det,109.4118,1238.63,773.55,9.39,15.02,0.381,Head
err,109.4429,-36.21,-20.35
dbg,109.4429,-36.2,0.0,-20.3,0.0
det,109.4429,1230.65,771.97,26.27,76.79,0.734,Body
det,109.4429,1238.64,773.59,9.39,15.04,0.378,Head
err,109.4699,-36.13,-20.42
dbg,109.4699,-36.1,0.0,-20.4,0.0
det,109.4699,1231.07,772.0,25.61,75.79,0.735,Body
det,109.4699,1238.63,773.57,9.35,14.98,0.38,Head
err,109.5034,-36.14,-20.39
dbg,109.5034,-36.1,0.0,-20.4,0.0
det,109.5034,1231.01,772.04,25.7,75.7,0.734,Body
det,109.5034,1238.63,773.6,9.4,15.01,0.377,Head
err,109.5393,-36.12,-20.45
dbg,109.5393,-36.1,0.0,-20.5,0.0
det,109.5393,1231.0,771.96,25.76,75.94,0.735,Body
det,109.5393,1238.63,773.56,9.39,15.01,0.381,Head
cmd,109.5393,-48,-27
err,109.5722,-36.12,-20.43
dbg,109.5722,-36.1,0.0,-20.4,0.0
det,109.5722,1231.02,771.99,25.73,75.79,0.734,Body
det,109.5722,1238.63,773.55,9.4,15.02,0.379,Head
err,109.6041,-36.13,-20.42
dbg,109.6041,-36.1,0.0,-20.4,0.0
det,109.6041,1231.06,772.0,25.63,75.79,0.735,Body
det,109.6041,1238.63,773.57,9.37,15.0,0.381,Head
err,109.6379,-36.14,-20.4
dbg,109.6379,-36.1,0.0,-20.4,0.0
det,109.6379,1231.0,772.03,25.73,75.71,0.733,Body
det,109.6379,1238.63,773.59,9.42,15.02,0.378,Head
err,109.671,-36.12,-20.46
dbg,109.671,-36.1,0.0,-20.5,0.0
det,109.671,1230.99,771.95,25.77,75.95,0.734,Body
det,109.671,1238.63,773.55,9.4,15.03,0.381,Head
err,109.7063,-36.12,-20.45
dbg,109.7063,-36.1,0.0,-20.4,0.0
det,109.7063,1231.01,771.97,25.76,75.81,0.734,Body
det,109.7063,1238.62,773.53,9.42,15.04,0.38,Head
err,109.7413,-0.23,-5.84
dbg,109.7413,-0.2,0.0,-5.8,0.0
det,109.7413,1266.95,785.87,25.65,82.88,0.706,Body
err,109.7712,-0.26,-5.82
dbg,109.7712,-0.3,0.0,-5.8,0.0
det,109.7712,1266.91,785.9,25.65,82.81,0.703,Body
err,109.8057,-0.26,-5.94
dbg,109.8057,-0.3,0.0,-5.9,0.0
det,109.8057,1266.91,785.76,25.68,83.04,0.703,Body
err,109.8383,-0.27,-5.85
dbg,109.8383,-0.3,0.0,-5.9,0.0
det,109.8383,1266.92,785.85,25.61,82.98,0.703,Body
err,109.8702,-0.23,-5.85
dbg,109.8702,-0.2,0.0,-5.9,0.0
det,109.8702,1266.95,785.86,25.65,82.9,0.705,Body
err,109.9035,-0.26,-5.85
dbg,109.9035,-0.3,0.0,-5.8,0.0
det,109.9035,1266.89,785.87,25.7,82.86,0.704,Body
err,109.9389,-0.25,-5.95
dbg,109.9389,-0.3,0.0,-6.0,0.0
det,109.9389,1266.9,785.74,25.69,83.08,0.704,Body
err,109.9711,-0.27,-5.91
dbg,109.9711,-0.3,0.0,-5.9,0.0
det,109.9711,1266.88,785.78,25.7,83.08,0.702,Body
err,110.0038,-0.23,-5.88
dbg,110.0038,-0.2,0.0,-5.9,0.0
det,110.0038,1266.92,785.83,25.69,82.95,0.703,Body
err,110.0373,-0.27,-5.89
dbg,110.0373,-0.3,0.0,-5.9,0.0
det,110.0373,1266.85,785.82,25.76,82.93,0.701,Body
err,110.0708,-0.26,-5.97
dbg,110.0708,-0.3,0.0,-6.0,0.0
det,110.0708,1266.87,785.71,25.74,83.11,0.704,Body
cmd,110.0708,0,-8
err,110.1039,-0.28,-5.91
dbg,110.1039,-0.3,0.0,-5.9,0.0
det,110.1039,1266.88,785.78,25.68,83.08,0.702,Body
err,110.1403,-0.23,-5.86
dbg,110.1403,-0.2,0.0,-5.9,0.0
det,110.1403,1266.94,785.84,25.66,82.95,0.706,Body
err,110.1718,-0.27,-5.88
dbg,110.1718,-0.3,0.0,-5.9,0.0
det,110.1718,1266.86,785.82,25.74,82.93,0.702,Body
err,110.204,-1.31,0.59
dbg,110.204,-0.3,0.0,-5.9,0.0
det,110.204,1265.0,792.43,27.38,81.61,0.687,Body
err,110.2365,-1.34,0.76
dbg,110.2365,-0.3,0.0,-5.9,0.0
det,110.2365,1264.99,792.62,27.35,81.39,0.687,Body
err,110.2722,-0.94,-0.98
dbg,110.2722,-0.3,0.0,-5.9,0.0
det,110.2722,1266.08,790.58,25.96,84.4,0.696,Body
err,110.337,0.36,15.55
dbg,110.337,0.4,0.0,15.5,0.0
det,110.337,1267.31,807.43,26.11,81.23,0.523,Body
err,110.3702,-0.1,12.48
dbg,110.3702,-0.1,0.0,12.5,0.0
det,110.3702,1267.34,804.33,25.11,81.53,0.466,Body
err,110.404,-0.49,9.39
dbg,110.404,-0.5,0.0,9.4,0.0
det,110.404,1265.29,801.14,28.43,82.51,0.759,Body
err,110.4735,-0.77,2.85
dbg,110.4735,-0.8,0.0,2.8,0.0
det,110.4735,1266.51,794.63,25.44,82.17,0.71,Body
err,110.5077,-0.47,3.88
dbg,110.5077,-0.5,0.0,3.9,0.0
det,110.5077,1267.15,795.85,24.76,80.29,0.553,Body
err,110.5394,-0.58,-4.24
dbg,110.5394,-0.6,0.0,-4.2,0.0
det,110.5394,1265.83,786.86,27.18,88.96,0.666,Body
err,110.5726,-1.38,2.72
dbg,110.5726,-1.4,0.0,2.7,0.0
det,110.5726,1264.11,794.66,29.02,80.58,0.538,Body
cmd,110.5726,-2,4
err,110.618,-1.42,0.55
dbg,110.618,-1.4,0.0,2.7,0.0
det,110.618,1265.03,792.38,27.09,81.74,0.607,Body
err,110.6535,1.5,-2.57
dbg,110.6535,1.5,0.0,-2.6,0.0
det,110.6535,1270.02,789.39,22.96,80.34,0.705,Body
err,110.688,1.5,-2.71
dbg,110.688,1.5,0.0,-2.7,0.0
det,110.688,1270.01,789.24,22.97,80.52,0.709,Body
err,110.7253,1.53,-2.51
dbg,110.7253,1.5,0.0,-2.5,0.0
det,110.7253,1270.09,789.46,22.89,80.29,0.703,Body
err,110.7566,1.53,-2.49
dbg,110.7566,1.5,0.0,-2.5,0.0
det,110.7566,1270.1,789.48,22.86,80.25,0.704,Body
err,110.7854,1.48,-2.52
dbg,110.7854,1.5,0.0,-2.5,0.0
det,110.7854,1270.06,789.46,22.85,80.24,0.707,Body
err,110.8108,1.52,-2.52
dbg,110.8108,1.5,0.0,-2.5,0.0
det,110.8108,1270.1,789.46,22.85,80.27,0.705,Body
err,110.8403,1.84,-8.69
dbg,110.8403,1.8,0.0,-8.7,0.0
det,110.8403,1269.48,783.83,24.71,74.82,0.769,Body
err,110.8737,0.37,-12.68
dbg,110.8737,0.4,0.0,-12.7,0.0
det,110.8737,1268.47,779.93,23.8,73.87,0.66,Body
err,110.9082,-0.95,-16.93
dbg,110.9082,-0.9,0.0,-16.9,0.0
det,110.9082,1265.92,775.25,26.27,78.19,0.709,Body
err,110.9419,-0.29,-18.38
dbg,110.9419,-0.3,0.0,-18.4,0.0
det,110.9419,1266.44,773.73,26.53,78.93,0.754,Body
err,110.9736,1.38,-24.33
dbg,110.9736,1.4,0.0,-24.3,0.0
det,110.9736,1267.42,767.67,27.94,80.03,0.765,Body
err,111.0071,2.6,-25.62
dbg,111.0071,2.6,0.0,-25.6,0.0
det,111.0071,1270.03,766.33,25.13,80.45,0.759,Body
det,111.0071,1278.79,766.8,10.24,18.18,0.354,Head
err,111.0419,4.2,-23.59
dbg,111.0419,4.2,0.0,-23.6,0.0
det,111.0419,1270.33,765.99,26.26,83.4,0.782,Body
det,111.0419,1279.27,766.7,9.86,17.64,0.434,Head
err,111.0736,4.21,-23.51
dbg,111.0736,4.2,0.0,-23.5,0.0
det,111.0736,1270.39,766.08,26.12,83.26,0.781,Body
det,111.0736,1279.29,766.78,9.83,17.65,0.436,Head
cmd,111.0736,6,-31
err,111.1086,4.2,-23.51
dbg,111.1086,4.2,0.0,-23.5,0.0
det,111.1086,1270.34,766.08,26.22,83.44,0.781,Body
det,111.1086,1279.26,766.79,9.86,17.64,0.436,Head
err,111.1436,4.19,-23.58
dbg,111.1436,4.2,0.0,-23.6,0.0
det,111.1436,1270.35,765.99,26.21,83.6,0.781,Body
det,111.1436,1279.25,766.69,9.88,17.7,0.437,Head
err,111.1752,-0.97,-6.83
dbg,111.1752,-1.0,0.0,-6.8,0.0
det,111.1752,1266.37,784.78,25.31,83.84,0.693,Body
err,111.209,-0.96,-6.71
dbg,111.209,-1.0,0.0,-6.7,0.0
det,111.209,1266.46,784.92,25.17,83.69,0.683,Body
err,111.2418,-1.01,-6.76
dbg,111.2418,-1.0,0.0,-6.8,0.0
det,111.2418,1266.38,784.86,25.22,83.82,0.687,Body
err,111.2754,-0.92,-6.84
dbg,111.2754,-0.9,0.0,-6.8,0.0
det,111.2754,1266.48,784.77,25.2,83.94,0.689,Body
err,111.3136,-0.96,-6.74
dbg,111.3136,-1.0,0.0,-6.7,0.0
det,111.3136,1266.45,784.89,25.18,83.7,0.686,Body
err,111.3457,-0.97,-6.72
dbg,111.3457,-1.0,0.0,-6.7,0.0
det,111.3457,1266.44,784.91,25.19,83.69,0.684,Body
err,111.3772,-1.01,-6.77
dbg,111.3772,-1.0,0.0,-6.8,0.0
det,111.3772,1266.36,784.84,25.25,83.83,0.689,Body
err,111.4124,-0.97,-6.74
dbg,111.4124,-1.0,0.0,-6.7,0.0
det,111.4124,1266.4,784.89,25.25,83.68,0.691,Body
err,111.443,-0.97,-6.75
dbg,111.443,-1.0,0.0,-6.8,0.0
det,111.443,1266.43,784.87,25.2,83.71,0.686,Body
err,111.4751,-0.97,-6.73
dbg,111.4751,-1.0,0.0,-6.7,0.0
det,111.4751,1266.42,784.9,25.21,83.69,0.681,Body
err,111.5094,-1.02,-6.77
dbg,111.5094,-1.0,0.0,-6.8,0.0
det,111.5094,1266.36,784.85,25.25,83.81,0.687,Body
err,111.5435,-0.92,-6.81
dbg,111.5435,-0.9,0.0,-6.8,0.0
det,111.5435,1266.49,784.8,25.17,83.88,0.688,Body
err,111.5775,-0.96,-6.7
dbg,111.5775,-1.0,0.0,-6.7,0.0
det,111.5775,1266.48,784.93,25.13,83.65,0.688,Body
cmd,111.5775,-1,-9
err,111.6116,-0.96,-6.69
dbg,111.6116,-1.0,0.0,-6.7,0.0
det,111.6116,1266.46,784.95,25.15,83.63,0.683,Body
err,111.645,-1.01,-6.75
dbg,111.645,-1.0,0.0,-6.7,0.0
det,111.645,1266.39,784.87,25.21,83.77,0.688,Body
err,111.6788,-0.62,0.17
dbg,111.6788,-1.0,0.0,-6.7,0.0
det,111.6788,1266.15,791.74,26.46,84.29,0.433,Body
err,111.7092,-0.63,0.05
dbg,111.7092,-1.0,0.0,-6.7,0.0
det,111.7092,1266.0,791.61,26.74,84.42,0.454,Body
err,111.7414,-0.64,0.34
dbg,111.7414,-1.0,0.0,-6.7,0.0
det,111.7414,1266.05,791.94,26.62,84.04,0.463,Body
err,111.7756,-0.64,0.49
dbg,111.7756,-1.0,0.0,-6.7,0.0
det,111.7756,1266.1,792.09,26.53,83.93,0.457,Body
err,111.8088,-0.63,0.17
dbg,111.8088,-1.0,0.0,-6.7,0.0
det,111.8088,1266.13,791.75,26.49,84.28,0.428,Body
err,111.8432,-0.63,0.06
dbg,111.8432,-1.0,0.0,-6.7,0.0
det,111.8432,1265.99,791.62,26.76,84.4,0.452,Body
err,111.8774,-0.65,0.32
dbg,111.8774,-1.0,0.0,-6.7,0.0
det,111.8774,1266.0,791.91,26.7,84.07,0.458,Body
err,111.9109,-0.63,0.48
dbg,111.9109,-1.0,0.0,-6.7,0.0
det,111.9109,1266.1,792.09,26.54,83.94,0.462,Body
err,111.9443,-0.62,0.17
dbg,111.9443,-1.0,0.0,-6.7,0.0
det,111.9443,1266.15,791.75,26.47,84.27,0.441,Body
err,111.9791,-0.62,0.08
dbg,111.9791,-1.0,0.0,-6.7,0.0
det,111.9791,1266.04,791.64,26.68,84.38,0.471,Body
err,112.0112,-0.64,0.36
dbg,112.0112,-1.0,0.0,-6.7,0.0
det,112.0112,1266.07,791.96,26.58,84.01,0.48,Body
err,112.0435,-0.63,0.52
dbg,112.0435,-1.0,0.0,-6.7,0.0
det,112.0435,1266.14,792.13,26.47,83.9,0.472,Body
err,112.0746,-0.61,0.22
dbg,112.0746,-1.0,0.0,-6.7,0.0
det,112.0746,1266.19,791.8,26.41,84.22,0.448,Body
err,112.1085,-0.62,0.11
dbg,112.1085,-1.0,0.0,-6.7,0.0
det,112.1085,1266.04,791.68,26.68,84.32,0.467,Body
err,112.1433,-0.64,0.39
dbg,112.1433,-1.0,0.0,-6.7,0.0
det,112.1433,1266.08,792.0,26.56,83.95,0.477,Body
err,112.1757,-0.63,0.54
dbg,112.1757,-1.0,0.0,-6.7,0.0
det,112.1757,1266.15,792.15,26.44,83.85,0.473,Body
err,112.2101,-0.29,20.6
dbg,112.2101,-0.3,0.0,20.6,0.0
det,112.2101,1265.79,812.14,27.84,84.57,0.653,Body
cmd,112.2101,0,28
err,112.277,0.3,14.39
dbg,112.277,0.3,0.0,14.4,0.0
det,112.277,1267.41,806.12,25.78,82.63,0.385,Body
err,112.3128,0.87,-12.21
dbg,112.3128,0.9,0.0,-12.2,0.0
det,112.3128,1266.82,779.27,28.1,85.2,0.736,Body
err,112.3462,-0.23,-13.01
dbg,112.3462,-0.2,0.0,-13.0,0.0
det,112.3462,1266.1,778.68,27.36,83.04,0.661,Body
err,112.3829,0.09,-18.11
dbg,112.3829,0.1,0.0,-18.1,0.0
det,112.3829,1266.27,773.3,27.64,85.93,0.793,Body
err,112.4129,-0.73,-17.37
dbg,112.4129,-0.7,0.0,-17.4,0.0
det,112.4129,1266.46,774.52,25.62,81.11,0.725,Body
err,112.4428,-0.33,-17.17
dbg,112.4428,-0.3,0.0,-17.2,0.0
det,112.4428,1267.6,774.86,24.14,79.72,0.714,Body
err,112.4766,-0.04,-16.01
dbg,112.4766,-0.0,0.0,-16.0,0.0
det,112.4766,1267.35,776.24,25.21,77.59,0.678,Body
err,112.5112,-1.21,-14.42
dbg,112.5112,-1.2,0.0,-14.4,0.0
det,112.5112,1266.27,777.99,25.05,75.91,0.549,Body
err,112.5432,-1.87,-27.04
dbg,112.5432,-1.9,0.0,-27.0,0.0
det,112.5432,1263.59,764.5,29.09,84.56,0.756,Body
det,112.5432,1271.04,765.4,10.45,18.81,0.391,Head
err,112.5766,-4.68,-37.63
dbg,112.5766,-4.7,0.0,-37.6,0.0
det,112.5766,1262.73,750.74,24.92,82.24,0.727,Body
det,112.5766,1270.39,752.1,9.87,18.67,0.501,Head
err,112.6096,-8.35,-49.46
dbg,112.6096,-8.4,0.0,-49.5,0.0
det,112.6096,1258.33,738.7,27.29,84.57,0.546,Body
det,112.6096,1266.2,740.81,10.89,17.7,0.47,Head
err,112.6426,-9.26,-53.67
dbg,112.6426,-9.3,0.0,-53.7,0.0
det,112.6426,1257.77,733.63,28.18,82.76,0.697,Body
det,112.6426,1264.93,735.76,11.61,19.22,0.614,Head
err,112.6766,-9.36,-53.7
dbg,112.6766,-9.4,0.0,-53.7,0.0
det,112.6766,1257.65,734.02,27.61,78.98,0.719,Body
det,112.6766,1265.13,735.9,11.02,18.91,0.611,Head
err,112.7094,-9.63,-57.58
dbg,112.7094,-9.6,0.0,-57.6,0.0
det,112.7094,1257.19,730.55,28.72,83.76,0.754,Body
det,112.7094,1264.41,731.98,11.91,18.98,0.623,Head
err,112.7433,-8.93,-58.61
dbg,112.7433,-8.9,0.0,-58.6,0.0
det,112.7433,1256.49,728.22,30.02,82.21,0.755,Body
det,112.7433,1265.17,730.9,11.8,19.07,0.575,Head
cmd,112.7433,-12,-79
err,112.7774,-8.91,-58.55
dbg,112.7774,-8.9,0.0,-58.5,0.0
det,112.7774,1256.48,728.35,30.07,82.11,0.756,Body
det,112.7774,1265.19,730.95,11.79,19.1,0.577,Head
err,112.8135,-8.92,-58.6
dbg,112.8135,-8.9,0.0,-58.6,0.0
det,112.8135,1256.47,728.34,30.1,82.07,0.759,Body
det,112.8135,1265.2,730.93,11.76,19.03,0.577,Head
err,112.8445,-0.54,-4.73
dbg,112.8445,-0.5,0.0,-4.7,0.0
det,112.8445,1267.41,786.88,24.09,83.92,0.551,Body
err,112.8773,-0.46,-4.83
dbg,112.8773,-0.5,0.0,-4.8,0.0
det,112.8773,1267.48,786.78,24.12,83.98,0.561,Body
err,112.9115,-0.47,-4.89
dbg,112.9115,-0.5,0.0,-4.9,0.0
det,112.9115,1267.49,786.7,24.08,84.11,0.552,Body
err,112.9436,-0.51,-4.84
dbg,112.9436,-0.5,0.0,-4.8,0.0
det,112.9436,1267.4,786.76,24.18,84.07,0.55,Body
err,112.9775,-0.56,-4.77
dbg,112.9775,-0.6,0.0,-4.8,0.0
det,112.9775,1267.35,786.83,24.17,83.99,0.539,Body
err,113.0102,-0.47,-4.89
dbg,113.0102,-0.5,0.0,-4.9,0.0
det,113.0102,1267.43,786.7,24.21,84.09,0.557,Body
err,113.0424,-0.46,-4.89
dbg,113.0424,-0.5,0.0,-4.9,0.0
det,113.0424,1267.53,786.7,24.02,84.11,0.559,Body
err,113.0757,-0.5,-4.86
dbg,113.0757,-0.5,0.0,-4.9,0.0
det,113.0757,1267.4,786.73,24.19,84.12,0.552,Body
err,113.1095,-0.55,-4.76
dbg,113.1095,-0.5,0.0,-4.8,0.0
det,113.1095,1267.39,786.85,24.13,83.96,0.544,Body
err,113.1425,-0.46,-4.86
dbg,113.1425,-0.5,0.0,-4.9,0.0
det,113.1425,1267.48,786.74,24.13,84.06,0.565,Body
err,113.1764,-0.45,-4.87
dbg,113.1764,-0.5,0.0,-4.9,0.0
det,113.1764,1267.56,786.73,23.98,84.09,0.563,Body
err,113.2091,-0.49,-4.87
dbg,113.2091,-0.5,0.0,-4.9,0.0
det,113.2091,1267.43,786.71,24.15,84.14,0.559,Body
err,113.2422,-0.54,-4.79
dbg,113.2422,-0.5,0.0,-4.8,0.0
det,113.2422,1267.39,786.81,24.14,84.02,0.55,Body
err,113.276,-0.45,-4.85
dbg,113.276,-0.5,0.0,-4.9,0.0
det,113.276,1267.49,786.74,24.11,84.05,0.566,Body
cmd,113.276,-1,-6
err,113.3104,-0.45,-4.84
dbg,113.3104,-0.4,0.0,-4.8,0.0
det,113.3104,1267.58,786.76,23.94,84.06,0.566,Body
err,113.3436,-0.49,-4.83
dbg,113.3436,-0.5,0.0,-4.8,0.0
det,113.3436,1267.46,786.76,24.1,84.08,0.559,Body
err,113.4144,0.83,3.76
dbg,113.4144,0.8,0.0,3.8,0.0
det,113.4144,1267.63,796.05,26.39,77.06,0.36,Body
err,113.5433,0.82,3.77
dbg,113.5433,0.8,0.0,3.8,0.0
det,113.5433,1267.68,796.06,26.3,77.03,0.367,Body
err,113.6143,0.64,25.62
dbg,113.6143,0.6,0.0,25.6,0.0
det,113.6143,1267.17,817.93,26.94,76.93,0.762,Body
err,113.7117,0.65,11.95
dbg,113.7117,0.6,0.0,11.9,0.0
det,113.7117,1268.05,803.75,25.19,81.99,0.48,Body
err,113.7441,0.97,7.33
dbg,113.7441,1.0,0.0,7.3,0.0
det,113.7441,1266.24,798.92,29.46,84.14,0.757,Body
err,113.7775,0.68,4.88
dbg,113.7775,0.7,0.0,4.9,0.0
det,113.7775,1266.91,796.57,27.55,83.17,0.632,Body
cmd,113.7775,1,7
err,113.8434,0.79,4.53
dbg,113.8434,0.8,0.0,4.5,0.0
det,113.8434,1267.72,796.41,26.14,81.28,0.59,Body
err,113.8768,-0.03,-7.31
dbg,113.8768,-0.0,0.0,-7.3,0.0
det,113.8768,1267.65,783.96,24.64,87.32,0.487,Body
err,114.0806,-8.54,-6.85
dbg,114.0806,-8.5,0.0,-6.9,0.0
det,114.0806,1257.97,782.36,27.44,82.28,0.723,Body
det,114.0806,1265.72,783.21,11.48,18.06,0.602,Head
err,114.1117,-21.12,-23.91
dbg,114.1117,-21.1,0.0,-23.9,0.0
det,114.1117,1246.06,764.34,24.08,85.11,0.725,Body
det,114.1117,1254.45,766.38,8.85,17.66,0.506,Head
err,114.1445,-33.69,-46.05
dbg,114.1445,-33.7,0.0,-46.1,0.0
det,114.1445,1232.16,745.5,28.3,84.49,0.737,Body
err,114.1793,-46.23,-54.82
dbg,114.1793,-46.2,0.0,-54.8,0.0
det,114.1793,1219.62,737.24,28.3,79.35,0.783,Body
err,114.2148,-52.82,-56.59
dbg,114.2148,-52.8,0.0,-56.6,0.0
det,114.2148,1213.87,733.53,25.4,77.59,0.665,Body
det,114.2148,1222.05,734.28,10.27,16.59,0.351,Head
err,114.2461,-52.79,-56.42
dbg,114.2461,-52.8,0.0,-56.4,0.0
det,114.2461,1213.83,733.75,25.49,77.39,0.667,Body
det,114.2461,1222.06,734.45,10.31,16.6,0.353,Head
err,114.2783,-52.81,-56.83
dbg,114.2783,-52.8,0.0,-56.8,0.0
det,114.2783,1213.82,733.12,25.6,78.03,0.669,Body
det,114.2783,1222.02,733.98,10.34,16.71,0.359,Head
cmd,114.2783,-71,-76
err,114.3139,-53.41,-58.7
dbg,114.3139,-53.4,0.0,-58.7,0.0
det,114.3139,1213.9,733.55,25.38,77.5,0.663,Body
err,114.3449,-52.81,-56.61
dbg,114.3449,-52.8,0.0,-56.6,0.0
det,114.3449,1213.85,733.47,25.44,77.65,0.665,Body
det,114.3449,1222.04,734.24,10.29,16.64,0.353,Head
err,114.3799,-0.52,-8.43
dbg,114.3799,-0.5,0.0,-8.4,0.0
det,114.3799,1266.88,782.97,25.21,86.0,0.663,Body
err,114.4152,-0.49,-8.43
dbg,114.4152,-0.5,0.0,-8.4,0.0
det,114.4152,1266.89,782.98,25.22,85.93,0.662,Body
err,114.4453,-0.54,-8.53
dbg,114.4453,-0.5,0.0,-8.5,0.0
det,114.4453,1266.81,782.86,25.3,86.03,0.656,Body
err,114.4802,-0.51,-8.56
dbg,114.4802,-0.5,0.0,-8.6,0.0
det,114.4802,1266.86,782.83,25.27,86.13,0.661,Body
err,114.5123,-0.52,-8.45
dbg,114.5123,-0.5,0.0,-8.4,0.0
det,114.5123,1266.87,782.95,25.22,86.06,0.661,Body
err,114.5455,-0.49,-8.49
dbg,114.5455,-0.5,0.0,-8.5,0.0
det,114.5455,1266.86,782.91,25.29,86.02,0.66,Body
err,114.5786,-0.54,-8.56
dbg,114.5786,-0.5,0.0,-8.6,0.0
det,114.5786,1266.79,782.83,25.34,86.06,0.655,Body
err,114.6133,-0.52,-8.59
dbg,114.6133,-0.5,0.0,-8.6,0.0
det,114.6133,1266.82,782.79,25.32,86.16,0.658,Body
err,114.6459,-0.53,-8.47
dbg,114.6459,-0.5,0.0,-8.5,0.0
det,114.6459,1266.83,782.92,25.28,86.08,0.659,Body
err,114.6803,-0.49,-8.46
dbg,114.6803,-0.5,0.0,-8.5,0.0
det,114.6803,1266.89,782.95,25.24,85.96,0.664,Body
err,114.7136,-0.54,-8.49
dbg,114.7136,-0.5,0.0,-8.5,0.0
det,114.7136,1266.83,782.91,25.25,85.95,0.661,Body
err,114.7454,-0.52,-8.53
dbg,114.7454,-0.5,0.0,-8.5,0.0
det,114.7454,1266.86,782.86,25.25,86.08,0.662,Body
err,114.7774,-0.52,-8.42
dbg,114.7774,-0.5,0.0,-8.4,0.0
det,114.7774,1266.88,782.98,25.2,86.0,0.662,Body
err,114.8279,-0.55,-8.6
dbg,114.8279,-0.6,0.0,-8.6,0.0
det,114.8279,1266.86,782.79,25.19,86.1,0.663,Body
cmd,114.8279,-1,-12
err,114.8622,-0.52,-8.47
dbg,114.8622,-0.5,0.0,-8.5,0.0
det,114.8622,1266.89,782.94,25.17,85.96,0.661,Body
err,114.8949,-0.53,-8.53
dbg,114.8949,-0.5,0.0,-8.5,0.0
det,114.8949,1266.81,782.87,25.33,86.01,0.665,Body
err,114.9283,-0.51,-8.53
dbg,114.9283,-0.5,0.0,-8.5,0.0
det,114.9283,1266.89,782.87,25.21,86.02,0.654,Body
err,114.9606,-0.55,-8.57
dbg,114.9606,-0.6,0.0,-8.6,0.0
det,114.9606,1266.89,782.82,25.12,86.04,0.663,Body
err,114.9947,-0.52,-8.43
dbg,114.9947,-0.5,0.0,-8.4,0.0
det,114.9947,1266.92,782.98,25.13,85.9,0.667,Body
err,115.027,0.92,10.5
dbg,115.027,0.9,0.0,10.5,0.0
det,115.027,1268.45,803.26,24.95,72.42,0.491,Body
err,115.0622,0.87,10.47
dbg,115.0622,0.9,0.0,10.5,0.0
det,115.0622,1268.37,803.22,24.99,72.46,0.495,Body
err,115.0944,0.87,10.32
dbg,115.0944,0.9,0.0,10.3,0.0
det,115.0944,1268.29,803.07,25.17,72.56,0.496,Body
err,115.128,0.87,10.71
dbg,115.128,0.9,0.0,10.7,0.0
det,115.128,1268.32,803.49,25.1,72.19,0.508,Body
err,115.1606,0.93,10.59
dbg,115.1606,0.9,0.0,10.6,0.0
det,115.1606,1268.46,803.36,24.94,72.32,0.494,Body
err,115.1938,0.88,10.61
dbg,115.1938,0.9,0.0,10.6,0.0
det,115.1938,1268.4,803.38,24.95,72.28,0.507,Body
err,115.2295,0.88,10.38
dbg,115.2295,0.9,0.0,10.4,0.0
det,115.2295,1268.28,803.13,25.2,72.51,0.496,Body
err,115.2601,0.88,10.74
dbg,115.2601,0.9,0.0,10.7,0.0
det,115.2601,1268.31,803.52,25.13,72.18,0.51,Body
err,115.2934,0.93,10.67
dbg,115.2934,0.9,0.0,10.7,0.0
det,115.2934,1268.45,803.44,24.97,72.27,0.486,Body
err,115.3277,0.88,10.62
dbg,115.3277,0.9,0.0,10.6,0.0
det,115.3277,1268.38,803.39,24.99,72.32,0.501,Body
err,115.3624,0.88,10.43
dbg,115.3624,0.9,0.0,10.4,0.0
det,115.3624,1268.28,803.18,25.2,72.5,0.499,Body
cmd,115.3624,1,14
err,115.3953,0.87,10.73
dbg,115.3953,0.9,0.0,10.7,0.0
det,115.3953,1268.29,803.5,25.16,72.25,0.508,Body
err,115.4287,0.93,10.76
dbg,115.4287,0.9,0.0,10.8,0.0
det,115.4287,1268.45,803.54,24.96,72.22,0.485,Body
err,115.4997,0.1,6.51
dbg,115.4997,0.1,0.0,6.5,0.0
det,115.4997,1265.23,797.71,29.74,87.99,0.704,Body
err,115.5298,1.03,-13.32
dbg,115.5298,1.0,0.0,-13.3,0.0
det,115.5298,1264.57,775.99,32.93,106.86,0.522,Body
err,115.563,1.02,-14.99
dbg,115.563,1.0,0.0,-15.0,0.0
det,115.563,1265.78,774.72,30.48,102.91,0.531,Body
err,115.5948,0.56,-17.22
dbg,115.5948,0.6,0.0,-17.2,0.0
det,115.5948,1266.83,772.65,27.46,101.36,0.656,Body
err,115.6289,2.46,-19.26
dbg,115.6289,2.5,0.0,-19.3,0.0
det,115.6289,1267.55,770.87,29.83,98.69,0.637,Body
err,115.6611,3.86,-24.9
dbg,115.6611,3.9,0.0,-24.9,0.0
det,115.6611,1266.18,764.55,35.37,105.55,0.728,Body
err,115.6947,1.89,-23.76
dbg,115.6947,1.9,0.0,-23.8,0.0
det,115.6947,1265.11,765.7,33.55,105.38,0.773,Body
err,115.7302,0.76,-22.04
dbg,115.7302,0.8,0.0,-22.0,0.0
det,115.7302,1265.29,767.96,30.95,99.97,0.754,Body
err,115.7625,0.05,-12.92
dbg,115.7625,0.1,0.0,-12.9,0.0
det,115.7625,1264.35,778.11,31.41,89.63,0.755,Body
err,115.8301,-0.07,-9.75
dbg,115.8301,-0.1,0.0,-9.7,0.0
det,115.8301,1264.6,781.72,30.67,85.38,0.76,Body
err,115.8647,0.28,-8.65
dbg,115.8647,0.3,0.0,-8.6,0.0
det,115.8647,1264.71,782.97,31.13,83.87,0.767,Body
cmd,115.8647,0,-12
err,115.8972,0.14,-8.07
dbg,115.8972,0.1,0.0,-8.1,0.0
det,115.8972,1264.81,783.6,30.65,83.29,0.768,Body
err,115.9297,0.2,-10.93
dbg,115.9297,0.2,0.0,-10.9,0.0
det,115.9297,1266.93,780.74,26.56,83.23,0.751,Body
err,115.9621,-0.75,-23.71
dbg,115.9621,-0.8,0.0,-23.7,0.0
det,115.9621,1264.34,767.73,29.81,85.6,0.758,Body
err,115.995,-1.91,-38.66
dbg,115.995,-1.9,0.0,-38.7,0.0
det,115.995,1263.44,753.05,29.3,82.86,0.736,Body
err,116.0291,-1.91,-62.1
dbg,116.0291,-1.9,0.0,-62.1,0.0
det,116.0291,1264.51,729.77,27.15,81.26,0.641,Body
err,116.0632,-3.84,-69.26
dbg,116.0632,-3.8,0.0,-69.3,0.0
det,116.0632,1262.9,719.28,27.73,92.43,0.75,Body
det,116.0632,1270.74,720.25,10.83,19.07,0.48,Head
err,116.0967,-5.75,-75.66
dbg,116.0967,-5.8,0.0,-75.7,0.0
det,116.0967,1261.45,712.17,25.08,95.37,0.695,Body
det,116.0967,1269.46,714.49,9.57,17.92,0.434,Head
err,116.1287,-5.67,-80.85
dbg,116.1287,-5.7,0.0,-80.8,0.0
det,116.1287,1261.71,709.24,25.06,92.81,0.747,Body
det,116.1287,1269.05,709.49,10.57,17.58,0.489,Head
err,116.163,-5.67,-80.81
dbg,116.163,-5.7,0.0,-80.8,0.0
det,116.163,1261.66,709.31,25.12,92.88,0.75,Body
det,116.163,1269.03,709.52,10.59,17.59,0.489,Head
err,116.1979,-5.86,-81.08
dbg,116.1979,-5.9,0.0,-81.1,0.0
det,116.1979,1261.33,708.12,24.95,93.75,0.664,Body
det,116.1979,1268.99,709.04,10.3,17.97,0.454,Head
err,116.2332,-5.89,-81.06
dbg,116.2332,-5.9,0.0,-81.1,0.0
det,116.2332,1261.35,708.15,24.89,93.93,0.672,Body
det,116.2332,1268.96,709.07,10.31,17.94,0.459,Head
err,116.2645,-5.88,-81.07
dbg,116.2645,-5.9,0.0,-81.1,0.0
det,116.2645,1261.36,708.14,24.87,93.87,0.665,Body
det,116.2645,1268.97,709.05,10.3,17.96,0.454,Head
err,116.2987,-5.88,-81.09
dbg,116.2987,-5.9,0.0,-81.1,0.0
det,116.2987,1261.36,708.09,24.81,93.87,0.658,Body
det,116.2987,1268.97,709.02,10.29,17.98,0.453,Head
err,116.3284,-5.86,-81.08
dbg,116.3284,-5.9,0.0,-81.1,0.0
det,116.3284,1261.34,708.12,24.93,93.79,0.664,Body
det,116.3284,1269.0,709.04,10.29,17.96,0.454,Head
err,116.3633,-5.89,-81.06
dbg,116.3633,-5.9,0.0,-81.1,0.0
det,116.3633,1261.36,708.15,24.88,93.95,0.674,Body
det,116.3633,1268.96,709.08,10.3,17.94,0.46,Head
err,116.3949,-5.88,-81.07
dbg,116.3949,-5.9,0.0,-81.1,0.0
det,116.3949,1261.36,708.14,24.86,93.86,0.664,Body
det,116.3949,1268.97,709.05,10.3,17.97,0.453,Head
cmd,116.3949,-8,-109
err,116.4294,-5.88,-81.09
dbg,116.4294,-5.9,0.0,-81.1,0.0
det,116.4294,1261.35,708.09,24.82,93.87,0.66,Body
det,116.4294,1268.97,709.02,10.3,17.98,0.455,Head
err,116.4665,-5.86,-81.08
dbg,116.4665,-5.9,0.0,-81.1,0.0
det,116.4665,1261.33,708.12,24.94,93.75,0.662,Body
det,116.4665,1268.99,709.03,10.3,17.97,0.452,Head
err,116.4966,-5.89,-81.06
dbg,116.4966,-5.9,0.0,-81.1,0.0
det,116.4966,1261.37,708.15,24.87,93.96,0.674,Body
det,116.4966,1268.97,709.08,10.29,17.94,0.46,Head
err,116.5296,-5.88,-81.07
dbg,116.5296,-5.9,0.0,-81.1,0.0
det,116.5296,1261.36,708.12,24.87,93.83,0.662,Body
det,116.5296,1268.97,709.04,10.31,17.98,0.452,Head
err,116.5654,-5.88,-81.09
dbg,116.5654,-5.9,0.0,-81.1,0.0
det,116.5654,1261.35,708.08,24.83,93.79,0.657,Body
det,116.5654,1268.96,709.02,10.31,17.99,0.453,Head
err,116.5953,-5.86,-81.08
dbg,116.5953,-5.9,0.0,-81.1,0.0
det,116.5953,1261.33,708.1,24.94,93.71,0.662,Body
det,116.5953,1268.99,709.03,10.3,17.97,0.453,Head
err,116.6284,-5.89,-81.06
dbg,116.6284,-5.9,0.0,-81.1,0.0
det,116.6284,1261.36,708.13,24.88,93.91,0.67,Body
det,116.6284,1268.96,709.07,10.3,17.95,0.457,Head
err,116.6632,-1.25,0.83
dbg,116.6632,-5.9,0.0,-81.1,0.0
det,116.6632,1266.17,792.45,25.15,83.83,0.663,Body
err,116.6962,-1.2,0.7
dbg,116.6962,-5.9,0.0,-81.1,0.0
det,116.6962,1266.2,792.3,25.19,83.95,0.637,Body
err,116.7295,-1.23,0.88
dbg,116.7295,-5.9,0.0,-81.1,0.0
det,116.7295,1266.2,792.5,25.13,83.83,0.658,Body
err,116.7627,-1.22,0.91
dbg,116.7627,-5.9,0.0,-81.1,0.0
det,116.7627,1266.15,792.53,25.26,83.77,0.656,Body
err,116.7999,-1.26,1.42
dbg,116.7999,-5.9,0.0,-81.1,0.0
det,116.7999,1266.17,793.1,25.14,83.16,0.655,Body
err,116.8324,-1.21,1.74
dbg,116.8324,-1.2,0.0,1.7,0.0
det,116.8324,1266.22,793.47,25.15,82.75,0.623,Body
err,116.8852,-1.21,2.13
dbg,116.8852,-1.2,0.0,2.1,0.0
det,116.8852,1266.23,793.9,25.11,82.37,0.635,Body
err,116.9167,-1.24,2.41
dbg,116.9167,-1.2,0.0,2.4,0.0
det,116.9167,1266.19,794.2,25.15,82.05,0.615,Body
cmd,116.9167,-2,3
err,116.9502,-1.24,3.02
dbg,116.9502,-1.2,0.0,3.0,0.0
det,116.9502,1266.19,794.89,25.14,81.3,0.613,Body
err,116.9825,-1.22,3.4
dbg,116.9825,-1.2,0.0,3.4,0.0
det,116.9825,1266.25,795.31,25.05,80.97,0.605,Body
err,117.0171,-1.21,3.47
dbg,117.0171,-1.2,0.0,3.5,0.0
det,117.0171,1266.25,795.39,25.07,80.81,0.609,Body
err,117.0488,0.79,-2.24
dbg,117.0488,0.8,0.0,-2.2,0.0
det,117.0488,1268.74,789.6,24.1,81.54,0.645,Body
err,117.0797,0.79,-1.9
dbg,117.0797,0.8,0.0,-1.9,0.0
det,117.0797,1268.74,789.99,24.1,81.1,0.624,Body
err,117.1134,0.79,-1.96
dbg,117.1134,0.8,0.0,-2.0,0.0
det,117.1134,1268.74,789.9,24.08,81.39,0.613,Body
err,117.1468,0.82,-2.18
dbg,117.1468,0.8,0.0,-2.2,0.0
det,117.1468,1268.71,789.67,24.21,81.5,0.638,Body
err,117.1821,0.79,-1.96
dbg,117.1821,0.8,0.0,-2.0,0.0
det,117.1821,1268.73,789.92,24.11,81.21,0.642,Body
err,117.2187,1.17,14.78
dbg,117.2187,1.2,0.0,14.8,0.0
det,117.2187,1267.45,806.48,27.44,82.99,0.432,Body
err,117.2508,0.71,13.79
dbg,117.2508,0.7,0.0,13.8,0.0
det,117.2508,1267.66,805.65,26.11,81.37,0.548,Body
err,117.2849,0.87,10.65
dbg,117.2849,0.9,0.0,10.7,0.0
det,117.2849,1268.27,802.47,25.19,81.84,0.686,Body
err,117.3156,0.73,5.75
dbg,117.3156,0.7,0.0,5.8,0.0
det,117.3156,1266.68,797.43,28.1,83.23,0.758,Body
err,117.4135,0.82,-2.09
dbg,117.4135,0.8,0.0,-2.1,0.0
det,117.4135,1268.57,789.67,24.5,82.36,0.398,Body
err,117.4473,0.47,-5.86
dbg,117.4473,0.5,0.0,-5.9,0.0
det,117.4473,1267.15,785.45,26.64,86.91,0.678,Body
cmd,117.4473,1,-8
err,117.4799,0.51,-4.02
dbg,117.4799,0.5,0.0,-4.0,0.0
det,117.4799,1267.76,787.55,25.5,84.34,0.732,Body
err,117.5135,0.69,-3.03
dbg,117.5135,0.7,0.0,-3.0,0.0
det,117.5135,1268.55,788.7,24.27,82.68,0.626,Body
err,117.85,4.32,8.36
dbg,117.85,4.3,0.0,8.4,0.0
det,117.85,1270.78,797.43,26.21,82.7,0.786,Body
det,117.85,1278.93,798.25,10.76,18.38,0.483,Head
err,117.9168,58.0,-4.45
dbg,117.9168,58.0,0.0,-4.5,0.0
det,117.9168,1326.22,784.76,22.77,82.55,0.758,Body
det,117.9168,1333.13,786.22,9.75,16.96,0.594,Head
err,117.9491,60.37,-5.75
dbg,117.9491,60.4,0.0,-5.8,0.0
det,117.9491,1328.2,783.24,27.83,84.21,0.762,Body
det,117.9491,1334.99,784.08,10.76,18.48,0.415,Head
cmd,117.9491,81,-8
err,117.9814,60.37,-5.76
dbg,117.9814,60.4,0.0,-5.8,0.0
det,117.9814,1328.24,783.18,27.74,84.23,0.762,Body
det,117.9814,1334.99,784.07,10.75,18.48,0.414,Head
err,118.0172,60.36,-5.77
dbg,118.0172,60.4,0.0,-5.8,0.0
det,118.0172,1328.19,783.17,27.76,84.24,0.761,Body
det,118.0172,1334.99,784.08,10.73,18.46,0.414,Head
err,118.0485,60.14,-6.03
dbg,118.0485,60.1,0.0,-6.0,0.0
det,118.0485,1327.58,782.85,28.84,84.66,0.747,Body
det,118.0485,1334.68,783.78,10.92,18.52,0.506,Head
err,118.0856,0.73,-3.12
dbg,118.0856,0.7,0.0,-3.1,0.0
det,118.0856,1268.57,788.62,24.32,82.67,0.645,Body
err,118.1158,0.7,-3.04
dbg,118.1158,0.7,0.0,-3.0,0.0
det,118.1158,1268.57,788.7,24.25,82.58,0.657,Body
err,118.151,0.7,-2.92
dbg,118.151,0.7,0.0,-2.9,0.0
det,118.151,1268.54,788.84,24.32,82.38,0.633,Body
err,118.1874,0.7,-2.99
dbg,118.1874,0.7,0.0,-3.0,0.0
det,118.1874,1268.53,788.74,24.34,82.64,0.629,Body
err,118.2239,0.73,-3.11
dbg,118.2239,0.7,0.0,-3.1,0.0
det,118.2239,1268.51,788.63,24.45,82.63,0.644,Body
err,118.2574,0.7,-2.95
dbg,118.2574,0.7,0.0,-3.0,0.0
det,118.2574,1268.53,788.8,24.35,82.44,0.651,Body
err,118.2886,0.7,-2.9
dbg,118.2886,0.7,0.0,-2.9,0.0
det,118.2886,1268.52,788.87,24.36,82.35,0.629,Body
err,118.3204,0.69,-3.0
dbg,118.3204,0.7,0.0,-3.0,0.0
det,118.3204,1268.53,788.74,24.33,82.65,0.629,Body
err,118.3511,0.74,-3.1
dbg,118.3511,0.7,0.0,-3.1,0.0
det,118.3511,1268.54,788.63,24.4,82.64,0.648,Body
err,118.3843,0.7,-2.96
dbg,118.3843,0.7,0.0,-3.0,0.0
det,118.3843,1268.52,788.8,24.36,82.45,0.652,Body
err,118.418,0.7,-2.89
dbg,118.418,0.7,0.0,-2.9,0.0
det,118.418,1268.52,788.87,24.37,82.35,0.627,Body
err,118.4523,0.69,-3.03
dbg,118.4523,0.7,0.0,-3.0,0.0
det,118.4523,1268.49,788.7,24.41,82.71,0.62,Body
cmd,118.4523,1,-4
err,118.4832,0.73,-3.17
dbg,118.4832,0.7,0.0,-3.2,0.0
det,118.4832,1268.5,788.56,24.47,82.75,0.641,Body
err,118.518,0.7,-3.01
dbg,118.518,0.7,0.0,-3.0,0.0
det,118.518,1268.52,788.74,24.37,82.54,0.649,Body
err,118.5489,0.7,-2.94
dbg,118.5489,0.7,0.0,-2.9,0.0
det,118.5489,1268.52,788.82,24.36,82.42,0.627,Body
err,118.584,0.7,-3.06
dbg,118.584,0.7,0.0,-3.1,0.0
det,118.584,1268.53,788.66,24.33,82.77,0.625,Body
err,118.6188,-0.72,3.55
dbg,118.6188,-0.7,0.0,3.6,0.0
det,118.6188,1266.47,795.47,25.63,80.78,0.402,Body
err,118.6513,-0.8,3.4
dbg,118.6513,-0.8,0.0,3.4,0.0
det,118.6513,1266.36,795.3,25.69,80.93,0.429,Body
err,118.6869,-0.79,3.7
dbg,118.6869,-0.8,0.0,3.7,0.0
det,118.6869,1266.42,795.65,25.58,80.5,0.443,Body
err,118.717,-0.79,4.3
dbg,118.717,-0.8,0.0,4.3,0.0
det,118.717,1266.51,796.31,25.39,79.91,0.424,Body
err,118.7519,-0.73,3.65
dbg,118.7519,-0.7,0.0,3.7,0.0
det,118.7519,1266.53,795.59,25.48,80.64,0.415,Body
err,118.7889,-0.81,3.53
dbg,118.7889,-0.8,0.0,3.5,0.0
det,118.7889,1266.43,795.45,25.51,80.77,0.446,Body
err,118.8235,-0.8,3.75
dbg,118.8235,-0.8,0.0,3.8,0.0
det,118.8235,1266.45,795.71,25.51,80.44,0.438,Body
err,118.856,-0.63,19.99
dbg,118.856,-0.6,0.0,20.0,0.0
det,118.856,1266.05,811.78,26.64,82.05,0.579,Body
err,118.9534,-0.47,4.96
dbg,118.9534,-0.5,0.0,5.0,0.0
det,118.9534,1265.02,796.02,29.04,89.37,0.747,Body
cmd,118.9534,-1,7
err,118.9884,-0.32,4.36
dbg,118.9884,-0.3,0.0,4.4,0.0
det,118.9884,1265.18,795.71,29.0,86.53,0.721,Body
err,119.0185,-0.58,5.21
dbg,119.0185,-0.6,0.0,5.2,0.0
det,119.0185,1266.52,796.99,25.79,82.18,0.437,Body
err,119.0833,0.45,-3.87
dbg,119.0833,0.4,0.0,-3.9,0.0
det,119.0833,1268.09,787.95,24.71,81.79,0.564,Body
err,119.1441,0.76,-2.29
dbg,119.1441,0.8,0.0,-2.3,0.0
det,119.1441,1269.29,789.91,22.93,78.05,0.523,Body
err,119.2754,50.28,10.56
dbg,119.2754,50.3,0.0,10.6,0.0
det,119.2754,1317.62,802.47,25.32,80.87,0.78,Body
err,119.3077,142.64,12.57
dbg,119.3077,142.6,0.0,12.6,0.0
det,119.3077,1409.12,804.52,27.05,80.47,0.757,Body
